2026-08-17 09:10:18,092 - INFO - 🔑 Loaded access token from local JSON cache: /Users/kashishbaggafeast/Desktop/Bot/tokens/token_2026-08-17.json
2026-08-17 09:10:18,218 - INFO - ✅ Fyers client initialized successfully
2026-08-17 09:10:18,288 - INFO - ✅ PostgreSQL tables and migrations checked/initialized
2026-08-17 09:10:18,298 - INFO - ✅ Option snapshots & audits converted to hypertables, indexes generated
2026-08-17 09:10:18,340 - INFO - ✅ PostgreSQL / TimescaleDB fully initialized
2026-08-17 09:10:18,341 - INFO - 🔑 Loaded access token from local JSON cache: /Users/kashishbaggafeast/Desktop/Bot/tokens/token_2026-08-17.json
2026-08-17 09:10:18,454 - INFO - ✅ Fyers client initialized successfully
2026-08-17 09:10:18,455 - INFO - 📡 Option warehouse started in background thread (real OI capture)
2026-08-17 09:10:18,455 - INFO - [PreMarketCollector] Started
2026-08-17 09:10:18,455 - INFO - 🌅 Pre-market collector started in background thread
2026-08-17 09:10:18,455 - INFO - 🚀 Option Warehouse (real OI) started for: ['NSE:NIFTY50-INDEX', 'NSE:NIFTYBANK-INDEX']  (interval=60s, depth=5 strikes)
2026-08-17 09:10:18,455 - INFO - 🔑 Loaded access token from local JSON cache: /Users/kashishbaggafeast/Desktop/Bot/tokens/token_2026-08-17.json
2026-08-17 09:10:18,526 - INFO - ✅ TimeOfDayEngine initialized with 75 slots.
2026-08-17 09:10:18,526 - INFO - ✅ TimeOfDayEngine initialized with 75 slots.
2026-08-17 09:10:18,526 - INFO - 🏛️ Structural Decision Engine initialized | Phase 3.2 (Final Polish) Active
2026-08-17 09:10:18,526 - INFO - 🏛️ StructuralStrategy initialized [rvol>=1.0, zone_score>=50.0]
2026-08-17 09:10:18,546 - INFO - 📋 Registered experiment: Structural_v3.2_RVOL1.0 [structural@v3.2] hash=e94c3fcc1fbc618d git=fc33afd
2026-08-17 09:10:18,560 - INFO - 📋 Experiment saved: Structural_v3.2_RVOL1.0 [hash=e94c3fcc1fbc618d git=fc33afd]
2026-08-17 09:10:18,560 - INFO - 🏛️ Structural Decision Engine initialized | Phase 3.2 (Final Polish) Active
2026-08-17 09:10:18,560 - INFO - 🏛️ StructuralStrategy initialized [rvol>=0.8, zone_score>=50.0]
2026-08-17 09:10:18,568 - INFO - 📋 Registered experiment: Structural_v3.2_RVOL0.8 [structural@v3.2] hash=40874fb174f2baa6 git=fc33afd
2026-08-17 09:10:18,575 - INFO - ✅ Fyers client initialized successfully
2026-08-17 09:10:18,581 - INFO - 📋 Experiment saved: Structural_v3.2_RVOL0.8 [hash=40874fb174f2baa6 git=fc33afd]
2026-08-17 09:10:18,590 - INFO - 📋 Registered experiment: EMA_Pullback_20_50_RVOL0.5 [ema_pullback@v1.0] hash=5a4bec1b92d6a585 git=fc33afd
2026-08-17 09:10:18,601 - INFO - 📋 Experiment saved: EMA_Pullback_20_50_RVOL0.5 [hash=5a4bec1b92d6a585 git=fc33afd]
2026-08-17 09:10:18,610 - INFO - 📋 Registered experiment: VWAP_Reversion_1.5ATR_RVOL1.0 [vwap_reversion@v1.0] hash=3d6d96cb21ff71cd git=fc33afd
2026-08-17 09:10:18,621 - INFO - 📋 Experiment saved: VWAP_Reversion_1.5ATR_RVOL1.0 [hash=3d6d96cb21ff71cd git=fc33afd]
2026-08-17 09:10:18,629 - INFO - 📋 Registered experiment: PrevDay_Extremes_RVOL1.2 [prev_day_extremes@v1.0] hash=952708070530c475 git=fc33afd
2026-08-17 09:10:18,641 - INFO - 📋 Experiment saved: PrevDay_Extremes_RVOL1.2 [hash=952708070530c475 git=fc33afd]
2026-08-17 09:10:18,649 - INFO - 📋 Registered experiment: ATR_Squeeze_RVOL1.5 [atr_squeeze@v1.0] hash=a7e6c9da59c6194f git=fc33afd
2026-08-17 09:10:18,660 - INFO - 📋 Experiment saved: ATR_Squeeze_RVOL1.5 [hash=a7e6c9da59c6194f git=fc33afd]
2026-08-17 09:10:18,660 - INFO - 📐 GeometryStrategy initialized [score>=35.0, tol=0.2%, RR>=1.5, trendline_break=True]
2026-08-17 09:10:18,672 - INFO - 📋 Registered experiment: Geometry_v1.0_Score35 [geometry@v1.0] hash=b459af5a6ce8e15c git=fc33afd
2026-08-17 09:10:18,673 - INFO - [PreMarketCollector] NSE:NIFTY50-INDEX prev OHLC: {'pdh': 24405.2, 'pdl': 24296.8, 'prev_close': 24366.0}
2026-08-17 09:10:18,683 - INFO - 📋 Experiment saved: Geometry_v1.0_Score35 [hash=b459af5a6ce8e15c git=fc33afd]
2026-08-17 09:10:18,683 - INFO - 📐 GeometryStrategy initialized [score>=50.0, tol=0.2%, RR>=1.8, trendline_break=True]
2026-08-17 09:10:18,692 - INFO - 📋 Registered experiment: Geometry_v1.0_Score50 [geometry@v1.0] hash=431ce308e16d5c85 git=fc33afd
2026-08-17 09:10:18,703 - INFO - 📋 Experiment saved: Geometry_v1.0_Score50 [hash=431ce308e16d5c85 git=fc33afd]
2026-08-17 09:10:18,703 - INFO - 💧 OrderFlowStrategy initialized [sweep>=0.6, imbalance>=0.55]
2026-08-17 09:10:18,711 - INFO - 📋 Registered experiment: OrderFlow_v1.0 [order_flow@v1.0] hash=be581b5e26fdcef5 git=fc33afd
2026-08-17 09:10:18,722 - INFO - 📋 Experiment saved: OrderFlow_v1.0 [hash=be581b5e26fdcef5 git=fc33afd]
2026-08-17 09:10:18,731 - INFO - 📋 Registered experiment: VWAP_Reclaim_v1.0 [vwap_reclaim@v1.0] hash=5b56271e96b1fee9 git=fc33afd
2026-08-17 09:10:18,742 - INFO - 📋 Experiment saved: VWAP_Reclaim_v1.0 [hash=5b56271e96b1fee9 git=fc33afd]
2026-08-17 09:10:18,750 - INFO - 📋 Registered experiment: CPR_v1.0 [cpr@v1.0] hash=0d2ee99831362dc3 git=fc33afd
2026-08-17 09:10:18,762 - INFO - 📋 Experiment saved: CPR_v1.0 [hash=0d2ee99831362dc3 git=fc33afd]
2026-08-17 09:10:18,770 - INFO - 📋 Registered experiment: GapRegime_v2.0 [gap@v2.0] hash=e1db9a178e20acab git=fc33afd
2026-08-17 09:10:18,782 - INFO - 📋 Experiment saved: GapRegime_v2.0 [hash=e1db9a178e20acab git=fc33afd]
2026-08-17 09:10:18,790 - INFO - 📋 Registered experiment: ORB_60m_IB_RVOL1.2 [orb@v1.0] hash=fb43c099fbb7b444 git=fc33afd
2026-08-17 09:10:18,801 - INFO - 📋 Experiment saved: ORB_60m_IB_RVOL1.2 [hash=fb43c099fbb7b444 git=fc33afd]
2026-08-17 09:10:18,809 - INFO - 📋 Registered experiment: VerticalSpread_v1.0 [vertical_spread@v1.0] hash=ebcc2ee58dde4134 git=fc33afd
2026-08-17 09:10:18,820 - INFO - 📋 Experiment saved: VerticalSpread_v1.0 [hash=ebcc2ee58dde4134 git=fc33afd]
2026-08-17 09:10:18,829 - INFO - 📋 Registered experiment: Straddle_v1.0_VolCompression [straddle_strangle@v1.0] hash=5f6294f74dfd83c4 git=fc33afd
2026-08-17 09:10:18,839 - INFO - 📋 Experiment saved: Straddle_v1.0_VolCompression [hash=5f6294f74dfd83c4 git=fc33afd]
2026-08-17 09:10:18,848 - INFO - 📋 Registered experiment: Strangle_v1.0_VolCompression [straddle_strangle@v1.0] hash=f9e42ca23b1aa8eb git=fc33afd
2026-08-17 09:10:18,858 - INFO - 📋 Experiment saved: Strangle_v1.0_VolCompression [hash=f9e42ca23b1aa8eb git=fc33afd]
2026-08-17 09:10:18,866 - INFO - 📋 Registered experiment: CreditSpread_v1.0_PCRFade [credit_spread@v1.0] hash=28f34815d97f20bf git=fc33afd
2026-08-17 09:10:18,878 - INFO - 📋 Experiment saved: CreditSpread_v1.0_PCRFade [hash=28f34815d97f20bf git=fc33afd]
2026-08-17 09:10:18,879 - INFO - 🧱 OIWallReactionStrategy initialized [breakout_rvol>=1.3, RR>=1.5]
2026-08-17 09:10:18,887 - INFO - 📋 Registered experiment: OIWallReaction_v1.0 [oi_wall_reaction@v1.0] hash=526ec437e2cc75d7 git=fc33afd
2026-08-17 09:10:18,898 - INFO - 📋 Experiment saved: OIWallReaction_v1.0 [hash=526ec437e2cc75d7 git=fc33afd]
2026-08-17 09:10:18,899 - INFO - 🔄 PCRExtremeReversalStrategy initialized [zone_score>=40.0, RR>=1.5]
2026-08-17 09:10:18,907 - INFO - 📋 Registered experiment: PCRExtremeReversal_v1.0 [pcr_extreme_reversal@v1.0] hash=9abdaaa8dd3a448c git=fc33afd
2026-08-17 09:10:18,917 - INFO - 📋 Experiment saved: PCRExtremeReversal_v1.0 [hash=9abdaaa8dd3a448c git=fc33afd]
2026-08-17 09:10:18,926 - INFO - 📋 Registered experiment: IronCondor_v1.0 [iron_condor@v1.0] hash=d7485d3f6100b041 git=fc33afd
2026-08-17 09:10:18,938 - INFO - 📋 Experiment saved: IronCondor_v1.0 [hash=d7485d3f6100b041 git=fc33afd]
2026-08-17 09:10:18,946 - INFO - 📋 Registered experiment: Butterfly_v1.0 [butterfly@v1.0] hash=f5ba21b7b93fb04a git=fc33afd
2026-08-17 09:10:18,956 - INFO - 📋 Experiment saved: Butterfly_v1.0 [hash=f5ba21b7b93fb04a git=fc33afd]
2026-08-17 09:10:18,964 - INFO - 📋 Registered experiment: IronButterfly_v1.0 [iron_butterfly@v1.0] hash=dccda407150f7815 git=fc33afd
2026-08-17 09:10:18,975 - INFO - 📋 Experiment saved: IronButterfly_v1.0 [hash=dccda407150f7815 git=fc33afd]
2026-08-17 09:10:18,984 - INFO - 📋 Registered experiment: OI_Scalping_v1.0 [oi_scalping@v1.0] hash=914bd729f0ba1e61 git=fc33afd
2026-08-17 09:10:18,995 - INFO - 📋 Experiment saved: OI_Scalping_v1.0 [hash=914bd729f0ba1e61 git=fc33afd]
2026-08-17 09:10:19,003 - INFO - 📋 Registered experiment: Consolidation_Breakout_v1.0 [consolidation_breakout@v1.0] hash=04b6e8359925fde8 git=fc33afd
2026-08-17 09:10:19,014 - INFO - 📋 Experiment saved: Consolidation_Breakout_v1.0 [hash=04b6e8359925fde8 git=fc33afd]
2026-08-17 09:10:19,022 - INFO - 📋 Registered experiment: Consolidation_Breakout_Tight_v1.0 [consolidation_breakout@v1.0] hash=7582782e4da6d9c7 git=fc33afd
2026-08-17 09:10:19,033 - INFO - 📋 Experiment saved: Consolidation_Breakout_Tight_v1.0 [hash=7582782e4da6d9c7 git=fc33afd]
2026-08-17 09:10:19,041 - INFO - 📋 Registered experiment: RSI2_MeanReversion_v1.0 [rsi2_mean_reversion@v1.0] hash=53f7fa4994f8b458 git=fc33afd
2026-08-17 09:10:19,052 - INFO - 📋 Experiment saved: RSI2_MeanReversion_v1.0 [hash=53f7fa4994f8b458 git=fc33afd]
2026-08-17 09:10:19,061 - INFO - 📋 Registered experiment: ExpiryAwareTheta_v1.0 [expiry_aware_theta@v1.0] hash=f74844b7423269a9 git=fc33afd
2026-08-17 09:10:19,071 - INFO - 📋 Experiment saved: ExpiryAwareTheta_v1.0 [hash=f74844b7423269a9 git=fc33afd]
2026-08-17 09:10:19,079 - INFO - 📋 Registered experiment: RelativeValue_NIFTY_BANKNIFTY_v1.0 [relative_value_nifty_banknifty@v1.0] hash=53beca865e66d404 git=fc33afd
2026-08-17 09:10:19,090 - INFO - 📋 Experiment saved: RelativeValue_NIFTY_BANKNIFTY_v1.0 [hash=53beca865e66d404 git=fc33afd]
2026-08-17 09:10:19,161 - INFO - 🏛️ Structural Paper Trader Initialized | Active Position Tracking Enabled
2026-08-17 09:10:19,161 - INFO - ⏱️ Aligning scheduler to 30-second grid offset by 5s. Sleeping 16s until 09:10:35 IST...
2026-08-17 09:10:19,689 - INFO - [PreMarketCollector] NSE:NIFTYBANK-INDEX prev OHLC: {'pdh': 57681.45, 'pdl': 57380.45, 'prev_close': 57491.1}
2026-08-17 09:10:19,689 - WARNING - [PreMarketCollector] indicative price fetch failed for NSE:NIFTY50-INDEX: 'FyersClient' object has no attribute 'quotes'
2026-08-17 09:10:19,689 - WARNING - [PreMarketCollector] indicative price fetch failed for NSE:NIFTYBANK-INDEX: 'FyersClient' object has no attribute 'quotes'
2026-08-17 09:10:35,167 - INFO - ⏱️ Scheduler aligned and running. Evaluating positions every 30s, signals on new completed M5 candles.
2026-08-17 09:10:35,167 - INFO - 🔔 [Initial Run] Running full market loop at 09:10:35...
2026-08-17 09:10:35,168 - INFO - --- 09:10:35 Market Pulse ---
2026-08-17 09:10:42,363 - ERROR - [Pipeline] Snapshot computation failed for NSE:NIFTY50-INDEX: 'LevelsView' object has no attribute 'resistance'
Traceback (most recent call last):
  File "/Users/kashishbaggafeast/Desktop/Bot/src/core/indicator_pipeline.py", line 332, in compute
    h1_zones = confirm_zones_with_geometry(h1_zones, geometry_ctx.levels)
  File "/Users/kashishbaggafeast/Desktop/Bot/src/core/zone_engine.py", line 209, in confirm_zones_with_geometry
    composites = levels_view.support() if zone.zone_type == "DEMAND" else levels_view.resistance()
AttributeError: 'LevelsView' object has no attribute 'resistance'
2026-08-17 09:10:42,374 - WARNING - ⚠️ Pipeline returned None for NSE:NIFTY50-INDEX
2026-08-17 09:10:43,646 - ERROR - [Pipeline] Snapshot computation failed for NSE:NIFTYBANK-INDEX: 'LevelsView' object has no attribute 'resistance'
Traceback (most recent call last):
  File "/Users/kashishbaggafeast/Desktop/Bot/src/core/indicator_pipeline.py", line 332, in compute
    h1_zones = confirm_zones_with_geometry(h1_zones, geometry_ctx.levels)
  File "/Users/kashishbaggafeast/Desktop/Bot/src/core/zone_engine.py", line 209, in confirm_zones_with_geometry
    composites = levels_view.support() if zone.zone_type == "DEMAND" else levels_view.resistance()
AttributeError: 'LevelsView' object has no attribute 'resistance'
2026-08-17 09:10:43,646 - WARNING - ⚠️ Pipeline returned None for NSE:NIFTYBANK-INDEX
2026-08-17 09:10:43,647 - INFO - 🧘 Status: Sidelined (No Institutional Alignment)
2026-08-17 09:12:19,698 - WARNING - [PreMarketCollector] indicative price fetch failed for NSE:NIFTY50-INDEX: 'FyersClient' object has no attribute 'quotes'
2026-08-17 09:12:19,698 - WARNING - [PreMarketCollector] indicative price fetch failed for NSE:NIFTYBANK-INDEX: 'FyersClient' object has no attribute 'quotes'
2026-08-17 09:15:00,001 - WARNING - [PreMarketCollector] NSE:NIFTY50-INDEX — no indicative price captured; is_available=False
2026-08-17 09:15:00,002 - WARNING - [PreMarketCollector] NSE:NIFTYBANK-INDEX — no indicative price captured; is_available=False
2026-08-17 09:15:00,002 - INFO - [PreMarketCollector] Sleeping 300s until 09:20 IST (opening data)
2026-08-17 09:15:05,685 - INFO - 🔔 [New Candle Closed] Running entry pipeline for candle 09:15 at 09:15:05...
2026-08-17 09:15:05,686 - INFO - --- 09:15:05 Market Pulse ---
2026-08-17 09:15:13,012 - ERROR - [Pipeline] Snapshot computation failed for NSE:NIFTY50-INDEX: 'LevelsView' object has no attribute 'resistance'
Traceback (most recent call last):
  File "/Users/kashishbaggafeast/Desktop/Bot/src/core/indicator_pipeline.py", line 332, in compute
    h1_zones = confirm_zones_with_geometry(h1_zones, geometry_ctx.levels)
  File "/Users/kashishbaggafeast/Desktop/Bot/src/core/zone_engine.py", line 209, in confirm_zones_with_geometry
    composites = levels_view.support() if zone.zone_type == "DEMAND" else levels_view.resistance()
AttributeError: 'LevelsView' object has no attribute 'resistance'
2026-08-17 09:15:13,012 - WARNING - ⚠️ Pipeline returned None for NSE:NIFTY50-INDEX
2026-08-17 09:15:14,183 - ERROR - [Pipeline] Snapshot computation failed for NSE:NIFTYBANK-INDEX: 'LevelsView' object has no attribute 'resistance'
Traceback (most recent call last):
  File "/Users/kashishbaggafeast/Desktop/Bot/src/core/indicator_pipeline.py", line 332, in compute
    h1_zones = confirm_zones_with_geometry(h1_zones, geometry_ctx.levels)
  File "/Users/kashishbaggafeast/Desktop/Bot/src/core/zone_engine.py", line 209, in confirm_zones_with_geometry
    composites = levels_view.support() if zone.zone_type == "DEMAND" else levels_view.resistance()
AttributeError: 'LevelsView' object has no attribute 'resistance'
2026-08-17 09:15:14,184 - WARNING - ⚠️ Pipeline returned None for NSE:NIFTYBANK-INDEX
2026-08-17 09:15:14,184 - INFO - 🧘 Status: Sidelined (No Institutional Alignment)
2026-08-17 09:15:19,574 - INFO - 📡 Fetching NSE:NIFTY50-INDEX @ 24318  expiry=26818  strikes=ATM±5
2026-08-17 09:15:49,498 - INFO - 📊 Saved 22 snapshots for NSE:NIFTY50-INDEX  (oi range: 66,755–11,505,520)
2026-08-17 09:15:50,588 - INFO - 📡 Fetching NSE:NIFTYBANK-INDEX @ 57248  expiry=26AUG  strikes=ATM±5
2026-08-17 09:16:20,970 - INFO - 📊 Saved 22 snapshots for NSE:NIFTYBANK-INDEX  (oi range: 22,740–954,600)
2026-08-17 09:16:22,070 - INFO - 📡 Fetching NSE:NIFTY50-INDEX @ 24299  expiry=26818  strikes=ATM±5
2026-08-17 09:16:51,966 - INFO - 📊 Saved 22 snapshots for NSE:NIFTY50-INDEX  (oi range: 78,975–12,327,900)
2026-08-17 09:16:53,300 - INFO - 📡 Fetching NSE:NIFTYBANK-INDEX @ 57254  expiry=26AUG  strikes=ATM±5
2026-08-17 09:17:22,941 - INFO - 📊 Saved 22 snapshots for NSE:NIFTYBANK-INDEX  (oi range: 45,630–946,260)
2026-08-17 09:17:24,035 - INFO - 📡 Fetching NSE:NIFTY50-INDEX @ 24294  expiry=26818  strikes=ATM±5
2026-08-17 09:17:53,907 - INFO - 📊 Saved 22 snapshots for NSE:NIFTY50-INDEX  (oi range: 85,865–12,808,575)
2026-08-17 09:17:55,010 - INFO - 📡 Fetching NSE:NIFTYBANK-INDEX @ 57221  expiry=26AUG  strikes=ATM±5
2026-08-17 09:18:24,956 - INFO - 📊 Saved 22 snapshots for NSE:NIFTYBANK-INDEX  (oi range: 23,010–960,330)
2026-08-17 09:18:26,059 - INFO - 📡 Fetching NSE:NIFTY50-INDEX @ 24291  expiry=26818  strikes=ATM±5
2026-08-17 09:18:56,271 - INFO - 📊 Saved 22 snapshots for NSE:NIFTY50-INDEX  (oi range: 91,260–13,158,795)
2026-08-17 09:18:57,373 - INFO - 📡 Fetching NSE:NIFTYBANK-INDEX @ 57252  expiry=26AUG  strikes=ATM±5
2026-08-17 09:19:27,780 - INFO - 📊 Saved 22 snapshots for NSE:NIFTYBANK-INDEX  (oi range: 46,950–966,000)
2026-08-17 09:19:28,883 - INFO - 📡 Fetching NSE:NIFTY50-INDEX @ 24296  expiry=26818  strikes=ATM±5
2026-08-17 09:19:59,990 - INFO - 📊 Saved 22 snapshots for NSE:NIFTY50-INDEX  (oi range: 92,950–13,627,380)
2026-08-17 09:20:00,117 - INFO - [PreMarketCollector] ✅ NSE:NIFTY50-INDEX opening data: direction=DOWN volume=9709793
2026-08-17 09:20:01,384 - INFO - 📡 Fetching NSE:NIFTYBANK-INDEX @ 57291  expiry=26AUG  strikes=ATM±5
2026-08-17 09:20:01,408 - INFO - [PreMarketCollector] ✅ NSE:NIFTYBANK-INDEX opening data: direction=DOWN volume=7793189
2026-08-17 09:20:01,408 - INFO - [PreMarketCollector] Next cycle in 23.6h
2026-08-17 09:20:05,256 - INFO - 🔔 [New Candle Closed] Running entry pipeline for candle 09:20 at 09:20:05...
2026-08-17 09:20:05,257 - INFO - --- 09:20:05 Market Pulse ---
2026-08-17 09:20:12,583 - ERROR - [Pipeline] Snapshot computation failed for NSE:NIFTY50-INDEX: 'LevelsView' object has no attribute 'resistance'
Traceback (most recent call last):
  File "/Users/kashishbaggafeast/Desktop/Bot/src/core/indicator_pipeline.py", line 332, in compute
    h1_zones = confirm_zones_with_geometry(h1_zones, geometry_ctx.levels)
  File "/Users/kashishbaggafeast/Desktop/Bot/src/core/zone_engine.py", line 209, in confirm_zones_with_geometry
    composites = levels_view.support() if zone.zone_type == "DEMAND" else levels_view.resistance()
AttributeError: 'LevelsView' object has no attribute 'resistance'
2026-08-17 09:20:12,584 - WARNING - ⚠️ Pipeline returned None for NSE:NIFTY50-INDEX
2026-08-17 09:20:13,885 - ERROR - [Pipeline] Snapshot computation failed for NSE:NIFTYBANK-INDEX: 'LevelsView' object has no attribute 'resistance'
Traceback (most recent call last):
  File "/Users/kashishbaggafeast/Desktop/Bot/src/core/indicator_pipeline.py", line 332, in compute
    h1_zones = confirm_zones_with_geometry(h1_zones, geometry_ctx.levels)
  File "/Users/kashishbaggafeast/Desktop/Bot/src/core/zone_engine.py", line 209, in confirm_zones_with_geometry
    composites = levels_view.support() if zone.zone_type == "DEMAND" else levels_view.resistance()
AttributeError: 'LevelsView' object has no attribute 'resistance'
2026-08-17 09:20:13,886 - WARNING - ⚠️ Pipeline returned None for NSE:NIFTYBANK-INDEX
2026-08-17 09:20:13,886 - INFO - 🧘 Status: Sidelined (No Institutional Alignment)
2026-08-17 09:20:31,779 - INFO - 📊 Saved 22 snapshots for NSE:NIFTYBANK-INDEX  (oi range: 47,130–969,120)
2026-08-17 09:20:32,871 - INFO - 📡 Fetching NSE:NIFTY50-INDEX @ 24297  expiry=26818  strikes=ATM±5
2026-08-17 09:21:03,092 - INFO - 📊 Saved 22 snapshots for NSE:NIFTY50-INDEX  (oi range: 108,225–14,111,565)
2026-08-17 09:21:04,207 - INFO - 📡 Fetching NSE:NIFTYBANK-INDEX @ 57258  expiry=26AUG  strikes=ATM±5
2026-08-17 09:21:34,435 - INFO - 📊 Saved 22 snapshots for NSE:NIFTYBANK-INDEX  (oi range: 46,770–981,930)
2026-08-17 09:21:35,533 - INFO - 📡 Fetching NSE:NIFTY50-INDEX @ 24308  expiry=26818  strikes=ATM±5
2026-08-17 09:22:06,277 - INFO - 📊 Saved 22 snapshots for NSE:NIFTY50-INDEX  (oi range: 118,235–14,817,855)
2026-08-17 09:22:07,373 - INFO - 📡 Fetching NSE:NIFTYBANK-INDEX @ 57222  expiry=26AUG  strikes=ATM±5
2026-08-17 09:22:37,072 - INFO - 📊 Saved 22 snapshots for NSE:NIFTYBANK-INDEX  (oi range: 23,220–984,390)
2026-08-17 09:22:38,158 - INFO - 📡 Fetching NSE:NIFTY50-INDEX @ 24297  expiry=26818  strikes=ATM±5
2026-08-17 09:23:07,929 - INFO - 📊 Saved 22 snapshots for NSE:NIFTY50-INDEX  (oi range: 118,235–15,695,550)
2026-08-17 09:23:09,029 - INFO - 📡 Fetching NSE:NIFTYBANK-INDEX @ 57213  expiry=26AUG  strikes=ATM±5
2026-08-17 09:23:38,926 - INFO - 📊 Saved 22 snapshots for NSE:NIFTYBANK-INDEX  (oi range: 23,730–985,200)
2026-08-17 09:23:40,015 - INFO - 📡 Fetching NSE:NIFTY50-INDEX @ 24299  expiry=26818  strikes=ATM±5
2026-08-17 09:24:10,390 - INFO - 📊 Saved 22 snapshots for NSE:NIFTY50-INDEX  (oi range: 120,315–16,397,160)
2026-08-17 09:24:11,481 - INFO - 📡 Fetching NSE:NIFTYBANK-INDEX @ 57247  expiry=26AUG  strikes=ATM±5
2026-08-17 09:24:41,762 - INFO - 📊 Saved 22 snapshots for NSE:NIFTYBANK-INDEX  (oi range: 23,820–986,580)
2026-08-17 09:24:42,869 - INFO - 📡 Fetching NSE:NIFTY50-INDEX @ 24302  expiry=26818  strikes=ATM±5
2026-08-17 09:25:05,928 - INFO - 🔔 [New Candle Closed] Running entry pipeline for candle 09:25 at 09:25:05...
2026-08-17 09:25:05,929 - INFO - --- 09:25:05 Market Pulse ---
2026-08-17 09:25:13,173 - INFO - 📊 Saved 22 snapshots for NSE:NIFTY50-INDEX  (oi range: 121,550–16,866,655)
2026-08-17 09:25:13,348 - ERROR - [Pipeline] Snapshot computation failed for NSE:NIFTY50-INDEX: 'LevelsView' object has no attribute 'resistance'
Traceback (most recent call last):
  File "/Users/kashishbaggafeast/Desktop/Bot/src/core/indicator_pipeline.py", line 332, in compute
    h1_zones = confirm_zones_with_geometry(h1_zones, geometry_ctx.levels)
  File "/Users/kashishbaggafeast/Desktop/Bot/src/core/zone_engine.py", line 209, in confirm_zones_with_geometry
    composites = levels_view.support() if zone.zone_type == "DEMAND" else levels_view.resistance()
AttributeError: 'LevelsView' object has no attribute 'resistance'
2026-08-17 09:25:13,349 - WARNING - ⚠️ Pipeline returned None for NSE:NIFTY50-INDEX
2026-08-17 09:25:14,502 - INFO - 📡 Fetching NSE:NIFTYBANK-INDEX @ 57271  expiry=26AUG  strikes=ATM±5
2026-08-17 09:25:14,625 - ERROR - [Pipeline] Snapshot computation failed for NSE:NIFTYBANK-INDEX: 'LevelsView' object has no attribute 'resistance'
Traceback (most recent call last):
  File "/Users/kashishbaggafeast/Desktop/Bot/src/core/indicator_pipeline.py", line 332, in compute
    h1_zones = confirm_zones_with_geometry(h1_zones, geometry_ctx.levels)
  File "/Users/kashishbaggafeast/Desktop/Bot/src/core/zone_engine.py", line 209, in confirm_zones_with_geometry
    composites = levels_view.support() if zone.zone_type == "DEMAND" else levels_view.resistance()
AttributeError: 'LevelsView' object has no attribute 'resistance'
2026-08-17 09:25:14,626 - WARNING - ⚠️ Pipeline returned None for NSE:NIFTYBANK-INDEX
2026-08-17 09:25:14,626 - INFO - 🧘 Status: Sidelined (No Institutional Alignment)
2026-08-17 09:25:44,718 - INFO - 📊 Saved 22 snapshots for NSE:NIFTYBANK-INDEX  (oi range: 46,140–988,320)
2026-08-17 09:25:45,813 - INFO - 📡 Fetching NSE:NIFTY50-INDEX @ 24304  expiry=26818  strikes=ATM±5
2026-08-17 09:26:15,369 - INFO - 📊 Saved 22 snapshots for NSE:NIFTY50-INDEX  (oi range: 121,420–17,179,305)
2026-08-17 09:26:16,473 - INFO - 📡 Fetching NSE:NIFTYBANK-INDEX @ 57297  expiry=26AUG  strikes=ATM±5
2026-08-17 09:26:46,994 - INFO - 📊 Saved 22 snapshots for NSE:NIFTYBANK-INDEX  (oi range: 46,290–991,410)
2026-08-17 09:26:48,087 - INFO - 📡 Fetching NSE:NIFTY50-INDEX @ 24311  expiry=26818  strikes=ATM±5
2026-08-17 09:27:17,960 - INFO - 📊 Saved 22 snapshots for NSE:NIFTY50-INDEX  (oi range: 124,085–17,527,575)
2026-08-17 09:27:19,052 - INFO - 📡 Fetching NSE:NIFTYBANK-INDEX @ 57273  expiry=26AUG  strikes=ATM±5
2026-08-17 09:27:49,079 - INFO - 📊 Saved 22 snapshots for NSE:NIFTYBANK-INDEX  (oi range: 46,290–994,620)
2026-08-17 09:27:50,183 - INFO - 📡 Fetching NSE:NIFTY50-INDEX @ 24301  expiry=26818  strikes=ATM±5
2026-08-17 09:28:19,744 - INFO - 📊 Saved 22 snapshots for NSE:NIFTY50-INDEX  (oi range: 125,515–17,868,305)
2026-08-17 09:28:20,840 - INFO - 📡 Fetching NSE:NIFTYBANK-INDEX @ 57266  expiry=26AUG  strikes=ATM±5
2026-08-17 09:28:51,171 - INFO - 📊 Saved 22 snapshots for NSE:NIFTYBANK-INDEX  (oi range: 45,810–995,190)
2026-08-17 09:28:52,264 - INFO - 📡 Fetching NSE:NIFTY50-INDEX @ 24302  expiry=26818  strikes=ATM±5
2026-08-17 09:29:22,594 - INFO - 📊 Saved 22 snapshots for NSE:NIFTY50-INDEX  (oi range: 129,610–18,387,850)
2026-08-17 09:29:23,684 - INFO - 📡 Fetching NSE:NIFTYBANK-INDEX @ 57262  expiry=26AUG  strikes=ATM±5
2026-08-17 09:29:53,700 - INFO - 📊 Saved 22 snapshots for NSE:NIFTYBANK-INDEX  (oi range: 45,270–991,200)
2026-08-17 09:29:54,800 - INFO - 📡 Fetching NSE:NIFTY50-INDEX @ 24307  expiry=26818  strikes=ATM±5
2026-08-17 09:30:05,697 - INFO - 🔔 [New Candle Closed] Running entry pipeline for candle 09:30 at 09:30:05...
2026-08-17 09:30:05,698 - INFO - --- 09:30:05 Market Pulse ---
2026-08-17 09:30:13,004 - ERROR - [Pipeline] Snapshot computation failed for NSE:NIFTY50-INDEX: 'LevelsView' object has no attribute 'resistance'
Traceback (most recent call last):
  File "/Users/kashishbaggafeast/Desktop/Bot/src/core/indicator_pipeline.py", line 332, in compute
    h1_zones = confirm_zones_with_geometry(h1_zones, geometry_ctx.levels)
  File "/Users/kashishbaggafeast/Desktop/Bot/src/core/zone_engine.py", line 209, in confirm_zones_with_geometry
    composites = levels_view.support() if zone.zone_type == "DEMAND" else levels_view.resistance()
AttributeError: 'LevelsView' object has no attribute 'resistance'
2026-08-17 09:30:13,005 - WARNING - ⚠️ Pipeline returned None for NSE:NIFTY50-INDEX
2026-08-17 09:30:14,304 - ERROR - [Pipeline] Snapshot computation failed for NSE:NIFTYBANK-INDEX: 'LevelsView' object has no attribute 'resistance'
Traceback (most recent call last):
  File "/Users/kashishbaggafeast/Desktop/Bot/src/core/indicator_pipeline.py", line 332, in compute
    h1_zones = confirm_zones_with_geometry(h1_zones, geometry_ctx.levels)
  File "/Users/kashishbaggafeast/Desktop/Bot/src/core/zone_engine.py", line 209, in confirm_zones_with_geometry
    composites = levels_view.support() if zone.zone_type == "DEMAND" else levels_view.resistance()
AttributeError: 'LevelsView' object has no attribute 'resistance'
2026-08-17 09:30:14,304 - WARNING - ⚠️ Pipeline returned None for NSE:NIFTYBANK-INDEX
2026-08-17 09:30:14,305 - INFO - 🧘 Status: Sidelined (No Institutional Alignment)
2026-08-17 09:30:25,715 - INFO - 📊 Saved 22 snapshots for NSE:NIFTY50-INDEX  (oi range: 130,130–18,595,070)
2026-08-17 09:30:26,814 - INFO - 📡 Fetching NSE:NIFTYBANK-INDEX @ 57246  expiry=26AUG  strikes=ATM±5
2026-08-17 09:30:56,879 - INFO - 📊 Saved 22 snapshots for NSE:NIFTYBANK-INDEX  (oi range: 23,160–992,940)
2026-08-17 09:30:57,969 - INFO - 📡 Fetching NSE:NIFTY50-INDEX @ 24296  expiry=26818  strikes=ATM±5
2026-08-17 09:31:28,088 - INFO - 📊 Saved 22 snapshots for NSE:NIFTY50-INDEX  (oi range: 131,105–18,670,080)
2026-08-17 09:31:29,179 - INFO - 📡 Fetching NSE:NIFTYBANK-INDEX @ 57255  expiry=26AUG  strikes=ATM±5
2026-08-17 09:31:59,815 - INFO - 📊 Saved 22 snapshots for NSE:NIFTYBANK-INDEX  (oi range: 45,180–995,250)
2026-08-17 09:32:00,972 - INFO - 📡 Fetching NSE:NIFTY50-INDEX @ 24294  expiry=26818  strikes=ATM±5
2026-08-17 09:32:30,657 - INFO - 📊 Saved 22 snapshots for NSE:NIFTY50-INDEX  (oi range: 135,460–19,087,120)
2026-08-17 09:32:31,755 - INFO - 📡 Fetching NSE:NIFTYBANK-INDEX @ 57255  expiry=26AUG  strikes=ATM±5
2026-08-17 09:33:01,585 - INFO - 📊 Saved 22 snapshots for NSE:NIFTYBANK-INDEX  (oi range: 45,030–995,880)
2026-08-17 09:33:02,674 - INFO - 📡 Fetching NSE:NIFTY50-INDEX @ 24288  expiry=26818  strikes=ATM±5
2026-08-17 09:33:32,517 - INFO - 📊 Saved 22 snapshots for NSE:NIFTY50-INDEX  (oi range: 135,720–18,763,160)
2026-08-17 09:33:33,606 - INFO - 📡 Fetching NSE:NIFTYBANK-INDEX @ 57224  expiry=26AUG  strikes=ATM±5
2026-08-17 09:34:03,278 - INFO - 📊 Saved 22 snapshots for NSE:NIFTYBANK-INDEX  (oi range: 22,530–994,440)
2026-08-17 09:34:04,372 - INFO - 📡 Fetching NSE:NIFTY50-INDEX @ 24285  expiry=26818  strikes=ATM±5
2026-08-17 09:34:34,279 - INFO - 📊 Saved 22 snapshots for NSE:NIFTY50-INDEX  (oi range: 140,660–18,227,235)
2026-08-17 09:34:35,373 - INFO - 📡 Fetching NSE:NIFTYBANK-INDEX @ 57246  expiry=26AUG  strikes=ATM±5
2026-08-17 09:35:05,301 - INFO - 📊 Saved 22 snapshots for NSE:NIFTYBANK-INDEX  (oi range: 22,530–998,940)
2026-08-17 09:35:05,346 - INFO - 🔔 [New Candle Closed] Running entry pipeline for candle 09:35 at 09:35:05...
2026-08-17 09:35:05,347 - INFO - --- 09:35:05 Market Pulse ---
2026-08-17 09:35:06,389 - INFO - 📡 Fetching NSE:NIFTY50-INDEX @ 24288  expiry=26818  strikes=ATM±5
2026-08-17 09:35:12,645 - ERROR - [Pipeline] Snapshot computation failed for NSE:NIFTY50-INDEX: 'LevelsView' object has no attribute 'resistance'
Traceback (most recent call last):
  File "/Users/kashishbaggafeast/Desktop/Bot/src/core/indicator_pipeline.py", line 332, in compute
    h1_zones = confirm_zones_with_geometry(h1_zones, geometry_ctx.levels)
  File "/Users/kashishbaggafeast/Desktop/Bot/src/core/zone_engine.py", line 209, in confirm_zones_with_geometry
    composites = levels_view.support() if zone.zone_type == "DEMAND" else levels_view.resistance()
AttributeError: 'LevelsView' object has no attribute 'resistance'
2026-08-17 09:35:12,646 - WARNING - ⚠️ Pipeline returned None for NSE:NIFTY50-INDEX
2026-08-17 09:35:13,948 - ERROR - [Pipeline] Snapshot computation failed for NSE:NIFTYBANK-INDEX: 'LevelsView' object has no attribute 'resistance'
Traceback (most recent call last):
  File "/Users/kashishbaggafeast/Desktop/Bot/src/core/indicator_pipeline.py", line 332, in compute
    h1_zones = confirm_zones_with_geometry(h1_zones, geometry_ctx.levels)
  File "/Users/kashishbaggafeast/Desktop/Bot/src/core/zone_engine.py", line 209, in confirm_zones_with_geometry
    composites = levels_view.support() if zone.zone_type == "DEMAND" else levels_view.resistance()
AttributeError: 'LevelsView' object has no attribute 'resistance'
2026-08-17 09:35:13,949 - WARNING - ⚠️ Pipeline returned None for NSE:NIFTYBANK-INDEX
2026-08-17 09:35:13,949 - INFO - 🧘 Status: Sidelined (No Institutional Alignment)
2026-08-17 09:35:36,697 - INFO - 📊 Saved 22 snapshots for NSE:NIFTY50-INDEX  (oi range: 148,525–18,884,905)
2026-08-17 09:35:37,783 - INFO - 📡 Fetching NSE:NIFTYBANK-INDEX @ 57245  expiry=26AUG  strikes=ATM±5
2026-08-17 09:36:09,242 - INFO - 📊 Saved 22 snapshots for NSE:NIFTYBANK-INDEX  (oi range: 22,170–1,005,900)
2026-08-17 09:36:10,330 - INFO - 📡 Fetching NSE:NIFTY50-INDEX @ 24293  expiry=26818  strikes=ATM±5
2026-08-17 09:36:39,912 - INFO - 📊 Saved 22 snapshots for NSE:NIFTY50-INDEX  (oi range: 152,750–19,456,320)
2026-08-17 09:36:41,160 - INFO - 📡 Fetching NSE:NIFTYBANK-INDEX @ 57264  expiry=26AUG  strikes=ATM±5
2026-08-17 09:37:10,661 - INFO - 📊 Saved 22 snapshots for NSE:NIFTYBANK-INDEX  (oi range: 45,150–1,008,360)
2026-08-17 09:37:11,921 - INFO - 📡 Fetching NSE:NIFTY50-INDEX @ 24293  expiry=26818  strikes=ATM±5
2026-08-17 09:37:42,026 - INFO - 📊 Saved 22 snapshots for NSE:NIFTY50-INDEX  (oi range: 153,855–19,804,395)
2026-08-17 09:37:43,129 - INFO - 📡 Fetching NSE:NIFTYBANK-INDEX @ 57269  expiry=26AUG  strikes=ATM±5
2026-08-17 09:38:13,324 - INFO - 📊 Saved 22 snapshots for NSE:NIFTYBANK-INDEX  (oi range: 45,120–1,009,560)
2026-08-17 09:38:14,415 - INFO - 📡 Fetching NSE:NIFTY50-INDEX @ 24300  expiry=26818  strikes=ATM±5
2026-08-17 09:38:44,476 - INFO - 📊 Saved 22 snapshots for NSE:NIFTY50-INDEX  (oi range: 154,245–19,747,390)
2026-08-17 09:38:45,576 - INFO - 📡 Fetching NSE:NIFTYBANK-INDEX @ 57288  expiry=26AUG  strikes=ATM±5
2026-08-17 09:39:15,265 - INFO - 📊 Saved 22 snapshots for NSE:NIFTYBANK-INDEX  (oi range: 45,030–1,012,080)
2026-08-17 09:39:16,364 - INFO - 📡 Fetching NSE:NIFTY50-INDEX @ 24299  expiry=26818  strikes=ATM±5
2026-08-17 09:39:46,074 - INFO - 📊 Saved 22 snapshots for NSE:NIFTY50-INDEX  (oi range: 149,110–19,815,380)
2026-08-17 09:39:47,172 - INFO - 📡 Fetching NSE:NIFTYBANK-INDEX @ 57267  expiry=26AUG  strikes=ATM±5
2026-08-17 09:40:05,979 - INFO - 🔔 [New Candle Closed] Running entry pipeline for candle 09:40 at 09:40:05...
2026-08-17 09:40:05,979 - INFO - --- 09:40:05 Market Pulse ---
2026-08-17 09:40:13,258 - ERROR - [Pipeline] Snapshot computation failed for NSE:NIFTY50-INDEX: 'LevelsView' object has no attribute 'resistance'
Traceback (most recent call last):
  File "/Users/kashishbaggafeast/Desktop/Bot/src/core/indicator_pipeline.py", line 332, in compute
    h1_zones = confirm_zones_with_geometry(h1_zones, geometry_ctx.levels)
  File "/Users/kashishbaggafeast/Desktop/Bot/src/core/zone_engine.py", line 209, in confirm_zones_with_geometry
    composites = levels_view.support() if zone.zone_type == "DEMAND" else levels_view.resistance()
AttributeError: 'LevelsView' object has no attribute 'resistance'
2026-08-17 09:40:13,259 - WARNING - ⚠️ Pipeline returned None for NSE:NIFTY50-INDEX
2026-08-17 09:40:14,524 - ERROR - [Pipeline] Snapshot computation failed for NSE:NIFTYBANK-INDEX: 'LevelsView' object has no attribute 'resistance'
Traceback (most recent call last):
  File "/Users/kashishbaggafeast/Desktop/Bot/src/core/indicator_pipeline.py", line 332, in compute
    h1_zones = confirm_zones_with_geometry(h1_zones, geometry_ctx.levels)
  File "/Users/kashishbaggafeast/Desktop/Bot/src/core/zone_engine.py", line 209, in confirm_zones_with_geometry
    composites = levels_view.support() if zone.zone_type == "DEMAND" else levels_view.resistance()
AttributeError: 'LevelsView' object has no attribute 'resistance'
2026-08-17 09:40:14,524 - WARNING - ⚠️ Pipeline returned None for NSE:NIFTYBANK-INDEX
2026-08-17 09:40:14,525 - INFO - 🧘 Status: Sidelined (No Institutional Alignment)
2026-08-17 09:40:16,959 - INFO - 📊 Saved 22 snapshots for NSE:NIFTYBANK-INDEX  (oi range: 45,000–1,014,210)
2026-08-17 09:40:18,067 - INFO - 📡 Fetching NSE:NIFTY50-INDEX @ 24297  expiry=26818  strikes=ATM±5
2026-08-17 09:40:48,171 - INFO - 📊 Saved 22 snapshots for NSE:NIFTY50-INDEX  (oi range: 144,885–19,759,935)
2026-08-17 09:40:49,262 - INFO - 📡 Fetching NSE:NIFTYBANK-INDEX @ 57287  expiry=26AUG  strikes=ATM±5
2026-08-17 09:41:18,824 - INFO - 📊 Saved 22 snapshots for NSE:NIFTYBANK-INDEX  (oi range: 45,000–1,015,800)
2026-08-17 09:41:19,922 - INFO - 📡 Fetching NSE:NIFTY50-INDEX @ 24304  expiry=26818  strikes=ATM±5
2026-08-17 09:41:49,469 - INFO - 📊 Saved 22 snapshots for NSE:NIFTY50-INDEX  (oi range: 144,885–20,045,090)
2026-08-17 09:41:50,568 - INFO - 📡 Fetching NSE:NIFTYBANK-INDEX @ 57333  expiry=26AUG  strikes=ATM±5
2026-08-17 09:42:20,532 - INFO - 📊 Saved 22 snapshots for NSE:NIFTYBANK-INDEX  (oi range: 44,700–1,020,870)
2026-08-17 09:42:21,634 - INFO - 📡 Fetching NSE:NIFTY50-INDEX @ 24310  expiry=26818  strikes=ATM±5
2026-08-17 09:42:52,640 - INFO - 📊 Saved 22 snapshots for NSE:NIFTY50-INDEX  (oi range: 142,870–20,035,275)
2026-08-17 09:42:53,733 - INFO - 📡 Fetching NSE:NIFTYBANK-INDEX @ 57324  expiry=26AUG  strikes=ATM±5
2026-08-17 09:43:23,835 - INFO - 📊 Saved 22 snapshots for NSE:NIFTYBANK-INDEX  (oi range: 44,340–1,019,520)
2026-08-17 09:43:24,937 - INFO - 📡 Fetching NSE:NIFTY50-INDEX @ 24302  expiry=26818  strikes=ATM±5
2026-08-17 09:43:55,213 - INFO - 📊 Saved 22 snapshots for NSE:NIFTY50-INDEX  (oi range: 144,950–20,548,385)
2026-08-17 09:43:56,312 - INFO - 📡 Fetching NSE:NIFTYBANK-INDEX @ 57328  expiry=26AUG  strikes=ATM±5
2026-08-17 09:44:26,013 - INFO - 📊 Saved 22 snapshots for NSE:NIFTYBANK-INDEX  (oi range: 44,580–1,019,760)
2026-08-17 09:44:27,117 - INFO - 📡 Fetching NSE:NIFTY50-INDEX @ 24304  expiry=26818  strikes=ATM±5
2026-08-17 09:44:57,009 - INFO - 📊 Saved 22 snapshots for NSE:NIFTY50-INDEX  (oi range: 145,145–20,825,025)
2026-08-17 09:44:58,358 - INFO - 📡 Fetching NSE:NIFTYBANK-INDEX @ 57321  expiry=26AUG  strikes=ATM±5
2026-08-17 09:45:05,565 - INFO - 🔔 [New Candle Closed] Running entry pipeline for candle 09:45 at 09:45:05...
2026-08-17 09:45:05,565 - INFO - --- 09:45:05 Market Pulse ---
2026-08-17 09:45:12,909 - ERROR - [Pipeline] Snapshot computation failed for NSE:NIFTY50-INDEX: 'LevelsView' object has no attribute 'resistance'
Traceback (most recent call last):
  File "/Users/kashishbaggafeast/Desktop/Bot/src/core/indicator_pipeline.py", line 332, in compute
    h1_zones = confirm_zones_with_geometry(h1_zones, geometry_ctx.levels)
  File "/Users/kashishbaggafeast/Desktop/Bot/src/core/zone_engine.py", line 209, in confirm_zones_with_geometry
    composites = levels_view.support() if zone.zone_type == "DEMAND" else levels_view.resistance()
AttributeError: 'LevelsView' object has no attribute 'resistance'
2026-08-17 09:45:12,909 - WARNING - ⚠️ Pipeline returned None for NSE:NIFTY50-INDEX
2026-08-17 09:45:14,180 - ERROR - [Pipeline] Snapshot computation failed for NSE:NIFTYBANK-INDEX: 'LevelsView' object has no attribute 'resistance'
Traceback (most recent call last):
  File "/Users/kashishbaggafeast/Desktop/Bot/src/core/indicator_pipeline.py", line 332, in compute
    h1_zones = confirm_zones_with_geometry(h1_zones, geometry_ctx.levels)
  File "/Users/kashishbaggafeast/Desktop/Bot/src/core/zone_engine.py", line 209, in confirm_zones_with_geometry
    composites = levels_view.support() if zone.zone_type == "DEMAND" else levels_view.resistance()
AttributeError: 'LevelsView' object has no attribute 'resistance'
2026-08-17 09:45:14,181 - WARNING - ⚠️ Pipeline returned None for NSE:NIFTYBANK-INDEX
2026-08-17 09:45:14,181 - INFO - 🧘 Status: Sidelined (No Institutional Alignment)
2026-08-17 09:45:28,488 - INFO - 📊 Saved 22 snapshots for NSE:NIFTYBANK-INDEX  (oi range: 44,700–1,021,140)
2026-08-17 09:45:29,586 - INFO - 📡 Fetching NSE:NIFTY50-INDEX @ 24302  expiry=26818  strikes=ATM±5
2026-08-17 09:46:00,686 - INFO - 📊 Saved 22 snapshots for NSE:NIFTY50-INDEX  (oi range: 138,775–20,991,230)
2026-08-17 09:46:01,782 - INFO - 📡 Fetching NSE:NIFTYBANK-INDEX @ 57320  expiry=26AUG  strikes=ATM±5
2026-08-17 09:46:32,119 - INFO - 📊 Saved 22 snapshots for NSE:NIFTYBANK-INDEX  (oi range: 44,730–1,021,980)
2026-08-17 09:46:33,217 - INFO - 📡 Fetching NSE:NIFTY50-INDEX @ 24303  expiry=26818  strikes=ATM±5
2026-08-17 09:47:03,286 - INFO - 📊 Saved 22 snapshots for NSE:NIFTY50-INDEX  (oi range: 139,880–21,188,700)
2026-08-17 09:47:04,382 - INFO - 📡 Fetching NSE:NIFTYBANK-INDEX @ 57312  expiry=26AUG  strikes=ATM±5
2026-08-17 09:47:34,251 - INFO - 📊 Saved 22 snapshots for NSE:NIFTYBANK-INDEX  (oi range: 44,880–1,021,350)
2026-08-17 09:47:35,354 - INFO - 📡 Fetching NSE:NIFTY50-INDEX @ 24298  expiry=26818  strikes=ATM±5
2026-08-17 09:48:05,172 - INFO - 📊 Saved 22 snapshots for NSE:NIFTY50-INDEX  (oi range: 140,400–21,103,290)
2026-08-17 09:48:06,262 - INFO - 📡 Fetching NSE:NIFTYBANK-INDEX @ 57294  expiry=26AUG  strikes=ATM±5
2026-08-17 09:48:36,364 - INFO - 📊 Saved 22 snapshots for NSE:NIFTYBANK-INDEX  (oi range: 44,880–1,021,380)
2026-08-17 09:48:37,457 - INFO - 📡 Fetching NSE:NIFTY50-INDEX @ 24299  expiry=26818  strikes=ATM±5
2026-08-17 09:49:07,131 - INFO - 📊 Saved 22 snapshots for NSE:NIFTY50-INDEX  (oi range: 140,010–21,294,975)
2026-08-17 09:49:08,227 - INFO - 📡 Fetching NSE:NIFTYBANK-INDEX @ 57310  expiry=26AUG  strikes=ATM±5
2026-08-17 09:49:37,743 - INFO - 📊 Saved 22 snapshots for NSE:NIFTYBANK-INDEX  (oi range: 44,640–1,020,660)
2026-08-17 09:49:38,845 - INFO - 📡 Fetching NSE:NIFTY50-INDEX @ 24305  expiry=26818  strikes=ATM±5
2026-08-17 09:50:05,241 - INFO - 🔔 [New Candle Closed] Running entry pipeline for candle 09:50 at 09:50:05...
2026-08-17 09:50:05,242 - INFO - --- 09:50:05 Market Pulse ---
2026-08-17 09:50:08,830 - INFO - 📊 Saved 22 snapshots for NSE:NIFTY50-INDEX  (oi range: 141,765–21,123,375)
2026-08-17 09:50:09,931 - INFO - 📡 Fetching NSE:NIFTYBANK-INDEX @ 57318  expiry=26AUG  strikes=ATM±5
2026-08-17 09:50:12,644 - ERROR - [Pipeline] Snapshot computation failed for NSE:NIFTY50-INDEX: 'LevelsView' object has no attribute 'resistance'
Traceback (most recent call last):
  File "/Users/kashishbaggafeast/Desktop/Bot/src/core/indicator_pipeline.py", line 332, in compute
    h1_zones = confirm_zones_with_geometry(h1_zones, geometry_ctx.levels)
  File "/Users/kashishbaggafeast/Desktop/Bot/src/core/zone_engine.py", line 209, in confirm_zones_with_geometry
    composites = levels_view.support() if zone.zone_type == "DEMAND" else levels_view.resistance()
AttributeError: 'LevelsView' object has no attribute 'resistance'
2026-08-17 09:50:12,648 - WARNING - ⚠️ Pipeline returned None for NSE:NIFTY50-INDEX
2026-08-17 09:50:13,986 - ERROR - [Pipeline] Snapshot computation failed for NSE:NIFTYBANK-INDEX: 'LevelsView' object has no attribute 'resistance'
Traceback (most recent call last):
  File "/Users/kashishbaggafeast/Desktop/Bot/src/core/indicator_pipeline.py", line 332, in compute
    h1_zones = confirm_zones_with_geometry(h1_zones, geometry_ctx.levels)
  File "/Users/kashishbaggafeast/Desktop/Bot/src/core/zone_engine.py", line 209, in confirm_zones_with_geometry
    composites = levels_view.support() if zone.zone_type == "DEMAND" else levels_view.resistance()
AttributeError: 'LevelsView' object has no attribute 'resistance'
2026-08-17 09:50:13,988 - WARNING - ⚠️ Pipeline returned None for NSE:NIFTYBANK-INDEX
2026-08-17 09:50:13,988 - INFO - 🧘 Status: Sidelined (No Institutional Alignment)
2026-08-17 09:50:40,988 - INFO - 📊 Saved 22 snapshots for NSE:NIFTYBANK-INDEX  (oi range: 44,580–1,022,550)
2026-08-17 09:50:42,089 - INFO - 📡 Fetching NSE:NIFTY50-INDEX @ 24305  expiry=26818  strikes=ATM±5
2026-08-17 09:51:11,912 - INFO - 📊 Saved 22 snapshots for NSE:NIFTY50-INDEX  (oi range: 140,465–21,470,800)
2026-08-17 09:51:13,003 - INFO - 📡 Fetching NSE:NIFTYBANK-INDEX @ 57311  expiry=26AUG  strikes=ATM±5
2026-08-17 09:51:43,091 - INFO - 📊 Saved 22 snapshots for NSE:NIFTYBANK-INDEX  (oi range: 44,640–1,027,710)
2026-08-17 09:51:44,187 - INFO - 📡 Fetching NSE:NIFTY50-INDEX @ 24307  expiry=26818  strikes=ATM±5
2026-08-17 09:52:13,695 - INFO - 📊 Saved 22 snapshots for NSE:NIFTY50-INDEX  (oi range: 136,370–21,646,560)
2026-08-17 09:52:14,795 - INFO - 📡 Fetching NSE:NIFTYBANK-INDEX @ 57335  expiry=26AUG  strikes=ATM±5
2026-08-17 09:52:45,342 - INFO - 📊 Saved 22 snapshots for NSE:NIFTYBANK-INDEX  (oi range: 44,730–1,027,950)
2026-08-17 09:52:46,434 - INFO - 📡 Fetching NSE:NIFTY50-INDEX @ 24305  expiry=26818  strikes=ATM±5
2026-08-17 09:53:16,289 - INFO - 📊 Saved 22 snapshots for NSE:NIFTY50-INDEX  (oi range: 137,605–21,404,370)
2026-08-17 09:53:17,389 - INFO - 📡 Fetching NSE:NIFTYBANK-INDEX @ 57316  expiry=26AUG  strikes=ATM±5
2026-08-17 09:53:47,331 - INFO - 📊 Saved 22 snapshots for NSE:NIFTYBANK-INDEX  (oi range: 44,880–1,029,420)
2026-08-17 09:53:48,416 - INFO - 📡 Fetching NSE:NIFTY50-INDEX @ 24302  expiry=26818  strikes=ATM±5
2026-08-17 09:54:18,077 - INFO - 📊 Saved 22 snapshots for NSE:NIFTY50-INDEX  (oi range: 137,345–21,616,335)
2026-08-17 09:54:19,360 - INFO - 📡 Fetching NSE:NIFTYBANK-INDEX @ 57284  expiry=26AUG  strikes=ATM±5
2026-08-17 09:54:49,001 - INFO - 📊 Saved 22 snapshots for NSE:NIFTYBANK-INDEX  (oi range: 44,850–1,034,970)
2026-08-17 09:54:50,087 - INFO - 📡 Fetching NSE:NIFTY50-INDEX @ 24300  expiry=26818  strikes=ATM±5
2026-08-17 09:55:05,029 - INFO - 🔔 [New Candle Closed] Running entry pipeline for candle 09:55 at 09:55:05...
2026-08-17 09:55:05,029 - INFO - --- 09:55:05 Market Pulse ---
2026-08-17 09:55:12,332 - ERROR - [Pipeline] Snapshot computation failed for NSE:NIFTY50-INDEX: 'LevelsView' object has no attribute 'resistance'
Traceback (most recent call last):
  File "/Users/kashishbaggafeast/Desktop/Bot/src/core/indicator_pipeline.py", line 332, in compute
    h1_zones = confirm_zones_with_geometry(h1_zones, geometry_ctx.levels)
  File "/Users/kashishbaggafeast/Desktop/Bot/src/core/zone_engine.py", line 209, in confirm_zones_with_geometry
    composites = levels_view.support() if zone.zone_type == "DEMAND" else levels_view.resistance()
AttributeError: 'LevelsView' object has no attribute 'resistance'
2026-08-17 09:55:12,332 - WARNING - ⚠️ Pipeline returned None for NSE:NIFTY50-INDEX
2026-08-17 09:55:13,655 - ERROR - [Pipeline] Snapshot computation failed for NSE:NIFTYBANK-INDEX: 'LevelsView' object has no attribute 'resistance'
Traceback (most recent call last):
  File "/Users/kashishbaggafeast/Desktop/Bot/src/core/indicator_pipeline.py", line 332, in compute
    h1_zones = confirm_zones_with_geometry(h1_zones, geometry_ctx.levels)
  File "/Users/kashishbaggafeast/Desktop/Bot/src/core/zone_engine.py", line 209, in confirm_zones_with_geometry
    composites = levels_view.support() if zone.zone_type == "DEMAND" else levels_view.resistance()
AttributeError: 'LevelsView' object has no attribute 'resistance'
2026-08-17 09:55:13,656 - WARNING - ⚠️ Pipeline returned None for NSE:NIFTYBANK-INDEX
2026-08-17 09:55:13,656 - INFO - 🧘 Status: Sidelined (No Institutional Alignment)
2026-08-17 09:55:20,095 - INFO - 📊 Saved 22 snapshots for NSE:NIFTY50-INDEX  (oi range: 135,525–21,695,440)
2026-08-17 09:55:21,191 - INFO - 📡 Fetching NSE:NIFTYBANK-INDEX @ 57312  expiry=26AUG  strikes=ATM±5
2026-08-17 09:55:51,120 - INFO - 📊 Saved 22 snapshots for NSE:NIFTYBANK-INDEX  (oi range: 44,880–1,036,650)
2026-08-17 09:55:52,210 - INFO - 📡 Fetching NSE:NIFTY50-INDEX @ 24301  expiry=26818  strikes=ATM±5
2026-08-17 09:56:22,174 - INFO - 📊 Saved 22 snapshots for NSE:NIFTY50-INDEX  (oi range: 136,175–21,857,030)
2026-08-17 09:56:23,265 - INFO - 📡 Fetching NSE:NIFTYBANK-INDEX @ 57299  expiry=26AUG  strikes=ATM±5
2026-08-17 09:56:53,043 - INFO - 📊 Saved 22 snapshots for NSE:NIFTYBANK-INDEX  (oi range: 44,880–1,039,590)
2026-08-17 09:56:54,172 - INFO - 📡 Fetching NSE:NIFTY50-INDEX @ 24294  expiry=26818  strikes=ATM±5
2026-08-17 09:57:24,196 - INFO - 📊 Saved 22 snapshots for NSE:NIFTY50-INDEX  (oi range: 137,735–21,881,795)
2026-08-17 09:57:25,281 - INFO - 📡 Fetching NSE:NIFTYBANK-INDEX @ 57312  expiry=26AUG  strikes=ATM±5
2026-08-17 09:57:55,420 - INFO - 📊 Saved 22 snapshots for NSE:NIFTYBANK-INDEX  (oi range: 44,730–1,043,160)
2026-08-17 09:57:56,516 - INFO - 📡 Fetching NSE:NIFTY50-INDEX @ 24294  expiry=26818  strikes=ATM±5
2026-08-17 09:58:26,227 - INFO - 📊 Saved 22 snapshots for NSE:NIFTY50-INDEX  (oi range: 141,115–21,983,260)
2026-08-17 09:58:27,320 - INFO - 📡 Fetching NSE:NIFTYBANK-INDEX @ 57304  expiry=26AUG  strikes=ATM±5
2026-08-17 09:58:57,367 - INFO - 📊 Saved 22 snapshots for NSE:NIFTYBANK-INDEX  (oi range: 44,550–1,045,560)
2026-08-17 09:58:58,467 - INFO - 📡 Fetching NSE:NIFTY50-INDEX @ 24291  expiry=26818  strikes=ATM±5
2026-08-17 09:59:28,462 - INFO - 📊 Saved 22 snapshots for NSE:NIFTY50-INDEX  (oi range: 141,830–22,303,580)
2026-08-17 09:59:29,561 - INFO - 📡 Fetching NSE:NIFTYBANK-INDEX @ 57301  expiry=26AUG  strikes=ATM±5
2026-08-17 09:59:59,555 - INFO - 📊 Saved 22 snapshots for NSE:NIFTYBANK-INDEX  (oi range: 44,580–1,045,890)
2026-08-17 10:00:00,647 - INFO - 📡 Fetching NSE:NIFTY50-INDEX @ 24284  expiry=26818  strikes=ATM±5
2026-08-17 10:00:05,706 - INFO - 🔔 [New Candle Closed] Running entry pipeline for candle 10:00 at 10:00:05...
2026-08-17 10:00:05,707 - INFO - --- 10:00:05 Market Pulse ---
2026-08-17 10:00:13,146 - ERROR - [Pipeline] Snapshot computation failed for NSE:NIFTY50-INDEX: 'LevelsView' object has no attribute 'resistance'
Traceback (most recent call last):
  File "/Users/kashishbaggafeast/Desktop/Bot/src/core/indicator_pipeline.py", line 332, in compute
    h1_zones = confirm_zones_with_geometry(h1_zones, geometry_ctx.levels)
  File "/Users/kashishbaggafeast/Desktop/Bot/src/core/zone_engine.py", line 209, in confirm_zones_with_geometry
    composites = levels_view.support() if zone.zone_type == "DEMAND" else levels_view.resistance()
AttributeError: 'LevelsView' object has no attribute 'resistance'
2026-08-17 10:00:13,147 - WARNING - ⚠️ Pipeline returned None for NSE:NIFTY50-INDEX
2026-08-17 10:00:14,497 - ERROR - [Pipeline] Snapshot computation failed for NSE:NIFTYBANK-INDEX: 'LevelsView' object has no attribute 'resistance'
Traceback (most recent call last):
  File "/Users/kashishbaggafeast/Desktop/Bot/src/core/indicator_pipeline.py", line 332, in compute
    h1_zones = confirm_zones_with_geometry(h1_zones, geometry_ctx.levels)
  File "/Users/kashishbaggafeast/Desktop/Bot/src/core/zone_engine.py", line 209, in confirm_zones_with_geometry
    composites = levels_view.support() if zone.zone_type == "DEMAND" else levels_view.resistance()
AttributeError: 'LevelsView' object has no attribute 'resistance'
2026-08-17 10:00:14,498 - WARNING - ⚠️ Pipeline returned None for NSE:NIFTYBANK-INDEX
2026-08-17 10:00:14,498 - INFO - 🧘 Status: Sidelined (No Institutional Alignment)
2026-08-17 10:00:30,291 - INFO - 📊 Saved 22 snapshots for NSE:NIFTY50-INDEX  (oi range: 141,830–22,753,835)
2026-08-17 10:00:31,376 - INFO - 📡 Fetching NSE:NIFTYBANK-INDEX @ 57287  expiry=26AUG  strikes=ATM±5
2026-08-17 10:01:01,101 - INFO - 📊 Saved 22 snapshots for NSE:NIFTYBANK-INDEX  (oi range: 44,610–1,046,130)
2026-08-17 10:01:02,199 - INFO - 📡 Fetching NSE:NIFTY50-INDEX @ 24286  expiry=26818  strikes=ATM±5
2026-08-17 10:01:31,952 - INFO - 📊 Saved 22 snapshots for NSE:NIFTY50-INDEX  (oi range: 144,365–23,550,865)
2026-08-17 10:01:33,052 - INFO - 📡 Fetching NSE:NIFTYBANK-INDEX @ 57298  expiry=26AUG  strikes=ATM±5
2026-08-17 10:02:02,825 - INFO - 📊 Saved 22 snapshots for NSE:NIFTYBANK-INDEX  (oi range: 44,640–1,047,120)
2026-08-17 10:02:03,923 - INFO - 📡 Fetching NSE:NIFTY50-INDEX @ 24294  expiry=26818  strikes=ATM±5
2026-08-17 10:02:33,669 - INFO - 📊 Saved 22 snapshots for NSE:NIFTY50-INDEX  (oi range: 147,485–24,058,515)
2026-08-17 10:02:34,768 - INFO - 📡 Fetching NSE:NIFTYBANK-INDEX @ 57308  expiry=26AUG  strikes=ATM±5
2026-08-17 10:03:04,611 - INFO - 📊 Saved 22 snapshots for NSE:NIFTYBANK-INDEX  (oi range: 44,640–1,049,400)
2026-08-17 10:03:05,709 - INFO - 📡 Fetching NSE:NIFTY50-INDEX @ 24290  expiry=26818  strikes=ATM±5
2026-08-17 10:03:35,407 - INFO - 📊 Saved 22 snapshots for NSE:NIFTY50-INDEX  (oi range: 149,695–24,249,745)
2026-08-17 10:03:36,502 - INFO - 📡 Fetching NSE:NIFTYBANK-INDEX @ 57293  expiry=26AUG  strikes=ATM±5
2026-08-17 10:04:06,555 - INFO - 📊 Saved 22 snapshots for NSE:NIFTYBANK-INDEX  (oi range: 44,580–1,050,480)
2026-08-17 10:04:07,642 - INFO - 📡 Fetching NSE:NIFTY50-INDEX @ 24289  expiry=26818  strikes=ATM±5
2026-08-17 10:04:37,364 - INFO - 📊 Saved 22 snapshots for NSE:NIFTY50-INDEX  (oi range: 154,115–24,438,895)
2026-08-17 10:04:38,460 - INFO - 📡 Fetching NSE:NIFTYBANK-INDEX @ 57293  expiry=26AUG  strikes=ATM±5
2026-08-17 10:05:05,577 - INFO - 🔔 [New Candle Closed] Running entry pipeline for candle 10:05 at 10:05:05...
2026-08-17 10:05:05,577 - INFO - --- 10:05:05 Market Pulse ---
2026-08-17 10:05:08,791 - INFO - 📊 Saved 22 snapshots for NSE:NIFTYBANK-INDEX  (oi range: 44,580–1,050,750)
2026-08-17 10:05:09,891 - INFO - 📡 Fetching NSE:NIFTY50-INDEX @ 24291  expiry=26818  strikes=ATM±5
2026-08-17 10:05:12,980 - ERROR - [Pipeline] Snapshot computation failed for NSE:NIFTY50-INDEX: 'LevelsView' object has no attribute 'resistance'
Traceback (most recent call last):
  File "/Users/kashishbaggafeast/Desktop/Bot/src/core/indicator_pipeline.py", line 332, in compute
    h1_zones = confirm_zones_with_geometry(h1_zones, geometry_ctx.levels)
  File "/Users/kashishbaggafeast/Desktop/Bot/src/core/zone_engine.py", line 209, in confirm_zones_with_geometry
    composites = levels_view.support() if zone.zone_type == "DEMAND" else levels_view.resistance()
AttributeError: 'LevelsView' object has no attribute 'resistance'
2026-08-17 10:05:12,980 - WARNING - ⚠️ Pipeline returned None for NSE:NIFTY50-INDEX
2026-08-17 10:05:14,369 - ERROR - [Pipeline] Snapshot computation failed for NSE:NIFTYBANK-INDEX: 'LevelsView' object has no attribute 'resistance'
Traceback (most recent call last):
  File "/Users/kashishbaggafeast/Desktop/Bot/src/core/indicator_pipeline.py", line 332, in compute
    h1_zones = confirm_zones_with_geometry(h1_zones, geometry_ctx.levels)
  File "/Users/kashishbaggafeast/Desktop/Bot/src/core/zone_engine.py", line 209, in confirm_zones_with_geometry
    composites = levels_view.support() if zone.zone_type == "DEMAND" else levels_view.resistance()
AttributeError: 'LevelsView' object has no attribute 'resistance'
2026-08-17 10:05:14,370 - WARNING - ⚠️ Pipeline returned None for NSE:NIFTYBANK-INDEX
2026-08-17 10:05:14,370 - INFO - 🧘 Status: Sidelined (No Institutional Alignment)
2026-08-17 10:05:40,167 - INFO - 📊 Saved 22 snapshots for NSE:NIFTY50-INDEX  (oi range: 155,870–24,592,035)
2026-08-17 10:05:41,261 - INFO - 📡 Fetching NSE:NIFTYBANK-INDEX @ 57296  expiry=26AUG  strikes=ATM±5
2026-08-17 10:06:11,793 - INFO - 📊 Saved 22 snapshots for NSE:NIFTYBANK-INDEX  (oi range: 44,640–1,053,060)
2026-08-17 10:06:12,894 - INFO - 📡 Fetching NSE:NIFTY50-INDEX @ 24289  expiry=26818  strikes=ATM±5
2026-08-17 10:06:43,253 - INFO - 📊 Saved 22 snapshots for NSE:NIFTY50-INDEX  (oi range: 157,235–24,962,600)
2026-08-17 10:06:44,354 - INFO - 📡 Fetching NSE:NIFTYBANK-INDEX @ 57299  expiry=26AUG  strikes=ATM±5
2026-08-17 10:07:13,914 - INFO - 📊 Saved 22 snapshots for NSE:NIFTYBANK-INDEX  (oi range: 44,850–1,054,920)
2026-08-17 10:07:15,020 - INFO - 📡 Fetching NSE:NIFTY50-INDEX @ 24292  expiry=26818  strikes=ATM±5
2026-08-17 10:07:47,028 - INFO - 📊 Saved 22 snapshots for NSE:NIFTY50-INDEX  (oi range: 157,235–24,962,860)
2026-08-17 10:07:48,125 - INFO - 📡 Fetching NSE:NIFTYBANK-INDEX @ 57286  expiry=26AUG  strikes=ATM±5
2026-08-17 10:08:17,854 - INFO - 📊 Saved 22 snapshots for NSE:NIFTYBANK-INDEX  (oi range: 44,820–1,056,000)
2026-08-17 10:08:18,947 - INFO - 📡 Fetching NSE:NIFTY50-INDEX @ 24288  expiry=26818  strikes=ATM±5
2026-08-17 10:08:48,498 - INFO - 📊 Saved 22 snapshots for NSE:NIFTY50-INDEX  (oi range: 156,585–25,095,265)
2026-08-17 10:08:49,591 - INFO - 📡 Fetching NSE:NIFTYBANK-INDEX @ 57300  expiry=26AUG  strikes=ATM±5
2026-08-17 10:09:19,341 - INFO - 📊 Saved 22 snapshots for NSE:NIFTYBANK-INDEX  (oi range: 44,700–1,057,020)
2026-08-17 10:09:20,607 - INFO - 📡 Fetching NSE:NIFTY50-INDEX @ 24292  expiry=26818  strikes=ATM±5
2026-08-17 10:09:50,294 - INFO - 📊 Saved 22 snapshots for NSE:NIFTY50-INDEX  (oi range: 160,225–25,248,990)
2026-08-17 10:09:51,387 - INFO - 📡 Fetching NSE:NIFTYBANK-INDEX @ 57303  expiry=26AUG  strikes=ATM±5
2026-08-17 10:10:05,416 - INFO - 🔔 [New Candle Closed] Running entry pipeline for candle 10:10 at 10:10:05...
2026-08-17 10:10:05,417 - INFO - --- 10:10:05 Market Pulse ---
2026-08-17 10:10:12,806 - ERROR - [Pipeline] Snapshot computation failed for NSE:NIFTY50-INDEX: 'LevelsView' object has no attribute 'resistance'
Traceback (most recent call last):
  File "/Users/kashishbaggafeast/Desktop/Bot/src/core/indicator_pipeline.py", line 332, in compute
    h1_zones = confirm_zones_with_geometry(h1_zones, geometry_ctx.levels)
  File "/Users/kashishbaggafeast/Desktop/Bot/src/core/zone_engine.py", line 209, in confirm_zones_with_geometry
    composites = levels_view.support() if zone.zone_type == "DEMAND" else levels_view.resistance()
AttributeError: 'LevelsView' object has no attribute 'resistance'
2026-08-17 10:10:12,808 - WARNING - ⚠️ Pipeline returned None for NSE:NIFTY50-INDEX
2026-08-17 10:10:14,155 - ERROR - [Pipeline] Snapshot computation failed for NSE:NIFTYBANK-INDEX: 'LevelsView' object has no attribute 'resistance'
Traceback (most recent call last):
  File "/Users/kashishbaggafeast/Desktop/Bot/src/core/indicator_pipeline.py", line 332, in compute
    h1_zones = confirm_zones_with_geometry(h1_zones, geometry_ctx.levels)
  File "/Users/kashishbaggafeast/Desktop/Bot/src/core/zone_engine.py", line 209, in confirm_zones_with_geometry
    composites = levels_view.support() if zone.zone_type == "DEMAND" else levels_view.resistance()
AttributeError: 'LevelsView' object has no attribute 'resistance'
2026-08-17 10:10:14,156 - WARNING - ⚠️ Pipeline returned None for NSE:NIFTYBANK-INDEX
2026-08-17 10:10:14,156 - INFO - 🧘 Status: Sidelined (No Institutional Alignment)
2026-08-17 10:10:21,761 - INFO - 📊 Saved 22 snapshots for NSE:NIFTYBANK-INDEX  (oi range: 44,700–1,058,790)
2026-08-17 10:10:22,851 - INFO - 📡 Fetching NSE:NIFTY50-INDEX @ 24290  expiry=26818  strikes=ATM±5
2026-08-17 10:10:52,931 - INFO - 📊 Saved 22 snapshots for NSE:NIFTY50-INDEX  (oi range: 160,810–25,388,155)
2026-08-17 10:10:54,023 - INFO - 📡 Fetching NSE:NIFTYBANK-INDEX @ 57288  expiry=26AUG  strikes=ATM±5
2026-08-17 10:11:23,862 - INFO - 📊 Saved 22 snapshots for NSE:NIFTYBANK-INDEX  (oi range: 44,700–1,061,130)
2026-08-17 10:11:24,957 - INFO - 📡 Fetching NSE:NIFTY50-INDEX @ 24287  expiry=26818  strikes=ATM±5
2026-08-17 10:11:55,021 - INFO - 📊 Saved 22 snapshots for NSE:NIFTY50-INDEX  (oi range: 161,785–25,544,935)
2026-08-17 10:11:56,115 - INFO - 📡 Fetching NSE:NIFTYBANK-INDEX @ 57266  expiry=26AUG  strikes=ATM±5
2026-08-17 10:12:25,661 - INFO - 📊 Saved 22 snapshots for NSE:NIFTYBANK-INDEX  (oi range: 44,700–1,061,370)
2026-08-17 10:12:26,748 - INFO - 📡 Fetching NSE:NIFTY50-INDEX @ 24280  expiry=26818  strikes=ATM±5
2026-08-17 10:12:56,971 - INFO - 📊 Saved 22 snapshots for NSE:NIFTY50-INDEX  (oi range: 163,735–25,599,340)
2026-08-17 10:12:58,070 - INFO - 📡 Fetching NSE:NIFTYBANK-INDEX @ 57272  expiry=26AUG  strikes=ATM±5
2026-08-17 10:13:27,919 - INFO - 📊 Saved 22 snapshots for NSE:NIFTYBANK-INDEX  (oi range: 44,790–1,064,280)
2026-08-17 10:13:29,014 - INFO - 📡 Fetching NSE:NIFTY50-INDEX @ 24281  expiry=26818  strikes=ATM±5
2026-08-17 10:14:00,729 - INFO - 📊 Saved 22 snapshots for NSE:NIFTY50-INDEX  (oi range: 162,500–25,812,605)
2026-08-17 10:14:01,830 - INFO - 📡 Fetching NSE:NIFTYBANK-INDEX @ 57279  expiry=26AUG  strikes=ATM±5
2026-08-17 10:14:31,691 - INFO - 📊 Saved 22 snapshots for NSE:NIFTYBANK-INDEX  (oi range: 44,790–1,065,930)
2026-08-17 10:14:32,785 - INFO - 📡 Fetching NSE:NIFTY50-INDEX @ 24280  expiry=26818  strikes=ATM±5
2026-08-17 10:15:02,862 - INFO - 📊 Saved 22 snapshots for NSE:NIFTY50-INDEX  (oi range: 164,255–26,013,715)
2026-08-17 10:15:03,957 - INFO - 📡 Fetching NSE:NIFTYBANK-INDEX @ 57271  expiry=26AUG  strikes=ATM±5
2026-08-17 10:15:05,183 - INFO - 🔔 [New Candle Closed] Running entry pipeline for candle 10:15 at 10:15:05...
2026-08-17 10:15:05,184 - INFO - --- 10:15:05 Market Pulse ---
2026-08-17 10:15:12,648 - ERROR - [Pipeline] Snapshot computation failed for NSE:NIFTY50-INDEX: 'LevelsView' object has no attribute 'resistance'
Traceback (most recent call last):
  File "/Users/kashishbaggafeast/Desktop/Bot/src/core/indicator_pipeline.py", line 332, in compute
    h1_zones = confirm_zones_with_geometry(h1_zones, geometry_ctx.levels)
  File "/Users/kashishbaggafeast/Desktop/Bot/src/core/zone_engine.py", line 209, in confirm_zones_with_geometry
    composites = levels_view.support() if zone.zone_type == "DEMAND" else levels_view.resistance()
AttributeError: 'LevelsView' object has no attribute 'resistance'
2026-08-17 10:15:12,649 - WARNING - ⚠️ Pipeline returned None for NSE:NIFTY50-INDEX
2026-08-17 10:15:14,025 - ERROR - [Pipeline] Snapshot computation failed for NSE:NIFTYBANK-INDEX: 'LevelsView' object has no attribute 'resistance'
Traceback (most recent call last):
  File "/Users/kashishbaggafeast/Desktop/Bot/src/core/indicator_pipeline.py", line 332, in compute
    h1_zones = confirm_zones_with_geometry(h1_zones, geometry_ctx.levels)
  File "/Users/kashishbaggafeast/Desktop/Bot/src/core/zone_engine.py", line 209, in confirm_zones_with_geometry
    composites = levels_view.support() if zone.zone_type == "DEMAND" else levels_view.resistance()
AttributeError: 'LevelsView' object has no attribute 'resistance'
2026-08-17 10:15:14,026 - WARNING - ⚠️ Pipeline returned None for NSE:NIFTYBANK-INDEX
2026-08-17 10:15:14,026 - INFO - 🧘 Status: Sidelined (No Institutional Alignment)
2026-08-17 10:15:34,151 - INFO - 📊 Saved 22 snapshots for NSE:NIFTYBANK-INDEX  (oi range: 44,820–1,070,130)
2026-08-17 10:15:35,246 - INFO - 📡 Fetching NSE:NIFTY50-INDEX @ 24281  expiry=26818  strikes=ATM±5
2026-08-17 10:16:04,943 - INFO - 📊 Saved 22 snapshots for NSE:NIFTY50-INDEX  (oi range: 199,420–26,306,735)
2026-08-17 10:16:06,038 - INFO - 📡 Fetching NSE:NIFTYBANK-INDEX @ 57276  expiry=26AUG  strikes=ATM±5
2026-08-17 10:16:35,985 - INFO - 📊 Saved 22 snapshots for NSE:NIFTYBANK-INDEX  (oi range: 44,820–1,071,210)
2026-08-17 10:16:37,085 - INFO - 📡 Fetching NSE:NIFTY50-INDEX @ 24281  expiry=26818  strikes=ATM±5
2026-08-17 10:17:08,193 - INFO - 📊 Saved 22 snapshots for NSE:NIFTY50-INDEX  (oi range: 201,825–26,638,105)
2026-08-17 10:17:09,296 - INFO - 📡 Fetching NSE:NIFTYBANK-INDEX @ 57271  expiry=26AUG  strikes=ATM±5
2026-08-17 10:17:39,161 - INFO - 📊 Saved 22 snapshots for NSE:NIFTYBANK-INDEX  (oi range: 44,760–1,072,770)
2026-08-17 10:17:40,261 - INFO - 📡 Fetching NSE:NIFTY50-INDEX @ 24274  expiry=26818  strikes=ATM±5
2026-08-17 10:18:10,165 - INFO - 📊 Saved 22 snapshots for NSE:NIFTY50-INDEX  (oi range: 200,460–26,866,710)
2026-08-17 10:18:11,259 - INFO - 📡 Fetching NSE:NIFTYBANK-INDEX @ 57227  expiry=26AUG  strikes=ATM±5
2026-08-17 10:18:41,309 - INFO - 📊 Saved 22 snapshots for NSE:NIFTYBANK-INDEX  (oi range: 23,100–1,077,960)
2026-08-17 10:18:42,567 - INFO - 📡 Fetching NSE:NIFTY50-INDEX @ 24262  expiry=26818  strikes=ATM±5
2026-08-17 10:19:12,446 - INFO - 📊 Saved 22 snapshots for NSE:NIFTY50-INDEX  (oi range: 202,150–27,135,420)
2026-08-17 10:19:13,545 - INFO - 📡 Fetching NSE:NIFTYBANK-INDEX @ 57192  expiry=26AUG  strikes=ATM±5
2026-08-17 10:19:43,739 - INFO - 📊 Saved 22 snapshots for NSE:NIFTYBANK-INDEX  (oi range: 23,640–1,088,880)
2026-08-17 10:19:44,835 - INFO - 📡 Fetching NSE:NIFTY50-INDEX @ 24265  expiry=26818  strikes=ATM±5
2026-08-17 10:20:05,092 - INFO - 🔔 [New Candle Closed] Running entry pipeline for candle 10:20 at 10:20:05...
2026-08-17 10:20:05,092 - INFO - --- 10:20:05 Market Pulse ---
2026-08-17 10:20:12,567 - ERROR - [Pipeline] Snapshot computation failed for NSE:NIFTY50-INDEX: 'LevelsView' object has no attribute 'resistance'
Traceback (most recent call last):
  File "/Users/kashishbaggafeast/Desktop/Bot/src/core/indicator_pipeline.py", line 332, in compute
    h1_zones = confirm_zones_with_geometry(h1_zones, geometry_ctx.levels)
  File "/Users/kashishbaggafeast/Desktop/Bot/src/core/zone_engine.py", line 209, in confirm_zones_with_geometry
    composites = levels_view.support() if zone.zone_type == "DEMAND" else levels_view.resistance()
AttributeError: 'LevelsView' object has no attribute 'resistance'
2026-08-17 10:20:12,568 - WARNING - ⚠️ Pipeline returned None for NSE:NIFTY50-INDEX
2026-08-17 10:20:13,946 - ERROR - [Pipeline] Snapshot computation failed for NSE:NIFTYBANK-INDEX: 'LevelsView' object has no attribute 'resistance'
Traceback (most recent call last):
  File "/Users/kashishbaggafeast/Desktop/Bot/src/core/indicator_pipeline.py", line 332, in compute
    h1_zones = confirm_zones_with_geometry(h1_zones, geometry_ctx.levels)
  File "/Users/kashishbaggafeast/Desktop/Bot/src/core/zone_engine.py", line 209, in confirm_zones_with_geometry
    composites = levels_view.support() if zone.zone_type == "DEMAND" else levels_view.resistance()
AttributeError: 'LevelsView' object has no attribute 'resistance'
2026-08-17 10:20:13,946 - WARNING - ⚠️ Pipeline returned None for NSE:NIFTYBANK-INDEX
2026-08-17 10:20:13,947 - INFO - 🧘 Status: Sidelined (No Institutional Alignment)
2026-08-17 10:20:16,347 - INFO - 📊 Saved 22 snapshots for NSE:NIFTY50-INDEX  (oi range: 209,040–27,792,635)
2026-08-17 10:20:17,464 - INFO - 📡 Fetching NSE:NIFTYBANK-INDEX @ 57184  expiry=26AUG  strikes=ATM±5
2026-08-17 10:20:47,182 - INFO - 📊 Saved 22 snapshots for NSE:NIFTYBANK-INDEX  (oi range: 23,340–1,100,880)
2026-08-17 10:20:48,281 - INFO - 📡 Fetching NSE:NIFTY50-INDEX @ 24264  expiry=26818  strikes=ATM±5
2026-08-17 10:21:18,328 - INFO - 📊 Saved 22 snapshots for NSE:NIFTY50-INDEX  (oi range: 215,410–28,450,695)
2026-08-17 10:21:19,431 - INFO - 📡 Fetching NSE:NIFTYBANK-INDEX @ 57181  expiry=26AUG  strikes=ATM±5
2026-08-17 10:21:49,238 - INFO - 📊 Saved 22 snapshots for NSE:NIFTYBANK-INDEX  (oi range: 23,340–1,111,500)
2026-08-17 10:21:50,324 - INFO - 📡 Fetching NSE:NIFTY50-INDEX @ 24259  expiry=26818  strikes=ATM±5
2026-08-17 10:22:20,253 - INFO - 📊 Saved 22 snapshots for NSE:NIFTY50-INDEX  (oi range: 218,985–28,881,125)
2026-08-17 10:22:21,354 - INFO - 📡 Fetching NSE:NIFTYBANK-INDEX @ 57170  expiry=26AUG  strikes=ATM±5
2026-08-17 10:22:51,543 - INFO - 📊 Saved 22 snapshots for NSE:NIFTYBANK-INDEX  (oi range: 23,340–1,113,660)
2026-08-17 10:22:52,646 - INFO - 📡 Fetching NSE:NIFTY50-INDEX @ 24259  expiry=26818  strikes=ATM±5
2026-08-17 10:23:22,687 - INFO - 📊 Saved 22 snapshots for NSE:NIFTY50-INDEX  (oi range: 225,680–29,527,290)
2026-08-17 10:23:23,941 - INFO - 📡 Fetching NSE:NIFTYBANK-INDEX @ 57163  expiry=26AUG  strikes=ATM±5
2026-08-17 10:23:54,071 - INFO - 📊 Saved 22 snapshots for NSE:NIFTYBANK-INDEX  (oi range: 23,760–1,119,120)
2026-08-17 10:23:55,194 - INFO - 📡 Fetching NSE:NIFTY50-INDEX @ 24258  expiry=26818  strikes=ATM±5
2026-08-17 10:24:25,216 - INFO - 📊 Saved 22 snapshots for NSE:NIFTY50-INDEX  (oi range: 228,280–29,947,905)
2026-08-17 10:24:26,316 - INFO - 📡 Fetching NSE:NIFTYBANK-INDEX @ 57156  expiry=26AUG  strikes=ATM±5
2026-08-17 10:24:56,403 - INFO - 📊 Saved 22 snapshots for NSE:NIFTYBANK-INDEX  (oi range: 23,940–1,122,180)
2026-08-17 10:24:57,505 - INFO - 📡 Fetching NSE:NIFTY50-INDEX @ 24253  expiry=26818  strikes=ATM±5
2026-08-17 10:25:05,001 - INFO - 🔔 [New Candle Closed] Running entry pipeline for candle 10:25 at 10:25:05...
2026-08-17 10:25:05,002 - INFO - --- 10:25:05 Market Pulse ---
2026-08-17 10:25:12,561 - ERROR - [Pipeline] Snapshot computation failed for NSE:NIFTY50-INDEX: 'LevelsView' object has no attribute 'resistance'
Traceback (most recent call last):
  File "/Users/kashishbaggafeast/Desktop/Bot/src/core/indicator_pipeline.py", line 332, in compute
    h1_zones = confirm_zones_with_geometry(h1_zones, geometry_ctx.levels)
  File "/Users/kashishbaggafeast/Desktop/Bot/src/core/zone_engine.py", line 209, in confirm_zones_with_geometry
    composites = levels_view.support() if zone.zone_type == "DEMAND" else levels_view.resistance()
AttributeError: 'LevelsView' object has no attribute 'resistance'
2026-08-17 10:25:12,562 - WARNING - ⚠️ Pipeline returned None for NSE:NIFTY50-INDEX
2026-08-17 10:25:13,971 - ERROR - [Pipeline] Snapshot computation failed for NSE:NIFTYBANK-INDEX: 'LevelsView' object has no attribute 'resistance'
Traceback (most recent call last):
  File "/Users/kashishbaggafeast/Desktop/Bot/src/core/indicator_pipeline.py", line 332, in compute
    h1_zones = confirm_zones_with_geometry(h1_zones, geometry_ctx.levels)
  File "/Users/kashishbaggafeast/Desktop/Bot/src/core/zone_engine.py", line 209, in confirm_zones_with_geometry
    composites = levels_view.support() if zone.zone_type == "DEMAND" else levels_view.resistance()
AttributeError: 'LevelsView' object has no attribute 'resistance'
2026-08-17 10:25:13,972 - WARNING - ⚠️ Pipeline returned None for NSE:NIFTYBANK-INDEX
2026-08-17 10:25:13,972 - INFO - 🧘 Status: Sidelined (No Institutional Alignment)
2026-08-17 10:25:28,114 - INFO - 📊 Saved 22 snapshots for NSE:NIFTY50-INDEX  (oi range: 235,885–30,230,720)
2026-08-17 10:25:29,222 - INFO - 📡 Fetching NSE:NIFTYBANK-INDEX @ 57133  expiry=26AUG  strikes=ATM±5
2026-08-17 10:25:58,986 - INFO - 📊 Saved 22 snapshots for NSE:NIFTYBANK-INDEX  (oi range: 9,870–1,126,020)
2026-08-17 10:26:00,090 - INFO - 📡 Fetching NSE:NIFTY50-INDEX @ 24253  expiry=26818  strikes=ATM±5
2026-08-17 10:26:30,084 - INFO - 📊 Saved 22 snapshots for NSE:NIFTY50-INDEX  (oi range: 251,680–30,650,165)
2026-08-17 10:26:31,177 - INFO - 📡 Fetching NSE:NIFTYBANK-INDEX @ 57153  expiry=26AUG  strikes=ATM±5
2026-08-17 10:27:01,012 - INFO - 📊 Saved 22 snapshots for NSE:NIFTYBANK-INDEX  (oi range: 24,300–1,126,530)
2026-08-17 10:27:02,109 - INFO - 📡 Fetching NSE:NIFTY50-INDEX @ 24253  expiry=26818  strikes=ATM±5
2026-08-17 10:27:31,840 - INFO - 📊 Saved 22 snapshots for NSE:NIFTY50-INDEX  (oi range: 254,930–30,589,130)
2026-08-17 10:27:33,111 - INFO - 📡 Fetching NSE:NIFTYBANK-INDEX @ 57164  expiry=26AUG  strikes=ATM±5
2026-08-17 10:28:02,700 - INFO - 📊 Saved 22 snapshots for NSE:NIFTYBANK-INDEX  (oi range: 24,270–1,130,040)
2026-08-17 10:28:03,797 - INFO - 📡 Fetching NSE:NIFTY50-INDEX @ 24259  expiry=26818  strikes=ATM±5
2026-08-17 10:28:33,738 - INFO - 📊 Saved 22 snapshots for NSE:NIFTY50-INDEX  (oi range: 263,445–30,791,345)
2026-08-17 10:28:34,838 - INFO - 📡 Fetching NSE:NIFTYBANK-INDEX @ 57159  expiry=26AUG  strikes=ATM±5
2026-08-17 10:29:04,721 - INFO - 📊 Saved 22 snapshots for NSE:NIFTYBANK-INDEX  (oi range: 24,270–1,136,130)
2026-08-17 10:29:05,822 - INFO - 📡 Fetching NSE:NIFTY50-INDEX @ 24261  expiry=26818  strikes=ATM±5
2026-08-17 10:29:35,599 - INFO - 📊 Saved 22 snapshots for NSE:NIFTY50-INDEX  (oi range: 259,480–31,009,225)
2026-08-17 10:29:36,695 - INFO - 📡 Fetching NSE:NIFTYBANK-INDEX @ 57159  expiry=26AUG  strikes=ATM±5
2026-08-17 10:30:05,053 - INFO - 🔔 [New Candle Closed] Running entry pipeline for candle 10:30 at 10:30:05...
2026-08-17 10:30:05,054 - INFO - --- 10:30:05 Market Pulse ---
2026-08-17 10:30:06,393 - INFO - 📊 Saved 22 snapshots for NSE:NIFTYBANK-INDEX  (oi range: 24,270–1,140,750)
2026-08-17 10:30:07,506 - INFO - 📡 Fetching NSE:NIFTY50-INDEX @ 24262  expiry=26818  strikes=ATM±5
2026-08-17 10:30:12,534 - ERROR - [Pipeline] Snapshot computation failed for NSE:NIFTY50-INDEX: 'LevelsView' object has no attribute 'resistance'
Traceback (most recent call last):
  File "/Users/kashishbaggafeast/Desktop/Bot/src/core/indicator_pipeline.py", line 332, in compute
    h1_zones = confirm_zones_with_geometry(h1_zones, geometry_ctx.levels)
  File "/Users/kashishbaggafeast/Desktop/Bot/src/core/zone_engine.py", line 209, in confirm_zones_with_geometry
    composites = levels_view.support() if zone.zone_type == "DEMAND" else levels_view.resistance()
AttributeError: 'LevelsView' object has no attribute 'resistance'
2026-08-17 10:30:12,535 - WARNING - ⚠️ Pipeline returned None for NSE:NIFTY50-INDEX
2026-08-17 10:30:13,907 - ERROR - [Pipeline] Snapshot computation failed for NSE:NIFTYBANK-INDEX: 'LevelsView' object has no attribute 'resistance'
Traceback (most recent call last):
  File "/Users/kashishbaggafeast/Desktop/Bot/src/core/indicator_pipeline.py", line 332, in compute
    h1_zones = confirm_zones_with_geometry(h1_zones, geometry_ctx.levels)
  File "/Users/kashishbaggafeast/Desktop/Bot/src/core/zone_engine.py", line 209, in confirm_zones_with_geometry
    composites = levels_view.support() if zone.zone_type == "DEMAND" else levels_view.resistance()
AttributeError: 'LevelsView' object has no attribute 'resistance'
2026-08-17 10:30:13,908 - WARNING - ⚠️ Pipeline returned None for NSE:NIFTYBANK-INDEX
2026-08-17 10:30:13,909 - INFO - 🧘 Status: Sidelined (No Institutional Alignment)
2026-08-17 10:30:37,974 - INFO - 📊 Saved 22 snapshots for NSE:NIFTY50-INDEX  (oi range: 261,300–31,282,550)
2026-08-17 10:30:39,238 - INFO - 📡 Fetching NSE:NIFTYBANK-INDEX @ 57153  expiry=26AUG  strikes=ATM±5
2026-08-17 10:31:08,928 - INFO - 📊 Saved 22 snapshots for NSE:NIFTYBANK-INDEX  (oi range: 24,390–1,142,550)
2026-08-17 10:31:10,013 - INFO - 📡 Fetching NSE:NIFTY50-INDEX @ 24259  expiry=26818  strikes=ATM±5
2026-08-17 10:31:39,930 - INFO - 📊 Saved 22 snapshots for NSE:NIFTY50-INDEX  (oi range: 262,925–31,423,275)
2026-08-17 10:31:41,021 - INFO - 📡 Fetching NSE:NIFTYBANK-INDEX @ 57144  expiry=26AUG  strikes=ATM±5
2026-08-17 10:32:10,667 - INFO - 📊 Saved 22 snapshots for NSE:NIFTYBANK-INDEX  (oi range: 9,810–1,145,910)
2026-08-17 10:32:11,756 - INFO - 📡 Fetching NSE:NIFTY50-INDEX @ 24255  expiry=26818  strikes=ATM±5
2026-08-17 10:32:41,936 - INFO - 📊 Saved 22 snapshots for NSE:NIFTY50-INDEX  (oi range: 267,020–31,565,170)
2026-08-17 10:32:43,049 - INFO - 📡 Fetching NSE:NIFTYBANK-INDEX @ 57143  expiry=26AUG  strikes=ATM±5
2026-08-17 10:33:13,134 - INFO - 📊 Saved 22 snapshots for NSE:NIFTYBANK-INDEX  (oi range: 9,810–1,147,950)
2026-08-17 10:33:14,239 - INFO - 📡 Fetching NSE:NIFTY50-INDEX @ 24258  expiry=26818  strikes=ATM±5
2026-08-17 10:33:43,827 - INFO - 📊 Saved 22 snapshots for NSE:NIFTY50-INDEX  (oi range: 270,270–31,608,135)
2026-08-17 10:33:44,930 - INFO - 📡 Fetching NSE:NIFTYBANK-INDEX @ 57156  expiry=26AUG  strikes=ATM±5
2026-08-17 10:34:15,963 - INFO - 📊 Saved 22 snapshots for NSE:NIFTYBANK-INDEX  (oi range: 24,690–1,147,800)
2026-08-17 10:34:17,067 - INFO - 📡 Fetching NSE:NIFTY50-INDEX @ 24253  expiry=26818  strikes=ATM±5
2026-08-17 10:34:46,657 - INFO - 📊 Saved 22 snapshots for NSE:NIFTY50-INDEX  (oi range: 271,245–31,711,290)
2026-08-17 10:34:47,754 - INFO - 📡 Fetching NSE:NIFTYBANK-INDEX @ 57149  expiry=26AUG  strikes=ATM±5
2026-08-17 10:35:05,963 - INFO - 🔔 [New Candle Closed] Running entry pipeline for candle 10:35 at 10:35:05...
2026-08-17 10:35:05,964 - INFO - --- 10:35:05 Market Pulse ---
2026-08-17 10:35:13,598 - ERROR - [Pipeline] Snapshot computation failed for NSE:NIFTY50-INDEX: 'LevelsView' object has no attribute 'resistance'
Traceback (most recent call last):
  File "/Users/kashishbaggafeast/Desktop/Bot/src/core/indicator_pipeline.py", line 332, in compute
    h1_zones = confirm_zones_with_geometry(h1_zones, geometry_ctx.levels)
  File "/Users/kashishbaggafeast/Desktop/Bot/src/core/zone_engine.py", line 209, in confirm_zones_with_geometry
    composites = levels_view.support() if zone.zone_type == "DEMAND" else levels_view.resistance()
AttributeError: 'LevelsView' object has no attribute 'resistance'
2026-08-17 10:35:13,599 - WARNING - ⚠️ Pipeline returned None for NSE:NIFTY50-INDEX
2026-08-17 10:35:14,955 - ERROR - [Pipeline] Snapshot computation failed for NSE:NIFTYBANK-INDEX: 'LevelsView' object has no attribute 'resistance'
Traceback (most recent call last):
  File "/Users/kashishbaggafeast/Desktop/Bot/src/core/indicator_pipeline.py", line 332, in compute
    h1_zones = confirm_zones_with_geometry(h1_zones, geometry_ctx.levels)
  File "/Users/kashishbaggafeast/Desktop/Bot/src/core/zone_engine.py", line 209, in confirm_zones_with_geometry
    composites = levels_view.support() if zone.zone_type == "DEMAND" else levels_view.resistance()
AttributeError: 'LevelsView' object has no attribute 'resistance'
2026-08-17 10:35:14,955 - WARNING - ⚠️ Pipeline returned None for NSE:NIFTYBANK-INDEX
2026-08-17 10:35:14,956 - INFO - 🧘 Status: Sidelined (No Institutional Alignment)
2026-08-17 10:35:17,603 - INFO - 📊 Saved 22 snapshots for NSE:NIFTYBANK-INDEX  (oi range: 9,810–1,150,260)
2026-08-17 10:35:18,718 - INFO - 📡 Fetching NSE:NIFTY50-INDEX @ 24257  expiry=26818  strikes=ATM±5
2026-08-17 10:35:48,440 - INFO - 📊 Saved 22 snapshots for NSE:NIFTY50-INDEX  (oi range: 270,790–31,756,205)
2026-08-17 10:35:49,537 - INFO - 📡 Fetching NSE:NIFTYBANK-INDEX @ 57152  expiry=26AUG  strikes=ATM±5
2026-08-17 10:36:19,253 - INFO - 📊 Saved 22 snapshots for NSE:NIFTYBANK-INDEX  (oi range: 24,690–1,154,880)
2026-08-17 10:36:20,358 - INFO - 📡 Fetching NSE:NIFTY50-INDEX @ 24256  expiry=26818  strikes=ATM±5
2026-08-17 10:36:50,207 - INFO - 📊 Saved 22 snapshots for NSE:NIFTY50-INDEX  (oi range: 272,350–31,973,500)
2026-08-17 10:36:51,462 - INFO - 📡 Fetching NSE:NIFTYBANK-INDEX @ 57148  expiry=26AUG  strikes=ATM±5
2026-08-17 10:37:21,222 - INFO - 📊 Saved 22 snapshots for NSE:NIFTYBANK-INDEX  (oi range: 9,810–1,154,880)
2026-08-17 10:37:22,323 - INFO - 📡 Fetching NSE:NIFTY50-INDEX @ 24256  expiry=26818  strikes=ATM±5
2026-08-17 10:37:52,101 - INFO - 📊 Saved 22 snapshots for NSE:NIFTY50-INDEX  (oi range: 275,470–32,064,175)
2026-08-17 10:37:53,199 - INFO - 📡 Fetching NSE:NIFTYBANK-INDEX @ 57153  expiry=26AUG  strikes=ATM±5
2026-08-17 10:38:23,251 - INFO - 📊 Saved 22 snapshots for NSE:NIFTYBANK-INDEX  (oi range: 24,810–1,154,790)
2026-08-17 10:38:24,346 - INFO - 📡 Fetching NSE:NIFTY50-INDEX @ 24254  expiry=26818  strikes=ATM±5
2026-08-17 10:38:54,599 - INFO - 📊 Saved 22 snapshots for NSE:NIFTY50-INDEX  (oi range: 276,250–32,123,325)
2026-08-17 10:38:55,723 - INFO - 📡 Fetching NSE:NIFTYBANK-INDEX @ 57139  expiry=26AUG  strikes=ATM±5
2026-08-17 10:39:25,661 - INFO - 📊 Saved 22 snapshots for NSE:NIFTYBANK-INDEX  (oi range: 9,750–1,157,670)
2026-08-17 10:39:26,759 - INFO - 📡 Fetching NSE:NIFTY50-INDEX @ 24252  expiry=26818  strikes=ATM±5
2026-08-17 10:39:57,679 - INFO - 📊 Saved 22 snapshots for NSE:NIFTY50-INDEX  (oi range: 277,355–32,193,330)
2026-08-17 10:39:58,774 - INFO - 📡 Fetching NSE:NIFTYBANK-INDEX @ 57154  expiry=26AUG  strikes=ATM±5
2026-08-17 10:40:05,017 - INFO - 🔔 [New Candle Closed] Running entry pipeline for candle 10:40 at 10:40:05...
2026-08-17 10:40:05,018 - INFO - --- 10:40:05 Market Pulse ---
2026-08-17 10:40:12,568 - ERROR - [Pipeline] Snapshot computation failed for NSE:NIFTY50-INDEX: 'LevelsView' object has no attribute 'resistance'
Traceback (most recent call last):
  File "/Users/kashishbaggafeast/Desktop/Bot/src/core/indicator_pipeline.py", line 332, in compute
    h1_zones = confirm_zones_with_geometry(h1_zones, geometry_ctx.levels)
  File "/Users/kashishbaggafeast/Desktop/Bot/src/core/zone_engine.py", line 209, in confirm_zones_with_geometry
    composites = levels_view.support() if zone.zone_type == "DEMAND" else levels_view.resistance()
AttributeError: 'LevelsView' object has no attribute 'resistance'
2026-08-17 10:40:12,569 - WARNING - ⚠️ Pipeline returned None for NSE:NIFTY50-INDEX
2026-08-17 10:40:14,026 - ERROR - [Pipeline] Snapshot computation failed for NSE:NIFTYBANK-INDEX: 'LevelsView' object has no attribute 'resistance'
Traceback (most recent call last):
  File "/Users/kashishbaggafeast/Desktop/Bot/src/core/indicator_pipeline.py", line 332, in compute
    h1_zones = confirm_zones_with_geometry(h1_zones, geometry_ctx.levels)
  File "/Users/kashishbaggafeast/Desktop/Bot/src/core/zone_engine.py", line 209, in confirm_zones_with_geometry
    composites = levels_view.support() if zone.zone_type == "DEMAND" else levels_view.resistance()
AttributeError: 'LevelsView' object has no attribute 'resistance'
2026-08-17 10:40:14,028 - WARNING - ⚠️ Pipeline returned None for NSE:NIFTYBANK-INDEX
2026-08-17 10:40:14,028 - INFO - 🧘 Status: Sidelined (No Institutional Alignment)
2026-08-17 10:40:29,582 - INFO - 📊 Saved 22 snapshots for NSE:NIFTYBANK-INDEX  (oi range: 24,870–1,158,390)
2026-08-17 10:40:30,681 - INFO - 📡 Fetching NSE:NIFTY50-INDEX @ 24254  expiry=26818  strikes=ATM±5
2026-08-17 10:41:00,767 - INFO - 📊 Saved 22 snapshots for NSE:NIFTY50-INDEX  (oi range: 277,355–32,278,610)
2026-08-17 10:41:01,869 - INFO - 📡 Fetching NSE:NIFTYBANK-INDEX @ 57159  expiry=26AUG  strikes=ATM±5
2026-08-17 10:41:31,509 - INFO - 📊 Saved 22 snapshots for NSE:NIFTYBANK-INDEX  (oi range: 24,840–1,159,800)
2026-08-17 10:41:32,616 - INFO - 📡 Fetching NSE:NIFTY50-INDEX @ 24253  expiry=26818  strikes=ATM±5
2026-08-17 10:42:02,700 - INFO - 📊 Saved 22 snapshots for NSE:NIFTY50-INDEX  (oi range: 275,470–32,292,585)
2026-08-17 10:42:03,790 - INFO - 📡 Fetching NSE:NIFTYBANK-INDEX @ 57159  expiry=26AUG  strikes=ATM±5
2026-08-17 10:42:34,178 - INFO - 📊 Saved 22 snapshots for NSE:NIFTYBANK-INDEX  (oi range: 24,840–1,160,550)
2026-08-17 10:42:35,283 - INFO - 📡 Fetching NSE:NIFTY50-INDEX @ 24247  expiry=26818  strikes=ATM±5
2026-08-17 10:43:05,510 - INFO - 📊 Saved 22 snapshots for NSE:NIFTY50-INDEX  (oi range: 278,590–32,397,950)
2026-08-17 10:43:06,616 - INFO - 📡 Fetching NSE:NIFTYBANK-INDEX @ 57162  expiry=26AUG  strikes=ATM±5
2026-08-17 10:43:36,507 - INFO - 📊 Saved 22 snapshots for NSE:NIFTYBANK-INDEX  (oi range: 24,750–1,159,680)
2026-08-17 10:43:37,605 - INFO - 📡 Fetching NSE:NIFTY50-INDEX @ 24239  expiry=26818  strikes=ATM±5
2026-08-17 10:44:07,541 - INFO - 📊 Saved 22 snapshots for NSE:NIFTY50-INDEX  (oi range: 290,810–32,239,155)
2026-08-17 10:44:08,674 - INFO - 📡 Fetching NSE:NIFTYBANK-INDEX @ 57143  expiry=26AUG  strikes=ATM±5
2026-08-17 10:44:38,676 - INFO - 📊 Saved 22 snapshots for NSE:NIFTYBANK-INDEX  (oi range: 9,870–1,170,810)
2026-08-17 10:44:39,785 - INFO - 📡 Fetching NSE:NIFTY50-INDEX @ 24239  expiry=26818  strikes=ATM±5
2026-08-17 10:45:05,106 - INFO - 🔔 [New Candle Closed] Running entry pipeline for candle 10:45 at 10:45:05...
2026-08-17 10:45:05,106 - INFO - --- 10:45:05 Market Pulse ---
2026-08-17 10:45:09,500 - INFO - 📊 Saved 22 snapshots for NSE:NIFTY50-INDEX  (oi range: 297,895–32,135,675)
2026-08-17 10:45:10,614 - INFO - 📡 Fetching NSE:NIFTYBANK-INDEX @ 57143  expiry=26AUG  strikes=ATM±5
2026-08-17 10:45:12,617 - ERROR - [Pipeline] Snapshot computation failed for NSE:NIFTY50-INDEX: 'LevelsView' object has no attribute 'resistance'
Traceback (most recent call last):
  File "/Users/kashishbaggafeast/Desktop/Bot/src/core/indicator_pipeline.py", line 332, in compute
    h1_zones = confirm_zones_with_geometry(h1_zones, geometry_ctx.levels)
  File "/Users/kashishbaggafeast/Desktop/Bot/src/core/zone_engine.py", line 209, in confirm_zones_with_geometry
    composites = levels_view.support() if zone.zone_type == "DEMAND" else levels_view.resistance()
AttributeError: 'LevelsView' object has no attribute 'resistance'
2026-08-17 10:45:12,618 - WARNING - ⚠️ Pipeline returned None for NSE:NIFTY50-INDEX
2026-08-17 10:45:14,094 - ERROR - [Pipeline] Snapshot computation failed for NSE:NIFTYBANK-INDEX: 'LevelsView' object has no attribute 'resistance'
Traceback (most recent call last):
  File "/Users/kashishbaggafeast/Desktop/Bot/src/core/indicator_pipeline.py", line 332, in compute
    h1_zones = confirm_zones_with_geometry(h1_zones, geometry_ctx.levels)
  File "/Users/kashishbaggafeast/Desktop/Bot/src/core/zone_engine.py", line 209, in confirm_zones_with_geometry
    composites = levels_view.support() if zone.zone_type == "DEMAND" else levels_view.resistance()
AttributeError: 'LevelsView' object has no attribute 'resistance'
2026-08-17 10:45:14,095 - WARNING - ⚠️ Pipeline returned None for NSE:NIFTYBANK-INDEX
2026-08-17 10:45:14,095 - INFO - 🧘 Status: Sidelined (No Institutional Alignment)
2026-08-17 10:45:41,532 - INFO - 📊 Saved 22 snapshots for NSE:NIFTYBANK-INDEX  (oi range: 9,870–1,166,130)
2026-08-17 10:45:42,633 - INFO - 📡 Fetching NSE:NIFTY50-INDEX @ 24232  expiry=26818  strikes=ATM±5
2026-08-17 10:46:12,525 - INFO - 📊 Saved 22 snapshots for NSE:NIFTY50-INDEX  (oi range: 311,870–32,338,930)
2026-08-17 10:46:13,617 - INFO - 📡 Fetching NSE:NIFTYBANK-INDEX @ 57145  expiry=26AUG  strikes=ATM±5
2026-08-17 10:46:43,318 - INFO - 📊 Saved 22 snapshots for NSE:NIFTYBANK-INDEX  (oi range: 10,170–1,167,180)
2026-08-17 10:46:44,410 - INFO - 📡 Fetching NSE:NIFTY50-INDEX @ 24232  expiry=26818  strikes=ATM±5
2026-08-17 10:47:14,478 - INFO - 📊 Saved 22 snapshots for NSE:NIFTY50-INDEX  (oi range: 323,830–32,639,750)
2026-08-17 10:47:15,578 - INFO - 📡 Fetching NSE:NIFTYBANK-INDEX @ 57155  expiry=26AUG  strikes=ATM±5
2026-08-17 10:47:45,714 - INFO - 📊 Saved 22 snapshots for NSE:NIFTYBANK-INDEX  (oi range: 24,810–1,153,440)
2026-08-17 10:47:46,818 - INFO - 📡 Fetching NSE:NIFTY50-INDEX @ 24229  expiry=26818  strikes=ATM±5
2026-08-17 10:48:17,250 - INFO - 📊 Saved 22 snapshots for NSE:NIFTY50-INDEX  (oi range: 330,005–33,086,885)
2026-08-17 10:48:18,350 - INFO - 📡 Fetching NSE:NIFTYBANK-INDEX @ 57161  expiry=26AUG  strikes=ATM±5
2026-08-17 10:48:48,384 - INFO - 📊 Saved 22 snapshots for NSE:NIFTYBANK-INDEX  (oi range: 24,810–1,149,810)
2026-08-17 10:48:49,474 - INFO - 📡 Fetching NSE:NIFTY50-INDEX @ 24232  expiry=26818  strikes=ATM±5
2026-08-17 10:49:19,557 - INFO - 📊 Saved 22 snapshots for NSE:NIFTY50-INDEX  (oi range: 336,505–33,278,050)
2026-08-17 10:49:20,652 - INFO - 📡 Fetching NSE:NIFTYBANK-INDEX @ 57171  expiry=26AUG  strikes=ATM±5
2026-08-17 10:49:50,723 - INFO - 📊 Saved 22 snapshots for NSE:NIFTYBANK-INDEX  (oi range: 24,840–1,149,900)
2026-08-17 10:49:52,000 - INFO - 📡 Fetching NSE:NIFTY50-INDEX @ 24237  expiry=26818  strikes=ATM±5
2026-08-17 10:50:05,168 - INFO - 🔔 [New Candle Closed] Running entry pipeline for candle 10:50 at 10:50:05...
2026-08-17 10:50:05,169 - INFO - --- 10:50:05 Market Pulse ---
2026-08-17 10:50:12,627 - ERROR - [Pipeline] Snapshot computation failed for NSE:NIFTY50-INDEX: 'LevelsView' object has no attribute 'resistance'
Traceback (most recent call last):
  File "/Users/kashishbaggafeast/Desktop/Bot/src/core/indicator_pipeline.py", line 332, in compute
    h1_zones = confirm_zones_with_geometry(h1_zones, geometry_ctx.levels)
  File "/Users/kashishbaggafeast/Desktop/Bot/src/core/zone_engine.py", line 209, in confirm_zones_with_geometry
    composites = levels_view.support() if zone.zone_type == "DEMAND" else levels_view.resistance()
AttributeError: 'LevelsView' object has no attribute 'resistance'
2026-08-17 10:50:12,628 - WARNING - ⚠️ Pipeline returned None for NSE:NIFTY50-INDEX
2026-08-17 10:50:14,093 - ERROR - [Pipeline] Snapshot computation failed for NSE:NIFTYBANK-INDEX: 'LevelsView' object has no attribute 'resistance'
Traceback (most recent call last):
  File "/Users/kashishbaggafeast/Desktop/Bot/src/core/indicator_pipeline.py", line 332, in compute
    h1_zones = confirm_zones_with_geometry(h1_zones, geometry_ctx.levels)
  File "/Users/kashishbaggafeast/Desktop/Bot/src/core/zone_engine.py", line 209, in confirm_zones_with_geometry
    composites = levels_view.support() if zone.zone_type == "DEMAND" else levels_view.resistance()
AttributeError: 'LevelsView' object has no attribute 'resistance'
2026-08-17 10:50:14,094 - WARNING - ⚠️ Pipeline returned None for NSE:NIFTYBANK-INDEX
2026-08-17 10:50:14,094 - INFO - 🧘 Status: Sidelined (No Institutional Alignment)
2026-08-17 10:50:21,697 - INFO - 📊 Saved 22 snapshots for NSE:NIFTY50-INDEX  (oi range: 333,710–33,519,590)
2026-08-17 10:50:22,779 - INFO - 📡 Fetching NSE:NIFTYBANK-INDEX @ 57178  expiry=26AUG  strikes=ATM±5
2026-08-17 10:50:53,003 - INFO - 📊 Saved 22 snapshots for NSE:NIFTYBANK-INDEX  (oi range: 24,600–1,140,840)
2026-08-17 10:50:54,102 - INFO - 📡 Fetching NSE:NIFTY50-INDEX @ 24240  expiry=26818  strikes=ATM±5
2026-08-17 10:51:24,073 - INFO - 📊 Saved 22 snapshots for NSE:NIFTY50-INDEX  (oi range: 331,305–33,677,085)
2026-08-17 10:51:25,335 - INFO - 📡 Fetching NSE:NIFTYBANK-INDEX @ 57176  expiry=26AUG  strikes=ATM±5
2026-08-17 10:51:54,874 - INFO - 📊 Saved 22 snapshots for NSE:NIFTYBANK-INDEX  (oi range: 24,360–1,138,920)
2026-08-17 10:51:55,972 - INFO - 📡 Fetching NSE:NIFTY50-INDEX @ 24240  expiry=26818  strikes=ATM±5
2026-08-17 10:52:25,502 - INFO - 📊 Saved 22 snapshots for NSE:NIFTY50-INDEX  (oi range: 331,500–33,795,515)
2026-08-17 10:52:26,602 - INFO - 📡 Fetching NSE:NIFTYBANK-INDEX @ 57178  expiry=26AUG  strikes=ATM±5
2026-08-17 10:52:56,645 - INFO - 📊 Saved 22 snapshots for NSE:NIFTYBANK-INDEX  (oi range: 24,360–1,133,610)
2026-08-17 10:52:57,739 - INFO - 📡 Fetching NSE:NIFTY50-INDEX @ 24242  expiry=26818  strikes=ATM±5
2026-08-17 10:53:27,628 - INFO - 📊 Saved 22 snapshots for NSE:NIFTY50-INDEX  (oi range: 335,075–33,890,090)
2026-08-17 10:53:28,724 - INFO - 📡 Fetching NSE:NIFTYBANK-INDEX @ 57187  expiry=26AUG  strikes=ATM±5
2026-08-17 10:53:58,424 - INFO - 📊 Saved 22 snapshots for NSE:NIFTYBANK-INDEX  (oi range: 24,300–1,129,860)
2026-08-17 10:53:59,523 - INFO - 📡 Fetching NSE:NIFTY50-INDEX @ 24246  expiry=26818  strikes=ATM±5
2026-08-17 10:54:29,558 - INFO - 📊 Saved 22 snapshots for NSE:NIFTY50-INDEX  (oi range: 328,900–33,982,325)
2026-08-17 10:54:30,661 - INFO - 📡 Fetching NSE:NIFTYBANK-INDEX @ 57186  expiry=26AUG  strikes=ATM±5
2026-08-17 10:55:00,530 - INFO - 📊 Saved 22 snapshots for NSE:NIFTYBANK-INDEX  (oi range: 24,270–1,138,200)
2026-08-17 10:55:01,631 - INFO - 📡 Fetching NSE:NIFTY50-INDEX @ 24242  expiry=26818  strikes=ATM±5
2026-08-17 10:55:05,150 - INFO - 🔔 [New Candle Closed] Running entry pipeline for candle 10:55 at 10:55:05...
2026-08-17 10:55:05,150 - INFO - --- 10:55:05 Market Pulse ---
2026-08-17 10:55:12,711 - ERROR - [Pipeline] Snapshot computation failed for NSE:NIFTY50-INDEX: 'LevelsView' object has no attribute 'resistance'
Traceback (most recent call last):
  File "/Users/kashishbaggafeast/Desktop/Bot/src/core/indicator_pipeline.py", line 332, in compute
    h1_zones = confirm_zones_with_geometry(h1_zones, geometry_ctx.levels)
  File "/Users/kashishbaggafeast/Desktop/Bot/src/core/zone_engine.py", line 209, in confirm_zones_with_geometry
    composites = levels_view.support() if zone.zone_type == "DEMAND" else levels_view.resistance()
AttributeError: 'LevelsView' object has no attribute 'resistance'
2026-08-17 10:55:12,711 - WARNING - ⚠️ Pipeline returned None for NSE:NIFTY50-INDEX
2026-08-17 10:55:14,198 - ERROR - [Pipeline] Snapshot computation failed for NSE:NIFTYBANK-INDEX: 'LevelsView' object has no attribute 'resistance'
Traceback (most recent call last):
  File "/Users/kashishbaggafeast/Desktop/Bot/src/core/indicator_pipeline.py", line 332, in compute
    h1_zones = confirm_zones_with_geometry(h1_zones, geometry_ctx.levels)
  File "/Users/kashishbaggafeast/Desktop/Bot/src/core/zone_engine.py", line 209, in confirm_zones_with_geometry
    composites = levels_view.support() if zone.zone_type == "DEMAND" else levels_view.resistance()
AttributeError: 'LevelsView' object has no attribute 'resistance'
2026-08-17 10:55:14,198 - WARNING - ⚠️ Pipeline returned None for NSE:NIFTYBANK-INDEX
2026-08-17 10:55:14,198 - INFO - 🧘 Status: Sidelined (No Institutional Alignment)
2026-08-17 10:55:32,539 - INFO - 📊 Saved 22 snapshots for NSE:NIFTY50-INDEX  (oi range: 329,550–34,027,110)
2026-08-17 10:55:33,650 - INFO - 📡 Fetching NSE:NIFTYBANK-INDEX @ 57179  expiry=26AUG  strikes=ATM±5
2026-08-17 10:56:03,666 - INFO - 📊 Saved 22 snapshots for NSE:NIFTYBANK-INDEX  (oi range: 24,330–1,135,350)
2026-08-17 10:56:04,767 - INFO - 📡 Fetching NSE:NIFTY50-INDEX @ 24240  expiry=26818  strikes=ATM±5
2026-08-17 10:56:34,698 - INFO - 📊 Saved 22 snapshots for NSE:NIFTY50-INDEX  (oi range: 334,425–34,145,085)
2026-08-17 10:56:35,798 - INFO - 📡 Fetching NSE:NIFTYBANK-INDEX @ 57194  expiry=26AUG  strikes=ATM±5
2026-08-17 10:57:06,058 - INFO - 📊 Saved 22 snapshots for NSE:NIFTYBANK-INDEX  (oi range: 24,330–1,133,850)
2026-08-17 10:57:07,154 - INFO - 📡 Fetching NSE:NIFTY50-INDEX @ 24245  expiry=26818  strikes=ATM±5
2026-08-17 10:57:37,058 - INFO - 📊 Saved 22 snapshots for NSE:NIFTY50-INDEX  (oi range: 337,545–34,245,705)
2026-08-17 10:57:38,160 - INFO - 📡 Fetching NSE:NIFTYBANK-INDEX @ 57200  expiry=26AUG  strikes=ATM±5
2026-08-17 10:58:08,251 - INFO - 📊 Saved 22 snapshots for NSE:NIFTYBANK-INDEX  (oi range: 24,540–1,133,850)
2026-08-17 10:58:09,342 - INFO - 📡 Fetching NSE:NIFTY50-INDEX @ 24246  expiry=26818  strikes=ATM±5
2026-08-17 10:58:39,445 - INFO - 📊 Saved 22 snapshots for NSE:NIFTY50-INDEX  (oi range: 334,490–34,320,585)
2026-08-17 10:58:40,545 - INFO - 📡 Fetching NSE:NIFTYBANK-INDEX @ 57197  expiry=26AUG  strikes=ATM±5
2026-08-17 10:59:10,462 - INFO - 📊 Saved 22 snapshots for NSE:NIFTYBANK-INDEX  (oi range: 24,540–1,132,650)
2026-08-17 10:59:11,563 - INFO - 📡 Fetching NSE:NIFTY50-INDEX @ 24242  expiry=26818  strikes=ATM±5
2026-08-17 10:59:41,833 - INFO - 📊 Saved 22 snapshots for NSE:NIFTY50-INDEX  (oi range: 333,775–34,372,910)
2026-08-17 10:59:43,094 - INFO - 📡 Fetching NSE:NIFTYBANK-INDEX @ 57197  expiry=26AUG  strikes=ATM±5
2026-08-17 11:00:05,274 - INFO - 🔔 [New Candle Closed] Running entry pipeline for candle 11:00 at 11:00:05...
2026-08-17 11:00:05,274 - INFO - --- 11:00:05 Market Pulse ---
2026-08-17 11:00:12,750 - ERROR - [Pipeline] Snapshot computation failed for NSE:NIFTY50-INDEX: 'LevelsView' object has no attribute 'resistance'
Traceback (most recent call last):
  File "/Users/kashishbaggafeast/Desktop/Bot/src/core/indicator_pipeline.py", line 332, in compute
    h1_zones = confirm_zones_with_geometry(h1_zones, geometry_ctx.levels)
  File "/Users/kashishbaggafeast/Desktop/Bot/src/core/zone_engine.py", line 209, in confirm_zones_with_geometry
    composites = levels_view.support() if zone.zone_type == "DEMAND" else levels_view.resistance()
AttributeError: 'LevelsView' object has no attribute 'resistance'
2026-08-17 11:00:12,751 - WARNING - ⚠️ Pipeline returned None for NSE:NIFTY50-INDEX
2026-08-17 11:00:14,054 - INFO - 📊 Saved 22 snapshots for NSE:NIFTYBANK-INDEX  (oi range: 24,540–1,132,230)
2026-08-17 11:00:14,230 - ERROR - [Pipeline] Snapshot computation failed for NSE:NIFTYBANK-INDEX: 'LevelsView' object has no attribute 'resistance'
Traceback (most recent call last):
  File "/Users/kashishbaggafeast/Desktop/Bot/src/core/indicator_pipeline.py", line 332, in compute
    h1_zones = confirm_zones_with_geometry(h1_zones, geometry_ctx.levels)
  File "/Users/kashishbaggafeast/Desktop/Bot/src/core/zone_engine.py", line 209, in confirm_zones_with_geometry
    composites = levels_view.support() if zone.zone_type == "DEMAND" else levels_view.resistance()
AttributeError: 'LevelsView' object has no attribute 'resistance'
2026-08-17 11:00:14,231 - WARNING - ⚠️ Pipeline returned None for NSE:NIFTYBANK-INDEX
2026-08-17 11:00:14,231 - INFO - 🧘 Status: Sidelined (No Institutional Alignment)
2026-08-17 11:00:15,161 - INFO - 📡 Fetching NSE:NIFTY50-INDEX @ 24237  expiry=26818  strikes=ATM±5
2026-08-17 11:00:44,727 - INFO - 📊 Saved 22 snapshots for NSE:NIFTY50-INDEX  (oi range: 333,190–34,331,505)
2026-08-17 11:00:45,821 - INFO - 📡 Fetching NSE:NIFTYBANK-INDEX @ 57181  expiry=26AUG  strikes=ATM±5
2026-08-17 11:01:15,767 - INFO - 📊 Saved 22 snapshots for NSE:NIFTYBANK-INDEX  (oi range: 24,540–1,131,360)
2026-08-17 11:01:16,861 - INFO - 📡 Fetching NSE:NIFTY50-INDEX @ 24235  expiry=26818  strikes=ATM±5
2026-08-17 11:01:46,734 - INFO - 📊 Saved 22 snapshots for NSE:NIFTY50-INDEX  (oi range: 334,165–34,265,270)
2026-08-17 11:01:48,001 - INFO - 📡 Fetching NSE:NIFTYBANK-INDEX @ 57182  expiry=26AUG  strikes=ATM±5
2026-08-17 11:02:17,752 - INFO - 📊 Saved 22 snapshots for NSE:NIFTYBANK-INDEX  (oi range: 24,540–1,134,060)
2026-08-17 11:02:18,845 - INFO - 📡 Fetching NSE:NIFTY50-INDEX @ 24235  expiry=26818  strikes=ATM±5
2026-08-17 11:02:49,256 - INFO - 📊 Saved 22 snapshots for NSE:NIFTY50-INDEX  (oi range: 335,335–34,420,685)
2026-08-17 11:02:50,519 - INFO - 📡 Fetching NSE:NIFTYBANK-INDEX @ 57179  expiry=26AUG  strikes=ATM±5
2026-08-17 11:03:21,350 - INFO - 📊 Saved 22 snapshots for NSE:NIFTYBANK-INDEX  (oi range: 24,540–1,134,120)
2026-08-17 11:03:22,655 - INFO - 📡 Fetching NSE:NIFTY50-INDEX @ 24236  expiry=26818  strikes=ATM±5
2026-08-17 11:03:53,064 - INFO - 📊 Saved 22 snapshots for NSE:NIFTY50-INDEX  (oi range: 334,425–34,584,355)
2026-08-17 11:03:54,165 - INFO - 📡 Fetching NSE:NIFTYBANK-INDEX @ 57185  expiry=26AUG  strikes=ATM±5
2026-08-17 11:04:23,948 - INFO - 📊 Saved 22 snapshots for NSE:NIFTYBANK-INDEX  (oi range: 24,600–1,133,970)
2026-08-17 11:04:25,047 - INFO - 📡 Fetching NSE:NIFTY50-INDEX @ 24243  expiry=26818  strikes=ATM±5
2026-08-17 11:04:54,858 - INFO - 📊 Saved 22 snapshots for NSE:NIFTY50-INDEX  (oi range: 337,415–34,619,715)
2026-08-17 11:04:55,955 - INFO - 📡 Fetching NSE:NIFTYBANK-INDEX @ 57172  expiry=26AUG  strikes=ATM±5
2026-08-17 11:05:05,328 - INFO - 🔔 [New Candle Closed] Running entry pipeline for candle 11:05 at 11:05:05...
2026-08-17 11:05:05,329 - INFO - --- 11:05:05 Market Pulse ---
2026-08-17 11:05:12,938 - ERROR - [Pipeline] Snapshot computation failed for NSE:NIFTY50-INDEX: 'LevelsView' object has no attribute 'resistance'
Traceback (most recent call last):
  File "/Users/kashishbaggafeast/Desktop/Bot/src/core/indicator_pipeline.py", line 332, in compute
    h1_zones = confirm_zones_with_geometry(h1_zones, geometry_ctx.levels)
  File "/Users/kashishbaggafeast/Desktop/Bot/src/core/zone_engine.py", line 209, in confirm_zones_with_geometry
    composites = levels_view.support() if zone.zone_type == "DEMAND" else levels_view.resistance()
AttributeError: 'LevelsView' object has no attribute 'resistance'
2026-08-17 11:05:12,939 - WARNING - ⚠️ Pipeline returned None for NSE:NIFTY50-INDEX
2026-08-17 11:05:14,497 - ERROR - [Pipeline] Snapshot computation failed for NSE:NIFTYBANK-INDEX: 'LevelsView' object has no attribute 'resistance'
Traceback (most recent call last):
  File "/Users/kashishbaggafeast/Desktop/Bot/src/core/indicator_pipeline.py", line 332, in compute
    h1_zones = confirm_zones_with_geometry(h1_zones, geometry_ctx.levels)
  File "/Users/kashishbaggafeast/Desktop/Bot/src/core/zone_engine.py", line 209, in confirm_zones_with_geometry
    composites = levels_view.support() if zone.zone_type == "DEMAND" else levels_view.resistance()
AttributeError: 'LevelsView' object has no attribute 'resistance'
2026-08-17 11:05:14,498 - WARNING - ⚠️ Pipeline returned None for NSE:NIFTYBANK-INDEX
2026-08-17 11:05:14,498 - INFO - 🧘 Status: Sidelined (No Institutional Alignment)
2026-08-17 11:05:26,522 - INFO - 📊 Saved 22 snapshots for NSE:NIFTYBANK-INDEX  (oi range: 24,600–1,135,380)
2026-08-17 11:05:27,632 - INFO - 📡 Fetching NSE:NIFTY50-INDEX @ 24237  expiry=26818  strikes=ATM±5
2026-08-17 11:05:57,665 - INFO - 📊 Saved 22 snapshots for NSE:NIFTY50-INDEX  (oi range: 335,985–34,729,175)
2026-08-17 11:05:58,924 - INFO - 📡 Fetching NSE:NIFTYBANK-INDEX @ 57161  expiry=26AUG  strikes=ATM±5
2026-08-17 11:06:28,787 - INFO - 📊 Saved 22 snapshots for NSE:NIFTYBANK-INDEX  (oi range: 24,600–1,137,210)
2026-08-17 11:06:29,887 - INFO - 📡 Fetching NSE:NIFTY50-INDEX @ 24236  expiry=26818  strikes=ATM±5
2026-08-17 11:06:59,971 - INFO - 📊 Saved 22 snapshots for NSE:NIFTY50-INDEX  (oi range: 336,700–34,943,935)
2026-08-17 11:07:01,070 - INFO - 📡 Fetching NSE:NIFTYBANK-INDEX @ 57150  expiry=26AUG  strikes=ATM±5
2026-08-17 11:07:30,966 - INFO - 📊 Saved 22 snapshots for NSE:NIFTYBANK-INDEX  (oi range: 10,350–1,137,030)
2026-08-17 11:07:32,056 - INFO - 📡 Fetching NSE:NIFTY50-INDEX @ 24234  expiry=26818  strikes=ATM±5
2026-08-17 11:08:02,018 - INFO - 📊 Saved 22 snapshots for NSE:NIFTY50-INDEX  (oi range: 338,650–34,919,430)
2026-08-17 11:08:03,114 - INFO - 📡 Fetching NSE:NIFTYBANK-INDEX @ 57144  expiry=26AUG  strikes=ATM±5
2026-08-17 11:08:32,941 - INFO - 📊 Saved 22 snapshots for NSE:NIFTYBANK-INDEX  (oi range: 10,350–1,137,480)
2026-08-17 11:08:34,037 - INFO - 📡 Fetching NSE:NIFTY50-INDEX @ 24236  expiry=26818  strikes=ATM±5
2026-08-17 11:09:04,098 - INFO - 📊 Saved 22 snapshots for NSE:NIFTY50-INDEX  (oi range: 341,185–34,969,675)
2026-08-17 11:09:05,209 - INFO - 📡 Fetching NSE:NIFTYBANK-INDEX @ 57155  expiry=26AUG  strikes=ATM±5
2026-08-17 11:09:35,056 - INFO - 📊 Saved 22 snapshots for NSE:NIFTYBANK-INDEX  (oi range: 24,900–1,138,050)
2026-08-17 11:09:36,158 - INFO - 📡 Fetching NSE:NIFTY50-INDEX @ 24234  expiry=26818  strikes=ATM±5
2026-08-17 11:10:05,576 - INFO - 🔔 [New Candle Closed] Running entry pipeline for candle 11:10 at 11:10:05...
2026-08-17 11:10:05,576 - INFO - --- 11:10:05 Market Pulse ---
2026-08-17 11:10:06,059 - INFO - 📊 Saved 22 snapshots for NSE:NIFTY50-INDEX  (oi range: 340,730–35,015,955)
2026-08-17 11:10:07,165 - INFO - 📡 Fetching NSE:NIFTYBANK-INDEX @ 57156  expiry=26AUG  strikes=ATM±5
2026-08-17 11:10:13,201 - ERROR - [Pipeline] Snapshot computation failed for NSE:NIFTY50-INDEX: 'LevelsView' object has no attribute 'resistance'
Traceback (most recent call last):
  File "/Users/kashishbaggafeast/Desktop/Bot/src/core/indicator_pipeline.py", line 332, in compute
    h1_zones = confirm_zones_with_geometry(h1_zones, geometry_ctx.levels)
  File "/Users/kashishbaggafeast/Desktop/Bot/src/core/zone_engine.py", line 209, in confirm_zones_with_geometry
    composites = levels_view.support() if zone.zone_type == "DEMAND" else levels_view.resistance()
AttributeError: 'LevelsView' object has no attribute 'resistance'
2026-08-17 11:10:13,202 - WARNING - ⚠️ Pipeline returned None for NSE:NIFTY50-INDEX
2026-08-17 11:10:14,730 - ERROR - [Pipeline] Snapshot computation failed for NSE:NIFTYBANK-INDEX: 'LevelsView' object has no attribute 'resistance'
Traceback (most recent call last):
  File "/Users/kashishbaggafeast/Desktop/Bot/src/core/indicator_pipeline.py", line 332, in compute
    h1_zones = confirm_zones_with_geometry(h1_zones, geometry_ctx.levels)
  File "/Users/kashishbaggafeast/Desktop/Bot/src/core/zone_engine.py", line 209, in confirm_zones_with_geometry
    composites = levels_view.support() if zone.zone_type == "DEMAND" else levels_view.resistance()
AttributeError: 'LevelsView' object has no attribute 'resistance'
2026-08-17 11:10:14,730 - WARNING - ⚠️ Pipeline returned None for NSE:NIFTYBANK-INDEX
2026-08-17 11:10:14,730 - INFO - 🧘 Status: Sidelined (No Institutional Alignment)
2026-08-17 11:10:38,589 - INFO - 📊 Saved 22 snapshots for NSE:NIFTYBANK-INDEX  (oi range: 24,900–1,137,630)
2026-08-17 11:10:39,693 - INFO - 📡 Fetching NSE:NIFTY50-INDEX @ 24235  expiry=26818  strikes=ATM±5
2026-08-17 11:11:10,993 - INFO - 📊 Saved 22 snapshots for NSE:NIFTY50-INDEX  (oi range: 340,860–35,022,650)
2026-08-17 11:11:12,090 - INFO - 📡 Fetching NSE:NIFTYBANK-INDEX @ 57151  expiry=26AUG  strikes=ATM±5
2026-08-17 11:11:42,676 - INFO - 📊 Saved 22 snapshots for NSE:NIFTYBANK-INDEX  (oi range: 24,900–1,138,320)
2026-08-17 11:11:43,776 - INFO - 📡 Fetching NSE:NIFTY50-INDEX @ 24238  expiry=26818  strikes=ATM±5
2026-08-17 11:12:13,926 - INFO - 📊 Saved 22 snapshots for NSE:NIFTY50-INDEX  (oi range: 342,680–35,054,110)
2026-08-17 11:12:15,034 - INFO - 📡 Fetching NSE:NIFTYBANK-INDEX @ 57147  expiry=26AUG  strikes=ATM±5
2026-08-17 11:12:45,282 - INFO - 📊 Saved 22 snapshots for NSE:NIFTYBANK-INDEX  (oi range: 10,440–1,138,860)
2026-08-17 11:12:46,375 - INFO - 📡 Fetching NSE:NIFTY50-INDEX @ 24236  expiry=26818  strikes=ATM±5
2026-08-17 11:13:16,307 - INFO - 📊 Saved 22 snapshots for NSE:NIFTY50-INDEX  (oi range: 343,330–35,082,775)
2026-08-17 11:13:17,409 - INFO - 📡 Fetching NSE:NIFTYBANK-INDEX @ 57143  expiry=26AUG  strikes=ATM±5
2026-08-17 11:13:47,334 - INFO - 📊 Saved 22 snapshots for NSE:NIFTYBANK-INDEX  (oi range: 10,470–1,140,150)
2026-08-17 11:13:48,424 - INFO - 📡 Fetching NSE:NIFTY50-INDEX @ 24236  expiry=26818  strikes=ATM±5
2026-08-17 11:14:18,344 - INFO - 📊 Saved 22 snapshots for NSE:NIFTY50-INDEX  (oi range: 347,165–35,109,815)
2026-08-17 11:14:19,437 - INFO - 📡 Fetching NSE:NIFTYBANK-INDEX @ 57144  expiry=26AUG  strikes=ATM±5
2026-08-17 11:14:49,206 - INFO - 📊 Saved 22 snapshots for NSE:NIFTYBANK-INDEX  (oi range: 10,470–1,140,750)
2026-08-17 11:14:50,301 - INFO - 📡 Fetching NSE:NIFTY50-INDEX @ 24236  expiry=26818  strikes=ATM±5
2026-08-17 11:15:05,797 - INFO - 🔔 [New Candle Closed] Running entry pipeline for candle 11:15 at 11:15:05...
2026-08-17 11:15:05,798 - INFO - --- 11:15:05 Market Pulse ---
2026-08-17 11:15:13,417 - ERROR - [Pipeline] Snapshot computation failed for NSE:NIFTY50-INDEX: 'LevelsView' object has no attribute 'resistance'
Traceback (most recent call last):
  File "/Users/kashishbaggafeast/Desktop/Bot/src/core/indicator_pipeline.py", line 332, in compute
    h1_zones = confirm_zones_with_geometry(h1_zones, geometry_ctx.levels)
  File "/Users/kashishbaggafeast/Desktop/Bot/src/core/zone_engine.py", line 209, in confirm_zones_with_geometry
    composites = levels_view.support() if zone.zone_type == "DEMAND" else levels_view.resistance()
AttributeError: 'LevelsView' object has no attribute 'resistance'
2026-08-17 11:15:13,417 - WARNING - ⚠️ Pipeline returned None for NSE:NIFTY50-INDEX
2026-08-17 11:15:14,982 - ERROR - [Pipeline] Snapshot computation failed for NSE:NIFTYBANK-INDEX: 'LevelsView' object has no attribute 'resistance'
Traceback (most recent call last):
  File "/Users/kashishbaggafeast/Desktop/Bot/src/core/indicator_pipeline.py", line 332, in compute
    h1_zones = confirm_zones_with_geometry(h1_zones, geometry_ctx.levels)
  File "/Users/kashishbaggafeast/Desktop/Bot/src/core/zone_engine.py", line 209, in confirm_zones_with_geometry
    composites = levels_view.support() if zone.zone_type == "DEMAND" else levels_view.resistance()
AttributeError: 'LevelsView' object has no attribute 'resistance'
2026-08-17 11:15:14,982 - WARNING - ⚠️ Pipeline returned None for NSE:NIFTYBANK-INDEX
2026-08-17 11:15:14,982 - INFO - 🧘 Status: Sidelined (No Institutional Alignment)
2026-08-17 11:15:21,298 - INFO - 📊 Saved 22 snapshots for NSE:NIFTY50-INDEX  (oi range: 348,270–35,097,530)
2026-08-17 11:15:22,396 - INFO - 📡 Fetching NSE:NIFTYBANK-INDEX @ 57132  expiry=26AUG  strikes=ATM±5
2026-08-17 11:15:52,321 - INFO - 📊 Saved 22 snapshots for NSE:NIFTYBANK-INDEX  (oi range: 10,440–1,140,750)
2026-08-17 11:15:53,423 - INFO - 📡 Fetching NSE:NIFTY50-INDEX @ 24237  expiry=26818  strikes=ATM±5
2026-08-17 11:16:23,631 - INFO - 📊 Saved 22 snapshots for NSE:NIFTY50-INDEX  (oi range: 349,050–35,166,040)
2026-08-17 11:16:24,735 - INFO - 📡 Fetching NSE:NIFTYBANK-INDEX @ 57136  expiry=26AUG  strikes=ATM±5
2026-08-17 11:16:54,449 - INFO - 📊 Saved 22 snapshots for NSE:NIFTYBANK-INDEX  (oi range: 10,440–1,141,080)
2026-08-17 11:16:55,549 - INFO - 📡 Fetching NSE:NIFTY50-INDEX @ 24238  expiry=26818  strikes=ATM±5
2026-08-17 11:17:25,588 - INFO - 📊 Saved 22 snapshots for NSE:NIFTY50-INDEX  (oi range: 350,285–35,336,730)
2026-08-17 11:17:26,867 - INFO - 📡 Fetching NSE:NIFTYBANK-INDEX @ 57137  expiry=26AUG  strikes=ATM±5
2026-08-17 11:17:56,433 - INFO - 📊 Saved 22 snapshots for NSE:NIFTYBANK-INDEX  (oi range: 10,560–1,141,770)
2026-08-17 11:17:57,539 - INFO - 📡 Fetching NSE:NIFTY50-INDEX @ 24236  expiry=26818  strikes=ATM±5
2026-08-17 11:18:27,940 - INFO - 📊 Saved 22 snapshots for NSE:NIFTY50-INDEX  (oi range: 352,625–35,383,270)
2026-08-17 11:18:29,041 - INFO - 📡 Fetching NSE:NIFTYBANK-INDEX @ 57161  expiry=26AUG  strikes=ATM±5
2026-08-17 11:18:58,839 - INFO - 📊 Saved 22 snapshots for NSE:NIFTYBANK-INDEX  (oi range: 25,050–1,142,700)
2026-08-17 11:18:59,940 - INFO - 📡 Fetching NSE:NIFTY50-INDEX @ 24237  expiry=26818  strikes=ATM±5
2026-08-17 11:19:30,004 - INFO - 📊 Saved 22 snapshots for NSE:NIFTY50-INDEX  (oi range: 350,610–35,374,040)
2026-08-17 11:19:31,109 - INFO - 📡 Fetching NSE:NIFTYBANK-INDEX @ 57158  expiry=26AUG  strikes=ATM±5
2026-08-17 11:20:00,978 - INFO - 📊 Saved 22 snapshots for NSE:NIFTYBANK-INDEX  (oi range: 25,080–1,144,320)
2026-08-17 11:20:02,081 - INFO - 📡 Fetching NSE:NIFTY50-INDEX @ 24235  expiry=26818  strikes=ATM±5
2026-08-17 11:20:05,052 - INFO - 🔔 [New Candle Closed] Running entry pipeline for candle 11:20 at 11:20:05...
2026-08-17 11:20:05,053 - INFO - --- 11:20:05 Market Pulse ---
2026-08-17 11:20:12,680 - ERROR - [Pipeline] Snapshot computation failed for NSE:NIFTY50-INDEX: 'LevelsView' object has no attribute 'resistance'
Traceback (most recent call last):
  File "/Users/kashishbaggafeast/Desktop/Bot/src/core/indicator_pipeline.py", line 332, in compute
    h1_zones = confirm_zones_with_geometry(h1_zones, geometry_ctx.levels)
  File "/Users/kashishbaggafeast/Desktop/Bot/src/core/zone_engine.py", line 209, in confirm_zones_with_geometry
    composites = levels_view.support() if zone.zone_type == "DEMAND" else levels_view.resistance()
AttributeError: 'LevelsView' object has no attribute 'resistance'
2026-08-17 11:20:12,681 - WARNING - ⚠️ Pipeline returned None for NSE:NIFTY50-INDEX
2026-08-17 11:20:14,260 - ERROR - [Pipeline] Snapshot computation failed for NSE:NIFTYBANK-INDEX: 'LevelsView' object has no attribute 'resistance'
Traceback (most recent call last):
  File "/Users/kashishbaggafeast/Desktop/Bot/src/core/indicator_pipeline.py", line 332, in compute
    h1_zones = confirm_zones_with_geometry(h1_zones, geometry_ctx.levels)
  File "/Users/kashishbaggafeast/Desktop/Bot/src/core/zone_engine.py", line 209, in confirm_zones_with_geometry
    composites = levels_view.support() if zone.zone_type == "DEMAND" else levels_view.resistance()
AttributeError: 'LevelsView' object has no attribute 'resistance'
2026-08-17 11:20:14,261 - WARNING - ⚠️ Pipeline returned None for NSE:NIFTYBANK-INDEX
2026-08-17 11:20:14,261 - INFO - 🧘 Status: Sidelined (No Institutional Alignment)
2026-08-17 11:20:32,646 - INFO - 📊 Saved 22 snapshots for NSE:NIFTY50-INDEX  (oi range: 351,130–35,545,445)
2026-08-17 11:20:33,747 - INFO - 📡 Fetching NSE:NIFTYBANK-INDEX @ 57143  expiry=26AUG  strikes=ATM±5
2026-08-17 11:21:03,352 - INFO - 📊 Saved 22 snapshots for NSE:NIFTYBANK-INDEX  (oi range: 10,590–1,144,890)
2026-08-17 11:21:04,447 - INFO - 📡 Fetching NSE:NIFTY50-INDEX @ 24234  expiry=26818  strikes=ATM±5
2026-08-17 11:21:34,326 - INFO - 📊 Saved 22 snapshots for NSE:NIFTY50-INDEX  (oi range: 354,640–35,537,515)
2026-08-17 11:21:35,422 - INFO - 📡 Fetching NSE:NIFTYBANK-INDEX @ 57141  expiry=26AUG  strikes=ATM±5
2026-08-17 11:22:05,451 - INFO - 📊 Saved 22 snapshots for NSE:NIFTYBANK-INDEX  (oi range: 10,620–1,146,450)
2026-08-17 11:22:06,639 - INFO - 📡 Fetching NSE:NIFTY50-INDEX @ 24232  expiry=26818  strikes=ATM±5
2026-08-17 11:22:37,154 - INFO - 📊 Saved 22 snapshots for NSE:NIFTY50-INDEX  (oi range: 357,695–35,519,510)
2026-08-17 11:22:38,253 - INFO - 📡 Fetching NSE:NIFTYBANK-INDEX @ 57136  expiry=26AUG  strikes=ATM±5
2026-08-17 11:23:08,112 - INFO - 📊 Saved 22 snapshots for NSE:NIFTYBANK-INDEX  (oi range: 10,620–1,147,680)
2026-08-17 11:23:09,225 - INFO - 📡 Fetching NSE:NIFTY50-INDEX @ 24230  expiry=26818  strikes=ATM±5
2026-08-17 11:23:39,040 - INFO - 📊 Saved 22 snapshots for NSE:NIFTY50-INDEX  (oi range: 356,850–35,596,015)
2026-08-17 11:23:40,137 - INFO - 📡 Fetching NSE:NIFTYBANK-INDEX @ 57134  expiry=26AUG  strikes=ATM±5
2026-08-17 11:24:10,180 - INFO - 📊 Saved 22 snapshots for NSE:NIFTYBANK-INDEX  (oi range: 10,620–1,146,570)
2026-08-17 11:24:11,274 - INFO - 📡 Fetching NSE:NIFTY50-INDEX @ 24229  expiry=26818  strikes=ATM±5
2026-08-17 11:24:41,242 - INFO - 📊 Saved 22 snapshots for NSE:NIFTY50-INDEX  (oi range: 361,920–35,541,480)
2026-08-17 11:24:42,338 - INFO - 📡 Fetching NSE:NIFTYBANK-INDEX @ 57137  expiry=26AUG  strikes=ATM±5
2026-08-17 11:25:05,337 - INFO - 🔔 [New Candle Closed] Running entry pipeline for candle 11:25 at 11:25:05...
2026-08-17 11:25:05,337 - INFO - --- 11:25:05 Market Pulse ---
2026-08-17 11:25:12,056 - INFO - 📊 Saved 22 snapshots for NSE:NIFTYBANK-INDEX  (oi range: 10,620–1,146,480)
2026-08-17 11:25:13,139 - INFO - 📡 Fetching NSE:NIFTY50-INDEX @ 24231  expiry=26818  strikes=ATM±5
2026-08-17 11:25:13,236 - ERROR - [Pipeline] Snapshot computation failed for NSE:NIFTY50-INDEX: 'LevelsView' object has no attribute 'resistance'
Traceback (most recent call last):
  File "/Users/kashishbaggafeast/Desktop/Bot/src/core/indicator_pipeline.py", line 332, in compute
    h1_zones = confirm_zones_with_geometry(h1_zones, geometry_ctx.levels)
  File "/Users/kashishbaggafeast/Desktop/Bot/src/core/zone_engine.py", line 209, in confirm_zones_with_geometry
    composites = levels_view.support() if zone.zone_type == "DEMAND" else levels_view.resistance()
AttributeError: 'LevelsView' object has no attribute 'resistance'
2026-08-17 11:25:13,237 - WARNING - ⚠️ Pipeline returned None for NSE:NIFTY50-INDEX
2026-08-17 11:25:14,832 - ERROR - [Pipeline] Snapshot computation failed for NSE:NIFTYBANK-INDEX: 'LevelsView' object has no attribute 'resistance'
Traceback (most recent call last):
  File "/Users/kashishbaggafeast/Desktop/Bot/src/core/indicator_pipeline.py", line 332, in compute
    h1_zones = confirm_zones_with_geometry(h1_zones, geometry_ctx.levels)
  File "/Users/kashishbaggafeast/Desktop/Bot/src/core/zone_engine.py", line 209, in confirm_zones_with_geometry
    composites = levels_view.support() if zone.zone_type == "DEMAND" else levels_view.resistance()
AttributeError: 'LevelsView' object has no attribute 'resistance'
2026-08-17 11:25:14,832 - WARNING - ⚠️ Pipeline returned None for NSE:NIFTYBANK-INDEX
2026-08-17 11:25:14,832 - INFO - 🧘 Status: Sidelined (No Institutional Alignment)
2026-08-17 11:25:43,416 - INFO - 📊 Saved 22 snapshots for NSE:NIFTY50-INDEX  (oi range: 361,985–35,633,325)
2026-08-17 11:25:44,519 - INFO - 📡 Fetching NSE:NIFTYBANK-INDEX @ 57135  expiry=26AUG  strikes=ATM±5
2026-08-17 11:26:15,777 - INFO - 📊 Saved 22 snapshots for NSE:NIFTYBANK-INDEX  (oi range: 10,530–1,141,560)
2026-08-17 11:26:16,873 - INFO - 📡 Fetching NSE:NIFTY50-INDEX @ 24233  expiry=26818  strikes=ATM±5
2026-08-17 11:26:47,166 - INFO - 📊 Saved 22 snapshots for NSE:NIFTY50-INDEX  (oi range: 365,365–35,688,965)
2026-08-17 11:26:48,263 - INFO - 📡 Fetching NSE:NIFTYBANK-INDEX @ 57152  expiry=26AUG  strikes=ATM±5
2026-08-17 11:27:18,155 - INFO - 📊 Saved 22 snapshots for NSE:NIFTYBANK-INDEX  (oi range: 24,960–1,141,080)
2026-08-17 11:27:19,258 - INFO - 📡 Fetching NSE:NIFTY50-INDEX @ 24240  expiry=26818  strikes=ATM±5
2026-08-17 11:27:49,023 - INFO - 📊 Saved 22 snapshots for NSE:NIFTY50-INDEX  (oi range: 361,205–35,767,485)
2026-08-17 11:27:50,117 - INFO - 📡 Fetching NSE:NIFTYBANK-INDEX @ 57153  expiry=26AUG  strikes=ATM±5
2026-08-17 11:28:19,708 - INFO - 📊 Saved 22 snapshots for NSE:NIFTYBANK-INDEX  (oi range: 24,960–1,142,700)
2026-08-17 11:28:20,816 - INFO - 📡 Fetching NSE:NIFTY50-INDEX @ 24241  expiry=26818  strikes=ATM±5
2026-08-17 11:28:51,758 - INFO - 📊 Saved 22 snapshots for NSE:NIFTY50-INDEX  (oi range: 354,705–35,989,005)
2026-08-17 11:28:52,852 - INFO - 📡 Fetching NSE:NIFTYBANK-INDEX @ 57165  expiry=26AUG  strikes=ATM±5
2026-08-17 11:29:22,858 - INFO - 📊 Saved 22 snapshots for NSE:NIFTYBANK-INDEX  (oi range: 24,960–1,141,530)
2026-08-17 11:29:23,954 - INFO - 📡 Fetching NSE:NIFTY50-INDEX @ 24239  expiry=26818  strikes=ATM±5
2026-08-17 11:29:53,847 - INFO - 📊 Saved 22 snapshots for NSE:NIFTY50-INDEX  (oi range: 350,090–36,037,105)
2026-08-17 11:29:54,941 - INFO - 📡 Fetching NSE:NIFTYBANK-INDEX @ 57152  expiry=26AUG  strikes=ATM±5
2026-08-17 11:30:05,898 - INFO - 🔔 [New Candle Closed] Running entry pipeline for candle 11:30 at 11:30:05...
2026-08-17 11:30:05,898 - INFO - --- 11:30:05 Market Pulse ---
2026-08-17 11:30:13,518 - ERROR - [Pipeline] Snapshot computation failed for NSE:NIFTY50-INDEX: 'LevelsView' object has no attribute 'resistance'
Traceback (most recent call last):
  File "/Users/kashishbaggafeast/Desktop/Bot/src/core/indicator_pipeline.py", line 332, in compute
    h1_zones = confirm_zones_with_geometry(h1_zones, geometry_ctx.levels)
  File "/Users/kashishbaggafeast/Desktop/Bot/src/core/zone_engine.py", line 209, in confirm_zones_with_geometry
    composites = levels_view.support() if zone.zone_type == "DEMAND" else levels_view.resistance()
AttributeError: 'LevelsView' object has no attribute 'resistance'
2026-08-17 11:30:13,519 - WARNING - ⚠️ Pipeline returned None for NSE:NIFTY50-INDEX
2026-08-17 11:30:15,109 - ERROR - [Pipeline] Snapshot computation failed for NSE:NIFTYBANK-INDEX: 'LevelsView' object has no attribute 'resistance'
Traceback (most recent call last):
  File "/Users/kashishbaggafeast/Desktop/Bot/src/core/indicator_pipeline.py", line 332, in compute
    h1_zones = confirm_zones_with_geometry(h1_zones, geometry_ctx.levels)
  File "/Users/kashishbaggafeast/Desktop/Bot/src/core/zone_engine.py", line 209, in confirm_zones_with_geometry
    composites = levels_view.support() if zone.zone_type == "DEMAND" else levels_view.resistance()
AttributeError: 'LevelsView' object has no attribute 'resistance'
2026-08-17 11:30:15,109 - WARNING - ⚠️ Pipeline returned None for NSE:NIFTYBANK-INDEX
2026-08-17 11:30:15,109 - INFO - 🧘 Status: Sidelined (No Institutional Alignment)
2026-08-17 11:30:25,329 - INFO - 📊 Saved 22 snapshots for NSE:NIFTYBANK-INDEX  (oi range: 24,960–1,142,970)
2026-08-17 11:30:26,427 - INFO - 📡 Fetching NSE:NIFTY50-INDEX @ 24239  expiry=26818  strikes=ATM±5
2026-08-17 11:30:56,172 - INFO - 📊 Saved 22 snapshots for NSE:NIFTY50-INDEX  (oi range: 354,640–36,288,135)
2026-08-17 11:30:57,277 - INFO - 📡 Fetching NSE:NIFTYBANK-INDEX @ 57139  expiry=26AUG  strikes=ATM±5
2026-08-17 11:31:26,939 - INFO - 📊 Saved 22 snapshots for NSE:NIFTYBANK-INDEX  (oi range: 10,500–1,142,790)
2026-08-17 11:31:28,034 - INFO - 📡 Fetching NSE:NIFTY50-INDEX @ 24240  expiry=26818  strikes=ATM±5
2026-08-17 11:31:58,296 - INFO - 📊 Saved 22 snapshots for NSE:NIFTY50-INDEX  (oi range: 358,735–36,379,070)
2026-08-17 11:31:59,394 - INFO - 📡 Fetching NSE:NIFTYBANK-INDEX @ 57138  expiry=26AUG  strikes=ATM±5
2026-08-17 11:32:29,000 - INFO - 📊 Saved 22 snapshots for NSE:NIFTYBANK-INDEX  (oi range: 10,530–1,143,420)
2026-08-17 11:32:30,102 - INFO - 📡 Fetching NSE:NIFTY50-INDEX @ 24240  expiry=26818  strikes=ATM±5
2026-08-17 11:33:00,195 - INFO - 📊 Saved 22 snapshots for NSE:NIFTY50-INDEX  (oi range: 359,190–36,566,075)
2026-08-17 11:33:01,295 - INFO - 📡 Fetching NSE:NIFTYBANK-INDEX @ 57155  expiry=26AUG  strikes=ATM±5
2026-08-17 11:33:31,394 - INFO - 📊 Saved 22 snapshots for NSE:NIFTYBANK-INDEX  (oi range: 24,900–1,142,370)
2026-08-17 11:33:32,488 - INFO - 📡 Fetching NSE:NIFTY50-INDEX @ 24243  expiry=26818  strikes=ATM±5
2026-08-17 11:34:02,422 - INFO - 📊 Saved 22 snapshots for NSE:NIFTY50-INDEX  (oi range: 358,930–36,504,975)
2026-08-17 11:34:03,517 - INFO - 📡 Fetching NSE:NIFTYBANK-INDEX @ 57166  expiry=26AUG  strikes=ATM±5
2026-08-17 11:34:33,446 - INFO - 📊 Saved 22 snapshots for NSE:NIFTYBANK-INDEX  (oi range: 24,900–1,142,790)
2026-08-17 11:34:34,542 - INFO - 📡 Fetching NSE:NIFTY50-INDEX @ 24241  expiry=26818  strikes=ATM±5
2026-08-17 11:35:04,610 - INFO - 📊 Saved 22 snapshots for NSE:NIFTY50-INDEX  (oi range: 355,420–36,685,480)
2026-08-17 11:35:05,176 - INFO - 🔔 [New Candle Closed] Running entry pipeline for candle 11:35 at 11:35:05...
2026-08-17 11:35:05,177 - INFO - --- 11:35:05 Market Pulse ---
2026-08-17 11:35:05,700 - INFO - 📡 Fetching NSE:NIFTYBANK-INDEX @ 57168  expiry=26AUG  strikes=ATM±5
2026-08-17 11:35:12,919 - ERROR - [Pipeline] Snapshot computation failed for NSE:NIFTY50-INDEX: 'LevelsView' object has no attribute 'resistance'
Traceback (most recent call last):
  File "/Users/kashishbaggafeast/Desktop/Bot/src/core/indicator_pipeline.py", line 332, in compute
    h1_zones = confirm_zones_with_geometry(h1_zones, geometry_ctx.levels)
  File "/Users/kashishbaggafeast/Desktop/Bot/src/core/zone_engine.py", line 209, in confirm_zones_with_geometry
    composites = levels_view.support() if zone.zone_type == "DEMAND" else levels_view.resistance()
AttributeError: 'LevelsView' object has no attribute 'resistance'
2026-08-17 11:35:12,920 - WARNING - ⚠️ Pipeline returned None for NSE:NIFTY50-INDEX
2026-08-17 11:35:14,598 - ERROR - [Pipeline] Snapshot computation failed for NSE:NIFTYBANK-INDEX: 'LevelsView' object has no attribute 'resistance'
Traceback (most recent call last):
  File "/Users/kashishbaggafeast/Desktop/Bot/src/core/indicator_pipeline.py", line 332, in compute
    h1_zones = confirm_zones_with_geometry(h1_zones, geometry_ctx.levels)
  File "/Users/kashishbaggafeast/Desktop/Bot/src/core/zone_engine.py", line 209, in confirm_zones_with_geometry
    composites = levels_view.support() if zone.zone_type == "DEMAND" else levels_view.resistance()
AttributeError: 'LevelsView' object has no attribute 'resistance'
2026-08-17 11:35:14,599 - WARNING - ⚠️ Pipeline returned None for NSE:NIFTYBANK-INDEX
2026-08-17 11:35:14,599 - INFO - 🧘 Status: Sidelined (No Institutional Alignment)
2026-08-17 11:35:36,635 - INFO - 📊 Saved 22 snapshots for NSE:NIFTYBANK-INDEX  (oi range: 24,900–1,145,910)
2026-08-17 11:35:37,898 - INFO - 📡 Fetching NSE:NIFTY50-INDEX @ 24245  expiry=26818  strikes=ATM±5
2026-08-17 11:36:07,848 - INFO - 📊 Saved 22 snapshots for NSE:NIFTY50-INDEX  (oi range: 374,010–36,527,140)
2026-08-17 11:36:08,950 - INFO - 📡 Fetching NSE:NIFTYBANK-INDEX @ 57166  expiry=26AUG  strikes=ATM±5
2026-08-17 11:36:38,895 - INFO - 📊 Saved 22 snapshots for NSE:NIFTYBANK-INDEX  (oi range: 24,930–1,147,230)
2026-08-17 11:36:39,995 - INFO - 📡 Fetching NSE:NIFTY50-INDEX @ 24245  expiry=26818  strikes=ATM±5
2026-08-17 11:37:09,809 - INFO - 📊 Saved 22 snapshots for NSE:NIFTY50-INDEX  (oi range: 372,190–36,678,980)
2026-08-17 11:37:10,903 - INFO - 📡 Fetching NSE:NIFTYBANK-INDEX @ 57160  expiry=26AUG  strikes=ATM±5
2026-08-17 11:37:40,805 - INFO - 📊 Saved 22 snapshots for NSE:NIFTYBANK-INDEX  (oi range: 24,870–1,149,540)
2026-08-17 11:37:41,904 - INFO - 📡 Fetching NSE:NIFTY50-INDEX @ 24241  expiry=26818  strikes=ATM±5
2026-08-17 11:38:12,101 - INFO - 📊 Saved 22 snapshots for NSE:NIFTY50-INDEX  (oi range: 352,690–36,726,365)
2026-08-17 11:38:13,198 - INFO - 📡 Fetching NSE:NIFTYBANK-INDEX @ 57157  expiry=26AUG  strikes=ATM±5
2026-08-17 11:38:43,126 - INFO - 📊 Saved 22 snapshots for NSE:NIFTYBANK-INDEX  (oi range: 24,870–1,148,700)
2026-08-17 11:38:44,377 - INFO - 📡 Fetching NSE:NIFTY50-INDEX @ 24242  expiry=26818  strikes=ATM±5
2026-08-17 11:39:14,207 - INFO - 📊 Saved 22 snapshots for NSE:NIFTY50-INDEX  (oi range: 352,625–36,719,345)
2026-08-17 11:39:15,304 - INFO - 📡 Fetching NSE:NIFTYBANK-INDEX @ 57146  expiry=26AUG  strikes=ATM±5
2026-08-17 11:39:45,388 - INFO - 📊 Saved 22 snapshots for NSE:NIFTYBANK-INDEX  (oi range: 10,500–1,150,920)
2026-08-17 11:39:46,504 - INFO - 📡 Fetching NSE:NIFTY50-INDEX @ 24240  expiry=26818  strikes=ATM±5
2026-08-17 11:40:05,664 - INFO - 🔔 [New Candle Closed] Running entry pipeline for candle 11:40 at 11:40:05...
2026-08-17 11:40:05,665 - INFO - --- 11:40:05 Market Pulse ---
2026-08-17 11:40:13,408 - ERROR - [Pipeline] Snapshot computation failed for NSE:NIFTY50-INDEX: 'LevelsView' object has no attribute 'resistance'
Traceback (most recent call last):
  File "/Users/kashishbaggafeast/Desktop/Bot/src/core/indicator_pipeline.py", line 332, in compute
    h1_zones = confirm_zones_with_geometry(h1_zones, geometry_ctx.levels)
  File "/Users/kashishbaggafeast/Desktop/Bot/src/core/zone_engine.py", line 209, in confirm_zones_with_geometry
    composites = levels_view.support() if zone.zone_type == "DEMAND" else levels_view.resistance()
AttributeError: 'LevelsView' object has no attribute 'resistance'
2026-08-17 11:40:13,408 - WARNING - ⚠️ Pipeline returned None for NSE:NIFTY50-INDEX
2026-08-17 11:40:15,091 - ERROR - [Pipeline] Snapshot computation failed for NSE:NIFTYBANK-INDEX: 'LevelsView' object has no attribute 'resistance'
Traceback (most recent call last):
  File "/Users/kashishbaggafeast/Desktop/Bot/src/core/indicator_pipeline.py", line 332, in compute
    h1_zones = confirm_zones_with_geometry(h1_zones, geometry_ctx.levels)
  File "/Users/kashishbaggafeast/Desktop/Bot/src/core/zone_engine.py", line 209, in confirm_zones_with_geometry
    composites = levels_view.support() if zone.zone_type == "DEMAND" else levels_view.resistance()
AttributeError: 'LevelsView' object has no attribute 'resistance'
2026-08-17 11:40:15,092 - WARNING - ⚠️ Pipeline returned None for NSE:NIFTYBANK-INDEX
2026-08-17 11:40:15,092 - INFO - 🧘 Status: Sidelined (No Institutional Alignment)
2026-08-17 11:40:17,496 - INFO - 📊 Saved 22 snapshots for NSE:NIFTY50-INDEX  (oi range: 351,325–36,606,440)
2026-08-17 11:40:18,601 - INFO - 📡 Fetching NSE:NIFTYBANK-INDEX @ 57142  expiry=26AUG  strikes=ATM±5
2026-08-17 11:40:48,491 - INFO - 📊 Saved 22 snapshots for NSE:NIFTYBANK-INDEX  (oi range: 10,500–1,151,220)
2026-08-17 11:40:49,588 - INFO - 📡 Fetching NSE:NIFTY50-INDEX @ 24243  expiry=26818  strikes=ATM±5
2026-08-17 11:41:19,712 - INFO - 📊 Saved 22 snapshots for NSE:NIFTY50-INDEX  (oi range: 351,325–36,432,760)
2026-08-17 11:41:20,807 - INFO - 📡 Fetching NSE:NIFTYBANK-INDEX @ 57157  expiry=26AUG  strikes=ATM±5
2026-08-17 11:41:50,915 - INFO - 📊 Saved 22 snapshots for NSE:NIFTYBANK-INDEX  (oi range: 24,900–1,151,280)
2026-08-17 11:41:52,019 - INFO - 📡 Fetching NSE:NIFTY50-INDEX @ 24245  expiry=26818  strikes=ATM±5
2026-08-17 11:42:21,842 - INFO - 📊 Saved 22 snapshots for NSE:NIFTY50-INDEX  (oi range: 353,080–36,408,840)
2026-08-17 11:42:23,147 - INFO - 📡 Fetching NSE:NIFTYBANK-INDEX @ 57149  expiry=26AUG  strikes=ATM±5
2026-08-17 11:42:53,343 - INFO - 📊 Saved 22 snapshots for NSE:NIFTYBANK-INDEX  (oi range: 10,500–1,151,520)
2026-08-17 11:42:54,438 - INFO - 📡 Fetching NSE:NIFTY50-INDEX @ 24245  expiry=26818  strikes=ATM±5
2026-08-17 11:43:24,531 - INFO - 📊 Saved 22 snapshots for NSE:NIFTY50-INDEX  (oi range: 340,860–36,381,410)
2026-08-17 11:43:25,632 - INFO - 📡 Fetching NSE:NIFTYBANK-INDEX @ 57153  expiry=26AUG  strikes=ATM±5
2026-08-17 11:43:55,834 - INFO - 📊 Saved 22 snapshots for NSE:NIFTYBANK-INDEX  (oi range: 24,900–1,151,850)
2026-08-17 11:43:56,933 - INFO - 📡 Fetching NSE:NIFTY50-INDEX @ 24245  expiry=26818  strikes=ATM±5
2026-08-17 11:44:27,056 - INFO - 📊 Saved 22 snapshots for NSE:NIFTY50-INDEX  (oi range: 340,925–36,429,835)
2026-08-17 11:44:28,156 - INFO - 📡 Fetching NSE:NIFTYBANK-INDEX @ 57149  expiry=26AUG  strikes=ATM±5
2026-08-17 11:44:57,924 - INFO - 📊 Saved 22 snapshots for NSE:NIFTYBANK-INDEX  (oi range: 10,500–1,152,120)
2026-08-17 11:44:59,026 - INFO - 📡 Fetching NSE:NIFTY50-INDEX @ 24246  expiry=26818  strikes=ATM±5
2026-08-17 11:45:05,165 - INFO - 🔔 [New Candle Closed] Running entry pipeline for candle 11:45 at 11:45:05...
2026-08-17 11:45:05,166 - INFO - --- 11:45:05 Market Pulse ---
2026-08-17 11:45:13,103 - ERROR - [Pipeline] Snapshot computation failed for NSE:NIFTY50-INDEX: 'LevelsView' object has no attribute 'resistance'
Traceback (most recent call last):
  File "/Users/kashishbaggafeast/Desktop/Bot/src/core/indicator_pipeline.py", line 332, in compute
    h1_zones = confirm_zones_with_geometry(h1_zones, geometry_ctx.levels)
  File "/Users/kashishbaggafeast/Desktop/Bot/src/core/zone_engine.py", line 209, in confirm_zones_with_geometry
    composites = levels_view.support() if zone.zone_type == "DEMAND" else levels_view.resistance()
AttributeError: 'LevelsView' object has no attribute 'resistance'
2026-08-17 11:45:13,103 - WARNING - ⚠️ Pipeline returned None for NSE:NIFTY50-INDEX
2026-08-17 11:45:14,777 - ERROR - [Pipeline] Snapshot computation failed for NSE:NIFTYBANK-INDEX: 'LevelsView' object has no attribute 'resistance'
Traceback (most recent call last):
  File "/Users/kashishbaggafeast/Desktop/Bot/src/core/indicator_pipeline.py", line 332, in compute
    h1_zones = confirm_zones_with_geometry(h1_zones, geometry_ctx.levels)
  File "/Users/kashishbaggafeast/Desktop/Bot/src/core/zone_engine.py", line 209, in confirm_zones_with_geometry
    composites = levels_view.support() if zone.zone_type == "DEMAND" else levels_view.resistance()
AttributeError: 'LevelsView' object has no attribute 'resistance'
2026-08-17 11:45:14,779 - WARNING - ⚠️ Pipeline returned None for NSE:NIFTYBANK-INDEX
2026-08-17 11:45:14,779 - INFO - 🧘 Status: Sidelined (No Institutional Alignment)
2026-08-17 11:45:29,172 - INFO - 📊 Saved 22 snapshots for NSE:NIFTY50-INDEX  (oi range: 339,235–36,477,155)
2026-08-17 11:45:30,266 - INFO - 📡 Fetching NSE:NIFTYBANK-INDEX @ 57155  expiry=26AUG  strikes=ATM±5
2026-08-17 11:46:01,384 - INFO - 📊 Saved 22 snapshots for NSE:NIFTYBANK-INDEX  (oi range: 24,840–1,153,830)
2026-08-17 11:46:02,479 - INFO - 📡 Fetching NSE:NIFTY50-INDEX @ 24246  expiry=26818  strikes=ATM±5
2026-08-17 11:46:32,414 - INFO - 📊 Saved 22 snapshots for NSE:NIFTY50-INDEX  (oi range: 339,300–36,557,235)
2026-08-17 11:46:33,511 - INFO - 📡 Fetching NSE:NIFTYBANK-INDEX @ 57147  expiry=26AUG  strikes=ATM±5
2026-08-17 11:47:03,301 - INFO - 📊 Saved 22 snapshots for NSE:NIFTYBANK-INDEX  (oi range: 10,530–1,154,190)
2026-08-17 11:47:04,404 - INFO - 📡 Fetching NSE:NIFTY50-INDEX @ 24244  expiry=26818  strikes=ATM±5
2026-08-17 11:47:34,284 - INFO - 📊 Saved 22 snapshots for NSE:NIFTY50-INDEX  (oi range: 340,340–36,576,605)
2026-08-17 11:47:35,384 - INFO - 📡 Fetching NSE:NIFTYBANK-INDEX @ 57161  expiry=26AUG  strikes=ATM±5
2026-08-17 11:48:05,463 - INFO - 📊 Saved 22 snapshots for NSE:NIFTYBANK-INDEX  (oi range: 24,840–1,153,710)
2026-08-17 11:48:06,564 - INFO - 📡 Fetching NSE:NIFTY50-INDEX @ 24249  expiry=26818  strikes=ATM±5
2026-08-17 11:48:36,648 - INFO - 📊 Saved 22 snapshots for NSE:NIFTY50-INDEX  (oi range: 341,705–36,503,155)
2026-08-17 11:48:38,332 - INFO - 📡 Fetching NSE:NIFTYBANK-INDEX @ 57148  expiry=26AUG  strikes=ATM±5
2026-08-17 11:49:07,653 - INFO - 📊 Saved 22 snapshots for NSE:NIFTYBANK-INDEX  (oi range: 10,530–1,154,520)
2026-08-17 11:49:08,747 - INFO - 📡 Fetching NSE:NIFTY50-INDEX @ 24255  expiry=26818  strikes=ATM±5
2026-08-17 11:49:38,822 - INFO - 📊 Saved 22 snapshots for NSE:NIFTY50-INDEX  (oi range: 335,725–36,317,320)
2026-08-17 11:49:39,920 - INFO - 📡 Fetching NSE:NIFTYBANK-INDEX @ 57163  expiry=26AUG  strikes=ATM±5
2026-08-17 11:50:05,844 - INFO - 🔔 [New Candle Closed] Running entry pipeline for candle 11:50 at 11:50:05...
2026-08-17 11:50:05,845 - INFO - --- 11:50:05 Market Pulse ---
2026-08-17 11:50:09,498 - INFO - 📊 Saved 22 snapshots for NSE:NIFTYBANK-INDEX  (oi range: 24,810–1,155,060)
2026-08-17 11:50:10,598 - INFO - 📡 Fetching NSE:NIFTY50-INDEX @ 24255  expiry=26818  strikes=ATM±5
2026-08-17 11:50:13,601 - ERROR - [Pipeline] Snapshot computation failed for NSE:NIFTY50-INDEX: 'LevelsView' object has no attribute 'resistance'
Traceback (most recent call last):
  File "/Users/kashishbaggafeast/Desktop/Bot/src/core/indicator_pipeline.py", line 332, in compute
    h1_zones = confirm_zones_with_geometry(h1_zones, geometry_ctx.levels)
  File "/Users/kashishbaggafeast/Desktop/Bot/src/core/zone_engine.py", line 209, in confirm_zones_with_geometry
    composites = levels_view.support() if zone.zone_type == "DEMAND" else levels_view.resistance()
AttributeError: 'LevelsView' object has no attribute 'resistance'
2026-08-17 11:50:13,602 - WARNING - ⚠️ Pipeline returned None for NSE:NIFTY50-INDEX
2026-08-17 11:50:15,392 - ERROR - [Pipeline] Snapshot computation failed for NSE:NIFTYBANK-INDEX: 'LevelsView' object has no attribute 'resistance'
Traceback (most recent call last):
  File "/Users/kashishbaggafeast/Desktop/Bot/src/core/indicator_pipeline.py", line 332, in compute
    h1_zones = confirm_zones_with_geometry(h1_zones, geometry_ctx.levels)
  File "/Users/kashishbaggafeast/Desktop/Bot/src/core/zone_engine.py", line 209, in confirm_zones_with_geometry
    composites = levels_view.support() if zone.zone_type == "DEMAND" else levels_view.resistance()
AttributeError: 'LevelsView' object has no attribute 'resistance'
2026-08-17 11:50:15,394 - WARNING - ⚠️ Pipeline returned None for NSE:NIFTYBANK-INDEX
2026-08-17 11:50:15,394 - INFO - 🧘 Status: Sidelined (No Institutional Alignment)
2026-08-17 11:50:41,227 - INFO - 📊 Saved 22 snapshots for NSE:NIFTY50-INDEX  (oi range: 328,185–36,272,665)
2026-08-17 11:50:42,321 - INFO - 📡 Fetching NSE:NIFTYBANK-INDEX @ 57181  expiry=26AUG  strikes=ATM±5
2026-08-17 11:51:12,304 - INFO - 📊 Saved 22 snapshots for NSE:NIFTYBANK-INDEX  (oi range: 24,960–1,152,420)
2026-08-17 11:51:13,399 - INFO - 📡 Fetching NSE:NIFTY50-INDEX @ 24264  expiry=26818  strikes=ATM±5
2026-08-17 11:51:43,482 - INFO - 📊 Saved 22 snapshots for NSE:NIFTY50-INDEX  (oi range: 335,855–36,054,135)
2026-08-17 11:51:44,581 - INFO - 📡 Fetching NSE:NIFTYBANK-INDEX @ 57199  expiry=26AUG  strikes=ATM±5
2026-08-17 11:52:14,355 - INFO - 📊 Saved 22 snapshots for NSE:NIFTYBANK-INDEX  (oi range: 24,900–1,149,390)
2026-08-17 11:52:15,624 - INFO - 📡 Fetching NSE:NIFTY50-INDEX @ 24270  expiry=26818  strikes=ATM±5
2026-08-17 11:52:46,356 - INFO - 📊 Saved 22 snapshots for NSE:NIFTY50-INDEX  (oi range: 326,365–35,795,760)
2026-08-17 11:52:47,472 - INFO - 📡 Fetching NSE:NIFTYBANK-INDEX @ 57212  expiry=26AUG  strikes=ATM±5
2026-08-17 11:53:17,418 - INFO - 📊 Saved 22 snapshots for NSE:NIFTYBANK-INDEX  (oi range: 24,900–1,143,780)
2026-08-17 11:53:18,517 - INFO - 📡 Fetching NSE:NIFTY50-INDEX @ 24271  expiry=26818  strikes=ATM±5
2026-08-17 11:53:48,575 - INFO - 📊 Saved 22 snapshots for NSE:NIFTY50-INDEX  (oi range: 303,030–35,335,560)
2026-08-17 11:53:49,681 - INFO - 📡 Fetching NSE:NIFTYBANK-INDEX @ 57197  expiry=26AUG  strikes=ATM±5
2026-08-17 11:54:19,692 - INFO - 📊 Saved 22 snapshots for NSE:NIFTYBANK-INDEX  (oi range: 24,810–1,141,470)
2026-08-17 11:54:20,796 - INFO - 📡 Fetching NSE:NIFTY50-INDEX @ 24267  expiry=26818  strikes=ATM±5
2026-08-17 11:54:51,075 - INFO - 📊 Saved 22 snapshots for NSE:NIFTY50-INDEX  (oi range: 302,185–34,801,000)
2026-08-17 11:54:52,177 - INFO - 📡 Fetching NSE:NIFTYBANK-INDEX @ 57183  expiry=26AUG  strikes=ATM±5
2026-08-17 11:55:05,458 - INFO - 🔔 [New Candle Closed] Running entry pipeline for candle 11:55 at 11:55:05...
2026-08-17 11:55:05,458 - INFO - --- 11:55:05 Market Pulse ---
2026-08-17 11:55:13,174 - ERROR - [Pipeline] Snapshot computation failed for NSE:NIFTY50-INDEX: 'LevelsView' object has no attribute 'resistance'
Traceback (most recent call last):
  File "/Users/kashishbaggafeast/Desktop/Bot/src/core/indicator_pipeline.py", line 332, in compute
    h1_zones = confirm_zones_with_geometry(h1_zones, geometry_ctx.levels)
  File "/Users/kashishbaggafeast/Desktop/Bot/src/core/zone_engine.py", line 209, in confirm_zones_with_geometry
    composites = levels_view.support() if zone.zone_type == "DEMAND" else levels_view.resistance()
AttributeError: 'LevelsView' object has no attribute 'resistance'
2026-08-17 11:55:13,174 - WARNING - ⚠️ Pipeline returned None for NSE:NIFTY50-INDEX
2026-08-17 11:55:14,948 - ERROR - [Pipeline] Snapshot computation failed for NSE:NIFTYBANK-INDEX: 'LevelsView' object has no attribute 'resistance'
Traceback (most recent call last):
  File "/Users/kashishbaggafeast/Desktop/Bot/src/core/indicator_pipeline.py", line 332, in compute
    h1_zones = confirm_zones_with_geometry(h1_zones, geometry_ctx.levels)
  File "/Users/kashishbaggafeast/Desktop/Bot/src/core/zone_engine.py", line 209, in confirm_zones_with_geometry
    composites = levels_view.support() if zone.zone_type == "DEMAND" else levels_view.resistance()
AttributeError: 'LevelsView' object has no attribute 'resistance'
2026-08-17 11:55:14,949 - WARNING - ⚠️ Pipeline returned None for NSE:NIFTYBANK-INDEX
2026-08-17 11:55:14,949 - INFO - 🧘 Status: Sidelined (No Institutional Alignment)
2026-08-17 11:55:22,581 - INFO - 📊 Saved 22 snapshots for NSE:NIFTYBANK-INDEX  (oi range: 24,900–1,143,210)
2026-08-17 11:55:23,674 - INFO - 📡 Fetching NSE:NIFTY50-INDEX @ 24266  expiry=26818  strikes=ATM±5
2026-08-17 11:55:53,515 - INFO - 📊 Saved 22 snapshots for NSE:NIFTY50-INDEX  (oi range: 299,585–34,852,870)
2026-08-17 11:55:54,620 - INFO - 📡 Fetching NSE:NIFTYBANK-INDEX @ 57186  expiry=26AUG  strikes=ATM±5
2026-08-17 11:56:24,428 - INFO - 📊 Saved 22 snapshots for NSE:NIFTYBANK-INDEX  (oi range: 24,750–1,144,560)
2026-08-17 11:56:25,524 - INFO - 📡 Fetching NSE:NIFTY50-INDEX @ 24273  expiry=26818  strikes=ATM±5
2026-08-17 11:56:55,350 - INFO - 📊 Saved 22 snapshots for NSE:NIFTY50-INDEX  (oi range: 299,585–34,940,425)
2026-08-17 11:56:56,457 - INFO - 📡 Fetching NSE:NIFTYBANK-INDEX @ 57193  expiry=26AUG  strikes=ATM±5
2026-08-17 11:57:26,449 - INFO - 📊 Saved 22 snapshots for NSE:NIFTYBANK-INDEX  (oi range: 24,780–1,145,580)
2026-08-17 11:57:27,567 - INFO - 📡 Fetching NSE:NIFTY50-INDEX @ 24267  expiry=26818  strikes=ATM±5
2026-08-17 11:57:57,695 - INFO - 📊 Saved 22 snapshots for NSE:NIFTY50-INDEX  (oi range: 298,285–35,079,135)
2026-08-17 11:57:58,790 - INFO - 📡 Fetching NSE:NIFTYBANK-INDEX @ 57198  expiry=26AUG  strikes=ATM±5
2026-08-17 11:58:28,734 - INFO - 📊 Saved 22 snapshots for NSE:NIFTYBANK-INDEX  (oi range: 24,780–1,145,490)
2026-08-17 11:58:29,827 - INFO - 📡 Fetching NSE:NIFTY50-INDEX @ 24269  expiry=26818  strikes=ATM±5
2026-08-17 11:58:59,924 - INFO - 📊 Saved 22 snapshots for NSE:NIFTY50-INDEX  (oi range: 297,505–35,080,500)
2026-08-17 11:59:01,127 - INFO - 📡 Fetching NSE:NIFTYBANK-INDEX @ 57203  expiry=26AUG  strikes=ATM±5
2026-08-17 11:59:32,056 - INFO - 📊 Saved 22 snapshots for NSE:NIFTYBANK-INDEX  (oi range: 24,840–1,145,070)
2026-08-17 11:59:33,154 - INFO - 📡 Fetching NSE:NIFTY50-INDEX @ 24272  expiry=26818  strikes=ATM±5
2026-08-17 12:00:03,437 - INFO - 📊 Saved 22 snapshots for NSE:NIFTY50-INDEX  (oi range: 295,425–35,061,195)
2026-08-17 12:00:04,549 - INFO - 📡 Fetching NSE:NIFTYBANK-INDEX @ 57218  expiry=26AUG  strikes=ATM±5
2026-08-17 12:00:05,025 - INFO - 🔔 [New Candle Closed] Running entry pipeline for candle 12:00 at 12:00:05...
2026-08-17 12:00:05,025 - INFO - --- 12:00:05 Market Pulse ---
2026-08-17 12:00:12,768 - ERROR - [Pipeline] Snapshot computation failed for NSE:NIFTY50-INDEX: 'LevelsView' object has no attribute 'resistance'
Traceback (most recent call last):
  File "/Users/kashishbaggafeast/Desktop/Bot/src/core/indicator_pipeline.py", line 332, in compute
    h1_zones = confirm_zones_with_geometry(h1_zones, geometry_ctx.levels)
  File "/Users/kashishbaggafeast/Desktop/Bot/src/core/zone_engine.py", line 209, in confirm_zones_with_geometry
    composites = levels_view.support() if zone.zone_type == "DEMAND" else levels_view.resistance()
AttributeError: 'LevelsView' object has no attribute 'resistance'
2026-08-17 12:00:12,769 - WARNING - ⚠️ Pipeline returned None for NSE:NIFTY50-INDEX
2026-08-17 12:00:14,584 - ERROR - [Pipeline] Snapshot computation failed for NSE:NIFTYBANK-INDEX: 'LevelsView' object has no attribute 'resistance'
Traceback (most recent call last):
  File "/Users/kashishbaggafeast/Desktop/Bot/src/core/indicator_pipeline.py", line 332, in compute
    h1_zones = confirm_zones_with_geometry(h1_zones, geometry_ctx.levels)
  File "/Users/kashishbaggafeast/Desktop/Bot/src/core/zone_engine.py", line 209, in confirm_zones_with_geometry
    composites = levels_view.support() if zone.zone_type == "DEMAND" else levels_view.resistance()
AttributeError: 'LevelsView' object has no attribute 'resistance'
2026-08-17 12:00:14,584 - WARNING - ⚠️ Pipeline returned None for NSE:NIFTYBANK-INDEX
2026-08-17 12:00:14,584 - INFO - 🧘 Status: Sidelined (No Institutional Alignment)
2026-08-17 12:00:36,111 - INFO - 📊 Saved 22 snapshots for NSE:NIFTYBANK-INDEX  (oi range: 24,840–1,144,440)
2026-08-17 12:00:37,374 - INFO - 📡 Fetching NSE:NIFTY50-INDEX @ 24272  expiry=26818  strikes=ATM±5
2026-08-17 12:01:07,171 - INFO - 📊 Saved 22 snapshots for NSE:NIFTY50-INDEX  (oi range: 290,615–35,157,590)
2026-08-17 12:01:08,269 - INFO - 📡 Fetching NSE:NIFTYBANK-INDEX @ 57222  expiry=26AUG  strikes=ATM±5
2026-08-17 12:01:38,260 - INFO - 📊 Saved 22 snapshots for NSE:NIFTYBANK-INDEX  (oi range: 24,780–1,143,570)
2026-08-17 12:01:39,526 - INFO - 📡 Fetching NSE:NIFTY50-INDEX @ 24272  expiry=26818  strikes=ATM±5
2026-08-17 12:02:10,282 - INFO - 📊 Saved 22 snapshots for NSE:NIFTY50-INDEX  (oi range: 286,455–35,031,685)
2026-08-17 12:02:11,371 - INFO - 📡 Fetching NSE:NIFTYBANK-INDEX @ 57222  expiry=26AUG  strikes=ATM±5
2026-08-17 12:02:41,258 - INFO - 📊 Saved 22 snapshots for NSE:NIFTYBANK-INDEX  (oi range: 24,750–1,144,380)
2026-08-17 12:02:42,356 - INFO - 📡 Fetching NSE:NIFTY50-INDEX @ 24273  expiry=26818  strikes=ATM±5
2026-08-17 12:03:12,531 - INFO - 📊 Saved 22 snapshots for NSE:NIFTY50-INDEX  (oi range: 283,335–34,747,245)
2026-08-17 12:03:13,634 - INFO - 📡 Fetching NSE:NIFTYBANK-INDEX @ 57220  expiry=26AUG  strikes=ATM±5
2026-08-17 12:03:43,747 - INFO - 📊 Saved 22 snapshots for NSE:NIFTYBANK-INDEX  (oi range: 24,720–1,143,540)
2026-08-17 12:03:44,849 - INFO - 📡 Fetching NSE:NIFTY50-INDEX @ 24272  expiry=26818  strikes=ATM±5
2026-08-17 12:04:14,797 - INFO - 📊 Saved 22 snapshots for NSE:NIFTY50-INDEX  (oi range: 279,305–34,559,135)
2026-08-17 12:04:15,892 - INFO - 📡 Fetching NSE:NIFTYBANK-INDEX @ 57225  expiry=26AUG  strikes=ATM±5
2026-08-17 12:04:46,013 - INFO - 📊 Saved 22 snapshots for NSE:NIFTYBANK-INDEX  (oi range: 24,720–1,144,200)
2026-08-17 12:04:47,112 - INFO - 📡 Fetching NSE:NIFTY50-INDEX @ 24268  expiry=26818  strikes=ATM±5
2026-08-17 12:05:05,665 - INFO - 🔔 [New Candle Closed] Running entry pipeline for candle 12:05 at 12:05:05...
2026-08-17 12:05:05,666 - INFO - --- 12:05:05 Market Pulse ---
2026-08-17 12:05:13,612 - ERROR - [Pipeline] Snapshot computation failed for NSE:NIFTY50-INDEX: 'LevelsView' object has no attribute 'resistance'
Traceback (most recent call last):
  File "/Users/kashishbaggafeast/Desktop/Bot/src/core/indicator_pipeline.py", line 332, in compute
    h1_zones = confirm_zones_with_geometry(h1_zones, geometry_ctx.levels)
  File "/Users/kashishbaggafeast/Desktop/Bot/src/core/zone_engine.py", line 209, in confirm_zones_with_geometry
    composites = levels_view.support() if zone.zone_type == "DEMAND" else levels_view.resistance()
AttributeError: 'LevelsView' object has no attribute 'resistance'
2026-08-17 12:05:13,613 - WARNING - ⚠️ Pipeline returned None for NSE:NIFTY50-INDEX
2026-08-17 12:05:15,372 - ERROR - [Pipeline] Snapshot computation failed for NSE:NIFTYBANK-INDEX: 'LevelsView' object has no attribute 'resistance'
Traceback (most recent call last):
  File "/Users/kashishbaggafeast/Desktop/Bot/src/core/indicator_pipeline.py", line 332, in compute
    h1_zones = confirm_zones_with_geometry(h1_zones, geometry_ctx.levels)
  File "/Users/kashishbaggafeast/Desktop/Bot/src/core/zone_engine.py", line 209, in confirm_zones_with_geometry
    composites = levels_view.support() if zone.zone_type == "DEMAND" else levels_view.resistance()
AttributeError: 'LevelsView' object has no attribute 'resistance'
2026-08-17 12:05:15,373 - WARNING - ⚠️ Pipeline returned None for NSE:NIFTYBANK-INDEX
2026-08-17 12:05:15,373 - INFO - 🧘 Status: Sidelined (No Institutional Alignment)
2026-08-17 12:05:17,788 - INFO - 📊 Saved 22 snapshots for NSE:NIFTY50-INDEX  (oi range: 278,785–34,245,705)
2026-08-17 12:05:18,899 - INFO - 📡 Fetching NSE:NIFTYBANK-INDEX @ 57219  expiry=26AUG  strikes=ATM±5
2026-08-17 12:05:49,923 - INFO - 📊 Saved 22 snapshots for NSE:NIFTYBANK-INDEX  (oi range: 24,630–1,143,810)
2026-08-17 12:05:51,025 - INFO - 📡 Fetching NSE:NIFTY50-INDEX @ 24269  expiry=26818  strikes=ATM±5
2026-08-17 12:06:21,145 - INFO - 📊 Saved 22 snapshots for NSE:NIFTY50-INDEX  (oi range: 278,135–34,212,945)
2026-08-17 12:06:22,235 - INFO - 📡 Fetching NSE:NIFTYBANK-INDEX @ 57212  expiry=26AUG  strikes=ATM±5
2026-08-17 12:06:51,987 - INFO - 📊 Saved 22 snapshots for NSE:NIFTYBANK-INDEX  (oi range: 24,600–1,143,120)
2026-08-17 12:06:53,091 - INFO - 📡 Fetching NSE:NIFTY50-INDEX @ 24263  expiry=26818  strikes=ATM±5
2026-08-17 12:07:23,003 - INFO - 📊 Saved 22 snapshots for NSE:NIFTY50-INDEX  (oi range: 279,045–33,821,775)
2026-08-17 12:07:24,094 - INFO - 📡 Fetching NSE:NIFTYBANK-INDEX @ 57193  expiry=26AUG  strikes=ATM±5
2026-08-17 12:07:54,283 - INFO - 📊 Saved 22 snapshots for NSE:NIFTYBANK-INDEX  (oi range: 24,600–1,141,170)
2026-08-17 12:07:55,538 - INFO - 📡 Fetching NSE:NIFTY50-INDEX @ 24265  expiry=26818  strikes=ATM±5
2026-08-17 12:08:25,238 - INFO - 📊 Saved 22 snapshots for NSE:NIFTY50-INDEX  (oi range: 276,770–33,865,260)
2026-08-17 12:08:26,336 - INFO - 📡 Fetching NSE:NIFTYBANK-INDEX @ 57206  expiry=26AUG  strikes=ATM±5
2026-08-17 12:08:56,118 - INFO - 📊 Saved 22 snapshots for NSE:NIFTYBANK-INDEX  (oi range: 24,600–1,139,250)
2026-08-17 12:08:57,228 - INFO - 📡 Fetching NSE:NIFTY50-INDEX @ 24264  expiry=26818  strikes=ATM±5
2026-08-17 12:09:27,209 - INFO - 📊 Saved 22 snapshots for NSE:NIFTY50-INDEX  (oi range: 275,730–33,944,235)
2026-08-17 12:09:28,314 - INFO - 📡 Fetching NSE:NIFTYBANK-INDEX @ 57205  expiry=26AUG  strikes=ATM±5
2026-08-17 12:09:58,109 - INFO - 📊 Saved 22 snapshots for NSE:NIFTYBANK-INDEX  (oi range: 24,600–1,139,730)
2026-08-17 12:09:59,205 - INFO - 📡 Fetching NSE:NIFTY50-INDEX @ 24264  expiry=26818  strikes=ATM±5
2026-08-17 12:10:05,448 - INFO - 🔔 [New Candle Closed] Running entry pipeline for candle 12:10 at 12:10:05...
2026-08-17 12:10:05,449 - INFO - --- 12:10:05 Market Pulse ---
2026-08-17 12:10:13,260 - ERROR - [Pipeline] Snapshot computation failed for NSE:NIFTY50-INDEX: 'LevelsView' object has no attribute 'resistance'
Traceback (most recent call last):
  File "/Users/kashishbaggafeast/Desktop/Bot/src/core/indicator_pipeline.py", line 332, in compute
    h1_zones = confirm_zones_with_geometry(h1_zones, geometry_ctx.levels)
  File "/Users/kashishbaggafeast/Desktop/Bot/src/core/zone_engine.py", line 209, in confirm_zones_with_geometry
    composites = levels_view.support() if zone.zone_type == "DEMAND" else levels_view.resistance()
AttributeError: 'LevelsView' object has no attribute 'resistance'
2026-08-17 12:10:13,260 - WARNING - ⚠️ Pipeline returned None for NSE:NIFTY50-INDEX
2026-08-17 12:10:15,056 - ERROR - [Pipeline] Snapshot computation failed for NSE:NIFTYBANK-INDEX: 'LevelsView' object has no attribute 'resistance'
Traceback (most recent call last):
  File "/Users/kashishbaggafeast/Desktop/Bot/src/core/indicator_pipeline.py", line 332, in compute
    h1_zones = confirm_zones_with_geometry(h1_zones, geometry_ctx.levels)
  File "/Users/kashishbaggafeast/Desktop/Bot/src/core/zone_engine.py", line 209, in confirm_zones_with_geometry
    composites = levels_view.support() if zone.zone_type == "DEMAND" else levels_view.resistance()
AttributeError: 'LevelsView' object has no attribute 'resistance'
2026-08-17 12:10:15,057 - WARNING - ⚠️ Pipeline returned None for NSE:NIFTYBANK-INDEX
2026-08-17 12:10:15,057 - INFO - 🧘 Status: Sidelined (No Institutional Alignment)
2026-08-17 12:10:29,216 - INFO - 📊 Saved 22 snapshots for NSE:NIFTY50-INDEX  (oi range: 276,315–33,974,915)
2026-08-17 12:10:30,313 - INFO - 📡 Fetching NSE:NIFTYBANK-INDEX @ 57210  expiry=26AUG  strikes=ATM±5
2026-08-17 12:11:00,436 - INFO - 📊 Saved 22 snapshots for NSE:NIFTYBANK-INDEX  (oi range: 24,600–1,139,910)
2026-08-17 12:11:01,536 - INFO - 📡 Fetching NSE:NIFTY50-INDEX @ 24266  expiry=26818  strikes=ATM±5
2026-08-17 12:11:31,917 - INFO - 📊 Saved 22 snapshots for NSE:NIFTY50-INDEX  (oi range: 277,485–34,024,510)
2026-08-17 12:11:33,012 - INFO - 📡 Fetching NSE:NIFTYBANK-INDEX @ 57196  expiry=26AUG  strikes=ATM±5
2026-08-17 12:12:02,597 - INFO - 📊 Saved 22 snapshots for NSE:NIFTYBANK-INDEX  (oi range: 24,600–1,140,810)
2026-08-17 12:12:03,724 - INFO - 📡 Fetching NSE:NIFTY50-INDEX @ 24260  expiry=26818  strikes=ATM±5
2026-08-17 12:12:33,489 - INFO - 📊 Saved 22 snapshots for NSE:NIFTY50-INDEX  (oi range: 279,175–33,811,830)
2026-08-17 12:12:34,585 - INFO - 📡 Fetching NSE:NIFTYBANK-INDEX @ 57202  expiry=26AUG  strikes=ATM±5
2026-08-17 12:13:04,349 - INFO - 📊 Saved 22 snapshots for NSE:NIFTYBANK-INDEX  (oi range: 24,600–1,142,010)
2026-08-17 12:13:05,445 - INFO - 📡 Fetching NSE:NIFTY50-INDEX @ 24264  expiry=26818  strikes=ATM±5
2026-08-17 12:13:35,576 - INFO - 📊 Saved 22 snapshots for NSE:NIFTY50-INDEX  (oi range: 279,175–33,732,920)
2026-08-17 12:13:36,673 - INFO - 📡 Fetching NSE:NIFTYBANK-INDEX @ 57204  expiry=26AUG  strikes=ATM±5
2026-08-17 12:14:06,437 - INFO - 📊 Saved 22 snapshots for NSE:NIFTYBANK-INDEX  (oi range: 24,570–1,141,020)
2026-08-17 12:14:07,535 - INFO - 📡 Fetching NSE:NIFTY50-INDEX @ 24268  expiry=26818  strikes=ATM±5
2026-08-17 12:14:37,922 - INFO - 📊 Saved 22 snapshots for NSE:NIFTY50-INDEX  (oi range: 276,640–33,734,610)
2026-08-17 12:14:39,037 - INFO - 📡 Fetching NSE:NIFTYBANK-INDEX @ 57223  expiry=26AUG  strikes=ATM±5
2026-08-17 12:15:05,118 - INFO - 🔔 [New Candle Closed] Running entry pipeline for candle 12:15 at 12:15:05...
2026-08-17 12:15:05,118 - INFO - --- 12:15:05 Market Pulse ---
2026-08-17 12:15:08,776 - INFO - 📊 Saved 22 snapshots for NSE:NIFTYBANK-INDEX  (oi range: 24,540–1,139,850)
2026-08-17 12:15:09,887 - INFO - 📡 Fetching NSE:NIFTY50-INDEX @ 24271  expiry=26818  strikes=ATM±5
2026-08-17 12:15:13,054 - ERROR - [Pipeline] Snapshot computation failed for NSE:NIFTY50-INDEX: 'LevelsView' object has no attribute 'resistance'
Traceback (most recent call last):
  File "/Users/kashishbaggafeast/Desktop/Bot/src/core/indicator_pipeline.py", line 332, in compute
    h1_zones = confirm_zones_with_geometry(h1_zones, geometry_ctx.levels)
  File "/Users/kashishbaggafeast/Desktop/Bot/src/core/zone_engine.py", line 209, in confirm_zones_with_geometry
    composites = levels_view.support() if zone.zone_type == "DEMAND" else levels_view.resistance()
AttributeError: 'LevelsView' object has no attribute 'resistance'
2026-08-17 12:15:13,054 - WARNING - ⚠️ Pipeline returned None for NSE:NIFTY50-INDEX
2026-08-17 12:15:14,931 - ERROR - [Pipeline] Snapshot computation failed for NSE:NIFTYBANK-INDEX: 'LevelsView' object has no attribute 'resistance'
Traceback (most recent call last):
  File "/Users/kashishbaggafeast/Desktop/Bot/src/core/indicator_pipeline.py", line 332, in compute
    h1_zones = confirm_zones_with_geometry(h1_zones, geometry_ctx.levels)
  File "/Users/kashishbaggafeast/Desktop/Bot/src/core/zone_engine.py", line 209, in confirm_zones_with_geometry
    composites = levels_view.support() if zone.zone_type == "DEMAND" else levels_view.resistance()
AttributeError: 'LevelsView' object has no attribute 'resistance'
2026-08-17 12:15:14,932 - WARNING - ⚠️ Pipeline returned None for NSE:NIFTYBANK-INDEX
2026-08-17 12:15:14,932 - INFO - 🧘 Status: Sidelined (No Institutional Alignment)
2026-08-17 12:15:41,298 - INFO - 📊 Saved 22 snapshots for NSE:NIFTY50-INDEX  (oi range: 274,235–33,720,050)
2026-08-17 12:15:42,389 - INFO - 📡 Fetching NSE:NIFTYBANK-INDEX @ 57220  expiry=26AUG  strikes=ATM±5
2026-08-17 12:16:12,530 - INFO - 📊 Saved 22 snapshots for NSE:NIFTYBANK-INDEX  (oi range: 24,510–1,139,850)
2026-08-17 12:16:13,625 - INFO - 📡 Fetching NSE:NIFTY50-INDEX @ 24272  expiry=26818  strikes=ATM±5
2026-08-17 12:16:43,517 - INFO - 📊 Saved 22 snapshots for NSE:NIFTY50-INDEX  (oi range: 274,430–33,674,095)
2026-08-17 12:16:44,629 - INFO - 📡 Fetching NSE:NIFTYBANK-INDEX @ 57239  expiry=26AUG  strikes=ATM±5
2026-08-17 12:17:14,249 - INFO - 📊 Saved 22 snapshots for NSE:NIFTYBANK-INDEX  (oi range: 24,510–1,137,840)
2026-08-17 12:17:15,346 - INFO - 📡 Fetching NSE:NIFTY50-INDEX @ 24277  expiry=26818  strikes=ATM±5
2026-08-17 12:17:45,544 - INFO - 📊 Saved 22 snapshots for NSE:NIFTY50-INDEX  (oi range: 262,080–32,578,260)
2026-08-17 12:17:46,646 - INFO - 📡 Fetching NSE:NIFTYBANK-INDEX @ 57290  expiry=26AUG  strikes=ATM±5
2026-08-17 12:18:16,419 - INFO - 📊 Saved 22 snapshots for NSE:NIFTYBANK-INDEX  (oi range: 46,680–1,122,030)
2026-08-17 12:18:17,520 - INFO - 📡 Fetching NSE:NIFTY50-INDEX @ 24282  expiry=26818  strikes=ATM±5
2026-08-17 12:18:47,857 - INFO - 📊 Saved 22 snapshots for NSE:NIFTY50-INDEX  (oi range: 261,365–31,711,810)
2026-08-17 12:18:48,957 - INFO - 📡 Fetching NSE:NIFTYBANK-INDEX @ 57272  expiry=26AUG  strikes=ATM±5
2026-08-17 12:19:18,896 - INFO - 📊 Saved 22 snapshots for NSE:NIFTYBANK-INDEX  (oi range: 46,920–1,098,060)
2026-08-17 12:19:19,990 - INFO - 📡 Fetching NSE:NIFTY50-INDEX @ 24284  expiry=26818  strikes=ATM±5
2026-08-17 12:19:49,749 - INFO - 📊 Saved 22 snapshots for NSE:NIFTY50-INDEX  (oi range: 259,220–31,572,125)
2026-08-17 12:19:50,844 - INFO - 📡 Fetching NSE:NIFTYBANK-INDEX @ 57280  expiry=26AUG  strikes=ATM±5
2026-08-17 12:20:05,020 - INFO - 🔔 [New Candle Closed] Running entry pipeline for candle 12:20 at 12:20:05...
2026-08-17 12:20:05,020 - INFO - --- 12:20:05 Market Pulse ---
2026-08-17 12:20:12,728 - ERROR - [Pipeline] Snapshot computation failed for NSE:NIFTY50-INDEX: 'LevelsView' object has no attribute 'resistance'
Traceback (most recent call last):
  File "/Users/kashishbaggafeast/Desktop/Bot/src/core/indicator_pipeline.py", line 332, in compute
    h1_zones = confirm_zones_with_geometry(h1_zones, geometry_ctx.levels)
  File "/Users/kashishbaggafeast/Desktop/Bot/src/core/zone_engine.py", line 209, in confirm_zones_with_geometry
    composites = levels_view.support() if zone.zone_type == "DEMAND" else levels_view.resistance()
AttributeError: 'LevelsView' object has no attribute 'resistance'
2026-08-17 12:20:12,729 - WARNING - ⚠️ Pipeline returned None for NSE:NIFTY50-INDEX
2026-08-17 12:20:14,532 - ERROR - [Pipeline] Snapshot computation failed for NSE:NIFTYBANK-INDEX: 'LevelsView' object has no attribute 'resistance'
Traceback (most recent call last):
  File "/Users/kashishbaggafeast/Desktop/Bot/src/core/indicator_pipeline.py", line 332, in compute
    h1_zones = confirm_zones_with_geometry(h1_zones, geometry_ctx.levels)
  File "/Users/kashishbaggafeast/Desktop/Bot/src/core/zone_engine.py", line 209, in confirm_zones_with_geometry
    composites = levels_view.support() if zone.zone_type == "DEMAND" else levels_view.resistance()
AttributeError: 'LevelsView' object has no attribute 'resistance'
2026-08-17 12:20:14,533 - WARNING - ⚠️ Pipeline returned None for NSE:NIFTYBANK-INDEX
2026-08-17 12:20:14,533 - INFO - 🧘 Status: Sidelined (No Institutional Alignment)
2026-08-17 12:20:22,324 - INFO - 📊 Saved 22 snapshots for NSE:NIFTYBANK-INDEX  (oi range: 46,770–1,096,380)
2026-08-17 12:20:23,430 - INFO - 📡 Fetching NSE:NIFTY50-INDEX @ 24285  expiry=26818  strikes=ATM±5
2026-08-17 12:20:53,362 - INFO - 📊 Saved 22 snapshots for NSE:NIFTY50-INDEX  (oi range: 254,085–31,476,770)
2026-08-17 12:20:54,464 - INFO - 📡 Fetching NSE:NIFTYBANK-INDEX @ 57281  expiry=26AUG  strikes=ATM±5
2026-08-17 12:21:24,747 - INFO - 📊 Saved 22 snapshots for NSE:NIFTYBANK-INDEX  (oi range: 46,800–1,094,670)
2026-08-17 12:21:25,851 - INFO - 📡 Fetching NSE:NIFTY50-INDEX @ 24284  expiry=26818  strikes=ATM±5
2026-08-17 12:21:55,902 - INFO - 📊 Saved 22 snapshots for NSE:NIFTY50-INDEX  (oi range: 259,610–31,260,060)
2026-08-17 12:21:57,000 - INFO - 📡 Fetching NSE:NIFTYBANK-INDEX @ 57280  expiry=26AUG  strikes=ATM±5
2026-08-17 12:22:26,941 - INFO - 📊 Saved 22 snapshots for NSE:NIFTYBANK-INDEX  (oi range: 46,770–1,091,790)
2026-08-17 12:22:28,042 - INFO - 📡 Fetching NSE:NIFTY50-INDEX @ 24284  expiry=26818  strikes=ATM±5
2026-08-17 12:22:59,915 - INFO - 📊 Saved 22 snapshots for NSE:NIFTY50-INDEX  (oi range: 258,310–31,156,255)
2026-08-17 12:23:01,024 - INFO - 📡 Fetching NSE:NIFTYBANK-INDEX @ 57271  expiry=26AUG  strikes=ATM±5
2026-08-17 12:23:30,964 - INFO - 📊 Saved 22 snapshots for NSE:NIFTYBANK-INDEX  (oi range: 46,740–1,091,700)
2026-08-17 12:23:32,063 - INFO - 📡 Fetching NSE:NIFTY50-INDEX @ 24286  expiry=26818  strikes=ATM±5
2026-08-17 12:24:01,634 - INFO - 📊 Saved 22 snapshots for NSE:NIFTY50-INDEX  (oi range: 255,385–31,003,440)
2026-08-17 12:24:02,742 - INFO - 📡 Fetching NSE:NIFTYBANK-INDEX @ 57270  expiry=26AUG  strikes=ATM±5
2026-08-17 12:24:32,481 - INFO - 📊 Saved 22 snapshots for NSE:NIFTYBANK-INDEX  (oi range: 46,740–1,092,630)
2026-08-17 12:24:33,588 - INFO - 📡 Fetching NSE:NIFTY50-INDEX @ 24287  expiry=26818  strikes=ATM±5
2026-08-17 12:25:03,327 - INFO - 📊 Saved 22 snapshots for NSE:NIFTY50-INDEX  (oi range: 254,475–31,146,310)
2026-08-17 12:25:04,427 - INFO - 📡 Fetching NSE:NIFTYBANK-INDEX @ 57281  expiry=26AUG  strikes=ATM±5
2026-08-17 12:25:05,602 - INFO - 🔔 [New Candle Closed] Running entry pipeline for candle 12:25 at 12:25:05...
2026-08-17 12:25:05,603 - INFO - --- 12:25:05 Market Pulse ---
2026-08-17 12:25:13,418 - ERROR - [Pipeline] Snapshot computation failed for NSE:NIFTY50-INDEX: 'LevelsView' object has no attribute 'resistance'
Traceback (most recent call last):
  File "/Users/kashishbaggafeast/Desktop/Bot/src/core/indicator_pipeline.py", line 332, in compute
    h1_zones = confirm_zones_with_geometry(h1_zones, geometry_ctx.levels)
  File "/Users/kashishbaggafeast/Desktop/Bot/src/core/zone_engine.py", line 209, in confirm_zones_with_geometry
    composites = levels_view.support() if zone.zone_type == "DEMAND" else levels_view.resistance()
AttributeError: 'LevelsView' object has no attribute 'resistance'
2026-08-17 12:25:13,419 - WARNING - ⚠️ Pipeline returned None for NSE:NIFTY50-INDEX
2026-08-17 12:25:15,301 - ERROR - [Pipeline] Snapshot computation failed for NSE:NIFTYBANK-INDEX: 'LevelsView' object has no attribute 'resistance'
Traceback (most recent call last):
  File "/Users/kashishbaggafeast/Desktop/Bot/src/core/indicator_pipeline.py", line 332, in compute
    h1_zones = confirm_zones_with_geometry(h1_zones, geometry_ctx.levels)
  File "/Users/kashishbaggafeast/Desktop/Bot/src/core/zone_engine.py", line 209, in confirm_zones_with_geometry
    composites = levels_view.support() if zone.zone_type == "DEMAND" else levels_view.resistance()
AttributeError: 'LevelsView' object has no attribute 'resistance'
2026-08-17 12:25:15,302 - WARNING - ⚠️ Pipeline returned None for NSE:NIFTYBANK-INDEX
2026-08-17 12:25:15,302 - INFO - 🧘 Status: Sidelined (No Institutional Alignment)
2026-08-17 12:25:35,917 - INFO - 📊 Saved 22 snapshots for NSE:NIFTYBANK-INDEX  (oi range: 46,980–1,091,520)
2026-08-17 12:25:37,018 - INFO - 📡 Fetching NSE:NIFTY50-INDEX @ 24285  expiry=26818  strikes=ATM±5
2026-08-17 12:26:07,105 - INFO - 📊 Saved 22 snapshots for NSE:NIFTY50-INDEX  (oi range: 243,100–31,040,165)
2026-08-17 12:26:08,213 - INFO - 📡 Fetching NSE:NIFTYBANK-INDEX @ 57272  expiry=26AUG  strikes=ATM±5
2026-08-17 12:26:38,144 - INFO - 📊 Saved 22 snapshots for NSE:NIFTYBANK-INDEX  (oi range: 46,950–1,091,370)
2026-08-17 12:26:39,253 - INFO - 📡 Fetching NSE:NIFTY50-INDEX @ 24286  expiry=26818  strikes=ATM±5
2026-08-17 12:27:09,125 - INFO - 📊 Saved 22 snapshots for NSE:NIFTY50-INDEX  (oi range: 243,685–31,034,250)
2026-08-17 12:27:10,384 - INFO - 📡 Fetching NSE:NIFTYBANK-INDEX @ 57287  expiry=26AUG  strikes=ATM±5
2026-08-17 12:27:40,179 - INFO - 📊 Saved 22 snapshots for NSE:NIFTYBANK-INDEX  (oi range: 46,920–1,089,390)
2026-08-17 12:27:41,272 - INFO - 📡 Fetching NSE:NIFTY50-INDEX @ 24287  expiry=26818  strikes=ATM±5
2026-08-17 12:28:11,239 - INFO - 📊 Saved 22 snapshots for NSE:NIFTY50-INDEX  (oi range: 241,605–31,092,750)
2026-08-17 12:28:12,328 - INFO - 📡 Fetching NSE:NIFTYBANK-INDEX @ 57294  expiry=26AUG  strikes=ATM±5
2026-08-17 12:28:42,723 - INFO - 📊 Saved 22 snapshots for NSE:NIFTYBANK-INDEX  (oi range: 46,890–1,083,360)
2026-08-17 12:28:43,825 - INFO - 📡 Fetching NSE:NIFTY50-INDEX @ 24288  expiry=26818  strikes=ATM±5
2026-08-17 12:29:13,669 - INFO - 📊 Saved 22 snapshots for NSE:NIFTY50-INDEX  (oi range: 241,540–30,980,430)
2026-08-17 12:29:14,762 - INFO - 📡 Fetching NSE:NIFTYBANK-INDEX @ 57294  expiry=26AUG  strikes=ATM±5
2026-08-17 12:29:44,313 - INFO - 📊 Saved 22 snapshots for NSE:NIFTYBANK-INDEX  (oi range: 46,740–1,092,570)
2026-08-17 12:29:45,411 - INFO - 📡 Fetching NSE:NIFTY50-INDEX @ 24288  expiry=26818  strikes=ATM±5
2026-08-17 12:30:05,361 - INFO - 🔔 [New Candle Closed] Running entry pipeline for candle 12:30 at 12:30:05...
2026-08-17 12:30:05,362 - INFO - --- 12:30:05 Market Pulse ---
2026-08-17 12:30:13,241 - ERROR - [Pipeline] Snapshot computation failed for NSE:NIFTY50-INDEX: 'LevelsView' object has no attribute 'resistance'
Traceback (most recent call last):
  File "/Users/kashishbaggafeast/Desktop/Bot/src/core/indicator_pipeline.py", line 332, in compute
    h1_zones = confirm_zones_with_geometry(h1_zones, geometry_ctx.levels)
  File "/Users/kashishbaggafeast/Desktop/Bot/src/core/zone_engine.py", line 209, in confirm_zones_with_geometry
    composites = levels_view.support() if zone.zone_type == "DEMAND" else levels_view.resistance()
AttributeError: 'LevelsView' object has no attribute 'resistance'
2026-08-17 12:30:13,241 - WARNING - ⚠️ Pipeline returned None for NSE:NIFTY50-INDEX
2026-08-17 12:30:15,074 - ERROR - [Pipeline] Snapshot computation failed for NSE:NIFTYBANK-INDEX: 'LevelsView' object has no attribute 'resistance'
Traceback (most recent call last):
  File "/Users/kashishbaggafeast/Desktop/Bot/src/core/indicator_pipeline.py", line 332, in compute
    h1_zones = confirm_zones_with_geometry(h1_zones, geometry_ctx.levels)
  File "/Users/kashishbaggafeast/Desktop/Bot/src/core/zone_engine.py", line 209, in confirm_zones_with_geometry
    composites = levels_view.support() if zone.zone_type == "DEMAND" else levels_view.resistance()
AttributeError: 'LevelsView' object has no attribute 'resistance'
2026-08-17 12:30:15,075 - WARNING - ⚠️ Pipeline returned None for NSE:NIFTYBANK-INDEX
2026-08-17 12:30:15,075 - INFO - 🧘 Status: Sidelined (No Institutional Alignment)
2026-08-17 12:30:16,180 - INFO - 📊 Saved 22 snapshots for NSE:NIFTY50-INDEX  (oi range: 239,395–30,763,460)
2026-08-17 12:30:17,291 - INFO - 📡 Fetching NSE:NIFTYBANK-INDEX @ 57303  expiry=26AUG  strikes=ATM±5
2026-08-17 12:30:47,181 - INFO - 📊 Saved 22 snapshots for NSE:NIFTYBANK-INDEX  (oi range: 46,620–1,094,760)
2026-08-17 12:30:48,439 - INFO - 📡 Fetching NSE:NIFTY50-INDEX @ 24290  expiry=26818  strikes=ATM±5
2026-08-17 12:31:17,897 - INFO - 📊 Saved 22 snapshots for NSE:NIFTY50-INDEX  (oi range: 233,350–30,698,590)
2026-08-17 12:31:18,991 - INFO - 📡 Fetching NSE:NIFTYBANK-INDEX @ 57318  expiry=26AUG  strikes=ATM±5
2026-08-17 12:31:49,106 - INFO - 📊 Saved 22 snapshots for NSE:NIFTYBANK-INDEX  (oi range: 46,110–1,088,100)
2026-08-17 12:31:50,205 - INFO - 📡 Fetching NSE:NIFTY50-INDEX @ 24290  expiry=26818  strikes=ATM±5
2026-08-17 12:32:20,176 - INFO - 📊 Saved 22 snapshots for NSE:NIFTY50-INDEX  (oi range: 233,155–30,629,755)
2026-08-17 12:32:21,276 - INFO - 📡 Fetching NSE:NIFTYBANK-INDEX @ 57330  expiry=26AUG  strikes=ATM±5
2026-08-17 12:32:51,111 - INFO - 📊 Saved 22 snapshots for NSE:NIFTYBANK-INDEX  (oi range: 45,570–1,084,950)
2026-08-17 12:32:52,207 - INFO - 📡 Fetching NSE:NIFTY50-INDEX @ 24295  expiry=26818  strikes=ATM±5
2026-08-17 12:33:24,104 - INFO - 📊 Saved 22 snapshots for NSE:NIFTY50-INDEX  (oi range: 231,140–30,458,610)
2026-08-17 12:33:25,200 - INFO - 📡 Fetching NSE:NIFTYBANK-INDEX @ 57356  expiry=26AUG  strikes=ATM±5
2026-08-17 12:33:54,958 - INFO - 📊 Saved 22 snapshots for NSE:NIFTYBANK-INDEX  (oi range: 77,220–1,060,620)
2026-08-17 12:33:56,044 - INFO - 📡 Fetching NSE:NIFTY50-INDEX @ 24295  expiry=26818  strikes=ATM±5
2026-08-17 12:35:05,140 - INFO - 🔔 [New Candle Closed] Running entry pipeline for candle 12:35 at 12:35:05...
2026-08-17 12:35:05,140 - INFO - --- 12:35:05 Market Pulse ---
2026-08-17 12:35:05,159 - WARNING - No quotes data available for ['NSE:NIFTY50-INDEX', 'NSE:NIFTYBANK-INDEX'] (code=-1, message=Network connection failure before HTTP response)
2026-08-17 12:35:06,155 - ERROR - ❌ Historical data request failed for NSE:NIFTY50-INDEX (attempt 1/3): {'code': -1, 'message': 'Network connection failure before HTTP response', 's': 'error'}
2026-08-17 12:35:07,174 - ERROR - ❌ Historical data request failed for NSE:NIFTY50-INDEX (attempt 2/3): {'code': -1, 'message': 'Network connection failure before HTTP response', 's': 'error'}
2026-08-17 12:35:07,947 - WARNING - Depth request failed for NSE:NIFTY2681824250PE: {'code': -1, 'message': 'Network connection failure before HTTP response', 's': 'error'}
2026-08-17 12:35:07,948 - WARNING - ⚠️  No depth for NSE:NIFTY2681824250PE
2026-08-17 12:35:08,185 - ERROR - ❌ Historical data request failed for NSE:NIFTY50-INDEX (attempt 3/3): {'code': -1, 'message': 'Network connection failure before HTTP response', 's': 'error'}
2026-08-17 12:35:08,191 - ERROR - ❌ Historical data request failed for NSE:NIFTY50-INDEX (attempt 1/3): {'code': -1, 'message': 'Network connection failure before HTTP response', 's': 'error'}
2026-08-17 12:35:09,159 - WARNING - Depth request failed for NSE:NIFTY2681824300CE: {'code': -1, 'message': 'Network connection failure before HTTP response', 's': 'error'}
2026-08-17 12:35:09,159 - WARNING - ⚠️  No depth for NSE:NIFTY2681824300CE
2026-08-17 12:35:09,209 - ERROR - ❌ Historical data request failed for NSE:NIFTY50-INDEX (attempt 2/3): {'code': -1, 'message': 'Network connection failure before HTTP response', 's': 'error'}
2026-08-17 12:35:10,220 - ERROR - ❌ Historical data request failed for NSE:NIFTY50-INDEX (attempt 3/3): {'code': -1, 'message': 'Network connection failure before HTTP response', 's': 'error'}
2026-08-17 12:35:10,225 - ERROR - ❌ Historical data request failed for NSE:NIFTY50-INDEX (attempt 1/3): {'code': -1, 'message': 'Network connection failure before HTTP response', 's': 'error'}
2026-08-17 12:35:10,369 - WARNING - Depth request failed for NSE:NIFTY2681824300PE: {'code': -1, 'message': 'Network connection failure before HTTP response', 's': 'error'}
2026-08-17 12:35:10,369 - WARNING - ⚠️  No depth for NSE:NIFTY2681824300PE
2026-08-17 12:35:11,239 - ERROR - ❌ Historical data request failed for NSE:NIFTY50-INDEX (attempt 2/3): {'code': -1, 'message': 'Network connection failure before HTTP response', 's': 'error'}
2026-08-17 12:35:11,580 - WARNING - Depth request failed for NSE:NIFTY2681824350CE: {'code': -1, 'message': 'Network connection failure before HTTP response', 's': 'error'}
2026-08-17 12:35:11,580 - WARNING - ⚠️  No depth for NSE:NIFTY2681824350CE
2026-08-17 12:35:12,257 - ERROR - ❌ Historical data request failed for NSE:NIFTY50-INDEX (attempt 3/3): {'code': -1, 'message': 'Network connection failure before HTTP response', 's': 'error'}
2026-08-17 12:35:12,257 - WARNING - ⚠️ Could not fetch complete MTF data for NSE:NIFTY50-INDEX
2026-08-17 12:35:12,262 - ERROR - ❌ Historical data request failed for NSE:NIFTYBANK-INDEX (attempt 1/3): {'code': -1, 'message': 'Network connection failure before HTTP response', 's': 'error'}
2026-08-17 12:35:12,788 - WARNING - Depth request failed for NSE:NIFTY2681824350PE: {'code': -1, 'message': 'Network connection failure before HTTP response', 's': 'error'}
2026-08-17 12:35:12,788 - WARNING - ⚠️  No depth for NSE:NIFTY2681824350PE
2026-08-17 12:35:13,273 - ERROR - ❌ Historical data request failed for NSE:NIFTYBANK-INDEX (attempt 2/3): {'code': -1, 'message': 'Network connection failure before HTTP response', 's': 'error'}
2026-08-17 12:35:14,001 - WARNING - Depth request failed for NSE:NIFTY2681824400CE: {'code': -1, 'message': 'Network connection failure before HTTP response', 's': 'error'}
2026-08-17 12:35:14,001 - WARNING - ⚠️  No depth for NSE:NIFTY2681824400CE
2026-08-17 12:35:14,291 - ERROR - ❌ Historical data request failed for NSE:NIFTYBANK-INDEX (attempt 3/3): {'code': -1, 'message': 'Network connection failure before HTTP response', 's': 'error'}
2026-08-17 12:35:14,296 - ERROR - ❌ Historical data request failed for NSE:NIFTYBANK-INDEX (attempt 1/3): {'code': -1, 'message': 'Network connection failure before HTTP response', 's': 'error'}
2026-08-17 12:35:15,211 - WARNING - Depth request failed for NSE:NIFTY2681824400PE: {'code': -1, 'message': 'Network connection failure before HTTP response', 's': 'error'}
2026-08-17 12:35:15,211 - WARNING - ⚠️  No depth for NSE:NIFTY2681824400PE
2026-08-17 12:35:15,310 - ERROR - ❌ Historical data request failed for NSE:NIFTYBANK-INDEX (attempt 2/3): {'code': -1, 'message': 'Network connection failure before HTTP response', 's': 'error'}
2026-08-17 12:35:16,318 - ERROR - ❌ Historical data request failed for NSE:NIFTYBANK-INDEX (attempt 3/3): {'code': -1, 'message': 'Network connection failure before HTTP response', 's': 'error'}
2026-08-17 12:35:16,320 - ERROR - ❌ Historical data request failed for NSE:NIFTYBANK-INDEX (attempt 1/3): {'code': -1, 'message': 'Network connection failure before HTTP response', 's': 'error'}
2026-08-17 12:35:16,419 - WARNING - Depth request failed for NSE:NIFTY2681824450CE: {'code': -1, 'message': 'Network connection failure before HTTP response', 's': 'error'}
2026-08-17 12:35:16,420 - WARNING - ⚠️  No depth for NSE:NIFTY2681824450CE
2026-08-17 12:35:17,338 - ERROR - ❌ Historical data request failed for NSE:NIFTYBANK-INDEX (attempt 2/3): {'code': -1, 'message': 'Network connection failure before HTTP response', 's': 'error'}
2026-08-17 12:35:17,629 - WARNING - Depth request failed for NSE:NIFTY2681824450PE: {'code': -1, 'message': 'Network connection failure before HTTP response', 's': 'error'}
2026-08-17 12:35:17,629 - WARNING - ⚠️  No depth for NSE:NIFTY2681824450PE
2026-08-17 12:35:18,353 - ERROR - ❌ Historical data request failed for NSE:NIFTYBANK-INDEX (attempt 3/3): {'code': -1, 'message': 'Network connection failure before HTTP response', 's': 'error'}
2026-08-17 12:35:18,353 - WARNING - ⚠️ Could not fetch complete MTF data for NSE:NIFTYBANK-INDEX
2026-08-17 12:35:18,354 - INFO - 🧘 Status: Sidelined (No Institutional Alignment)
2026-08-17 12:35:18,840 - WARNING - Depth request failed for NSE:NIFTY2681824500CE: {'code': -1, 'message': 'Network connection failure before HTTP response', 's': 'error'}
2026-08-17 12:35:18,841 - WARNING - ⚠️  No depth for NSE:NIFTY2681824500CE
2026-08-17 12:35:20,047 - WARNING - Depth request failed for NSE:NIFTY2681824500PE: {'code': -1, 'message': 'Network connection failure before HTTP response', 's': 'error'}
2026-08-17 12:35:20,048 - WARNING - ⚠️  No depth for NSE:NIFTY2681824500PE
2026-08-17 12:35:21,253 - WARNING - Depth request failed for NSE:NIFTY2681824550CE: {'code': -1, 'message': 'Network connection failure before HTTP response', 's': 'error'}
2026-08-17 12:35:21,253 - WARNING - ⚠️  No depth for NSE:NIFTY2681824550CE
2026-08-17 12:35:22,464 - WARNING - Depth request failed for NSE:NIFTY2681824550PE: {'code': -1, 'message': 'Network connection failure before HTTP response', 's': 'error'}
2026-08-17 12:35:22,464 - WARNING - ⚠️  No depth for NSE:NIFTY2681824550PE
2026-08-17 12:35:23,706 - INFO - 📊 Saved 9 snapshots for NSE:NIFTY50-INDEX  (oi range: 228,150–16,358,355)
2026-08-17 12:35:24,815 - INFO - 📡 Fetching NSE:NIFTYBANK-INDEX @ 57341  expiry=26AUG  strikes=ATM±5
2026-08-17 12:35:54,871 - INFO - 📊 Saved 22 snapshots for NSE:NIFTYBANK-INDEX  (oi range: 45,270–1,046,880)
2026-08-17 12:35:55,974 - INFO - 📡 Fetching NSE:NIFTY50-INDEX @ 24294  expiry=26818  strikes=ATM±5
2026-08-17 12:36:25,871 - INFO - 📊 Saved 22 snapshots for NSE:NIFTY50-INDEX  (oi range: 208,780–28,439,515)
2026-08-17 12:36:27,582 - INFO - 📡 Fetching NSE:NIFTYBANK-INDEX @ 57354  expiry=26AUG  strikes=ATM±5
2026-08-17 12:36:57,134 - INFO - 📊 Saved 22 snapshots for NSE:NIFTYBANK-INDEX  (oi range: 76,830–1,046,160)
2026-08-17 12:36:58,382 - INFO - 📡 Fetching NSE:NIFTY50-INDEX @ 24298  expiry=26818  strikes=ATM±5
2026-08-17 12:37:28,011 - INFO - 📊 Saved 22 snapshots for NSE:NIFTY50-INDEX  (oi range: 203,710–27,907,165)
2026-08-17 12:37:29,277 - INFO - 📡 Fetching NSE:NIFTYBANK-INDEX @ 57367  expiry=26AUG  strikes=ATM±5
2026-08-17 12:39:14,245 - INFO - 📊 Saved 22 snapshots for NSE:NIFTYBANK-INDEX  (oi range: 77,010–1,039,020)
2026-08-17 12:39:15,350 - INFO - 📡 Fetching NSE:NIFTY50-INDEX @ 24297  expiry=26818  strikes=ATM±5
2026-08-17 12:39:45,858 - INFO - 📊 Saved 22 snapshots for NSE:NIFTY50-INDEX  (oi range: 176,930–27,222,065)
2026-08-17 12:39:47,131 - INFO - 📡 Fetching NSE:NIFTYBANK-INDEX @ 57363  expiry=26AUG  strikes=ATM±5
2026-08-17 12:40:05,432 - INFO - 🔔 [New Candle Closed] Running entry pipeline for candle 12:40 at 12:40:05...
2026-08-17 12:40:05,432 - INFO - --- 12:40:05 Market Pulse ---
2026-08-17 12:40:13,256 - ERROR - [Pipeline] Snapshot computation failed for NSE:NIFTY50-INDEX: 'LevelsView' object has no attribute 'resistance'
Traceback (most recent call last):
  File "/Users/kashishbaggafeast/Desktop/Bot/src/core/indicator_pipeline.py", line 332, in compute
    h1_zones = confirm_zones_with_geometry(h1_zones, geometry_ctx.levels)
  File "/Users/kashishbaggafeast/Desktop/Bot/src/core/zone_engine.py", line 209, in confirm_zones_with_geometry
    composites = levels_view.support() if zone.zone_type == "DEMAND" else levels_view.resistance()
AttributeError: 'LevelsView' object has no attribute 'resistance'
2026-08-17 12:40:13,257 - WARNING - ⚠️ Pipeline returned None for NSE:NIFTY50-INDEX
2026-08-17 12:40:15,112 - ERROR - [Pipeline] Snapshot computation failed for NSE:NIFTYBANK-INDEX: 'LevelsView' object has no attribute 'resistance'
Traceback (most recent call last):
  File "/Users/kashishbaggafeast/Desktop/Bot/src/core/indicator_pipeline.py", line 332, in compute
    h1_zones = confirm_zones_with_geometry(h1_zones, geometry_ctx.levels)
  File "/Users/kashishbaggafeast/Desktop/Bot/src/core/zone_engine.py", line 209, in confirm_zones_with_geometry
    composites = levels_view.support() if zone.zone_type == "DEMAND" else levels_view.resistance()
AttributeError: 'LevelsView' object has no attribute 'resistance'
2026-08-17 12:40:15,113 - WARNING - ⚠️ Pipeline returned None for NSE:NIFTYBANK-INDEX
2026-08-17 12:40:15,113 - INFO - 🧘 Status: Sidelined (No Institutional Alignment)
2026-08-17 12:40:17,525 - INFO - 📊 Saved 22 snapshots for NSE:NIFTYBANK-INDEX  (oi range: 77,400–1,043,340)
2026-08-17 12:40:18,637 - INFO - 📡 Fetching NSE:NIFTY50-INDEX @ 24298  expiry=26818  strikes=ATM±5
2026-08-17 12:40:48,900 - INFO - 📊 Saved 22 snapshots for NSE:NIFTY50-INDEX  (oi range: 177,710–27,091,415)
2026-08-17 12:40:49,990 - INFO - 📡 Fetching NSE:NIFTYBANK-INDEX @ 57362  expiry=26AUG  strikes=ATM±5
2026-08-17 12:41:19,986 - INFO - 📊 Saved 22 snapshots for NSE:NIFTYBANK-INDEX  (oi range: 77,400–1,044,690)
2026-08-17 12:41:21,084 - INFO - 📡 Fetching NSE:NIFTY50-INDEX @ 24300  expiry=26818  strikes=ATM±5
2026-08-17 12:41:51,187 - INFO - 📊 Saved 22 snapshots for NSE:NIFTY50-INDEX  (oi range: 176,605–27,407,705)
2026-08-17 12:41:52,300 - INFO - 📡 Fetching NSE:NIFTYBANK-INDEX @ 57376  expiry=26AUG  strikes=ATM±5
2026-08-17 12:42:22,480 - INFO - 📊 Saved 22 snapshots for NSE:NIFTYBANK-INDEX  (oi range: 77,550–1,042,860)
2026-08-17 12:42:23,747 - INFO - 📡 Fetching NSE:NIFTY50-INDEX @ 24301  expiry=26818  strikes=ATM±5
2026-08-17 12:42:53,495 - INFO - 📊 Saved 22 snapshots for NSE:NIFTY50-INDEX  (oi range: 173,420–27,244,425)
2026-08-17 12:42:54,752 - INFO - 📡 Fetching NSE:NIFTYBANK-INDEX @ 57376  expiry=26AUG  strikes=ATM±5
2026-08-17 12:43:24,974 - INFO - 📊 Saved 22 snapshots for NSE:NIFTYBANK-INDEX  (oi range: 77,760–1,038,240)
2026-08-17 12:43:26,240 - INFO - 📡 Fetching NSE:NIFTY50-INDEX @ 24305  expiry=26818  strikes=ATM±5
2026-08-17 12:43:55,892 - INFO - 📊 Saved 22 snapshots for NSE:NIFTY50-INDEX  (oi range: 171,405–26,943,800)
2026-08-17 12:43:56,995 - INFO - 📡 Fetching NSE:NIFTYBANK-INDEX @ 57374  expiry=26AUG  strikes=ATM±5
2026-08-17 12:44:27,473 - INFO - 📊 Saved 22 snapshots for NSE:NIFTYBANK-INDEX  (oi range: 78,390–1,031,160)
2026-08-17 12:44:28,576 - INFO - 📡 Fetching NSE:NIFTY50-INDEX @ 24303  expiry=26818  strikes=ATM±5
2026-08-17 12:44:58,733 - INFO - 📊 Saved 22 snapshots for NSE:NIFTY50-INDEX  (oi range: 170,820–26,938,860)
2026-08-17 12:44:59,834 - INFO - 📡 Fetching NSE:NIFTYBANK-INDEX @ 57366  expiry=26AUG  strikes=ATM±5
2026-08-17 12:45:05,172 - INFO - 🔔 [New Candle Closed] Running entry pipeline for candle 12:45 at 12:45:05...
2026-08-17 12:45:05,173 - INFO - --- 12:45:05 Market Pulse ---
2026-08-17 12:45:13,004 - ERROR - [Pipeline] Snapshot computation failed for NSE:NIFTY50-INDEX: 'LevelsView' object has no attribute 'resistance'
Traceback (most recent call last):
  File "/Users/kashishbaggafeast/Desktop/Bot/src/core/indicator_pipeline.py", line 332, in compute
    h1_zones = confirm_zones_with_geometry(h1_zones, geometry_ctx.levels)
  File "/Users/kashishbaggafeast/Desktop/Bot/src/core/zone_engine.py", line 209, in confirm_zones_with_geometry
    composites = levels_view.support() if zone.zone_type == "DEMAND" else levels_view.resistance()
AttributeError: 'LevelsView' object has no attribute 'resistance'
2026-08-17 12:45:13,004 - WARNING - ⚠️ Pipeline returned None for NSE:NIFTY50-INDEX
2026-08-17 12:45:14,893 - ERROR - [Pipeline] Snapshot computation failed for NSE:NIFTYBANK-INDEX: 'LevelsView' object has no attribute 'resistance'
Traceback (most recent call last):
  File "/Users/kashishbaggafeast/Desktop/Bot/src/core/indicator_pipeline.py", line 332, in compute
    h1_zones = confirm_zones_with_geometry(h1_zones, geometry_ctx.levels)
  File "/Users/kashishbaggafeast/Desktop/Bot/src/core/zone_engine.py", line 209, in confirm_zones_with_geometry
    composites = levels_view.support() if zone.zone_type == "DEMAND" else levels_view.resistance()
AttributeError: 'LevelsView' object has no attribute 'resistance'
2026-08-17 12:45:14,894 - WARNING - ⚠️ Pipeline returned None for NSE:NIFTYBANK-INDEX
2026-08-17 12:45:14,894 - INFO - 🧘 Status: Sidelined (No Institutional Alignment)
2026-08-17 12:45:30,779 - INFO - 📊 Saved 22 snapshots for NSE:NIFTYBANK-INDEX  (oi range: 78,300–1,035,990)
2026-08-17 12:45:32,032 - INFO - 📡 Fetching NSE:NIFTY50-INDEX @ 24307  expiry=26818  strikes=ATM±5
2026-08-17 12:46:01,813 - INFO - 📊 Saved 22 snapshots for NSE:NIFTY50-INDEX  (oi range: 169,455–26,960,765)
2026-08-17 12:46:02,904 - INFO - 📡 Fetching NSE:NIFTYBANK-INDEX @ 57379  expiry=26AUG  strikes=ATM±5
2026-08-17 12:46:33,200 - INFO - 📊 Saved 22 snapshots for NSE:NIFTYBANK-INDEX  (oi range: 78,450–1,030,530)
2026-08-17 12:46:34,305 - INFO - 📡 Fetching NSE:NIFTY50-INDEX @ 24312  expiry=26818  strikes=ATM±5
2026-08-17 12:47:04,916 - INFO - 📊 Saved 22 snapshots for NSE:NIFTY50-INDEX  (oi range: 161,395–25,076,740)
2026-08-17 12:47:06,009 - INFO - 📡 Fetching NSE:NIFTYBANK-INDEX @ 57438  expiry=26AUG  strikes=ATM±5
2026-08-17 12:47:35,775 - INFO - 📊 Saved 22 snapshots for NSE:NIFTYBANK-INDEX  (oi range: 78,060–1,010,760)
2026-08-17 12:47:36,869 - INFO - 📡 Fetching NSE:NIFTY50-INDEX @ 24326  expiry=26818  strikes=ATM±5
2026-08-17 12:48:06,504 - INFO - 📊 Saved 22 snapshots for NSE:NIFTY50-INDEX  (oi range: 566,345–21,827,000)
2026-08-17 12:48:07,598 - INFO - 📡 Fetching NSE:NIFTYBANK-INDEX @ 57442  expiry=26AUG  strikes=ATM±5
2026-08-17 12:48:37,556 - INFO - 📊 Saved 22 snapshots for NSE:NIFTYBANK-INDEX  (oi range: 77,550–1,010,220)
2026-08-17 12:48:38,663 - INFO - 📡 Fetching NSE:NIFTY50-INDEX @ 24324  expiry=26818  strikes=ATM±5
2026-08-17 12:49:09,133 - INFO - 📊 Saved 22 snapshots for NSE:NIFTY50-INDEX  (oi range: 150,215–22,508,265)
2026-08-17 12:49:10,392 - INFO - 📡 Fetching NSE:NIFTYBANK-INDEX @ 57424  expiry=26AUG  strikes=ATM±5
2026-08-17 12:49:40,827 - INFO - 📊 Saved 22 snapshots for NSE:NIFTYBANK-INDEX  (oi range: 77,310–997,110)
2026-08-17 12:49:41,927 - INFO - 📡 Fetching NSE:NIFTY50-INDEX @ 24321  expiry=26818  strikes=ATM±5
2026-08-17 12:50:05,963 - INFO - 🔔 [New Candle Closed] Running entry pipeline for candle 12:50 at 12:50:05...
2026-08-17 12:50:05,963 - INFO - --- 12:50:05 Market Pulse ---
2026-08-17 12:50:11,612 - INFO - 📊 Saved 22 snapshots for NSE:NIFTY50-INDEX  (oi range: 150,605–23,144,225)
2026-08-17 12:50:13,554 - INFO - 📡 Fetching NSE:NIFTYBANK-INDEX @ 57447  expiry=26AUG  strikes=ATM±5
2026-08-17 12:50:13,687 - ERROR - [Pipeline] Snapshot computation failed for NSE:NIFTY50-INDEX: 'LevelsView' object has no attribute 'resistance'
Traceback (most recent call last):
  File "/Users/kashishbaggafeast/Desktop/Bot/src/core/indicator_pipeline.py", line 332, in compute
    h1_zones = confirm_zones_with_geometry(h1_zones, geometry_ctx.levels)
  File "/Users/kashishbaggafeast/Desktop/Bot/src/core/zone_engine.py", line 209, in confirm_zones_with_geometry
    composites = levels_view.support() if zone.zone_type == "DEMAND" else levels_view.resistance()
AttributeError: 'LevelsView' object has no attribute 'resistance'
2026-08-17 12:50:13,688 - WARNING - ⚠️ Pipeline returned None for NSE:NIFTY50-INDEX
2026-08-17 12:50:15,534 - ERROR - [Pipeline] Snapshot computation failed for NSE:NIFTYBANK-INDEX: 'LevelsView' object has no attribute 'resistance'
Traceback (most recent call last):
  File "/Users/kashishbaggafeast/Desktop/Bot/src/core/indicator_pipeline.py", line 332, in compute
    h1_zones = confirm_zones_with_geometry(h1_zones, geometry_ctx.levels)
  File "/Users/kashishbaggafeast/Desktop/Bot/src/core/zone_engine.py", line 209, in confirm_zones_with_geometry
    composites = levels_view.support() if zone.zone_type == "DEMAND" else levels_view.resistance()
AttributeError: 'LevelsView' object has no attribute 'resistance'
2026-08-17 12:50:15,535 - WARNING - ⚠️ Pipeline returned None for NSE:NIFTYBANK-INDEX
2026-08-17 12:50:15,535 - INFO - 🧘 Status: Sidelined (No Institutional Alignment)
2026-08-17 12:50:42,702 - INFO - 📊 Saved 22 snapshots for NSE:NIFTYBANK-INDEX  (oi range: 77,190–996,630)
2026-08-17 12:50:43,803 - INFO - 📡 Fetching NSE:NIFTY50-INDEX @ 24326  expiry=26818  strikes=ATM±5
2026-08-17 12:51:13,764 - INFO - 📊 Saved 22 snapshots for NSE:NIFTY50-INDEX  (oi range: 596,180–23,733,385)
2026-08-17 12:51:14,865 - INFO - 📡 Fetching NSE:NIFTYBANK-INDEX @ 57459  expiry=26AUG  strikes=ATM±5
2026-08-17 12:51:44,717 - INFO - 📊 Saved 22 snapshots for NSE:NIFTYBANK-INDEX  (oi range: 101,340–2,343,360)
2026-08-17 12:51:45,816 - INFO - 📡 Fetching NSE:NIFTY50-INDEX @ 24332  expiry=26818  strikes=ATM±5
2026-08-17 12:52:15,937 - INFO - 📊 Saved 22 snapshots for NSE:NIFTY50-INDEX  (oi range: 606,970–24,291,735)
2026-08-17 12:52:17,034 - INFO - 📡 Fetching NSE:NIFTYBANK-INDEX @ 57475  expiry=26AUG  strikes=ATM±5
2026-08-17 12:52:47,353 - INFO - 📊 Saved 22 snapshots for NSE:NIFTYBANK-INDEX  (oi range: 101,370–2,343,060)
2026-08-17 12:52:48,461 - INFO - 📡 Fetching NSE:NIFTY50-INDEX @ 24336  expiry=26818  strikes=ATM±5
2026-08-17 12:53:18,421 - INFO - 📊 Saved 22 snapshots for NSE:NIFTY50-INDEX  (oi range: 635,310–24,762,660)
2026-08-17 12:53:19,521 - INFO - 📡 Fetching NSE:NIFTYBANK-INDEX @ 57482  expiry=26AUG  strikes=ATM±5
2026-08-17 12:53:49,333 - INFO - 📊 Saved 22 snapshots for NSE:NIFTYBANK-INDEX  (oi range: 101,370–2,342,100)
2026-08-17 12:53:50,437 - INFO - 📡 Fetching NSE:NIFTY50-INDEX @ 24333  expiry=26818  strikes=ATM±5
2026-08-17 12:54:20,250 - INFO - 📊 Saved 22 snapshots for NSE:NIFTY50-INDEX  (oi range: 639,275–25,074,465)
2026-08-17 12:54:21,351 - INFO - 📡 Fetching NSE:NIFTYBANK-INDEX @ 57476  expiry=26AUG  strikes=ATM±5
2026-08-17 12:54:51,277 - INFO - 📊 Saved 22 snapshots for NSE:NIFTYBANK-INDEX  (oi range: 99,840–2,337,480)
2026-08-17 12:54:52,376 - INFO - 📡 Fetching NSE:NIFTY50-INDEX @ 24330  expiry=26818  strikes=ATM±5
2026-08-17 12:55:05,610 - INFO - 🔔 [New Candle Closed] Running entry pipeline for candle 12:55 at 12:55:05...
2026-08-17 12:55:05,611 - INFO - --- 12:55:05 Market Pulse ---
2026-08-17 12:55:13,352 - ERROR - [Pipeline] Snapshot computation failed for NSE:NIFTY50-INDEX: 'LevelsView' object has no attribute 'resistance'
Traceback (most recent call last):
  File "/Users/kashishbaggafeast/Desktop/Bot/src/core/indicator_pipeline.py", line 332, in compute
    h1_zones = confirm_zones_with_geometry(h1_zones, geometry_ctx.levels)
  File "/Users/kashishbaggafeast/Desktop/Bot/src/core/zone_engine.py", line 209, in confirm_zones_with_geometry
    composites = levels_view.support() if zone.zone_type == "DEMAND" else levels_view.resistance()
AttributeError: 'LevelsView' object has no attribute 'resistance'
2026-08-17 12:55:13,352 - WARNING - ⚠️ Pipeline returned None for NSE:NIFTY50-INDEX
2026-08-17 12:55:15,192 - ERROR - [Pipeline] Snapshot computation failed for NSE:NIFTYBANK-INDEX: 'LevelsView' object has no attribute 'resistance'
Traceback (most recent call last):
  File "/Users/kashishbaggafeast/Desktop/Bot/src/core/indicator_pipeline.py", line 332, in compute
    h1_zones = confirm_zones_with_geometry(h1_zones, geometry_ctx.levels)
  File "/Users/kashishbaggafeast/Desktop/Bot/src/core/zone_engine.py", line 209, in confirm_zones_with_geometry
    composites = levels_view.support() if zone.zone_type == "DEMAND" else levels_view.resistance()
AttributeError: 'LevelsView' object has no attribute 'resistance'
2026-08-17 12:55:15,192 - WARNING - ⚠️ Pipeline returned None for NSE:NIFTYBANK-INDEX
2026-08-17 12:55:15,193 - INFO - 🧘 Status: Sidelined (No Institutional Alignment)
2026-08-17 12:55:23,167 - INFO - 📊 Saved 22 snapshots for NSE:NIFTY50-INDEX  (oi range: 648,310–25,286,235)
2026-08-17 12:55:24,260 - INFO - 📡 Fetching NSE:NIFTYBANK-INDEX @ 57499  expiry=26AUG  strikes=ATM±5
2026-08-17 12:55:54,245 - INFO - 📊 Saved 22 snapshots for NSE:NIFTYBANK-INDEX  (oi range: 98,160–2,322,390)
2026-08-17 12:55:55,342 - INFO - 📡 Fetching NSE:NIFTY50-INDEX @ 24331  expiry=26818  strikes=ATM±5
2026-08-17 12:56:24,942 - INFO - 📊 Saved 22 snapshots for NSE:NIFTY50-INDEX  (oi range: 653,835–25,800,190)
2026-08-17 12:56:26,203 - INFO - 📡 Fetching NSE:NIFTYBANK-INDEX @ 57485  expiry=26AUG  strikes=ATM±5
2026-08-17 12:56:56,751 - INFO - 📊 Saved 22 snapshots for NSE:NIFTYBANK-INDEX  (oi range: 97,440–2,324,310)
2026-08-17 12:56:57,851 - INFO - 📡 Fetching NSE:NIFTY50-INDEX @ 24325  expiry=26818  strikes=ATM±5
2026-08-17 12:57:27,979 - INFO - 📊 Saved 22 snapshots for NSE:NIFTY50-INDEX  (oi range: 152,815–25,939,030)
2026-08-17 12:57:29,071 - INFO - 📡 Fetching NSE:NIFTYBANK-INDEX @ 57490  expiry=26AUG  strikes=ATM±5
2026-08-17 12:59:14,191 - INFO - 📊 Saved 22 snapshots for NSE:NIFTYBANK-INDEX  (oi range: 97,680–2,307,900)
2026-08-17 12:59:15,295 - INFO - 📡 Fetching NSE:NIFTY50-INDEX @ 24329  expiry=26818  strikes=ATM±5
2026-08-17 12:59:45,367 - INFO - 📊 Saved 22 snapshots for NSE:NIFTY50-INDEX  (oi range: 668,330–26,432,510)
2026-08-17 12:59:46,466 - INFO - 📡 Fetching NSE:NIFTYBANK-INDEX @ 57566  expiry=26AUG  strikes=ATM±5
2026-08-17 13:00:05,267 - INFO - 🔔 [New Candle Closed] Running entry pipeline for candle 13:00 at 13:00:05...
2026-08-17 13:00:05,267 - INFO - --- 13:00:05 Market Pulse ---
2026-08-17 13:00:13,053 - ERROR - [Pipeline] Snapshot computation failed for NSE:NIFTY50-INDEX: 'LevelsView' object has no attribute 'resistance'
Traceback (most recent call last):
  File "/Users/kashishbaggafeast/Desktop/Bot/src/core/indicator_pipeline.py", line 332, in compute
    h1_zones = confirm_zones_with_geometry(h1_zones, geometry_ctx.levels)
  File "/Users/kashishbaggafeast/Desktop/Bot/src/core/zone_engine.py", line 209, in confirm_zones_with_geometry
    composites = levels_view.support() if zone.zone_type == "DEMAND" else levels_view.resistance()
AttributeError: 'LevelsView' object has no attribute 'resistance'
2026-08-17 13:00:13,053 - WARNING - ⚠️ Pipeline returned None for NSE:NIFTY50-INDEX
2026-08-17 13:00:14,786 - ERROR - [Pipeline] Snapshot computation failed for NSE:NIFTYBANK-INDEX: 'LevelsView' object has no attribute 'resistance'
Traceback (most recent call last):
  File "/Users/kashishbaggafeast/Desktop/Bot/src/core/indicator_pipeline.py", line 332, in compute
    h1_zones = confirm_zones_with_geometry(h1_zones, geometry_ctx.levels)
  File "/Users/kashishbaggafeast/Desktop/Bot/src/core/zone_engine.py", line 209, in confirm_zones_with_geometry
    composites = levels_view.support() if zone.zone_type == "DEMAND" else levels_view.resistance()
AttributeError: 'LevelsView' object has no attribute 'resistance'
2026-08-17 13:00:14,787 - WARNING - ⚠️ Pipeline returned None for NSE:NIFTYBANK-INDEX
2026-08-17 13:00:14,787 - INFO - 🧘 Status: Sidelined (No Institutional Alignment)
2026-08-17 13:00:17,605 - INFO - 📊 Saved 22 snapshots for NSE:NIFTYBANK-INDEX  (oi range: 99,810–2,294,790)
2026-08-17 13:00:18,701 - INFO - 📡 Fetching NSE:NIFTY50-INDEX @ 24338  expiry=26818  strikes=ATM±5
2026-08-17 13:00:48,998 - INFO - 📊 Saved 22 snapshots for NSE:NIFTY50-INDEX  (oi range: 659,490–26,203,840)
2026-08-17 13:00:50,096 - INFO - 📡 Fetching NSE:NIFTYBANK-INDEX @ 57636  expiry=26AUG  strikes=ATM±5
2026-08-17 13:01:19,991 - INFO - 📊 Saved 22 snapshots for NSE:NIFTYBANK-INDEX  (oi range: 97,110–2,264,130)
2026-08-17 13:01:21,083 - INFO - 📡 Fetching NSE:NIFTY50-INDEX @ 24338  expiry=26818  strikes=ATM±5
2026-08-17 13:01:51,011 - INFO - 📊 Saved 22 snapshots for NSE:NIFTY50-INDEX  (oi range: 670,670–25,816,440)
2026-08-17 13:01:52,104 - INFO - 📡 Fetching NSE:NIFTYBANK-INDEX @ 57605  expiry=26AUG  strikes=ATM±5
2026-08-17 13:03:37,445 - INFO - 📊 Saved 22 snapshots for NSE:NIFTYBANK-INDEX  (oi range: 95,940–2,262,480)
2026-08-17 13:03:38,695 - INFO - 📡 Fetching NSE:NIFTY50-INDEX @ 24351  expiry=26818  strikes=ATM±5
2026-08-17 13:04:08,149 - INFO - 📊 Saved 22 snapshots for NSE:NIFTY50-INDEX  (oi range: 693,745–26,689,585)
2026-08-17 13:04:09,410 - INFO - 📡 Fetching NSE:NIFTYBANK-INDEX @ 57664  expiry=26AUG  strikes=ATM±5
2026-08-17 13:04:39,334 - INFO - 📊 Saved 22 snapshots for NSE:NIFTYBANK-INDEX  (oi range: 147,780–2,249,460)
2026-08-17 13:04:40,430 - INFO - 📡 Fetching NSE:NIFTY50-INDEX @ 24344  expiry=26818  strikes=ATM±5
2026-08-17 13:05:05,851 - INFO - 🔔 [New Candle Closed] Running entry pipeline for candle 13:05 at 13:05:05...
2026-08-17 13:05:05,852 - INFO - --- 13:05:05 Market Pulse ---
2026-08-17 13:05:10,253 - INFO - 📊 Saved 22 snapshots for NSE:NIFTY50-INDEX  (oi range: 713,050–26,978,770)
2026-08-17 13:05:11,372 - INFO - 📡 Fetching NSE:NIFTYBANK-INDEX @ 57635  expiry=26AUG  strikes=ATM±5
2026-08-17 13:05:13,616 - ERROR - [Pipeline] Snapshot computation failed for NSE:NIFTY50-INDEX: 'LevelsView' object has no attribute 'resistance'
Traceback (most recent call last):
  File "/Users/kashishbaggafeast/Desktop/Bot/src/core/indicator_pipeline.py", line 332, in compute
    h1_zones = confirm_zones_with_geometry(h1_zones, geometry_ctx.levels)
  File "/Users/kashishbaggafeast/Desktop/Bot/src/core/zone_engine.py", line 209, in confirm_zones_with_geometry
    composites = levels_view.support() if zone.zone_type == "DEMAND" else levels_view.resistance()
AttributeError: 'LevelsView' object has no attribute 'resistance'
2026-08-17 13:05:13,617 - WARNING - ⚠️ Pipeline returned None for NSE:NIFTY50-INDEX
2026-08-17 13:05:15,383 - ERROR - [Pipeline] Snapshot computation failed for NSE:NIFTYBANK-INDEX: 'LevelsView' object has no attribute 'resistance'
Traceback (most recent call last):
  File "/Users/kashishbaggafeast/Desktop/Bot/src/core/indicator_pipeline.py", line 332, in compute
    h1_zones = confirm_zones_with_geometry(h1_zones, geometry_ctx.levels)
  File "/Users/kashishbaggafeast/Desktop/Bot/src/core/zone_engine.py", line 209, in confirm_zones_with_geometry
    composites = levels_view.support() if zone.zone_type == "DEMAND" else levels_view.resistance()
AttributeError: 'LevelsView' object has no attribute 'resistance'
2026-08-17 13:05:15,383 - WARNING - ⚠️ Pipeline returned None for NSE:NIFTYBANK-INDEX
2026-08-17 13:05:15,383 - INFO - 🧘 Status: Sidelined (No Institutional Alignment)
2026-08-17 13:05:42,546 - INFO - 📊 Saved 22 snapshots for NSE:NIFTYBANK-INDEX  (oi range: 95,220–2,250,540)
2026-08-17 13:05:43,639 - INFO - 📡 Fetching NSE:NIFTY50-INDEX @ 24346  expiry=26818  strikes=ATM±5
2026-08-17 13:06:13,563 - INFO - 📊 Saved 22 snapshots for NSE:NIFTY50-INDEX  (oi range: 733,915–27,315,145)
2026-08-17 13:06:14,656 - INFO - 📡 Fetching NSE:NIFTYBANK-INDEX @ 57649  expiry=26AUG  strikes=ATM±5
2026-08-17 13:06:44,914 - INFO - 📊 Saved 22 snapshots for NSE:NIFTYBANK-INDEX  (oi range: 95,550–2,248,980)
2026-08-17 13:06:46,021 - INFO - 📡 Fetching NSE:NIFTY50-INDEX @ 24347  expiry=26818  strikes=ATM±5
2026-08-17 13:07:15,795 - INFO - 📊 Saved 22 snapshots for NSE:NIFTY50-INDEX  (oi range: 740,025–27,623,700)
2026-08-17 13:07:16,895 - INFO - 📡 Fetching NSE:NIFTYBANK-INDEX @ 57632  expiry=26AUG  strikes=ATM±5
2026-08-17 13:07:46,519 - INFO - 📊 Saved 22 snapshots for NSE:NIFTYBANK-INDEX  (oi range: 95,280–2,246,790)
2026-08-17 13:07:47,629 - INFO - 📡 Fetching NSE:NIFTY50-INDEX @ 24345  expiry=26818  strikes=ATM±5
2026-08-17 13:08:17,523 - INFO - 📊 Saved 22 snapshots for NSE:NIFTY50-INDEX  (oi range: 743,470–27,910,805)
2026-08-17 13:08:18,639 - INFO - 📡 Fetching NSE:NIFTYBANK-INDEX @ 57629  expiry=26AUG  strikes=ATM±5
2026-08-17 13:08:48,597 - INFO - 📊 Saved 22 snapshots for NSE:NIFTYBANK-INDEX  (oi range: 94,800–2,241,930)
2026-08-17 13:08:49,693 - INFO - 📡 Fetching NSE:NIFTY50-INDEX @ 24344  expiry=26818  strikes=ATM±5
2026-08-17 13:09:19,913 - INFO - 📊 Saved 22 snapshots for NSE:NIFTY50-INDEX  (oi range: 758,940–28,082,535)
2026-08-17 13:09:21,019 - INFO - 📡 Fetching NSE:NIFTYBANK-INDEX @ 57615  expiry=26AUG  strikes=ATM±5
2026-08-17 13:09:50,642 - INFO - 📊 Saved 22 snapshots for NSE:NIFTYBANK-INDEX  (oi range: 94,980–2,241,270)
2026-08-17 13:09:51,739 - INFO - 📡 Fetching NSE:NIFTY50-INDEX @ 24337  expiry=26818  strikes=ATM±5
2026-08-17 13:10:05,442 - INFO - 🔔 [New Candle Closed] Running entry pipeline for candle 13:10 at 13:10:05...
2026-08-17 13:10:05,442 - INFO - --- 13:10:05 Market Pulse ---
2026-08-17 13:10:13,188 - ERROR - [Pipeline] Snapshot computation failed for NSE:NIFTY50-INDEX: 'LevelsView' object has no attribute 'resistance'
Traceback (most recent call last):
  File "/Users/kashishbaggafeast/Desktop/Bot/src/core/indicator_pipeline.py", line 332, in compute
    h1_zones = confirm_zones_with_geometry(h1_zones, geometry_ctx.levels)
  File "/Users/kashishbaggafeast/Desktop/Bot/src/core/zone_engine.py", line 209, in confirm_zones_with_geometry
    composites = levels_view.support() if zone.zone_type == "DEMAND" else levels_view.resistance()
AttributeError: 'LevelsView' object has no attribute 'resistance'
2026-08-17 13:10:13,188 - WARNING - ⚠️ Pipeline returned None for NSE:NIFTY50-INDEX
2026-08-17 13:10:14,959 - ERROR - [Pipeline] Snapshot computation failed for NSE:NIFTYBANK-INDEX: 'LevelsView' object has no attribute 'resistance'
Traceback (most recent call last):
  File "/Users/kashishbaggafeast/Desktop/Bot/src/core/indicator_pipeline.py", line 332, in compute
    h1_zones = confirm_zones_with_geometry(h1_zones, geometry_ctx.levels)
  File "/Users/kashishbaggafeast/Desktop/Bot/src/core/zone_engine.py", line 209, in confirm_zones_with_geometry
    composites = levels_view.support() if zone.zone_type == "DEMAND" else levels_view.resistance()
AttributeError: 'LevelsView' object has no attribute 'resistance'
2026-08-17 13:10:14,960 - WARNING - ⚠️ Pipeline returned None for NSE:NIFTYBANK-INDEX
2026-08-17 13:10:14,960 - INFO - 🧘 Status: Sidelined (No Institutional Alignment)
2026-08-17 13:10:24,052 - INFO - 📊 Saved 22 snapshots for NSE:NIFTY50-INDEX  (oi range: 753,025–28,021,955)
2026-08-17 13:10:25,160 - INFO - 📡 Fetching NSE:NIFTYBANK-INDEX @ 57630  expiry=26AUG  strikes=ATM±5
2026-08-17 13:10:55,136 - INFO - 📊 Saved 22 snapshots for NSE:NIFTYBANK-INDEX  (oi range: 94,410–2,236,830)
2026-08-17 13:10:56,231 - INFO - 📡 Fetching NSE:NIFTY50-INDEX @ 24336  expiry=26818  strikes=ATM±5
2026-08-17 13:11:26,029 - INFO - 📊 Saved 22 snapshots for NSE:NIFTY50-INDEX  (oi range: 757,185–28,388,620)
2026-08-17 13:11:27,133 - INFO - 📡 Fetching NSE:NIFTYBANK-INDEX @ 57630  expiry=26AUG  strikes=ATM±5
2026-08-17 13:11:57,416 - INFO - 📊 Saved 22 snapshots for NSE:NIFTYBANK-INDEX  (oi range: 94,440–2,238,780)
2026-08-17 13:11:58,518 - INFO - 📡 Fetching NSE:NIFTY50-INDEX @ 24342  expiry=26818  strikes=ATM±5
2026-08-17 13:12:28,802 - INFO - 📊 Saved 22 snapshots for NSE:NIFTY50-INDEX  (oi range: 761,605–28,652,065)
2026-08-17 13:12:29,906 - INFO - 📡 Fetching NSE:NIFTYBANK-INDEX @ 57649  expiry=26AUG  strikes=ATM±5
2026-08-17 13:13:00,032 - INFO - 📊 Saved 22 snapshots for NSE:NIFTYBANK-INDEX  (oi range: 94,950–2,236,890)
2026-08-17 13:13:01,133 - INFO - 📡 Fetching NSE:NIFTY50-INDEX @ 24345  expiry=26818  strikes=ATM±5
2026-08-17 13:13:31,258 - INFO - 📊 Saved 22 snapshots for NSE:NIFTY50-INDEX  (oi range: 760,110–28,942,160)
2026-08-17 13:13:32,364 - INFO - 📡 Fetching NSE:NIFTYBANK-INDEX @ 57671  expiry=26AUG  strikes=ATM±5
2026-08-17 13:14:02,336 - INFO - 📊 Saved 22 snapshots for NSE:NIFTYBANK-INDEX  (oi range: 152,370–2,234,250)
2026-08-17 13:14:03,435 - INFO - 📡 Fetching NSE:NIFTY50-INDEX @ 24348  expiry=26818  strikes=ATM±5
2026-08-17 13:14:33,210 - INFO - 📊 Saved 22 snapshots for NSE:NIFTY50-INDEX  (oi range: 767,780–29,032,575)
2026-08-17 13:14:34,308 - INFO - 📡 Fetching NSE:NIFTYBANK-INDEX @ 57663  expiry=26AUG  strikes=ATM±5
2026-08-17 13:15:04,441 - INFO - 📊 Saved 22 snapshots for NSE:NIFTYBANK-INDEX  (oi range: 159,720–2,231,970)
2026-08-17 13:15:05,025 - INFO - 🔔 [New Candle Closed] Running entry pipeline for candle 13:15 at 13:15:05...
2026-08-17 13:15:05,026 - INFO - --- 13:15:05 Market Pulse ---
2026-08-17 13:15:05,534 - INFO - 📡 Fetching NSE:NIFTY50-INDEX @ 24348  expiry=26818  strikes=ATM±5
2026-08-17 13:15:12,861 - ERROR - [Pipeline] Snapshot computation failed for NSE:NIFTY50-INDEX: 'LevelsView' object has no attribute 'resistance'
Traceback (most recent call last):
  File "/Users/kashishbaggafeast/Desktop/Bot/src/core/indicator_pipeline.py", line 332, in compute
    h1_zones = confirm_zones_with_geometry(h1_zones, geometry_ctx.levels)
  File "/Users/kashishbaggafeast/Desktop/Bot/src/core/zone_engine.py", line 209, in confirm_zones_with_geometry
    composites = levels_view.support() if zone.zone_type == "DEMAND" else levels_view.resistance()
AttributeError: 'LevelsView' object has no attribute 'resistance'
2026-08-17 13:15:12,862 - WARNING - ⚠️ Pipeline returned None for NSE:NIFTY50-INDEX
2026-08-17 13:15:14,713 - ERROR - [Pipeline] Snapshot computation failed for NSE:NIFTYBANK-INDEX: 'LevelsView' object has no attribute 'resistance'
Traceback (most recent call last):
  File "/Users/kashishbaggafeast/Desktop/Bot/src/core/indicator_pipeline.py", line 332, in compute
    h1_zones = confirm_zones_with_geometry(h1_zones, geometry_ctx.levels)
  File "/Users/kashishbaggafeast/Desktop/Bot/src/core/zone_engine.py", line 209, in confirm_zones_with_geometry
    composites = levels_view.support() if zone.zone_type == "DEMAND" else levels_view.resistance()
AttributeError: 'LevelsView' object has no attribute 'resistance'
2026-08-17 13:15:14,714 - WARNING - ⚠️ Pipeline returned None for NSE:NIFTYBANK-INDEX
2026-08-17 13:15:14,714 - INFO - 🧘 Status: Sidelined (No Institutional Alignment)
2026-08-17 13:15:36,643 - INFO - 📊 Saved 22 snapshots for NSE:NIFTY50-INDEX  (oi range: 783,055–28,921,750)
2026-08-17 13:15:37,739 - INFO - 📡 Fetching NSE:NIFTYBANK-INDEX @ 57666  expiry=26AUG  strikes=ATM±5
2026-08-17 13:16:07,534 - INFO - 📊 Saved 22 snapshots for NSE:NIFTYBANK-INDEX  (oi range: 158,250–2,229,420)
2026-08-17 13:16:08,631 - INFO - 📡 Fetching NSE:NIFTY50-INDEX @ 24352  expiry=26818  strikes=ATM±5
2026-08-17 13:16:38,564 - INFO - 📊 Saved 22 snapshots for NSE:NIFTY50-INDEX  (oi range: 787,735–29,198,585)
2026-08-17 13:16:39,653 - INFO - 📡 Fetching NSE:NIFTYBANK-INDEX @ 57659  expiry=26AUG  strikes=ATM±5
2026-08-17 13:17:09,968 - INFO - 📊 Saved 22 snapshots for NSE:NIFTYBANK-INDEX  (oi range: 155,970–2,222,640)
2026-08-17 13:17:11,065 - INFO - 📡 Fetching NSE:NIFTY50-INDEX @ 24350  expiry=26818  strikes=ATM±5
2026-08-17 13:17:40,843 - INFO - 📊 Saved 22 snapshots for NSE:NIFTY50-INDEX  (oi range: 785,785–29,139,695)
2026-08-17 13:17:41,937 - INFO - 📡 Fetching NSE:NIFTYBANK-INDEX @ 57650  expiry=26AUG  strikes=ATM±5
2026-08-17 13:18:11,875 - INFO - 📊 Saved 22 snapshots for NSE:NIFTYBANK-INDEX  (oi range: 94,320–2,227,500)
2026-08-17 13:18:12,971 - INFO - 📡 Fetching NSE:NIFTY50-INDEX @ 24346  expiry=26818  strikes=ATM±5
2026-08-17 13:18:42,725 - INFO - 📊 Saved 22 snapshots for NSE:NIFTY50-INDEX  (oi range: 786,695–29,312,855)
2026-08-17 13:18:43,868 - INFO - 📡 Fetching NSE:NIFTYBANK-INDEX @ 57644  expiry=26AUG  strikes=ATM±5
2026-08-17 13:19:14,120 - INFO - 📊 Saved 22 snapshots for NSE:NIFTYBANK-INDEX  (oi range: 94,260–2,226,570)
2026-08-17 13:19:15,220 - INFO - 📡 Fetching NSE:NIFTY50-INDEX @ 24348  expiry=26818  strikes=ATM±5
2026-08-17 13:19:45,029 - INFO - 📊 Saved 22 snapshots for NSE:NIFTY50-INDEX  (oi range: 786,500–29,517,605)
2026-08-17 13:19:46,133 - INFO - 📡 Fetching NSE:NIFTYBANK-INDEX @ 57658  expiry=26AUG  strikes=ATM±5
2026-08-17 13:20:05,788 - INFO - 🔔 [New Candle Closed] Running entry pipeline for candle 13:20 at 13:20:05...
2026-08-17 13:20:05,789 - INFO - --- 13:20:05 Market Pulse ---
2026-08-17 13:20:13,808 - ERROR - [Pipeline] Snapshot computation failed for NSE:NIFTY50-INDEX: 'LevelsView' object has no attribute 'resistance'
Traceback (most recent call last):
  File "/Users/kashishbaggafeast/Desktop/Bot/src/core/indicator_pipeline.py", line 332, in compute
    h1_zones = confirm_zones_with_geometry(h1_zones, geometry_ctx.levels)
  File "/Users/kashishbaggafeast/Desktop/Bot/src/core/zone_engine.py", line 209, in confirm_zones_with_geometry
    composites = levels_view.support() if zone.zone_type == "DEMAND" else levels_view.resistance()
AttributeError: 'LevelsView' object has no attribute 'resistance'
2026-08-17 13:20:13,809 - WARNING - ⚠️ Pipeline returned None for NSE:NIFTY50-INDEX
2026-08-17 13:20:15,581 - ERROR - [Pipeline] Snapshot computation failed for NSE:NIFTYBANK-INDEX: 'LevelsView' object has no attribute 'resistance'
Traceback (most recent call last):
  File "/Users/kashishbaggafeast/Desktop/Bot/src/core/indicator_pipeline.py", line 332, in compute
    h1_zones = confirm_zones_with_geometry(h1_zones, geometry_ctx.levels)
  File "/Users/kashishbaggafeast/Desktop/Bot/src/core/zone_engine.py", line 209, in confirm_zones_with_geometry
    composites = levels_view.support() if zone.zone_type == "DEMAND" else levels_view.resistance()
AttributeError: 'LevelsView' object has no attribute 'resistance'
2026-08-17 13:20:15,582 - WARNING - ⚠️ Pipeline returned None for NSE:NIFTYBANK-INDEX
2026-08-17 13:20:15,582 - INFO - 🧘 Status: Sidelined (No Institutional Alignment)
2026-08-17 13:20:16,687 - INFO - 📊 Saved 22 snapshots for NSE:NIFTYBANK-INDEX  (oi range: 155,070–2,224,980)
2026-08-17 13:20:17,799 - INFO - 📡 Fetching NSE:NIFTY50-INDEX @ 24351  expiry=26818  strikes=ATM±5
2026-08-17 13:20:48,342 - INFO - 📊 Saved 22 snapshots for NSE:NIFTY50-INDEX  (oi range: 787,345–29,544,255)
2026-08-17 13:20:49,435 - INFO - 📡 Fetching NSE:NIFTYBANK-INDEX @ 57664  expiry=26AUG  strikes=ATM±5
2026-08-17 13:21:20,053 - INFO - 📊 Saved 22 snapshots for NSE:NIFTYBANK-INDEX  (oi range: 154,380–2,224,500)
2026-08-17 13:21:21,146 - INFO - 📡 Fetching NSE:NIFTY50-INDEX @ 24348  expiry=26818  strikes=ATM±5
2026-08-17 13:21:51,649 - INFO - 📊 Saved 22 snapshots for NSE:NIFTY50-INDEX  (oi range: 785,330–29,655,275)
2026-08-17 13:21:52,747 - INFO - 📡 Fetching NSE:NIFTYBANK-INDEX @ 57674  expiry=26AUG  strikes=ATM±5
2026-08-17 13:22:22,398 - INFO - 📊 Saved 22 snapshots for NSE:NIFTYBANK-INDEX  (oi range: 154,110–2,225,790)
2026-08-17 13:22:23,497 - INFO - 📡 Fetching NSE:NIFTY50-INDEX @ 24348  expiry=26818  strikes=ATM±5
2026-08-17 13:22:53,459 - INFO - 📊 Saved 22 snapshots for NSE:NIFTY50-INDEX  (oi range: 781,690–29,965,000)
2026-08-17 13:22:54,556 - INFO - 📡 Fetching NSE:NIFTYBANK-INDEX @ 57656  expiry=26AUG  strikes=ATM±5
2026-08-17 13:23:24,556 - INFO - 📊 Saved 22 snapshots for NSE:NIFTYBANK-INDEX  (oi range: 154,410–2,227,650)
2026-08-17 13:23:25,654 - INFO - 📡 Fetching NSE:NIFTY50-INDEX @ 24345  expiry=26818  strikes=ATM±5
2026-08-17 13:23:55,722 - INFO - 📊 Saved 22 snapshots for NSE:NIFTY50-INDEX  (oi range: 780,910–30,446,260)
2026-08-17 13:23:56,827 - INFO - 📡 Fetching NSE:NIFTYBANK-INDEX @ 57639  expiry=26AUG  strikes=ATM±5
2026-08-17 13:24:26,789 - INFO - 📊 Saved 22 snapshots for NSE:NIFTYBANK-INDEX  (oi range: 94,500–2,225,340)
2026-08-17 13:24:27,896 - INFO - 📡 Fetching NSE:NIFTY50-INDEX @ 24343  expiry=26818  strikes=ATM±5
2026-08-17 13:24:57,693 - INFO - 📊 Saved 22 snapshots for NSE:NIFTY50-INDEX  (oi range: 779,350–30,661,800)
2026-08-17 13:24:58,792 - INFO - 📡 Fetching NSE:NIFTYBANK-INDEX @ 57629  expiry=26AUG  strikes=ATM±5
2026-08-17 13:25:05,644 - INFO - 🔔 [New Candle Closed] Running entry pipeline for candle 13:25 at 13:25:05...
2026-08-17 13:25:05,645 - INFO - --- 13:25:05 Market Pulse ---
2026-08-17 13:25:13,411 - ERROR - [Pipeline] Snapshot computation failed for NSE:NIFTY50-INDEX: 'LevelsView' object has no attribute 'resistance'
Traceback (most recent call last):
  File "/Users/kashishbaggafeast/Desktop/Bot/src/core/indicator_pipeline.py", line 332, in compute
    h1_zones = confirm_zones_with_geometry(h1_zones, geometry_ctx.levels)
  File "/Users/kashishbaggafeast/Desktop/Bot/src/core/zone_engine.py", line 209, in confirm_zones_with_geometry
    composites = levels_view.support() if zone.zone_type == "DEMAND" else levels_view.resistance()
AttributeError: 'LevelsView' object has no attribute 'resistance'
2026-08-17 13:25:13,412 - WARNING - ⚠️ Pipeline returned None for NSE:NIFTY50-INDEX
2026-08-17 13:25:15,220 - ERROR - [Pipeline] Snapshot computation failed for NSE:NIFTYBANK-INDEX: 'LevelsView' object has no attribute 'resistance'
Traceback (most recent call last):
  File "/Users/kashishbaggafeast/Desktop/Bot/src/core/indicator_pipeline.py", line 332, in compute
    h1_zones = confirm_zones_with_geometry(h1_zones, geometry_ctx.levels)
  File "/Users/kashishbaggafeast/Desktop/Bot/src/core/zone_engine.py", line 209, in confirm_zones_with_geometry
    composites = levels_view.support() if zone.zone_type == "DEMAND" else levels_view.resistance()
AttributeError: 'LevelsView' object has no attribute 'resistance'
2026-08-17 13:25:15,221 - WARNING - ⚠️ Pipeline returned None for NSE:NIFTYBANK-INDEX
2026-08-17 13:25:15,221 - INFO - 🧘 Status: Sidelined (No Institutional Alignment)
2026-08-17 13:25:29,401 - INFO - 📊 Saved 22 snapshots for NSE:NIFTYBANK-INDEX  (oi range: 93,450–2,221,590)
2026-08-17 13:25:30,509 - INFO - 📡 Fetching NSE:NIFTY50-INDEX @ 24344  expiry=26818  strikes=ATM±5
2026-08-17 13:26:00,187 - INFO - 📊 Saved 22 snapshots for NSE:NIFTY50-INDEX  (oi range: 785,460–30,890,990)
2026-08-17 13:26:01,283 - INFO - 📡 Fetching NSE:NIFTYBANK-INDEX @ 57631  expiry=26AUG  strikes=ATM±5
2026-08-17 13:26:31,397 - INFO - 📊 Saved 22 snapshots for NSE:NIFTYBANK-INDEX  (oi range: 92,940–2,220,450)
2026-08-17 13:26:32,496 - INFO - 📡 Fetching NSE:NIFTY50-INDEX @ 24346  expiry=26818  strikes=ATM±5
2026-08-17 13:27:02,138 - INFO - 📊 Saved 22 snapshots for NSE:NIFTY50-INDEX  (oi range: 785,980–31,010,720)
2026-08-17 13:27:03,232 - INFO - 📡 Fetching NSE:NIFTYBANK-INDEX @ 57624  expiry=26AUG  strikes=ATM±5
2026-08-17 13:28:49,426 - INFO - 📊 Saved 22 snapshots for NSE:NIFTYBANK-INDEX  (oi range: 93,540–2,221,710)
2026-08-17 13:28:50,531 - INFO - 📡 Fetching NSE:NIFTY50-INDEX @ 24352  expiry=26818  strikes=ATM±5
2026-08-17 13:29:20,532 - INFO - 📊 Saved 22 snapshots for NSE:NIFTY50-INDEX  (oi range: 777,010–30,606,225)
2026-08-17 13:29:21,627 - INFO - 📡 Fetching NSE:NIFTYBANK-INDEX @ 57637  expiry=26AUG  strikes=ATM±5
2026-08-17 13:29:51,586 - INFO - 📊 Saved 22 snapshots for NSE:NIFTYBANK-INDEX  (oi range: 93,870–2,221,890)
2026-08-17 13:29:52,682 - INFO - 📡 Fetching NSE:NIFTY50-INDEX @ 24353  expiry=26818  strikes=ATM±5
2026-08-17 13:30:05,297 - INFO - 🔔 [New Candle Closed] Running entry pipeline for candle 13:30 at 13:30:05...
2026-08-17 13:30:05,298 - INFO - --- 13:30:05 Market Pulse ---
2026-08-17 13:30:13,093 - ERROR - [Pipeline] Snapshot computation failed for NSE:NIFTY50-INDEX: 'LevelsView' object has no attribute 'resistance'
Traceback (most recent call last):
  File "/Users/kashishbaggafeast/Desktop/Bot/src/core/indicator_pipeline.py", line 332, in compute
    h1_zones = confirm_zones_with_geometry(h1_zones, geometry_ctx.levels)
  File "/Users/kashishbaggafeast/Desktop/Bot/src/core/zone_engine.py", line 209, in confirm_zones_with_geometry
    composites = levels_view.support() if zone.zone_type == "DEMAND" else levels_view.resistance()
AttributeError: 'LevelsView' object has no attribute 'resistance'
2026-08-17 13:30:13,093 - WARNING - ⚠️ Pipeline returned None for NSE:NIFTY50-INDEX
2026-08-17 13:30:14,905 - ERROR - [Pipeline] Snapshot computation failed for NSE:NIFTYBANK-INDEX: 'LevelsView' object has no attribute 'resistance'
Traceback (most recent call last):
  File "/Users/kashishbaggafeast/Desktop/Bot/src/core/indicator_pipeline.py", line 332, in compute
    h1_zones = confirm_zones_with_geometry(h1_zones, geometry_ctx.levels)
  File "/Users/kashishbaggafeast/Desktop/Bot/src/core/zone_engine.py", line 209, in confirm_zones_with_geometry
    composites = levels_view.support() if zone.zone_type == "DEMAND" else levels_view.resistance()
AttributeError: 'LevelsView' object has no attribute 'resistance'
2026-08-17 13:30:14,906 - WARNING - ⚠️ Pipeline returned None for NSE:NIFTYBANK-INDEX
2026-08-17 13:30:14,906 - INFO - 🧘 Status: Sidelined (No Institutional Alignment)
2026-08-17 13:30:24,157 - INFO - 📊 Saved 22 snapshots for NSE:NIFTY50-INDEX  (oi range: 778,700–30,487,405)
2026-08-17 13:30:25,249 - INFO - 📡 Fetching NSE:NIFTYBANK-INDEX @ 57643  expiry=26AUG  strikes=ATM±5
2026-08-17 13:30:55,545 - INFO - 📊 Saved 22 snapshots for NSE:NIFTYBANK-INDEX  (oi range: 93,780–2,220,090)
2026-08-17 13:30:56,650 - INFO - 📡 Fetching NSE:NIFTY50-INDEX @ 24353  expiry=26818  strikes=ATM±5
2026-08-17 13:31:26,615 - INFO - 📊 Saved 22 snapshots for NSE:NIFTY50-INDEX  (oi range: 774,150–30,366,245)
2026-08-17 13:31:27,719 - INFO - 📡 Fetching NSE:NIFTYBANK-INDEX @ 57650  expiry=26AUG  strikes=ATM±5
2026-08-17 13:31:57,857 - INFO - 📊 Saved 22 snapshots for NSE:NIFTYBANK-INDEX  (oi range: 92,880–2,218,500)
2026-08-17 13:31:58,943 - INFO - 📡 Fetching NSE:NIFTY50-INDEX @ 24353  expiry=26818  strikes=ATM±5
2026-08-17 13:32:29,062 - INFO - 📊 Saved 22 snapshots for NSE:NIFTY50-INDEX  (oi range: 773,435–30,421,040)
2026-08-17 13:32:30,323 - INFO - 📡 Fetching NSE:NIFTYBANK-INDEX @ 57643  expiry=26AUG  strikes=ATM±5
2026-08-17 13:33:00,287 - INFO - 📊 Saved 22 snapshots for NSE:NIFTYBANK-INDEX  (oi range: 92,970–2,217,660)
2026-08-17 13:33:01,391 - INFO - 📡 Fetching NSE:NIFTY50-INDEX @ 24354  expiry=26818  strikes=ATM±5
2026-08-17 13:33:32,817 - INFO - 📊 Saved 22 snapshots for NSE:NIFTY50-INDEX  (oi range: 773,890–30,558,320)
2026-08-17 13:33:34,088 - INFO - 📡 Fetching NSE:NIFTYBANK-INDEX @ 57628  expiry=26AUG  strikes=ATM±5
2026-08-17 13:34:04,135 - INFO - 📊 Saved 22 snapshots for NSE:NIFTYBANK-INDEX  (oi range: 92,700–2,219,640)
2026-08-17 13:34:05,229 - INFO - 📡 Fetching NSE:NIFTY50-INDEX @ 24348  expiry=26818  strikes=ATM±5
2026-08-17 13:34:35,181 - INFO - 📊 Saved 22 snapshots for NSE:NIFTY50-INDEX  (oi range: 775,255–30,517,695)
2026-08-17 13:34:36,279 - INFO - 📡 Fetching NSE:NIFTYBANK-INDEX @ 57636  expiry=26AUG  strikes=ATM±5
2026-08-17 13:35:05,976 - INFO - 🔔 [New Candle Closed] Running entry pipeline for candle 13:35 at 13:35:05...
2026-08-17 13:35:05,976 - INFO - --- 13:35:05 Market Pulse ---
2026-08-17 13:35:06,121 - INFO - 📊 Saved 22 snapshots for NSE:NIFTYBANK-INDEX  (oi range: 92,700–2,222,820)
2026-08-17 13:35:07,252 - INFO - 📡 Fetching NSE:NIFTY50-INDEX @ 24349  expiry=26818  strikes=ATM±5
2026-08-17 13:35:13,770 - ERROR - [Pipeline] Snapshot computation failed for NSE:NIFTY50-INDEX: 'LevelsView' object has no attribute 'resistance'
Traceback (most recent call last):
  File "/Users/kashishbaggafeast/Desktop/Bot/src/core/indicator_pipeline.py", line 332, in compute
    h1_zones = confirm_zones_with_geometry(h1_zones, geometry_ctx.levels)
  File "/Users/kashishbaggafeast/Desktop/Bot/src/core/zone_engine.py", line 209, in confirm_zones_with_geometry
    composites = levels_view.support() if zone.zone_type == "DEMAND" else levels_view.resistance()
AttributeError: 'LevelsView' object has no attribute 'resistance'
2026-08-17 13:35:13,770 - WARNING - ⚠️ Pipeline returned None for NSE:NIFTY50-INDEX
2026-08-17 13:35:15,610 - ERROR - [Pipeline] Snapshot computation failed for NSE:NIFTYBANK-INDEX: 'LevelsView' object has no attribute 'resistance'
Traceback (most recent call last):
  File "/Users/kashishbaggafeast/Desktop/Bot/src/core/indicator_pipeline.py", line 332, in compute
    h1_zones = confirm_zones_with_geometry(h1_zones, geometry_ctx.levels)
  File "/Users/kashishbaggafeast/Desktop/Bot/src/core/zone_engine.py", line 209, in confirm_zones_with_geometry
    composites = levels_view.support() if zone.zone_type == "DEMAND" else levels_view.resistance()
AttributeError: 'LevelsView' object has no attribute 'resistance'
2026-08-17 13:35:15,610 - WARNING - ⚠️ Pipeline returned None for NSE:NIFTYBANK-INDEX
2026-08-17 13:35:15,610 - INFO - 🧘 Status: Sidelined (No Institutional Alignment)
2026-08-17 13:35:38,054 - INFO - 📊 Saved 22 snapshots for NSE:NIFTY50-INDEX  (oi range: 775,450–30,921,800)
2026-08-17 13:35:39,159 - INFO - 📡 Fetching NSE:NIFTYBANK-INDEX @ 57625  expiry=26AUG  strikes=ATM±5
2026-08-17 13:36:08,816 - INFO - 📊 Saved 22 snapshots for NSE:NIFTYBANK-INDEX  (oi range: 92,610–2,222,640)
2026-08-17 13:36:09,913 - INFO - 📡 Fetching NSE:NIFTY50-INDEX @ 24341  expiry=26818  strikes=ATM±5
2026-08-17 13:36:40,629 - INFO - 📊 Saved 22 snapshots for NSE:NIFTY50-INDEX  (oi range: 776,100–30,839,900)
2026-08-17 13:36:41,894 - INFO - 📡 Fetching NSE:NIFTYBANK-INDEX @ 57621  expiry=26AUG  strikes=ATM±5
2026-08-17 13:37:12,153 - INFO - 📊 Saved 22 snapshots for NSE:NIFTYBANK-INDEX  (oi range: 92,310–2,222,100)
2026-08-17 13:37:13,426 - INFO - 📡 Fetching NSE:NIFTY50-INDEX @ 24344  expiry=26818  strikes=ATM±5
2026-08-17 13:37:43,291 - INFO - 📊 Saved 22 snapshots for NSE:NIFTY50-INDEX  (oi range: 772,070–30,955,990)
2026-08-17 13:37:44,380 - INFO - 📡 Fetching NSE:NIFTYBANK-INDEX @ 57625  expiry=26AUG  strikes=ATM±5
2026-08-17 13:38:14,183 - INFO - 📊 Saved 22 snapshots for NSE:NIFTYBANK-INDEX  (oi range: 92,310–2,221,380)
2026-08-17 13:38:15,288 - INFO - 📡 Fetching NSE:NIFTY50-INDEX @ 24341  expiry=26818  strikes=ATM±5
2026-08-17 13:38:44,899 - INFO - 📊 Saved 22 snapshots for NSE:NIFTY50-INDEX  (oi range: 770,185–31,248,100)
2026-08-17 13:38:46,000 - INFO - 📡 Fetching NSE:NIFTYBANK-INDEX @ 57639  expiry=26AUG  strikes=ATM±5
2026-08-17 13:40:05,686 - INFO - 🔔 [New Candle Closed] Running entry pipeline for candle 13:40 at 13:40:05...
2026-08-17 13:40:05,686 - INFO - --- 13:40:05 Market Pulse ---
2026-08-17 13:40:13,545 - ERROR - [Pipeline] Snapshot computation failed for NSE:NIFTY50-INDEX: 'LevelsView' object has no attribute 'resistance'
Traceback (most recent call last):
  File "/Users/kashishbaggafeast/Desktop/Bot/src/core/indicator_pipeline.py", line 332, in compute
    h1_zones = confirm_zones_with_geometry(h1_zones, geometry_ctx.levels)
  File "/Users/kashishbaggafeast/Desktop/Bot/src/core/zone_engine.py", line 209, in confirm_zones_with_geometry
    composites = levels_view.support() if zone.zone_type == "DEMAND" else levels_view.resistance()
AttributeError: 'LevelsView' object has no attribute 'resistance'
2026-08-17 13:40:13,546 - WARNING - ⚠️ Pipeline returned None for NSE:NIFTY50-INDEX
2026-08-17 13:40:15,414 - ERROR - [Pipeline] Snapshot computation failed for NSE:NIFTYBANK-INDEX: 'LevelsView' object has no attribute 'resistance'
Traceback (most recent call last):
  File "/Users/kashishbaggafeast/Desktop/Bot/src/core/indicator_pipeline.py", line 332, in compute
    h1_zones = confirm_zones_with_geometry(h1_zones, geometry_ctx.levels)
  File "/Users/kashishbaggafeast/Desktop/Bot/src/core/zone_engine.py", line 209, in confirm_zones_with_geometry
    composites = levels_view.support() if zone.zone_type == "DEMAND" else levels_view.resistance()
AttributeError: 'LevelsView' object has no attribute 'resistance'
2026-08-17 13:40:15,414 - WARNING - ⚠️ Pipeline returned None for NSE:NIFTYBANK-INDEX
2026-08-17 13:40:15,414 - INFO - 🧘 Status: Sidelined (No Institutional Alignment)
2026-08-17 13:40:31,098 - INFO - 📊 Saved 22 snapshots for NSE:NIFTYBANK-INDEX  (oi range: 92,310–2,223,870)
2026-08-17 13:40:32,189 - INFO - 📡 Fetching NSE:NIFTY50-INDEX @ 24343  expiry=26818  strikes=ATM±5
2026-08-17 13:41:02,386 - INFO - 📊 Saved 22 snapshots for NSE:NIFTY50-INDEX  (oi range: 774,605–31,369,975)
2026-08-17 13:41:03,487 - INFO - 📡 Fetching NSE:NIFTYBANK-INDEX @ 57628  expiry=26AUG  strikes=ATM±5
2026-08-17 13:41:33,245 - INFO - 📊 Saved 22 snapshots for NSE:NIFTYBANK-INDEX  (oi range: 92,610–2,223,840)
2026-08-17 13:41:34,350 - INFO - 📡 Fetching NSE:NIFTY50-INDEX @ 24346  expiry=26818  strikes=ATM±5
2026-08-17 13:42:03,957 - INFO - 📊 Saved 22 snapshots for NSE:NIFTY50-INDEX  (oi range: 777,660–31,191,485)
2026-08-17 13:42:05,056 - INFO - 📡 Fetching NSE:NIFTYBANK-INDEX @ 57639  expiry=26AUG  strikes=ATM±5
2026-08-17 13:42:35,463 - INFO - 📊 Saved 22 snapshots for NSE:NIFTYBANK-INDEX  (oi range: 92,400–2,222,280)
2026-08-17 13:42:36,560 - INFO - 📡 Fetching NSE:NIFTY50-INDEX @ 24356  expiry=26818  strikes=ATM±5
2026-08-17 13:43:07,209 - INFO - 📊 Saved 22 snapshots for NSE:NIFTY50-INDEX  (oi range: 765,700–30,906,265)
2026-08-17 13:43:08,298 - INFO - 📡 Fetching NSE:NIFTYBANK-INDEX @ 57662  expiry=26AUG  strikes=ATM±5
2026-08-17 13:43:38,189 - INFO - 📊 Saved 22 snapshots for NSE:NIFTYBANK-INDEX  (oi range: 150,870–2,224,980)
2026-08-17 13:43:39,297 - INFO - 📡 Fetching NSE:NIFTY50-INDEX @ 24352  expiry=26818  strikes=ATM±5
2026-08-17 13:44:09,489 - INFO - 📊 Saved 22 snapshots for NSE:NIFTY50-INDEX  (oi range: 770,380–30,843,995)
2026-08-17 13:44:10,588 - INFO - 📡 Fetching NSE:NIFTYBANK-INDEX @ 57651  expiry=26AUG  strikes=ATM±5
2026-08-17 13:44:40,538 - INFO - 📊 Saved 22 snapshots for NSE:NIFTYBANK-INDEX  (oi range: 151,020–2,227,770)
2026-08-17 13:44:41,635 - INFO - 📡 Fetching NSE:NIFTY50-INDEX @ 24354  expiry=26818  strikes=ATM±5
2026-08-17 13:45:05,488 - INFO - 🔔 [New Candle Closed] Running entry pipeline for candle 13:45 at 13:45:05...
2026-08-17 13:45:05,489 - INFO - --- 13:45:05 Market Pulse ---
2026-08-17 13:45:11,281 - INFO - 📊 Saved 22 snapshots for NSE:NIFTY50-INDEX  (oi range: 771,550–30,939,610)
2026-08-17 13:45:13,365 - INFO - 📡 Fetching NSE:NIFTYBANK-INDEX @ 57662  expiry=26AUG  strikes=ATM±5
2026-08-17 13:45:13,493 - ERROR - [Pipeline] Snapshot computation failed for NSE:NIFTY50-INDEX: 'LevelsView' object has no attribute 'resistance'
Traceback (most recent call last):
  File "/Users/kashishbaggafeast/Desktop/Bot/src/core/indicator_pipeline.py", line 332, in compute
    h1_zones = confirm_zones_with_geometry(h1_zones, geometry_ctx.levels)
  File "/Users/kashishbaggafeast/Desktop/Bot/src/core/zone_engine.py", line 209, in confirm_zones_with_geometry
    composites = levels_view.support() if zone.zone_type == "DEMAND" else levels_view.resistance()
AttributeError: 'LevelsView' object has no attribute 'resistance'
2026-08-17 13:45:13,493 - WARNING - ⚠️ Pipeline returned None for NSE:NIFTY50-INDEX
2026-08-17 13:45:15,338 - ERROR - [Pipeline] Snapshot computation failed for NSE:NIFTYBANK-INDEX: 'LevelsView' object has no attribute 'resistance'
Traceback (most recent call last):
  File "/Users/kashishbaggafeast/Desktop/Bot/src/core/indicator_pipeline.py", line 332, in compute
    h1_zones = confirm_zones_with_geometry(h1_zones, geometry_ctx.levels)
  File "/Users/kashishbaggafeast/Desktop/Bot/src/core/zone_engine.py", line 209, in confirm_zones_with_geometry
    composites = levels_view.support() if zone.zone_type == "DEMAND" else levels_view.resistance()
AttributeError: 'LevelsView' object has no attribute 'resistance'
2026-08-17 13:45:15,339 - WARNING - ⚠️ Pipeline returned None for NSE:NIFTYBANK-INDEX
2026-08-17 13:45:15,339 - INFO - 🧘 Status: Sidelined (No Institutional Alignment)
2026-08-17 13:45:42,671 - INFO - 📊 Saved 22 snapshots for NSE:NIFTYBANK-INDEX  (oi range: 150,780–2,228,550)
2026-08-17 13:45:43,773 - INFO - 📡 Fetching NSE:NIFTY50-INDEX @ 24356  expiry=26818  strikes=ATM±5
2026-08-17 13:46:14,101 - INFO - 📊 Saved 22 snapshots for NSE:NIFTY50-INDEX  (oi range: 774,930–30,998,760)
2026-08-17 13:46:15,201 - INFO - 📡 Fetching NSE:NIFTYBANK-INDEX @ 57661  expiry=26AUG  strikes=ATM±5
2026-08-17 13:46:46,033 - INFO - 📊 Saved 22 snapshots for NSE:NIFTYBANK-INDEX  (oi range: 151,140–2,227,260)
2026-08-17 13:46:47,140 - INFO - 📡 Fetching NSE:NIFTY50-INDEX @ 24356  expiry=26818  strikes=ATM±5
2026-08-17 13:47:16,969 - INFO - 📊 Saved 22 snapshots for NSE:NIFTY50-INDEX  (oi range: 773,045–31,017,350)
2026-08-17 13:47:18,062 - INFO - 📡 Fetching NSE:NIFTYBANK-INDEX @ 57656  expiry=26AUG  strikes=ATM±5
2026-08-17 13:47:48,224 - INFO - 📊 Saved 22 snapshots for NSE:NIFTYBANK-INDEX  (oi range: 150,630–2,226,990)
2026-08-17 13:47:49,485 - INFO - 📡 Fetching NSE:NIFTY50-INDEX @ 24353  expiry=26818  strikes=ATM±5
2026-08-17 13:48:19,195 - INFO - 📊 Saved 22 snapshots for NSE:NIFTY50-INDEX  (oi range: 771,030–31,066,100)
2026-08-17 13:48:20,290 - INFO - 📡 Fetching NSE:NIFTYBANK-INDEX @ 57638  expiry=26AUG  strikes=ATM±5
2026-08-17 13:48:50,252 - INFO - 📊 Saved 22 snapshots for NSE:NIFTYBANK-INDEX  (oi range: 92,190–2,226,480)
2026-08-17 13:48:51,349 - INFO - 📡 Fetching NSE:NIFTY50-INDEX @ 24345  expiry=26818  strikes=ATM±5
2026-08-17 13:49:21,482 - INFO - 📊 Saved 22 snapshots for NSE:NIFTY50-INDEX  (oi range: 761,865–31,083,715)
2026-08-17 13:49:22,585 - INFO - 📡 Fetching NSE:NIFTYBANK-INDEX @ 57619  expiry=26AUG  strikes=ATM±5
2026-08-17 13:49:52,812 - INFO - 📊 Saved 22 snapshots for NSE:NIFTYBANK-INDEX  (oi range: 92,130–2,222,040)
2026-08-17 13:49:53,904 - INFO - 📡 Fetching NSE:NIFTY50-INDEX @ 24343  expiry=26818  strikes=ATM±5
2026-08-17 13:50:05,401 - INFO - 🔔 [New Candle Closed] Running entry pipeline for candle 13:50 at 13:50:05...
2026-08-17 13:50:05,401 - INFO - --- 13:50:05 Market Pulse ---
2026-08-17 13:50:13,244 - ERROR - [Pipeline] Snapshot computation failed for NSE:NIFTY50-INDEX: 'LevelsView' object has no attribute 'resistance'
Traceback (most recent call last):
  File "/Users/kashishbaggafeast/Desktop/Bot/src/core/indicator_pipeline.py", line 332, in compute
    h1_zones = confirm_zones_with_geometry(h1_zones, geometry_ctx.levels)
  File "/Users/kashishbaggafeast/Desktop/Bot/src/core/zone_engine.py", line 209, in confirm_zones_with_geometry
    composites = levels_view.support() if zone.zone_type == "DEMAND" else levels_view.resistance()
AttributeError: 'LevelsView' object has no attribute 'resistance'
2026-08-17 13:50:13,245 - WARNING - ⚠️ Pipeline returned None for NSE:NIFTY50-INDEX
2026-08-17 13:50:15,121 - ERROR - [Pipeline] Snapshot computation failed for NSE:NIFTYBANK-INDEX: 'LevelsView' object has no attribute 'resistance'
Traceback (most recent call last):
  File "/Users/kashishbaggafeast/Desktop/Bot/src/core/indicator_pipeline.py", line 332, in compute
    h1_zones = confirm_zones_with_geometry(h1_zones, geometry_ctx.levels)
  File "/Users/kashishbaggafeast/Desktop/Bot/src/core/zone_engine.py", line 209, in confirm_zones_with_geometry
    composites = levels_view.support() if zone.zone_type == "DEMAND" else levels_view.resistance()
AttributeError: 'LevelsView' object has no attribute 'resistance'
2026-08-17 13:50:15,123 - WARNING - ⚠️ Pipeline returned None for NSE:NIFTYBANK-INDEX
2026-08-17 13:50:15,123 - INFO - 🧘 Status: Sidelined (No Institutional Alignment)
2026-08-17 13:50:25,344 - INFO - 📊 Saved 22 snapshots for NSE:NIFTY50-INDEX  (oi range: 763,490–31,537,610)
2026-08-17 13:50:26,444 - INFO - 📡 Fetching NSE:NIFTYBANK-INDEX @ 57605  expiry=26AUG  strikes=ATM±5
2026-08-17 13:50:56,204 - INFO - 📊 Saved 22 snapshots for NSE:NIFTYBANK-INDEX  (oi range: 92,070–2,223,510)
2026-08-17 13:50:57,469 - INFO - 📡 Fetching NSE:NIFTY50-INDEX @ 24342  expiry=26818  strikes=ATM±5
2026-08-17 13:51:27,152 - INFO - 📊 Saved 22 snapshots for NSE:NIFTY50-INDEX  (oi range: 762,255–31,536,375)
2026-08-17 13:51:28,260 - INFO - 📡 Fetching NSE:NIFTYBANK-INDEX @ 57586  expiry=26AUG  strikes=ATM±5
2026-08-17 13:51:58,033 - INFO - 📊 Saved 22 snapshots for NSE:NIFTYBANK-INDEX  (oi range: 91,740–2,222,850)
2026-08-17 13:51:59,127 - INFO - 📡 Fetching NSE:NIFTY50-INDEX @ 24338  expiry=26818  strikes=ATM±5
2026-08-17 13:52:29,068 - INFO - 📊 Saved 22 snapshots for NSE:NIFTY50-INDEX  (oi range: 772,070–31,621,655)
2026-08-17 13:52:30,164 - INFO - 📡 Fetching NSE:NIFTYBANK-INDEX @ 57589  expiry=26AUG  strikes=ATM±5
2026-08-17 13:53:00,333 - INFO - 📊 Saved 22 snapshots for NSE:NIFTYBANK-INDEX  (oi range: 90,600–2,227,470)
2026-08-17 13:53:01,600 - INFO - 📡 Fetching NSE:NIFTY50-INDEX @ 24340  expiry=26818  strikes=ATM±5
2026-08-17 13:53:31,969 - INFO - 📊 Saved 22 snapshots for NSE:NIFTY50-INDEX  (oi range: 776,750–31,959,525)
2026-08-17 13:53:33,295 - INFO - 📡 Fetching NSE:NIFTYBANK-INDEX @ 57592  expiry=26AUG  strikes=ATM±5
2026-08-17 13:54:02,916 - INFO - 📊 Saved 22 snapshots for NSE:NIFTYBANK-INDEX  (oi range: 90,450–2,225,190)
2026-08-17 13:54:04,498 - INFO - 📡 Fetching NSE:NIFTY50-INDEX @ 24339  expiry=26818  strikes=ATM±5
2026-08-17 13:54:34,870 - INFO - 📊 Saved 22 snapshots for NSE:NIFTY50-INDEX  (oi range: 744,445–31,681,390)
2026-08-17 13:54:36,133 - INFO - 📡 Fetching NSE:NIFTYBANK-INDEX @ 57579  expiry=26AUG  strikes=ATM±5
2026-08-17 13:55:05,191 - INFO - 🔔 [New Candle Closed] Running entry pipeline for candle 13:55 at 13:55:05...
2026-08-17 13:55:05,191 - INFO - --- 13:55:05 Market Pulse ---
2026-08-17 13:55:13,230 - ERROR - [Pipeline] Snapshot computation failed for NSE:NIFTY50-INDEX: 'LevelsView' object has no attribute 'resistance'
Traceback (most recent call last):
  File "/Users/kashishbaggafeast/Desktop/Bot/src/core/indicator_pipeline.py", line 332, in compute
    h1_zones = confirm_zones_with_geometry(h1_zones, geometry_ctx.levels)
  File "/Users/kashishbaggafeast/Desktop/Bot/src/core/zone_engine.py", line 209, in confirm_zones_with_geometry
    composites = levels_view.support() if zone.zone_type == "DEMAND" else levels_view.resistance()
AttributeError: 'LevelsView' object has no attribute 'resistance'
2026-08-17 13:55:13,231 - WARNING - ⚠️ Pipeline returned None for NSE:NIFTY50-INDEX
2026-08-17 13:55:15,101 - ERROR - [Pipeline] Snapshot computation failed for NSE:NIFTYBANK-INDEX: 'LevelsView' object has no attribute 'resistance'
Traceback (most recent call last):
  File "/Users/kashishbaggafeast/Desktop/Bot/src/core/indicator_pipeline.py", line 332, in compute
    h1_zones = confirm_zones_with_geometry(h1_zones, geometry_ctx.levels)
  File "/Users/kashishbaggafeast/Desktop/Bot/src/core/zone_engine.py", line 209, in confirm_zones_with_geometry
    composites = levels_view.support() if zone.zone_type == "DEMAND" else levels_view.resistance()
AttributeError: 'LevelsView' object has no attribute 'resistance'
2026-08-17 13:55:15,102 - WARNING - ⚠️ Pipeline returned None for NSE:NIFTYBANK-INDEX
2026-08-17 13:55:15,102 - INFO - 🧘 Status: Sidelined (No Institutional Alignment)
2026-08-17 13:56:21,151 - INFO - 📊 Saved 22 snapshots for NSE:NIFTYBANK-INDEX  (oi range: 90,780–2,221,950)
2026-08-17 13:56:22,245 - INFO - 📡 Fetching NSE:NIFTY50-INDEX @ 24337  expiry=26818  strikes=ATM±5
2026-08-17 13:56:52,239 - INFO - 📊 Saved 22 snapshots for NSE:NIFTY50-INDEX  (oi range: 744,380–31,744,570)
2026-08-17 13:56:53,325 - INFO - 📡 Fetching NSE:NIFTYBANK-INDEX @ 57574  expiry=26AUG  strikes=ATM±5
2026-08-17 13:57:22,957 - INFO - 📊 Saved 22 snapshots for NSE:NIFTYBANK-INDEX  (oi range: 90,600–2,222,310)
2026-08-17 13:57:24,067 - INFO - 📡 Fetching NSE:NIFTY50-INDEX @ 24335  expiry=26818  strikes=ATM±5
2026-08-17 13:57:54,723 - INFO - 📊 Saved 22 snapshots for NSE:NIFTY50-INDEX  (oi range: 745,290–32,158,750)
2026-08-17 13:57:55,815 - INFO - 📡 Fetching NSE:NIFTYBANK-INDEX @ 57566  expiry=26AUG  strikes=ATM±5
2026-08-17 13:58:25,629 - INFO - 📊 Saved 22 snapshots for NSE:NIFTYBANK-INDEX  (oi range: 90,600–2,220,090)
2026-08-17 13:58:26,725 - INFO - 📡 Fetching NSE:NIFTY50-INDEX @ 24336  expiry=26818  strikes=ATM±5
2026-08-17 13:58:56,701 - INFO - 📊 Saved 22 snapshots for NSE:NIFTY50-INDEX  (oi range: 744,315–32,442,930)
2026-08-17 13:58:57,802 - INFO - 📡 Fetching NSE:NIFTYBANK-INDEX @ 57592  expiry=26AUG  strikes=ATM±5
2026-08-17 13:59:28,088 - INFO - 📊 Saved 22 snapshots for NSE:NIFTYBANK-INDEX  (oi range: 90,600–2,218,230)
2026-08-17 13:59:29,185 - INFO - 📡 Fetching NSE:NIFTY50-INDEX @ 24337  expiry=26818  strikes=ATM±5
2026-08-17 13:59:59,131 - INFO - 📊 Saved 22 snapshots for NSE:NIFTY50-INDEX  (oi range: 740,025–32,315,790)
2026-08-17 14:00:00,232 - INFO - 📡 Fetching NSE:NIFTYBANK-INDEX @ 57597  expiry=26AUG  strikes=ATM±5
2026-08-17 14:00:05,179 - INFO - 🔔 [New Candle Closed] Running entry pipeline for candle 14:00 at 14:00:05...
2026-08-17 14:00:05,179 - INFO - --- 14:00:05 Market Pulse ---
2026-08-17 14:00:13,254 - ERROR - [Pipeline] Snapshot computation failed for NSE:NIFTY50-INDEX: 'LevelsView' object has no attribute 'resistance'
Traceback (most recent call last):
  File "/Users/kashishbaggafeast/Desktop/Bot/src/core/indicator_pipeline.py", line 332, in compute
    h1_zones = confirm_zones_with_geometry(h1_zones, geometry_ctx.levels)
  File "/Users/kashishbaggafeast/Desktop/Bot/src/core/zone_engine.py", line 209, in confirm_zones_with_geometry
    composites = levels_view.support() if zone.zone_type == "DEMAND" else levels_view.resistance()
AttributeError: 'LevelsView' object has no attribute 'resistance'
2026-08-17 14:00:13,255 - WARNING - ⚠️ Pipeline returned None for NSE:NIFTY50-INDEX
2026-08-17 14:00:15,095 - ERROR - [Pipeline] Snapshot computation failed for NSE:NIFTYBANK-INDEX: 'LevelsView' object has no attribute 'resistance'
Traceback (most recent call last):
  File "/Users/kashishbaggafeast/Desktop/Bot/src/core/indicator_pipeline.py", line 332, in compute
    h1_zones = confirm_zones_with_geometry(h1_zones, geometry_ctx.levels)
  File "/Users/kashishbaggafeast/Desktop/Bot/src/core/zone_engine.py", line 209, in confirm_zones_with_geometry
    composites = levels_view.support() if zone.zone_type == "DEMAND" else levels_view.resistance()
AttributeError: 'LevelsView' object has no attribute 'resistance'
2026-08-17 14:00:15,096 - WARNING - ⚠️ Pipeline returned None for NSE:NIFTYBANK-INDEX
2026-08-17 14:00:15,096 - INFO - 🧘 Status: Sidelined (No Institutional Alignment)
2026-08-17 14:00:31,845 - INFO - 📊 Saved 22 snapshots for NSE:NIFTYBANK-INDEX  (oi range: 90,510–2,218,620)
2026-08-17 14:00:32,952 - INFO - 📡 Fetching NSE:NIFTY50-INDEX @ 24337  expiry=26818  strikes=ATM±5
2026-08-17 14:01:03,304 - INFO - 📊 Saved 22 snapshots for NSE:NIFTY50-INDEX  (oi range: 747,240–32,198,205)
2026-08-17 14:01:04,403 - INFO - 📡 Fetching NSE:NIFTYBANK-INDEX @ 57592  expiry=26AUG  strikes=ATM±5
2026-08-17 14:01:34,340 - INFO - 📊 Saved 22 snapshots for NSE:NIFTYBANK-INDEX  (oi range: 90,570–2,215,770)
2026-08-17 14:01:35,605 - INFO - 📡 Fetching NSE:NIFTY50-INDEX @ 24338  expiry=26818  strikes=ATM±5
2026-08-17 14:02:05,244 - INFO - 📊 Saved 22 snapshots for NSE:NIFTY50-INDEX  (oi range: 747,110–31,954,065)
2026-08-17 14:02:06,347 - INFO - 📡 Fetching NSE:NIFTYBANK-INDEX @ 57588  expiry=26AUG  strikes=ATM±5
2026-08-17 14:03:51,433 - INFO - 📊 Saved 22 snapshots for NSE:NIFTYBANK-INDEX  (oi range: 90,810–2,216,130)
2026-08-17 14:03:52,532 - INFO - 📡 Fetching NSE:NIFTY50-INDEX @ 24341  expiry=26818  strikes=ATM±5
2026-08-17 14:04:22,813 - INFO - 📊 Saved 22 snapshots for NSE:NIFTY50-INDEX  (oi range: 743,600–31,542,550)
2026-08-17 14:04:23,917 - INFO - 📡 Fetching NSE:NIFTYBANK-INDEX @ 57590  expiry=26AUG  strikes=ATM±5
2026-08-17 14:04:53,846 - INFO - 📊 Saved 22 snapshots for NSE:NIFTYBANK-INDEX  (oi range: 90,510–2,215,920)
2026-08-17 14:04:54,943 - INFO - 📡 Fetching NSE:NIFTY50-INDEX @ 24342  expiry=26818  strikes=ATM±5
2026-08-17 14:05:05,175 - INFO - 🔔 [New Candle Closed] Running entry pipeline for candle 14:05 at 14:05:05...
2026-08-17 14:05:05,175 - INFO - --- 14:05:05 Market Pulse ---
2026-08-17 14:05:13,065 - ERROR - [Pipeline] Snapshot computation failed for NSE:NIFTY50-INDEX: 'LevelsView' object has no attribute 'resistance'
Traceback (most recent call last):
  File "/Users/kashishbaggafeast/Desktop/Bot/src/core/indicator_pipeline.py", line 332, in compute
    h1_zones = confirm_zones_with_geometry(h1_zones, geometry_ctx.levels)
  File "/Users/kashishbaggafeast/Desktop/Bot/src/core/zone_engine.py", line 209, in confirm_zones_with_geometry
    composites = levels_view.support() if zone.zone_type == "DEMAND" else levels_view.resistance()
AttributeError: 'LevelsView' object has no attribute 'resistance'
2026-08-17 14:05:13,066 - WARNING - ⚠️ Pipeline returned None for NSE:NIFTY50-INDEX
2026-08-17 14:05:14,952 - ERROR - [Pipeline] Snapshot computation failed for NSE:NIFTYBANK-INDEX: 'LevelsView' object has no attribute 'resistance'
Traceback (most recent call last):
  File "/Users/kashishbaggafeast/Desktop/Bot/src/core/indicator_pipeline.py", line 332, in compute
    h1_zones = confirm_zones_with_geometry(h1_zones, geometry_ctx.levels)
  File "/Users/kashishbaggafeast/Desktop/Bot/src/core/zone_engine.py", line 209, in confirm_zones_with_geometry
    composites = levels_view.support() if zone.zone_type == "DEMAND" else levels_view.resistance()
AttributeError: 'LevelsView' object has no attribute 'resistance'
2026-08-17 14:05:14,952 - WARNING - ⚠️ Pipeline returned None for NSE:NIFTYBANK-INDEX
2026-08-17 14:05:14,953 - INFO - 🧘 Status: Sidelined (No Institutional Alignment)
2026-08-17 14:05:26,796 - INFO - 📊 Saved 22 snapshots for NSE:NIFTY50-INDEX  (oi range: 749,125–31,661,110)
2026-08-17 14:05:27,888 - INFO - 📡 Fetching NSE:NIFTYBANK-INDEX @ 57598  expiry=26AUG  strikes=ATM±5
2026-08-17 14:05:59,178 - INFO - 📊 Saved 22 snapshots for NSE:NIFTYBANK-INDEX  (oi range: 90,420–2,214,330)
2026-08-17 14:06:00,372 - INFO - 📡 Fetching NSE:NIFTY50-INDEX @ 24344  expiry=26818  strikes=ATM±5
2026-08-17 14:06:30,068 - INFO - 📊 Saved 22 snapshots for NSE:NIFTY50-INDEX  (oi range: 745,745–31,654,480)
2026-08-17 14:06:31,170 - INFO - 📡 Fetching NSE:NIFTYBANK-INDEX @ 57594  expiry=26AUG  strikes=ATM±5
2026-08-17 14:07:00,940 - INFO - 📊 Saved 22 snapshots for NSE:NIFTYBANK-INDEX  (oi range: 90,540–2,214,180)
2026-08-17 14:07:02,047 - INFO - 📡 Fetching NSE:NIFTY50-INDEX @ 24344  expiry=26818  strikes=ATM±5
2026-08-17 14:07:32,716 - INFO - 📊 Saved 22 snapshots for NSE:NIFTY50-INDEX  (oi range: 748,345–31,550,090)
2026-08-17 14:07:33,910 - INFO - 📡 Fetching NSE:NIFTYBANK-INDEX @ 57591  expiry=26AUG  strikes=ATM±5
2026-08-17 14:08:03,830 - INFO - 📊 Saved 22 snapshots for NSE:NIFTYBANK-INDEX  (oi range: 90,540–2,214,270)
2026-08-17 14:08:04,939 - INFO - 📡 Fetching NSE:NIFTY50-INDEX @ 24341  expiry=26818  strikes=ATM±5
2026-08-17 14:08:34,699 - INFO - 📊 Saved 22 snapshots for NSE:NIFTY50-INDEX  (oi range: 751,465–31,743,985)
2026-08-17 14:08:35,802 - INFO - 📡 Fetching NSE:NIFTYBANK-INDEX @ 57593  expiry=26AUG  strikes=ATM±5
2026-08-17 14:09:05,571 - INFO - 📊 Saved 22 snapshots for NSE:NIFTYBANK-INDEX  (oi range: 90,450–2,213,640)
2026-08-17 14:09:06,661 - INFO - 📡 Fetching NSE:NIFTY50-INDEX @ 24342  expiry=26818  strikes=ATM±5
2026-08-17 14:09:37,030 - INFO - 📊 Saved 22 snapshots for NSE:NIFTY50-INDEX  (oi range: 751,660–31,858,645)
2026-08-17 14:09:38,133 - INFO - 📡 Fetching NSE:NIFTYBANK-INDEX @ 57589  expiry=26AUG  strikes=ATM±5
2026-08-17 14:10:05,008 - INFO - 🔔 [New Candle Closed] Running entry pipeline for candle 14:10 at 14:10:05...
2026-08-17 14:10:05,008 - INFO - --- 14:10:05 Market Pulse ---
2026-08-17 14:10:08,459 - INFO - 📊 Saved 22 snapshots for NSE:NIFTYBANK-INDEX  (oi range: 90,450–2,216,640)
2026-08-17 14:10:09,575 - INFO - 📡 Fetching NSE:NIFTY50-INDEX @ 24341  expiry=26818  strikes=ATM±5
2026-08-17 14:10:13,157 - ERROR - [Pipeline] Snapshot computation failed for NSE:NIFTY50-INDEX: 'LevelsView' object has no attribute 'resistance'
Traceback (most recent call last):
  File "/Users/kashishbaggafeast/Desktop/Bot/src/core/indicator_pipeline.py", line 332, in compute
    h1_zones = confirm_zones_with_geometry(h1_zones, geometry_ctx.levels)
  File "/Users/kashishbaggafeast/Desktop/Bot/src/core/zone_engine.py", line 209, in confirm_zones_with_geometry
    composites = levels_view.support() if zone.zone_type == "DEMAND" else levels_view.resistance()
AttributeError: 'LevelsView' object has no attribute 'resistance'
2026-08-17 14:10:13,157 - WARNING - ⚠️ Pipeline returned None for NSE:NIFTY50-INDEX
2026-08-17 14:10:15,114 - ERROR - [Pipeline] Snapshot computation failed for NSE:NIFTYBANK-INDEX: 'LevelsView' object has no attribute 'resistance'
Traceback (most recent call last):
  File "/Users/kashishbaggafeast/Desktop/Bot/src/core/indicator_pipeline.py", line 332, in compute
    h1_zones = confirm_zones_with_geometry(h1_zones, geometry_ctx.levels)
  File "/Users/kashishbaggafeast/Desktop/Bot/src/core/zone_engine.py", line 209, in confirm_zones_with_geometry
    composites = levels_view.support() if zone.zone_type == "DEMAND" else levels_view.resistance()
AttributeError: 'LevelsView' object has no attribute 'resistance'
2026-08-17 14:10:15,116 - WARNING - ⚠️ Pipeline returned None for NSE:NIFTYBANK-INDEX
2026-08-17 14:10:15,116 - INFO - 🧘 Status: Sidelined (No Institutional Alignment)
2026-08-17 14:10:41,850 - INFO - 📊 Saved 22 snapshots for NSE:NIFTY50-INDEX  (oi range: 748,540–31,971,680)
2026-08-17 14:10:42,945 - INFO - 📡 Fetching NSE:NIFTYBANK-INDEX @ 57582  expiry=26AUG  strikes=ATM±5
2026-08-17 14:11:13,615 - INFO - 📊 Saved 22 snapshots for NSE:NIFTYBANK-INDEX  (oi range: 90,480–2,216,490)
2026-08-17 14:11:14,709 - INFO - 📡 Fetching NSE:NIFTY50-INDEX @ 24339  expiry=26818  strikes=ATM±5
2026-08-17 14:11:44,691 - INFO - 📊 Saved 22 snapshots for NSE:NIFTY50-INDEX  (oi range: 746,395–32,010,030)
2026-08-17 14:11:45,786 - INFO - 📡 Fetching NSE:NIFTYBANK-INDEX @ 57583  expiry=26AUG  strikes=ATM±5
2026-08-17 14:12:15,940 - INFO - 📊 Saved 22 snapshots for NSE:NIFTYBANK-INDEX  (oi range: 90,690–2,218,200)
2026-08-17 14:12:17,209 - INFO - 📡 Fetching NSE:NIFTY50-INDEX @ 24334  expiry=26818  strikes=ATM±5
2026-08-17 14:12:46,965 - INFO - 📊 Saved 22 snapshots for NSE:NIFTY50-INDEX  (oi range: 745,875–32,072,365)
2026-08-17 14:12:48,064 - INFO - 📡 Fetching NSE:NIFTYBANK-INDEX @ 57584  expiry=26AUG  strikes=ATM±5
2026-08-17 14:13:18,076 - INFO - 📊 Saved 22 snapshots for NSE:NIFTYBANK-INDEX  (oi range: 90,690–2,219,160)
2026-08-17 14:13:19,177 - INFO - 📡 Fetching NSE:NIFTY50-INDEX @ 24337  expiry=26818  strikes=ATM±5
2026-08-17 14:13:48,972 - INFO - 📊 Saved 22 snapshots for NSE:NIFTY50-INDEX  (oi range: 740,740–32,298,435)
2026-08-17 14:13:50,069 - INFO - 📡 Fetching NSE:NIFTYBANK-INDEX @ 57574  expiry=26AUG  strikes=ATM±5
2026-08-17 14:14:20,036 - INFO - 📊 Saved 22 snapshots for NSE:NIFTYBANK-INDEX  (oi range: 90,630–2,219,490)
2026-08-17 14:14:21,135 - INFO - 📡 Fetching NSE:NIFTY50-INDEX @ 24330  expiry=26818  strikes=ATM±5
2026-08-17 14:14:50,987 - INFO - 📊 Saved 22 snapshots for NSE:NIFTY50-INDEX  (oi range: 745,290–32,273,995)
2026-08-17 14:14:52,078 - INFO - 📡 Fetching NSE:NIFTYBANK-INDEX @ 57574  expiry=26AUG  strikes=ATM±5
2026-08-17 14:15:05,205 - INFO - 🔔 [New Candle Closed] Running entry pipeline for candle 14:15 at 14:15:05...
2026-08-17 14:15:05,206 - INFO - --- 14:15:05 Market Pulse ---
2026-08-17 14:15:13,122 - ERROR - [Pipeline] Snapshot computation failed for NSE:NIFTY50-INDEX: 'LevelsView' object has no attribute 'resistance'
Traceback (most recent call last):
  File "/Users/kashishbaggafeast/Desktop/Bot/src/core/indicator_pipeline.py", line 332, in compute
    h1_zones = confirm_zones_with_geometry(h1_zones, geometry_ctx.levels)
  File "/Users/kashishbaggafeast/Desktop/Bot/src/core/zone_engine.py", line 209, in confirm_zones_with_geometry
    composites = levels_view.support() if zone.zone_type == "DEMAND" else levels_view.resistance()
AttributeError: 'LevelsView' object has no attribute 'resistance'
2026-08-17 14:15:13,123 - WARNING - ⚠️ Pipeline returned None for NSE:NIFTY50-INDEX
2026-08-17 14:15:15,080 - ERROR - [Pipeline] Snapshot computation failed for NSE:NIFTYBANK-INDEX: 'LevelsView' object has no attribute 'resistance'
Traceback (most recent call last):
  File "/Users/kashishbaggafeast/Desktop/Bot/src/core/indicator_pipeline.py", line 332, in compute
    h1_zones = confirm_zones_with_geometry(h1_zones, geometry_ctx.levels)
  File "/Users/kashishbaggafeast/Desktop/Bot/src/core/zone_engine.py", line 209, in confirm_zones_with_geometry
    composites = levels_view.support() if zone.zone_type == "DEMAND" else levels_view.resistance()
AttributeError: 'LevelsView' object has no attribute 'resistance'
2026-08-17 14:15:15,081 - WARNING - ⚠️ Pipeline returned None for NSE:NIFTYBANK-INDEX
2026-08-17 14:15:15,081 - INFO - 🧘 Status: Sidelined (No Institutional Alignment)
2026-08-17 14:15:24,033 - INFO - 📊 Saved 22 snapshots for NSE:NIFTYBANK-INDEX  (oi range: 90,630–2,221,020)
2026-08-17 14:15:25,300 - INFO - 📡 Fetching NSE:NIFTY50-INDEX @ 24330  expiry=26818  strikes=ATM±5
2026-08-17 14:15:55,847 - INFO - 📊 Saved 22 snapshots for NSE:NIFTY50-INDEX  (oi range: 740,870–32,426,225)
2026-08-17 14:15:56,955 - INFO - 📡 Fetching NSE:NIFTYBANK-INDEX @ 57567  expiry=26AUG  strikes=ATM±5
2026-08-17 14:16:26,766 - INFO - 📊 Saved 22 snapshots for NSE:NIFTYBANK-INDEX  (oi range: 89,670–2,217,870)
2026-08-17 14:16:27,864 - INFO - 📡 Fetching NSE:NIFTY50-INDEX @ 24331  expiry=26818  strikes=ATM±5
2026-08-17 14:16:57,831 - INFO - 📊 Saved 22 snapshots for NSE:NIFTY50-INDEX  (oi range: 730,730–32,622,590)
2026-08-17 14:16:58,955 - INFO - 📡 Fetching NSE:NIFTYBANK-INDEX @ 57593  expiry=26AUG  strikes=ATM±5
2026-08-17 14:17:29,363 - INFO - 📊 Saved 22 snapshots for NSE:NIFTYBANK-INDEX  (oi range: 89,670–2,218,650)
2026-08-17 14:17:30,554 - INFO - 📡 Fetching NSE:NIFTY50-INDEX @ 24336  expiry=26818  strikes=ATM±5
2026-08-17 14:18:00,432 - INFO - 📊 Saved 22 snapshots for NSE:NIFTY50-INDEX  (oi range: 736,385–32,224,660)
2026-08-17 14:18:01,530 - INFO - 📡 Fetching NSE:NIFTYBANK-INDEX @ 57602  expiry=26AUG  strikes=ATM±5
2026-08-17 14:18:33,162 - INFO - 📊 Saved 22 snapshots for NSE:NIFTYBANK-INDEX  (oi range: 89,640–2,221,350)
2026-08-17 14:18:34,443 - INFO - 📡 Fetching NSE:NIFTY50-INDEX @ 24341  expiry=26818  strikes=ATM±5
2026-08-17 14:19:04,242 - INFO - 📊 Saved 22 snapshots for NSE:NIFTY50-INDEX  (oi range: 737,100–31,782,985)
2026-08-17 14:19:05,353 - INFO - 📡 Fetching NSE:NIFTYBANK-INDEX @ 57608  expiry=26AUG  strikes=ATM±5
2026-08-17 14:19:35,353 - INFO - 📊 Saved 22 snapshots for NSE:NIFTYBANK-INDEX  (oi range: 89,610–2,217,330)
2026-08-17 14:19:36,458 - INFO - 📡 Fetching NSE:NIFTY50-INDEX @ 24338  expiry=26818  strikes=ATM±5
2026-08-17 14:20:05,136 - INFO - 🔔 [New Candle Closed] Running entry pipeline for candle 14:20 at 14:20:05...
2026-08-17 14:20:05,136 - INFO - --- 14:20:05 Market Pulse ---
2026-08-17 14:20:06,431 - INFO - 📊 Saved 22 snapshots for NSE:NIFTY50-INDEX  (oi range: 727,740–31,873,140)
2026-08-17 14:20:07,552 - INFO - 📡 Fetching NSE:NIFTYBANK-INDEX @ 57606  expiry=26AUG  strikes=ATM±5
2026-08-17 14:20:13,033 - ERROR - [Pipeline] Snapshot computation failed for NSE:NIFTY50-INDEX: 'LevelsView' object has no attribute 'resistance'
Traceback (most recent call last):
  File "/Users/kashishbaggafeast/Desktop/Bot/src/core/indicator_pipeline.py", line 332, in compute
    h1_zones = confirm_zones_with_geometry(h1_zones, geometry_ctx.levels)
  File "/Users/kashishbaggafeast/Desktop/Bot/src/core/zone_engine.py", line 209, in confirm_zones_with_geometry
    composites = levels_view.support() if zone.zone_type == "DEMAND" else levels_view.resistance()
AttributeError: 'LevelsView' object has no attribute 'resistance'
2026-08-17 14:20:13,034 - WARNING - ⚠️ Pipeline returned None for NSE:NIFTY50-INDEX
2026-08-17 14:20:14,974 - ERROR - [Pipeline] Snapshot computation failed for NSE:NIFTYBANK-INDEX: 'LevelsView' object has no attribute 'resistance'
Traceback (most recent call last):
  File "/Users/kashishbaggafeast/Desktop/Bot/src/core/indicator_pipeline.py", line 332, in compute
    h1_zones = confirm_zones_with_geometry(h1_zones, geometry_ctx.levels)
  File "/Users/kashishbaggafeast/Desktop/Bot/src/core/zone_engine.py", line 209, in confirm_zones_with_geometry
    composites = levels_view.support() if zone.zone_type == "DEMAND" else levels_view.resistance()
AttributeError: 'LevelsView' object has no attribute 'resistance'
2026-08-17 14:20:14,975 - WARNING - ⚠️ Pipeline returned None for NSE:NIFTYBANK-INDEX
2026-08-17 14:20:14,975 - INFO - 🧘 Status: Sidelined (No Institutional Alignment)
2026-08-17 14:20:38,446 - INFO - 📊 Saved 22 snapshots for NSE:NIFTYBANK-INDEX  (oi range: 89,550–2,211,450)
2026-08-17 14:20:39,552 - INFO - 📡 Fetching NSE:NIFTY50-INDEX @ 24337  expiry=26818  strikes=ATM±5
2026-08-17 14:21:09,730 - INFO - 📊 Saved 22 snapshots for NSE:NIFTY50-INDEX  (oi range: 728,260–31,877,365)
2026-08-17 14:21:10,840 - INFO - 📡 Fetching NSE:NIFTYBANK-INDEX @ 57602  expiry=26AUG  strikes=ATM±5
2026-08-17 14:21:40,689 - INFO - 📊 Saved 22 snapshots for NSE:NIFTYBANK-INDEX  (oi range: 89,400–2,213,130)
2026-08-17 14:21:41,959 - INFO - 📡 Fetching NSE:NIFTY50-INDEX @ 24335  expiry=26818  strikes=ATM±5
2026-08-17 14:22:11,450 - INFO - 📊 Saved 22 snapshots for NSE:NIFTY50-INDEX  (oi range: 727,870–31,708,170)
2026-08-17 14:22:12,556 - INFO - 📡 Fetching NSE:NIFTYBANK-INDEX @ 57576  expiry=26AUG  strikes=ATM±5
2026-08-17 14:22:42,462 - INFO - 📊 Saved 22 snapshots for NSE:NIFTYBANK-INDEX  (oi range: 88,770–2,208,330)
2026-08-17 14:22:43,570 - INFO - 📡 Fetching NSE:NIFTY50-INDEX @ 24330  expiry=26818  strikes=ATM±5
2026-08-17 14:24:28,898 - INFO - 📊 Saved 22 snapshots for NSE:NIFTY50-INDEX  (oi range: 723,775–31,479,240)
2026-08-17 14:24:30,002 - INFO - 📡 Fetching NSE:NIFTYBANK-INDEX @ 57550  expiry=26AUG  strikes=ATM±5
2026-08-17 14:25:00,849 - INFO - 📊 Saved 22 snapshots for NSE:NIFTYBANK-INDEX  (oi range: 88,440–2,211,300)
2026-08-17 14:25:01,944 - INFO - 📡 Fetching NSE:NIFTY50-INDEX @ 24324  expiry=26818  strikes=ATM±5
2026-08-17 14:25:05,041 - INFO - 🔔 [New Candle Closed] Running entry pipeline for candle 14:25 at 14:25:05...
2026-08-17 14:25:05,042 - INFO - --- 14:25:05 Market Pulse ---
2026-08-17 14:25:13,016 - ERROR - [Pipeline] Snapshot computation failed for NSE:NIFTY50-INDEX: 'LevelsView' object has no attribute 'resistance'
Traceback (most recent call last):
  File "/Users/kashishbaggafeast/Desktop/Bot/src/core/indicator_pipeline.py", line 332, in compute
    h1_zones = confirm_zones_with_geometry(h1_zones, geometry_ctx.levels)
  File "/Users/kashishbaggafeast/Desktop/Bot/src/core/zone_engine.py", line 209, in confirm_zones_with_geometry
    composites = levels_view.support() if zone.zone_type == "DEMAND" else levels_view.resistance()
AttributeError: 'LevelsView' object has no attribute 'resistance'
2026-08-17 14:25:13,017 - WARNING - ⚠️ Pipeline returned None for NSE:NIFTY50-INDEX
2026-08-17 14:25:15,076 - ERROR - [Pipeline] Snapshot computation failed for NSE:NIFTYBANK-INDEX: 'LevelsView' object has no attribute 'resistance'
Traceback (most recent call last):
  File "/Users/kashishbaggafeast/Desktop/Bot/src/core/indicator_pipeline.py", line 332, in compute
    h1_zones = confirm_zones_with_geometry(h1_zones, geometry_ctx.levels)
  File "/Users/kashishbaggafeast/Desktop/Bot/src/core/zone_engine.py", line 209, in confirm_zones_with_geometry
    composites = levels_view.support() if zone.zone_type == "DEMAND" else levels_view.resistance()
AttributeError: 'LevelsView' object has no attribute 'resistance'
2026-08-17 14:25:15,076 - WARNING - ⚠️ Pipeline returned None for NSE:NIFTYBANK-INDEX
2026-08-17 14:25:15,077 - INFO - 🧘 Status: Sidelined (No Institutional Alignment)
2026-08-17 14:25:33,416 - INFO - 📊 Saved 22 snapshots for NSE:NIFTY50-INDEX  (oi range: 136,175–31,699,135)
2026-08-17 14:25:34,512 - INFO - 📡 Fetching NSE:NIFTYBANK-INDEX @ 57542  expiry=26AUG  strikes=ATM±5
2026-08-17 14:26:04,275 - INFO - 📊 Saved 22 snapshots for NSE:NIFTYBANK-INDEX  (oi range: 88,320–2,210,520)
2026-08-17 14:26:05,376 - INFO - 📡 Fetching NSE:NIFTY50-INDEX @ 24325  expiry=26818  strikes=ATM±5
2026-08-17 14:26:35,321 - INFO - 📊 Saved 22 snapshots for NSE:NIFTY50-INDEX  (oi range: 136,110–31,840,120)
2026-08-17 14:26:36,420 - INFO - 📡 Fetching NSE:NIFTYBANK-INDEX @ 57554  expiry=26AUG  strikes=ATM±5
2026-08-17 14:27:06,268 - INFO - 📊 Saved 22 snapshots for NSE:NIFTYBANK-INDEX  (oi range: 88,350–2,211,120)
2026-08-17 14:27:07,367 - INFO - 📡 Fetching NSE:NIFTY50-INDEX @ 24327  expiry=26818  strikes=ATM±5
2026-08-17 14:27:36,974 - INFO - 📊 Saved 22 snapshots for NSE:NIFTY50-INDEX  (oi range: 720,850–31,519,930)
2026-08-17 14:27:38,065 - INFO - 📡 Fetching NSE:NIFTYBANK-INDEX @ 57561  expiry=26AUG  strikes=ATM±5
2026-08-17 14:28:08,434 - INFO - 📊 Saved 22 snapshots for NSE:NIFTYBANK-INDEX  (oi range: 88,770–2,211,900)
2026-08-17 14:28:09,531 - INFO - 📡 Fetching NSE:NIFTY50-INDEX @ 24325  expiry=26818  strikes=ATM±5
2026-08-17 14:29:54,348 - INFO - 📊 Saved 22 snapshots for NSE:NIFTY50-INDEX  (oi range: 725,985–31,442,190)
2026-08-17 14:29:55,453 - INFO - 📡 Fetching NSE:NIFTYBANK-INDEX @ 57587  expiry=26AUG  strikes=ATM±5
2026-08-17 14:30:05,142 - INFO - 🔔 [New Candle Closed] Running entry pipeline for candle 14:30 at 14:30:05...
2026-08-17 14:30:05,142 - INFO - --- 14:30:05 Market Pulse ---
2026-08-17 14:30:13,132 - ERROR - [Pipeline] Snapshot computation failed for NSE:NIFTY50-INDEX: 'LevelsView' object has no attribute 'resistance'
Traceback (most recent call last):
  File "/Users/kashishbaggafeast/Desktop/Bot/src/core/indicator_pipeline.py", line 332, in compute
    h1_zones = confirm_zones_with_geometry(h1_zones, geometry_ctx.levels)
  File "/Users/kashishbaggafeast/Desktop/Bot/src/core/zone_engine.py", line 209, in confirm_zones_with_geometry
    composites = levels_view.support() if zone.zone_type == "DEMAND" else levels_view.resistance()
AttributeError: 'LevelsView' object has no attribute 'resistance'
2026-08-17 14:30:13,133 - WARNING - ⚠️ Pipeline returned None for NSE:NIFTY50-INDEX
2026-08-17 14:30:15,069 - ERROR - [Pipeline] Snapshot computation failed for NSE:NIFTYBANK-INDEX: 'LevelsView' object has no attribute 'resistance'
Traceback (most recent call last):
  File "/Users/kashishbaggafeast/Desktop/Bot/src/core/indicator_pipeline.py", line 332, in compute
    h1_zones = confirm_zones_with_geometry(h1_zones, geometry_ctx.levels)
  File "/Users/kashishbaggafeast/Desktop/Bot/src/core/zone_engine.py", line 209, in confirm_zones_with_geometry
    composites = levels_view.support() if zone.zone_type == "DEMAND" else levels_view.resistance()
AttributeError: 'LevelsView' object has no attribute 'resistance'
2026-08-17 14:30:15,070 - WARNING - ⚠️ Pipeline returned None for NSE:NIFTYBANK-INDEX
2026-08-17 14:30:15,070 - INFO - 🧘 Status: Sidelined (No Institutional Alignment)
2026-08-17 14:30:26,812 - INFO - 📊 Saved 22 snapshots for NSE:NIFTYBANK-INDEX  (oi range: 88,560–2,212,440)
2026-08-17 14:30:27,908 - INFO - 📡 Fetching NSE:NIFTY50-INDEX @ 24329  expiry=26818  strikes=ATM±5
2026-08-17 14:30:58,194 - INFO - 📊 Saved 22 snapshots for NSE:NIFTY50-INDEX  (oi range: 728,975–31,280,080)
2026-08-17 14:30:59,309 - INFO - 📡 Fetching NSE:NIFTYBANK-INDEX @ 57588  expiry=26AUG  strikes=ATM±5
2026-08-17 14:31:30,507 - INFO - 📊 Saved 22 snapshots for NSE:NIFTYBANK-INDEX  (oi range: 88,560–2,211,840)
2026-08-17 14:31:31,782 - INFO - 📡 Fetching NSE:NIFTY50-INDEX @ 24328  expiry=26818  strikes=ATM±5
2026-08-17 14:32:01,728 - INFO - 📊 Saved 22 snapshots for NSE:NIFTY50-INDEX  (oi range: 724,425–31,095,740)
2026-08-17 14:32:02,828 - INFO - 📡 Fetching NSE:NIFTYBANK-INDEX @ 57582  expiry=26AUG  strikes=ATM±5
2026-08-17 14:32:32,776 - INFO - 📊 Saved 22 snapshots for NSE:NIFTYBANK-INDEX  (oi range: 88,380–2,213,190)
2026-08-17 14:32:33,870 - INFO - 📡 Fetching NSE:NIFTY50-INDEX @ 24329  expiry=26818  strikes=ATM±5
2026-08-17 14:33:03,536 - INFO - 📊 Saved 22 snapshots for NSE:NIFTY50-INDEX  (oi range: 723,580–31,063,890)
2026-08-17 14:33:04,634 - INFO - 📡 Fetching NSE:NIFTYBANK-INDEX @ 57584  expiry=26AUG  strikes=ATM±5
2026-08-17 14:33:34,305 - INFO - 📊 Saved 22 snapshots for NSE:NIFTYBANK-INDEX  (oi range: 88,380–2,211,780)
2026-08-17 14:33:35,410 - INFO - 📡 Fetching NSE:NIFTY50-INDEX @ 24329  expiry=26818  strikes=ATM±5
2026-08-17 14:34:05,536 - INFO - 📊 Saved 22 snapshots for NSE:NIFTY50-INDEX  (oi range: 726,180–31,042,310)
2026-08-17 14:34:06,637 - INFO - 📡 Fetching NSE:NIFTYBANK-INDEX @ 57581  expiry=26AUG  strikes=ATM±5
2026-08-17 14:34:36,453 - INFO - 📊 Saved 22 snapshots for NSE:NIFTYBANK-INDEX  (oi range: 88,380–2,212,620)
2026-08-17 14:34:37,552 - INFO - 📡 Fetching NSE:NIFTY50-INDEX @ 24328  expiry=26818  strikes=ATM±5
2026-08-17 14:35:05,137 - INFO - 🔔 [New Candle Closed] Running entry pipeline for candle 14:35 at 14:35:05...
2026-08-17 14:35:05,137 - INFO - --- 14:35:05 Market Pulse ---
2026-08-17 14:35:08,690 - INFO - 📊 Saved 22 snapshots for NSE:NIFTY50-INDEX  (oi range: 727,155–31,116,085)
2026-08-17 14:35:09,809 - INFO - 📡 Fetching NSE:NIFTYBANK-INDEX @ 57590  expiry=26AUG  strikes=ATM±5
2026-08-17 14:35:13,074 - ERROR - [Pipeline] Snapshot computation failed for NSE:NIFTY50-INDEX: 'LevelsView' object has no attribute 'resistance'
Traceback (most recent call last):
  File "/Users/kashishbaggafeast/Desktop/Bot/src/core/indicator_pipeline.py", line 332, in compute
    h1_zones = confirm_zones_with_geometry(h1_zones, geometry_ctx.levels)
  File "/Users/kashishbaggafeast/Desktop/Bot/src/core/zone_engine.py", line 209, in confirm_zones_with_geometry
    composites = levels_view.support() if zone.zone_type == "DEMAND" else levels_view.resistance()
AttributeError: 'LevelsView' object has no attribute 'resistance'
2026-08-17 14:35:13,075 - WARNING - ⚠️ Pipeline returned None for NSE:NIFTY50-INDEX
2026-08-17 14:35:15,059 - ERROR - [Pipeline] Snapshot computation failed for NSE:NIFTYBANK-INDEX: 'LevelsView' object has no attribute 'resistance'
Traceback (most recent call last):
  File "/Users/kashishbaggafeast/Desktop/Bot/src/core/indicator_pipeline.py", line 332, in compute
    h1_zones = confirm_zones_with_geometry(h1_zones, geometry_ctx.levels)
  File "/Users/kashishbaggafeast/Desktop/Bot/src/core/zone_engine.py", line 209, in confirm_zones_with_geometry
    composites = levels_view.support() if zone.zone_type == "DEMAND" else levels_view.resistance()
AttributeError: 'LevelsView' object has no attribute 'resistance'
2026-08-17 14:35:15,059 - WARNING - ⚠️ Pipeline returned None for NSE:NIFTYBANK-INDEX
2026-08-17 14:35:15,059 - INFO - 🧘 Status: Sidelined (No Institutional Alignment)
2026-08-17 14:35:41,418 - INFO - 📊 Saved 22 snapshots for NSE:NIFTYBANK-INDEX  (oi range: 88,200–2,212,860)
2026-08-17 14:35:42,678 - INFO - 📡 Fetching NSE:NIFTY50-INDEX @ 24327  expiry=26818  strikes=ATM±5
2026-08-17 14:36:12,222 - INFO - 📊 Saved 22 snapshots for NSE:NIFTY50-INDEX  (oi range: 722,410–30,564,885)
2026-08-17 14:36:13,334 - INFO - 📡 Fetching NSE:NIFTYBANK-INDEX @ 57576  expiry=26AUG  strikes=ATM±5
2026-08-17 14:36:43,223 - INFO - 📊 Saved 22 snapshots for NSE:NIFTYBANK-INDEX  (oi range: 88,170–2,211,990)
2026-08-17 14:36:44,323 - INFO - 📡 Fetching NSE:NIFTY50-INDEX @ 24320  expiry=26818  strikes=ATM±5
2026-08-17 14:37:14,949 - INFO - 📊 Saved 22 snapshots for NSE:NIFTY50-INDEX  (oi range: 132,535–30,434,300)
2026-08-17 14:37:16,053 - INFO - 📡 Fetching NSE:NIFTYBANK-INDEX @ 57580  expiry=26AUG  strikes=ATM±5
2026-08-17 14:37:46,088 - INFO - 📊 Saved 22 snapshots for NSE:NIFTYBANK-INDEX  (oi range: 88,170–2,210,280)
2026-08-17 14:37:47,199 - INFO - 📡 Fetching NSE:NIFTY50-INDEX @ 24323  expiry=26818  strikes=ATM±5
2026-08-17 14:38:17,460 - INFO - 📊 Saved 22 snapshots for NSE:NIFTY50-INDEX  (oi range: 132,405–30,252,105)
2026-08-17 14:38:18,559 - INFO - 📡 Fetching NSE:NIFTYBANK-INDEX @ 57577  expiry=26AUG  strikes=ATM±5
2026-08-17 14:38:48,698 - INFO - 📊 Saved 22 snapshots for NSE:NIFTYBANK-INDEX  (oi range: 88,080–2,210,940)
2026-08-17 14:38:49,804 - INFO - 📡 Fetching NSE:NIFTY50-INDEX @ 24321  expiry=26818  strikes=ATM±5
2026-08-17 14:39:19,420 - INFO - 📊 Saved 22 snapshots for NSE:NIFTY50-INDEX  (oi range: 133,120–30,076,410)
2026-08-17 14:39:20,699 - INFO - 📡 Fetching NSE:NIFTYBANK-INDEX @ 57579  expiry=26AUG  strikes=ATM±5
2026-08-17 14:39:50,328 - INFO - 📊 Saved 22 snapshots for NSE:NIFTYBANK-INDEX  (oi range: 88,110–2,210,370)
2026-08-17 14:39:51,659 - INFO - 📡 Fetching NSE:NIFTY50-INDEX @ 24329  expiry=26818  strikes=ATM±5
2026-08-17 14:40:05,133 - INFO - 🔔 [New Candle Closed] Running entry pipeline for candle 14:40 at 14:40:05...
2026-08-17 14:40:05,133 - INFO - --- 14:40:05 Market Pulse ---
2026-08-17 14:40:13,079 - ERROR - [Pipeline] Snapshot computation failed for NSE:NIFTY50-INDEX: 'LevelsView' object has no attribute 'resistance'
Traceback (most recent call last):
  File "/Users/kashishbaggafeast/Desktop/Bot/src/core/indicator_pipeline.py", line 332, in compute
    h1_zones = confirm_zones_with_geometry(h1_zones, geometry_ctx.levels)
  File "/Users/kashishbaggafeast/Desktop/Bot/src/core/zone_engine.py", line 209, in confirm_zones_with_geometry
    composites = levels_view.support() if zone.zone_type == "DEMAND" else levels_view.resistance()
AttributeError: 'LevelsView' object has no attribute 'resistance'
2026-08-17 14:40:13,080 - WARNING - ⚠️ Pipeline returned None for NSE:NIFTY50-INDEX
2026-08-17 14:40:15,096 - ERROR - [Pipeline] Snapshot computation failed for NSE:NIFTYBANK-INDEX: 'LevelsView' object has no attribute 'resistance'
Traceback (most recent call last):
  File "/Users/kashishbaggafeast/Desktop/Bot/src/core/indicator_pipeline.py", line 332, in compute
    h1_zones = confirm_zones_with_geometry(h1_zones, geometry_ctx.levels)
  File "/Users/kashishbaggafeast/Desktop/Bot/src/core/zone_engine.py", line 209, in confirm_zones_with_geometry
    composites = levels_view.support() if zone.zone_type == "DEMAND" else levels_view.resistance()
AttributeError: 'LevelsView' object has no attribute 'resistance'
2026-08-17 14:40:15,097 - WARNING - ⚠️ Pipeline returned None for NSE:NIFTYBANK-INDEX
2026-08-17 14:40:15,097 - INFO - 🧘 Status: Sidelined (No Institutional Alignment)
2026-08-17 14:40:23,993 - INFO - 📊 Saved 22 snapshots for NSE:NIFTY50-INDEX  (oi range: 714,675–30,221,620)
2026-08-17 14:40:25,095 - INFO - 📡 Fetching NSE:NIFTYBANK-INDEX @ 57589  expiry=26AUG  strikes=ATM±5
2026-08-17 14:40:55,392 - INFO - 📊 Saved 22 snapshots for NSE:NIFTYBANK-INDEX  (oi range: 88,110–2,201,010)
2026-08-17 14:40:56,481 - INFO - 📡 Fetching NSE:NIFTY50-INDEX @ 24330  expiry=26818  strikes=ATM±5
2026-08-17 14:41:28,941 - INFO - 📊 Saved 22 snapshots for NSE:NIFTY50-INDEX  (oi range: 720,330–29,698,760)
2026-08-17 14:41:30,047 - INFO - 📡 Fetching NSE:NIFTYBANK-INDEX @ 57597  expiry=26AUG  strikes=ATM±5
2026-08-17 14:42:00,015 - INFO - 📊 Saved 22 snapshots for NSE:NIFTYBANK-INDEX  (oi range: 87,960–2,202,270)
2026-08-17 14:42:01,142 - INFO - 📡 Fetching NSE:NIFTY50-INDEX @ 24333  expiry=26818  strikes=ATM±5
2026-08-17 14:42:30,928 - INFO - 📊 Saved 22 snapshots for NSE:NIFTY50-INDEX  (oi range: 716,365–29,388,645)
2026-08-17 14:42:32,023 - INFO - 📡 Fetching NSE:NIFTYBANK-INDEX @ 57611  expiry=26AUG  strikes=ATM±5
2026-08-17 14:43:01,997 - INFO - 📊 Saved 22 snapshots for NSE:NIFTYBANK-INDEX  (oi range: 88,020–2,199,210)
2026-08-17 14:43:03,103 - INFO - 📡 Fetching NSE:NIFTY50-INDEX @ 24337  expiry=26818  strikes=ATM±5
2026-08-17 14:43:33,031 - INFO - 📊 Saved 22 snapshots for NSE:NIFTY50-INDEX  (oi range: 712,530–29,390,335)
2026-08-17 14:43:34,130 - INFO - 📡 Fetching NSE:NIFTYBANK-INDEX @ 57629  expiry=26AUG  strikes=ATM±5
2026-08-17 14:44:04,262 - INFO - 📊 Saved 22 snapshots for NSE:NIFTYBANK-INDEX  (oi range: 87,390–2,198,700)
2026-08-17 14:44:05,364 - INFO - 📡 Fetching NSE:NIFTY50-INDEX @ 24335  expiry=26818  strikes=ATM±5
2026-08-17 14:44:36,069 - INFO - 📊 Saved 22 snapshots for NSE:NIFTY50-INDEX  (oi range: 711,490–29,350,880)
2026-08-17 14:44:37,168 - INFO - 📡 Fetching NSE:NIFTYBANK-INDEX @ 57623  expiry=26AUG  strikes=ATM±5
2026-08-17 14:45:05,168 - INFO - 🔔 [New Candle Closed] Running entry pipeline for candle 14:45 at 14:45:05...
2026-08-17 14:45:05,168 - INFO - --- 14:45:05 Market Pulse ---
2026-08-17 14:45:07,275 - INFO - 📊 Saved 22 snapshots for NSE:NIFTYBANK-INDEX  (oi range: 89,010–2,198,100)
2026-08-17 14:45:08,378 - INFO - 📡 Fetching NSE:NIFTY50-INDEX @ 24334  expiry=26818  strikes=ATM±5
2026-08-17 14:45:13,094 - ERROR - [Pipeline] Snapshot computation failed for NSE:NIFTY50-INDEX: 'LevelsView' object has no attribute 'resistance'
Traceback (most recent call last):
  File "/Users/kashishbaggafeast/Desktop/Bot/src/core/indicator_pipeline.py", line 332, in compute
    h1_zones = confirm_zones_with_geometry(h1_zones, geometry_ctx.levels)
  File "/Users/kashishbaggafeast/Desktop/Bot/src/core/zone_engine.py", line 209, in confirm_zones_with_geometry
    composites = levels_view.support() if zone.zone_type == "DEMAND" else levels_view.resistance()
AttributeError: 'LevelsView' object has no attribute 'resistance'
2026-08-17 14:45:13,095 - WARNING - ⚠️ Pipeline returned None for NSE:NIFTY50-INDEX
2026-08-17 14:45:15,142 - ERROR - [Pipeline] Snapshot computation failed for NSE:NIFTYBANK-INDEX: 'LevelsView' object has no attribute 'resistance'
Traceback (most recent call last):
  File "/Users/kashishbaggafeast/Desktop/Bot/src/core/indicator_pipeline.py", line 332, in compute
    h1_zones = confirm_zones_with_geometry(h1_zones, geometry_ctx.levels)
  File "/Users/kashishbaggafeast/Desktop/Bot/src/core/zone_engine.py", line 209, in confirm_zones_with_geometry
    composites = levels_view.support() if zone.zone_type == "DEMAND" else levels_view.resistance()
AttributeError: 'LevelsView' object has no attribute 'resistance'
2026-08-17 14:45:15,144 - WARNING - ⚠️ Pipeline returned None for NSE:NIFTYBANK-INDEX
2026-08-17 14:45:15,144 - INFO - 🧘 Status: Sidelined (No Institutional Alignment)
2026-08-17 14:45:40,119 - INFO - 📊 Saved 22 snapshots for NSE:NIFTY50-INDEX  (oi range: 709,930–29,105,960)
2026-08-17 14:45:41,218 - INFO - 📡 Fetching NSE:NIFTYBANK-INDEX @ 57640  expiry=26AUG  strikes=ATM±5
2026-08-17 14:46:11,032 - INFO - 📊 Saved 22 snapshots for NSE:NIFTYBANK-INDEX  (oi range: 88,950–2,197,650)
2026-08-17 14:46:12,128 - INFO - 📡 Fetching NSE:NIFTY50-INDEX @ 24334  expiry=26818  strikes=ATM±5
2026-08-17 14:46:42,457 - INFO - 📊 Saved 22 snapshots for NSE:NIFTY50-INDEX  (oi range: 708,305–29,038,945)
2026-08-17 14:46:43,560 - INFO - 📡 Fetching NSE:NIFTYBANK-INDEX @ 57625  expiry=26AUG  strikes=ATM±5
2026-08-17 14:47:13,586 - INFO - 📊 Saved 22 snapshots for NSE:NIFTYBANK-INDEX  (oi range: 89,340–2,198,310)
2026-08-17 14:47:14,684 - INFO - 📡 Fetching NSE:NIFTY50-INDEX @ 24333  expiry=26818  strikes=ATM±5
2026-08-17 14:47:44,656 - INFO - 📊 Saved 22 snapshots for NSE:NIFTY50-INDEX  (oi range: 706,420–28,945,930)
2026-08-17 14:47:45,765 - INFO - 📡 Fetching NSE:NIFTYBANK-INDEX @ 57621  expiry=26AUG  strikes=ATM±5
2026-08-17 14:48:16,266 - INFO - 📊 Saved 22 snapshots for NSE:NIFTYBANK-INDEX  (oi range: 89,340–2,197,260)
2026-08-17 14:48:17,363 - INFO - 📡 Fetching NSE:NIFTY50-INDEX @ 24335  expiry=26818  strikes=ATM±5
2026-08-17 14:48:47,181 - INFO - 📊 Saved 22 snapshots for NSE:NIFTY50-INDEX  (oi range: 699,920–29,047,395)
2026-08-17 14:48:48,290 - INFO - 📡 Fetching NSE:NIFTYBANK-INDEX @ 57630  expiry=26AUG  strikes=ATM±5
2026-08-17 14:49:17,915 - INFO - 📊 Saved 22 snapshots for NSE:NIFTYBANK-INDEX  (oi range: 89,310–2,200,890)
2026-08-17 14:49:19,011 - INFO - 📡 Fetching NSE:NIFTY50-INDEX @ 24339  expiry=26818  strikes=ATM±5
2026-08-17 14:49:49,223 - INFO - 📊 Saved 22 snapshots for NSE:NIFTY50-INDEX  (oi range: 698,490–28,779,010)
2026-08-17 14:49:50,326 - INFO - 📡 Fetching NSE:NIFTYBANK-INDEX @ 57628  expiry=26AUG  strikes=ATM±5
2026-08-17 14:50:05,186 - INFO - 🔔 [New Candle Closed] Running entry pipeline for candle 14:50 at 14:50:05...
2026-08-17 14:50:05,186 - INFO - --- 14:50:05 Market Pulse ---
2026-08-17 14:50:13,167 - ERROR - [Pipeline] Snapshot computation failed for NSE:NIFTY50-INDEX: 'LevelsView' object has no attribute 'resistance'
Traceback (most recent call last):
  File "/Users/kashishbaggafeast/Desktop/Bot/src/core/indicator_pipeline.py", line 332, in compute
    h1_zones = confirm_zones_with_geometry(h1_zones, geometry_ctx.levels)
  File "/Users/kashishbaggafeast/Desktop/Bot/src/core/zone_engine.py", line 209, in confirm_zones_with_geometry
    composites = levels_view.support() if zone.zone_type == "DEMAND" else levels_view.resistance()
AttributeError: 'LevelsView' object has no attribute 'resistance'
2026-08-17 14:50:13,167 - WARNING - ⚠️ Pipeline returned None for NSE:NIFTY50-INDEX
2026-08-17 14:50:15,203 - ERROR - [Pipeline] Snapshot computation failed for NSE:NIFTYBANK-INDEX: 'LevelsView' object has no attribute 'resistance'
Traceback (most recent call last):
  File "/Users/kashishbaggafeast/Desktop/Bot/src/core/indicator_pipeline.py", line 332, in compute
    h1_zones = confirm_zones_with_geometry(h1_zones, geometry_ctx.levels)
  File "/Users/kashishbaggafeast/Desktop/Bot/src/core/zone_engine.py", line 209, in confirm_zones_with_geometry
    composites = levels_view.support() if zone.zone_type == "DEMAND" else levels_view.resistance()
AttributeError: 'LevelsView' object has no attribute 'resistance'
2026-08-17 14:50:15,204 - WARNING - ⚠️ Pipeline returned None for NSE:NIFTYBANK-INDEX
2026-08-17 14:50:15,204 - INFO - 🧘 Status: Sidelined (No Institutional Alignment)
2026-08-17 14:50:21,647 - INFO - 📊 Saved 22 snapshots for NSE:NIFTYBANK-INDEX  (oi range: 88,140–2,204,970)
2026-08-17 14:50:22,917 - INFO - 📡 Fetching NSE:NIFTY50-INDEX @ 24340  expiry=26818  strikes=ATM±5
2026-08-17 14:50:53,073 - INFO - 📊 Saved 22 snapshots for NSE:NIFTY50-INDEX  (oi range: 696,605–28,811,380)
2026-08-17 14:50:54,174 - INFO - 📡 Fetching NSE:NIFTYBANK-INDEX @ 57641  expiry=26AUG  strikes=ATM±5
2026-08-17 14:51:25,180 - INFO - 📊 Saved 22 snapshots for NSE:NIFTYBANK-INDEX  (oi range: 88,140–2,198,910)
2026-08-17 14:51:26,275 - INFO - 📡 Fetching NSE:NIFTY50-INDEX @ 24340  expiry=26818  strikes=ATM±5
2026-08-17 14:51:57,784 - INFO - 📊 Saved 22 snapshots for NSE:NIFTY50-INDEX  (oi range: 694,655–28,363,595)
2026-08-17 14:51:58,889 - INFO - 📡 Fetching NSE:NIFTYBANK-INDEX @ 57626  expiry=26AUG  strikes=ATM±5
2026-08-17 14:52:29,044 - INFO - 📊 Saved 22 snapshots for NSE:NIFTYBANK-INDEX  (oi range: 87,660–2,206,710)
2026-08-17 14:52:30,142 - INFO - 📡 Fetching NSE:NIFTY50-INDEX @ 24339  expiry=26818  strikes=ATM±5
2026-08-17 14:53:00,084 - INFO - 📊 Saved 22 snapshots for NSE:NIFTY50-INDEX  (oi range: 689,910–28,215,655)
2026-08-17 14:53:01,177 - INFO - 📡 Fetching NSE:NIFTYBANK-INDEX @ 57620  expiry=26AUG  strikes=ATM±5
2026-08-17 14:53:32,349 - INFO - 📊 Saved 22 snapshots for NSE:NIFTYBANK-INDEX  (oi range: 87,660–2,207,370)
2026-08-17 14:53:33,455 - INFO - 📡 Fetching NSE:NIFTY50-INDEX @ 24336  expiry=26818  strikes=ATM±5
2026-08-17 14:54:04,174 - INFO - 📊 Saved 22 snapshots for NSE:NIFTY50-INDEX  (oi range: 685,360–28,138,240)
2026-08-17 14:54:05,270 - INFO - 📡 Fetching NSE:NIFTYBANK-INDEX @ 57636  expiry=26AUG  strikes=ATM±5
2026-08-17 14:54:35,088 - INFO - 📊 Saved 22 snapshots for NSE:NIFTYBANK-INDEX  (oi range: 87,660–2,206,800)
2026-08-17 14:54:36,191 - INFO - 📡 Fetching NSE:NIFTY50-INDEX @ 24344  expiry=26818  strikes=ATM±5
2026-08-17 14:55:05,271 - INFO - 🔔 [New Candle Closed] Running entry pipeline for candle 14:55 at 14:55:05...
2026-08-17 14:55:05,271 - INFO - --- 14:55:05 Market Pulse ---
2026-08-17 14:55:06,203 - INFO - 📊 Saved 22 snapshots for NSE:NIFTY50-INDEX  (oi range: 686,725–28,274,415)
2026-08-17 14:55:07,311 - INFO - 📡 Fetching NSE:NIFTYBANK-INDEX @ 57688  expiry=26AUG  strikes=ATM±5
2026-08-17 14:55:13,246 - ERROR - [Pipeline] Snapshot computation failed for NSE:NIFTY50-INDEX: 'LevelsView' object has no attribute 'resistance'
Traceback (most recent call last):
  File "/Users/kashishbaggafeast/Desktop/Bot/src/core/indicator_pipeline.py", line 332, in compute
    h1_zones = confirm_zones_with_geometry(h1_zones, geometry_ctx.levels)
  File "/Users/kashishbaggafeast/Desktop/Bot/src/core/zone_engine.py", line 209, in confirm_zones_with_geometry
    composites = levels_view.support() if zone.zone_type == "DEMAND" else levels_view.resistance()
AttributeError: 'LevelsView' object has no attribute 'resistance'
2026-08-17 14:55:13,247 - WARNING - ⚠️ Pipeline returned None for NSE:NIFTY50-INDEX
2026-08-17 14:55:15,356 - ERROR - [Pipeline] Snapshot computation failed for NSE:NIFTYBANK-INDEX: 'LevelsView' object has no attribute 'resistance'
Traceback (most recent call last):
  File "/Users/kashishbaggafeast/Desktop/Bot/src/core/indicator_pipeline.py", line 332, in compute
    h1_zones = confirm_zones_with_geometry(h1_zones, geometry_ctx.levels)
  File "/Users/kashishbaggafeast/Desktop/Bot/src/core/zone_engine.py", line 209, in confirm_zones_with_geometry
    composites = levels_view.support() if zone.zone_type == "DEMAND" else levels_view.resistance()
AttributeError: 'LevelsView' object has no attribute 'resistance'
2026-08-17 14:55:15,357 - WARNING - ⚠️ Pipeline returned None for NSE:NIFTYBANK-INDEX
2026-08-17 14:55:15,357 - INFO - 🧘 Status: Sidelined (No Institutional Alignment)
2026-08-17 14:55:39,561 - INFO - 📊 Saved 22 snapshots for NSE:NIFTYBANK-INDEX  (oi range: 138,540–2,202,390)
2026-08-17 14:55:40,823 - INFO - 📡 Fetching NSE:NIFTY50-INDEX @ 24341  expiry=26818  strikes=ATM±5
2026-08-17 14:56:10,644 - INFO - 📊 Saved 22 snapshots for NSE:NIFTY50-INDEX  (oi range: 686,205–28,039,635)
2026-08-17 14:56:11,745 - INFO - 📡 Fetching NSE:NIFTYBANK-INDEX @ 57686  expiry=26AUG  strikes=ATM±5
2026-08-17 14:56:41,899 - INFO - 📊 Saved 22 snapshots for NSE:NIFTYBANK-INDEX  (oi range: 139,800–2,195,490)
2026-08-17 14:56:43,163 - INFO - 📡 Fetching NSE:NIFTY50-INDEX @ 24342  expiry=26818  strikes=ATM±5
2026-08-17 14:57:12,970 - INFO - 📊 Saved 22 snapshots for NSE:NIFTY50-INDEX  (oi range: 685,295–27,974,895)
2026-08-17 14:57:14,222 - INFO - 📡 Fetching NSE:NIFTYBANK-INDEX @ 57681  expiry=26AUG  strikes=ATM±5
2026-08-17 14:57:43,937 - INFO - 📊 Saved 22 snapshots for NSE:NIFTYBANK-INDEX  (oi range: 139,110–2,194,320)
2026-08-17 14:57:45,034 - INFO - 📡 Fetching NSE:NIFTY50-INDEX @ 24338  expiry=26818  strikes=ATM±5
2026-08-17 14:58:15,341 - INFO - 📊 Saved 22 snapshots for NSE:NIFTY50-INDEX  (oi range: 685,750–28,044,900)
2026-08-17 14:58:16,444 - INFO - 📡 Fetching NSE:NIFTYBANK-INDEX @ 57675  expiry=26AUG  strikes=ATM±5
2026-08-17 14:58:46,596 - INFO - 📊 Saved 22 snapshots for NSE:NIFTYBANK-INDEX  (oi range: 138,960–2,189,580)
2026-08-17 14:58:47,696 - INFO - 📡 Fetching NSE:NIFTY50-INDEX @ 24337  expiry=26818  strikes=ATM±5
2026-08-17 14:59:17,396 - INFO - 📊 Saved 22 snapshots for NSE:NIFTY50-INDEX  (oi range: 678,210–28,057,965)
2026-08-17 14:59:18,662 - INFO - 📡 Fetching NSE:NIFTYBANK-INDEX @ 57681  expiry=26AUG  strikes=ATM±5
2026-08-17 14:59:48,306 - INFO - 📊 Saved 22 snapshots for NSE:NIFTYBANK-INDEX  (oi range: 138,180–2,189,940)
2026-08-17 14:59:49,408 - INFO - 📡 Fetching NSE:NIFTY50-INDEX @ 24339  expiry=26818  strikes=ATM±5
2026-08-17 15:00:05,434 - INFO - 🔔 [New Candle Closed] Running entry pipeline for candle 15:00 at 15:00:05...
2026-08-17 15:00:05,434 - INFO - --- 15:00:05 Market Pulse ---
2026-08-17 15:00:13,398 - ERROR - [Pipeline] Snapshot computation failed for NSE:NIFTY50-INDEX: 'LevelsView' object has no attribute 'resistance'
Traceback (most recent call last):
  File "/Users/kashishbaggafeast/Desktop/Bot/src/core/indicator_pipeline.py", line 332, in compute
    h1_zones = confirm_zones_with_geometry(h1_zones, geometry_ctx.levels)
  File "/Users/kashishbaggafeast/Desktop/Bot/src/core/zone_engine.py", line 209, in confirm_zones_with_geometry
    composites = levels_view.support() if zone.zone_type == "DEMAND" else levels_view.resistance()
AttributeError: 'LevelsView' object has no attribute 'resistance'
2026-08-17 15:00:13,399 - WARNING - ⚠️ Pipeline returned None for NSE:NIFTY50-INDEX
2026-08-17 15:00:15,491 - ERROR - [Pipeline] Snapshot computation failed for NSE:NIFTYBANK-INDEX: 'LevelsView' object has no attribute 'resistance'
Traceback (most recent call last):
  File "/Users/kashishbaggafeast/Desktop/Bot/src/core/indicator_pipeline.py", line 332, in compute
    h1_zones = confirm_zones_with_geometry(h1_zones, geometry_ctx.levels)
  File "/Users/kashishbaggafeast/Desktop/Bot/src/core/zone_engine.py", line 209, in confirm_zones_with_geometry
    composites = levels_view.support() if zone.zone_type == "DEMAND" else levels_view.resistance()
AttributeError: 'LevelsView' object has no attribute 'resistance'
2026-08-17 15:00:15,492 - WARNING - ⚠️ Pipeline returned None for NSE:NIFTYBANK-INDEX
2026-08-17 15:00:15,492 - INFO - 🧘 Status: Sidelined (No Institutional Alignment)
2026-08-17 15:00:20,500 - INFO - 📊 Saved 22 snapshots for NSE:NIFTY50-INDEX  (oi range: 677,820–27,866,410)
2026-08-17 15:00:21,603 - INFO - 📡 Fetching NSE:NIFTYBANK-INDEX @ 57663  expiry=26AUG  strikes=ATM±5
2026-08-17 15:00:51,947 - INFO - 📊 Saved 22 snapshots for NSE:NIFTYBANK-INDEX  (oi range: 137,760–2,192,730)
2026-08-17 15:00:53,307 - INFO - 📡 Fetching NSE:NIFTY50-INDEX @ 24333  expiry=26818  strikes=ATM±5
2026-08-17 15:01:23,257 - INFO - 📊 Saved 22 snapshots for NSE:NIFTY50-INDEX  (oi range: 657,800–27,672,645)
2026-08-17 15:01:24,351 - INFO - 📡 Fetching NSE:NIFTYBANK-INDEX @ 57663  expiry=26AUG  strikes=ATM±5
2026-08-17 15:01:54,502 - INFO - 📊 Saved 22 snapshots for NSE:NIFTYBANK-INDEX  (oi range: 135,960–2,192,010)
2026-08-17 15:01:55,600 - INFO - 📡 Fetching NSE:NIFTY50-INDEX @ 24336  expiry=26818  strikes=ATM±5
2026-08-17 15:02:26,391 - INFO - 📊 Saved 22 snapshots for NSE:NIFTY50-INDEX  (oi range: 645,840–27,389,310)
2026-08-17 15:02:27,482 - INFO - 📡 Fetching NSE:NIFTYBANK-INDEX @ 57681  expiry=26AUG  strikes=ATM±5
2026-08-17 15:02:58,214 - INFO - 📊 Saved 22 snapshots for NSE:NIFTYBANK-INDEX  (oi range: 135,840–2,191,890)
2026-08-17 15:02:59,311 - INFO - 📡 Fetching NSE:NIFTY50-INDEX @ 24346  expiry=26818  strikes=ATM±5
2026-08-17 15:03:29,078 - INFO - 📊 Saved 22 snapshots for NSE:NIFTY50-INDEX  (oi range: 644,995–27,029,925)
2026-08-17 15:03:30,215 - INFO - 📡 Fetching NSE:NIFTYBANK-INDEX @ 57698  expiry=26AUG  strikes=ATM±5
2026-08-17 15:04:00,171 - INFO - 📊 Saved 22 snapshots for NSE:NIFTYBANK-INDEX  (oi range: 130,740–2,192,370)
2026-08-17 15:04:01,279 - INFO - 📡 Fetching NSE:NIFTY50-INDEX @ 24352  expiry=26818  strikes=ATM±5
2026-08-17 15:04:31,000 - INFO - 📊 Saved 22 snapshots for NSE:NIFTY50-INDEX  (oi range: 647,530–26,798,005)
2026-08-17 15:04:32,110 - INFO - 📡 Fetching NSE:NIFTYBANK-INDEX @ 57703  expiry=26AUG  strikes=ATM±5
2026-08-17 15:05:02,103 - INFO - 📊 Saved 22 snapshots for NSE:NIFTYBANK-INDEX  (oi range: 127,440–2,194,950)
2026-08-17 15:05:03,207 - INFO - 📡 Fetching NSE:NIFTY50-INDEX @ 24351  expiry=26818  strikes=ATM±5
2026-08-17 15:05:05,550 - INFO - 🔔 [New Candle Closed] Running entry pipeline for candle 15:05 at 15:05:05...
2026-08-17 15:05:05,550 - INFO - --- 15:05:05 Market Pulse ---
2026-08-17 15:05:13,611 - ERROR - [Pipeline] Snapshot computation failed for NSE:NIFTY50-INDEX: 'LevelsView' object has no attribute 'resistance'
Traceback (most recent call last):
  File "/Users/kashishbaggafeast/Desktop/Bot/src/core/indicator_pipeline.py", line 332, in compute
    h1_zones = confirm_zones_with_geometry(h1_zones, geometry_ctx.levels)
  File "/Users/kashishbaggafeast/Desktop/Bot/src/core/zone_engine.py", line 209, in confirm_zones_with_geometry
    composites = levels_view.support() if zone.zone_type == "DEMAND" else levels_view.resistance()
AttributeError: 'LevelsView' object has no attribute 'resistance'
2026-08-17 15:05:13,612 - WARNING - ⚠️ Pipeline returned None for NSE:NIFTY50-INDEX
2026-08-17 15:05:15,786 - ERROR - [Pipeline] Snapshot computation failed for NSE:NIFTYBANK-INDEX: 'LevelsView' object has no attribute 'resistance'
Traceback (most recent call last):
  File "/Users/kashishbaggafeast/Desktop/Bot/src/core/indicator_pipeline.py", line 332, in compute
    h1_zones = confirm_zones_with_geometry(h1_zones, geometry_ctx.levels)
  File "/Users/kashishbaggafeast/Desktop/Bot/src/core/zone_engine.py", line 209, in confirm_zones_with_geometry
    composites = levels_view.support() if zone.zone_type == "DEMAND" else levels_view.resistance()
AttributeError: 'LevelsView' object has no attribute 'resistance'
2026-08-17 15:05:15,787 - WARNING - ⚠️ Pipeline returned None for NSE:NIFTYBANK-INDEX
2026-08-17 15:05:15,787 - INFO - 🧘 Status: Sidelined (No Institutional Alignment)
2026-08-17 15:05:35,861 - INFO - 📊 Saved 22 snapshots for NSE:NIFTY50-INDEX  (oi range: 643,110–26,529,490)
2026-08-17 15:05:36,955 - INFO - 📡 Fetching NSE:NIFTYBANK-INDEX @ 57677  expiry=26AUG  strikes=ATM±5
2026-08-17 15:06:07,153 - INFO - 📊 Saved 22 snapshots for NSE:NIFTYBANK-INDEX  (oi range: 122,670–2,193,930)
2026-08-17 15:06:08,257 - INFO - 📡 Fetching NSE:NIFTY50-INDEX @ 24345  expiry=26818  strikes=ATM±5
2026-08-17 15:06:39,081 - INFO - 📊 Saved 22 snapshots for NSE:NIFTY50-INDEX  (oi range: 634,530–26,359,255)
2026-08-17 15:06:40,179 - INFO - 📡 Fetching NSE:NIFTYBANK-INDEX @ 57681  expiry=26AUG  strikes=ATM±5
2026-08-17 15:07:11,036 - INFO - 📊 Saved 22 snapshots for NSE:NIFTYBANK-INDEX  (oi range: 119,520–2,190,000)
2026-08-17 15:07:12,135 - INFO - 📡 Fetching NSE:NIFTY50-INDEX @ 24347  expiry=26818  strikes=ATM±5
2026-08-17 15:07:42,144 - INFO - 📊 Saved 22 snapshots for NSE:NIFTY50-INDEX  (oi range: 632,775–26,291,655)
2026-08-17 15:07:43,245 - INFO - 📡 Fetching NSE:NIFTYBANK-INDEX @ 57691  expiry=26AUG  strikes=ATM±5
2026-08-17 15:08:13,251 - INFO - 📊 Saved 22 snapshots for NSE:NIFTYBANK-INDEX  (oi range: 119,220–2,187,930)
2026-08-17 15:08:14,349 - INFO - 📡 Fetching NSE:NIFTY50-INDEX @ 24346  expiry=26818  strikes=ATM±5
2026-08-17 15:08:44,215 - INFO - 📊 Saved 22 snapshots for NSE:NIFTY50-INDEX  (oi range: 631,930–26,122,395)
2026-08-17 15:08:45,316 - INFO - 📡 Fetching NSE:NIFTYBANK-INDEX @ 57708  expiry=26AUG  strikes=ATM±5
2026-08-17 15:09:15,113 - INFO - 📊 Saved 22 snapshots for NSE:NIFTYBANK-INDEX  (oi range: 118,920–2,186,820)
2026-08-17 15:09:16,209 - INFO - 📡 Fetching NSE:NIFTY50-INDEX @ 24349  expiry=26818  strikes=ATM±5
2026-08-17 15:09:46,068 - INFO - 📊 Saved 22 snapshots for NSE:NIFTY50-INDEX  (oi range: 633,295–25,846,080)
2026-08-17 15:09:47,178 - INFO - 📡 Fetching NSE:NIFTYBANK-INDEX @ 57696  expiry=26AUG  strikes=ATM±5
2026-08-17 15:10:05,854 - INFO - 🔔 [New Candle Closed] Running entry pipeline for candle 15:10 at 15:10:05...
2026-08-17 15:10:05,854 - INFO - --- 15:10:05 Market Pulse ---
2026-08-17 15:10:13,842 - ERROR - [Pipeline] Snapshot computation failed for NSE:NIFTY50-INDEX: 'LevelsView' object has no attribute 'resistance'
Traceback (most recent call last):
  File "/Users/kashishbaggafeast/Desktop/Bot/src/core/indicator_pipeline.py", line 332, in compute
    h1_zones = confirm_zones_with_geometry(h1_zones, geometry_ctx.levels)
  File "/Users/kashishbaggafeast/Desktop/Bot/src/core/zone_engine.py", line 209, in confirm_zones_with_geometry
    composites = levels_view.support() if zone.zone_type == "DEMAND" else levels_view.resistance()
AttributeError: 'LevelsView' object has no attribute 'resistance'
2026-08-17 15:10:13,843 - WARNING - ⚠️ Pipeline returned None for NSE:NIFTY50-INDEX
2026-08-17 15:10:15,979 - ERROR - [Pipeline] Snapshot computation failed for NSE:NIFTYBANK-INDEX: 'LevelsView' object has no attribute 'resistance'
Traceback (most recent call last):
  File "/Users/kashishbaggafeast/Desktop/Bot/src/core/indicator_pipeline.py", line 332, in compute
    h1_zones = confirm_zones_with_geometry(h1_zones, geometry_ctx.levels)
  File "/Users/kashishbaggafeast/Desktop/Bot/src/core/zone_engine.py", line 209, in confirm_zones_with_geometry
    composites = levels_view.support() if zone.zone_type == "DEMAND" else levels_view.resistance()
AttributeError: 'LevelsView' object has no attribute 'resistance'
2026-08-17 15:10:15,980 - WARNING - ⚠️ Pipeline returned None for NSE:NIFTYBANK-INDEX
2026-08-17 15:10:15,980 - INFO - 🧘 Status: Sidelined (No Institutional Alignment)
2026-08-17 15:10:18,387 - INFO - 📊 Saved 22 snapshots for NSE:NIFTYBANK-INDEX  (oi range: 118,770–2,186,220)
2026-08-17 15:10:19,486 - INFO - 📡 Fetching NSE:NIFTY50-INDEX @ 24349  expiry=26818  strikes=ATM±5
2026-08-17 15:10:49,464 - INFO - 📊 Saved 22 snapshots for NSE:NIFTY50-INDEX  (oi range: 626,600–25,476,165)
2026-08-17 15:10:50,552 - INFO - 📡 Fetching NSE:NIFTYBANK-INDEX @ 57715  expiry=26AUG  strikes=ATM±5
2026-08-17 15:11:20,353 - INFO - 📊 Saved 22 snapshots for NSE:NIFTYBANK-INDEX  (oi range: 117,390–2,177,490)
2026-08-17 15:11:21,616 - INFO - 📡 Fetching NSE:NIFTY50-INDEX @ 24354  expiry=26818  strikes=ATM±5
2026-08-17 15:11:51,624 - INFO - 📊 Saved 22 snapshots for NSE:NIFTY50-INDEX  (oi range: 610,090–25,180,740)
2026-08-17 15:11:52,722 - INFO - 📡 Fetching NSE:NIFTYBANK-INDEX @ 57733  expiry=26AUG  strikes=ATM±5
2026-08-17 15:12:23,833 - INFO - 📊 Saved 22 snapshots for NSE:NIFTYBANK-INDEX  (oi range: 115,200–2,172,750)
2026-08-17 15:12:25,106 - INFO - 📡 Fetching NSE:NIFTY50-INDEX @ 24356  expiry=26818  strikes=ATM±5
2026-08-17 15:12:54,977 - INFO - 📊 Saved 22 snapshots for NSE:NIFTY50-INDEX  (oi range: 608,855–25,080,250)
2026-08-17 15:12:56,081 - INFO - 📡 Fetching NSE:NIFTYBANK-INDEX @ 57734  expiry=26AUG  strikes=ATM±5
2026-08-17 15:13:26,461 - INFO - 📊 Saved 22 snapshots for NSE:NIFTYBANK-INDEX  (oi range: 114,660–2,159,490)
2026-08-17 15:13:27,649 - INFO - 📡 Fetching NSE:NIFTY50-INDEX @ 24359  expiry=26818  strikes=ATM±5
2026-08-17 15:13:58,519 - INFO - 📊 Saved 22 snapshots for NSE:NIFTY50-INDEX  (oi range: 598,260–24,765,585)
2026-08-17 15:13:59,625 - INFO - 📡 Fetching NSE:NIFTYBANK-INDEX @ 57747  expiry=26AUG  strikes=ATM±5
2026-08-17 15:14:29,428 - INFO - 📊 Saved 22 snapshots for NSE:NIFTYBANK-INDEX  (oi range: 112,620–2,156,730)
2026-08-17 15:14:30,529 - INFO - 📡 Fetching NSE:NIFTY50-INDEX @ 24345  expiry=26818  strikes=ATM±5
2026-08-17 15:15:00,831 - INFO - 📊 Saved 22 snapshots for NSE:NIFTY50-INDEX  (oi range: 565,760–24,394,175)
2026-08-17 15:15:01,930 - INFO - 📡 Fetching NSE:NIFTYBANK-INDEX @ 57716  expiry=26AUG  strikes=ATM±5
2026-08-17 15:15:05,047 - INFO - 🔔 [New Candle Closed] Running entry pipeline for candle 15:15 at 15:15:05...
2026-08-17 15:15:05,048 - INFO - --- 15:15:05 Market Pulse ---
2026-08-17 15:15:13,060 - ERROR - [Pipeline] Snapshot computation failed for NSE:NIFTY50-INDEX: 'LevelsView' object has no attribute 'resistance'
Traceback (most recent call last):
  File "/Users/kashishbaggafeast/Desktop/Bot/src/core/indicator_pipeline.py", line 332, in compute
    h1_zones = confirm_zones_with_geometry(h1_zones, geometry_ctx.levels)
  File "/Users/kashishbaggafeast/Desktop/Bot/src/core/zone_engine.py", line 209, in confirm_zones_with_geometry
    composites = levels_view.support() if zone.zone_type == "DEMAND" else levels_view.resistance()
AttributeError: 'LevelsView' object has no attribute 'resistance'
2026-08-17 15:15:13,061 - WARNING - ⚠️ Pipeline returned None for NSE:NIFTY50-INDEX
2026-08-17 15:15:15,278 - ERROR - [Pipeline] Snapshot computation failed for NSE:NIFTYBANK-INDEX: 'LevelsView' object has no attribute 'resistance'
Traceback (most recent call last):
  File "/Users/kashishbaggafeast/Desktop/Bot/src/core/indicator_pipeline.py", line 332, in compute
    h1_zones = confirm_zones_with_geometry(h1_zones, geometry_ctx.levels)
  File "/Users/kashishbaggafeast/Desktop/Bot/src/core/zone_engine.py", line 209, in confirm_zones_with_geometry
    composites = levels_view.support() if zone.zone_type == "DEMAND" else levels_view.resistance()
AttributeError: 'LevelsView' object has no attribute 'resistance'
2026-08-17 15:15:15,279 - WARNING - ⚠️ Pipeline returned None for NSE:NIFTYBANK-INDEX
2026-08-17 15:15:15,279 - INFO - 🧘 Status: Sidelined (No Institutional Alignment)
2026-08-17 15:15:33,662 - INFO - 📊 Saved 22 snapshots for NSE:NIFTYBANK-INDEX  (oi range: 110,610–2,153,610)
2026-08-17 15:15:34,767 - INFO - 📡 Fetching NSE:NIFTY50-INDEX @ 24340  expiry=26818  strikes=ATM±5
2026-08-17 15:16:06,366 - INFO - 📊 Saved 22 snapshots for NSE:NIFTY50-INDEX  (oi range: 522,210–23,746,190)
2026-08-17 15:16:07,460 - INFO - 📡 Fetching NSE:NIFTYBANK-INDEX @ 57716  expiry=26AUG  strikes=ATM±5
2026-08-17 15:16:37,791 - INFO - 📊 Saved 22 snapshots for NSE:NIFTYBANK-INDEX  (oi range: 110,610–2,152,800)
2026-08-17 15:16:38,887 - INFO - 📡 Fetching NSE:NIFTY50-INDEX @ 24340  expiry=26818  strikes=ATM±5
2026-08-17 15:17:08,708 - INFO - 📊 Saved 22 snapshots for NSE:NIFTY50-INDEX  (oi range: 520,390–23,250,175)
2026-08-17 15:17:09,803 - INFO - 📡 Fetching NSE:NIFTYBANK-INDEX @ 57716  expiry=26AUG  strikes=ATM±5
2026-08-17 15:17:39,796 - INFO - 📊 Saved 22 snapshots for NSE:NIFTYBANK-INDEX  (oi range: 109,740–2,149,080)
2026-08-17 15:17:40,903 - INFO - 📡 Fetching NSE:NIFTY50-INDEX @ 24340  expiry=26818  strikes=ATM±5
2026-08-17 15:18:10,715 - INFO - 📊 Saved 22 snapshots for NSE:NIFTY50-INDEX  (oi range: 514,150–22,886,565)
2026-08-17 15:18:11,808 - INFO - 📡 Fetching NSE:NIFTYBANK-INDEX @ 57716  expiry=26AUG  strikes=ATM±5
2026-08-17 15:18:42,091 - INFO - 📊 Saved 22 snapshots for NSE:NIFTYBANK-INDEX  (oi range: 108,750–2,145,510)
2026-08-17 15:18:43,358 - INFO - 📡 Fetching NSE:NIFTY50-INDEX @ 24340  expiry=26818  strikes=ATM±5
2026-08-17 15:19:13,193 - INFO - 📊 Saved 22 snapshots for NSE:NIFTY50-INDEX  (oi range: 504,465–22,230,715)
2026-08-17 15:19:14,292 - INFO - 📡 Fetching NSE:NIFTYBANK-INDEX @ 57716  expiry=26AUG  strikes=ATM±5
2026-08-17 15:19:44,411 - INFO - 📊 Saved 22 snapshots for NSE:NIFTYBANK-INDEX  (oi range: 108,690–2,144,460)
2026-08-17 15:19:45,506 - INFO - 📡 Fetching NSE:NIFTY50-INDEX @ 24340  expiry=26818  strikes=ATM±5
2026-08-17 15:20:05,335 - INFO - 🔔 [New Candle Closed] Running entry pipeline for candle 15:20 at 15:20:05...
2026-08-17 15:20:05,336 - INFO - --- 15:20:05 Market Pulse ---
2026-08-17 15:20:13,466 - ERROR - [Pipeline] Snapshot computation failed for NSE:NIFTY50-INDEX: 'LevelsView' object has no attribute 'resistance'
Traceback (most recent call last):
  File "/Users/kashishbaggafeast/Desktop/Bot/src/core/indicator_pipeline.py", line 332, in compute
    h1_zones = confirm_zones_with_geometry(h1_zones, geometry_ctx.levels)
  File "/Users/kashishbaggafeast/Desktop/Bot/src/core/zone_engine.py", line 209, in confirm_zones_with_geometry
    composites = levels_view.support() if zone.zone_type == "DEMAND" else levels_view.resistance()
AttributeError: 'LevelsView' object has no attribute 'resistance'
2026-08-17 15:20:13,467 - WARNING - ⚠️ Pipeline returned None for NSE:NIFTY50-INDEX
2026-08-17 15:20:15,695 - ERROR - [Pipeline] Snapshot computation failed for NSE:NIFTYBANK-INDEX: 'LevelsView' object has no attribute 'resistance'
Traceback (most recent call last):
  File "/Users/kashishbaggafeast/Desktop/Bot/src/core/indicator_pipeline.py", line 332, in compute
    h1_zones = confirm_zones_with_geometry(h1_zones, geometry_ctx.levels)
  File "/Users/kashishbaggafeast/Desktop/Bot/src/core/zone_engine.py", line 209, in confirm_zones_with_geometry
    composites = levels_view.support() if zone.zone_type == "DEMAND" else levels_view.resistance()
AttributeError: 'LevelsView' object has no attribute 'resistance'
2026-08-17 15:20:15,696 - WARNING - ⚠️ Pipeline returned None for NSE:NIFTYBANK-INDEX
2026-08-17 15:20:15,696 - INFO - 🧘 Status: Sidelined (No Institutional Alignment)
2026-08-17 15:20:16,792 - INFO - 📊 Saved 22 snapshots for NSE:NIFTY50-INDEX  (oi range: 500,240–22,064,445)
2026-08-17 15:20:17,909 - INFO - 📡 Fetching NSE:NIFTYBANK-INDEX @ 57716  expiry=26AUG  strikes=ATM±5
2026-08-17 15:20:48,643 - INFO - 📊 Saved 22 snapshots for NSE:NIFTYBANK-INDEX  (oi range: 107,520–2,144,760)
2026-08-17 15:20:49,748 - INFO - 📡 Fetching NSE:NIFTY50-INDEX @ 24340  expiry=26818  strikes=ATM±5
2026-08-17 15:21:19,907 - INFO - 📊 Saved 22 snapshots for NSE:NIFTY50-INDEX  (oi range: 497,445–21,254,870)
2026-08-17 15:21:21,004 - INFO - 📡 Fetching NSE:NIFTYBANK-INDEX @ 57716  expiry=26AUG  strikes=ATM±5
2026-08-17 15:21:51,384 - INFO - 📊 Saved 22 snapshots for NSE:NIFTYBANK-INDEX  (oi range: 107,430–2,144,280)
2026-08-17 15:21:52,596 - INFO - 📡 Fetching NSE:NIFTY50-INDEX @ 24340  expiry=26818  strikes=ATM±5
2026-08-17 15:22:23,960 - INFO - 📊 Saved 22 snapshots for NSE:NIFTY50-INDEX  (oi range: 483,340–21,073,780)
2026-08-17 15:22:25,063 - INFO - 📡 Fetching NSE:NIFTYBANK-INDEX @ 57716  expiry=26AUG  strikes=ATM±5
2026-08-17 15:22:55,933 - INFO - 📊 Saved 22 snapshots for NSE:NIFTYBANK-INDEX  (oi range: 106,530–2,141,880)
2026-08-17 15:22:57,031 - INFO - 📡 Fetching NSE:NIFTY50-INDEX @ 24340  expiry=26818  strikes=ATM±5
2026-08-17 15:23:26,851 - INFO - 📊 Saved 22 snapshots for NSE:NIFTY50-INDEX  (oi range: 472,290–20,660,640)
2026-08-17 15:23:27,954 - INFO - 📡 Fetching NSE:NIFTYBANK-INDEX @ 57716  expiry=26AUG  strikes=ATM±5
2026-08-17 15:23:57,920 - INFO - 📊 Saved 22 snapshots for NSE:NIFTYBANK-INDEX  (oi range: 105,840–2,134,500)
2026-08-17 15:23:59,200 - INFO - 📡 Fetching NSE:NIFTY50-INDEX @ 24340  expiry=26818  strikes=ATM±5
2026-08-17 15:24:28,891 - INFO - 📊 Saved 22 snapshots for NSE:NIFTY50-INDEX  (oi range: 468,000–20,276,945)
2026-08-17 15:24:29,994 - INFO - 📡 Fetching NSE:NIFTYBANK-INDEX @ 57716  expiry=26AUG  strikes=ATM±5
2026-08-17 15:24:59,651 - INFO - 📊 Saved 22 snapshots for NSE:NIFTYBANK-INDEX  (oi range: 104,730–2,133,960)
2026-08-17 15:25:00,753 - INFO - 📡 Fetching NSE:NIFTY50-INDEX @ 24340  expiry=26818  strikes=ATM±5
2026-08-17 15:25:05,769 - INFO - 🔔 [New Candle Closed] Running entry pipeline for candle 15:25 at 15:25:05...
2026-08-17 15:25:05,769 - INFO - --- 15:25:05 Market Pulse ---
2026-08-17 15:25:12,090 - INFO - 🔒 Session cutoff reached (15:25) — no new entries.
2026-08-17 15:25:12,156 - INFO - 📊 Daily metrics saved: [Structural_v3.2_RVOL1.0] 2026-08-17 cf=0 expectancy=None
2026-08-17 15:25:12,189 - INFO - 📊 Daily metrics saved: [Structural_v3.2_RVOL0.8] 2026-08-17 cf=0 expectancy=None
2026-08-17 15:25:12,220 - INFO - 📊 Daily metrics saved: [EMA_Pullback_20_50_RVOL0.5] 2026-08-17 cf=0 expectancy=None
2026-08-17 15:25:12,248 - INFO - 📊 Daily metrics saved: [VWAP_Reversion_1.5ATR_RVOL1.0] 2026-08-17 cf=0 expectancy=None
2026-08-17 15:25:12,274 - INFO - 📊 Daily metrics saved: [PrevDay_Extremes_RVOL1.2] 2026-08-17 cf=0 expectancy=None
2026-08-17 15:25:12,299 - INFO - 📊 Daily metrics saved: [ATR_Squeeze_RVOL1.5] 2026-08-17 cf=0 expectancy=None
2026-08-17 15:25:12,326 - INFO - 📊 Daily metrics saved: [Geometry_v1.0_Score35] 2026-08-17 cf=0 expectancy=None
2026-08-17 15:25:12,354 - INFO - 📊 Daily metrics saved: [Geometry_v1.0_Score50] 2026-08-17 cf=0 expectancy=None
2026-08-17 15:25:12,379 - INFO - 📊 Daily metrics saved: [OrderFlow_v1.0] 2026-08-17 cf=0 expectancy=None
2026-08-17 15:25:12,404 - INFO - 📊 Daily metrics saved: [VWAP_Reclaim_v1.0] 2026-08-17 cf=0 expectancy=None
2026-08-17 15:25:12,432 - INFO - 📊 Daily metrics saved: [CPR_v1.0] 2026-08-17 cf=0 expectancy=None
2026-08-17 15:25:12,457 - INFO - 📊 Daily metrics saved: [GapRegime_v2.0] 2026-08-17 cf=0 expectancy=None
2026-08-17 15:25:12,483 - INFO - 📊 Daily metrics saved: [ORB_60m_IB_RVOL1.2] 2026-08-17 cf=0 expectancy=None
2026-08-17 15:25:12,509 - INFO - 📊 Daily metrics saved: [VerticalSpread_v1.0] 2026-08-17 cf=0 expectancy=None
2026-08-17 15:25:12,535 - INFO - 📊 Daily metrics saved: [Straddle_v1.0_VolCompression] 2026-08-17 cf=0 expectancy=None
2026-08-17 15:25:12,562 - INFO - 📊 Daily metrics saved: [Strangle_v1.0_VolCompression] 2026-08-17 cf=0 expectancy=None
2026-08-17 15:25:12,587 - INFO - 📊 Daily metrics saved: [CreditSpread_v1.0_PCRFade] 2026-08-17 cf=0 expectancy=None
2026-08-17 15:25:12,613 - INFO - 📊 Daily metrics saved: [OIWallReaction_v1.0] 2026-08-17 cf=0 expectancy=None
2026-08-17 15:25:12,637 - INFO - 📊 Daily metrics saved: [PCRExtremeReversal_v1.0] 2026-08-17 cf=0 expectancy=None
2026-08-17 15:25:12,663 - INFO - 📊 Daily metrics saved: [IronCondor_v1.0] 2026-08-17 cf=0 expectancy=None
2026-08-17 15:25:12,688 - INFO - 📊 Daily metrics saved: [Butterfly_v1.0] 2026-08-17 cf=0 expectancy=None
2026-08-17 15:25:12,714 - INFO - 📊 Daily metrics saved: [IronButterfly_v1.0] 2026-08-17 cf=0 expectancy=None
2026-08-17 15:25:12,739 - INFO - 📊 Daily metrics saved: [OI_Scalping_v1.0] 2026-08-17 cf=0 expectancy=None
2026-08-17 15:25:12,766 - INFO - 📊 Daily metrics saved: [Consolidation_Breakout_v1.0] 2026-08-17 cf=0 expectancy=None
2026-08-17 15:25:12,791 - INFO - 📊 Daily metrics saved: [Consolidation_Breakout_Tight_v1.0] 2026-08-17 cf=0 expectancy=None
2026-08-17 15:25:12,817 - INFO - 📊 Daily metrics saved: [RSI2_MeanReversion_v1.0] 2026-08-17 cf=0 expectancy=None
2026-08-17 15:25:12,841 - INFO - 📊 Daily metrics saved: [ExpiryAwareTheta_v1.0] 2026-08-17 cf=0 expectancy=None
2026-08-17 15:25:12,867 - INFO - 📊 Daily metrics saved: [RelativeValue_NIFTY_BANKNIFTY_v1.0] 2026-08-17 cf=0 expectancy=None
2026-08-17 15:25:30,694 - INFO - 📊 Saved 22 snapshots for NSE:NIFTY50-INDEX  (oi range: 462,085–20,104,890)
2026-08-17 15:25:31,791 - INFO - 📡 Fetching NSE:NIFTYBANK-INDEX @ 57716  expiry=26AUG  strikes=ATM±5
2026-08-17 15:26:01,832 - INFO - 📊 Saved 22 snapshots for NSE:NIFTYBANK-INDEX  (oi range: 103,830–2,135,820)
2026-08-17 15:26:02,938 - INFO - 📡 Fetching NSE:NIFTY50-INDEX @ 24340  expiry=26818  strikes=ATM±5
2026-08-17 15:26:34,499 - INFO - 📊 Saved 22 snapshots for NSE:NIFTY50-INDEX  (oi range: 452,790–19,850,025)
2026-08-17 15:26:35,597 - INFO - 📡 Fetching NSE:NIFTYBANK-INDEX @ 57716  expiry=26AUG  strikes=ATM±5
2026-08-17 15:27:06,035 - INFO - 📊 Saved 22 snapshots for NSE:NIFTYBANK-INDEX  (oi range: 103,590–2,132,820)
2026-08-17 15:27:07,134 - INFO - 📡 Fetching NSE:NIFTY50-INDEX @ 24340  expiry=26818  strikes=ATM±5
2026-08-17 15:27:38,297 - INFO - 📊 Saved 22 snapshots for NSE:NIFTY50-INDEX  (oi range: 429,000–19,632,275)
2026-08-17 15:27:39,576 - INFO - 📡 Fetching NSE:NIFTYBANK-INDEX @ 57716  expiry=26AUG  strikes=ATM±5
2026-08-17 15:28:09,867 - INFO - 📊 Saved 22 snapshots for NSE:NIFTYBANK-INDEX  (oi range: 103,380–2,138,550)
2026-08-17 15:28:10,973 - INFO - 📡 Fetching NSE:NIFTY50-INDEX @ 24340  expiry=26818  strikes=ATM±5
2026-08-17 15:28:42,948 - INFO - 📊 Saved 22 snapshots for NSE:NIFTY50-INDEX  (oi range: 423,020–19,292,650)
2026-08-17 15:28:44,044 - INFO - 📡 Fetching NSE:NIFTYBANK-INDEX @ 57498  expiry=26AUG  strikes=ATM±5
2026-08-17 15:29:14,619 - INFO - 📊 Saved 22 snapshots for NSE:NIFTYBANK-INDEX  (oi range: 82,050–2,136,660)
2026-08-17 15:29:15,718 - INFO - 📡 Fetching NSE:NIFTY50-INDEX @ 24288  expiry=26818  strikes=ATM±5
2026-08-17 15:29:45,770 - INFO - 📊 Saved 22 snapshots for NSE:NIFTY50-INDEX  (oi range: 82,485–17,857,060)
2026-08-17 15:29:46,876 - INFO - 📡 Fetching NSE:NIFTYBANK-INDEX @ 57498  expiry=26AUG  strikes=ATM±5
2026-08-17 15:30:05,941 - INFO - 🔔 [New Candle Closed] Running entry pipeline for candle 15:30 at 15:30:05...
2026-08-17 15:30:05,942 - INFO - --- 15:30:05 Market Pulse ---
2026-08-17 15:30:12,100 - INFO - 🔒 Session cutoff reached (15:25) — no new entries.
2026-08-17 15:30:12,157 - INFO - 📊 Daily metrics saved: [Structural_v3.2_RVOL1.0] 2026-08-17 cf=0 expectancy=None
2026-08-17 15:30:12,187 - INFO - 📊 Daily metrics saved: [Structural_v3.2_RVOL0.8] 2026-08-17 cf=0 expectancy=None
2026-08-17 15:30:12,215 - INFO - 📊 Daily metrics saved: [EMA_Pullback_20_50_RVOL0.5] 2026-08-17 cf=0 expectancy=None
2026-08-17 15:30:12,242 - INFO - 📊 Daily metrics saved: [VWAP_Reversion_1.5ATR_RVOL1.0] 2026-08-17 cf=0 expectancy=None
2026-08-17 15:30:12,268 - INFO - 📊 Daily metrics saved: [PrevDay_Extremes_RVOL1.2] 2026-08-17 cf=0 expectancy=None
2026-08-17 15:30:12,294 - INFO - 📊 Daily metrics saved: [ATR_Squeeze_RVOL1.5] 2026-08-17 cf=0 expectancy=None
2026-08-17 15:30:12,321 - INFO - 📊 Daily metrics saved: [Geometry_v1.0_Score35] 2026-08-17 cf=0 expectancy=None
2026-08-17 15:30:12,347 - INFO - 📊 Daily metrics saved: [Geometry_v1.0_Score50] 2026-08-17 cf=0 expectancy=None
2026-08-17 15:30:12,373 - INFO - 📊 Daily metrics saved: [OrderFlow_v1.0] 2026-08-17 cf=0 expectancy=None
2026-08-17 15:30:12,398 - INFO - 📊 Daily metrics saved: [VWAP_Reclaim_v1.0] 2026-08-17 cf=0 expectancy=None
2026-08-17 15:30:12,425 - INFO - 📊 Daily metrics saved: [CPR_v1.0] 2026-08-17 cf=0 expectancy=None
2026-08-17 15:30:12,450 - INFO - 📊 Daily metrics saved: [GapRegime_v2.0] 2026-08-17 cf=0 expectancy=None
2026-08-17 15:30:12,475 - INFO - 📊 Daily metrics saved: [ORB_60m_IB_RVOL1.2] 2026-08-17 cf=0 expectancy=None
2026-08-17 15:30:12,500 - INFO - 📊 Daily metrics saved: [VerticalSpread_v1.0] 2026-08-17 cf=0 expectancy=None
2026-08-17 15:30:12,525 - INFO - 📊 Daily metrics saved: [Straddle_v1.0_VolCompression] 2026-08-17 cf=0 expectancy=None
2026-08-17 15:30:12,551 - INFO - 📊 Daily metrics saved: [Strangle_v1.0_VolCompression] 2026-08-17 cf=0 expectancy=None
2026-08-17 15:30:12,576 - INFO - 📊 Daily metrics saved: [CreditSpread_v1.0_PCRFade] 2026-08-17 cf=0 expectancy=None
2026-08-17 15:30:12,601 - INFO - 📊 Daily metrics saved: [OIWallReaction_v1.0] 2026-08-17 cf=0 expectancy=None
2026-08-17 15:30:12,626 - INFO - 📊 Daily metrics saved: [PCRExtremeReversal_v1.0] 2026-08-17 cf=0 expectancy=None
2026-08-17 15:30:12,652 - INFO - 📊 Daily metrics saved: [IronCondor_v1.0] 2026-08-17 cf=0 expectancy=None
2026-08-17 15:30:12,681 - INFO - 📊 Daily metrics saved: [Butterfly_v1.0] 2026-08-17 cf=0 expectancy=None
2026-08-17 15:30:12,708 - INFO - 📊 Daily metrics saved: [IronButterfly_v1.0] 2026-08-17 cf=0 expectancy=None
2026-08-17 15:30:12,734 - INFO - 📊 Daily metrics saved: [OI_Scalping_v1.0] 2026-08-17 cf=0 expectancy=None
2026-08-17 15:30:12,759 - INFO - 📊 Daily metrics saved: [Consolidation_Breakout_v1.0] 2026-08-17 cf=0 expectancy=None
2026-08-17 15:30:12,784 - INFO - 📊 Daily metrics saved: [Consolidation_Breakout_Tight_v1.0] 2026-08-17 cf=0 expectancy=None
2026-08-17 15:30:12,809 - INFO - 📊 Daily metrics saved: [RSI2_MeanReversion_v1.0] 2026-08-17 cf=0 expectancy=None
2026-08-17 15:30:12,834 - INFO - 📊 Daily metrics saved: [ExpiryAwareTheta_v1.0] 2026-08-17 cf=0 expectancy=None
2026-08-17 15:30:12,861 - INFO - 📊 Daily metrics saved: [RelativeValue_NIFTY_BANKNIFTY_v1.0] 2026-08-17 cf=0 expectancy=None
2026-08-17 15:30:16,492 - INFO - 📊 Saved 22 snapshots for NSE:NIFTYBANK-INDEX  (oi range: 81,450–2,130,540)
2026-08-17 15:30:17,610 - INFO - 📡 Fetching NSE:NIFTY50-INDEX @ 24288  expiry=26818  strikes=ATM±5
2026-08-17 15:30:47,411 - INFO - 📊 Saved 22 snapshots for NSE:NIFTY50-INDEX  (oi range: 81,770–17,552,015)
2026-08-17 15:30:48,515 - INFO - 📡 Fetching NSE:NIFTYBANK-INDEX @ 57498  expiry=26AUG  strikes=ATM±5
2026-08-17 15:31:18,824 - INFO - 📊 Saved 22 snapshots for NSE:NIFTYBANK-INDEX  (oi range: 81,060–2,130,450)
2026-08-17 15:35:05,936 - INFO - 🔔 [New Candle Closed] Running entry pipeline for candle 15:35 at 15:35:05...
2026-08-17 15:35:05,936 - INFO - --- 15:35:05 Market Pulse ---
2026-08-17 15:35:12,095 - INFO - 🔒 Session cutoff reached (15:25) — no new entries.
2026-08-17 15:35:12,150 - INFO - 📊 Daily metrics saved: [Structural_v3.2_RVOL1.0] 2026-08-17 cf=0 expectancy=None
2026-08-17 15:35:12,181 - INFO - 📊 Daily metrics saved: [Structural_v3.2_RVOL0.8] 2026-08-17 cf=0 expectancy=None
2026-08-17 15:35:12,207 - INFO - 📊 Daily metrics saved: [EMA_Pullback_20_50_RVOL0.5] 2026-08-17 cf=0 expectancy=None
2026-08-17 15:35:12,236 - INFO - 📊 Daily metrics saved: [VWAP_Reversion_1.5ATR_RVOL1.0] 2026-08-17 cf=0 expectancy=None
2026-08-17 15:35:12,263 - INFO - 📊 Daily metrics saved: [PrevDay_Extremes_RVOL1.2] 2026-08-17 cf=0 expectancy=None
2026-08-17 15:35:12,291 - INFO - 📊 Daily metrics saved: [ATR_Squeeze_RVOL1.5] 2026-08-17 cf=0 expectancy=None
2026-08-17 15:35:12,317 - INFO - 📊 Daily metrics saved: [Geometry_v1.0_Score35] 2026-08-17 cf=0 expectancy=None
2026-08-17 15:35:12,341 - INFO - 📊 Daily metrics saved: [Geometry_v1.0_Score50] 2026-08-17 cf=0 expectancy=None
2026-08-17 15:35:12,369 - INFO - 📊 Daily metrics saved: [OrderFlow_v1.0] 2026-08-17 cf=0 expectancy=None
2026-08-17 15:35:12,395 - INFO - 📊 Daily metrics saved: [VWAP_Reclaim_v1.0] 2026-08-17 cf=0 expectancy=None
2026-08-17 15:35:12,421 - INFO - 📊 Daily metrics saved: [CPR_v1.0] 2026-08-17 cf=0 expectancy=None
2026-08-17 15:35:12,449 - INFO - 📊 Daily metrics saved: [GapRegime_v2.0] 2026-08-17 cf=0 expectancy=None
2026-08-17 15:35:12,473 - INFO - 📊 Daily metrics saved: [ORB_60m_IB_RVOL1.2] 2026-08-17 cf=0 expectancy=None
2026-08-17 15:35:12,499 - INFO - 📊 Daily metrics saved: [VerticalSpread_v1.0] 2026-08-17 cf=0 expectancy=None
2026-08-17 15:35:12,525 - INFO - 📊 Daily metrics saved: [Straddle_v1.0_VolCompression] 2026-08-17 cf=0 expectancy=None
2026-08-17 15:35:12,550 - INFO - 📊 Daily metrics saved: [Strangle_v1.0_VolCompression] 2026-08-17 cf=0 expectancy=None
2026-08-17 15:35:12,575 - INFO - 📊 Daily metrics saved: [CreditSpread_v1.0_PCRFade] 2026-08-17 cf=0 expectancy=None
2026-08-17 15:35:12,601 - INFO - 📊 Daily metrics saved: [OIWallReaction_v1.0] 2026-08-17 cf=0 expectancy=None
2026-08-17 15:35:12,628 - INFO - 📊 Daily metrics saved: [PCRExtremeReversal_v1.0] 2026-08-17 cf=0 expectancy=None
2026-08-17 15:35:12,654 - INFO - 📊 Daily metrics saved: [IronCondor_v1.0] 2026-08-17 cf=0 expectancy=None
2026-08-17 15:35:12,680 - INFO - 📊 Daily metrics saved: [Butterfly_v1.0] 2026-08-17 cf=0 expectancy=None
2026-08-17 15:35:12,705 - INFO - 📊 Daily metrics saved: [IronButterfly_v1.0] 2026-08-17 cf=0 expectancy=None
2026-08-17 15:35:12,730 - INFO - 📊 Daily metrics saved: [OI_Scalping_v1.0] 2026-08-17 cf=0 expectancy=None
2026-08-17 15:35:12,755 - INFO - 📊 Daily metrics saved: [Consolidation_Breakout_v1.0] 2026-08-17 cf=0 expectancy=None
2026-08-17 15:35:12,781 - INFO - 📊 Daily metrics saved: [Consolidation_Breakout_Tight_v1.0] 2026-08-17 cf=0 expectancy=None
2026-08-17 15:35:12,805 - INFO - 📊 Daily metrics saved: [RSI2_MeanReversion_v1.0] 2026-08-17 cf=0 expectancy=None
2026-08-17 15:35:12,829 - INFO - 📊 Daily metrics saved: [ExpiryAwareTheta_v1.0] 2026-08-17 cf=0 expectancy=None
2026-08-17 15:35:12,854 - INFO - 📊 Daily metrics saved: [RelativeValue_NIFTY_BANKNIFTY_v1.0] 2026-08-17 cf=0 expectancy=None
2026-08-17 15:35:12,871 - INFO - 📝 Generating EOD report for 2026-08-17…
2026-08-17 15:35:12,892 - INFO -    Rolling data: 5d filters=10, 20d filters=71, total CF=2547
2026-08-17 15:35:15,245 - INFO -    ✓ executive_summary
2026-08-17 15:35:17,162 - INFO -    ✓ market_narrative
2026-08-17 15:35:17,187 - INFO -    ✓ trade_review
2026-08-17 15:35:17,211 - INFO -    ✓ losing_trades
2026-08-17 15:35:17,230 - INFO -    ✓ missed_opportunities
2026-08-17 15:35:17,249 - INFO -    ✓ counterfactual_insights
2026-08-17 15:35:17,276 - INFO -    ✓ experiment_ranking
2026-08-17 15:35:17,295 - INFO -    ✓ thesis_analysis
2026-08-17 15:35:17,331 - INFO -    ✓ market_behaviour
2026-08-17 15:35:18,128 - ERROR - ❌ Historical data request failed for NSE:INDIA VIX-INDEX (attempt 1/3): {'code': -300, 'message': 'Invalid symbol provided', 's': 'error'}
2026-08-17 15:35:19,236 - ERROR - ❌ Historical data request failed for NSE:INDIA VIX-INDEX (attempt 2/3): {'code': -300, 'message': 'Invalid symbol provided', 's': 'error'}
2026-08-17 15:35:20,348 - ERROR - ❌ Historical data request failed for NSE:INDIA VIX-INDEX (attempt 3/3): {'code': -300, 'message': 'Invalid symbol provided', 's': 'error'}
2026-08-17 15:35:20,526 - INFO -    ✓ market_state_outlook
2026-08-17 15:35:20,546 - INFO -    ✓ research_queue
2026-08-17 15:35:20,584 - INFO -    ✓ strategy_health
2026-08-17 15:35:20,675 - INFO -    ✓ strategic_outlook
2026-08-17 15:35:20,681 - INFO - 📄 Report written: reports/2026-08-17.md
2026-08-17 15:35:20,681 - INFO - 📊 Analytics written: reports/2026-08-17.json
2026-08-17 15:35:20,681 - INFO - 📝 EOD report: reports/2026-08-17.md
2026-08-17 15:40:05,754 - INFO - 🔔 [New Candle Closed] Running entry pipeline for candle 15:40 at 15:40:05...
2026-08-17 15:40:05,754 - INFO - --- 15:40:05 Market Pulse ---
2026-08-17 15:40:11,910 - INFO - 🔒 Session cutoff reached (15:25) — no new entries.
2026-08-17 15:40:11,966 - INFO - 📊 Daily metrics saved: [Structural_v3.2_RVOL1.0] 2026-08-17 cf=0 expectancy=None
2026-08-17 15:40:11,995 - INFO - 📊 Daily metrics saved: [Structural_v3.2_RVOL0.8] 2026-08-17 cf=0 expectancy=None
2026-08-17 15:40:12,022 - INFO - 📊 Daily metrics saved: [EMA_Pullback_20_50_RVOL0.5] 2026-08-17 cf=0 expectancy=None
2026-08-17 15:40:12,049 - INFO - 📊 Daily metrics saved: [VWAP_Reversion_1.5ATR_RVOL1.0] 2026-08-17 cf=0 expectancy=None
2026-08-17 15:40:12,076 - INFO - 📊 Daily metrics saved: [PrevDay_Extremes_RVOL1.2] 2026-08-17 cf=0 expectancy=None
2026-08-17 15:40:12,102 - INFO - 📊 Daily metrics saved: [ATR_Squeeze_RVOL1.5] 2026-08-17 cf=0 expectancy=None
2026-08-17 15:40:12,128 - INFO - 📊 Daily metrics saved: [Geometry_v1.0_Score35] 2026-08-17 cf=0 expectancy=None
2026-08-17 15:40:12,155 - INFO - 📊 Daily metrics saved: [Geometry_v1.0_Score50] 2026-08-17 cf=0 expectancy=None
2026-08-17 15:40:12,181 - INFO - 📊 Daily metrics saved: [OrderFlow_v1.0] 2026-08-17 cf=0 expectancy=None
2026-08-17 15:40:12,208 - INFO - 📊 Daily metrics saved: [VWAP_Reclaim_v1.0] 2026-08-17 cf=0 expectancy=None
2026-08-17 15:40:12,236 - INFO - 📊 Daily metrics saved: [CPR_v1.0] 2026-08-17 cf=0 expectancy=None
2026-08-17 15:40:12,262 - INFO - 📊 Daily metrics saved: [GapRegime_v2.0] 2026-08-17 cf=0 expectancy=None
2026-08-17 15:40:12,288 - INFO - 📊 Daily metrics saved: [ORB_60m_IB_RVOL1.2] 2026-08-17 cf=0 expectancy=None
2026-08-17 15:40:12,314 - INFO - 📊 Daily metrics saved: [VerticalSpread_v1.0] 2026-08-17 cf=0 expectancy=None
2026-08-17 15:40:12,340 - INFO - 📊 Daily metrics saved: [Straddle_v1.0_VolCompression] 2026-08-17 cf=0 expectancy=None
2026-08-17 15:40:12,365 - INFO - 📊 Daily metrics saved: [Strangle_v1.0_VolCompression] 2026-08-17 cf=0 expectancy=None
2026-08-17 15:40:12,391 - INFO - 📊 Daily metrics saved: [CreditSpread_v1.0_PCRFade] 2026-08-17 cf=0 expectancy=None
2026-08-17 15:40:12,418 - INFO - 📊 Daily metrics saved: [OIWallReaction_v1.0] 2026-08-17 cf=0 expectancy=None
2026-08-17 15:40:12,444 - INFO - 📊 Daily metrics saved: [PCRExtremeReversal_v1.0] 2026-08-17 cf=0 expectancy=None
2026-08-17 15:40:12,470 - INFO - 📊 Daily metrics saved: [IronCondor_v1.0] 2026-08-17 cf=0 expectancy=None
2026-08-17 15:40:12,496 - INFO - 📊 Daily metrics saved: [Butterfly_v1.0] 2026-08-17 cf=0 expectancy=None
2026-08-17 15:40:12,524 - INFO - 📊 Daily metrics saved: [IronButterfly_v1.0] 2026-08-17 cf=0 expectancy=None
2026-08-17 15:40:12,548 - INFO - 📊 Daily metrics saved: [OI_Scalping_v1.0] 2026-08-17 cf=0 expectancy=None
2026-08-17 15:40:12,574 - INFO - 📊 Daily metrics saved: [Consolidation_Breakout_v1.0] 2026-08-17 cf=0 expectancy=None
2026-08-17 15:40:12,600 - INFO - 📊 Daily metrics saved: [Consolidation_Breakout_Tight_v1.0] 2026-08-17 cf=0 expectancy=None
2026-08-17 15:40:12,624 - INFO - 📊 Daily metrics saved: [RSI2_MeanReversion_v1.0] 2026-08-17 cf=0 expectancy=None
2026-08-17 15:40:12,649 - INFO - 📊 Daily metrics saved: [ExpiryAwareTheta_v1.0] 2026-08-17 cf=0 expectancy=None
2026-08-17 15:40:12,674 - INFO - 📊 Daily metrics saved: [RelativeValue_NIFTY_BANKNIFTY_v1.0] 2026-08-17 cf=0 expectancy=None
2026-08-17 15:45:05,739 - INFO - 🔔 [New Candle Closed] Running entry pipeline for candle 15:45 at 15:45:05...
2026-08-17 15:45:05,740 - INFO - --- 15:45:05 Market Pulse ---
2026-08-17 15:45:11,891 - INFO - 🔒 Session cutoff reached (15:25) — no new entries.
2026-08-17 15:45:11,948 - INFO - 📊 Daily metrics saved: [Structural_v3.2_RVOL1.0] 2026-08-17 cf=0 expectancy=None
2026-08-17 15:45:11,977 - INFO - 📊 Daily metrics saved: [Structural_v3.2_RVOL0.8] 2026-08-17 cf=0 expectancy=None
2026-08-17 15:45:12,005 - INFO - 📊 Daily metrics saved: [EMA_Pullback_20_50_RVOL0.5] 2026-08-17 cf=0 expectancy=None
2026-08-17 15:45:12,033 - INFO - 📊 Daily metrics saved: [VWAP_Reversion_1.5ATR_RVOL1.0] 2026-08-17 cf=0 expectancy=None
2026-08-17 15:45:12,060 - INFO - 📊 Daily metrics saved: [PrevDay_Extremes_RVOL1.2] 2026-08-17 cf=0 expectancy=None
2026-08-17 15:45:12,086 - INFO - 📊 Daily metrics saved: [ATR_Squeeze_RVOL1.5] 2026-08-17 cf=0 expectancy=None
2026-08-17 15:45:12,113 - INFO - 📊 Daily metrics saved: [Geometry_v1.0_Score35] 2026-08-17 cf=0 expectancy=None
2026-08-17 15:45:12,139 - INFO - 📊 Daily metrics saved: [Geometry_v1.0_Score50] 2026-08-17 cf=0 expectancy=None
2026-08-17 15:45:12,166 - INFO - 📊 Daily metrics saved: [OrderFlow_v1.0] 2026-08-17 cf=0 expectancy=None
2026-08-17 15:45:12,192 - INFO - 📊 Daily metrics saved: [VWAP_Reclaim_v1.0] 2026-08-17 cf=0 expectancy=None
2026-08-17 15:45:12,217 - INFO - 📊 Daily metrics saved: [CPR_v1.0] 2026-08-17 cf=0 expectancy=None
2026-08-17 15:45:12,243 - INFO - 📊 Daily metrics saved: [GapRegime_v2.0] 2026-08-17 cf=0 expectancy=None
2026-08-17 15:45:12,269 - INFO - 📊 Daily metrics saved: [ORB_60m_IB_RVOL1.2] 2026-08-17 cf=0 expectancy=None
2026-08-17 15:45:12,295 - INFO - 📊 Daily metrics saved: [VerticalSpread_v1.0] 2026-08-17 cf=0 expectancy=None
2026-08-17 15:45:12,323 - INFO - 📊 Daily metrics saved: [Straddle_v1.0_VolCompression] 2026-08-17 cf=0 expectancy=None
2026-08-17 15:45:12,348 - INFO - 📊 Daily metrics saved: [Strangle_v1.0_VolCompression] 2026-08-17 cf=0 expectancy=None
2026-08-17 15:45:12,375 - INFO - 📊 Daily metrics saved: [CreditSpread_v1.0_PCRFade] 2026-08-17 cf=0 expectancy=None
2026-08-17 15:45:12,400 - INFO - 📊 Daily metrics saved: [OIWallReaction_v1.0] 2026-08-17 cf=0 expectancy=None
2026-08-17 15:45:12,426 - INFO - 📊 Daily metrics saved: [PCRExtremeReversal_v1.0] 2026-08-17 cf=0 expectancy=None
2026-08-17 15:45:12,453 - INFO - 📊 Daily metrics saved: [IronCondor_v1.0] 2026-08-17 cf=0 expectancy=None
2026-08-17 15:45:12,478 - INFO - 📊 Daily metrics saved: [Butterfly_v1.0] 2026-08-17 cf=0 expectancy=None
2026-08-17 15:45:12,505 - INFO - 📊 Daily metrics saved: [IronButterfly_v1.0] 2026-08-17 cf=0 expectancy=None
2026-08-17 15:45:12,531 - INFO - 📊 Daily metrics saved: [OI_Scalping_v1.0] 2026-08-17 cf=0 expectancy=None
2026-08-17 15:45:12,556 - INFO - 📊 Daily metrics saved: [Consolidation_Breakout_v1.0] 2026-08-17 cf=0 expectancy=None
2026-08-17 15:45:12,582 - INFO - 📊 Daily metrics saved: [Consolidation_Breakout_Tight_v1.0] 2026-08-17 cf=0 expectancy=None
2026-08-17 15:45:12,606 - INFO - 📊 Daily metrics saved: [RSI2_MeanReversion_v1.0] 2026-08-17 cf=0 expectancy=None
2026-08-17 15:45:12,632 - INFO - 📊 Daily metrics saved: [ExpiryAwareTheta_v1.0] 2026-08-17 cf=0 expectancy=None
2026-08-17 15:45:12,659 - INFO - 📊 Daily metrics saved: [RelativeValue_NIFTY_BANKNIFTY_v1.0] 2026-08-17 cf=0 expectancy=None
2026-08-17 15:50:05,741 - INFO - 🔔 [New Candle Closed] Running entry pipeline for candle 15:50 at 15:50:05...
2026-08-17 15:50:05,742 - INFO - --- 15:50:05 Market Pulse ---
2026-08-17 15:50:12,063 - INFO - 🔒 Session cutoff reached (15:25) — no new entries.
2026-08-17 15:50:12,127 - INFO - 📊 Daily metrics saved: [Structural_v3.2_RVOL1.0] 2026-08-17 cf=0 expectancy=None
2026-08-17 15:50:12,162 - INFO - 📊 Daily metrics saved: [Structural_v3.2_RVOL0.8] 2026-08-17 cf=0 expectancy=None
2026-08-17 15:50:12,191 - INFO - 📊 Daily metrics saved: [EMA_Pullback_20_50_RVOL0.5] 2026-08-17 cf=0 expectancy=None
2026-08-17 15:50:12,220 - INFO - 📊 Daily metrics saved: [VWAP_Reversion_1.5ATR_RVOL1.0] 2026-08-17 cf=0 expectancy=None
2026-08-17 15:50:12,246 - INFO - 📊 Daily metrics saved: [PrevDay_Extremes_RVOL1.2] 2026-08-17 cf=0 expectancy=None
2026-08-17 15:50:12,275 - INFO - 📊 Daily metrics saved: [ATR_Squeeze_RVOL1.5] 2026-08-17 cf=0 expectancy=None
2026-08-17 15:50:12,301 - INFO - 📊 Daily metrics saved: [Geometry_v1.0_Score35] 2026-08-17 cf=0 expectancy=None
2026-08-17 15:50:12,328 - INFO - 📊 Daily metrics saved: [Geometry_v1.0_Score50] 2026-08-17 cf=0 expectancy=None
2026-08-17 15:50:12,353 - INFO - 📊 Daily metrics saved: [OrderFlow_v1.0] 2026-08-17 cf=0 expectancy=None
2026-08-17 15:50:12,379 - INFO - 📊 Daily metrics saved: [VWAP_Reclaim_v1.0] 2026-08-17 cf=0 expectancy=None
2026-08-17 15:50:12,406 - INFO - 📊 Daily metrics saved: [CPR_v1.0] 2026-08-17 cf=0 expectancy=None
2026-08-17 15:50:12,430 - INFO - 📊 Daily metrics saved: [GapRegime_v2.0] 2026-08-17 cf=0 expectancy=None
2026-08-17 15:50:12,456 - INFO - 📊 Daily metrics saved: [ORB_60m_IB_RVOL1.2] 2026-08-17 cf=0 expectancy=None
2026-08-17 15:50:12,483 - INFO - 📊 Daily metrics saved: [VerticalSpread_v1.0] 2026-08-17 cf=0 expectancy=None
2026-08-17 15:50:12,509 - INFO - 📊 Daily metrics saved: [Straddle_v1.0_VolCompression] 2026-08-17 cf=0 expectancy=None
2026-08-17 15:50:12,536 - INFO - 📊 Daily metrics saved: [Strangle_v1.0_VolCompression] 2026-08-17 cf=0 expectancy=None
2026-08-17 15:50:12,561 - INFO - 📊 Daily metrics saved: [CreditSpread_v1.0_PCRFade] 2026-08-17 cf=0 expectancy=None
2026-08-17 15:50:12,586 - INFO - 📊 Daily metrics saved: [OIWallReaction_v1.0] 2026-08-17 cf=0 expectancy=None
2026-08-17 15:50:12,612 - INFO - 📊 Daily metrics saved: [PCRExtremeReversal_v1.0] 2026-08-17 cf=0 expectancy=None
2026-08-17 15:50:12,638 - INFO - 📊 Daily metrics saved: [IronCondor_v1.0] 2026-08-17 cf=0 expectancy=None
2026-08-17 15:50:12,663 - INFO - 📊 Daily metrics saved: [Butterfly_v1.0] 2026-08-17 cf=0 expectancy=None
2026-08-17 15:50:12,689 - INFO - 📊 Daily metrics saved: [IronButterfly_v1.0] 2026-08-17 cf=0 expectancy=None
2026-08-17 15:50:12,714 - INFO - 📊 Daily metrics saved: [OI_Scalping_v1.0] 2026-08-17 cf=0 expectancy=None
2026-08-17 15:50:12,741 - INFO - 📊 Daily metrics saved: [Consolidation_Breakout_v1.0] 2026-08-17 cf=0 expectancy=None
2026-08-17 15:50:12,767 - INFO - 📊 Daily metrics saved: [Consolidation_Breakout_Tight_v1.0] 2026-08-17 cf=0 expectancy=None
2026-08-17 15:50:12,792 - INFO - 📊 Daily metrics saved: [RSI2_MeanReversion_v1.0] 2026-08-17 cf=0 expectancy=None
2026-08-17 15:50:12,818 - INFO - 📊 Daily metrics saved: [ExpiryAwareTheta_v1.0] 2026-08-17 cf=0 expectancy=None
2026-08-17 15:50:12,846 - INFO - 📊 Daily metrics saved: [RelativeValue_NIFTY_BANKNIFTY_v1.0] 2026-08-17 cf=0 expectancy=None
2026-08-17 15:55:05,927 - INFO - 🔔 [New Candle Closed] Running entry pipeline for candle 15:55 at 15:55:05...
2026-08-17 15:55:05,927 - INFO - --- 15:55:05 Market Pulse ---
2026-08-17 15:55:12,085 - INFO - 🔒 Session cutoff reached (15:25) — no new entries.
2026-08-17 15:55:12,139 - INFO - 📊 Daily metrics saved: [Structural_v3.2_RVOL1.0] 2026-08-17 cf=0 expectancy=None
2026-08-17 15:55:12,167 - INFO - 📊 Daily metrics saved: [Structural_v3.2_RVOL0.8] 2026-08-17 cf=0 expectancy=None
2026-08-17 15:55:12,192 - INFO - 📊 Daily metrics saved: [EMA_Pullback_20_50_RVOL0.5] 2026-08-17 cf=0 expectancy=None
2026-08-17 15:55:12,218 - INFO - 📊 Daily metrics saved: [VWAP_Reversion_1.5ATR_RVOL1.0] 2026-08-17 cf=0 expectancy=None
2026-08-17 15:55:12,244 - INFO - 📊 Daily metrics saved: [PrevDay_Extremes_RVOL1.2] 2026-08-17 cf=0 expectancy=None
2026-08-17 15:55:12,270 - INFO - 📊 Daily metrics saved: [ATR_Squeeze_RVOL1.5] 2026-08-17 cf=0 expectancy=None
2026-08-17 15:55:12,298 - INFO - 📊 Daily metrics saved: [Geometry_v1.0_Score35] 2026-08-17 cf=0 expectancy=None
2026-08-17 15:55:12,323 - INFO - 📊 Daily metrics saved: [Geometry_v1.0_Score50] 2026-08-17 cf=0 expectancy=None
2026-08-17 15:55:12,348 - INFO - 📊 Daily metrics saved: [OrderFlow_v1.0] 2026-08-17 cf=0 expectancy=None
2026-08-17 15:55:12,376 - INFO - 📊 Daily metrics saved: [VWAP_Reclaim_v1.0] 2026-08-17 cf=0 expectancy=None
2026-08-17 15:55:12,404 - INFO - 📊 Daily metrics saved: [CPR_v1.0] 2026-08-17 cf=0 expectancy=None
2026-08-17 15:55:12,430 - INFO - 📊 Daily metrics saved: [GapRegime_v2.0] 2026-08-17 cf=0 expectancy=None
2026-08-17 15:55:12,456 - INFO - 📊 Daily metrics saved: [ORB_60m_IB_RVOL1.2] 2026-08-17 cf=0 expectancy=None
2026-08-17 15:55:12,481 - INFO - 📊 Daily metrics saved: [VerticalSpread_v1.0] 2026-08-17 cf=0 expectancy=None
2026-08-17 15:55:12,509 - INFO - 📊 Daily metrics saved: [Straddle_v1.0_VolCompression] 2026-08-17 cf=0 expectancy=None
2026-08-17 15:55:12,536 - INFO - 📊 Daily metrics saved: [Strangle_v1.0_VolCompression] 2026-08-17 cf=0 expectancy=None
2026-08-17 15:55:12,563 - INFO - 📊 Daily metrics saved: [CreditSpread_v1.0_PCRFade] 2026-08-17 cf=0 expectancy=None
2026-08-17 15:55:12,588 - INFO - 📊 Daily metrics saved: [OIWallReaction_v1.0] 2026-08-17 cf=0 expectancy=None
2026-08-17 15:55:12,615 - INFO - 📊 Daily metrics saved: [PCRExtremeReversal_v1.0] 2026-08-17 cf=0 expectancy=None
2026-08-17 15:55:12,641 - INFO - 📊 Daily metrics saved: [IronCondor_v1.0] 2026-08-17 cf=0 expectancy=None
2026-08-17 15:55:12,666 - INFO - 📊 Daily metrics saved: [Butterfly_v1.0] 2026-08-17 cf=0 expectancy=None
2026-08-17 15:55:12,692 - INFO - 📊 Daily metrics saved: [IronButterfly_v1.0] 2026-08-17 cf=0 expectancy=None
2026-08-17 15:55:12,721 - INFO - 📊 Daily metrics saved: [OI_Scalping_v1.0] 2026-08-17 cf=0 expectancy=None
2026-08-17 15:55:12,746 - INFO - 📊 Daily metrics saved: [Consolidation_Breakout_v1.0] 2026-08-17 cf=0 expectancy=None
2026-08-17 15:55:12,773 - INFO - 📊 Daily metrics saved: [Consolidation_Breakout_Tight_v1.0] 2026-08-17 cf=0 expectancy=None
2026-08-17 15:55:12,799 - INFO - 📊 Daily metrics saved: [RSI2_MeanReversion_v1.0] 2026-08-17 cf=0 expectancy=None
2026-08-17 15:55:12,825 - INFO - 📊 Daily metrics saved: [ExpiryAwareTheta_v1.0] 2026-08-17 cf=0 expectancy=None
2026-08-17 15:55:12,850 - INFO - 📊 Daily metrics saved: [RelativeValue_NIFTY_BANKNIFTY_v1.0] 2026-08-17 cf=0 expectancy=None
2026-08-17 16:00:05,927 - INFO - 🔔 [New Candle Closed] Running entry pipeline for candle 16:00 at 16:00:05...
2026-08-17 16:05:05,020 - INFO - 🔔 [New Candle Closed] Running entry pipeline for candle 16:05 at 16:05:05...
2026-08-17 16:10:05,097 - INFO - 🔔 [New Candle Closed] Running entry pipeline for candle 16:10 at 16:10:05...
2026-08-17 16:15:05,162 - INFO - 🔔 [New Candle Closed] Running entry pipeline for candle 16:15 at 16:15:05...
2026-08-17 16:20:05,230 - INFO - 🔔 [New Candle Closed] Running entry pipeline for candle 16:20 at 16:20:05...
2026-08-17 16:25:05,306 - INFO - 🔔 [New Candle Closed] Running entry pipeline for candle 16:25 at 16:25:05...
2026-08-17 16:30:05,365 - INFO - 🔔 [New Candle Closed] Running entry pipeline for candle 16:30 at 16:30:05...
2026-08-17 16:35:05,444 - INFO - 🔔 [New Candle Closed] Running entry pipeline for candle 16:35 at 16:35:05...
2026-08-17 16:40:05,513 - INFO - 🔔 [New Candle Closed] Running entry pipeline for candle 16:40 at 16:40:05...
2026-08-17 16:45:05,574 - INFO - 🔔 [New Candle Closed] Running entry pipeline for candle 16:45 at 16:45:05...
2026-08-17 16:50:05,637 - INFO - 🔔 [New Candle Closed] Running entry pipeline for candle 16:50 at 16:50:05...
2026-08-17 16:55:05,711 - INFO - 🔔 [New Candle Closed] Running entry pipeline for candle 16:55 at 16:55:05...
2026-08-17 17:00:05,782 - INFO - 🔔 [New Candle Closed] Running entry pipeline for candle 17:00 at 17:00:05...
2026-08-17 17:05:05,851 - INFO - 🔔 [New Candle Closed] Running entry pipeline for candle 17:05 at 17:05:05...
2026-08-17 17:10:05,920 - INFO - 🔔 [New Candle Closed] Running entry pipeline for candle 17:10 at 17:10:05...
2026-08-17 17:15:05,977 - INFO - 🔔 [New Candle Closed] Running entry pipeline for candle 17:15 at 17:15:05...
2026-08-17 17:20:05,046 - INFO - 🔔 [New Candle Closed] Running entry pipeline for candle 17:20 at 17:20:05...
2026-08-17 17:25:05,106 - INFO - 🔔 [New Candle Closed] Running entry pipeline for candle 17:25 at 17:25:05...
2026-08-17 17:30:05,154 - INFO - 🔔 [New Candle Closed] Running entry pipeline for candle 17:30 at 17:30:05...
2026-08-17 17:35:05,234 - INFO - 🔔 [New Candle Closed] Running entry pipeline for candle 17:35 at 17:35:05...
2026-08-17 17:40:05,281 - INFO - 🔔 [New Candle Closed] Running entry pipeline for candle 17:40 at 17:40:05...
2026-08-17 17:45:05,349 - INFO - 🔔 [New Candle Closed] Running entry pipeline for candle 17:45 at 17:45:05...
2026-08-17 17:50:05,422 - INFO - 🔔 [New Candle Closed] Running entry pipeline for candle 17:50 at 17:50:05...
2026-08-17 17:55:05,496 - INFO - 🔔 [New Candle Closed] Running entry pipeline for candle 17:55 at 17:55:05...
2026-08-17 18:00:05,564 - INFO - 🔔 [New Candle Closed] Running entry pipeline for candle 18:00 at 18:00:05...
2026-08-17 18:05:05,615 - INFO - 🔔 [New Candle Closed] Running entry pipeline for candle 18:05 at 18:05:05...
2026-08-17 18:10:05,676 - INFO - 🔔 [New Candle Closed] Running entry pipeline for candle 18:10 at 18:10:05...
2026-08-17 18:15:05,747 - INFO - 🔔 [New Candle Closed] Running entry pipeline for candle 18:15 at 18:15:05...
2026-08-17 18:20:05,820 - INFO - 🔔 [New Candle Closed] Running entry pipeline for candle 18:20 at 18:20:05...
2026-08-17 18:25:05,889 - INFO - 🔔 [New Candle Closed] Running entry pipeline for candle 18:25 at 18:25:05...
2026-08-17 18:30:05,961 - INFO - 🔔 [New Candle Closed] Running entry pipeline for candle 18:30 at 18:30:05...
2026-08-17 18:35:05,036 - INFO - 🔔 [New Candle Closed] Running entry pipeline for candle 18:35 at 18:35:05...
2026-08-17 18:40:05,111 - INFO - 🔔 [New Candle Closed] Running entry pipeline for candle 18:40 at 18:40:05...
2026-08-17 18:45:05,192 - INFO - 🔔 [New Candle Closed] Running entry pipeline for candle 18:45 at 18:45:05...
2026-08-17 18:50:05,250 - INFO - 🔔 [New Candle Closed] Running entry pipeline for candle 18:50 at 18:50:05...
2026-08-17 18:55:05,326 - INFO - 🔔 [New Candle Closed] Running entry pipeline for candle 18:55 at 18:55:05...
2026-08-17 19:00:05,408 - INFO - 🔔 [New Candle Closed] Running entry pipeline for candle 19:00 at 19:00:05...
2026-08-17 19:05:05,471 - INFO - 🔔 [New Candle Closed] Running entry pipeline for candle 19:05 at 19:05:05...
2026-08-17 19:10:05,555 - INFO - 🔔 [New Candle Closed] Running entry pipeline for candle 19:10 at 19:10:05...
2026-08-17 19:15:05,612 - INFO - 🔔 [New Candle Closed] Running entry pipeline for candle 19:15 at 19:15:05...
2026-08-17 19:20:05,683 - INFO - 🔔 [New Candle Closed] Running entry pipeline for candle 19:20 at 19:20:05...
2026-08-17 19:25:05,769 - INFO - 🔔 [New Candle Closed] Running entry pipeline for candle 19:25 at 19:25:05...
2026-08-17 19:30:05,843 - INFO - 🔔 [New Candle Closed] Running entry pipeline for candle 19:30 at 19:30:05...
2026-08-17 19:35:05,922 - INFO - 🔔 [New Candle Closed] Running entry pipeline for candle 19:35 at 19:35:05...
2026-08-17 19:40:05,990 - INFO - 🔔 [New Candle Closed] Running entry pipeline for candle 19:40 at 19:40:05...
2026-08-17 19:45:05,057 - INFO - 🔔 [New Candle Closed] Running entry pipeline for candle 19:45 at 19:45:05...
2026-08-17 19:50:05,133 - INFO - 🔔 [New Candle Closed] Running entry pipeline for candle 19:50 at 19:50:05...
2026-08-17 19:55:05,202 - INFO - 🔔 [New Candle Closed] Running entry pipeline for candle 19:55 at 19:55:05...
2026-08-17 20:00:05,269 - INFO - 🔔 [New Candle Closed] Running entry pipeline for candle 20:00 at 20:00:05...
2026-08-17 20:05:05,356 - INFO - 🔔 [New Candle Closed] Running entry pipeline for candle 20:05 at 20:05:05...
2026-08-17 20:10:05,418 - INFO - 🔔 [New Candle Closed] Running entry pipeline for candle 20:10 at 20:10:05...
2026-08-17 20:15:05,500 - INFO - 🔔 [New Candle Closed] Running entry pipeline for candle 20:15 at 20:15:05...
2026-08-17 20:20:05,557 - INFO - 🔔 [New Candle Closed] Running entry pipeline for candle 20:20 at 20:20:05...
2026-08-17 20:25:05,596 - INFO - 🔔 [New Candle Closed] Running entry pipeline for candle 20:25 at 20:25:05...
2026-08-17 20:30:05,680 - INFO - 🔔 [New Candle Closed] Running entry pipeline for candle 20:30 at 20:30:05...
2026-08-17 20:35:05,754 - INFO - 🔔 [New Candle Closed] Running entry pipeline for candle 20:35 at 20:35:05...
2026-08-17 20:40:05,836 - INFO - 🔔 [New Candle Closed] Running entry pipeline for candle 20:40 at 20:40:05...
2026-08-17 20:45:05,919 - INFO - 🔔 [New Candle Closed] Running entry pipeline for candle 20:45 at 20:45:05...
2026-08-17 20:50:05,995 - INFO - 🔔 [New Candle Closed] Running entry pipeline for candle 20:50 at 20:50:05...
2026-08-17 20:55:05,068 - INFO - 🔔 [New Candle Closed] Running entry pipeline for candle 20:55 at 20:55:05...
2026-08-17 21:00:05,148 - INFO - 🔔 [New Candle Closed] Running entry pipeline for candle 21:00 at 21:00:05...
2026-08-17 21:05:05,222 - INFO - 🔔 [New Candle Closed] Running entry pipeline for candle 21:05 at 21:05:05...
2026-08-17 21:10:05,282 - INFO - 🔔 [New Candle Closed] Running entry pipeline for candle 21:10 at 21:10:05...
2026-08-17 21:15:05,323 - INFO - 🔔 [New Candle Closed] Running entry pipeline for candle 21:15 at 21:15:05...
