2026-07-01 09:04:16,350 - INFO - --- 09:04:16 Market Pulse ---
2026-07-01 09:04:16,635 - ERROR - ❌ Historical data request failed: {'code': -16, 'message': 'Could not authenticate the user', 's': 'error'}
2026-07-01 09:04:16,890 - ERROR - ❌ Historical data request failed: {'code': -16, 'message': 'Could not authenticate the user', 's': 'error'}
2026-07-01 09:04:16,971 - ERROR - ❌ Historical data request failed: {'code': -16, 'message': 'Could not authenticate the user', 's': 'error'}
2026-07-01 09:04:16,972 - WARNING - ⚠️ Could not fetch complete MTF data for NSE:NIFTY50-INDEX
2026-07-01 09:04:17,060 - ERROR - ❌ Historical data request failed: {'code': -16, 'message': 'Could not authenticate the user', 's': 'error'}
2026-07-01 09:04:17,246 - ERROR - ❌ Historical data request failed: {'code': -16, 'message': 'Could not authenticate the user', 's': 'error'}
2026-07-01 09:04:17,339 - ERROR - ❌ Historical data request failed: {'code': -16, 'message': 'Could not authenticate the user', 's': 'error'}
2026-07-01 09:04:17,340 - WARNING - ⚠️ Could not fetch complete MTF data for NSE:NIFTYBANK-INDEX
2026-07-01 09:04:17,340 - INFO - 🧘 Status: Sidelined (No Institutional Alignment)
2026-07-01 09:09:18,006 - INFO - --- 09:09:18 Market Pulse ---
2026-07-01 09:09:18,197 - ERROR - ❌ Historical data request failed: {'code': -16, 'message': 'Could not authenticate the user', 's': 'error'}
2026-07-01 09:09:18,284 - ERROR - ❌ Historical data request failed: {'code': -16, 'message': 'Could not authenticate the user', 's': 'error'}
2026-07-01 09:09:18,370 - ERROR - ❌ Historical data request failed: {'code': -16, 'message': 'Could not authenticate the user', 's': 'error'}
2026-07-01 09:09:18,370 - WARNING - ⚠️ Could not fetch complete MTF data for NSE:NIFTY50-INDEX
2026-07-01 09:09:18,461 - ERROR - ❌ Historical data request failed: {'code': -16, 'message': 'Could not authenticate the user', 's': 'error'}
2026-07-01 09:09:18,622 - ERROR - ❌ Historical data request failed: {'code': -16, 'message': 'Could not authenticate the user', 's': 'error'}
2026-07-01 09:09:18,870 - ERROR - ❌ Historical data request failed: {'code': -16, 'message': 'Could not authenticate the user', 's': 'error'}
2026-07-01 09:09:18,871 - WARNING - ⚠️ Could not fetch complete MTF data for NSE:NIFTYBANK-INDEX
2026-07-01 09:09:18,871 - INFO - 🧘 Status: Sidelined (No Institutional Alignment)
2026-07-01 09:14:18,922 - INFO - --- 09:14:18 Market Pulse ---
2026-07-01 09:14:19,119 - ERROR - ❌ Historical data request failed: {'code': -16, 'message': 'Could not authenticate the user', 's': 'error'}
2026-07-01 09:14:19,211 - ERROR - ❌ Historical data request failed: {'code': -16, 'message': 'Could not authenticate the user', 's': 'error'}
2026-07-01 09:14:19,300 - ERROR - ❌ Historical data request failed: {'code': -16, 'message': 'Could not authenticate the user', 's': 'error'}
2026-07-01 09:14:19,300 - WARNING - ⚠️ Could not fetch complete MTF data for NSE:NIFTY50-INDEX
2026-07-01 09:14:19,388 - ERROR - ❌ Historical data request failed: {'code': -16, 'message': 'Could not authenticate the user', 's': 'error'}
2026-07-01 09:14:19,473 - ERROR - ❌ Historical data request failed: {'code': -16, 'message': 'Could not authenticate the user', 's': 'error'}
2026-07-01 09:14:19,643 - ERROR - ❌ Historical data request failed: {'code': -16, 'message': 'Could not authenticate the user', 's': 'error'}
2026-07-01 09:14:19,644 - WARNING - ⚠️ Could not fetch complete MTF data for NSE:NIFTYBANK-INDEX
2026-07-01 09:14:19,644 - INFO - 🧘 Status: Sidelined (No Institutional Alignment)
2026-07-01 09:20:14,174 - INFO - 🔑 Access token loaded from environment
2026-07-01 09:20:14,298 - INFO - ✅ Fyers client initialized successfully
2026-07-01 09:20:14,369 - INFO - ✅ PostgreSQL tables and migrations checked/initialized
2026-07-01 09:20:14,382 - INFO - ✅ Option snapshots & audits converted to hypertables, indexes generated
2026-07-01 09:20:14,449 - INFO - ✅ PostgreSQL / TimescaleDB fully initialized
2026-07-01 09:20:14,449 - INFO - ✅ TimeOfDayEngine initialized with 75 slots.
2026-07-01 09:20:14,450 - INFO - ✅ TimeOfDayEngine initialized with 75 slots.
2026-07-01 09:20:14,470 - INFO - ✅ PostgreSQL tables and migrations checked/initialized
2026-07-01 09:20:14,478 - INFO - ✅ Option snapshots & audits converted to hypertables, indexes generated
2026-07-01 09:20:14,507 - INFO - ✅ PostgreSQL / TimescaleDB fully initialized
2026-07-01 09:20:14,528 - INFO - ✅ PostgreSQL tables and migrations checked/initialized
2026-07-01 09:20:14,536 - INFO - ✅ Option snapshots & audits converted to hypertables, indexes generated
2026-07-01 09:20:14,562 - INFO - ✅ PostgreSQL / TimescaleDB fully initialized
2026-07-01 09:20:14,562 - INFO - 🏛️ Structural Decision Engine initialized | Phase 3.2 (Final Polish) Active
2026-07-01 09:20:14,562 - INFO - 🏛️ StructuralStrategy initialized [rvol>=1.0, zone_score>=50.0]
2026-07-01 09:20:14,580 - INFO - 📋 Registered experiment: Structural_v3.2_RVOL1.0 [structural@v3.2] hash=e94c3fcc1fbc618d git=97aaa84
2026-07-01 09:20:14,591 - INFO - 📋 Experiment saved: Structural_v3.2_RVOL1.0 [hash=e94c3fcc1fbc618d git=97aaa84]
2026-07-01 09:20:14,611 - INFO - ✅ PostgreSQL tables and migrations checked/initialized
2026-07-01 09:20:14,619 - INFO - ✅ Option snapshots & audits converted to hypertables, indexes generated
2026-07-01 09:20:14,647 - INFO - ✅ PostgreSQL / TimescaleDB fully initialized
2026-07-01 09:20:14,648 - INFO - 🏛️ Structural Decision Engine initialized | Phase 3.2 (Final Polish) Active
2026-07-01 09:20:14,648 - INFO - 🏛️ StructuralStrategy initialized [rvol>=0.8, zone_score>=50.0]
2026-07-01 09:20:14,656 - INFO - 📋 Registered experiment: Structural_v3.2_RVOL0.8 [structural@v3.2] hash=40874fb174f2baa6 git=97aaa84
2026-07-01 09:20:14,667 - INFO - 📋 Experiment saved: Structural_v3.2_RVOL0.8 [hash=40874fb174f2baa6 git=97aaa84]
2026-07-01 09:20:14,676 - INFO - 📋 Registered experiment: EMA_Pullback_20_50_RVOL1.0 [ema_pullback@v1.0] hash=0296a97f007a6675 git=97aaa84
2026-07-01 09:20:14,686 - INFO - 📋 Experiment saved: EMA_Pullback_20_50_RVOL1.0 [hash=0296a97f007a6675 git=97aaa84]
2026-07-01 09:20:14,695 - INFO - 📋 Registered experiment: VWAP_Reversion_1.5ATR_RVOL1.0 [vwap_reversion@v1.0] hash=3d6d96cb21ff71cd git=97aaa84
2026-07-01 09:20:14,705 - INFO - 📋 Experiment saved: VWAP_Reversion_1.5ATR_RVOL1.0 [hash=3d6d96cb21ff71cd git=97aaa84]
2026-07-01 09:20:14,713 - INFO - 📋 Registered experiment: PrevDay_Extremes_RVOL1.2 [prev_day_extremes@v1.0] hash=952708070530c475 git=97aaa84
2026-07-01 09:20:14,724 - INFO - 📋 Experiment saved: PrevDay_Extremes_RVOL1.2 [hash=952708070530c475 git=97aaa84]
2026-07-01 09:20:14,732 - INFO - 📋 Registered experiment: ORB_15m_RVOL1.2 [orb@v1.0] hash=7977fff6d541cc39 git=97aaa84
2026-07-01 09:20:14,743 - INFO - 📋 Experiment saved: ORB_15m_RVOL1.2 [hash=7977fff6d541cc39 git=97aaa84]
2026-07-01 09:20:14,751 - INFO - 📋 Registered experiment: ORB_30m_RVOL1.2 [orb@v1.0] hash=a4c360e3a0cd8ef8 git=97aaa84
2026-07-01 09:20:14,762 - INFO - 📋 Experiment saved: ORB_30m_RVOL1.2 [hash=a4c360e3a0cd8ef8 git=97aaa84]
2026-07-01 09:20:14,770 - INFO - 📋 Registered experiment: ATR_Squeeze_RVOL1.0 [atr_squeeze@v1.0] hash=9ad2746007bcc7e7 git=97aaa84
2026-07-01 09:20:14,781 - INFO - 📋 Experiment saved: ATR_Squeeze_RVOL1.0 [hash=9ad2746007bcc7e7 git=97aaa84]
2026-07-01 09:20:14,781 - INFO - 📐 GeometryStrategy initialized [score>=35.0, tol=0.2%, RR>=1.5, trendline_break=True]
2026-07-01 09:20:14,789 - INFO - 📋 Registered experiment: Geometry_v1.0_Score35 [geometry@v1.0] hash=5b54205496d059aa git=97aaa84
2026-07-01 09:20:14,800 - INFO - 📋 Experiment saved: Geometry_v1.0_Score35 [hash=5b54205496d059aa git=97aaa84]
2026-07-01 09:20:14,801 - INFO - 📐 GeometryStrategy initialized [score>=50.0, tol=0.2%, RR>=1.8, trendline_break=True]
2026-07-01 09:20:14,809 - INFO - 📋 Registered experiment: Geometry_v1.0_Score50 [geometry@v1.0] hash=431ce308e16d5c85 git=97aaa84
2026-07-01 09:20:14,820 - INFO - 📋 Experiment saved: Geometry_v1.0_Score50 [hash=431ce308e16d5c85 git=97aaa84]
2026-07-01 09:20:14,820 - INFO - 💧 OrderFlowStrategy initialized [sweep>=0.45, imbalance>=0.45]
2026-07-01 09:20:14,828 - INFO - 📋 Registered experiment: OrderFlow_v1.0 [order_flow@v1.0] hash=db8c841e65c2c062 git=97aaa84
2026-07-01 09:20:14,839 - INFO - 📋 Experiment saved: OrderFlow_v1.0 [hash=db8c841e65c2c062 git=97aaa84]
2026-07-01 09:20:14,866 - INFO - 🏛️ Structural Paper Trader Initialized | Active Position Tracking Enabled
2026-07-01 09:20:14,866 - INFO - ⏱️ Scheduler started. Waiting for next 5-minute candle...
2026-07-01 09:20:14,866 - INFO - --- 09:20:14 Market Pulse ---
2026-07-01 09:20:16,468 - INFO - ⚡ [Structural_v3.2_RVOL1.0] warnings: ['VERY_LOW_RVOL:0.05']
2026-07-01 09:20:16,482 - INFO - ⚡ [Structural_v3.2_RVOL0.8] warnings: ['VERY_LOW_RVOL:0.05']
2026-07-01 09:20:16,485 - INFO - ⚡ [Structural_v3.2_RVOL1.0] warnings: ['VERY_LOW_RVOL:0.05']
2026-07-01 09:20:16,485 - INFO - 👻 [Structural_v3.2_RVOL1.0] CF BREAKOUT NSE:NIFTY50-INDEX BUY PUT | Rejected: ['TIME_FILTER', 'LOW_RVOL', 'BIAS_MISMATCH', 'LOW_EFFICIENCY']
2026-07-01 09:20:16,509 - INFO - 🟢 ENTRY [CF|Structural_v3.2_RVOL1.0|uctural_v3.2_RVOL1.0]: NSE:NIFTY50-INDEX BUY PUT @ 23912.30 | SL: 23926.65 TP: 23784.95
2026-07-01 09:20:16,509 - INFO - ⚡ [Structural_v3.2_RVOL0.8] warnings: ['VERY_LOW_RVOL:0.05']
2026-07-01 09:20:16,509 - INFO - 👻 [Structural_v3.2_RVOL0.8] CF BREAKOUT NSE:NIFTY50-INDEX BUY PUT | Rejected: ['TIME_FILTER', 'LOW_RVOL', 'BIAS_MISMATCH', 'LOW_EFFICIENCY']
2026-07-01 09:20:16,530 - INFO - 🟢 ENTRY [CF|Structural_v3.2_RVOL0.8|uctural_v3.2_RVOL0.8]: NSE:NIFTY50-INDEX BUY PUT @ 23912.30 | SL: 23926.65 TP: 23784.95
2026-07-01 09:20:16,530 - INFO - 👻 [EMA_Pullback_20_50_RVOL1.0] CF PULLBACK NSE:NIFTY50-INDEX BUY PUT | Rejected: ['TIME_FILTER', 'LOW_RVOL', 'BIAS_MISMATCH', 'LOW_EFFICIENCY']
2026-07-01 09:20:16,550 - INFO - 🟢 ENTRY [CF|EMA_Pullback_20_50_RVOL1.0|llback_20_50_RVOL1.0]: NSE:NIFTY50-INDEX BUY PUT @ 23912.30 | SL: 23926.65 TP: 23784.95
2026-07-01 09:20:16,550 - INFO - 👻 [Geometry_v1.0_Score35] CF TRENDLINE_RETEST NSE:NIFTY50-INDEX BUY PUT | Rejected: ['TIME_FILTER:OPEN', 'NARRATIVE_BIAS_BULLISH', 'LOW_RR:-0.01']
2026-07-01 09:20:16,571 - INFO - 🟢 ENTRY [CF|Geometry_v1.0_Score35|eometry_v1.0_Score35]: NSE:NIFTY50-INDEX BUY PUT @ 23912.30 | SL: 23923.71 TP: 23912.37
2026-07-01 09:20:16,571 - INFO - 👻 [Geometry_v1.0_Score50] CF TRENDLINE_RETEST NSE:NIFTY50-INDEX BUY PUT | Rejected: ['TIME_FILTER:OPEN', 'NARRATIVE_BIAS_BULLISH', 'LOW_RR:-0.01']
2026-07-01 09:20:16,590 - INFO - 🟢 ENTRY [CF|Geometry_v1.0_Score50|eometry_v1.0_Score50]: NSE:NIFTY50-INDEX BUY PUT @ 23912.30 | SL: 23923.71 TP: 23912.37
2026-07-01 09:20:17,010 - INFO - ⚡ [Structural_v3.2_RVOL1.0] warnings: ['VERY_LOW_RVOL:0.03']
2026-07-01 09:20:17,025 - INFO - ⚡ [Structural_v3.2_RVOL0.8] warnings: ['VERY_LOW_RVOL:0.03']
2026-07-01 09:20:17,028 - INFO - ⚡ [Structural_v3.2_RVOL1.0] warnings: ['VERY_LOW_RVOL:0.03']
2026-07-01 09:20:17,028 - INFO - 👻 [Structural_v3.2_RVOL1.0] CF BREAKOUT NSE:NIFTYBANK-INDEX BUY PUT | Rejected: ['TIME_FILTER', 'LOW_RVOL', 'BIAS_MISMATCH', 'LOW_EFFICIENCY', 'HIGH_WICKINESS', 'TP_CAPPED']
2026-07-01 09:20:17,052 - INFO - 🟢 ENTRY [CF|Structural_v3.2_RVOL1.0|uctural_v3.2_RVOL1.0]: NSE:NIFTYBANK-INDEX BUY PUT @ 57576.60 | SL: 57620.78 TP: 57134.76
2026-07-01 09:20:17,052 - INFO - ⚡ [Structural_v3.2_RVOL0.8] warnings: ['VERY_LOW_RVOL:0.03']
2026-07-01 09:20:17,052 - INFO - 👻 [Structural_v3.2_RVOL0.8] CF BREAKOUT NSE:NIFTYBANK-INDEX BUY PUT | Rejected: ['TIME_FILTER', 'LOW_RVOL', 'BIAS_MISMATCH', 'LOW_EFFICIENCY', 'HIGH_WICKINESS', 'TP_CAPPED']
2026-07-01 09:20:17,074 - INFO - 🟢 ENTRY [CF|Structural_v3.2_RVOL0.8|uctural_v3.2_RVOL0.8]: NSE:NIFTYBANK-INDEX BUY PUT @ 57576.60 | SL: 57620.78 TP: 57134.76
2026-07-01 09:20:17,074 - INFO - 👻 [Geometry_v1.0_Score35] CF TRENDLINE_RETEST NSE:NIFTYBANK-INDEX BUY PUT | Rejected: ['TIME_FILTER:OPEN', 'LOW_RR:-0.28']
2026-07-01 09:20:17,096 - INFO - 🟢 ENTRY [CF|Geometry_v1.0_Score35|eometry_v1.0_Score35]: NSE:NIFTYBANK-INDEX BUY PUT @ 57576.60 | SL: 57626.11 TP: 57590.45
2026-07-01 09:20:17,096 - INFO - 👻 [Geometry_v1.0_Score50] CF TRENDLINE_RETEST NSE:NIFTYBANK-INDEX BUY PUT | Rejected: ['TIME_FILTER:OPEN', 'LOW_RR:-0.28']
2026-07-01 09:20:17,117 - INFO - 🟢 ENTRY [CF|Geometry_v1.0_Score50|eometry_v1.0_Score50]: NSE:NIFTYBANK-INDEX BUY PUT @ 57576.60 | SL: 57626.11 TP: 57590.45
2026-07-01 09:25:15,081 - INFO - --- 09:25:15 Market Pulse ---
2026-07-01 09:25:15,866 - INFO - 🟡 UPDATE (TRAILING_SL) [CFStructural_v3.2_RVOL1.0|uctural_v3.2_RVOL1.0]: NSE:NIFTY50-INDEX @ 23910.35 | SL→23924.70 TP→23784.95
2026-07-01 09:25:15,905 - INFO - 🟡 UPDATE (TRAILING_SL) [CFStructural_v3.2_RVOL0.8|uctural_v3.2_RVOL0.8]: NSE:NIFTY50-INDEX @ 23910.35 | SL→23924.70 TP→23784.95
2026-07-01 09:25:15,937 - INFO - 🟡 UPDATE (TRAILING_SL) [CFEMA_Pullback_20_50_RVOL1.0|llback_20_50_RVOL1.0]: NSE:NIFTY50-INDEX @ 23910.35 | SL→23924.70 TP→23784.95
2026-07-01 09:25:15,967 - INFO - 🟡 UPDATE (TP_EXPANSION) [CFGeometry_v1.0_Score35|eometry_v1.0_Score35]: NSE:NIFTY50-INDEX @ 23910.35 | SL→23921.76 TP→23900.96
2026-07-01 09:25:15,997 - INFO - 🟡 UPDATE (TP_EXPANSION) [CFGeometry_v1.0_Score50|eometry_v1.0_Score50]: NSE:NIFTY50-INDEX @ 23910.35 | SL→23921.76 TP→23900.96
2026-07-01 09:25:16,023 - INFO - 🟡 UPDATE (TRAILING_SL) [CFStructural_v3.2_RVOL1.0|uctural_v3.2_RVOL1.0]: NSE:NIFTYBANK-INDEX @ 57554.30 | SL→57598.48 TP→57134.76
2026-07-01 09:25:16,046 - INFO - 🟡 UPDATE (TRAILING_SL) [CFStructural_v3.2_RVOL0.8|uctural_v3.2_RVOL0.8]: NSE:NIFTYBANK-INDEX @ 57554.30 | SL→57598.48 TP→57134.76
2026-07-01 09:25:16,072 - INFO - 🟡 UPDATE (TP_EXPANSION) [CFGeometry_v1.0_Score35|eometry_v1.0_Score35]: NSE:NIFTYBANK-INDEX @ 57554.30 | SL→57603.81 TP→57540.94
2026-07-01 09:25:16,095 - INFO - 🟡 UPDATE (TP_EXPANSION) [CFGeometry_v1.0_Score50|eometry_v1.0_Score50]: NSE:NIFTYBANK-INDEX @ 57554.30 | SL→57603.81 TP→57540.94
2026-07-01 09:25:16,758 - INFO - ⚡ [Structural_v3.2_RVOL1.0] warnings: ['VERY_LOW_RVOL:0.04']
2026-07-01 09:25:16,773 - INFO - ⚡ [Structural_v3.2_RVOL0.8] warnings: ['VERY_LOW_RVOL:0.04']
2026-07-01 09:25:16,776 - INFO - ⚡ [Structural_v3.2_RVOL1.0] warnings: ['VERY_LOW_RVOL:0.04']
2026-07-01 09:25:16,776 - INFO - ⚡ [Structural_v3.2_RVOL0.8] warnings: ['VERY_LOW_RVOL:0.04']
2026-07-01 09:25:17,147 - INFO - ⚡ [Structural_v3.2_RVOL1.0] warnings: ['VERY_LOW_RVOL:0.01']
2026-07-01 09:25:17,162 - INFO - ⚡ [Structural_v3.2_RVOL0.8] warnings: ['VERY_LOW_RVOL:0.01']
2026-07-01 09:25:17,164 - INFO - ⚡ [Structural_v3.2_RVOL1.0] warnings: ['VERY_LOW_RVOL:0.01']
2026-07-01 09:25:17,164 - INFO - ⚡ [Structural_v3.2_RVOL0.8] warnings: ['VERY_LOW_RVOL:0.01']
2026-07-01 09:30:17,259 - INFO - --- 09:30:17 Market Pulse ---
2026-07-01 09:30:18,278 - INFO - 🔴 EXIT (TRAILING_SL) [CFStructural_v3.2_RVOL1.0|uctural_v3.2_RVOL1.0]: NSE:NIFTY50-INDEX @ 23924.70 | PnL -0.91R | MFE 0.14R | Capture -673% | 2bars HoldEff -0.457R/bar
2026-07-01 09:30:18,308 - INFO - 🔴 EXIT (TRAILING_SL) [CFStructural_v3.2_RVOL0.8|uctural_v3.2_RVOL0.8]: NSE:NIFTY50-INDEX @ 23924.70 | PnL -0.91R | MFE 0.14R | Capture -673% | 2bars HoldEff -0.457R/bar
2026-07-01 09:30:18,332 - INFO - 🔴 EXIT (TRAILING_SL) [CFEMA_Pullback_20_50_RVOL1.0|llback_20_50_RVOL1.0]: NSE:NIFTY50-INDEX @ 23924.70 | PnL -0.91R | MFE 0.14R | Capture -673% | 2bars HoldEff -0.457R/bar
2026-07-01 09:30:18,352 - INFO - 🔴 EXIT (TRAILING_SL) [CFGeometry_v1.0_Score35|eometry_v1.0_Score35]: NSE:NIFTY50-INDEX @ 23921.76 | PnL -0.88R | MFE 0.17R | Capture -514% | 2bars HoldEff -0.440R/bar
2026-07-01 09:30:18,371 - INFO - 🔴 EXIT (TRAILING_SL) [CFGeometry_v1.0_Score50|eometry_v1.0_Score50]: NSE:NIFTY50-INDEX @ 23921.76 | PnL -0.88R | MFE 0.17R | Capture -514% | 2bars HoldEff -0.440R/bar
2026-07-01 09:30:18,390 - INFO - 🟡 UPDATE (TRAILING_SL) [CFStructural_v3.2_RVOL1.0|uctural_v3.2_RVOL1.0]: NSE:NIFTYBANK-INDEX @ 57538.65 | SL→57582.83 TP→57134.76
2026-07-01 09:30:18,408 - INFO - 🟡 UPDATE (TRAILING_SL) [CFStructural_v3.2_RVOL0.8|uctural_v3.2_RVOL0.8]: NSE:NIFTYBANK-INDEX @ 57538.65 | SL→57582.83 TP→57134.76
2026-07-01 09:30:18,426 - INFO - 🟡 UPDATE (TP_EXPANSION) [CFGeometry_v1.0_Score35|eometry_v1.0_Score35]: NSE:NIFTYBANK-INDEX @ 57538.65 | SL→57588.16 TP→57491.43
2026-07-01 09:30:18,444 - INFO - 🟡 UPDATE (TP_EXPANSION) [CFGeometry_v1.0_Score50|eometry_v1.0_Score50]: NSE:NIFTYBANK-INDEX @ 57538.65 | SL→57588.16 TP→57491.43
2026-07-01 09:30:19,137 - INFO - ⚡ [Structural_v3.2_RVOL1.0] warnings: ['VERY_LOW_RVOL:0.06']
2026-07-01 09:30:19,150 - INFO - ⚡ [Structural_v3.2_RVOL0.8] warnings: ['VERY_LOW_RVOL:0.06']
2026-07-01 09:30:19,153 - INFO - ⚡ [Structural_v3.2_RVOL1.0] warnings: ['VERY_LOW_RVOL:0.06']
2026-07-01 09:30:19,153 - INFO - 👻 [Structural_v3.2_RVOL1.0] CF BREAKOUT NSE:NIFTY50-INDEX BUY PUT | Rejected: ['TIME_FILTER', 'LOW_RVOL', 'BIAS_MISMATCH', 'TP_CAPPED']
2026-07-01 09:30:19,174 - INFO - 🟢 ENTRY [CF|Structural_v3.2_RVOL1.0|uctural_v3.2_RVOL1.0]: NSE:NIFTY50-INDEX BUY PUT @ 23929.15 | SL: 23943.10 TP: 23789.63
2026-07-01 09:30:19,174 - INFO - ⚡ [Structural_v3.2_RVOL0.8] warnings: ['VERY_LOW_RVOL:0.06']
2026-07-01 09:30:19,174 - INFO - 👻 [Structural_v3.2_RVOL0.8] CF BREAKOUT NSE:NIFTY50-INDEX BUY PUT | Rejected: ['TIME_FILTER', 'LOW_RVOL', 'BIAS_MISMATCH', 'TP_CAPPED']
2026-07-01 09:30:19,194 - INFO - 🟢 ENTRY [CF|Structural_v3.2_RVOL0.8|uctural_v3.2_RVOL0.8]: NSE:NIFTY50-INDEX BUY PUT @ 23929.15 | SL: 23943.10 TP: 23789.63
2026-07-01 09:30:19,194 - INFO - 👻 [EMA_Pullback_20_50_RVOL1.0] CF PULLBACK NSE:NIFTY50-INDEX BUY PUT | Rejected: ['TIME_FILTER', 'LOW_RVOL', 'BIAS_MISMATCH', 'TP_CAPPED']
2026-07-01 09:30:19,212 - INFO - 🟢 ENTRY [CF|EMA_Pullback_20_50_RVOL1.0|llback_20_50_RVOL1.0]: NSE:NIFTY50-INDEX BUY PUT @ 23929.15 | SL: 23943.10 TP: 23789.65
2026-07-01 09:30:19,596 - INFO - ⚡ [Structural_v3.2_RVOL1.0] warnings: ['VERY_LOW_RVOL:0.04']
2026-07-01 09:30:19,609 - INFO - ⚡ [Structural_v3.2_RVOL0.8] warnings: ['VERY_LOW_RVOL:0.04']
2026-07-01 09:30:19,612 - INFO - ⚡ [Structural_v3.2_RVOL1.0] warnings: ['VERY_LOW_RVOL:0.04']
2026-07-01 09:30:19,612 - INFO - ⚡ [Structural_v3.2_RVOL0.8] warnings: ['VERY_LOW_RVOL:0.04']
2026-07-01 09:35:20,163 - INFO - --- 09:35:20 Market Pulse ---
2026-07-01 09:35:21,082 - INFO - 🟡 UPDATE (TRAILING_SL) [CFStructural_v3.2_RVOL1.0|uctural_v3.2_RVOL1.0]: NSE:NIFTY50-INDEX @ 23919.70 | SL→23933.65 TP→23789.63
2026-07-01 09:35:21,118 - INFO - 🟡 UPDATE (TRAILING_SL) [CFStructural_v3.2_RVOL0.8|uctural_v3.2_RVOL0.8]: NSE:NIFTY50-INDEX @ 23919.70 | SL→23933.65 TP→23789.63
2026-07-01 09:35:21,150 - INFO - 🟡 UPDATE (TRAILING_SL) [CFEMA_Pullback_20_50_RVOL1.0|llback_20_50_RVOL1.0]: NSE:NIFTY50-INDEX @ 23919.70 | SL→23933.65 TP→23789.65
2026-07-01 09:35:21,859 - INFO - ⚡ [Structural_v3.2_RVOL1.0] warnings: ['VERY_LOW_RVOL:0.06']
2026-07-01 09:35:21,874 - INFO - ⚡ [Structural_v3.2_RVOL0.8] warnings: ['VERY_LOW_RVOL:0.06']
2026-07-01 09:35:21,876 - INFO - ⚡ [Structural_v3.2_RVOL1.0] warnings: ['VERY_LOW_RVOL:0.06']
2026-07-01 09:35:21,876 - INFO - ⚡ [Structural_v3.2_RVOL0.8] warnings: ['VERY_LOW_RVOL:0.06']
2026-07-01 09:35:22,261 - INFO - ⚡ [Structural_v3.2_RVOL1.0] warnings: ['VERY_LOW_RVOL:0.04']
2026-07-01 09:35:22,275 - INFO - ⚡ [Structural_v3.2_RVOL0.8] warnings: ['VERY_LOW_RVOL:0.04']
2026-07-01 09:35:22,278 - INFO - ⚡ [Structural_v3.2_RVOL1.0] warnings: ['VERY_LOW_RVOL:0.04']
2026-07-01 09:35:22,278 - INFO - ⚡ [Structural_v3.2_RVOL0.8] warnings: ['VERY_LOW_RVOL:0.04']
2026-07-01 09:40:22,992 - INFO - --- 09:40:22 Market Pulse ---
2026-07-01 09:40:24,145 - INFO - 🔴 EXIT (TRAILING_SL) [CFStructural_v3.2_RVOL1.0|uctural_v3.2_RVOL1.0]: NSE:NIFTYBANK-INDEX @ 57582.83 | PnL -0.19R | MFE 0.86R | Capture -22% | 4bars HoldEff -0.048R/bar
2026-07-01 09:40:24,173 - INFO - 🔴 EXIT (TRAILING_SL) [CFStructural_v3.2_RVOL0.8|uctural_v3.2_RVOL0.8]: NSE:NIFTYBANK-INDEX @ 57582.83 | PnL -0.19R | MFE 0.86R | Capture -22% | 4bars HoldEff -0.048R/bar
2026-07-01 09:40:24,196 - INFO - 🔴 EXIT (TRAILING_SL) [CFGeometry_v1.0_Score35|eometry_v1.0_Score35]: NSE:NIFTYBANK-INDEX @ 57588.16 | PnL -0.28R | MFE 0.77R | Capture -37% | 4bars HoldEff -0.071R/bar
2026-07-01 09:40:24,218 - INFO - 🔴 EXIT (TRAILING_SL) [CFGeometry_v1.0_Score50|eometry_v1.0_Score50]: NSE:NIFTYBANK-INDEX @ 57588.16 | PnL -0.28R | MFE 0.77R | Capture -37% | 4bars HoldEff -0.071R/bar
2026-07-01 09:40:24,237 - INFO - 🔴 EXIT (TRAILING_SL) [CFStructural_v3.2_RVOL1.0|uctural_v3.2_RVOL1.0]: NSE:NIFTY50-INDEX @ 23933.65 | PnL -0.37R | MFE 0.68R | Capture -55% | 2bars HoldEff -0.186R/bar
2026-07-01 09:40:24,256 - INFO - 🔴 EXIT (TRAILING_SL) [CFStructural_v3.2_RVOL0.8|uctural_v3.2_RVOL0.8]: NSE:NIFTY50-INDEX @ 23933.65 | PnL -0.37R | MFE 0.68R | Capture -55% | 2bars HoldEff -0.186R/bar
2026-07-01 09:40:24,279 - INFO - 🔴 EXIT (TRAILING_SL) [CFEMA_Pullback_20_50_RVOL1.0|llback_20_50_RVOL1.0]: NSE:NIFTY50-INDEX @ 23933.65 | PnL -0.37R | MFE 0.68R | Capture -55% | 2bars HoldEff -0.186R/bar
2026-07-01 09:40:24,929 - INFO - ⚡ [Structural_v3.2_RVOL1.0] warnings: ['VERY_LOW_RVOL:0.08']
2026-07-01 09:40:24,945 - INFO - ⚡ [Structural_v3.2_RVOL0.8] warnings: ['VERY_LOW_RVOL:0.08']
2026-07-01 09:40:24,948 - INFO - ⚡ [Structural_v3.2_RVOL1.0] warnings: ['VERY_LOW_RVOL:0.08']
2026-07-01 09:40:24,948 - INFO - 👻 [Structural_v3.2_RVOL1.0] CF BREAKOUT NSE:NIFTY50-INDEX BUY PUT | Rejected: ['TIME_FILTER', 'LOW_RVOL', 'BIAS_MISMATCH', 'HIGH_WICKINESS', 'TP_CAPPED']
2026-07-01 09:40:24,968 - INFO - 🟢 ENTRY [CF|Structural_v3.2_RVOL1.0|uctural_v3.2_RVOL1.0]: NSE:NIFTY50-INDEX BUY PUT @ 23943.90 | SL: 23958.29 TP: 23800.03
2026-07-01 09:40:24,968 - INFO - ⚡ [Structural_v3.2_RVOL0.8] warnings: ['VERY_LOW_RVOL:0.08']
2026-07-01 09:40:24,968 - INFO - 👻 [Structural_v3.2_RVOL0.8] CF BREAKOUT NSE:NIFTY50-INDEX BUY PUT | Rejected: ['TIME_FILTER', 'LOW_RVOL', 'BIAS_MISMATCH', 'HIGH_WICKINESS', 'TP_CAPPED']
2026-07-01 09:40:24,987 - INFO - 🟢 ENTRY [CF|Structural_v3.2_RVOL0.8|uctural_v3.2_RVOL0.8]: NSE:NIFTY50-INDEX BUY PUT @ 23943.90 | SL: 23958.29 TP: 23800.03
2026-07-01 09:40:25,365 - INFO - ⚡ [Structural_v3.2_RVOL1.0] warnings: ['VERY_LOW_RVOL:0.04']
2026-07-01 09:40:25,378 - INFO - ⚡ [Structural_v3.2_RVOL0.8] warnings: ['VERY_LOW_RVOL:0.04']
2026-07-01 09:40:25,381 - INFO - ⚡ [Structural_v3.2_RVOL1.0] warnings: ['VERY_LOW_RVOL:0.04']
2026-07-01 09:40:25,381 - INFO - 👻 [Structural_v3.2_RVOL1.0] CF BREAKOUT NSE:NIFTYBANK-INDEX BUY PUT | Rejected: ['TIME_FILTER', 'LOW_RVOL', 'BIAS_MISMATCH', 'LOW_EFFICIENCY', 'TP_CAPPED']
2026-07-01 09:40:25,403 - INFO - 🟢 ENTRY [CF|Structural_v3.2_RVOL1.0|uctural_v3.2_RVOL1.0]: NSE:NIFTYBANK-INDEX BUY PUT @ 57603.70 | SL: 57648.36 TP: 57157.09
2026-07-01 09:40:25,403 - INFO - ⚡ [Structural_v3.2_RVOL0.8] warnings: ['VERY_LOW_RVOL:0.04']
2026-07-01 09:40:25,403 - INFO - 👻 [Structural_v3.2_RVOL0.8] CF BREAKOUT NSE:NIFTYBANK-INDEX BUY PUT | Rejected: ['TIME_FILTER', 'LOW_RVOL', 'BIAS_MISMATCH', 'LOW_EFFICIENCY', 'TP_CAPPED']
2026-07-01 09:40:25,423 - INFO - 🟢 ENTRY [CF|Structural_v3.2_RVOL0.8|uctural_v3.2_RVOL0.8]: NSE:NIFTYBANK-INDEX BUY PUT @ 57603.70 | SL: 57648.36 TP: 57157.09
2026-07-01 09:40:25,424 - INFO - 👻 [EMA_Pullback_20_50_RVOL1.0] CF PULLBACK NSE:NIFTYBANK-INDEX BUY PUT | Rejected: ['TIME_FILTER', 'LOW_RVOL', 'BIAS_MISMATCH', 'LOW_EFFICIENCY', 'TP_CAPPED']
2026-07-01 09:40:25,442 - INFO - 🟢 ENTRY [CF|EMA_Pullback_20_50_RVOL1.0|llback_20_50_RVOL1.0]: NSE:NIFTYBANK-INDEX BUY PUT @ 57603.70 | SL: 57664.22 TP: 57157.10
2026-07-01 09:45:26,210 - INFO - --- 09:45:26 Market Pulse ---
2026-07-01 09:45:27,035 - INFO - 🔴 EXIT (INITIAL_SL) [CFStructural_v3.2_RVOL1.0|uctural_v3.2_RVOL1.0]: NSE:NIFTYBANK-INDEX @ 57648.36 | PnL -1.05R | MFE 0.00R | Capture N/A | 1bars HoldEff -1.050R/bar
2026-07-01 09:45:27,070 - INFO - 🔴 EXIT (INITIAL_SL) [CFStructural_v3.2_RVOL0.8|uctural_v3.2_RVOL0.8]: NSE:NIFTYBANK-INDEX @ 57648.36 | PnL -1.05R | MFE 0.00R | Capture N/A | 1bars HoldEff -1.050R/bar
2026-07-01 09:45:27,102 - INFO - 🔴 EXIT (INITIAL_SL) [CFEMA_Pullback_20_50_RVOL1.0|llback_20_50_RVOL1.0]: NSE:NIFTYBANK-INDEX @ 57664.22 | PnL -1.05R | MFE 0.00R | Capture N/A | 1bars HoldEff -1.050R/bar
2026-07-01 09:45:27,768 - INFO - ⚡ [Structural_v3.2_RVOL1.0] warnings: ['VERY_LOW_RVOL:0.08']
2026-07-01 09:45:27,782 - INFO - ⚡ [Structural_v3.2_RVOL0.8] warnings: ['VERY_LOW_RVOL:0.08']
2026-07-01 09:45:27,785 - INFO - ⚡ [Structural_v3.2_RVOL1.0] warnings: ['VERY_LOW_RVOL:0.08']
2026-07-01 09:45:27,785 - INFO - ⚡ [Structural_v3.2_RVOL0.8] warnings: ['VERY_LOW_RVOL:0.08']
2026-07-01 09:45:28,142 - INFO - ⚡ [Structural_v3.2_RVOL1.0] warnings: ['VERY_LOW_RVOL:0.06']
2026-07-01 09:45:28,156 - INFO - ⚡ [Structural_v3.2_RVOL0.8] warnings: ['VERY_LOW_RVOL:0.06']
2026-07-01 09:45:28,159 - INFO - ⚡ [Structural_v3.2_RVOL1.0] warnings: ['VERY_LOW_RVOL:0.06']
2026-07-01 09:45:28,159 - INFO - 👻 [Structural_v3.2_RVOL1.0] CF BREAKOUT NSE:NIFTYBANK-INDEX BUY PUT | Rejected: ['LOW_RVOL', 'BIAS_MISMATCH', 'LOW_EFFICIENCY', 'TP_CAPPED']
2026-07-01 09:45:28,180 - INFO - 🟢 ENTRY [CF|Structural_v3.2_RVOL1.0|uctural_v3.2_RVOL1.0]: NSE:NIFTYBANK-INDEX BUY PUT @ 57669.25 | SL: 57715.07 TP: 57211.04
2026-07-01 09:45:28,180 - INFO - ⚡ [Structural_v3.2_RVOL0.8] warnings: ['VERY_LOW_RVOL:0.06']
2026-07-01 09:45:28,180 - INFO - 👻 [Structural_v3.2_RVOL0.8] CF BREAKOUT NSE:NIFTYBANK-INDEX BUY PUT | Rejected: ['LOW_RVOL', 'BIAS_MISMATCH', 'LOW_EFFICIENCY', 'TP_CAPPED']
2026-07-01 09:45:28,199 - INFO - 🟢 ENTRY [CF|Structural_v3.2_RVOL0.8|uctural_v3.2_RVOL0.8]: NSE:NIFTYBANK-INDEX BUY PUT @ 57669.25 | SL: 57715.07 TP: 57211.04
2026-07-01 09:50:28,870 - INFO - --- 09:50:28 Market Pulse ---
2026-07-01 09:50:29,772 - INFO - 🟡 UPDATE (TRAILING_SL) [CFStructural_v3.2_RVOL1.0|uctural_v3.2_RVOL1.0]: NSE:NIFTYBANK-INDEX @ 57640.60 | SL→57686.42 TP→57211.04
2026-07-01 09:50:29,810 - INFO - 🟡 UPDATE (TRAILING_SL) [CFStructural_v3.2_RVOL0.8|uctural_v3.2_RVOL0.8]: NSE:NIFTYBANK-INDEX @ 57640.60 | SL→57686.42 TP→57211.04
2026-07-01 09:50:30,469 - INFO - ⚡ [Structural_v3.2_RVOL1.0] warnings: ['VERY_LOW_RVOL:0.08']
2026-07-01 09:50:30,483 - INFO - ⚡ [Structural_v3.2_RVOL0.8] warnings: ['VERY_LOW_RVOL:0.08']
2026-07-01 09:50:30,486 - INFO - ⚡ [Structural_v3.2_RVOL1.0] warnings: ['VERY_LOW_RVOL:0.08']
2026-07-01 09:50:30,486 - INFO - ⚡ [Structural_v3.2_RVOL0.8] warnings: ['VERY_LOW_RVOL:0.08']
2026-07-01 09:50:30,848 - INFO - ⚡ [Structural_v3.2_RVOL1.0] warnings: ['VERY_LOW_RVOL:0.07']
2026-07-01 09:50:30,862 - INFO - ⚡ [Structural_v3.2_RVOL0.8] warnings: ['VERY_LOW_RVOL:0.07']
2026-07-01 09:50:30,866 - INFO - ⚡ [Structural_v3.2_RVOL1.0] warnings: ['VERY_LOW_RVOL:0.07']
2026-07-01 09:50:30,866 - INFO - ⚡ [Structural_v3.2_RVOL0.8] warnings: ['VERY_LOW_RVOL:0.07']
2026-07-01 09:50:30,866 - INFO - 👻 [EMA_Pullback_20_50_RVOL1.0] CF PULLBACK NSE:NIFTYBANK-INDEX BUY PUT | Rejected: ['LOW_RVOL', 'BIAS_MISMATCH', 'LOW_EFFICIENCY', 'TP_CAPPED']
2026-07-01 09:50:30,888 - INFO - 🟢 ENTRY [CF|EMA_Pullback_20_50_RVOL1.0|llback_20_50_RVOL1.0]: NSE:NIFTYBANK-INDEX BUY PUT @ 57640.60 | SL: 57684.89 TP: 57197.70
2026-07-01 09:50:30,889 - INFO - 👻 [Geometry_v1.0_Score35] CF TRENDLINE_RETEST NSE:NIFTYBANK-INDEX BUY PUT | Rejected: ['NARRATIVE_BIAS_BULLISH', 'LOW_RR:-0.23']
2026-07-01 09:50:30,910 - INFO - 🟢 ENTRY [CF|Geometry_v1.0_Score35|eometry_v1.0_Score35]: NSE:NIFTYBANK-INDEX BUY PUT @ 57640.60 | SL: 57675.44 TP: 57648.55
2026-07-01 09:50:30,910 - INFO - 👻 [Geometry_v1.0_Score50] CF TRENDLINE_RETEST NSE:NIFTYBANK-INDEX BUY PUT | Rejected: ['NARRATIVE_BIAS_BULLISH', 'LOW_RR:-0.23']
2026-07-01 09:50:30,929 - INFO - 🟢 ENTRY [CF|Geometry_v1.0_Score50|eometry_v1.0_Score50]: NSE:NIFTYBANK-INDEX BUY PUT @ 57640.60 | SL: 57675.44 TP: 57648.55
2026-07-01 09:55:31,706 - INFO - --- 09:55:31 Market Pulse ---
2026-07-01 09:55:32,456 - INFO - 🔴 EXIT (INITIAL_SL) [CFStructural_v3.2_RVOL1.0|uctural_v3.2_RVOL1.0]: NSE:NIFTY50-INDEX @ 23958.29 | PnL -1.05R | MFE 0.00R | Capture N/A | 3bars HoldEff -0.350R/bar
2026-07-01 09:55:32,494 - INFO - 🔴 EXIT (INITIAL_SL) [CFStructural_v3.2_RVOL0.8|uctural_v3.2_RVOL0.8]: NSE:NIFTY50-INDEX @ 23958.29 | PnL -1.05R | MFE 0.00R | Capture N/A | 3bars HoldEff -0.350R/bar
2026-07-01 09:55:33,170 - INFO - ⚡ [Structural_v3.2_RVOL1.0] warnings: ['VERY_LOW_RVOL:0.20']
2026-07-01 09:55:33,184 - INFO - ⚡ [Structural_v3.2_RVOL0.8] warnings: ['VERY_LOW_RVOL:0.20']
2026-07-01 09:55:33,187 - INFO - ⚡ [Structural_v3.2_RVOL1.0] warnings: ['VERY_LOW_RVOL:0.20']
2026-07-01 09:55:33,187 - INFO - 👻 [Structural_v3.2_RVOL1.0] CF BREAKOUT NSE:NIFTY50-INDEX BUY PUT | Rejected: ['LOW_RVOL', 'BIAS_MISMATCH', 'TP_CAPPED']
2026-07-01 09:55:33,208 - INFO - 🟢 ENTRY [CF|Structural_v3.2_RVOL1.0|uctural_v3.2_RVOL1.0]: NSE:NIFTY50-INDEX BUY PUT @ 23967.15 | SL: 23978.71 TP: 23851.56
2026-07-01 09:55:33,209 - INFO - ⚡ [Structural_v3.2_RVOL0.8] warnings: ['VERY_LOW_RVOL:0.20']
2026-07-01 09:55:33,209 - INFO - 👻 [Structural_v3.2_RVOL0.8] CF BREAKOUT NSE:NIFTY50-INDEX BUY PUT | Rejected: ['LOW_RVOL', 'BIAS_MISMATCH', 'TP_CAPPED']
2026-07-01 09:55:33,228 - INFO - 🟢 ENTRY [CF|Structural_v3.2_RVOL0.8|uctural_v3.2_RVOL0.8]: NSE:NIFTY50-INDEX BUY PUT @ 23967.15 | SL: 23978.71 TP: 23851.56
2026-07-01 09:55:33,575 - INFO - ⚡ [Structural_v3.2_RVOL1.0] warnings: ['VERY_LOW_RVOL:0.10']
2026-07-01 09:55:33,589 - INFO - ⚡ [Structural_v3.2_RVOL0.8] warnings: ['VERY_LOW_RVOL:0.10']
2026-07-01 09:55:33,592 - INFO - ⚡ [Structural_v3.2_RVOL1.0] warnings: ['VERY_LOW_RVOL:0.10']
2026-07-01 09:55:33,592 - INFO - ⚡ [Structural_v3.2_RVOL0.8] warnings: ['VERY_LOW_RVOL:0.10']
2026-07-01 10:00:34,386 - INFO - --- 10:00:34 Market Pulse ---
2026-07-01 10:00:35,754 - INFO - 🔴 EXIT (INITIAL_SL) [CFGeometry_v1.0_Score35|eometry_v1.0_Score35]: NSE:NIFTYBANK-INDEX @ 57675.44 | PnL -1.05R | MFE 0.00R | Capture N/A | 2bars HoldEff -0.525R/bar
2026-07-01 10:00:35,790 - INFO - 🔴 EXIT (INITIAL_SL) [CFGeometry_v1.0_Score50|eometry_v1.0_Score50]: NSE:NIFTYBANK-INDEX @ 57675.44 | PnL -1.05R | MFE 0.00R | Capture N/A | 2bars HoldEff -0.525R/bar
2026-07-01 10:00:35,823 - INFO - 🔴 EXIT (INITIAL_SL) [CFStructural_v3.2_RVOL1.0|uctural_v3.2_RVOL1.0]: NSE:NIFTY50-INDEX @ 23978.71 | PnL -1.05R | MFE 0.00R | Capture N/A | 1bars HoldEff -1.050R/bar
2026-07-01 10:00:35,855 - INFO - 🔴 EXIT (INITIAL_SL) [CFStructural_v3.2_RVOL0.8|uctural_v3.2_RVOL0.8]: NSE:NIFTY50-INDEX @ 23978.71 | PnL -1.05R | MFE 0.00R | Capture N/A | 1bars HoldEff -1.050R/bar
2026-07-01 10:00:36,584 - INFO - ⚡ [Structural_v3.2_RVOL1.0] warnings: ['VERY_LOW_RVOL:0.16']
2026-07-01 10:00:36,602 - INFO - ⚡ [Structural_v3.2_RVOL0.8] warnings: ['VERY_LOW_RVOL:0.16']
2026-07-01 10:00:36,605 - INFO - ⚡ [Structural_v3.2_RVOL1.0] warnings: ['VERY_LOW_RVOL:0.16']
2026-07-01 10:00:36,606 - INFO - 👻 [Structural_v3.2_RVOL1.0] CF BREAKOUT NSE:NIFTY50-INDEX BUY PUT | Rejected: ['LOW_RVOL', 'BIAS_MISMATCH', 'TP_CAPPED']
2026-07-01 10:00:36,631 - INFO - 🟢 ENTRY [CF|Structural_v3.2_RVOL1.0|uctural_v3.2_RVOL1.0]: NSE:NIFTY50-INDEX BUY PUT @ 23993.20 | SL: 24004.73 TP: 23877.90
2026-07-01 10:00:36,632 - INFO - ⚡ [Structural_v3.2_RVOL0.8] warnings: ['VERY_LOW_RVOL:0.16']
2026-07-01 10:00:36,632 - INFO - 👻 [Structural_v3.2_RVOL0.8] CF BREAKOUT NSE:NIFTY50-INDEX BUY PUT | Rejected: ['LOW_RVOL', 'BIAS_MISMATCH', 'TP_CAPPED']
2026-07-01 10:00:36,651 - INFO - 🟢 ENTRY [CF|Structural_v3.2_RVOL0.8|uctural_v3.2_RVOL0.8]: NSE:NIFTY50-INDEX BUY PUT @ 23993.20 | SL: 24004.73 TP: 23877.90
2026-07-01 10:00:37,017 - INFO - ⚡ [Structural_v3.2_RVOL1.0] warnings: ['VERY_LOW_RVOL:0.15']
2026-07-01 10:00:37,031 - INFO - ⚡ [Structural_v3.2_RVOL0.8] warnings: ['VERY_LOW_RVOL:0.15']
2026-07-01 10:00:37,034 - INFO - ⚡ [Structural_v3.2_RVOL1.0] warnings: ['VERY_LOW_RVOL:0.15']
2026-07-01 10:00:37,034 - INFO - 👻 [Structural_v3.2_RVOL1.0] CF BREAKOUT NSE:NIFTYBANK-INDEX BUY CALL | Rejected: ['LOW_RVOL', 'LOW_EFFICIENCY', 'HIGH_WICKINESS', 'TP_CAPPED']
2026-07-01 10:00:37,057 - INFO - 🟢 ENTRY [CF|Structural_v3.2_RVOL1.0|uctural_v3.2_RVOL1.0]: NSE:NIFTYBANK-INDEX BUY CALL @ 57675.45 | SL: 57634.96 TP: 58080.38
2026-07-01 10:00:37,057 - INFO - ⚡ [Structural_v3.2_RVOL0.8] warnings: ['VERY_LOW_RVOL:0.15']
2026-07-01 10:00:37,057 - INFO - 👻 [Structural_v3.2_RVOL0.8] CF BREAKOUT NSE:NIFTYBANK-INDEX BUY CALL | Rejected: ['LOW_RVOL', 'LOW_EFFICIENCY', 'HIGH_WICKINESS', 'TP_CAPPED']
2026-07-01 10:00:37,078 - INFO - 🟢 ENTRY [CF|Structural_v3.2_RVOL0.8|uctural_v3.2_RVOL0.8]: NSE:NIFTYBANK-INDEX BUY CALL @ 57675.45 | SL: 57634.96 TP: 58080.38
2026-07-01 10:00:37,078 - INFO - 👻 [ORB_15m_RVOL1.2] CF ORB_15M NSE:NIFTYBANK-INDEX BUY CALL | Rejected: ['LOW_RVOL', 'LOW_EFFICIENCY', 'TP_CAPPED']
2026-07-01 10:00:37,098 - INFO - 🟢 ENTRY [CF|ORB_15m_RVOL1.2|0034_ORB_15m_RVOL1.2]: NSE:NIFTYBANK-INDEX BUY CALL @ 57675.45 | SL: 57634.95 TP: 58080.40
2026-07-01 10:05:37,843 - INFO - --- 10:05:37 Market Pulse ---
2026-07-01 10:05:38,574 - INFO - 🟡 UPDATE (TRAILING_SL) [CFStructural_v3.2_RVOL1.0|uctural_v3.2_RVOL1.0]: NSE:NIFTYBANK-INDEX @ 57602.45 | SL→57648.27 TP→57211.04
2026-07-01 10:05:38,616 - INFO - 🟡 UPDATE (TRAILING_SL) [CFStructural_v3.2_RVOL0.8|uctural_v3.2_RVOL0.8]: NSE:NIFTYBANK-INDEX @ 57602.45 | SL→57648.27 TP→57211.04
2026-07-01 10:05:38,650 - INFO - 🟡 UPDATE (TRAILING_SL) [CFEMA_Pullback_20_50_RVOL1.0|llback_20_50_RVOL1.0]: NSE:NIFTYBANK-INDEX @ 57602.45 | SL→57646.74 TP→57197.70
2026-07-01 10:05:38,680 - INFO - 🟡 UPDATE (TRAILING_SL) [CFStructural_v3.2_RVOL1.0|uctural_v3.2_RVOL1.0]: NSE:NIFTY50-INDEX @ 23966.95 | SL→23978.48 TP→23877.90
2026-07-01 10:05:38,708 - INFO - 🟡 UPDATE (TRAILING_SL) [CFStructural_v3.2_RVOL0.8|uctural_v3.2_RVOL0.8]: NSE:NIFTY50-INDEX @ 23966.95 | SL→23978.48 TP→23877.90
2026-07-01 10:05:38,735 - INFO - 🔴 EXIT (INITIAL_SL) [CFStructural_v3.2_RVOL1.0|uctural_v3.2_RVOL1.0]: NSE:NIFTYBANK-INDEX @ 57634.96 | PnL -1.05R | MFE 0.00R | Capture N/A | 1bars HoldEff -1.050R/bar
2026-07-01 10:05:38,762 - INFO - 🔴 EXIT (INITIAL_SL) [CFStructural_v3.2_RVOL0.8|uctural_v3.2_RVOL0.8]: NSE:NIFTYBANK-INDEX @ 57634.96 | PnL -1.05R | MFE 0.00R | Capture N/A | 1bars HoldEff -1.050R/bar
2026-07-01 10:05:38,788 - INFO - 🔴 EXIT (INITIAL_SL) [CFORB_15m_RVOL1.2|0034_ORB_15m_RVOL1.2]: NSE:NIFTYBANK-INDEX @ 57634.95 | PnL -1.05R | MFE 0.00R | Capture N/A | 1bars HoldEff -1.050R/bar
2026-07-01 10:05:39,458 - INFO - ⚡ [Structural_v3.2_RVOL1.0] warnings: ['VERY_LOW_RVOL:0.11']
2026-07-01 10:05:39,472 - INFO - ⚡ [Structural_v3.2_RVOL0.8] warnings: ['VERY_LOW_RVOL:0.11']
2026-07-01 10:05:39,475 - INFO - ⚡ [Structural_v3.2_RVOL1.0] warnings: ['VERY_LOW_RVOL:0.11']
2026-07-01 10:05:39,475 - INFO - ⚡ [Structural_v3.2_RVOL0.8] warnings: ['VERY_LOW_RVOL:0.11']
2026-07-01 10:05:39,895 - INFO - ⚡ [Structural_v3.2_RVOL1.0] warnings: ['VERY_LOW_RVOL:0.05']
2026-07-01 10:05:39,909 - INFO - ⚡ [Structural_v3.2_RVOL0.8] warnings: ['VERY_LOW_RVOL:0.05']
2026-07-01 10:05:39,912 - INFO - ⚡ [Structural_v3.2_RVOL1.0] warnings: ['VERY_LOW_RVOL:0.05']
2026-07-01 10:05:39,912 - INFO - 👻 [Structural_v3.2_RVOL1.0] CF BREAKOUT NSE:NIFTYBANK-INDEX BUY CALL | Rejected: ['LOW_RVOL', 'LOW_EFFICIENCY', 'HIGH_WICKINESS', 'TP_CAPPED']
2026-07-01 10:05:39,934 - INFO - 🟢 ENTRY [CF|Structural_v3.2_RVOL1.0|uctural_v3.2_RVOL1.0]: NSE:NIFTYBANK-INDEX BUY CALL @ 57602.45 | SL: 57562.41 TP: 58002.90
2026-07-01 10:05:39,934 - INFO - ⚡ [Structural_v3.2_RVOL0.8] warnings: ['VERY_LOW_RVOL:0.05']
2026-07-01 10:05:39,934 - INFO - 👻 [Structural_v3.2_RVOL0.8] CF BREAKOUT NSE:NIFTYBANK-INDEX BUY CALL | Rejected: ['LOW_RVOL', 'LOW_EFFICIENCY', 'HIGH_WICKINESS', 'TP_CAPPED']
2026-07-01 10:05:39,953 - INFO - 🟢 ENTRY [CF|Structural_v3.2_RVOL0.8|uctural_v3.2_RVOL0.8]: NSE:NIFTYBANK-INDEX BUY CALL @ 57602.45 | SL: 57562.41 TP: 58002.90
2026-07-01 10:10:40,661 - INFO - --- 10:10:40 Market Pulse ---
2026-07-01 10:10:42,614 - INFO - 🔴 EXIT (TRAILING_SL) [CFStructural_v3.2_RVOL1.0|uctural_v3.2_RVOL1.0]: NSE:NIFTYBANK-INDEX @ 57648.27 | PnL +0.41R | MFE 1.46R | Capture 28% | 5bars HoldEff +0.082R/bar
2026-07-01 10:10:42,648 - INFO - 🔴 EXIT (TRAILING_SL) [CFStructural_v3.2_RVOL0.8|uctural_v3.2_RVOL0.8]: NSE:NIFTYBANK-INDEX @ 57648.27 | PnL +0.41R | MFE 1.46R | Capture 28% | 5bars HoldEff +0.082R/bar
2026-07-01 10:10:42,678 - INFO - 🔴 EXIT (TRAILING_SL) [CFEMA_Pullback_20_50_RVOL1.0|llback_20_50_RVOL1.0]: NSE:NIFTYBANK-INDEX @ 57646.74 | PnL -0.19R | MFE 0.86R | Capture -22% | 4bars HoldEff -0.047R/bar
2026-07-01 10:10:42,710 - INFO - 🔴 EXIT (TRAILING_SL) [CFStructural_v3.2_RVOL1.0|uctural_v3.2_RVOL1.0]: NSE:NIFTY50-INDEX @ 23978.48 | PnL +1.23R | MFE 2.28R | Capture 54% | 2bars HoldEff +0.613R/bar
2026-07-01 10:10:42,740 - INFO - 🔴 EXIT (TRAILING_SL) [CFStructural_v3.2_RVOL0.8|uctural_v3.2_RVOL0.8]: NSE:NIFTY50-INDEX @ 23978.48 | PnL +1.23R | MFE 2.28R | Capture 54% | 2bars HoldEff +0.613R/bar
2026-07-01 10:10:42,768 - INFO - 🟡 UPDATE (TRAILING_SL) [CFStructural_v3.2_RVOL1.0|uctural_v3.2_RVOL1.0]: NSE:NIFTYBANK-INDEX @ 57676.30 | SL→57636.26 TP→58002.90
2026-07-01 10:10:42,794 - INFO - 🟡 UPDATE (TRAILING_SL) [CFStructural_v3.2_RVOL0.8|uctural_v3.2_RVOL0.8]: NSE:NIFTYBANK-INDEX @ 57676.30 | SL→57636.26 TP→58002.90
2026-07-01 10:10:43,506 - INFO - ⚡ [Structural_v3.2_RVOL1.0] warnings: ['VERY_LOW_RVOL:0.20']
2026-07-01 10:10:43,520 - INFO - ⚡ [Structural_v3.2_RVOL0.8] warnings: ['VERY_LOW_RVOL:0.20']
2026-07-01 10:10:43,524 - INFO - ⚡ [Structural_v3.2_RVOL1.0] warnings: ['VERY_LOW_RVOL:0.20']
2026-07-01 10:10:43,524 - INFO - 👻 [Structural_v3.2_RVOL1.0] CF BREAKOUT NSE:NIFTY50-INDEX BUY PUT | Rejected: ['LOW_RVOL', 'BIAS_MISMATCH', 'TP_CAPPED']
2026-07-01 10:10:43,546 - INFO - 🟢 ENTRY [CF|Structural_v3.2_RVOL1.0|uctural_v3.2_RVOL1.0]: NSE:NIFTY50-INDEX BUY PUT @ 23982.80 | SL: 23994.43 TP: 23866.50
2026-07-01 10:10:43,546 - INFO - ⚡ [Structural_v3.2_RVOL0.8] warnings: ['VERY_LOW_RVOL:0.20']
2026-07-01 10:10:43,546 - INFO - 👻 [Structural_v3.2_RVOL0.8] CF BREAKOUT NSE:NIFTY50-INDEX BUY PUT | Rejected: ['LOW_RVOL', 'BIAS_MISMATCH', 'TP_CAPPED']
2026-07-01 10:10:43,566 - INFO - 🟢 ENTRY [CF|Structural_v3.2_RVOL0.8|uctural_v3.2_RVOL0.8]: NSE:NIFTY50-INDEX BUY PUT @ 23982.80 | SL: 23994.43 TP: 23866.50
2026-07-01 10:10:43,945 - INFO - ⚡ [Structural_v3.2_RVOL1.0] warnings: ['VERY_LOW_RVOL:0.28']
2026-07-01 10:10:43,959 - INFO - ⚡ [Structural_v3.2_RVOL0.8] warnings: ['VERY_LOW_RVOL:0.28']
2026-07-01 10:10:43,962 - INFO - ⚡ [Structural_v3.2_RVOL1.0] warnings: ['VERY_LOW_RVOL:0.28']
2026-07-01 10:10:43,962 - INFO - ⚡ [Structural_v3.2_RVOL0.8] warnings: ['VERY_LOW_RVOL:0.28']
2026-07-01 10:10:43,962 - INFO - 👻 [EMA_Pullback_20_50_RVOL1.0] CF PULLBACK NSE:NIFTYBANK-INDEX BUY PUT | Rejected: ['LOW_RVOL', 'BIAS_MISMATCH', 'LOW_EFFICIENCY', 'TP_CAPPED']
2026-07-01 10:10:43,983 - INFO - 🟢 ENTRY [CF|EMA_Pullback_20_50_RVOL1.0|llback_20_50_RVOL1.0]: NSE:NIFTYBANK-INDEX BUY PUT @ 57676.30 | SL: 57718.15 TP: 57257.85
2026-07-01 10:15:44,785 - INFO - --- 10:15:44 Market Pulse ---
2026-07-01 10:15:45,892 - INFO - 🟡 UPDATE (TRAILING_SL) [CFStructural_v3.2_RVOL1.0|uctural_v3.2_RVOL1.0]: NSE:NIFTYBANK-INDEX @ 57749.65 | SL→57709.61 TP→58002.90
2026-07-01 10:15:45,920 - INFO - 🟡 UPDATE (TRAILING_SL) [CFStructural_v3.2_RVOL0.8|uctural_v3.2_RVOL0.8]: NSE:NIFTYBANK-INDEX @ 57749.65 | SL→57709.61 TP→58002.90
2026-07-01 10:15:45,944 - INFO - 🔴 EXIT (INITIAL_SL) [CFEMA_Pullback_20_50_RVOL1.0|llback_20_50_RVOL1.0]: NSE:NIFTYBANK-INDEX @ 57718.15 | PnL -1.05R | MFE 0.00R | Capture N/A | 1bars HoldEff -1.050R/bar
2026-07-01 10:15:46,700 - INFO - ⚡ [Structural_v3.2_RVOL1.0] warnings: ['VERY_LOW_RVOL:0.30']
2026-07-01 10:15:46,713 - INFO - ⚡ [Structural_v3.2_RVOL0.8] warnings: ['VERY_LOW_RVOL:0.30']
2026-07-01 10:15:46,716 - INFO - ⚡ [Structural_v3.2_RVOL1.0] warnings: ['VERY_LOW_RVOL:0.30']
2026-07-01 10:15:46,716 - INFO - ⚡ [Structural_v3.2_RVOL0.8] warnings: ['VERY_LOW_RVOL:0.30']
2026-07-01 10:15:47,117 - INFO - ⚡ [Structural_v3.2_RVOL1.0] warnings: ['VERY_LOW_RVOL:0.20']
2026-07-01 10:15:47,131 - INFO - ⚡ [Structural_v3.2_RVOL0.8] warnings: ['VERY_LOW_RVOL:0.20']
2026-07-01 10:15:47,134 - INFO - ⚡ [Structural_v3.2_RVOL1.0] warnings: ['VERY_LOW_RVOL:0.20']
2026-07-01 10:15:47,134 - INFO - ⚡ [Structural_v3.2_RVOL0.8] warnings: ['VERY_LOW_RVOL:0.20']
2026-07-01 10:20:47,361 - INFO - --- 10:20:47 Market Pulse ---
2026-07-01 10:20:48,108 - INFO - 🟡 UPDATE (TRAILING_SL) [CFStructural_v3.2_RVOL1.0|uctural_v3.2_RVOL1.0]: NSE:NIFTYBANK-INDEX @ 57806.15 | SL→57766.11 TP→58002.90
2026-07-01 10:20:48,146 - INFO - 🟡 UPDATE (TRAILING_SL) [CFStructural_v3.2_RVOL0.8|uctural_v3.2_RVOL0.8]: NSE:NIFTYBANK-INDEX @ 57806.15 | SL→57766.11 TP→58002.90
2026-07-01 10:20:48,176 - INFO - 🔴 EXIT (INITIAL_SL) [CFStructural_v3.2_RVOL1.0|uctural_v3.2_RVOL1.0]: NSE:NIFTY50-INDEX @ 23994.43 | PnL -1.05R | MFE 0.00R | Capture N/A | 2bars HoldEff -0.525R/bar
2026-07-01 10:20:48,205 - INFO - 🔴 EXIT (INITIAL_SL) [CFStructural_v3.2_RVOL0.8|uctural_v3.2_RVOL0.8]: NSE:NIFTY50-INDEX @ 23994.43 | PnL -1.05R | MFE 0.00R | Capture N/A | 2bars HoldEff -0.525R/bar
2026-07-01 10:20:48,955 - INFO - ⚡ [Structural_v3.2_RVOL1.0] warnings: ['VERY_LOW_RVOL:0.15']
2026-07-01 10:20:48,970 - INFO - ⚡ [Structural_v3.2_RVOL0.8] warnings: ['VERY_LOW_RVOL:0.15']
2026-07-01 10:20:48,974 - INFO - ⚡ [Structural_v3.2_RVOL1.0] warnings: ['VERY_LOW_RVOL:0.15']
2026-07-01 10:20:48,974 - INFO - 👻 [Structural_v3.2_RVOL1.0] CF BREAKOUT NSE:NIFTY50-INDEX BUY PUT | Rejected: ['LOW_RVOL', 'BIAS_MISMATCH', 'TP_CAPPED']
2026-07-01 10:20:48,996 - INFO - 🟢 ENTRY [CF|Structural_v3.2_RVOL1.0|uctural_v3.2_RVOL1.0]: NSE:NIFTY50-INDEX BUY PUT @ 24000.95 | SL: 24011.91 TP: 23891.38
2026-07-01 10:20:48,996 - INFO - ⚡ [Structural_v3.2_RVOL0.8] warnings: ['VERY_LOW_RVOL:0.15']
2026-07-01 10:20:48,996 - INFO - 👻 [Structural_v3.2_RVOL0.8] CF BREAKOUT NSE:NIFTY50-INDEX BUY PUT | Rejected: ['LOW_RVOL', 'BIAS_MISMATCH', 'TP_CAPPED']
2026-07-01 10:20:49,017 - INFO - 🟢 ENTRY [CF|Structural_v3.2_RVOL0.8|uctural_v3.2_RVOL0.8]: NSE:NIFTY50-INDEX BUY PUT @ 24000.95 | SL: 24011.91 TP: 23891.38
2026-07-01 10:20:49,017 - INFO - 🚀 SIGNAL: NSE:NIFTY50-INDEX BUY PUT | [Geometry_v1.0_Score35]
2026-07-01 10:20:49,017 - INFO -    Entry: 24000.95 | SL: 24001.84 | TP: 23935.22 (RR: 74.15)
2026-07-01 10:20:49,038 - INFO - 🟢 ENTRY [Geometry_v1.0_Score35|INDEX_1782881447]: NSE:NIFTY50-INDEX BUY PUT @ 24000.95 | SL: 24001.84 TP: 23935.22
2026-07-01 10:20:49,474 - INFO - ⚡ [Structural_v3.2_RVOL1.0] warnings: ['VERY_LOW_RVOL:0.27']
2026-07-01 10:20:49,488 - INFO - ⚡ [Structural_v3.2_RVOL0.8] warnings: ['VERY_LOW_RVOL:0.27']
2026-07-01 10:20:49,491 - INFO - ⚡ [Structural_v3.2_RVOL1.0] warnings: ['VERY_LOW_RVOL:0.27']
2026-07-01 10:20:49,491 - INFO - ⚡ [Structural_v3.2_RVOL0.8] warnings: ['VERY_LOW_RVOL:0.27']
2026-07-01 10:20:49,491 - INFO - 👻 [Geometry_v1.0_Score35] CF CONFLUENCE_BOUNCE NSE:NIFTYBANK-INDEX BUY PUT | Rejected: ['LOW_RR:0.21']
2026-07-01 10:20:49,512 - INFO - 🟢 ENTRY [CF|Geometry_v1.0_Score35|eometry_v1.0_Score35]: NSE:NIFTYBANK-INDEX BUY PUT @ 57806.15 | SL: 57835.87 TP: 57800.00
2026-07-01 10:20:49,512 - INFO - 👻 [Geometry_v1.0_Score35] CF TRENDLINE_RETEST NSE:NIFTYBANK-INDEX BUY PUT | Rejected: ['LOW_RR:0.17']
2026-07-01 10:20:49,533 - INFO - 🟢 ENTRY [CF|Geometry_v1.0_Score35|eometry_v1.0_Score35]: NSE:NIFTYBANK-INDEX BUY PUT @ 57806.15 | SL: 57843.42 TP: 57800.00
2026-07-01 10:20:49,533 - INFO - 👻 [Geometry_v1.0_Score50] CF TRENDLINE_RETEST NSE:NIFTYBANK-INDEX BUY PUT | Rejected: ['LOW_RR:0.17']
2026-07-01 10:20:49,552 - INFO - 🟢 ENTRY [CF|Geometry_v1.0_Score50|eometry_v1.0_Score50]: NSE:NIFTYBANK-INDEX BUY PUT @ 57806.15 | SL: 57843.42 TP: 57800.00
2026-07-01 10:25:50,011 - INFO - --- 10:25:50 Market Pulse ---
2026-07-01 10:25:51,043 - INFO - 🟡 UPDATE (TRAILING_SL) [Geometry_v1.0_Score35|eometry_v1.0_Score35]: NSE:NIFTY50-INDEX @ 23999.60 | SL→24000.49 TP→23935.22
2026-07-01 10:25:51,073 - INFO - 🟡 UPDATE (TRAILING_SL) [CFStructural_v3.2_RVOL1.0|uctural_v3.2_RVOL1.0]: NSE:NIFTYBANK-INDEX @ 57819.65 | SL→57779.61 TP→58002.90
2026-07-01 10:25:51,097 - INFO - 🟡 UPDATE (TRAILING_SL) [CFStructural_v3.2_RVOL0.8|uctural_v3.2_RVOL0.8]: NSE:NIFTYBANK-INDEX @ 57819.65 | SL→57779.61 TP→58002.90
2026-07-01 10:25:51,117 - INFO - 🟡 UPDATE (TRAILING_SL) [CFStructural_v3.2_RVOL1.0|uctural_v3.2_RVOL1.0]: NSE:NIFTY50-INDEX @ 23999.60 | SL→24010.56 TP→23891.38
2026-07-01 10:25:51,136 - INFO - 🟡 UPDATE (TRAILING_SL) [CFStructural_v3.2_RVOL0.8|uctural_v3.2_RVOL0.8]: NSE:NIFTY50-INDEX @ 23999.60 | SL→24010.56 TP→23891.38
2026-07-01 10:25:51,853 - INFO - ⚡ [Structural_v3.2_RVOL1.0] warnings: ['VERY_LOW_RVOL:0.14']
2026-07-01 10:25:51,867 - INFO - ⚡ [Structural_v3.2_RVOL0.8] warnings: ['VERY_LOW_RVOL:0.14']
2026-07-01 10:25:51,870 - INFO - ⚡ [Structural_v3.2_RVOL1.0] warnings: ['VERY_LOW_RVOL:0.14']
2026-07-01 10:25:51,870 - INFO - ⚡ [Structural_v3.2_RVOL0.8] warnings: ['VERY_LOW_RVOL:0.14']
2026-07-01 10:25:51,870 - INFO - 🚀 SIGNAL: NSE:NIFTY50-INDEX BUY PUT | [Geometry_v1.0_Score50]
2026-07-01 10:25:51,870 - INFO -    Entry: 23999.6 | SL: 24003.15 | TP: 23936.69 (RR: 17.74)
2026-07-01 10:25:51,892 - INFO - 🟢 ENTRY [Geometry_v1.0_Score50|INDEX_1782881750]: NSE:NIFTY50-INDEX BUY PUT @ 23999.60 | SL: 24003.15 TP: 23936.69
2026-07-01 10:25:52,268 - INFO - ⚡ [Structural_v3.2_RVOL1.0] warnings: ['VERY_LOW_RVOL:0.15']
2026-07-01 10:25:52,283 - INFO - ⚡ [Structural_v3.2_RVOL0.8] warnings: ['VERY_LOW_RVOL:0.15']
2026-07-01 10:25:52,286 - INFO - ⚡ [Structural_v3.2_RVOL1.0] warnings: ['VERY_LOW_RVOL:0.15']
2026-07-01 10:25:52,286 - INFO - ⚡ [Structural_v3.2_RVOL0.8] warnings: ['VERY_LOW_RVOL:0.15']
2026-07-01 10:30:52,351 - INFO - --- 10:30:52 Market Pulse ---
2026-07-01 10:30:53,282 - INFO - 🔴 EXIT (TRAILING_SL) [Geometry_v1.0_Score35|eometry_v1.0_Score35]: NSE:NIFTY50-INDEX @ 24000.49 | PnL +0.47R | MFE 1.52R | Capture 31% | 2bars HoldEff +0.233R/bar
2026-07-01 10:30:53,321 - INFO - 🟡 UPDATE (TRAILING_SL) [CFStructural_v3.2_RVOL1.0|uctural_v3.2_RVOL1.0]: NSE:NIFTYBANK-INDEX @ 57837.90 | SL→57797.86 TP→58002.90
2026-07-01 10:30:53,354 - INFO - 🟡 UPDATE (TRAILING_SL) [CFStructural_v3.2_RVOL0.8|uctural_v3.2_RVOL0.8]: NSE:NIFTYBANK-INDEX @ 57837.90 | SL→57797.86 TP→58002.90
2026-07-01 10:30:53,384 - INFO - 🔴 EXIT (INITIAL_SL) [CFGeometry_v1.0_Score35|eometry_v1.0_Score35]: NSE:NIFTYBANK-INDEX @ 57835.87 | PnL -1.05R | MFE 0.00R | Capture N/A | 2bars HoldEff -0.525R/bar
2026-07-01 10:30:54,137 - INFO - ⚡ [Structural_v3.2_RVOL1.0] warnings: ['VERY_LOW_RVOL:0.12']
2026-07-01 10:30:54,151 - INFO - ⚡ [Structural_v3.2_RVOL0.8] warnings: ['VERY_LOW_RVOL:0.12']
2026-07-01 10:30:54,154 - INFO - ⚡ [Structural_v3.2_RVOL1.0] warnings: ['VERY_LOW_RVOL:0.12']
2026-07-01 10:30:54,154 - INFO - ⚡ [Structural_v3.2_RVOL0.8] warnings: ['VERY_LOW_RVOL:0.12']
2026-07-01 10:30:54,154 - INFO - 🚀 SIGNAL: NSE:NIFTY50-INDEX BUY CALL | [Geometry_v1.0_Score35]
2026-07-01 10:30:54,154 - INFO -    Entry: 24000.65 | SL: 23996.88 | TP: 24063.11 (RR: 16.55)
2026-07-01 10:30:54,176 - INFO - 🟢 ENTRY [Geometry_v1.0_Score35|INDEX_1782882052]: NSE:NIFTY50-INDEX BUY CALL @ 24000.65 | SL: 23996.88 TP: 24063.11
2026-07-01 10:30:54,591 - INFO - ⚡ [Structural_v3.2_RVOL1.0] warnings: ['VERY_LOW_RVOL:0.11']
2026-07-01 10:30:54,606 - INFO - ⚡ [Structural_v3.2_RVOL0.8] warnings: ['VERY_LOW_RVOL:0.11']
2026-07-01 10:30:54,610 - INFO - ⚡ [Structural_v3.2_RVOL1.0] warnings: ['VERY_LOW_RVOL:0.11']
2026-07-01 10:30:54,610 - INFO - ⚡ [Structural_v3.2_RVOL0.8] warnings: ['VERY_LOW_RVOL:0.11']
2026-07-01 10:35:55,583 - INFO - --- 10:35:55 Market Pulse ---
2026-07-01 10:35:56,400 - INFO - 🟡 UPDATE (TRAILING_SL) [Geometry_v1.0_Score50|eometry_v1.0_Score50]: NSE:NIFTY50-INDEX @ 23991.15 | SL→23994.70 TP→23936.69
2026-07-01 10:35:56,440 - INFO - 🔴 EXIT (INITIAL_SL) [Geometry_v1.0_Score35|eometry_v1.0_Score35]: NSE:NIFTY50-INDEX @ 23996.88 | PnL -1.05R | MFE 0.00R | Capture N/A | 1bars HoldEff -1.050R/bar
2026-07-01 10:35:56,472 - INFO - 🔴 EXIT (TRAILING_SL) [CFStructural_v3.2_RVOL1.0|uctural_v3.2_RVOL1.0]: NSE:NIFTYBANK-INDEX @ 57797.86 | PnL +4.83R | MFE 5.88R | Capture 82% | 6bars HoldEff +0.805R/bar
2026-07-01 10:35:56,501 - INFO - 🔴 EXIT (TRAILING_SL) [CFStructural_v3.2_RVOL0.8|uctural_v3.2_RVOL0.8]: NSE:NIFTYBANK-INDEX @ 57797.86 | PnL +4.83R | MFE 5.88R | Capture 82% | 6bars HoldEff +0.805R/bar
2026-07-01 10:35:56,530 - INFO - 🟡 UPDATE (TRAILING_SL) [CFStructural_v3.2_RVOL1.0|uctural_v3.2_RVOL1.0]: NSE:NIFTY50-INDEX @ 23991.15 | SL→24002.11 TP→23891.38
2026-07-01 10:35:56,558 - INFO - 🟡 UPDATE (TRAILING_SL) [CFStructural_v3.2_RVOL0.8|uctural_v3.2_RVOL0.8]: NSE:NIFTY50-INDEX @ 23991.15 | SL→24002.11 TP→23891.38
2026-07-01 10:35:56,586 - INFO - 🟡 UPDATE (TP_EXPANSION) [CFGeometry_v1.0_Score35|eometry_v1.0_Score35]: NSE:NIFTYBANK-INDEX @ 57768.50 | SL→57805.77 TP→57762.73
2026-07-01 10:35:56,612 - INFO - 🟡 UPDATE (TP_EXPANSION) [CFGeometry_v1.0_Score50|eometry_v1.0_Score50]: NSE:NIFTYBANK-INDEX @ 57768.50 | SL→57805.77 TP→57762.73
2026-07-01 10:35:57,345 - INFO - ⚡ [Structural_v3.2_RVOL1.0] warnings: ['VERY_LOW_RVOL:0.12']
2026-07-01 10:35:57,360 - INFO - ⚡ [Structural_v3.2_RVOL0.8] warnings: ['VERY_LOW_RVOL:0.12']
2026-07-01 10:35:57,363 - INFO - ⚡ [Structural_v3.2_RVOL1.0] warnings: ['VERY_LOW_RVOL:0.12']
2026-07-01 10:35:57,363 - INFO - ⚡ [Structural_v3.2_RVOL0.8] warnings: ['VERY_LOW_RVOL:0.12']
2026-07-01 10:35:57,793 - INFO - ⚡ [Structural_v3.2_RVOL1.0] warnings: ['VERY_LOW_RVOL:0.13']
2026-07-01 10:35:57,806 - INFO - ⚡ [Structural_v3.2_RVOL0.8] warnings: ['VERY_LOW_RVOL:0.13']
2026-07-01 10:35:57,809 - INFO - ⚡ [Structural_v3.2_RVOL1.0] warnings: ['VERY_LOW_RVOL:0.13']
2026-07-01 10:35:57,809 - INFO - 👻 [Structural_v3.2_RVOL1.0] CF BREAKOUT NSE:NIFTYBANK-INDEX BUY CALL | Rejected: ['LOW_RVOL', 'LOW_EFFICIENCY', 'TP_CAPPED']
2026-07-01 10:35:57,830 - INFO - 🟢 ENTRY [CF|Structural_v3.2_RVOL1.0|uctural_v3.2_RVOL1.0]: NSE:NIFTYBANK-INDEX BUY CALL @ 57768.50 | SL: 57729.35 TP: 58160.02
2026-07-01 10:35:57,830 - INFO - ⚡ [Structural_v3.2_RVOL0.8] warnings: ['VERY_LOW_RVOL:0.13']
2026-07-01 10:35:57,830 - INFO - 👻 [Structural_v3.2_RVOL0.8] CF BREAKOUT NSE:NIFTYBANK-INDEX BUY CALL | Rejected: ['LOW_RVOL', 'LOW_EFFICIENCY', 'TP_CAPPED']
2026-07-01 10:35:57,850 - INFO - 🟢 ENTRY [CF|Structural_v3.2_RVOL0.8|uctural_v3.2_RVOL0.8]: NSE:NIFTYBANK-INDEX BUY CALL @ 57768.50 | SL: 57729.35 TP: 58160.02
2026-07-01 10:40:58,835 - INFO - --- 10:40:58 Market Pulse ---
2026-07-01 10:40:59,916 - INFO - 🟡 UPDATE (TRAILING_SL) [Geometry_v1.0_Score50|eometry_v1.0_Score50]: NSE:NIFTY50-INDEX @ 23971.65 | SL→23975.20 TP→23936.69
2026-07-01 10:40:59,944 - INFO - 🟡 UPDATE (TRAILING_SL) [CFStructural_v3.2_RVOL1.0|uctural_v3.2_RVOL1.0]: NSE:NIFTY50-INDEX @ 23971.65 | SL→23982.61 TP→23891.38
2026-07-01 10:40:59,970 - INFO - 🟡 UPDATE (TRAILING_SL) [CFStructural_v3.2_RVOL0.8|uctural_v3.2_RVOL0.8]: NSE:NIFTY50-INDEX @ 23971.65 | SL→23982.61 TP→23891.38
2026-07-01 10:40:59,992 - INFO - 🟡 UPDATE (TP_EXPANSION) [CFGeometry_v1.0_Score35|eometry_v1.0_Score35]: NSE:NIFTYBANK-INDEX @ 57700.45 | SL→57737.72 TP→57725.46
2026-07-01 10:41:00,013 - INFO - 🟡 UPDATE (TP_EXPANSION) [CFGeometry_v1.0_Score50|eometry_v1.0_Score50]: NSE:NIFTYBANK-INDEX @ 57700.45 | SL→57737.72 TP→57725.46
2026-07-01 10:41:00,033 - INFO - 🔴 EXIT (INITIAL_SL) [CFStructural_v3.2_RVOL1.0|uctural_v3.2_RVOL1.0]: NSE:NIFTYBANK-INDEX @ 57729.35 | PnL -1.05R | MFE 0.00R | Capture N/A | 1bars HoldEff -1.050R/bar
2026-07-01 10:41:00,053 - INFO - 🔴 EXIT (INITIAL_SL) [CFStructural_v3.2_RVOL0.8|uctural_v3.2_RVOL0.8]: NSE:NIFTYBANK-INDEX @ 57729.35 | PnL -1.05R | MFE 0.00R | Capture N/A | 1bars HoldEff -1.050R/bar
2026-07-01 10:41:00,808 - INFO - ⚡ [Structural_v3.2_RVOL1.0] warnings: ['VERY_LOW_RVOL:0.19']
2026-07-01 10:41:00,821 - INFO - ⚡ [Structural_v3.2_RVOL0.8] warnings: ['VERY_LOW_RVOL:0.19']
2026-07-01 10:41:00,825 - INFO - ⚡ [Structural_v3.2_RVOL1.0] warnings: ['VERY_LOW_RVOL:0.19']
2026-07-01 10:41:00,825 - INFO - ⚡ [Structural_v3.2_RVOL0.8] warnings: ['VERY_LOW_RVOL:0.19']
2026-07-01 10:41:01,246 - INFO - ⚡ [Structural_v3.2_RVOL1.0] warnings: ['VERY_LOW_RVOL:0.15']
2026-07-01 10:41:01,260 - INFO - ⚡ [Structural_v3.2_RVOL0.8] warnings: ['VERY_LOW_RVOL:0.15']
2026-07-01 10:41:01,262 - INFO - ⚡ [Structural_v3.2_RVOL1.0] warnings: ['VERY_LOW_RVOL:0.15']
2026-07-01 10:41:01,263 - INFO - 👻 [Structural_v3.2_RVOL1.0] CF BREAKOUT NSE:NIFTYBANK-INDEX BUY CALL | Rejected: ['LOW_RVOL', 'LOW_EFFICIENCY', 'HIGH_WICKINESS', 'TP_CAPPED']
2026-07-01 10:41:01,284 - INFO - 🟢 ENTRY [CF|Structural_v3.2_RVOL1.0|uctural_v3.2_RVOL1.0]: NSE:NIFTYBANK-INDEX BUY CALL @ 57700.45 | SL: 57660.85 TP: 58096.49
2026-07-01 10:41:01,284 - INFO - ⚡ [Structural_v3.2_RVOL0.8] warnings: ['VERY_LOW_RVOL:0.15']
2026-07-01 10:41:01,284 - INFO - 👻 [Structural_v3.2_RVOL0.8] CF BREAKOUT NSE:NIFTYBANK-INDEX BUY CALL | Rejected: ['LOW_RVOL', 'LOW_EFFICIENCY', 'HIGH_WICKINESS', 'TP_CAPPED']
2026-07-01 10:41:01,304 - INFO - 🟢 ENTRY [CF|Structural_v3.2_RVOL0.8|uctural_v3.2_RVOL0.8]: NSE:NIFTYBANK-INDEX BUY CALL @ 57700.45 | SL: 57660.85 TP: 58096.49
2026-07-01 10:46:01,521 - INFO - --- 10:46:01 Market Pulse ---
2026-07-01 10:46:02,461 - INFO - 🟡 UPDATE (TRAILING_SL) [Geometry_v1.0_Score50|eometry_v1.0_Score50]: NSE:NIFTY50-INDEX @ 23953.35 | SL→23956.90 TP→23936.69
2026-07-01 10:46:02,497 - INFO - 🟡 UPDATE (TRAILING_SL) [CFStructural_v3.2_RVOL1.0|uctural_v3.2_RVOL1.0]: NSE:NIFTY50-INDEX @ 23953.35 | SL→23964.31 TP→23891.38
2026-07-01 10:46:02,527 - INFO - 🟡 UPDATE (TRAILING_SL) [CFStructural_v3.2_RVOL0.8|uctural_v3.2_RVOL0.8]: NSE:NIFTY50-INDEX @ 23953.35 | SL→23964.31 TP→23891.38
2026-07-01 10:46:02,554 - INFO - 🟡 UPDATE (TP_EXPANSION) [CFGeometry_v1.0_Score35|eometry_v1.0_Score35]: NSE:NIFTYBANK-INDEX @ 57701.50 | SL→57737.72 TP→57688.19
2026-07-01 10:46:02,578 - INFO - 🟡 UPDATE (TP_EXPANSION) [CFGeometry_v1.0_Score50|eometry_v1.0_Score50]: NSE:NIFTYBANK-INDEX @ 57701.50 | SL→57737.72 TP→57688.19
2026-07-01 10:46:02,598 - INFO - 🟡 UPDATE (TRAILING_SL) [CFStructural_v3.2_RVOL1.0|uctural_v3.2_RVOL1.0]: NSE:NIFTYBANK-INDEX @ 57701.50 | SL→57661.90 TP→58096.49
2026-07-01 10:46:02,617 - INFO - 🟡 UPDATE (TRAILING_SL) [CFStructural_v3.2_RVOL0.8|uctural_v3.2_RVOL0.8]: NSE:NIFTYBANK-INDEX @ 57701.50 | SL→57661.90 TP→58096.49
2026-07-01 10:46:03,318 - INFO - ⚡ [Structural_v3.2_RVOL1.0] warnings: ['VERY_LOW_RVOL:0.16']
2026-07-01 10:46:03,332 - INFO - ⚡ [Structural_v3.2_RVOL0.8] warnings: ['VERY_LOW_RVOL:0.16']
2026-07-01 10:46:03,335 - INFO - ⚡ [Structural_v3.2_RVOL1.0] warnings: ['VERY_LOW_RVOL:0.16']
2026-07-01 10:46:03,335 - INFO - ⚡ [Structural_v3.2_RVOL0.8] warnings: ['VERY_LOW_RVOL:0.16']
2026-07-01 10:46:03,335 - INFO - 👻 [EMA_Pullback_20_50_RVOL1.0] CF PULLBACK NSE:NIFTY50-INDEX BUY CALL | Rejected: ['LOW_RVOL', 'LOW_EFFICIENCY', 'TP_CAPPED']
2026-07-01 10:46:03,357 - INFO - 🟢 ENTRY [CF|EMA_Pullback_20_50_RVOL1.0|llback_20_50_RVOL1.0]: NSE:NIFTY50-INDEX BUY CALL @ 23953.35 | SL: 23939.32 TP: 24062.15
2026-07-01 10:46:03,706 - INFO - ⚡ [Structural_v3.2_RVOL1.0] warnings: ['VERY_LOW_RVOL:0.16']
2026-07-01 10:46:03,720 - INFO - ⚡ [Structural_v3.2_RVOL0.8] warnings: ['VERY_LOW_RVOL:0.16']
2026-07-01 10:46:03,723 - INFO - ⚡ [Structural_v3.2_RVOL1.0] warnings: ['VERY_LOW_RVOL:0.16']
2026-07-01 10:46:03,723 - INFO - ⚡ [Structural_v3.2_RVOL0.8] warnings: ['VERY_LOW_RVOL:0.16']
2026-07-01 10:46:03,723 - INFO - 👻 [EMA_Pullback_20_50_RVOL1.0] CF PULLBACK NSE:NIFTYBANK-INDEX BUY CALL | Rejected: ['LOW_RVOL', 'LOW_EFFICIENCY', 'TP_CAPPED']
2026-07-01 10:46:03,746 - INFO - 🟢 ENTRY [CF|EMA_Pullback_20_50_RVOL1.0|llback_20_50_RVOL1.0]: NSE:NIFTYBANK-INDEX BUY CALL @ 57701.50 | SL: 57662.50 TP: 58091.55
2026-07-01 10:51:24,995 - INFO - --- 10:51:24 Market Pulse ---
2026-07-01 10:51:26,020 - INFO - 🔴 EXIT (TRAILING_SL) [Geometry_v1.0_Score50|eometry_v1.0_Score50]: NSE:NIFTY50-INDEX @ 23956.90 | PnL +11.98R | MFE 13.03R | Capture 92% | 5bars HoldEff +2.396R/bar
2026-07-01 10:51:26,051 - INFO - 🔴 EXIT (TRAILING_SL) [CFStructural_v3.2_RVOL1.0|uctural_v3.2_RVOL1.0]: NSE:NIFTY50-INDEX @ 23964.31 | PnL +3.29R | MFE 4.34R | Capture 76% | 6bars HoldEff +0.549R/bar
2026-07-01 10:51:26,077 - INFO - 🔴 EXIT (TRAILING_SL) [CFStructural_v3.2_RVOL0.8|uctural_v3.2_RVOL0.8]: NSE:NIFTY50-INDEX @ 23964.31 | PnL +3.29R | MFE 4.34R | Capture 76% | 6bars HoldEff +0.549R/bar
2026-07-01 10:51:26,102 - INFO - 🟡 UPDATE (TRAILING_SL) [CFGeometry_v1.0_Score35|eometry_v1.0_Score35]: NSE:NIFTYBANK-INDEX @ 57697.50 | SL→57734.77 TP→57688.19
2026-07-01 10:51:26,125 - INFO - 🟡 UPDATE (TRAILING_SL) [CFGeometry_v1.0_Score50|eometry_v1.0_Score50]: NSE:NIFTYBANK-INDEX @ 57697.50 | SL→57734.77 TP→57688.19
2026-07-01 10:51:26,147 - INFO - 🟡 UPDATE (TRAILING_SL) [CFEMA_Pullback_20_50_RVOL1.0|llback_20_50_RVOL1.0]: NSE:NIFTY50-INDEX @ 23964.55 | SL→23950.52 TP→24062.15
2026-07-01 10:51:26,948 - INFO - ⚡ [Structural_v3.2_RVOL1.0] warnings: ['VERY_LOW_RVOL:0.20']
2026-07-01 10:51:26,961 - INFO - ⚡ [Structural_v3.2_RVOL0.8] warnings: ['VERY_LOW_RVOL:0.20']
2026-07-01 10:51:26,964 - INFO - ⚡ [Structural_v3.2_RVOL1.0] warnings: ['VERY_LOW_RVOL:0.20']
2026-07-01 10:51:26,964 - INFO - 👻 [Structural_v3.2_RVOL1.0] CF BREAKOUT NSE:NIFTY50-INDEX BUY PUT | Rejected: ['LOW_RVOL', 'BIAS_MISMATCH', 'LOW_EFFICIENCY', 'TP_CAPPED']
2026-07-01 10:51:26,985 - INFO - 🟢 ENTRY [CF|Structural_v3.2_RVOL1.0|uctural_v3.2_RVOL1.0]: NSE:NIFTY50-INDEX BUY PUT @ 23964.55 | SL: 23975.34 TP: 23856.60
2026-07-01 10:51:26,985 - INFO - ⚡ [Structural_v3.2_RVOL0.8] warnings: ['VERY_LOW_RVOL:0.20']
2026-07-01 10:51:26,985 - INFO - 👻 [Structural_v3.2_RVOL0.8] CF BREAKOUT NSE:NIFTY50-INDEX BUY PUT | Rejected: ['LOW_RVOL', 'BIAS_MISMATCH', 'LOW_EFFICIENCY', 'TP_CAPPED']
2026-07-01 10:51:27,006 - INFO - 🟢 ENTRY [CF|Structural_v3.2_RVOL0.8|uctural_v3.2_RVOL0.8]: NSE:NIFTY50-INDEX BUY PUT @ 23964.55 | SL: 23975.34 TP: 23856.60
2026-07-01 10:51:27,006 - INFO - 👻 [Geometry_v1.0_Score35] CF CONFLUENCE_BOUNCE NSE:NIFTY50-INDEX BUY PUT | Rejected: ['LOW_RR:0.61']
2026-07-01 10:51:27,026 - INFO - 🟢 ENTRY [CF|Geometry_v1.0_Score35|eometry_v1.0_Score35]: NSE:NIFTY50-INDEX BUY PUT @ 23964.55 | SL: 23967.59 TP: 23962.70
2026-07-01 10:51:27,026 - INFO - 👻 [Geometry_v1.0_Score50] CF CONFLUENCE_BOUNCE NSE:NIFTY50-INDEX BUY PUT | Rejected: ['LOW_RR:0.61']
2026-07-01 10:51:27,045 - INFO - 🟢 ENTRY [CF|Geometry_v1.0_Score50|eometry_v1.0_Score50]: NSE:NIFTY50-INDEX BUY PUT @ 23964.55 | SL: 23967.59 TP: 23962.70
2026-07-01 10:51:27,399 - INFO - ⚡ [Structural_v3.2_RVOL1.0] warnings: ['VERY_LOW_RVOL:0.13']
2026-07-01 10:51:27,415 - INFO - ⚡ [Structural_v3.2_RVOL0.8] warnings: ['VERY_LOW_RVOL:0.13']
2026-07-01 10:51:27,417 - INFO - ⚡ [Structural_v3.2_RVOL1.0] warnings: ['VERY_LOW_RVOL:0.13']
2026-07-01 10:51:27,418 - INFO - ⚡ [Structural_v3.2_RVOL0.8] warnings: ['VERY_LOW_RVOL:0.13']
2026-07-01 10:56:28,385 - INFO - --- 10:56:28 Market Pulse ---
2026-07-01 10:56:29,274 - INFO - 🔴 EXIT (TRAILING_SL) [CFGeometry_v1.0_Score35|eometry_v1.0_Score35]: NSE:NIFTYBANK-INDEX @ 57734.77 | PnL +1.87R | MFE 2.92R | Capture 64% | 7bars HoldEff +0.267R/bar
2026-07-01 10:56:29,308 - INFO - 🔴 EXIT (TRAILING_SL) [CFGeometry_v1.0_Score50|eometry_v1.0_Score50]: NSE:NIFTYBANK-INDEX @ 57734.77 | PnL +1.87R | MFE 2.92R | Capture 64% | 7bars HoldEff +0.267R/bar
2026-07-01 10:56:29,338 - INFO - 🟡 UPDATE (TRAILING_SL) [CFStructural_v3.2_RVOL1.0|uctural_v3.2_RVOL1.0]: NSE:NIFTYBANK-INDEX @ 57738.50 | SL→57698.90 TP→58096.49
2026-07-01 10:56:29,365 - INFO - 🟡 UPDATE (TRAILING_SL) [CFStructural_v3.2_RVOL0.8|uctural_v3.2_RVOL0.8]: NSE:NIFTYBANK-INDEX @ 57738.50 | SL→57698.90 TP→58096.49
2026-07-01 10:56:29,389 - INFO - 🟡 UPDATE (TRAILING_SL) [CFEMA_Pullback_20_50_RVOL1.0|llback_20_50_RVOL1.0]: NSE:NIFTY50-INDEX @ 23976.95 | SL→23962.92 TP→24062.15
2026-07-01 10:56:29,415 - INFO - 🟡 UPDATE (TRAILING_SL) [CFEMA_Pullback_20_50_RVOL1.0|llback_20_50_RVOL1.0]: NSE:NIFTYBANK-INDEX @ 57738.50 | SL→57699.50 TP→58091.55
2026-07-01 10:56:29,439 - INFO - 🔴 EXIT (INITIAL_SL) [CFStructural_v3.2_RVOL1.0|uctural_v3.2_RVOL1.0]: NSE:NIFTY50-INDEX @ 23975.34 | PnL -1.05R | MFE 0.00R | Capture N/A | 1bars HoldEff -1.050R/bar
2026-07-01 10:56:29,460 - INFO - 🔴 EXIT (INITIAL_SL) [CFStructural_v3.2_RVOL0.8|uctural_v3.2_RVOL0.8]: NSE:NIFTY50-INDEX @ 23975.34 | PnL -1.05R | MFE 0.00R | Capture N/A | 1bars HoldEff -1.050R/bar
2026-07-01 10:56:29,481 - INFO - 🔴 EXIT (INITIAL_SL) [CFGeometry_v1.0_Score35|eometry_v1.0_Score35]: NSE:NIFTY50-INDEX @ 23967.59 | PnL -1.05R | MFE 0.00R | Capture N/A | 1bars HoldEff -1.050R/bar
2026-07-01 10:56:29,502 - INFO - 🔴 EXIT (INITIAL_SL) [CFGeometry_v1.0_Score50|eometry_v1.0_Score50]: NSE:NIFTY50-INDEX @ 23967.59 | PnL -1.05R | MFE 0.00R | Capture N/A | 1bars HoldEff -1.050R/bar
2026-07-01 10:56:30,317 - INFO - ⚡ [Structural_v3.2_RVOL1.0] warnings: ['VERY_LOW_RVOL:0.17']
2026-07-01 10:56:30,332 - INFO - ⚡ [Structural_v3.2_RVOL0.8] warnings: ['VERY_LOW_RVOL:0.17']
2026-07-01 10:56:30,335 - INFO - ⚡ [Structural_v3.2_RVOL1.0] warnings: ['VERY_LOW_RVOL:0.17']
2026-07-01 10:56:30,335 - INFO - 👻 [Structural_v3.2_RVOL1.0] CF BREAKOUT NSE:NIFTY50-INDEX BUY CALL | Rejected: ['LOW_RVOL', 'LOW_EFFICIENCY', 'TP_CAPPED']
2026-07-01 10:56:30,357 - INFO - 🟢 ENTRY [CF|Structural_v3.2_RVOL1.0|uctural_v3.2_RVOL1.0]: NSE:NIFTY50-INDEX BUY CALL @ 23976.95 | SL: 23966.03 TP: 24086.16
2026-07-01 10:56:30,358 - INFO - ⚡ [Structural_v3.2_RVOL0.8] warnings: ['VERY_LOW_RVOL:0.17']
2026-07-01 10:56:30,358 - INFO - 👻 [Structural_v3.2_RVOL0.8] CF BREAKOUT NSE:NIFTY50-INDEX BUY CALL | Rejected: ['LOW_RVOL', 'LOW_EFFICIENCY', 'TP_CAPPED']
2026-07-01 10:56:30,379 - INFO - 🟢 ENTRY [CF|Structural_v3.2_RVOL0.8|uctural_v3.2_RVOL0.8]: NSE:NIFTY50-INDEX BUY CALL @ 23976.95 | SL: 23966.03 TP: 24086.16
2026-07-01 10:56:30,777 - INFO - ⚡ [Structural_v3.2_RVOL1.0] warnings: ['VERY_LOW_RVOL:0.17']
2026-07-01 10:56:30,792 - INFO - ⚡ [Structural_v3.2_RVOL0.8] warnings: ['VERY_LOW_RVOL:0.17']
2026-07-01 10:56:30,795 - INFO - ⚡ [Structural_v3.2_RVOL1.0] warnings: ['VERY_LOW_RVOL:0.17']
2026-07-01 10:56:30,795 - INFO - ⚡ [Structural_v3.2_RVOL0.8] warnings: ['VERY_LOW_RVOL:0.17']
2026-07-01 11:01:31,592 - INFO - --- 11:01:31 Market Pulse ---
2026-07-01 11:01:32,640 - INFO - 🟡 UPDATE (TRAILING_SL) [CFStructural_v3.2_RVOL1.0|uctural_v3.2_RVOL1.0]: NSE:NIFTYBANK-INDEX @ 57755.45 | SL→57715.85 TP→58096.49
2026-07-01 11:01:32,667 - INFO - 🟡 UPDATE (TRAILING_SL) [CFStructural_v3.2_RVOL0.8|uctural_v3.2_RVOL0.8]: NSE:NIFTYBANK-INDEX @ 57755.45 | SL→57715.85 TP→58096.49
2026-07-01 11:01:32,693 - INFO - 🟡 UPDATE (TRAILING_SL) [CFEMA_Pullback_20_50_RVOL1.0|llback_20_50_RVOL1.0]: NSE:NIFTY50-INDEX @ 23978.70 | SL→23964.67 TP→24062.15
2026-07-01 11:01:32,715 - INFO - 🟡 UPDATE (TRAILING_SL) [CFEMA_Pullback_20_50_RVOL1.0|llback_20_50_RVOL1.0]: NSE:NIFTYBANK-INDEX @ 57755.45 | SL→57716.44 TP→58091.55
2026-07-01 11:01:32,737 - INFO - 🟡 UPDATE (TRAILING_SL) [CFStructural_v3.2_RVOL1.0|uctural_v3.2_RVOL1.0]: NSE:NIFTY50-INDEX @ 23978.70 | SL→23967.78 TP→24086.16
2026-07-01 11:01:32,758 - INFO - 🟡 UPDATE (TRAILING_SL) [CFStructural_v3.2_RVOL0.8|uctural_v3.2_RVOL0.8]: NSE:NIFTY50-INDEX @ 23978.70 | SL→23967.78 TP→24086.16
2026-07-01 11:01:33,519 - INFO - ⚡ [Structural_v3.2_RVOL1.0] warnings: ['VERY_LOW_RVOL:0.21']
2026-07-01 11:01:33,533 - INFO - ⚡ [Structural_v3.2_RVOL0.8] warnings: ['VERY_LOW_RVOL:0.21']
2026-07-01 11:01:33,537 - INFO - ⚡ [Structural_v3.2_RVOL1.0] warnings: ['VERY_LOW_RVOL:0.21']
2026-07-01 11:01:33,537 - INFO - ⚡ [Structural_v3.2_RVOL0.8] warnings: ['VERY_LOW_RVOL:0.21']
2026-07-01 11:01:33,929 - INFO - ⚡ [Structural_v3.2_RVOL1.0] warnings: ['VERY_LOW_RVOL:0.17']
2026-07-01 11:01:33,943 - INFO - ⚡ [Structural_v3.2_RVOL0.8] warnings: ['VERY_LOW_RVOL:0.17']
2026-07-01 11:01:33,946 - INFO - ⚡ [Structural_v3.2_RVOL1.0] warnings: ['VERY_LOW_RVOL:0.17']
2026-07-01 11:01:33,946 - INFO - ⚡ [Structural_v3.2_RVOL0.8] warnings: ['VERY_LOW_RVOL:0.17']
2026-07-01 11:01:33,946 - INFO - 👻 [Geometry_v1.0_Score35] CF TRENDLINE_RETEST NSE:NIFTYBANK-INDEX BUY CALL | Rejected: ['LOW_RR:0.4']
2026-07-01 11:01:33,971 - INFO - 🟢 ENTRY [CF|Geometry_v1.0_Score35|eometry_v1.0_Score35]: NSE:NIFTYBANK-INDEX BUY CALL @ 57755.45 | SL: 57717.37 TP: 57770.55
2026-07-01 11:01:33,972 - INFO - 👻 [Geometry_v1.0_Score50] CF TRENDLINE_RETEST NSE:NIFTYBANK-INDEX BUY CALL | Rejected: ['LOW_RR:0.4']
2026-07-01 11:01:33,994 - INFO - 🟢 ENTRY [CF|Geometry_v1.0_Score50|eometry_v1.0_Score50]: NSE:NIFTYBANK-INDEX BUY CALL @ 57755.45 | SL: 57717.37 TP: 57770.55
2026-07-01 11:06:34,753 - INFO - --- 11:06:34 Market Pulse ---
2026-07-01 11:06:35,706 - INFO - 🟡 UPDATE (TRAILING_SL) [CFStructural_v3.2_RVOL1.0|uctural_v3.2_RVOL1.0]: NSE:NIFTYBANK-INDEX @ 57784.80 | SL→57745.20 TP→58096.49
2026-07-01 11:06:35,743 - INFO - 🟡 UPDATE (TRAILING_SL) [CFStructural_v3.2_RVOL0.8|uctural_v3.2_RVOL0.8]: NSE:NIFTYBANK-INDEX @ 57784.80 | SL→57745.20 TP→58096.49
2026-07-01 11:06:35,773 - INFO - 🟡 UPDATE (TRAILING_SL) [CFEMA_Pullback_20_50_RVOL1.0|llback_20_50_RVOL1.0]: NSE:NIFTY50-INDEX @ 23985.50 | SL→23971.47 TP→24062.15
2026-07-01 11:06:35,798 - INFO - 🟡 UPDATE (TRAILING_SL) [CFEMA_Pullback_20_50_RVOL1.0|llback_20_50_RVOL1.0]: NSE:NIFTYBANK-INDEX @ 57784.80 | SL→57745.80 TP→58091.55
2026-07-01 11:06:35,821 - INFO - 🟡 UPDATE (TRAILING_SL) [CFStructural_v3.2_RVOL1.0|uctural_v3.2_RVOL1.0]: NSE:NIFTY50-INDEX @ 23985.50 | SL→23974.58 TP→24086.16
2026-07-01 11:06:35,840 - INFO - 🟡 UPDATE (TRAILING_SL) [CFStructural_v3.2_RVOL0.8|uctural_v3.2_RVOL0.8]: NSE:NIFTY50-INDEX @ 23985.50 | SL→23974.58 TP→24086.16
2026-07-01 11:06:35,858 - INFO - 🟡 UPDATE (TP_EXPANSION) [CFGeometry_v1.0_Score35|eometry_v1.0_Score35]: NSE:NIFTYBANK-INDEX @ 57784.80 | SL→57746.72 TP→57808.63
2026-07-01 11:06:35,876 - INFO - 🟡 UPDATE (TP_EXPANSION) [CFGeometry_v1.0_Score50|eometry_v1.0_Score50]: NSE:NIFTYBANK-INDEX @ 57784.80 | SL→57746.72 TP→57808.63
2026-07-01 11:06:36,664 - INFO - ⚡ [Structural_v3.2_RVOL1.0] warnings: ['VERY_LOW_RVOL:0.20']
2026-07-01 11:06:36,679 - INFO - ⚡ [Structural_v3.2_RVOL0.8] warnings: ['VERY_LOW_RVOL:0.20']
2026-07-01 11:06:36,683 - INFO - ⚡ [Structural_v3.2_RVOL1.0] warnings: ['VERY_LOW_RVOL:0.20']
2026-07-01 11:06:36,683 - INFO - ⚡ [Structural_v3.2_RVOL0.8] warnings: ['VERY_LOW_RVOL:0.20']
2026-07-01 11:06:37,128 - INFO - ⚡ [Structural_v3.2_RVOL1.0] warnings: ['VERY_LOW_RVOL:0.16']
2026-07-01 11:06:37,141 - INFO - ⚡ [Structural_v3.2_RVOL0.8] warnings: ['VERY_LOW_RVOL:0.16']
2026-07-01 11:06:37,144 - INFO - ⚡ [Structural_v3.2_RVOL1.0] warnings: ['VERY_LOW_RVOL:0.16']
2026-07-01 11:06:37,144 - INFO - ⚡ [Structural_v3.2_RVOL0.8] warnings: ['VERY_LOW_RVOL:0.16']
2026-07-01 11:11:38,004 - INFO - --- 11:11:38 Market Pulse ---
2026-07-01 11:11:38,881 - INFO - 🟡 UPDATE (TRAILING_SL) [CFStructural_v3.2_RVOL1.0|uctural_v3.2_RVOL1.0]: NSE:NIFTYBANK-INDEX @ 57825.35 | SL→57785.75 TP→58096.49
2026-07-01 11:11:38,918 - INFO - 🟡 UPDATE (TRAILING_SL) [CFStructural_v3.2_RVOL0.8|uctural_v3.2_RVOL0.8]: NSE:NIFTYBANK-INDEX @ 57825.35 | SL→57785.75 TP→58096.49
2026-07-01 11:11:38,952 - INFO - 🟡 UPDATE (TRAILING_SL) [CFEMA_Pullback_20_50_RVOL1.0|llback_20_50_RVOL1.0]: NSE:NIFTY50-INDEX @ 23996.30 | SL→23982.27 TP→24062.15
2026-07-01 11:11:38,982 - INFO - 🟡 UPDATE (TRAILING_SL) [CFEMA_Pullback_20_50_RVOL1.0|llback_20_50_RVOL1.0]: NSE:NIFTYBANK-INDEX @ 57825.35 | SL→57786.35 TP→58091.55
2026-07-01 11:11:39,011 - INFO - 🟡 UPDATE (TRAILING_SL) [CFStructural_v3.2_RVOL1.0|uctural_v3.2_RVOL1.0]: NSE:NIFTY50-INDEX @ 23996.30 | SL→23985.38 TP→24086.16
2026-07-01 11:11:39,037 - INFO - 🟡 UPDATE (TRAILING_SL) [CFStructural_v3.2_RVOL0.8|uctural_v3.2_RVOL0.8]: NSE:NIFTY50-INDEX @ 23996.30 | SL→23985.38 TP→24086.16
2026-07-01 11:11:39,060 - INFO - 🟡 UPDATE (TP_EXPANSION) [CFGeometry_v1.0_Score35|eometry_v1.0_Score35]: NSE:NIFTYBANK-INDEX @ 57825.35 | SL→57787.27 TP→57846.71
2026-07-01 11:11:39,080 - INFO - 🟡 UPDATE (TP_EXPANSION) [CFGeometry_v1.0_Score50|eometry_v1.0_Score50]: NSE:NIFTYBANK-INDEX @ 57825.35 | SL→57787.27 TP→57846.71
2026-07-01 11:11:39,889 - INFO - ⚡ [Structural_v3.2_RVOL1.0] warnings: ['VERY_LOW_RVOL:0.43']
2026-07-01 11:11:39,903 - INFO - ⚡ [Structural_v3.2_RVOL0.8] warnings: ['VERY_LOW_RVOL:0.43']
2026-07-01 11:11:39,906 - INFO - ⚡ [Structural_v3.2_RVOL1.0] warnings: ['VERY_LOW_RVOL:0.43']
2026-07-01 11:11:39,906 - INFO - ⚡ [Structural_v3.2_RVOL0.8] warnings: ['VERY_LOW_RVOL:0.43']
2026-07-01 11:11:39,906 - INFO - 👻 [ATR_Squeeze_RVOL1.0] CF SQUEEZE_BREAKOUT NSE:NIFTY50-INDEX BUY CALL | Rejected: ['LOW_RVOL', 'TP_CAPPED']
2026-07-01 11:11:39,928 - INFO - 🟢 ENTRY [CF|ATR_Squeeze_RVOL1.0|_ATR_Squeeze_RVOL1.0]: NSE:NIFTY50-INDEX BUY CALL @ 23996.30 | SL: 23986.72 TP: 24092.10
2026-07-01 11:11:40,369 - INFO - ⚡ [Structural_v3.2_RVOL1.0] warnings: ['VERY_LOW_RVOL:0.16']
2026-07-01 11:11:40,384 - INFO - ⚡ [Structural_v3.2_RVOL0.8] warnings: ['VERY_LOW_RVOL:0.16']
2026-07-01 11:11:40,387 - INFO - ⚡ [Structural_v3.2_RVOL1.0] warnings: ['VERY_LOW_RVOL:0.16']
2026-07-01 11:11:40,387 - INFO - ⚡ [Structural_v3.2_RVOL0.8] warnings: ['VERY_LOW_RVOL:0.16']
2026-07-01 11:16:41,105 - INFO - --- 11:16:41 Market Pulse ---
2026-07-01 11:16:42,052 - INFO - 🟡 UPDATE (TRAILING_SL) [CFStructural_v3.2_RVOL1.0|uctural_v3.2_RVOL1.0]: NSE:NIFTYBANK-INDEX @ 57896.20 | SL→57856.60 TP→58096.49
2026-07-01 11:16:42,090 - INFO - 🟡 UPDATE (TRAILING_SL) [CFStructural_v3.2_RVOL0.8|uctural_v3.2_RVOL0.8]: NSE:NIFTYBANK-INDEX @ 57896.20 | SL→57856.60 TP→58096.49
2026-07-01 11:16:42,121 - INFO - 🟡 UPDATE (TRAILING_SL) [CFEMA_Pullback_20_50_RVOL1.0|llback_20_50_RVOL1.0]: NSE:NIFTY50-INDEX @ 24021.65 | SL→24007.62 TP→24062.15
2026-07-01 11:16:42,145 - INFO - 🟡 UPDATE (TRAILING_SL) [CFEMA_Pullback_20_50_RVOL1.0|llback_20_50_RVOL1.0]: NSE:NIFTYBANK-INDEX @ 57896.20 | SL→57857.19 TP→58091.55
2026-07-01 11:16:42,168 - INFO - 🟡 UPDATE (TRAILING_SL) [CFStructural_v3.2_RVOL1.0|uctural_v3.2_RVOL1.0]: NSE:NIFTY50-INDEX @ 24021.65 | SL→24010.73 TP→24086.16
2026-07-01 11:16:42,187 - INFO - 🟡 UPDATE (TRAILING_SL) [CFStructural_v3.2_RVOL0.8|uctural_v3.2_RVOL0.8]: NSE:NIFTY50-INDEX @ 24021.65 | SL→24010.73 TP→24086.16
2026-07-01 11:16:42,205 - INFO - 🟡 UPDATE (TP_EXPANSION) [CFGeometry_v1.0_Score35|eometry_v1.0_Score35]: NSE:NIFTYBANK-INDEX @ 57896.20 | SL→57858.12 TP→57884.79
2026-07-01 11:16:42,223 - INFO - 🟡 UPDATE (TP_EXPANSION) [CFGeometry_v1.0_Score50|eometry_v1.0_Score50]: NSE:NIFTYBANK-INDEX @ 57896.20 | SL→57858.12 TP→57884.79
2026-07-01 11:16:42,241 - INFO - 🟡 UPDATE (TRAILING_SL) [CFATR_Squeeze_RVOL1.0|_ATR_Squeeze_RVOL1.0]: NSE:NIFTY50-INDEX @ 24021.65 | SL→24012.07 TP→24092.10
2026-07-01 11:16:43,058 - INFO - ⚡ [Structural_v3.2_RVOL1.0] warnings: ['VERY_LOW_RVOL:0.45']
2026-07-01 11:16:43,072 - INFO - ⚡ [Structural_v3.2_RVOL0.8] warnings: ['VERY_LOW_RVOL:0.45']
2026-07-01 11:16:43,075 - INFO - ⚡ [Structural_v3.2_RVOL1.0] warnings: ['VERY_LOW_RVOL:0.45']
2026-07-01 11:16:43,075 - INFO - ⚡ [Structural_v3.2_RVOL0.8] warnings: ['VERY_LOW_RVOL:0.45']
2026-07-01 11:21:44,348 - INFO - --- 11:21:44 Market Pulse ---
2026-07-01 11:21:45,720 - INFO - 🟡 UPDATE (TRAILING_SL) [CFStructural_v3.2_RVOL1.0|uctural_v3.2_RVOL1.0]: NSE:NIFTYBANK-INDEX @ 57901.35 | SL→57861.75 TP→58096.49
2026-07-01 11:21:45,757 - INFO - 🟡 UPDATE (TRAILING_SL) [CFStructural_v3.2_RVOL0.8|uctural_v3.2_RVOL0.8]: NSE:NIFTYBANK-INDEX @ 57901.35 | SL→57861.75 TP→58096.49
2026-07-01 11:21:45,788 - INFO - 🟡 UPDATE (TRAILING_SL) [CFEMA_Pullback_20_50_RVOL1.0|llback_20_50_RVOL1.0]: NSE:NIFTYBANK-INDEX @ 57901.35 | SL→57862.35 TP→58091.55
2026-07-01 11:21:45,818 - INFO - 🟡 UPDATE (TP_EXPANSION) [CFGeometry_v1.0_Score35|eometry_v1.0_Score35]: NSE:NIFTYBANK-INDEX @ 57901.35 | SL→57863.27 TP→57922.87
2026-07-01 11:21:45,847 - INFO - 🟡 UPDATE (TP_EXPANSION) [CFGeometry_v1.0_Score50|eometry_v1.0_Score50]: NSE:NIFTYBANK-INDEX @ 57901.35 | SL→57863.27 TP→57922.87
2026-07-01 11:21:46,665 - INFO - ⚡ [Structural_v3.2_RVOL1.0] warnings: ['VERY_LOW_RVOL:0.34']
2026-07-01 11:21:46,679 - INFO - ⚡ [Structural_v3.2_RVOL0.8] warnings: ['VERY_LOW_RVOL:0.34']
2026-07-01 11:21:46,682 - INFO - ⚡ [Structural_v3.2_RVOL1.0] warnings: ['VERY_LOW_RVOL:0.34']
2026-07-01 11:21:46,682 - INFO - ⚡ [Structural_v3.2_RVOL0.8] warnings: ['VERY_LOW_RVOL:0.34']
2026-07-01 11:21:47,141 - INFO - ⚡ [Structural_v3.2_RVOL1.0] warnings: ['VERY_LOW_RVOL:0.18']
2026-07-01 11:21:47,155 - INFO - ⚡ [Structural_v3.2_RVOL0.8] warnings: ['VERY_LOW_RVOL:0.18']
2026-07-01 11:21:47,158 - INFO - ⚡ [Structural_v3.2_RVOL1.0] warnings: ['VERY_LOW_RVOL:0.18']
2026-07-01 11:21:47,158 - INFO - ⚡ [Structural_v3.2_RVOL0.8] warnings: ['VERY_LOW_RVOL:0.18']
2026-07-01 11:21:47,158 - INFO - 👻 [ATR_Squeeze_RVOL1.0] CF SQUEEZE_BREAKOUT NSE:NIFTYBANK-INDEX BUY CALL | Rejected: ['LOW_RVOL', 'TP_CAPPED']
2026-07-01 11:21:47,179 - INFO - 🟢 ENTRY [CF|ATR_Squeeze_RVOL1.0|_ATR_Squeeze_RVOL1.0]: NSE:NIFTYBANK-INDEX BUY CALL @ 57901.35 | SL: 57868.82 TP: 58226.65
2026-07-01 11:26:47,884 - INFO - --- 11:26:47 Market Pulse ---
2026-07-01 11:26:48,738 - INFO - 🔴 EXIT (TRAILING_SL) [CFStructural_v3.2_RVOL1.0|uctural_v3.2_RVOL1.0]: NSE:NIFTYBANK-INDEX @ 57861.75 | PnL +4.02R | MFE 5.07R | Capture 79% | 9bars HoldEff +0.447R/bar
2026-07-01 11:26:48,773 - INFO - 🔴 EXIT (TRAILING_SL) [CFStructural_v3.2_RVOL0.8|uctural_v3.2_RVOL0.8]: NSE:NIFTYBANK-INDEX @ 57861.75 | PnL +4.02R | MFE 5.07R | Capture 79% | 9bars HoldEff +0.447R/bar
2026-07-01 11:26:48,803 - INFO - 🔴 EXIT (TRAILING_SL) [CFEMA_Pullback_20_50_RVOL1.0|llback_20_50_RVOL1.0]: NSE:NIFTY50-INDEX @ 24007.62 | PnL +3.82R | MFE 4.87R | Capture 78% | 8bars HoldEff +0.477R/bar
2026-07-01 11:26:48,831 - INFO - 🔴 EXIT (TRAILING_SL) [CFEMA_Pullback_20_50_RVOL1.0|llback_20_50_RVOL1.0]: NSE:NIFTYBANK-INDEX @ 57862.35 | PnL +4.07R | MFE 5.12R | Capture 80% | 8bars HoldEff +0.509R/bar
2026-07-01 11:26:48,861 - INFO - 🔴 EXIT (TRAILING_SL) [CFStructural_v3.2_RVOL1.0|uctural_v3.2_RVOL1.0]: NSE:NIFTY50-INDEX @ 24010.73 | PnL +3.04R | MFE 4.09R | Capture 74% | 6bars HoldEff +0.507R/bar
2026-07-01 11:26:48,889 - INFO - 🔴 EXIT (TRAILING_SL) [CFStructural_v3.2_RVOL0.8|uctural_v3.2_RVOL0.8]: NSE:NIFTY50-INDEX @ 24010.73 | PnL +3.04R | MFE 4.09R | Capture 74% | 6bars HoldEff +0.507R/bar
2026-07-01 11:26:48,913 - INFO - 🔴 EXIT (TRAILING_SL) [CFGeometry_v1.0_Score35|eometry_v1.0_Score35]: NSE:NIFTYBANK-INDEX @ 57863.27 | PnL +2.78R | MFE 3.83R | Capture 73% | 5bars HoldEff +0.556R/bar
2026-07-01 11:26:48,937 - INFO - 🔴 EXIT (TRAILING_SL) [CFGeometry_v1.0_Score50|eometry_v1.0_Score50]: NSE:NIFTYBANK-INDEX @ 57863.27 | PnL +2.78R | MFE 3.83R | Capture 73% | 5bars HoldEff +0.556R/bar
2026-07-01 11:26:48,956 - INFO - 🔴 EXIT (TRAILING_SL) [CFATR_Squeeze_RVOL1.0|_ATR_Squeeze_RVOL1.0]: NSE:NIFTY50-INDEX @ 24012.07 | PnL +1.60R | MFE 2.65R | Capture 60% | 3bars HoldEff +0.532R/bar
2026-07-01 11:26:48,975 - INFO - 🔴 EXIT (INITIAL_SL) [CFATR_Squeeze_RVOL1.0|_ATR_Squeeze_RVOL1.0]: NSE:NIFTYBANK-INDEX @ 57868.82 | PnL -1.05R | MFE 0.00R | Capture N/A | 1bars HoldEff -1.050R/bar
2026-07-01 11:26:49,817 - INFO - ⚡ [Structural_v3.2_RVOL1.0] warnings: ['VERY_LOW_RVOL:0.34']
2026-07-01 11:26:49,832 - INFO - ⚡ [Structural_v3.2_RVOL0.8] warnings: ['VERY_LOW_RVOL:0.34']
2026-07-01 11:26:49,836 - INFO - ⚡ [Structural_v3.2_RVOL1.0] warnings: ['VERY_LOW_RVOL:0.34']
2026-07-01 11:26:49,836 - INFO - 👻 [Structural_v3.2_RVOL1.0] CF BREAKOUT NSE:NIFTY50-INDEX BUY CALL | Rejected: ['LOW_RVOL', 'LOW_EFFICIENCY', 'TP_CAPPED']
2026-07-01 11:26:49,858 - INFO - 🟢 ENTRY [CF|Structural_v3.2_RVOL1.0|uctural_v3.2_RVOL1.0]: NSE:NIFTY50-INDEX BUY CALL @ 24002.20 | SL: 23992.46 TP: 24099.63
2026-07-01 11:26:49,859 - INFO - ⚡ [Structural_v3.2_RVOL0.8] warnings: ['VERY_LOW_RVOL:0.34']
2026-07-01 11:26:49,859 - INFO - 👻 [Structural_v3.2_RVOL0.8] CF BREAKOUT NSE:NIFTY50-INDEX BUY CALL | Rejected: ['LOW_RVOL', 'LOW_EFFICIENCY', 'TP_CAPPED']
2026-07-01 11:26:49,879 - INFO - 🟢 ENTRY [CF|Structural_v3.2_RVOL0.8|uctural_v3.2_RVOL0.8]: NSE:NIFTY50-INDEX BUY CALL @ 24002.20 | SL: 23992.46 TP: 24099.63
2026-07-01 11:26:49,880 - INFO - 👻 [ATR_Squeeze_RVOL1.0] CF SQUEEZE_BREAKOUT NSE:NIFTY50-INDEX BUY CALL | Rejected: ['LOW_RVOL', 'TP_CAPPED']
2026-07-01 11:26:49,899 - INFO - 🟢 ENTRY [CF|ATR_Squeeze_RVOL1.0|_ATR_Squeeze_RVOL1.0]: NSE:NIFTY50-INDEX BUY CALL @ 24002.20 | SL: 23992.46 TP: 24099.65
2026-07-01 11:26:50,363 - INFO - ⚡ [Structural_v3.2_RVOL1.0] warnings: ['VERY_LOW_RVOL:0.23']
2026-07-01 11:26:50,377 - INFO - ⚡ [Structural_v3.2_RVOL0.8] warnings: ['VERY_LOW_RVOL:0.23']
2026-07-01 11:26:50,380 - INFO - ⚡ [Structural_v3.2_RVOL1.0] warnings: ['VERY_LOW_RVOL:0.23']
2026-07-01 11:26:50,380 - INFO - 👻 [Structural_v3.2_RVOL1.0] CF BREAKOUT NSE:NIFTYBANK-INDEX BUY CALL | Rejected: ['LOW_RVOL', 'TP_CAPPED']
2026-07-01 11:26:50,401 - INFO - 🟢 ENTRY [CF|Structural_v3.2_RVOL1.0|uctural_v3.2_RVOL1.0]: NSE:NIFTYBANK-INDEX BUY CALL @ 57854.65 | SL: 57824.15 TP: 58159.69
2026-07-01 11:26:50,401 - INFO - ⚡ [Structural_v3.2_RVOL0.8] warnings: ['VERY_LOW_RVOL:0.23']
2026-07-01 11:26:50,401 - INFO - 👻 [Structural_v3.2_RVOL0.8] CF BREAKOUT NSE:NIFTYBANK-INDEX BUY CALL | Rejected: ['LOW_RVOL', 'TP_CAPPED']
2026-07-01 11:26:50,421 - INFO - 🟢 ENTRY [CF|Structural_v3.2_RVOL0.8|uctural_v3.2_RVOL0.8]: NSE:NIFTYBANK-INDEX BUY CALL @ 57854.65 | SL: 57824.15 TP: 58159.69
2026-07-01 11:26:50,421 - INFO - 👻 [ATR_Squeeze_RVOL1.0] CF SQUEEZE_BREAKOUT NSE:NIFTYBANK-INDEX BUY CALL | Rejected: ['LOW_RVOL', 'TP_CAPPED']
2026-07-01 11:26:50,440 - INFO - 🟢 ENTRY [CF|ATR_Squeeze_RVOL1.0|_ATR_Squeeze_RVOL1.0]: NSE:NIFTYBANK-INDEX BUY CALL @ 57854.65 | SL: 57824.15 TP: 58159.70
2026-07-01 11:26:50,440 - INFO - 👻 [Geometry_v1.0_Score35] CF TRENDLINE_RETEST NSE:NIFTYBANK-INDEX BUY PUT | Rejected: ['LOW_RR:0.18']
2026-07-01 11:26:50,458 - INFO - 🟢 ENTRY [CF|Geometry_v1.0_Score35|eometry_v1.0_Score35]: NSE:NIFTYBANK-INDEX BUY PUT @ 57854.65 | SL: 57879.90 TP: 57850.00
2026-07-01 11:26:50,458 - INFO - 👻 [Geometry_v1.0_Score50] CF TRENDLINE_RETEST NSE:NIFTYBANK-INDEX BUY PUT | Rejected: ['LOW_RR:0.18']
2026-07-01 11:26:50,476 - INFO - 🟢 ENTRY [CF|Geometry_v1.0_Score50|eometry_v1.0_Score50]: NSE:NIFTYBANK-INDEX BUY PUT @ 57854.65 | SL: 57879.90 TP: 57850.00
2026-07-01 11:31:51,207 - INFO - --- 11:31:51 Market Pulse ---
2026-07-01 11:31:52,749 - INFO - 🟡 UPDATE (TRAILING_SL) [CFStructural_v3.2_RVOL1.0|uctural_v3.2_RVOL1.0]: NSE:NIFTY50-INDEX @ 24004.65 | SL→23994.91 TP→24099.63
2026-07-01 11:31:52,784 - INFO - 🟡 UPDATE (TRAILING_SL) [CFStructural_v3.2_RVOL0.8|uctural_v3.2_RVOL0.8]: NSE:NIFTY50-INDEX @ 24004.65 | SL→23994.91 TP→24099.63
2026-07-01 11:31:52,815 - INFO - 🟡 UPDATE (TRAILING_SL) [CFATR_Squeeze_RVOL1.0|_ATR_Squeeze_RVOL1.0]: NSE:NIFTY50-INDEX @ 24004.65 | SL→23994.91 TP→24099.65
2026-07-01 11:31:52,844 - INFO - 🟡 UPDATE (TRAILING_SL) [CFStructural_v3.2_RVOL1.0|uctural_v3.2_RVOL1.0]: NSE:NIFTYBANK-INDEX @ 57857.45 | SL→57826.95 TP→58159.69
2026-07-01 11:31:52,872 - INFO - 🟡 UPDATE (TRAILING_SL) [CFStructural_v3.2_RVOL0.8|uctural_v3.2_RVOL0.8]: NSE:NIFTYBANK-INDEX @ 57857.45 | SL→57826.95 TP→58159.69
2026-07-01 11:31:52,899 - INFO - 🟡 UPDATE (TRAILING_SL) [CFATR_Squeeze_RVOL1.0|_ATR_Squeeze_RVOL1.0]: NSE:NIFTYBANK-INDEX @ 57857.45 | SL→57826.94 TP→58159.70
2026-07-01 11:31:53,806 - INFO - ⚡ [Structural_v3.2_RVOL1.0] warnings: ['VERY_LOW_RVOL:0.17']
2026-07-01 11:31:53,821 - INFO - ⚡ [Structural_v3.2_RVOL0.8] warnings: ['VERY_LOW_RVOL:0.17']
2026-07-01 11:31:53,824 - INFO - ⚡ [Structural_v3.2_RVOL1.0] warnings: ['VERY_LOW_RVOL:0.17']
2026-07-01 11:31:53,824 - INFO - ⚡ [Structural_v3.2_RVOL0.8] warnings: ['VERY_LOW_RVOL:0.17']
2026-07-01 11:31:54,252 - INFO - ⚡ [Structural_v3.2_RVOL1.0] warnings: ['VERY_LOW_RVOL:0.24']
2026-07-01 11:31:54,266 - INFO - ⚡ [Structural_v3.2_RVOL0.8] warnings: ['VERY_LOW_RVOL:0.24']
2026-07-01 11:31:54,269 - INFO - ⚡ [Structural_v3.2_RVOL1.0] warnings: ['VERY_LOW_RVOL:0.24']
2026-07-01 11:31:54,269 - INFO - ⚡ [Structural_v3.2_RVOL0.8] warnings: ['VERY_LOW_RVOL:0.24']
2026-07-01 11:36:54,979 - INFO - --- 11:36:54 Market Pulse ---
2026-07-01 11:36:56,437 - INFO - 🔴 EXIT (TRAILING_SL) [CFStructural_v3.2_RVOL1.0|uctural_v3.2_RVOL1.0]: NSE:NIFTY50-INDEX @ 23994.91 | PnL -0.80R | MFE 0.25R | Capture -318% | 2bars HoldEff -0.399R/bar
2026-07-01 11:36:56,474 - INFO - 🔴 EXIT (TRAILING_SL) [CFStructural_v3.2_RVOL0.8|uctural_v3.2_RVOL0.8]: NSE:NIFTY50-INDEX @ 23994.91 | PnL -0.80R | MFE 0.25R | Capture -318% | 2bars HoldEff -0.399R/bar
2026-07-01 11:36:56,506 - INFO - 🔴 EXIT (TRAILING_SL) [CFATR_Squeeze_RVOL1.0|_ATR_Squeeze_RVOL1.0]: NSE:NIFTY50-INDEX @ 23994.91 | PnL -0.80R | MFE 0.25R | Capture -318% | 2bars HoldEff -0.399R/bar
2026-07-01 11:36:56,536 - INFO - 🟡 UPDATE (TP_EXPANSION) [CFGeometry_v1.0_Score35|eometry_v1.0_Score35]: NSE:NIFTYBANK-INDEX @ 57835.20 | SL→57860.45 TP→57824.75
2026-07-01 11:36:56,564 - INFO - 🟡 UPDATE (TP_EXPANSION) [CFGeometry_v1.0_Score50|eometry_v1.0_Score50]: NSE:NIFTYBANK-INDEX @ 57835.20 | SL→57860.45 TP→57824.75
2026-07-01 11:36:57,491 - INFO - ⚡ [Structural_v3.2_RVOL1.0] warnings: ['VERY_LOW_RVOL:0.40']
2026-07-01 11:36:57,505 - INFO - ⚡ [Structural_v3.2_RVOL0.8] warnings: ['VERY_LOW_RVOL:0.40']
2026-07-01 11:36:57,508 - INFO - ⚡ [Structural_v3.2_RVOL1.0] warnings: ['VERY_LOW_RVOL:0.40']
2026-07-01 11:36:57,508 - INFO - 👻 [Structural_v3.2_RVOL1.0] CF BREAKOUT NSE:NIFTY50-INDEX BUY CALL | Rejected: ['LOW_RVOL', 'LOW_EFFICIENCY', 'HIGH_WICKINESS', 'TP_CAPPED']
2026-07-01 11:36:57,528 - INFO - 🟢 ENTRY [CF|Structural_v3.2_RVOL1.0|uctural_v3.2_RVOL1.0]: NSE:NIFTY50-INDEX BUY CALL @ 23992.25 | SL: 23982.81 TP: 24086.70
2026-07-01 11:36:57,528 - INFO - ⚡ [Structural_v3.2_RVOL0.8] warnings: ['VERY_LOW_RVOL:0.40']
2026-07-01 11:36:57,528 - INFO - 👻 [Structural_v3.2_RVOL0.8] CF BREAKOUT NSE:NIFTY50-INDEX BUY CALL | Rejected: ['LOW_RVOL', 'LOW_EFFICIENCY', 'HIGH_WICKINESS', 'TP_CAPPED']
2026-07-01 11:36:57,547 - INFO - 🟢 ENTRY [CF|Structural_v3.2_RVOL0.8|uctural_v3.2_RVOL0.8]: NSE:NIFTY50-INDEX BUY CALL @ 23992.25 | SL: 23982.81 TP: 24086.70
2026-07-01 11:36:57,547 - INFO - 👻 [ATR_Squeeze_RVOL1.0] CF SQUEEZE_BREAKOUT NSE:NIFTY50-INDEX BUY CALL | Rejected: ['LOW_RVOL', 'TP_CAPPED']
2026-07-01 11:36:57,566 - INFO - 🟢 ENTRY [CF|ATR_Squeeze_RVOL1.0|_ATR_Squeeze_RVOL1.0]: NSE:NIFTY50-INDEX BUY CALL @ 23992.25 | SL: 23982.81 TP: 24086.70
2026-07-01 11:36:58,000 - INFO - ⚡ [Structural_v3.2_RVOL1.0] warnings: ['VERY_LOW_RVOL:0.28']
2026-07-01 11:36:58,014 - INFO - ⚡ [Structural_v3.2_RVOL0.8] warnings: ['VERY_LOW_RVOL:0.28']
2026-07-01 11:36:58,018 - INFO - ⚡ [Structural_v3.2_RVOL1.0] warnings: ['VERY_LOW_RVOL:0.28']
2026-07-01 11:36:58,018 - INFO - ⚡ [Structural_v3.2_RVOL0.8] warnings: ['VERY_LOW_RVOL:0.28']
2026-07-01 11:41:58,735 - INFO - --- 11:41:58 Market Pulse ---
2026-07-01 11:41:59,699 - INFO - 🟡 UPDATE (TRAILING_SL) [CFStructural_v3.2_RVOL1.0|uctural_v3.2_RVOL1.0]: NSE:NIFTY50-INDEX @ 24003.35 | SL→23993.91 TP→24086.70
2026-07-01 11:41:59,737 - INFO - 🟡 UPDATE (TRAILING_SL) [CFStructural_v3.2_RVOL0.8|uctural_v3.2_RVOL0.8]: NSE:NIFTY50-INDEX @ 24003.35 | SL→23993.91 TP→24086.70
2026-07-01 11:41:59,766 - INFO - 🟡 UPDATE (TRAILING_SL) [CFATR_Squeeze_RVOL1.0|_ATR_Squeeze_RVOL1.0]: NSE:NIFTY50-INDEX @ 24003.35 | SL→23993.90 TP→24086.70
2026-07-01 11:42:00,676 - INFO - ⚡ [Structural_v3.2_RVOL1.0] warnings: ['VERY_LOW_RVOL:0.33']
2026-07-01 11:42:00,690 - INFO - ⚡ [Structural_v3.2_RVOL0.8] warnings: ['VERY_LOW_RVOL:0.33']
2026-07-01 11:42:00,693 - INFO - ⚡ [Structural_v3.2_RVOL1.0] warnings: ['VERY_LOW_RVOL:0.33']
2026-07-01 11:42:00,693 - INFO - ⚡ [Structural_v3.2_RVOL0.8] warnings: ['VERY_LOW_RVOL:0.33']
2026-07-01 11:42:00,693 - INFO - 🚀 SIGNAL: NSE:NIFTY50-INDEX BUY CALL | [Geometry_v1.0_Score35]
2026-07-01 11:42:00,693 - INFO -    Entry: 24003.35 | SL: 23997.26 | TP: 24019.49 (RR: 2.65)
2026-07-01 11:42:00,714 - INFO - 🟢 ENTRY [Geometry_v1.0_Score35|INDEX_1782886318]: NSE:NIFTY50-INDEX BUY CALL @ 24003.35 | SL: 23997.26 TP: 24019.49
2026-07-01 11:42:01,139 - INFO - ⚡ [Structural_v3.2_RVOL1.0] warnings: ['VERY_LOW_RVOL:0.29']
2026-07-01 11:42:01,154 - INFO - ⚡ [Structural_v3.2_RVOL0.8] warnings: ['VERY_LOW_RVOL:0.29']
2026-07-01 11:42:01,157 - INFO - ⚡ [Structural_v3.2_RVOL1.0] warnings: ['VERY_LOW_RVOL:0.29']
2026-07-01 11:42:01,157 - INFO - ⚡ [Structural_v3.2_RVOL0.8] warnings: ['VERY_LOW_RVOL:0.29']
2026-07-01 11:42:01,157 - INFO - 👻 [Geometry_v1.0_Score35] CF TRENDLINE_RETEST NSE:NIFTYBANK-INDEX BUY CALL | Rejected: ['LOW_RR:0.22']
2026-07-01 11:42:01,180 - INFO - 🟢 ENTRY [CF|Geometry_v1.0_Score35|eometry_v1.0_Score35]: NSE:NIFTYBANK-INDEX BUY CALL @ 57843.75 | SL: 57814.99 TP: 57850.00
2026-07-01 11:42:01,181 - INFO - 👻 [Geometry_v1.0_Score50] CF TRENDLINE_RETEST NSE:NIFTYBANK-INDEX BUY CALL | Rejected: ['LOW_RR:0.22']
2026-07-01 11:42:01,202 - INFO - 🟢 ENTRY [CF|Geometry_v1.0_Score50|eometry_v1.0_Score50]: NSE:NIFTYBANK-INDEX BUY CALL @ 57843.75 | SL: 57814.99 TP: 57850.00
2026-07-01 11:47:01,908 - INFO - --- 11:47:01 Market Pulse ---
2026-07-01 11:47:02,701 - INFO - 🟡 UPDATE (TRAILING_SL) [Geometry_v1.0_Score35|eometry_v1.0_Score35]: NSE:NIFTY50-INDEX @ 24018.30 | SL→24012.21 TP→24019.49
2026-07-01 11:47:02,739 - INFO - 🟡 UPDATE (TRAILING_SL) [CFStructural_v3.2_RVOL1.0|uctural_v3.2_RVOL1.0]: NSE:NIFTYBANK-INDEX @ 57899.30 | SL→57868.80 TP→58159.69
2026-07-01 11:47:02,772 - INFO - 🟡 UPDATE (TRAILING_SL) [CFStructural_v3.2_RVOL0.8|uctural_v3.2_RVOL0.8]: NSE:NIFTYBANK-INDEX @ 57899.30 | SL→57868.80 TP→58159.69
2026-07-01 11:47:02,805 - INFO - 🟡 UPDATE (TRAILING_SL) [CFATR_Squeeze_RVOL1.0|_ATR_Squeeze_RVOL1.0]: NSE:NIFTYBANK-INDEX @ 57899.30 | SL→57868.80 TP→58159.70
2026-07-01 11:47:02,833 - INFO - 🔴 EXIT (TRAILING_SL) [CFGeometry_v1.0_Score35|eometry_v1.0_Score35]: NSE:NIFTYBANK-INDEX @ 57860.45 | PnL -0.28R | MFE 0.77R | Capture -36% | 4bars HoldEff -0.070R/bar
2026-07-01 11:47:02,861 - INFO - 🔴 EXIT (TRAILING_SL) [CFGeometry_v1.0_Score50|eometry_v1.0_Score50]: NSE:NIFTYBANK-INDEX @ 57860.45 | PnL -0.28R | MFE 0.77R | Capture -36% | 4bars HoldEff -0.070R/bar
2026-07-01 11:47:02,889 - INFO - 🟡 UPDATE (TRAILING_SL) [CFStructural_v3.2_RVOL1.0|uctural_v3.2_RVOL1.0]: NSE:NIFTY50-INDEX @ 24018.30 | SL→24008.86 TP→24086.70
2026-07-01 11:47:02,917 - INFO - 🟡 UPDATE (TRAILING_SL) [CFStructural_v3.2_RVOL0.8|uctural_v3.2_RVOL0.8]: NSE:NIFTY50-INDEX @ 24018.30 | SL→24008.86 TP→24086.70
2026-07-01 11:47:02,939 - INFO - 🟡 UPDATE (TRAILING_SL) [CFATR_Squeeze_RVOL1.0|_ATR_Squeeze_RVOL1.0]: NSE:NIFTY50-INDEX @ 24018.30 | SL→24008.85 TP→24086.70
2026-07-01 11:47:02,962 - INFO - 🟡 UPDATE (TP_EXPANSION) [CFGeometry_v1.0_Score35|eometry_v1.0_Score35]: NSE:NIFTYBANK-INDEX @ 57899.30 | SL→57870.54 TP→57878.76
2026-07-01 11:47:02,981 - INFO - 🟡 UPDATE (TP_EXPANSION) [CFGeometry_v1.0_Score50|eometry_v1.0_Score50]: NSE:NIFTYBANK-INDEX @ 57899.30 | SL→57870.54 TP→57878.76
2026-07-01 11:47:03,891 - INFO - 👻 [Geometry_v1.0_Score35] CF CONFLUENCE_BOUNCE NSE:NIFTY50-INDEX BUY CALL | Rejected: ['LOW_RR:0.66']
2026-07-01 11:47:03,912 - INFO - 🟢 ENTRY [CF|Geometry_v1.0_Score35|eometry_v1.0_Score35]: NSE:NIFTY50-INDEX BUY CALL @ 24018.30 | SL: 24015.93 TP: 24019.87
2026-07-01 11:47:03,912 - INFO - 👻 [Geometry_v1.0_Score50] CF CONFLUENCE_BOUNCE NSE:NIFTY50-INDEX BUY CALL | Rejected: ['LOW_RR:0.66']
2026-07-01 11:47:03,931 - INFO - 🟢 ENTRY [CF|Geometry_v1.0_Score50|eometry_v1.0_Score50]: NSE:NIFTY50-INDEX BUY CALL @ 24018.30 | SL: 24015.93 TP: 24019.87
2026-07-01 11:47:04,400 - INFO - ⚡ [Structural_v3.2_RVOL1.0] warnings: ['VERY_LOW_RVOL:0.42']
2026-07-01 11:47:04,414 - INFO - ⚡ [Structural_v3.2_RVOL0.8] warnings: ['VERY_LOW_RVOL:0.42']
2026-07-01 11:47:04,417 - INFO - ⚡ [Structural_v3.2_RVOL1.0] warnings: ['VERY_LOW_RVOL:0.42']
2026-07-01 11:47:04,418 - INFO - ⚡ [Structural_v3.2_RVOL0.8] warnings: ['VERY_LOW_RVOL:0.42']
2026-07-01 11:52:05,209 - INFO - --- 11:52:05 Market Pulse ---
2026-07-01 11:52:06,265 - INFO - 🟡 UPDATE (TRAILING_SL) [CFStructural_v3.2_RVOL1.0|uctural_v3.2_RVOL1.0]: NSE:NIFTYBANK-INDEX @ 57917.35 | SL→57886.85 TP→58159.69
2026-07-01 11:52:06,291 - INFO - 🟡 UPDATE (TRAILING_SL) [CFStructural_v3.2_RVOL0.8|uctural_v3.2_RVOL0.8]: NSE:NIFTYBANK-INDEX @ 57917.35 | SL→57886.85 TP→58159.69
2026-07-01 11:52:06,315 - INFO - 🟡 UPDATE (TRAILING_SL) [CFATR_Squeeze_RVOL1.0|_ATR_Squeeze_RVOL1.0]: NSE:NIFTYBANK-INDEX @ 57917.35 | SL→57886.85 TP→58159.70
2026-07-01 11:52:06,336 - INFO - 🟡 UPDATE (TP_EXPANSION) [CFGeometry_v1.0_Score35|eometry_v1.0_Score35]: NSE:NIFTYBANK-INDEX @ 57917.35 | SL→57888.59 TP→57907.52
2026-07-01 11:52:06,356 - INFO - 🟡 UPDATE (TP_EXPANSION) [CFGeometry_v1.0_Score50|eometry_v1.0_Score50]: NSE:NIFTYBANK-INDEX @ 57917.35 | SL→57888.59 TP→57907.52
2026-07-01 11:52:06,375 - INFO - 🔴 EXIT (INITIAL_SL) [CFGeometry_v1.0_Score35|eometry_v1.0_Score35]: NSE:NIFTY50-INDEX @ 24015.93 | PnL -1.05R | MFE 0.00R | Capture N/A | 1bars HoldEff -1.050R/bar
2026-07-01 11:52:06,393 - INFO - 🔴 EXIT (INITIAL_SL) [CFGeometry_v1.0_Score50|eometry_v1.0_Score50]: NSE:NIFTY50-INDEX @ 24015.93 | PnL -1.05R | MFE 0.00R | Capture N/A | 1bars HoldEff -1.050R/bar
2026-07-01 11:52:07,829 - INFO - ⚡ [Structural_v3.2_RVOL1.0] warnings: ['VERY_LOW_RVOL:0.35']
2026-07-01 11:52:07,843 - INFO - ⚡ [Structural_v3.2_RVOL0.8] warnings: ['VERY_LOW_RVOL:0.35']
2026-07-01 11:52:07,846 - INFO - ⚡ [Structural_v3.2_RVOL1.0] warnings: ['VERY_LOW_RVOL:0.35']
2026-07-01 11:52:07,846 - INFO - ⚡ [Structural_v3.2_RVOL0.8] warnings: ['VERY_LOW_RVOL:0.35']
2026-07-01 11:57:08,606 - INFO - --- 11:57:08 Market Pulse ---
2026-07-01 11:57:09,513 - INFO - 🔴 EXIT (TRAILING_SL) [Geometry_v1.0_Score35|eometry_v1.0_Score35]: NSE:NIFTY50-INDEX @ 24012.21 | PnL +1.40R | MFE 2.45R | Capture 57% | 3bars HoldEff +0.468R/bar
2026-07-01 11:57:09,551 - INFO - 🔴 EXIT (TRAILING_SL) [CFStructural_v3.2_RVOL1.0|uctural_v3.2_RVOL1.0]: NSE:NIFTY50-INDEX @ 24008.86 | PnL +1.71R | MFE 2.76R | Capture 62% | 4bars HoldEff +0.427R/bar
2026-07-01 11:57:09,584 - INFO - 🔴 EXIT (TRAILING_SL) [CFStructural_v3.2_RVOL0.8|uctural_v3.2_RVOL0.8]: NSE:NIFTY50-INDEX @ 24008.86 | PnL +1.71R | MFE 2.76R | Capture 62% | 4bars HoldEff +0.427R/bar
2026-07-01 11:57:09,612 - INFO - 🔴 EXIT (TRAILING_SL) [CFATR_Squeeze_RVOL1.0|_ATR_Squeeze_RVOL1.0]: NSE:NIFTY50-INDEX @ 24008.85 | PnL +1.71R | MFE 2.76R | Capture 62% | 4bars HoldEff +0.427R/bar
2026-07-01 11:57:09,638 - INFO - 🟡 UPDATE (TP_EXPANSION) [CFGeometry_v1.0_Score35|eometry_v1.0_Score35]: NSE:NIFTYBANK-INDEX @ 57915.45 | SL→57888.59 TP→57936.28
2026-07-01 11:57:09,662 - INFO - 🟡 UPDATE (TP_EXPANSION) [CFGeometry_v1.0_Score50|eometry_v1.0_Score50]: NSE:NIFTYBANK-INDEX @ 57915.45 | SL→57888.59 TP→57936.28
2026-07-01 11:57:10,629 - INFO - 👻 [Structural_v3.2_RVOL1.0] CF BREAKOUT NSE:NIFTY50-INDEX BUY CALL | Rejected: ['LOW_RVOL', 'LOW_EFFICIENCY', 'TP_CAPPED']
2026-07-01 11:57:10,651 - INFO - 🟢 ENTRY [CF|Structural_v3.2_RVOL1.0|uctural_v3.2_RVOL1.0]: NSE:NIFTY50-INDEX BUY CALL @ 24008.45 | SL: 24000.29 TP: 24090.09
2026-07-01 11:57:10,651 - INFO - 👻 [Structural_v3.2_RVOL0.8] CF BREAKOUT NSE:NIFTY50-INDEX BUY CALL | Rejected: ['LOW_RVOL', 'LOW_EFFICIENCY', 'TP_CAPPED']
2026-07-01 11:57:10,670 - INFO - 🟢 ENTRY [CF|Structural_v3.2_RVOL0.8|uctural_v3.2_RVOL0.8]: NSE:NIFTY50-INDEX BUY CALL @ 24008.45 | SL: 24000.29 TP: 24090.09
2026-07-01 11:57:10,670 - INFO - 👻 [ATR_Squeeze_RVOL1.0] CF SQUEEZE_BREAKOUT NSE:NIFTY50-INDEX BUY CALL | Rejected: ['LOW_RVOL', 'TP_CAPPED']
2026-07-01 11:57:10,689 - INFO - 🟢 ENTRY [CF|ATR_Squeeze_RVOL1.0|_ATR_Squeeze_RVOL1.0]: NSE:NIFTY50-INDEX BUY CALL @ 24008.45 | SL: 24000.28 TP: 24090.10
2026-07-01 11:57:11,157 - INFO - ⚡ [Structural_v3.2_RVOL1.0] warnings: ['VERY_LOW_RVOL:0.38']
2026-07-01 11:57:11,172 - INFO - ⚡ [Structural_v3.2_RVOL0.8] warnings: ['VERY_LOW_RVOL:0.38']
2026-07-01 11:57:11,175 - INFO - ⚡ [Structural_v3.2_RVOL1.0] warnings: ['VERY_LOW_RVOL:0.38']
2026-07-01 11:57:11,175 - INFO - ⚡ [Structural_v3.2_RVOL0.8] warnings: ['VERY_LOW_RVOL:0.38']
2026-07-01 11:57:11,175 - INFO - 👻 [VWAP_Reversion_1.5ATR_RVOL1.0] CF REVERSION NSE:NIFTYBANK-INDEX BUY PUT | Rejected: ['LOW_RVOL', 'BIAS_MISMATCH']
2026-07-01 11:57:11,197 - INFO - 🟢 ENTRY [CF|VWAP_Reversion_1.5ATR_RVOL1.0|rsion_1.5ATR_RVOL1.0]: NSE:NIFTYBANK-INDEX BUY PUT @ 57915.45 | SL: 57940.14 TP: 57707.70
2026-07-01 12:02:11,951 - INFO - --- 12:02:11 Market Pulse ---
2026-07-01 12:02:12,953 - INFO - 🟡 UPDATE (TRAILING_SL) [CFStructural_v3.2_RVOL1.0|uctural_v3.2_RVOL1.0]: NSE:NIFTYBANK-INDEX @ 57980.15 | SL→57949.65 TP→58159.69
2026-07-01 12:02:12,988 - INFO - 🟡 UPDATE (TRAILING_SL) [CFStructural_v3.2_RVOL0.8|uctural_v3.2_RVOL0.8]: NSE:NIFTYBANK-INDEX @ 57980.15 | SL→57949.65 TP→58159.69
2026-07-01 12:02:13,014 - INFO - 🟡 UPDATE (TRAILING_SL) [CFATR_Squeeze_RVOL1.0|_ATR_Squeeze_RVOL1.0]: NSE:NIFTYBANK-INDEX @ 57980.15 | SL→57949.65 TP→58159.70
2026-07-01 12:02:13,035 - INFO - 🟡 UPDATE (TP_EXPANSION) [CFGeometry_v1.0_Score35|eometry_v1.0_Score35]: NSE:NIFTYBANK-INDEX @ 57980.15 | SL→57951.39 TP→57965.04
2026-07-01 12:02:13,053 - INFO - 🟡 UPDATE (TP_EXPANSION) [CFGeometry_v1.0_Score50|eometry_v1.0_Score50]: NSE:NIFTYBANK-INDEX @ 57980.15 | SL→57951.39 TP→57965.04
2026-07-01 12:02:13,072 - INFO - 🟡 UPDATE (TRAILING_SL) [CFStructural_v3.2_RVOL1.0|uctural_v3.2_RVOL1.0]: NSE:NIFTY50-INDEX @ 24028.05 | SL→24019.89 TP→24090.09
2026-07-01 12:02:13,090 - INFO - 🟡 UPDATE (TRAILING_SL) [CFStructural_v3.2_RVOL0.8|uctural_v3.2_RVOL0.8]: NSE:NIFTY50-INDEX @ 24028.05 | SL→24019.89 TP→24090.09
2026-07-01 12:02:13,108 - INFO - 🟡 UPDATE (TRAILING_SL) [CFATR_Squeeze_RVOL1.0|_ATR_Squeeze_RVOL1.0]: NSE:NIFTY50-INDEX @ 24028.05 | SL→24019.88 TP→24090.10
2026-07-01 12:02:13,127 - INFO - 🔴 EXIT (INITIAL_SL) [CFVWAP_Reversion_1.5ATR_RVOL1.0|rsion_1.5ATR_RVOL1.0]: NSE:NIFTYBANK-INDEX @ 57940.14 | PnL -1.05R | MFE 0.00R | Capture N/A | 1bars HoldEff -1.050R/bar
2026-07-01 12:07:15,339 - INFO - --- 12:07:15 Market Pulse ---
2026-07-01 12:07:16,471 - INFO - 🔴 EXIT (TRAILING_SL) [CFStructural_v3.2_RVOL1.0|uctural_v3.2_RVOL1.0]: NSE:NIFTYBANK-INDEX @ 57949.65 | PnL +3.06R | MFE 4.11R | Capture 74% | 8bars HoldEff +0.383R/bar
2026-07-01 12:07:16,500 - INFO - 🔴 EXIT (TRAILING_SL) [CFStructural_v3.2_RVOL0.8|uctural_v3.2_RVOL0.8]: NSE:NIFTYBANK-INDEX @ 57949.65 | PnL +3.06R | MFE 4.11R | Capture 74% | 8bars HoldEff +0.383R/bar
2026-07-01 12:07:16,524 - INFO - 🔴 EXIT (TRAILING_SL) [CFATR_Squeeze_RVOL1.0|_ATR_Squeeze_RVOL1.0]: NSE:NIFTYBANK-INDEX @ 57949.65 | PnL +3.06R | MFE 4.11R | Capture 74% | 8bars HoldEff +0.383R/bar
2026-07-01 12:07:16,545 - INFO - 🔴 EXIT (TRAILING_SL) [CFGeometry_v1.0_Score35|eometry_v1.0_Score35]: NSE:NIFTYBANK-INDEX @ 57951.39 | PnL +3.69R | MFE 4.74R | Capture 78% | 5bars HoldEff +0.739R/bar
2026-07-01 12:07:16,564 - INFO - 🔴 EXIT (TRAILING_SL) [CFGeometry_v1.0_Score50|eometry_v1.0_Score50]: NSE:NIFTYBANK-INDEX @ 57951.39 | PnL +3.69R | MFE 4.74R | Capture 78% | 5bars HoldEff +0.739R/bar
2026-07-01 12:07:18,019 - INFO - ⚡ [Structural_v3.2_RVOL1.0] warnings: ['VERY_LOW_RVOL:0.27']
2026-07-01 12:07:18,031 - INFO - ⚡ [Structural_v3.2_RVOL0.8] warnings: ['VERY_LOW_RVOL:0.27']
2026-07-01 12:07:18,034 - INFO - ⚡ [Structural_v3.2_RVOL1.0] warnings: ['VERY_LOW_RVOL:0.27']
2026-07-01 12:07:18,034 - INFO - 👻 [Structural_v3.2_RVOL1.0] CF BREAKOUT NSE:NIFTYBANK-INDEX BUY CALL | Rejected: ['LOW_RVOL', 'LOW_EFFICIENCY', 'TP_CAPPED']
2026-07-01 12:07:18,054 - INFO - 🟢 ENTRY [CF|Structural_v3.2_RVOL1.0|uctural_v3.2_RVOL1.0]: NSE:NIFTYBANK-INDEX BUY CALL @ 57944.35 | SL: 57917.73 TP: 58210.51
2026-07-01 12:07:18,054 - INFO - ⚡ [Structural_v3.2_RVOL0.8] warnings: ['VERY_LOW_RVOL:0.27']
2026-07-01 12:07:18,054 - INFO - 👻 [Structural_v3.2_RVOL0.8] CF BREAKOUT NSE:NIFTYBANK-INDEX BUY CALL | Rejected: ['LOW_RVOL', 'LOW_EFFICIENCY', 'TP_CAPPED']
2026-07-01 12:07:18,075 - INFO - 🟢 ENTRY [CF|Structural_v3.2_RVOL0.8|uctural_v3.2_RVOL0.8]: NSE:NIFTYBANK-INDEX BUY CALL @ 57944.35 | SL: 57917.73 TP: 58210.51
2026-07-01 12:07:18,075 - INFO - 👻 [VWAP_Reversion_1.5ATR_RVOL1.0] CF REVERSION NSE:NIFTYBANK-INDEX BUY PUT | Rejected: ['LOW_RVOL', 'BIAS_MISMATCH']
2026-07-01 12:07:18,094 - INFO - 🟢 ENTRY [CF|VWAP_Reversion_1.5ATR_RVOL1.0|rsion_1.5ATR_RVOL1.0]: NSE:NIFTYBANK-INDEX BUY PUT @ 57944.35 | SL: 57970.96 TP: 57725.00
2026-07-01 12:07:18,094 - INFO - 👻 [ATR_Squeeze_RVOL1.0] CF SQUEEZE_BREAKOUT NSE:NIFTYBANK-INDEX BUY CALL | Rejected: ['LOW_RVOL', 'TP_CAPPED']
2026-07-01 12:07:18,112 - INFO - 🟢 ENTRY [CF|ATR_Squeeze_RVOL1.0|_ATR_Squeeze_RVOL1.0]: NSE:NIFTYBANK-INDEX BUY CALL @ 57944.35 | SL: 57917.74 TP: 58210.50
2026-07-01 12:12:18,904 - INFO - --- 12:12:18 Market Pulse ---
2026-07-01 12:12:19,934 - INFO - 🟡 UPDATE (TRAILING_SL) [CFStructural_v3.2_RVOL1.0|uctural_v3.2_RVOL1.0]: NSE:NIFTY50-INDEX @ 24029.35 | SL→24021.19 TP→24090.09
2026-07-01 12:12:19,965 - INFO - 🟡 UPDATE (TRAILING_SL) [CFStructural_v3.2_RVOL0.8|uctural_v3.2_RVOL0.8]: NSE:NIFTY50-INDEX @ 24029.35 | SL→24021.19 TP→24090.09
2026-07-01 12:12:19,989 - INFO - 🟡 UPDATE (TRAILING_SL) [CFATR_Squeeze_RVOL1.0|_ATR_Squeeze_RVOL1.0]: NSE:NIFTY50-INDEX @ 24029.35 | SL→24021.18 TP→24090.10
2026-07-01 12:12:20,010 - INFO - 🟡 UPDATE (TRAILING_SL) [CFStructural_v3.2_RVOL1.0|uctural_v3.2_RVOL1.0]: NSE:NIFTYBANK-INDEX @ 57972.75 | SL→57946.13 TP→58210.51
2026-07-01 12:12:20,029 - INFO - 🟡 UPDATE (TRAILING_SL) [CFStructural_v3.2_RVOL0.8|uctural_v3.2_RVOL0.8]: NSE:NIFTYBANK-INDEX @ 57972.75 | SL→57946.13 TP→58210.51
2026-07-01 12:12:20,047 - INFO - 🔴 EXIT (INITIAL_SL) [CFVWAP_Reversion_1.5ATR_RVOL1.0|rsion_1.5ATR_RVOL1.0]: NSE:NIFTYBANK-INDEX @ 57970.96 | PnL -1.05R | MFE 0.00R | Capture N/A | 1bars HoldEff -1.050R/bar
2026-07-01 12:12:20,066 - INFO - 🟡 UPDATE (TRAILING_SL) [CFATR_Squeeze_RVOL1.0|_ATR_Squeeze_RVOL1.0]: NSE:NIFTYBANK-INDEX @ 57972.75 | SL→57946.14 TP→58210.50
2026-07-01 12:12:21,020 - INFO - ⚡ [Structural_v3.2_RVOL1.0] warnings: ['VERY_LOW_RVOL:0.45']
2026-07-01 12:12:21,034 - INFO - ⚡ [Structural_v3.2_RVOL0.8] warnings: ['VERY_LOW_RVOL:0.45']
2026-07-01 12:12:21,037 - INFO - ⚡ [Structural_v3.2_RVOL1.0] warnings: ['VERY_LOW_RVOL:0.45']
2026-07-01 12:12:21,037 - INFO - ⚡ [Structural_v3.2_RVOL0.8] warnings: ['VERY_LOW_RVOL:0.45']
2026-07-01 12:12:21,037 - INFO - 👻 [Geometry_v1.0_Score35] CF CONFLUENCE_BOUNCE NSE:NIFTY50-INDEX BUY PUT | Rejected: ['NARRATIVE_BIAS_BULLISH', 'LOW_RR:1.2']
2026-07-01 12:12:21,058 - INFO - 🟢 ENTRY [CF|Geometry_v1.0_Score35|eometry_v1.0_Score35]: NSE:NIFTY50-INDEX BUY PUT @ 24029.35 | SL: 24038.29 TP: 24018.65
2026-07-01 12:12:21,058 - INFO - 👻 [Geometry_v1.0_Score50] CF CONFLUENCE_BOUNCE NSE:NIFTY50-INDEX BUY PUT | Rejected: ['NARRATIVE_BIAS_BULLISH', 'LOW_RR:1.2']
2026-07-01 12:12:21,078 - INFO - 🟢 ENTRY [CF|Geometry_v1.0_Score50|eometry_v1.0_Score50]: NSE:NIFTY50-INDEX BUY PUT @ 24029.35 | SL: 24038.29 TP: 24018.65
2026-07-01 12:17:22,380 - INFO - --- 12:17:22 Market Pulse ---
2026-07-01 12:17:23,157 - INFO - 🟡 UPDATE (TRAILING_SL) [CFStructural_v3.2_RVOL1.0|uctural_v3.2_RVOL1.0]: NSE:NIFTYBANK-INDEX @ 57985.10 | SL→57958.48 TP→58210.51
2026-07-01 12:17:23,193 - INFO - 🟡 UPDATE (TRAILING_SL) [CFStructural_v3.2_RVOL0.8|uctural_v3.2_RVOL0.8]: NSE:NIFTYBANK-INDEX @ 57985.10 | SL→57958.48 TP→58210.51
2026-07-01 12:17:23,223 - INFO - 🟡 UPDATE (TRAILING_SL) [CFATR_Squeeze_RVOL1.0|_ATR_Squeeze_RVOL1.0]: NSE:NIFTYBANK-INDEX @ 57985.10 | SL→57958.49 TP→58210.50
2026-07-01 12:17:23,251 - INFO - 🟡 UPDATE (TRAILING_SL) [CFGeometry_v1.0_Score35|eometry_v1.0_Score35]: NSE:NIFTY50-INDEX @ 24028.40 | SL→24037.34 TP→24018.65
2026-07-01 12:17:23,278 - INFO - 🟡 UPDATE (TRAILING_SL) [CFGeometry_v1.0_Score50|eometry_v1.0_Score50]: NSE:NIFTY50-INDEX @ 24028.40 | SL→24037.34 TP→24018.65
2026-07-01 12:22:25,547 - INFO - --- 12:22:25 Market Pulse ---
2026-07-01 12:22:26,658 - INFO - 🟡 UPDATE (TRAILING_SL) [CFGeometry_v1.0_Score35|eometry_v1.0_Score35]: NSE:NIFTY50-INDEX @ 24021.85 | SL→24030.79 TP→24018.65
2026-07-01 12:22:26,685 - INFO - 🟡 UPDATE (TRAILING_SL) [CFGeometry_v1.0_Score50|eometry_v1.0_Score50]: NSE:NIFTY50-INDEX @ 24021.85 | SL→24030.79 TP→24018.65
2026-07-01 12:22:27,720 - INFO - 🚀 SIGNAL: NSE:NIFTY50-INDEX BUY PUT | [Geometry_v1.0_Score35]
2026-07-01 12:22:27,720 - INFO -    Entry: 24021.85 | SL: 24023.3 | TP: 24018.65 (RR: 2.21)
2026-07-01 12:22:27,743 - INFO - 🟢 ENTRY [Geometry_v1.0_Score35|INDEX_1782888745]: NSE:NIFTY50-INDEX BUY PUT @ 24021.85 | SL: 24023.30 TP: 24018.65
2026-07-01 12:22:28,235 - INFO - ⚡ [Structural_v3.2_RVOL1.0] warnings: ['VERY_LOW_RVOL:0.35']
2026-07-01 12:22:28,249 - INFO - ⚡ [Structural_v3.2_RVOL0.8] warnings: ['VERY_LOW_RVOL:0.35']
2026-07-01 12:22:28,252 - INFO - ⚡ [Structural_v3.2_RVOL1.0] warnings: ['VERY_LOW_RVOL:0.35']
2026-07-01 12:22:28,252 - INFO - ⚡ [Structural_v3.2_RVOL0.8] warnings: ['VERY_LOW_RVOL:0.35']
2026-07-01 12:27:28,984 - INFO - --- 12:27:28 Market Pulse ---
2026-07-01 12:27:29,731 - INFO - 🔴 EXIT (INITIAL_SL) [Geometry_v1.0_Score35|eometry_v1.0_Score35]: NSE:NIFTY50-INDEX @ 24023.30 | PnL -1.05R | MFE 0.00R | Capture N/A | 1bars HoldEff -1.050R/bar
2026-07-01 12:27:29,771 - INFO - 🟡 UPDATE (TRAILING_SL) [CFStructural_v3.2_RVOL1.0|uctural_v3.2_RVOL1.0]: NSE:NIFTY50-INDEX @ 24029.80 | SL→24021.64 TP→24090.09
2026-07-01 12:27:29,803 - INFO - 🟡 UPDATE (TRAILING_SL) [CFStructural_v3.2_RVOL0.8|uctural_v3.2_RVOL0.8]: NSE:NIFTY50-INDEX @ 24029.80 | SL→24021.64 TP→24090.09
2026-07-01 12:27:29,834 - INFO - 🟡 UPDATE (TRAILING_SL) [CFATR_Squeeze_RVOL1.0|_ATR_Squeeze_RVOL1.0]: NSE:NIFTY50-INDEX @ 24029.80 | SL→24021.63 TP→24090.10
2026-07-01 12:27:29,863 - INFO - 🟡 UPDATE (TRAILING_SL) [CFStructural_v3.2_RVOL1.0|uctural_v3.2_RVOL1.0]: NSE:NIFTYBANK-INDEX @ 58037.65 | SL→58011.03 TP→58210.51
2026-07-01 12:27:29,891 - INFO - 🟡 UPDATE (TRAILING_SL) [CFStructural_v3.2_RVOL0.8|uctural_v3.2_RVOL0.8]: NSE:NIFTYBANK-INDEX @ 58037.65 | SL→58011.03 TP→58210.51
2026-07-01 12:27:29,919 - INFO - 🟡 UPDATE (TRAILING_SL) [CFATR_Squeeze_RVOL1.0|_ATR_Squeeze_RVOL1.0]: NSE:NIFTYBANK-INDEX @ 58037.65 | SL→58011.04 TP→58210.50
2026-07-01 12:32:32,314 - INFO - --- 12:32:32 Market Pulse ---
2026-07-01 12:32:34,450 - INFO - 👻 [EMA_Pullback_20_50_RVOL1.0] CF PULLBACK NSE:NIFTY50-INDEX BUY CALL | Rejected: ['LOW_RVOL', 'LOW_EFFICIENCY', 'TP_CAPPED']
2026-07-01 12:32:34,472 - INFO - 🟢 ENTRY [CF|EMA_Pullback_20_50_RVOL1.0|llback_20_50_RVOL1.0]: NSE:NIFTY50-INDEX BUY CALL @ 24029.15 | SL: 23979.41 TP: 24138.50
2026-07-01 12:32:34,954 - INFO - ⚡ [Structural_v3.2_RVOL1.0] warnings: ['VERY_LOW_RVOL:0.31']
2026-07-01 12:32:34,968 - INFO - ⚡ [Structural_v3.2_RVOL0.8] warnings: ['VERY_LOW_RVOL:0.31']
2026-07-01 12:32:34,971 - INFO - ⚡ [Structural_v3.2_RVOL1.0] warnings: ['VERY_LOW_RVOL:0.31']
2026-07-01 12:32:34,971 - INFO - ⚡ [Structural_v3.2_RVOL0.8] warnings: ['VERY_LOW_RVOL:0.31']
2026-07-01 12:32:34,972 - INFO - 👻 [PrevDay_Extremes_RVOL1.2] CF BREAKOUT NSE:NIFTYBANK-INDEX BUY CALL | Rejected: ['LOW_RVOL', 'TP_CAPPED']
2026-07-01 12:32:34,996 - INFO - 🟢 ENTRY [CF|PrevDay_Extremes_RVOL1.2|Day_Extremes_RVOL1.2]: NSE:NIFTYBANK-INDEX BUY CALL @ 58023.65 | SL: 57992.43 TP: 58335.85
2026-07-01 12:37:35,659 - INFO - --- 12:37:35 Market Pulse ---
2026-07-01 12:37:36,492 - INFO - 🟡 UPDATE (TRAILING_SL) [CFStructural_v3.2_RVOL1.0|uctural_v3.2_RVOL1.0]: NSE:NIFTY50-INDEX @ 24035.85 | SL→24027.69 TP→24090.09
2026-07-01 12:37:36,529 - INFO - 🟡 UPDATE (TRAILING_SL) [CFStructural_v3.2_RVOL0.8|uctural_v3.2_RVOL0.8]: NSE:NIFTY50-INDEX @ 24035.85 | SL→24027.69 TP→24090.09
2026-07-01 12:37:36,562 - INFO - 🟡 UPDATE (TRAILING_SL) [CFATR_Squeeze_RVOL1.0|_ATR_Squeeze_RVOL1.0]: NSE:NIFTY50-INDEX @ 24035.85 | SL→24027.68 TP→24090.10
2026-07-01 12:37:36,595 - INFO - 🔴 EXIT (TRAILING_SL) [CFGeometry_v1.0_Score35|eometry_v1.0_Score35]: NSE:NIFTY50-INDEX @ 24030.79 | PnL -0.21R | MFE 0.84R | Capture -25% | 5bars HoldEff -0.042R/bar
2026-07-01 12:37:36,623 - INFO - 🔴 EXIT (TRAILING_SL) [CFGeometry_v1.0_Score50|eometry_v1.0_Score50]: NSE:NIFTY50-INDEX @ 24030.79 | PnL -0.21R | MFE 0.84R | Capture -25% | 5bars HoldEff -0.042R/bar
2026-07-01 12:37:36,652 - INFO - 🟡 UPDATE (TRAILING_SL) [CFEMA_Pullback_20_50_RVOL1.0|llback_20_50_RVOL1.0]: NSE:NIFTY50-INDEX @ 24035.85 | SL→23986.11 TP→24138.50
2026-07-01 12:37:36,678 - INFO - 🟡 UPDATE (TRAILING_SL) [CFPrevDay_Extremes_RVOL1.2|Day_Extremes_RVOL1.2]: NSE:NIFTYBANK-INDEX @ 58028.25 | SL→57997.03 TP→58335.85
2026-07-01 12:37:37,701 - INFO - ⚡ [Structural_v3.2_RVOL1.0] warnings: ['VERY_LOW_RVOL:0.45']
2026-07-01 12:37:37,716 - INFO - ⚡ [Structural_v3.2_RVOL0.8] warnings: ['VERY_LOW_RVOL:0.45']
2026-07-01 12:37:37,719 - INFO - ⚡ [Structural_v3.2_RVOL1.0] warnings: ['VERY_LOW_RVOL:0.45']
2026-07-01 12:37:37,719 - INFO - ⚡ [Structural_v3.2_RVOL0.8] warnings: ['VERY_LOW_RVOL:0.45']
2026-07-01 12:37:38,205 - INFO - ⚡ [Structural_v3.2_RVOL1.0] warnings: ['VERY_LOW_RVOL:0.26']
2026-07-01 12:37:38,218 - INFO - ⚡ [Structural_v3.2_RVOL0.8] warnings: ['VERY_LOW_RVOL:0.26']
2026-07-01 12:37:38,220 - INFO - ⚡ [Structural_v3.2_RVOL1.0] warnings: ['VERY_LOW_RVOL:0.26']
2026-07-01 12:37:38,221 - INFO - ⚡ [Structural_v3.2_RVOL0.8] warnings: ['VERY_LOW_RVOL:0.26']
2026-07-01 12:42:38,962 - INFO - --- 12:42:38 Market Pulse ---
2026-07-01 12:42:39,943 - INFO - 🔴 EXIT (TRAILING_SL) [CFStructural_v3.2_RVOL1.0|uctural_v3.2_RVOL1.0]: NSE:NIFTY50-INDEX @ 24027.69 | PnL +2.31R | MFE 3.36R | Capture 69% | 9bars HoldEff +0.256R/bar
2026-07-01 12:42:39,978 - INFO - 🔴 EXIT (TRAILING_SL) [CFStructural_v3.2_RVOL0.8|uctural_v3.2_RVOL0.8]: NSE:NIFTY50-INDEX @ 24027.69 | PnL +2.31R | MFE 3.36R | Capture 69% | 9bars HoldEff +0.256R/bar
2026-07-01 12:42:40,005 - INFO - 🔴 EXIT (TRAILING_SL) [CFATR_Squeeze_RVOL1.0|_ATR_Squeeze_RVOL1.0]: NSE:NIFTY50-INDEX @ 24027.68 | PnL +2.31R | MFE 3.36R | Capture 69% | 9bars HoldEff +0.256R/bar
2026-07-01 12:42:40,027 - INFO - 🔴 EXIT (TRAILING_SL) [CFStructural_v3.2_RVOL1.0|uctural_v3.2_RVOL1.0]: NSE:NIFTYBANK-INDEX @ 58011.03 | PnL +2.46R | MFE 3.51R | Capture 70% | 7bars HoldEff +0.351R/bar
2026-07-01 12:42:40,047 - INFO - 🔴 EXIT (TRAILING_SL) [CFStructural_v3.2_RVOL0.8|uctural_v3.2_RVOL0.8]: NSE:NIFTYBANK-INDEX @ 58011.03 | PnL +2.46R | MFE 3.51R | Capture 70% | 7bars HoldEff +0.351R/bar
2026-07-01 12:42:40,066 - INFO - 🔴 EXIT (TRAILING_SL) [CFATR_Squeeze_RVOL1.0|_ATR_Squeeze_RVOL1.0]: NSE:NIFTYBANK-INDEX @ 58011.04 | PnL +2.46R | MFE 3.51R | Capture 70% | 7bars HoldEff +0.351R/bar
2026-07-01 12:42:40,084 - INFO - 🔴 EXIT (TRAILING_SL) [CFPrevDay_Extremes_RVOL1.2|Day_Extremes_RVOL1.2]: NSE:NIFTYBANK-INDEX @ 57997.03 | PnL -0.90R | MFE 0.15R | Capture -613% | 2bars HoldEff -0.451R/bar
2026-07-01 12:42:41,162 - INFO - 👻 [Structural_v3.2_RVOL1.0] CF BREAKOUT NSE:NIFTY50-INDEX BUY CALL | Rejected: ['LOW_RVOL', 'LOW_EFFICIENCY', 'TP_CAPPED']
2026-07-01 12:42:41,184 - INFO - 🟢 ENTRY [CF|Structural_v3.2_RVOL1.0|uctural_v3.2_RVOL1.0]: NSE:NIFTY50-INDEX BUY CALL @ 24027.55 | SL: 24016.56 TP: 24137.44
2026-07-01 12:42:41,184 - INFO - 👻 [Structural_v3.2_RVOL0.8] CF BREAKOUT NSE:NIFTY50-INDEX BUY CALL | Rejected: ['LOW_EFFICIENCY', 'TP_CAPPED']
2026-07-01 12:42:41,204 - INFO - 🟢 ENTRY [CF|Structural_v3.2_RVOL0.8|uctural_v3.2_RVOL0.8]: NSE:NIFTY50-INDEX BUY CALL @ 24027.55 | SL: 24016.56 TP: 24137.44
2026-07-01 12:42:41,204 - INFO - 👻 [Geometry_v1.0_Score35] CF CONFLUENCE_BOUNCE NSE:NIFTY50-INDEX BUY PUT | Rejected: ['NARRATIVE_BIAS_BULLISH', 'LOW_RR:1.01']
2026-07-01 12:42:41,223 - INFO - 🟢 ENTRY [CF|Geometry_v1.0_Score35|eometry_v1.0_Score35]: NSE:NIFTY50-INDEX BUY PUT @ 24027.55 | SL: 24038.85 TP: 24016.18
2026-07-01 12:42:41,223 - INFO - 👻 [Geometry_v1.0_Score50] CF CONFLUENCE_BOUNCE NSE:NIFTY50-INDEX BUY PUT | Rejected: ['NARRATIVE_BIAS_BULLISH', 'LOW_RR:1.01']
2026-07-01 12:42:41,240 - INFO - 🟢 ENTRY [CF|Geometry_v1.0_Score50|eometry_v1.0_Score50]: NSE:NIFTY50-INDEX BUY PUT @ 24027.55 | SL: 24038.85 TP: 24016.18
2026-07-01 12:42:41,764 - INFO - ⚡ [Structural_v3.2_RVOL1.0] warnings: ['VERY_LOW_RVOL:0.37']
2026-07-01 12:42:41,778 - INFO - ⚡ [Structural_v3.2_RVOL0.8] warnings: ['VERY_LOW_RVOL:0.37']
2026-07-01 12:42:41,780 - INFO - ⚡ [Structural_v3.2_RVOL1.0] warnings: ['VERY_LOW_RVOL:0.37']
2026-07-01 12:42:41,781 - INFO - 👻 [Structural_v3.2_RVOL1.0] CF BREAKOUT NSE:NIFTYBANK-INDEX BUY CALL | Rejected: ['LOW_RVOL', 'LOW_EFFICIENCY', 'TP_CAPPED']
2026-07-01 12:42:41,801 - INFO - 🟢 ENTRY [CF|Structural_v3.2_RVOL1.0|uctural_v3.2_RVOL1.0]: NSE:NIFTYBANK-INDEX BUY CALL @ 57981.90 | SL: 57950.20 TP: 58298.92
2026-07-01 12:42:41,801 - INFO - ⚡ [Structural_v3.2_RVOL0.8] warnings: ['VERY_LOW_RVOL:0.37']
2026-07-01 12:42:41,801 - INFO - 👻 [Structural_v3.2_RVOL0.8] CF BREAKOUT NSE:NIFTYBANK-INDEX BUY CALL | Rejected: ['LOW_RVOL', 'LOW_EFFICIENCY', 'TP_CAPPED']
2026-07-01 12:42:41,821 - INFO - 🟢 ENTRY [CF|Structural_v3.2_RVOL0.8|uctural_v3.2_RVOL0.8]: NSE:NIFTYBANK-INDEX BUY CALL @ 57981.90 | SL: 57950.20 TP: 58298.92
2026-07-01 12:42:41,821 - INFO - 👻 [ATR_Squeeze_RVOL1.0] CF SQUEEZE_BREAKOUT NSE:NIFTYBANK-INDEX BUY CALL | Rejected: ['LOW_RVOL', 'TP_CAPPED']
2026-07-01 12:42:41,841 - INFO - 🟢 ENTRY [CF|ATR_Squeeze_RVOL1.0|_ATR_Squeeze_RVOL1.0]: NSE:NIFTYBANK-INDEX BUY CALL @ 57981.90 | SL: 57950.20 TP: 58298.90
2026-07-01 12:47:42,650 - INFO - --- 12:47:42 Market Pulse ---
2026-07-01 12:47:45,039 - INFO - ⚡ [Structural_v3.2_RVOL1.0] warnings: ['VERY_LOW_RVOL:0.41']
2026-07-01 12:47:45,054 - INFO - ⚡ [Structural_v3.2_RVOL0.8] warnings: ['VERY_LOW_RVOL:0.41']
2026-07-01 12:47:45,057 - INFO - ⚡ [Structural_v3.2_RVOL1.0] warnings: ['VERY_LOW_RVOL:0.41']
2026-07-01 12:47:45,057 - INFO - ⚡ [Structural_v3.2_RVOL0.8] warnings: ['VERY_LOW_RVOL:0.41']
2026-07-01 12:47:45,591 - INFO - ⚡ [Structural_v3.2_RVOL1.0] warnings: ['VERY_LOW_RVOL:0.27']
2026-07-01 12:47:45,605 - INFO - ⚡ [Structural_v3.2_RVOL0.8] warnings: ['VERY_LOW_RVOL:0.27']
2026-07-01 12:47:45,608 - INFO - ⚡ [Structural_v3.2_RVOL1.0] warnings: ['VERY_LOW_RVOL:0.27']
2026-07-01 12:47:45,608 - INFO - ⚡ [Structural_v3.2_RVOL0.8] warnings: ['VERY_LOW_RVOL:0.27']
2026-07-01 12:47:45,608 - INFO - 👻 [Geometry_v1.0_Score35] CF TRENDLINE_RETEST NSE:NIFTYBANK-INDEX BUY CALL | Rejected: ['LOW_RR:-0.46']
2026-07-01 12:47:45,631 - INFO - 🟢 ENTRY [CF|Geometry_v1.0_Score35|eometry_v1.0_Score35]: NSE:NIFTYBANK-INDEX BUY CALL @ 57976.45 | SL: 57948.98 TP: 57963.75
2026-07-01 12:47:45,631 - INFO - 👻 [Geometry_v1.0_Score50] CF TRENDLINE_RETEST NSE:NIFTYBANK-INDEX BUY CALL | Rejected: ['LOW_RR:-0.46']
2026-07-01 12:47:45,653 - INFO - 🟢 ENTRY [CF|Geometry_v1.0_Score50|eometry_v1.0_Score50]: NSE:NIFTYBANK-INDEX BUY CALL @ 57976.45 | SL: 57948.98 TP: 57963.75
2026-07-01 12:52:46,459 - INFO - --- 12:52:46 Market Pulse ---
2026-07-01 12:52:47,224 - INFO - 🟡 UPDATE (TRAILING_SL) [CFStructural_v3.2_RVOL1.0|uctural_v3.2_RVOL1.0]: NSE:NIFTY50-INDEX @ 24027.75 | SL→24016.76 TP→24137.44
2026-07-01 12:52:47,262 - INFO - 🟡 UPDATE (TRAILING_SL) [CFStructural_v3.2_RVOL0.8|uctural_v3.2_RVOL0.8]: NSE:NIFTY50-INDEX @ 24027.75 | SL→24016.76 TP→24137.44
2026-07-01 12:52:48,499 - INFO - 👻 [Structural_v3.2_RVOL1.0] CF BREAKOUT NSE:NIFTY50-INDEX BUY PUT | Rejected: ['LOW_RVOL', 'BIAS_MISMATCH', 'LOW_EFFICIENCY', 'TP_CAPPED']
2026-07-01 12:52:48,520 - INFO - 🟢 ENTRY [CF|Structural_v3.2_RVOL1.0|uctural_v3.2_RVOL1.0]: NSE:NIFTY50-INDEX BUY PUT @ 24027.75 | SL: 24038.41 TP: 23921.14
2026-07-01 12:52:48,520 - INFO - 👻 [Structural_v3.2_RVOL0.8] CF BREAKOUT NSE:NIFTY50-INDEX BUY PUT | Rejected: ['LOW_RVOL', 'BIAS_MISMATCH', 'LOW_EFFICIENCY', 'TP_CAPPED']
2026-07-01 12:52:48,539 - INFO - 🟢 ENTRY [CF|Structural_v3.2_RVOL0.8|uctural_v3.2_RVOL0.8]: NSE:NIFTY50-INDEX BUY PUT @ 24027.75 | SL: 24038.41 TP: 23921.14
2026-07-01 12:52:49,090 - INFO - ⚡ [Structural_v3.2_RVOL1.0] warnings: ['VERY_LOW_RVOL:0.30']
2026-07-01 12:52:49,105 - INFO - ⚡ [Structural_v3.2_RVOL0.8] warnings: ['VERY_LOW_RVOL:0.30']
2026-07-01 12:52:49,108 - INFO - ⚡ [Structural_v3.2_RVOL1.0] warnings: ['VERY_LOW_RVOL:0.30']
2026-07-01 12:52:49,108 - INFO - ⚡ [Structural_v3.2_RVOL0.8] warnings: ['VERY_LOW_RVOL:0.30']
2026-07-01 12:57:49,892 - INFO - --- 12:57:49 Market Pulse ---
2026-07-01 12:57:50,942 - INFO - 🟡 UPDATE (TRAILING_SL) [CFGeometry_v1.0_Score35|eometry_v1.0_Score35]: NSE:NIFTY50-INDEX @ 24025.10 | SL→24036.40 TP→24016.18
2026-07-01 12:57:50,968 - INFO - 🟡 UPDATE (TRAILING_SL) [CFGeometry_v1.0_Score50|eometry_v1.0_Score50]: NSE:NIFTY50-INDEX @ 24025.10 | SL→24036.40 TP→24016.18
2026-07-01 12:57:50,992 - INFO - 🟡 UPDATE (TP_EXPANSION) [CFGeometry_v1.0_Score35|eometry_v1.0_Score35]: NSE:NIFTYBANK-INDEX @ 57964.40 | SL→57948.98 TP→57991.22
2026-07-01 12:57:51,013 - INFO - 🟡 UPDATE (TP_EXPANSION) [CFGeometry_v1.0_Score50|eometry_v1.0_Score50]: NSE:NIFTYBANK-INDEX @ 57964.40 | SL→57948.98 TP→57991.22
2026-07-01 12:57:51,033 - INFO - 🟡 UPDATE (TRAILING_SL) [CFStructural_v3.2_RVOL1.0|uctural_v3.2_RVOL1.0]: NSE:NIFTY50-INDEX @ 24025.10 | SL→24035.76 TP→23921.14
2026-07-01 12:57:51,052 - INFO - 🟡 UPDATE (TRAILING_SL) [CFStructural_v3.2_RVOL0.8|uctural_v3.2_RVOL0.8]: NSE:NIFTY50-INDEX @ 24025.10 | SL→24035.76 TP→23921.14
2026-07-01 12:57:52,188 - INFO - ⚡ [Structural_v3.2_RVOL1.0] warnings: ['VERY_LOW_RVOL:0.46']
2026-07-01 12:57:52,202 - INFO - ⚡ [Structural_v3.2_RVOL0.8] warnings: ['VERY_LOW_RVOL:0.46']
2026-07-01 12:57:52,205 - INFO - ⚡ [Structural_v3.2_RVOL1.0] warnings: ['VERY_LOW_RVOL:0.46']
2026-07-01 12:57:52,205 - INFO - ⚡ [Structural_v3.2_RVOL0.8] warnings: ['VERY_LOW_RVOL:0.46']
2026-07-01 12:57:52,768 - INFO - ⚡ [Structural_v3.2_RVOL1.0] warnings: ['VERY_LOW_RVOL:0.24']
2026-07-01 12:57:52,782 - INFO - ⚡ [Structural_v3.2_RVOL0.8] warnings: ['VERY_LOW_RVOL:0.24']
2026-07-01 12:57:52,785 - INFO - ⚡ [Structural_v3.2_RVOL1.0] warnings: ['VERY_LOW_RVOL:0.24']
2026-07-01 12:57:52,785 - INFO - ⚡ [Structural_v3.2_RVOL0.8] warnings: ['VERY_LOW_RVOL:0.24']
2026-07-01 13:02:53,497 - INFO - --- 13:02:53 Market Pulse ---
2026-07-01 13:02:54,695 - INFO - 🔴 EXIT (TRAILING_SL) [CFStructural_v3.2_RVOL1.0|uctural_v3.2_RVOL1.0]: NSE:NIFTY50-INDEX @ 24016.76 | PnL -1.03R | MFE 0.02R | Capture -5669% | 4bars HoldEff -0.258R/bar
2026-07-01 13:02:54,725 - INFO - 🔴 EXIT (TRAILING_SL) [CFStructural_v3.2_RVOL0.8|uctural_v3.2_RVOL0.8]: NSE:NIFTY50-INDEX @ 24016.76 | PnL -1.03R | MFE 0.02R | Capture -5669% | 4bars HoldEff -0.258R/bar
2026-07-01 13:02:54,749 - INFO - 🟡 UPDATE (TP_EXPANSION) [CFGeometry_v1.0_Score35|eometry_v1.0_Score35]: NSE:NIFTY50-INDEX @ 24013.95 | SL→24025.25 TP→24004.88
2026-07-01 13:02:54,774 - INFO - 🟡 UPDATE (TP_EXPANSION) [CFGeometry_v1.0_Score50|eometry_v1.0_Score50]: NSE:NIFTY50-INDEX @ 24013.95 | SL→24025.25 TP→24004.88
2026-07-01 13:02:54,796 - INFO - 🔴 EXIT (INITIAL_SL) [CFStructural_v3.2_RVOL1.0|uctural_v3.2_RVOL1.0]: NSE:NIFTYBANK-INDEX @ 57950.20 | PnL -1.05R | MFE 0.00R | Capture N/A | 4bars HoldEff -0.263R/bar
2026-07-01 13:02:54,820 - INFO - 🔴 EXIT (INITIAL_SL) [CFStructural_v3.2_RVOL0.8|uctural_v3.2_RVOL0.8]: NSE:NIFTYBANK-INDEX @ 57950.20 | PnL -1.05R | MFE 0.00R | Capture N/A | 4bars HoldEff -0.263R/bar
2026-07-01 13:02:54,842 - INFO - 🔴 EXIT (INITIAL_SL) [CFATR_Squeeze_RVOL1.0|_ATR_Squeeze_RVOL1.0]: NSE:NIFTYBANK-INDEX @ 57950.20 | PnL -1.05R | MFE 0.00R | Capture N/A | 4bars HoldEff -0.263R/bar
2026-07-01 13:02:54,866 - INFO - 🔴 EXIT (INITIAL_SL) [CFGeometry_v1.0_Score35|eometry_v1.0_Score35]: NSE:NIFTYBANK-INDEX @ 57948.98 | PnL -1.05R | MFE 0.00R | Capture N/A | 3bars HoldEff -0.350R/bar
2026-07-01 13:02:54,889 - INFO - 🔴 EXIT (INITIAL_SL) [CFGeometry_v1.0_Score50|eometry_v1.0_Score50]: NSE:NIFTYBANK-INDEX @ 57948.98 | PnL -1.05R | MFE 0.00R | Capture N/A | 3bars HoldEff -0.350R/bar
2026-07-01 13:02:54,913 - INFO - 🟡 UPDATE (TRAILING_SL) [CFStructural_v3.2_RVOL1.0|uctural_v3.2_RVOL1.0]: NSE:NIFTY50-INDEX @ 24013.95 | SL→24024.61 TP→23921.14
2026-07-01 13:02:54,936 - INFO - 🟡 UPDATE (TRAILING_SL) [CFStructural_v3.2_RVOL0.8|uctural_v3.2_RVOL0.8]: NSE:NIFTY50-INDEX @ 24013.95 | SL→24024.61 TP→23921.14
2026-07-01 13:02:56,680 - INFO - ⚡ [Structural_v3.2_RVOL1.0] warnings: ['VERY_LOW_RVOL:0.46']
2026-07-01 13:02:56,694 - INFO - ⚡ [Structural_v3.2_RVOL0.8] warnings: ['VERY_LOW_RVOL:0.46']
2026-07-01 13:02:56,697 - INFO - ⚡ [Structural_v3.2_RVOL1.0] warnings: ['VERY_LOW_RVOL:0.46']
2026-07-01 13:02:56,697 - INFO - 👻 [Structural_v3.2_RVOL1.0] CF BREAKOUT NSE:NIFTYBANK-INDEX BUY CALL | Rejected: ['LOW_RVOL', 'LOW_EFFICIENCY', 'TP_CAPPED']
2026-07-01 13:02:56,719 - INFO - 🟢 ENTRY [CF|Structural_v3.2_RVOL1.0|uctural_v3.2_RVOL1.0]: NSE:NIFTYBANK-INDEX BUY CALL @ 57945.95 | SL: 57915.73 TP: 58248.15
2026-07-01 13:02:56,719 - INFO - ⚡ [Structural_v3.2_RVOL0.8] warnings: ['VERY_LOW_RVOL:0.46']
2026-07-01 13:02:56,720 - INFO - 👻 [Structural_v3.2_RVOL0.8] CF BREAKOUT NSE:NIFTYBANK-INDEX BUY CALL | Rejected: ['LOW_RVOL', 'LOW_EFFICIENCY', 'TP_CAPPED']
2026-07-01 13:02:56,740 - INFO - 🟢 ENTRY [CF|Structural_v3.2_RVOL0.8|uctural_v3.2_RVOL0.8]: NSE:NIFTYBANK-INDEX BUY CALL @ 57945.95 | SL: 57915.73 TP: 58248.15
2026-07-01 13:02:56,740 - INFO - 👻 [ATR_Squeeze_RVOL1.0] CF SQUEEZE_BREAKOUT NSE:NIFTYBANK-INDEX BUY CALL | Rejected: ['LOW_RVOL', 'TP_CAPPED']
2026-07-01 13:02:56,760 - INFO - 🟢 ENTRY [CF|ATR_Squeeze_RVOL1.0|_ATR_Squeeze_RVOL1.0]: NSE:NIFTYBANK-INDEX BUY CALL @ 57945.95 | SL: 57915.73 TP: 58248.15
2026-07-01 13:07:57,495 - INFO - --- 13:07:57 Market Pulse ---
2026-07-01 13:07:58,322 - INFO - 🟡 UPDATE (TRAILING_SL) [CFStructural_v3.2_RVOL1.0|uctural_v3.2_RVOL1.0]: NSE:NIFTYBANK-INDEX @ 57963.20 | SL→57932.98 TP→58248.15
2026-07-01 13:07:58,360 - INFO - 🟡 UPDATE (TRAILING_SL) [CFStructural_v3.2_RVOL0.8|uctural_v3.2_RVOL0.8]: NSE:NIFTYBANK-INDEX @ 57963.20 | SL→57932.98 TP→58248.15
2026-07-01 13:07:58,394 - INFO - 🟡 UPDATE (TRAILING_SL) [CFATR_Squeeze_RVOL1.0|_ATR_Squeeze_RVOL1.0]: NSE:NIFTYBANK-INDEX @ 57963.20 | SL→57932.98 TP→58248.15
2026-07-01 13:07:59,601 - INFO - 👻 [Geometry_v1.0_Score35] CF CONFLUENCE_BOUNCE NSE:NIFTY50-INDEX BUY CALL | Rejected: ['LOW_RR:0.4']
2026-07-01 13:07:59,622 - INFO - 🟢 ENTRY [CF|Geometry_v1.0_Score35|eometry_v1.0_Score35]: NSE:NIFTY50-INDEX BUY CALL @ 24018.50 | SL: 24013.11 TP: 24020.65
2026-07-01 13:08:00,184 - INFO - ⚡ [Structural_v3.2_RVOL1.0] warnings: ['VERY_LOW_RVOL:0.20']
2026-07-01 13:08:00,198 - INFO - ⚡ [Structural_v3.2_RVOL0.8] warnings: ['VERY_LOW_RVOL:0.20']
2026-07-01 13:08:00,202 - INFO - ⚡ [Structural_v3.2_RVOL1.0] warnings: ['VERY_LOW_RVOL:0.20']
2026-07-01 13:08:00,202 - INFO - ⚡ [Structural_v3.2_RVOL0.8] warnings: ['VERY_LOW_RVOL:0.20']
2026-07-01 13:08:00,202 - INFO - 👻 [Geometry_v1.0_Score35] CF TRENDLINE_RETEST NSE:NIFTYBANK-INDEX BUY CALL | Rejected: ['LOW_RR:0.02']
2026-07-01 13:08:00,224 - INFO - 🟢 ENTRY [CF|Geometry_v1.0_Score35|eometry_v1.0_Score35]: NSE:NIFTYBANK-INDEX BUY CALL @ 57963.20 | SL: 57931.02 TP: 57963.75
2026-07-01 13:08:00,224 - INFO - 👻 [Geometry_v1.0_Score50] CF TRENDLINE_RETEST NSE:NIFTYBANK-INDEX BUY CALL | Rejected: ['LOW_RR:0.02']
2026-07-01 13:08:00,244 - INFO - 🟢 ENTRY [CF|Geometry_v1.0_Score50|eometry_v1.0_Score50]: NSE:NIFTYBANK-INDEX BUY CALL @ 57963.20 | SL: 57931.02 TP: 57963.75
2026-07-01 13:13:01,059 - INFO - --- 13:13:01 Market Pulse ---
2026-07-01 13:13:02,860 - INFO - 🔴 EXIT (TRAILING_SL) [CFGeometry_v1.0_Score35|eometry_v1.0_Score35]: NSE:NIFTY50-INDEX @ 24025.25 | PnL +0.15R | MFE 1.20R | Capture 13% | 6bars HoldEff +0.026R/bar
2026-07-01 13:13:02,896 - INFO - 🔴 EXIT (TRAILING_SL) [CFGeometry_v1.0_Score50|eometry_v1.0_Score50]: NSE:NIFTY50-INDEX @ 24025.25 | PnL +0.15R | MFE 1.20R | Capture 13% | 6bars HoldEff +0.026R/bar
2026-07-01 13:13:02,928 - INFO - 🔴 EXIT (TRAILING_SL) [CFStructural_v3.2_RVOL1.0|uctural_v3.2_RVOL1.0]: NSE:NIFTY50-INDEX @ 24024.61 | PnL +0.24R | MFE 1.29R | Capture 19% | 4bars HoldEff +0.061R/bar
2026-07-01 13:13:02,959 - INFO - 🔴 EXIT (TRAILING_SL) [CFStructural_v3.2_RVOL0.8|uctural_v3.2_RVOL0.8]: NSE:NIFTY50-INDEX @ 24024.61 | PnL +0.24R | MFE 1.29R | Capture 19% | 4bars HoldEff +0.061R/bar
2026-07-01 13:13:02,988 - INFO - 🟡 UPDATE (TRAILING_SL) [CFStructural_v3.2_RVOL1.0|uctural_v3.2_RVOL1.0]: NSE:NIFTYBANK-INDEX @ 57993.25 | SL→57963.03 TP→58248.15
2026-07-01 13:13:03,015 - INFO - 🟡 UPDATE (TRAILING_SL) [CFStructural_v3.2_RVOL0.8|uctural_v3.2_RVOL0.8]: NSE:NIFTYBANK-INDEX @ 57993.25 | SL→57963.03 TP→58248.15
2026-07-01 13:13:03,043 - INFO - 🟡 UPDATE (TRAILING_SL) [CFATR_Squeeze_RVOL1.0|_ATR_Squeeze_RVOL1.0]: NSE:NIFTYBANK-INDEX @ 57993.25 | SL→57963.03 TP→58248.15
2026-07-01 13:13:03,070 - INFO - 🟡 UPDATE (TP_EXPANSION) [CFGeometry_v1.0_Score35|eometry_v1.0_Score35]: NSE:NIFTY50-INDEX @ 24025.25 | SL→24019.86 TP→24026.04
2026-07-01 13:13:03,096 - INFO - 🟡 UPDATE (TP_EXPANSION) [CFGeometry_v1.0_Score35|eometry_v1.0_Score35]: NSE:NIFTYBANK-INDEX @ 57993.25 | SL→57961.07 TP→57995.93
2026-07-01 13:13:03,122 - INFO - 🟡 UPDATE (TP_EXPANSION) [CFGeometry_v1.0_Score50|eometry_v1.0_Score50]: NSE:NIFTYBANK-INDEX @ 57993.25 | SL→57961.07 TP→57995.93
2026-07-01 13:13:04,329 - INFO - 👻 [Structural_v3.2_RVOL1.0] CF BREAKOUT NSE:NIFTY50-INDEX BUY PUT | Rejected: ['LOW_RVOL', 'BIAS_MISMATCH', 'LOW_EFFICIENCY', 'TP_CAPPED']
2026-07-01 13:13:04,350 - INFO - 🟢 ENTRY [CF|Structural_v3.2_RVOL1.0|uctural_v3.2_RVOL1.0]: NSE:NIFTY50-INDEX BUY PUT @ 24025.25 | SL: 24035.31 TP: 23924.70
2026-07-01 13:13:04,350 - INFO - 👻 [Structural_v3.2_RVOL0.8] CF BREAKOUT NSE:NIFTY50-INDEX BUY PUT | Rejected: ['LOW_RVOL', 'BIAS_MISMATCH', 'LOW_EFFICIENCY', 'TP_CAPPED']
2026-07-01 13:13:04,368 - INFO - 🟢 ENTRY [CF|Structural_v3.2_RVOL0.8|uctural_v3.2_RVOL0.8]: NSE:NIFTY50-INDEX BUY PUT @ 24025.25 | SL: 24035.31 TP: 23924.70
2026-07-01 13:13:04,928 - INFO - ⚡ [Structural_v3.2_RVOL1.0] warnings: ['VERY_LOW_RVOL:0.35']
2026-07-01 13:13:04,942 - INFO - ⚡ [Structural_v3.2_RVOL0.8] warnings: ['VERY_LOW_RVOL:0.35']
2026-07-01 13:13:04,945 - INFO - ⚡ [Structural_v3.2_RVOL1.0] warnings: ['VERY_LOW_RVOL:0.35']
2026-07-01 13:13:04,946 - INFO - ⚡ [Structural_v3.2_RVOL0.8] warnings: ['VERY_LOW_RVOL:0.35']
2026-07-01 13:18:05,691 - INFO - --- 13:18:05 Market Pulse ---
2026-07-01 13:18:06,739 - INFO - 🟡 UPDATE (TRAILING_SL) [CFStructural_v3.2_RVOL1.0|uctural_v3.2_RVOL1.0]: NSE:NIFTYBANK-INDEX @ 58004.80 | SL→57974.58 TP→58248.15
2026-07-01 13:18:06,768 - INFO - 🟡 UPDATE (TRAILING_SL) [CFStructural_v3.2_RVOL0.8|uctural_v3.2_RVOL0.8]: NSE:NIFTYBANK-INDEX @ 58004.80 | SL→57974.58 TP→58248.15
2026-07-01 13:18:06,790 - INFO - 🟡 UPDATE (TRAILING_SL) [CFATR_Squeeze_RVOL1.0|_ATR_Squeeze_RVOL1.0]: NSE:NIFTYBANK-INDEX @ 58004.80 | SL→57974.58 TP→58248.15
2026-07-01 13:18:06,810 - INFO - 🟡 UPDATE (TP_EXPANSION) [CFGeometry_v1.0_Score35|eometry_v1.0_Score35]: NSE:NIFTY50-INDEX @ 24029.45 | SL→24024.06 TP→24031.43
2026-07-01 13:18:06,829 - INFO - 🟡 UPDATE (TP_EXPANSION) [CFGeometry_v1.0_Score35|eometry_v1.0_Score35]: NSE:NIFTYBANK-INDEX @ 58004.80 | SL→57972.62 TP→58028.11
2026-07-01 13:18:06,847 - INFO - 🟡 UPDATE (TP_EXPANSION) [CFGeometry_v1.0_Score50|eometry_v1.0_Score50]: NSE:NIFTYBANK-INDEX @ 58004.80 | SL→57972.62 TP→58028.11
2026-07-01 13:18:08,102 - ERROR - [AtrSqueezeStrategy] Error evaluating NSE:NIFTY50-INDEX: unsupported operand type(s) for -: 'NoneType' and 'float'
Traceback (most recent call last):
  File "/Users/kashishbaggafeast/Desktop/Bot/src/strategies/atr_squeeze.py", line 129, in evaluate
    if abs(take_profit - price) > max_tp_dist:
TypeError: unsupported operand type(s) for -: 'NoneType' and 'float'
2026-07-01 13:18:08,106 - WARNING - ⚡ [ATR_Squeeze_RVOL1.0] errors: ["ENGINE_ERROR:TypeError:unsupported operand type(s) for -: 'NoneType' and 'float'"] (6.5ms)
2026-07-01 13:18:08,106 - WARNING - ⚡ [ATR_Squeeze_RVOL1.0] errors: ["ENGINE_ERROR:TypeError:unsupported operand type(s) for -: 'NoneType' and 'float'"]
2026-07-01 13:18:08,725 - INFO - ⚡ [Structural_v3.2_RVOL1.0] warnings: ['VERY_LOW_RVOL:0.44']
2026-07-01 13:18:08,739 - INFO - ⚡ [Structural_v3.2_RVOL0.8] warnings: ['VERY_LOW_RVOL:0.44']
2026-07-01 13:18:08,742 - ERROR - [AtrSqueezeStrategy] Error evaluating NSE:NIFTYBANK-INDEX: unsupported operand type(s) for -: 'NoneType' and 'float'
Traceback (most recent call last):
  File "/Users/kashishbaggafeast/Desktop/Bot/src/strategies/atr_squeeze.py", line 129, in evaluate
    if abs(take_profit - price) > max_tp_dist:
TypeError: unsupported operand type(s) for -: 'NoneType' and 'float'
2026-07-01 13:18:08,742 - WARNING - ⚡ [ATR_Squeeze_RVOL1.0] errors: ["ENGINE_ERROR:TypeError:unsupported operand type(s) for -: 'NoneType' and 'float'"] (2.2ms)
2026-07-01 13:18:08,743 - INFO - ⚡ [Structural_v3.2_RVOL1.0] warnings: ['VERY_LOW_RVOL:0.44']
2026-07-01 13:18:08,743 - INFO - 👻 [Structural_v3.2_RVOL1.0] CF BREAKOUT NSE:NIFTYBANK-INDEX BUY PUT | Rejected: ['LOW_RVOL', 'BIAS_MISMATCH', 'LOW_EFFICIENCY', 'TP_CAPPED']
2026-07-01 13:18:08,765 - INFO - 🟢 ENTRY [CF|Structural_v3.2_RVOL1.0|uctural_v3.2_RVOL1.0]: NSE:NIFTYBANK-INDEX BUY PUT @ 58004.80 | SL: 58032.46 TP: 57728.21
2026-07-01 13:18:08,765 - INFO - ⚡ [Structural_v3.2_RVOL0.8] warnings: ['VERY_LOW_RVOL:0.44']
2026-07-01 13:18:08,765 - INFO - 👻 [Structural_v3.2_RVOL0.8] CF BREAKOUT NSE:NIFTYBANK-INDEX BUY PUT | Rejected: ['LOW_RVOL', 'BIAS_MISMATCH', 'LOW_EFFICIENCY', 'TP_CAPPED']
2026-07-01 13:18:08,785 - INFO - 🟢 ENTRY [CF|Structural_v3.2_RVOL0.8|uctural_v3.2_RVOL0.8]: NSE:NIFTYBANK-INDEX BUY PUT @ 58004.80 | SL: 58032.46 TP: 57728.21
2026-07-01 13:18:08,785 - WARNING - ⚡ [ATR_Squeeze_RVOL1.0] errors: ["ENGINE_ERROR:TypeError:unsupported operand type(s) for -: 'NoneType' and 'float'"]
2026-07-01 13:23:09,585 - INFO - --- 13:23:09 Market Pulse ---
2026-07-01 13:23:11,077 - INFO - 🔴 EXIT (TRAILING_SL) [CFGeometry_v1.0_Score35|eometry_v1.0_Score35]: NSE:NIFTY50-INDEX @ 24024.06 | PnL +0.98R | MFE 2.03R | Capture 48% | 3bars HoldEff +0.327R/bar
2026-07-01 13:23:11,116 - INFO - 🟡 UPDATE (TRAILING_SL) [CFStructural_v3.2_RVOL1.0|uctural_v3.2_RVOL1.0]: NSE:NIFTY50-INDEX @ 24020.45 | SL→24030.51 TP→23924.70
2026-07-01 13:23:11,151 - INFO - 🟡 UPDATE (TRAILING_SL) [CFStructural_v3.2_RVOL0.8|uctural_v3.2_RVOL0.8]: NSE:NIFTY50-INDEX @ 24020.45 | SL→24030.51 TP→23924.70
2026-07-01 13:23:11,184 - INFO - 🟡 UPDATE (TRAILING_SL) [CFStructural_v3.2_RVOL1.0|uctural_v3.2_RVOL1.0]: NSE:NIFTYBANK-INDEX @ 57991.35 | SL→58019.01 TP→57728.21
2026-07-01 13:23:11,214 - INFO - 🟡 UPDATE (TRAILING_SL) [CFStructural_v3.2_RVOL0.8|uctural_v3.2_RVOL0.8]: NSE:NIFTYBANK-INDEX @ 57991.35 | SL→58019.01 TP→57728.21
2026-07-01 13:23:12,476 - ERROR - [AtrSqueezeStrategy] Error evaluating NSE:NIFTY50-INDEX: unsupported operand type(s) for -: 'NoneType' and 'float'
Traceback (most recent call last):
  File "/Users/kashishbaggafeast/Desktop/Bot/src/strategies/atr_squeeze.py", line 129, in evaluate
    if abs(take_profit - price) > max_tp_dist:
TypeError: unsupported operand type(s) for -: 'NoneType' and 'float'
2026-07-01 13:23:12,477 - WARNING - ⚡ [ATR_Squeeze_RVOL1.0] errors: ["ENGINE_ERROR:TypeError:unsupported operand type(s) for -: 'NoneType' and 'float'"] (2.3ms)
2026-07-01 13:23:12,477 - WARNING - ⚡ [ATR_Squeeze_RVOL1.0] errors: ["ENGINE_ERROR:TypeError:unsupported operand type(s) for -: 'NoneType' and 'float'"]
2026-07-01 13:23:12,477 - INFO - 👻 [Geometry_v1.0_Score35] CF CONFLUENCE_BOUNCE NSE:NIFTY50-INDEX BUY PUT | Rejected: ['LOW_RR:0.67']
2026-07-01 13:23:12,498 - INFO - 🟢 ENTRY [CF|Geometry_v1.0_Score35|eometry_v1.0_Score35]: NSE:NIFTY50-INDEX BUY PUT @ 24020.45 | SL: 24023.36 TP: 24018.51
2026-07-01 13:23:13,108 - INFO - ⚡ [Structural_v3.2_RVOL1.0] warnings: ['VERY_LOW_RVOL:0.43']
2026-07-01 13:23:13,122 - INFO - ⚡ [Structural_v3.2_RVOL0.8] warnings: ['VERY_LOW_RVOL:0.43']
2026-07-01 13:23:13,125 - ERROR - [AtrSqueezeStrategy] Error evaluating NSE:NIFTYBANK-INDEX: unsupported operand type(s) for -: 'NoneType' and 'float'
Traceback (most recent call last):
  File "/Users/kashishbaggafeast/Desktop/Bot/src/strategies/atr_squeeze.py", line 129, in evaluate
    if abs(take_profit - price) > max_tp_dist:
TypeError: unsupported operand type(s) for -: 'NoneType' and 'float'
2026-07-01 13:23:13,125 - WARNING - ⚡ [ATR_Squeeze_RVOL1.0] errors: ["ENGINE_ERROR:TypeError:unsupported operand type(s) for -: 'NoneType' and 'float'"] (2.2ms)
2026-07-01 13:23:13,126 - INFO - ⚡ [Structural_v3.2_RVOL1.0] warnings: ['VERY_LOW_RVOL:0.43']
2026-07-01 13:23:13,126 - INFO - ⚡ [Structural_v3.2_RVOL0.8] warnings: ['VERY_LOW_RVOL:0.43']
2026-07-01 13:23:13,126 - WARNING - ⚡ [ATR_Squeeze_RVOL1.0] errors: ["ENGINE_ERROR:TypeError:unsupported operand type(s) for -: 'NoneType' and 'float'"]
2026-07-01 13:28:13,932 - INFO - --- 13:28:13 Market Pulse ---
2026-07-01 13:28:16,086 - ERROR - [AtrSqueezeStrategy] Error evaluating NSE:NIFTY50-INDEX: unsupported operand type(s) for -: 'NoneType' and 'float'
Traceback (most recent call last):
  File "/Users/kashishbaggafeast/Desktop/Bot/src/strategies/atr_squeeze.py", line 129, in evaluate
    if abs(take_profit - price) > max_tp_dist:
TypeError: unsupported operand type(s) for -: 'NoneType' and 'float'
2026-07-01 13:28:16,086 - WARNING - ⚡ [ATR_Squeeze_RVOL1.0] errors: ["ENGINE_ERROR:TypeError:unsupported operand type(s) for -: 'NoneType' and 'float'"] (2.4ms)
2026-07-01 13:28:16,086 - WARNING - ⚡ [ATR_Squeeze_RVOL1.0] errors: ["ENGINE_ERROR:TypeError:unsupported operand type(s) for -: 'NoneType' and 'float'"]
2026-07-01 13:28:16,682 - INFO - ⚡ [Structural_v3.2_RVOL1.0] warnings: ['VERY_LOW_RVOL:0.36']
2026-07-01 13:28:16,696 - INFO - ⚡ [Structural_v3.2_RVOL0.8] warnings: ['VERY_LOW_RVOL:0.36']
2026-07-01 13:28:16,699 - ERROR - [AtrSqueezeStrategy] Error evaluating NSE:NIFTYBANK-INDEX: unsupported operand type(s) for -: 'NoneType' and 'float'
Traceback (most recent call last):
  File "/Users/kashishbaggafeast/Desktop/Bot/src/strategies/atr_squeeze.py", line 129, in evaluate
    if abs(take_profit - price) > max_tp_dist:
TypeError: unsupported operand type(s) for -: 'NoneType' and 'float'
2026-07-01 13:28:16,699 - WARNING - ⚡ [ATR_Squeeze_RVOL1.0] errors: ["ENGINE_ERROR:TypeError:unsupported operand type(s) for -: 'NoneType' and 'float'"] (2.3ms)
2026-07-01 13:28:16,700 - INFO - ⚡ [Structural_v3.2_RVOL1.0] warnings: ['VERY_LOW_RVOL:0.36']
2026-07-01 13:28:16,700 - INFO - ⚡ [Structural_v3.2_RVOL0.8] warnings: ['VERY_LOW_RVOL:0.36']
2026-07-01 13:28:16,700 - WARNING - ⚡ [ATR_Squeeze_RVOL1.0] errors: ["ENGINE_ERROR:TypeError:unsupported operand type(s) for -: 'NoneType' and 'float'"]
2026-07-01 13:28:16,700 - INFO - 👻 [Geometry_v1.0_Score35] CF CONFLUENCE_BOUNCE NSE:NIFTYBANK-INDEX BUY CALL | Rejected: ['LOW_RR:0.93']
2026-07-01 13:28:16,722 - INFO - 🟢 ENTRY [CF|Geometry_v1.0_Score35|eometry_v1.0_Score35]: NSE:NIFTYBANK-INDEX BUY CALL @ 58002.20 | SL: 57991.71 TP: 58011.95
2026-07-01 13:33:17,476 - INFO - --- 13:33:17 Market Pulse ---
2026-07-01 13:33:18,514 - INFO - 🔴 EXIT (TRAILING_SL) [CFStructural_v3.2_RVOL1.0|uctural_v3.2_RVOL1.0]: NSE:NIFTYBANK-INDEX @ 57974.58 | PnL +0.90R | MFE 1.95R | Capture 46% | 6bars HoldEff +0.150R/bar
2026-07-01 13:33:18,540 - INFO - 🔴 EXIT (TRAILING_SL) [CFStructural_v3.2_RVOL0.8|uctural_v3.2_RVOL0.8]: NSE:NIFTYBANK-INDEX @ 57974.58 | PnL +0.90R | MFE 1.95R | Capture 46% | 6bars HoldEff +0.150R/bar
2026-07-01 13:33:18,563 - INFO - 🔴 EXIT (TRAILING_SL) [CFATR_Squeeze_RVOL1.0|_ATR_Squeeze_RVOL1.0]: NSE:NIFTYBANK-INDEX @ 57974.58 | PnL +0.90R | MFE 1.95R | Capture 46% | 6bars HoldEff +0.150R/bar
2026-07-01 13:33:18,584 - INFO - 🔴 EXIT (TRAILING_SL) [CFGeometry_v1.0_Score35|eometry_v1.0_Score35]: NSE:NIFTYBANK-INDEX @ 57972.62 | PnL +0.24R | MFE 1.29R | Capture 19% | 5bars HoldEff +0.049R/bar
2026-07-01 13:33:18,603 - INFO - 🔴 EXIT (TRAILING_SL) [CFGeometry_v1.0_Score50|eometry_v1.0_Score50]: NSE:NIFTYBANK-INDEX @ 57972.62 | PnL +0.24R | MFE 1.29R | Capture 19% | 5bars HoldEff +0.049R/bar
2026-07-01 13:33:18,621 - INFO - 🟡 UPDATE (TRAILING_SL) [CFStructural_v3.2_RVOL1.0|uctural_v3.2_RVOL1.0]: NSE:NIFTY50-INDEX @ 24004.80 | SL→24014.86 TP→23924.70
2026-07-01 13:33:18,639 - INFO - 🟡 UPDATE (TRAILING_SL) [CFStructural_v3.2_RVOL0.8|uctural_v3.2_RVOL0.8]: NSE:NIFTY50-INDEX @ 24004.80 | SL→24014.86 TP→23924.70
2026-07-01 13:33:18,657 - INFO - 🟡 UPDATE (TRAILING_SL) [CFStructural_v3.2_RVOL1.0|uctural_v3.2_RVOL1.0]: NSE:NIFTYBANK-INDEX @ 57921.75 | SL→57949.41 TP→57728.21
2026-07-01 13:33:18,675 - INFO - 🟡 UPDATE (TRAILING_SL) [CFStructural_v3.2_RVOL0.8|uctural_v3.2_RVOL0.8]: NSE:NIFTYBANK-INDEX @ 57921.75 | SL→57949.41 TP→57728.21
2026-07-01 13:33:18,693 - INFO - 🟡 UPDATE (TP_EXPANSION) [CFGeometry_v1.0_Score35|eometry_v1.0_Score35]: NSE:NIFTY50-INDEX @ 24004.80 | SL→24007.71 TP→24015.60
2026-07-01 13:33:18,713 - INFO - 🔴 EXIT (INITIAL_SL) [CFGeometry_v1.0_Score35|eometry_v1.0_Score35]: NSE:NIFTYBANK-INDEX @ 57991.71 | PnL -1.05R | MFE 0.00R | Capture N/A | 1bars HoldEff -1.050R/bar
2026-07-01 13:33:20,029 - ERROR - [AtrSqueezeStrategy] Error evaluating NSE:NIFTY50-INDEX: unsupported operand type(s) for -: 'NoneType' and 'float'
Traceback (most recent call last):
  File "/Users/kashishbaggafeast/Desktop/Bot/src/strategies/atr_squeeze.py", line 129, in evaluate
    if abs(take_profit - price) > max_tp_dist:
TypeError: unsupported operand type(s) for -: 'NoneType' and 'float'
2026-07-01 13:33:20,029 - WARNING - ⚡ [ATR_Squeeze_RVOL1.0] errors: ["ENGINE_ERROR:TypeError:unsupported operand type(s) for -: 'NoneType' and 'float'"] (2.4ms)
2026-07-01 13:33:20,029 - WARNING - ⚡ [ATR_Squeeze_RVOL1.0] errors: ["ENGINE_ERROR:TypeError:unsupported operand type(s) for -: 'NoneType' and 'float'"]
2026-07-01 13:33:20,675 - INFO - ⚡ [Structural_v3.2_RVOL1.0] warnings: ['VERY_LOW_RVOL:0.42']
2026-07-01 13:33:20,689 - INFO - ⚡ [Structural_v3.2_RVOL0.8] warnings: ['VERY_LOW_RVOL:0.42']
2026-07-01 13:33:20,692 - INFO - ⚡ [Structural_v3.2_RVOL1.0] warnings: ['VERY_LOW_RVOL:0.42']
2026-07-01 13:33:20,692 - INFO - ⚡ [Structural_v3.2_RVOL0.8] warnings: ['VERY_LOW_RVOL:0.42']
2026-07-01 13:33:20,692 - INFO - 👻 [EMA_Pullback_20_50_RVOL1.0] CF PULLBACK NSE:NIFTYBANK-INDEX BUY CALL | Rejected: ['LOW_RVOL', 'LOW_EFFICIENCY', 'TP_CAPPED']
2026-07-01 13:33:20,713 - INFO - 🟢 ENTRY [CF|EMA_Pullback_20_50_RVOL1.0|llback_20_50_RVOL1.0]: NSE:NIFTYBANK-INDEX BUY CALL @ 57921.75 | SL: 57861.69 TP: 58193.95
2026-07-01 13:33:20,713 - INFO - 👻 [ATR_Squeeze_RVOL1.0] CF SQUEEZE_BREAKOUT NSE:NIFTYBANK-INDEX BUY PUT | Rejected: ['LOW_RVOL', 'BIAS_MISMATCH', 'TP_CAPPED']
2026-07-01 13:33:20,732 - INFO - 🟢 ENTRY [CF|ATR_Squeeze_RVOL1.0|_ATR_Squeeze_RVOL1.0]: NSE:NIFTYBANK-INDEX BUY PUT @ 57921.75 | SL: 57948.97 TP: 57649.55
2026-07-01 13:33:20,732 - INFO - 🚀 SIGNAL: NSE:NIFTYBANK-INDEX BUY PUT | [Geometry_v1.0_Score35]
2026-07-01 13:33:20,732 - INFO -    Entry: 57921.75 | SL: 57935.87 | TP: 57758.43 (RR: 11.57)
2026-07-01 13:33:20,752 - INFO - 🟢 ENTRY [Geometry_v1.0_Score35|INDEX_1782892997]: NSE:NIFTYBANK-INDEX BUY PUT @ 57921.75 | SL: 57935.87 TP: 57758.43
2026-07-01 13:33:20,752 - INFO - 👻 [Geometry_v1.0_Score35] CF TRENDLINE_RETEST NSE:NIFTYBANK-INDEX BUY PUT | Rejected: ['LOW_RR:-0.16']
2026-07-01 13:33:20,770 - INFO - 🟢 ENTRY [CF|Geometry_v1.0_Score35|eometry_v1.0_Score35]: NSE:NIFTYBANK-INDEX BUY PUT @ 57921.75 | SL: 57973.87 TP: 57930.04
2026-07-01 13:33:20,770 - INFO - 🚀 SIGNAL: NSE:NIFTYBANK-INDEX BUY PUT | [Geometry_v1.0_Score50]
2026-07-01 13:33:20,770 - INFO -    Entry: 57921.75 | SL: 57935.87 | TP: 57758.43 (RR: 11.57)
2026-07-01 13:33:20,789 - INFO - 🟢 ENTRY [Geometry_v1.0_Score50|INDEX_1782892997]: NSE:NIFTYBANK-INDEX BUY PUT @ 57921.75 | SL: 57935.87 TP: 57758.43
2026-07-01 13:33:20,789 - INFO - 👻 [Geometry_v1.0_Score50] CF TRENDLINE_RETEST NSE:NIFTYBANK-INDEX BUY PUT | Rejected: ['LOW_RR:-0.16']
2026-07-01 13:33:20,807 - INFO - 🟢 ENTRY [CF|Geometry_v1.0_Score50|eometry_v1.0_Score50]: NSE:NIFTYBANK-INDEX BUY PUT @ 57921.75 | SL: 57973.87 TP: 57930.04
2026-07-01 13:38:21,492 - INFO - --- 13:38:21 Market Pulse ---
2026-07-01 13:38:22,483 - INFO - 🔴 EXIT (INITIAL_SL) [Geometry_v1.0_Score35|eometry_v1.0_Score35]: NSE:NIFTYBANK-INDEX @ 57935.87 | PnL -1.05R | MFE 0.00R | Capture N/A | 1bars HoldEff -1.050R/bar
2026-07-01 13:38:22,518 - INFO - 🔴 EXIT (INITIAL_SL) [Geometry_v1.0_Score50|eometry_v1.0_Score50]: NSE:NIFTYBANK-INDEX @ 57935.87 | PnL -1.05R | MFE 0.00R | Capture N/A | 1bars HoldEff -1.050R/bar
2026-07-01 13:38:22,545 - INFO - 🟡 UPDATE (TRAILING_SL) [CFEMA_Pullback_20_50_RVOL1.0|llback_20_50_RVOL1.0]: NSE:NIFTY50-INDEX @ 24039.50 | SL→23989.76 TP→24138.50
2026-07-01 13:38:22,567 - INFO - 🔴 EXIT (TRAILING_SL) [CFStructural_v3.2_RVOL1.0|uctural_v3.2_RVOL1.0]: NSE:NIFTY50-INDEX @ 24014.86 | PnL +0.98R | MFE 2.03R | Capture 48% | 5bars HoldEff +0.197R/bar
2026-07-01 13:38:22,586 - INFO - 🔴 EXIT (TRAILING_SL) [CFStructural_v3.2_RVOL0.8|uctural_v3.2_RVOL0.8]: NSE:NIFTY50-INDEX @ 24014.86 | PnL +0.98R | MFE 2.03R | Capture 48% | 5bars HoldEff +0.197R/bar
2026-07-01 13:38:22,606 - INFO - 🔴 EXIT (TRAILING_SL) [CFStructural_v3.2_RVOL1.0|uctural_v3.2_RVOL1.0]: NSE:NIFTYBANK-INDEX @ 57949.41 | PnL +1.95R | MFE 3.00R | Capture 65% | 4bars HoldEff +0.488R/bar
2026-07-01 13:38:22,625 - INFO - 🔴 EXIT (TRAILING_SL) [CFStructural_v3.2_RVOL0.8|uctural_v3.2_RVOL0.8]: NSE:NIFTYBANK-INDEX @ 57949.41 | PnL +1.95R | MFE 3.00R | Capture 65% | 4bars HoldEff +0.488R/bar
2026-07-01 13:38:22,644 - INFO - 🔴 EXIT (TRAILING_SL) [CFGeometry_v1.0_Score35|eometry_v1.0_Score35]: NSE:NIFTY50-INDEX @ 24007.71 | PnL +4.33R | MFE 5.38R | Capture 80% | 3bars HoldEff +1.443R/bar
2026-07-01 13:38:22,662 - INFO - 🟡 UPDATE (TRAILING_SL) [CFEMA_Pullback_20_50_RVOL1.0|llback_20_50_RVOL1.0]: NSE:NIFTYBANK-INDEX @ 58057.00 | SL→57996.94 TP→58193.95
2026-07-01 13:38:22,680 - INFO - 🔴 EXIT (INITIAL_SL) [CFATR_Squeeze_RVOL1.0|_ATR_Squeeze_RVOL1.0]: NSE:NIFTYBANK-INDEX @ 57948.97 | PnL -1.05R | MFE 0.00R | Capture N/A | 1bars HoldEff -1.050R/bar
2026-07-01 13:38:22,698 - INFO - 🔴 EXIT (INITIAL_SL) [CFGeometry_v1.0_Score35|eometry_v1.0_Score35]: NSE:NIFTYBANK-INDEX @ 57973.87 | PnL -1.05R | MFE 0.00R | Capture N/A | 1bars HoldEff -1.050R/bar
2026-07-01 13:38:22,716 - INFO - 🔴 EXIT (INITIAL_SL) [CFGeometry_v1.0_Score50|eometry_v1.0_Score50]: NSE:NIFTYBANK-INDEX @ 57973.87 | PnL -1.05R | MFE 0.00R | Capture N/A | 1bars HoldEff -1.050R/bar
2026-07-01 13:38:24,050 - ERROR - [AtrSqueezeStrategy] Error evaluating NSE:NIFTY50-INDEX: unsupported operand type(s) for -: 'NoneType' and 'float'
Traceback (most recent call last):
  File "/Users/kashishbaggafeast/Desktop/Bot/src/strategies/atr_squeeze.py", line 129, in evaluate
    if abs(take_profit - price) > max_tp_dist:
TypeError: unsupported operand type(s) for -: 'NoneType' and 'float'
2026-07-01 13:38:24,050 - WARNING - ⚡ [ATR_Squeeze_RVOL1.0] errors: ["ENGINE_ERROR:TypeError:unsupported operand type(s) for -: 'NoneType' and 'float'"] (2.5ms)
2026-07-01 13:38:24,050 - INFO - 👻 [Structural_v3.2_RVOL1.0] CF BREAKOUT NSE:NIFTY50-INDEX BUY PUT | Rejected: ['BIAS_MISMATCH', 'LOW_EFFICIENCY', 'TP_CAPPED']
2026-07-01 13:38:24,072 - INFO - 🟢 ENTRY [CF|Structural_v3.2_RVOL1.0|uctural_v3.2_RVOL1.0]: NSE:NIFTY50-INDEX BUY PUT @ 24039.50 | SL: 24047.83 TP: 23956.23
2026-07-01 13:38:24,072 - INFO - 👻 [Structural_v3.2_RVOL0.8] CF BREAKOUT NSE:NIFTY50-INDEX BUY PUT | Rejected: ['BIAS_MISMATCH', 'LOW_EFFICIENCY', 'TP_CAPPED']
2026-07-01 13:38:24,091 - INFO - 🟢 ENTRY [CF|Structural_v3.2_RVOL0.8|uctural_v3.2_RVOL0.8]: NSE:NIFTY50-INDEX BUY PUT @ 24039.50 | SL: 24047.83 TP: 23956.23
2026-07-01 13:38:24,091 - INFO - 👻 [PrevDay_Extremes_RVOL1.2] CF BREAKOUT NSE:NIFTY50-INDEX BUY CALL | Rejected: ['LOW_RVOL', 'TP_CAPPED']
2026-07-01 13:38:24,110 - INFO - 🟢 ENTRY [CF|PrevDay_Extremes_RVOL1.2|Day_Extremes_RVOL1.2]: NSE:NIFTY50-INDEX BUY CALL @ 24039.50 | SL: 24029.70 TP: 24122.75
2026-07-01 13:38:24,111 - WARNING - ⚡ [ATR_Squeeze_RVOL1.0] errors: ["ENGINE_ERROR:TypeError:unsupported operand type(s) for -: 'NoneType' and 'float'"]
2026-07-01 13:38:24,763 - INFO - 👻 [Structural_v3.2_RVOL1.0] CF BREAKOUT NSE:NIFTYBANK-INDEX BUY PUT | Rejected: ['LOW_RVOL', 'BIAS_MISMATCH', 'LOW_EFFICIENCY', 'TP_CAPPED']
2026-07-01 13:38:24,783 - INFO - 🟢 ENTRY [CF|Structural_v3.2_RVOL1.0|uctural_v3.2_RVOL1.0]: NSE:NIFTYBANK-INDEX BUY PUT @ 58057.00 | SL: 58083.73 TP: 57789.71
2026-07-01 13:38:24,783 - INFO - 👻 [Structural_v3.2_RVOL0.8] CF BREAKOUT NSE:NIFTYBANK-INDEX BUY PUT | Rejected: ['LOW_RVOL', 'BIAS_MISMATCH', 'LOW_EFFICIENCY', 'TP_CAPPED']
2026-07-01 13:38:24,802 - INFO - 🟢 ENTRY [CF|Structural_v3.2_RVOL0.8|uctural_v3.2_RVOL0.8]: NSE:NIFTYBANK-INDEX BUY PUT @ 58057.00 | SL: 58083.73 TP: 57789.71
2026-07-01 13:38:24,802 - INFO - 👻 [PrevDay_Extremes_RVOL1.2] CF BREAKOUT NSE:NIFTYBANK-INDEX BUY CALL | Rejected: ['LOW_RVOL', 'TP_CAPPED']
2026-07-01 13:38:24,821 - INFO - 🟢 ENTRY [CF|PrevDay_Extremes_RVOL1.2|Day_Extremes_RVOL1.2]: NSE:NIFTYBANK-INDEX BUY CALL @ 58057.00 | SL: 57994.55 TP: 58324.30
2026-07-01 13:38:24,821 - INFO - 👻 [ATR_Squeeze_RVOL1.0] CF SQUEEZE_BREAKOUT NSE:NIFTYBANK-INDEX BUY PUT | Rejected: ['LOW_RVOL', 'BIAS_MISMATCH', 'TP_CAPPED']
2026-07-01 13:38:24,839 - INFO - 🟢 ENTRY [CF|ATR_Squeeze_RVOL1.0|_ATR_Squeeze_RVOL1.0]: NSE:NIFTYBANK-INDEX BUY PUT @ 58057.00 | SL: 58083.73 TP: 57789.70
2026-07-01 13:43:25,556 - INFO - --- 13:43:25 Market Pulse ---
2026-07-01 13:43:26,532 - INFO - 🟡 UPDATE (TRAILING_SL) [CFStructural_v3.2_RVOL1.0|uctural_v3.2_RVOL1.0]: NSE:NIFTY50-INDEX @ 24031.30 | SL→24039.63 TP→23956.23
2026-07-01 13:43:26,569 - INFO - 🟡 UPDATE (TRAILING_SL) [CFStructural_v3.2_RVOL0.8|uctural_v3.2_RVOL0.8]: NSE:NIFTY50-INDEX @ 24031.30 | SL→24039.63 TP→23956.23
2026-07-01 13:43:26,597 - INFO - 🟡 UPDATE (TRAILING_SL) [CFStructural_v3.2_RVOL1.0|uctural_v3.2_RVOL1.0]: NSE:NIFTYBANK-INDEX @ 58034.20 | SL→58060.93 TP→57789.71
2026-07-01 13:43:26,620 - INFO - 🟡 UPDATE (TRAILING_SL) [CFStructural_v3.2_RVOL0.8|uctural_v3.2_RVOL0.8]: NSE:NIFTYBANK-INDEX @ 58034.20 | SL→58060.93 TP→57789.71
2026-07-01 13:43:26,640 - INFO - 🟡 UPDATE (TRAILING_SL) [CFATR_Squeeze_RVOL1.0|_ATR_Squeeze_RVOL1.0]: NSE:NIFTYBANK-INDEX @ 58034.20 | SL→58060.93 TP→57789.70
2026-07-01 13:43:28,018 - ERROR - [AtrSqueezeStrategy] Error evaluating NSE:NIFTY50-INDEX: unsupported operand type(s) for -: 'NoneType' and 'float'
Traceback (most recent call last):
  File "/Users/kashishbaggafeast/Desktop/Bot/src/strategies/atr_squeeze.py", line 129, in evaluate
    if abs(take_profit - price) > max_tp_dist:
TypeError: unsupported operand type(s) for -: 'NoneType' and 'float'
2026-07-01 13:43:28,018 - WARNING - ⚡ [ATR_Squeeze_RVOL1.0] errors: ["ENGINE_ERROR:TypeError:unsupported operand type(s) for -: 'NoneType' and 'float'"] (2.2ms)
2026-07-01 13:43:28,019 - WARNING - ⚡ [ATR_Squeeze_RVOL1.0] errors: ["ENGINE_ERROR:TypeError:unsupported operand type(s) for -: 'NoneType' and 'float'"]
2026-07-01 13:43:28,655 - INFO - ⚡ [Structural_v3.2_RVOL1.0] warnings: ['VERY_LOW_RVOL:0.31']
2026-07-01 13:43:28,669 - INFO - ⚡ [Structural_v3.2_RVOL0.8] warnings: ['VERY_LOW_RVOL:0.31']
2026-07-01 13:43:28,673 - INFO - ⚡ [Structural_v3.2_RVOL1.0] warnings: ['VERY_LOW_RVOL:0.31']
2026-07-01 13:43:28,673 - INFO - ⚡ [Structural_v3.2_RVOL0.8] warnings: ['VERY_LOW_RVOL:0.31']
2026-07-01 13:48:29,423 - INFO - --- 13:48:29 Market Pulse ---
2026-07-01 13:48:30,220 - INFO - 🔴 EXIT (TRAILING_SL) [CFEMA_Pullback_20_50_RVOL1.0|llback_20_50_RVOL1.0]: NSE:NIFTYBANK-INDEX @ 57996.94 | PnL +1.20R | MFE 2.25R | Capture 53% | 3bars HoldEff +0.401R/bar
2026-07-01 13:48:30,258 - INFO - 🟡 UPDATE (TRAILING_SL) [CFStructural_v3.2_RVOL1.0|uctural_v3.2_RVOL1.0]: NSE:NIFTY50-INDEX @ 24025.75 | SL→24034.08 TP→23956.23
2026-07-01 13:48:30,290 - INFO - 🟡 UPDATE (TRAILING_SL) [CFStructural_v3.2_RVOL0.8|uctural_v3.2_RVOL0.8]: NSE:NIFTY50-INDEX @ 24025.75 | SL→24034.08 TP→23956.23
2026-07-01 13:48:30,320 - INFO - 🔴 EXIT (INITIAL_SL) [CFPrevDay_Extremes_RVOL1.2|Day_Extremes_RVOL1.2]: NSE:NIFTY50-INDEX @ 24029.70 | PnL -1.05R | MFE 0.00R | Capture N/A | 2bars HoldEff -0.525R/bar
2026-07-01 13:48:30,348 - INFO - 🟡 UPDATE (TRAILING_SL) [CFStructural_v3.2_RVOL1.0|uctural_v3.2_RVOL1.0]: NSE:NIFTYBANK-INDEX @ 57970.45 | SL→57997.18 TP→57789.71
2026-07-01 13:48:30,376 - INFO - 🟡 UPDATE (TRAILING_SL) [CFStructural_v3.2_RVOL0.8|uctural_v3.2_RVOL0.8]: NSE:NIFTYBANK-INDEX @ 57970.45 | SL→57997.18 TP→57789.71
2026-07-01 13:48:30,403 - INFO - 🔴 EXIT (INITIAL_SL) [CFPrevDay_Extremes_RVOL1.2|Day_Extremes_RVOL1.2]: NSE:NIFTYBANK-INDEX @ 57994.55 | PnL -1.05R | MFE 0.00R | Capture N/A | 2bars HoldEff -0.525R/bar
2026-07-01 13:48:30,429 - INFO - 🟡 UPDATE (TRAILING_SL) [CFATR_Squeeze_RVOL1.0|_ATR_Squeeze_RVOL1.0]: NSE:NIFTYBANK-INDEX @ 57970.45 | SL→57997.18 TP→57789.70
2026-07-01 13:48:31,872 - INFO - 👻 [ATR_Squeeze_RVOL1.0] CF SQUEEZE_BREAKOUT NSE:NIFTY50-INDEX BUY PUT | Rejected: ['LOW_RVOL', 'BIAS_MISMATCH', 'TP_CAPPED']
2026-07-01 13:48:31,893 - INFO - 🟢 ENTRY [CF|ATR_Squeeze_RVOL1.0|_ATR_Squeeze_RVOL1.0]: NSE:NIFTY50-INDEX BUY PUT @ 24025.75 | SL: 24033.80 TP: 23945.25
2026-07-01 13:48:32,574 - INFO - ⚡ [Structural_v3.2_RVOL1.0] warnings: ['VERY_LOW_RVOL:0.41']
2026-07-01 13:48:32,587 - INFO - ⚡ [Structural_v3.2_RVOL0.8] warnings: ['VERY_LOW_RVOL:0.41']
2026-07-01 13:48:32,590 - INFO - ⚡ [Structural_v3.2_RVOL1.0] warnings: ['VERY_LOW_RVOL:0.41']
2026-07-01 13:48:32,590 - INFO - ⚡ [Structural_v3.2_RVOL0.8] warnings: ['VERY_LOW_RVOL:0.41']
2026-07-01 13:48:32,590 - INFO - 👻 [EMA_Pullback_20_50_RVOL1.0] CF PULLBACK NSE:NIFTYBANK-INDEX BUY CALL | Rejected: ['LOW_RVOL', 'LOW_EFFICIENCY', 'TP_CAPPED']
2026-07-01 13:48:32,611 - INFO - 🟢 ENTRY [CF|EMA_Pullback_20_50_RVOL1.0|llback_20_50_RVOL1.0]: NSE:NIFTYBANK-INDEX BUY CALL @ 57970.45 | SL: 57879.81 TP: 58234.55
2026-07-01 13:53:33,410 - INFO - --- 13:53:33 Market Pulse ---
2026-07-01 13:53:34,158 - INFO - 🟡 UPDATE (TRAILING_SL) [CFStructural_v3.2_RVOL1.0|uctural_v3.2_RVOL1.0]: NSE:NIFTY50-INDEX @ 24020.65 | SL→24028.98 TP→23956.23
2026-07-01 13:53:34,194 - INFO - 🟡 UPDATE (TRAILING_SL) [CFStructural_v3.2_RVOL0.8|uctural_v3.2_RVOL0.8]: NSE:NIFTY50-INDEX @ 24020.65 | SL→24028.98 TP→23956.23
2026-07-01 13:53:34,226 - INFO - 🟡 UPDATE (TRAILING_SL) [CFATR_Squeeze_RVOL1.0|_ATR_Squeeze_RVOL1.0]: NSE:NIFTY50-INDEX @ 24020.65 | SL→24028.70 TP→23945.25
2026-07-01 13:53:34,254 - INFO - 🟡 UPDATE (TRAILING_SL) [CFEMA_Pullback_20_50_RVOL1.0|llback_20_50_RVOL1.0]: NSE:NIFTYBANK-INDEX @ 57973.75 | SL→57883.11 TP→58234.55
2026-07-01 13:53:35,730 - ERROR - [AtrSqueezeStrategy] Error evaluating NSE:NIFTY50-INDEX: unsupported operand type(s) for -: 'NoneType' and 'float'
Traceback (most recent call last):
  File "/Users/kashishbaggafeast/Desktop/Bot/src/strategies/atr_squeeze.py", line 129, in evaluate
    if abs(take_profit - price) > max_tp_dist:
TypeError: unsupported operand type(s) for -: 'NoneType' and 'float'
2026-07-01 13:53:35,730 - WARNING - ⚡ [ATR_Squeeze_RVOL1.0] errors: ["ENGINE_ERROR:TypeError:unsupported operand type(s) for -: 'NoneType' and 'float'"] (2.5ms)
2026-07-01 13:53:35,731 - WARNING - ⚡ [ATR_Squeeze_RVOL1.0] errors: ["ENGINE_ERROR:TypeError:unsupported operand type(s) for -: 'NoneType' and 'float'"]
2026-07-01 13:53:35,731 - INFO - 🚀 SIGNAL: NSE:NIFTY50-INDEX BUY PUT | [Geometry_v1.0_Score35]
2026-07-01 13:53:35,731 - INFO -    Entry: 24020.65 | SL: 24023.35 | TP: 24004.45 (RR: 6.0)
2026-07-01 13:53:35,754 - INFO - 🟢 ENTRY [Geometry_v1.0_Score35|INDEX_1782894213]: NSE:NIFTY50-INDEX BUY PUT @ 24020.65 | SL: 24023.35 TP: 24004.45
2026-07-01 13:53:36,444 - INFO - ⚡ [Structural_v3.2_RVOL1.0] warnings: ['VERY_LOW_RVOL:0.44']
2026-07-01 13:53:36,459 - INFO - ⚡ [Structural_v3.2_RVOL0.8] warnings: ['VERY_LOW_RVOL:0.44']
2026-07-01 13:53:36,462 - ERROR - [AtrSqueezeStrategy] Error evaluating NSE:NIFTYBANK-INDEX: unsupported operand type(s) for -: 'NoneType' and 'float'
Traceback (most recent call last):
  File "/Users/kashishbaggafeast/Desktop/Bot/src/strategies/atr_squeeze.py", line 129, in evaluate
    if abs(take_profit - price) > max_tp_dist:
TypeError: unsupported operand type(s) for -: 'NoneType' and 'float'
2026-07-01 13:53:36,462 - WARNING - ⚡ [ATR_Squeeze_RVOL1.0] errors: ["ENGINE_ERROR:TypeError:unsupported operand type(s) for -: 'NoneType' and 'float'"] (2.4ms)
2026-07-01 13:53:36,462 - INFO - ⚡ [Structural_v3.2_RVOL1.0] warnings: ['VERY_LOW_RVOL:0.44']
2026-07-01 13:53:36,462 - INFO - ⚡ [Structural_v3.2_RVOL0.8] warnings: ['VERY_LOW_RVOL:0.44']
2026-07-01 13:53:36,462 - WARNING - ⚡ [ATR_Squeeze_RVOL1.0] errors: ["ENGINE_ERROR:TypeError:unsupported operand type(s) for -: 'NoneType' and 'float'"]
2026-07-01 13:58:37,224 - INFO - --- 13:58:37 Market Pulse ---
2026-07-01 13:58:38,042 - INFO - 🟡 UPDATE (TRAILING_SL) [Geometry_v1.0_Score35|eometry_v1.0_Score35]: NSE:NIFTY50-INDEX @ 24019.55 | SL→24022.25 TP→24004.45
2026-07-01 13:58:38,078 - INFO - 🟡 UPDATE (TRAILING_SL) [CFStructural_v3.2_RVOL1.0|uctural_v3.2_RVOL1.0]: NSE:NIFTY50-INDEX @ 24019.55 | SL→24027.88 TP→23956.23
2026-07-01 13:58:38,111 - INFO - 🟡 UPDATE (TRAILING_SL) [CFStructural_v3.2_RVOL0.8|uctural_v3.2_RVOL0.8]: NSE:NIFTY50-INDEX @ 24019.55 | SL→24027.88 TP→23956.23
2026-07-01 13:58:38,140 - INFO - 🟡 UPDATE (TRAILING_SL) [CFATR_Squeeze_RVOL1.0|_ATR_Squeeze_RVOL1.0]: NSE:NIFTY50-INDEX @ 24019.55 | SL→24027.60 TP→23945.25
2026-07-01 13:58:38,168 - INFO - 🟡 UPDATE (TRAILING_SL) [CFEMA_Pullback_20_50_RVOL1.0|llback_20_50_RVOL1.0]: NSE:NIFTYBANK-INDEX @ 57980.30 | SL→57889.66 TP→58234.55
2026-07-01 13:58:39,622 - ERROR - [AtrSqueezeStrategy] Error evaluating NSE:NIFTY50-INDEX: unsupported operand type(s) for -: 'NoneType' and 'float'
Traceback (most recent call last):
  File "/Users/kashishbaggafeast/Desktop/Bot/src/strategies/atr_squeeze.py", line 129, in evaluate
    if abs(take_profit - price) > max_tp_dist:
TypeError: unsupported operand type(s) for -: 'NoneType' and 'float'
2026-07-01 13:58:39,622 - WARNING - ⚡ [ATR_Squeeze_RVOL1.0] errors: ["ENGINE_ERROR:TypeError:unsupported operand type(s) for -: 'NoneType' and 'float'"] (2.4ms)
2026-07-01 13:58:39,623 - WARNING - ⚡ [ATR_Squeeze_RVOL1.0] errors: ["ENGINE_ERROR:TypeError:unsupported operand type(s) for -: 'NoneType' and 'float'"]
2026-07-01 13:58:40,336 - ERROR - [AtrSqueezeStrategy] Error evaluating NSE:NIFTYBANK-INDEX: unsupported operand type(s) for -: 'NoneType' and 'float'
Traceback (most recent call last):
  File "/Users/kashishbaggafeast/Desktop/Bot/src/strategies/atr_squeeze.py", line 129, in evaluate
    if abs(take_profit - price) > max_tp_dist:
TypeError: unsupported operand type(s) for -: 'NoneType' and 'float'
2026-07-01 13:58:40,337 - WARNING - ⚡ [ATR_Squeeze_RVOL1.0] errors: ["ENGINE_ERROR:TypeError:unsupported operand type(s) for -: 'NoneType' and 'float'"] (2.3ms)
2026-07-01 13:58:40,337 - WARNING - ⚡ [ATR_Squeeze_RVOL1.0] errors: ["ENGINE_ERROR:TypeError:unsupported operand type(s) for -: 'NoneType' and 'float'"]
2026-07-01 13:58:40,337 - INFO - 🚀 SIGNAL: NSE:NIFTYBANK-INDEX BUY CALL | [Geometry_v1.0_Score35]
2026-07-01 13:58:40,337 - INFO -    Entry: 57980.3 | SL: 57962.49 | TP: 58062.36 (RR: 4.61)
2026-07-01 13:58:40,359 - INFO - 🟢 ENTRY [Geometry_v1.0_Score35|INDEX_1782894517]: NSE:NIFTYBANK-INDEX BUY CALL @ 57980.30 | SL: 57962.49 TP: 58062.36
2026-07-01 13:58:40,359 - INFO - 👻 [Geometry_v1.0_Score35] CF TRENDLINE_RETEST NSE:NIFTYBANK-INDEX BUY CALL | Rejected: ['LOW_RR:-0.57']
2026-07-01 13:58:40,379 - INFO - 🟢 ENTRY [CF|Geometry_v1.0_Score35|eometry_v1.0_Score35]: NSE:NIFTYBANK-INDEX BUY CALL @ 57980.30 | SL: 57951.14 TP: 57963.75
2026-07-01 13:58:40,379 - INFO - 👻 [Geometry_v1.0_Score50] CF TRENDLINE_RETEST NSE:NIFTYBANK-INDEX BUY CALL | Rejected: ['LOW_RR:-0.57']
2026-07-01 13:58:40,399 - INFO - 🟢 ENTRY [CF|Geometry_v1.0_Score50|eometry_v1.0_Score50]: NSE:NIFTYBANK-INDEX BUY CALL @ 57980.30 | SL: 57951.14 TP: 57963.75
2026-07-01 14:03:41,123 - INFO - --- 14:03:41 Market Pulse ---
2026-07-01 14:03:41,912 - INFO - 🔴 EXIT (INITIAL_SL) [Geometry_v1.0_Score35|eometry_v1.0_Score35]: NSE:NIFTYBANK-INDEX @ 57962.49 | PnL -1.05R | MFE 0.00R | Capture N/A | 1bars HoldEff -1.050R/bar
2026-07-01 14:03:41,948 - INFO - 🟡 UPDATE (TRAILING_SL) [CFStructural_v3.2_RVOL1.0|uctural_v3.2_RVOL1.0]: NSE:NIFTYBANK-INDEX @ 57958.15 | SL→57984.88 TP→57789.71
2026-07-01 14:03:41,979 - INFO - 🟡 UPDATE (TRAILING_SL) [CFStructural_v3.2_RVOL0.8|uctural_v3.2_RVOL0.8]: NSE:NIFTYBANK-INDEX @ 57958.15 | SL→57984.88 TP→57789.71
2026-07-01 14:03:42,008 - INFO - 🟡 UPDATE (TRAILING_SL) [CFATR_Squeeze_RVOL1.0|_ATR_Squeeze_RVOL1.0]: NSE:NIFTYBANK-INDEX @ 57958.15 | SL→57984.88 TP→57789.70
2026-07-01 14:03:43,494 - ERROR - [AtrSqueezeStrategy] Error evaluating NSE:NIFTY50-INDEX: unsupported operand type(s) for -: 'NoneType' and 'float'
Traceback (most recent call last):
  File "/Users/kashishbaggafeast/Desktop/Bot/src/strategies/atr_squeeze.py", line 129, in evaluate
    if abs(take_profit - price) > max_tp_dist:
TypeError: unsupported operand type(s) for -: 'NoneType' and 'float'
2026-07-01 14:03:43,494 - WARNING - ⚡ [ATR_Squeeze_RVOL1.0] errors: ["ENGINE_ERROR:TypeError:unsupported operand type(s) for -: 'NoneType' and 'float'"] (2.6ms)
2026-07-01 14:03:43,495 - WARNING - ⚡ [ATR_Squeeze_RVOL1.0] errors: ["ENGINE_ERROR:TypeError:unsupported operand type(s) for -: 'NoneType' and 'float'"]
2026-07-01 14:03:44,189 - INFO - ⚡ [Structural_v3.2_RVOL1.0] warnings: ['VERY_LOW_RVOL:0.45']
2026-07-01 14:03:44,203 - INFO - ⚡ [Structural_v3.2_RVOL0.8] warnings: ['VERY_LOW_RVOL:0.45']
2026-07-01 14:03:44,207 - ERROR - [AtrSqueezeStrategy] Error evaluating NSE:NIFTYBANK-INDEX: unsupported operand type(s) for -: 'NoneType' and 'float'
Traceback (most recent call last):
  File "/Users/kashishbaggafeast/Desktop/Bot/src/strategies/atr_squeeze.py", line 129, in evaluate
    if abs(take_profit - price) > max_tp_dist:
TypeError: unsupported operand type(s) for -: 'NoneType' and 'float'
2026-07-01 14:03:44,207 - WARNING - ⚡ [ATR_Squeeze_RVOL1.0] errors: ["ENGINE_ERROR:TypeError:unsupported operand type(s) for -: 'NoneType' and 'float'"] (2.3ms)
2026-07-01 14:03:44,207 - INFO - ⚡ [Structural_v3.2_RVOL1.0] warnings: ['VERY_LOW_RVOL:0.45']
2026-07-01 14:03:44,207 - INFO - ⚡ [Structural_v3.2_RVOL0.8] warnings: ['VERY_LOW_RVOL:0.45']
2026-07-01 14:03:44,207 - WARNING - ⚡ [ATR_Squeeze_RVOL1.0] errors: ["ENGINE_ERROR:TypeError:unsupported operand type(s) for -: 'NoneType' and 'float'"]
2026-07-01 14:08:44,907 - INFO - --- 14:08:44 Market Pulse ---
2026-07-01 14:08:45,924 - INFO - 🔴 EXIT (TRAILING_SL) [Geometry_v1.0_Score35|eometry_v1.0_Score35]: NSE:NIFTY50-INDEX @ 24022.25 | PnL -0.64R | MFE 0.41R | Capture -158% | 3bars HoldEff -0.214R/bar
2026-07-01 14:08:45,956 - INFO - 🔴 EXIT (TRAILING_SL) [CFStructural_v3.2_RVOL1.0|uctural_v3.2_RVOL1.0]: NSE:NIFTY50-INDEX @ 24027.88 | PnL +1.35R | MFE 2.40R | Capture 56% | 6bars HoldEff +0.224R/bar
2026-07-01 14:08:45,980 - INFO - 🔴 EXIT (TRAILING_SL) [CFStructural_v3.2_RVOL0.8|uctural_v3.2_RVOL0.8]: NSE:NIFTY50-INDEX @ 24027.88 | PnL +1.35R | MFE 2.40R | Capture 56% | 6bars HoldEff +0.224R/bar
2026-07-01 14:08:46,001 - INFO - 🔴 EXIT (TRAILING_SL) [CFStructural_v3.2_RVOL1.0|uctural_v3.2_RVOL1.0]: NSE:NIFTYBANK-INDEX @ 57984.88 | PnL +2.65R | MFE 3.70R | Capture 72% | 6bars HoldEff +0.441R/bar
2026-07-01 14:08:46,020 - INFO - 🔴 EXIT (TRAILING_SL) [CFStructural_v3.2_RVOL0.8|uctural_v3.2_RVOL0.8]: NSE:NIFTYBANK-INDEX @ 57984.88 | PnL +2.65R | MFE 3.70R | Capture 72% | 6bars HoldEff +0.441R/bar
2026-07-01 14:08:46,039 - INFO - 🔴 EXIT (TRAILING_SL) [CFATR_Squeeze_RVOL1.0|_ATR_Squeeze_RVOL1.0]: NSE:NIFTYBANK-INDEX @ 57984.88 | PnL +2.65R | MFE 3.70R | Capture 72% | 6bars HoldEff +0.441R/bar
2026-07-01 14:08:46,056 - INFO - 🔴 EXIT (TRAILING_SL) [CFATR_Squeeze_RVOL1.0|_ATR_Squeeze_RVOL1.0]: NSE:NIFTY50-INDEX @ 24027.60 | PnL -0.28R | MFE 0.77R | Capture -36% | 4bars HoldEff -0.070R/bar
2026-07-01 14:08:46,074 - INFO - 🟡 UPDATE (TRAILING_SL) [CFEMA_Pullback_20_50_RVOL1.0|llback_20_50_RVOL1.0]: NSE:NIFTYBANK-INDEX @ 57997.05 | SL→57906.41 TP→58234.55
2026-07-01 14:08:46,092 - INFO - 🟡 UPDATE (TP_EXPANSION) [CFGeometry_v1.0_Score35|eometry_v1.0_Score35]: NSE:NIFTYBANK-INDEX @ 57997.05 | SL→57967.89 TP→57992.91
2026-07-01 14:08:46,109 - INFO - 🟡 UPDATE (TP_EXPANSION) [CFGeometry_v1.0_Score50|eometry_v1.0_Score50]: NSE:NIFTYBANK-INDEX @ 57997.05 | SL→57967.89 TP→57992.91
2026-07-01 14:08:47,634 - ERROR - [AtrSqueezeStrategy] Error evaluating NSE:NIFTY50-INDEX: unsupported operand type(s) for -: 'NoneType' and 'float'
Traceback (most recent call last):
  File "/Users/kashishbaggafeast/Desktop/Bot/src/strategies/atr_squeeze.py", line 129, in evaluate
    if abs(take_profit - price) > max_tp_dist:
TypeError: unsupported operand type(s) for -: 'NoneType' and 'float'
2026-07-01 14:08:47,634 - WARNING - ⚡ [ATR_Squeeze_RVOL1.0] errors: ["ENGINE_ERROR:TypeError:unsupported operand type(s) for -: 'NoneType' and 'float'"] (2.5ms)
2026-07-01 14:08:47,635 - INFO - 👻 [Structural_v3.2_RVOL1.0] CF BREAKOUT NSE:NIFTY50-INDEX BUY PUT | Rejected: ['LOW_RVOL', 'BIAS_MISMATCH', 'LOW_EFFICIENCY', 'HIGH_WICKINESS', 'TP_CAPPED']
2026-07-01 14:08:47,656 - INFO - 🟢 ENTRY [CF|Structural_v3.2_RVOL1.0|uctural_v3.2_RVOL1.0]: NSE:NIFTY50-INDEX BUY PUT @ 24031.25 | SL: 24038.93 TP: 23954.43
2026-07-01 14:08:47,656 - INFO - 👻 [Structural_v3.2_RVOL0.8] CF BREAKOUT NSE:NIFTY50-INDEX BUY PUT | Rejected: ['LOW_RVOL', 'BIAS_MISMATCH', 'LOW_EFFICIENCY', 'HIGH_WICKINESS', 'TP_CAPPED']
2026-07-01 14:08:47,676 - INFO - 🟢 ENTRY [CF|Structural_v3.2_RVOL0.8|uctural_v3.2_RVOL0.8]: NSE:NIFTY50-INDEX BUY PUT @ 24031.25 | SL: 24038.93 TP: 23954.43
2026-07-01 14:08:47,676 - WARNING - ⚡ [ATR_Squeeze_RVOL1.0] errors: ["ENGINE_ERROR:TypeError:unsupported operand type(s) for -: 'NoneType' and 'float'"]
2026-07-01 14:08:48,422 - ERROR - [AtrSqueezeStrategy] Error evaluating NSE:NIFTYBANK-INDEX: unsupported operand type(s) for -: 'NoneType' and 'float'
Traceback (most recent call last):
  File "/Users/kashishbaggafeast/Desktop/Bot/src/strategies/atr_squeeze.py", line 129, in evaluate
    if abs(take_profit - price) > max_tp_dist:
TypeError: unsupported operand type(s) for -: 'NoneType' and 'float'
2026-07-01 14:08:48,422 - WARNING - ⚡ [ATR_Squeeze_RVOL1.0] errors: ["ENGINE_ERROR:TypeError:unsupported operand type(s) for -: 'NoneType' and 'float'"] (2.0ms)
2026-07-01 14:08:48,423 - INFO - 👻 [Structural_v3.2_RVOL1.0] CF BREAKOUT NSE:NIFTYBANK-INDEX BUY PUT | Rejected: ['BIAS_MISMATCH', 'LOW_EFFICIENCY', 'HIGH_WICKINESS', 'TP_CAPPED']
2026-07-01 14:08:48,442 - INFO - 🟢 ENTRY [CF|Structural_v3.2_RVOL1.0|uctural_v3.2_RVOL1.0]: NSE:NIFTYBANK-INDEX BUY PUT @ 57997.05 | SL: 58022.49 TP: 57742.64
2026-07-01 14:08:48,443 - INFO - 👻 [Structural_v3.2_RVOL0.8] CF BREAKOUT NSE:NIFTYBANK-INDEX BUY PUT | Rejected: ['BIAS_MISMATCH', 'LOW_EFFICIENCY', 'HIGH_WICKINESS', 'TP_CAPPED']
2026-07-01 14:08:48,462 - INFO - 🟢 ENTRY [CF|Structural_v3.2_RVOL0.8|uctural_v3.2_RVOL0.8]: NSE:NIFTYBANK-INDEX BUY PUT @ 57997.05 | SL: 58022.49 TP: 57742.64
2026-07-01 14:08:48,462 - WARNING - ⚡ [ATR_Squeeze_RVOL1.0] errors: ["ENGINE_ERROR:TypeError:unsupported operand type(s) for -: 'NoneType' and 'float'"]
2026-07-01 14:08:48,462 - INFO - 👻 [OrderFlow_v1.0] CF LIQUIDITY_SWEEP NSE:NIFTYBANK-INDEX BUY CALL | Rejected: ['LOW_RR:0.36']
2026-07-01 14:08:48,480 - INFO - 🟢 ENTRY [CF|OrderFlow_v1.0|40844_OrderFlow_v1.0]: NSE:NIFTYBANK-INDEX BUY CALL @ 57997.05 | SL: 57956.12 TP: 58011.95
2026-07-01 14:13:49,176 - INFO - --- 14:13:49 Market Pulse ---
2026-07-01 14:13:50,098 - INFO - 🟡 UPDATE (TRAILING_SL) [CFEMA_Pullback_20_50_RVOL1.0|llback_20_50_RVOL1.0]: NSE:NIFTY50-INDEX @ 24043.00 | SL→23993.26 TP→24138.50
2026-07-01 14:13:50,134 - INFO - 🟡 UPDATE (TRAILING_SL) [CFEMA_Pullback_20_50_RVOL1.0|llback_20_50_RVOL1.0]: NSE:NIFTYBANK-INDEX @ 58036.80 | SL→57946.16 TP→58234.55
2026-07-01 14:13:50,166 - INFO - 🟡 UPDATE (TP_EXPANSION) [CFGeometry_v1.0_Score35|eometry_v1.0_Score35]: NSE:NIFTYBANK-INDEX @ 58036.80 | SL→58007.64 TP→58022.07
2026-07-01 14:13:50,198 - INFO - 🟡 UPDATE (TP_EXPANSION) [CFGeometry_v1.0_Score50|eometry_v1.0_Score50]: NSE:NIFTYBANK-INDEX @ 58036.80 | SL→58007.64 TP→58022.07
2026-07-01 14:13:50,223 - INFO - 🔴 EXIT (INITIAL_SL) [CFStructural_v3.2_RVOL1.0|uctural_v3.2_RVOL1.0]: NSE:NIFTY50-INDEX @ 24038.93 | PnL -1.05R | MFE 0.00R | Capture N/A | 1bars HoldEff -1.050R/bar
2026-07-01 14:13:50,245 - INFO - 🔴 EXIT (INITIAL_SL) [CFStructural_v3.2_RVOL0.8|uctural_v3.2_RVOL0.8]: NSE:NIFTY50-INDEX @ 24038.93 | PnL -1.05R | MFE 0.00R | Capture N/A | 1bars HoldEff -1.050R/bar
2026-07-01 14:13:50,263 - INFO - 🔴 EXIT (INITIAL_SL) [CFStructural_v3.2_RVOL1.0|uctural_v3.2_RVOL1.0]: NSE:NIFTYBANK-INDEX @ 58022.49 | PnL -1.05R | MFE 0.00R | Capture N/A | 1bars HoldEff -1.050R/bar
2026-07-01 14:13:50,281 - INFO - 🔴 EXIT (INITIAL_SL) [CFStructural_v3.2_RVOL0.8|uctural_v3.2_RVOL0.8]: NSE:NIFTYBANK-INDEX @ 58022.49 | PnL -1.05R | MFE 0.00R | Capture N/A | 1bars HoldEff -1.050R/bar
2026-07-01 14:13:50,299 - INFO - 🟡 UPDATE (TP_EXPANSION) [CFOrderFlow_v1.0|40844_OrderFlow_v1.0]: NSE:NIFTYBANK-INDEX @ 58036.80 | SL→57995.87 TP→58052.88
2026-07-01 14:13:51,837 - ERROR - [AtrSqueezeStrategy] Error evaluating NSE:NIFTY50-INDEX: unsupported operand type(s) for -: 'NoneType' and 'float'
Traceback (most recent call last):
  File "/Users/kashishbaggafeast/Desktop/Bot/src/strategies/atr_squeeze.py", line 129, in evaluate
    if abs(take_profit - price) > max_tp_dist:
TypeError: unsupported operand type(s) for -: 'NoneType' and 'float'
2026-07-01 14:13:51,837 - WARNING - ⚡ [ATR_Squeeze_RVOL1.0] errors: ["ENGINE_ERROR:TypeError:unsupported operand type(s) for -: 'NoneType' and 'float'"] (2.5ms)
2026-07-01 14:13:51,838 - INFO - 👻 [Structural_v3.2_RVOL1.0] CF BREAKOUT NSE:NIFTY50-INDEX BUY PUT | Rejected: ['LOW_RVOL', 'BIAS_MISMATCH', 'LOW_EFFICIENCY', 'TP_CAPPED']
2026-07-01 14:13:51,857 - INFO - 🟢 ENTRY [CF|Structural_v3.2_RVOL1.0|uctural_v3.2_RVOL1.0]: NSE:NIFTY50-INDEX BUY PUT @ 24043.00 | SL: 24050.46 TP: 23968.39
2026-07-01 14:13:51,858 - INFO - 👻 [Structural_v3.2_RVOL0.8] CF BREAKOUT NSE:NIFTY50-INDEX BUY PUT | Rejected: ['LOW_RVOL', 'BIAS_MISMATCH', 'LOW_EFFICIENCY', 'TP_CAPPED']
2026-07-01 14:13:51,877 - INFO - 🟢 ENTRY [CF|Structural_v3.2_RVOL0.8|uctural_v3.2_RVOL0.8]: NSE:NIFTY50-INDEX BUY PUT @ 24043.00 | SL: 24050.46 TP: 23968.39
2026-07-01 14:13:51,877 - INFO - 👻 [PrevDay_Extremes_RVOL1.2] CF BREAKOUT NSE:NIFTY50-INDEX BUY CALL | Rejected: ['LOW_RVOL', 'TP_CAPPED']
2026-07-01 14:13:51,894 - INFO - 🟢 ENTRY [CF|PrevDay_Extremes_RVOL1.2|Day_Extremes_RVOL1.2]: NSE:NIFTY50-INDEX BUY CALL @ 24043.00 | SL: 24031.31 TP: 24117.60
2026-07-01 14:13:51,895 - WARNING - ⚡ [ATR_Squeeze_RVOL1.0] errors: ["ENGINE_ERROR:TypeError:unsupported operand type(s) for -: 'NoneType' and 'float'"]
2026-07-01 14:13:52,652 - ERROR - [AtrSqueezeStrategy] Error evaluating NSE:NIFTYBANK-INDEX: unsupported operand type(s) for -: 'NoneType' and 'float'
Traceback (most recent call last):
  File "/Users/kashishbaggafeast/Desktop/Bot/src/strategies/atr_squeeze.py", line 129, in evaluate
    if abs(take_profit - price) > max_tp_dist:
TypeError: unsupported operand type(s) for -: 'NoneType' and 'float'
2026-07-01 14:13:52,652 - WARNING - ⚡ [ATR_Squeeze_RVOL1.0] errors: ["ENGINE_ERROR:TypeError:unsupported operand type(s) for -: 'NoneType' and 'float'"] (2.4ms)
2026-07-01 14:13:52,652 - INFO - 👻 [Structural_v3.2_RVOL1.0] CF BREAKOUT NSE:NIFTYBANK-INDEX BUY PUT | Rejected: ['LOW_RVOL', 'BIAS_MISMATCH', 'LOW_EFFICIENCY', 'HIGH_WICKINESS', 'TP_CAPPED']
2026-07-01 14:13:52,675 - INFO - 🟢 ENTRY [CF|Structural_v3.2_RVOL1.0|uctural_v3.2_RVOL1.0]: NSE:NIFTYBANK-INDEX BUY PUT @ 58036.80 | SL: 58062.20 TP: 57782.80
2026-07-01 14:13:52,675 - INFO - 👻 [Structural_v3.2_RVOL0.8] CF BREAKOUT NSE:NIFTYBANK-INDEX BUY PUT | Rejected: ['LOW_RVOL', 'BIAS_MISMATCH', 'LOW_EFFICIENCY', 'HIGH_WICKINESS', 'TP_CAPPED']
2026-07-01 14:13:52,694 - INFO - 🟢 ENTRY [CF|Structural_v3.2_RVOL0.8|uctural_v3.2_RVOL0.8]: NSE:NIFTYBANK-INDEX BUY PUT @ 58036.80 | SL: 58062.20 TP: 57782.80
2026-07-01 14:13:52,694 - INFO - 👻 [PrevDay_Extremes_RVOL1.2] CF BREAKOUT NSE:NIFTYBANK-INDEX BUY CALL | Rejected: ['LOW_RVOL', 'TP_CAPPED']
2026-07-01 14:13:52,713 - INFO - 🟢 ENTRY [CF|PrevDay_Extremes_RVOL1.2|Day_Extremes_RVOL1.2]: NSE:NIFTYBANK-INDEX BUY CALL @ 58036.80 | SL: 57998.35 TP: 58290.80
2026-07-01 14:13:52,714 - WARNING - ⚡ [ATR_Squeeze_RVOL1.0] errors: ["ENGINE_ERROR:TypeError:unsupported operand type(s) for -: 'NoneType' and 'float'"]
2026-07-01 14:18:53,473 - INFO - --- 14:18:53 Market Pulse ---
2026-07-01 14:18:54,293 - INFO - 🔴 EXIT (TRAILING_SL) [CFGeometry_v1.0_Score35|eometry_v1.0_Score35]: NSE:NIFTYBANK-INDEX @ 58007.64 | PnL +0.89R | MFE 1.94R | Capture 46% | 4bars HoldEff +0.222R/bar
2026-07-01 14:18:54,330 - INFO - 🔴 EXIT (TRAILING_SL) [CFGeometry_v1.0_Score50|eometry_v1.0_Score50]: NSE:NIFTYBANK-INDEX @ 58007.64 | PnL +0.89R | MFE 1.94R | Capture 46% | 4bars HoldEff +0.222R/bar
2026-07-01 14:18:54,362 - INFO - 🔴 EXIT (TRAILING_SL) [CFOrderFlow_v1.0|40844_OrderFlow_v1.0]: NSE:NIFTYBANK-INDEX @ 57995.87 | PnL -0.08R | MFE 0.97R | Capture -8% | 2bars HoldEff -0.039R/bar
2026-07-01 14:18:54,391 - INFO - 🟡 UPDATE (TRAILING_SL) [CFStructural_v3.2_RVOL1.0|uctural_v3.2_RVOL1.0]: NSE:NIFTY50-INDEX @ 24032.85 | SL→24040.31 TP→23968.39
2026-07-01 14:18:54,421 - INFO - 🟡 UPDATE (TRAILING_SL) [CFStructural_v3.2_RVOL0.8|uctural_v3.2_RVOL0.8]: NSE:NIFTY50-INDEX @ 24032.85 | SL→24040.31 TP→23968.39
2026-07-01 14:18:54,448 - INFO - 🟡 UPDATE (TRAILING_SL) [CFStructural_v3.2_RVOL1.0|uctural_v3.2_RVOL1.0]: NSE:NIFTYBANK-INDEX @ 57977.20 | SL→58002.60 TP→57782.80
2026-07-01 14:18:54,475 - INFO - 🟡 UPDATE (TRAILING_SL) [CFStructural_v3.2_RVOL0.8|uctural_v3.2_RVOL0.8]: NSE:NIFTYBANK-INDEX @ 57977.20 | SL→58002.60 TP→57782.80
2026-07-01 14:18:54,499 - INFO - 🔴 EXIT (INITIAL_SL) [CFPrevDay_Extremes_RVOL1.2|Day_Extremes_RVOL1.2]: NSE:NIFTYBANK-INDEX @ 57998.35 | PnL -1.05R | MFE 0.00R | Capture N/A | 1bars HoldEff -1.050R/bar
2026-07-01 14:18:56,066 - INFO - 👻 [Structural_v3.2_RVOL1.0] CF BREAKOUT NSE:NIFTY50-INDEX BUY CALL | Rejected: ['LOW_RVOL', 'LOW_EFFICIENCY', 'HIGH_WICKINESS', 'TP_CAPPED']
2026-07-01 14:18:56,087 - INFO - 🟢 ENTRY [CF|Structural_v3.2_RVOL1.0|uctural_v3.2_RVOL1.0]: NSE:NIFTY50-INDEX BUY CALL @ 24032.85 | SL: 24025.29 TP: 24108.46
2026-07-01 14:18:56,087 - INFO - 👻 [Structural_v3.2_RVOL0.8] CF BREAKOUT NSE:NIFTY50-INDEX BUY CALL | Rejected: ['LOW_RVOL', 'LOW_EFFICIENCY', 'HIGH_WICKINESS', 'TP_CAPPED']
2026-07-01 14:18:56,107 - INFO - 🟢 ENTRY [CF|Structural_v3.2_RVOL0.8|uctural_v3.2_RVOL0.8]: NSE:NIFTY50-INDEX BUY CALL @ 24032.85 | SL: 24025.29 TP: 24108.46
2026-07-01 14:18:56,107 - INFO - 👻 [ATR_Squeeze_RVOL1.0] CF SQUEEZE_BREAKOUT NSE:NIFTY50-INDEX BUY CALL | Rejected: ['LOW_RVOL', 'TP_CAPPED']
2026-07-01 14:18:56,126 - INFO - 🟢 ENTRY [CF|ATR_Squeeze_RVOL1.0|_ATR_Squeeze_RVOL1.0]: NSE:NIFTY50-INDEX BUY CALL @ 24032.85 | SL: 24025.29 TP: 24108.45
2026-07-01 14:18:56,895 - INFO - 👻 [Structural_v3.2_RVOL1.0] CF BREAKOUT NSE:NIFTYBANK-INDEX BUY CALL | Rejected: ['LOW_RVOL', 'LOW_EFFICIENCY', 'HIGH_WICKINESS', 'TP_CAPPED']
2026-07-01 14:18:56,916 - INFO - 🟢 ENTRY [CF|Structural_v3.2_RVOL1.0|uctural_v3.2_RVOL1.0]: NSE:NIFTYBANK-INDEX BUY CALL @ 57977.20 | SL: 57950.93 TP: 58239.91
2026-07-01 14:18:56,916 - INFO - 👻 [Structural_v3.2_RVOL0.8] CF BREAKOUT NSE:NIFTYBANK-INDEX BUY CALL | Rejected: ['LOW_RVOL', 'LOW_EFFICIENCY', 'HIGH_WICKINESS', 'TP_CAPPED']
2026-07-01 14:18:56,934 - INFO - 🟢 ENTRY [CF|Structural_v3.2_RVOL0.8|uctural_v3.2_RVOL0.8]: NSE:NIFTYBANK-INDEX BUY CALL @ 57977.20 | SL: 57950.93 TP: 58239.91
2026-07-01 14:18:56,934 - INFO - 👻 [ATR_Squeeze_RVOL1.0] CF SQUEEZE_BREAKOUT NSE:NIFTYBANK-INDEX BUY CALL | Rejected: ['LOW_RVOL', 'TP_CAPPED']
2026-07-01 14:18:56,952 - INFO - 🟢 ENTRY [CF|ATR_Squeeze_RVOL1.0|_ATR_Squeeze_RVOL1.0]: NSE:NIFTYBANK-INDEX BUY CALL @ 57977.20 | SL: 57950.93 TP: 58239.90
2026-07-01 14:23:57,742 - INFO - --- 14:23:57 Market Pulse ---
2026-07-01 14:23:58,812 - INFO - 🟡 UPDATE (TRAILING_SL) [CFStructural_v3.2_RVOL1.0|uctural_v3.2_RVOL1.0]: NSE:NIFTY50-INDEX @ 24035.10 | SL→24027.54 TP→24108.46
2026-07-01 14:23:58,837 - INFO - 🟡 UPDATE (TRAILING_SL) [CFStructural_v3.2_RVOL0.8|uctural_v3.2_RVOL0.8]: NSE:NIFTY50-INDEX @ 24035.10 | SL→24027.54 TP→24108.46
2026-07-01 14:23:58,860 - INFO - 🟡 UPDATE (TRAILING_SL) [CFATR_Squeeze_RVOL1.0|_ATR_Squeeze_RVOL1.0]: NSE:NIFTY50-INDEX @ 24035.10 | SL→24027.54 TP→24108.45
2026-07-01 14:23:58,881 - INFO - 🟡 UPDATE (TRAILING_SL) [CFStructural_v3.2_RVOL1.0|uctural_v3.2_RVOL1.0]: NSE:NIFTYBANK-INDEX @ 57980.50 | SL→57954.23 TP→58239.91
2026-07-01 14:23:58,900 - INFO - 🟡 UPDATE (TRAILING_SL) [CFStructural_v3.2_RVOL0.8|uctural_v3.2_RVOL0.8]: NSE:NIFTYBANK-INDEX @ 57980.50 | SL→57954.23 TP→58239.91
2026-07-01 14:23:58,918 - INFO - 🟡 UPDATE (TRAILING_SL) [CFATR_Squeeze_RVOL1.0|_ATR_Squeeze_RVOL1.0]: NSE:NIFTYBANK-INDEX @ 57980.50 | SL→57954.23 TP→58239.90
2026-07-01 14:24:01,308 - INFO - 👻 [Geometry_v1.0_Score35] CF TRENDLINE_RETEST NSE:NIFTYBANK-INDEX BUY CALL | Rejected: ['LOW_RR:-0.57']
2026-07-01 14:24:01,328 - INFO - 🟢 ENTRY [CF|Geometry_v1.0_Score35|eometry_v1.0_Score35]: NSE:NIFTYBANK-INDEX BUY CALL @ 57980.50 | SL: 57951.17 TP: 57963.75
2026-07-01 14:24:01,328 - INFO - 👻 [Geometry_v1.0_Score50] CF TRENDLINE_RETEST NSE:NIFTYBANK-INDEX BUY CALL | Rejected: ['LOW_RR:-0.57']
2026-07-01 14:24:01,348 - INFO - 🟢 ENTRY [CF|Geometry_v1.0_Score50|eometry_v1.0_Score50]: NSE:NIFTYBANK-INDEX BUY CALL @ 57980.50 | SL: 57951.17 TP: 57963.75
2026-07-01 14:24:01,348 - INFO - 👻 [OrderFlow_v1.0] CF LIQUIDITY_SWEEP NSE:NIFTYBANK-INDEX BUY CALL | Rejected: ['LOW_RR:1.28']
2026-07-01 14:24:01,366 - INFO - 🟢 ENTRY [CF|OrderFlow_v1.0|42357_OrderFlow_v1.0]: NSE:NIFTYBANK-INDEX BUY CALL @ 57980.50 | SL: 57955.87 TP: 58011.95
2026-07-01 14:29:02,149 - INFO - --- 14:29:02 Market Pulse ---
2026-07-01 14:29:02,959 - INFO - 🟡 UPDATE (TRAILING_SL) [CFStructural_v3.2_RVOL1.0|uctural_v3.2_RVOL1.0]: NSE:NIFTY50-INDEX @ 24032.50 | SL→24039.96 TP→23968.39
2026-07-01 14:29:02,997 - INFO - 🟡 UPDATE (TRAILING_SL) [CFStructural_v3.2_RVOL0.8|uctural_v3.2_RVOL0.8]: NSE:NIFTY50-INDEX @ 24032.50 | SL→24039.96 TP→23968.39
2026-07-01 14:29:03,030 - INFO - 🟡 UPDATE (TRAILING_SL) [CFStructural_v3.2_RVOL1.0|uctural_v3.2_RVOL1.0]: NSE:NIFTYBANK-INDEX @ 57983.20 | SL→57956.93 TP→58239.91
2026-07-01 14:29:03,060 - INFO - 🟡 UPDATE (TRAILING_SL) [CFStructural_v3.2_RVOL0.8|uctural_v3.2_RVOL0.8]: NSE:NIFTYBANK-INDEX @ 57983.20 | SL→57956.93 TP→58239.91
2026-07-01 14:29:03,092 - INFO - 🟡 UPDATE (TRAILING_SL) [CFATR_Squeeze_RVOL1.0|_ATR_Squeeze_RVOL1.0]: NSE:NIFTYBANK-INDEX @ 57983.20 | SL→57956.93 TP→58239.90
2026-07-01 14:29:03,120 - INFO - 🟡 UPDATE (TP_EXPANSION) [CFGeometry_v1.0_Score35|eometry_v1.0_Score35]: NSE:NIFTYBANK-INDEX @ 57983.20 | SL→57953.87 TP→57993.08
2026-07-01 14:29:03,148 - INFO - 🟡 UPDATE (TP_EXPANSION) [CFGeometry_v1.0_Score50|eometry_v1.0_Score50]: NSE:NIFTYBANK-INDEX @ 57983.20 | SL→57953.87 TP→57993.08
2026-07-01 14:29:03,173 - INFO - 🟡 UPDATE (TRAILING_SL) [CFOrderFlow_v1.0|42357_OrderFlow_v1.0]: NSE:NIFTYBANK-INDEX @ 57983.20 | SL→57958.57 TP→58011.95
2026-07-01 14:29:04,833 - ERROR - [AtrSqueezeStrategy] Error evaluating NSE:NIFTY50-INDEX: unsupported operand type(s) for -: 'NoneType' and 'float'
Traceback (most recent call last):
  File "/Users/kashishbaggafeast/Desktop/Bot/src/strategies/atr_squeeze.py", line 129, in evaluate
    if abs(take_profit - price) > max_tp_dist:
TypeError: unsupported operand type(s) for -: 'NoneType' and 'float'
2026-07-01 14:29:04,833 - WARNING - ⚡ [ATR_Squeeze_RVOL1.0] errors: ["ENGINE_ERROR:TypeError:unsupported operand type(s) for -: 'NoneType' and 'float'"] (2.5ms)
2026-07-01 14:29:04,833 - WARNING - ⚡ [ATR_Squeeze_RVOL1.0] errors: ["ENGINE_ERROR:TypeError:unsupported operand type(s) for -: 'NoneType' and 'float'"]
2026-07-01 14:29:04,833 - INFO - 👻 [Geometry_v1.0_Score35] CF CONFLUENCE_BOUNCE NSE:NIFTY50-INDEX BUY PUT | Rejected: ['LOW_RR:0.65']
2026-07-01 14:29:04,855 - INFO - 🟢 ENTRY [CF|Geometry_v1.0_Score35|eometry_v1.0_Score35]: NSE:NIFTY50-INDEX BUY PUT @ 24032.50 | SL: 24037.78 TP: 24029.05
2026-07-01 14:29:05,636 - INFO - ⚡ [Structural_v3.2_RVOL1.0] warnings: ['VERY_LOW_RVOL:0.41']
2026-07-01 14:29:05,650 - INFO - ⚡ [Structural_v3.2_RVOL0.8] warnings: ['VERY_LOW_RVOL:0.41']
2026-07-01 14:29:05,653 - ERROR - [AtrSqueezeStrategy] Error evaluating NSE:NIFTYBANK-INDEX: unsupported operand type(s) for -: 'NoneType' and 'float'
Traceback (most recent call last):
  File "/Users/kashishbaggafeast/Desktop/Bot/src/strategies/atr_squeeze.py", line 129, in evaluate
    if abs(take_profit - price) > max_tp_dist:
TypeError: unsupported operand type(s) for -: 'NoneType' and 'float'
2026-07-01 14:29:05,653 - WARNING - ⚡ [ATR_Squeeze_RVOL1.0] errors: ["ENGINE_ERROR:TypeError:unsupported operand type(s) for -: 'NoneType' and 'float'"] (2.3ms)
2026-07-01 14:29:05,653 - INFO - ⚡ [Structural_v3.2_RVOL1.0] warnings: ['VERY_LOW_RVOL:0.41']
2026-07-01 14:29:05,653 - INFO - ⚡ [Structural_v3.2_RVOL0.8] warnings: ['VERY_LOW_RVOL:0.41']
2026-07-01 14:29:05,653 - WARNING - ⚡ [ATR_Squeeze_RVOL1.0] errors: ["ENGINE_ERROR:TypeError:unsupported operand type(s) for -: 'NoneType' and 'float'"]
2026-07-01 14:34:06,415 - INFO - --- 14:34:06 Market Pulse ---
2026-07-01 14:34:07,427 - INFO - 🟡 UPDATE (TRAILING_SL) [CFStructural_v3.2_RVOL1.0|uctural_v3.2_RVOL1.0]: NSE:NIFTY50-INDEX @ 24023.45 | SL→24030.91 TP→23968.39
2026-07-01 14:34:07,461 - INFO - 🟡 UPDATE (TRAILING_SL) [CFStructural_v3.2_RVOL0.8|uctural_v3.2_RVOL0.8]: NSE:NIFTY50-INDEX @ 24023.45 | SL→24030.91 TP→23968.39
2026-07-01 14:34:07,485 - INFO - 🔴 EXIT (INITIAL_SL) [CFPrevDay_Extremes_RVOL1.2|Day_Extremes_RVOL1.2]: NSE:NIFTY50-INDEX @ 24031.31 | PnL -1.05R | MFE 0.00R | Capture N/A | 4bars HoldEff -0.263R/bar
2026-07-01 14:34:07,505 - INFO - 🟡 UPDATE (TRAILING_SL) [CFStructural_v3.2_RVOL1.0|uctural_v3.2_RVOL1.0]: NSE:NIFTYBANK-INDEX @ 57956.45 | SL→57981.85 TP→57782.80
2026-07-01 14:34:07,524 - INFO - 🟡 UPDATE (TRAILING_SL) [CFStructural_v3.2_RVOL0.8|uctural_v3.2_RVOL0.8]: NSE:NIFTYBANK-INDEX @ 57956.45 | SL→57981.85 TP→57782.80
2026-07-01 14:34:07,543 - INFO - 🔴 EXIT (TRAILING_SL) [CFStructural_v3.2_RVOL1.0|uctural_v3.2_RVOL1.0]: NSE:NIFTY50-INDEX @ 24027.54 | PnL -0.75R | MFE 0.30R | Capture -253% | 3bars HoldEff -0.251R/bar
2026-07-01 14:34:07,561 - INFO - 🔴 EXIT (TRAILING_SL) [CFStructural_v3.2_RVOL0.8|uctural_v3.2_RVOL0.8]: NSE:NIFTY50-INDEX @ 24027.54 | PnL -0.75R | MFE 0.30R | Capture -253% | 3bars HoldEff -0.251R/bar
2026-07-01 14:34:07,578 - INFO - 🔴 EXIT (TRAILING_SL) [CFATR_Squeeze_RVOL1.0|_ATR_Squeeze_RVOL1.0]: NSE:NIFTY50-INDEX @ 24027.54 | PnL -0.75R | MFE 0.30R | Capture -253% | 3bars HoldEff -0.251R/bar
2026-07-01 14:34:07,596 - INFO - 🔴 EXIT (TRAILING_SL) [CFStructural_v3.2_RVOL1.0|uctural_v3.2_RVOL1.0]: NSE:NIFTYBANK-INDEX @ 57956.93 | PnL -0.82R | MFE 0.23R | Capture -360% | 3bars HoldEff -0.274R/bar
2026-07-01 14:34:07,614 - INFO - 🔴 EXIT (TRAILING_SL) [CFStructural_v3.2_RVOL0.8|uctural_v3.2_RVOL0.8]: NSE:NIFTYBANK-INDEX @ 57956.93 | PnL -0.82R | MFE 0.23R | Capture -360% | 3bars HoldEff -0.274R/bar
2026-07-01 14:34:07,632 - INFO - 🔴 EXIT (TRAILING_SL) [CFATR_Squeeze_RVOL1.0|_ATR_Squeeze_RVOL1.0]: NSE:NIFTYBANK-INDEX @ 57956.93 | PnL -0.82R | MFE 0.23R | Capture -360% | 3bars HoldEff -0.274R/bar
2026-07-01 14:34:07,650 - INFO - 🔴 EXIT (TRAILING_SL) [CFOrderFlow_v1.0|42357_OrderFlow_v1.0]: NSE:NIFTYBANK-INDEX @ 57958.57 | PnL -0.94R | MFE 0.11R | Capture -858% | 2bars HoldEff -0.470R/bar
2026-07-01 14:34:07,668 - INFO - 🟡 UPDATE (TP_EXPANSION) [CFGeometry_v1.0_Score35|eometry_v1.0_Score35]: NSE:NIFTY50-INDEX @ 24023.45 | SL→24028.73 TP→24023.77
2026-07-01 14:34:09,399 - ERROR - [AtrSqueezeStrategy] Error evaluating NSE:NIFTY50-INDEX: unsupported operand type(s) for -: 'NoneType' and 'float'
Traceback (most recent call last):
  File "/Users/kashishbaggafeast/Desktop/Bot/src/strategies/atr_squeeze.py", line 129, in evaluate
    if abs(take_profit - price) > max_tp_dist:
TypeError: unsupported operand type(s) for -: 'NoneType' and 'float'
2026-07-01 14:34:09,400 - WARNING - ⚡ [ATR_Squeeze_RVOL1.0] errors: ["ENGINE_ERROR:TypeError:unsupported operand type(s) for -: 'NoneType' and 'float'"] (2.4ms)
2026-07-01 14:34:09,400 - WARNING - ⚡ [ATR_Squeeze_RVOL1.0] errors: ["ENGINE_ERROR:TypeError:unsupported operand type(s) for -: 'NoneType' and 'float'"]
2026-07-01 14:34:10,222 - INFO - ⚡ [Structural_v3.2_RVOL1.0] warnings: ['VERY_LOW_RVOL:0.42']
2026-07-01 14:34:10,236 - INFO - ⚡ [Structural_v3.2_RVOL0.8] warnings: ['VERY_LOW_RVOL:0.42']
2026-07-01 14:34:10,239 - ERROR - [AtrSqueezeStrategy] Error evaluating NSE:NIFTYBANK-INDEX: unsupported operand type(s) for -: 'NoneType' and 'float'
Traceback (most recent call last):
  File "/Users/kashishbaggafeast/Desktop/Bot/src/strategies/atr_squeeze.py", line 129, in evaluate
    if abs(take_profit - price) > max_tp_dist:
TypeError: unsupported operand type(s) for -: 'NoneType' and 'float'
2026-07-01 14:34:10,239 - WARNING - ⚡ [ATR_Squeeze_RVOL1.0] errors: ["ENGINE_ERROR:TypeError:unsupported operand type(s) for -: 'NoneType' and 'float'"] (2.3ms)
2026-07-01 14:34:10,239 - INFO - ⚡ [Structural_v3.2_RVOL1.0] warnings: ['VERY_LOW_RVOL:0.42']
2026-07-01 14:34:10,239 - INFO - ⚡ [Structural_v3.2_RVOL0.8] warnings: ['VERY_LOW_RVOL:0.42']
2026-07-01 14:34:10,239 - WARNING - ⚡ [ATR_Squeeze_RVOL1.0] errors: ["ENGINE_ERROR:TypeError:unsupported operand type(s) for -: 'NoneType' and 'float'"]
2026-07-01 14:39:10,971 - INFO - --- 14:39:10 Market Pulse ---
2026-07-01 14:39:11,992 - INFO - 🔴 EXIT (TRAILING_SL) [CFEMA_Pullback_20_50_RVOL1.0|llback_20_50_RVOL1.0]: NSE:NIFTYBANK-INDEX @ 57946.16 | PnL -0.32R | MFE 0.73R | Capture -43% | 10bars HoldEff -0.032R/bar
2026-07-01 14:39:12,022 - INFO - 🟡 UPDATE (TRAILING_SL) [CFStructural_v3.2_RVOL1.0|uctural_v3.2_RVOL1.0]: NSE:NIFTY50-INDEX @ 24002.05 | SL→24009.51 TP→23968.39
2026-07-01 14:39:12,046 - INFO - 🟡 UPDATE (TRAILING_SL) [CFStructural_v3.2_RVOL0.8|uctural_v3.2_RVOL0.8]: NSE:NIFTY50-INDEX @ 24002.05 | SL→24009.51 TP→23968.39
2026-07-01 14:39:12,067 - INFO - 🟡 UPDATE (TRAILING_SL) [CFStructural_v3.2_RVOL1.0|uctural_v3.2_RVOL1.0]: NSE:NIFTYBANK-INDEX @ 57891.50 | SL→57916.90 TP→57782.80
2026-07-01 14:39:12,086 - INFO - 🟡 UPDATE (TRAILING_SL) [CFStructural_v3.2_RVOL0.8|uctural_v3.2_RVOL0.8]: NSE:NIFTYBANK-INDEX @ 57891.50 | SL→57916.90 TP→57782.80
2026-07-01 14:39:12,105 - INFO - 🔴 EXIT (TRAILING_SL) [CFGeometry_v1.0_Score35|eometry_v1.0_Score35]: NSE:NIFTYBANK-INDEX @ 57953.87 | PnL -0.96R | MFE 0.09R | Capture -1041% | 3bars HoldEff -0.319R/bar
2026-07-01 14:39:12,122 - INFO - 🔴 EXIT (TRAILING_SL) [CFGeometry_v1.0_Score50|eometry_v1.0_Score50]: NSE:NIFTYBANK-INDEX @ 57953.87 | PnL -0.96R | MFE 0.09R | Capture -1041% | 3bars HoldEff -0.319R/bar
2026-07-01 14:39:12,140 - INFO - 🟡 UPDATE (TP_EXPANSION) [CFGeometry_v1.0_Score35|eometry_v1.0_Score35]: NSE:NIFTY50-INDEX @ 24002.05 | SL→24007.33 TP→24018.49
2026-07-01 14:39:13,832 - ERROR - [AtrSqueezeStrategy] Error evaluating NSE:NIFTY50-INDEX: unsupported operand type(s) for -: 'NoneType' and 'float'
Traceback (most recent call last):
  File "/Users/kashishbaggafeast/Desktop/Bot/src/strategies/atr_squeeze.py", line 129, in evaluate
    if abs(take_profit - price) > max_tp_dist:
TypeError: unsupported operand type(s) for -: 'NoneType' and 'float'
2026-07-01 14:39:13,832 - WARNING - ⚡ [ATR_Squeeze_RVOL1.0] errors: ["ENGINE_ERROR:TypeError:unsupported operand type(s) for -: 'NoneType' and 'float'"] (2.4ms)
2026-07-01 14:39:13,832 - WARNING - ⚡ [ATR_Squeeze_RVOL1.0] errors: ["ENGINE_ERROR:TypeError:unsupported operand type(s) for -: 'NoneType' and 'float'"]
2026-07-01 14:39:14,679 - ERROR - [AtrSqueezeStrategy] Error evaluating NSE:NIFTYBANK-INDEX: unsupported operand type(s) for -: 'NoneType' and 'float'
Traceback (most recent call last):
  File "/Users/kashishbaggafeast/Desktop/Bot/src/strategies/atr_squeeze.py", line 129, in evaluate
    if abs(take_profit - price) > max_tp_dist:
TypeError: unsupported operand type(s) for -: 'NoneType' and 'float'
2026-07-01 14:39:14,679 - WARNING - ⚡ [ATR_Squeeze_RVOL1.0] errors: ["ENGINE_ERROR:TypeError:unsupported operand type(s) for -: 'NoneType' and 'float'"] (2.1ms)
2026-07-01 14:39:14,679 - WARNING - ⚡ [ATR_Squeeze_RVOL1.0] errors: ["ENGINE_ERROR:TypeError:unsupported operand type(s) for -: 'NoneType' and 'float'"]
2026-07-01 14:44:15,467 - INFO - --- 14:44:15 Market Pulse ---
2026-07-01 14:44:16,509 - INFO - 🔴 EXIT (TRAILING_SL) [CFStructural_v3.2_RVOL1.0|uctural_v3.2_RVOL1.0]: NSE:NIFTY50-INDEX @ 24009.51 | PnL +4.44R | MFE 5.49R | Capture 81% | 6bars HoldEff +0.740R/bar
2026-07-01 14:44:16,535 - INFO - 🔴 EXIT (TRAILING_SL) [CFStructural_v3.2_RVOL0.8|uctural_v3.2_RVOL0.8]: NSE:NIFTY50-INDEX @ 24009.51 | PnL +4.44R | MFE 5.49R | Capture 81% | 6bars HoldEff +0.740R/bar
2026-07-01 14:44:16,558 - INFO - 🔴 EXIT (TRAILING_SL) [CFStructural_v3.2_RVOL1.0|uctural_v3.2_RVOL1.0]: NSE:NIFTYBANK-INDEX @ 57916.90 | PnL +4.67R | MFE 5.72R | Capture 82% | 6bars HoldEff +0.778R/bar
2026-07-01 14:44:16,580 - INFO - 🔴 EXIT (TRAILING_SL) [CFStructural_v3.2_RVOL0.8|uctural_v3.2_RVOL0.8]: NSE:NIFTYBANK-INDEX @ 57916.90 | PnL +4.67R | MFE 5.72R | Capture 82% | 6bars HoldEff +0.778R/bar
2026-07-01 14:44:16,599 - INFO - 🔴 EXIT (TRAILING_SL) [CFGeometry_v1.0_Score35|eometry_v1.0_Score35]: NSE:NIFTY50-INDEX @ 24007.33 | PnL +4.72R | MFE 5.77R | Capture 82% | 3bars HoldEff +1.572R/bar
2026-07-01 14:44:18,279 - ERROR - [AtrSqueezeStrategy] Error evaluating NSE:NIFTY50-INDEX: unsupported operand type(s) for -: 'NoneType' and 'float'
Traceback (most recent call last):
  File "/Users/kashishbaggafeast/Desktop/Bot/src/strategies/atr_squeeze.py", line 129, in evaluate
    if abs(take_profit - price) > max_tp_dist:
TypeError: unsupported operand type(s) for -: 'NoneType' and 'float'
2026-07-01 14:44:18,279 - WARNING - ⚡ [ATR_Squeeze_RVOL1.0] errors: ["ENGINE_ERROR:TypeError:unsupported operand type(s) for -: 'NoneType' and 'float'"] (2.2ms)
2026-07-01 14:44:18,280 - INFO - 👻 [Structural_v3.2_RVOL1.0] CF BREAKOUT NSE:NIFTY50-INDEX BUY PUT | Rejected: ['BIAS_MISMATCH', 'LOW_EFFICIENCY', 'TP_CAPPED']
2026-07-01 14:44:18,300 - INFO - 🟢 ENTRY [CF|Structural_v3.2_RVOL1.0|uctural_v3.2_RVOL1.0]: NSE:NIFTY50-INDEX BUY PUT @ 24020.40 | SL: 24028.89 TP: 23935.54
2026-07-01 14:44:18,300 - INFO - 👻 [Structural_v3.2_RVOL0.8] CF BREAKOUT NSE:NIFTY50-INDEX BUY PUT | Rejected: ['BIAS_MISMATCH', 'LOW_EFFICIENCY', 'TP_CAPPED']
2026-07-01 14:44:18,318 - INFO - 🟢 ENTRY [CF|Structural_v3.2_RVOL0.8|uctural_v3.2_RVOL0.8]: NSE:NIFTY50-INDEX BUY PUT @ 24020.40 | SL: 24028.89 TP: 23935.54
2026-07-01 14:44:18,318 - WARNING - ⚡ [ATR_Squeeze_RVOL1.0] errors: ["ENGINE_ERROR:TypeError:unsupported operand type(s) for -: 'NoneType' and 'float'"]
2026-07-01 14:44:18,318 - INFO - 👻 [Geometry_v1.0_Score35] CF TRENDLINE_RETEST NSE:NIFTY50-INDEX BUY CALL | Rejected: ['LOW_RR:0.03']
2026-07-01 14:44:18,335 - INFO - 🟢 ENTRY [CF|Geometry_v1.0_Score35|eometry_v1.0_Score35]: NSE:NIFTY50-INDEX BUY CALL @ 24020.40 | SL: 23989.20 TP: 24021.45
2026-07-01 14:44:18,335 - INFO - 👻 [Geometry_v1.0_Score50] CF TRENDLINE_RETEST NSE:NIFTY50-INDEX BUY CALL | Rejected: ['LOW_RR:0.03']
2026-07-01 14:44:18,354 - INFO - 🟢 ENTRY [CF|Geometry_v1.0_Score50|eometry_v1.0_Score50]: NSE:NIFTY50-INDEX BUY CALL @ 24020.40 | SL: 23989.20 TP: 24021.45
2026-07-01 14:44:19,205 - ERROR - [AtrSqueezeStrategy] Error evaluating NSE:NIFTYBANK-INDEX: unsupported operand type(s) for -: 'NoneType' and 'float'
Traceback (most recent call last):
  File "/Users/kashishbaggafeast/Desktop/Bot/src/strategies/atr_squeeze.py", line 129, in evaluate
    if abs(take_profit - price) > max_tp_dist:
TypeError: unsupported operand type(s) for -: 'NoneType' and 'float'
2026-07-01 14:44:19,205 - WARNING - ⚡ [ATR_Squeeze_RVOL1.0] errors: ["ENGINE_ERROR:TypeError:unsupported operand type(s) for -: 'NoneType' and 'float'"] (2.1ms)
2026-07-01 14:44:19,205 - INFO - 👻 [Structural_v3.2_RVOL1.0] CF BREAKOUT NSE:NIFTYBANK-INDEX BUY PUT | Rejected: ['LOW_RVOL', 'BIAS_MISMATCH', 'LOW_EFFICIENCY', 'TP_CAPPED']
2026-07-01 14:44:19,225 - INFO - 🟢 ENTRY [CF|Structural_v3.2_RVOL1.0|uctural_v3.2_RVOL1.0]: NSE:NIFTYBANK-INDEX BUY PUT @ 57923.05 | SL: 57950.15 TP: 57652.01
2026-07-01 14:44:19,225 - INFO - 👻 [Structural_v3.2_RVOL0.8] CF BREAKOUT NSE:NIFTYBANK-INDEX BUY PUT | Rejected: ['BIAS_MISMATCH', 'LOW_EFFICIENCY', 'TP_CAPPED']
2026-07-01 14:44:19,244 - INFO - 🟢 ENTRY [CF|Structural_v3.2_RVOL0.8|uctural_v3.2_RVOL0.8]: NSE:NIFTYBANK-INDEX BUY PUT @ 57923.05 | SL: 57950.15 TP: 57652.01
2026-07-01 14:44:19,244 - INFO - 👻 [EMA_Pullback_20_50_RVOL1.0] CF PULLBACK NSE:NIFTYBANK-INDEX BUY CALL | Rejected: ['LOW_RVOL', 'LOW_EFFICIENCY', 'TP_CAPPED']
2026-07-01 14:44:19,262 - INFO - 🟢 ENTRY [CF|EMA_Pullback_20_50_RVOL1.0|llback_20_50_RVOL1.0]: NSE:NIFTYBANK-INDEX BUY CALL @ 57923.05 | SL: 57895.94 TP: 58194.10
2026-07-01 14:44:19,262 - WARNING - ⚡ [ATR_Squeeze_RVOL1.0] errors: ["ENGINE_ERROR:TypeError:unsupported operand type(s) for -: 'NoneType' and 'float'"]
2026-07-01 14:44:19,262 - INFO - 👻 [Geometry_v1.0_Score35] CF CONFLUENCE_BOUNCE NSE:NIFTYBANK-INDEX BUY CALL | Rejected: ['LOW_RR:0.29']
2026-07-01 14:44:19,280 - INFO - 🟢 ENTRY [CF|Geometry_v1.0_Score35|eometry_v1.0_Score35]: NSE:NIFTYBANK-INDEX BUY CALL @ 57923.05 | SL: 57907.10 TP: 57927.70
2026-07-01 14:44:19,281 - INFO - 👻 [Geometry_v1.0_Score50] CF CONFLUENCE_BOUNCE NSE:NIFTYBANK-INDEX BUY CALL | Rejected: ['LOW_RR:0.29']
2026-07-01 14:44:19,298 - INFO - 🟢 ENTRY [CF|Geometry_v1.0_Score50|eometry_v1.0_Score50]: NSE:NIFTYBANK-INDEX BUY CALL @ 57923.05 | SL: 57907.10 TP: 57927.70
2026-07-01 14:49:20,214 - INFO - --- 14:49:20 Market Pulse ---
2026-07-01 14:49:21,092 - INFO - 🟡 UPDATE (TRAILING_SL) [CFStructural_v3.2_RVOL1.0|uctural_v3.2_RVOL1.0]: NSE:NIFTY50-INDEX @ 24017.45 | SL→24025.94 TP→23935.54
2026-07-01 14:49:21,128 - INFO - 🟡 UPDATE (TRAILING_SL) [CFStructural_v3.2_RVOL0.8|uctural_v3.2_RVOL0.8]: NSE:NIFTY50-INDEX @ 24017.45 | SL→24025.94 TP→23935.54
2026-07-01 14:49:21,159 - INFO - 🟡 UPDATE (TRAILING_SL) [CFStructural_v3.2_RVOL1.0|uctural_v3.2_RVOL1.0]: NSE:NIFTYBANK-INDEX @ 57919.05 | SL→57946.15 TP→57652.01
2026-07-01 14:49:21,189 - INFO - 🟡 UPDATE (TRAILING_SL) [CFStructural_v3.2_RVOL0.8|uctural_v3.2_RVOL0.8]: NSE:NIFTYBANK-INDEX @ 57919.05 | SL→57946.15 TP→57652.01
2026-07-01 14:49:22,883 - ERROR - [AtrSqueezeStrategy] Error evaluating NSE:NIFTY50-INDEX: unsupported operand type(s) for -: 'NoneType' and 'float'
Traceback (most recent call last):
  File "/Users/kashishbaggafeast/Desktop/Bot/src/strategies/atr_squeeze.py", line 129, in evaluate
    if abs(take_profit - price) > max_tp_dist:
TypeError: unsupported operand type(s) for -: 'NoneType' and 'float'
2026-07-01 14:49:22,883 - WARNING - ⚡ [ATR_Squeeze_RVOL1.0] errors: ["ENGINE_ERROR:TypeError:unsupported operand type(s) for -: 'NoneType' and 'float'"] (2.3ms)
2026-07-01 14:49:22,883 - WARNING - ⚡ [ATR_Squeeze_RVOL1.0] errors: ["ENGINE_ERROR:TypeError:unsupported operand type(s) for -: 'NoneType' and 'float'"]
2026-07-01 14:49:23,752 - ERROR - [AtrSqueezeStrategy] Error evaluating NSE:NIFTYBANK-INDEX: unsupported operand type(s) for -: 'NoneType' and 'float'
Traceback (most recent call last):
  File "/Users/kashishbaggafeast/Desktop/Bot/src/strategies/atr_squeeze.py", line 129, in evaluate
    if abs(take_profit - price) > max_tp_dist:
TypeError: unsupported operand type(s) for -: 'NoneType' and 'float'
2026-07-01 14:49:23,752 - WARNING - ⚡ [ATR_Squeeze_RVOL1.0] errors: ["ENGINE_ERROR:TypeError:unsupported operand type(s) for -: 'NoneType' and 'float'"] (2.2ms)
2026-07-01 14:49:23,752 - WARNING - ⚡ [ATR_Squeeze_RVOL1.0] errors: ["ENGINE_ERROR:TypeError:unsupported operand type(s) for -: 'NoneType' and 'float'"]
2026-07-01 14:54:24,594 - INFO - --- 14:54:24 Market Pulse ---
2026-07-01 14:54:25,602 - INFO - 🟡 UPDATE (TRAILING_SL) [CFGeometry_v1.0_Score35|eometry_v1.0_Score35]: NSE:NIFTY50-INDEX @ 24020.55 | SL→23989.35 TP→24021.45
2026-07-01 14:54:25,635 - INFO - 🟡 UPDATE (TRAILING_SL) [CFGeometry_v1.0_Score50|eometry_v1.0_Score50]: NSE:NIFTY50-INDEX @ 24020.55 | SL→23989.35 TP→24021.45
2026-07-01 14:54:25,661 - INFO - 🔴 EXIT (TRAILING_SL) [CFStructural_v3.2_RVOL1.0|uctural_v3.2_RVOL1.0]: NSE:NIFTYBANK-INDEX @ 57946.15 | PnL -0.90R | MFE 0.15R | Capture -611% | 2bars HoldEff -0.451R/bar
2026-07-01 14:54:25,683 - INFO - 🔴 EXIT (TRAILING_SL) [CFStructural_v3.2_RVOL0.8|uctural_v3.2_RVOL0.8]: NSE:NIFTYBANK-INDEX @ 57946.15 | PnL -0.90R | MFE 0.15R | Capture -611% | 2bars HoldEff -0.451R/bar
2026-07-01 14:54:25,701 - INFO - 🟡 UPDATE (TRAILING_SL) [CFEMA_Pullback_20_50_RVOL1.0|llback_20_50_RVOL1.0]: NSE:NIFTYBANK-INDEX @ 58014.10 | SL→57986.99 TP→58194.10
2026-07-01 14:54:25,720 - INFO - 🟡 UPDATE (TP_EXPANSION) [CFGeometry_v1.0_Score35|eometry_v1.0_Score35]: NSE:NIFTYBANK-INDEX @ 58014.10 | SL→57998.15 TP→57943.65
2026-07-01 14:54:25,739 - INFO - 🟡 UPDATE (TP_EXPANSION) [CFGeometry_v1.0_Score50|eometry_v1.0_Score50]: NSE:NIFTYBANK-INDEX @ 58014.10 | SL→57998.15 TP→57943.65
2026-07-01 14:54:27,467 - ERROR - [AtrSqueezeStrategy] Error evaluating NSE:NIFTY50-INDEX: unsupported operand type(s) for -: 'NoneType' and 'float'
Traceback (most recent call last):
  File "/Users/kashishbaggafeast/Desktop/Bot/src/strategies/atr_squeeze.py", line 129, in evaluate
    if abs(take_profit - price) > max_tp_dist:
TypeError: unsupported operand type(s) for -: 'NoneType' and 'float'
2026-07-01 14:54:27,467 - WARNING - ⚡ [ATR_Squeeze_RVOL1.0] errors: ["ENGINE_ERROR:TypeError:unsupported operand type(s) for -: 'NoneType' and 'float'"] (2.2ms)
2026-07-01 14:54:27,467 - WARNING - ⚡ [ATR_Squeeze_RVOL1.0] errors: ["ENGINE_ERROR:TypeError:unsupported operand type(s) for -: 'NoneType' and 'float'"]
2026-07-01 14:54:28,341 - ERROR - [AtrSqueezeStrategy] Error evaluating NSE:NIFTYBANK-INDEX: unsupported operand type(s) for -: 'NoneType' and 'float'
Traceback (most recent call last):
  File "/Users/kashishbaggafeast/Desktop/Bot/src/strategies/atr_squeeze.py", line 129, in evaluate
    if abs(take_profit - price) > max_tp_dist:
TypeError: unsupported operand type(s) for -: 'NoneType' and 'float'
2026-07-01 14:54:28,341 - WARNING - ⚡ [ATR_Squeeze_RVOL1.0] errors: ["ENGINE_ERROR:TypeError:unsupported operand type(s) for -: 'NoneType' and 'float'"] (2.1ms)
2026-07-01 14:54:28,341 - INFO - 👻 [Structural_v3.2_RVOL1.0] CF BREAKOUT NSE:NIFTYBANK-INDEX BUY PUT | Rejected: ['LOW_RVOL', 'BIAS_MISMATCH', 'LOW_EFFICIENCY', 'TP_CAPPED']
2026-07-01 14:54:28,360 - INFO - 🟢 ENTRY [CF|Structural_v3.2_RVOL1.0|uctural_v3.2_RVOL1.0]: NSE:NIFTYBANK-INDEX BUY PUT @ 58014.10 | SL: 58041.83 TP: 57736.81
2026-07-01 14:54:28,360 - INFO - 👻 [Structural_v3.2_RVOL0.8] CF BREAKOUT NSE:NIFTYBANK-INDEX BUY PUT | Rejected: ['LOW_RVOL', 'BIAS_MISMATCH', 'LOW_EFFICIENCY', 'TP_CAPPED']
2026-07-01 14:54:28,378 - INFO - 🟢 ENTRY [CF|Structural_v3.2_RVOL0.8|uctural_v3.2_RVOL0.8]: NSE:NIFTYBANK-INDEX BUY PUT @ 58014.10 | SL: 58041.83 TP: 57736.81
2026-07-01 14:54:28,378 - WARNING - ⚡ [ATR_Squeeze_RVOL1.0] errors: ["ENGINE_ERROR:TypeError:unsupported operand type(s) for -: 'NoneType' and 'float'"]
2026-07-01 14:59:29,166 - INFO - --- 14:59:29 Market Pulse ---
2026-07-01 14:59:29,968 - INFO - 🔴 EXIT (TRAILING_SL) [CFStructural_v3.2_RVOL1.0|uctural_v3.2_RVOL1.0]: NSE:NIFTY50-INDEX @ 24025.94 | PnL -0.70R | MFE 0.35R | Capture -202% | 3bars HoldEff -0.234R/bar
2026-07-01 14:59:30,007 - INFO - 🔴 EXIT (TRAILING_SL) [CFStructural_v3.2_RVOL0.8|uctural_v3.2_RVOL0.8]: NSE:NIFTY50-INDEX @ 24025.94 | PnL -0.70R | MFE 0.35R | Capture -202% | 3bars HoldEff -0.234R/bar
2026-07-01 14:59:30,037 - INFO - 🟡 UPDATE (TP_EXPANSION) [CFGeometry_v1.0_Score35|eometry_v1.0_Score35]: NSE:NIFTY50-INDEX @ 24035.10 | SL→24003.90 TP→24052.65
2026-07-01 14:59:30,062 - INFO - 🟡 UPDATE (TP_EXPANSION) [CFGeometry_v1.0_Score50|eometry_v1.0_Score50]: NSE:NIFTY50-INDEX @ 24035.10 | SL→24003.90 TP→24052.65
2026-07-01 14:59:30,089 - INFO - 🟡 UPDATE (TRAILING_SL) [CFEMA_Pullback_20_50_RVOL1.0|llback_20_50_RVOL1.0]: NSE:NIFTYBANK-INDEX @ 58098.45 | SL→58071.34 TP→58194.10
2026-07-01 14:59:30,113 - INFO - 🟡 UPDATE (TP_EXPANSION) [CFGeometry_v1.0_Score35|eometry_v1.0_Score35]: NSE:NIFTYBANK-INDEX @ 58098.45 | SL→58082.50 TP→57959.60
2026-07-01 14:59:30,137 - INFO - 🟡 UPDATE (TP_EXPANSION) [CFGeometry_v1.0_Score50|eometry_v1.0_Score50]: NSE:NIFTYBANK-INDEX @ 58098.45 | SL→58082.50 TP→57959.60
2026-07-01 14:59:30,160 - INFO - 🔴 EXIT (INITIAL_SL) [CFStructural_v3.2_RVOL1.0|uctural_v3.2_RVOL1.0]: NSE:NIFTYBANK-INDEX @ 58041.83 | PnL -1.05R | MFE 0.00R | Capture N/A | 1bars HoldEff -1.050R/bar
2026-07-01 14:59:30,181 - INFO - 🔴 EXIT (INITIAL_SL) [CFStructural_v3.2_RVOL0.8|uctural_v3.2_RVOL0.8]: NSE:NIFTYBANK-INDEX @ 58041.83 | PnL -1.05R | MFE 0.00R | Capture N/A | 1bars HoldEff -1.050R/bar
2026-07-01 14:59:32,003 - INFO - 👻 [Structural_v3.2_RVOL1.0] CF BREAKOUT NSE:NIFTY50-INDEX BUY PUT | Rejected: ['LOW_RVOL', 'BIAS_MISMATCH', 'LOW_EFFICIENCY', 'TP_CAPPED']
2026-07-01 14:59:32,023 - INFO - 🟢 ENTRY [CF|Structural_v3.2_RVOL1.0|uctural_v3.2_RVOL1.0]: NSE:NIFTY50-INDEX BUY PUT @ 24035.10 | SL: 24042.95 TP: 23956.58
2026-07-01 14:59:32,023 - INFO - 👻 [Structural_v3.2_RVOL0.8] CF BREAKOUT NSE:NIFTY50-INDEX BUY PUT | Rejected: ['LOW_RVOL', 'BIAS_MISMATCH', 'LOW_EFFICIENCY', 'TP_CAPPED']
2026-07-01 14:59:32,042 - INFO - 🟢 ENTRY [CF|Structural_v3.2_RVOL0.8|uctural_v3.2_RVOL0.8]: NSE:NIFTY50-INDEX BUY PUT @ 24035.10 | SL: 24042.95 TP: 23956.58
2026-07-01 14:59:32,042 - INFO - 👻 [ATR_Squeeze_RVOL1.0] CF SQUEEZE_BREAKOUT NSE:NIFTY50-INDEX BUY PUT | Rejected: ['LOW_RVOL', 'BIAS_MISMATCH', 'TP_CAPPED']
2026-07-01 14:59:32,060 - INFO - 🟢 ENTRY [CF|ATR_Squeeze_RVOL1.0|_ATR_Squeeze_RVOL1.0]: NSE:NIFTY50-INDEX BUY PUT @ 24035.10 | SL: 24042.95 TP: 23956.60
2026-07-01 14:59:32,956 - INFO - 👻 [Structural_v3.2_RVOL1.0] CF BREAKOUT NSE:NIFTYBANK-INDEX BUY PUT | Rejected: ['LOW_RVOL', 'BIAS_MISMATCH', 'LOW_EFFICIENCY', 'TP_CAPPED']
2026-07-01 14:59:32,976 - INFO - 🟢 ENTRY [CF|Structural_v3.2_RVOL1.0|uctural_v3.2_RVOL1.0]: NSE:NIFTYBANK-INDEX BUY PUT @ 58098.45 | SL: 58127.61 TP: 57806.86
2026-07-01 14:59:32,976 - INFO - 👻 [Structural_v3.2_RVOL0.8] CF BREAKOUT NSE:NIFTYBANK-INDEX BUY PUT | Rejected: ['BIAS_MISMATCH', 'LOW_EFFICIENCY', 'TP_CAPPED']
2026-07-01 14:59:32,995 - INFO - 🟢 ENTRY [CF|Structural_v3.2_RVOL0.8|uctural_v3.2_RVOL0.8]: NSE:NIFTYBANK-INDEX BUY PUT @ 58098.45 | SL: 58127.61 TP: 57806.86
2026-07-01 14:59:32,995 - INFO - 👻 [ATR_Squeeze_RVOL1.0] CF SQUEEZE_BREAKOUT NSE:NIFTYBANK-INDEX BUY PUT | Rejected: ['LOW_RVOL', 'BIAS_MISMATCH', 'TP_CAPPED']
2026-07-01 14:59:33,013 - INFO - 🟢 ENTRY [CF|ATR_Squeeze_RVOL1.0|_ATR_Squeeze_RVOL1.0]: NSE:NIFTYBANK-INDEX BUY PUT @ 58098.45 | SL: 58127.61 TP: 57806.85
2026-07-01 15:04:33,684 - INFO - --- 15:04:33 Market Pulse ---
2026-07-01 15:04:34,806 - INFO - 🔴 EXIT (TRAILING_SL) [CFEMA_Pullback_20_50_RVOL1.0|llback_20_50_RVOL1.0]: NSE:NIFTYBANK-INDEX @ 58071.34 | PnL +5.42R | MFE 6.47R | Capture 84% | 4bars HoldEff +1.355R/bar
2026-07-01 15:04:34,834 - INFO - 🔴 EXIT (TRAILING_SL) [CFGeometry_v1.0_Score35|eometry_v1.0_Score35]: NSE:NIFTYBANK-INDEX @ 58082.50 | PnL +9.95R | MFE 11.00R | Capture 90% | 4bars HoldEff +2.487R/bar
2026-07-01 15:04:34,858 - INFO - 🔴 EXIT (TRAILING_SL) [CFGeometry_v1.0_Score50|eometry_v1.0_Score50]: NSE:NIFTYBANK-INDEX @ 58082.50 | PnL +9.95R | MFE 11.00R | Capture 90% | 4bars HoldEff +2.487R/bar
2026-07-01 15:04:34,879 - INFO - 🟡 UPDATE (TRAILING_SL) [CFStructural_v3.2_RVOL1.0|uctural_v3.2_RVOL1.0]: NSE:NIFTY50-INDEX @ 24019.00 | SL→24026.85 TP→23956.58
2026-07-01 15:04:34,898 - INFO - 🟡 UPDATE (TRAILING_SL) [CFStructural_v3.2_RVOL0.8|uctural_v3.2_RVOL0.8]: NSE:NIFTY50-INDEX @ 24019.00 | SL→24026.85 TP→23956.58
2026-07-01 15:04:34,918 - INFO - 🟡 UPDATE (TRAILING_SL) [CFATR_Squeeze_RVOL1.0|_ATR_Squeeze_RVOL1.0]: NSE:NIFTY50-INDEX @ 24019.00 | SL→24026.85 TP→23956.60
2026-07-01 15:04:34,937 - INFO - 🟡 UPDATE (TRAILING_SL) [CFStructural_v3.2_RVOL1.0|uctural_v3.2_RVOL1.0]: NSE:NIFTYBANK-INDEX @ 58070.45 | SL→58099.61 TP→57806.86
2026-07-01 15:04:34,958 - INFO - 🟡 UPDATE (TRAILING_SL) [CFStructural_v3.2_RVOL0.8|uctural_v3.2_RVOL0.8]: NSE:NIFTYBANK-INDEX @ 58070.45 | SL→58099.61 TP→57806.86
2026-07-01 15:04:34,980 - INFO - 🟡 UPDATE (TRAILING_SL) [CFATR_Squeeze_RVOL1.0|_ATR_Squeeze_RVOL1.0]: NSE:NIFTYBANK-INDEX @ 58070.45 | SL→58099.61 TP→57806.85
2026-07-01 15:04:36,729 - INFO - ⚡ [Structural_v3.2_RVOL1.0] warnings: ['VERY_LOW_RVOL:0.29']
2026-07-01 15:04:36,743 - INFO - ⚡ [Structural_v3.2_RVOL0.8] warnings: ['VERY_LOW_RVOL:0.29']
2026-07-01 15:04:36,747 - INFO - ⚡ [Structural_v3.2_RVOL1.0] warnings: ['VERY_LOW_RVOL:0.29']
2026-07-01 15:04:36,747 - INFO - ⚡ [Structural_v3.2_RVOL0.8] warnings: ['VERY_LOW_RVOL:0.29']
2026-07-01 15:04:37,600 - INFO - ⚡ [Structural_v3.2_RVOL1.0] warnings: ['VERY_LOW_RVOL:0.41']
2026-07-01 15:04:37,613 - INFO - ⚡ [Structural_v3.2_RVOL0.8] warnings: ['VERY_LOW_RVOL:0.41']
2026-07-01 15:04:37,616 - INFO - ⚡ [Structural_v3.2_RVOL1.0] warnings: ['VERY_LOW_RVOL:0.41']
2026-07-01 15:04:37,617 - INFO - ⚡ [Structural_v3.2_RVOL0.8] warnings: ['VERY_LOW_RVOL:0.41']
2026-07-01 15:04:37,617 - INFO - 👻 [Geometry_v1.0_Score35] CF CONFLUENCE_BOUNCE NSE:NIFTYBANK-INDEX BUY PUT | Rejected: ['LOW_RR:1.08']
2026-07-01 15:04:37,637 - INFO - 🟢 ENTRY [CF|Geometry_v1.0_Score35|eometry_v1.0_Score35]: NSE:NIFTYBANK-INDEX BUY PUT @ 58070.45 | SL: 58088.84 TP: 58050.62
2026-07-01 15:04:37,637 - INFO - 👻 [Geometry_v1.0_Score50] CF CONFLUENCE_BOUNCE NSE:NIFTYBANK-INDEX BUY PUT | Rejected: ['LOW_RR:1.08']
2026-07-01 15:04:37,656 - INFO - 🟢 ENTRY [CF|Geometry_v1.0_Score50|eometry_v1.0_Score50]: NSE:NIFTYBANK-INDEX BUY PUT @ 58070.45 | SL: 58088.84 TP: 58050.62
2026-07-01 15:09:38,410 - INFO - --- 15:09:38 Market Pulse ---
2026-07-01 15:09:39,243 - INFO - 🔴 EXIT (TRAILING_SL) [CFGeometry_v1.0_Score35|eometry_v1.0_Score35]: NSE:NIFTY50-INDEX @ 24003.90 | PnL -0.58R | MFE 0.47R | Capture -123% | 5bars HoldEff -0.116R/bar
2026-07-01 15:09:39,279 - INFO - 🔴 EXIT (TRAILING_SL) [CFGeometry_v1.0_Score50|eometry_v1.0_Score50]: NSE:NIFTY50-INDEX @ 24003.90 | PnL -0.58R | MFE 0.47R | Capture -123% | 5bars HoldEff -0.116R/bar
2026-07-01 15:09:39,312 - INFO - 🟡 UPDATE (TRAILING_SL) [CFStructural_v3.2_RVOL1.0|uctural_v3.2_RVOL1.0]: NSE:NIFTY50-INDEX @ 24000.55 | SL→24008.40 TP→23956.58
2026-07-01 15:09:39,345 - INFO - 🟡 UPDATE (TRAILING_SL) [CFStructural_v3.2_RVOL0.8|uctural_v3.2_RVOL0.8]: NSE:NIFTY50-INDEX @ 24000.55 | SL→24008.40 TP→23956.58
2026-07-01 15:09:39,374 - INFO - 🟡 UPDATE (TRAILING_SL) [CFATR_Squeeze_RVOL1.0|_ATR_Squeeze_RVOL1.0]: NSE:NIFTY50-INDEX @ 24000.55 | SL→24008.40 TP→23956.60
2026-07-01 15:09:39,402 - INFO - 🟡 UPDATE (TRAILING_SL) [CFStructural_v3.2_RVOL1.0|uctural_v3.2_RVOL1.0]: NSE:NIFTYBANK-INDEX @ 58030.20 | SL→58059.36 TP→57806.86
2026-07-01 15:09:39,428 - INFO - 🟡 UPDATE (TRAILING_SL) [CFStructural_v3.2_RVOL0.8|uctural_v3.2_RVOL0.8]: NSE:NIFTYBANK-INDEX @ 58030.20 | SL→58059.36 TP→57806.86
2026-07-01 15:09:39,451 - INFO - 🟡 UPDATE (TRAILING_SL) [CFATR_Squeeze_RVOL1.0|_ATR_Squeeze_RVOL1.0]: NSE:NIFTYBANK-INDEX @ 58030.20 | SL→58059.36 TP→57806.85
2026-07-01 15:09:39,473 - INFO - 🟡 UPDATE (TP_EXPANSION) [CFGeometry_v1.0_Score35|eometry_v1.0_Score35]: NSE:NIFTYBANK-INDEX @ 58030.20 | SL→58048.59 TP→58032.23
2026-07-01 15:09:39,492 - INFO - 🟡 UPDATE (TP_EXPANSION) [CFGeometry_v1.0_Score50|eometry_v1.0_Score50]: NSE:NIFTYBANK-INDEX @ 58030.20 | SL→58048.59 TP→58032.23
2026-07-01 15:09:41,290 - INFO - ⚡ [Structural_v3.2_RVOL1.0] warnings: ['VERY_LOW_RVOL:0.32']
2026-07-01 15:09:41,303 - INFO - ⚡ [Structural_v3.2_RVOL0.8] warnings: ['VERY_LOW_RVOL:0.32']
2026-07-01 15:09:41,307 - INFO - ⚡ [Structural_v3.2_RVOL1.0] warnings: ['VERY_LOW_RVOL:0.32']
2026-07-01 15:09:41,307 - INFO - ⚡ [Structural_v3.2_RVOL0.8] warnings: ['VERY_LOW_RVOL:0.32']
2026-07-01 15:09:41,307 - INFO - 🚀 SIGNAL: NSE:NIFTY50-INDEX BUY PUT | [Geometry_v1.0_Score35]
2026-07-01 15:09:41,307 - INFO -    Entry: 24000.55 | SL: 24005.12 | TP: 23945.47 (RR: 12.04)
2026-07-01 15:09:41,327 - INFO - 🟢 ENTRY [Geometry_v1.0_Score35|INDEX_1782898778]: NSE:NIFTY50-INDEX BUY PUT @ 24000.55 | SL: 24005.12 TP: 23945.47
2026-07-01 15:09:41,327 - INFO - 🚀 SIGNAL: NSE:NIFTY50-INDEX BUY PUT | [Geometry_v1.0_Score50]
2026-07-01 15:09:41,327 - INFO -    Entry: 24000.55 | SL: 24005.12 | TP: 23945.47 (RR: 12.04)
2026-07-01 15:09:41,346 - INFO - 🟢 ENTRY [Geometry_v1.0_Score50|INDEX_1782898778]: NSE:NIFTY50-INDEX BUY PUT @ 24000.55 | SL: 24005.12 TP: 23945.47
2026-07-01 15:09:42,226 - INFO - ⚡ [Structural_v3.2_RVOL1.0] warnings: ['VERY_LOW_RVOL:0.34']
2026-07-01 15:09:42,240 - INFO - ⚡ [Structural_v3.2_RVOL0.8] warnings: ['VERY_LOW_RVOL:0.34']
2026-07-01 15:09:42,244 - INFO - ⚡ [Structural_v3.2_RVOL1.0] warnings: ['VERY_LOW_RVOL:0.34']
2026-07-01 15:09:42,244 - INFO - ⚡ [Structural_v3.2_RVOL0.8] warnings: ['VERY_LOW_RVOL:0.34']
2026-07-01 15:14:43,040 - INFO - --- 15:14:43 Market Pulse ---
2026-07-01 15:14:43,851 - INFO - 🔴 EXIT (INITIAL_SL) [Geometry_v1.0_Score35|eometry_v1.0_Score35]: NSE:NIFTY50-INDEX @ 24005.12 | PnL -1.05R | MFE 0.00R | Capture N/A | 1bars HoldEff -1.050R/bar
2026-07-01 15:14:43,890 - INFO - 🔴 EXIT (INITIAL_SL) [Geometry_v1.0_Score50|eometry_v1.0_Score50]: NSE:NIFTY50-INDEX @ 24005.12 | PnL -1.05R | MFE 0.00R | Capture N/A | 1bars HoldEff -1.050R/bar
2026-07-01 15:14:43,923 - INFO - 🔴 EXIT (TRAILING_SL) [CFStructural_v3.2_RVOL1.0|uctural_v3.2_RVOL1.0]: NSE:NIFTY50-INDEX @ 24008.40 | PnL +3.35R | MFE 4.40R | Capture 76% | 3bars HoldEff +1.117R/bar
2026-07-01 15:14:43,953 - INFO - 🔴 EXIT (TRAILING_SL) [CFStructural_v3.2_RVOL0.8|uctural_v3.2_RVOL0.8]: NSE:NIFTY50-INDEX @ 24008.40 | PnL +3.35R | MFE 4.40R | Capture 76% | 3bars HoldEff +1.117R/bar
2026-07-01 15:14:43,983 - INFO - 🔴 EXIT (TRAILING_SL) [CFATR_Squeeze_RVOL1.0|_ATR_Squeeze_RVOL1.0]: NSE:NIFTY50-INDEX @ 24008.40 | PnL +3.35R | MFE 4.40R | Capture 76% | 3bars HoldEff +1.117R/bar
2026-07-01 15:14:44,011 - INFO - 🔴 EXIT (TRAILING_SL) [CFStructural_v3.2_RVOL1.0|uctural_v3.2_RVOL1.0]: NSE:NIFTYBANK-INDEX @ 58059.36 | PnL +1.29R | MFE 2.34R | Capture 55% | 3bars HoldEff +0.430R/bar
2026-07-01 15:14:44,040 - INFO - 🔴 EXIT (TRAILING_SL) [CFStructural_v3.2_RVOL0.8|uctural_v3.2_RVOL0.8]: NSE:NIFTYBANK-INDEX @ 58059.36 | PnL +1.29R | MFE 2.34R | Capture 55% | 3bars HoldEff +0.430R/bar
2026-07-01 15:14:44,065 - INFO - 🔴 EXIT (TRAILING_SL) [CFATR_Squeeze_RVOL1.0|_ATR_Squeeze_RVOL1.0]: NSE:NIFTYBANK-INDEX @ 58059.36 | PnL +1.29R | MFE 2.34R | Capture 55% | 3bars HoldEff +0.430R/bar
2026-07-01 15:14:44,088 - INFO - 🔴 EXIT (TRAILING_SL) [CFGeometry_v1.0_Score35|eometry_v1.0_Score35]: NSE:NIFTYBANK-INDEX @ 58048.59 | PnL +1.14R | MFE 2.19R | Capture 52% | 2bars HoldEff +0.569R/bar
2026-07-01 15:14:44,108 - INFO - 🔴 EXIT (TRAILING_SL) [CFGeometry_v1.0_Score50|eometry_v1.0_Score50]: NSE:NIFTYBANK-INDEX @ 58048.59 | PnL +1.14R | MFE 2.19R | Capture 52% | 2bars HoldEff +0.569R/bar
2026-07-01 15:14:45,874 - INFO - ⚡ [Structural_v3.2_RVOL1.0] warnings: ['VERY_LOW_RVOL:0.37']
2026-07-01 15:14:45,889 - INFO - ⚡ [Structural_v3.2_RVOL0.8] warnings: ['VERY_LOW_RVOL:0.37']
2026-07-01 15:14:45,892 - INFO - ⚡ [Structural_v3.2_RVOL1.0] warnings: ['VERY_LOW_RVOL:0.37']
2026-07-01 15:14:45,892 - INFO - 👻 [Structural_v3.2_RVOL1.0] CF BREAKOUT NSE:NIFTY50-INDEX BUY PUT | Rejected: ['LOW_RVOL', 'BIAS_MISMATCH', 'LOW_EFFICIENCY', 'TP_CAPPED']
2026-07-01 15:14:45,913 - INFO - 🟢 ENTRY [CF|Structural_v3.2_RVOL1.0|uctural_v3.2_RVOL1.0]: NSE:NIFTY50-INDEX BUY PUT @ 24012.15 | SL: 24021.37 TP: 23919.92
2026-07-01 15:14:45,913 - INFO - ⚡ [Structural_v3.2_RVOL0.8] warnings: ['VERY_LOW_RVOL:0.37']
2026-07-01 15:14:45,913 - INFO - 👻 [Structural_v3.2_RVOL0.8] CF BREAKOUT NSE:NIFTY50-INDEX BUY PUT | Rejected: ['LOW_RVOL', 'BIAS_MISMATCH', 'LOW_EFFICIENCY', 'TP_CAPPED']
2026-07-01 15:14:45,931 - INFO - 🟢 ENTRY [CF|Structural_v3.2_RVOL0.8|uctural_v3.2_RVOL0.8]: NSE:NIFTY50-INDEX BUY PUT @ 24012.15 | SL: 24021.37 TP: 23919.92
2026-07-01 15:14:45,932 - INFO - 👻 [ATR_Squeeze_RVOL1.0] CF SQUEEZE_BREAKOUT NSE:NIFTY50-INDEX BUY PUT | Rejected: ['LOW_RVOL', 'BIAS_MISMATCH', 'TP_CAPPED']
2026-07-01 15:14:45,950 - INFO - 🟢 ENTRY [CF|ATR_Squeeze_RVOL1.0|_ATR_Squeeze_RVOL1.0]: NSE:NIFTY50-INDEX BUY PUT @ 24012.15 | SL: 24021.38 TP: 23919.90
2026-07-01 15:14:45,950 - INFO - 🚀 SIGNAL: NSE:NIFTY50-INDEX BUY CALL | [Geometry_v1.0_Score35]
2026-07-01 15:14:45,950 - INFO -    Entry: 24012.15 | SL: 24008.38 | TP: 24020.23 (RR: 2.14)
2026-07-01 15:14:45,968 - INFO - 🟢 ENTRY [Geometry_v1.0_Score35|INDEX_1782899083]: NSE:NIFTY50-INDEX BUY CALL @ 24012.15 | SL: 24008.38 TP: 24020.23
2026-07-01 15:14:46,879 - INFO - 👻 [Structural_v3.2_RVOL1.0] CF BREAKOUT NSE:NIFTYBANK-INDEX BUY PUT | Rejected: ['LOW_RVOL', 'BIAS_MISMATCH', 'LOW_EFFICIENCY', 'TP_CAPPED']
2026-07-01 15:14:46,900 - INFO - 🟢 ENTRY [CF|Structural_v3.2_RVOL1.0|uctural_v3.2_RVOL1.0]: NSE:NIFTYBANK-INDEX BUY PUT @ 58077.20 | SL: 58109.96 TP: 57749.56
2026-07-01 15:14:46,900 - INFO - 👻 [Structural_v3.2_RVOL0.8] CF BREAKOUT NSE:NIFTYBANK-INDEX BUY PUT | Rejected: ['LOW_RVOL', 'BIAS_MISMATCH', 'LOW_EFFICIENCY', 'TP_CAPPED']
2026-07-01 15:14:46,919 - INFO - 🟢 ENTRY [CF|Structural_v3.2_RVOL0.8|uctural_v3.2_RVOL0.8]: NSE:NIFTYBANK-INDEX BUY PUT @ 58077.20 | SL: 58109.96 TP: 57749.56
2026-07-01 15:19:47,674 - INFO - --- 15:19:47 Market Pulse ---
2026-07-01 15:19:48,445 - INFO - 🔴 EXIT (INITIAL_SL) [Geometry_v1.0_Score35|eometry_v1.0_Score35]: NSE:NIFTY50-INDEX @ 24008.38 | PnL -1.05R | MFE 0.00R | Capture N/A | 1bars HoldEff -1.050R/bar
2026-07-01 15:19:48,485 - INFO - 🟡 UPDATE (TRAILING_SL) [CFStructural_v3.2_RVOL1.0|uctural_v3.2_RVOL1.0]: NSE:NIFTY50-INDEX @ 24001.20 | SL→24010.42 TP→23919.92
2026-07-01 15:19:48,515 - INFO - 🟡 UPDATE (TRAILING_SL) [CFStructural_v3.2_RVOL0.8|uctural_v3.2_RVOL0.8]: NSE:NIFTY50-INDEX @ 24001.20 | SL→24010.42 TP→23919.92
2026-07-01 15:19:48,544 - INFO - 🟡 UPDATE (TRAILING_SL) [CFATR_Squeeze_RVOL1.0|_ATR_Squeeze_RVOL1.0]: NSE:NIFTY50-INDEX @ 24001.20 | SL→24010.42 TP→23919.90
2026-07-01 15:19:48,572 - INFO - 🟡 UPDATE (TRAILING_SL) [CFStructural_v3.2_RVOL1.0|uctural_v3.2_RVOL1.0]: NSE:NIFTYBANK-INDEX @ 57994.60 | SL→58027.36 TP→57749.56
2026-07-01 15:19:48,598 - INFO - 🟡 UPDATE (TRAILING_SL) [CFStructural_v3.2_RVOL0.8|uctural_v3.2_RVOL0.8]: NSE:NIFTYBANK-INDEX @ 57994.60 | SL→58027.36 TP→57749.56
2026-07-01 15:19:50,482 - INFO - ⚡ [Structural_v3.2_RVOL1.0] warnings: ['VERY_LOW_RVOL:0.42']
2026-07-01 15:19:50,496 - INFO - ⚡ [Structural_v3.2_RVOL0.8] warnings: ['VERY_LOW_RVOL:0.42']
2026-07-01 15:19:50,500 - ERROR - [AtrSqueezeStrategy] Error evaluating NSE:NIFTY50-INDEX: unsupported operand type(s) for -: 'NoneType' and 'float'
Traceback (most recent call last):
  File "/Users/kashishbaggafeast/Desktop/Bot/src/strategies/atr_squeeze.py", line 129, in evaluate
    if abs(take_profit - price) > max_tp_dist:
TypeError: unsupported operand type(s) for -: 'NoneType' and 'float'
2026-07-01 15:19:50,500 - WARNING - ⚡ [ATR_Squeeze_RVOL1.0] errors: ["ENGINE_ERROR:TypeError:unsupported operand type(s) for -: 'NoneType' and 'float'"] (2.5ms)
2026-07-01 15:19:50,500 - INFO - ⚡ [Structural_v3.2_RVOL1.0] warnings: ['VERY_LOW_RVOL:0.42']
2026-07-01 15:19:50,500 - INFO - ⚡ [Structural_v3.2_RVOL0.8] warnings: ['VERY_LOW_RVOL:0.42']
2026-07-01 15:19:50,500 - WARNING - ⚡ [ATR_Squeeze_RVOL1.0] errors: ["ENGINE_ERROR:TypeError:unsupported operand type(s) for -: 'NoneType' and 'float'"]
2026-07-01 15:19:51,403 - INFO - ⚡ [Structural_v3.2_RVOL1.0] warnings: ['VERY_LOW_RVOL:0.47']
2026-07-01 15:19:51,417 - INFO - ⚡ [Structural_v3.2_RVOL0.8] warnings: ['VERY_LOW_RVOL:0.47']
2026-07-01 15:19:51,420 - INFO - ⚡ [Structural_v3.2_RVOL1.0] warnings: ['VERY_LOW_RVOL:0.47']
2026-07-01 15:19:51,420 - INFO - ⚡ [Structural_v3.2_RVOL0.8] warnings: ['VERY_LOW_RVOL:0.47']
2026-07-01 15:19:51,420 - INFO - 👻 [EMA_Pullback_20_50_RVOL1.0] CF PULLBACK NSE:NIFTYBANK-INDEX BUY CALL | Rejected: ['LOW_RVOL', 'LOW_EFFICIENCY', 'TP_CAPPED']
2026-07-01 15:19:51,441 - INFO - 🟢 ENTRY [CF|EMA_Pullback_20_50_RVOL1.0|llback_20_50_RVOL1.0]: NSE:NIFTYBANK-INDEX BUY CALL @ 57994.60 | SL: 57929.34 TP: 58324.40
2026-07-01 15:19:51,441 - INFO - 👻 [Geometry_v1.0_Score35] CF CONFLUENCE_BOUNCE NSE:NIFTYBANK-INDEX BUY PUT | Rejected: ['TIME_FILTER:CLOSE', 'LOW_RR:0.01']
2026-07-01 15:19:51,460 - INFO - 🟢 ENTRY [CF|Geometry_v1.0_Score35|eometry_v1.0_Score35]: NSE:NIFTYBANK-INDEX BUY PUT @ 57994.60 | SL: 58021.84 TP: 57994.34
2026-07-01 15:24:52,242 - INFO - --- 15:24:52 Market Pulse ---
2026-07-01 15:24:54,165 - INFO - 🟡 UPDATE (TRAILING_SL) [CFStructural_v3.2_RVOL1.0|uctural_v3.2_RVOL1.0]: NSE:NIFTY50-INDEX @ 23999.95 | SL→24009.17 TP→23919.92
2026-07-01 15:24:54,204 - INFO - 🟡 UPDATE (TRAILING_SL) [CFStructural_v3.2_RVOL0.8|uctural_v3.2_RVOL0.8]: NSE:NIFTY50-INDEX @ 23999.95 | SL→24009.17 TP→23919.92
2026-07-01 15:24:54,235 - INFO - 🟡 UPDATE (TRAILING_SL) [CFATR_Squeeze_RVOL1.0|_ATR_Squeeze_RVOL1.0]: NSE:NIFTY50-INDEX @ 23999.95 | SL→24009.17 TP→23919.90
2026-07-01 15:24:54,264 - INFO - 🟡 UPDATE (TRAILING_SL) [CFStructural_v3.2_RVOL1.0|uctural_v3.2_RVOL1.0]: NSE:NIFTYBANK-INDEX @ 57989.70 | SL→58022.46 TP→57749.56
2026-07-01 15:24:54,291 - INFO - 🟡 UPDATE (TRAILING_SL) [CFStructural_v3.2_RVOL0.8|uctural_v3.2_RVOL0.8]: NSE:NIFTYBANK-INDEX @ 57989.70 | SL→58022.46 TP→57749.56
2026-07-01 15:24:54,318 - INFO - 🟡 UPDATE (TP_EXPANSION) [CFGeometry_v1.0_Score35|eometry_v1.0_Score35]: NSE:NIFTYBANK-INDEX @ 57989.70 | SL→58016.94 TP→57967.10
2026-07-01 15:24:56,255 - INFO - ⚡ [Structural_v3.2_RVOL1.0] warnings: ['VERY_LOW_RVOL:0.44']
2026-07-01 15:24:56,269 - INFO - ⚡ [Structural_v3.2_RVOL0.8] warnings: ['VERY_LOW_RVOL:0.44']
2026-07-01 15:24:56,272 - ERROR - [AtrSqueezeStrategy] Error evaluating NSE:NIFTY50-INDEX: unsupported operand type(s) for -: 'NoneType' and 'float'
Traceback (most recent call last):
  File "/Users/kashishbaggafeast/Desktop/Bot/src/strategies/atr_squeeze.py", line 129, in evaluate
    if abs(take_profit - price) > max_tp_dist:
TypeError: unsupported operand type(s) for -: 'NoneType' and 'float'
2026-07-01 15:24:56,272 - WARNING - ⚡ [ATR_Squeeze_RVOL1.0] errors: ["ENGINE_ERROR:TypeError:unsupported operand type(s) for -: 'NoneType' and 'float'"] (2.4ms)
2026-07-01 15:24:56,273 - INFO - ⚡ [Structural_v3.2_RVOL1.0] warnings: ['VERY_LOW_RVOL:0.44']
2026-07-01 15:24:56,273 - INFO - ⚡ [Structural_v3.2_RVOL0.8] warnings: ['VERY_LOW_RVOL:0.44']
2026-07-01 15:24:56,273 - WARNING - ⚡ [ATR_Squeeze_RVOL1.0] errors: ["ENGINE_ERROR:TypeError:unsupported operand type(s) for -: 'NoneType' and 'float'"]
2026-07-01 15:24:57,143 - INFO - ⚡ [Structural_v3.2_RVOL1.0] warnings: ['VERY_LOW_RVOL:0.36']
2026-07-01 15:24:57,157 - INFO - ⚡ [Structural_v3.2_RVOL0.8] warnings: ['VERY_LOW_RVOL:0.36']
2026-07-01 15:24:57,161 - INFO - ⚡ [Structural_v3.2_RVOL1.0] warnings: ['VERY_LOW_RVOL:0.36']
2026-07-01 15:24:57,161 - INFO - ⚡ [Structural_v3.2_RVOL0.8] warnings: ['VERY_LOW_RVOL:0.36']
2026-07-01 15:29:57,989 - INFO - --- 15:29:57 Market Pulse ---
2026-07-01 15:29:58,816 - INFO - 🔴 EXIT (TRAILING_SL) [CFEMA_Pullback_20_50_RVOL1.0|llback_20_50_RVOL1.0]: NSE:NIFTY50-INDEX @ 23993.26 | PnL -0.77R | MFE 0.28R | Capture -277% | 35bars HoldEff -0.022R/bar
2026-07-01 15:29:58,853 - INFO - 🟡 UPDATE (TRAILING_SL) [CFStructural_v3.2_RVOL1.0|uctural_v3.2_RVOL1.0]: NSE:NIFTY50-INDEX @ 23984.70 | SL→23993.92 TP→23919.92
2026-07-01 15:29:58,883 - INFO - 🔴 EXIT (SESSION_END) [CFStructural_v3.2_RVOL1.0|uctural_v3.2_RVOL1.0]: NSE:NIFTY50-INDEX @ 23984.70 | PnL +2.93R | MFE 2.98R | Capture 98% | 3bars HoldEff +0.975R/bar
2026-07-01 15:29:58,913 - INFO - 🟡 UPDATE (TRAILING_SL) [CFStructural_v3.2_RVOL0.8|uctural_v3.2_RVOL0.8]: NSE:NIFTY50-INDEX @ 23984.70 | SL→23993.92 TP→23919.92
2026-07-01 15:29:58,942 - INFO - 🔴 EXIT (SESSION_END) [CFStructural_v3.2_RVOL0.8|uctural_v3.2_RVOL0.8]: NSE:NIFTY50-INDEX @ 23984.70 | PnL +2.93R | MFE 2.98R | Capture 98% | 3bars HoldEff +0.975R/bar
2026-07-01 15:29:58,970 - INFO - 🟡 UPDATE (TRAILING_SL) [CFATR_Squeeze_RVOL1.0|_ATR_Squeeze_RVOL1.0]: NSE:NIFTY50-INDEX @ 23984.70 | SL→23993.92 TP→23919.90
2026-07-01 15:29:58,998 - INFO - 🔴 EXIT (SESSION_END) [CFATR_Squeeze_RVOL1.0|_ATR_Squeeze_RVOL1.0]: NSE:NIFTY50-INDEX @ 23984.70 | PnL +2.93R | MFE 2.98R | Capture 98% | 3bars HoldEff +0.975R/bar
2026-07-01 15:29:59,023 - INFO - 🟡 UPDATE (TRAILING_SL) [CFStructural_v3.2_RVOL1.0|uctural_v3.2_RVOL1.0]: NSE:NIFTYBANK-INDEX @ 57922.60 | SL→57955.36 TP→57749.56
2026-07-01 15:29:59,046 - INFO - 🔴 EXIT (SESSION_END) [CFStructural_v3.2_RVOL1.0|uctural_v3.2_RVOL1.0]: NSE:NIFTYBANK-INDEX @ 57922.60 | PnL +4.67R | MFE 4.72R | Capture 99% | 3bars HoldEff +1.556R/bar
2026-07-01 15:29:59,066 - INFO - 🟡 UPDATE (TRAILING_SL) [CFStructural_v3.2_RVOL0.8|uctural_v3.2_RVOL0.8]: NSE:NIFTYBANK-INDEX @ 57922.60 | SL→57955.36 TP→57749.56
2026-07-01 15:29:59,086 - INFO - 🔴 EXIT (SESSION_END) [CFStructural_v3.2_RVOL0.8|uctural_v3.2_RVOL0.8]: NSE:NIFTYBANK-INDEX @ 57922.60 | PnL +4.67R | MFE 4.72R | Capture 99% | 3bars HoldEff +1.556R/bar
2026-07-01 15:29:59,106 - INFO - 🔴 EXIT (INITIAL_SL) [CFEMA_Pullback_20_50_RVOL1.0|llback_20_50_RVOL1.0]: NSE:NIFTYBANK-INDEX @ 57929.34 | PnL -1.05R | MFE 0.00R | Capture N/A | 2bars HoldEff -0.525R/bar
2026-07-01 15:29:59,126 - INFO - 🟡 UPDATE (TP_EXPANSION) [CFGeometry_v1.0_Score35|eometry_v1.0_Score35]: NSE:NIFTYBANK-INDEX @ 57922.60 | SL→57949.84 TP→57939.86
2026-07-01 15:29:59,144 - INFO - 🔴 EXIT (SESSION_END) [CFGeometry_v1.0_Score35|eometry_v1.0_Score35]: NSE:NIFTYBANK-INDEX @ 57922.60 | PnL +2.59R | MFE 2.64R | Capture 98% | 2bars HoldEff +1.297R/bar
2026-07-01 15:29:59,144 - INFO - 🔒 Session cutoff reached (15:25) — no new entries.
2026-07-01 15:29:59,161 - INFO - 📊 Daily metrics saved: [Structural_v3.2_RVOL1.0] 2026-07-01 cf=42 expectancy=0.8985275690044675
2026-07-01 15:29:59,176 - INFO - 📊 Daily metrics saved: [Structural_v3.2_RVOL0.8] 2026-07-01 cf=42 expectancy=0.8985275690044675
2026-07-01 15:29:59,190 - INFO - 📊 Daily metrics saved: [EMA_Pullback_20_50_RVOL1.0] 2026-07-01 cf=12 expectancy=0.7332755823930105
2026-07-01 15:29:59,206 - INFO - 📊 Daily metrics saved: [VWAP_Reversion_1.5ATR_RVOL1.0] 2026-07-01 cf=2 expectancy=-1.0499999523162842
2026-07-01 15:29:59,222 - INFO - 📊 Daily metrics saved: [PrevDay_Extremes_RVOL1.2] 2026-07-01 cf=5 expectancy=-1.020531678199768
2026-07-01 15:29:59,239 - INFO - 📊 Daily metrics saved: [ORB_15m_RVOL1.2] 2026-07-01 cf=1 expectancy=-1.0499999523162842
2026-07-01 15:29:59,256 - INFO - 📊 Daily metrics saved: [ORB_30m_RVOL1.2] 2026-07-01 cf=0 expectancy=None
2026-07-01 15:29:59,273 - INFO - 📊 Daily metrics saved: [ATR_Squeeze_RVOL1.0] 2026-07-01 cf=17 expectancy=0.9670664615490857
2026-07-01 15:29:59,291 - INFO - 📊 Daily metrics saved: [Geometry_v1.0_Score35] 2026-07-01 cf=12 expectancy=1.6206487144033115
2026-07-01 15:29:59,308 - INFO - 📊 Daily metrics saved: [Geometry_v1.0_Score50] 2026-07-01 cf=6 expectancy=1.488003447651863
2026-07-01 15:29:59,327 - INFO - 📊 Daily metrics saved: [OrderFlow_v1.0] 2026-07-01 cf=2 expectancy=-0.5096362866461277
2026-07-01 15:35:00,100 - INFO - --- 15:35:00 Market Pulse ---
2026-07-01 15:35:00,945 - INFO - 🔒 Session cutoff reached (15:25) — no new entries.
2026-07-01 15:35:00,995 - INFO - 📊 Daily metrics saved: [Structural_v3.2_RVOL1.0] 2026-07-01 cf=42 expectancy=0.8985275690044675
2026-07-01 15:35:01,025 - INFO - 📊 Daily metrics saved: [Structural_v3.2_RVOL0.8] 2026-07-01 cf=42 expectancy=0.8985275690044675
2026-07-01 15:35:01,048 - INFO - 📊 Daily metrics saved: [EMA_Pullback_20_50_RVOL1.0] 2026-07-01 cf=12 expectancy=0.7332755823930105
2026-07-01 15:35:01,070 - INFO - 📊 Daily metrics saved: [VWAP_Reversion_1.5ATR_RVOL1.0] 2026-07-01 cf=2 expectancy=-1.0499999523162842
2026-07-01 15:35:01,091 - INFO - 📊 Daily metrics saved: [PrevDay_Extremes_RVOL1.2] 2026-07-01 cf=5 expectancy=-1.020531678199768
2026-07-01 15:35:01,113 - INFO - 📊 Daily metrics saved: [ORB_15m_RVOL1.2] 2026-07-01 cf=1 expectancy=-1.0499999523162842
2026-07-01 15:35:01,131 - INFO - 📊 Daily metrics saved: [ORB_30m_RVOL1.2] 2026-07-01 cf=0 expectancy=None
2026-07-01 15:35:01,149 - INFO - 📊 Daily metrics saved: [ATR_Squeeze_RVOL1.0] 2026-07-01 cf=17 expectancy=0.9670664615490857
2026-07-01 15:35:01,164 - INFO - 📊 Daily metrics saved: [Geometry_v1.0_Score35] 2026-07-01 cf=12 expectancy=1.6206487144033115
2026-07-01 15:35:01,179 - INFO - 📊 Daily metrics saved: [Geometry_v1.0_Score50] 2026-07-01 cf=6 expectancy=1.488003447651863
2026-07-01 15:35:01,193 - INFO - 📊 Daily metrics saved: [OrderFlow_v1.0] 2026-07-01 cf=2 expectancy=-0.5096362866461277
2026-07-01 15:35:01,200 - INFO - 📝 Generating EOD report for 2026-07-01…
2026-07-01 15:35:01,215 - INFO -    Rolling data: 5d filters=34, 20d filters=52, total CF=686
2026-07-01 15:35:01,753 - INFO -    ✓ executive_summary
2026-07-01 15:35:02,049 - INFO -    ✓ market_narrative
2026-07-01 15:35:02,200 - INFO -    ✓ trade_review
2026-07-01 15:35:02,217 - INFO -    ✓ losing_trades
2026-07-01 15:35:02,232 - INFO -    ✓ missed_opportunities
2026-07-01 15:35:02,247 - INFO -    ✓ counterfactual_insights
2026-07-01 15:35:02,273 - INFO -    ✓ experiment_ranking
2026-07-01 15:35:02,288 - INFO -    ✓ thesis_analysis
2026-07-01 15:35:02,318 - INFO -    ✓ market_behaviour
2026-07-01 15:35:02,648 - INFO -    ✓ tomorrow_outlook
2026-07-01 15:35:02,672 - INFO -    ✓ research_queue
2026-07-01 15:35:02,711 - INFO -    ✓ strategy_health
2026-07-01 15:35:02,718 - INFO - 📄 Report written: reports/2026-07-01.md
2026-07-01 15:35:02,718 - INFO - 📊 Analytics written: reports/2026-07-01.json
2026-07-01 15:35:02,718 - INFO - 📝 EOD report: reports/2026-07-01.md
2026-07-01 15:40:03,455 - INFO - --- 15:40:03 Market Pulse ---
2026-07-01 15:40:04,232 - INFO - 🔒 Session cutoff reached (15:25) — no new entries.
2026-07-01 15:40:04,282 - INFO - 📊 Daily metrics saved: [Structural_v3.2_RVOL1.0] 2026-07-01 cf=42 expectancy=0.8985275690044675
2026-07-01 15:40:04,310 - INFO - 📊 Daily metrics saved: [Structural_v3.2_RVOL0.8] 2026-07-01 cf=42 expectancy=0.8985275690044675
2026-07-01 15:40:04,332 - INFO - 📊 Daily metrics saved: [EMA_Pullback_20_50_RVOL1.0] 2026-07-01 cf=12 expectancy=0.7332755823930105
2026-07-01 15:40:04,355 - INFO - 📊 Daily metrics saved: [VWAP_Reversion_1.5ATR_RVOL1.0] 2026-07-01 cf=2 expectancy=-1.0499999523162842
2026-07-01 15:40:04,376 - INFO - 📊 Daily metrics saved: [PrevDay_Extremes_RVOL1.2] 2026-07-01 cf=5 expectancy=-1.020531678199768
2026-07-01 15:40:04,397 - INFO - 📊 Daily metrics saved: [ORB_15m_RVOL1.2] 2026-07-01 cf=1 expectancy=-1.0499999523162842
2026-07-01 15:40:04,418 - INFO - 📊 Daily metrics saved: [ORB_30m_RVOL1.2] 2026-07-01 cf=0 expectancy=None
2026-07-01 15:40:04,438 - INFO - 📊 Daily metrics saved: [ATR_Squeeze_RVOL1.0] 2026-07-01 cf=17 expectancy=0.9670664615490857
2026-07-01 15:40:04,459 - INFO - 📊 Daily metrics saved: [Geometry_v1.0_Score35] 2026-07-01 cf=12 expectancy=1.6206487144033115
2026-07-01 15:40:04,479 - INFO - 📊 Daily metrics saved: [Geometry_v1.0_Score50] 2026-07-01 cf=6 expectancy=1.488003447651863
2026-07-01 15:40:04,497 - INFO - 📊 Daily metrics saved: [OrderFlow_v1.0] 2026-07-01 cf=2 expectancy=-0.5096362866461277
2026-07-01 15:45:05,158 - INFO - --- 15:45:05 Market Pulse ---
2026-07-01 15:45:05,983 - INFO - 🔒 Session cutoff reached (15:25) — no new entries.
2026-07-01 15:45:06,033 - INFO - 📊 Daily metrics saved: [Structural_v3.2_RVOL1.0] 2026-07-01 cf=42 expectancy=0.8985275690044675
2026-07-01 15:45:06,061 - INFO - 📊 Daily metrics saved: [Structural_v3.2_RVOL0.8] 2026-07-01 cf=42 expectancy=0.8985275690044675
2026-07-01 15:45:06,086 - INFO - 📊 Daily metrics saved: [EMA_Pullback_20_50_RVOL1.0] 2026-07-01 cf=12 expectancy=0.7332755823930105
2026-07-01 15:45:06,107 - INFO - 📊 Daily metrics saved: [VWAP_Reversion_1.5ATR_RVOL1.0] 2026-07-01 cf=2 expectancy=-1.0499999523162842
2026-07-01 15:45:06,126 - INFO - 📊 Daily metrics saved: [PrevDay_Extremes_RVOL1.2] 2026-07-01 cf=5 expectancy=-1.020531678199768
2026-07-01 15:45:06,142 - INFO - 📊 Daily metrics saved: [ORB_15m_RVOL1.2] 2026-07-01 cf=1 expectancy=-1.0499999523162842
2026-07-01 15:45:06,157 - INFO - 📊 Daily metrics saved: [ORB_30m_RVOL1.2] 2026-07-01 cf=0 expectancy=None
2026-07-01 15:45:06,174 - INFO - 📊 Daily metrics saved: [ATR_Squeeze_RVOL1.0] 2026-07-01 cf=17 expectancy=0.9670664615490857
2026-07-01 15:45:06,191 - INFO - 📊 Daily metrics saved: [Geometry_v1.0_Score35] 2026-07-01 cf=12 expectancy=1.6206487144033115
2026-07-01 15:45:06,207 - INFO - 📊 Daily metrics saved: [Geometry_v1.0_Score50] 2026-07-01 cf=6 expectancy=1.488003447651863
2026-07-01 15:45:06,222 - INFO - 📊 Daily metrics saved: [OrderFlow_v1.0] 2026-07-01 cf=2 expectancy=-0.5096362866461277
2026-07-01 15:50:06,984 - INFO - --- 15:50:06 Market Pulse ---
2026-07-01 15:50:07,982 - INFO - 🔒 Session cutoff reached (15:25) — no new entries.
2026-07-01 15:50:08,026 - INFO - 📊 Daily metrics saved: [Structural_v3.2_RVOL1.0] 2026-07-01 cf=42 expectancy=0.8985275690044675
2026-07-01 15:50:08,047 - INFO - 📊 Daily metrics saved: [Structural_v3.2_RVOL0.8] 2026-07-01 cf=42 expectancy=0.8985275690044675
2026-07-01 15:50:08,065 - INFO - 📊 Daily metrics saved: [EMA_Pullback_20_50_RVOL1.0] 2026-07-01 cf=12 expectancy=0.7332755823930105
2026-07-01 15:50:08,082 - INFO - 📊 Daily metrics saved: [VWAP_Reversion_1.5ATR_RVOL1.0] 2026-07-01 cf=2 expectancy=-1.0499999523162842
2026-07-01 15:50:08,097 - INFO - 📊 Daily metrics saved: [PrevDay_Extremes_RVOL1.2] 2026-07-01 cf=5 expectancy=-1.020531678199768
2026-07-01 15:50:08,112 - INFO - 📊 Daily metrics saved: [ORB_15m_RVOL1.2] 2026-07-01 cf=1 expectancy=-1.0499999523162842
2026-07-01 15:50:08,128 - INFO - 📊 Daily metrics saved: [ORB_30m_RVOL1.2] 2026-07-01 cf=0 expectancy=None
2026-07-01 15:50:08,142 - INFO - 📊 Daily metrics saved: [ATR_Squeeze_RVOL1.0] 2026-07-01 cf=17 expectancy=0.9670664615490857
2026-07-01 15:50:08,156 - INFO - 📊 Daily metrics saved: [Geometry_v1.0_Score35] 2026-07-01 cf=12 expectancy=1.6206487144033115
2026-07-01 15:50:08,171 - INFO - 📊 Daily metrics saved: [Geometry_v1.0_Score50] 2026-07-01 cf=6 expectancy=1.488003447651863
2026-07-01 15:50:08,185 - INFO - 📊 Daily metrics saved: [OrderFlow_v1.0] 2026-07-01 cf=2 expectancy=-0.5096362866461277
2026-07-01 15:55:08,933 - INFO - --- 15:55:08 Market Pulse ---
2026-07-01 15:55:09,633 - INFO - 🔒 Session cutoff reached (15:25) — no new entries.
2026-07-01 15:55:09,683 - INFO - 📊 Daily metrics saved: [Structural_v3.2_RVOL1.0] 2026-07-01 cf=42 expectancy=0.8985275690044675
2026-07-01 15:55:09,711 - INFO - 📊 Daily metrics saved: [Structural_v3.2_RVOL0.8] 2026-07-01 cf=42 expectancy=0.8985275690044675
2026-07-01 15:55:09,735 - INFO - 📊 Daily metrics saved: [EMA_Pullback_20_50_RVOL1.0] 2026-07-01 cf=12 expectancy=0.7332755823930105
2026-07-01 15:55:09,757 - INFO - 📊 Daily metrics saved: [VWAP_Reversion_1.5ATR_RVOL1.0] 2026-07-01 cf=2 expectancy=-1.0499999523162842
2026-07-01 15:55:09,780 - INFO - 📊 Daily metrics saved: [PrevDay_Extremes_RVOL1.2] 2026-07-01 cf=5 expectancy=-1.020531678199768
2026-07-01 15:55:09,799 - INFO - 📊 Daily metrics saved: [ORB_15m_RVOL1.2] 2026-07-01 cf=1 expectancy=-1.0499999523162842
2026-07-01 15:55:09,818 - INFO - 📊 Daily metrics saved: [ORB_30m_RVOL1.2] 2026-07-01 cf=0 expectancy=None
2026-07-01 15:55:09,837 - INFO - 📊 Daily metrics saved: [ATR_Squeeze_RVOL1.0] 2026-07-01 cf=17 expectancy=0.9670664615490857
2026-07-01 15:55:09,856 - INFO - 📊 Daily metrics saved: [Geometry_v1.0_Score35] 2026-07-01 cf=12 expectancy=1.6206487144033115
2026-07-01 15:55:09,874 - INFO - 📊 Daily metrics saved: [Geometry_v1.0_Score50] 2026-07-01 cf=6 expectancy=1.488003447651863
2026-07-01 15:55:09,894 - INFO - 📊 Daily metrics saved: [OrderFlow_v1.0] 2026-07-01 cf=2 expectancy=-0.5096362866461277
