2026-07-21 09:04:14,725 - INFO - 🔑 Access token loaded from environment fallback
2026-07-21 09:04:14,856 - ERROR - ❌ Failed to initialize Fyers client: {'s': 'error', 'code': -8, 'message': 'Your token has expired. Please generate a token'}
2026-07-21 09:04:14,915 - INFO - ✅ PostgreSQL tables and migrations checked/initialized
2026-07-21 09:04:14,929 - INFO - ✅ Option snapshots & audits converted to hypertables, indexes generated
2026-07-21 09:04:14,979 - INFO - ✅ PostgreSQL / TimescaleDB fully initialized
2026-07-21 09:04:14,982 - INFO - ✅ TimeOfDayEngine initialized with 75 slots.
2026-07-21 09:04:14,982 - INFO - ✅ TimeOfDayEngine initialized with 75 slots.
2026-07-21 09:04:15,009 - INFO - ✅ PostgreSQL tables and migrations checked/initialized
2026-07-21 09:04:15,020 - INFO - ✅ Option snapshots & audits converted to hypertables, indexes generated
2026-07-21 09:04:15,051 - INFO - ✅ PostgreSQL / TimescaleDB fully initialized
2026-07-21 09:04:15,076 - INFO - ✅ PostgreSQL tables and migrations checked/initialized
2026-07-21 09:04:15,086 - INFO - ✅ Option snapshots & audits converted to hypertables, indexes generated
2026-07-21 09:04:15,114 - INFO - ✅ PostgreSQL / TimescaleDB fully initialized
2026-07-21 09:04:15,114 - INFO - 🏛️ Structural Decision Engine initialized | Phase 3.2 (Final Polish) Active
2026-07-21 09:04:15,114 - INFO - 🏛️ StructuralStrategy initialized [rvol>=1.0, zone_score>=50.0]
2026-07-21 09:04:15,134 - INFO - 📋 Registered experiment: Structural_v3.2_RVOL1.0 [structural@v3.2] hash=e94c3fcc1fbc618d git=97aaa84
2026-07-21 09:04:15,147 - INFO - 📋 Experiment saved: Structural_v3.2_RVOL1.0 [hash=e94c3fcc1fbc618d git=97aaa84]
2026-07-21 09:04:15,173 - INFO - ✅ PostgreSQL tables and migrations checked/initialized
2026-07-21 09:04:15,182 - INFO - ✅ Option snapshots & audits converted to hypertables, indexes generated
2026-07-21 09:04:15,209 - INFO - ✅ PostgreSQL / TimescaleDB fully initialized
2026-07-21 09:04:15,209 - INFO - 🏛️ Structural Decision Engine initialized | Phase 3.2 (Final Polish) Active
2026-07-21 09:04:15,209 - INFO - 🏛️ StructuralStrategy initialized [rvol>=0.8, zone_score>=50.0]
2026-07-21 09:04:15,217 - INFO - 📋 Registered experiment: Structural_v3.2_RVOL0.8 [structural@v3.2] hash=40874fb174f2baa6 git=97aaa84
2026-07-21 09:04:15,229 - INFO - 📋 Experiment saved: Structural_v3.2_RVOL0.8 [hash=40874fb174f2baa6 git=97aaa84]
2026-07-21 09:04:15,237 - INFO - 📋 Registered experiment: EMA_Pullback_20_50_RVOL1.0 [ema_pullback@v1.0] hash=0296a97f007a6675 git=97aaa84
2026-07-21 09:04:15,249 - INFO - 📋 Experiment saved: EMA_Pullback_20_50_RVOL1.0 [hash=0296a97f007a6675 git=97aaa84]
2026-07-21 09:04:15,257 - INFO - 📋 Registered experiment: VWAP_Reversion_1.5ATR_RVOL1.0 [vwap_reversion@v1.0] hash=3d6d96cb21ff71cd git=97aaa84
2026-07-21 09:04:15,269 - INFO - 📋 Experiment saved: VWAP_Reversion_1.5ATR_RVOL1.0 [hash=3d6d96cb21ff71cd git=97aaa84]
2026-07-21 09:04:15,277 - INFO - 📋 Registered experiment: PrevDay_Extremes_RVOL1.2 [prev_day_extremes@v1.0] hash=952708070530c475 git=97aaa84
2026-07-21 09:04:15,288 - INFO - 📋 Experiment saved: PrevDay_Extremes_RVOL1.2 [hash=952708070530c475 git=97aaa84]
2026-07-21 09:04:15,297 - INFO - 📋 Registered experiment: ORB_15m_RVOL1.2 [orb@v1.0] hash=7977fff6d541cc39 git=97aaa84
2026-07-21 09:04:15,308 - INFO - 📋 Experiment saved: ORB_15m_RVOL1.2 [hash=7977fff6d541cc39 git=97aaa84]
2026-07-21 09:04:15,316 - INFO - 📋 Registered experiment: ORB_30m_RVOL1.2 [orb@v1.0] hash=a4c360e3a0cd8ef8 git=97aaa84
2026-07-21 09:04:15,327 - INFO - 📋 Experiment saved: ORB_30m_RVOL1.2 [hash=a4c360e3a0cd8ef8 git=97aaa84]
2026-07-21 09:04:15,335 - INFO - 📋 Registered experiment: ATR_Squeeze_RVOL1.0 [atr_squeeze@v1.0] hash=9ad2746007bcc7e7 git=97aaa84
2026-07-21 09:04:15,347 - INFO - 📋 Experiment saved: ATR_Squeeze_RVOL1.0 [hash=9ad2746007bcc7e7 git=97aaa84]
2026-07-21 09:04:15,347 - INFO - 📐 GeometryStrategy initialized [score>=50.0, tol=0.2%, RR>=1.5, trendline_break=True]
2026-07-21 09:04:15,355 - INFO - 📋 Registered experiment: Geometry_v1.0_Score35 [geometry@v1.0] hash=7edde6fe809a3b1a git=97aaa84
2026-07-21 09:04:15,366 - INFO - 📋 Experiment saved: Geometry_v1.0_Score35 [hash=7edde6fe809a3b1a git=97aaa84]
2026-07-21 09:04:15,366 - INFO - 📐 GeometryStrategy initialized [score>=50.0, tol=0.2%, RR>=1.8, trendline_break=True]
2026-07-21 09:04:15,374 - INFO - 📋 Registered experiment: Geometry_v1.0_Score50 [geometry@v1.0] hash=431ce308e16d5c85 git=97aaa84
2026-07-21 09:04:15,385 - INFO - 📋 Experiment saved: Geometry_v1.0_Score50 [hash=431ce308e16d5c85 git=97aaa84]
2026-07-21 09:04:15,385 - INFO - 💧 OrderFlowStrategy initialized [sweep>=0.6, imbalance>=0.55]
2026-07-21 09:04:15,393 - INFO - 📋 Registered experiment: OrderFlow_v1.0 [order_flow@v1.0] hash=be581b5e26fdcef5 git=97aaa84
2026-07-21 09:04:15,405 - INFO - 📋 Experiment saved: OrderFlow_v1.0 [hash=be581b5e26fdcef5 git=97aaa84]
2026-07-21 09:04:15,434 - INFO - 🏛️ Structural Paper Trader Initialized | Active Position Tracking Enabled
2026-07-21 09:04:15,435 - INFO - ⏱️ Aligning to 5-min candle boundary. Sleeping 50s until 09:05:05 IST...
2026-07-21 09:05:06,554 - INFO - 🔑 Loaded access token from local JSON cache: /Users/kashishbaggafeast/Desktop/Bot/tokens/token_2026-07-21.json
2026-07-21 09:05:06,647 - INFO - ✅ Fyers client initialized successfully
2026-07-21 09:05:06,704 - INFO - ✅ PostgreSQL tables and migrations checked/initialized
2026-07-21 09:05:06,778 - INFO - ✅ Option snapshots & audits converted to hypertables, indexes generated
2026-07-21 09:05:06,817 - INFO - ✅ PostgreSQL / TimescaleDB fully initialized
2026-07-21 09:05:06,819 - INFO - ✅ TimeOfDayEngine initialized with 75 slots.
2026-07-21 09:05:06,819 - INFO - ✅ TimeOfDayEngine initialized with 75 slots.
2026-07-21 09:05:06,844 - INFO - ✅ PostgreSQL tables and migrations checked/initialized
2026-07-21 09:05:06,854 - INFO - ✅ Option snapshots & audits converted to hypertables, indexes generated
2026-07-21 09:05:06,879 - INFO - ✅ PostgreSQL / TimescaleDB fully initialized
2026-07-21 09:05:06,904 - INFO - ✅ PostgreSQL tables and migrations checked/initialized
2026-07-21 09:05:06,913 - INFO - ✅ Option snapshots & audits converted to hypertables, indexes generated
2026-07-21 09:05:06,936 - INFO - ✅ PostgreSQL / TimescaleDB fully initialized
2026-07-21 09:05:06,936 - INFO - 🏛️ Structural Decision Engine initialized | Phase 3.2 (Final Polish) Active
2026-07-21 09:05:06,936 - INFO - 🏛️ StructuralStrategy initialized [rvol>=1.0, zone_score>=50.0]
2026-07-21 09:05:06,946 - INFO - 📋 Registered experiment: Structural_v3.2_RVOL1.0 [structural@v3.2] hash=e94c3fcc1fbc618d git=97aaa84
2026-07-21 09:05:06,957 - INFO - 📋 Experiment saved: Structural_v3.2_RVOL1.0 [hash=e94c3fcc1fbc618d git=97aaa84]
2026-07-21 09:05:06,983 - INFO - ✅ PostgreSQL tables and migrations checked/initialized
2026-07-21 09:05:06,993 - INFO - ✅ Option snapshots & audits converted to hypertables, indexes generated
2026-07-21 09:05:07,019 - INFO - ✅ PostgreSQL / TimescaleDB fully initialized
2026-07-21 09:05:07,019 - INFO - 🏛️ Structural Decision Engine initialized | Phase 3.2 (Final Polish) Active
2026-07-21 09:05:07,019 - INFO - 🏛️ StructuralStrategy initialized [rvol>=0.8, zone_score>=50.0]
2026-07-21 09:05:07,028 - INFO - 📋 Registered experiment: Structural_v3.2_RVOL0.8 [structural@v3.2] hash=40874fb174f2baa6 git=97aaa84
2026-07-21 09:05:07,039 - INFO - 📋 Experiment saved: Structural_v3.2_RVOL0.8 [hash=40874fb174f2baa6 git=97aaa84]
2026-07-21 09:05:07,048 - INFO - 📋 Registered experiment: EMA_Pullback_20_50_RVOL1.0 [ema_pullback@v1.0] hash=0296a97f007a6675 git=97aaa84
2026-07-21 09:05:07,059 - INFO - 📋 Experiment saved: EMA_Pullback_20_50_RVOL1.0 [hash=0296a97f007a6675 git=97aaa84]
2026-07-21 09:05:07,067 - INFO - 📋 Registered experiment: VWAP_Reversion_1.5ATR_RVOL1.0 [vwap_reversion@v1.0] hash=3d6d96cb21ff71cd git=97aaa84
2026-07-21 09:05:07,079 - INFO - 📋 Experiment saved: VWAP_Reversion_1.5ATR_RVOL1.0 [hash=3d6d96cb21ff71cd git=97aaa84]
2026-07-21 09:05:07,087 - INFO - 📋 Registered experiment: PrevDay_Extremes_RVOL1.2 [prev_day_extremes@v1.0] hash=952708070530c475 git=97aaa84
2026-07-21 09:05:07,099 - INFO - 📋 Experiment saved: PrevDay_Extremes_RVOL1.2 [hash=952708070530c475 git=97aaa84]
2026-07-21 09:05:07,107 - INFO - 📋 Registered experiment: ORB_15m_RVOL1.2 [orb@v1.0] hash=7977fff6d541cc39 git=97aaa84
2026-07-21 09:05:07,118 - INFO - 📋 Experiment saved: ORB_15m_RVOL1.2 [hash=7977fff6d541cc39 git=97aaa84]
2026-07-21 09:05:07,127 - INFO - 📋 Registered experiment: ORB_30m_RVOL1.2 [orb@v1.0] hash=a4c360e3a0cd8ef8 git=97aaa84
2026-07-21 09:05:07,139 - INFO - 📋 Experiment saved: ORB_30m_RVOL1.2 [hash=a4c360e3a0cd8ef8 git=97aaa84]
2026-07-21 09:05:07,147 - INFO - 📋 Registered experiment: ATR_Squeeze_RVOL1.0 [atr_squeeze@v1.0] hash=9ad2746007bcc7e7 git=97aaa84
2026-07-21 09:05:07,159 - INFO - 📋 Experiment saved: ATR_Squeeze_RVOL1.0 [hash=9ad2746007bcc7e7 git=97aaa84]
2026-07-21 09:05:07,159 - INFO - 📐 GeometryStrategy initialized [score>=50.0, tol=0.2%, RR>=1.5, trendline_break=True]
2026-07-21 09:05:07,167 - INFO - 📋 Registered experiment: Geometry_v1.0_Score35 [geometry@v1.0] hash=7edde6fe809a3b1a git=97aaa84
2026-07-21 09:05:07,178 - INFO - 📋 Experiment saved: Geometry_v1.0_Score35 [hash=7edde6fe809a3b1a git=97aaa84]
2026-07-21 09:05:07,179 - INFO - 📐 GeometryStrategy initialized [score>=50.0, tol=0.2%, RR>=1.8, trendline_break=True]
2026-07-21 09:05:07,187 - INFO - 📋 Registered experiment: Geometry_v1.0_Score50 [geometry@v1.0] hash=431ce308e16d5c85 git=97aaa84
2026-07-21 09:05:07,197 - INFO - 📋 Experiment saved: Geometry_v1.0_Score50 [hash=431ce308e16d5c85 git=97aaa84]
2026-07-21 09:05:07,198 - INFO - 💧 OrderFlowStrategy initialized [sweep>=0.6, imbalance>=0.55]
2026-07-21 09:05:07,206 - INFO - 📋 Registered experiment: OrderFlow_v1.0 [order_flow@v1.0] hash=be581b5e26fdcef5 git=97aaa84
2026-07-21 09:05:07,217 - INFO - 📋 Experiment saved: OrderFlow_v1.0 [hash=be581b5e26fdcef5 git=97aaa84]
2026-07-21 09:05:07,244 - INFO - 🏛️ Structural Paper Trader Initialized | Active Position Tracking Enabled
2026-07-21 09:05:07,245 - INFO - ⏱️ Aligning to 5-min candle boundary. Sleeping 298s until 09:10:05 IST...
2026-07-21 09:10:05,250 - INFO - ⏱️ Scheduler aligned and running. Next candle evaluation at 5-min intervals.
2026-07-21 09:10:05,251 - INFO - --- 09:10:05 Market Pulse ---
2026-07-21 09:10:07,333 - INFO - 👻 [Structural_v3.2_RVOL1.0] CF BREAKOUT NSE:NIFTY50-INDEX BUY PUT | Rejected: ['LOW_RVOL', 'LOW_EFFICIENCY', 'HIGH_WICKINESS', 'TP_CAPPED']
2026-07-21 09:10:07,333 - INFO - 📊 EXECUTION AUDIT [SIGNAL_GENERATED]: trade_id=None, candidate_id=cand_NSE_NIFTY50_INDEX_BREAKOUT_24228.40_20260720_152500_Structural_v3.2_RVOL1.0, payload={'symbol': 'NSE:NIFTY50-INDEX', 'signal': 'BUY PUT', 'strategy': 'BREAKOUT', 'price': 24239.5, 'stop_loss': 24246.11964285715, 'take_profit': 24173.303571428525, 'tp1': 24229.570535714276, 'rr_ratio': 10.0, 'timestamp': '2026-07-20T15:25:00+05:30', 'accepted': False, 'rejection_reasons': ['LOW_RVOL', 'LOW_EFFICIENCY', 'HIGH_WICKINESS', 'TP_CAPPED'], 'features': {'date': '2026-07-20', 'strategy_name': 'Structural_v3', 'strategy_version': 'v3.2', 'feature_version': 'v1.1', 'market_regime': 'RANGE_LOW_VOL', 'day_type': 'RANGE_DAY', 'session_type': 'CLOSE', 'daily_bias': 'BEARISH', 'hourly_bias': 'NEUTRAL', 'trend_strength': 0.0, 'rvol': 0.87, 'atr': 13.24, 'distance_from_supply': 127.8, 'distance_from_demand': 209.22, 'nearest_supply_strength': 59.4, 'nearest_demand_strength': 52.2, 'distance_to_liquidity_pool': 209.22499999999854, 'liquidity_score': 8.7, 'indicator_snapshot': {'rvol_tod': 0.87, 'is_compressed': True, 'bos_count': 0}, 'move_efficiency': 0.0597, 'wickiness': 0.7306, 'fft_score': 0.0, 'setup_type': 'BREAKOUT', 'candidate_id': 'cand_NSE_NIFTY50_INDEX_BREAKOUT_24228.40_20260720_152500', 'ema20': 24237.29, 'ema50': 24229.22, 'move_efficiency_h1': 0.0188, 'ema_bullish': True, 'rsi14': 39.88, 'distance_to_vwap': 0.0011, 'atr_percentile': 0.0142, 'dist_prev_high': -0.0052, 'dist_prev_low': 0.0058}, 'candidate_id': 'cand_NSE_NIFTY50_INDEX_BREAKOUT_24228.40_20260720_152500_Structural_v3.2_RVOL1.0', 'experiment_name': 'Structural_v3.2_RVOL1.0', 'strategy_id': 'structural', 'version': 'v3.2'}
2026-07-21 09:10:08,964 - INFO - Retrieved live premium from Fyers API: LTP=65.65 for NSE:NIFTY2672124250PE
2026-07-21 09:10:08,964 - INFO - Resolved index signal into option contract: OptionContract(symbol='NSE:NIFTY2672124250PE', strike=24250.0, expiry='26721', option_type='PE', premium=65.65, delta=0.5, bid=65.4, ask=65.8, volume=312598780, resolved_at=datetime.datetime(2026, 7, 21, 9, 10, 8, 964638))
2026-07-21 09:10:08,964 - INFO - ⚡ Option strike selection resolved index signal to contract NSE:NIFTY2672124250PE @ premium 65.65 (type: PE, strike: 24250.0)
2026-07-21 09:10:08,965 - INFO - 📊 EXECUTION AUDIT [STRIKE_SELECTED]: trade_id=None, candidate_id=cand_NSE_NIFTY50_INDEX_BREAKOUT_24228.40_20260720_152500_Structural_v3.2_RVOL1.0, payload={'symbol': 'NSE:NIFTY2672124250PE', 'strike': 24250.0, 'expiry': '26721', 'type': 'PE'}
2026-07-21 09:10:08,999 - INFO - 📊 EXECUTION AUDIT [PREMIUM_RETRIEVED]: trade_id=None, candidate_id=cand_NSE_NIFTY50_INDEX_BREAKOUT_24228.40_20260720_152500_Structural_v3.2_RVOL1.0, payload={'premium': 65.65, 'bid': 65.4, 'ask': 65.8}
2026-07-21 09:10:09,020 - INFO - 📊 EXECUTION AUDIT [CF_SUBMITTED]: trade_id=None, candidate_id=cand_NSE_NIFTY50_INDEX_BREAKOUT_24228.40_20260720_152500_Structural_v3.2_RVOL1.0, payload={'price': 24239.5, 'sl': 24246.11964285715, 'tp': 24173.303571428525}
2026-07-21 09:10:09,037 - INFO - 📊 EXECUTION AUDIT [CF_FILLED]: trade_id=None, candidate_id=cand_NSE_NIFTY50_INDEX_BREAKOUT_24228.40_20260720_152500_Structural_v3.2_RVOL1.0, payload={'price': 24239.5, 'sl': 24246.11964285715, 'tp': 24173.303571428525}
2026-07-21 09:10:09,079 - INFO - 🟢 ENTRY [CF|Structural_v3.2_RVOL1.0|uctural_v3.2_RVOL1.0]: NSE:NIFTY50-INDEX BUY PUT @ 24239.50 | SL: 24246.12 TP: 24173.30
2026-07-21 09:10:09,079 - INFO - 👻 [Structural_v3.2_RVOL0.8] CF BREAKOUT NSE:NIFTY50-INDEX BUY PUT | Rejected: ['LOW_EFFICIENCY', 'HIGH_WICKINESS', 'TP_CAPPED']
2026-07-21 09:10:09,079 - INFO - 📊 EXECUTION AUDIT [SIGNAL_GENERATED]: trade_id=None, candidate_id=cand_NSE_NIFTY50_INDEX_BREAKOUT_24228.40_20260720_152500_Structural_v3.2_RVOL0.8, payload={'symbol': 'NSE:NIFTY50-INDEX', 'signal': 'BUY PUT', 'strategy': 'BREAKOUT', 'price': 24239.5, 'stop_loss': 24246.11964285715, 'take_profit': 24173.303571428525, 'tp1': 24229.570535714276, 'rr_ratio': 10.0, 'timestamp': '2026-07-20T15:25:00+05:30', 'accepted': False, 'rejection_reasons': ['LOW_EFFICIENCY', 'HIGH_WICKINESS', 'TP_CAPPED'], 'features': {'date': '2026-07-20', 'strategy_name': 'Structural_v3', 'strategy_version': 'v3.2', 'feature_version': 'v1.1', 'market_regime': 'RANGE_LOW_VOL', 'day_type': 'RANGE_DAY', 'session_type': 'CLOSE', 'daily_bias': 'BEARISH', 'hourly_bias': 'NEUTRAL', 'trend_strength': 0.0, 'rvol': 0.87, 'atr': 13.24, 'distance_from_supply': 127.8, 'distance_from_demand': 209.22, 'nearest_supply_strength': 59.4, 'nearest_demand_strength': 52.2, 'distance_to_liquidity_pool': 209.22499999999854, 'liquidity_score': 8.7, 'indicator_snapshot': {'rvol_tod': 0.87, 'is_compressed': True, 'bos_count': 0}, 'move_efficiency': 0.0597, 'wickiness': 0.7306, 'fft_score': 0.0, 'setup_type': 'BREAKOUT', 'candidate_id': 'cand_NSE_NIFTY50_INDEX_BREAKOUT_24228.40_20260720_152500', 'ema20': 24237.29, 'ema50': 24229.22, 'move_efficiency_h1': 0.0188, 'ema_bullish': True, 'rsi14': 39.88, 'distance_to_vwap': 0.0011, 'atr_percentile': 0.0142, 'dist_prev_high': -0.0052, 'dist_prev_low': 0.0058}, 'candidate_id': 'cand_NSE_NIFTY50_INDEX_BREAKOUT_24228.40_20260720_152500_Structural_v3.2_RVOL0.8', 'experiment_name': 'Structural_v3.2_RVOL0.8', 'strategy_id': 'structural', 'version': 'v3.2'}
2026-07-21 09:10:10,521 - INFO - Retrieved live premium from Fyers API: LTP=65.65 for NSE:NIFTY2672124250PE
2026-07-21 09:10:10,521 - INFO - Resolved index signal into option contract: OptionContract(symbol='NSE:NIFTY2672124250PE', strike=24250.0, expiry='26721', option_type='PE', premium=65.65, delta=0.5, bid=65.4, ask=65.8, volume=312598780, resolved_at=datetime.datetime(2026, 7, 21, 9, 10, 10, 521530))
2026-07-21 09:10:10,521 - INFO - ⚡ Option strike selection resolved index signal to contract NSE:NIFTY2672124250PE @ premium 65.65 (type: PE, strike: 24250.0)
2026-07-21 09:10:10,522 - INFO - 📊 EXECUTION AUDIT [STRIKE_SELECTED]: trade_id=None, candidate_id=cand_NSE_NIFTY50_INDEX_BREAKOUT_24228.40_20260720_152500_Structural_v3.2_RVOL0.8, payload={'symbol': 'NSE:NIFTY2672124250PE', 'strike': 24250.0, 'expiry': '26721', 'type': 'PE'}
2026-07-21 09:10:10,551 - INFO - 📊 EXECUTION AUDIT [PREMIUM_RETRIEVED]: trade_id=None, candidate_id=cand_NSE_NIFTY50_INDEX_BREAKOUT_24228.40_20260720_152500_Structural_v3.2_RVOL0.8, payload={'premium': 65.65, 'bid': 65.4, 'ask': 65.8}
2026-07-21 09:10:10,569 - INFO - 📊 EXECUTION AUDIT [CF_SUBMITTED]: trade_id=None, candidate_id=cand_NSE_NIFTY50_INDEX_BREAKOUT_24228.40_20260720_152500_Structural_v3.2_RVOL0.8, payload={'price': 24239.5, 'sl': 24246.11964285715, 'tp': 24173.303571428525}
2026-07-21 09:10:10,584 - INFO - 📊 EXECUTION AUDIT [CF_FILLED]: trade_id=None, candidate_id=cand_NSE_NIFTY50_INDEX_BREAKOUT_24228.40_20260720_152500_Structural_v3.2_RVOL0.8, payload={'price': 24239.5, 'sl': 24246.11964285715, 'tp': 24173.303571428525}
2026-07-21 09:10:10,622 - INFO - 🟢 ENTRY [CF|Structural_v3.2_RVOL0.8|uctural_v3.2_RVOL0.8]: NSE:NIFTY50-INDEX BUY PUT @ 24239.50 | SL: 24246.12 TP: 24173.30
2026-07-21 09:10:10,623 - INFO - 👻 [ATR_Squeeze_RVOL1.0] CF SQUEEZE_BREAKOUT NSE:NIFTY50-INDEX BUY CALL | Rejected: ['NEUTRAL_TREND', 'LOW_RVOL', 'BIAS_MISMATCH', 'TP_CAPPED']
2026-07-21 09:10:10,623 - INFO - 📊 EXECUTION AUDIT [SIGNAL_GENERATED]: trade_id=None, candidate_id=cand_NSE_NIFTY50_INDEX_SQBRK_24239.50_20260721_091005_ATR_Squeeze_RVOL1.0, payload={'symbol': 'NSE:NIFTY50-INDEX', 'signal': 'BUY CALL', 'strategy': 'SQUEEZE_BREAKOUT', 'price': 24239.5, 'stop_loss': 24232.88, 'take_profit': 24305.7, 'tp1': 24249.43, 'rr_ratio': 10.0, 'timestamp': '2026-07-21T09:10:05.251608+05:30', 'accepted': False, 'rejection_reasons': ['NEUTRAL_TREND', 'LOW_RVOL', 'BIAS_MISMATCH', 'TP_CAPPED'], 'features': {'atr': 13.24, 'ema20': 24237.29, 'ema50': 24229.22, 'move_efficiency': 0.0597, 'move_efficiency_h1': 0.0188, 'wickiness': 0.7306, 'ema_bullish': True, 'rsi14': 39.88, 'distance_to_vwap': 0.0011, 'atr_percentile': 0.0142, 'dist_prev_high': -0.0052, 'dist_prev_low': 0.0058}, 'candidate_id': 'cand_NSE_NIFTY50_INDEX_SQBRK_24239.50_20260721_091005_ATR_Squeeze_RVOL1.0', 'confidence': 0.5, 'diagnostics': {'atr_percentile': 0.014, 'rvol': 0.87, 'atr': 13.24, 'bos_trend': 'NEUTRAL', 'bos_count': 13, 'move_efficiency': 0.06}, 'experiment_name': 'ATR_Squeeze_RVOL1.0', 'strategy_id': 'atr_squeeze', 'version': 'v1.0'}
2026-07-21 09:10:12,034 - INFO - Retrieved live premium from Fyers API: LTP=74.4 for NSE:NIFTY2672124250CE
2026-07-21 09:10:12,034 - INFO - Resolved index signal into option contract: OptionContract(symbol='NSE:NIFTY2672124250CE', strike=24250.0, expiry='26721', option_type='CE', premium=74.4, delta=0.5, bid=74.0, ask=74.35, volume=508773915, resolved_at=datetime.datetime(2026, 7, 21, 9, 10, 12, 34627))
2026-07-21 09:10:12,034 - INFO - ⚡ Option strike selection resolved index signal to contract NSE:NIFTY2672124250CE @ premium 74.4 (type: CE, strike: 24250.0)
2026-07-21 09:10:12,035 - INFO - 📊 EXECUTION AUDIT [STRIKE_SELECTED]: trade_id=None, candidate_id=cand_NSE_NIFTY50_INDEX_SQBRK_24239.50_20260721_091005_ATR_Squeeze_RVOL1.0, payload={'symbol': 'NSE:NIFTY2672124250CE', 'strike': 24250.0, 'expiry': '26721', 'type': 'CE'}
2026-07-21 09:10:12,066 - INFO - 📊 EXECUTION AUDIT [PREMIUM_RETRIEVED]: trade_id=None, candidate_id=cand_NSE_NIFTY50_INDEX_SQBRK_24239.50_20260721_091005_ATR_Squeeze_RVOL1.0, payload={'premium': 74.4, 'bid': 74.0, 'ask': 74.35}
2026-07-21 09:10:12,087 - INFO - 📊 EXECUTION AUDIT [CF_SUBMITTED]: trade_id=None, candidate_id=cand_NSE_NIFTY50_INDEX_SQBRK_24239.50_20260721_091005_ATR_Squeeze_RVOL1.0, payload={'price': 24239.5, 'sl': 24232.88, 'tp': 24305.7}
2026-07-21 09:10:12,103 - INFO - 📊 EXECUTION AUDIT [CF_FILLED]: trade_id=None, candidate_id=cand_NSE_NIFTY50_INDEX_SQBRK_24239.50_20260721_091005_ATR_Squeeze_RVOL1.0, payload={'price': 24239.5, 'sl': 24232.88, 'tp': 24305.7}
2026-07-21 09:10:12,143 - INFO - 🟢 ENTRY [CF|ATR_Squeeze_RVOL1.0|_ATR_Squeeze_RVOL1.0]: NSE:NIFTY50-INDEX BUY CALL @ 24239.50 | SL: 24232.88 TP: 24305.70
2026-07-21 09:10:12,143 - INFO - 👻 [Geometry_v1.0_Score35] CF CONFLUENCE_BOUNCE NSE:NIFTY50-INDEX BUY PUT | Rejected: ['NARRATIVE_BIAS_BULLISH', 'LOW_RR:0.63']
2026-07-21 09:10:12,143 - INFO - 📊 EXECUTION AUDIT [SIGNAL_GENERATED]: trade_id=None, candidate_id=cand_NSE_NIFTY50_INDEX_CONFLUENCE_BOUNCE_24239.50_202607210910_Geometry_v1.0_Score35, payload={'symbol': 'NSE:NIFTY50-INDEX', 'candidate_id': 'cand_NSE_NIFTY50_INDEX_CONFLUENCE_BOUNCE_24239.50_202607210910_Geometry_v1.0_Score35', 'experiment_name': 'Geometry_v1.0_Score35', 'strategy_id': 'geometry', 'version': 'v1.0', 'signal': 'BUY PUT', 'strategy': 'CONFLUENCE_BOUNCE', 'price': 24239.5, 'stop_loss': 24246.12, 'take_profit': 24235.34, 'tp1': 24229.57, 'rr_ratio': 0.63, 'timestamp': '2026-07-21T09:10:05.251608+05:30', 'zone_band_low': 24239.2, 'zone_band_high': 24240.9, 'zone_direction': 'RESISTANCE', 'zone_component_count': 1, 'accepted': False, 'rejection_reasons': ['NARRATIVE_BIAS_BULLISH', 'LOW_RR:0.63'], 'stop_loss_distance': 6.62, 'atr': 13.24, 'confidence': 0.606, 'diagnostics': {'zone_score': 50.7, 'zone_explanation': 'RESISTANCE TRENDLINE @ 24240.02 (±0.9pts, score=50)', 'dist_to_zone': 0.0, 'narrative_bias': 'REVERSAL', 'bias_confidence': 0.754}, 'features': {}}
2026-07-21 09:10:13,552 - INFO - Retrieved live premium from Fyers API: LTP=65.65 for NSE:NIFTY2672124250PE
2026-07-21 09:10:13,554 - INFO - Resolved index signal into option contract: OptionContract(symbol='NSE:NIFTY2672124250PE', strike=24250.0, expiry='26721', option_type='PE', premium=65.65, delta=0.5, bid=65.4, ask=65.8, volume=312598780, resolved_at=datetime.datetime(2026, 7, 21, 9, 10, 13, 553983))
2026-07-21 09:10:13,554 - INFO - ⚡ Option strike selection resolved index signal to contract NSE:NIFTY2672124250PE @ premium 65.65 (type: PE, strike: 24250.0)
2026-07-21 09:10:13,554 - INFO - 📊 EXECUTION AUDIT [STRIKE_SELECTED]: trade_id=None, candidate_id=cand_NSE_NIFTY50_INDEX_CONFLUENCE_BOUNCE_24239.50_202607210910_Geometry_v1.0_Score35, payload={'symbol': 'NSE:NIFTY2672124250PE', 'strike': 24250.0, 'expiry': '26721', 'type': 'PE'}
2026-07-21 09:10:13,585 - INFO - 📊 EXECUTION AUDIT [PREMIUM_RETRIEVED]: trade_id=None, candidate_id=cand_NSE_NIFTY50_INDEX_CONFLUENCE_BOUNCE_24239.50_202607210910_Geometry_v1.0_Score35, payload={'premium': 65.65, 'bid': 65.4, 'ask': 65.8}
2026-07-21 09:10:13,605 - INFO - 📊 EXECUTION AUDIT [CF_SUBMITTED]: trade_id=None, candidate_id=cand_NSE_NIFTY50_INDEX_CONFLUENCE_BOUNCE_24239.50_202607210910_Geometry_v1.0_Score35, payload={'price': 24239.5, 'sl': 24246.12, 'tp': 24235.34}
2026-07-21 09:10:13,623 - INFO - 📊 EXECUTION AUDIT [CF_FILLED]: trade_id=None, candidate_id=cand_NSE_NIFTY50_INDEX_CONFLUENCE_BOUNCE_24239.50_202607210910_Geometry_v1.0_Score35, payload={'price': 24239.5, 'sl': 24246.12, 'tp': 24235.34}
2026-07-21 09:10:13,666 - INFO - 🟢 ENTRY [CF|Geometry_v1.0_Score35|eometry_v1.0_Score35]: NSE:NIFTY50-INDEX BUY PUT @ 24239.50 | SL: 24246.12 TP: 24235.34
2026-07-21 09:10:13,666 - INFO - 👻 [Geometry_v1.0_Score35] CF TRENDLINE_RETEST NSE:NIFTY50-INDEX BUY PUT | Rejected: ['NARRATIVE_BIAS_BULLISH', 'LOW_RR:0.38']
2026-07-21 09:10:13,666 - INFO - 📊 EXECUTION AUDIT [SIGNAL_GENERATED]: trade_id=None, candidate_id=cand_NSE_NIFTY50_INDEX_TRENDLINE_RETEST_24239.50_202607210910_Geometry_v1.0_Score35, payload={'symbol': 'NSE:NIFTY50-INDEX', 'candidate_id': 'cand_NSE_NIFTY50_INDEX_TRENDLINE_RETEST_24239.50_202607210910_Geometry_v1.0_Score35', 'experiment_name': 'Geometry_v1.0_Score35', 'strategy_id': 'geometry', 'version': 'v1.0', 'signal': 'BUY PUT', 'strategy': 'TRENDLINE_RETEST', 'price': 24239.5, 'stop_loss': 24250.44, 'take_profit': 24235.34, 'tp1': 24223.1, 'rr_ratio': 0.38, 'timestamp': '2026-07-21T09:10:05.251608+05:30', 'zone_band_low': None, 'zone_band_high': None, 'zone_direction': None, 'zone_component_count': 0, 'accepted': False, 'rejection_reasons': ['NARRATIVE_BIAS_BULLISH', 'LOW_RR:0.38'], 'stop_loss_distance': 10.94, 'atr': 13.24, 'confidence': 0.801, 'diagnostics': {'trendline_id': 'tl_38b1ee3bafb37a38', 'trendline_confidence': 0.826, 'trendline_r2': 0.992, 'trendline_touches': 26, 'trendline_price_at_now': 24226.27, 'dist_pct': 0.00055, 'narrative_bias': 'REVERSAL', 'bias_confidence': 0.754}, 'features': {}}
2026-07-21 09:10:15,061 - INFO - Retrieved live premium from Fyers API: LTP=65.65 for NSE:NIFTY2672124250PE
2026-07-21 09:10:15,062 - INFO - Resolved index signal into option contract: OptionContract(symbol='NSE:NIFTY2672124250PE', strike=24250.0, expiry='26721', option_type='PE', premium=65.65, delta=0.5, bid=65.4, ask=65.8, volume=312598780, resolved_at=datetime.datetime(2026, 7, 21, 9, 10, 15, 62004))
2026-07-21 09:10:15,062 - INFO - ⚡ Option strike selection resolved index signal to contract NSE:NIFTY2672124250PE @ premium 65.65 (type: PE, strike: 24250.0)
2026-07-21 09:10:15,062 - INFO - 📊 EXECUTION AUDIT [STRIKE_SELECTED]: trade_id=None, candidate_id=cand_NSE_NIFTY50_INDEX_TRENDLINE_RETEST_24239.50_202607210910_Geometry_v1.0_Score35, payload={'symbol': 'NSE:NIFTY2672124250PE', 'strike': 24250.0, 'expiry': '26721', 'type': 'PE'}
2026-07-21 09:10:15,092 - INFO - 📊 EXECUTION AUDIT [PREMIUM_RETRIEVED]: trade_id=None, candidate_id=cand_NSE_NIFTY50_INDEX_TRENDLINE_RETEST_24239.50_202607210910_Geometry_v1.0_Score35, payload={'premium': 65.65, 'bid': 65.4, 'ask': 65.8}
2026-07-21 09:10:15,113 - INFO - 📊 EXECUTION AUDIT [CF_SUBMITTED]: trade_id=None, candidate_id=cand_NSE_NIFTY50_INDEX_TRENDLINE_RETEST_24239.50_202607210910_Geometry_v1.0_Score35, payload={'price': 24239.5, 'sl': 24250.44, 'tp': 24235.34}
2026-07-21 09:10:15,129 - INFO - 📊 EXECUTION AUDIT [CF_FILLED]: trade_id=None, candidate_id=cand_NSE_NIFTY50_INDEX_TRENDLINE_RETEST_24239.50_202607210910_Geometry_v1.0_Score35, payload={'price': 24239.5, 'sl': 24250.44, 'tp': 24235.34}
2026-07-21 09:10:15,169 - INFO - 🟢 ENTRY [CF|Geometry_v1.0_Score35|eometry_v1.0_Score35]: NSE:NIFTY50-INDEX BUY PUT @ 24239.50 | SL: 24250.44 TP: 24235.34
2026-07-21 09:10:15,169 - INFO - 👻 [Geometry_v1.0_Score50] CF CONFLUENCE_BOUNCE NSE:NIFTY50-INDEX BUY PUT | Rejected: ['NARRATIVE_BIAS_BULLISH', 'LOW_RR:0.63']
2026-07-21 09:10:15,169 - INFO - 📊 EXECUTION AUDIT [SIGNAL_GENERATED]: trade_id=None, candidate_id=cand_NSE_NIFTY50_INDEX_CONFLUENCE_BOUNCE_24239.50_202607210910_Geometry_v1.0_Score50, payload={'symbol': 'NSE:NIFTY50-INDEX', 'candidate_id': 'cand_NSE_NIFTY50_INDEX_CONFLUENCE_BOUNCE_24239.50_202607210910_Geometry_v1.0_Score50', 'experiment_name': 'Geometry_v1.0_Score50', 'strategy_id': 'geometry', 'version': 'v1.0', 'signal': 'BUY PUT', 'strategy': 'CONFLUENCE_BOUNCE', 'price': 24239.5, 'stop_loss': 24246.12, 'take_profit': 24235.34, 'tp1': 24229.57, 'rr_ratio': 0.63, 'timestamp': '2026-07-21T09:10:05.251608+05:30', 'zone_band_low': 24239.2, 'zone_band_high': 24240.9, 'zone_direction': 'RESISTANCE', 'zone_component_count': 1, 'accepted': False, 'rejection_reasons': ['NARRATIVE_BIAS_BULLISH', 'LOW_RR:0.63'], 'stop_loss_distance': 6.62, 'atr': 13.24, 'confidence': 0.606, 'diagnostics': {'zone_score': 50.7, 'zone_explanation': 'RESISTANCE TRENDLINE @ 24240.02 (±0.9pts, score=50)', 'dist_to_zone': 0.0, 'narrative_bias': 'REVERSAL', 'bias_confidence': 0.754}, 'features': {}}
2026-07-21 09:10:16,572 - INFO - Retrieved live premium from Fyers API: LTP=65.65 for NSE:NIFTY2672124250PE
2026-07-21 09:10:16,572 - INFO - Resolved index signal into option contract: OptionContract(symbol='NSE:NIFTY2672124250PE', strike=24250.0, expiry='26721', option_type='PE', premium=65.65, delta=0.5, bid=65.4, ask=65.8, volume=312598780, resolved_at=datetime.datetime(2026, 7, 21, 9, 10, 16, 572778))
2026-07-21 09:10:16,573 - INFO - ⚡ Option strike selection resolved index signal to contract NSE:NIFTY2672124250PE @ premium 65.65 (type: PE, strike: 24250.0)
2026-07-21 09:10:16,573 - INFO - 📊 EXECUTION AUDIT [STRIKE_SELECTED]: trade_id=None, candidate_id=cand_NSE_NIFTY50_INDEX_CONFLUENCE_BOUNCE_24239.50_202607210910_Geometry_v1.0_Score50, payload={'symbol': 'NSE:NIFTY2672124250PE', 'strike': 24250.0, 'expiry': '26721', 'type': 'PE'}
2026-07-21 09:10:16,607 - INFO - 📊 EXECUTION AUDIT [PREMIUM_RETRIEVED]: trade_id=None, candidate_id=cand_NSE_NIFTY50_INDEX_CONFLUENCE_BOUNCE_24239.50_202607210910_Geometry_v1.0_Score50, payload={'premium': 65.65, 'bid': 65.4, 'ask': 65.8}
2026-07-21 09:10:16,628 - INFO - 📊 EXECUTION AUDIT [CF_SUBMITTED]: trade_id=None, candidate_id=cand_NSE_NIFTY50_INDEX_CONFLUENCE_BOUNCE_24239.50_202607210910_Geometry_v1.0_Score50, payload={'price': 24239.5, 'sl': 24246.12, 'tp': 24235.34}
2026-07-21 09:10:16,644 - INFO - 📊 EXECUTION AUDIT [CF_FILLED]: trade_id=None, candidate_id=cand_NSE_NIFTY50_INDEX_CONFLUENCE_BOUNCE_24239.50_202607210910_Geometry_v1.0_Score50, payload={'price': 24239.5, 'sl': 24246.12, 'tp': 24235.34}
2026-07-21 09:10:16,683 - INFO - 🟢 ENTRY [CF|Geometry_v1.0_Score50|eometry_v1.0_Score50]: NSE:NIFTY50-INDEX BUY PUT @ 24239.50 | SL: 24246.12 TP: 24235.34
2026-07-21 09:10:16,683 - INFO - 👻 [Geometry_v1.0_Score50] CF TRENDLINE_RETEST NSE:NIFTY50-INDEX BUY PUT | Rejected: ['NARRATIVE_BIAS_BULLISH', 'LOW_RR:0.38']
2026-07-21 09:10:16,684 - INFO - 📊 EXECUTION AUDIT [SIGNAL_GENERATED]: trade_id=None, candidate_id=cand_NSE_NIFTY50_INDEX_TRENDLINE_RETEST_24239.50_202607210910_Geometry_v1.0_Score50, payload={'symbol': 'NSE:NIFTY50-INDEX', 'candidate_id': 'cand_NSE_NIFTY50_INDEX_TRENDLINE_RETEST_24239.50_202607210910_Geometry_v1.0_Score50', 'experiment_name': 'Geometry_v1.0_Score50', 'strategy_id': 'geometry', 'version': 'v1.0', 'signal': 'BUY PUT', 'strategy': 'TRENDLINE_RETEST', 'price': 24239.5, 'stop_loss': 24250.44, 'take_profit': 24235.34, 'tp1': 24223.1, 'rr_ratio': 0.38, 'timestamp': '2026-07-21T09:10:05.251608+05:30', 'zone_band_low': None, 'zone_band_high': None, 'zone_direction': None, 'zone_component_count': 0, 'accepted': False, 'rejection_reasons': ['NARRATIVE_BIAS_BULLISH', 'LOW_RR:0.38'], 'stop_loss_distance': 10.94, 'atr': 13.24, 'confidence': 0.801, 'diagnostics': {'trendline_id': 'tl_38b1ee3bafb37a38', 'trendline_confidence': 0.826, 'trendline_r2': 0.992, 'trendline_touches': 26, 'trendline_price_at_now': 24226.27, 'dist_pct': 0.00055, 'narrative_bias': 'REVERSAL', 'bias_confidence': 0.754}, 'features': {}}
2026-07-21 09:10:18,084 - INFO - Retrieved live premium from Fyers API: LTP=65.65 for NSE:NIFTY2672124250PE
2026-07-21 09:10:18,085 - INFO - Resolved index signal into option contract: OptionContract(symbol='NSE:NIFTY2672124250PE', strike=24250.0, expiry='26721', option_type='PE', premium=65.65, delta=0.5, bid=65.4, ask=65.8, volume=312598780, resolved_at=datetime.datetime(2026, 7, 21, 9, 10, 18, 85376))
2026-07-21 09:10:18,085 - INFO - ⚡ Option strike selection resolved index signal to contract NSE:NIFTY2672124250PE @ premium 65.65 (type: PE, strike: 24250.0)
2026-07-21 09:10:18,085 - INFO - 📊 EXECUTION AUDIT [STRIKE_SELECTED]: trade_id=None, candidate_id=cand_NSE_NIFTY50_INDEX_TRENDLINE_RETEST_24239.50_202607210910_Geometry_v1.0_Score50, payload={'symbol': 'NSE:NIFTY2672124250PE', 'strike': 24250.0, 'expiry': '26721', 'type': 'PE'}
2026-07-21 09:10:18,120 - INFO - 📊 EXECUTION AUDIT [PREMIUM_RETRIEVED]: trade_id=None, candidate_id=cand_NSE_NIFTY50_INDEX_TRENDLINE_RETEST_24239.50_202607210910_Geometry_v1.0_Score50, payload={'premium': 65.65, 'bid': 65.4, 'ask': 65.8}
2026-07-21 09:10:18,140 - INFO - 📊 EXECUTION AUDIT [CF_SUBMITTED]: trade_id=None, candidate_id=cand_NSE_NIFTY50_INDEX_TRENDLINE_RETEST_24239.50_202607210910_Geometry_v1.0_Score50, payload={'price': 24239.5, 'sl': 24250.44, 'tp': 24235.34}
2026-07-21 09:10:18,157 - INFO - 📊 EXECUTION AUDIT [CF_FILLED]: trade_id=None, candidate_id=cand_NSE_NIFTY50_INDEX_TRENDLINE_RETEST_24239.50_202607210910_Geometry_v1.0_Score50, payload={'price': 24239.5, 'sl': 24250.44, 'tp': 24235.34}
2026-07-21 09:10:18,199 - INFO - 🟢 ENTRY [CF|Geometry_v1.0_Score50|eometry_v1.0_Score50]: NSE:NIFTY50-INDEX BUY PUT @ 24239.50 | SL: 24250.44 TP: 24235.34
2026-07-21 09:10:19,110 - INFO - 👻 [Structural_v3.2_RVOL1.0] CF BREAKOUT NSE:NIFTYBANK-INDEX BUY CALL | Rejected: ['BIAS_MISMATCH', 'LOW_EFFICIENCY', 'HIGH_WICKINESS', 'TP_CAPPED']
2026-07-21 09:10:19,111 - INFO - 📊 EXECUTION AUDIT [SIGNAL_GENERATED]: trade_id=None, candidate_id=cand_NSE_NIFTYBANK_INDEX_BREAKOUT_58111.00_20260720_152500_Structural_v3.2_RVOL1.0, payload={'symbol': 'NSE:NIFTYBANK-INDEX', 'signal': 'BUY CALL', 'strategy': 'BREAKOUT', 'price': 57975.35, 'stop_loss': 57956.36249999999, 'take_profit': 58165.225000000064, 'tp1': 58003.83125000002, 'rr_ratio': 10.0, 'timestamp': '2026-07-20T15:25:00+05:30', 'accepted': False, 'rejection_reasons': ['BIAS_MISMATCH', 'LOW_EFFICIENCY', 'HIGH_WICKINESS', 'TP_CAPPED'], 'features': {'date': '2026-07-20', 'strategy_name': 'Structural_v3', 'strategy_version': 'v3.2', 'feature_version': 'v1.1', 'market_regime': 'RANGE_LOW_VOL', 'day_type': 'RANGE_DAY', 'session_type': 'CLOSE', 'daily_bias': 'NEUTRAL', 'hourly_bias': 'NEUTRAL', 'trend_strength': 0.0, 'rvol': 1.3, 'atr': 37.97, 'distance_from_supply': 621.5, 'distance_from_demand': 555.2, 'nearest_supply_strength': 59.6, 'nearest_demand_strength': 81.8, 'distance_to_liquidity_pool': 555.1999999999971, 'liquidity_score': 13.0, 'indicator_snapshot': {'rvol_tod': 1.3, 'is_compressed': True, 'bos_count': 0}, 'move_efficiency': 0.0561, 'wickiness': 0.7821, 'fft_score': 0.0, 'setup_type': 'BREAKOUT', 'candidate_id': 'cand_NSE_NIFTYBANK_INDEX_BREAKOUT_58111.00_20260720_152500', 'ema20': 57945.11, 'ema50': 57890.6, 'move_efficiency_h1': 0.2498, 'ema_bullish': True, 'rsi14': 33.1, 'distance_to_vwap': 0.0033, 'atr_percentile': 0.0, 'dist_prev_high': -0.0106, 'dist_prev_low': 0.0075}, 'candidate_id': 'cand_NSE_NIFTYBANK_INDEX_BREAKOUT_58111.00_20260720_152500_Structural_v3.2_RVOL1.0', 'experiment_name': 'Structural_v3.2_RVOL1.0', 'strategy_id': 'structural', 'version': 'v3.2'}
2026-07-21 09:10:21,239 - INFO - Retrieved live premium from Fyers API: LTP=577.0 for NSE:BANKNIFTY26JUL58000CE
2026-07-21 09:10:21,240 - INFO - Resolved index signal into option contract: OptionContract(symbol='NSE:BANKNIFTY26JUL58000CE', strike=58000.0, expiry='26JUL', option_type='CE', premium=577.0, delta=0.5, bid=577.0, ask=578.0, volume=7614090, resolved_at=datetime.datetime(2026, 7, 21, 9, 10, 21, 240286))
2026-07-21 09:10:21,240 - INFO - ⚡ Option strike selection resolved index signal to contract NSE:BANKNIFTY26JUL58000CE @ premium 577.0 (type: CE, strike: 58000.0)
2026-07-21 09:10:21,240 - INFO - 📊 EXECUTION AUDIT [STRIKE_SELECTED]: trade_id=None, candidate_id=cand_NSE_NIFTYBANK_INDEX_BREAKOUT_58111.00_20260720_152500_Structural_v3.2_RVOL1.0, payload={'symbol': 'NSE:BANKNIFTY26JUL58000CE', 'strike': 58000.0, 'expiry': '26JUL', 'type': 'CE'}
2026-07-21 09:10:21,273 - INFO - 📊 EXECUTION AUDIT [PREMIUM_RETRIEVED]: trade_id=None, candidate_id=cand_NSE_NIFTYBANK_INDEX_BREAKOUT_58111.00_20260720_152500_Structural_v3.2_RVOL1.0, payload={'premium': 577.0, 'bid': 577.0, 'ask': 578.0}
2026-07-21 09:10:21,293 - INFO - 📊 EXECUTION AUDIT [CF_SUBMITTED]: trade_id=None, candidate_id=cand_NSE_NIFTYBANK_INDEX_BREAKOUT_58111.00_20260720_152500_Structural_v3.2_RVOL1.0, payload={'price': 57975.35, 'sl': 57956.36249999999, 'tp': 58165.225000000064}
2026-07-21 09:10:21,307 - INFO - 📊 EXECUTION AUDIT [CF_FILLED]: trade_id=None, candidate_id=cand_NSE_NIFTYBANK_INDEX_BREAKOUT_58111.00_20260720_152500_Structural_v3.2_RVOL1.0, payload={'price': 57975.35, 'sl': 57956.36249999999, 'tp': 58165.225000000064}
2026-07-21 09:10:21,347 - INFO - 🟢 ENTRY [CF|Structural_v3.2_RVOL1.0|uctural_v3.2_RVOL1.0]: NSE:NIFTYBANK-INDEX BUY CALL @ 57975.35 | SL: 57956.36 TP: 58165.23
2026-07-21 09:10:21,347 - INFO - 👻 [Structural_v3.2_RVOL0.8] CF BREAKOUT NSE:NIFTYBANK-INDEX BUY CALL | Rejected: ['BIAS_MISMATCH', 'LOW_EFFICIENCY', 'HIGH_WICKINESS', 'TP_CAPPED']
2026-07-21 09:10:21,347 - INFO - 📊 EXECUTION AUDIT [SIGNAL_GENERATED]: trade_id=None, candidate_id=cand_NSE_NIFTYBANK_INDEX_BREAKOUT_58111.00_20260720_152500_Structural_v3.2_RVOL0.8, payload={'symbol': 'NSE:NIFTYBANK-INDEX', 'signal': 'BUY CALL', 'strategy': 'BREAKOUT', 'price': 57975.35, 'stop_loss': 57956.36249999999, 'take_profit': 58165.225000000064, 'tp1': 58003.83125000002, 'rr_ratio': 10.0, 'timestamp': '2026-07-20T15:25:00+05:30', 'accepted': False, 'rejection_reasons': ['BIAS_MISMATCH', 'LOW_EFFICIENCY', 'HIGH_WICKINESS', 'TP_CAPPED'], 'features': {'date': '2026-07-20', 'strategy_name': 'Structural_v3', 'strategy_version': 'v3.2', 'feature_version': 'v1.1', 'market_regime': 'RANGE_LOW_VOL', 'day_type': 'RANGE_DAY', 'session_type': 'CLOSE', 'daily_bias': 'NEUTRAL', 'hourly_bias': 'NEUTRAL', 'trend_strength': 0.0, 'rvol': 1.3, 'atr': 37.97, 'distance_from_supply': 621.5, 'distance_from_demand': 555.2, 'nearest_supply_strength': 59.6, 'nearest_demand_strength': 81.8, 'distance_to_liquidity_pool': 555.1999999999971, 'liquidity_score': 13.0, 'indicator_snapshot': {'rvol_tod': 1.3, 'is_compressed': True, 'bos_count': 0}, 'move_efficiency': 0.0561, 'wickiness': 0.7821, 'fft_score': 0.0, 'setup_type': 'BREAKOUT', 'candidate_id': 'cand_NSE_NIFTYBANK_INDEX_BREAKOUT_58111.00_20260720_152500', 'ema20': 57945.11, 'ema50': 57890.6, 'move_efficiency_h1': 0.2498, 'ema_bullish': True, 'rsi14': 33.1, 'distance_to_vwap': 0.0033, 'atr_percentile': 0.0, 'dist_prev_high': -0.0106, 'dist_prev_low': 0.0075}, 'candidate_id': 'cand_NSE_NIFTYBANK_INDEX_BREAKOUT_58111.00_20260720_152500_Structural_v3.2_RVOL0.8', 'experiment_name': 'Structural_v3.2_RVOL0.8', 'strategy_id': 'structural', 'version': 'v3.2'}
2026-07-21 09:10:22,760 - INFO - Retrieved live premium from Fyers API: LTP=577.0 for NSE:BANKNIFTY26JUL58000CE
2026-07-21 09:10:22,761 - INFO - Resolved index signal into option contract: OptionContract(symbol='NSE:BANKNIFTY26JUL58000CE', strike=58000.0, expiry='26JUL', option_type='CE', premium=577.0, delta=0.5, bid=577.0, ask=578.0, volume=7614090, resolved_at=datetime.datetime(2026, 7, 21, 9, 10, 22, 761268))
2026-07-21 09:10:22,761 - INFO - ⚡ Option strike selection resolved index signal to contract NSE:BANKNIFTY26JUL58000CE @ premium 577.0 (type: CE, strike: 58000.0)
2026-07-21 09:10:22,761 - INFO - 📊 EXECUTION AUDIT [STRIKE_SELECTED]: trade_id=None, candidate_id=cand_NSE_NIFTYBANK_INDEX_BREAKOUT_58111.00_20260720_152500_Structural_v3.2_RVOL0.8, payload={'symbol': 'NSE:BANKNIFTY26JUL58000CE', 'strike': 58000.0, 'expiry': '26JUL', 'type': 'CE'}
2026-07-21 09:10:22,797 - INFO - 📊 EXECUTION AUDIT [PREMIUM_RETRIEVED]: trade_id=None, candidate_id=cand_NSE_NIFTYBANK_INDEX_BREAKOUT_58111.00_20260720_152500_Structural_v3.2_RVOL0.8, payload={'premium': 577.0, 'bid': 577.0, 'ask': 578.0}
2026-07-21 09:10:22,819 - INFO - 📊 EXECUTION AUDIT [CF_SUBMITTED]: trade_id=None, candidate_id=cand_NSE_NIFTYBANK_INDEX_BREAKOUT_58111.00_20260720_152500_Structural_v3.2_RVOL0.8, payload={'price': 57975.35, 'sl': 57956.36249999999, 'tp': 58165.225000000064}
2026-07-21 09:10:22,836 - INFO - 📊 EXECUTION AUDIT [CF_FILLED]: trade_id=None, candidate_id=cand_NSE_NIFTYBANK_INDEX_BREAKOUT_58111.00_20260720_152500_Structural_v3.2_RVOL0.8, payload={'price': 57975.35, 'sl': 57956.36249999999, 'tp': 58165.225000000064}
2026-07-21 09:10:22,878 - INFO - 🟢 ENTRY [CF|Structural_v3.2_RVOL0.8|uctural_v3.2_RVOL0.8]: NSE:NIFTYBANK-INDEX BUY CALL @ 57975.35 | SL: 57956.36 TP: 58165.23
2026-07-21 09:10:22,878 - INFO - 👻 [ATR_Squeeze_RVOL1.0] CF SQUEEZE_BREAKOUT NSE:NIFTYBANK-INDEX BUY CALL | Rejected: ['TP_CAPPED']
2026-07-21 09:10:22,878 - INFO - 📊 EXECUTION AUDIT [SIGNAL_GENERATED]: trade_id=None, candidate_id=cand_NSE_NIFTYBANK_INDEX_SQBRK_57975.35_20260721_091005_ATR_Squeeze_RVOL1.0, payload={'symbol': 'NSE:NIFTYBANK-INDEX', 'signal': 'BUY CALL', 'strategy': 'SQUEEZE_BREAKOUT', 'price': 57975.35, 'stop_loss': 57956.365, 'take_profit': 58165.2, 'tp1': 58003.8275, 'rr_ratio': 10.0, 'timestamp': '2026-07-21T09:10:05.251608+05:30', 'accepted': False, 'rejection_reasons': ['TP_CAPPED'], 'features': {'atr': 37.97, 'ema20': 57945.11, 'ema50': 57890.6, 'move_efficiency': 0.0561, 'move_efficiency_h1': 0.2498, 'wickiness': 0.7821, 'ema_bullish': True, 'rsi14': 33.1, 'distance_to_vwap': 0.0033, 'atr_percentile': 0.0, 'dist_prev_high': -0.0106, 'dist_prev_low': 0.0075}, 'candidate_id': 'cand_NSE_NIFTYBANK_INDEX_SQBRK_57975.35_20260721_091005_ATR_Squeeze_RVOL1.0', 'confidence': 0.5, 'diagnostics': {'atr_percentile': 0.0, 'rvol': 1.3, 'atr': 37.97, 'bos_trend': 'BULLISH', 'bos_count': 15, 'move_efficiency': 0.056}, 'experiment_name': 'ATR_Squeeze_RVOL1.0', 'strategy_id': 'atr_squeeze', 'version': 'v1.0'}
2026-07-21 09:10:24,442 - INFO - Retrieved live premium from Fyers API: LTP=577.0 for NSE:BANKNIFTY26JUL58000CE
2026-07-21 09:10:24,442 - INFO - Resolved index signal into option contract: OptionContract(symbol='NSE:BANKNIFTY26JUL58000CE', strike=58000.0, expiry='26JUL', option_type='CE', premium=577.0, delta=0.5, bid=577.0, ask=578.0, volume=7614090, resolved_at=datetime.datetime(2026, 7, 21, 9, 10, 24, 442825))
2026-07-21 09:10:24,443 - INFO - ⚡ Option strike selection resolved index signal to contract NSE:BANKNIFTY26JUL58000CE @ premium 577.0 (type: CE, strike: 58000.0)
2026-07-21 09:10:24,443 - INFO - 📊 EXECUTION AUDIT [STRIKE_SELECTED]: trade_id=None, candidate_id=cand_NSE_NIFTYBANK_INDEX_SQBRK_57975.35_20260721_091005_ATR_Squeeze_RVOL1.0, payload={'symbol': 'NSE:BANKNIFTY26JUL58000CE', 'strike': 58000.0, 'expiry': '26JUL', 'type': 'CE'}
2026-07-21 09:10:24,477 - INFO - 📊 EXECUTION AUDIT [PREMIUM_RETRIEVED]: trade_id=None, candidate_id=cand_NSE_NIFTYBANK_INDEX_SQBRK_57975.35_20260721_091005_ATR_Squeeze_RVOL1.0, payload={'premium': 577.0, 'bid': 577.0, 'ask': 578.0}
2026-07-21 09:10:24,497 - INFO - 📊 EXECUTION AUDIT [CF_SUBMITTED]: trade_id=None, candidate_id=cand_NSE_NIFTYBANK_INDEX_SQBRK_57975.35_20260721_091005_ATR_Squeeze_RVOL1.0, payload={'price': 57975.35, 'sl': 57956.365, 'tp': 58165.2}
2026-07-21 09:10:24,514 - INFO - 📊 EXECUTION AUDIT [CF_FILLED]: trade_id=None, candidate_id=cand_NSE_NIFTYBANK_INDEX_SQBRK_57975.35_20260721_091005_ATR_Squeeze_RVOL1.0, payload={'price': 57975.35, 'sl': 57956.365, 'tp': 58165.2}
2026-07-21 09:10:24,554 - INFO - 🟢 ENTRY [CF|ATR_Squeeze_RVOL1.0|_ATR_Squeeze_RVOL1.0]: NSE:NIFTYBANK-INDEX BUY CALL @ 57975.35 | SL: 57956.36 TP: 58165.20
2026-07-21 09:15:05,389 - INFO - --- 09:15:05 Market Pulse ---
2026-07-21 09:15:06,014 - INFO - 📊 EXECUTION AUDIT [CF_SL_MODIFIED]: trade_id=None, candidate_id=cand_NSE_NIFTY50_INDEX_BREAKOUT_24228.40_20260720_152500_Structural_v3.2_RVOL1.0, payload={'price': 24212.5, 'old_sl': 24246.11964285715, 'new_sl': 24217.464732142864, 'old_tp': None, 'new_tp': 24173.303571428525, 'reason': 'TRAILING_SL'}
2026-07-21 09:15:06,094 - INFO - 🟡 UPDATE (TRAILING_SL) [CFStructural_v3.2_RVOL1.0|uctural_v3.2_RVOL1.0]: NSE:NIFTY50-INDEX @ 24212.50 | SL→24217.46 TP→24173.30
2026-07-21 09:15:06,095 - INFO - 📊 EXECUTION AUDIT [CF_SL_MODIFIED]: trade_id=None, candidate_id=cand_NSE_NIFTY50_INDEX_BREAKOUT_24228.40_20260720_152500_Structural_v3.2_RVOL0.8, payload={'price': 24212.5, 'old_sl': 24246.11964285715, 'new_sl': 24217.464732142864, 'old_tp': None, 'new_tp': 24173.303571428525, 'reason': 'TRAILING_SL'}
2026-07-21 09:15:06,142 - INFO - 🟡 UPDATE (TRAILING_SL) [CFStructural_v3.2_RVOL0.8|uctural_v3.2_RVOL0.8]: NSE:NIFTY50-INDEX @ 24212.50 | SL→24217.46 TP→24173.30
2026-07-21 09:15:06,143 - INFO - 📊 EXECUTION AUDIT [CF_EXITED]: trade_id=None, candidate_id=cand_NSE_NIFTY50_INDEX_SQBRK_24239.50_20260721_091005_ATR_Squeeze_RVOL1.0, payload={'exit_price': 24232.88, 'exit_reason': 'INITIAL_SL', 'pnl_r': -1.05, 'duration_minutes': 5.002295149999999, 'bars_held': 1}
2026-07-21 09:15:06,188 - INFO - 🔴 EXIT (INITIAL_SL) [CFATR_Squeeze_RVOL1.0|_ATR_Squeeze_RVOL1.0]: NSE:NIFTY50-INDEX @ 24232.88 | PnL -1.05R | MFE 0.00R | Capture N/A | 1bars HoldEff -1.050R/bar
2026-07-21 09:15:06,188 - INFO - 📊 EXECUTION AUDIT [CF_TP_EXPANDED]: trade_id=None, candidate_id=cand_NSE_NIFTY50_INDEX_CONFLUENCE_BOUNCE_24239.50_202607210910_Geometry_v1.0_Score35, payload={'price': 24212.5, 'old_sl': 24246.12, 'new_sl': 24219.12, 'old_tp': 24235.34, 'new_tp': 24228.72, 'reason': 'TP_EXPANSION'}
2026-07-21 09:15:06,233 - INFO - 🟡 UPDATE (TP_EXPANSION) [CFGeometry_v1.0_Score35|eometry_v1.0_Score35]: NSE:NIFTY50-INDEX @ 24212.50 | SL→24219.12 TP→24228.72
2026-07-21 09:15:06,233 - INFO - 📊 EXECUTION AUDIT [CF_TP_EXPANDED]: trade_id=None, candidate_id=cand_NSE_NIFTY50_INDEX_TRENDLINE_RETEST_24239.50_202607210910_Geometry_v1.0_Score35, payload={'price': 24212.5, 'old_sl': 24250.44, 'new_sl': 24223.44, 'old_tp': 24235.34, 'new_tp': 24224.4, 'reason': 'TP_EXPANSION'}
2026-07-21 09:15:06,273 - INFO - 🟡 UPDATE (TP_EXPANSION) [CFGeometry_v1.0_Score35|eometry_v1.0_Score35]: NSE:NIFTY50-INDEX @ 24212.50 | SL→24223.44 TP→24224.40
2026-07-21 09:15:06,274 - INFO - 📊 EXECUTION AUDIT [CF_TP_EXPANDED]: trade_id=None, candidate_id=cand_NSE_NIFTY50_INDEX_CONFLUENCE_BOUNCE_24239.50_202607210910_Geometry_v1.0_Score50, payload={'price': 24212.5, 'old_sl': 24246.12, 'new_sl': 24219.12, 'old_tp': 24235.34, 'new_tp': 24228.72, 'reason': 'TP_EXPANSION'}
2026-07-21 09:15:06,308 - INFO - 🟡 UPDATE (TP_EXPANSION) [CFGeometry_v1.0_Score50|eometry_v1.0_Score50]: NSE:NIFTY50-INDEX @ 24212.50 | SL→24219.12 TP→24228.72
2026-07-21 09:15:06,308 - INFO - 📊 EXECUTION AUDIT [CF_TP_EXPANDED]: trade_id=None, candidate_id=cand_NSE_NIFTY50_INDEX_TRENDLINE_RETEST_24239.50_202607210910_Geometry_v1.0_Score50, payload={'price': 24212.5, 'old_sl': 24250.44, 'new_sl': 24223.44, 'old_tp': 24235.34, 'new_tp': 24224.4, 'reason': 'TP_EXPANSION'}
2026-07-21 09:15:06,338 - INFO - 🟡 UPDATE (TP_EXPANSION) [CFGeometry_v1.0_Score50|eometry_v1.0_Score50]: NSE:NIFTY50-INDEX @ 24212.50 | SL→24223.44 TP→24224.40
2026-07-21 09:15:06,338 - INFO - 📊 EXECUTION AUDIT [CF_EXITED]: trade_id=None, candidate_id=cand_NSE_NIFTYBANK_INDEX_BREAKOUT_58111.00_20260720_152500_Structural_v3.2_RVOL1.0, payload={'exit_price': 57956.36249999999, 'exit_reason': 'INITIAL_SL', 'pnl_r': -1.05, 'duration_minutes': 5.002295149999999, 'bars_held': 1}
2026-07-21 09:15:06,373 - INFO - 🔴 EXIT (INITIAL_SL) [CFStructural_v3.2_RVOL1.0|uctural_v3.2_RVOL1.0]: NSE:NIFTYBANK-INDEX @ 57956.36 | PnL -1.05R | MFE 0.00R | Capture N/A | 1bars HoldEff -1.050R/bar
2026-07-21 09:15:06,374 - INFO - 📊 EXECUTION AUDIT [CF_EXITED]: trade_id=None, candidate_id=cand_NSE_NIFTYBANK_INDEX_BREAKOUT_58111.00_20260720_152500_Structural_v3.2_RVOL0.8, payload={'exit_price': 57956.36249999999, 'exit_reason': 'INITIAL_SL', 'pnl_r': -1.05, 'duration_minutes': 5.002295149999999, 'bars_held': 1}
2026-07-21 09:15:06,407 - INFO - 🔴 EXIT (INITIAL_SL) [CFStructural_v3.2_RVOL0.8|uctural_v3.2_RVOL0.8]: NSE:NIFTYBANK-INDEX @ 57956.36 | PnL -1.05R | MFE 0.00R | Capture N/A | 1bars HoldEff -1.050R/bar
2026-07-21 09:15:06,407 - INFO - 📊 EXECUTION AUDIT [CF_EXITED]: trade_id=None, candidate_id=cand_NSE_NIFTYBANK_INDEX_SQBRK_57975.35_20260721_091005_ATR_Squeeze_RVOL1.0, payload={'exit_price': 57956.365, 'exit_reason': 'INITIAL_SL', 'pnl_r': -1.05, 'duration_minutes': 5.002295149999999, 'bars_held': 1}
2026-07-21 09:15:06,443 - INFO - 🔴 EXIT (INITIAL_SL) [CFATR_Squeeze_RVOL1.0|_ATR_Squeeze_RVOL1.0]: NSE:NIFTYBANK-INDEX @ 57956.36 | PnL -1.05R | MFE 0.00R | Capture N/A | 1bars HoldEff -1.050R/bar
2026-07-21 09:15:07,541 - INFO - ⚡ [Structural_v3.2_RVOL1.0] warnings: ['VERY_LOW_RVOL:0.00']
2026-07-21 09:15:07,557 - INFO - ⚡ [Structural_v3.2_RVOL0.8] warnings: ['VERY_LOW_RVOL:0.00']
2026-07-21 09:15:07,561 - INFO - ⚡ [Structural_v3.2_RVOL1.0] warnings: ['VERY_LOW_RVOL:0.00']
2026-07-21 09:15:07,561 - INFO - ⚡ [Structural_v3.2_RVOL0.8] warnings: ['VERY_LOW_RVOL:0.00']
2026-07-21 09:15:07,561 - INFO - 👻 [EMA_Pullback_20_50_RVOL1.0] CF PULLBACK NSE:NIFTY50-INDEX BUY CALL | Rejected: ['LOW_RVOL', 'LOW_EFFICIENCY', 'TP_CAPPED']
2026-07-21 09:15:07,561 - INFO - 📊 EXECUTION AUDIT [SIGNAL_GENERATED]: trade_id=None, candidate_id=cand_NSE_NIFTY50_INDEX_EMAPULL_24212.50_20260721_091505_EMA_Pullback_20_50_RVOL1.0, payload={'symbol': 'NSE:NIFTY50-INDEX', 'signal': 'BUY CALL', 'strategy': 'PULLBACK', 'price': 24212.5, 'stop_loss': 24204.945, 'take_profit': 24288.05, 'tp1': 24223.8325, 'rr_ratio': 10.0, 'timestamp': '2026-07-21T09:15:05.389317+05:30', 'accepted': False, 'rejection_reasons': ['LOW_RVOL', 'LOW_EFFICIENCY', 'TP_CAPPED'], 'features': {'atr': 15.11, 'ema20': 24234.93, 'ema50': 24228.56, 'move_efficiency': 0.3712, 'move_efficiency_h1': 0.1556, 'wickiness': 0.7738, 'ema_bullish': True, 'rsi14': 29.18, 'distance_to_vwap': 0.0, 'atr_percentile': 0.2207, 'dist_prev_high': -0.0022, 'dist_prev_low': 0.0032}, 'candidate_id': 'cand_NSE_NIFTY50_INDEX_EMAPULL_24212.50_20260721_091505_EMA_Pullback_20_50_RVOL1.0', 'confidence': 0.5, 'diagnostics': {'ema_distance': -0.00093, 'ema20': 24234.93, 'ema50': 24228.56, 'move_efficiency': 0.371, 'rvol': 0.0, 'atr': 15.11, 'atr_percentile': 0.221, 'distance_to_vwap': 0.0}, 'experiment_name': 'EMA_Pullback_20_50_RVOL1.0', 'strategy_id': 'ema_pullback', 'version': 'v1.0'}
2026-07-21 09:15:08,686 - INFO - Retrieved live premium from Fyers API: LTP=65.75 for NSE:NIFTY2672124200CE
2026-07-21 09:15:08,687 - INFO - Resolved index signal into option contract: OptionContract(symbol='NSE:NIFTY2672124200CE', strike=24200.0, expiry='26721', option_type='CE', premium=65.75, delta=0.5, bid=65.1, ask=65.25, volume=1613040, resolved_at=datetime.datetime(2026, 7, 21, 9, 15, 8, 686942))
2026-07-21 09:15:08,687 - INFO - ⚡ Option strike selection resolved index signal to contract NSE:NIFTY2672124200CE @ premium 65.75 (type: CE, strike: 24200.0)
2026-07-21 09:15:08,687 - INFO - 📊 EXECUTION AUDIT [STRIKE_SELECTED]: trade_id=None, candidate_id=cand_NSE_NIFTY50_INDEX_EMAPULL_24212.50_20260721_091505_EMA_Pullback_20_50_RVOL1.0, payload={'symbol': 'NSE:NIFTY2672124200CE', 'strike': 24200.0, 'expiry': '26721', 'type': 'CE'}
2026-07-21 09:15:08,717 - INFO - 📊 EXECUTION AUDIT [PREMIUM_RETRIEVED]: trade_id=None, candidate_id=cand_NSE_NIFTY50_INDEX_EMAPULL_24212.50_20260721_091505_EMA_Pullback_20_50_RVOL1.0, payload={'premium': 65.75, 'bid': 65.1, 'ask': 65.25}
2026-07-21 09:15:08,737 - INFO - 📊 EXECUTION AUDIT [CF_SUBMITTED]: trade_id=None, candidate_id=cand_NSE_NIFTY50_INDEX_EMAPULL_24212.50_20260721_091505_EMA_Pullback_20_50_RVOL1.0, payload={'price': 24212.5, 'sl': 24204.945, 'tp': 24288.05}
2026-07-21 09:15:08,752 - INFO - 📊 EXECUTION AUDIT [CF_FILLED]: trade_id=None, candidate_id=cand_NSE_NIFTY50_INDEX_EMAPULL_24212.50_20260721_091505_EMA_Pullback_20_50_RVOL1.0, payload={'price': 24212.5, 'sl': 24204.945, 'tp': 24288.05}
2026-07-21 09:15:08,792 - INFO - 🟢 ENTRY [CF|EMA_Pullback_20_50_RVOL1.0|llback_20_50_RVOL1.0]: NSE:NIFTY50-INDEX BUY CALL @ 24212.50 | SL: 24204.94 TP: 24288.05
2026-07-21 09:15:09,730 - INFO - ⚡ [Structural_v3.2_RVOL1.0] warnings: ['VERY_LOW_RVOL:0.00']
2026-07-21 09:15:09,745 - INFO - ⚡ [Structural_v3.2_RVOL0.8] warnings: ['VERY_LOW_RVOL:0.00']
2026-07-21 09:15:09,748 - INFO - ⚡ [Structural_v3.2_RVOL1.0] warnings: ['VERY_LOW_RVOL:0.00']
2026-07-21 09:15:09,748 - INFO - 👻 [Structural_v3.2_RVOL1.0] CF BREAKOUT NSE:NIFTYBANK-INDEX BUY CALL | Rejected: ['LOW_RVOL', 'LOW_EFFICIENCY', 'HIGH_WICKINESS', 'TP_CAPPED']
2026-07-21 09:15:09,748 - INFO - 📊 EXECUTION AUDIT [SIGNAL_GENERATED]: trade_id=None, candidate_id=cand_NSE_NIFTYBANK_INDEX_BREAKOUT_58111.00_20260721_091500_Structural_v3.2_RVOL1.0, payload={'symbol': 'NSE:NIFTYBANK-INDEX', 'signal': 'BUY CALL', 'strategy': 'BREAKOUT', 'price': 57888.9, 'stop_loss': 57866.54821428572, 'take_profit': 58112.417857142835, 'tp1': 57922.42767857142, 'rr_ratio': 10.0, 'timestamp': '2026-07-21T09:15:00+05:30', 'accepted': False, 'rejection_reasons': ['LOW_RVOL', 'LOW_EFFICIENCY', 'HIGH_WICKINESS', 'TP_CAPPED'], 'features': {'date': '2026-07-21', 'strategy_name': 'Structural_v3', 'strategy_version': 'v3.2', 'feature_version': 'v1.1', 'market_regime': 'RANGE_LOW_VOL', 'day_type': 'RANGE_DAY', 'session_type': 'OPEN', 'daily_bias': 'BULLISH', 'hourly_bias': 'NEUTRAL', 'trend_strength': 0.0, 'rvol': 0.0, 'atr': 47.04, 'distance_from_supply': 707.95, 'distance_from_demand': 468.75, 'nearest_supply_strength': 59.4, 'nearest_demand_strength': 81.6, 'distance_to_liquidity_pool': 707.9499999999971, 'liquidity_score': 0.0, 'indicator_snapshot': {'rvol_tod': 0.0, 'is_compressed': True, 'bos_count': 0}, 'move_efficiency': 0.422, 'wickiness': 0.7647, 'fft_score': 0.0, 'setup_type': 'BREAKOUT', 'candidate_id': 'cand_NSE_NIFTYBANK_INDEX_BREAKOUT_58111.00_20260721_091500', 'ema20': 57939.76, 'ema50': 57890.53, 'move_efficiency_h1': 0.021, 'ema_bullish': True, 'rsi14': 21.16, 'distance_to_vwap': 0.0, 'atr_percentile': 0.1925, 'dist_prev_high': -0.0038, 'dist_prev_low': 0.0062}, 'candidate_id': 'cand_NSE_NIFTYBANK_INDEX_BREAKOUT_58111.00_20260721_091500_Structural_v3.2_RVOL1.0', 'experiment_name': 'Structural_v3.2_RVOL1.0', 'strategy_id': 'structural', 'version': 'v3.2'}
2026-07-21 09:15:10,871 - INFO - Retrieved live premium from Fyers API: LTP=614.6 for NSE:BANKNIFTY26JUL57900CE
2026-07-21 09:15:10,872 - INFO - Resolved index signal into option contract: OptionContract(symbol='NSE:BANKNIFTY26JUL57900CE', strike=57900.0, expiry='26JUL', option_type='CE', premium=614.6, delta=0.5, bid=610.55, ask=614.75, volume=10890, resolved_at=datetime.datetime(2026, 7, 21, 9, 15, 10, 872200))
2026-07-21 09:15:10,872 - INFO - ⚡ Option strike selection resolved index signal to contract NSE:BANKNIFTY26JUL57900CE @ premium 614.6 (type: CE, strike: 57900.0)
2026-07-21 09:15:10,872 - INFO - 📊 EXECUTION AUDIT [STRIKE_SELECTED]: trade_id=None, candidate_id=cand_NSE_NIFTYBANK_INDEX_BREAKOUT_58111.00_20260721_091500_Structural_v3.2_RVOL1.0, payload={'symbol': 'NSE:BANKNIFTY26JUL57900CE', 'strike': 57900.0, 'expiry': '26JUL', 'type': 'CE'}
2026-07-21 09:15:10,907 - INFO - 📊 EXECUTION AUDIT [PREMIUM_RETRIEVED]: trade_id=None, candidate_id=cand_NSE_NIFTYBANK_INDEX_BREAKOUT_58111.00_20260721_091500_Structural_v3.2_RVOL1.0, payload={'premium': 614.6, 'bid': 610.55, 'ask': 614.75}
2026-07-21 09:15:10,929 - INFO - 📊 EXECUTION AUDIT [CF_SUBMITTED]: trade_id=None, candidate_id=cand_NSE_NIFTYBANK_INDEX_BREAKOUT_58111.00_20260721_091500_Structural_v3.2_RVOL1.0, payload={'price': 57888.9, 'sl': 57866.54821428572, 'tp': 58112.417857142835}
2026-07-21 09:15:10,949 - INFO - 📊 EXECUTION AUDIT [CF_FILLED]: trade_id=None, candidate_id=cand_NSE_NIFTYBANK_INDEX_BREAKOUT_58111.00_20260721_091500_Structural_v3.2_RVOL1.0, payload={'price': 57888.9, 'sl': 57866.54821428572, 'tp': 58112.417857142835}
2026-07-21 09:15:10,998 - INFO - 🟢 ENTRY [CF|Structural_v3.2_RVOL1.0|uctural_v3.2_RVOL1.0]: NSE:NIFTYBANK-INDEX BUY CALL @ 57888.90 | SL: 57866.55 TP: 58112.42
2026-07-21 09:15:10,998 - INFO - ⚡ [Structural_v3.2_RVOL0.8] warnings: ['VERY_LOW_RVOL:0.00']
2026-07-21 09:15:10,998 - INFO - 👻 [Structural_v3.2_RVOL0.8] CF BREAKOUT NSE:NIFTYBANK-INDEX BUY CALL | Rejected: ['LOW_RVOL', 'LOW_EFFICIENCY', 'HIGH_WICKINESS', 'TP_CAPPED']
2026-07-21 09:15:10,999 - INFO - 📊 EXECUTION AUDIT [SIGNAL_GENERATED]: trade_id=None, candidate_id=cand_NSE_NIFTYBANK_INDEX_BREAKOUT_58111.00_20260721_091500_Structural_v3.2_RVOL0.8, payload={'symbol': 'NSE:NIFTYBANK-INDEX', 'signal': 'BUY CALL', 'strategy': 'BREAKOUT', 'price': 57888.9, 'stop_loss': 57866.54821428572, 'take_profit': 58112.417857142835, 'tp1': 57922.42767857142, 'rr_ratio': 10.0, 'timestamp': '2026-07-21T09:15:00+05:30', 'accepted': False, 'rejection_reasons': ['LOW_RVOL', 'LOW_EFFICIENCY', 'HIGH_WICKINESS', 'TP_CAPPED'], 'features': {'date': '2026-07-21', 'strategy_name': 'Structural_v3', 'strategy_version': 'v3.2', 'feature_version': 'v1.1', 'market_regime': 'RANGE_LOW_VOL', 'day_type': 'RANGE_DAY', 'session_type': 'OPEN', 'daily_bias': 'BULLISH', 'hourly_bias': 'NEUTRAL', 'trend_strength': 0.0, 'rvol': 0.0, 'atr': 47.04, 'distance_from_supply': 707.95, 'distance_from_demand': 468.75, 'nearest_supply_strength': 59.4, 'nearest_demand_strength': 81.6, 'distance_to_liquidity_pool': 707.9499999999971, 'liquidity_score': 0.0, 'indicator_snapshot': {'rvol_tod': 0.0, 'is_compressed': True, 'bos_count': 0}, 'move_efficiency': 0.422, 'wickiness': 0.7647, 'fft_score': 0.0, 'setup_type': 'BREAKOUT', 'candidate_id': 'cand_NSE_NIFTYBANK_INDEX_BREAKOUT_58111.00_20260721_091500', 'ema20': 57939.76, 'ema50': 57890.53, 'move_efficiency_h1': 0.021, 'ema_bullish': True, 'rsi14': 21.16, 'distance_to_vwap': 0.0, 'atr_percentile': 0.1925, 'dist_prev_high': -0.0038, 'dist_prev_low': 0.0062}, 'candidate_id': 'cand_NSE_NIFTYBANK_INDEX_BREAKOUT_58111.00_20260721_091500_Structural_v3.2_RVOL0.8', 'experiment_name': 'Structural_v3.2_RVOL0.8', 'strategy_id': 'structural', 'version': 'v3.2'}
2026-07-21 09:15:12,399 - INFO - Retrieved live premium from Fyers API: LTP=614.95 for NSE:BANKNIFTY26JUL57900CE
2026-07-21 09:15:12,400 - INFO - Resolved index signal into option contract: OptionContract(symbol='NSE:BANKNIFTY26JUL57900CE', strike=57900.0, expiry='26JUL', option_type='CE', premium=614.95, delta=0.5, bid=613.15, ask=616.6, volume=11550, resolved_at=datetime.datetime(2026, 7, 21, 9, 15, 12, 399924))
2026-07-21 09:15:12,400 - INFO - ⚡ Option strike selection resolved index signal to contract NSE:BANKNIFTY26JUL57900CE @ premium 614.95 (type: CE, strike: 57900.0)
2026-07-21 09:15:12,400 - INFO - 📊 EXECUTION AUDIT [STRIKE_SELECTED]: trade_id=None, candidate_id=cand_NSE_NIFTYBANK_INDEX_BREAKOUT_58111.00_20260721_091500_Structural_v3.2_RVOL0.8, payload={'symbol': 'NSE:BANKNIFTY26JUL57900CE', 'strike': 57900.0, 'expiry': '26JUL', 'type': 'CE'}
2026-07-21 09:15:12,434 - INFO - 📊 EXECUTION AUDIT [PREMIUM_RETRIEVED]: trade_id=None, candidate_id=cand_NSE_NIFTYBANK_INDEX_BREAKOUT_58111.00_20260721_091500_Structural_v3.2_RVOL0.8, payload={'premium': 614.95, 'bid': 613.15, 'ask': 616.6}
2026-07-21 09:15:12,456 - INFO - 📊 EXECUTION AUDIT [CF_SUBMITTED]: trade_id=None, candidate_id=cand_NSE_NIFTYBANK_INDEX_BREAKOUT_58111.00_20260721_091500_Structural_v3.2_RVOL0.8, payload={'price': 57888.9, 'sl': 57866.54821428572, 'tp': 58112.417857142835}
2026-07-21 09:15:12,475 - INFO - 📊 EXECUTION AUDIT [CF_FILLED]: trade_id=None, candidate_id=cand_NSE_NIFTYBANK_INDEX_BREAKOUT_58111.00_20260721_091500_Structural_v3.2_RVOL0.8, payload={'price': 57888.9, 'sl': 57866.54821428572, 'tp': 58112.417857142835}
2026-07-21 09:15:12,534 - INFO - 🟢 ENTRY [CF|Structural_v3.2_RVOL0.8|uctural_v3.2_RVOL0.8]: NSE:NIFTYBANK-INDEX BUY CALL @ 57888.90 | SL: 57866.55 TP: 58112.42
2026-07-21 09:15:12,534 - INFO - 👻 [EMA_Pullback_20_50_RVOL1.0] CF PULLBACK NSE:NIFTYBANK-INDEX BUY CALL | Rejected: ['LOW_RVOL', 'LOW_EFFICIENCY', 'TP_CAPPED']
2026-07-21 09:15:12,534 - INFO - 📊 EXECUTION AUDIT [SIGNAL_GENERATED]: trade_id=None, candidate_id=cand_NSE_NIFTYBANK_INDEX_EMAPULL_57888.90_20260721_091505_EMA_Pullback_20_50_RVOL1.0, payload={'symbol': 'NSE:NIFTYBANK-INDEX', 'signal': 'BUY CALL', 'strategy': 'PULLBACK', 'price': 57888.9, 'stop_loss': 57865.380000000005, 'take_profit': 58124.1, 'tp1': 57924.18, 'rr_ratio': 10.0, 'timestamp': '2026-07-21T09:15:05.389317+05:30', 'accepted': False, 'rejection_reasons': ['LOW_RVOL', 'LOW_EFFICIENCY', 'TP_CAPPED'], 'features': {'atr': 47.04, 'ema20': 57939.76, 'ema50': 57890.53, 'move_efficiency': 0.422, 'move_efficiency_h1': 0.021, 'wickiness': 0.7647, 'ema_bullish': True, 'rsi14': 21.16, 'distance_to_vwap': 0.0, 'atr_percentile': 0.1925, 'dist_prev_high': -0.0038, 'dist_prev_low': 0.0062}, 'candidate_id': 'cand_NSE_NIFTYBANK_INDEX_EMAPULL_57888.90_20260721_091505_EMA_Pullback_20_50_RVOL1.0', 'confidence': 0.5, 'diagnostics': {'ema_distance': -0.00088, 'ema20': 57939.76, 'ema50': 57890.53, 'move_efficiency': 0.422, 'rvol': 0.0, 'atr': 47.04, 'atr_percentile': 0.193, 'distance_to_vwap': 0.0}, 'experiment_name': 'EMA_Pullback_20_50_RVOL1.0', 'strategy_id': 'ema_pullback', 'version': 'v1.0'}
2026-07-21 09:15:13,872 - INFO - Retrieved live premium from Fyers API: LTP=609.8 for NSE:BANKNIFTY26JUL57900CE
2026-07-21 09:15:13,872 - INFO - Resolved index signal into option contract: OptionContract(symbol='NSE:BANKNIFTY26JUL57900CE', strike=57900.0, expiry='26JUL', option_type='CE', premium=609.8, delta=0.5, bid=606.8, ask=609.8, volume=12060, resolved_at=datetime.datetime(2026, 7, 21, 9, 15, 13, 872367))
2026-07-21 09:15:13,872 - INFO - ⚡ Option strike selection resolved index signal to contract NSE:BANKNIFTY26JUL57900CE @ premium 609.8 (type: CE, strike: 57900.0)
2026-07-21 09:15:13,872 - INFO - 📊 EXECUTION AUDIT [STRIKE_SELECTED]: trade_id=None, candidate_id=cand_NSE_NIFTYBANK_INDEX_EMAPULL_57888.90_20260721_091505_EMA_Pullback_20_50_RVOL1.0, payload={'symbol': 'NSE:BANKNIFTY26JUL57900CE', 'strike': 57900.0, 'expiry': '26JUL', 'type': 'CE'}
2026-07-21 09:15:13,904 - INFO - 📊 EXECUTION AUDIT [PREMIUM_RETRIEVED]: trade_id=None, candidate_id=cand_NSE_NIFTYBANK_INDEX_EMAPULL_57888.90_20260721_091505_EMA_Pullback_20_50_RVOL1.0, payload={'premium': 609.8, 'bid': 606.8, 'ask': 609.8}
2026-07-21 09:15:13,926 - INFO - 📊 EXECUTION AUDIT [CF_SUBMITTED]: trade_id=None, candidate_id=cand_NSE_NIFTYBANK_INDEX_EMAPULL_57888.90_20260721_091505_EMA_Pullback_20_50_RVOL1.0, payload={'price': 57888.9, 'sl': 57865.380000000005, 'tp': 58124.1}
2026-07-21 09:15:13,943 - INFO - 📊 EXECUTION AUDIT [CF_FILLED]: trade_id=None, candidate_id=cand_NSE_NIFTYBANK_INDEX_EMAPULL_57888.90_20260721_091505_EMA_Pullback_20_50_RVOL1.0, payload={'price': 57888.9, 'sl': 57865.380000000005, 'tp': 58124.1}
2026-07-21 09:15:13,988 - INFO - 🟢 ENTRY [CF|EMA_Pullback_20_50_RVOL1.0|llback_20_50_RVOL1.0]: NSE:NIFTYBANK-INDEX BUY CALL @ 57888.90 | SL: 57865.38 TP: 58124.10
2026-07-21 09:15:13,988 - INFO - 👻 [ATR_Squeeze_RVOL1.0] CF SQUEEZE_BREAKOUT NSE:NIFTYBANK-INDEX BUY CALL | Rejected: ['LOW_RVOL', 'TP_CAPPED']
2026-07-21 09:15:13,988 - INFO - 📊 EXECUTION AUDIT [SIGNAL_GENERATED]: trade_id=None, candidate_id=cand_NSE_NIFTYBANK_INDEX_SQBRK_57888.90_20260721_091505_ATR_Squeeze_RVOL1.0, payload={'symbol': 'NSE:NIFTYBANK-INDEX', 'signal': 'BUY CALL', 'strategy': 'SQUEEZE_BREAKOUT', 'price': 57888.9, 'stop_loss': 57865.380000000005, 'take_profit': 58124.1, 'tp1': 57924.18, 'rr_ratio': 10.0, 'timestamp': '2026-07-21T09:15:05.389317+05:30', 'accepted': False, 'rejection_reasons': ['LOW_RVOL', 'TP_CAPPED'], 'features': {'atr': 47.04, 'ema20': 57939.76, 'ema50': 57890.53, 'move_efficiency': 0.422, 'move_efficiency_h1': 0.021, 'wickiness': 0.7647, 'ema_bullish': True, 'rsi14': 21.16, 'distance_to_vwap': 0.0, 'atr_percentile': 0.1925, 'dist_prev_high': -0.0038, 'dist_prev_low': 0.0062}, 'candidate_id': 'cand_NSE_NIFTYBANK_INDEX_SQBRK_57888.90_20260721_091505_ATR_Squeeze_RVOL1.0', 'confidence': 0.5, 'diagnostics': {'atr_percentile': 0.193, 'rvol': 0.0, 'atr': 47.04, 'bos_trend': 'BULLISH', 'bos_count': 16, 'move_efficiency': 0.422}, 'experiment_name': 'ATR_Squeeze_RVOL1.0', 'strategy_id': 'atr_squeeze', 'version': 'v1.0'}
2026-07-21 09:15:18,094 - WARNING - No quotes data available for ['NSE:BANKNIFTY26JUL57900CE']
2026-07-21 09:15:18,095 - INFO - Resolved index signal into option contract: OptionContract(symbol='NSE:BANKNIFTY26JUL57900CE', strike=57900.0, expiry='26JUL', option_type='CE', premium=100.0, delta=0.5, bid=99.0, ask=101.0, volume=100, resolved_at=datetime.datetime(2026, 7, 21, 9, 15, 18, 95336))
2026-07-21 09:15:18,095 - INFO - ⚡ Option strike selection resolved index signal to contract NSE:BANKNIFTY26JUL57900CE @ premium 100.0 (type: CE, strike: 57900.0)
2026-07-21 09:15:18,095 - INFO - 📊 EXECUTION AUDIT [STRIKE_SELECTED]: trade_id=None, candidate_id=cand_NSE_NIFTYBANK_INDEX_SQBRK_57888.90_20260721_091505_ATR_Squeeze_RVOL1.0, payload={'symbol': 'NSE:BANKNIFTY26JUL57900CE', 'strike': 57900.0, 'expiry': '26JUL', 'type': 'CE'}
2026-07-21 09:15:18,132 - INFO - 📊 EXECUTION AUDIT [PREMIUM_RETRIEVED]: trade_id=None, candidate_id=cand_NSE_NIFTYBANK_INDEX_SQBRK_57888.90_20260721_091505_ATR_Squeeze_RVOL1.0, payload={'premium': 100.0, 'bid': 99.0, 'ask': 101.0}
2026-07-21 09:15:18,151 - INFO - 📊 EXECUTION AUDIT [CF_SUBMITTED]: trade_id=None, candidate_id=cand_NSE_NIFTYBANK_INDEX_SQBRK_57888.90_20260721_091505_ATR_Squeeze_RVOL1.0, payload={'price': 57888.9, 'sl': 57865.380000000005, 'tp': 58124.1}
2026-07-21 09:15:18,167 - INFO - 📊 EXECUTION AUDIT [CF_FILLED]: trade_id=None, candidate_id=cand_NSE_NIFTYBANK_INDEX_SQBRK_57888.90_20260721_091505_ATR_Squeeze_RVOL1.0, payload={'price': 57888.9, 'sl': 57865.380000000005, 'tp': 58124.1}
2026-07-21 09:15:18,211 - INFO - 🟢 ENTRY [CF|ATR_Squeeze_RVOL1.0|_ATR_Squeeze_RVOL1.0]: NSE:NIFTYBANK-INDEX BUY CALL @ 57888.90 | SL: 57865.38 TP: 58124.10
2026-07-21 09:20:18,425 - INFO - --- 09:20:18 Market Pulse ---
2026-07-21 09:20:19,006 - INFO - 📊 EXECUTION AUDIT [CF_EXITED]: trade_id=None, candidate_id=cand_NSE_NIFTY50_INDEX_BREAKOUT_24228.40_20260720_152500_Structural_v3.2_RVOL1.0, payload={'exit_price': 24217.464732142864, 'exit_reason': 'TRAILING_SL', 'pnl_r': 3.2787698947893884, 'duration_minutes': 10.219548150000001, 'bars_held': 2}
2026-07-21 09:20:19,073 - INFO - 🔴 EXIT (TRAILING_SL) [CFStructural_v3.2_RVOL1.0|uctural_v3.2_RVOL1.0]: NSE:NIFTY50-INDEX @ 24217.46 | PnL +3.28R | MFE 4.08R | Capture 80% | 2bars HoldEff +1.639R/bar
2026-07-21 09:20:19,074 - INFO - 📊 EXECUTION AUDIT [CF_EXITED]: trade_id=None, candidate_id=cand_NSE_NIFTY50_INDEX_BREAKOUT_24228.40_20260720_152500_Structural_v3.2_RVOL0.8, payload={'exit_price': 24217.464732142864, 'exit_reason': 'TRAILING_SL', 'pnl_r': 3.2787698947893884, 'duration_minutes': 10.219548150000001, 'bars_held': 2}
2026-07-21 09:20:19,116 - INFO - 🔴 EXIT (TRAILING_SL) [CFStructural_v3.2_RVOL0.8|uctural_v3.2_RVOL0.8]: NSE:NIFTY50-INDEX @ 24217.46 | PnL +3.28R | MFE 4.08R | Capture 80% | 2bars HoldEff +1.639R/bar
2026-07-21 09:20:19,116 - INFO - 📊 EXECUTION AUDIT [CF_EXITED]: trade_id=None, candidate_id=cand_NSE_NIFTY50_INDEX_CONFLUENCE_BOUNCE_24239.50_202607210910_Geometry_v1.0_Score35, payload={'exit_price': 24219.12, 'exit_reason': 'TRAILING_SL', 'pnl_r': 3.028549848943226, 'duration_minutes': 10.219548150000001, 'bars_held': 2}
2026-07-21 09:20:19,153 - INFO - 🔴 EXIT (TRAILING_SL) [CFGeometry_v1.0_Score35|eometry_v1.0_Score35]: NSE:NIFTY50-INDEX @ 24219.12 | PnL +3.03R | MFE 4.08R | Capture 74% | 2bars HoldEff +1.514R/bar
2026-07-21 09:20:19,153 - INFO - 📊 EXECUTION AUDIT [CF_EXITED]: trade_id=None, candidate_id=cand_NSE_NIFTY50_INDEX_TRENDLINE_RETEST_24239.50_202607210910_Geometry_v1.0_Score35, payload={'exit_price': 24223.44, 'exit_reason': 'TRAILING_SL', 'pnl_r': 1.418007312614555, 'duration_minutes': 10.219548150000001, 'bars_held': 2}
2026-07-21 09:20:19,187 - INFO - 🔴 EXIT (TRAILING_SL) [CFGeometry_v1.0_Score35|eometry_v1.0_Score35]: NSE:NIFTY50-INDEX @ 24223.44 | PnL +1.42R | MFE 2.47R | Capture 57% | 2bars HoldEff +0.709R/bar
2026-07-21 09:20:19,187 - INFO - 📊 EXECUTION AUDIT [CF_EXITED]: trade_id=None, candidate_id=cand_NSE_NIFTY50_INDEX_CONFLUENCE_BOUNCE_24239.50_202607210910_Geometry_v1.0_Score50, payload={'exit_price': 24219.12, 'exit_reason': 'TRAILING_SL', 'pnl_r': 3.028549848943226, 'duration_minutes': 10.219548150000001, 'bars_held': 2}
2026-07-21 09:20:19,221 - INFO - 🔴 EXIT (TRAILING_SL) [CFGeometry_v1.0_Score50|eometry_v1.0_Score50]: NSE:NIFTY50-INDEX @ 24219.12 | PnL +3.03R | MFE 4.08R | Capture 74% | 2bars HoldEff +1.514R/bar
2026-07-21 09:20:19,221 - INFO - 📊 EXECUTION AUDIT [CF_EXITED]: trade_id=None, candidate_id=cand_NSE_NIFTY50_INDEX_TRENDLINE_RETEST_24239.50_202607210910_Geometry_v1.0_Score50, payload={'exit_price': 24223.44, 'exit_reason': 'TRAILING_SL', 'pnl_r': 1.418007312614555, 'duration_minutes': 10.219548150000001, 'bars_held': 2}
2026-07-21 09:20:19,254 - INFO - 🔴 EXIT (TRAILING_SL) [CFGeometry_v1.0_Score50|eometry_v1.0_Score50]: NSE:NIFTY50-INDEX @ 24223.44 | PnL +1.42R | MFE 2.47R | Capture 57% | 2bars HoldEff +0.709R/bar
2026-07-21 09:20:19,255 - INFO - 📊 EXECUTION AUDIT [CF_SL_MODIFIED]: trade_id=None, candidate_id=cand_NSE_NIFTY50_INDEX_EMAPULL_24212.50_20260721_091505_EMA_Pullback_20_50_RVOL1.0, payload={'price': 24254.85, 'old_sl': 24204.945, 'new_sl': 24249.183749999997, 'old_tp': None, 'new_tp': 24288.05, 'reason': 'TRAILING_SL'}
2026-07-21 09:20:19,287 - INFO - 🟡 UPDATE (TRAILING_SL) [CFEMA_Pullback_20_50_RVOL1.0|llback_20_50_RVOL1.0]: NSE:NIFTY50-INDEX @ 24254.85 | SL→24249.18 TP→24288.05
2026-07-21 09:20:19,287 - INFO - 📊 EXECUTION AUDIT [CF_TP_EXPANDED]: trade_id=None, candidate_id=cand_NSE_NIFTYBANK_INDEX_BREAKOUT_58111.00_20260721_091500_Structural_v3.2_RVOL1.0, payload={'price': 58157.75, 'old_sl': 57866.54821428572, 'new_sl': 58135.39821428572, 'old_tp': 58112.417857142835, 'new_tp': 58134.769642857114, 'reason': 'TP_EXPANSION'}
2026-07-21 09:20:19,321 - INFO - 🟡 UPDATE (TP_EXPANSION) [CFStructural_v3.2_RVOL1.0|uctural_v3.2_RVOL1.0]: NSE:NIFTYBANK-INDEX @ 58157.75 | SL→58135.40 TP→58134.77
2026-07-21 09:20:19,321 - INFO - 📊 EXECUTION AUDIT [CF_TP_EXPANDED]: trade_id=None, candidate_id=cand_NSE_NIFTYBANK_INDEX_BREAKOUT_58111.00_20260721_091500_Structural_v3.2_RVOL0.8, payload={'price': 58157.75, 'old_sl': 57866.54821428572, 'new_sl': 58135.39821428572, 'old_tp': 58112.417857142835, 'new_tp': 58134.769642857114, 'reason': 'TP_EXPANSION'}
2026-07-21 09:20:19,352 - INFO - 🟡 UPDATE (TP_EXPANSION) [CFStructural_v3.2_RVOL0.8|uctural_v3.2_RVOL0.8]: NSE:NIFTYBANK-INDEX @ 58157.75 | SL→58135.40 TP→58134.77
2026-07-21 09:20:19,352 - INFO - 📊 EXECUTION AUDIT [CF_TP_EXPANDED]: trade_id=None, candidate_id=cand_NSE_NIFTYBANK_INDEX_EMAPULL_57888.90_20260721_091505_EMA_Pullback_20_50_RVOL1.0, payload={'price': 58157.75, 'old_sl': 57865.380000000005, 'new_sl': 58134.23, 'old_tp': 58124.1, 'new_tp': 58147.619999999995, 'reason': 'TP_EXPANSION'}
2026-07-21 09:20:19,383 - INFO - 🟡 UPDATE (TP_EXPANSION) [CFEMA_Pullback_20_50_RVOL1.0|llback_20_50_RVOL1.0]: NSE:NIFTYBANK-INDEX @ 58157.75 | SL→58134.23 TP→58147.62
2026-07-21 09:20:19,383 - INFO - 📊 EXECUTION AUDIT [CF_TP_EXPANDED]: trade_id=None, candidate_id=cand_NSE_NIFTYBANK_INDEX_SQBRK_57888.90_20260721_091505_ATR_Squeeze_RVOL1.0, payload={'price': 58157.75, 'old_sl': 57865.380000000005, 'new_sl': 58134.23, 'old_tp': 58124.1, 'new_tp': 58147.619999999995, 'reason': 'TP_EXPANSION'}
2026-07-21 09:20:19,414 - INFO - 🟡 UPDATE (TP_EXPANSION) [CFATR_Squeeze_RVOL1.0|_ATR_Squeeze_RVOL1.0]: NSE:NIFTYBANK-INDEX @ 58157.75 | SL→58134.23 TP→58147.62
2026-07-21 09:20:20,685 - INFO - ⚡ [Structural_v3.2_RVOL1.0] warnings: ['VERY_LOW_RVOL:0.07']
2026-07-21 09:20:20,701 - INFO - ⚡ [Structural_v3.2_RVOL0.8] warnings: ['VERY_LOW_RVOL:0.07']
2026-07-21 09:20:20,704 - INFO - ⚡ [Structural_v3.2_RVOL1.0] warnings: ['VERY_LOW_RVOL:0.07']
2026-07-21 09:20:20,704 - INFO - 👻 [Structural_v3.2_RVOL1.0] CF BREAKOUT NSE:NIFTY50-INDEX BUY PUT | Rejected: ['LOW_RVOL', 'BIAS_MISMATCH', 'LOW_EFFICIENCY', 'TP_CAPPED']
2026-07-21 09:20:20,704 - INFO - 📊 EXECUTION AUDIT [SIGNAL_GENERATED]: trade_id=None, candidate_id=cand_NSE_NIFTY50_INDEX_BREAKOUT_24228.40_20260721_092000_Structural_v3.2_RVOL1.0, payload={'symbol': 'NSE:NIFTY50-INDEX', 'signal': 'BUY PUT', 'strategy': 'BREAKOUT', 'price': 24254.85, 'stop_loss': 24263.053571428572, 'take_profit': 24172.81428571426, 'tp1': 24242.544642857138, 'rr_ratio': 10.0, 'timestamp': '2026-07-21T09:20:00+05:30', 'accepted': False, 'rejection_reasons': ['LOW_RVOL', 'BIAS_MISMATCH', 'LOW_EFFICIENCY', 'TP_CAPPED'], 'features': {'date': '2026-07-21', 'strategy_name': 'Structural_v3', 'strategy_version': 'v3.2', 'feature_version': 'v1.1', 'market_regime': 'RANGE_LOW_VOL', 'day_type': 'RANGE_DAY', 'session_type': 'OPEN', 'daily_bias': 'NEUTRAL', 'hourly_bias': 'NEUTRAL', 'trend_strength': 0.0, 'rvol': 0.07, 'atr': 16.41, 'distance_from_supply': 112.45, 'distance_from_demand': 224.57, 'nearest_supply_strength': 59.2, 'nearest_demand_strength': 52.0, 'distance_to_liquidity_pool': 224.5749999999971, 'liquidity_score': 0.7000000000000001, 'indicator_snapshot': {'rvol_tod': 0.07, 'is_compressed': True, 'bos_count': 0}, 'move_efficiency': 0.2176, 'wickiness': 0.4474, 'fft_score': 0.0, 'setup_type': 'BREAKOUT', 'candidate_id': 'cand_NSE_NIFTY50_INDEX_BREAKOUT_24228.40_20260721_092000', 'ema20': 24240.54, 'ema50': 24231.22, 'move_efficiency_h1': 0.1613, 'ema_bullish': True, 'rsi14': 50.06, 'distance_to_vwap': 0.0, 'atr_percentile': 0.4533, 'dist_prev_high': -0.0005, 'dist_prev_low': 0.0049}, 'candidate_id': 'cand_NSE_NIFTY50_INDEX_BREAKOUT_24228.40_20260721_092000_Structural_v3.2_RVOL1.0', 'experiment_name': 'Structural_v3.2_RVOL1.0', 'strategy_id': 'structural', 'version': 'v3.2'}
2026-07-21 09:20:20,771 - WARNING - No quotes data available for ['NSE:NIFTY50-INDEX']
2026-07-21 09:20:21,283 - WARNING - No quotes data available for ['NSE:NIFTY2672124250PE']
2026-07-21 09:20:21,283 - INFO - Resolved index signal into option contract: OptionContract(symbol='NSE:NIFTY2672124250PE', strike=24250.0, expiry='26721', option_type='PE', premium=100.0, delta=0.5, bid=99.0, ask=101.0, volume=100, resolved_at=datetime.datetime(2026, 7, 21, 9, 20, 21, 283939))
2026-07-21 09:20:21,284 - INFO - ⚡ Option strike selection resolved index signal to contract NSE:NIFTY2672124250PE @ premium 100.0 (type: PE, strike: 24250.0)
2026-07-21 09:20:21,284 - INFO - 📊 EXECUTION AUDIT [STRIKE_SELECTED]: trade_id=None, candidate_id=cand_NSE_NIFTY50_INDEX_BREAKOUT_24228.40_20260721_092000_Structural_v3.2_RVOL1.0, payload={'symbol': 'NSE:NIFTY2672124250PE', 'strike': 24250.0, 'expiry': '26721', 'type': 'PE'}
2026-07-21 09:20:21,312 - INFO - 📊 EXECUTION AUDIT [PREMIUM_RETRIEVED]: trade_id=None, candidate_id=cand_NSE_NIFTY50_INDEX_BREAKOUT_24228.40_20260721_092000_Structural_v3.2_RVOL1.0, payload={'premium': 100.0, 'bid': 99.0, 'ask': 101.0}
2026-07-21 09:20:21,330 - INFO - 📊 EXECUTION AUDIT [CF_SUBMITTED]: trade_id=None, candidate_id=cand_NSE_NIFTY50_INDEX_BREAKOUT_24228.40_20260721_092000_Structural_v3.2_RVOL1.0, payload={'price': 24254.85, 'sl': 24263.053571428572, 'tp': 24172.81428571426}
2026-07-21 09:20:21,345 - INFO - 📊 EXECUTION AUDIT [CF_FILLED]: trade_id=None, candidate_id=cand_NSE_NIFTY50_INDEX_BREAKOUT_24228.40_20260721_092000_Structural_v3.2_RVOL1.0, payload={'price': 24254.85, 'sl': 24263.053571428572, 'tp': 24172.81428571426}
2026-07-21 09:20:21,390 - INFO - 🟢 ENTRY [CF|Structural_v3.2_RVOL1.0|uctural_v3.2_RVOL1.0]: NSE:NIFTY50-INDEX BUY PUT @ 24254.85 | SL: 24263.05 TP: 24172.81
2026-07-21 09:20:21,390 - INFO - ⚡ [Structural_v3.2_RVOL0.8] warnings: ['VERY_LOW_RVOL:0.07']
2026-07-21 09:20:21,390 - INFO - 👻 [Structural_v3.2_RVOL0.8] CF BREAKOUT NSE:NIFTY50-INDEX BUY PUT | Rejected: ['LOW_RVOL', 'BIAS_MISMATCH', 'LOW_EFFICIENCY', 'TP_CAPPED']
2026-07-21 09:20:21,390 - INFO - 📊 EXECUTION AUDIT [SIGNAL_GENERATED]: trade_id=None, candidate_id=cand_NSE_NIFTY50_INDEX_BREAKOUT_24228.40_20260721_092000_Structural_v3.2_RVOL0.8, payload={'symbol': 'NSE:NIFTY50-INDEX', 'signal': 'BUY PUT', 'strategy': 'BREAKOUT', 'price': 24254.85, 'stop_loss': 24263.053571428572, 'take_profit': 24172.81428571426, 'tp1': 24242.544642857138, 'rr_ratio': 10.0, 'timestamp': '2026-07-21T09:20:00+05:30', 'accepted': False, 'rejection_reasons': ['LOW_RVOL', 'BIAS_MISMATCH', 'LOW_EFFICIENCY', 'TP_CAPPED'], 'features': {'date': '2026-07-21', 'strategy_name': 'Structural_v3', 'strategy_version': 'v3.2', 'feature_version': 'v1.1', 'market_regime': 'RANGE_LOW_VOL', 'day_type': 'RANGE_DAY', 'session_type': 'OPEN', 'daily_bias': 'NEUTRAL', 'hourly_bias': 'NEUTRAL', 'trend_strength': 0.0, 'rvol': 0.07, 'atr': 16.41, 'distance_from_supply': 112.45, 'distance_from_demand': 224.57, 'nearest_supply_strength': 59.2, 'nearest_demand_strength': 52.0, 'distance_to_liquidity_pool': 224.5749999999971, 'liquidity_score': 0.7000000000000001, 'indicator_snapshot': {'rvol_tod': 0.07, 'is_compressed': True, 'bos_count': 0}, 'move_efficiency': 0.2176, 'wickiness': 0.4474, 'fft_score': 0.0, 'setup_type': 'BREAKOUT', 'candidate_id': 'cand_NSE_NIFTY50_INDEX_BREAKOUT_24228.40_20260721_092000', 'ema20': 24240.54, 'ema50': 24231.22, 'move_efficiency_h1': 0.1613, 'ema_bullish': True, 'rsi14': 50.06, 'distance_to_vwap': 0.0, 'atr_percentile': 0.4533, 'dist_prev_high': -0.0005, 'dist_prev_low': 0.0049}, 'candidate_id': 'cand_NSE_NIFTY50_INDEX_BREAKOUT_24228.40_20260721_092000_Structural_v3.2_RVOL0.8', 'experiment_name': 'Structural_v3.2_RVOL0.8', 'strategy_id': 'structural', 'version': 'v3.2'}
2026-07-21 09:20:21,794 - WARNING - No quotes data available for ['NSE:NIFTY50-INDEX']
2026-07-21 09:20:22,300 - WARNING - No quotes data available for ['NSE:NIFTY2672124250PE']
2026-07-21 09:20:22,300 - INFO - Resolved index signal into option contract: OptionContract(symbol='NSE:NIFTY2672124250PE', strike=24250.0, expiry='26721', option_type='PE', premium=100.0, delta=0.5, bid=99.0, ask=101.0, volume=100, resolved_at=datetime.datetime(2026, 7, 21, 9, 20, 22, 300639))
2026-07-21 09:20:22,300 - INFO - ⚡ Option strike selection resolved index signal to contract NSE:NIFTY2672124250PE @ premium 100.0 (type: PE, strike: 24250.0)
2026-07-21 09:20:22,300 - INFO - 📊 EXECUTION AUDIT [STRIKE_SELECTED]: trade_id=None, candidate_id=cand_NSE_NIFTY50_INDEX_BREAKOUT_24228.40_20260721_092000_Structural_v3.2_RVOL0.8, payload={'symbol': 'NSE:NIFTY2672124250PE', 'strike': 24250.0, 'expiry': '26721', 'type': 'PE'}
2026-07-21 09:20:22,332 - INFO - 📊 EXECUTION AUDIT [PREMIUM_RETRIEVED]: trade_id=None, candidate_id=cand_NSE_NIFTY50_INDEX_BREAKOUT_24228.40_20260721_092000_Structural_v3.2_RVOL0.8, payload={'premium': 100.0, 'bid': 99.0, 'ask': 101.0}
2026-07-21 09:20:22,354 - INFO - 📊 EXECUTION AUDIT [CF_SUBMITTED]: trade_id=None, candidate_id=cand_NSE_NIFTY50_INDEX_BREAKOUT_24228.40_20260721_092000_Structural_v3.2_RVOL0.8, payload={'price': 24254.85, 'sl': 24263.053571428572, 'tp': 24172.81428571426}
2026-07-21 09:20:22,371 - INFO - 📊 EXECUTION AUDIT [CF_FILLED]: trade_id=None, candidate_id=cand_NSE_NIFTY50_INDEX_BREAKOUT_24228.40_20260721_092000_Structural_v3.2_RVOL0.8, payload={'price': 24254.85, 'sl': 24263.053571428572, 'tp': 24172.81428571426}
2026-07-21 09:20:22,415 - INFO - 🟢 ENTRY [CF|Structural_v3.2_RVOL0.8|uctural_v3.2_RVOL0.8]: NSE:NIFTY50-INDEX BUY PUT @ 24254.85 | SL: 24263.05 TP: 24172.81
2026-07-21 09:20:23,372 - INFO - ⚡ [Structural_v3.2_RVOL1.0] warnings: ['VERY_LOW_RVOL:0.11']
2026-07-21 09:20:23,387 - INFO - ⚡ [Structural_v3.2_RVOL0.8] warnings: ['VERY_LOW_RVOL:0.11']
2026-07-21 09:20:23,390 - INFO - ⚡ [Structural_v3.2_RVOL1.0] warnings: ['VERY_LOW_RVOL:0.11']
2026-07-21 09:20:23,390 - INFO - ⚡ [Structural_v3.2_RVOL0.8] warnings: ['VERY_LOW_RVOL:0.11']
2026-07-21 09:25:23,619 - INFO - --- 09:25:23 Market Pulse ---
2026-07-21 09:25:24,216 - INFO - 📊 EXECUTION AUDIT [CF_EXITED]: trade_id=None, candidate_id=cand_NSE_NIFTY50_INDEX_EMAPULL_24212.50_20260721_091505_EMA_Pullback_20_50_RVOL1.0, payload={'exit_price': 24249.183749999997, 'exit_reason': 'TRAILING_SL', 'pnl_r': 4.805559232295844, 'duration_minutes': 10.30383205, 'bars_held': 2}
2026-07-21 09:25:24,291 - INFO - 🔴 EXIT (TRAILING_SL) [CFEMA_Pullback_20_50_RVOL1.0|llback_20_50_RVOL1.0]: NSE:NIFTY50-INDEX @ 24249.18 | PnL +4.81R | MFE 5.61R | Capture 86% | 2bars HoldEff +2.403R/bar
2026-07-21 09:25:24,291 - INFO - 📊 EXECUTION AUDIT [CF_EXITED]: trade_id=None, candidate_id=cand_NSE_NIFTYBANK_INDEX_BREAKOUT_58111.00_20260721_091500_Structural_v3.2_RVOL1.0, payload={'exit_price': 58135.39821428572, 'exit_reason': 'TRAILING_SL', 'pnl_r': 10.978121754417176, 'duration_minutes': 10.30383205, 'bars_held': 2}
2026-07-21 09:25:24,334 - INFO - 🔴 EXIT (TRAILING_SL) [CFStructural_v3.2_RVOL1.0|uctural_v3.2_RVOL1.0]: NSE:NIFTYBANK-INDEX @ 58135.40 | PnL +10.98R | MFE 12.03R | Capture 91% | 2bars HoldEff +5.489R/bar
2026-07-21 09:25:24,335 - INFO - 📊 EXECUTION AUDIT [CF_EXITED]: trade_id=None, candidate_id=cand_NSE_NIFTYBANK_INDEX_BREAKOUT_58111.00_20260721_091500_Structural_v3.2_RVOL0.8, payload={'exit_price': 58135.39821428572, 'exit_reason': 'TRAILING_SL', 'pnl_r': 10.978121754417176, 'duration_minutes': 10.30383205, 'bars_held': 2}
2026-07-21 09:25:24,371 - INFO - 🔴 EXIT (TRAILING_SL) [CFStructural_v3.2_RVOL0.8|uctural_v3.2_RVOL0.8]: NSE:NIFTYBANK-INDEX @ 58135.40 | PnL +10.98R | MFE 12.03R | Capture 91% | 2bars HoldEff +5.489R/bar
2026-07-21 09:25:24,371 - INFO - 📊 EXECUTION AUDIT [CF_EXITED]: trade_id=None, candidate_id=cand_NSE_NIFTYBANK_INDEX_EMAPULL_57888.90_20260721_091505_EMA_Pullback_20_50_RVOL1.0, payload={'exit_price': 58134.23, 'exit_reason': 'TRAILING_SL', 'pnl_r': 10.380697278913058, 'duration_minutes': 10.30383205, 'bars_held': 2}
2026-07-21 09:25:24,404 - INFO - 🔴 EXIT (TRAILING_SL) [CFEMA_Pullback_20_50_RVOL1.0|llback_20_50_RVOL1.0]: NSE:NIFTYBANK-INDEX @ 58134.23 | PnL +10.38R | MFE 11.43R | Capture 91% | 2bars HoldEff +5.190R/bar
2026-07-21 09:25:24,405 - INFO - 📊 EXECUTION AUDIT [CF_EXITED]: trade_id=None, candidate_id=cand_NSE_NIFTYBANK_INDEX_SQBRK_57888.90_20260721_091505_ATR_Squeeze_RVOL1.0, payload={'exit_price': 58134.23, 'exit_reason': 'TRAILING_SL', 'pnl_r': 10.380697278913058, 'duration_minutes': 10.30383205, 'bars_held': 2}
2026-07-21 09:25:24,437 - INFO - 🔴 EXIT (TRAILING_SL) [CFATR_Squeeze_RVOL1.0|_ATR_Squeeze_RVOL1.0]: NSE:NIFTYBANK-INDEX @ 58134.23 | PnL +10.38R | MFE 11.43R | Capture 91% | 2bars HoldEff +5.190R/bar
2026-07-21 09:25:24,438 - INFO - 📊 EXECUTION AUDIT [CF_SL_MODIFIED]: trade_id=None, candidate_id=cand_NSE_NIFTY50_INDEX_BREAKOUT_24228.40_20260721_092000_Structural_v3.2_RVOL1.0, payload={'price': 24228.55, 'old_sl': 24263.053571428572, 'new_sl': 24234.70267857143, 'old_tp': None, 'new_tp': 24172.81428571426, 'reason': 'TRAILING_SL'}
2026-07-21 09:25:24,470 - INFO - 🟡 UPDATE (TRAILING_SL) [CFStructural_v3.2_RVOL1.0|uctural_v3.2_RVOL1.0]: NSE:NIFTY50-INDEX @ 24228.55 | SL→24234.70 TP→24172.81
2026-07-21 09:25:24,470 - INFO - 📊 EXECUTION AUDIT [CF_SL_MODIFIED]: trade_id=None, candidate_id=cand_NSE_NIFTY50_INDEX_BREAKOUT_24228.40_20260721_092000_Structural_v3.2_RVOL0.8, payload={'price': 24228.55, 'old_sl': 24263.053571428572, 'new_sl': 24234.70267857143, 'old_tp': None, 'new_tp': 24172.81428571426, 'reason': 'TRAILING_SL'}
2026-07-21 09:25:24,502 - INFO - 🟡 UPDATE (TRAILING_SL) [CFStructural_v3.2_RVOL0.8|uctural_v3.2_RVOL0.8]: NSE:NIFTY50-INDEX @ 24228.55 | SL→24234.70 TP→24172.81
2026-07-21 09:25:25,614 - INFO - ⚡ [Structural_v3.2_RVOL1.0] warnings: ['VERY_LOW_RVOL:0.08']
2026-07-21 09:25:25,628 - INFO - ⚡ [Structural_v3.2_RVOL0.8] warnings: ['VERY_LOW_RVOL:0.08']
2026-07-21 09:25:25,632 - INFO - ⚡ [Structural_v3.2_RVOL1.0] warnings: ['VERY_LOW_RVOL:0.08']
2026-07-21 09:25:25,632 - INFO - ⚡ [Structural_v3.2_RVOL0.8] warnings: ['VERY_LOW_RVOL:0.08']
2026-07-21 09:25:25,632 - INFO - 👻 [EMA_Pullback_20_50_RVOL1.0] CF PULLBACK NSE:NIFTY50-INDEX BUY CALL | Rejected: ['LOW_RVOL', 'LOW_EFFICIENCY', 'TP_CAPPED']
2026-07-21 09:25:25,632 - INFO - 📊 EXECUTION AUDIT [SIGNAL_GENERATED]: trade_id=None, candidate_id=cand_NSE_NIFTY50_INDEX_EMAPULL_24228.55_20260721_092523_EMA_Pullback_20_50_RVOL1.0, payload={'symbol': 'NSE:NIFTY50-INDEX', 'signal': 'BUY CALL', 'strategy': 'PULLBACK', 'price': 24228.55, 'stop_loss': 24219.7, 'take_profit': 24317.05, 'tp1': 24241.825, 'rr_ratio': 10.0, 'timestamp': '2026-07-21T09:25:23.619240+05:30', 'accepted': False, 'rejection_reasons': ['LOW_RVOL', 'LOW_EFFICIENCY', 'TP_CAPPED'], 'features': {'atr': 17.7, 'ema20': 24237.82, 'ema50': 24230.42, 'move_efficiency': 0.034, 'move_efficiency_h1': 0.1452, 'wickiness': 0.3386, 'ema_bullish': True, 'rsi14': 43.03, 'distance_to_vwap': 0.0, 'atr_percentile': 0.5442, 'dist_prev_high': -0.0015, 'dist_prev_low': 0.0038}, 'candidate_id': 'cand_NSE_NIFTY50_INDEX_EMAPULL_24228.55_20260721_092523_EMA_Pullback_20_50_RVOL1.0', 'confidence': 0.5, 'diagnostics': {'ema_distance': -0.00038, 'ema20': 24237.82, 'ema50': 24230.42, 'move_efficiency': 0.034, 'rvol': 0.08, 'atr': 17.7, 'atr_percentile': 0.544, 'distance_to_vwap': 0.0}, 'experiment_name': 'EMA_Pullback_20_50_RVOL1.0', 'strategy_id': 'ema_pullback', 'version': 'v1.0'}
2026-07-21 09:25:25,702 - WARNING - No quotes data available for ['NSE:NIFTY50-INDEX']
2026-07-21 09:25:26,215 - WARNING - No quotes data available for ['NSE:NIFTY2672124250CE']
2026-07-21 09:25:26,215 - INFO - Resolved index signal into option contract: OptionContract(symbol='NSE:NIFTY2672124250CE', strike=24250.0, expiry='26721', option_type='CE', premium=100.0, delta=0.5, bid=99.0, ask=101.0, volume=100, resolved_at=datetime.datetime(2026, 7, 21, 9, 25, 26, 215302))
2026-07-21 09:25:26,215 - INFO - ⚡ Option strike selection resolved index signal to contract NSE:NIFTY2672124250CE @ premium 100.0 (type: CE, strike: 24250.0)
2026-07-21 09:25:26,215 - INFO - 📊 EXECUTION AUDIT [STRIKE_SELECTED]: trade_id=None, candidate_id=cand_NSE_NIFTY50_INDEX_EMAPULL_24228.55_20260721_092523_EMA_Pullback_20_50_RVOL1.0, payload={'symbol': 'NSE:NIFTY2672124250CE', 'strike': 24250.0, 'expiry': '26721', 'type': 'CE'}
2026-07-21 09:25:26,249 - INFO - 📊 EXECUTION AUDIT [PREMIUM_RETRIEVED]: trade_id=None, candidate_id=cand_NSE_NIFTY50_INDEX_EMAPULL_24228.55_20260721_092523_EMA_Pullback_20_50_RVOL1.0, payload={'premium': 100.0, 'bid': 99.0, 'ask': 101.0}
2026-07-21 09:25:26,270 - INFO - 📊 EXECUTION AUDIT [CF_SUBMITTED]: trade_id=None, candidate_id=cand_NSE_NIFTY50_INDEX_EMAPULL_24228.55_20260721_092523_EMA_Pullback_20_50_RVOL1.0, payload={'price': 24228.55, 'sl': 24219.7, 'tp': 24317.05}
2026-07-21 09:25:26,288 - INFO - 📊 EXECUTION AUDIT [CF_FILLED]: trade_id=None, candidate_id=cand_NSE_NIFTY50_INDEX_EMAPULL_24228.55_20260721_092523_EMA_Pullback_20_50_RVOL1.0, payload={'price': 24228.55, 'sl': 24219.7, 'tp': 24317.05}
2026-07-21 09:25:26,332 - INFO - 🟢 ENTRY [CF|EMA_Pullback_20_50_RVOL1.0|llback_20_50_RVOL1.0]: NSE:NIFTY50-INDEX BUY CALL @ 24228.55 | SL: 24219.70 TP: 24317.05
2026-07-21 09:25:26,332 - INFO - 👻 [Geometry_v1.0_Score35] CF CONFLUENCE_BOUNCE NSE:NIFTY50-INDEX BUY PUT | Rejected: ['LOW_RR:0.13']
2026-07-21 09:25:26,333 - INFO - 📊 EXECUTION AUDIT [SIGNAL_GENERATED]: trade_id=None, candidate_id=cand_NSE_NIFTY50_INDEX_CONFLUENCE_BOUNCE_24228.55_202607210925_Geometry_v1.0_Score35, payload={'symbol': 'NSE:NIFTY50-INDEX', 'candidate_id': 'cand_NSE_NIFTY50_INDEX_CONFLUENCE_BOUNCE_24228.55_202607210925_Geometry_v1.0_Score35', 'experiment_name': 'Geometry_v1.0_Score35', 'strategy_id': 'geometry', 'version': 'v1.0', 'signal': 'BUY PUT', 'strategy': 'CONFLUENCE_BOUNCE', 'price': 24228.55, 'stop_loss': 24237.4, 'take_profit': 24227.43, 'tp1': 24215.27, 'rr_ratio': 0.13, 'timestamp': '2026-07-21T09:25:23.619240+05:30', 'zone_band_low': 24227.61, 'zone_band_high': 24230.42, 'zone_direction': 'RESISTANCE', 'zone_component_count': 1, 'accepted': False, 'rejection_reasons': ['LOW_RR:0.13'], 'stop_loss_distance': 8.85, 'atr': 17.7, 'confidence': 0.545, 'diagnostics': {'zone_score': 50.9, 'zone_explanation': 'TRENDLINE EMA50 @ 24228.84 (±1.4pts, score=50)', 'dist_to_zone': 0.0, 'narrative_bias': 'CONTINUATION', 'bias_confidence': 0.6}, 'features': {}}
2026-07-21 09:25:26,730 - WARNING - No quotes data available for ['NSE:NIFTY50-INDEX']
2026-07-21 09:25:27,229 - WARNING - No quotes data available for ['NSE:NIFTY2672124250PE']
2026-07-21 09:25:27,229 - INFO - Resolved index signal into option contract: OptionContract(symbol='NSE:NIFTY2672124250PE', strike=24250.0, expiry='26721', option_type='PE', premium=100.0, delta=0.5, bid=99.0, ask=101.0, volume=100, resolved_at=datetime.datetime(2026, 7, 21, 9, 25, 27, 229767))
2026-07-21 09:25:27,230 - INFO - ⚡ Option strike selection resolved index signal to contract NSE:NIFTY2672124250PE @ premium 100.0 (type: PE, strike: 24250.0)
2026-07-21 09:25:27,230 - INFO - 📊 EXECUTION AUDIT [STRIKE_SELECTED]: trade_id=None, candidate_id=cand_NSE_NIFTY50_INDEX_CONFLUENCE_BOUNCE_24228.55_202607210925_Geometry_v1.0_Score35, payload={'symbol': 'NSE:NIFTY2672124250PE', 'strike': 24250.0, 'expiry': '26721', 'type': 'PE'}
2026-07-21 09:25:27,261 - INFO - 📊 EXECUTION AUDIT [PREMIUM_RETRIEVED]: trade_id=None, candidate_id=cand_NSE_NIFTY50_INDEX_CONFLUENCE_BOUNCE_24228.55_202607210925_Geometry_v1.0_Score35, payload={'premium': 100.0, 'bid': 99.0, 'ask': 101.0}
2026-07-21 09:25:27,283 - INFO - 📊 EXECUTION AUDIT [CF_SUBMITTED]: trade_id=None, candidate_id=cand_NSE_NIFTY50_INDEX_CONFLUENCE_BOUNCE_24228.55_202607210925_Geometry_v1.0_Score35, payload={'price': 24228.55, 'sl': 24237.4, 'tp': 24227.43}
2026-07-21 09:25:27,300 - INFO - 📊 EXECUTION AUDIT [CF_FILLED]: trade_id=None, candidate_id=cand_NSE_NIFTY50_INDEX_CONFLUENCE_BOUNCE_24228.55_202607210925_Geometry_v1.0_Score35, payload={'price': 24228.55, 'sl': 24237.4, 'tp': 24227.43}
2026-07-21 09:25:27,339 - INFO - 🟢 ENTRY [CF|Geometry_v1.0_Score35|eometry_v1.0_Score35]: NSE:NIFTY50-INDEX BUY PUT @ 24228.55 | SL: 24237.40 TP: 24227.43
2026-07-21 09:25:27,339 - INFO - 👻 [Geometry_v1.0_Score50] CF CONFLUENCE_BOUNCE NSE:NIFTY50-INDEX BUY PUT | Rejected: ['LOW_RR:0.13']
2026-07-21 09:25:27,339 - INFO - 📊 EXECUTION AUDIT [SIGNAL_GENERATED]: trade_id=None, candidate_id=cand_NSE_NIFTY50_INDEX_CONFLUENCE_BOUNCE_24228.55_202607210925_Geometry_v1.0_Score50, payload={'symbol': 'NSE:NIFTY50-INDEX', 'candidate_id': 'cand_NSE_NIFTY50_INDEX_CONFLUENCE_BOUNCE_24228.55_202607210925_Geometry_v1.0_Score50', 'experiment_name': 'Geometry_v1.0_Score50', 'strategy_id': 'geometry', 'version': 'v1.0', 'signal': 'BUY PUT', 'strategy': 'CONFLUENCE_BOUNCE', 'price': 24228.55, 'stop_loss': 24237.4, 'take_profit': 24227.43, 'tp1': 24215.27, 'rr_ratio': 0.13, 'timestamp': '2026-07-21T09:25:23.619240+05:30', 'zone_band_low': 24227.61, 'zone_band_high': 24230.42, 'zone_direction': 'RESISTANCE', 'zone_component_count': 1, 'accepted': False, 'rejection_reasons': ['LOW_RR:0.13'], 'stop_loss_distance': 8.85, 'atr': 17.7, 'confidence': 0.545, 'diagnostics': {'zone_score': 50.9, 'zone_explanation': 'TRENDLINE EMA50 @ 24228.84 (±1.4pts, score=50)', 'dist_to_zone': 0.0, 'narrative_bias': 'CONTINUATION', 'bias_confidence': 0.6}, 'features': {}}
2026-07-21 09:25:27,733 - WARNING - No quotes data available for ['NSE:NIFTY50-INDEX']
2026-07-21 09:25:28,238 - WARNING - No quotes data available for ['NSE:NIFTY2672124250PE']
2026-07-21 09:25:28,239 - INFO - Resolved index signal into option contract: OptionContract(symbol='NSE:NIFTY2672124250PE', strike=24250.0, expiry='26721', option_type='PE', premium=100.0, delta=0.5, bid=99.0, ask=101.0, volume=100, resolved_at=datetime.datetime(2026, 7, 21, 9, 25, 28, 239325))
2026-07-21 09:25:28,239 - INFO - ⚡ Option strike selection resolved index signal to contract NSE:NIFTY2672124250PE @ premium 100.0 (type: PE, strike: 24250.0)
2026-07-21 09:25:28,239 - INFO - 📊 EXECUTION AUDIT [STRIKE_SELECTED]: trade_id=None, candidate_id=cand_NSE_NIFTY50_INDEX_CONFLUENCE_BOUNCE_24228.55_202607210925_Geometry_v1.0_Score50, payload={'symbol': 'NSE:NIFTY2672124250PE', 'strike': 24250.0, 'expiry': '26721', 'type': 'PE'}
2026-07-21 09:25:28,271 - INFO - 📊 EXECUTION AUDIT [PREMIUM_RETRIEVED]: trade_id=None, candidate_id=cand_NSE_NIFTY50_INDEX_CONFLUENCE_BOUNCE_24228.55_202607210925_Geometry_v1.0_Score50, payload={'premium': 100.0, 'bid': 99.0, 'ask': 101.0}
2026-07-21 09:25:28,293 - INFO - 📊 EXECUTION AUDIT [CF_SUBMITTED]: trade_id=None, candidate_id=cand_NSE_NIFTY50_INDEX_CONFLUENCE_BOUNCE_24228.55_202607210925_Geometry_v1.0_Score50, payload={'price': 24228.55, 'sl': 24237.4, 'tp': 24227.43}
2026-07-21 09:25:28,312 - INFO - 📊 EXECUTION AUDIT [CF_FILLED]: trade_id=None, candidate_id=cand_NSE_NIFTY50_INDEX_CONFLUENCE_BOUNCE_24228.55_202607210925_Geometry_v1.0_Score50, payload={'price': 24228.55, 'sl': 24237.4, 'tp': 24227.43}
2026-07-21 09:25:28,352 - INFO - 🟢 ENTRY [CF|Geometry_v1.0_Score50|eometry_v1.0_Score50]: NSE:NIFTY50-INDEX BUY PUT @ 24228.55 | SL: 24237.40 TP: 24227.43
2026-07-21 09:25:29,276 - INFO - ⚡ [Structural_v3.2_RVOL1.0] warnings: ['VERY_LOW_RVOL:0.07']
2026-07-21 09:25:29,290 - INFO - ⚡ [Structural_v3.2_RVOL0.8] warnings: ['VERY_LOW_RVOL:0.07']
2026-07-21 09:25:29,293 - INFO - ⚡ [Structural_v3.2_RVOL1.0] warnings: ['VERY_LOW_RVOL:0.07']
2026-07-21 09:25:29,293 - INFO - 👻 [Structural_v3.2_RVOL1.0] CF BREAKOUT NSE:NIFTYBANK-INDEX BUY CALL | Rejected: ['LOW_RVOL', 'LOW_EFFICIENCY', 'TP_CAPPED']
2026-07-21 09:25:29,293 - INFO - 📊 EXECUTION AUDIT [SIGNAL_GENERATED]: trade_id=None, candidate_id=cand_NSE_NIFTYBANK_INDEX_BREAKOUT_58111.00_20260721_092500_Structural_v3.2_RVOL1.0, payload={'symbol': 'NSE:NIFTYBANK-INDEX', 'signal': 'BUY CALL', 'strategy': 'BREAKOUT', 'price': 58069.45, 'stop_loss': 58034.36785714285, 'take_profit': 58420.27142857143, 'tp1': 58122.073214285716, 'rr_ratio': 10.0, 'timestamp': '2026-07-21T09:25:00+05:30', 'accepted': False, 'rejection_reasons': ['LOW_RVOL', 'LOW_EFFICIENCY', 'TP_CAPPED'], 'features': {'date': '2026-07-21', 'strategy_name': 'Structural_v3', 'strategy_version': 'v3.2', 'feature_version': 'v1.1', 'market_regime': 'RANGE', 'day_type': 'RANGE_DAY', 'session_type': 'OPEN', 'daily_bias': 'BULLISH', 'hourly_bias': 'NEUTRAL', 'trend_strength': 0.0, 'rvol': 0.07, 'atr': 70.21, 'distance_from_supply': 527.4, 'distance_from_demand': 649.3, 'nearest_supply_strength': 59.4, 'nearest_demand_strength': 81.6, 'distance_to_liquidity_pool': 527.4000000000015, 'liquidity_score': 0.7000000000000001, 'indicator_snapshot': {'rvol_tod': 0.07, 'is_compressed': True, 'bos_count': 0}, 'move_efficiency': 0.296, 'wickiness': 0.1721, 'fft_score': 0.0, 'setup_type': 'BREAKOUT', 'candidate_id': 'cand_NSE_NIFTYBANK_INDEX_BREAKOUT_58111.00_20260721_092500', 'ema20': 57990.86, 'ema50': 57917.03, 'move_efficiency_h1': 0.2087, 'ema_bullish': True, 'rsi14': 54.23, 'distance_to_vwap': 0.0, 'atr_percentile': 0.6884, 'dist_prev_high': -0.0007, 'dist_prev_low': 0.0093}, 'candidate_id': 'cand_NSE_NIFTYBANK_INDEX_BREAKOUT_58111.00_20260721_092500_Structural_v3.2_RVOL1.0', 'experiment_name': 'Structural_v3.2_RVOL1.0', 'strategy_id': 'structural', 'version': 'v3.2'}
2026-07-21 09:25:29,362 - WARNING - No quotes data available for ['NSE:NIFTYBANK-INDEX']
2026-07-21 09:25:29,882 - WARNING - No quotes data available for ['NSE:BANKNIFTY26JUL58100CE']
2026-07-21 09:25:29,882 - INFO - Resolved index signal into option contract: OptionContract(symbol='NSE:BANKNIFTY26JUL58100CE', strike=58100.0, expiry='26JUL', option_type='CE', premium=100.0, delta=0.5, bid=99.0, ask=101.0, volume=100, resolved_at=datetime.datetime(2026, 7, 21, 9, 25, 29, 882883))
2026-07-21 09:25:29,883 - INFO - ⚡ Option strike selection resolved index signal to contract NSE:BANKNIFTY26JUL58100CE @ premium 100.0 (type: CE, strike: 58100.0)
2026-07-21 09:25:29,883 - INFO - 📊 EXECUTION AUDIT [STRIKE_SELECTED]: trade_id=None, candidate_id=cand_NSE_NIFTYBANK_INDEX_BREAKOUT_58111.00_20260721_092500_Structural_v3.2_RVOL1.0, payload={'symbol': 'NSE:BANKNIFTY26JUL58100CE', 'strike': 58100.0, 'expiry': '26JUL', 'type': 'CE'}
2026-07-21 09:25:29,911 - INFO - 📊 EXECUTION AUDIT [PREMIUM_RETRIEVED]: trade_id=None, candidate_id=cand_NSE_NIFTYBANK_INDEX_BREAKOUT_58111.00_20260721_092500_Structural_v3.2_RVOL1.0, payload={'premium': 100.0, 'bid': 99.0, 'ask': 101.0}
2026-07-21 09:25:29,928 - INFO - 📊 EXECUTION AUDIT [CF_SUBMITTED]: trade_id=None, candidate_id=cand_NSE_NIFTYBANK_INDEX_BREAKOUT_58111.00_20260721_092500_Structural_v3.2_RVOL1.0, payload={'price': 58069.45, 'sl': 58034.36785714285, 'tp': 58420.27142857143}
2026-07-21 09:25:29,944 - INFO - 📊 EXECUTION AUDIT [CF_FILLED]: trade_id=None, candidate_id=cand_NSE_NIFTYBANK_INDEX_BREAKOUT_58111.00_20260721_092500_Structural_v3.2_RVOL1.0, payload={'price': 58069.45, 'sl': 58034.36785714285, 'tp': 58420.27142857143}
2026-07-21 09:25:29,985 - INFO - 🟢 ENTRY [CF|Structural_v3.2_RVOL1.0|uctural_v3.2_RVOL1.0]: NSE:NIFTYBANK-INDEX BUY CALL @ 58069.45 | SL: 58034.37 TP: 58420.27
2026-07-21 09:25:29,985 - INFO - ⚡ [Structural_v3.2_RVOL0.8] warnings: ['VERY_LOW_RVOL:0.07']
2026-07-21 09:25:29,985 - INFO - 👻 [Structural_v3.2_RVOL0.8] CF BREAKOUT NSE:NIFTYBANK-INDEX BUY CALL | Rejected: ['LOW_RVOL', 'LOW_EFFICIENCY', 'TP_CAPPED']
2026-07-21 09:25:29,985 - INFO - 📊 EXECUTION AUDIT [SIGNAL_GENERATED]: trade_id=None, candidate_id=cand_NSE_NIFTYBANK_INDEX_BREAKOUT_58111.00_20260721_092500_Structural_v3.2_RVOL0.8, payload={'symbol': 'NSE:NIFTYBANK-INDEX', 'signal': 'BUY CALL', 'strategy': 'BREAKOUT', 'price': 58069.45, 'stop_loss': 58034.36785714285, 'take_profit': 58420.27142857143, 'tp1': 58122.073214285716, 'rr_ratio': 10.0, 'timestamp': '2026-07-21T09:25:00+05:30', 'accepted': False, 'rejection_reasons': ['LOW_RVOL', 'LOW_EFFICIENCY', 'TP_CAPPED'], 'features': {'date': '2026-07-21', 'strategy_name': 'Structural_v3', 'strategy_version': 'v3.2', 'feature_version': 'v1.1', 'market_regime': 'RANGE', 'day_type': 'RANGE_DAY', 'session_type': 'OPEN', 'daily_bias': 'BULLISH', 'hourly_bias': 'NEUTRAL', 'trend_strength': 0.0, 'rvol': 0.07, 'atr': 70.21, 'distance_from_supply': 527.4, 'distance_from_demand': 649.3, 'nearest_supply_strength': 59.4, 'nearest_demand_strength': 81.6, 'distance_to_liquidity_pool': 527.4000000000015, 'liquidity_score': 0.7000000000000001, 'indicator_snapshot': {'rvol_tod': 0.07, 'is_compressed': True, 'bos_count': 0}, 'move_efficiency': 0.296, 'wickiness': 0.1721, 'fft_score': 0.0, 'setup_type': 'BREAKOUT', 'candidate_id': 'cand_NSE_NIFTYBANK_INDEX_BREAKOUT_58111.00_20260721_092500', 'ema20': 57990.86, 'ema50': 57917.03, 'move_efficiency_h1': 0.2087, 'ema_bullish': True, 'rsi14': 54.23, 'distance_to_vwap': 0.0, 'atr_percentile': 0.6884, 'dist_prev_high': -0.0007, 'dist_prev_low': 0.0093}, 'candidate_id': 'cand_NSE_NIFTYBANK_INDEX_BREAKOUT_58111.00_20260721_092500_Structural_v3.2_RVOL0.8', 'experiment_name': 'Structural_v3.2_RVOL0.8', 'strategy_id': 'structural', 'version': 'v3.2'}
2026-07-21 09:25:30,391 - WARNING - No quotes data available for ['NSE:NIFTYBANK-INDEX']
2026-07-21 09:25:30,895 - WARNING - No quotes data available for ['NSE:BANKNIFTY26JUL58100CE']
2026-07-21 09:25:30,895 - INFO - Resolved index signal into option contract: OptionContract(symbol='NSE:BANKNIFTY26JUL58100CE', strike=58100.0, expiry='26JUL', option_type='CE', premium=100.0, delta=0.5, bid=99.0, ask=101.0, volume=100, resolved_at=datetime.datetime(2026, 7, 21, 9, 25, 30, 895204))
2026-07-21 09:25:30,895 - INFO - ⚡ Option strike selection resolved index signal to contract NSE:BANKNIFTY26JUL58100CE @ premium 100.0 (type: CE, strike: 58100.0)
2026-07-21 09:25:30,895 - INFO - 📊 EXECUTION AUDIT [STRIKE_SELECTED]: trade_id=None, candidate_id=cand_NSE_NIFTYBANK_INDEX_BREAKOUT_58111.00_20260721_092500_Structural_v3.2_RVOL0.8, payload={'symbol': 'NSE:BANKNIFTY26JUL58100CE', 'strike': 58100.0, 'expiry': '26JUL', 'type': 'CE'}
2026-07-21 09:25:30,921 - INFO - 📊 EXECUTION AUDIT [PREMIUM_RETRIEVED]: trade_id=None, candidate_id=cand_NSE_NIFTYBANK_INDEX_BREAKOUT_58111.00_20260721_092500_Structural_v3.2_RVOL0.8, payload={'premium': 100.0, 'bid': 99.0, 'ask': 101.0}
2026-07-21 09:25:30,939 - INFO - 📊 EXECUTION AUDIT [CF_SUBMITTED]: trade_id=None, candidate_id=cand_NSE_NIFTYBANK_INDEX_BREAKOUT_58111.00_20260721_092500_Structural_v3.2_RVOL0.8, payload={'price': 58069.45, 'sl': 58034.36785714285, 'tp': 58420.27142857143}
2026-07-21 09:25:30,957 - INFO - 📊 EXECUTION AUDIT [CF_FILLED]: trade_id=None, candidate_id=cand_NSE_NIFTYBANK_INDEX_BREAKOUT_58111.00_20260721_092500_Structural_v3.2_RVOL0.8, payload={'price': 58069.45, 'sl': 58034.36785714285, 'tp': 58420.27142857143}
2026-07-21 09:25:31,002 - INFO - 🟢 ENTRY [CF|Structural_v3.2_RVOL0.8|uctural_v3.2_RVOL0.8]: NSE:NIFTYBANK-INDEX BUY CALL @ 58069.45 | SL: 58034.37 TP: 58420.27
2026-07-21 09:25:31,002 - INFO - 👻 [Geometry_v1.0_Score35] CF TRENDLINE_RETEST NSE:NIFTYBANK-INDEX BUY PUT | Rejected: ['LOW_RR:0.0']
2026-07-21 09:25:31,003 - INFO - 📊 EXECUTION AUDIT [SIGNAL_GENERATED]: trade_id=None, candidate_id=cand_NSE_NIFTYBANK_INDEX_TRENDLINE_RETEST_58069.45_202607210925_Geometry_v1.0_Score35, payload={'symbol': 'NSE:NIFTYBANK-INDEX', 'candidate_id': 'cand_NSE_NIFTYBANK_INDEX_TRENDLINE_RETEST_58069.45_202607210925_Geometry_v1.0_Score35', 'experiment_name': 'Geometry_v1.0_Score35', 'strategy_id': 'geometry', 'version': 'v1.0', 'signal': 'BUY PUT', 'strategy': 'TRENDLINE_RETEST', 'price': 58069.45, 'stop_loss': 58107.03, 'take_profit': 58069.45, 'tp1': 58013.08, 'rr_ratio': 0.0, 'timestamp': '2026-07-21T09:25:23.619240+05:30', 'zone_band_low': None, 'zone_band_high': None, 'zone_direction': None, 'zone_component_count': 0, 'accepted': False, 'rejection_reasons': ['LOW_RR:0.0'], 'stop_loss_distance': 37.58, 'atr': 70.21, 'confidence': 0.689, 'diagnostics': {'trendline_id': 'tl_17641b08cf220ed6', 'trendline_confidence': 0.737, 'trendline_r2': 0.972, 'trendline_touches': 10, 'trendline_price_at_now': 57895.61, 'dist_pct': 0.00299, 'narrative_bias': 'CONTINUATION', 'bias_confidence': 0.6}, 'features': {}}
2026-07-21 09:25:31,390 - WARNING - No quotes data available for ['NSE:NIFTYBANK-INDEX']
2026-07-21 09:25:31,896 - WARNING - No quotes data available for ['NSE:BANKNIFTY26JUL58100PE']
2026-07-21 09:25:31,896 - INFO - Resolved index signal into option contract: OptionContract(symbol='NSE:BANKNIFTY26JUL58100PE', strike=58100.0, expiry='26JUL', option_type='PE', premium=100.0, delta=0.5, bid=99.0, ask=101.0, volume=100, resolved_at=datetime.datetime(2026, 7, 21, 9, 25, 31, 896471))
2026-07-21 09:25:31,896 - INFO - ⚡ Option strike selection resolved index signal to contract NSE:BANKNIFTY26JUL58100PE @ premium 100.0 (type: PE, strike: 58100.0)
2026-07-21 09:25:31,896 - INFO - 📊 EXECUTION AUDIT [STRIKE_SELECTED]: trade_id=None, candidate_id=cand_NSE_NIFTYBANK_INDEX_TRENDLINE_RETEST_58069.45_202607210925_Geometry_v1.0_Score35, payload={'symbol': 'NSE:BANKNIFTY26JUL58100PE', 'strike': 58100.0, 'expiry': '26JUL', 'type': 'PE'}
2026-07-21 09:25:31,926 - INFO - 📊 EXECUTION AUDIT [PREMIUM_RETRIEVED]: trade_id=None, candidate_id=cand_NSE_NIFTYBANK_INDEX_TRENDLINE_RETEST_58069.45_202607210925_Geometry_v1.0_Score35, payload={'premium': 100.0, 'bid': 99.0, 'ask': 101.0}
2026-07-21 09:25:31,946 - INFO - 📊 EXECUTION AUDIT [CF_SUBMITTED]: trade_id=None, candidate_id=cand_NSE_NIFTYBANK_INDEX_TRENDLINE_RETEST_58069.45_202607210925_Geometry_v1.0_Score35, payload={'price': 58069.45, 'sl': 58107.03, 'tp': 58069.45}
2026-07-21 09:25:31,962 - INFO - 📊 EXECUTION AUDIT [CF_FILLED]: trade_id=None, candidate_id=cand_NSE_NIFTYBANK_INDEX_TRENDLINE_RETEST_58069.45_202607210925_Geometry_v1.0_Score35, payload={'price': 58069.45, 'sl': 58107.03, 'tp': 58069.45}
2026-07-21 09:25:32,006 - INFO - 🟢 ENTRY [CF|Geometry_v1.0_Score35|eometry_v1.0_Score35]: NSE:NIFTYBANK-INDEX BUY PUT @ 58069.45 | SL: 58107.03 TP: 58069.45
2026-07-21 09:25:32,006 - INFO - 👻 [Geometry_v1.0_Score50] CF TRENDLINE_RETEST NSE:NIFTYBANK-INDEX BUY PUT | Rejected: ['LOW_RR:0.0']
2026-07-21 09:25:32,006 - INFO - 📊 EXECUTION AUDIT [SIGNAL_GENERATED]: trade_id=None, candidate_id=cand_NSE_NIFTYBANK_INDEX_TRENDLINE_RETEST_58069.45_202607210925_Geometry_v1.0_Score50, payload={'symbol': 'NSE:NIFTYBANK-INDEX', 'candidate_id': 'cand_NSE_NIFTYBANK_INDEX_TRENDLINE_RETEST_58069.45_202607210925_Geometry_v1.0_Score50', 'experiment_name': 'Geometry_v1.0_Score50', 'strategy_id': 'geometry', 'version': 'v1.0', 'signal': 'BUY PUT', 'strategy': 'TRENDLINE_RETEST', 'price': 58069.45, 'stop_loss': 58107.03, 'take_profit': 58069.45, 'tp1': 58013.08, 'rr_ratio': 0.0, 'timestamp': '2026-07-21T09:25:23.619240+05:30', 'zone_band_low': None, 'zone_band_high': None, 'zone_direction': None, 'zone_component_count': 0, 'accepted': False, 'rejection_reasons': ['LOW_RR:0.0'], 'stop_loss_distance': 37.58, 'atr': 70.21, 'confidence': 0.689, 'diagnostics': {'trendline_id': 'tl_17641b08cf220ed6', 'trendline_confidence': 0.737, 'trendline_r2': 0.972, 'trendline_touches': 10, 'trendline_price_at_now': 57895.61, 'dist_pct': 0.00299, 'narrative_bias': 'CONTINUATION', 'bias_confidence': 0.6}, 'features': {}}
2026-07-21 09:25:32,404 - WARNING - No quotes data available for ['NSE:NIFTYBANK-INDEX']
2026-07-21 09:25:32,921 - WARNING - No quotes data available for ['NSE:BANKNIFTY26JUL58100PE']
2026-07-21 09:25:32,922 - INFO - Resolved index signal into option contract: OptionContract(symbol='NSE:BANKNIFTY26JUL58100PE', strike=58100.0, expiry='26JUL', option_type='PE', premium=100.0, delta=0.5, bid=99.0, ask=101.0, volume=100, resolved_at=datetime.datetime(2026, 7, 21, 9, 25, 32, 922062))
2026-07-21 09:25:32,922 - INFO - ⚡ Option strike selection resolved index signal to contract NSE:BANKNIFTY26JUL58100PE @ premium 100.0 (type: PE, strike: 58100.0)
2026-07-21 09:25:32,922 - INFO - 📊 EXECUTION AUDIT [STRIKE_SELECTED]: trade_id=None, candidate_id=cand_NSE_NIFTYBANK_INDEX_TRENDLINE_RETEST_58069.45_202607210925_Geometry_v1.0_Score50, payload={'symbol': 'NSE:BANKNIFTY26JUL58100PE', 'strike': 58100.0, 'expiry': '26JUL', 'type': 'PE'}
2026-07-21 09:25:32,950 - INFO - 📊 EXECUTION AUDIT [PREMIUM_RETRIEVED]: trade_id=None, candidate_id=cand_NSE_NIFTYBANK_INDEX_TRENDLINE_RETEST_58069.45_202607210925_Geometry_v1.0_Score50, payload={'premium': 100.0, 'bid': 99.0, 'ask': 101.0}
2026-07-21 09:25:32,969 - INFO - 📊 EXECUTION AUDIT [CF_SUBMITTED]: trade_id=None, candidate_id=cand_NSE_NIFTYBANK_INDEX_TRENDLINE_RETEST_58069.45_202607210925_Geometry_v1.0_Score50, payload={'price': 58069.45, 'sl': 58107.03, 'tp': 58069.45}
2026-07-21 09:25:32,985 - INFO - 📊 EXECUTION AUDIT [CF_FILLED]: trade_id=None, candidate_id=cand_NSE_NIFTYBANK_INDEX_TRENDLINE_RETEST_58069.45_202607210925_Geometry_v1.0_Score50, payload={'price': 58069.45, 'sl': 58107.03, 'tp': 58069.45}
2026-07-21 09:25:33,029 - INFO - 🟢 ENTRY [CF|Geometry_v1.0_Score50|eometry_v1.0_Score50]: NSE:NIFTYBANK-INDEX BUY PUT @ 58069.45 | SL: 58107.03 TP: 58069.45
2026-07-21 09:30:33,143 - INFO - --- 09:30:33 Market Pulse ---
2026-07-21 09:30:33,965 - INFO - 📊 EXECUTION AUDIT [CF_EXITED]: trade_id=None, candidate_id=cand_NSE_NIFTY50_INDEX_BREAKOUT_24228.40_20260721_092000_Structural_v3.2_RVOL1.0, payload={'exit_price': 24234.70267857143, 'exit_reason': 'TRAILING_SL', 'pnl_r': 2.405920766215741, 'duration_minutes': 10.245302533333334, 'bars_held': 2}
2026-07-21 09:30:34,047 - INFO - 🔴 EXIT (TRAILING_SL) [CFStructural_v3.2_RVOL1.0|uctural_v3.2_RVOL1.0]: NSE:NIFTY50-INDEX @ 24234.70 | PnL +2.41R | MFE 3.21R | Capture 75% | 2bars HoldEff +1.203R/bar
2026-07-21 09:30:34,047 - INFO - 📊 EXECUTION AUDIT [CF_EXITED]: trade_id=None, candidate_id=cand_NSE_NIFTY50_INDEX_BREAKOUT_24228.40_20260721_092000_Structural_v3.2_RVOL0.8, payload={'exit_price': 24234.70267857143, 'exit_reason': 'TRAILING_SL', 'pnl_r': 2.405920766215741, 'duration_minutes': 10.245302533333334, 'bars_held': 2}
2026-07-21 09:30:34,095 - INFO - 🔴 EXIT (TRAILING_SL) [CFStructural_v3.2_RVOL0.8|uctural_v3.2_RVOL0.8]: NSE:NIFTY50-INDEX @ 24234.70 | PnL +2.41R | MFE 3.21R | Capture 75% | 2bars HoldEff +1.203R/bar
2026-07-21 09:30:34,095 - INFO - 📊 EXECUTION AUDIT [CF_SL_MODIFIED]: trade_id=None, candidate_id=cand_NSE_NIFTY50_INDEX_EMAPULL_24228.55_20260721_092523_EMA_Pullback_20_50_RVOL1.0, payload={'price': 24248.25, 'old_sl': 24219.7, 'new_sl': 24241.612500000003, 'old_tp': None, 'new_tp': 24317.05, 'reason': 'TRAILING_SL'}
2026-07-21 09:30:34,138 - INFO - 🟡 UPDATE (TRAILING_SL) [CFEMA_Pullback_20_50_RVOL1.0|llback_20_50_RVOL1.0]: NSE:NIFTY50-INDEX @ 24248.25 | SL→24241.61 TP→24317.05
2026-07-21 09:30:34,139 - INFO - 📊 EXECUTION AUDIT [CF_EXITED]: trade_id=None, candidate_id=cand_NSE_NIFTY50_INDEX_CONFLUENCE_BOUNCE_24228.55_202607210925_Geometry_v1.0_Score35, payload={'exit_price': 24237.4, 'exit_reason': 'INITIAL_SL', 'pnl_r': -1.05, 'duration_minutes': 5.1587234833333335, 'bars_held': 1}
2026-07-21 09:30:34,184 - INFO - 🔴 EXIT (INITIAL_SL) [CFGeometry_v1.0_Score35|eometry_v1.0_Score35]: NSE:NIFTY50-INDEX @ 24237.40 | PnL -1.05R | MFE 0.00R | Capture N/A | 1bars HoldEff -1.050R/bar
2026-07-21 09:30:34,184 - INFO - 📊 EXECUTION AUDIT [CF_EXITED]: trade_id=None, candidate_id=cand_NSE_NIFTY50_INDEX_CONFLUENCE_BOUNCE_24228.55_202607210925_Geometry_v1.0_Score50, payload={'exit_price': 24237.4, 'exit_reason': 'INITIAL_SL', 'pnl_r': -1.05, 'duration_minutes': 5.1587234833333335, 'bars_held': 1}
2026-07-21 09:30:34,236 - INFO - 🔴 EXIT (INITIAL_SL) [CFGeometry_v1.0_Score50|eometry_v1.0_Score50]: NSE:NIFTY50-INDEX @ 24237.40 | PnL -1.05R | MFE 0.00R | Capture N/A | 1bars HoldEff -1.050R/bar
2026-07-21 09:30:34,237 - INFO - 📊 EXECUTION AUDIT [CF_TP_EXPANDED]: trade_id=None, candidate_id=cand_NSE_NIFTYBANK_INDEX_TRENDLINE_RETEST_58069.45_202607210925_Geometry_v1.0_Score35, payload={'price': 58056.95, 'old_sl': 58107.03, 'new_sl': 58094.53, 'old_tp': 58069.45, 'new_tp': 58031.869999999995, 'reason': 'TP_EXPANSION'}
2026-07-21 09:30:34,289 - INFO - 🟡 UPDATE (TP_EXPANSION) [CFGeometry_v1.0_Score35|eometry_v1.0_Score35]: NSE:NIFTYBANK-INDEX @ 58056.95 | SL→58094.53 TP→58031.87
2026-07-21 09:30:34,289 - INFO - 📊 EXECUTION AUDIT [CF_TP_EXPANDED]: trade_id=None, candidate_id=cand_NSE_NIFTYBANK_INDEX_TRENDLINE_RETEST_58069.45_202607210925_Geometry_v1.0_Score50, payload={'price': 58056.95, 'old_sl': 58107.03, 'new_sl': 58094.53, 'old_tp': 58069.45, 'new_tp': 58031.869999999995, 'reason': 'TP_EXPANSION'}
2026-07-21 09:30:34,330 - INFO - 🟡 UPDATE (TP_EXPANSION) [CFGeometry_v1.0_Score50|eometry_v1.0_Score50]: NSE:NIFTYBANK-INDEX @ 58056.95 | SL→58094.53 TP→58031.87
2026-07-21 09:30:35,578 - INFO - ⚡ [Structural_v3.2_RVOL1.0] warnings: ['VERY_LOW_RVOL:0.10']
2026-07-21 09:30:35,595 - INFO - ⚡ [Structural_v3.2_RVOL0.8] warnings: ['VERY_LOW_RVOL:0.10']
2026-07-21 09:30:35,598 - INFO - ⚡ [Structural_v3.2_RVOL1.0] warnings: ['VERY_LOW_RVOL:0.10']
2026-07-21 09:30:35,598 - INFO - 👻 [Structural_v3.2_RVOL1.0] CF BREAKOUT NSE:NIFTY50-INDEX BUY PUT | Rejected: ['LOW_RVOL', 'BIAS_MISMATCH', 'LOW_EFFICIENCY', 'TP_CAPPED']
2026-07-21 09:30:35,598 - INFO - 📊 EXECUTION AUDIT [SIGNAL_GENERATED]: trade_id=None, candidate_id=cand_NSE_NIFTY50_INDEX_BREAKOUT_24203.60_20260721_093000_Structural_v3.2_RVOL1.0, payload={'symbol': 'NSE:NIFTY50-INDEX', 'signal': 'BUY PUT', 'strategy': 'BREAKOUT', 'price': 24248.25, 'stop_loss': 24257.39642857143, 'take_profit': 24156.785714285717, 'tp1': 24234.53035714286, 'rr_ratio': 10.0, 'timestamp': '2026-07-21T09:30:00+05:30', 'accepted': False, 'rejection_reasons': ['LOW_RVOL', 'BIAS_MISMATCH', 'LOW_EFFICIENCY', 'TP_CAPPED'], 'features': {'date': '2026-07-21', 'strategy_name': 'Structural_v3', 'strategy_version': 'v3.2', 'feature_version': 'v1.1', 'market_regime': 'RANGE_LOW_VOL', 'day_type': 'RANGE_DAY', 'session_type': 'OPEN', 'daily_bias': 'NEUTRAL', 'hourly_bias': 'NEUTRAL', 'trend_strength': 0.0, 'rvol': 0.1, 'atr': 18.3, 'distance_from_supply': 119.05, 'distance_from_demand': 217.97, 'nearest_supply_strength': 59.2, 'nearest_demand_strength': 52.0, 'distance_to_liquidity_pool': 217.97499999999854, 'liquidity_score': 1.0, 'indicator_snapshot': {'rvol_tod': 0.1, 'is_compressed': True, 'bos_count': 0}, 'move_efficiency': 0.2309, 'wickiness': 0.4418, 'fft_score': 0.0, 'setup_type': 'BREAKOUT', 'candidate_id': 'cand_NSE_NIFTY50_INDEX_BREAKOUT_24203.60_20260721_093000', 'ema20': 24240.47, 'ema50': 24231.85, 'move_efficiency_h1': 0.0497, 'ema_bullish': True, 'rsi14': 59.64, 'distance_to_vwap': 0.0, 'atr_percentile': 0.5694, 'dist_prev_high': -0.0007, 'dist_prev_low': 0.0047}, 'candidate_id': 'cand_NSE_NIFTY50_INDEX_BREAKOUT_24203.60_20260721_093000_Structural_v3.2_RVOL1.0', 'experiment_name': 'Structural_v3.2_RVOL1.0', 'strategy_id': 'structural', 'version': 'v3.2'}
2026-07-21 09:30:35,670 - WARNING - No quotes data available for ['NSE:NIFTY50-INDEX']
2026-07-21 09:30:36,184 - WARNING - No quotes data available for ['NSE:NIFTY2672124250PE']
2026-07-21 09:30:36,185 - INFO - Resolved index signal into option contract: OptionContract(symbol='NSE:NIFTY2672124250PE', strike=24250.0, expiry='26721', option_type='PE', premium=100.0, delta=0.5, bid=99.0, ask=101.0, volume=100, resolved_at=datetime.datetime(2026, 7, 21, 9, 30, 36, 185259))
2026-07-21 09:30:36,185 - INFO - ⚡ Option strike selection resolved index signal to contract NSE:NIFTY2672124250PE @ premium 100.0 (type: PE, strike: 24250.0)
2026-07-21 09:30:36,185 - INFO - 📊 EXECUTION AUDIT [STRIKE_SELECTED]: trade_id=None, candidate_id=cand_NSE_NIFTY50_INDEX_BREAKOUT_24203.60_20260721_093000_Structural_v3.2_RVOL1.0, payload={'symbol': 'NSE:NIFTY2672124250PE', 'strike': 24250.0, 'expiry': '26721', 'type': 'PE'}
2026-07-21 09:30:36,213 - INFO - 📊 EXECUTION AUDIT [PREMIUM_RETRIEVED]: trade_id=None, candidate_id=cand_NSE_NIFTY50_INDEX_BREAKOUT_24203.60_20260721_093000_Structural_v3.2_RVOL1.0, payload={'premium': 100.0, 'bid': 99.0, 'ask': 101.0}
2026-07-21 09:30:36,227 - INFO - 📊 EXECUTION AUDIT [CF_SUBMITTED]: trade_id=None, candidate_id=cand_NSE_NIFTY50_INDEX_BREAKOUT_24203.60_20260721_093000_Structural_v3.2_RVOL1.0, payload={'price': 24248.25, 'sl': 24257.39642857143, 'tp': 24156.785714285717}
2026-07-21 09:30:36,241 - INFO - 📊 EXECUTION AUDIT [CF_FILLED]: trade_id=None, candidate_id=cand_NSE_NIFTY50_INDEX_BREAKOUT_24203.60_20260721_093000_Structural_v3.2_RVOL1.0, payload={'price': 24248.25, 'sl': 24257.39642857143, 'tp': 24156.785714285717}
2026-07-21 09:30:36,283 - INFO - 🟢 ENTRY [CF|Structural_v3.2_RVOL1.0|uctural_v3.2_RVOL1.0]: NSE:NIFTY50-INDEX BUY PUT @ 24248.25 | SL: 24257.40 TP: 24156.79
2026-07-21 09:30:36,283 - INFO - ⚡ [Structural_v3.2_RVOL0.8] warnings: ['VERY_LOW_RVOL:0.10']
2026-07-21 09:30:36,283 - INFO - 👻 [Structural_v3.2_RVOL0.8] CF BREAKOUT NSE:NIFTY50-INDEX BUY PUT | Rejected: ['LOW_RVOL', 'BIAS_MISMATCH', 'LOW_EFFICIENCY', 'TP_CAPPED']
2026-07-21 09:30:36,283 - INFO - 📊 EXECUTION AUDIT [SIGNAL_GENERATED]: trade_id=None, candidate_id=cand_NSE_NIFTY50_INDEX_BREAKOUT_24203.60_20260721_093000_Structural_v3.2_RVOL0.8, payload={'symbol': 'NSE:NIFTY50-INDEX', 'signal': 'BUY PUT', 'strategy': 'BREAKOUT', 'price': 24248.25, 'stop_loss': 24257.39642857143, 'take_profit': 24156.785714285717, 'tp1': 24234.53035714286, 'rr_ratio': 10.0, 'timestamp': '2026-07-21T09:30:00+05:30', 'accepted': False, 'rejection_reasons': ['LOW_RVOL', 'BIAS_MISMATCH', 'LOW_EFFICIENCY', 'TP_CAPPED'], 'features': {'date': '2026-07-21', 'strategy_name': 'Structural_v3', 'strategy_version': 'v3.2', 'feature_version': 'v1.1', 'market_regime': 'RANGE_LOW_VOL', 'day_type': 'RANGE_DAY', 'session_type': 'OPEN', 'daily_bias': 'NEUTRAL', 'hourly_bias': 'NEUTRAL', 'trend_strength': 0.0, 'rvol': 0.1, 'atr': 18.3, 'distance_from_supply': 119.05, 'distance_from_demand': 217.97, 'nearest_supply_strength': 59.2, 'nearest_demand_strength': 52.0, 'distance_to_liquidity_pool': 217.97499999999854, 'liquidity_score': 1.0, 'indicator_snapshot': {'rvol_tod': 0.1, 'is_compressed': True, 'bos_count': 0}, 'move_efficiency': 0.2309, 'wickiness': 0.4418, 'fft_score': 0.0, 'setup_type': 'BREAKOUT', 'candidate_id': 'cand_NSE_NIFTY50_INDEX_BREAKOUT_24203.60_20260721_093000', 'ema20': 24240.47, 'ema50': 24231.85, 'move_efficiency_h1': 0.0497, 'ema_bullish': True, 'rsi14': 59.64, 'distance_to_vwap': 0.0, 'atr_percentile': 0.5694, 'dist_prev_high': -0.0007, 'dist_prev_low': 0.0047}, 'candidate_id': 'cand_NSE_NIFTY50_INDEX_BREAKOUT_24203.60_20260721_093000_Structural_v3.2_RVOL0.8', 'experiment_name': 'Structural_v3.2_RVOL0.8', 'strategy_id': 'structural', 'version': 'v3.2'}
2026-07-21 09:30:36,689 - WARNING - No quotes data available for ['NSE:NIFTY50-INDEX']
2026-07-21 09:30:37,198 - WARNING - No quotes data available for ['NSE:NIFTY2672124250PE']
2026-07-21 09:30:37,199 - INFO - Resolved index signal into option contract: OptionContract(symbol='NSE:NIFTY2672124250PE', strike=24250.0, expiry='26721', option_type='PE', premium=100.0, delta=0.5, bid=99.0, ask=101.0, volume=100, resolved_at=datetime.datetime(2026, 7, 21, 9, 30, 37, 199136))
2026-07-21 09:30:37,199 - INFO - ⚡ Option strike selection resolved index signal to contract NSE:NIFTY2672124250PE @ premium 100.0 (type: PE, strike: 24250.0)
2026-07-21 09:30:37,199 - INFO - 📊 EXECUTION AUDIT [STRIKE_SELECTED]: trade_id=None, candidate_id=cand_NSE_NIFTY50_INDEX_BREAKOUT_24203.60_20260721_093000_Structural_v3.2_RVOL0.8, payload={'symbol': 'NSE:NIFTY2672124250PE', 'strike': 24250.0, 'expiry': '26721', 'type': 'PE'}
2026-07-21 09:30:37,223 - INFO - 📊 EXECUTION AUDIT [PREMIUM_RETRIEVED]: trade_id=None, candidate_id=cand_NSE_NIFTY50_INDEX_BREAKOUT_24203.60_20260721_093000_Structural_v3.2_RVOL0.8, payload={'premium': 100.0, 'bid': 99.0, 'ask': 101.0}
2026-07-21 09:30:37,239 - INFO - 📊 EXECUTION AUDIT [CF_SUBMITTED]: trade_id=None, candidate_id=cand_NSE_NIFTY50_INDEX_BREAKOUT_24203.60_20260721_093000_Structural_v3.2_RVOL0.8, payload={'price': 24248.25, 'sl': 24257.39642857143, 'tp': 24156.785714285717}
2026-07-21 09:30:37,253 - INFO - 📊 EXECUTION AUDIT [CF_FILLED]: trade_id=None, candidate_id=cand_NSE_NIFTY50_INDEX_BREAKOUT_24203.60_20260721_093000_Structural_v3.2_RVOL0.8, payload={'price': 24248.25, 'sl': 24257.39642857143, 'tp': 24156.785714285717}
2026-07-21 09:30:37,293 - INFO - 🟢 ENTRY [CF|Structural_v3.2_RVOL0.8|uctural_v3.2_RVOL0.8]: NSE:NIFTY50-INDEX BUY PUT @ 24248.25 | SL: 24257.40 TP: 24156.79
2026-07-21 09:30:38,324 - INFO - ⚡ [Structural_v3.2_RVOL1.0] warnings: ['VERY_LOW_RVOL:0.12']
2026-07-21 09:30:38,354 - INFO - ⚡ [Structural_v3.2_RVOL0.8] warnings: ['VERY_LOW_RVOL:0.12']
2026-07-21 09:30:38,358 - INFO - ⚡ [Structural_v3.2_RVOL1.0] warnings: ['VERY_LOW_RVOL:0.12']
2026-07-21 09:30:38,358 - INFO - 👻 [Structural_v3.2_RVOL1.0] CF BREAKOUT NSE:NIFTYBANK-INDEX BUY PUT | Rejected: ['LOW_RVOL', 'BIAS_MISMATCH', 'LOW_EFFICIENCY', 'TP_CAPPED']
2026-07-21 09:30:38,358 - INFO - 📊 EXECUTION AUDIT [SIGNAL_GENERATED]: trade_id=None, candidate_id=cand_NSE_NIFTYBANK_INDEX_BREAKOUT_57820.90_20260721_093000_Structural_v3.2_RVOL1.0, payload={'symbol': 'NSE:NIFTYBANK-INDEX', 'signal': 'BUY PUT', 'strategy': 'BREAKOUT', 'price': 58056.95, 'stop_loss': 58093.46607142857, 'take_profit': 57691.789285714294, 'tp1': 58002.175892857136, 'rr_ratio': 10.0, 'timestamp': '2026-07-21T09:30:00+05:30', 'accepted': False, 'rejection_reasons': ['LOW_RVOL', 'BIAS_MISMATCH', 'LOW_EFFICIENCY', 'TP_CAPPED'], 'features': {'date': '2026-07-21', 'strategy_name': 'Structural_v3', 'strategy_version': 'v3.2', 'feature_version': 'v1.1', 'market_regime': 'RANGE', 'day_type': 'RANGE_DAY', 'session_type': 'OPEN', 'daily_bias': 'BULLISH', 'hourly_bias': 'NEUTRAL', 'trend_strength': 0.0, 'rvol': 0.12, 'atr': 73.03, 'distance_from_supply': 539.9, 'distance_from_demand': 636.8, 'nearest_supply_strength': 59.4, 'nearest_demand_strength': 81.6, 'distance_to_liquidity_pool': 539.9000000000015, 'liquidity_score': 1.2, 'indicator_snapshot': {'rvol_tod': 0.12, 'is_compressed': True, 'bos_count': 0}, 'move_efficiency': 0.2842, 'wickiness': 0.2363, 'fft_score': 0.0, 'setup_type': 'BREAKOUT', 'candidate_id': 'cand_NSE_NIFTYBANK_INDEX_BREAKOUT_57820.90_20260721_093000', 'ema20': 57997.24, 'ema50': 57922.56, 'move_efficiency_h1': 0.2028, 'ema_bullish': True, 'rsi14': 57.53, 'distance_to_vwap': 0.0, 'atr_percentile': 0.7361, 'dist_prev_high': -0.0009, 'dist_prev_low': 0.0091}, 'candidate_id': 'cand_NSE_NIFTYBANK_INDEX_BREAKOUT_57820.90_20260721_093000_Structural_v3.2_RVOL1.0', 'experiment_name': 'Structural_v3.2_RVOL1.0', 'strategy_id': 'structural', 'version': 'v3.2'}
2026-07-21 09:30:38,430 - WARNING - No quotes data available for ['NSE:NIFTYBANK-INDEX']
2026-07-21 09:30:38,949 - WARNING - No quotes data available for ['NSE:BANKNIFTY26JUL58100PE']
2026-07-21 09:30:38,950 - INFO - Resolved index signal into option contract: OptionContract(symbol='NSE:BANKNIFTY26JUL58100PE', strike=58100.0, expiry='26JUL', option_type='PE', premium=100.0, delta=0.5, bid=99.0, ask=101.0, volume=100, resolved_at=datetime.datetime(2026, 7, 21, 9, 30, 38, 950093))
2026-07-21 09:30:38,950 - INFO - ⚡ Option strike selection resolved index signal to contract NSE:BANKNIFTY26JUL58100PE @ premium 100.0 (type: PE, strike: 58100.0)
2026-07-21 09:30:38,950 - INFO - 📊 EXECUTION AUDIT [STRIKE_SELECTED]: trade_id=None, candidate_id=cand_NSE_NIFTYBANK_INDEX_BREAKOUT_57820.90_20260721_093000_Structural_v3.2_RVOL1.0, payload={'symbol': 'NSE:BANKNIFTY26JUL58100PE', 'strike': 58100.0, 'expiry': '26JUL', 'type': 'PE'}
2026-07-21 09:30:38,983 - INFO - 📊 EXECUTION AUDIT [PREMIUM_RETRIEVED]: trade_id=None, candidate_id=cand_NSE_NIFTYBANK_INDEX_BREAKOUT_57820.90_20260721_093000_Structural_v3.2_RVOL1.0, payload={'premium': 100.0, 'bid': 99.0, 'ask': 101.0}
2026-07-21 09:30:38,997 - INFO - 📊 EXECUTION AUDIT [CF_SUBMITTED]: trade_id=None, candidate_id=cand_NSE_NIFTYBANK_INDEX_BREAKOUT_57820.90_20260721_093000_Structural_v3.2_RVOL1.0, payload={'price': 58056.95, 'sl': 58093.46607142857, 'tp': 57691.789285714294}
2026-07-21 09:30:39,010 - INFO - 📊 EXECUTION AUDIT [CF_FILLED]: trade_id=None, candidate_id=cand_NSE_NIFTYBANK_INDEX_BREAKOUT_57820.90_20260721_093000_Structural_v3.2_RVOL1.0, payload={'price': 58056.95, 'sl': 58093.46607142857, 'tp': 57691.789285714294}
2026-07-21 09:30:39,049 - INFO - 🟢 ENTRY [CF|Structural_v3.2_RVOL1.0|uctural_v3.2_RVOL1.0]: NSE:NIFTYBANK-INDEX BUY PUT @ 58056.95 | SL: 58093.47 TP: 57691.79
2026-07-21 09:30:39,050 - INFO - ⚡ [Structural_v3.2_RVOL0.8] warnings: ['VERY_LOW_RVOL:0.12']
2026-07-21 09:30:39,050 - INFO - 👻 [Structural_v3.2_RVOL0.8] CF BREAKOUT NSE:NIFTYBANK-INDEX BUY PUT | Rejected: ['LOW_RVOL', 'BIAS_MISMATCH', 'LOW_EFFICIENCY', 'TP_CAPPED']
2026-07-21 09:30:39,050 - INFO - 📊 EXECUTION AUDIT [SIGNAL_GENERATED]: trade_id=None, candidate_id=cand_NSE_NIFTYBANK_INDEX_BREAKOUT_57820.90_20260721_093000_Structural_v3.2_RVOL0.8, payload={'symbol': 'NSE:NIFTYBANK-INDEX', 'signal': 'BUY PUT', 'strategy': 'BREAKOUT', 'price': 58056.95, 'stop_loss': 58093.46607142857, 'take_profit': 57691.789285714294, 'tp1': 58002.175892857136, 'rr_ratio': 10.0, 'timestamp': '2026-07-21T09:30:00+05:30', 'accepted': False, 'rejection_reasons': ['LOW_RVOL', 'BIAS_MISMATCH', 'LOW_EFFICIENCY', 'TP_CAPPED'], 'features': {'date': '2026-07-21', 'strategy_name': 'Structural_v3', 'strategy_version': 'v3.2', 'feature_version': 'v1.1', 'market_regime': 'RANGE', 'day_type': 'RANGE_DAY', 'session_type': 'OPEN', 'daily_bias': 'BULLISH', 'hourly_bias': 'NEUTRAL', 'trend_strength': 0.0, 'rvol': 0.12, 'atr': 73.03, 'distance_from_supply': 539.9, 'distance_from_demand': 636.8, 'nearest_supply_strength': 59.4, 'nearest_demand_strength': 81.6, 'distance_to_liquidity_pool': 539.9000000000015, 'liquidity_score': 1.2, 'indicator_snapshot': {'rvol_tod': 0.12, 'is_compressed': True, 'bos_count': 0}, 'move_efficiency': 0.2842, 'wickiness': 0.2363, 'fft_score': 0.0, 'setup_type': 'BREAKOUT', 'candidate_id': 'cand_NSE_NIFTYBANK_INDEX_BREAKOUT_57820.90_20260721_093000', 'ema20': 57997.24, 'ema50': 57922.56, 'move_efficiency_h1': 0.2028, 'ema_bullish': True, 'rsi14': 57.53, 'distance_to_vwap': 0.0, 'atr_percentile': 0.7361, 'dist_prev_high': -0.0009, 'dist_prev_low': 0.0091}, 'candidate_id': 'cand_NSE_NIFTYBANK_INDEX_BREAKOUT_57820.90_20260721_093000_Structural_v3.2_RVOL0.8', 'experiment_name': 'Structural_v3.2_RVOL0.8', 'strategy_id': 'structural', 'version': 'v3.2'}
2026-07-21 09:30:39,442 - WARNING - No quotes data available for ['NSE:NIFTYBANK-INDEX']
2026-07-21 09:30:39,949 - WARNING - No quotes data available for ['NSE:BANKNIFTY26JUL58100PE']
2026-07-21 09:30:39,949 - INFO - Resolved index signal into option contract: OptionContract(symbol='NSE:BANKNIFTY26JUL58100PE', strike=58100.0, expiry='26JUL', option_type='PE', premium=100.0, delta=0.5, bid=99.0, ask=101.0, volume=100, resolved_at=datetime.datetime(2026, 7, 21, 9, 30, 39, 949437))
2026-07-21 09:30:39,949 - INFO - ⚡ Option strike selection resolved index signal to contract NSE:BANKNIFTY26JUL58100PE @ premium 100.0 (type: PE, strike: 58100.0)
2026-07-21 09:30:39,949 - INFO - 📊 EXECUTION AUDIT [STRIKE_SELECTED]: trade_id=None, candidate_id=cand_NSE_NIFTYBANK_INDEX_BREAKOUT_57820.90_20260721_093000_Structural_v3.2_RVOL0.8, payload={'symbol': 'NSE:BANKNIFTY26JUL58100PE', 'strike': 58100.0, 'expiry': '26JUL', 'type': 'PE'}
2026-07-21 09:30:39,974 - INFO - 📊 EXECUTION AUDIT [PREMIUM_RETRIEVED]: trade_id=None, candidate_id=cand_NSE_NIFTYBANK_INDEX_BREAKOUT_57820.90_20260721_093000_Structural_v3.2_RVOL0.8, payload={'premium': 100.0, 'bid': 99.0, 'ask': 101.0}
2026-07-21 09:30:39,987 - INFO - 📊 EXECUTION AUDIT [CF_SUBMITTED]: trade_id=None, candidate_id=cand_NSE_NIFTYBANK_INDEX_BREAKOUT_57820.90_20260721_093000_Structural_v3.2_RVOL0.8, payload={'price': 58056.95, 'sl': 58093.46607142857, 'tp': 57691.789285714294}
2026-07-21 09:30:40,005 - INFO - 📊 EXECUTION AUDIT [CF_FILLED]: trade_id=None, candidate_id=cand_NSE_NIFTYBANK_INDEX_BREAKOUT_57820.90_20260721_093000_Structural_v3.2_RVOL0.8, payload={'price': 58056.95, 'sl': 58093.46607142857, 'tp': 57691.789285714294}
2026-07-21 09:30:40,046 - INFO - 🟢 ENTRY [CF|Structural_v3.2_RVOL0.8|uctural_v3.2_RVOL0.8]: NSE:NIFTYBANK-INDEX BUY PUT @ 58056.95 | SL: 58093.47 TP: 57691.79
2026-07-21 09:35:40,198 - INFO - --- 09:35:40 Market Pulse ---
2026-07-21 09:35:41,097 - INFO - 📊 EXECUTION AUDIT [CF_EXITED]: trade_id=None, candidate_id=cand_NSE_NIFTY50_INDEX_EMAPULL_24228.55_20260721_092523_EMA_Pullback_20_50_RVOL1.0, payload={'exit_price': 24241.612500000003, 'exit_reason': 'TRAILING_SL', 'pnl_r': 1.4259887005656255, 'duration_minutes': 10.276318566666667, 'bars_held': 2}
2026-07-21 09:35:41,154 - INFO - 🔴 EXIT (TRAILING_SL) [CFEMA_Pullback_20_50_RVOL1.0|llback_20_50_RVOL1.0]: NSE:NIFTY50-INDEX @ 24241.61 | PnL +1.43R | MFE 2.23R | Capture 64% | 2bars HoldEff +0.713R/bar
2026-07-21 09:35:41,154 - INFO - 📊 EXECUTION AUDIT [CF_EXITED]: trade_id=None, candidate_id=cand_NSE_NIFTYBANK_INDEX_BREAKOUT_58111.00_20260721_092500_Structural_v3.2_RVOL1.0, payload={'exit_price': 58034.36785714285, 'exit_reason': 'INITIAL_SL', 'pnl_r': -1.05, 'duration_minutes': 10.276318566666667, 'bars_held': 2}
2026-07-21 09:35:41,196 - INFO - 🔴 EXIT (INITIAL_SL) [CFStructural_v3.2_RVOL1.0|uctural_v3.2_RVOL1.0]: NSE:NIFTYBANK-INDEX @ 58034.37 | PnL -1.05R | MFE 0.00R | Capture N/A | 2bars HoldEff -0.525R/bar
2026-07-21 09:35:41,196 - INFO - 📊 EXECUTION AUDIT [CF_EXITED]: trade_id=None, candidate_id=cand_NSE_NIFTYBANK_INDEX_BREAKOUT_58111.00_20260721_092500_Structural_v3.2_RVOL0.8, payload={'exit_price': 58034.36785714285, 'exit_reason': 'INITIAL_SL', 'pnl_r': -1.05, 'duration_minutes': 10.276318566666667, 'bars_held': 2}
2026-07-21 09:35:41,237 - INFO - 🔴 EXIT (INITIAL_SL) [CFStructural_v3.2_RVOL0.8|uctural_v3.2_RVOL0.8]: NSE:NIFTYBANK-INDEX @ 58034.37 | PnL -1.05R | MFE 0.00R | Capture N/A | 2bars HoldEff -0.525R/bar
2026-07-21 09:35:41,237 - INFO - 📊 EXECUTION AUDIT [CF_TP_EXPANDED]: trade_id=None, candidate_id=cand_NSE_NIFTYBANK_INDEX_TRENDLINE_RETEST_58069.45_202607210925_Geometry_v1.0_Score35, payload={'price': 58007.3, 'old_sl': 58094.53, 'new_sl': 58044.880000000005, 'old_tp': 58031.869999999995, 'new_tp': 57994.28999999999, 'reason': 'TP_EXPANSION'}
2026-07-21 09:35:41,279 - INFO - 🟡 UPDATE (TP_EXPANSION) [CFGeometry_v1.0_Score35|eometry_v1.0_Score35]: NSE:NIFTYBANK-INDEX @ 58007.30 | SL→58044.88 TP→57994.29
2026-07-21 09:35:41,279 - INFO - 📊 EXECUTION AUDIT [CF_TP_EXPANDED]: trade_id=None, candidate_id=cand_NSE_NIFTYBANK_INDEX_TRENDLINE_RETEST_58069.45_202607210925_Geometry_v1.0_Score50, payload={'price': 58007.3, 'old_sl': 58094.53, 'new_sl': 58044.880000000005, 'old_tp': 58031.869999999995, 'new_tp': 57994.28999999999, 'reason': 'TP_EXPANSION'}
2026-07-21 09:35:41,317 - INFO - 🟡 UPDATE (TP_EXPANSION) [CFGeometry_v1.0_Score50|eometry_v1.0_Score50]: NSE:NIFTYBANK-INDEX @ 58007.30 | SL→58044.88 TP→57994.29
2026-07-21 09:35:41,317 - INFO - 📊 EXECUTION AUDIT [CF_SL_MODIFIED]: trade_id=None, candidate_id=cand_NSE_NIFTY50_INDEX_BREAKOUT_24203.60_20260721_093000_Structural_v3.2_RVOL1.0, payload={'price': 24220.55, 'old_sl': 24257.39642857143, 'new_sl': 24227.40982142857, 'old_tp': None, 'new_tp': 24156.785714285717, 'reason': 'TRAILING_SL'}
2026-07-21 09:35:41,355 - INFO - 🟡 UPDATE (TRAILING_SL) [CFStructural_v3.2_RVOL1.0|uctural_v3.2_RVOL1.0]: NSE:NIFTY50-INDEX @ 24220.55 | SL→24227.41 TP→24156.79
2026-07-21 09:35:41,355 - INFO - 📊 EXECUTION AUDIT [CF_SL_MODIFIED]: trade_id=None, candidate_id=cand_NSE_NIFTY50_INDEX_BREAKOUT_24203.60_20260721_093000_Structural_v3.2_RVOL0.8, payload={'price': 24220.55, 'old_sl': 24257.39642857143, 'new_sl': 24227.40982142857, 'old_tp': None, 'new_tp': 24156.785714285717, 'reason': 'TRAILING_SL'}
2026-07-21 09:35:41,395 - INFO - 🟡 UPDATE (TRAILING_SL) [CFStructural_v3.2_RVOL0.8|uctural_v3.2_RVOL0.8]: NSE:NIFTY50-INDEX @ 24220.55 | SL→24227.41 TP→24156.79
2026-07-21 09:35:41,395 - INFO - 📊 EXECUTION AUDIT [CF_SL_MODIFIED]: trade_id=None, candidate_id=cand_NSE_NIFTYBANK_INDEX_BREAKOUT_57820.90_20260721_093000_Structural_v3.2_RVOL1.0, payload={'price': 58007.3, 'old_sl': 58093.46607142857, 'new_sl': 58043.81607142858, 'old_tp': None, 'new_tp': 57691.789285714294, 'reason': 'TRAILING_SL'}
2026-07-21 09:35:41,432 - INFO - 🟡 UPDATE (TRAILING_SL) [CFStructural_v3.2_RVOL1.0|uctural_v3.2_RVOL1.0]: NSE:NIFTYBANK-INDEX @ 58007.30 | SL→58043.82 TP→57691.79
2026-07-21 09:35:41,433 - INFO - 📊 EXECUTION AUDIT [CF_SL_MODIFIED]: trade_id=None, candidate_id=cand_NSE_NIFTYBANK_INDEX_BREAKOUT_57820.90_20260721_093000_Structural_v3.2_RVOL0.8, payload={'price': 58007.3, 'old_sl': 58093.46607142857, 'new_sl': 58043.81607142858, 'old_tp': None, 'new_tp': 57691.789285714294, 'reason': 'TRAILING_SL'}
2026-07-21 09:35:41,469 - INFO - 🟡 UPDATE (TRAILING_SL) [CFStructural_v3.2_RVOL0.8|uctural_v3.2_RVOL0.8]: NSE:NIFTYBANK-INDEX @ 58007.30 | SL→58043.82 TP→57691.79
2026-07-21 09:35:42,900 - INFO - ⚡ [Structural_v3.2_RVOL1.0] warnings: ['VERY_LOW_RVOL:0.09']
2026-07-21 09:35:42,920 - INFO - ⚡ [Structural_v3.2_RVOL0.8] warnings: ['VERY_LOW_RVOL:0.09']
2026-07-21 09:35:42,924 - INFO - ⚡ [Structural_v3.2_RVOL1.0] warnings: ['VERY_LOW_RVOL:0.09']
2026-07-21 09:35:42,924 - INFO - ⚡ [Structural_v3.2_RVOL0.8] warnings: ['VERY_LOW_RVOL:0.09']
2026-07-21 09:35:42,924 - INFO - 👻 [EMA_Pullback_20_50_RVOL1.0] CF PULLBACK NSE:NIFTY50-INDEX BUY CALL | Rejected: ['LOW_RVOL', 'LOW_EFFICIENCY', 'TP_CAPPED']
2026-07-21 09:35:42,924 - INFO - 📊 EXECUTION AUDIT [SIGNAL_GENERATED]: trade_id=None, candidate_id=cand_NSE_NIFTY50_INDEX_EMAPULL_24220.55_20260721_093540_EMA_Pullback_20_50_RVOL1.0, payload={'symbol': 'NSE:NIFTY50-INDEX', 'signal': 'BUY CALL', 'strategy': 'PULLBACK', 'price': 24220.55, 'stop_loss': 24210.785, 'take_profit': 24318.2, 'tp1': 24235.1975, 'rr_ratio': 10.0, 'timestamp': '2026-07-21T09:35:40.198354+05:30', 'accepted': False, 'rejection_reasons': ['LOW_RVOL', 'LOW_EFFICIENCY', 'TP_CAPPED'], 'features': {'atr': 19.53, 'ema20': 24236.64, 'ema50': 24230.56, 'move_efficiency': 0.1678, 'move_efficiency_h1': 0.2023, 'wickiness': 0.3799, 'ema_bullish': True, 'rsi14': 42.72, 'distance_to_vwap': 0.0, 'atr_percentile': 0.6498, 'dist_prev_high': -0.0019, 'dist_prev_low': 0.0035}, 'candidate_id': 'cand_NSE_NIFTY50_INDEX_EMAPULL_24220.55_20260721_093540_EMA_Pullback_20_50_RVOL1.0', 'confidence': 0.5, 'diagnostics': {'ema_distance': -0.00066, 'ema20': 24236.64, 'ema50': 24230.56, 'move_efficiency': 0.168, 'rvol': 0.09, 'atr': 19.53, 'atr_percentile': 0.65, 'distance_to_vwap': 0.0}, 'experiment_name': 'EMA_Pullback_20_50_RVOL1.0', 'strategy_id': 'ema_pullback', 'version': 'v1.0'}
2026-07-21 09:35:43,000 - WARNING - No quotes data available for ['NSE:NIFTY50-INDEX']
2026-07-21 09:35:43,506 - WARNING - No quotes data available for ['NSE:NIFTY2672124200CE']
2026-07-21 09:35:43,506 - INFO - Resolved index signal into option contract: OptionContract(symbol='NSE:NIFTY2672124200CE', strike=24200.0, expiry='26721', option_type='CE', premium=100.0, delta=0.5, bid=99.0, ask=101.0, volume=100, resolved_at=datetime.datetime(2026, 7, 21, 9, 35, 43, 506202))
2026-07-21 09:35:43,506 - INFO - ⚡ Option strike selection resolved index signal to contract NSE:NIFTY2672124200CE @ premium 100.0 (type: CE, strike: 24200.0)
2026-07-21 09:35:43,506 - INFO - 📊 EXECUTION AUDIT [STRIKE_SELECTED]: trade_id=None, candidate_id=cand_NSE_NIFTY50_INDEX_EMAPULL_24220.55_20260721_093540_EMA_Pullback_20_50_RVOL1.0, payload={'symbol': 'NSE:NIFTY2672124200CE', 'strike': 24200.0, 'expiry': '26721', 'type': 'CE'}
2026-07-21 09:35:43,531 - INFO - 📊 EXECUTION AUDIT [PREMIUM_RETRIEVED]: trade_id=None, candidate_id=cand_NSE_NIFTY50_INDEX_EMAPULL_24220.55_20260721_093540_EMA_Pullback_20_50_RVOL1.0, payload={'premium': 100.0, 'bid': 99.0, 'ask': 101.0}
2026-07-21 09:35:43,543 - INFO - 📊 EXECUTION AUDIT [CF_SUBMITTED]: trade_id=None, candidate_id=cand_NSE_NIFTY50_INDEX_EMAPULL_24220.55_20260721_093540_EMA_Pullback_20_50_RVOL1.0, payload={'price': 24220.55, 'sl': 24210.785, 'tp': 24318.2}
2026-07-21 09:35:43,557 - INFO - 📊 EXECUTION AUDIT [CF_FILLED]: trade_id=None, candidate_id=cand_NSE_NIFTY50_INDEX_EMAPULL_24220.55_20260721_093540_EMA_Pullback_20_50_RVOL1.0, payload={'price': 24220.55, 'sl': 24210.785, 'tp': 24318.2}
2026-07-21 09:35:43,607 - INFO - 🟢 ENTRY [CF|EMA_Pullback_20_50_RVOL1.0|llback_20_50_RVOL1.0]: NSE:NIFTY50-INDEX BUY CALL @ 24220.55 | SL: 24210.78 TP: 24318.20
2026-07-21 09:35:44,803 - INFO - ⚡ [Structural_v3.2_RVOL1.0] warnings: ['VERY_LOW_RVOL:0.21']
2026-07-21 09:35:44,820 - INFO - ⚡ [Structural_v3.2_RVOL0.8] warnings: ['VERY_LOW_RVOL:0.21']
2026-07-21 09:35:44,824 - INFO - ⚡ [Structural_v3.2_RVOL1.0] warnings: ['VERY_LOW_RVOL:0.21']
2026-07-21 09:35:44,824 - INFO - ⚡ [Structural_v3.2_RVOL0.8] warnings: ['VERY_LOW_RVOL:0.21']
2026-07-21 09:35:44,824 - INFO - 👻 [EMA_Pullback_20_50_RVOL1.0] CF PULLBACK NSE:NIFTYBANK-INDEX BUY CALL | Rejected: ['LOW_RVOL', 'LOW_EFFICIENCY', 'TP_CAPPED']
2026-07-21 09:35:44,824 - INFO - 📊 EXECUTION AUDIT [SIGNAL_GENERATED]: trade_id=None, candidate_id=cand_NSE_NIFTYBANK_INDEX_EMAPULL_58007.30_20260721_093540_EMA_Pullback_20_50_RVOL1.0, payload={'symbol': 'NSE:NIFTYBANK-INDEX', 'signal': 'BUY CALL', 'strategy': 'PULLBACK', 'price': 58007.3, 'stop_loss': 57910.304000000004, 'take_profit': 58384.700000000004, 'tp1': 58152.794, 'rr_ratio': 3.89, 'timestamp': '2026-07-21T09:35:40.198354+05:30', 'accepted': False, 'rejection_reasons': ['LOW_RVOL', 'LOW_EFFICIENCY', 'TP_CAPPED'], 'features': {'atr': 75.48, 'ema20': 57997.09, 'ema50': 57925.4, 'move_efficiency': 0.1284, 'move_efficiency_h1': 0.0466, 'wickiness': 0.239, 'ema_bullish': True, 'rsi14': 53.48, 'distance_to_vwap': 0.0, 'atr_percentile': 0.7834, 'dist_prev_high': -0.0018, 'dist_prev_low': 0.0082}, 'candidate_id': 'cand_NSE_NIFTYBANK_INDEX_EMAPULL_58007.30_20260721_093540_EMA_Pullback_20_50_RVOL1.0', 'confidence': 0.5, 'diagnostics': {'ema_distance': 0.00018, 'ema20': 57997.09, 'ema50': 57925.4, 'move_efficiency': 0.128, 'rvol': 0.21, 'atr': 75.48, 'atr_percentile': 0.783, 'distance_to_vwap': 0.0}, 'experiment_name': 'EMA_Pullback_20_50_RVOL1.0', 'strategy_id': 'ema_pullback', 'version': 'v1.0'}
2026-07-21 09:35:44,902 - WARNING - No quotes data available for ['NSE:NIFTYBANK-INDEX']
2026-07-21 09:35:45,396 - WARNING - No quotes data available for ['NSE:BANKNIFTY26JUL58000CE']
2026-07-21 09:35:45,396 - INFO - Resolved index signal into option contract: OptionContract(symbol='NSE:BANKNIFTY26JUL58000CE', strike=58000.0, expiry='26JUL', option_type='CE', premium=100.0, delta=0.5, bid=99.0, ask=101.0, volume=100, resolved_at=datetime.datetime(2026, 7, 21, 9, 35, 45, 396714))
2026-07-21 09:35:45,396 - INFO - ⚡ Option strike selection resolved index signal to contract NSE:BANKNIFTY26JUL58000CE @ premium 100.0 (type: CE, strike: 58000.0)
2026-07-21 09:35:45,396 - INFO - 📊 EXECUTION AUDIT [STRIKE_SELECTED]: trade_id=None, candidate_id=cand_NSE_NIFTYBANK_INDEX_EMAPULL_58007.30_20260721_093540_EMA_Pullback_20_50_RVOL1.0, payload={'symbol': 'NSE:BANKNIFTY26JUL58000CE', 'strike': 58000.0, 'expiry': '26JUL', 'type': 'CE'}
2026-07-21 09:35:45,422 - INFO - 📊 EXECUTION AUDIT [PREMIUM_RETRIEVED]: trade_id=None, candidate_id=cand_NSE_NIFTYBANK_INDEX_EMAPULL_58007.30_20260721_093540_EMA_Pullback_20_50_RVOL1.0, payload={'premium': 100.0, 'bid': 99.0, 'ask': 101.0}
2026-07-21 09:35:45,434 - INFO - 📊 EXECUTION AUDIT [CF_SUBMITTED]: trade_id=None, candidate_id=cand_NSE_NIFTYBANK_INDEX_EMAPULL_58007.30_20260721_093540_EMA_Pullback_20_50_RVOL1.0, payload={'price': 58007.3, 'sl': 57910.304000000004, 'tp': 58384.700000000004}
2026-07-21 09:35:45,447 - INFO - 📊 EXECUTION AUDIT [CF_FILLED]: trade_id=None, candidate_id=cand_NSE_NIFTYBANK_INDEX_EMAPULL_58007.30_20260721_093540_EMA_Pullback_20_50_RVOL1.0, payload={'price': 58007.3, 'sl': 57910.304000000004, 'tp': 58384.700000000004}
2026-07-21 09:35:45,489 - INFO - 🟢 ENTRY [CF|EMA_Pullback_20_50_RVOL1.0|llback_20_50_RVOL1.0]: NSE:NIFTYBANK-INDEX BUY CALL @ 58007.30 | SL: 57910.30 TP: 58384.70
2026-07-21 09:40:46,499 - INFO - --- 09:40:46 Market Pulse ---
2026-07-21 09:40:47,310 - INFO - 📊 EXECUTION AUDIT [CF_EXITED]: trade_id=None, candidate_id=cand_NSE_NIFTY50_INDEX_BREAKOUT_24203.60_20260721_093000_Structural_v3.2_RVOL1.0, payload={'exit_price': 24227.40982142857, 'exit_reason': 'TRAILING_SL', 'pnl_r': 2.228504490433707, 'duration_minutes': 10.222592733333332, 'bars_held': 2}
2026-07-21 09:40:47,390 - INFO - 🔴 EXIT (TRAILING_SL) [CFStructural_v3.2_RVOL1.0|uctural_v3.2_RVOL1.0]: NSE:NIFTY50-INDEX @ 24227.41 | PnL +2.23R | MFE 3.03R | Capture 74% | 2bars HoldEff +1.114R/bar
2026-07-21 09:40:47,390 - INFO - 📊 EXECUTION AUDIT [CF_EXITED]: trade_id=None, candidate_id=cand_NSE_NIFTY50_INDEX_BREAKOUT_24203.60_20260721_093000_Structural_v3.2_RVOL0.8, payload={'exit_price': 24227.40982142857, 'exit_reason': 'TRAILING_SL', 'pnl_r': 2.228504490433707, 'duration_minutes': 10.222592733333332, 'bars_held': 2}
2026-07-21 09:40:47,436 - INFO - 🔴 EXIT (TRAILING_SL) [CFStructural_v3.2_RVOL0.8|uctural_v3.2_RVOL0.8]: NSE:NIFTY50-INDEX @ 24227.41 | PnL +2.23R | MFE 3.03R | Capture 74% | 2bars HoldEff +1.114R/bar
2026-07-21 09:40:47,437 - INFO - 📊 EXECUTION AUDIT [CF_SL_MODIFIED]: trade_id=None, candidate_id=cand_NSE_NIFTY50_INDEX_EMAPULL_24220.55_20260721_093540_EMA_Pullback_20_50_RVOL1.0, payload={'price': 24228.5, 'old_sl': 24210.785, 'new_sl': 24218.735, 'old_tp': None, 'new_tp': 24318.2, 'reason': 'TRAILING_SL'}
2026-07-21 09:40:47,481 - INFO - 🟡 UPDATE (TRAILING_SL) [CFEMA_Pullback_20_50_RVOL1.0|llback_20_50_RVOL1.0]: NSE:NIFTY50-INDEX @ 24228.50 | SL→24218.74 TP→24318.20
2026-07-21 09:40:47,481 - INFO - 📊 EXECUTION AUDIT [CF_SL_MODIFIED]: trade_id=None, candidate_id=cand_NSE_NIFTYBANK_INDEX_EMAPULL_58007.30_20260721_093540_EMA_Pullback_20_50_RVOL1.0, payload={'price': 58025.55, 'old_sl': 57910.304000000004, 'new_sl': 57928.554000000004, 'old_tp': None, 'new_tp': 58384.700000000004, 'reason': 'TRAILING_SL'}
2026-07-21 09:40:47,522 - INFO - 🟡 UPDATE (TRAILING_SL) [CFEMA_Pullback_20_50_RVOL1.0|llback_20_50_RVOL1.0]: NSE:NIFTYBANK-INDEX @ 58025.55 | SL→57928.55 TP→58384.70
2026-07-21 09:40:48,653 - INFO - ⚡ [Structural_v3.2_RVOL1.0] warnings: ['VERY_LOW_RVOL:0.13']
2026-07-21 09:40:48,668 - INFO - ⚡ [Structural_v3.2_RVOL0.8] warnings: ['VERY_LOW_RVOL:0.13']
2026-07-21 09:40:48,671 - INFO - ⚡ [Structural_v3.2_RVOL1.0] warnings: ['VERY_LOW_RVOL:0.13']
2026-07-21 09:40:48,671 - INFO - 👻 [Structural_v3.2_RVOL1.0] CF BREAKOUT NSE:NIFTY50-INDEX BUY PUT | Rejected: ['LOW_RVOL', 'BIAS_MISMATCH', 'LOW_EFFICIENCY', 'HIGH_WICKINESS', 'TP_CAPPED']
2026-07-21 09:40:48,671 - INFO - 📊 EXECUTION AUDIT [SIGNAL_GENERATED]: trade_id=None, candidate_id=cand_NSE_NIFTY50_INDEX_BREAKOUT_24203.60_20260721_094000_Structural_v3.2_RVOL1.0, payload={'symbol': 'NSE:NIFTY50-INDEX', 'signal': 'BUY PUT', 'strategy': 'BREAKOUT', 'price': 24228.5, 'stop_loss': 24238.45178571429, 'take_profit': 24128.98214285711, 'tp1': 24213.572321428568, 'rr_ratio': 10.0, 'timestamp': '2026-07-21T09:40:00+05:30', 'accepted': False, 'rejection_reasons': ['LOW_RVOL', 'BIAS_MISMATCH', 'LOW_EFFICIENCY', 'HIGH_WICKINESS', 'TP_CAPPED'], 'features': {'date': '2026-07-21', 'strategy_name': 'Structural_v3', 'strategy_version': 'v3.2', 'feature_version': 'v1.1', 'market_regime': 'RANGE_LOW_VOL', 'day_type': 'RANGE_DAY', 'session_type': 'OPEN', 'daily_bias': 'NEUTRAL', 'hourly_bias': 'NEUTRAL', 'trend_strength': 0.0, 'rvol': 0.13, 'atr': 19.9, 'distance_from_supply': 138.8, 'distance_from_demand': 198.22, 'nearest_supply_strength': 59.2, 'nearest_demand_strength': 52.0, 'distance_to_liquidity_pool': 198.22499999999854, 'liquidity_score': 1.3, 'indicator_snapshot': {'rvol_tod': 0.13, 'is_compressed': True, 'bos_count': 0}, 'move_efficiency': 0.1155, 'wickiness': 0.518, 'fft_score': 0.0, 'setup_type': 'BREAKOUT', 'candidate_id': 'cand_NSE_NIFTY50_INDEX_BREAKOUT_24203.60_20260721_094000', 'ema20': 24236.33, 'ema50': 24230.68, 'move_efficiency_h1': 0.213, 'ema_bullish': True, 'rsi14': 46.01, 'distance_to_vwap': 0.0, 'atr_percentile': 0.6697, 'dist_prev_high': -0.0015, 'dist_prev_low': 0.0038}, 'candidate_id': 'cand_NSE_NIFTY50_INDEX_BREAKOUT_24203.60_20260721_094000_Structural_v3.2_RVOL1.0', 'experiment_name': 'Structural_v3.2_RVOL1.0', 'strategy_id': 'structural', 'version': 'v3.2'}
2026-07-21 09:40:48,743 - WARNING - No quotes data available for ['NSE:NIFTY50-INDEX']
2026-07-21 09:40:49,269 - WARNING - No quotes data available for ['NSE:NIFTY2672124250PE']
2026-07-21 09:40:49,270 - INFO - Resolved index signal into option contract: OptionContract(symbol='NSE:NIFTY2672124250PE', strike=24250.0, expiry='26721', option_type='PE', premium=100.0, delta=0.5, bid=99.0, ask=101.0, volume=100, resolved_at=datetime.datetime(2026, 7, 21, 9, 40, 49, 270107))
2026-07-21 09:40:49,270 - INFO - ⚡ Option strike selection resolved index signal to contract NSE:NIFTY2672124250PE @ premium 100.0 (type: PE, strike: 24250.0)
2026-07-21 09:40:49,270 - INFO - 📊 EXECUTION AUDIT [STRIKE_SELECTED]: trade_id=None, candidate_id=cand_NSE_NIFTY50_INDEX_BREAKOUT_24203.60_20260721_094000_Structural_v3.2_RVOL1.0, payload={'symbol': 'NSE:NIFTY2672124250PE', 'strike': 24250.0, 'expiry': '26721', 'type': 'PE'}
2026-07-21 09:40:49,302 - INFO - 📊 EXECUTION AUDIT [PREMIUM_RETRIEVED]: trade_id=None, candidate_id=cand_NSE_NIFTY50_INDEX_BREAKOUT_24203.60_20260721_094000_Structural_v3.2_RVOL1.0, payload={'premium': 100.0, 'bid': 99.0, 'ask': 101.0}
2026-07-21 09:40:49,322 - INFO - 📊 EXECUTION AUDIT [CF_SUBMITTED]: trade_id=None, candidate_id=cand_NSE_NIFTY50_INDEX_BREAKOUT_24203.60_20260721_094000_Structural_v3.2_RVOL1.0, payload={'price': 24228.5, 'sl': 24238.45178571429, 'tp': 24128.98214285711}
2026-07-21 09:40:49,338 - INFO - 📊 EXECUTION AUDIT [CF_FILLED]: trade_id=None, candidate_id=cand_NSE_NIFTY50_INDEX_BREAKOUT_24203.60_20260721_094000_Structural_v3.2_RVOL1.0, payload={'price': 24228.5, 'sl': 24238.45178571429, 'tp': 24128.98214285711}
2026-07-21 09:40:49,378 - INFO - 🟢 ENTRY [CF|Structural_v3.2_RVOL1.0|uctural_v3.2_RVOL1.0]: NSE:NIFTY50-INDEX BUY PUT @ 24228.50 | SL: 24238.45 TP: 24128.98
2026-07-21 09:40:49,378 - INFO - ⚡ [Structural_v3.2_RVOL0.8] warnings: ['VERY_LOW_RVOL:0.13']
2026-07-21 09:40:49,378 - INFO - 👻 [Structural_v3.2_RVOL0.8] CF BREAKOUT NSE:NIFTY50-INDEX BUY PUT | Rejected: ['LOW_RVOL', 'BIAS_MISMATCH', 'LOW_EFFICIENCY', 'HIGH_WICKINESS', 'TP_CAPPED']
2026-07-21 09:40:49,378 - INFO - 📊 EXECUTION AUDIT [SIGNAL_GENERATED]: trade_id=None, candidate_id=cand_NSE_NIFTY50_INDEX_BREAKOUT_24203.60_20260721_094000_Structural_v3.2_RVOL0.8, payload={'symbol': 'NSE:NIFTY50-INDEX', 'signal': 'BUY PUT', 'strategy': 'BREAKOUT', 'price': 24228.5, 'stop_loss': 24238.45178571429, 'take_profit': 24128.98214285711, 'tp1': 24213.572321428568, 'rr_ratio': 10.0, 'timestamp': '2026-07-21T09:40:00+05:30', 'accepted': False, 'rejection_reasons': ['LOW_RVOL', 'BIAS_MISMATCH', 'LOW_EFFICIENCY', 'HIGH_WICKINESS', 'TP_CAPPED'], 'features': {'date': '2026-07-21', 'strategy_name': 'Structural_v3', 'strategy_version': 'v3.2', 'feature_version': 'v1.1', 'market_regime': 'RANGE_LOW_VOL', 'day_type': 'RANGE_DAY', 'session_type': 'OPEN', 'daily_bias': 'NEUTRAL', 'hourly_bias': 'NEUTRAL', 'trend_strength': 0.0, 'rvol': 0.13, 'atr': 19.9, 'distance_from_supply': 138.8, 'distance_from_demand': 198.22, 'nearest_supply_strength': 59.2, 'nearest_demand_strength': 52.0, 'distance_to_liquidity_pool': 198.22499999999854, 'liquidity_score': 1.3, 'indicator_snapshot': {'rvol_tod': 0.13, 'is_compressed': True, 'bos_count': 0}, 'move_efficiency': 0.1155, 'wickiness': 0.518, 'fft_score': 0.0, 'setup_type': 'BREAKOUT', 'candidate_id': 'cand_NSE_NIFTY50_INDEX_BREAKOUT_24203.60_20260721_094000', 'ema20': 24236.33, 'ema50': 24230.68, 'move_efficiency_h1': 0.213, 'ema_bullish': True, 'rsi14': 46.01, 'distance_to_vwap': 0.0, 'atr_percentile': 0.6697, 'dist_prev_high': -0.0015, 'dist_prev_low': 0.0038}, 'candidate_id': 'cand_NSE_NIFTY50_INDEX_BREAKOUT_24203.60_20260721_094000_Structural_v3.2_RVOL0.8', 'experiment_name': 'Structural_v3.2_RVOL0.8', 'strategy_id': 'structural', 'version': 'v3.2'}
2026-07-21 09:40:49,776 - WARNING - No quotes data available for ['NSE:NIFTY50-INDEX']
2026-07-21 09:40:50,289 - WARNING - No quotes data available for ['NSE:NIFTY2672124250PE']
2026-07-21 09:40:50,289 - INFO - Resolved index signal into option contract: OptionContract(symbol='NSE:NIFTY2672124250PE', strike=24250.0, expiry='26721', option_type='PE', premium=100.0, delta=0.5, bid=99.0, ask=101.0, volume=100, resolved_at=datetime.datetime(2026, 7, 21, 9, 40, 50, 289702))
2026-07-21 09:40:50,290 - INFO - ⚡ Option strike selection resolved index signal to contract NSE:NIFTY2672124250PE @ premium 100.0 (type: PE, strike: 24250.0)
2026-07-21 09:40:50,290 - INFO - 📊 EXECUTION AUDIT [STRIKE_SELECTED]: trade_id=None, candidate_id=cand_NSE_NIFTY50_INDEX_BREAKOUT_24203.60_20260721_094000_Structural_v3.2_RVOL0.8, payload={'symbol': 'NSE:NIFTY2672124250PE', 'strike': 24250.0, 'expiry': '26721', 'type': 'PE'}
2026-07-21 09:40:50,323 - INFO - 📊 EXECUTION AUDIT [PREMIUM_RETRIEVED]: trade_id=None, candidate_id=cand_NSE_NIFTY50_INDEX_BREAKOUT_24203.60_20260721_094000_Structural_v3.2_RVOL0.8, payload={'premium': 100.0, 'bid': 99.0, 'ask': 101.0}
2026-07-21 09:40:50,343 - INFO - 📊 EXECUTION AUDIT [CF_SUBMITTED]: trade_id=None, candidate_id=cand_NSE_NIFTY50_INDEX_BREAKOUT_24203.60_20260721_094000_Structural_v3.2_RVOL0.8, payload={'price': 24228.5, 'sl': 24238.45178571429, 'tp': 24128.98214285711}
2026-07-21 09:40:50,359 - INFO - 📊 EXECUTION AUDIT [CF_FILLED]: trade_id=None, candidate_id=cand_NSE_NIFTY50_INDEX_BREAKOUT_24203.60_20260721_094000_Structural_v3.2_RVOL0.8, payload={'price': 24228.5, 'sl': 24238.45178571429, 'tp': 24128.98214285711}
2026-07-21 09:40:50,408 - INFO - 🟢 ENTRY [CF|Structural_v3.2_RVOL0.8|uctural_v3.2_RVOL0.8]: NSE:NIFTY50-INDEX BUY PUT @ 24228.50 | SL: 24238.45 TP: 24128.98
2026-07-21 09:40:51,375 - INFO - ⚡ [Structural_v3.2_RVOL1.0] warnings: ['VERY_LOW_RVOL:0.14']
2026-07-21 09:40:51,390 - INFO - ⚡ [Structural_v3.2_RVOL0.8] warnings: ['VERY_LOW_RVOL:0.14']
2026-07-21 09:40:51,393 - INFO - ⚡ [Structural_v3.2_RVOL1.0] warnings: ['VERY_LOW_RVOL:0.14']
2026-07-21 09:40:51,393 - INFO - ⚡ [Structural_v3.2_RVOL0.8] warnings: ['VERY_LOW_RVOL:0.14']
2026-07-21 09:48:43,557 - INFO - --- 09:48:43 Market Pulse ---
2026-07-21 09:48:45,429 - INFO - 📊 EXECUTION AUDIT [CF_TP_EXPANDED]: trade_id=None, candidate_id=cand_NSE_NIFTYBANK_INDEX_TRENDLINE_RETEST_58069.45_202607210925_Geometry_v1.0_Score35, payload={'price': 57983.45, 'old_sl': 58044.880000000005, 'new_sl': 58021.03, 'old_tp': 57994.28999999999, 'new_tp': 57956.70999999999, 'reason': 'TP_EXPANSION'}
2026-07-21 09:48:45,490 - INFO - 🟡 UPDATE (TP_EXPANSION) [CFGeometry_v1.0_Score35|eometry_v1.0_Score35]: NSE:NIFTYBANK-INDEX @ 57983.45 | SL→58021.03 TP→57956.71
2026-07-21 09:48:45,490 - INFO - 📊 EXECUTION AUDIT [CF_TP_EXPANDED]: trade_id=None, candidate_id=cand_NSE_NIFTYBANK_INDEX_TRENDLINE_RETEST_58069.45_202607210925_Geometry_v1.0_Score50, payload={'price': 57983.45, 'old_sl': 58044.880000000005, 'new_sl': 58021.03, 'old_tp': 57994.28999999999, 'new_tp': 57956.70999999999, 'reason': 'TP_EXPANSION'}
2026-07-21 09:48:45,533 - INFO - 🟡 UPDATE (TP_EXPANSION) [CFGeometry_v1.0_Score50|eometry_v1.0_Score50]: NSE:NIFTYBANK-INDEX @ 57983.45 | SL→58021.03 TP→57956.71
2026-07-21 09:48:45,533 - INFO - 📊 EXECUTION AUDIT [CF_SL_MODIFIED]: trade_id=None, candidate_id=cand_NSE_NIFTYBANK_INDEX_BREAKOUT_57820.90_20260721_093000_Structural_v3.2_RVOL1.0, payload={'price': 57983.45, 'old_sl': 58043.81607142858, 'new_sl': 58010.83705357143, 'old_tp': None, 'new_tp': 57691.789285714294, 'reason': 'TRAILING_SL'}
2026-07-21 09:48:45,570 - INFO - 🟡 UPDATE (TRAILING_SL) [CFStructural_v3.2_RVOL1.0|uctural_v3.2_RVOL1.0]: NSE:NIFTYBANK-INDEX @ 57983.45 | SL→58010.84 TP→57691.79
2026-07-21 09:48:45,570 - INFO - 📊 EXECUTION AUDIT [CF_SL_MODIFIED]: trade_id=None, candidate_id=cand_NSE_NIFTYBANK_INDEX_BREAKOUT_57820.90_20260721_093000_Structural_v3.2_RVOL0.8, payload={'price': 57983.45, 'old_sl': 58043.81607142858, 'new_sl': 58010.83705357143, 'old_tp': None, 'new_tp': 57691.789285714294, 'reason': 'TRAILING_SL'}
2026-07-21 09:48:45,605 - INFO - 🟡 UPDATE (TRAILING_SL) [CFStructural_v3.2_RVOL0.8|uctural_v3.2_RVOL0.8]: NSE:NIFTYBANK-INDEX @ 57983.45 | SL→58010.84 TP→57691.79
2026-07-21 09:48:45,605 - INFO - 📊 EXECUTION AUDIT [CF_SL_MODIFIED]: trade_id=None, candidate_id=cand_NSE_NIFTY50_INDEX_BREAKOUT_24203.60_20260721_094000_Structural_v3.2_RVOL1.0, payload={'price': 24219.05, 'old_sl': 24238.45178571429, 'new_sl': 24229.00178571429, 'old_tp': None, 'new_tp': 24128.98214285711, 'reason': 'TRAILING_SL'}
2026-07-21 09:48:45,636 - INFO - 🟡 UPDATE (TRAILING_SL) [CFStructural_v3.2_RVOL1.0|uctural_v3.2_RVOL1.0]: NSE:NIFTY50-INDEX @ 24219.05 | SL→24229.00 TP→24128.98
2026-07-21 09:48:45,636 - INFO - 📊 EXECUTION AUDIT [CF_SL_MODIFIED]: trade_id=None, candidate_id=cand_NSE_NIFTY50_INDEX_BREAKOUT_24203.60_20260721_094000_Structural_v3.2_RVOL0.8, payload={'price': 24219.05, 'old_sl': 24238.45178571429, 'new_sl': 24229.00178571429, 'old_tp': None, 'new_tp': 24128.98214285711, 'reason': 'TRAILING_SL'}
2026-07-21 09:48:45,668 - INFO - 🟡 UPDATE (TRAILING_SL) [CFStructural_v3.2_RVOL0.8|uctural_v3.2_RVOL0.8]: NSE:NIFTY50-INDEX @ 24219.05 | SL→24229.00 TP→24128.98
2026-07-21 09:50:16,652 - INFO - ✅ PostgreSQL tables and migrations checked/initialized
2026-07-21 09:50:16,663 - INFO - ✅ Option snapshots & audits converted to hypertables, indexes generated
2026-07-21 09:50:16,701 - INFO - ✅ PostgreSQL / TimescaleDB fully initialized
2026-07-21 09:50:16,727 - INFO - ✅ PostgreSQL tables and migrations checked/initialized
2026-07-21 09:50:16,736 - INFO - ✅ Option snapshots & audits converted to hypertables, indexes generated
2026-07-21 09:50:16,761 - INFO - ✅ PostgreSQL / TimescaleDB fully initialized
2026-07-21 09:50:16,787 - INFO - 🔑 Loaded access token from local JSON cache: /Users/kashishbaggafeast/Desktop/Bot/tokens/token_2026-07-21.json
2026-07-21 09:50:16,886 - INFO - ✅ Fyers client initialized successfully
2026-07-21 09:50:16,918 - INFO - ✅ PostgreSQL tables and migrations checked/initialized
2026-07-21 09:50:16,928 - INFO - ✅ Option snapshots & audits converted to hypertables, indexes generated
2026-07-21 09:50:16,955 - INFO - ✅ PostgreSQL / TimescaleDB fully initialized
2026-07-21 09:50:16,958 - INFO - ✅ TimeOfDayEngine initialized with 75 slots.
2026-07-21 09:50:16,958 - INFO - ✅ TimeOfDayEngine initialized with 75 slots.
2026-07-21 09:50:16,983 - INFO - ✅ PostgreSQL tables and migrations checked/initialized
2026-07-21 09:50:16,992 - INFO - ✅ Option snapshots & audits converted to hypertables, indexes generated
2026-07-21 09:50:17,016 - INFO - ✅ PostgreSQL / TimescaleDB fully initialized
2026-07-21 09:50:17,039 - INFO - ✅ PostgreSQL tables and migrations checked/initialized
2026-07-21 09:50:17,048 - INFO - ✅ Option snapshots & audits converted to hypertables, indexes generated
2026-07-21 09:50:17,076 - INFO - ✅ PostgreSQL / TimescaleDB fully initialized
2026-07-21 09:50:17,076 - INFO - 🏛️ Structural Decision Engine initialized | Phase 3.2 (Final Polish) Active
2026-07-21 09:50:17,076 - INFO - 🏛️ StructuralStrategy initialized [rvol>=1.0, zone_score>=50.0]
2026-07-21 09:50:17,100 - INFO - 📋 Registered experiment: Structural_v3.2_RVOL1.0 [structural@v3.2] hash=e94c3fcc1fbc618d git=97aaa84
2026-07-21 09:50:17,111 - INFO - 📋 Experiment saved: Structural_v3.2_RVOL1.0 [hash=e94c3fcc1fbc618d git=97aaa84]
2026-07-21 09:50:17,134 - INFO - ✅ PostgreSQL tables and migrations checked/initialized
2026-07-21 09:50:17,144 - INFO - ✅ Option snapshots & audits converted to hypertables, indexes generated
2026-07-21 09:50:17,170 - INFO - ✅ PostgreSQL / TimescaleDB fully initialized
2026-07-21 09:50:17,171 - INFO - 🏛️ Structural Decision Engine initialized | Phase 3.2 (Final Polish) Active
2026-07-21 09:50:17,171 - INFO - 🏛️ StructuralStrategy initialized [rvol>=0.8, zone_score>=50.0]
2026-07-21 09:50:17,182 - INFO - 📋 Registered experiment: Structural_v3.2_RVOL0.8 [structural@v3.2] hash=40874fb174f2baa6 git=97aaa84
2026-07-21 09:50:17,194 - INFO - 📋 Experiment saved: Structural_v3.2_RVOL0.8 [hash=40874fb174f2baa6 git=97aaa84]
2026-07-21 09:50:17,205 - INFO - 📋 Registered experiment: EMA_Pullback_20_50_RVOL1.0 [ema_pullback@v1.0] hash=0296a97f007a6675 git=97aaa84
2026-07-21 09:50:17,215 - INFO - 📋 Experiment saved: EMA_Pullback_20_50_RVOL1.0 [hash=0296a97f007a6675 git=97aaa84]
2026-07-21 09:50:17,226 - INFO - 📋 Registered experiment: VWAP_Reversion_1.5ATR_RVOL1.0 [vwap_reversion@v1.0] hash=3d6d96cb21ff71cd git=97aaa84
2026-07-21 09:50:17,236 - INFO - 📋 Experiment saved: VWAP_Reversion_1.5ATR_RVOL1.0 [hash=3d6d96cb21ff71cd git=97aaa84]
2026-07-21 09:50:17,247 - INFO - 📋 Registered experiment: PrevDay_Extremes_RVOL1.2 [prev_day_extremes@v1.0] hash=952708070530c475 git=97aaa84
2026-07-21 09:50:17,257 - INFO - 📋 Experiment saved: PrevDay_Extremes_RVOL1.2 [hash=952708070530c475 git=97aaa84]
2026-07-21 09:50:17,268 - INFO - 📋 Registered experiment: ORB_15m_RVOL1.2 [orb@v1.0] hash=7977fff6d541cc39 git=97aaa84
2026-07-21 09:50:17,278 - INFO - 📋 Experiment saved: ORB_15m_RVOL1.2 [hash=7977fff6d541cc39 git=97aaa84]
2026-07-21 09:50:17,289 - INFO - 📋 Registered experiment: ORB_30m_RVOL1.2 [orb@v1.0] hash=a4c360e3a0cd8ef8 git=97aaa84
2026-07-21 09:50:17,301 - INFO - 📋 Experiment saved: ORB_30m_RVOL1.2 [hash=a4c360e3a0cd8ef8 git=97aaa84]
2026-07-21 09:50:17,311 - INFO - 📋 Registered experiment: ATR_Squeeze_RVOL1.0 [atr_squeeze@v1.0] hash=9ad2746007bcc7e7 git=97aaa84
2026-07-21 09:50:17,323 - INFO - 📋 Experiment saved: ATR_Squeeze_RVOL1.0 [hash=9ad2746007bcc7e7 git=97aaa84]
2026-07-21 09:50:17,323 - INFO - 📐 GeometryStrategy initialized [score>=50.0, tol=0.2%, RR>=1.5, trendline_break=True]
2026-07-21 09:50:17,334 - INFO - 📋 Registered experiment: Geometry_v1.0_Score35 [geometry@v1.0] hash=7edde6fe809a3b1a git=97aaa84
2026-07-21 09:50:17,345 - INFO - 📋 Experiment saved: Geometry_v1.0_Score35 [hash=7edde6fe809a3b1a git=97aaa84]
2026-07-21 09:50:17,345 - INFO - 📐 GeometryStrategy initialized [score>=50.0, tol=0.2%, RR>=1.8, trendline_break=True]
2026-07-21 09:50:17,355 - INFO - 📋 Registered experiment: Geometry_v1.0_Score50 [geometry@v1.0] hash=431ce308e16d5c85 git=97aaa84
2026-07-21 09:50:17,368 - INFO - 📋 Experiment saved: Geometry_v1.0_Score50 [hash=431ce308e16d5c85 git=97aaa84]
2026-07-21 09:50:17,368 - INFO - 💧 OrderFlowStrategy initialized [sweep>=0.6, imbalance>=0.55]
2026-07-21 09:50:17,378 - INFO - 📋 Registered experiment: OrderFlow_v1.0 [order_flow@v1.0] hash=be581b5e26fdcef5 git=97aaa84
2026-07-21 09:50:17,389 - INFO - 📋 Experiment saved: OrderFlow_v1.0 [hash=be581b5e26fdcef5 git=97aaa84]
2026-07-21 09:50:17,507 - INFO - 🔄 Recovered 8 active counterfactual positions: ['cand_NSE_NIFTYBANK_INDEX_BREAKOUT_57820.90_20260721_093000_Structural_v3.2_RVOL0.8', 'cand_NSE_NIFTYBANK_INDEX_EMAPULL_58007.30_20260721_093540_EMA_Pullback_20_50_RVOL1.0', 'cand_NSE_NIFTYBANK_INDEX_TRENDLINE_RETEST_58069.45_202607210925_Geometry_v1.0_Score50', 'cand_NSE_NIFTYBANK_INDEX_BREAKOUT_57820.90_20260721_093000_Structural_v3.2_RVOL1.0', 'cand_NSE_NIFTY50_INDEX_EMAPULL_24220.55_20260721_093540_EMA_Pullback_20_50_RVOL1.0', 'cand_NSE_NIFTYBANK_INDEX_TRENDLINE_RETEST_58069.45_202607210925_Geometry_v1.0_Score35', 'cand_NSE_NIFTY50_INDEX_BREAKOUT_24203.60_20260721_094000_Structural_v3.2_RVOL1.0', 'cand_NSE_NIFTY50_INDEX_BREAKOUT_24203.60_20260721_094000_Structural_v3.2_RVOL0.8']
2026-07-21 09:50:17,507 - INFO - 🏛️ Structural Paper Trader Initialized | Active Position Tracking Enabled
2026-07-21 09:50:17,507 - INFO - 📊 EXECUTION AUDIT [SIGNAL_GENERATED]: trade_id=trade_NSE_NIFTY50_INDEX_1784607617, candidate_id=test_cand_123, payload={'symbol': 'NSE:NIFTY50-INDEX', 'signal': 'BUY CALL', 'price': 24200.0, 'stop_loss': 24150.0, 'take_profit': 24300.0, 'strategy': 'CONFLUENCE_BOUNCE', 'confidence': 85.0, 'candidate_id': 'test_cand_123', 'features': {'market_regime': 'BULL_TREND'}}
2026-07-21 09:50:17,517 - INFO - ⚡ Option strike selection resolved index signal to contract NSE:NIFTY2672324200CE @ premium 150.0 (type: CE, strike: 24200.0)
2026-07-21 09:50:17,518 - INFO - 📊 EXECUTION AUDIT [STRIKE_SELECTED]: trade_id=trade_NSE_NIFTY50_INDEX_1784607617, candidate_id=test_cand_123, payload={'symbol': 'NSE:NIFTY2672324200CE', 'strike': 24200.0, 'expiry': '26723', 'type': 'CE'}
2026-07-21 09:50:17,527 - INFO - 📊 EXECUTION AUDIT [PREMIUM_RETRIEVED]: trade_id=trade_NSE_NIFTY50_INDEX_1784607617, candidate_id=test_cand_123, payload={'premium': 150.0, 'bid': 149.0, 'ask': 151.0}
2026-07-21 09:50:17,537 - INFO - 📊 EXECUTION AUDIT [ORDER_SUBMITTED]: trade_id=trade_NSE_NIFTY50_INDEX_1784607617, candidate_id=test_cand_123, payload={'price': 24200.0, 'sl': 24150.0, 'tp': 24300.0}
2026-07-21 09:50:17,547 - INFO - 📊 EXECUTION AUDIT [ORDER_FILLED]: trade_id=trade_NSE_NIFTY50_INDEX_1784607617, candidate_id=test_cand_123, payload={'price': 24200.0, 'sl': 24150.0, 'tp': 24300.0}
2026-07-21 09:50:17,559 - INFO - 💰 Position size [CONFLUENCE_BOUNCE|BULL_TREND|conf=85]: frac=0.006 → ₹5,000 (risk/unit=0.21%)
2026-07-21 09:50:17,583 - INFO - 🟢 ENTRY [Structural_v3.2_RVOL1.0|INDEX_1784607617]: NSE:NIFTY50-INDEX BUY CALL @ 24200.00 | SL: 24150.00 TP: 24300.00
2026-07-21 09:50:25,589 - INFO - ✅ PostgreSQL tables and migrations checked/initialized
2026-07-21 09:50:25,599 - INFO - ✅ Option snapshots & audits converted to hypertables, indexes generated
2026-07-21 09:50:25,628 - INFO - ✅ PostgreSQL / TimescaleDB fully initialized
2026-07-21 09:50:25,653 - INFO - ✅ PostgreSQL tables and migrations checked/initialized
2026-07-21 09:50:25,663 - INFO - ✅ Option snapshots & audits converted to hypertables, indexes generated
2026-07-21 09:50:25,687 - INFO - ✅ PostgreSQL / TimescaleDB fully initialized
2026-07-21 09:50:25,710 - INFO - 🔑 Loaded access token from local JSON cache: /Users/kashishbaggafeast/Desktop/Bot/tokens/token_2026-07-21.json
2026-07-21 09:50:25,815 - INFO - ✅ Fyers client initialized successfully
2026-07-21 09:50:25,852 - INFO - ✅ PostgreSQL tables and migrations checked/initialized
2026-07-21 09:50:25,863 - INFO - ✅ Option snapshots & audits converted to hypertables, indexes generated
2026-07-21 09:50:25,890 - INFO - ✅ PostgreSQL / TimescaleDB fully initialized
2026-07-21 09:50:25,891 - INFO - ✅ TimeOfDayEngine initialized with 75 slots.
2026-07-21 09:50:25,891 - INFO - ✅ TimeOfDayEngine initialized with 75 slots.
2026-07-21 09:50:25,915 - INFO - ✅ PostgreSQL tables and migrations checked/initialized
2026-07-21 09:50:25,924 - INFO - ✅ Option snapshots & audits converted to hypertables, indexes generated
2026-07-21 09:50:25,949 - INFO - ✅ PostgreSQL / TimescaleDB fully initialized
2026-07-21 09:50:25,972 - INFO - ✅ PostgreSQL tables and migrations checked/initialized
2026-07-21 09:50:25,982 - INFO - ✅ Option snapshots & audits converted to hypertables, indexes generated
2026-07-21 09:50:26,006 - INFO - ✅ PostgreSQL / TimescaleDB fully initialized
2026-07-21 09:50:26,007 - INFO - 🏛️ Structural Decision Engine initialized | Phase 3.2 (Final Polish) Active
2026-07-21 09:50:26,007 - INFO - 🏛️ StructuralStrategy initialized [rvol>=1.0, zone_score>=50.0]
2026-07-21 09:50:26,020 - INFO - 📋 Registered experiment: Structural_v3.2_RVOL1.0 [structural@v3.2] hash=e94c3fcc1fbc618d git=97aaa84
2026-07-21 09:50:26,030 - INFO - 📋 Experiment saved: Structural_v3.2_RVOL1.0 [hash=e94c3fcc1fbc618d git=97aaa84]
2026-07-21 09:50:26,054 - INFO - ✅ PostgreSQL tables and migrations checked/initialized
2026-07-21 09:50:26,063 - INFO - ✅ Option snapshots & audits converted to hypertables, indexes generated
2026-07-21 09:50:26,086 - INFO - ✅ PostgreSQL / TimescaleDB fully initialized
2026-07-21 09:50:26,086 - INFO - 🏛️ Structural Decision Engine initialized | Phase 3.2 (Final Polish) Active
2026-07-21 09:50:26,086 - INFO - 🏛️ StructuralStrategy initialized [rvol>=0.8, zone_score>=50.0]
2026-07-21 09:50:26,098 - INFO - 📋 Registered experiment: Structural_v3.2_RVOL0.8 [structural@v3.2] hash=40874fb174f2baa6 git=97aaa84
2026-07-21 09:50:26,110 - INFO - 📋 Experiment saved: Structural_v3.2_RVOL0.8 [hash=40874fb174f2baa6 git=97aaa84]
2026-07-21 09:50:26,120 - INFO - 📋 Registered experiment: EMA_Pullback_20_50_RVOL1.0 [ema_pullback@v1.0] hash=0296a97f007a6675 git=97aaa84
2026-07-21 09:50:26,131 - INFO - 📋 Experiment saved: EMA_Pullback_20_50_RVOL1.0 [hash=0296a97f007a6675 git=97aaa84]
2026-07-21 09:50:26,142 - INFO - 📋 Registered experiment: VWAP_Reversion_1.5ATR_RVOL1.0 [vwap_reversion@v1.0] hash=3d6d96cb21ff71cd git=97aaa84
2026-07-21 09:50:26,153 - INFO - 📋 Experiment saved: VWAP_Reversion_1.5ATR_RVOL1.0 [hash=3d6d96cb21ff71cd git=97aaa84]
2026-07-21 09:50:26,164 - INFO - 📋 Registered experiment: PrevDay_Extremes_RVOL1.2 [prev_day_extremes@v1.0] hash=952708070530c475 git=97aaa84
2026-07-21 09:50:26,175 - INFO - 📋 Experiment saved: PrevDay_Extremes_RVOL1.2 [hash=952708070530c475 git=97aaa84]
2026-07-21 09:50:26,185 - INFO - 📋 Registered experiment: ORB_15m_RVOL1.2 [orb@v1.0] hash=7977fff6d541cc39 git=97aaa84
2026-07-21 09:50:26,196 - INFO - 📋 Experiment saved: ORB_15m_RVOL1.2 [hash=7977fff6d541cc39 git=97aaa84]
2026-07-21 09:50:26,206 - INFO - 📋 Registered experiment: ORB_30m_RVOL1.2 [orb@v1.0] hash=a4c360e3a0cd8ef8 git=97aaa84
2026-07-21 09:50:26,217 - INFO - 📋 Experiment saved: ORB_30m_RVOL1.2 [hash=a4c360e3a0cd8ef8 git=97aaa84]
2026-07-21 09:50:26,227 - INFO - 📋 Registered experiment: ATR_Squeeze_RVOL1.0 [atr_squeeze@v1.0] hash=9ad2746007bcc7e7 git=97aaa84
2026-07-21 09:50:26,237 - INFO - 📋 Experiment saved: ATR_Squeeze_RVOL1.0 [hash=9ad2746007bcc7e7 git=97aaa84]
2026-07-21 09:50:26,237 - INFO - 📐 GeometryStrategy initialized [score>=50.0, tol=0.2%, RR>=1.5, trendline_break=True]
2026-07-21 09:50:26,248 - INFO - 📋 Registered experiment: Geometry_v1.0_Score35 [geometry@v1.0] hash=7edde6fe809a3b1a git=97aaa84
2026-07-21 09:50:26,258 - INFO - 📋 Experiment saved: Geometry_v1.0_Score35 [hash=7edde6fe809a3b1a git=97aaa84]
2026-07-21 09:50:26,259 - INFO - 📐 GeometryStrategy initialized [score>=50.0, tol=0.2%, RR>=1.8, trendline_break=True]
2026-07-21 09:50:26,269 - INFO - 📋 Registered experiment: Geometry_v1.0_Score50 [geometry@v1.0] hash=431ce308e16d5c85 git=97aaa84
2026-07-21 09:50:26,280 - INFO - 📋 Experiment saved: Geometry_v1.0_Score50 [hash=431ce308e16d5c85 git=97aaa84]
2026-07-21 09:50:26,281 - INFO - 💧 OrderFlowStrategy initialized [sweep>=0.6, imbalance>=0.55]
2026-07-21 09:50:26,291 - INFO - 📋 Registered experiment: OrderFlow_v1.0 [order_flow@v1.0] hash=be581b5e26fdcef5 git=97aaa84
2026-07-21 09:50:26,302 - INFO - 📋 Experiment saved: OrderFlow_v1.0 [hash=be581b5e26fdcef5 git=97aaa84]
2026-07-21 09:50:26,326 - INFO - 🔄 Recovered 1 active real positions: [('NSE:NIFTY50-INDEX', 'Structural_v3.2_RVOL1.0')]
2026-07-21 09:50:26,438 - INFO - 🔄 Recovered 8 active counterfactual positions: ['cand_NSE_NIFTYBANK_INDEX_BREAKOUT_57820.90_20260721_093000_Structural_v3.2_RVOL0.8', 'cand_NSE_NIFTYBANK_INDEX_EMAPULL_58007.30_20260721_093540_EMA_Pullback_20_50_RVOL1.0', 'cand_NSE_NIFTYBANK_INDEX_TRENDLINE_RETEST_58069.45_202607210925_Geometry_v1.0_Score50', 'cand_NSE_NIFTYBANK_INDEX_BREAKOUT_57820.90_20260721_093000_Structural_v3.2_RVOL1.0', 'cand_NSE_NIFTY50_INDEX_EMAPULL_24220.55_20260721_093540_EMA_Pullback_20_50_RVOL1.0', 'cand_NSE_NIFTYBANK_INDEX_TRENDLINE_RETEST_58069.45_202607210925_Geometry_v1.0_Score35', 'cand_NSE_NIFTY50_INDEX_BREAKOUT_24203.60_20260721_094000_Structural_v3.2_RVOL1.0', 'cand_NSE_NIFTY50_INDEX_BREAKOUT_24203.60_20260721_094000_Structural_v3.2_RVOL0.8']
2026-07-21 09:50:26,439 - INFO - 🏛️ Structural Paper Trader Initialized | Active Position Tracking Enabled
2026-07-21 09:50:26,439 - INFO - 📊 EXECUTION AUDIT [SIGNAL_GENERATED]: trade_id=trade_NSE_NIFTY50_INDEX_1784607626, candidate_id=test_cand_123, payload={'symbol': 'NSE:NIFTY50-INDEX', 'signal': 'BUY CALL', 'price': 24200.0, 'stop_loss': 24150.0, 'take_profit': 24300.0, 'strategy': 'CONFLUENCE_BOUNCE', 'confidence': 85.0, 'candidate_id': 'test_cand_123', 'features': {'market_regime': 'BULL_TREND'}}
2026-07-21 09:50:26,449 - INFO - ⚡ Option strike selection resolved index signal to contract NSE:NIFTY2672324200CE @ premium 150.0 (type: CE, strike: 24200.0)
2026-07-21 09:50:26,450 - INFO - 📊 EXECUTION AUDIT [STRIKE_SELECTED]: trade_id=trade_NSE_NIFTY50_INDEX_1784607626, candidate_id=test_cand_123, payload={'symbol': 'NSE:NIFTY2672324200CE', 'strike': 24200.0, 'expiry': '26723', 'type': 'CE'}
2026-07-21 09:50:26,459 - INFO - 📊 EXECUTION AUDIT [PREMIUM_RETRIEVED]: trade_id=trade_NSE_NIFTY50_INDEX_1784607626, candidate_id=test_cand_123, payload={'premium': 150.0, 'bid': 149.0, 'ask': 151.0}
2026-07-21 09:50:26,469 - INFO - 📊 EXECUTION AUDIT [ORDER_SUBMITTED]: trade_id=trade_NSE_NIFTY50_INDEX_1784607626, candidate_id=test_cand_123, payload={'price': 24200.0, 'sl': 24150.0, 'tp': 24300.0}
2026-07-21 09:50:26,479 - INFO - 📊 EXECUTION AUDIT [ORDER_FILLED]: trade_id=trade_NSE_NIFTY50_INDEX_1784607626, candidate_id=test_cand_123, payload={'price': 24200.0, 'sl': 24150.0, 'tp': 24300.0}
2026-07-21 09:50:26,489 - INFO - 💰 Position size [CONFLUENCE_BOUNCE|BULL_TREND|conf=85]: frac=0.006 → ₹5,000 (risk/unit=0.21%)
2026-07-21 09:50:26,510 - INFO - 🟢 ENTRY [Structural_v3.2_RVOL1.0|INDEX_1784607626]: NSE:NIFTY50-INDEX BUY CALL @ 24200.00 | SL: 24150.00 TP: 24300.00
2026-07-21 09:53:47,908 - INFO - --- 09:53:47 Market Pulse ---
2026-07-21 09:53:48,585 - INFO - 📊 EXECUTION AUDIT [CF_SL_MODIFIED]: trade_id=None, candidate_id=cand_NSE_NIFTY50_INDEX_EMAPULL_24220.55_20260721_093540_EMA_Pullback_20_50_RVOL1.0, payload={'price': 24239.35, 'old_sl': 24218.735, 'new_sl': 24232.02625, 'old_tp': None, 'new_tp': 24318.2, 'reason': 'TRAILING_SL'}
2026-07-21 09:53:48,660 - INFO - 🟡 UPDATE (TRAILING_SL) [CFEMA_Pullback_20_50_RVOL1.0|llback_20_50_RVOL1.0]: NSE:NIFTY50-INDEX @ 24239.35 | SL→24232.03 TP→24318.20
2026-07-21 09:53:48,660 - INFO - 📊 EXECUTION AUDIT [CF_EXITED]: trade_id=None, candidate_id=cand_NSE_NIFTY50_INDEX_BREAKOUT_24203.60_20260721_094000_Structural_v3.2_RVOL1.0, payload={'exit_price': 24229.00178571429, 'exit_reason': 'TRAILING_SL', 'pnl_r': -0.10042167593781026, 'duration_minutes': 13.023503133333332, 'bars_held': 2}
2026-07-21 09:53:48,706 - INFO - 🔴 EXIT (TRAILING_SL) [CFStructural_v3.2_RVOL1.0|uctural_v3.2_RVOL1.0]: NSE:NIFTY50-INDEX @ 24229.00 | PnL -0.10R | MFE 0.95R | Capture -11% | 2bars HoldEff -0.050R/bar
2026-07-21 09:53:48,707 - INFO - 📊 EXECUTION AUDIT [CF_EXITED]: trade_id=None, candidate_id=cand_NSE_NIFTY50_INDEX_BREAKOUT_24203.60_20260721_094000_Structural_v3.2_RVOL0.8, payload={'exit_price': 24229.00178571429, 'exit_reason': 'TRAILING_SL', 'pnl_r': -0.10042167593781026, 'duration_minutes': 13.023503133333332, 'bars_held': 2}
2026-07-21 09:53:48,751 - INFO - 🔴 EXIT (TRAILING_SL) [CFStructural_v3.2_RVOL0.8|uctural_v3.2_RVOL0.8]: NSE:NIFTY50-INDEX @ 24229.00 | PnL -0.10R | MFE 0.95R | Capture -11% | 2bars HoldEff -0.050R/bar
2026-07-21 09:53:49,897 - INFO - 👻 [Structural_v3.2_RVOL1.0] CF BREAKOUT NSE:NIFTY50-INDEX BUY PUT | Rejected: ['LOW_RVOL', 'BIAS_MISMATCH', 'LOW_EFFICIENCY', 'TP_CAPPED']
2026-07-21 09:53:49,898 - INFO - 📊 EXECUTION AUDIT [SIGNAL_GENERATED]: trade_id=None, candidate_id=cand_NSE_NIFTY50_INDEX_BREAKOUT_24206.85_20260721_095000_Structural_v3.2_RVOL1.0, payload={'symbol': 'NSE:NIFTY50-INDEX', 'signal': 'BUY PUT', 'strategy': 'BREAKOUT', 'price': 24239.35, 'stop_loss': 24249.96607142857, 'take_profit': 24133.189285714292, 'tp1': 24223.42589285714, 'rr_ratio': 10.0, 'timestamp': '2026-07-21T09:50:00+05:30', 'accepted': False, 'rejection_reasons': ['LOW_RVOL', 'BIAS_MISMATCH', 'LOW_EFFICIENCY', 'TP_CAPPED'], 'features': {'date': '2026-07-21', 'strategy_name': 'Structural_v3', 'strategy_version': 'v3.2', 'feature_version': 'v1.1', 'market_regime': 'RANGE_LOW_VOL', 'day_type': 'RANGE_DAY', 'session_type': 'OPEN', 'daily_bias': 'NEUTRAL', 'hourly_bias': 'NEUTRAL', 'trend_strength': 0.0, 'rvol': 0.5, 'atr': 21.23, 'distance_from_supply': 127.95, 'distance_from_demand': 209.07, 'nearest_supply_strength': 59.2, 'nearest_demand_strength': 52.0, 'distance_to_liquidity_pool': 209.0749999999971, 'liquidity_score': 5.0, 'indicator_snapshot': {'rvol_tod': 0.5, 'is_compressed': True, 'bos_count': 0}, 'move_efficiency': 0.0496, 'wickiness': 0.4042, 'fft_score': 0.0, 'setup_type': 'BREAKOUT', 'candidate_id': 'cand_NSE_NIFTY50_INDEX_BREAKOUT_24206.85_20260721_095000', 'ema20': 24236.06, 'ema50': 24231.01, 'move_efficiency_h1': 0.0616, 'ema_bullish': True, 'rsi14': 53.29, 'distance_to_vwap': 0.0001, 'atr_percentile': 0.7364, 'dist_prev_high': -0.0011, 'dist_prev_low': 0.0043}, 'candidate_id': 'cand_NSE_NIFTY50_INDEX_BREAKOUT_24206.85_20260721_095000_Structural_v3.2_RVOL1.0', 'experiment_name': 'Structural_v3.2_RVOL1.0', 'strategy_id': 'structural', 'version': 'v3.2'}
2026-07-21 09:53:49,966 - WARNING - No quotes data available for ['NSE:NIFTY50-INDEX']
2026-07-21 09:53:50,484 - WARNING - No quotes data available for ['NSE:NIFTY2672124250PE']
2026-07-21 09:53:50,484 - INFO - Resolved index signal into option contract: OptionContract(symbol='NSE:NIFTY2672124250PE', strike=24250.0, expiry='26721', option_type='PE', premium=100.0, delta=0.5, bid=99.0, ask=101.0, volume=100, resolved_at=datetime.datetime(2026, 7, 21, 9, 53, 50, 484615))
2026-07-21 09:53:50,484 - INFO - ⚡ Option strike selection resolved index signal to contract NSE:NIFTY2672124250PE @ premium 100.0 (type: PE, strike: 24250.0)
2026-07-21 09:53:50,484 - INFO - 📊 EXECUTION AUDIT [STRIKE_SELECTED]: trade_id=None, candidate_id=cand_NSE_NIFTY50_INDEX_BREAKOUT_24206.85_20260721_095000_Structural_v3.2_RVOL1.0, payload={'symbol': 'NSE:NIFTY2672124250PE', 'strike': 24250.0, 'expiry': '26721', 'type': 'PE'}
2026-07-21 09:53:50,513 - INFO - 📊 EXECUTION AUDIT [PREMIUM_RETRIEVED]: trade_id=None, candidate_id=cand_NSE_NIFTY50_INDEX_BREAKOUT_24206.85_20260721_095000_Structural_v3.2_RVOL1.0, payload={'premium': 100.0, 'bid': 99.0, 'ask': 101.0}
2026-07-21 09:53:50,532 - INFO - 📊 EXECUTION AUDIT [CF_SUBMITTED]: trade_id=None, candidate_id=cand_NSE_NIFTY50_INDEX_BREAKOUT_24206.85_20260721_095000_Structural_v3.2_RVOL1.0, payload={'price': 24239.35, 'sl': 24249.96607142857, 'tp': 24133.189285714292}
2026-07-21 09:53:50,549 - INFO - 📊 EXECUTION AUDIT [CF_FILLED]: trade_id=None, candidate_id=cand_NSE_NIFTY50_INDEX_BREAKOUT_24206.85_20260721_095000_Structural_v3.2_RVOL1.0, payload={'price': 24239.35, 'sl': 24249.96607142857, 'tp': 24133.189285714292}
2026-07-21 09:53:50,589 - INFO - 🟢 ENTRY [CF|Structural_v3.2_RVOL1.0|uctural_v3.2_RVOL1.0]: NSE:NIFTY50-INDEX BUY PUT @ 24239.35 | SL: 24249.97 TP: 24133.19
2026-07-21 09:53:50,589 - INFO - 👻 [Structural_v3.2_RVOL0.8] CF BREAKOUT NSE:NIFTY50-INDEX BUY PUT | Rejected: ['LOW_RVOL', 'BIAS_MISMATCH', 'LOW_EFFICIENCY', 'TP_CAPPED']
2026-07-21 09:53:50,589 - INFO - 📊 EXECUTION AUDIT [SIGNAL_GENERATED]: trade_id=None, candidate_id=cand_NSE_NIFTY50_INDEX_BREAKOUT_24206.85_20260721_095000_Structural_v3.2_RVOL0.8, payload={'symbol': 'NSE:NIFTY50-INDEX', 'signal': 'BUY PUT', 'strategy': 'BREAKOUT', 'price': 24239.35, 'stop_loss': 24249.96607142857, 'take_profit': 24133.189285714292, 'tp1': 24223.42589285714, 'rr_ratio': 10.0, 'timestamp': '2026-07-21T09:50:00+05:30', 'accepted': False, 'rejection_reasons': ['LOW_RVOL', 'BIAS_MISMATCH', 'LOW_EFFICIENCY', 'TP_CAPPED'], 'features': {'date': '2026-07-21', 'strategy_name': 'Structural_v3', 'strategy_version': 'v3.2', 'feature_version': 'v1.1', 'market_regime': 'RANGE_LOW_VOL', 'day_type': 'RANGE_DAY', 'session_type': 'OPEN', 'daily_bias': 'NEUTRAL', 'hourly_bias': 'NEUTRAL', 'trend_strength': 0.0, 'rvol': 0.5, 'atr': 21.23, 'distance_from_supply': 127.95, 'distance_from_demand': 209.07, 'nearest_supply_strength': 59.2, 'nearest_demand_strength': 52.0, 'distance_to_liquidity_pool': 209.0749999999971, 'liquidity_score': 5.0, 'indicator_snapshot': {'rvol_tod': 0.5, 'is_compressed': True, 'bos_count': 0}, 'move_efficiency': 0.0496, 'wickiness': 0.4042, 'fft_score': 0.0, 'setup_type': 'BREAKOUT', 'candidate_id': 'cand_NSE_NIFTY50_INDEX_BREAKOUT_24206.85_20260721_095000', 'ema20': 24236.06, 'ema50': 24231.01, 'move_efficiency_h1': 0.0616, 'ema_bullish': True, 'rsi14': 53.29, 'distance_to_vwap': 0.0001, 'atr_percentile': 0.7364, 'dist_prev_high': -0.0011, 'dist_prev_low': 0.0043}, 'candidate_id': 'cand_NSE_NIFTY50_INDEX_BREAKOUT_24206.85_20260721_095000_Structural_v3.2_RVOL0.8', 'experiment_name': 'Structural_v3.2_RVOL0.8', 'strategy_id': 'structural', 'version': 'v3.2'}
2026-07-21 09:53:50,992 - WARNING - No quotes data available for ['NSE:NIFTY50-INDEX']
2026-07-21 09:53:51,492 - WARNING - No quotes data available for ['NSE:NIFTY2672124250PE']
2026-07-21 09:53:51,492 - INFO - Resolved index signal into option contract: OptionContract(symbol='NSE:NIFTY2672124250PE', strike=24250.0, expiry='26721', option_type='PE', premium=100.0, delta=0.5, bid=99.0, ask=101.0, volume=100, resolved_at=datetime.datetime(2026, 7, 21, 9, 53, 51, 492736))
2026-07-21 09:53:51,493 - INFO - ⚡ Option strike selection resolved index signal to contract NSE:NIFTY2672124250PE @ premium 100.0 (type: PE, strike: 24250.0)
2026-07-21 09:53:51,493 - INFO - 📊 EXECUTION AUDIT [STRIKE_SELECTED]: trade_id=None, candidate_id=cand_NSE_NIFTY50_INDEX_BREAKOUT_24206.85_20260721_095000_Structural_v3.2_RVOL0.8, payload={'symbol': 'NSE:NIFTY2672124250PE', 'strike': 24250.0, 'expiry': '26721', 'type': 'PE'}
2026-07-21 09:53:51,522 - INFO - 📊 EXECUTION AUDIT [PREMIUM_RETRIEVED]: trade_id=None, candidate_id=cand_NSE_NIFTY50_INDEX_BREAKOUT_24206.85_20260721_095000_Structural_v3.2_RVOL0.8, payload={'premium': 100.0, 'bid': 99.0, 'ask': 101.0}
2026-07-21 09:53:51,543 - INFO - 📊 EXECUTION AUDIT [CF_SUBMITTED]: trade_id=None, candidate_id=cand_NSE_NIFTY50_INDEX_BREAKOUT_24206.85_20260721_095000_Structural_v3.2_RVOL0.8, payload={'price': 24239.35, 'sl': 24249.96607142857, 'tp': 24133.189285714292}
2026-07-21 09:53:51,558 - INFO - 📊 EXECUTION AUDIT [CF_FILLED]: trade_id=None, candidate_id=cand_NSE_NIFTY50_INDEX_BREAKOUT_24206.85_20260721_095000_Structural_v3.2_RVOL0.8, payload={'price': 24239.35, 'sl': 24249.96607142857, 'tp': 24133.189285714292}
2026-07-21 09:53:51,595 - INFO - 🟢 ENTRY [CF|Structural_v3.2_RVOL0.8|uctural_v3.2_RVOL0.8]: NSE:NIFTY50-INDEX BUY PUT @ 24239.35 | SL: 24249.97 TP: 24133.19
2026-07-21 09:58:53,326 - INFO - --- 09:58:53 Market Pulse ---
2026-07-21 09:58:53,970 - INFO - 📊 EXECUTION AUDIT [CF_SL_MODIFIED]: trade_id=None, candidate_id=cand_NSE_NIFTYBANK_INDEX_TRENDLINE_RETEST_58069.45_202607210925_Geometry_v1.0_Score35, payload={'price': 57977.2, 'old_sl': 58021.03, 'new_sl': 58005.384999999995, 'old_tp': None, 'new_tp': 57956.70999999999, 'reason': 'TRAILING_SL'}
2026-07-21 09:58:54,044 - INFO - 🟡 UPDATE (TRAILING_SL) [CFGeometry_v1.0_Score35|eometry_v1.0_Score35]: NSE:NIFTYBANK-INDEX @ 57977.20 | SL→58005.38 TP→57956.71
2026-07-21 09:58:54,044 - INFO - 📊 EXECUTION AUDIT [CF_SL_MODIFIED]: trade_id=None, candidate_id=cand_NSE_NIFTYBANK_INDEX_TRENDLINE_RETEST_58069.45_202607210925_Geometry_v1.0_Score50, payload={'price': 57977.2, 'old_sl': 58021.03, 'new_sl': 58005.384999999995, 'old_tp': None, 'new_tp': 57956.70999999999, 'reason': 'TRAILING_SL'}
2026-07-21 09:58:54,085 - INFO - 🟡 UPDATE (TRAILING_SL) [CFGeometry_v1.0_Score50|eometry_v1.0_Score50]: NSE:NIFTYBANK-INDEX @ 57977.20 | SL→58005.38 TP→57956.71
2026-07-21 09:58:54,086 - INFO - 📊 EXECUTION AUDIT [CF_SL_MODIFIED]: trade_id=None, candidate_id=cand_NSE_NIFTYBANK_INDEX_BREAKOUT_57820.90_20260721_093000_Structural_v3.2_RVOL1.0, payload={'price': 57977.2, 'old_sl': 58010.83705357143, 'new_sl': 58004.58705357143, 'old_tp': None, 'new_tp': 57691.789285714294, 'reason': 'TRAILING_SL'}
2026-07-21 09:58:54,123 - INFO - 🟡 UPDATE (TRAILING_SL) [CFStructural_v3.2_RVOL1.0|uctural_v3.2_RVOL1.0]: NSE:NIFTYBANK-INDEX @ 57977.20 | SL→58004.59 TP→57691.79
2026-07-21 09:58:54,124 - INFO - 📊 EXECUTION AUDIT [CF_SL_MODIFIED]: trade_id=None, candidate_id=cand_NSE_NIFTYBANK_INDEX_BREAKOUT_57820.90_20260721_093000_Structural_v3.2_RVOL0.8, payload={'price': 57977.2, 'old_sl': 58010.83705357143, 'new_sl': 58004.58705357143, 'old_tp': None, 'new_tp': 57691.789285714294, 'reason': 'TRAILING_SL'}
2026-07-21 09:58:54,159 - INFO - 🟡 UPDATE (TRAILING_SL) [CFStructural_v3.2_RVOL0.8|uctural_v3.2_RVOL0.8]: NSE:NIFTYBANK-INDEX @ 57977.20 | SL→58004.59 TP→57691.79
2026-07-21 09:58:54,160 - INFO - 📊 EXECUTION AUDIT [CF_EXITED]: trade_id=None, candidate_id=cand_NSE_NIFTY50_INDEX_EMAPULL_24220.55_20260721_093540_EMA_Pullback_20_50_RVOL1.0, payload={'exit_price': 24232.02625, 'exit_reason': 'TRAILING_SL', 'pnl_r': 1.1252432155658365, 'duration_minutes': 23.21879125, 'bars_held': 4}
2026-07-21 09:58:54,198 - INFO - 🔴 EXIT (TRAILING_SL) [CFEMA_Pullback_20_50_RVOL1.0|llback_20_50_RVOL1.0]: NSE:NIFTY50-INDEX @ 24232.03 | PnL +1.13R | MFE 1.93R | Capture 58% | 4bars HoldEff +0.281R/bar
2026-07-21 09:58:54,198 - INFO - 📊 EXECUTION AUDIT [CF_SL_MODIFIED]: trade_id=None, candidate_id=cand_NSE_NIFTY50_INDEX_BREAKOUT_24206.85_20260721_095000_Structural_v3.2_RVOL1.0, payload={'price': 24226.9, 'old_sl': 24249.96607142857, 'new_sl': 24237.516071428574, 'old_tp': None, 'new_tp': 24133.189285714292, 'reason': 'TRAILING_SL'}
2026-07-21 09:58:54,234 - INFO - 🟡 UPDATE (TRAILING_SL) [CFStructural_v3.2_RVOL1.0|uctural_v3.2_RVOL1.0]: NSE:NIFTY50-INDEX @ 24226.90 | SL→24237.52 TP→24133.19
2026-07-21 09:58:54,234 - INFO - 📊 EXECUTION AUDIT [CF_SL_MODIFIED]: trade_id=None, candidate_id=cand_NSE_NIFTY50_INDEX_BREAKOUT_24206.85_20260721_095000_Structural_v3.2_RVOL0.8, payload={'price': 24226.9, 'old_sl': 24249.96607142857, 'new_sl': 24237.516071428574, 'old_tp': None, 'new_tp': 24133.189285714292, 'reason': 'TRAILING_SL'}
2026-07-21 09:58:54,272 - INFO - 🟡 UPDATE (TRAILING_SL) [CFStructural_v3.2_RVOL0.8|uctural_v3.2_RVOL0.8]: NSE:NIFTY50-INDEX @ 24226.90 | SL→24237.52 TP→24133.19
2026-07-21 09:58:55,439 - INFO - 👻 [EMA_Pullback_20_50_RVOL1.0] CF PULLBACK NSE:NIFTY50-INDEX BUY CALL | Rejected: ['LOW_RVOL', 'LOW_EFFICIENCY', 'TP_CAPPED']
2026-07-21 09:58:55,440 - INFO - 📊 EXECUTION AUDIT [SIGNAL_GENERATED]: trade_id=None, candidate_id=cand_NSE_NIFTY50_INDEX_EMAPULL_24226.90_20260721_095853_EMA_Pullback_20_50_RVOL1.0, payload={'symbol': 'NSE:NIFTY50-INDEX', 'signal': 'BUY CALL', 'strategy': 'PULLBACK', 'price': 24226.9, 'stop_loss': 24216.550000000003, 'take_profit': 24330.4, 'tp1': 24242.425000000003, 'rr_ratio': 10.0, 'timestamp': '2026-07-21T09:58:53.325829+05:30', 'accepted': False, 'rejection_reasons': ['LOW_RVOL', 'LOW_EFFICIENCY', 'TP_CAPPED'], 'features': {'atr': 20.7, 'ema20': 24234.43, 'ema50': 24230.52, 'move_efficiency': 0.1186, 'move_efficiency_h1': 0.1528, 'wickiness': 0.5535, 'ema_bullish': True, 'rsi14': 47.35, 'distance_to_vwap': -0.0004, 'atr_percentile': 0.7104, 'dist_prev_high': -0.0016, 'dist_prev_low': 0.0038}, 'candidate_id': 'cand_NSE_NIFTY50_INDEX_EMAPULL_24226.90_20260721_095853_EMA_Pullback_20_50_RVOL1.0', 'confidence': 0.5, 'diagnostics': {'ema_distance': -0.00031, 'ema20': 24234.43, 'ema50': 24230.52, 'move_efficiency': 0.119, 'rvol': 0.58, 'atr': 20.7, 'atr_percentile': 0.71, 'distance_to_vwap': -0.0004}, 'experiment_name': 'EMA_Pullback_20_50_RVOL1.0', 'strategy_id': 'ema_pullback', 'version': 'v1.0'}
2026-07-21 09:58:55,512 - WARNING - No quotes data available for ['NSE:NIFTY50-INDEX']
2026-07-21 09:58:56,030 - WARNING - No quotes data available for ['NSE:NIFTY2672124250CE']
2026-07-21 09:58:56,030 - INFO - Resolved index signal into option contract: OptionContract(symbol='NSE:NIFTY2672124250CE', strike=24250.0, expiry='26721', option_type='CE', premium=100.0, delta=0.5, bid=99.0, ask=101.0, volume=100, resolved_at=datetime.datetime(2026, 7, 21, 9, 58, 56, 30844))
2026-07-21 09:58:56,030 - INFO - ⚡ Option strike selection resolved index signal to contract NSE:NIFTY2672124250CE @ premium 100.0 (type: CE, strike: 24250.0)
2026-07-21 09:58:56,031 - INFO - 📊 EXECUTION AUDIT [STRIKE_SELECTED]: trade_id=None, candidate_id=cand_NSE_NIFTY50_INDEX_EMAPULL_24226.90_20260721_095853_EMA_Pullback_20_50_RVOL1.0, payload={'symbol': 'NSE:NIFTY2672124250CE', 'strike': 24250.0, 'expiry': '26721', 'type': 'CE'}
2026-07-21 09:58:56,062 - INFO - 📊 EXECUTION AUDIT [PREMIUM_RETRIEVED]: trade_id=None, candidate_id=cand_NSE_NIFTY50_INDEX_EMAPULL_24226.90_20260721_095853_EMA_Pullback_20_50_RVOL1.0, payload={'premium': 100.0, 'bid': 99.0, 'ask': 101.0}
2026-07-21 09:58:56,083 - INFO - 📊 EXECUTION AUDIT [CF_SUBMITTED]: trade_id=None, candidate_id=cand_NSE_NIFTY50_INDEX_EMAPULL_24226.90_20260721_095853_EMA_Pullback_20_50_RVOL1.0, payload={'price': 24226.9, 'sl': 24216.550000000003, 'tp': 24330.4}
2026-07-21 09:58:56,101 - INFO - 📊 EXECUTION AUDIT [CF_FILLED]: trade_id=None, candidate_id=cand_NSE_NIFTY50_INDEX_EMAPULL_24226.90_20260721_095853_EMA_Pullback_20_50_RVOL1.0, payload={'price': 24226.9, 'sl': 24216.550000000003, 'tp': 24330.4}
2026-07-21 09:58:56,143 - INFO - 🟢 ENTRY [CF|EMA_Pullback_20_50_RVOL1.0|llback_20_50_RVOL1.0]: NSE:NIFTY50-INDEX BUY CALL @ 24226.90 | SL: 24216.55 TP: 24330.40
2026-07-21 09:58:56,143 - INFO - 👻 [Geometry_v1.0_Score35] CF TRENDLINE_RETEST NSE:NIFTY50-INDEX BUY PUT | Rejected: ['LOW_RR:-0.04']
2026-07-21 09:58:56,143 - INFO - 📊 EXECUTION AUDIT [SIGNAL_GENERATED]: trade_id=None, candidate_id=cand_NSE_NIFTY50_INDEX_TRENDLINE_RETEST_24226.90_202607210958_Geometry_v1.0_Score35, payload={'symbol': 'NSE:NIFTY50-INDEX', 'candidate_id': 'cand_NSE_NIFTY50_INDEX_TRENDLINE_RETEST_24226.90_202607210958_Geometry_v1.0_Score35', 'experiment_name': 'Geometry_v1.0_Score35', 'strategy_id': 'geometry', 'version': 'v1.0', 'signal': 'BUY PUT', 'strategy': 'TRENDLINE_RETEST', 'price': 24226.9, 'stop_loss': 24239.01, 'take_profit': 24227.41, 'tp1': 24208.74, 'rr_ratio': -0.04, 'timestamp': '2026-07-21T09:58:53.325829+05:30', 'zone_band_low': None, 'zone_band_high': None, 'zone_direction': None, 'zone_component_count': 0, 'accepted': False, 'rejection_reasons': ['LOW_RR:-0.04'], 'stop_loss_distance': 12.1, 'atr': 20.7, 'confidence': 0.773, 'diagnostics': {'trendline_id': 'tl_3b4f7c515db49a18', 'trendline_confidence': 0.776, 'trendline_r2': 0.975, 'trendline_touches': 26, 'trendline_price_at_now': 24214.08, 'dist_pct': 0.00053, 'narrative_bias': 'CONTINUATION', 'bias_confidence': 0.767}, 'features': {}}
2026-07-21 09:58:56,540 - WARNING - No quotes data available for ['NSE:NIFTY50-INDEX']
2026-07-21 09:58:57,040 - WARNING - No quotes data available for ['NSE:NIFTY2672124250PE']
2026-07-21 09:58:57,040 - INFO - Resolved index signal into option contract: OptionContract(symbol='NSE:NIFTY2672124250PE', strike=24250.0, expiry='26721', option_type='PE', premium=100.0, delta=0.5, bid=99.0, ask=101.0, volume=100, resolved_at=datetime.datetime(2026, 7, 21, 9, 58, 57, 40799))
2026-07-21 09:58:57,040 - INFO - ⚡ Option strike selection resolved index signal to contract NSE:NIFTY2672124250PE @ premium 100.0 (type: PE, strike: 24250.0)
2026-07-21 09:58:57,041 - INFO - 📊 EXECUTION AUDIT [STRIKE_SELECTED]: trade_id=None, candidate_id=cand_NSE_NIFTY50_INDEX_TRENDLINE_RETEST_24226.90_202607210958_Geometry_v1.0_Score35, payload={'symbol': 'NSE:NIFTY2672124250PE', 'strike': 24250.0, 'expiry': '26721', 'type': 'PE'}
2026-07-21 09:58:57,071 - INFO - 📊 EXECUTION AUDIT [PREMIUM_RETRIEVED]: trade_id=None, candidate_id=cand_NSE_NIFTY50_INDEX_TRENDLINE_RETEST_24226.90_202607210958_Geometry_v1.0_Score35, payload={'premium': 100.0, 'bid': 99.0, 'ask': 101.0}
2026-07-21 09:58:57,090 - INFO - 📊 EXECUTION AUDIT [CF_SUBMITTED]: trade_id=None, candidate_id=cand_NSE_NIFTY50_INDEX_TRENDLINE_RETEST_24226.90_202607210958_Geometry_v1.0_Score35, payload={'price': 24226.9, 'sl': 24239.01, 'tp': 24227.41}
2026-07-21 09:58:57,106 - INFO - 📊 EXECUTION AUDIT [CF_FILLED]: trade_id=None, candidate_id=cand_NSE_NIFTY50_INDEX_TRENDLINE_RETEST_24226.90_202607210958_Geometry_v1.0_Score35, payload={'price': 24226.9, 'sl': 24239.01, 'tp': 24227.41}
2026-07-21 09:58:57,149 - INFO - 🟢 ENTRY [CF|Geometry_v1.0_Score35|eometry_v1.0_Score35]: NSE:NIFTY50-INDEX BUY PUT @ 24226.90 | SL: 24239.01 TP: 24227.41
2026-07-21 09:58:57,150 - INFO - 👻 [Geometry_v1.0_Score50] CF TRENDLINE_RETEST NSE:NIFTY50-INDEX BUY PUT | Rejected: ['LOW_RR:-0.04']
2026-07-21 09:58:57,150 - INFO - 📊 EXECUTION AUDIT [SIGNAL_GENERATED]: trade_id=None, candidate_id=cand_NSE_NIFTY50_INDEX_TRENDLINE_RETEST_24226.90_202607210958_Geometry_v1.0_Score50, payload={'symbol': 'NSE:NIFTY50-INDEX', 'candidate_id': 'cand_NSE_NIFTY50_INDEX_TRENDLINE_RETEST_24226.90_202607210958_Geometry_v1.0_Score50', 'experiment_name': 'Geometry_v1.0_Score50', 'strategy_id': 'geometry', 'version': 'v1.0', 'signal': 'BUY PUT', 'strategy': 'TRENDLINE_RETEST', 'price': 24226.9, 'stop_loss': 24239.01, 'take_profit': 24227.41, 'tp1': 24208.74, 'rr_ratio': -0.04, 'timestamp': '2026-07-21T09:58:53.325829+05:30', 'zone_band_low': None, 'zone_band_high': None, 'zone_direction': None, 'zone_component_count': 0, 'accepted': False, 'rejection_reasons': ['LOW_RR:-0.04'], 'stop_loss_distance': 12.1, 'atr': 20.7, 'confidence': 0.773, 'diagnostics': {'trendline_id': 'tl_3b4f7c515db49a18', 'trendline_confidence': 0.776, 'trendline_r2': 0.975, 'trendline_touches': 26, 'trendline_price_at_now': 24214.08, 'dist_pct': 0.00053, 'narrative_bias': 'CONTINUATION', 'bias_confidence': 0.767}, 'features': {}}
2026-07-21 09:58:57,556 - WARNING - No quotes data available for ['NSE:NIFTY50-INDEX']
2026-07-21 09:58:58,053 - WARNING - No quotes data available for ['NSE:NIFTY2672124250PE']
2026-07-21 09:58:58,053 - INFO - Resolved index signal into option contract: OptionContract(symbol='NSE:NIFTY2672124250PE', strike=24250.0, expiry='26721', option_type='PE', premium=100.0, delta=0.5, bid=99.0, ask=101.0, volume=100, resolved_at=datetime.datetime(2026, 7, 21, 9, 58, 58, 53710))
2026-07-21 09:58:58,053 - INFO - ⚡ Option strike selection resolved index signal to contract NSE:NIFTY2672124250PE @ premium 100.0 (type: PE, strike: 24250.0)
2026-07-21 09:58:58,053 - INFO - 📊 EXECUTION AUDIT [STRIKE_SELECTED]: trade_id=None, candidate_id=cand_NSE_NIFTY50_INDEX_TRENDLINE_RETEST_24226.90_202607210958_Geometry_v1.0_Score50, payload={'symbol': 'NSE:NIFTY2672124250PE', 'strike': 24250.0, 'expiry': '26721', 'type': 'PE'}
2026-07-21 09:58:58,087 - INFO - 📊 EXECUTION AUDIT [PREMIUM_RETRIEVED]: trade_id=None, candidate_id=cand_NSE_NIFTY50_INDEX_TRENDLINE_RETEST_24226.90_202607210958_Geometry_v1.0_Score50, payload={'premium': 100.0, 'bid': 99.0, 'ask': 101.0}
2026-07-21 09:58:58,109 - INFO - 📊 EXECUTION AUDIT [CF_SUBMITTED]: trade_id=None, candidate_id=cand_NSE_NIFTY50_INDEX_TRENDLINE_RETEST_24226.90_202607210958_Geometry_v1.0_Score50, payload={'price': 24226.9, 'sl': 24239.01, 'tp': 24227.41}
2026-07-21 09:58:58,126 - INFO - 📊 EXECUTION AUDIT [CF_FILLED]: trade_id=None, candidate_id=cand_NSE_NIFTY50_INDEX_TRENDLINE_RETEST_24226.90_202607210958_Geometry_v1.0_Score50, payload={'price': 24226.9, 'sl': 24239.01, 'tp': 24227.41}
2026-07-21 09:58:58,166 - INFO - 🟢 ENTRY [CF|Geometry_v1.0_Score50|eometry_v1.0_Score50]: NSE:NIFTY50-INDEX BUY PUT @ 24226.90 | SL: 24239.01 TP: 24227.41
2026-07-21 10:18:21,997 - INFO - --- 10:18:21 Market Pulse ---
2026-07-21 10:18:23,094 - INFO - 📊 EXECUTION AUDIT [CF_TP_EXPANDED]: trade_id=None, candidate_id=cand_NSE_NIFTYBANK_INDEX_TRENDLINE_RETEST_58069.45_202607210925_Geometry_v1.0_Score35, payload={'price': 57949.0, 'old_sl': 58005.384999999995, 'new_sl': 57986.58, 'old_tp': 57956.70999999999, 'new_tp': 57919.12999999999, 'reason': 'TP_EXPANSION'}
2026-07-21 10:18:23,150 - INFO - 🟡 UPDATE (TP_EXPANSION) [CFGeometry_v1.0_Score35|eometry_v1.0_Score35]: NSE:NIFTYBANK-INDEX @ 57949.00 | SL→57986.58 TP→57919.13
2026-07-21 10:18:23,150 - INFO - 📊 EXECUTION AUDIT [CF_TP_EXPANDED]: trade_id=None, candidate_id=cand_NSE_NIFTYBANK_INDEX_TRENDLINE_RETEST_58069.45_202607210925_Geometry_v1.0_Score50, payload={'price': 57949.0, 'old_sl': 58005.384999999995, 'new_sl': 57986.58, 'old_tp': 57956.70999999999, 'new_tp': 57919.12999999999, 'reason': 'TP_EXPANSION'}
2026-07-21 10:18:23,198 - INFO - 🟡 UPDATE (TP_EXPANSION) [CFGeometry_v1.0_Score50|eometry_v1.0_Score50]: NSE:NIFTYBANK-INDEX @ 57949.00 | SL→57986.58 TP→57919.13
2026-07-21 10:18:23,198 - INFO - 📊 EXECUTION AUDIT [CF_SL_MODIFIED]: trade_id=None, candidate_id=cand_NSE_NIFTYBANK_INDEX_BREAKOUT_57820.90_20260721_093000_Structural_v3.2_RVOL1.0, payload={'price': 57949.0, 'old_sl': 58004.58705357143, 'new_sl': 57976.38705357143, 'old_tp': None, 'new_tp': 57691.789285714294, 'reason': 'TRAILING_SL'}
2026-07-21 10:18:23,239 - INFO - 🟡 UPDATE (TRAILING_SL) [CFStructural_v3.2_RVOL1.0|uctural_v3.2_RVOL1.0]: NSE:NIFTYBANK-INDEX @ 57949.00 | SL→57976.39 TP→57691.79
2026-07-21 10:18:23,240 - INFO - 📊 EXECUTION AUDIT [CF_SL_MODIFIED]: trade_id=None, candidate_id=cand_NSE_NIFTYBANK_INDEX_BREAKOUT_57820.90_20260721_093000_Structural_v3.2_RVOL0.8, payload={'price': 57949.0, 'old_sl': 58004.58705357143, 'new_sl': 57976.38705357143, 'old_tp': None, 'new_tp': 57691.789285714294, 'reason': 'TRAILING_SL'}
2026-07-21 10:18:23,285 - INFO - 🟡 UPDATE (TRAILING_SL) [CFStructural_v3.2_RVOL0.8|uctural_v3.2_RVOL0.8]: NSE:NIFTYBANK-INDEX @ 57949.00 | SL→57976.39 TP→57691.79
2026-07-21 10:18:23,286 - INFO - 📊 EXECUTION AUDIT [CF_SL_MODIFIED]: trade_id=None, candidate_id=cand_NSE_NIFTY50_INDEX_BREAKOUT_24206.85_20260721_095000_Structural_v3.2_RVOL1.0, payload={'price': 24203.25, 'old_sl': 24237.516071428574, 'new_sl': 24211.212053571428, 'old_tp': None, 'new_tp': 24133.189285714292, 'reason': 'TRAILING_SL'}
2026-07-21 10:18:23,321 - INFO - 🟡 UPDATE (TRAILING_SL) [CFStructural_v3.2_RVOL1.0|uctural_v3.2_RVOL1.0]: NSE:NIFTY50-INDEX @ 24203.25 | SL→24211.21 TP→24133.19
2026-07-21 10:18:23,321 - INFO - 📊 EXECUTION AUDIT [CF_SL_MODIFIED]: trade_id=None, candidate_id=cand_NSE_NIFTY50_INDEX_BREAKOUT_24206.85_20260721_095000_Structural_v3.2_RVOL0.8, payload={'price': 24203.25, 'old_sl': 24237.516071428574, 'new_sl': 24211.212053571428, 'old_tp': None, 'new_tp': 24133.189285714292, 'reason': 'TRAILING_SL'}
2026-07-21 10:18:23,356 - INFO - 🟡 UPDATE (TRAILING_SL) [CFStructural_v3.2_RVOL0.8|uctural_v3.2_RVOL0.8]: NSE:NIFTY50-INDEX @ 24203.25 | SL→24211.21 TP→24133.19
2026-07-21 10:18:23,356 - INFO - 📊 EXECUTION AUDIT [CF_EXITED]: trade_id=None, candidate_id=cand_NSE_NIFTY50_INDEX_EMAPULL_24226.90_20260721_095853_EMA_Pullback_20_50_RVOL1.0, payload={'exit_price': 24216.550000000003, 'exit_reason': 'INITIAL_SL', 'pnl_r': -1.05, 'duration_minutes': 19.47786393333333, 'bars_held': 1}
2026-07-21 10:18:23,388 - INFO - 🔴 EXIT (INITIAL_SL) [CFEMA_Pullback_20_50_RVOL1.0|llback_20_50_RVOL1.0]: NSE:NIFTY50-INDEX @ 24216.55 | PnL -1.05R | MFE 0.00R | Capture N/A | 1bars HoldEff -1.050R/bar
2026-07-21 10:18:23,388 - INFO - 📊 EXECUTION AUDIT [CF_TP_EXPANDED]: trade_id=None, candidate_id=cand_NSE_NIFTY50_INDEX_TRENDLINE_RETEST_24226.90_202607210958_Geometry_v1.0_Score35, payload={'price': 24203.25, 'old_sl': 24239.01, 'new_sl': 24215.359999999997, 'old_tp': 24227.41, 'new_tp': 24215.300000000003, 'reason': 'TP_EXPANSION'}
2026-07-21 10:18:23,418 - INFO - 🟡 UPDATE (TP_EXPANSION) [CFGeometry_v1.0_Score35|eometry_v1.0_Score35]: NSE:NIFTY50-INDEX @ 24203.25 | SL→24215.36 TP→24215.30
2026-07-21 10:18:23,419 - INFO - 📊 EXECUTION AUDIT [CF_TP_EXPANDED]: trade_id=None, candidate_id=cand_NSE_NIFTY50_INDEX_TRENDLINE_RETEST_24226.90_202607210958_Geometry_v1.0_Score50, payload={'price': 24203.25, 'old_sl': 24239.01, 'new_sl': 24215.359999999997, 'old_tp': 24227.41, 'new_tp': 24215.300000000003, 'reason': 'TP_EXPANSION'}
2026-07-21 10:18:23,449 - INFO - 🟡 UPDATE (TP_EXPANSION) [CFGeometry_v1.0_Score50|eometry_v1.0_Score50]: NSE:NIFTY50-INDEX @ 24203.25 | SL→24215.36 TP→24215.30
2026-07-21 10:18:24,715 - INFO - ⚡ [Structural_v3.2_RVOL1.0] warnings: ['VERY_LOW_RVOL:0.47']
2026-07-21 10:18:24,728 - INFO - ⚡ [Structural_v3.2_RVOL0.8] warnings: ['VERY_LOW_RVOL:0.47']
2026-07-21 10:18:24,731 - INFO - ⚡ [Structural_v3.2_RVOL1.0] warnings: ['VERY_LOW_RVOL:0.47']
2026-07-21 10:18:24,731 - INFO - ⚡ [Structural_v3.2_RVOL0.8] warnings: ['VERY_LOW_RVOL:0.47']
2026-07-21 10:18:24,731 - INFO - 👻 [ORB_15m_RVOL1.2] CF ORB_15M NSE:NIFTY50-INDEX BUY PUT | Rejected: ['LOW_RVOL', 'LOW_EFFICIENCY', 'TP_CAPPED']
2026-07-21 10:18:24,731 - INFO - 📊 EXECUTION AUDIT [SIGNAL_GENERATED]: trade_id=None, candidate_id=cand_NSE_NIFTY50_INDEX_ORB_15M_24203.25_20260721_101821_ORB_15m_RVOL1.2, payload={'symbol': 'NSE:NIFTY50-INDEX', 'signal': 'BUY PUT', 'strategy': 'ORB_15M', 'price': 24203.25, 'stop_loss': 24214.12, 'take_profit': 24094.55, 'tp1': 24186.945, 'rr_ratio': 10.0, 'timestamp': '2026-07-21T10:18:21.997665+05:30', 'accepted': False, 'rejection_reasons': ['LOW_RVOL', 'LOW_EFFICIENCY', 'TP_CAPPED'], 'features': {'atr': 21.74, 'ema20': 24228.09, 'ema50': 24228.34, 'move_efficiency': 0.3029, 'move_efficiency_h1': 0.1417, 'wickiness': 0.3155, 'ema_bullish': False, 'rsi14': 35.87, 'distance_to_vwap': -0.0012, 'atr_percentile': 0.7511, 'dist_prev_high': -0.0026, 'dist_prev_low': 0.0028}, 'candidate_id': 'cand_NSE_NIFTY50_INDEX_ORB_15M_24203.25_20260721_101821_ORB_15m_RVOL1.2', 'confidence': 0.5, 'diagnostics': {'orb_high': 24262.2, 'orb_low': 24206.85, 'orb_minutes': 15, 'rvol': 0.47, 'atr': 21.74, 'atr_percentile': 0.751, 'move_efficiency': 0.303}, 'experiment_name': 'ORB_15m_RVOL1.2', 'strategy_id': 'orb', 'version': 'v1.0'}
2026-07-21 10:18:26,378 - INFO - Retrieved live premium from Fyers API: LTP=39.9 for NSE:NIFTY2672124200PE
2026-07-21 10:18:26,378 - INFO - Resolved index signal into option contract: OptionContract(symbol='NSE:NIFTY2672124200PE', strike=24200.0, expiry='26721', option_type='PE', premium=39.9, delta=0.5, bid=39.85, ask=40.0, volume=362451635, resolved_at=datetime.datetime(2026, 7, 21, 10, 18, 26, 378440))
2026-07-21 10:18:26,378 - INFO - ⚡ Option strike selection resolved index signal to contract NSE:NIFTY2672124200PE @ premium 39.9 (type: PE, strike: 24200.0)
2026-07-21 10:18:26,378 - INFO - 📊 EXECUTION AUDIT [STRIKE_SELECTED]: trade_id=None, candidate_id=cand_NSE_NIFTY50_INDEX_ORB_15M_24203.25_20260721_101821_ORB_15m_RVOL1.2, payload={'symbol': 'NSE:NIFTY2672124200PE', 'strike': 24200.0, 'expiry': '26721', 'type': 'PE'}
2026-07-21 10:18:26,406 - INFO - 📊 EXECUTION AUDIT [PREMIUM_RETRIEVED]: trade_id=None, candidate_id=cand_NSE_NIFTY50_INDEX_ORB_15M_24203.25_20260721_101821_ORB_15m_RVOL1.2, payload={'premium': 39.9, 'bid': 39.85, 'ask': 40.0}
2026-07-21 10:18:26,426 - INFO - 📊 EXECUTION AUDIT [CF_SUBMITTED]: trade_id=None, candidate_id=cand_NSE_NIFTY50_INDEX_ORB_15M_24203.25_20260721_101821_ORB_15m_RVOL1.2, payload={'price': 24203.25, 'sl': 24214.12, 'tp': 24094.55}
2026-07-21 10:18:26,443 - INFO - 📊 EXECUTION AUDIT [CF_FILLED]: trade_id=None, candidate_id=cand_NSE_NIFTY50_INDEX_ORB_15M_24203.25_20260721_101821_ORB_15m_RVOL1.2, payload={'price': 24203.25, 'sl': 24214.12, 'tp': 24094.55}
2026-07-21 10:18:26,482 - INFO - 🟢 ENTRY [CF|ORB_15m_RVOL1.2|1821_ORB_15m_RVOL1.2]: NSE:NIFTY50-INDEX BUY PUT @ 24203.25 | SL: 24214.12 TP: 24094.55
2026-07-21 10:18:26,482 - INFO - 👻 [ORB_30m_RVOL1.2] CF ORB_30M NSE:NIFTY50-INDEX BUY PUT | Rejected: ['LOW_RVOL', 'LOW_EFFICIENCY', 'TP_CAPPED']
2026-07-21 10:18:26,482 - INFO - 📊 EXECUTION AUDIT [SIGNAL_GENERATED]: trade_id=None, candidate_id=cand_NSE_NIFTY50_INDEX_ORB_30M_24203.25_20260721_101821_ORB_30m_RVOL1.2, payload={'symbol': 'NSE:NIFTY50-INDEX', 'signal': 'BUY PUT', 'strategy': 'ORB_30M', 'price': 24203.25, 'stop_loss': 24214.12, 'take_profit': 24094.55, 'tp1': 24186.945, 'rr_ratio': 10.0, 'timestamp': '2026-07-21T10:18:21.997665+05:30', 'accepted': False, 'rejection_reasons': ['LOW_RVOL', 'LOW_EFFICIENCY', 'TP_CAPPED'], 'features': {'atr': 21.74, 'ema20': 24228.09, 'ema50': 24228.34, 'move_efficiency': 0.3029, 'move_efficiency_h1': 0.1417, 'wickiness': 0.3155, 'ema_bullish': False, 'rsi14': 35.87, 'distance_to_vwap': -0.0012, 'atr_percentile': 0.7511, 'dist_prev_high': -0.0026, 'dist_prev_low': 0.0028}, 'candidate_id': 'cand_NSE_NIFTY50_INDEX_ORB_30M_24203.25_20260721_101821_ORB_30m_RVOL1.2', 'confidence': 0.5, 'diagnostics': {'orb_high': 24262.2, 'orb_low': 24206.85, 'orb_minutes': 30, 'rvol': 0.47, 'atr': 21.74, 'atr_percentile': 0.751, 'move_efficiency': 0.303}, 'experiment_name': 'ORB_30m_RVOL1.2', 'strategy_id': 'orb', 'version': 'v1.0'}
2026-07-21 10:23:45,043 - INFO - Retrieved live premium from Fyers API: LTP=49.15 for NSE:NIFTY2672124200PE
2026-07-21 10:23:45,043 - INFO - Resolved index signal into option contract: OptionContract(symbol='NSE:NIFTY2672124200PE', strike=24200.0, expiry='26721', option_type='PE', premium=49.15, delta=0.5, bid=49.05, ask=49.2, volume=407866745, resolved_at=datetime.datetime(2026, 7, 21, 10, 23, 45, 43962))
2026-07-21 10:23:45,044 - INFO - ⚡ Option strike selection resolved index signal to contract NSE:NIFTY2672124200PE @ premium 49.15 (type: PE, strike: 24200.0)
2026-07-21 10:23:45,044 - INFO - 📊 EXECUTION AUDIT [STRIKE_SELECTED]: trade_id=None, candidate_id=cand_NSE_NIFTY50_INDEX_ORB_30M_24203.25_20260721_101821_ORB_30m_RVOL1.2, payload={'symbol': 'NSE:NIFTY2672124200PE', 'strike': 24200.0, 'expiry': '26721', 'type': 'PE'}
2026-07-21 10:23:45,076 - INFO - 📊 EXECUTION AUDIT [PREMIUM_RETRIEVED]: trade_id=None, candidate_id=cand_NSE_NIFTY50_INDEX_ORB_30M_24203.25_20260721_101821_ORB_30m_RVOL1.2, payload={'premium': 49.15, 'bid': 49.05, 'ask': 49.2}
2026-07-21 10:23:45,100 - INFO - 📊 EXECUTION AUDIT [CF_SUBMITTED]: trade_id=None, candidate_id=cand_NSE_NIFTY50_INDEX_ORB_30M_24203.25_20260721_101821_ORB_30m_RVOL1.2, payload={'price': 24203.25, 'sl': 24214.12, 'tp': 24094.55}
2026-07-21 10:23:45,119 - INFO - 📊 EXECUTION AUDIT [CF_FILLED]: trade_id=None, candidate_id=cand_NSE_NIFTY50_INDEX_ORB_30M_24203.25_20260721_101821_ORB_30m_RVOL1.2, payload={'price': 24203.25, 'sl': 24214.12, 'tp': 24094.55}
2026-07-21 10:23:45,157 - INFO - 🟢 ENTRY [CF|ORB_30m_RVOL1.2|1821_ORB_30m_RVOL1.2]: NSE:NIFTY50-INDEX BUY PUT @ 24203.25 | SL: 24214.12 TP: 24094.55
2026-07-21 10:23:46,200 - INFO - 👻 [Structural_v3.2_RVOL1.0] CF BREAKOUT NSE:NIFTYBANK-INDEX BUY CALL | Rejected: ['LOW_RVOL', 'LOW_EFFICIENCY', 'TP_CAPPED']
2026-07-21 10:23:46,200 - INFO - 📊 EXECUTION AUDIT [SIGNAL_GENERATED]: trade_id=None, candidate_id=cand_NSE_NIFTYBANK_INDEX_BREAKOUT_58228.65_20260721_101500_Structural_v3.2_RVOL1.0, payload={'symbol': 'NSE:NIFTYBANK-INDEX', 'signal': 'BUY CALL', 'strategy': 'BREAKOUT', 'price': 57949.0, 'stop_loss': 57902.64642857143, 'take_profit': 58412.53571428568, 'tp1': 58018.53035714285, 'rr_ratio': 10.0, 'timestamp': '2026-07-21T10:15:00+05:30', 'accepted': False, 'rejection_reasons': ['LOW_RVOL', 'LOW_EFFICIENCY', 'TP_CAPPED'], 'features': {'date': '2026-07-21', 'strategy_name': 'Structural_v3', 'strategy_version': 'v3.2', 'feature_version': 'v1.1', 'market_regime': 'RANGE', 'day_type': 'RANGE_DAY', 'session_type': 'OPEN', 'daily_bias': 'BULLISH', 'hourly_bias': 'NEUTRAL', 'trend_strength': 0.0, 'rvol': 0.52, 'atr': 92.71, 'distance_from_supply': 647.85, 'distance_from_demand': 662.1, 'nearest_supply_strength': 59.2, 'nearest_demand_strength': 54.6, 'distance_to_liquidity_pool': 647.8499999999985, 'liquidity_score': 5.2, 'indicator_snapshot': {'rvol_tod': 0.52, 'is_compressed': True, 'bos_count': 0}, 'move_efficiency': 0.2921, 'wickiness': 0.3878, 'fft_score': 0.0, 'setup_type': 'BREAKOUT', 'candidate_id': 'cand_NSE_NIFTYBANK_INDEX_BREAKOUT_58228.65_20260721_101500', 'ema20': 57987.29, 'ema50': 57940.58, 'move_efficiency_h1': 0.0403, 'ema_bullish': True, 'rsi14': 49.07, 'distance_to_vwap': -0.0017, 'atr_percentile': 0.8933, 'dist_prev_high': -0.0028, 'dist_prev_low': 0.0072}, 'candidate_id': 'cand_NSE_NIFTYBANK_INDEX_BREAKOUT_58228.65_20260721_101500_Structural_v3.2_RVOL1.0', 'experiment_name': 'Structural_v3.2_RVOL1.0', 'strategy_id': 'structural', 'version': 'v3.2'}
2026-07-21 10:23:48,328 - INFO - Retrieved live premium from Fyers API: LTP=568.65 for NSE:BANKNIFTY26JUL57900CE
2026-07-21 10:23:48,329 - INFO - Resolved index signal into option contract: OptionContract(symbol='NSE:BANKNIFTY26JUL57900CE', strike=57900.0, expiry='26JUL', option_type='CE', premium=568.65, delta=0.5, bid=570.85, ask=572.6, volume=578550, resolved_at=datetime.datetime(2026, 7, 21, 10, 23, 48, 328951))
2026-07-21 10:23:48,329 - INFO - ⚡ Option strike selection resolved index signal to contract NSE:BANKNIFTY26JUL57900CE @ premium 568.65 (type: CE, strike: 57900.0)
2026-07-21 10:23:48,329 - INFO - 📊 EXECUTION AUDIT [STRIKE_SELECTED]: trade_id=None, candidate_id=cand_NSE_NIFTYBANK_INDEX_BREAKOUT_58228.65_20260721_101500_Structural_v3.2_RVOL1.0, payload={'symbol': 'NSE:BANKNIFTY26JUL57900CE', 'strike': 57900.0, 'expiry': '26JUL', 'type': 'CE'}
2026-07-21 10:23:48,365 - INFO - 📊 EXECUTION AUDIT [PREMIUM_RETRIEVED]: trade_id=None, candidate_id=cand_NSE_NIFTYBANK_INDEX_BREAKOUT_58228.65_20260721_101500_Structural_v3.2_RVOL1.0, payload={'premium': 568.65, 'bid': 570.85, 'ask': 572.6}
2026-07-21 10:23:48,387 - INFO - 📊 EXECUTION AUDIT [CF_SUBMITTED]: trade_id=None, candidate_id=cand_NSE_NIFTYBANK_INDEX_BREAKOUT_58228.65_20260721_101500_Structural_v3.2_RVOL1.0, payload={'price': 57949.0, 'sl': 57902.64642857143, 'tp': 58412.53571428568}
2026-07-21 10:23:48,404 - INFO - 📊 EXECUTION AUDIT [CF_FILLED]: trade_id=None, candidate_id=cand_NSE_NIFTYBANK_INDEX_BREAKOUT_58228.65_20260721_101500_Structural_v3.2_RVOL1.0, payload={'price': 57949.0, 'sl': 57902.64642857143, 'tp': 58412.53571428568}
2026-07-21 10:23:48,445 - INFO - 🟢 ENTRY [CF|Structural_v3.2_RVOL1.0|uctural_v3.2_RVOL1.0]: NSE:NIFTYBANK-INDEX BUY CALL @ 57949.00 | SL: 57902.65 TP: 58412.54
2026-07-21 10:23:48,445 - INFO - 👻 [Structural_v3.2_RVOL0.8] CF BREAKOUT NSE:NIFTYBANK-INDEX BUY CALL | Rejected: ['LOW_RVOL', 'LOW_EFFICIENCY', 'TP_CAPPED']
2026-07-21 10:23:48,445 - INFO - 📊 EXECUTION AUDIT [SIGNAL_GENERATED]: trade_id=None, candidate_id=cand_NSE_NIFTYBANK_INDEX_BREAKOUT_58228.65_20260721_101500_Structural_v3.2_RVOL0.8, payload={'symbol': 'NSE:NIFTYBANK-INDEX', 'signal': 'BUY CALL', 'strategy': 'BREAKOUT', 'price': 57949.0, 'stop_loss': 57902.64642857143, 'take_profit': 58412.53571428568, 'tp1': 58018.53035714285, 'rr_ratio': 10.0, 'timestamp': '2026-07-21T10:15:00+05:30', 'accepted': False, 'rejection_reasons': ['LOW_RVOL', 'LOW_EFFICIENCY', 'TP_CAPPED'], 'features': {'date': '2026-07-21', 'strategy_name': 'Structural_v3', 'strategy_version': 'v3.2', 'feature_version': 'v1.1', 'market_regime': 'RANGE', 'day_type': 'RANGE_DAY', 'session_type': 'OPEN', 'daily_bias': 'BULLISH', 'hourly_bias': 'NEUTRAL', 'trend_strength': 0.0, 'rvol': 0.52, 'atr': 92.71, 'distance_from_supply': 647.85, 'distance_from_demand': 662.1, 'nearest_supply_strength': 59.2, 'nearest_demand_strength': 54.6, 'distance_to_liquidity_pool': 647.8499999999985, 'liquidity_score': 5.2, 'indicator_snapshot': {'rvol_tod': 0.52, 'is_compressed': True, 'bos_count': 0}, 'move_efficiency': 0.2921, 'wickiness': 0.3878, 'fft_score': 0.0, 'setup_type': 'BREAKOUT', 'candidate_id': 'cand_NSE_NIFTYBANK_INDEX_BREAKOUT_58228.65_20260721_101500', 'ema20': 57987.29, 'ema50': 57940.58, 'move_efficiency_h1': 0.0403, 'ema_bullish': True, 'rsi14': 49.07, 'distance_to_vwap': -0.0017, 'atr_percentile': 0.8933, 'dist_prev_high': -0.0028, 'dist_prev_low': 0.0072}, 'candidate_id': 'cand_NSE_NIFTYBANK_INDEX_BREAKOUT_58228.65_20260721_101500_Structural_v3.2_RVOL0.8', 'experiment_name': 'Structural_v3.2_RVOL0.8', 'strategy_id': 'structural', 'version': 'v3.2'}
2026-07-21 10:23:49,861 - INFO - Retrieved live premium from Fyers API: LTP=574.7 for NSE:BANKNIFTY26JUL57900CE
2026-07-21 10:23:49,862 - INFO - Resolved index signal into option contract: OptionContract(symbol='NSE:BANKNIFTY26JUL57900CE', strike=57900.0, expiry='26JUL', option_type='CE', premium=574.7, delta=0.5, bid=570.65, ask=572.4, volume=578670, resolved_at=datetime.datetime(2026, 7, 21, 10, 23, 49, 862468))
2026-07-21 10:23:49,862 - INFO - ⚡ Option strike selection resolved index signal to contract NSE:BANKNIFTY26JUL57900CE @ premium 574.7 (type: CE, strike: 57900.0)
2026-07-21 10:23:49,862 - INFO - 📊 EXECUTION AUDIT [STRIKE_SELECTED]: trade_id=None, candidate_id=cand_NSE_NIFTYBANK_INDEX_BREAKOUT_58228.65_20260721_101500_Structural_v3.2_RVOL0.8, payload={'symbol': 'NSE:BANKNIFTY26JUL57900CE', 'strike': 57900.0, 'expiry': '26JUL', 'type': 'CE'}
2026-07-21 10:23:49,898 - INFO - 📊 EXECUTION AUDIT [PREMIUM_RETRIEVED]: trade_id=None, candidate_id=cand_NSE_NIFTYBANK_INDEX_BREAKOUT_58228.65_20260721_101500_Structural_v3.2_RVOL0.8, payload={'premium': 574.7, 'bid': 570.65, 'ask': 572.4}
2026-07-21 10:23:49,920 - INFO - 📊 EXECUTION AUDIT [CF_SUBMITTED]: trade_id=None, candidate_id=cand_NSE_NIFTYBANK_INDEX_BREAKOUT_58228.65_20260721_101500_Structural_v3.2_RVOL0.8, payload={'price': 57949.0, 'sl': 57902.64642857143, 'tp': 58412.53571428568}
2026-07-21 10:23:49,937 - INFO - 📊 EXECUTION AUDIT [CF_FILLED]: trade_id=None, candidate_id=cand_NSE_NIFTYBANK_INDEX_BREAKOUT_58228.65_20260721_101500_Structural_v3.2_RVOL0.8, payload={'price': 57949.0, 'sl': 57902.64642857143, 'tp': 58412.53571428568}
2026-07-21 10:23:49,975 - INFO - 🟢 ENTRY [CF|Structural_v3.2_RVOL0.8|uctural_v3.2_RVOL0.8]: NSE:NIFTYBANK-INDEX BUY CALL @ 57949.00 | SL: 57902.65 TP: 58412.54
2026-07-21 10:28:50,085 - INFO - --- 10:28:50 Market Pulse ---
2026-07-21 10:28:50,783 - INFO - 📊 EXECUTION AUDIT [CF_SL_MODIFIED]: trade_id=None, candidate_id=cand_NSE_NIFTY50_INDEX_BREAKOUT_24206.85_20260721_095000_Structural_v3.2_RVOL1.0, payload={'price': 24192.65, 'old_sl': 24211.212053571428, 'new_sl': 24200.61205357143, 'old_tp': None, 'new_tp': 24133.189285714292, 'reason': 'TRAILING_SL'}
2026-07-21 10:28:50,876 - INFO - 🟡 UPDATE (TRAILING_SL) [CFStructural_v3.2_RVOL1.0|uctural_v3.2_RVOL1.0]: NSE:NIFTY50-INDEX @ 24192.65 | SL→24200.61 TP→24133.19
2026-07-21 10:28:50,877 - INFO - 📊 EXECUTION AUDIT [CF_SL_MODIFIED]: trade_id=None, candidate_id=cand_NSE_NIFTY50_INDEX_BREAKOUT_24206.85_20260721_095000_Structural_v3.2_RVOL0.8, payload={'price': 24192.65, 'old_sl': 24211.212053571428, 'new_sl': 24200.61205357143, 'old_tp': None, 'new_tp': 24133.189285714292, 'reason': 'TRAILING_SL'}
2026-07-21 10:28:50,933 - INFO - 🟡 UPDATE (TRAILING_SL) [CFStructural_v3.2_RVOL0.8|uctural_v3.2_RVOL0.8]: NSE:NIFTY50-INDEX @ 24192.65 | SL→24200.61 TP→24133.19
2026-07-21 10:28:50,933 - INFO - 📊 EXECUTION AUDIT [CF_TP_EXPANDED]: trade_id=None, candidate_id=cand_NSE_NIFTY50_INDEX_TRENDLINE_RETEST_24226.90_202607210958_Geometry_v1.0_Score35, payload={'price': 24192.65, 'old_sl': 24215.359999999997, 'new_sl': 24204.76, 'old_tp': 24215.300000000003, 'new_tp': 24203.190000000006, 'reason': 'TP_EXPANSION'}
2026-07-21 10:28:50,974 - INFO - 🟡 UPDATE (TP_EXPANSION) [CFGeometry_v1.0_Score35|eometry_v1.0_Score35]: NSE:NIFTY50-INDEX @ 24192.65 | SL→24204.76 TP→24203.19
2026-07-21 10:28:50,974 - INFO - 📊 EXECUTION AUDIT [CF_TP_EXPANDED]: trade_id=None, candidate_id=cand_NSE_NIFTY50_INDEX_TRENDLINE_RETEST_24226.90_202607210958_Geometry_v1.0_Score50, payload={'price': 24192.65, 'old_sl': 24215.359999999997, 'new_sl': 24204.76, 'old_tp': 24215.300000000003, 'new_tp': 24203.190000000006, 'reason': 'TP_EXPANSION'}
2026-07-21 10:28:51,015 - INFO - 🟡 UPDATE (TP_EXPANSION) [CFGeometry_v1.0_Score50|eometry_v1.0_Score50]: NSE:NIFTY50-INDEX @ 24192.65 | SL→24204.76 TP→24203.19
2026-07-21 10:28:51,015 - INFO - 📊 EXECUTION AUDIT [CF_SL_MODIFIED]: trade_id=None, candidate_id=cand_NSE_NIFTY50_INDEX_ORB_15M_24203.25_20260721_101821_ORB_15m_RVOL1.2, payload={'price': 24192.65, 'old_sl': 24214.12, 'new_sl': 24203.52, 'old_tp': None, 'new_tp': 24094.55, 'reason': 'TRAILING_SL'}
2026-07-21 10:28:51,056 - INFO - 🟡 UPDATE (TRAILING_SL) [CFORB_15m_RVOL1.2|1821_ORB_15m_RVOL1.2]: NSE:NIFTY50-INDEX @ 24192.65 | SL→24203.52 TP→24094.55
2026-07-21 10:28:51,056 - INFO - 📊 EXECUTION AUDIT [CF_SL_MODIFIED]: trade_id=None, candidate_id=cand_NSE_NIFTY50_INDEX_ORB_30M_24203.25_20260721_101821_ORB_30m_RVOL1.2, payload={'price': 24192.65, 'old_sl': 24214.12, 'new_sl': 24203.52, 'old_tp': None, 'new_tp': 24094.55, 'reason': 'TRAILING_SL'}
2026-07-21 10:28:51,098 - INFO - 🟡 UPDATE (TRAILING_SL) [CFORB_30m_RVOL1.2|1821_ORB_30m_RVOL1.2]: NSE:NIFTY50-INDEX @ 24192.65 | SL→24203.52 TP→24094.55
2026-07-21 10:28:51,098 - INFO - 📊 EXECUTION AUDIT [CF_SL_MODIFIED]: trade_id=None, candidate_id=cand_NSE_NIFTYBANK_INDEX_BREAKOUT_58228.65_20260721_101500_Structural_v3.2_RVOL1.0, payload={'price': 57972.6, 'old_sl': 57902.64642857143, 'new_sl': 57926.24642857143, 'old_tp': None, 'new_tp': 58412.53571428568, 'reason': 'TRAILING_SL'}
2026-07-21 10:28:51,138 - INFO - 🟡 UPDATE (TRAILING_SL) [CFStructural_v3.2_RVOL1.0|uctural_v3.2_RVOL1.0]: NSE:NIFTYBANK-INDEX @ 57972.60 | SL→57926.25 TP→58412.54
2026-07-21 10:28:51,138 - INFO - 📊 EXECUTION AUDIT [CF_SL_MODIFIED]: trade_id=None, candidate_id=cand_NSE_NIFTYBANK_INDEX_BREAKOUT_58228.65_20260721_101500_Structural_v3.2_RVOL0.8, payload={'price': 57972.6, 'old_sl': 57902.64642857143, 'new_sl': 57926.24642857143, 'old_tp': None, 'new_tp': 58412.53571428568, 'reason': 'TRAILING_SL'}
2026-07-21 10:28:51,171 - INFO - 🟡 UPDATE (TRAILING_SL) [CFStructural_v3.2_RVOL0.8|uctural_v3.2_RVOL0.8]: NSE:NIFTYBANK-INDEX @ 57972.60 | SL→57926.25 TP→58412.54
2026-07-21 10:33:53,721 - INFO - --- 10:33:53 Market Pulse ---
2026-07-21 10:33:54,534 - INFO - 📊 EXECUTION AUDIT [CF_SL_MODIFIED]: trade_id=None, candidate_id=cand_NSE_NIFTY50_INDEX_BREAKOUT_24206.85_20260721_095000_Structural_v3.2_RVOL1.0, payload={'price': 24191.55, 'old_sl': 24200.61205357143, 'new_sl': 24199.51205357143, 'old_tp': None, 'new_tp': 24133.189285714292, 'reason': 'TRAILING_SL'}
2026-07-21 10:33:54,625 - INFO - 🟡 UPDATE (TRAILING_SL) [CFStructural_v3.2_RVOL1.0|uctural_v3.2_RVOL1.0]: NSE:NIFTY50-INDEX @ 24191.55 | SL→24199.51 TP→24133.19
2026-07-21 10:33:54,625 - INFO - 📊 EXECUTION AUDIT [CF_SL_MODIFIED]: trade_id=None, candidate_id=cand_NSE_NIFTY50_INDEX_BREAKOUT_24206.85_20260721_095000_Structural_v3.2_RVOL0.8, payload={'price': 24191.55, 'old_sl': 24200.61205357143, 'new_sl': 24199.51205357143, 'old_tp': None, 'new_tp': 24133.189285714292, 'reason': 'TRAILING_SL'}
2026-07-21 10:33:54,675 - INFO - 🟡 UPDATE (TRAILING_SL) [CFStructural_v3.2_RVOL0.8|uctural_v3.2_RVOL0.8]: NSE:NIFTY50-INDEX @ 24191.55 | SL→24199.51 TP→24133.19
2026-07-21 10:33:54,676 - INFO - 📊 EXECUTION AUDIT [CF_TP_EXPANDED]: trade_id=None, candidate_id=cand_NSE_NIFTY50_INDEX_TRENDLINE_RETEST_24226.90_202607210958_Geometry_v1.0_Score35, payload={'price': 24191.55, 'old_sl': 24204.76, 'new_sl': 24203.659999999996, 'old_tp': 24203.190000000006, 'new_tp': 24191.08000000001, 'reason': 'TP_EXPANSION'}
2026-07-21 10:33:54,718 - INFO - 🟡 UPDATE (TP_EXPANSION) [CFGeometry_v1.0_Score35|eometry_v1.0_Score35]: NSE:NIFTY50-INDEX @ 24191.55 | SL→24203.66 TP→24191.08
2026-07-21 10:33:54,719 - INFO - 📊 EXECUTION AUDIT [CF_TP_EXPANDED]: trade_id=None, candidate_id=cand_NSE_NIFTY50_INDEX_TRENDLINE_RETEST_24226.90_202607210958_Geometry_v1.0_Score50, payload={'price': 24191.55, 'old_sl': 24204.76, 'new_sl': 24203.659999999996, 'old_tp': 24203.190000000006, 'new_tp': 24191.08000000001, 'reason': 'TP_EXPANSION'}
2026-07-21 10:33:54,763 - INFO - 🟡 UPDATE (TP_EXPANSION) [CFGeometry_v1.0_Score50|eometry_v1.0_Score50]: NSE:NIFTY50-INDEX @ 24191.55 | SL→24203.66 TP→24191.08
2026-07-21 10:33:54,763 - INFO - 📊 EXECUTION AUDIT [CF_SL_MODIFIED]: trade_id=None, candidate_id=cand_NSE_NIFTY50_INDEX_ORB_15M_24203.25_20260721_101821_ORB_15m_RVOL1.2, payload={'price': 24191.55, 'old_sl': 24203.52, 'new_sl': 24202.42, 'old_tp': None, 'new_tp': 24094.55, 'reason': 'TRAILING_SL'}
2026-07-21 10:33:54,800 - INFO - 🟡 UPDATE (TRAILING_SL) [CFORB_15m_RVOL1.2|1821_ORB_15m_RVOL1.2]: NSE:NIFTY50-INDEX @ 24191.55 | SL→24202.42 TP→24094.55
2026-07-21 10:33:54,801 - INFO - 📊 EXECUTION AUDIT [CF_SL_MODIFIED]: trade_id=None, candidate_id=cand_NSE_NIFTY50_INDEX_ORB_30M_24203.25_20260721_101821_ORB_30m_RVOL1.2, payload={'price': 24191.55, 'old_sl': 24203.52, 'new_sl': 24202.42, 'old_tp': None, 'new_tp': 24094.55, 'reason': 'TRAILING_SL'}
2026-07-21 10:33:54,837 - INFO - 🟡 UPDATE (TRAILING_SL) [CFORB_30m_RVOL1.2|1821_ORB_30m_RVOL1.2]: NSE:NIFTY50-INDEX @ 24191.55 | SL→24202.42 TP→24094.55
2026-07-21 10:38:57,722 - INFO - --- 10:38:57 Market Pulse ---
2026-07-21 10:38:58,410 - INFO - 📊 EXECUTION AUDIT [CF_TP_EXPANDED]: trade_id=None, candidate_id=cand_NSE_NIFTYBANK_INDEX_TRENDLINE_RETEST_58069.45_202607210925_Geometry_v1.0_Score35, payload={'price': 57916.15, 'old_sl': 57986.58, 'new_sl': 57953.73, 'old_tp': 57919.12999999999, 'new_tp': 57881.54999999999, 'reason': 'TP_EXPANSION'}
2026-07-21 10:38:58,492 - INFO - 🟡 UPDATE (TP_EXPANSION) [CFGeometry_v1.0_Score35|eometry_v1.0_Score35]: NSE:NIFTYBANK-INDEX @ 57916.15 | SL→57953.73 TP→57881.55
2026-07-21 10:38:58,492 - INFO - 📊 EXECUTION AUDIT [CF_TP_EXPANDED]: trade_id=None, candidate_id=cand_NSE_NIFTYBANK_INDEX_TRENDLINE_RETEST_58069.45_202607210925_Geometry_v1.0_Score50, payload={'price': 57916.15, 'old_sl': 57986.58, 'new_sl': 57953.73, 'old_tp': 57919.12999999999, 'new_tp': 57881.54999999999, 'reason': 'TP_EXPANSION'}
2026-07-21 10:38:58,534 - INFO - 🟡 UPDATE (TP_EXPANSION) [CFGeometry_v1.0_Score50|eometry_v1.0_Score50]: NSE:NIFTYBANK-INDEX @ 57916.15 | SL→57953.73 TP→57881.55
2026-07-21 10:38:58,534 - INFO - 📊 EXECUTION AUDIT [CF_SL_MODIFIED]: trade_id=None, candidate_id=cand_NSE_NIFTYBANK_INDEX_BREAKOUT_57820.90_20260721_093000_Structural_v3.2_RVOL1.0, payload={'price': 57916.15, 'old_sl': 57976.38705357143, 'new_sl': 57943.53705357143, 'old_tp': None, 'new_tp': 57691.789285714294, 'reason': 'TRAILING_SL'}
2026-07-21 10:38:58,572 - INFO - 🟡 UPDATE (TRAILING_SL) [CFStructural_v3.2_RVOL1.0|uctural_v3.2_RVOL1.0]: NSE:NIFTYBANK-INDEX @ 57916.15 | SL→57943.54 TP→57691.79
2026-07-21 10:38:58,573 - INFO - 📊 EXECUTION AUDIT [CF_SL_MODIFIED]: trade_id=None, candidate_id=cand_NSE_NIFTYBANK_INDEX_BREAKOUT_57820.90_20260721_093000_Structural_v3.2_RVOL0.8, payload={'price': 57916.15, 'old_sl': 57976.38705357143, 'new_sl': 57943.53705357143, 'old_tp': None, 'new_tp': 57691.789285714294, 'reason': 'TRAILING_SL'}
2026-07-21 10:38:58,612 - INFO - 🟡 UPDATE (TRAILING_SL) [CFStructural_v3.2_RVOL0.8|uctural_v3.2_RVOL0.8]: NSE:NIFTYBANK-INDEX @ 57916.15 | SL→57943.54 TP→57691.79
2026-07-21 10:38:58,613 - INFO - 📊 EXECUTION AUDIT [CF_EXITED]: trade_id=None, candidate_id=cand_NSE_NIFTYBANK_INDEX_EMAPULL_58007.30_20260721_093540_EMA_Pullback_20_50_RVOL1.0, payload={'exit_price': 57928.554000000004, 'exit_reason': 'TRAILING_SL', 'pnl_r': -0.8618479112540708, 'duration_minutes': 63.292059933333334, 'bars_held': 8}
2026-07-21 10:38:58,646 - INFO - 🔴 EXIT (TRAILING_SL) [CFEMA_Pullback_20_50_RVOL1.0|llback_20_50_RVOL1.0]: NSE:NIFTYBANK-INDEX @ 57928.55 | PnL -0.86R | MFE 0.19R | Capture -458% | 8bars HoldEff -0.108R/bar
2026-07-21 10:38:58,647 - INFO - 📊 EXECUTION AUDIT [CF_SL_MODIFIED]: trade_id=None, candidate_id=cand_NSE_NIFTY50_INDEX_BREAKOUT_24206.85_20260721_095000_Structural_v3.2_RVOL1.0, payload={'price': 24179.35, 'old_sl': 24199.51205357143, 'new_sl': 24187.312053571426, 'old_tp': None, 'new_tp': 24133.189285714292, 'reason': 'TRAILING_SL'}
2026-07-21 10:38:58,681 - INFO - 🟡 UPDATE (TRAILING_SL) [CFStructural_v3.2_RVOL1.0|uctural_v3.2_RVOL1.0]: NSE:NIFTY50-INDEX @ 24179.35 | SL→24187.31 TP→24133.19
2026-07-21 10:38:58,682 - INFO - 📊 EXECUTION AUDIT [CF_SL_MODIFIED]: trade_id=None, candidate_id=cand_NSE_NIFTY50_INDEX_BREAKOUT_24206.85_20260721_095000_Structural_v3.2_RVOL0.8, payload={'price': 24179.35, 'old_sl': 24199.51205357143, 'new_sl': 24187.312053571426, 'old_tp': None, 'new_tp': 24133.189285714292, 'reason': 'TRAILING_SL'}
2026-07-21 10:38:58,716 - INFO - 🟡 UPDATE (TRAILING_SL) [CFStructural_v3.2_RVOL0.8|uctural_v3.2_RVOL0.8]: NSE:NIFTY50-INDEX @ 24179.35 | SL→24187.31 TP→24133.19
2026-07-21 10:38:58,716 - INFO - 📊 EXECUTION AUDIT [CF_TP_EXPANDED]: trade_id=None, candidate_id=cand_NSE_NIFTY50_INDEX_TRENDLINE_RETEST_24226.90_202607210958_Geometry_v1.0_Score35, payload={'price': 24179.35, 'old_sl': 24203.659999999996, 'new_sl': 24191.459999999995, 'old_tp': 24191.08000000001, 'new_tp': 24178.970000000012, 'reason': 'TP_EXPANSION'}
2026-07-21 10:38:58,752 - INFO - 🟡 UPDATE (TP_EXPANSION) [CFGeometry_v1.0_Score35|eometry_v1.0_Score35]: NSE:NIFTY50-INDEX @ 24179.35 | SL→24191.46 TP→24178.97
2026-07-21 10:38:58,752 - INFO - 📊 EXECUTION AUDIT [CF_TP_EXPANDED]: trade_id=None, candidate_id=cand_NSE_NIFTY50_INDEX_TRENDLINE_RETEST_24226.90_202607210958_Geometry_v1.0_Score50, payload={'price': 24179.35, 'old_sl': 24203.659999999996, 'new_sl': 24191.459999999995, 'old_tp': 24191.08000000001, 'new_tp': 24178.970000000012, 'reason': 'TP_EXPANSION'}
2026-07-21 10:38:58,785 - INFO - 🟡 UPDATE (TP_EXPANSION) [CFGeometry_v1.0_Score50|eometry_v1.0_Score50]: NSE:NIFTY50-INDEX @ 24179.35 | SL→24191.46 TP→24178.97
2026-07-21 10:38:58,785 - INFO - 📊 EXECUTION AUDIT [CF_SL_MODIFIED]: trade_id=None, candidate_id=cand_NSE_NIFTY50_INDEX_ORB_15M_24203.25_20260721_101821_ORB_15m_RVOL1.2, payload={'price': 24179.35, 'old_sl': 24202.42, 'new_sl': 24187.5025, 'old_tp': None, 'new_tp': 24094.55, 'reason': 'TRAILING_SL'}
2026-07-21 10:38:58,815 - INFO - 🟡 UPDATE (TRAILING_SL) [CFORB_15m_RVOL1.2|1821_ORB_15m_RVOL1.2]: NSE:NIFTY50-INDEX @ 24179.35 | SL→24187.50 TP→24094.55
2026-07-21 10:38:58,815 - INFO - 📊 EXECUTION AUDIT [CF_SL_MODIFIED]: trade_id=None, candidate_id=cand_NSE_NIFTY50_INDEX_ORB_30M_24203.25_20260721_101821_ORB_30m_RVOL1.2, payload={'price': 24179.35, 'old_sl': 24202.42, 'new_sl': 24187.5025, 'old_tp': None, 'new_tp': 24094.55, 'reason': 'TRAILING_SL'}
2026-07-21 10:38:58,844 - INFO - 🟡 UPDATE (TRAILING_SL) [CFORB_30m_RVOL1.2|1821_ORB_30m_RVOL1.2]: NSE:NIFTY50-INDEX @ 24179.35 | SL→24187.50 TP→24094.55
2026-07-21 10:38:58,844 - INFO - 📊 EXECUTION AUDIT [CF_EXITED]: trade_id=None, candidate_id=cand_NSE_NIFTYBANK_INDEX_BREAKOUT_58228.65_20260721_101500_Structural_v3.2_RVOL1.0, payload={'exit_price': 57926.24642857143, 'exit_reason': 'TRAILING_SL', 'pnl_r': -0.5408698667077536, 'duration_minutes': 20.59540475, 'bars_held': 3}
2026-07-21 10:38:58,874 - INFO - 🔴 EXIT (TRAILING_SL) [CFStructural_v3.2_RVOL1.0|uctural_v3.2_RVOL1.0]: NSE:NIFTYBANK-INDEX @ 57926.25 | PnL -0.54R | MFE 0.51R | Capture -106% | 3bars HoldEff -0.180R/bar
2026-07-21 10:38:58,874 - INFO - 📊 EXECUTION AUDIT [CF_EXITED]: trade_id=None, candidate_id=cand_NSE_NIFTYBANK_INDEX_BREAKOUT_58228.65_20260721_101500_Structural_v3.2_RVOL0.8, payload={'exit_price': 57926.24642857143, 'exit_reason': 'TRAILING_SL', 'pnl_r': -0.5408698667077536, 'duration_minutes': 20.59540475, 'bars_held': 3}
2026-07-21 10:38:58,907 - INFO - 🔴 EXIT (TRAILING_SL) [CFStructural_v3.2_RVOL0.8|uctural_v3.2_RVOL0.8]: NSE:NIFTYBANK-INDEX @ 57926.25 | PnL -0.54R | MFE 0.51R | Capture -106% | 3bars HoldEff -0.180R/bar
2026-07-21 10:44:01,638 - INFO - --- 10:44:01 Market Pulse ---
2026-07-21 10:44:02,364 - INFO - 📊 EXECUTION AUDIT [CF_EXITED]: trade_id=None, candidate_id=cand_NSE_NIFTYBANK_INDEX_TRENDLINE_RETEST_58069.45_202607210925_Geometry_v1.0_Score35, payload={'exit_price': 57953.73, 'exit_reason': 'TRAILING_SL', 'pnl_r': 3.0292974986691994, 'duration_minutes': 78.63364571666666, 'bars_held': 11}
2026-07-21 10:44:02,434 - INFO - 🔴 EXIT (TRAILING_SL) [CFGeometry_v1.0_Score35|eometry_v1.0_Score35]: NSE:NIFTYBANK-INDEX @ 57953.73 | PnL +3.03R | MFE 4.08R | Capture 74% | 11bars HoldEff +0.275R/bar
2026-07-21 10:44:02,435 - INFO - 📊 EXECUTION AUDIT [CF_EXITED]: trade_id=None, candidate_id=cand_NSE_NIFTYBANK_INDEX_TRENDLINE_RETEST_58069.45_202607210925_Geometry_v1.0_Score50, payload={'exit_price': 57953.73, 'exit_reason': 'TRAILING_SL', 'pnl_r': 3.0292974986691994, 'duration_minutes': 78.63364571666666, 'bars_held': 11}
2026-07-21 10:44:02,478 - INFO - 🔴 EXIT (TRAILING_SL) [CFGeometry_v1.0_Score50|eometry_v1.0_Score50]: NSE:NIFTYBANK-INDEX @ 57953.73 | PnL +3.03R | MFE 4.08R | Capture 74% | 11bars HoldEff +0.275R/bar
2026-07-21 10:44:02,478 - INFO - 📊 EXECUTION AUDIT [CF_EXITED]: trade_id=None, candidate_id=cand_NSE_NIFTYBANK_INDEX_BREAKOUT_57820.90_20260721_093000_Structural_v3.2_RVOL1.0, payload={'exit_price': 57943.53705357143, 'exit_reason': 'TRAILING_SL', 'pnl_r': 3.055836471220704, 'duration_minutes': 73.47492223333333, 'bars_held': 10}
2026-07-21 10:44:02,522 - INFO - 🔴 EXIT (TRAILING_SL) [CFStructural_v3.2_RVOL1.0|uctural_v3.2_RVOL1.0]: NSE:NIFTYBANK-INDEX @ 57943.54 | PnL +3.06R | MFE 3.86R | Capture 79% | 10bars HoldEff +0.306R/bar
2026-07-21 10:44:02,523 - INFO - 📊 EXECUTION AUDIT [CF_EXITED]: trade_id=None, candidate_id=cand_NSE_NIFTYBANK_INDEX_BREAKOUT_57820.90_20260721_093000_Structural_v3.2_RVOL0.8, payload={'exit_price': 57943.53705357143, 'exit_reason': 'TRAILING_SL', 'pnl_r': 3.055836471220704, 'duration_minutes': 73.47492223333333, 'bars_held': 10}
2026-07-21 10:44:02,563 - INFO - 🔴 EXIT (TRAILING_SL) [CFStructural_v3.2_RVOL0.8|uctural_v3.2_RVOL0.8]: NSE:NIFTYBANK-INDEX @ 57943.54 | PnL +3.06R | MFE 3.86R | Capture 79% | 10bars HoldEff +0.306R/bar
2026-07-21 10:44:02,563 - INFO - 📊 EXECUTION AUDIT [CF_EXITED]: trade_id=None, candidate_id=cand_NSE_NIFTY50_INDEX_BREAKOUT_24206.85_20260721_095000_Structural_v3.2_RVOL1.0, payload={'exit_price': 24187.312053571426, 'exit_reason': 'TRAILING_SL', 'pnl_r': 4.851808242219971, 'duration_minutes': 50.22882636666667, 'bars_held': 6}
2026-07-21 10:44:02,607 - INFO - 🔴 EXIT (TRAILING_SL) [CFStructural_v3.2_RVOL1.0|uctural_v3.2_RVOL1.0]: NSE:NIFTY50-INDEX @ 24187.31 | PnL +4.85R | MFE 5.65R | Capture 86% | 6bars HoldEff +0.809R/bar
2026-07-21 10:44:02,607 - INFO - 📊 EXECUTION AUDIT [CF_EXITED]: trade_id=None, candidate_id=cand_NSE_NIFTY50_INDEX_BREAKOUT_24206.85_20260721_095000_Structural_v3.2_RVOL0.8, payload={'exit_price': 24187.312053571426, 'exit_reason': 'TRAILING_SL', 'pnl_r': 4.851808242219971, 'duration_minutes': 50.22882636666667, 'bars_held': 6}
2026-07-21 10:44:02,643 - INFO - 🔴 EXIT (TRAILING_SL) [CFStructural_v3.2_RVOL0.8|uctural_v3.2_RVOL0.8]: NSE:NIFTY50-INDEX @ 24187.31 | PnL +4.85R | MFE 5.65R | Capture 86% | 6bars HoldEff +0.809R/bar
2026-07-21 10:44:02,643 - INFO - 📊 EXECUTION AUDIT [CF_EXITED]: trade_id=None, candidate_id=cand_NSE_NIFTY50_INDEX_ORB_15M_24203.25_20260721_101821_ORB_15m_RVOL1.2, payload={'exit_price': 24187.5025, 'exit_reason': 'TRAILING_SL', 'pnl_r': 1.3987120515181954, 'duration_minutes': 25.660671966666666, 'bars_held': 4}
2026-07-21 10:44:02,678 - INFO - 🔴 EXIT (TRAILING_SL) [CFORB_15m_RVOL1.2|1821_ORB_15m_RVOL1.2]: NSE:NIFTY50-INDEX @ 24187.50 | PnL +1.40R | MFE 2.20R | Capture 64% | 4bars HoldEff +0.350R/bar
2026-07-21 10:44:02,678 - INFO - 📊 EXECUTION AUDIT [CF_EXITED]: trade_id=None, candidate_id=cand_NSE_NIFTY50_INDEX_ORB_30M_24203.25_20260721_101821_ORB_30m_RVOL1.2, payload={'exit_price': 24187.5025, 'exit_reason': 'TRAILING_SL', 'pnl_r': 1.3987120515181954, 'duration_minutes': 25.660671966666666, 'bars_held': 4}
2026-07-21 10:44:02,709 - INFO - 🔴 EXIT (TRAILING_SL) [CFORB_30m_RVOL1.2|1821_ORB_30m_RVOL1.2]: NSE:NIFTY50-INDEX @ 24187.50 | PnL +1.40R | MFE 2.20R | Capture 64% | 4bars HoldEff +0.350R/bar
2026-07-21 10:44:04,014 - INFO - 👻 [Structural_v3.2_RVOL1.0] CF BREAKOUT NSE:NIFTY50-INDEX BUY PUT | Rejected: ['LOW_RVOL', 'BIAS_MISMATCH', 'LOW_EFFICIENCY', 'TP_CAPPED']
2026-07-21 10:44:04,014 - INFO - 📊 EXECUTION AUDIT [SIGNAL_GENERATED]: trade_id=None, candidate_id=cand_NSE_NIFTY50_INDEX_BREAKOUT_24135.85_20260721_104000_Structural_v3.2_RVOL1.0, payload={'symbol': 'NSE:NIFTY50-INDEX', 'signal': 'BUY PUT', 'strategy': 'BREAKOUT', 'price': 24188.2, 'stop_loss': 24196.48392857143, 'take_profit': 24105.36071428571, 'tp1': 24175.774107142857, 'rr_ratio': 10.0, 'timestamp': '2026-07-21T10:40:00+05:30', 'accepted': False, 'rejection_reasons': ['LOW_RVOL', 'BIAS_MISMATCH', 'LOW_EFFICIENCY', 'TP_CAPPED'], 'features': {'date': '2026-07-21', 'strategy_name': 'Structural_v3', 'strategy_version': 'v3.2', 'feature_version': 'v1.1', 'market_regime': 'RANGE_LOW_VOL', 'day_type': 'RANGE_DAY', 'session_type': 'MID', 'daily_bias': 'NEUTRAL', 'hourly_bias': 'NEUTRAL', 'trend_strength': 0.0, 'rvol': 0.98, 'atr': 16.57, 'distance_from_supply': 179.1, 'distance_from_demand': 157.92, 'nearest_supply_strength': 71.0, 'nearest_demand_strength': 51.8, 'distance_to_liquidity_pool': 157.92499999999927, 'liquidity_score': 9.8, 'indicator_snapshot': {'rvol_tod': 0.98, 'is_compressed': True, 'bos_count': 0}, 'move_efficiency': 0.4527, 'wickiness': 0.3129, 'fft_score': 0.0, 'setup_type': 'BREAKOUT', 'candidate_id': 'cand_NSE_NIFTY50_INDEX_BREAKOUT_24135.85_20260721_104000', 'ema20': 24212.65, 'ema50': 24221.27, 'move_efficiency_h1': 0.2134, 'ema_bullish': False, 'rsi14': 35.14, 'distance_to_vwap': -0.0015, 'atr_percentile': 0.4304, 'dist_prev_high': -0.0032, 'dist_prev_low': 0.0022}, 'candidate_id': 'cand_NSE_NIFTY50_INDEX_BREAKOUT_24135.85_20260721_104000_Structural_v3.2_RVOL1.0', 'experiment_name': 'Structural_v3.2_RVOL1.0', 'strategy_id': 'structural', 'version': 'v3.2'}
2026-07-21 10:44:05,152 - INFO - Retrieved live premium from Fyers API: LTP=47.75 for NSE:NIFTY2672124200PE
2026-07-21 10:44:05,153 - INFO - Resolved index signal into option contract: OptionContract(symbol='NSE:NIFTY2672124200PE', strike=24200.0, expiry='26721', option_type='PE', premium=47.75, delta=0.5, bid=47.7, ask=47.8, volume=521513070, resolved_at=datetime.datetime(2026, 7, 21, 10, 44, 5, 153237))
2026-07-21 10:44:05,153 - INFO - ⚡ Option strike selection resolved index signal to contract NSE:NIFTY2672124200PE @ premium 47.75 (type: PE, strike: 24200.0)
2026-07-21 10:44:05,153 - INFO - 📊 EXECUTION AUDIT [STRIKE_SELECTED]: trade_id=None, candidate_id=cand_NSE_NIFTY50_INDEX_BREAKOUT_24135.85_20260721_104000_Structural_v3.2_RVOL1.0, payload={'symbol': 'NSE:NIFTY2672124200PE', 'strike': 24200.0, 'expiry': '26721', 'type': 'PE'}
2026-07-21 10:44:05,200 - INFO - 📊 EXECUTION AUDIT [PREMIUM_RETRIEVED]: trade_id=None, candidate_id=cand_NSE_NIFTY50_INDEX_BREAKOUT_24135.85_20260721_104000_Structural_v3.2_RVOL1.0, payload={'premium': 47.75, 'bid': 47.7, 'ask': 47.8}
2026-07-21 10:44:05,222 - INFO - 📊 EXECUTION AUDIT [CF_SUBMITTED]: trade_id=None, candidate_id=cand_NSE_NIFTY50_INDEX_BREAKOUT_24135.85_20260721_104000_Structural_v3.2_RVOL1.0, payload={'price': 24188.2, 'sl': 24196.48392857143, 'tp': 24105.36071428571}
2026-07-21 10:44:05,240 - INFO - 📊 EXECUTION AUDIT [CF_FILLED]: trade_id=None, candidate_id=cand_NSE_NIFTY50_INDEX_BREAKOUT_24135.85_20260721_104000_Structural_v3.2_RVOL1.0, payload={'price': 24188.2, 'sl': 24196.48392857143, 'tp': 24105.36071428571}
2026-07-21 10:44:05,280 - INFO - 🟢 ENTRY [CF|Structural_v3.2_RVOL1.0|uctural_v3.2_RVOL1.0]: NSE:NIFTY50-INDEX BUY PUT @ 24188.20 | SL: 24196.48 TP: 24105.36
2026-07-21 10:44:05,280 - INFO - 👻 [Structural_v3.2_RVOL0.8] CF BREAKOUT NSE:NIFTY50-INDEX BUY PUT | Rejected: ['BIAS_MISMATCH', 'LOW_EFFICIENCY', 'TP_CAPPED']
2026-07-21 10:44:05,281 - INFO - 📊 EXECUTION AUDIT [SIGNAL_GENERATED]: trade_id=None, candidate_id=cand_NSE_NIFTY50_INDEX_BREAKOUT_24135.85_20260721_104000_Structural_v3.2_RVOL0.8, payload={'symbol': 'NSE:NIFTY50-INDEX', 'signal': 'BUY PUT', 'strategy': 'BREAKOUT', 'price': 24188.2, 'stop_loss': 24196.48392857143, 'take_profit': 24105.36071428571, 'tp1': 24175.774107142857, 'rr_ratio': 10.0, 'timestamp': '2026-07-21T10:40:00+05:30', 'accepted': False, 'rejection_reasons': ['BIAS_MISMATCH', 'LOW_EFFICIENCY', 'TP_CAPPED'], 'features': {'date': '2026-07-21', 'strategy_name': 'Structural_v3', 'strategy_version': 'v3.2', 'feature_version': 'v1.1', 'market_regime': 'RANGE_LOW_VOL', 'day_type': 'RANGE_DAY', 'session_type': 'MID', 'daily_bias': 'NEUTRAL', 'hourly_bias': 'NEUTRAL', 'trend_strength': 0.0, 'rvol': 0.98, 'atr': 16.57, 'distance_from_supply': 179.1, 'distance_from_demand': 157.92, 'nearest_supply_strength': 71.0, 'nearest_demand_strength': 51.8, 'distance_to_liquidity_pool': 157.92499999999927, 'liquidity_score': 9.8, 'indicator_snapshot': {'rvol_tod': 0.98, 'is_compressed': True, 'bos_count': 0}, 'move_efficiency': 0.4527, 'wickiness': 0.3129, 'fft_score': 0.0, 'setup_type': 'BREAKOUT', 'candidate_id': 'cand_NSE_NIFTY50_INDEX_BREAKOUT_24135.85_20260721_104000', 'ema20': 24212.65, 'ema50': 24221.27, 'move_efficiency_h1': 0.2134, 'ema_bullish': False, 'rsi14': 35.14, 'distance_to_vwap': -0.0015, 'atr_percentile': 0.4304, 'dist_prev_high': -0.0032, 'dist_prev_low': 0.0022}, 'candidate_id': 'cand_NSE_NIFTY50_INDEX_BREAKOUT_24135.85_20260721_104000_Structural_v3.2_RVOL0.8', 'experiment_name': 'Structural_v3.2_RVOL0.8', 'strategy_id': 'structural', 'version': 'v3.2'}
2026-07-21 10:44:06,671 - INFO - Retrieved live premium from Fyers API: LTP=47.95 for NSE:NIFTY2672124200PE
2026-07-21 10:44:06,674 - INFO - Resolved index signal into option contract: OptionContract(symbol='NSE:NIFTY2672124200PE', strike=24200.0, expiry='26721', option_type='PE', premium=47.95, delta=0.5, bid=47.8, ask=47.95, volume=521619215, resolved_at=datetime.datetime(2026, 7, 21, 10, 44, 6, 671931))
2026-07-21 10:44:06,674 - INFO - ⚡ Option strike selection resolved index signal to contract NSE:NIFTY2672124200PE @ premium 47.95 (type: PE, strike: 24200.0)
2026-07-21 10:44:06,674 - INFO - 📊 EXECUTION AUDIT [STRIKE_SELECTED]: trade_id=None, candidate_id=cand_NSE_NIFTY50_INDEX_BREAKOUT_24135.85_20260721_104000_Structural_v3.2_RVOL0.8, payload={'symbol': 'NSE:NIFTY2672124200PE', 'strike': 24200.0, 'expiry': '26721', 'type': 'PE'}
2026-07-21 10:44:06,706 - INFO - 📊 EXECUTION AUDIT [PREMIUM_RETRIEVED]: trade_id=None, candidate_id=cand_NSE_NIFTY50_INDEX_BREAKOUT_24135.85_20260721_104000_Structural_v3.2_RVOL0.8, payload={'premium': 47.95, 'bid': 47.8, 'ask': 47.95}
2026-07-21 10:44:06,727 - INFO - 📊 EXECUTION AUDIT [CF_SUBMITTED]: trade_id=None, candidate_id=cand_NSE_NIFTY50_INDEX_BREAKOUT_24135.85_20260721_104000_Structural_v3.2_RVOL0.8, payload={'price': 24188.2, 'sl': 24196.48392857143, 'tp': 24105.36071428571}
2026-07-21 10:44:06,746 - INFO - 📊 EXECUTION AUDIT [CF_FILLED]: trade_id=None, candidate_id=cand_NSE_NIFTY50_INDEX_BREAKOUT_24135.85_20260721_104000_Structural_v3.2_RVOL0.8, payload={'price': 24188.2, 'sl': 24196.48392857143, 'tp': 24105.36071428571}
2026-07-21 10:44:06,807 - INFO - 🟢 ENTRY [CF|Structural_v3.2_RVOL0.8|uctural_v3.2_RVOL0.8]: NSE:NIFTY50-INDEX BUY PUT @ 24188.20 | SL: 24196.48 TP: 24105.36
2026-07-21 10:44:06,807 - INFO - 👻 [Geometry_v1.0_Score35] CF TRENDLINE_RETEST NSE:NIFTY50-INDEX BUY CALL | Rejected: ['LOW_RR:-0.11']
2026-07-21 10:44:06,808 - INFO - 📊 EXECUTION AUDIT [SIGNAL_GENERATED]: trade_id=None, candidate_id=cand_NSE_NIFTY50_INDEX_TRENDLINE_RETEST_24188.20_202607211044_Geometry_v1.0_Score35, payload={'symbol': 'NSE:NIFTY50-INDEX', 'candidate_id': 'cand_NSE_NIFTY50_INDEX_TRENDLINE_RETEST_24188.20_202607211044_Geometry_v1.0_Score35', 'experiment_name': 'Geometry_v1.0_Score35', 'strategy_id': 'geometry', 'version': 'v1.0', 'signal': 'BUY CALL', 'strategy': 'TRENDLINE_RETEST', 'price': 24188.2, 'stop_loss': 24172.56, 'take_profit': 24186.5, 'tp1': 24211.65, 'rr_ratio': -0.11, 'timestamp': '2026-07-21T10:44:01.637983+05:30', 'zone_band_low': None, 'zone_band_high': None, 'zone_direction': None, 'zone_component_count': 0, 'accepted': False, 'rejection_reasons': ['LOW_RR:-0.11'], 'stop_loss_distance': 15.64, 'atr': 16.57, 'confidence': 0.705, 'diagnostics': {'trendline_id': 'tl_14a7a08438d6cf59', 'trendline_confidence': 0.762, 'trendline_r2': 0.954, 'trendline_touches': 27, 'trendline_price_at_now': 24230.53, 'dist_pct': 0.00175, 'narrative_bias': 'CONTINUATION', 'bias_confidence': 0.6}, 'features': {}}
2026-07-21 10:44:08,177 - INFO - Retrieved live premium from Fyers API: LTP=33.85 for NSE:NIFTY2672124200CE
2026-07-21 10:44:08,178 - INFO - Resolved index signal into option contract: OptionContract(symbol='NSE:NIFTY2672124200CE', strike=24200.0, expiry='26721', option_type='CE', premium=33.85, delta=0.5, bid=33.5, ask=33.6, volume=332274800, resolved_at=datetime.datetime(2026, 7, 21, 10, 44, 8, 177972))
2026-07-21 10:44:08,178 - INFO - ⚡ Option strike selection resolved index signal to contract NSE:NIFTY2672124200CE @ premium 33.85 (type: CE, strike: 24200.0)
2026-07-21 10:44:08,178 - INFO - 📊 EXECUTION AUDIT [STRIKE_SELECTED]: trade_id=None, candidate_id=cand_NSE_NIFTY50_INDEX_TRENDLINE_RETEST_24188.20_202607211044_Geometry_v1.0_Score35, payload={'symbol': 'NSE:NIFTY2672124200CE', 'strike': 24200.0, 'expiry': '26721', 'type': 'CE'}
2026-07-21 10:44:08,210 - INFO - 📊 EXECUTION AUDIT [PREMIUM_RETRIEVED]: trade_id=None, candidate_id=cand_NSE_NIFTY50_INDEX_TRENDLINE_RETEST_24188.20_202607211044_Geometry_v1.0_Score35, payload={'premium': 33.85, 'bid': 33.5, 'ask': 33.6}
2026-07-21 10:44:08,236 - INFO - 📊 EXECUTION AUDIT [CF_SUBMITTED]: trade_id=None, candidate_id=cand_NSE_NIFTY50_INDEX_TRENDLINE_RETEST_24188.20_202607211044_Geometry_v1.0_Score35, payload={'price': 24188.2, 'sl': 24172.56, 'tp': 24186.5}
2026-07-21 10:44:08,258 - INFO - 📊 EXECUTION AUDIT [CF_FILLED]: trade_id=None, candidate_id=cand_NSE_NIFTY50_INDEX_TRENDLINE_RETEST_24188.20_202607211044_Geometry_v1.0_Score35, payload={'price': 24188.2, 'sl': 24172.56, 'tp': 24186.5}
2026-07-21 10:44:08,316 - INFO - 🟢 ENTRY [CF|Geometry_v1.0_Score35|eometry_v1.0_Score35]: NSE:NIFTY50-INDEX BUY CALL @ 24188.20 | SL: 24172.56 TP: 24186.50
2026-07-21 10:44:08,316 - INFO - 👻 [Geometry_v1.0_Score50] CF TRENDLINE_RETEST NSE:NIFTY50-INDEX BUY CALL | Rejected: ['LOW_RR:-0.11']
2026-07-21 10:44:08,316 - INFO - 📊 EXECUTION AUDIT [SIGNAL_GENERATED]: trade_id=None, candidate_id=cand_NSE_NIFTY50_INDEX_TRENDLINE_RETEST_24188.20_202607211044_Geometry_v1.0_Score50, payload={'symbol': 'NSE:NIFTY50-INDEX', 'candidate_id': 'cand_NSE_NIFTY50_INDEX_TRENDLINE_RETEST_24188.20_202607211044_Geometry_v1.0_Score50', 'experiment_name': 'Geometry_v1.0_Score50', 'strategy_id': 'geometry', 'version': 'v1.0', 'signal': 'BUY CALL', 'strategy': 'TRENDLINE_RETEST', 'price': 24188.2, 'stop_loss': 24172.56, 'take_profit': 24186.5, 'tp1': 24211.65, 'rr_ratio': -0.11, 'timestamp': '2026-07-21T10:44:01.637983+05:30', 'zone_band_low': None, 'zone_band_high': None, 'zone_direction': None, 'zone_component_count': 0, 'accepted': False, 'rejection_reasons': ['LOW_RR:-0.11'], 'stop_loss_distance': 15.64, 'atr': 16.57, 'confidence': 0.705, 'diagnostics': {'trendline_id': 'tl_14a7a08438d6cf59', 'trendline_confidence': 0.762, 'trendline_r2': 0.954, 'trendline_touches': 27, 'trendline_price_at_now': 24230.53, 'dist_pct': 0.00175, 'narrative_bias': 'CONTINUATION', 'bias_confidence': 0.6}, 'features': {}}
2026-07-21 10:44:09,714 - INFO - Retrieved live premium from Fyers API: LTP=33.6 for NSE:NIFTY2672124200CE
2026-07-21 10:44:09,714 - INFO - Resolved index signal into option contract: OptionContract(symbol='NSE:NIFTY2672124200CE', strike=24200.0, expiry='26721', option_type='CE', premium=33.6, delta=0.5, bid=33.65, ask=33.7, volume=332386145, resolved_at=datetime.datetime(2026, 7, 21, 10, 44, 9, 714846))
2026-07-21 10:44:09,715 - INFO - ⚡ Option strike selection resolved index signal to contract NSE:NIFTY2672124200CE @ premium 33.6 (type: CE, strike: 24200.0)
2026-07-21 10:44:09,715 - INFO - 📊 EXECUTION AUDIT [STRIKE_SELECTED]: trade_id=None, candidate_id=cand_NSE_NIFTY50_INDEX_TRENDLINE_RETEST_24188.20_202607211044_Geometry_v1.0_Score50, payload={'symbol': 'NSE:NIFTY2672124200CE', 'strike': 24200.0, 'expiry': '26721', 'type': 'CE'}
2026-07-21 10:44:09,745 - INFO - 📊 EXECUTION AUDIT [PREMIUM_RETRIEVED]: trade_id=None, candidate_id=cand_NSE_NIFTY50_INDEX_TRENDLINE_RETEST_24188.20_202607211044_Geometry_v1.0_Score50, payload={'premium': 33.6, 'bid': 33.65, 'ask': 33.7}
2026-07-21 10:44:09,767 - INFO - 📊 EXECUTION AUDIT [CF_SUBMITTED]: trade_id=None, candidate_id=cand_NSE_NIFTY50_INDEX_TRENDLINE_RETEST_24188.20_202607211044_Geometry_v1.0_Score50, payload={'price': 24188.2, 'sl': 24172.56, 'tp': 24186.5}
2026-07-21 10:44:09,793 - INFO - 📊 EXECUTION AUDIT [CF_FILLED]: trade_id=None, candidate_id=cand_NSE_NIFTY50_INDEX_TRENDLINE_RETEST_24188.20_202607211044_Geometry_v1.0_Score50, payload={'price': 24188.2, 'sl': 24172.56, 'tp': 24186.5}
2026-07-21 10:44:09,869 - INFO - 🟢 ENTRY [CF|Geometry_v1.0_Score50|eometry_v1.0_Score50]: NSE:NIFTY50-INDEX BUY CALL @ 24188.20 | SL: 24172.56 TP: 24186.50
2026-07-21 10:44:11,076 - INFO - 👻 [Structural_v3.2_RVOL1.0] CF BREAKOUT NSE:NIFTYBANK-INDEX BUY PUT | Rejected: ['BIAS_MISMATCH', 'LOW_EFFICIENCY', 'TP_CAPPED']
2026-07-21 10:44:11,076 - INFO - 📊 EXECUTION AUDIT [SIGNAL_GENERATED]: trade_id=None, candidate_id=cand_NSE_NIFTYBANK_INDEX_BREAKOUT_57912.55_20260721_104000_Structural_v3.2_RVOL1.0, payload={'symbol': 'NSE:NIFTYBANK-INDEX', 'signal': 'BUY PUT', 'strategy': 'BREAKOUT', 'price': 57958.4, 'stop_loss': 57990.28392857143, 'take_profit': 57639.56071428569, 'tp1': 57910.574107142864, 'rr_ratio': 10.0, 'timestamp': '2026-07-21T10:40:00+05:30', 'accepted': False, 'rejection_reasons': ['BIAS_MISMATCH', 'LOW_EFFICIENCY', 'TP_CAPPED'], 'features': {'date': '2026-07-21', 'strategy_name': 'Structural_v3', 'strategy_version': 'v3.2', 'feature_version': 'v1.1', 'market_regime': 'RANGE', 'day_type': 'RANGE_DAY', 'session_type': 'MID', 'daily_bias': 'BULLISH', 'hourly_bias': 'NEUTRAL', 'trend_strength': 0.0, 'rvol': 1.12, 'atr': 63.77, 'distance_from_supply': 638.45, 'distance_from_demand': 671.5, 'nearest_supply_strength': 59.2, 'nearest_demand_strength': 54.6, 'distance_to_liquidity_pool': 638.4499999999971, 'liquidity_score': 11.200000000000001, 'indicator_snapshot': {'rvol_tod': 1.12, 'is_compressed': True, 'bos_count': 0}, 'move_efficiency': 0.0889, 'wickiness': 0.3876, 'fft_score': 0.0, 'setup_type': 'BREAKOUT', 'candidate_id': 'cand_NSE_NIFTYBANK_INDEX_BREAKOUT_57912.55_20260721_104000', 'ema20': 57972.6, 'ema50': 57942.44, 'move_efficiency_h1': 0.0281, 'ema_bullish': True, 'rsi14': 41.21, 'distance_to_vwap': -0.0013, 'atr_percentile': 0.5913, 'dist_prev_high': -0.0026, 'dist_prev_low': 0.0074}, 'candidate_id': 'cand_NSE_NIFTYBANK_INDEX_BREAKOUT_57912.55_20260721_104000_Structural_v3.2_RVOL1.0', 'experiment_name': 'Structural_v3.2_RVOL1.0', 'strategy_id': 'structural', 'version': 'v3.2'}
2026-07-21 10:44:12,216 - INFO - Retrieved live premium from Fyers API: LTP=460.4 for NSE:BANKNIFTY26JUL58000PE
2026-07-21 10:44:12,217 - INFO - Resolved index signal into option contract: OptionContract(symbol='NSE:BANKNIFTY26JUL58000PE', strike=58000.0, expiry='26JUL', option_type='PE', premium=460.4, delta=0.5, bid=458.85, ask=460.35, volume=2528520, resolved_at=datetime.datetime(2026, 7, 21, 10, 44, 12, 217052))
2026-07-21 10:44:12,217 - INFO - ⚡ Option strike selection resolved index signal to contract NSE:BANKNIFTY26JUL58000PE @ premium 460.4 (type: PE, strike: 58000.0)
2026-07-21 10:44:12,217 - INFO - 📊 EXECUTION AUDIT [STRIKE_SELECTED]: trade_id=None, candidate_id=cand_NSE_NIFTYBANK_INDEX_BREAKOUT_57912.55_20260721_104000_Structural_v3.2_RVOL1.0, payload={'symbol': 'NSE:BANKNIFTY26JUL58000PE', 'strike': 58000.0, 'expiry': '26JUL', 'type': 'PE'}
2026-07-21 10:44:12,255 - INFO - 📊 EXECUTION AUDIT [PREMIUM_RETRIEVED]: trade_id=None, candidate_id=cand_NSE_NIFTYBANK_INDEX_BREAKOUT_57912.55_20260721_104000_Structural_v3.2_RVOL1.0, payload={'premium': 460.4, 'bid': 458.85, 'ask': 460.35}
2026-07-21 10:44:12,278 - INFO - 📊 EXECUTION AUDIT [CF_SUBMITTED]: trade_id=None, candidate_id=cand_NSE_NIFTYBANK_INDEX_BREAKOUT_57912.55_20260721_104000_Structural_v3.2_RVOL1.0, payload={'price': 57958.4, 'sl': 57990.28392857143, 'tp': 57639.56071428569}
2026-07-21 10:44:12,296 - INFO - 📊 EXECUTION AUDIT [CF_FILLED]: trade_id=None, candidate_id=cand_NSE_NIFTYBANK_INDEX_BREAKOUT_57912.55_20260721_104000_Structural_v3.2_RVOL1.0, payload={'price': 57958.4, 'sl': 57990.28392857143, 'tp': 57639.56071428569}
2026-07-21 10:44:12,349 - INFO - 🟢 ENTRY [CF|Structural_v3.2_RVOL1.0|uctural_v3.2_RVOL1.0]: NSE:NIFTYBANK-INDEX BUY PUT @ 57958.40 | SL: 57990.28 TP: 57639.56
2026-07-21 10:44:12,349 - INFO - 👻 [Structural_v3.2_RVOL0.8] CF BREAKOUT NSE:NIFTYBANK-INDEX BUY PUT | Rejected: ['BIAS_MISMATCH', 'LOW_EFFICIENCY', 'TP_CAPPED']
2026-07-21 10:44:12,349 - INFO - 📊 EXECUTION AUDIT [SIGNAL_GENERATED]: trade_id=None, candidate_id=cand_NSE_NIFTYBANK_INDEX_BREAKOUT_57912.55_20260721_104000_Structural_v3.2_RVOL0.8, payload={'symbol': 'NSE:NIFTYBANK-INDEX', 'signal': 'BUY PUT', 'strategy': 'BREAKOUT', 'price': 57958.4, 'stop_loss': 57990.28392857143, 'take_profit': 57639.56071428569, 'tp1': 57910.574107142864, 'rr_ratio': 10.0, 'timestamp': '2026-07-21T10:40:00+05:30', 'accepted': False, 'rejection_reasons': ['BIAS_MISMATCH', 'LOW_EFFICIENCY', 'TP_CAPPED'], 'features': {'date': '2026-07-21', 'strategy_name': 'Structural_v3', 'strategy_version': 'v3.2', 'feature_version': 'v1.1', 'market_regime': 'RANGE', 'day_type': 'RANGE_DAY', 'session_type': 'MID', 'daily_bias': 'BULLISH', 'hourly_bias': 'NEUTRAL', 'trend_strength': 0.0, 'rvol': 1.12, 'atr': 63.77, 'distance_from_supply': 638.45, 'distance_from_demand': 671.5, 'nearest_supply_strength': 59.2, 'nearest_demand_strength': 54.6, 'distance_to_liquidity_pool': 638.4499999999971, 'liquidity_score': 11.200000000000001, 'indicator_snapshot': {'rvol_tod': 1.12, 'is_compressed': True, 'bos_count': 0}, 'move_efficiency': 0.0889, 'wickiness': 0.3876, 'fft_score': 0.0, 'setup_type': 'BREAKOUT', 'candidate_id': 'cand_NSE_NIFTYBANK_INDEX_BREAKOUT_57912.55_20260721_104000', 'ema20': 57972.6, 'ema50': 57942.44, 'move_efficiency_h1': 0.0281, 'ema_bullish': True, 'rsi14': 41.21, 'distance_to_vwap': -0.0013, 'atr_percentile': 0.5913, 'dist_prev_high': -0.0026, 'dist_prev_low': 0.0074}, 'candidate_id': 'cand_NSE_NIFTYBANK_INDEX_BREAKOUT_57912.55_20260721_104000_Structural_v3.2_RVOL0.8', 'experiment_name': 'Structural_v3.2_RVOL0.8', 'strategy_id': 'structural', 'version': 'v3.2'}
2026-07-21 10:44:13,738 - INFO - Retrieved live premium from Fyers API: LTP=460.1 for NSE:BANKNIFTY26JUL58000PE
2026-07-21 10:44:13,739 - INFO - Resolved index signal into option contract: OptionContract(symbol='NSE:BANKNIFTY26JUL58000PE', strike=58000.0, expiry='26JUL', option_type='PE', premium=460.1, delta=0.5, bid=459.0, ask=460.1, volume=2528730, resolved_at=datetime.datetime(2026, 7, 21, 10, 44, 13, 739377))
2026-07-21 10:44:13,739 - INFO - ⚡ Option strike selection resolved index signal to contract NSE:BANKNIFTY26JUL58000PE @ premium 460.1 (type: PE, strike: 58000.0)
2026-07-21 10:44:13,739 - INFO - 📊 EXECUTION AUDIT [STRIKE_SELECTED]: trade_id=None, candidate_id=cand_NSE_NIFTYBANK_INDEX_BREAKOUT_57912.55_20260721_104000_Structural_v3.2_RVOL0.8, payload={'symbol': 'NSE:BANKNIFTY26JUL58000PE', 'strike': 58000.0, 'expiry': '26JUL', 'type': 'PE'}
2026-07-21 10:44:13,776 - INFO - 📊 EXECUTION AUDIT [PREMIUM_RETRIEVED]: trade_id=None, candidate_id=cand_NSE_NIFTYBANK_INDEX_BREAKOUT_57912.55_20260721_104000_Structural_v3.2_RVOL0.8, payload={'premium': 460.1, 'bid': 459.0, 'ask': 460.1}
2026-07-21 10:44:13,802 - INFO - 📊 EXECUTION AUDIT [CF_SUBMITTED]: trade_id=None, candidate_id=cand_NSE_NIFTYBANK_INDEX_BREAKOUT_57912.55_20260721_104000_Structural_v3.2_RVOL0.8, payload={'price': 57958.4, 'sl': 57990.28392857143, 'tp': 57639.56071428569}
2026-07-21 10:44:13,823 - INFO - 📊 EXECUTION AUDIT [CF_FILLED]: trade_id=None, candidate_id=cand_NSE_NIFTYBANK_INDEX_BREAKOUT_57912.55_20260721_104000_Structural_v3.2_RVOL0.8, payload={'price': 57958.4, 'sl': 57990.28392857143, 'tp': 57639.56071428569}
2026-07-21 10:44:13,881 - INFO - 🟢 ENTRY [CF|Structural_v3.2_RVOL0.8|uctural_v3.2_RVOL0.8]: NSE:NIFTYBANK-INDEX BUY PUT @ 57958.40 | SL: 57990.28 TP: 57639.56
2026-07-21 10:44:13,882 - INFO - 👻 [EMA_Pullback_20_50_RVOL1.0] CF PULLBACK NSE:NIFTYBANK-INDEX BUY CALL | Rejected: ['LOW_EFFICIENCY', 'TP_CAPPED']
2026-07-21 10:44:13,882 - INFO - 📊 EXECUTION AUDIT [SIGNAL_GENERATED]: trade_id=None, candidate_id=cand_NSE_NIFTYBANK_INDEX_EMAPULL_57958.40_20260721_104401_EMA_Pullback_20_50_RVOL1.0, payload={'symbol': 'NSE:NIFTYBANK-INDEX', 'signal': 'BUY CALL', 'strategy': 'PULLBACK', 'price': 57958.4, 'stop_loss': 57926.515, 'take_profit': 58277.25, 'tp1': 58006.22750000001, 'rr_ratio': 10.0, 'timestamp': '2026-07-21T10:44:01.637983+05:30', 'accepted': False, 'rejection_reasons': ['LOW_EFFICIENCY', 'TP_CAPPED'], 'features': {'atr': 63.77, 'ema20': 57972.6, 'ema50': 57942.44, 'move_efficiency': 0.0889, 'move_efficiency_h1': 0.0281, 'wickiness': 0.3876, 'ema_bullish': True, 'rsi14': 41.21, 'distance_to_vwap': -0.0013, 'atr_percentile': 0.5913, 'dist_prev_high': -0.0026, 'dist_prev_low': 0.0074}, 'candidate_id': 'cand_NSE_NIFTYBANK_INDEX_EMAPULL_57958.40_20260721_104401_EMA_Pullback_20_50_RVOL1.0', 'confidence': 0.5, 'diagnostics': {'ema_distance': -0.00024, 'ema20': 57972.6, 'ema50': 57942.44, 'move_efficiency': 0.089, 'rvol': 1.12, 'atr': 63.77, 'atr_percentile': 0.591, 'distance_to_vwap': -0.0013}, 'experiment_name': 'EMA_Pullback_20_50_RVOL1.0', 'strategy_id': 'ema_pullback', 'version': 'v1.0'}
2026-07-21 10:44:15,238 - INFO - Retrieved live premium from Fyers API: LTP=512.8 for NSE:BANKNIFTY26JUL58000CE
2026-07-21 10:44:15,239 - INFO - Resolved index signal into option contract: OptionContract(symbol='NSE:BANKNIFTY26JUL58000CE', strike=58000.0, expiry='26JUL', option_type='CE', premium=512.8, delta=0.5, bid=510.9, ask=512.4, volume=2938230, resolved_at=datetime.datetime(2026, 7, 21, 10, 44, 15, 239556))
2026-07-21 10:44:15,240 - INFO - ⚡ Option strike selection resolved index signal to contract NSE:BANKNIFTY26JUL58000CE @ premium 512.8 (type: CE, strike: 58000.0)
2026-07-21 10:44:15,240 - INFO - 📊 EXECUTION AUDIT [STRIKE_SELECTED]: trade_id=None, candidate_id=cand_NSE_NIFTYBANK_INDEX_EMAPULL_57958.40_20260721_104401_EMA_Pullback_20_50_RVOL1.0, payload={'symbol': 'NSE:BANKNIFTY26JUL58000CE', 'strike': 58000.0, 'expiry': '26JUL', 'type': 'CE'}
2026-07-21 10:44:15,277 - INFO - 📊 EXECUTION AUDIT [PREMIUM_RETRIEVED]: trade_id=None, candidate_id=cand_NSE_NIFTYBANK_INDEX_EMAPULL_57958.40_20260721_104401_EMA_Pullback_20_50_RVOL1.0, payload={'premium': 512.8, 'bid': 510.9, 'ask': 512.4}
2026-07-21 10:44:15,300 - INFO - 📊 EXECUTION AUDIT [CF_SUBMITTED]: trade_id=None, candidate_id=cand_NSE_NIFTYBANK_INDEX_EMAPULL_57958.40_20260721_104401_EMA_Pullback_20_50_RVOL1.0, payload={'price': 57958.4, 'sl': 57926.515, 'tp': 58277.25}
2026-07-21 10:44:15,320 - INFO - 📊 EXECUTION AUDIT [CF_FILLED]: trade_id=None, candidate_id=cand_NSE_NIFTYBANK_INDEX_EMAPULL_57958.40_20260721_104401_EMA_Pullback_20_50_RVOL1.0, payload={'price': 57958.4, 'sl': 57926.515, 'tp': 58277.25}
2026-07-21 10:44:15,360 - INFO - 🟢 ENTRY [CF|EMA_Pullback_20_50_RVOL1.0|llback_20_50_RVOL1.0]: NSE:NIFTYBANK-INDEX BUY CALL @ 57958.40 | SL: 57926.51 TP: 58277.25
2026-07-21 10:49:15,465 - INFO - --- 10:49:15 Market Pulse ---
2026-07-21 10:49:16,086 - INFO - 📊 EXECUTION AUDIT [CF_TP_EXPANDED]: trade_id=None, candidate_id=cand_NSE_NIFTY50_INDEX_TRENDLINE_RETEST_24226.90_202607210958_Geometry_v1.0_Score35, payload={'price': 24176.15, 'old_sl': 24191.459999999995, 'new_sl': 24188.26, 'old_tp': 24178.970000000012, 'new_tp': 24166.860000000015, 'reason': 'TP_EXPANSION'}
2026-07-21 10:49:16,177 - INFO - 🟡 UPDATE (TP_EXPANSION) [CFGeometry_v1.0_Score35|eometry_v1.0_Score35]: NSE:NIFTY50-INDEX @ 24176.15 | SL→24188.26 TP→24166.86
2026-07-21 10:49:16,178 - INFO - 📊 EXECUTION AUDIT [CF_TP_EXPANDED]: trade_id=None, candidate_id=cand_NSE_NIFTY50_INDEX_TRENDLINE_RETEST_24226.90_202607210958_Geometry_v1.0_Score50, payload={'price': 24176.15, 'old_sl': 24191.459999999995, 'new_sl': 24188.26, 'old_tp': 24178.970000000012, 'new_tp': 24166.860000000015, 'reason': 'TP_EXPANSION'}
2026-07-21 10:49:16,227 - INFO - 🟡 UPDATE (TP_EXPANSION) [CFGeometry_v1.0_Score50|eometry_v1.0_Score50]: NSE:NIFTY50-INDEX @ 24176.15 | SL→24188.26 TP→24166.86
2026-07-21 10:49:16,228 - INFO - 📊 EXECUTION AUDIT [CF_SL_MODIFIED]: trade_id=None, candidate_id=cand_NSE_NIFTY50_INDEX_BREAKOUT_24135.85_20260721_104000_Structural_v3.2_RVOL1.0, payload={'price': 24176.15, 'old_sl': 24196.48392857143, 'new_sl': 24184.43392857143, 'old_tp': None, 'new_tp': 24105.36071428571, 'reason': 'TRAILING_SL'}
2026-07-21 10:49:16,267 - INFO - 🟡 UPDATE (TRAILING_SL) [CFStructural_v3.2_RVOL1.0|uctural_v3.2_RVOL1.0]: NSE:NIFTY50-INDEX @ 24176.15 | SL→24184.43 TP→24105.36
2026-07-21 10:49:16,267 - INFO - 📊 EXECUTION AUDIT [CF_SL_MODIFIED]: trade_id=None, candidate_id=cand_NSE_NIFTY50_INDEX_BREAKOUT_24135.85_20260721_104000_Structural_v3.2_RVOL0.8, payload={'price': 24176.15, 'old_sl': 24196.48392857143, 'new_sl': 24184.43392857143, 'old_tp': None, 'new_tp': 24105.36071428571, 'reason': 'TRAILING_SL'}
2026-07-21 10:49:16,306 - INFO - 🟡 UPDATE (TRAILING_SL) [CFStructural_v3.2_RVOL0.8|uctural_v3.2_RVOL0.8]: NSE:NIFTY50-INDEX @ 24176.15 | SL→24184.43 TP→24105.36
2026-07-21 10:49:16,307 - INFO - 📊 EXECUTION AUDIT [CF_SL_MODIFIED]: trade_id=None, candidate_id=cand_NSE_NIFTYBANK_INDEX_BREAKOUT_57912.55_20260721_104000_Structural_v3.2_RVOL1.0, payload={'price': 57913.2, 'old_sl': 57990.28392857143, 'new_sl': 57945.083928571425, 'old_tp': None, 'new_tp': 57639.56071428569, 'reason': 'TRAILING_SL'}
2026-07-21 10:49:16,345 - INFO - 🟡 UPDATE (TRAILING_SL) [CFStructural_v3.2_RVOL1.0|uctural_v3.2_RVOL1.0]: NSE:NIFTYBANK-INDEX @ 57913.20 | SL→57945.08 TP→57639.56
2026-07-21 10:49:16,345 - INFO - 📊 EXECUTION AUDIT [CF_SL_MODIFIED]: trade_id=None, candidate_id=cand_NSE_NIFTYBANK_INDEX_BREAKOUT_57912.55_20260721_104000_Structural_v3.2_RVOL0.8, payload={'price': 57913.2, 'old_sl': 57990.28392857143, 'new_sl': 57945.083928571425, 'old_tp': None, 'new_tp': 57639.56071428569, 'reason': 'TRAILING_SL'}
2026-07-21 10:49:16,379 - INFO - 🟡 UPDATE (TRAILING_SL) [CFStructural_v3.2_RVOL0.8|uctural_v3.2_RVOL0.8]: NSE:NIFTYBANK-INDEX @ 57913.20 | SL→57945.08 TP→57639.56
2026-07-21 10:49:16,379 - INFO - 📊 EXECUTION AUDIT [CF_EXITED]: trade_id=None, candidate_id=cand_NSE_NIFTYBANK_INDEX_EMAPULL_57958.40_20260721_104401_EMA_Pullback_20_50_RVOL1.0, payload={'exit_price': 57926.515, 'exit_reason': 'INITIAL_SL', 'pnl_r': -1.05, 'duration_minutes': 5.2304607333333335, 'bars_held': 1}
2026-07-21 10:49:16,414 - INFO - 🔴 EXIT (INITIAL_SL) [CFEMA_Pullback_20_50_RVOL1.0|llback_20_50_RVOL1.0]: NSE:NIFTYBANK-INDEX @ 57926.51 | PnL -1.05R | MFE 0.00R | Capture N/A | 1bars HoldEff -1.050R/bar
2026-07-21 10:49:18,952 - INFO - 👻 [EMA_Pullback_20_50_RVOL1.0] CF PULLBACK NSE:NIFTYBANK-INDEX BUY CALL | Rejected: ['LOW_EFFICIENCY', 'TP_CAPPED']
2026-07-21 10:49:18,952 - INFO - 📊 EXECUTION AUDIT [SIGNAL_GENERATED]: trade_id=None, candidate_id=cand_NSE_NIFTYBANK_INDEX_EMAPULL_57913.20_20260721_104915_EMA_Pullback_20_50_RVOL1.0, payload={'symbol': 'NSE:NIFTYBANK-INDEX', 'signal': 'BUY CALL', 'strategy': 'PULLBACK', 'price': 57913.2, 'stop_loss': 57882.06, 'take_profit': 58224.6, 'tp1': 57959.909999999996, 'rr_ratio': 10.0, 'timestamp': '2026-07-21T10:49:15.465627+05:30', 'accepted': False, 'rejection_reasons': ['LOW_EFFICIENCY', 'TP_CAPPED'], 'features': {'atr': 62.28, 'ema20': 57965.4, 'ema50': 57940.61, 'move_efficiency': 0.0835, 'move_efficiency_h1': 0.0354, 'wickiness': 0.3899, 'ema_bullish': True, 'rsi14': 39.62, 'distance_to_vwap': -0.002, 'atr_percentile': 0.5801, 'dist_prev_high': -0.0034, 'dist_prev_low': 0.0066}, 'candidate_id': 'cand_NSE_NIFTYBANK_INDEX_EMAPULL_57913.20_20260721_104915_EMA_Pullback_20_50_RVOL1.0', 'confidence': 0.5, 'diagnostics': {'ema_distance': -0.0009, 'ema20': 57965.4, 'ema50': 57940.61, 'move_efficiency': 0.084, 'rvol': 1.14, 'atr': 62.28, 'atr_percentile': 0.58, 'distance_to_vwap': -0.002}, 'experiment_name': 'EMA_Pullback_20_50_RVOL1.0', 'strategy_id': 'ema_pullback', 'version': 'v1.0'}
2026-07-21 10:49:20,090 - INFO - Retrieved live premium from Fyers API: LTP=545.0 for NSE:BANKNIFTY26JUL57900CE
2026-07-21 10:49:20,090 - INFO - Resolved index signal into option contract: OptionContract(symbol='NSE:BANKNIFTY26JUL57900CE', strike=57900.0, expiry='26JUL', option_type='CE', premium=545.0, delta=0.5, bid=545.0, ask=546.15, volume=735000, resolved_at=datetime.datetime(2026, 7, 21, 10, 49, 20, 90647))
2026-07-21 10:49:20,091 - INFO - ⚡ Option strike selection resolved index signal to contract NSE:BANKNIFTY26JUL57900CE @ premium 545.0 (type: CE, strike: 57900.0)
2026-07-21 10:49:20,091 - INFO - 📊 EXECUTION AUDIT [STRIKE_SELECTED]: trade_id=None, candidate_id=cand_NSE_NIFTYBANK_INDEX_EMAPULL_57913.20_20260721_104915_EMA_Pullback_20_50_RVOL1.0, payload={'symbol': 'NSE:BANKNIFTY26JUL57900CE', 'strike': 57900.0, 'expiry': '26JUL', 'type': 'CE'}
2026-07-21 10:49:20,133 - INFO - 📊 EXECUTION AUDIT [PREMIUM_RETRIEVED]: trade_id=None, candidate_id=cand_NSE_NIFTYBANK_INDEX_EMAPULL_57913.20_20260721_104915_EMA_Pullback_20_50_RVOL1.0, payload={'premium': 545.0, 'bid': 545.0, 'ask': 546.15}
2026-07-21 10:49:20,154 - INFO - 📊 EXECUTION AUDIT [CF_SUBMITTED]: trade_id=None, candidate_id=cand_NSE_NIFTYBANK_INDEX_EMAPULL_57913.20_20260721_104915_EMA_Pullback_20_50_RVOL1.0, payload={'price': 57913.2, 'sl': 57882.06, 'tp': 58224.6}
2026-07-21 10:49:20,169 - INFO - 📊 EXECUTION AUDIT [CF_FILLED]: trade_id=None, candidate_id=cand_NSE_NIFTYBANK_INDEX_EMAPULL_57913.20_20260721_104915_EMA_Pullback_20_50_RVOL1.0, payload={'price': 57913.2, 'sl': 57882.06, 'tp': 58224.6}
2026-07-21 10:49:20,209 - INFO - 🟢 ENTRY [CF|EMA_Pullback_20_50_RVOL1.0|llback_20_50_RVOL1.0]: NSE:NIFTYBANK-INDEX BUY CALL @ 57913.20 | SL: 57882.06 TP: 58224.60
2026-07-21 10:54:20,603 - INFO - --- 10:54:20 Market Pulse ---
2026-07-21 10:54:21,314 - INFO - 📊 EXECUTION AUDIT [CF_SL_MODIFIED]: trade_id=None, candidate_id=cand_NSE_NIFTY50_INDEX_TRENDLINE_RETEST_24226.90_202607210958_Geometry_v1.0_Score35, payload={'price': 24167.15, 'old_sl': 24188.26, 'new_sl': 24176.2325, 'old_tp': None, 'new_tp': 24166.860000000015, 'reason': 'TRAILING_SL'}
2026-07-21 10:54:21,389 - INFO - 🟡 UPDATE (TRAILING_SL) [CFGeometry_v1.0_Score35|eometry_v1.0_Score35]: NSE:NIFTY50-INDEX @ 24167.15 | SL→24176.23 TP→24166.86
2026-07-21 10:54:21,390 - INFO - 📊 EXECUTION AUDIT [CF_SL_MODIFIED]: trade_id=None, candidate_id=cand_NSE_NIFTY50_INDEX_TRENDLINE_RETEST_24226.90_202607210958_Geometry_v1.0_Score50, payload={'price': 24167.15, 'old_sl': 24188.26, 'new_sl': 24176.2325, 'old_tp': None, 'new_tp': 24166.860000000015, 'reason': 'TRAILING_SL'}
2026-07-21 10:54:21,434 - INFO - 🟡 UPDATE (TRAILING_SL) [CFGeometry_v1.0_Score50|eometry_v1.0_Score50]: NSE:NIFTY50-INDEX @ 24167.15 | SL→24176.23 TP→24166.86
2026-07-21 10:54:21,435 - INFO - 📊 EXECUTION AUDIT [CF_SL_MODIFIED]: trade_id=None, candidate_id=cand_NSE_NIFTY50_INDEX_BREAKOUT_24135.85_20260721_104000_Structural_v3.2_RVOL1.0, payload={'price': 24167.15, 'old_sl': 24184.43392857143, 'new_sl': 24173.362946428573, 'old_tp': None, 'new_tp': 24105.36071428571, 'reason': 'TRAILING_SL'}
2026-07-21 10:54:21,476 - INFO - 🟡 UPDATE (TRAILING_SL) [CFStructural_v3.2_RVOL1.0|uctural_v3.2_RVOL1.0]: NSE:NIFTY50-INDEX @ 24167.15 | SL→24173.36 TP→24105.36
2026-07-21 10:54:21,477 - INFO - 📊 EXECUTION AUDIT [CF_SL_MODIFIED]: trade_id=None, candidate_id=cand_NSE_NIFTY50_INDEX_BREAKOUT_24135.85_20260721_104000_Structural_v3.2_RVOL0.8, payload={'price': 24167.15, 'old_sl': 24184.43392857143, 'new_sl': 24173.362946428573, 'old_tp': None, 'new_tp': 24105.36071428571, 'reason': 'TRAILING_SL'}
2026-07-21 10:54:21,516 - INFO - 🟡 UPDATE (TRAILING_SL) [CFStructural_v3.2_RVOL0.8|uctural_v3.2_RVOL0.8]: NSE:NIFTY50-INDEX @ 24167.15 | SL→24173.36 TP→24105.36
2026-07-21 10:54:21,516 - INFO - 📊 EXECUTION AUDIT [CF_EXITED]: trade_id=None, candidate_id=cand_NSE_NIFTY50_INDEX_TRENDLINE_RETEST_24188.20_202607211044_Geometry_v1.0_Score35, payload={'exit_price': 24172.56, 'exit_reason': 'INITIAL_SL', 'pnl_r': -1.05, 'duration_minutes': 10.316071183333333, 'bars_held': 2}
2026-07-21 10:54:21,557 - INFO - 🔴 EXIT (INITIAL_SL) [CFGeometry_v1.0_Score35|eometry_v1.0_Score35]: NSE:NIFTY50-INDEX @ 24172.56 | PnL -1.05R | MFE 0.00R | Capture N/A | 2bars HoldEff -0.525R/bar
2026-07-21 10:54:21,557 - INFO - 📊 EXECUTION AUDIT [CF_EXITED]: trade_id=None, candidate_id=cand_NSE_NIFTY50_INDEX_TRENDLINE_RETEST_24188.20_202607211044_Geometry_v1.0_Score50, payload={'exit_price': 24172.56, 'exit_reason': 'INITIAL_SL', 'pnl_r': -1.05, 'duration_minutes': 10.316071183333333, 'bars_held': 2}
2026-07-21 10:54:21,597 - INFO - 🔴 EXIT (INITIAL_SL) [CFGeometry_v1.0_Score50|eometry_v1.0_Score50]: NSE:NIFTY50-INDEX @ 24172.56 | PnL -1.05R | MFE 0.00R | Capture N/A | 2bars HoldEff -0.525R/bar
2026-07-21 10:54:21,597 - INFO - 📊 EXECUTION AUDIT [CF_SL_MODIFIED]: trade_id=None, candidate_id=cand_NSE_NIFTYBANK_INDEX_BREAKOUT_57912.55_20260721_104000_Structural_v3.2_RVOL1.0, payload={'price': 57874.85, 'old_sl': 57945.083928571425, 'new_sl': 57898.76294642857, 'old_tp': None, 'new_tp': 57639.56071428569, 'reason': 'TRAILING_SL'}
2026-07-21 10:54:21,634 - INFO - 🟡 UPDATE (TRAILING_SL) [CFStructural_v3.2_RVOL1.0|uctural_v3.2_RVOL1.0]: NSE:NIFTYBANK-INDEX @ 57874.85 | SL→57898.76 TP→57639.56
2026-07-21 10:54:21,634 - INFO - 📊 EXECUTION AUDIT [CF_SL_MODIFIED]: trade_id=None, candidate_id=cand_NSE_NIFTYBANK_INDEX_BREAKOUT_57912.55_20260721_104000_Structural_v3.2_RVOL0.8, payload={'price': 57874.85, 'old_sl': 57945.083928571425, 'new_sl': 57898.76294642857, 'old_tp': None, 'new_tp': 57639.56071428569, 'reason': 'TRAILING_SL'}
2026-07-21 10:54:21,664 - INFO - 🟡 UPDATE (TRAILING_SL) [CFStructural_v3.2_RVOL0.8|uctural_v3.2_RVOL0.8]: NSE:NIFTYBANK-INDEX @ 57874.85 | SL→57898.76 TP→57639.56
2026-07-21 10:54:21,664 - INFO - 📊 EXECUTION AUDIT [CF_EXITED]: trade_id=None, candidate_id=cand_NSE_NIFTYBANK_INDEX_EMAPULL_57913.20_20260721_104915_EMA_Pullback_20_50_RVOL1.0, payload={'exit_price': 57882.06, 'exit_reason': 'INITIAL_SL', 'pnl_r': -1.05, 'duration_minutes': 5.08561045, 'bars_held': 1}
2026-07-21 10:54:21,692 - INFO - 🔴 EXIT (INITIAL_SL) [CFEMA_Pullback_20_50_RVOL1.0|llback_20_50_RVOL1.0]: NSE:NIFTYBANK-INDEX @ 57882.06 | PnL -1.05R | MFE 0.00R | Capture N/A | 1bars HoldEff -1.050R/bar
2026-07-21 10:59:24,529 - INFO - --- 10:59:24 Market Pulse ---
2026-07-21 10:59:25,395 - INFO - 📊 EXECUTION AUDIT [CF_EXITED]: trade_id=None, candidate_id=cand_NSE_NIFTY50_INDEX_TRENDLINE_RETEST_24226.90_202607210958_Geometry_v1.0_Score35, payload={'exit_price': 24176.2325, 'exit_reason': 'TRAILING_SL', 'pnl_r': 4.133938893477786, 'duration_minutes': 60.52005645, 'bars_held': 8}
2026-07-21 10:59:25,472 - INFO - 🔴 EXIT (TRAILING_SL) [CFGeometry_v1.0_Score35|eometry_v1.0_Score35]: NSE:NIFTY50-INDEX @ 24176.23 | PnL +4.13R | MFE 4.93R | Capture 84% | 8bars HoldEff +0.517R/bar
2026-07-21 10:59:25,472 - INFO - 📊 EXECUTION AUDIT [CF_EXITED]: trade_id=None, candidate_id=cand_NSE_NIFTY50_INDEX_TRENDLINE_RETEST_24226.90_202607210958_Geometry_v1.0_Score50, payload={'exit_price': 24176.2325, 'exit_reason': 'TRAILING_SL', 'pnl_r': 4.133938893477786, 'duration_minutes': 60.52005645, 'bars_held': 8}
2026-07-21 10:59:25,509 - INFO - 🔴 EXIT (TRAILING_SL) [CFGeometry_v1.0_Score50|eometry_v1.0_Score50]: NSE:NIFTY50-INDEX @ 24176.23 | PnL +4.13R | MFE 4.93R | Capture 84% | 8bars HoldEff +0.517R/bar
2026-07-21 10:59:25,509 - INFO - 📊 EXECUTION AUDIT [CF_EXITED]: trade_id=None, candidate_id=cand_NSE_NIFTY50_INDEX_BREAKOUT_24135.85_20260721_104000_Structural_v3.2_RVOL1.0, payload={'exit_price': 24173.362946428573, 'exit_reason': 'TRAILING_SL', 'pnl_r': 1.7410648846732055, 'duration_minutes': 15.381520550000001, 'bars_held': 3}
2026-07-21 10:59:25,542 - INFO - 🔴 EXIT (TRAILING_SL) [CFStructural_v3.2_RVOL1.0|uctural_v3.2_RVOL1.0]: NSE:NIFTY50-INDEX @ 24173.36 | PnL +1.74R | MFE 2.54R | Capture 69% | 3bars HoldEff +0.580R/bar
2026-07-21 10:59:25,542 - INFO - 📊 EXECUTION AUDIT [CF_EXITED]: trade_id=None, candidate_id=cand_NSE_NIFTY50_INDEX_BREAKOUT_24135.85_20260721_104000_Structural_v3.2_RVOL0.8, payload={'exit_price': 24173.362946428573, 'exit_reason': 'TRAILING_SL', 'pnl_r': 1.7410648846732055, 'duration_minutes': 15.381520550000001, 'bars_held': 3}
2026-07-21 10:59:25,580 - INFO - 🔴 EXIT (TRAILING_SL) [CFStructural_v3.2_RVOL0.8|uctural_v3.2_RVOL0.8]: NSE:NIFTY50-INDEX @ 24173.36 | PnL +1.74R | MFE 2.54R | Capture 69% | 3bars HoldEff +0.580R/bar
2026-07-21 10:59:26,824 - INFO - 👻 [Structural_v3.2_RVOL1.0] CF BREAKOUT NSE:NIFTY50-INDEX BUY PUT | Rejected: ['LOW_RVOL', 'BIAS_MISMATCH', 'LOW_EFFICIENCY', 'TP_CAPPED']
2026-07-21 10:59:26,824 - INFO - 📊 EXECUTION AUDIT [SIGNAL_GENERATED]: trade_id=None, candidate_id=cand_NSE_NIFTY50_INDEX_BREAKOUT_24135.85_20260721_105500_Structural_v3.2_RVOL1.0, payload={'symbol': 'NSE:NIFTY50-INDEX', 'signal': 'BUY PUT', 'strategy': 'BREAKOUT', 'price': 24183.45, 'stop_loss': 24191.557142857146, 'take_profit': 24102.37857142855, 'tp1': 24171.289285714283, 'rr_ratio': 10.0, 'timestamp': '2026-07-21T10:55:00+05:30', 'accepted': False, 'rejection_reasons': ['LOW_RVOL', 'BIAS_MISMATCH', 'LOW_EFFICIENCY', 'TP_CAPPED'], 'features': {'date': '2026-07-21', 'strategy_name': 'Structural_v3', 'strategy_version': 'v3.2', 'feature_version': 'v1.1', 'market_regime': 'RANGE_LOW_VOL', 'day_type': 'RANGE_DAY', 'session_type': 'MID', 'daily_bias': 'NEUTRAL', 'hourly_bias': 'NEUTRAL', 'trend_strength': 0.0, 'rvol': 0.77, 'atr': 16.21, 'distance_from_supply': 183.85, 'distance_from_demand': 153.17, 'nearest_supply_strength': 71.0, 'nearest_demand_strength': 51.8, 'distance_to_liquidity_pool': 153.17499999999927, 'liquidity_score': 7.7, 'indicator_snapshot': {'rvol_tod': 0.77, 'is_compressed': True, 'bos_count': 0}, 'move_efficiency': 0.3071, 'wickiness': 0.35, 'fft_score': 0.0, 'setup_type': 'BREAKOUT', 'candidate_id': 'cand_NSE_NIFTY50_INDEX_BREAKOUT_24135.85_20260721_105500', 'ema20': 24203.29, 'ema50': 24216.2, 'move_efficiency_h1': 0.2334, 'ema_bullish': False, 'rsi14': 35.49, 'distance_to_vwap': -0.0015, 'atr_percentile': 0.3948, 'dist_prev_high': -0.0034, 'dist_prev_low': 0.002}, 'candidate_id': 'cand_NSE_NIFTY50_INDEX_BREAKOUT_24135.85_20260721_105500_Structural_v3.2_RVOL1.0', 'experiment_name': 'Structural_v3.2_RVOL1.0', 'strategy_id': 'structural', 'version': 'v3.2'}
2026-07-21 10:59:27,966 - INFO - Retrieved live premium from Fyers API: LTP=47.4 for NSE:NIFTY2672124200PE
2026-07-21 10:59:27,975 - INFO - Resolved index signal into option contract: OptionContract(symbol='NSE:NIFTY2672124200PE', strike=24200.0, expiry='26721', option_type='PE', premium=47.4, delta=0.5, bid=47.3, ask=47.4, volume=585115830, resolved_at=datetime.datetime(2026, 7, 21, 10, 59, 27, 974852))
2026-07-21 10:59:27,976 - INFO - ⚡ Option strike selection resolved index signal to contract NSE:NIFTY2672124200PE @ premium 47.4 (type: PE, strike: 24200.0)
2026-07-21 10:59:27,976 - INFO - 📊 EXECUTION AUDIT [STRIKE_SELECTED]: trade_id=None, candidate_id=cand_NSE_NIFTY50_INDEX_BREAKOUT_24135.85_20260721_105500_Structural_v3.2_RVOL1.0, payload={'symbol': 'NSE:NIFTY2672124200PE', 'strike': 24200.0, 'expiry': '26721', 'type': 'PE'}
2026-07-21 10:59:28,003 - INFO - 📊 EXECUTION AUDIT [PREMIUM_RETRIEVED]: trade_id=None, candidate_id=cand_NSE_NIFTY50_INDEX_BREAKOUT_24135.85_20260721_105500_Structural_v3.2_RVOL1.0, payload={'premium': 47.4, 'bid': 47.3, 'ask': 47.4}
2026-07-21 10:59:28,018 - INFO - 📊 EXECUTION AUDIT [CF_SUBMITTED]: trade_id=None, candidate_id=cand_NSE_NIFTY50_INDEX_BREAKOUT_24135.85_20260721_105500_Structural_v3.2_RVOL1.0, payload={'price': 24183.45, 'sl': 24191.557142857146, 'tp': 24102.37857142855}
2026-07-21 10:59:28,032 - INFO - 📊 EXECUTION AUDIT [CF_FILLED]: trade_id=None, candidate_id=cand_NSE_NIFTY50_INDEX_BREAKOUT_24135.85_20260721_105500_Structural_v3.2_RVOL1.0, payload={'price': 24183.45, 'sl': 24191.557142857146, 'tp': 24102.37857142855}
2026-07-21 10:59:28,071 - INFO - 🟢 ENTRY [CF|Structural_v3.2_RVOL1.0|uctural_v3.2_RVOL1.0]: NSE:NIFTY50-INDEX BUY PUT @ 24183.45 | SL: 24191.56 TP: 24102.38
2026-07-21 10:59:28,071 - INFO - 👻 [Structural_v3.2_RVOL0.8] CF BREAKOUT NSE:NIFTY50-INDEX BUY PUT | Rejected: ['LOW_RVOL', 'BIAS_MISMATCH', 'LOW_EFFICIENCY', 'TP_CAPPED']
2026-07-21 10:59:28,071 - INFO - 📊 EXECUTION AUDIT [SIGNAL_GENERATED]: trade_id=None, candidate_id=cand_NSE_NIFTY50_INDEX_BREAKOUT_24135.85_20260721_105500_Structural_v3.2_RVOL0.8, payload={'symbol': 'NSE:NIFTY50-INDEX', 'signal': 'BUY PUT', 'strategy': 'BREAKOUT', 'price': 24183.45, 'stop_loss': 24191.557142857146, 'take_profit': 24102.37857142855, 'tp1': 24171.289285714283, 'rr_ratio': 10.0, 'timestamp': '2026-07-21T10:55:00+05:30', 'accepted': False, 'rejection_reasons': ['LOW_RVOL', 'BIAS_MISMATCH', 'LOW_EFFICIENCY', 'TP_CAPPED'], 'features': {'date': '2026-07-21', 'strategy_name': 'Structural_v3', 'strategy_version': 'v3.2', 'feature_version': 'v1.1', 'market_regime': 'RANGE_LOW_VOL', 'day_type': 'RANGE_DAY', 'session_type': 'MID', 'daily_bias': 'NEUTRAL', 'hourly_bias': 'NEUTRAL', 'trend_strength': 0.0, 'rvol': 0.77, 'atr': 16.21, 'distance_from_supply': 183.85, 'distance_from_demand': 153.17, 'nearest_supply_strength': 71.0, 'nearest_demand_strength': 51.8, 'distance_to_liquidity_pool': 153.17499999999927, 'liquidity_score': 7.7, 'indicator_snapshot': {'rvol_tod': 0.77, 'is_compressed': True, 'bos_count': 0}, 'move_efficiency': 0.3071, 'wickiness': 0.35, 'fft_score': 0.0, 'setup_type': 'BREAKOUT', 'candidate_id': 'cand_NSE_NIFTY50_INDEX_BREAKOUT_24135.85_20260721_105500', 'ema20': 24203.29, 'ema50': 24216.2, 'move_efficiency_h1': 0.2334, 'ema_bullish': False, 'rsi14': 35.49, 'distance_to_vwap': -0.0015, 'atr_percentile': 0.3948, 'dist_prev_high': -0.0034, 'dist_prev_low': 0.002}, 'candidate_id': 'cand_NSE_NIFTY50_INDEX_BREAKOUT_24135.85_20260721_105500_Structural_v3.2_RVOL0.8', 'experiment_name': 'Structural_v3.2_RVOL0.8', 'strategy_id': 'structural', 'version': 'v3.2'}
2026-07-21 10:59:29,468 - INFO - Retrieved live premium from Fyers API: LTP=46.65 for NSE:NIFTY2672124200PE
2026-07-21 10:59:29,469 - INFO - Resolved index signal into option contract: OptionContract(symbol='NSE:NIFTY2672124200PE', strike=24200.0, expiry='26721', option_type='PE', premium=46.65, delta=0.5, bid=47.2, ask=47.35, volume=585117325, resolved_at=datetime.datetime(2026, 7, 21, 10, 59, 29, 469110))
2026-07-21 10:59:29,469 - INFO - ⚡ Option strike selection resolved index signal to contract NSE:NIFTY2672124200PE @ premium 46.65 (type: PE, strike: 24200.0)
2026-07-21 10:59:29,469 - INFO - 📊 EXECUTION AUDIT [STRIKE_SELECTED]: trade_id=None, candidate_id=cand_NSE_NIFTY50_INDEX_BREAKOUT_24135.85_20260721_105500_Structural_v3.2_RVOL0.8, payload={'symbol': 'NSE:NIFTY2672124200PE', 'strike': 24200.0, 'expiry': '26721', 'type': 'PE'}
2026-07-21 10:59:29,497 - INFO - 📊 EXECUTION AUDIT [PREMIUM_RETRIEVED]: trade_id=None, candidate_id=cand_NSE_NIFTY50_INDEX_BREAKOUT_24135.85_20260721_105500_Structural_v3.2_RVOL0.8, payload={'premium': 46.65, 'bid': 47.2, 'ask': 47.35}
2026-07-21 10:59:29,511 - INFO - 📊 EXECUTION AUDIT [CF_SUBMITTED]: trade_id=None, candidate_id=cand_NSE_NIFTY50_INDEX_BREAKOUT_24135.85_20260721_105500_Structural_v3.2_RVOL0.8, payload={'price': 24183.45, 'sl': 24191.557142857146, 'tp': 24102.37857142855}
2026-07-21 10:59:29,525 - INFO - 📊 EXECUTION AUDIT [CF_FILLED]: trade_id=None, candidate_id=cand_NSE_NIFTY50_INDEX_BREAKOUT_24135.85_20260721_105500_Structural_v3.2_RVOL0.8, payload={'price': 24183.45, 'sl': 24191.557142857146, 'tp': 24102.37857142855}
2026-07-21 10:59:29,568 - INFO - 🟢 ENTRY [CF|Structural_v3.2_RVOL0.8|uctural_v3.2_RVOL0.8]: NSE:NIFTY50-INDEX BUY PUT @ 24183.45 | SL: 24191.56 TP: 24102.38
2026-07-21 11:04:30,949 - INFO - --- 11:04:30 Market Pulse ---
2026-07-21 11:04:31,814 - INFO - 📊 EXECUTION AUDIT [CF_EXITED]: trade_id=None, candidate_id=cand_NSE_NIFTYBANK_INDEX_BREAKOUT_57912.55_20260721_104000_Structural_v3.2_RVOL1.0, payload={'exit_price': 57898.76294642857, 'exit_reason': 'TRAILING_SL', 'pnl_r': 1.820442453094491, 'duration_minutes': 20.488506916666665, 'bars_held': 4}
2026-07-21 11:04:31,892 - INFO - 🔴 EXIT (TRAILING_SL) [CFStructural_v3.2_RVOL1.0|uctural_v3.2_RVOL1.0]: NSE:NIFTYBANK-INDEX @ 57898.76 | PnL +1.82R | MFE 2.62R | Capture 69% | 4bars HoldEff +0.455R/bar
2026-07-21 11:04:31,893 - INFO - 📊 EXECUTION AUDIT [CF_EXITED]: trade_id=None, candidate_id=cand_NSE_NIFTYBANK_INDEX_BREAKOUT_57912.55_20260721_104000_Structural_v3.2_RVOL0.8, payload={'exit_price': 57898.76294642857, 'exit_reason': 'TRAILING_SL', 'pnl_r': 1.820442453094491, 'duration_minutes': 20.488506916666665, 'bars_held': 4}
2026-07-21 11:04:31,939 - INFO - 🔴 EXIT (TRAILING_SL) [CFStructural_v3.2_RVOL0.8|uctural_v3.2_RVOL0.8]: NSE:NIFTYBANK-INDEX @ 57898.76 | PnL +1.82R | MFE 2.62R | Capture 69% | 4bars HoldEff +0.455R/bar
2026-07-21 11:04:34,429 - INFO - 👻 [Structural_v3.2_RVOL1.0] CF BREAKOUT NSE:NIFTYBANK-INDEX BUY PUT | Rejected: ['LOW_RVOL', 'BIAS_MISMATCH', 'LOW_EFFICIENCY', 'TP_CAPPED']
2026-07-21 11:04:34,429 - INFO - 📊 EXECUTION AUDIT [SIGNAL_GENERATED]: trade_id=None, candidate_id=cand_NSE_NIFTYBANK_INDEX_BREAKOUT_57912.55_20260721_110000_Structural_v3.2_RVOL1.0, payload={'symbol': 'NSE:NIFTYBANK-INDEX', 'signal': 'BUY PUT', 'strategy': 'BREAKOUT', 'price': 57927.85, 'stop_loss': 57959.95178571428, 'take_profit': 57606.832142857165, 'tp1': 57879.69732142858, 'rr_ratio': 10.0, 'timestamp': '2026-07-21T11:00:00+05:30', 'accepted': False, 'rejection_reasons': ['LOW_RVOL', 'BIAS_MISMATCH', 'LOW_EFFICIENCY', 'TP_CAPPED'], 'features': {'date': '2026-07-21', 'strategy_name': 'Structural_v3', 'strategy_version': 'v3.2', 'feature_version': 'v1.1', 'market_regime': 'RANGE_LOW_VOL', 'day_type': 'RANGE_DAY', 'session_type': 'MID', 'daily_bias': 'BULLISH', 'hourly_bias': 'NEUTRAL', 'trend_strength': 0.0, 'rvol': 0.94, 'atr': 64.2, 'distance_from_supply': 669.0, 'distance_from_demand': 640.95, 'nearest_supply_strength': 59.2, 'nearest_demand_strength': 54.6, 'distance_to_liquidity_pool': 669.0, 'liquidity_score': 9.399999999999999, 'indicator_snapshot': {'rvol_tod': 0.94, 'is_compressed': True, 'bos_count': 0}, 'move_efficiency': 0.1118, 'wickiness': 0.4877, 'fft_score': 0.0, 'setup_type': 'BREAKOUT', 'candidate_id': 'cand_NSE_NIFTYBANK_INDEX_BREAKOUT_57912.55_20260721_110000', 'ema20': 57947.27, 'ema50': 57935.41, 'move_efficiency_h1': 0.0347, 'ema_bullish': True, 'rsi14': 45.56, 'distance_to_vwap': -0.0016, 'atr_percentile': 0.6068, 'dist_prev_high': -0.0032, 'dist_prev_low': 0.0069}, 'candidate_id': 'cand_NSE_NIFTYBANK_INDEX_BREAKOUT_57912.55_20260721_110000_Structural_v3.2_RVOL1.0', 'experiment_name': 'Structural_v3.2_RVOL1.0', 'strategy_id': 'structural', 'version': 'v3.2'}
2026-07-21 11:04:35,711 - INFO - Retrieved live premium from Fyers API: LTP=424.0 for NSE:BANKNIFTY26JUL57900PE
2026-07-21 11:04:35,712 - INFO - Resolved index signal into option contract: OptionContract(symbol='NSE:BANKNIFTY26JUL57900PE', strike=57900.0, expiry='26JUL', option_type='PE', premium=424.0, delta=0.5, bid=424.15, ask=425.35, volume=1156290, resolved_at=datetime.datetime(2026, 7, 21, 11, 4, 35, 712189))
2026-07-21 11:04:35,712 - INFO - ⚡ Option strike selection resolved index signal to contract NSE:BANKNIFTY26JUL57900PE @ premium 424.0 (type: PE, strike: 57900.0)
2026-07-21 11:04:35,712 - INFO - 📊 EXECUTION AUDIT [STRIKE_SELECTED]: trade_id=None, candidate_id=cand_NSE_NIFTYBANK_INDEX_BREAKOUT_57912.55_20260721_110000_Structural_v3.2_RVOL1.0, payload={'symbol': 'NSE:BANKNIFTY26JUL57900PE', 'strike': 57900.0, 'expiry': '26JUL', 'type': 'PE'}
2026-07-21 11:04:35,733 - INFO - 📊 EXECUTION AUDIT [PREMIUM_RETRIEVED]: trade_id=None, candidate_id=cand_NSE_NIFTYBANK_INDEX_BREAKOUT_57912.55_20260721_110000_Structural_v3.2_RVOL1.0, payload={'premium': 424.0, 'bid': 424.15, 'ask': 425.35}
2026-07-21 11:04:35,743 - INFO - 📊 EXECUTION AUDIT [CF_SUBMITTED]: trade_id=None, candidate_id=cand_NSE_NIFTYBANK_INDEX_BREAKOUT_57912.55_20260721_110000_Structural_v3.2_RVOL1.0, payload={'price': 57927.85, 'sl': 57959.95178571428, 'tp': 57606.832142857165}
2026-07-21 11:04:35,753 - INFO - 📊 EXECUTION AUDIT [CF_FILLED]: trade_id=None, candidate_id=cand_NSE_NIFTYBANK_INDEX_BREAKOUT_57912.55_20260721_110000_Structural_v3.2_RVOL1.0, payload={'price': 57927.85, 'sl': 57959.95178571428, 'tp': 57606.832142857165}
2026-07-21 11:04:35,790 - INFO - 🟢 ENTRY [CF|Structural_v3.2_RVOL1.0|uctural_v3.2_RVOL1.0]: NSE:NIFTYBANK-INDEX BUY PUT @ 57927.85 | SL: 57959.95 TP: 57606.83
2026-07-21 11:04:35,790 - INFO - 👻 [Structural_v3.2_RVOL0.8] CF BREAKOUT NSE:NIFTYBANK-INDEX BUY PUT | Rejected: ['BIAS_MISMATCH', 'LOW_EFFICIENCY', 'TP_CAPPED']
2026-07-21 11:04:35,790 - INFO - 📊 EXECUTION AUDIT [SIGNAL_GENERATED]: trade_id=None, candidate_id=cand_NSE_NIFTYBANK_INDEX_BREAKOUT_57912.55_20260721_110000_Structural_v3.2_RVOL0.8, payload={'symbol': 'NSE:NIFTYBANK-INDEX', 'signal': 'BUY PUT', 'strategy': 'BREAKOUT', 'price': 57927.85, 'stop_loss': 57959.95178571428, 'take_profit': 57606.832142857165, 'tp1': 57879.69732142858, 'rr_ratio': 10.0, 'timestamp': '2026-07-21T11:00:00+05:30', 'accepted': False, 'rejection_reasons': ['BIAS_MISMATCH', 'LOW_EFFICIENCY', 'TP_CAPPED'], 'features': {'date': '2026-07-21', 'strategy_name': 'Structural_v3', 'strategy_version': 'v3.2', 'feature_version': 'v1.1', 'market_regime': 'RANGE_LOW_VOL', 'day_type': 'RANGE_DAY', 'session_type': 'MID', 'daily_bias': 'BULLISH', 'hourly_bias': 'NEUTRAL', 'trend_strength': 0.0, 'rvol': 0.94, 'atr': 64.2, 'distance_from_supply': 669.0, 'distance_from_demand': 640.95, 'nearest_supply_strength': 59.2, 'nearest_demand_strength': 54.6, 'distance_to_liquidity_pool': 669.0, 'liquidity_score': 9.399999999999999, 'indicator_snapshot': {'rvol_tod': 0.94, 'is_compressed': True, 'bos_count': 0}, 'move_efficiency': 0.1118, 'wickiness': 0.4877, 'fft_score': 0.0, 'setup_type': 'BREAKOUT', 'candidate_id': 'cand_NSE_NIFTYBANK_INDEX_BREAKOUT_57912.55_20260721_110000', 'ema20': 57947.27, 'ema50': 57935.41, 'move_efficiency_h1': 0.0347, 'ema_bullish': True, 'rsi14': 45.56, 'distance_to_vwap': -0.0016, 'atr_percentile': 0.6068, 'dist_prev_high': -0.0032, 'dist_prev_low': 0.0069}, 'candidate_id': 'cand_NSE_NIFTYBANK_INDEX_BREAKOUT_57912.55_20260721_110000_Structural_v3.2_RVOL0.8', 'experiment_name': 'Structural_v3.2_RVOL0.8', 'strategy_id': 'structural', 'version': 'v3.2'}
2026-07-21 11:04:37,214 - INFO - Retrieved live premium from Fyers API: LTP=424.0 for NSE:BANKNIFTY26JUL57900PE
2026-07-21 11:04:37,214 - INFO - Resolved index signal into option contract: OptionContract(symbol='NSE:BANKNIFTY26JUL57900PE', strike=57900.0, expiry='26JUL', option_type='PE', premium=424.0, delta=0.5, bid=422.6, ask=423.65, volume=1156410, resolved_at=datetime.datetime(2026, 7, 21, 11, 4, 37, 214913))
2026-07-21 11:04:37,215 - INFO - ⚡ Option strike selection resolved index signal to contract NSE:BANKNIFTY26JUL57900PE @ premium 424.0 (type: PE, strike: 57900.0)
2026-07-21 11:04:37,215 - INFO - 📊 EXECUTION AUDIT [STRIKE_SELECTED]: trade_id=None, candidate_id=cand_NSE_NIFTYBANK_INDEX_BREAKOUT_57912.55_20260721_110000_Structural_v3.2_RVOL0.8, payload={'symbol': 'NSE:BANKNIFTY26JUL57900PE', 'strike': 57900.0, 'expiry': '26JUL', 'type': 'PE'}
2026-07-21 11:04:37,251 - INFO - 📊 EXECUTION AUDIT [PREMIUM_RETRIEVED]: trade_id=None, candidate_id=cand_NSE_NIFTYBANK_INDEX_BREAKOUT_57912.55_20260721_110000_Structural_v3.2_RVOL0.8, payload={'premium': 424.0, 'bid': 422.6, 'ask': 423.65}
2026-07-21 11:04:37,269 - INFO - 📊 EXECUTION AUDIT [CF_SUBMITTED]: trade_id=None, candidate_id=cand_NSE_NIFTYBANK_INDEX_BREAKOUT_57912.55_20260721_110000_Structural_v3.2_RVOL0.8, payload={'price': 57927.85, 'sl': 57959.95178571428, 'tp': 57606.832142857165}
2026-07-21 11:04:37,283 - INFO - 📊 EXECUTION AUDIT [CF_FILLED]: trade_id=None, candidate_id=cand_NSE_NIFTYBANK_INDEX_BREAKOUT_57912.55_20260721_110000_Structural_v3.2_RVOL0.8, payload={'price': 57927.85, 'sl': 57959.95178571428, 'tp': 57606.832142857165}
2026-07-21 11:04:37,324 - INFO - 🟢 ENTRY [CF|Structural_v3.2_RVOL0.8|uctural_v3.2_RVOL0.8]: NSE:NIFTYBANK-INDEX BUY PUT @ 57927.85 | SL: 57959.95 TP: 57606.83
2026-07-21 11:04:37,324 - INFO - 👻 [EMA_Pullback_20_50_RVOL1.0] CF PULLBACK NSE:NIFTYBANK-INDEX BUY CALL | Rejected: ['LOW_RVOL', 'LOW_EFFICIENCY', 'TP_CAPPED']
2026-07-21 11:04:37,325 - INFO - 📊 EXECUTION AUDIT [SIGNAL_GENERATED]: trade_id=None, candidate_id=cand_NSE_NIFTYBANK_INDEX_EMAPULL_57927.85_20260721_110430_EMA_Pullback_20_50_RVOL1.0, payload={'symbol': 'NSE:NIFTYBANK-INDEX', 'signal': 'BUY CALL', 'strategy': 'PULLBACK', 'price': 57927.85, 'stop_loss': 57895.75, 'take_profit': 58248.85, 'tp1': 57976.0, 'rr_ratio': 10.0, 'timestamp': '2026-07-21T11:04:30.948398+05:30', 'accepted': False, 'rejection_reasons': ['LOW_RVOL', 'LOW_EFFICIENCY', 'TP_CAPPED'], 'features': {'atr': 64.2, 'ema20': 57947.27, 'ema50': 57935.41, 'move_efficiency': 0.1118, 'move_efficiency_h1': 0.0347, 'wickiness': 0.4877, 'ema_bullish': True, 'rsi14': 45.56, 'distance_to_vwap': -0.0016, 'atr_percentile': 0.6068, 'dist_prev_high': -0.0032, 'dist_prev_low': 0.0069}, 'candidate_id': 'cand_NSE_NIFTYBANK_INDEX_EMAPULL_57927.85_20260721_110430_EMA_Pullback_20_50_RVOL1.0', 'confidence': 0.5, 'diagnostics': {'ema_distance': -0.00034, 'ema20': 57947.27, 'ema50': 57935.41, 'move_efficiency': 0.112, 'rvol': 0.94, 'atr': 64.2, 'atr_percentile': 0.607, 'distance_to_vwap': -0.0016}, 'experiment_name': 'EMA_Pullback_20_50_RVOL1.0', 'strategy_id': 'ema_pullback', 'version': 'v1.0'}
2026-07-21 11:04:38,571 - INFO - Retrieved live premium from Fyers API: LTP=555.0 for NSE:BANKNIFTY26JUL57900CE
2026-07-21 11:04:38,572 - INFO - Resolved index signal into option contract: OptionContract(symbol='NSE:BANKNIFTY26JUL57900CE', strike=57900.0, expiry='26JUL', option_type='CE', premium=555.0, delta=0.5, bid=553.75, ask=555.0, volume=876750, resolved_at=datetime.datetime(2026, 7, 21, 11, 4, 38, 572219))
2026-07-21 11:04:38,572 - INFO - ⚡ Option strike selection resolved index signal to contract NSE:BANKNIFTY26JUL57900CE @ premium 555.0 (type: CE, strike: 57900.0)
2026-07-21 11:04:38,572 - INFO - 📊 EXECUTION AUDIT [STRIKE_SELECTED]: trade_id=None, candidate_id=cand_NSE_NIFTYBANK_INDEX_EMAPULL_57927.85_20260721_110430_EMA_Pullback_20_50_RVOL1.0, payload={'symbol': 'NSE:BANKNIFTY26JUL57900CE', 'strike': 57900.0, 'expiry': '26JUL', 'type': 'CE'}
2026-07-21 11:04:38,605 - INFO - 📊 EXECUTION AUDIT [PREMIUM_RETRIEVED]: trade_id=None, candidate_id=cand_NSE_NIFTYBANK_INDEX_EMAPULL_57927.85_20260721_110430_EMA_Pullback_20_50_RVOL1.0, payload={'premium': 555.0, 'bid': 553.75, 'ask': 555.0}
2026-07-21 11:04:38,627 - INFO - 📊 EXECUTION AUDIT [CF_SUBMITTED]: trade_id=None, candidate_id=cand_NSE_NIFTYBANK_INDEX_EMAPULL_57927.85_20260721_110430_EMA_Pullback_20_50_RVOL1.0, payload={'price': 57927.85, 'sl': 57895.75, 'tp': 58248.85}
2026-07-21 11:04:38,646 - INFO - 📊 EXECUTION AUDIT [CF_FILLED]: trade_id=None, candidate_id=cand_NSE_NIFTYBANK_INDEX_EMAPULL_57927.85_20260721_110430_EMA_Pullback_20_50_RVOL1.0, payload={'price': 57927.85, 'sl': 57895.75, 'tp': 58248.85}
2026-07-21 11:04:38,695 - INFO - 🟢 ENTRY [CF|EMA_Pullback_20_50_RVOL1.0|llback_20_50_RVOL1.0]: NSE:NIFTYBANK-INDEX BUY CALL @ 57927.85 | SL: 57895.75 TP: 58248.85
2026-07-21 11:04:38,695 - INFO - 👻 [Geometry_v1.0_Score35] CF TRENDLINE_RETEST NSE:NIFTYBANK-INDEX BUY CALL | Rejected: ['LOW_RR:0.31']
2026-07-21 11:04:38,695 - INFO - 📊 EXECUTION AUDIT [SIGNAL_GENERATED]: trade_id=None, candidate_id=cand_NSE_NIFTYBANK_INDEX_TRENDLINE_RETEST_57927.85_202607211104_Geometry_v1.0_Score35, payload={'symbol': 'NSE:NIFTYBANK-INDEX', 'candidate_id': 'cand_NSE_NIFTYBANK_INDEX_TRENDLINE_RETEST_57927.85_202607211104_Geometry_v1.0_Score35', 'experiment_name': 'Geometry_v1.0_Score35', 'strategy_id': 'geometry', 'version': 'v1.0', 'signal': 'BUY CALL', 'strategy': 'TRENDLINE_RETEST', 'price': 57927.85, 'stop_loss': 57839.22, 'take_profit': 57955.43, 'tp1': 58060.79, 'rr_ratio': 0.31, 'timestamp': '2026-07-21T11:04:30.948398+05:30', 'zone_band_low': None, 'zone_band_high': None, 'zone_direction': None, 'zone_component_count': 0, 'accepted': False, 'rejection_reasons': ['LOW_RR:0.31'], 'stop_loss_distance': 88.63, 'atr': 64.2, 'confidence': 0.74, 'diagnostics': {'trendline_id': 'tl_c2d2c00d93488f63', 'trendline_confidence': 0.816, 'trendline_r2': 0.997, 'trendline_touches': 29, 'trendline_price_at_now': 57980.7, 'dist_pct': 0.00091, 'narrative_bias': 'CONTINUATION', 'bias_confidence': 0.6}, 'features': {}}
2026-07-21 11:04:40,719 - INFO - Retrieved live premium from Fyers API: LTP=554.2 for NSE:BANKNIFTY26JUL57900CE
2026-07-21 11:04:40,720 - INFO - Resolved index signal into option contract: OptionContract(symbol='NSE:BANKNIFTY26JUL57900CE', strike=57900.0, expiry='26JUL', option_type='CE', premium=554.2, delta=0.5, bid=554.1, ask=555.0, volume=877140, resolved_at=datetime.datetime(2026, 7, 21, 11, 4, 40, 719989))
2026-07-21 11:04:40,720 - INFO - ⚡ Option strike selection resolved index signal to contract NSE:BANKNIFTY26JUL57900CE @ premium 554.2 (type: CE, strike: 57900.0)
2026-07-21 11:04:40,720 - INFO - 📊 EXECUTION AUDIT [STRIKE_SELECTED]: trade_id=None, candidate_id=cand_NSE_NIFTYBANK_INDEX_TRENDLINE_RETEST_57927.85_202607211104_Geometry_v1.0_Score35, payload={'symbol': 'NSE:BANKNIFTY26JUL57900CE', 'strike': 57900.0, 'expiry': '26JUL', 'type': 'CE'}
2026-07-21 11:04:40,743 - INFO - 📊 EXECUTION AUDIT [PREMIUM_RETRIEVED]: trade_id=None, candidate_id=cand_NSE_NIFTYBANK_INDEX_TRENDLINE_RETEST_57927.85_202607211104_Geometry_v1.0_Score35, payload={'premium': 554.2, 'bid': 554.1, 'ask': 555.0}
2026-07-21 11:04:40,761 - INFO - 📊 EXECUTION AUDIT [CF_SUBMITTED]: trade_id=None, candidate_id=cand_NSE_NIFTYBANK_INDEX_TRENDLINE_RETEST_57927.85_202607211104_Geometry_v1.0_Score35, payload={'price': 57927.85, 'sl': 57839.22, 'tp': 57955.43}
2026-07-21 11:04:40,776 - INFO - 📊 EXECUTION AUDIT [CF_FILLED]: trade_id=None, candidate_id=cand_NSE_NIFTYBANK_INDEX_TRENDLINE_RETEST_57927.85_202607211104_Geometry_v1.0_Score35, payload={'price': 57927.85, 'sl': 57839.22, 'tp': 57955.43}
2026-07-21 11:04:40,817 - INFO - 🟢 ENTRY [CF|Geometry_v1.0_Score35|eometry_v1.0_Score35]: NSE:NIFTYBANK-INDEX BUY CALL @ 57927.85 | SL: 57839.22 TP: 57955.43
2026-07-21 11:04:40,818 - INFO - 👻 [Geometry_v1.0_Score50] CF TRENDLINE_RETEST NSE:NIFTYBANK-INDEX BUY CALL | Rejected: ['LOW_RR:0.31']
2026-07-21 11:04:40,818 - INFO - 📊 EXECUTION AUDIT [SIGNAL_GENERATED]: trade_id=None, candidate_id=cand_NSE_NIFTYBANK_INDEX_TRENDLINE_RETEST_57927.85_202607211104_Geometry_v1.0_Score50, payload={'symbol': 'NSE:NIFTYBANK-INDEX', 'candidate_id': 'cand_NSE_NIFTYBANK_INDEX_TRENDLINE_RETEST_57927.85_202607211104_Geometry_v1.0_Score50', 'experiment_name': 'Geometry_v1.0_Score50', 'strategy_id': 'geometry', 'version': 'v1.0', 'signal': 'BUY CALL', 'strategy': 'TRENDLINE_RETEST', 'price': 57927.85, 'stop_loss': 57839.22, 'take_profit': 57955.43, 'tp1': 58060.79, 'rr_ratio': 0.31, 'timestamp': '2026-07-21T11:04:30.948398+05:30', 'zone_band_low': None, 'zone_band_high': None, 'zone_direction': None, 'zone_component_count': 0, 'accepted': False, 'rejection_reasons': ['LOW_RR:0.31'], 'stop_loss_distance': 88.63, 'atr': 64.2, 'confidence': 0.74, 'diagnostics': {'trendline_id': 'tl_c2d2c00d93488f63', 'trendline_confidence': 0.816, 'trendline_r2': 0.997, 'trendline_touches': 29, 'trendline_price_at_now': 57980.7, 'dist_pct': 0.00091, 'narrative_bias': 'CONTINUATION', 'bias_confidence': 0.6}, 'features': {}}
2026-07-21 11:04:42,237 - INFO - Retrieved live premium from Fyers API: LTP=555.0 for NSE:BANKNIFTY26JUL57900CE
2026-07-21 11:04:42,238 - INFO - Resolved index signal into option contract: OptionContract(symbol='NSE:BANKNIFTY26JUL57900CE', strike=57900.0, expiry='26JUL', option_type='CE', premium=555.0, delta=0.5, bid=554.0, ask=555.0, volume=877140, resolved_at=datetime.datetime(2026, 7, 21, 11, 4, 42, 238589))
2026-07-21 11:04:42,239 - INFO - ⚡ Option strike selection resolved index signal to contract NSE:BANKNIFTY26JUL57900CE @ premium 555.0 (type: CE, strike: 57900.0)
2026-07-21 11:04:42,239 - INFO - 📊 EXECUTION AUDIT [STRIKE_SELECTED]: trade_id=None, candidate_id=cand_NSE_NIFTYBANK_INDEX_TRENDLINE_RETEST_57927.85_202607211104_Geometry_v1.0_Score50, payload={'symbol': 'NSE:BANKNIFTY26JUL57900CE', 'strike': 57900.0, 'expiry': '26JUL', 'type': 'CE'}
2026-07-21 11:04:42,273 - INFO - 📊 EXECUTION AUDIT [PREMIUM_RETRIEVED]: trade_id=None, candidate_id=cand_NSE_NIFTYBANK_INDEX_TRENDLINE_RETEST_57927.85_202607211104_Geometry_v1.0_Score50, payload={'premium': 555.0, 'bid': 554.0, 'ask': 555.0}
2026-07-21 11:04:42,293 - INFO - 📊 EXECUTION AUDIT [CF_SUBMITTED]: trade_id=None, candidate_id=cand_NSE_NIFTYBANK_INDEX_TRENDLINE_RETEST_57927.85_202607211104_Geometry_v1.0_Score50, payload={'price': 57927.85, 'sl': 57839.22, 'tp': 57955.43}
2026-07-21 11:04:42,306 - INFO - 📊 EXECUTION AUDIT [CF_FILLED]: trade_id=None, candidate_id=cand_NSE_NIFTYBANK_INDEX_TRENDLINE_RETEST_57927.85_202607211104_Geometry_v1.0_Score50, payload={'price': 57927.85, 'sl': 57839.22, 'tp': 57955.43}
2026-07-21 11:04:42,345 - INFO - 🟢 ENTRY [CF|Geometry_v1.0_Score50|eometry_v1.0_Score50]: NSE:NIFTYBANK-INDEX BUY CALL @ 57927.85 | SL: 57839.22 TP: 57955.43
2026-07-21 11:09:42,456 - INFO - --- 11:09:42 Market Pulse ---
2026-07-21 11:09:43,123 - INFO - 📊 EXECUTION AUDIT [CF_SL_MODIFIED]: trade_id=None, candidate_id=cand_NSE_NIFTY50_INDEX_BREAKOUT_24135.85_20260721_105500_Structural_v3.2_RVOL1.0, payload={'price': 24182.9, 'old_sl': 24191.557142857146, 'new_sl': 24191.007142857146, 'old_tp': None, 'new_tp': 24102.37857142855, 'reason': 'TRAILING_SL'}
2026-07-21 11:09:43,198 - INFO - 🟡 UPDATE (TRAILING_SL) [CFStructural_v3.2_RVOL1.0|uctural_v3.2_RVOL1.0]: NSE:NIFTY50-INDEX @ 24182.90 | SL→24191.01 TP→24102.38
2026-07-21 11:09:43,199 - INFO - 📊 EXECUTION AUDIT [CF_SL_MODIFIED]: trade_id=None, candidate_id=cand_NSE_NIFTY50_INDEX_BREAKOUT_24135.85_20260721_105500_Structural_v3.2_RVOL0.8, payload={'price': 24182.9, 'old_sl': 24191.557142857146, 'new_sl': 24191.007142857146, 'old_tp': None, 'new_tp': 24102.37857142855, 'reason': 'TRAILING_SL'}
2026-07-21 11:09:43,243 - INFO - 🟡 UPDATE (TRAILING_SL) [CFStructural_v3.2_RVOL0.8|uctural_v3.2_RVOL0.8]: NSE:NIFTY50-INDEX @ 24182.90 | SL→24191.01 TP→24102.38
2026-07-21 11:09:43,243 - INFO - 📊 EXECUTION AUDIT [CF_SL_MODIFIED]: trade_id=None, candidate_id=cand_NSE_NIFTYBANK_INDEX_BREAKOUT_57912.55_20260721_110000_Structural_v3.2_RVOL1.0, payload={'price': 57915.7, 'old_sl': 57959.95178571428, 'new_sl': 57947.80178571428, 'old_tp': None, 'new_tp': 57606.832142857165, 'reason': 'TRAILING_SL'}
2026-07-21 11:09:43,284 - INFO - 🟡 UPDATE (TRAILING_SL) [CFStructural_v3.2_RVOL1.0|uctural_v3.2_RVOL1.0]: NSE:NIFTYBANK-INDEX @ 57915.70 | SL→57947.80 TP→57606.83
2026-07-21 11:09:43,284 - INFO - 📊 EXECUTION AUDIT [CF_SL_MODIFIED]: trade_id=None, candidate_id=cand_NSE_NIFTYBANK_INDEX_BREAKOUT_57912.55_20260721_110000_Structural_v3.2_RVOL0.8, payload={'price': 57915.7, 'old_sl': 57959.95178571428, 'new_sl': 57947.80178571428, 'old_tp': None, 'new_tp': 57606.832142857165, 'reason': 'TRAILING_SL'}
2026-07-21 11:09:43,321 - INFO - 🟡 UPDATE (TRAILING_SL) [CFStructural_v3.2_RVOL0.8|uctural_v3.2_RVOL0.8]: NSE:NIFTYBANK-INDEX @ 57915.70 | SL→57947.80 TP→57606.83
2026-07-21 11:14:46,592 - INFO - --- 11:14:46 Market Pulse ---
2026-07-21 11:14:47,508 - INFO - 📊 EXECUTION AUDIT [CF_SL_MODIFIED]: trade_id=None, candidate_id=cand_NSE_NIFTYBANK_INDEX_BREAKOUT_57912.55_20260721_110000_Structural_v3.2_RVOL1.0, payload={'price': 57914.95, 'old_sl': 57947.80178571428, 'new_sl': 57947.05178571428, 'old_tp': None, 'new_tp': 57606.832142857165, 'reason': 'TRAILING_SL'}
2026-07-21 11:14:47,584 - INFO - 🟡 UPDATE (TRAILING_SL) [CFStructural_v3.2_RVOL1.0|uctural_v3.2_RVOL1.0]: NSE:NIFTYBANK-INDEX @ 57914.95 | SL→57947.05 TP→57606.83
2026-07-21 11:14:47,585 - INFO - 📊 EXECUTION AUDIT [CF_SL_MODIFIED]: trade_id=None, candidate_id=cand_NSE_NIFTYBANK_INDEX_BREAKOUT_57912.55_20260721_110000_Structural_v3.2_RVOL0.8, payload={'price': 57914.95, 'old_sl': 57947.80178571428, 'new_sl': 57947.05178571428, 'old_tp': None, 'new_tp': 57606.832142857165, 'reason': 'TRAILING_SL'}
2026-07-21 11:14:47,629 - INFO - 🟡 UPDATE (TRAILING_SL) [CFStructural_v3.2_RVOL0.8|uctural_v3.2_RVOL0.8]: NSE:NIFTYBANK-INDEX @ 57914.95 | SL→57947.05 TP→57606.83
2026-07-21 11:34:02,221 - INFO - --- 11:34:02 Market Pulse ---
2026-07-21 11:34:03,095 - INFO - 📊 EXECUTION AUDIT [CF_SL_MODIFIED]: trade_id=None, candidate_id=cand_NSE_NIFTYBANK_INDEX_EMAPULL_57927.85_20260721_110430_EMA_Pullback_20_50_RVOL1.0, payload={'price': 57934.35, 'old_sl': 57895.75, 'new_sl': 57902.25, 'old_tp': None, 'new_tp': 58248.85, 'reason': 'TRAILING_SL'}
2026-07-21 11:34:03,172 - INFO - 🟡 UPDATE (TRAILING_SL) [CFEMA_Pullback_20_50_RVOL1.0|llback_20_50_RVOL1.0]: NSE:NIFTYBANK-INDEX @ 57934.35 | SL→57902.25 TP→58248.85
2026-07-21 11:34:03,173 - INFO - 📊 EXECUTION AUDIT [CF_SL_MODIFIED]: trade_id=None, candidate_id=cand_NSE_NIFTYBANK_INDEX_TRENDLINE_RETEST_57927.85_202607211104_Geometry_v1.0_Score35, payload={'price': 57934.35, 'old_sl': 57839.22, 'new_sl': 57845.72, 'old_tp': None, 'new_tp': 57955.43, 'reason': 'TRAILING_SL'}
2026-07-21 11:34:03,217 - INFO - 🟡 UPDATE (TRAILING_SL) [CFGeometry_v1.0_Score35|eometry_v1.0_Score35]: NSE:NIFTYBANK-INDEX @ 57934.35 | SL→57845.72 TP→57955.43
2026-07-21 11:34:03,217 - INFO - 📊 EXECUTION AUDIT [CF_SL_MODIFIED]: trade_id=None, candidate_id=cand_NSE_NIFTYBANK_INDEX_TRENDLINE_RETEST_57927.85_202607211104_Geometry_v1.0_Score50, payload={'price': 57934.35, 'old_sl': 57839.22, 'new_sl': 57845.72, 'old_tp': None, 'new_tp': 57955.43, 'reason': 'TRAILING_SL'}
2026-07-21 11:34:03,260 - INFO - 🟡 UPDATE (TRAILING_SL) [CFGeometry_v1.0_Score50|eometry_v1.0_Score50]: NSE:NIFTYBANK-INDEX @ 57934.35 | SL→57845.72 TP→57955.43
2026-07-21 11:34:03,260 - INFO - 🚫 Expiry/Event blackout active — no new entries. Reason: Lunch-hour blackout (11:30–13:30 IST)
2026-07-21 11:49:43,932 - INFO - --- 11:49:43 Market Pulse ---
2026-07-21 11:49:44,781 - INFO - 📊 EXECUTION AUDIT [CF_SL_MODIFIED]: trade_id=None, candidate_id=cand_NSE_NIFTY50_INDEX_BREAKOUT_24135.85_20260721_105500_Structural_v3.2_RVOL1.0, payload={'price': 24165.2, 'old_sl': 24191.007142857146, 'new_sl': 24171.28035714286, 'old_tp': None, 'new_tp': 24102.37857142855, 'reason': 'TRAILING_SL'}
2026-07-21 11:49:44,836 - INFO - 🟡 UPDATE (TRAILING_SL) [CFStructural_v3.2_RVOL1.0|uctural_v3.2_RVOL1.0]: NSE:NIFTY50-INDEX @ 24165.20 | SL→24171.28 TP→24102.38
2026-07-21 11:49:44,836 - INFO - 📊 EXECUTION AUDIT [CF_SL_MODIFIED]: trade_id=None, candidate_id=cand_NSE_NIFTY50_INDEX_BREAKOUT_24135.85_20260721_105500_Structural_v3.2_RVOL0.8, payload={'price': 24165.2, 'old_sl': 24191.007142857146, 'new_sl': 24171.28035714286, 'old_tp': None, 'new_tp': 24102.37857142855, 'reason': 'TRAILING_SL'}
2026-07-21 11:49:44,871 - INFO - 🟡 UPDATE (TRAILING_SL) [CFStructural_v3.2_RVOL0.8|uctural_v3.2_RVOL0.8]: NSE:NIFTY50-INDEX @ 24165.20 | SL→24171.28 TP→24102.38
2026-07-21 11:49:44,871 - INFO - 📊 EXECUTION AUDIT [CF_SL_MODIFIED]: trade_id=None, candidate_id=cand_NSE_NIFTYBANK_INDEX_BREAKOUT_57912.55_20260721_110000_Structural_v3.2_RVOL1.0, payload={'price': 57857.4, 'old_sl': 57947.05178571428, 'new_sl': 57881.47633928571, 'old_tp': None, 'new_tp': 57606.832142857165, 'reason': 'TRAILING_SL'}
2026-07-21 11:49:44,909 - INFO - 🟡 UPDATE (TRAILING_SL) [CFStructural_v3.2_RVOL1.0|uctural_v3.2_RVOL1.0]: NSE:NIFTYBANK-INDEX @ 57857.40 | SL→57881.48 TP→57606.83
2026-07-21 11:49:44,909 - INFO - 📊 EXECUTION AUDIT [CF_SL_MODIFIED]: trade_id=None, candidate_id=cand_NSE_NIFTYBANK_INDEX_BREAKOUT_57912.55_20260721_110000_Structural_v3.2_RVOL0.8, payload={'price': 57857.4, 'old_sl': 57947.05178571428, 'new_sl': 57881.47633928571, 'old_tp': None, 'new_tp': 57606.832142857165, 'reason': 'TRAILING_SL'}
2026-07-21 11:49:44,942 - INFO - 🟡 UPDATE (TRAILING_SL) [CFStructural_v3.2_RVOL0.8|uctural_v3.2_RVOL0.8]: NSE:NIFTYBANK-INDEX @ 57857.40 | SL→57881.48 TP→57606.83
2026-07-21 11:49:44,943 - INFO - 📊 EXECUTION AUDIT [CF_EXITED]: trade_id=None, candidate_id=cand_NSE_NIFTYBANK_INDEX_EMAPULL_57927.85_20260721_110430_EMA_Pullback_20_50_RVOL1.0, payload={'exit_price': 57902.25, 'exit_reason': 'TRAILING_SL', 'pnl_r': -0.8475077881619847, 'duration_minutes': 45.21639988333333, 'bars_held': 5}
2026-07-21 11:49:44,972 - INFO - 🔴 EXIT (TRAILING_SL) [CFEMA_Pullback_20_50_RVOL1.0|llback_20_50_RVOL1.0]: NSE:NIFTYBANK-INDEX @ 57902.25 | PnL -0.85R | MFE 0.20R | Capture -419% | 5bars HoldEff -0.170R/bar
2026-07-21 11:49:44,972 - INFO - 🚫 Expiry/Event blackout active — no new entries. Reason: Lunch-hour blackout (11:30–13:30 IST)
2026-07-21 12:05:13,653 - INFO - --- 12:05:13 Market Pulse ---
2026-07-21 12:05:15,255 - INFO - 📊 EXECUTION AUDIT [CF_EXITED]: trade_id=None, candidate_id=cand_NSE_NIFTY50_INDEX_BREAKOUT_24135.85_20260721_105500_Structural_v3.2_RVOL1.0, payload={'exit_price': 24171.28035714286, 'exit_reason': 'TRAILING_SL', 'pnl_r': 1.451101321585326, 'duration_minutes': 65.81874069999999, 'bars_held': 8}
2026-07-21 12:05:15,346 - INFO - 🔴 EXIT (TRAILING_SL) [CFStructural_v3.2_RVOL1.0|uctural_v3.2_RVOL1.0]: NSE:NIFTY50-INDEX @ 24171.28 | PnL +1.45R | MFE 2.25R | Capture 64% | 8bars HoldEff +0.181R/bar
2026-07-21 12:05:15,346 - INFO - 📊 EXECUTION AUDIT [CF_EXITED]: trade_id=None, candidate_id=cand_NSE_NIFTY50_INDEX_BREAKOUT_24135.85_20260721_105500_Structural_v3.2_RVOL0.8, payload={'exit_price': 24171.28035714286, 'exit_reason': 'TRAILING_SL', 'pnl_r': 1.451101321585326, 'duration_minutes': 65.81874069999999, 'bars_held': 8}
2026-07-21 12:05:15,380 - INFO - 🔴 EXIT (TRAILING_SL) [CFStructural_v3.2_RVOL0.8|uctural_v3.2_RVOL0.8]: NSE:NIFTY50-INDEX @ 24171.28 | PnL +1.45R | MFE 2.25R | Capture 64% | 8bars HoldEff +0.181R/bar
2026-07-21 12:05:15,380 - INFO - 📊 EXECUTION AUDIT [CF_EXITED]: trade_id=None, candidate_id=cand_NSE_NIFTYBANK_INDEX_BREAKOUT_57912.55_20260721_110000_Structural_v3.2_RVOL1.0, payload={'exit_price': 57881.47633928571, 'exit_reason': 'TRAILING_SL', 'pnl_r': 1.3945819658455114, 'duration_minutes': 60.71175433333334, 'bars_held': 7}
2026-07-21 12:05:15,411 - INFO - 🔴 EXIT (TRAILING_SL) [CFStructural_v3.2_RVOL1.0|uctural_v3.2_RVOL1.0]: NSE:NIFTYBANK-INDEX @ 57881.48 | PnL +1.39R | MFE 2.19R | Capture 64% | 7bars HoldEff +0.199R/bar
2026-07-21 12:05:15,411 - INFO - 📊 EXECUTION AUDIT [CF_EXITED]: trade_id=None, candidate_id=cand_NSE_NIFTYBANK_INDEX_BREAKOUT_57912.55_20260721_110000_Structural_v3.2_RVOL0.8, payload={'exit_price': 57881.47633928571, 'exit_reason': 'TRAILING_SL', 'pnl_r': 1.3945819658455114, 'duration_minutes': 60.71175433333334, 'bars_held': 7}
2026-07-21 12:05:15,441 - INFO - 🔴 EXIT (TRAILING_SL) [CFStructural_v3.2_RVOL0.8|uctural_v3.2_RVOL0.8]: NSE:NIFTYBANK-INDEX @ 57881.48 | PnL +1.39R | MFE 2.19R | Capture 64% | 7bars HoldEff +0.199R/bar
2026-07-21 12:05:15,441 - INFO - 🚫 Expiry/Event blackout active — no new entries. Reason: Lunch-hour blackout (11:30–13:30 IST)
2026-07-21 12:21:08,135 - INFO - --- 12:21:08 Market Pulse ---
2026-07-21 12:21:09,007 - INFO - 🚫 Expiry/Event blackout active — no new entries. Reason: Lunch-hour blackout (11:30–13:30 IST)
2026-07-21 12:36:48,750 - INFO - --- 12:36:48 Market Pulse ---
2026-07-21 12:36:50,055 - INFO - 📊 EXECUTION AUDIT [CF_TP_EXPANDED]: trade_id=None, candidate_id=cand_NSE_NIFTYBANK_INDEX_TRENDLINE_RETEST_57927.85_202607211104_Geometry_v1.0_Score35, payload={'price': 57963.25, 'old_sl': 57845.72, 'new_sl': 57874.62, 'old_tp': 57955.43, 'new_tp': 58044.06, 'reason': 'TP_EXPANSION'}
2026-07-21 12:36:50,131 - INFO - 🟡 UPDATE (TP_EXPANSION) [CFGeometry_v1.0_Score35|eometry_v1.0_Score35]: NSE:NIFTYBANK-INDEX @ 57963.25 | SL→57874.62 TP→58044.06
2026-07-21 12:36:50,131 - INFO - 📊 EXECUTION AUDIT [CF_TP_EXPANDED]: trade_id=None, candidate_id=cand_NSE_NIFTYBANK_INDEX_TRENDLINE_RETEST_57927.85_202607211104_Geometry_v1.0_Score50, payload={'price': 57963.25, 'old_sl': 57845.72, 'new_sl': 57874.62, 'old_tp': 57955.43, 'new_tp': 58044.06, 'reason': 'TP_EXPANSION'}
2026-07-21 12:36:50,175 - INFO - 🟡 UPDATE (TP_EXPANSION) [CFGeometry_v1.0_Score50|eometry_v1.0_Score50]: NSE:NIFTYBANK-INDEX @ 57963.25 | SL→57874.62 TP→58044.06
2026-07-21 12:36:50,175 - INFO - 🚫 Expiry/Event blackout active — no new entries. Reason: Lunch-hour blackout (11:30–13:30 IST)
2026-07-21 12:54:07,893 - INFO - --- 12:54:07 Market Pulse ---
2026-07-21 12:54:08,814 - INFO - 🚫 Expiry/Event blackout active — no new entries. Reason: Lunch-hour blackout (11:30–13:30 IST)
2026-07-21 13:11:01,568 - INFO - --- 13:11:01 Market Pulse ---
2026-07-21 13:11:03,158 - INFO - 🚫 Expiry/Event blackout active — no new entries. Reason: Lunch-hour blackout (11:30–13:30 IST)
2026-07-21 13:29:44,566 - INFO - --- 13:29:44 Market Pulse ---
2026-07-21 13:29:45,945 - INFO - 🚫 Expiry/Event blackout active — no new entries. Reason: Lunch-hour blackout (11:30–13:30 IST)
2026-07-21 13:45:51,685 - INFO - --- 13:45:51 Market Pulse ---
2026-07-21 13:45:55,137 - INFO - ⚡ [Structural_v3.2_RVOL1.0] warnings: ['VERY_LOW_RVOL:0.22']
2026-07-21 13:45:55,151 - INFO - ⚡ [Structural_v3.2_RVOL0.8] warnings: ['VERY_LOW_RVOL:0.22']
2026-07-21 13:45:55,154 - INFO - ⚡ [Structural_v3.2_RVOL1.0] warnings: ['VERY_LOW_RVOL:0.22']
2026-07-21 13:45:55,155 - INFO - 👻 [Structural_v3.2_RVOL1.0] CF BREAKOUT NSE:NIFTY50-INDEX BUY PUT | Rejected: ['LOW_RVOL', 'BIAS_MISMATCH', 'TP_CAPPED']
2026-07-21 13:45:55,155 - INFO - 📊 EXECUTION AUDIT [SIGNAL_GENERATED]: trade_id=None, candidate_id=cand_NSE_NIFTY50_INDEX_BREAKOUT_24135.65_20260721_134500_Structural_v3.2_RVOL1.0, payload={'symbol': 'NSE:NIFTY50-INDEX', 'signal': 'BUY PUT', 'strategy': 'BREAKOUT', 'price': 24187.95, 'stop_loss': 24194.135714285716, 'take_profit': 24126.09285714285, 'tp1': 24178.671428571426, 'rr_ratio': 10.0, 'timestamp': '2026-07-21T13:45:00+05:30', 'accepted': False, 'rejection_reasons': ['LOW_RVOL', 'BIAS_MISMATCH', 'TP_CAPPED'], 'features': {'date': '2026-07-21', 'strategy_name': 'Structural_v3', 'strategy_version': 'v3.2', 'feature_version': 'v1.1', 'market_regime': 'RANGE_LOW_VOL', 'day_type': 'RANGE_DAY', 'session_type': 'MID', 'daily_bias': 'NEUTRAL', 'hourly_bias': 'NEUTRAL', 'trend_strength': 0.0, 'rvol': 0.22, 'atr': 12.38, 'distance_from_supply': 179.35, 'distance_from_demand': 157.67, 'nearest_supply_strength': 70.4, 'nearest_demand_strength': 51.2, 'distance_to_liquidity_pool': 157.67499999999927, 'liquidity_score': 2.2, 'indicator_snapshot': {'rvol_tod': 0.22, 'is_compressed': True, 'bos_count': 0}, 'move_efficiency': 0.8711, 'wickiness': 0.4915, 'fft_score': 0.0, 'setup_type': 'BREAKOUT', 'candidate_id': 'cand_NSE_NIFTY50_INDEX_BREAKOUT_24135.65_20260721_134500', 'ema20': 24173.74, 'ema50': 24183.33, 'move_efficiency_h1': 0.1774, 'ema_bullish': False, 'rsi14': 54.84, 'distance_to_vwap': -0.0003, 'atr_percentile': 0.032, 'dist_prev_high': -0.0032, 'dist_prev_low': 0.0022}, 'candidate_id': 'cand_NSE_NIFTY50_INDEX_BREAKOUT_24135.65_20260721_134500_Structural_v3.2_RVOL1.0', 'experiment_name': 'Structural_v3.2_RVOL1.0', 'strategy_id': 'structural', 'version': 'v3.2'}
2026-07-21 14:01:32,298 - INFO - Retrieved live premium from Fyers API: LTP=36.4 for NSE:NIFTY2672124200PE
2026-07-21 14:01:32,298 - INFO - Resolved index signal into option contract: OptionContract(symbol='NSE:NIFTY2672124200PE', strike=24200.0, expiry='26721', option_type='PE', premium=36.4, delta=0.5, bid=36.3, ask=36.4, volume=1329072615, resolved_at=datetime.datetime(2026, 7, 21, 14, 1, 32, 298762))
2026-07-21 14:01:32,298 - INFO - ⚡ Option strike selection resolved index signal to contract NSE:NIFTY2672124200PE @ premium 36.4 (type: PE, strike: 24200.0)
2026-07-21 14:01:32,299 - INFO - 📊 EXECUTION AUDIT [STRIKE_SELECTED]: trade_id=None, candidate_id=cand_NSE_NIFTY50_INDEX_BREAKOUT_24135.65_20260721_134500_Structural_v3.2_RVOL1.0, payload={'symbol': 'NSE:NIFTY2672124200PE', 'strike': 24200.0, 'expiry': '26721', 'type': 'PE'}
2026-07-21 14:01:32,335 - INFO - 📊 EXECUTION AUDIT [PREMIUM_RETRIEVED]: trade_id=None, candidate_id=cand_NSE_NIFTY50_INDEX_BREAKOUT_24135.65_20260721_134500_Structural_v3.2_RVOL1.0, payload={'premium': 36.4, 'bid': 36.3, 'ask': 36.4}
2026-07-21 14:01:32,356 - INFO - 📊 EXECUTION AUDIT [CF_SUBMITTED]: trade_id=None, candidate_id=cand_NSE_NIFTY50_INDEX_BREAKOUT_24135.65_20260721_134500_Structural_v3.2_RVOL1.0, payload={'price': 24187.95, 'sl': 24194.135714285716, 'tp': 24126.09285714285}
2026-07-21 14:01:32,374 - INFO - 📊 EXECUTION AUDIT [CF_FILLED]: trade_id=None, candidate_id=cand_NSE_NIFTY50_INDEX_BREAKOUT_24135.65_20260721_134500_Structural_v3.2_RVOL1.0, payload={'price': 24187.95, 'sl': 24194.135714285716, 'tp': 24126.09285714285}
2026-07-21 14:01:32,424 - INFO - 🟢 ENTRY [CF|Structural_v3.2_RVOL1.0|uctural_v3.2_RVOL1.0]: NSE:NIFTY50-INDEX BUY PUT @ 24187.95 | SL: 24194.14 TP: 24126.09
2026-07-21 14:01:32,424 - INFO - ⚡ [Structural_v3.2_RVOL0.8] warnings: ['VERY_LOW_RVOL:0.22']
2026-07-21 14:01:32,424 - INFO - 👻 [Structural_v3.2_RVOL0.8] CF BREAKOUT NSE:NIFTY50-INDEX BUY PUT | Rejected: ['LOW_RVOL', 'BIAS_MISMATCH', 'TP_CAPPED']
2026-07-21 14:01:32,425 - INFO - 📊 EXECUTION AUDIT [SIGNAL_GENERATED]: trade_id=None, candidate_id=cand_NSE_NIFTY50_INDEX_BREAKOUT_24135.65_20260721_134500_Structural_v3.2_RVOL0.8, payload={'symbol': 'NSE:NIFTY50-INDEX', 'signal': 'BUY PUT', 'strategy': 'BREAKOUT', 'price': 24187.95, 'stop_loss': 24194.135714285716, 'take_profit': 24126.09285714285, 'tp1': 24178.671428571426, 'rr_ratio': 10.0, 'timestamp': '2026-07-21T13:45:00+05:30', 'accepted': False, 'rejection_reasons': ['LOW_RVOL', 'BIAS_MISMATCH', 'TP_CAPPED'], 'features': {'date': '2026-07-21', 'strategy_name': 'Structural_v3', 'strategy_version': 'v3.2', 'feature_version': 'v1.1', 'market_regime': 'RANGE_LOW_VOL', 'day_type': 'RANGE_DAY', 'session_type': 'MID', 'daily_bias': 'NEUTRAL', 'hourly_bias': 'NEUTRAL', 'trend_strength': 0.0, 'rvol': 0.22, 'atr': 12.38, 'distance_from_supply': 179.35, 'distance_from_demand': 157.67, 'nearest_supply_strength': 70.4, 'nearest_demand_strength': 51.2, 'distance_to_liquidity_pool': 157.67499999999927, 'liquidity_score': 2.2, 'indicator_snapshot': {'rvol_tod': 0.22, 'is_compressed': True, 'bos_count': 0}, 'move_efficiency': 0.8711, 'wickiness': 0.4915, 'fft_score': 0.0, 'setup_type': 'BREAKOUT', 'candidate_id': 'cand_NSE_NIFTY50_INDEX_BREAKOUT_24135.65_20260721_134500', 'ema20': 24173.74, 'ema50': 24183.33, 'move_efficiency_h1': 0.1774, 'ema_bullish': False, 'rsi14': 54.84, 'distance_to_vwap': -0.0003, 'atr_percentile': 0.032, 'dist_prev_high': -0.0032, 'dist_prev_low': 0.0022}, 'candidate_id': 'cand_NSE_NIFTY50_INDEX_BREAKOUT_24135.65_20260721_134500_Structural_v3.2_RVOL0.8', 'experiment_name': 'Structural_v3.2_RVOL0.8', 'strategy_id': 'structural', 'version': 'v3.2'}
2026-07-21 14:01:33,548 - INFO - Retrieved live premium from Fyers API: LTP=36.35 for NSE:NIFTY2672124200PE
2026-07-21 14:01:33,548 - INFO - Resolved index signal into option contract: OptionContract(symbol='NSE:NIFTY2672124200PE', strike=24200.0, expiry='26721', option_type='PE', premium=36.35, delta=0.5, bid=36.45, ask=36.6, volume=1329183505, resolved_at=datetime.datetime(2026, 7, 21, 14, 1, 33, 548365))
2026-07-21 14:01:33,548 - INFO - ⚡ Option strike selection resolved index signal to contract NSE:NIFTY2672124200PE @ premium 36.35 (type: PE, strike: 24200.0)
2026-07-21 14:01:33,548 - INFO - 📊 EXECUTION AUDIT [STRIKE_SELECTED]: trade_id=None, candidate_id=cand_NSE_NIFTY50_INDEX_BREAKOUT_24135.65_20260721_134500_Structural_v3.2_RVOL0.8, payload={'symbol': 'NSE:NIFTY2672124200PE', 'strike': 24200.0, 'expiry': '26721', 'type': 'PE'}
2026-07-21 14:01:33,573 - INFO - 📊 EXECUTION AUDIT [PREMIUM_RETRIEVED]: trade_id=None, candidate_id=cand_NSE_NIFTY50_INDEX_BREAKOUT_24135.65_20260721_134500_Structural_v3.2_RVOL0.8, payload={'premium': 36.35, 'bid': 36.45, 'ask': 36.6}
2026-07-21 14:01:33,593 - INFO - 📊 EXECUTION AUDIT [CF_SUBMITTED]: trade_id=None, candidate_id=cand_NSE_NIFTY50_INDEX_BREAKOUT_24135.65_20260721_134500_Structural_v3.2_RVOL0.8, payload={'price': 24187.95, 'sl': 24194.135714285716, 'tp': 24126.09285714285}
2026-07-21 14:01:33,608 - INFO - 📊 EXECUTION AUDIT [CF_FILLED]: trade_id=None, candidate_id=cand_NSE_NIFTY50_INDEX_BREAKOUT_24135.65_20260721_134500_Structural_v3.2_RVOL0.8, payload={'price': 24187.95, 'sl': 24194.135714285716, 'tp': 24126.09285714285}
2026-07-21 14:01:33,651 - INFO - 🟢 ENTRY [CF|Structural_v3.2_RVOL0.8|uctural_v3.2_RVOL0.8]: NSE:NIFTY50-INDEX BUY PUT @ 24187.95 | SL: 24194.14 TP: 24126.09
2026-07-21 14:01:33,651 - INFO - 👻 [EMA_Pullback_20_50_RVOL1.0] CF PULLBACK NSE:NIFTY50-INDEX BUY PUT | Rejected: ['LOW_RVOL', 'TP_CAPPED']
2026-07-21 14:01:33,652 - INFO - 📊 EXECUTION AUDIT [SIGNAL_GENERATED]: trade_id=None, candidate_id=cand_NSE_NIFTY50_INDEX_EMAPULL_24187.95_20260721_134551_EMA_Pullback_20_50_RVOL1.0, payload={'symbol': 'NSE:NIFTY50-INDEX', 'signal': 'BUY PUT', 'strategy': 'PULLBACK', 'price': 24187.95, 'stop_loss': 24194.14, 'take_profit': 24126.05, 'tp1': 24178.665, 'rr_ratio': 10.0, 'timestamp': '2026-07-21T13:45:51.685810+05:30', 'accepted': False, 'rejection_reasons': ['LOW_RVOL', 'TP_CAPPED'], 'features': {'atr': 12.38, 'ema20': 24173.74, 'ema50': 24183.33, 'move_efficiency': 0.8711, 'move_efficiency_h1': 0.1774, 'wickiness': 0.4915, 'ema_bullish': False, 'rsi14': 54.84, 'distance_to_vwap': -0.0003, 'atr_percentile': 0.032, 'dist_prev_high': -0.0032, 'dist_prev_low': 0.0022}, 'candidate_id': 'cand_NSE_NIFTY50_INDEX_EMAPULL_24187.95_20260721_134551_EMA_Pullback_20_50_RVOL1.0', 'confidence': 0.5, 'diagnostics': {'ema_distance': 0.00059, 'ema20': 24173.74, 'ema50': 24183.33, 'move_efficiency': 0.871, 'rvol': 0.22, 'atr': 12.38, 'atr_percentile': 0.032, 'distance_to_vwap': -0.0003}, 'experiment_name': 'EMA_Pullback_20_50_RVOL1.0', 'strategy_id': 'ema_pullback', 'version': 'v1.0'}
2026-07-21 14:01:35,073 - INFO - Retrieved live premium from Fyers API: LTP=36.1 for NSE:NIFTY2672124200PE
2026-07-21 14:01:35,074 - INFO - Resolved index signal into option contract: OptionContract(symbol='NSE:NIFTY2672124200PE', strike=24200.0, expiry='26721', option_type='PE', premium=36.1, delta=0.5, bid=36.0, ask=36.15, volume=1329299660, resolved_at=datetime.datetime(2026, 7, 21, 14, 1, 35, 74279))
2026-07-21 14:01:35,074 - INFO - ⚡ Option strike selection resolved index signal to contract NSE:NIFTY2672124200PE @ premium 36.1 (type: PE, strike: 24200.0)
2026-07-21 14:01:35,074 - INFO - 📊 EXECUTION AUDIT [STRIKE_SELECTED]: trade_id=None, candidate_id=cand_NSE_NIFTY50_INDEX_EMAPULL_24187.95_20260721_134551_EMA_Pullback_20_50_RVOL1.0, payload={'symbol': 'NSE:NIFTY2672124200PE', 'strike': 24200.0, 'expiry': '26721', 'type': 'PE'}
2026-07-21 14:01:35,108 - INFO - 📊 EXECUTION AUDIT [PREMIUM_RETRIEVED]: trade_id=None, candidate_id=cand_NSE_NIFTY50_INDEX_EMAPULL_24187.95_20260721_134551_EMA_Pullback_20_50_RVOL1.0, payload={'premium': 36.1, 'bid': 36.0, 'ask': 36.15}
2026-07-21 14:01:35,129 - INFO - 📊 EXECUTION AUDIT [CF_SUBMITTED]: trade_id=None, candidate_id=cand_NSE_NIFTY50_INDEX_EMAPULL_24187.95_20260721_134551_EMA_Pullback_20_50_RVOL1.0, payload={'price': 24187.95, 'sl': 24194.14, 'tp': 24126.05}
2026-07-21 14:01:35,147 - INFO - 📊 EXECUTION AUDIT [CF_FILLED]: trade_id=None, candidate_id=cand_NSE_NIFTY50_INDEX_EMAPULL_24187.95_20260721_134551_EMA_Pullback_20_50_RVOL1.0, payload={'price': 24187.95, 'sl': 24194.14, 'tp': 24126.05}
2026-07-21 14:01:35,195 - INFO - 🟢 ENTRY [CF|EMA_Pullback_20_50_RVOL1.0|llback_20_50_RVOL1.0]: NSE:NIFTY50-INDEX BUY PUT @ 24187.95 | SL: 24194.14 TP: 24126.05
2026-07-21 14:01:35,195 - INFO - 👻 [ATR_Squeeze_RVOL1.0] CF SQUEEZE_BREAKOUT NSE:NIFTY50-INDEX BUY CALL | Rejected: ['NEUTRAL_TREND', 'LOW_RVOL', 'TP_CAPPED']
2026-07-21 14:01:35,195 - INFO - 📊 EXECUTION AUDIT [SIGNAL_GENERATED]: trade_id=None, candidate_id=cand_NSE_NIFTY50_INDEX_SQBRK_24187.95_20260721_134551_ATR_Squeeze_RVOL1.0, payload={'symbol': 'NSE:NIFTY50-INDEX', 'signal': 'BUY CALL', 'strategy': 'SQUEEZE_BREAKOUT', 'price': 24187.95, 'stop_loss': 24181.760000000002, 'take_profit': 24249.850000000002, 'tp1': 24197.235, 'rr_ratio': 10.0, 'timestamp': '2026-07-21T13:45:51.685810+05:30', 'accepted': False, 'rejection_reasons': ['NEUTRAL_TREND', 'LOW_RVOL', 'TP_CAPPED'], 'features': {'atr': 12.38, 'ema20': 24173.74, 'ema50': 24183.33, 'move_efficiency': 0.8711, 'move_efficiency_h1': 0.1774, 'wickiness': 0.4915, 'ema_bullish': False, 'rsi14': 54.84, 'distance_to_vwap': -0.0003, 'atr_percentile': 0.032, 'dist_prev_high': -0.0032, 'dist_prev_low': 0.0022}, 'candidate_id': 'cand_NSE_NIFTY50_INDEX_SQBRK_24187.95_20260721_134551_ATR_Squeeze_RVOL1.0', 'confidence': 0.5, 'diagnostics': {'atr_percentile': 0.032, 'rvol': 0.22, 'atr': 12.38, 'bos_trend': 'NEUTRAL', 'bos_count': 19, 'move_efficiency': 0.871}, 'experiment_name': 'ATR_Squeeze_RVOL1.0', 'strategy_id': 'atr_squeeze', 'version': 'v1.0'}
2026-07-21 14:01:36,594 - INFO - Retrieved live premium from Fyers API: LTP=9.25 for NSE:NIFTY2672124200CE
2026-07-21 14:01:36,595 - INFO - Resolved index signal into option contract: OptionContract(symbol='NSE:NIFTY2672124200CE', strike=24200.0, expiry='26721', option_type='CE', premium=9.25, delta=0.5, bid=9.1, ask=9.15, volume=1515290335, resolved_at=datetime.datetime(2026, 7, 21, 14, 1, 36, 595233))
2026-07-21 14:01:36,595 - INFO - ⚡ Option strike selection resolved index signal to contract NSE:NIFTY2672124200CE @ premium 9.25 (type: CE, strike: 24200.0)
2026-07-21 14:01:36,595 - INFO - 📊 EXECUTION AUDIT [STRIKE_SELECTED]: trade_id=None, candidate_id=cand_NSE_NIFTY50_INDEX_SQBRK_24187.95_20260721_134551_ATR_Squeeze_RVOL1.0, payload={'symbol': 'NSE:NIFTY2672124200CE', 'strike': 24200.0, 'expiry': '26721', 'type': 'CE'}
2026-07-21 14:01:36,630 - INFO - 📊 EXECUTION AUDIT [PREMIUM_RETRIEVED]: trade_id=None, candidate_id=cand_NSE_NIFTY50_INDEX_SQBRK_24187.95_20260721_134551_ATR_Squeeze_RVOL1.0, payload={'premium': 9.25, 'bid': 9.1, 'ask': 9.15}
2026-07-21 14:01:36,651 - INFO - 📊 EXECUTION AUDIT [CF_SUBMITTED]: trade_id=None, candidate_id=cand_NSE_NIFTY50_INDEX_SQBRK_24187.95_20260721_134551_ATR_Squeeze_RVOL1.0, payload={'price': 24187.95, 'sl': 24181.760000000002, 'tp': 24249.850000000002}
2026-07-21 14:01:36,673 - INFO - 📊 EXECUTION AUDIT [CF_FILLED]: trade_id=None, candidate_id=cand_NSE_NIFTY50_INDEX_SQBRK_24187.95_20260721_134551_ATR_Squeeze_RVOL1.0, payload={'price': 24187.95, 'sl': 24181.760000000002, 'tp': 24249.850000000002}
2026-07-21 14:01:36,724 - INFO - 🟢 ENTRY [CF|ATR_Squeeze_RVOL1.0|_ATR_Squeeze_RVOL1.0]: NSE:NIFTY50-INDEX BUY CALL @ 24187.95 | SL: 24181.76 TP: 24249.85
2026-07-21 14:01:36,724 - INFO - 👻 [Geometry_v1.0_Score35] CF TRENDLINE_RETEST NSE:NIFTY50-INDEX BUY PUT | Rejected: ['LOW_RR:0.59']
2026-07-21 14:01:36,724 - INFO - 📊 EXECUTION AUDIT [SIGNAL_GENERATED]: trade_id=None, candidate_id=cand_NSE_NIFTY50_INDEX_TRENDLINE_RETEST_24187.95_202607211345_Geometry_v1.0_Score35, payload={'symbol': 'NSE:NIFTY50-INDEX', 'candidate_id': 'cand_NSE_NIFTY50_INDEX_TRENDLINE_RETEST_24187.95_202607211345_Geometry_v1.0_Score35', 'experiment_name': 'Geometry_v1.0_Score35', 'strategy_id': 'geometry', 'version': 'v1.0', 'signal': 'BUY PUT', 'strategy': 'TRENDLINE_RETEST', 'price': 24187.95, 'stop_loss': 24194.36, 'take_profit': 24184.18, 'tp1': 24178.34, 'rr_ratio': 0.59, 'timestamp': '2026-07-21T13:45:51.685810+05:30', 'zone_band_low': None, 'zone_band_high': None, 'zone_direction': None, 'zone_component_count': 0, 'accepted': False, 'rejection_reasons': ['LOW_RR:0.59'], 'stop_loss_distance': 6.41, 'atr': 12.38, 'confidence': 0.754, 'diagnostics': {'trendline_id': 'tl_1879bb2697d16d85', 'trendline_confidence': 0.837, 'trendline_r2': 0.997, 'trendline_touches': 34, 'trendline_price_at_now': 24171.91, 'dist_pct': 0.00066, 'narrative_bias': 'CONTINUATION', 'bias_confidence': 0.6}, 'features': {}}
2026-07-21 14:13:31,975 - INFO - Retrieved live premium from Fyers API: LTP=43.9 for NSE:NIFTY2672124200PE
2026-07-21 14:13:31,975 - INFO - Resolved index signal into option contract: OptionContract(symbol='NSE:NIFTY2672124200PE', strike=24200.0, expiry='26721', option_type='PE', premium=43.9, delta=0.5, bid=43.85, ask=43.95, volume=1405439425, resolved_at=datetime.datetime(2026, 7, 21, 14, 13, 31, 975421))
2026-07-21 14:13:31,975 - INFO - ⚡ Option strike selection resolved index signal to contract NSE:NIFTY2672124200PE @ premium 43.9 (type: PE, strike: 24200.0)
2026-07-21 14:13:31,975 - INFO - 📊 EXECUTION AUDIT [STRIKE_SELECTED]: trade_id=None, candidate_id=cand_NSE_NIFTY50_INDEX_TRENDLINE_RETEST_24187.95_202607211345_Geometry_v1.0_Score35, payload={'symbol': 'NSE:NIFTY2672124200PE', 'strike': 24200.0, 'expiry': '26721', 'type': 'PE'}
2026-07-21 14:13:32,002 - INFO - 📊 EXECUTION AUDIT [PREMIUM_RETRIEVED]: trade_id=None, candidate_id=cand_NSE_NIFTY50_INDEX_TRENDLINE_RETEST_24187.95_202607211345_Geometry_v1.0_Score35, payload={'premium': 43.9, 'bid': 43.85, 'ask': 43.95}
2026-07-21 14:13:32,019 - INFO - 📊 EXECUTION AUDIT [CF_SUBMITTED]: trade_id=None, candidate_id=cand_NSE_NIFTY50_INDEX_TRENDLINE_RETEST_24187.95_202607211345_Geometry_v1.0_Score35, payload={'price': 24187.95, 'sl': 24194.36, 'tp': 24184.18}
2026-07-21 14:13:32,033 - INFO - 📊 EXECUTION AUDIT [CF_FILLED]: trade_id=None, candidate_id=cand_NSE_NIFTY50_INDEX_TRENDLINE_RETEST_24187.95_202607211345_Geometry_v1.0_Score35, payload={'price': 24187.95, 'sl': 24194.36, 'tp': 24184.18}
2026-07-21 14:13:32,073 - INFO - 🟢 ENTRY [CF|Geometry_v1.0_Score35|eometry_v1.0_Score35]: NSE:NIFTY50-INDEX BUY PUT @ 24187.95 | SL: 24194.36 TP: 24184.18
2026-07-21 14:13:32,074 - INFO - 👻 [Geometry_v1.0_Score50] CF TRENDLINE_RETEST NSE:NIFTY50-INDEX BUY PUT | Rejected: ['LOW_RR:0.59']
2026-07-21 14:13:32,074 - INFO - 📊 EXECUTION AUDIT [SIGNAL_GENERATED]: trade_id=None, candidate_id=cand_NSE_NIFTY50_INDEX_TRENDLINE_RETEST_24187.95_202607211345_Geometry_v1.0_Score50, payload={'symbol': 'NSE:NIFTY50-INDEX', 'candidate_id': 'cand_NSE_NIFTY50_INDEX_TRENDLINE_RETEST_24187.95_202607211345_Geometry_v1.0_Score50', 'experiment_name': 'Geometry_v1.0_Score50', 'strategy_id': 'geometry', 'version': 'v1.0', 'signal': 'BUY PUT', 'strategy': 'TRENDLINE_RETEST', 'price': 24187.95, 'stop_loss': 24194.36, 'take_profit': 24184.18, 'tp1': 24178.34, 'rr_ratio': 0.59, 'timestamp': '2026-07-21T13:45:51.685810+05:30', 'zone_band_low': None, 'zone_band_high': None, 'zone_direction': None, 'zone_component_count': 0, 'accepted': False, 'rejection_reasons': ['LOW_RR:0.59'], 'stop_loss_distance': 6.41, 'atr': 12.38, 'confidence': 0.754, 'diagnostics': {'trendline_id': 'tl_1879bb2697d16d85', 'trendline_confidence': 0.837, 'trendline_r2': 0.997, 'trendline_touches': 34, 'trendline_price_at_now': 24171.91, 'dist_pct': 0.00066, 'narrative_bias': 'CONTINUATION', 'bias_confidence': 0.6}, 'features': {}}
2026-07-21 14:13:33,503 - INFO - Retrieved live premium from Fyers API: LTP=44.25 for NSE:NIFTY2672124200PE
2026-07-21 14:13:33,503 - INFO - Resolved index signal into option contract: OptionContract(symbol='NSE:NIFTY2672124200PE', strike=24200.0, expiry='26721', option_type='PE', premium=44.25, delta=0.5, bid=44.25, ask=44.4, volume=1405663350, resolved_at=datetime.datetime(2026, 7, 21, 14, 13, 33, 503632))
2026-07-21 14:13:33,503 - INFO - ⚡ Option strike selection resolved index signal to contract NSE:NIFTY2672124200PE @ premium 44.25 (type: PE, strike: 24200.0)
2026-07-21 14:13:33,504 - INFO - 📊 EXECUTION AUDIT [STRIKE_SELECTED]: trade_id=None, candidate_id=cand_NSE_NIFTY50_INDEX_TRENDLINE_RETEST_24187.95_202607211345_Geometry_v1.0_Score50, payload={'symbol': 'NSE:NIFTY2672124200PE', 'strike': 24200.0, 'expiry': '26721', 'type': 'PE'}
2026-07-21 14:13:33,538 - INFO - 📊 EXECUTION AUDIT [PREMIUM_RETRIEVED]: trade_id=None, candidate_id=cand_NSE_NIFTY50_INDEX_TRENDLINE_RETEST_24187.95_202607211345_Geometry_v1.0_Score50, payload={'premium': 44.25, 'bid': 44.25, 'ask': 44.4}
2026-07-21 14:13:33,559 - INFO - 📊 EXECUTION AUDIT [CF_SUBMITTED]: trade_id=None, candidate_id=cand_NSE_NIFTY50_INDEX_TRENDLINE_RETEST_24187.95_202607211345_Geometry_v1.0_Score50, payload={'price': 24187.95, 'sl': 24194.36, 'tp': 24184.18}
2026-07-21 14:13:33,580 - INFO - 📊 EXECUTION AUDIT [CF_FILLED]: trade_id=None, candidate_id=cand_NSE_NIFTY50_INDEX_TRENDLINE_RETEST_24187.95_202607211345_Geometry_v1.0_Score50, payload={'price': 24187.95, 'sl': 24194.36, 'tp': 24184.18}
2026-07-21 14:13:33,633 - INFO - 🟢 ENTRY [CF|Geometry_v1.0_Score50|eometry_v1.0_Score50]: NSE:NIFTY50-INDEX BUY PUT @ 24187.95 | SL: 24194.36 TP: 24184.18
2026-07-21 14:13:35,307 - INFO - ⚡ [Structural_v3.2_RVOL1.0] warnings: ['VERY_LOW_RVOL:0.21']
2026-07-21 14:13:35,321 - INFO - ⚡ [Structural_v3.2_RVOL0.8] warnings: ['VERY_LOW_RVOL:0.21']
2026-07-21 14:13:35,324 - INFO - ⚡ [Structural_v3.2_RVOL1.0] warnings: ['VERY_LOW_RVOL:0.21']
2026-07-21 14:13:35,324 - INFO - 👻 [Structural_v3.2_RVOL1.0] CF BREAKOUT NSE:NIFTYBANK-INDEX BUY PUT | Rejected: ['LOW_RVOL', 'BIAS_MISMATCH', 'LOW_EFFICIENCY', 'HIGH_WICKINESS', 'TP_CAPPED']
2026-07-21 14:13:35,324 - INFO - 📊 EXECUTION AUDIT [SIGNAL_GENERATED]: trade_id=None, candidate_id=cand_NSE_NIFTYBANK_INDEX_BREAKOUT_57830.55_20260721_134500_Structural_v3.2_RVOL1.0, payload={'symbol': 'NSE:NIFTYBANK-INDEX', 'signal': 'BUY PUT', 'strategy': 'BREAKOUT', 'price': 57895.5, 'stop_loss': 57915.925, 'take_profit': 57691.24999999997, 'tp1': 57864.862499999996, 'rr_ratio': 10.0, 'timestamp': '2026-07-21T13:45:00+05:30', 'accepted': False, 'rejection_reasons': ['LOW_RVOL', 'BIAS_MISMATCH', 'LOW_EFFICIENCY', 'HIGH_WICKINESS', 'TP_CAPPED'], 'features': {'date': '2026-07-21', 'strategy_name': 'Structural_v3', 'strategy_version': 'v3.2', 'feature_version': 'v1.1', 'market_regime': 'RANGE_LOW_VOL', 'day_type': 'RANGE_DAY', 'session_type': 'MID', 'daily_bias': 'BULLISH', 'hourly_bias': 'NEUTRAL', 'trend_strength': 0.0, 'rvol': 0.21, 'atr': 40.85, 'distance_from_supply': 701.35, 'distance_from_demand': 608.6, 'nearest_supply_strength': 70.6, 'nearest_demand_strength': 54.0, 'distance_to_liquidity_pool': 701.3499999999985, 'liquidity_score': 2.1, 'indicator_snapshot': {'rvol_tod': 0.21, 'is_compressed': True, 'bos_count': 0}, 'move_efficiency': 0.3346, 'wickiness': 0.5811, 'fft_score': 0.0, 'setup_type': 'BREAKOUT', 'candidate_id': 'cand_NSE_NIFTYBANK_INDEX_BREAKOUT_57830.55_20260721_134500', 'ema20': 57907.18, 'ema50': 57911.31, 'move_efficiency_h1': 0.1228, 'ema_bullish': False, 'rsi14': 38.4, 'distance_to_vwap': -0.0014, 'atr_percentile': 0.02, 'dist_prev_high': -0.0037, 'dist_prev_low': 0.0063}, 'candidate_id': 'cand_NSE_NIFTYBANK_INDEX_BREAKOUT_57830.55_20260721_134500_Structural_v3.2_RVOL1.0', 'experiment_name': 'Structural_v3.2_RVOL1.0', 'strategy_id': 'structural', 'version': 'v3.2'}
2026-07-21 14:13:37,473 - INFO - Retrieved live premium from Fyers API: LTP=419.0 for NSE:BANKNIFTY26JUL57900PE
2026-07-21 14:13:37,474 - INFO - Resolved index signal into option contract: OptionContract(symbol='NSE:BANKNIFTY26JUL57900PE', strike=57900.0, expiry='26JUL', option_type='PE', premium=419.0, delta=0.5, bid=418.15, ask=419.0, volume=2517720, resolved_at=datetime.datetime(2026, 7, 21, 14, 13, 37, 474224))
2026-07-21 14:13:37,474 - INFO - ⚡ Option strike selection resolved index signal to contract NSE:BANKNIFTY26JUL57900PE @ premium 419.0 (type: PE, strike: 57900.0)
2026-07-21 14:13:37,474 - INFO - 📊 EXECUTION AUDIT [STRIKE_SELECTED]: trade_id=None, candidate_id=cand_NSE_NIFTYBANK_INDEX_BREAKOUT_57830.55_20260721_134500_Structural_v3.2_RVOL1.0, payload={'symbol': 'NSE:BANKNIFTY26JUL57900PE', 'strike': 57900.0, 'expiry': '26JUL', 'type': 'PE'}
2026-07-21 14:13:37,503 - INFO - 📊 EXECUTION AUDIT [PREMIUM_RETRIEVED]: trade_id=None, candidate_id=cand_NSE_NIFTYBANK_INDEX_BREAKOUT_57830.55_20260721_134500_Structural_v3.2_RVOL1.0, payload={'premium': 419.0, 'bid': 418.15, 'ask': 419.0}
2026-07-21 14:13:37,524 - INFO - 📊 EXECUTION AUDIT [CF_SUBMITTED]: trade_id=None, candidate_id=cand_NSE_NIFTYBANK_INDEX_BREAKOUT_57830.55_20260721_134500_Structural_v3.2_RVOL1.0, payload={'price': 57895.5, 'sl': 57915.925, 'tp': 57691.24999999997}
2026-07-21 14:13:37,541 - INFO - 📊 EXECUTION AUDIT [CF_FILLED]: trade_id=None, candidate_id=cand_NSE_NIFTYBANK_INDEX_BREAKOUT_57830.55_20260721_134500_Structural_v3.2_RVOL1.0, payload={'price': 57895.5, 'sl': 57915.925, 'tp': 57691.24999999997}
2026-07-21 14:13:37,595 - INFO - 🟢 ENTRY [CF|Structural_v3.2_RVOL1.0|uctural_v3.2_RVOL1.0]: NSE:NIFTYBANK-INDEX BUY PUT @ 57895.50 | SL: 57915.93 TP: 57691.25
2026-07-21 14:13:37,595 - INFO - ⚡ [Structural_v3.2_RVOL0.8] warnings: ['VERY_LOW_RVOL:0.21']
2026-07-21 14:13:37,595 - INFO - 👻 [Structural_v3.2_RVOL0.8] CF BREAKOUT NSE:NIFTYBANK-INDEX BUY PUT | Rejected: ['LOW_RVOL', 'BIAS_MISMATCH', 'LOW_EFFICIENCY', 'HIGH_WICKINESS', 'TP_CAPPED']
2026-07-21 14:13:37,596 - INFO - 📊 EXECUTION AUDIT [SIGNAL_GENERATED]: trade_id=None, candidate_id=cand_NSE_NIFTYBANK_INDEX_BREAKOUT_57830.55_20260721_134500_Structural_v3.2_RVOL0.8, payload={'symbol': 'NSE:NIFTYBANK-INDEX', 'signal': 'BUY PUT', 'strategy': 'BREAKOUT', 'price': 57895.5, 'stop_loss': 57915.925, 'take_profit': 57691.24999999997, 'tp1': 57864.862499999996, 'rr_ratio': 10.0, 'timestamp': '2026-07-21T13:45:00+05:30', 'accepted': False, 'rejection_reasons': ['LOW_RVOL', 'BIAS_MISMATCH', 'LOW_EFFICIENCY', 'HIGH_WICKINESS', 'TP_CAPPED'], 'features': {'date': '2026-07-21', 'strategy_name': 'Structural_v3', 'strategy_version': 'v3.2', 'feature_version': 'v1.1', 'market_regime': 'RANGE_LOW_VOL', 'day_type': 'RANGE_DAY', 'session_type': 'MID', 'daily_bias': 'BULLISH', 'hourly_bias': 'NEUTRAL', 'trend_strength': 0.0, 'rvol': 0.21, 'atr': 40.85, 'distance_from_supply': 701.35, 'distance_from_demand': 608.6, 'nearest_supply_strength': 70.6, 'nearest_demand_strength': 54.0, 'distance_to_liquidity_pool': 701.3499999999985, 'liquidity_score': 2.1, 'indicator_snapshot': {'rvol_tod': 0.21, 'is_compressed': True, 'bos_count': 0}, 'move_efficiency': 0.3346, 'wickiness': 0.5811, 'fft_score': 0.0, 'setup_type': 'BREAKOUT', 'candidate_id': 'cand_NSE_NIFTYBANK_INDEX_BREAKOUT_57830.55_20260721_134500', 'ema20': 57907.18, 'ema50': 57911.31, 'move_efficiency_h1': 0.1228, 'ema_bullish': False, 'rsi14': 38.4, 'distance_to_vwap': -0.0014, 'atr_percentile': 0.02, 'dist_prev_high': -0.0037, 'dist_prev_low': 0.0063}, 'candidate_id': 'cand_NSE_NIFTYBANK_INDEX_BREAKOUT_57830.55_20260721_134500_Structural_v3.2_RVOL0.8', 'experiment_name': 'Structural_v3.2_RVOL0.8', 'strategy_id': 'structural', 'version': 'v3.2'}
2026-07-21 14:13:39,003 - INFO - Retrieved live premium from Fyers API: LTP=419.0 for NSE:BANKNIFTY26JUL57900PE
2026-07-21 14:13:39,005 - INFO - Resolved index signal into option contract: OptionContract(symbol='NSE:BANKNIFTY26JUL57900PE', strike=57900.0, expiry='26JUL', option_type='PE', premium=419.0, delta=0.5, bid=417.9, ask=419.0, volume=2517720, resolved_at=datetime.datetime(2026, 7, 21, 14, 13, 39, 5235))
2026-07-21 14:13:39,005 - INFO - ⚡ Option strike selection resolved index signal to contract NSE:BANKNIFTY26JUL57900PE @ premium 419.0 (type: PE, strike: 57900.0)
2026-07-21 14:13:39,005 - INFO - 📊 EXECUTION AUDIT [STRIKE_SELECTED]: trade_id=None, candidate_id=cand_NSE_NIFTYBANK_INDEX_BREAKOUT_57830.55_20260721_134500_Structural_v3.2_RVOL0.8, payload={'symbol': 'NSE:BANKNIFTY26JUL57900PE', 'strike': 57900.0, 'expiry': '26JUL', 'type': 'PE'}
2026-07-21 14:13:39,036 - INFO - 📊 EXECUTION AUDIT [PREMIUM_RETRIEVED]: trade_id=None, candidate_id=cand_NSE_NIFTYBANK_INDEX_BREAKOUT_57830.55_20260721_134500_Structural_v3.2_RVOL0.8, payload={'premium': 419.0, 'bid': 417.9, 'ask': 419.0}
2026-07-21 14:13:39,059 - INFO - 📊 EXECUTION AUDIT [CF_SUBMITTED]: trade_id=None, candidate_id=cand_NSE_NIFTYBANK_INDEX_BREAKOUT_57830.55_20260721_134500_Structural_v3.2_RVOL0.8, payload={'price': 57895.5, 'sl': 57915.925, 'tp': 57691.24999999997}
2026-07-21 14:13:39,077 - INFO - 📊 EXECUTION AUDIT [CF_FILLED]: trade_id=None, candidate_id=cand_NSE_NIFTYBANK_INDEX_BREAKOUT_57830.55_20260721_134500_Structural_v3.2_RVOL0.8, payload={'price': 57895.5, 'sl': 57915.925, 'tp': 57691.24999999997}
2026-07-21 14:13:39,130 - INFO - 🟢 ENTRY [CF|Structural_v3.2_RVOL0.8|uctural_v3.2_RVOL0.8]: NSE:NIFTYBANK-INDEX BUY PUT @ 57895.50 | SL: 57915.93 TP: 57691.25
2026-07-21 14:13:39,130 - INFO - 👻 [EMA_Pullback_20_50_RVOL1.0] CF PULLBACK NSE:NIFTYBANK-INDEX BUY PUT | Rejected: ['LOW_RVOL', 'BIAS_MISMATCH', 'LOW_EFFICIENCY', 'TP_CAPPED']
2026-07-21 14:13:39,130 - INFO - 📊 EXECUTION AUDIT [SIGNAL_GENERATED]: trade_id=None, candidate_id=cand_NSE_NIFTYBANK_INDEX_EMAPULL_57895.50_20260721_134551_EMA_Pullback_20_50_RVOL1.0, payload={'symbol': 'NSE:NIFTYBANK-INDEX', 'signal': 'BUY PUT', 'strategy': 'PULLBACK', 'price': 57895.5, 'stop_loss': 57919.479999999996, 'take_profit': 57691.25, 'tp1': 57859.530000000006, 'rr_ratio': 8.52, 'timestamp': '2026-07-21T13:45:51.685810+05:30', 'accepted': False, 'rejection_reasons': ['LOW_RVOL', 'BIAS_MISMATCH', 'LOW_EFFICIENCY', 'TP_CAPPED'], 'features': {'atr': 40.85, 'ema20': 57907.18, 'ema50': 57911.31, 'move_efficiency': 0.3346, 'move_efficiency_h1': 0.1228, 'wickiness': 0.5811, 'ema_bullish': False, 'rsi14': 38.4, 'distance_to_vwap': -0.0014, 'atr_percentile': 0.02, 'dist_prev_high': -0.0037, 'dist_prev_low': 0.0063}, 'candidate_id': 'cand_NSE_NIFTYBANK_INDEX_EMAPULL_57895.50_20260721_134551_EMA_Pullback_20_50_RVOL1.0', 'confidence': 0.5, 'diagnostics': {'ema_distance': -0.0002, 'ema20': 57907.18, 'ema50': 57911.31, 'move_efficiency': 0.335, 'rvol': 0.21, 'atr': 40.85, 'atr_percentile': 0.02, 'distance_to_vwap': -0.0014}, 'experiment_name': 'EMA_Pullback_20_50_RVOL1.0', 'strategy_id': 'ema_pullback', 'version': 'v1.0'}
2026-07-21 14:13:40,707 - INFO - Retrieved live premium from Fyers API: LTP=419.0 for NSE:BANKNIFTY26JUL57900PE
2026-07-21 14:13:40,707 - INFO - Resolved index signal into option contract: OptionContract(symbol='NSE:BANKNIFTY26JUL57900PE', strike=57900.0, expiry='26JUL', option_type='PE', premium=419.0, delta=0.5, bid=418.25, ask=419.15, volume=2517780, resolved_at=datetime.datetime(2026, 7, 21, 14, 13, 40, 707615))
2026-07-21 14:13:40,707 - INFO - ⚡ Option strike selection resolved index signal to contract NSE:BANKNIFTY26JUL57900PE @ premium 419.0 (type: PE, strike: 57900.0)
2026-07-21 14:13:40,707 - INFO - 📊 EXECUTION AUDIT [STRIKE_SELECTED]: trade_id=None, candidate_id=cand_NSE_NIFTYBANK_INDEX_EMAPULL_57895.50_20260721_134551_EMA_Pullback_20_50_RVOL1.0, payload={'symbol': 'NSE:BANKNIFTY26JUL57900PE', 'strike': 57900.0, 'expiry': '26JUL', 'type': 'PE'}
2026-07-21 14:13:40,732 - INFO - 📊 EXECUTION AUDIT [PREMIUM_RETRIEVED]: trade_id=None, candidate_id=cand_NSE_NIFTYBANK_INDEX_EMAPULL_57895.50_20260721_134551_EMA_Pullback_20_50_RVOL1.0, payload={'premium': 419.0, 'bid': 418.25, 'ask': 419.15}
2026-07-21 14:13:40,749 - INFO - 📊 EXECUTION AUDIT [CF_SUBMITTED]: trade_id=None, candidate_id=cand_NSE_NIFTYBANK_INDEX_EMAPULL_57895.50_20260721_134551_EMA_Pullback_20_50_RVOL1.0, payload={'price': 57895.5, 'sl': 57919.479999999996, 'tp': 57691.25}
2026-07-21 14:13:40,763 - INFO - 📊 EXECUTION AUDIT [CF_FILLED]: trade_id=None, candidate_id=cand_NSE_NIFTYBANK_INDEX_EMAPULL_57895.50_20260721_134551_EMA_Pullback_20_50_RVOL1.0, payload={'price': 57895.5, 'sl': 57919.479999999996, 'tp': 57691.25}
2026-07-21 14:13:40,804 - INFO - 🟢 ENTRY [CF|EMA_Pullback_20_50_RVOL1.0|llback_20_50_RVOL1.0]: NSE:NIFTYBANK-INDEX BUY PUT @ 57895.50 | SL: 57919.48 TP: 57691.25
2026-07-21 14:13:40,804 - INFO - 👻 [ATR_Squeeze_RVOL1.0] CF SQUEEZE_BREAKOUT NSE:NIFTYBANK-INDEX BUY CALL | Rejected: ['NEUTRAL_TREND', 'LOW_RVOL', 'TP_CAPPED']
2026-07-21 14:13:40,804 - INFO - 📊 EXECUTION AUDIT [SIGNAL_GENERATED]: trade_id=None, candidate_id=cand_NSE_NIFTYBANK_INDEX_SQBRK_57895.50_20260721_134551_ATR_Squeeze_RVOL1.0, payload={'symbol': 'NSE:NIFTYBANK-INDEX', 'signal': 'BUY CALL', 'strategy': 'SQUEEZE_BREAKOUT', 'price': 57895.5, 'stop_loss': 57875.075, 'take_profit': 58099.75, 'tp1': 57926.137500000004, 'rr_ratio': 10.0, 'timestamp': '2026-07-21T13:45:51.685810+05:30', 'accepted': False, 'rejection_reasons': ['NEUTRAL_TREND', 'LOW_RVOL', 'TP_CAPPED'], 'features': {'atr': 40.85, 'ema20': 57907.18, 'ema50': 57911.31, 'move_efficiency': 0.3346, 'move_efficiency_h1': 0.1228, 'wickiness': 0.5811, 'ema_bullish': False, 'rsi14': 38.4, 'distance_to_vwap': -0.0014, 'atr_percentile': 0.02, 'dist_prev_high': -0.0037, 'dist_prev_low': 0.0063}, 'candidate_id': 'cand_NSE_NIFTYBANK_INDEX_SQBRK_57895.50_20260721_134551_ATR_Squeeze_RVOL1.0', 'confidence': 0.5, 'diagnostics': {'atr_percentile': 0.02, 'rvol': 0.21, 'atr': 40.85, 'bos_trend': 'NEUTRAL', 'bos_count': 17, 'move_efficiency': 0.335}, 'experiment_name': 'ATR_Squeeze_RVOL1.0', 'strategy_id': 'atr_squeeze', 'version': 'v1.0'}
2026-07-21 14:13:42,068 - INFO - Retrieved live premium from Fyers API: LTP=520.9 for NSE:BANKNIFTY26JUL57900CE
2026-07-21 14:13:42,068 - INFO - Resolved index signal into option contract: OptionContract(symbol='NSE:BANKNIFTY26JUL57900CE', strike=57900.0, expiry='26JUL', option_type='CE', premium=520.9, delta=0.5, bid=520.7, ask=521.85, volume=2116530, resolved_at=datetime.datetime(2026, 7, 21, 14, 13, 42, 68542))
2026-07-21 14:13:42,068 - INFO - ⚡ Option strike selection resolved index signal to contract NSE:BANKNIFTY26JUL57900CE @ premium 520.9 (type: CE, strike: 57900.0)
2026-07-21 14:13:42,069 - INFO - 📊 EXECUTION AUDIT [STRIKE_SELECTED]: trade_id=None, candidate_id=cand_NSE_NIFTYBANK_INDEX_SQBRK_57895.50_20260721_134551_ATR_Squeeze_RVOL1.0, payload={'symbol': 'NSE:BANKNIFTY26JUL57900CE', 'strike': 57900.0, 'expiry': '26JUL', 'type': 'CE'}
2026-07-21 14:13:42,100 - INFO - 📊 EXECUTION AUDIT [PREMIUM_RETRIEVED]: trade_id=None, candidate_id=cand_NSE_NIFTYBANK_INDEX_SQBRK_57895.50_20260721_134551_ATR_Squeeze_RVOL1.0, payload={'premium': 520.9, 'bid': 520.7, 'ask': 521.85}
2026-07-21 14:13:42,121 - INFO - 📊 EXECUTION AUDIT [CF_SUBMITTED]: trade_id=None, candidate_id=cand_NSE_NIFTYBANK_INDEX_SQBRK_57895.50_20260721_134551_ATR_Squeeze_RVOL1.0, payload={'price': 57895.5, 'sl': 57875.075, 'tp': 58099.75}
2026-07-21 14:13:42,139 - INFO - 📊 EXECUTION AUDIT [CF_FILLED]: trade_id=None, candidate_id=cand_NSE_NIFTYBANK_INDEX_SQBRK_57895.50_20260721_134551_ATR_Squeeze_RVOL1.0, payload={'price': 57895.5, 'sl': 57875.075, 'tp': 58099.75}
2026-07-21 14:13:42,183 - INFO - 🟢 ENTRY [CF|ATR_Squeeze_RVOL1.0|_ATR_Squeeze_RVOL1.0]: NSE:NIFTYBANK-INDEX BUY CALL @ 57895.50 | SL: 57875.07 TP: 58099.75
2026-07-21 14:13:42,183 - INFO - 👻 [Geometry_v1.0_Score35] CF TRENDLINE_RETEST NSE:NIFTYBANK-INDEX BUY PUT | Rejected: ['NARRATIVE_BIAS_BULLISH', 'LOW_RR:-0.51']
2026-07-21 14:13:42,183 - INFO - 📊 EXECUTION AUDIT [SIGNAL_GENERATED]: trade_id=None, candidate_id=cand_NSE_NIFTYBANK_INDEX_TRENDLINE_RETEST_57895.50_202607211345_Geometry_v1.0_Score35, payload={'symbol': 'NSE:NIFTYBANK-INDEX', 'candidate_id': 'cand_NSE_NIFTYBANK_INDEX_TRENDLINE_RETEST_57895.50_202607211345_Geometry_v1.0_Score35', 'experiment_name': 'Geometry_v1.0_Score35', 'strategy_id': 'geometry', 'version': 'v1.0', 'signal': 'BUY PUT', 'strategy': 'TRENDLINE_RETEST', 'price': 57895.5, 'stop_loss': 57923.03, 'take_profit': 57909.53, 'tp1': 57854.21, 'rr_ratio': -0.51, 'timestamp': '2026-07-21T13:45:51.685810+05:30', 'zone_band_low': None, 'zone_band_high': None, 'zone_direction': None, 'zone_component_count': 0, 'accepted': False, 'rejection_reasons': ['NARRATIVE_BIAS_BULLISH', 'LOW_RR:-0.51'], 'stop_loss_distance': 27.53, 'atr': 40.85, 'confidence': 0.831, 'diagnostics': {'trendline_id': 'tl_dc0ccfd947ae05fa', 'trendline_confidence': 0.828, 'trendline_r2': 0.996, 'trendline_touches': 13, 'trendline_price_at_now': 57882.03, 'dist_pct': 0.00023, 'narrative_bias': 'REVERSAL', 'bias_confidence': 0.838}, 'features': {}}
2026-07-21 14:27:49,383 - INFO - Retrieved live premium from Fyers API: LTP=411.25 for NSE:BANKNIFTY26JUL57900PE
2026-07-21 14:27:49,384 - INFO - Resolved index signal into option contract: OptionContract(symbol='NSE:BANKNIFTY26JUL57900PE', strike=57900.0, expiry='26JUL', option_type='PE', premium=411.25, delta=0.5, bid=410.2, ask=411.45, volume=2648970, resolved_at=datetime.datetime(2026, 7, 21, 14, 27, 49, 384450))
2026-07-21 14:27:49,384 - INFO - ⚡ Option strike selection resolved index signal to contract NSE:BANKNIFTY26JUL57900PE @ premium 411.25 (type: PE, strike: 57900.0)
2026-07-21 14:27:49,385 - INFO - 📊 EXECUTION AUDIT [STRIKE_SELECTED]: trade_id=None, candidate_id=cand_NSE_NIFTYBANK_INDEX_TRENDLINE_RETEST_57895.50_202607211345_Geometry_v1.0_Score35, payload={'symbol': 'NSE:BANKNIFTY26JUL57900PE', 'strike': 57900.0, 'expiry': '26JUL', 'type': 'PE'}
2026-07-21 14:27:49,418 - INFO - 📊 EXECUTION AUDIT [PREMIUM_RETRIEVED]: trade_id=None, candidate_id=cand_NSE_NIFTYBANK_INDEX_TRENDLINE_RETEST_57895.50_202607211345_Geometry_v1.0_Score35, payload={'premium': 411.25, 'bid': 410.2, 'ask': 411.45}
2026-07-21 14:27:49,439 - INFO - 📊 EXECUTION AUDIT [CF_SUBMITTED]: trade_id=None, candidate_id=cand_NSE_NIFTYBANK_INDEX_TRENDLINE_RETEST_57895.50_202607211345_Geometry_v1.0_Score35, payload={'price': 57895.5, 'sl': 57923.03, 'tp': 57909.53}
2026-07-21 14:27:49,462 - INFO - 📊 EXECUTION AUDIT [CF_FILLED]: trade_id=None, candidate_id=cand_NSE_NIFTYBANK_INDEX_TRENDLINE_RETEST_57895.50_202607211345_Geometry_v1.0_Score35, payload={'price': 57895.5, 'sl': 57923.03, 'tp': 57909.53}
2026-07-21 14:27:49,514 - INFO - 🟢 ENTRY [CF|Geometry_v1.0_Score35|eometry_v1.0_Score35]: NSE:NIFTYBANK-INDEX BUY PUT @ 57895.50 | SL: 57923.03 TP: 57909.53
2026-07-21 14:27:49,514 - INFO - 👻 [Geometry_v1.0_Score50] CF TRENDLINE_RETEST NSE:NIFTYBANK-INDEX BUY PUT | Rejected: ['NARRATIVE_BIAS_BULLISH', 'LOW_RR:-0.51']
2026-07-21 14:27:49,514 - INFO - 📊 EXECUTION AUDIT [SIGNAL_GENERATED]: trade_id=None, candidate_id=cand_NSE_NIFTYBANK_INDEX_TRENDLINE_RETEST_57895.50_202607211345_Geometry_v1.0_Score50, payload={'symbol': 'NSE:NIFTYBANK-INDEX', 'candidate_id': 'cand_NSE_NIFTYBANK_INDEX_TRENDLINE_RETEST_57895.50_202607211345_Geometry_v1.0_Score50', 'experiment_name': 'Geometry_v1.0_Score50', 'strategy_id': 'geometry', 'version': 'v1.0', 'signal': 'BUY PUT', 'strategy': 'TRENDLINE_RETEST', 'price': 57895.5, 'stop_loss': 57923.03, 'take_profit': 57909.53, 'tp1': 57854.21, 'rr_ratio': -0.51, 'timestamp': '2026-07-21T13:45:51.685810+05:30', 'zone_band_low': None, 'zone_band_high': None, 'zone_direction': None, 'zone_component_count': 0, 'accepted': False, 'rejection_reasons': ['NARRATIVE_BIAS_BULLISH', 'LOW_RR:-0.51'], 'stop_loss_distance': 27.53, 'atr': 40.85, 'confidence': 0.831, 'diagnostics': {'trendline_id': 'tl_dc0ccfd947ae05fa', 'trendline_confidence': 0.828, 'trendline_r2': 0.996, 'trendline_touches': 13, 'trendline_price_at_now': 57882.03, 'dist_pct': 0.00023, 'narrative_bias': 'REVERSAL', 'bias_confidence': 0.838}, 'features': {}}
2026-07-21 14:27:50,657 - INFO - Retrieved live premium from Fyers API: LTP=410.2 for NSE:BANKNIFTY26JUL57900PE
2026-07-21 14:27:50,657 - INFO - Resolved index signal into option contract: OptionContract(symbol='NSE:BANKNIFTY26JUL57900PE', strike=57900.0, expiry='26JUL', option_type='PE', premium=410.2, delta=0.5, bid=410.2, ask=411.55, volume=2649030, resolved_at=datetime.datetime(2026, 7, 21, 14, 27, 50, 657340))
2026-07-21 14:27:50,657 - INFO - ⚡ Option strike selection resolved index signal to contract NSE:BANKNIFTY26JUL57900PE @ premium 410.2 (type: PE, strike: 57900.0)
2026-07-21 14:27:50,657 - INFO - 📊 EXECUTION AUDIT [STRIKE_SELECTED]: trade_id=None, candidate_id=cand_NSE_NIFTYBANK_INDEX_TRENDLINE_RETEST_57895.50_202607211345_Geometry_v1.0_Score50, payload={'symbol': 'NSE:BANKNIFTY26JUL57900PE', 'strike': 57900.0, 'expiry': '26JUL', 'type': 'PE'}
2026-07-21 14:27:50,685 - INFO - 📊 EXECUTION AUDIT [PREMIUM_RETRIEVED]: trade_id=None, candidate_id=cand_NSE_NIFTYBANK_INDEX_TRENDLINE_RETEST_57895.50_202607211345_Geometry_v1.0_Score50, payload={'premium': 410.2, 'bid': 410.2, 'ask': 411.55}
2026-07-21 14:27:50,708 - INFO - 📊 EXECUTION AUDIT [CF_SUBMITTED]: trade_id=None, candidate_id=cand_NSE_NIFTYBANK_INDEX_TRENDLINE_RETEST_57895.50_202607211345_Geometry_v1.0_Score50, payload={'price': 57895.5, 'sl': 57923.03, 'tp': 57909.53}
2026-07-21 14:27:50,726 - INFO - 📊 EXECUTION AUDIT [CF_FILLED]: trade_id=None, candidate_id=cand_NSE_NIFTYBANK_INDEX_TRENDLINE_RETEST_57895.50_202607211345_Geometry_v1.0_Score50, payload={'price': 57895.5, 'sl': 57923.03, 'tp': 57909.53}
2026-07-21 14:27:50,771 - INFO - 🟢 ENTRY [CF|Geometry_v1.0_Score50|eometry_v1.0_Score50]: NSE:NIFTYBANK-INDEX BUY PUT @ 57895.50 | SL: 57923.03 TP: 57909.53
2026-07-21 14:44:16,330 - INFO - --- 14:44:16 Market Pulse ---
2026-07-21 14:44:17,013 - INFO - 📊 EXECUTION AUDIT [CF_EXITED]: trade_id=None, candidate_id=cand_NSE_NIFTYBANK_INDEX_TRENDLINE_RETEST_57927.85_202607211104_Geometry_v1.0_Score35, payload={'exit_price': 57874.62, 'exit_reason': 'TRAILING_SL', 'pnl_r': -0.6505867087893208, 'duration_minutes': 219.75636475000002, 'bars_held': 20}
2026-07-21 14:44:17,088 - INFO - 🔴 EXIT (TRAILING_SL) [CFGeometry_v1.0_Score35|eometry_v1.0_Score35]: NSE:NIFTYBANK-INDEX @ 57874.62 | PnL -0.65R | MFE 0.40R | Capture -163% | 20bars HoldEff -0.033R/bar
2026-07-21 14:44:17,089 - INFO - 📊 EXECUTION AUDIT [CF_EXITED]: trade_id=None, candidate_id=cand_NSE_NIFTYBANK_INDEX_TRENDLINE_RETEST_57927.85_202607211104_Geometry_v1.0_Score50, payload={'exit_price': 57874.62, 'exit_reason': 'TRAILING_SL', 'pnl_r': -0.6505867087893208, 'duration_minutes': 219.75636475000002, 'bars_held': 20}
2026-07-21 14:44:17,137 - INFO - 🔴 EXIT (TRAILING_SL) [CFGeometry_v1.0_Score50|eometry_v1.0_Score50]: NSE:NIFTYBANK-INDEX @ 57874.62 | PnL -0.65R | MFE 0.40R | Capture -163% | 20bars HoldEff -0.033R/bar
2026-07-21 14:44:17,137 - INFO - 📊 EXECUTION AUDIT [CF_SL_MODIFIED]: trade_id=None, candidate_id=cand_NSE_NIFTY50_INDEX_BREAKOUT_24135.65_20260721_134500_Structural_v3.2_RVOL1.0, payload={'price': 24171.45, 'old_sl': 24194.135714285716, 'new_sl': 24176.089285714286, 'old_tp': None, 'new_tp': 24126.09285714285, 'reason': 'TRAILING_SL'}
2026-07-21 14:44:17,194 - INFO - 🟡 UPDATE (TRAILING_SL) [CFStructural_v3.2_RVOL1.0|uctural_v3.2_RVOL1.0]: NSE:NIFTY50-INDEX @ 24171.45 | SL→24176.09 TP→24126.09
2026-07-21 14:44:17,195 - INFO - 📊 EXECUTION AUDIT [CF_SL_MODIFIED]: trade_id=None, candidate_id=cand_NSE_NIFTY50_INDEX_BREAKOUT_24135.65_20260721_134500_Structural_v3.2_RVOL0.8, payload={'price': 24171.45, 'old_sl': 24194.135714285716, 'new_sl': 24176.089285714286, 'old_tp': None, 'new_tp': 24126.09285714285, 'reason': 'TRAILING_SL'}
2026-07-21 14:44:17,241 - INFO - 🟡 UPDATE (TRAILING_SL) [CFStructural_v3.2_RVOL0.8|uctural_v3.2_RVOL0.8]: NSE:NIFTY50-INDEX @ 24171.45 | SL→24176.09 TP→24126.09
2026-07-21 14:44:17,241 - INFO - 📊 EXECUTION AUDIT [CF_SL_MODIFIED]: trade_id=None, candidate_id=cand_NSE_NIFTY50_INDEX_EMAPULL_24187.95_20260721_134551_EMA_Pullback_20_50_RVOL1.0, payload={'price': 24171.45, 'old_sl': 24194.14, 'new_sl': 24176.0925, 'old_tp': None, 'new_tp': 24126.05, 'reason': 'TRAILING_SL'}
2026-07-21 14:44:17,283 - INFO - 🟡 UPDATE (TRAILING_SL) [CFEMA_Pullback_20_50_RVOL1.0|llback_20_50_RVOL1.0]: NSE:NIFTY50-INDEX @ 24171.45 | SL→24176.09 TP→24126.05
2026-07-21 14:44:17,283 - INFO - 📊 EXECUTION AUDIT [CF_EXITED]: trade_id=None, candidate_id=cand_NSE_NIFTY50_INDEX_SQBRK_24187.95_20260721_134551_ATR_Squeeze_RVOL1.0, payload={'exit_price': 24181.760000000002, 'exit_reason': 'INITIAL_SL', 'pnl_r': -1.05, 'duration_minutes': 58.410741216666665, 'bars_held': 1}
2026-07-21 14:44:17,334 - INFO - 🔴 EXIT (INITIAL_SL) [CFATR_Squeeze_RVOL1.0|_ATR_Squeeze_RVOL1.0]: NSE:NIFTY50-INDEX @ 24181.76 | PnL -1.05R | MFE 0.00R | Capture N/A | 1bars HoldEff -1.050R/bar
2026-07-21 14:44:17,334 - INFO - 📊 EXECUTION AUDIT [CF_TP_EXPANDED]: trade_id=None, candidate_id=cand_NSE_NIFTY50_INDEX_TRENDLINE_RETEST_24187.95_202607211345_Geometry_v1.0_Score35, payload={'price': 24171.45, 'old_sl': 24194.36, 'new_sl': 24177.86, 'old_tp': 24184.18, 'new_tp': 24177.77, 'reason': 'TP_EXPANSION'}
2026-07-21 14:44:17,389 - INFO - 🟡 UPDATE (TP_EXPANSION) [CFGeometry_v1.0_Score35|eometry_v1.0_Score35]: NSE:NIFTY50-INDEX @ 24171.45 | SL→24177.86 TP→24177.77
2026-07-21 14:44:17,389 - INFO - 📊 EXECUTION AUDIT [CF_TP_EXPANDED]: trade_id=None, candidate_id=cand_NSE_NIFTY50_INDEX_TRENDLINE_RETEST_24187.95_202607211345_Geometry_v1.0_Score50, payload={'price': 24171.45, 'old_sl': 24194.36, 'new_sl': 24177.86, 'old_tp': 24184.18, 'new_tp': 24177.77, 'reason': 'TP_EXPANSION'}
2026-07-21 14:44:17,438 - INFO - 🟡 UPDATE (TP_EXPANSION) [CFGeometry_v1.0_Score50|eometry_v1.0_Score50]: NSE:NIFTY50-INDEX @ 24171.45 | SL→24177.86 TP→24177.77
2026-07-21 14:44:17,438 - INFO - 📊 EXECUTION AUDIT [CF_SL_MODIFIED]: trade_id=None, candidate_id=cand_NSE_NIFTYBANK_INDEX_BREAKOUT_57830.55_20260721_134500_Structural_v3.2_RVOL1.0, payload={'price': 57842.9, 'old_sl': 57915.925, 'new_sl': 57858.21875, 'old_tp': None, 'new_tp': 57691.24999999997, 'reason': 'TRAILING_SL'}
2026-07-21 14:44:17,470 - INFO - 🟡 UPDATE (TRAILING_SL) [CFStructural_v3.2_RVOL1.0|uctural_v3.2_RVOL1.0]: NSE:NIFTYBANK-INDEX @ 57842.90 | SL→57858.22 TP→57691.25
2026-07-21 14:44:17,470 - INFO - 📊 EXECUTION AUDIT [CF_SL_MODIFIED]: trade_id=None, candidate_id=cand_NSE_NIFTYBANK_INDEX_BREAKOUT_57830.55_20260721_134500_Structural_v3.2_RVOL0.8, payload={'price': 57842.9, 'old_sl': 57915.925, 'new_sl': 57858.21875, 'old_tp': None, 'new_tp': 57691.24999999997, 'reason': 'TRAILING_SL'}
2026-07-21 14:44:17,502 - INFO - 🟡 UPDATE (TRAILING_SL) [CFStructural_v3.2_RVOL0.8|uctural_v3.2_RVOL0.8]: NSE:NIFTYBANK-INDEX @ 57842.90 | SL→57858.22 TP→57691.25
2026-07-21 14:44:17,502 - INFO - 📊 EXECUTION AUDIT [CF_SL_MODIFIED]: trade_id=None, candidate_id=cand_NSE_NIFTYBANK_INDEX_EMAPULL_57895.50_20260721_134551_EMA_Pullback_20_50_RVOL1.0, payload={'price': 57842.9, 'old_sl': 57919.479999999996, 'new_sl': 57860.884999999995, 'old_tp': None, 'new_tp': 57691.25, 'reason': 'TRAILING_SL'}
2026-07-21 14:44:17,534 - INFO - 🟡 UPDATE (TRAILING_SL) [CFEMA_Pullback_20_50_RVOL1.0|llback_20_50_RVOL1.0]: NSE:NIFTYBANK-INDEX @ 57842.90 | SL→57860.88 TP→57691.25
2026-07-21 14:44:17,534 - INFO - 📊 EXECUTION AUDIT [CF_EXITED]: trade_id=None, candidate_id=cand_NSE_NIFTYBANK_INDEX_SQBRK_57895.50_20260721_134551_ATR_Squeeze_RVOL1.0, payload={'exit_price': 57875.075, 'exit_reason': 'INITIAL_SL', 'pnl_r': -1.05, 'duration_minutes': 58.410741216666665, 'bars_held': 1}
2026-07-21 14:44:17,568 - INFO - 🔴 EXIT (INITIAL_SL) [CFATR_Squeeze_RVOL1.0|_ATR_Squeeze_RVOL1.0]: NSE:NIFTYBANK-INDEX @ 57875.07 | PnL -1.05R | MFE 0.00R | Capture N/A | 1bars HoldEff -1.050R/bar
2026-07-21 14:44:17,568 - INFO - 📊 EXECUTION AUDIT [CF_TP_EXPANDED]: trade_id=None, candidate_id=cand_NSE_NIFTYBANK_INDEX_TRENDLINE_RETEST_57895.50_202607211345_Geometry_v1.0_Score35, payload={'price': 57842.9, 'old_sl': 57923.03, 'new_sl': 57870.43, 'old_tp': 57909.53, 'new_tp': 57882.0, 'reason': 'TP_EXPANSION'}
2026-07-21 14:44:17,628 - INFO - 🟡 UPDATE (TP_EXPANSION) [CFGeometry_v1.0_Score35|eometry_v1.0_Score35]: NSE:NIFTYBANK-INDEX @ 57842.90 | SL→57870.43 TP→57882.00
2026-07-21 14:44:17,628 - INFO - 📊 EXECUTION AUDIT [CF_TP_EXPANDED]: trade_id=None, candidate_id=cand_NSE_NIFTYBANK_INDEX_TRENDLINE_RETEST_57895.50_202607211345_Geometry_v1.0_Score50, payload={'price': 57842.9, 'old_sl': 57923.03, 'new_sl': 57870.43, 'old_tp': 57909.53, 'new_tp': 57882.0, 'reason': 'TP_EXPANSION'}
2026-07-21 14:44:17,676 - INFO - 🟡 UPDATE (TP_EXPANSION) [CFGeometry_v1.0_Score50|eometry_v1.0_Score50]: NSE:NIFTYBANK-INDEX @ 57842.90 | SL→57870.43 TP→57882.00
2026-07-21 15:14:30,573 - INFO - --- 15:14:30 Market Pulse ---
2026-07-21 15:14:31,845 - INFO - 📊 EXECUTION AUDIT [CF_EXITED]: trade_id=None, candidate_id=cand_NSE_NIFTY50_INDEX_BREAKOUT_24135.65_20260721_134500_Structural_v3.2_RVOL1.0, payload={'exit_price': 24176.089285714286, 'exit_reason': 'TRAILING_SL', 'pnl_r': 1.8674364896071338, 'duration_minutes': 88.64812993333334, 'bars_held': 2}
2026-07-21 15:14:31,911 - INFO - 🔴 EXIT (TRAILING_SL) [CFStructural_v3.2_RVOL1.0|uctural_v3.2_RVOL1.0]: NSE:NIFTY50-INDEX @ 24176.09 | PnL +1.87R | MFE 2.67R | Capture 70% | 2bars HoldEff +0.934R/bar
2026-07-21 15:14:31,911 - INFO - 📊 EXECUTION AUDIT [CF_EXITED]: trade_id=None, candidate_id=cand_NSE_NIFTY50_INDEX_BREAKOUT_24135.65_20260721_134500_Structural_v3.2_RVOL0.8, payload={'exit_price': 24176.089285714286, 'exit_reason': 'TRAILING_SL', 'pnl_r': 1.8674364896071338, 'duration_minutes': 88.64812993333334, 'bars_held': 2}
2026-07-21 15:14:31,953 - INFO - 🔴 EXIT (TRAILING_SL) [CFStructural_v3.2_RVOL0.8|uctural_v3.2_RVOL0.8]: NSE:NIFTY50-INDEX @ 24176.09 | PnL +1.87R | MFE 2.67R | Capture 70% | 2bars HoldEff +0.934R/bar
2026-07-21 15:14:31,953 - INFO - 📊 EXECUTION AUDIT [CF_EXITED]: trade_id=None, candidate_id=cand_NSE_NIFTY50_INDEX_EMAPULL_24187.95_20260721_134551_EMA_Pullback_20_50_RVOL1.0, payload={'exit_price': 24176.0925, 'exit_reason': 'TRAILING_SL', 'pnl_r': 1.865589660743845, 'duration_minutes': 88.64812993333334, 'bars_held': 2}
2026-07-21 15:14:31,985 - INFO - 🔴 EXIT (TRAILING_SL) [CFEMA_Pullback_20_50_RVOL1.0|llback_20_50_RVOL1.0]: NSE:NIFTY50-INDEX @ 24176.09 | PnL +1.87R | MFE 2.67R | Capture 70% | 2bars HoldEff +0.933R/bar
2026-07-21 15:14:31,985 - INFO - 📊 EXECUTION AUDIT [CF_EXITED]: trade_id=None, candidate_id=cand_NSE_NIFTY50_INDEX_TRENDLINE_RETEST_24187.95_202607211345_Geometry_v1.0_Score35, payload={'exit_price': 24177.86, 'exit_reason': 'TRAILING_SL', 'pnl_r': 1.5241029641186232, 'duration_minutes': 88.64812993333334, 'bars_held': 2}
2026-07-21 15:14:32,019 - INFO - 🔴 EXIT (TRAILING_SL) [CFGeometry_v1.0_Score35|eometry_v1.0_Score35]: NSE:NIFTY50-INDEX @ 24177.86 | PnL +1.52R | MFE 2.57R | Capture 59% | 2bars HoldEff +0.762R/bar
2026-07-21 15:14:32,019 - INFO - 📊 EXECUTION AUDIT [CF_EXITED]: trade_id=None, candidate_id=cand_NSE_NIFTY50_INDEX_TRENDLINE_RETEST_24187.95_202607211345_Geometry_v1.0_Score50, payload={'exit_price': 24177.86, 'exit_reason': 'TRAILING_SL', 'pnl_r': 1.5241029641186232, 'duration_minutes': 88.64812993333334, 'bars_held': 2}
2026-07-21 15:14:32,056 - INFO - 🔴 EXIT (TRAILING_SL) [CFGeometry_v1.0_Score50|eometry_v1.0_Score50]: NSE:NIFTY50-INDEX @ 24177.86 | PnL +1.52R | MFE 2.57R | Capture 59% | 2bars HoldEff +0.762R/bar
2026-07-21 15:14:32,056 - INFO - 📊 EXECUTION AUDIT [CF_SL_MODIFIED]: trade_id=None, candidate_id=cand_NSE_NIFTYBANK_INDEX_BREAKOUT_57830.55_20260721_134500_Structural_v3.2_RVOL1.0, payload={'price': 57814.3, 'old_sl': 57858.21875, 'new_sl': 57829.61875000001, 'old_tp': None, 'new_tp': 57691.24999999997, 'reason': 'TRAILING_SL'}
2026-07-21 15:14:32,093 - INFO - 🟡 UPDATE (TRAILING_SL) [CFStructural_v3.2_RVOL1.0|uctural_v3.2_RVOL1.0]: NSE:NIFTYBANK-INDEX @ 57814.30 | SL→57829.62 TP→57691.25
2026-07-21 15:14:32,093 - INFO - 📊 EXECUTION AUDIT [CF_SL_MODIFIED]: trade_id=None, candidate_id=cand_NSE_NIFTYBANK_INDEX_BREAKOUT_57830.55_20260721_134500_Structural_v3.2_RVOL0.8, payload={'price': 57814.3, 'old_sl': 57858.21875, 'new_sl': 57829.61875000001, 'old_tp': None, 'new_tp': 57691.24999999997, 'reason': 'TRAILING_SL'}
2026-07-21 15:14:32,126 - INFO - 🟡 UPDATE (TRAILING_SL) [CFStructural_v3.2_RVOL0.8|uctural_v3.2_RVOL0.8]: NSE:NIFTYBANK-INDEX @ 57814.30 | SL→57829.62 TP→57691.25
2026-07-21 15:14:32,126 - INFO - 📊 EXECUTION AUDIT [CF_SL_MODIFIED]: trade_id=None, candidate_id=cand_NSE_NIFTYBANK_INDEX_EMAPULL_57895.50_20260721_134551_EMA_Pullback_20_50_RVOL1.0, payload={'price': 57814.3, 'old_sl': 57860.884999999995, 'new_sl': 57832.285, 'old_tp': None, 'new_tp': 57691.25, 'reason': 'TRAILING_SL'}
2026-07-21 15:14:32,156 - INFO - 🟡 UPDATE (TRAILING_SL) [CFEMA_Pullback_20_50_RVOL1.0|llback_20_50_RVOL1.0]: NSE:NIFTYBANK-INDEX @ 57814.30 | SL→57832.29 TP→57691.25
2026-07-21 15:14:32,156 - INFO - 📊 EXECUTION AUDIT [CF_TP_EXPANDED]: trade_id=None, candidate_id=cand_NSE_NIFTYBANK_INDEX_TRENDLINE_RETEST_57895.50_202607211345_Geometry_v1.0_Score35, payload={'price': 57814.3, 'old_sl': 57870.43, 'new_sl': 57841.83, 'old_tp': 57882.0, 'new_tp': 57854.47, 'reason': 'TP_EXPANSION'}
2026-07-21 15:14:32,193 - INFO - 🟡 UPDATE (TP_EXPANSION) [CFGeometry_v1.0_Score35|eometry_v1.0_Score35]: NSE:NIFTYBANK-INDEX @ 57814.30 | SL→57841.83 TP→57854.47
2026-07-21 15:14:32,193 - INFO - 📊 EXECUTION AUDIT [CF_TP_EXPANDED]: trade_id=None, candidate_id=cand_NSE_NIFTYBANK_INDEX_TRENDLINE_RETEST_57895.50_202607211345_Geometry_v1.0_Score50, payload={'price': 57814.3, 'old_sl': 57870.43, 'new_sl': 57841.83, 'old_tp': 57882.0, 'new_tp': 57854.47, 'reason': 'TP_EXPANSION'}
2026-07-21 15:14:32,230 - INFO - 🟡 UPDATE (TP_EXPANSION) [CFGeometry_v1.0_Score50|eometry_v1.0_Score50]: NSE:NIFTYBANK-INDEX @ 57814.30 | SL→57841.83 TP→57854.47
2026-07-21 15:14:34,600 - INFO - 👻 [Structural_v3.2_RVOL1.0] CF BREAKOUT NSE:NIFTY50-INDEX BUY PUT | Rejected: ['LOW_RVOL', 'BIAS_MISMATCH', 'LOW_EFFICIENCY', 'HIGH_WICKINESS', 'TP_CAPPED']
2026-07-21 15:14:34,600 - INFO - 📊 EXECUTION AUDIT [SIGNAL_GENERATED]: trade_id=None, candidate_id=cand_NSE_NIFTY50_INDEX_BREAKOUT_24156.05_20260721_151000_Structural_v3.2_RVOL1.0, payload={'symbol': 'NSE:NIFTY50-INDEX', 'signal': 'BUY PUT', 'strategy': 'BREAKOUT', 'price': 24184.15, 'stop_loss': 24192.073214285716, 'take_profit': 24104.917857142875, 'tp1': 24172.26517857143, 'rr_ratio': 10.0, 'timestamp': '2026-07-21T15:10:00+05:30', 'accepted': False, 'rejection_reasons': ['LOW_RVOL', 'BIAS_MISMATCH', 'LOW_EFFICIENCY', 'HIGH_WICKINESS', 'TP_CAPPED'], 'features': {'date': '2026-07-21', 'strategy_name': 'Structural_v3', 'strategy_version': 'v3.2', 'feature_version': 'v1.1', 'market_regime': 'RANGE', 'day_type': 'RANGE_DAY', 'session_type': 'CLOSE', 'daily_bias': 'NEUTRAL', 'hourly_bias': 'NEUTRAL', 'trend_strength': 0.0, 'rvol': 0.98, 'atr': 15.89, 'distance_from_supply': 183.15, 'distance_from_demand': 153.88, 'nearest_supply_strength': 70.2, 'nearest_demand_strength': 51.0, 'distance_to_liquidity_pool': 153.875, 'liquidity_score': 9.8, 'indicator_snapshot': {'rvol_tod': 0.98, 'is_compressed': True, 'bos_count': 0}, 'move_efficiency': 0.356, 'wickiness': 0.8655, 'fft_score': 0.0, 'setup_type': 'BREAKOUT', 'candidate_id': 'cand_NSE_NIFTY50_INDEX_BREAKOUT_24156.05_20260721_151000', 'ema20': 24176.44, 'ema50': 24179.47, 'move_efficiency_h1': 0.1937, 'ema_bullish': False, 'rsi14': 55.56, 'distance_to_vwap': -0.0002, 'atr_percentile': 0.396, 'dist_prev_high': -0.0034, 'dist_prev_low': 0.002}, 'candidate_id': 'cand_NSE_NIFTY50_INDEX_BREAKOUT_24156.05_20260721_151000_Structural_v3.2_RVOL1.0', 'experiment_name': 'Structural_v3.2_RVOL1.0', 'strategy_id': 'structural', 'version': 'v3.2'}
2026-07-21 15:14:36,224 - INFO - Retrieved live premium from Fyers API: LTP=16.3 for NSE:NIFTY2672124200PE
2026-07-21 15:14:36,224 - INFO - Resolved index signal into option contract: OptionContract(symbol='NSE:NIFTY2672124200PE', strike=24200.0, expiry='26721', option_type='PE', premium=16.3, delta=0.5, bid=15.95, ask=16.0, volume=2022007910, resolved_at=datetime.datetime(2026, 7, 21, 15, 14, 36, 224577))
2026-07-21 15:14:36,224 - INFO - ⚡ Option strike selection resolved index signal to contract NSE:NIFTY2672124200PE @ premium 16.3 (type: PE, strike: 24200.0)
2026-07-21 15:14:36,225 - INFO - 📊 EXECUTION AUDIT [STRIKE_SELECTED]: trade_id=None, candidate_id=cand_NSE_NIFTY50_INDEX_BREAKOUT_24156.05_20260721_151000_Structural_v3.2_RVOL1.0, payload={'symbol': 'NSE:NIFTY2672124200PE', 'strike': 24200.0, 'expiry': '26721', 'type': 'PE'}
2026-07-21 15:14:36,257 - INFO - 📊 EXECUTION AUDIT [PREMIUM_RETRIEVED]: trade_id=None, candidate_id=cand_NSE_NIFTY50_INDEX_BREAKOUT_24156.05_20260721_151000_Structural_v3.2_RVOL1.0, payload={'premium': 16.3, 'bid': 15.95, 'ask': 16.0}
2026-07-21 15:14:36,278 - INFO - 📊 EXECUTION AUDIT [CF_SUBMITTED]: trade_id=None, candidate_id=cand_NSE_NIFTY50_INDEX_BREAKOUT_24156.05_20260721_151000_Structural_v3.2_RVOL1.0, payload={'price': 24184.15, 'sl': 24192.073214285716, 'tp': 24104.917857142875}
2026-07-21 15:14:36,296 - INFO - 📊 EXECUTION AUDIT [CF_FILLED]: trade_id=None, candidate_id=cand_NSE_NIFTY50_INDEX_BREAKOUT_24156.05_20260721_151000_Structural_v3.2_RVOL1.0, payload={'price': 24184.15, 'sl': 24192.073214285716, 'tp': 24104.917857142875}
2026-07-21 15:14:36,344 - INFO - 🟢 ENTRY [CF|Structural_v3.2_RVOL1.0|uctural_v3.2_RVOL1.0]: NSE:NIFTY50-INDEX BUY PUT @ 24184.15 | SL: 24192.07 TP: 24104.92
2026-07-21 15:14:36,345 - INFO - 👻 [Structural_v3.2_RVOL0.8] CF BREAKOUT NSE:NIFTY50-INDEX BUY PUT | Rejected: ['BIAS_MISMATCH', 'LOW_EFFICIENCY', 'HIGH_WICKINESS', 'TP_CAPPED']
2026-07-21 15:14:36,345 - INFO - 📊 EXECUTION AUDIT [SIGNAL_GENERATED]: trade_id=None, candidate_id=cand_NSE_NIFTY50_INDEX_BREAKOUT_24156.05_20260721_151000_Structural_v3.2_RVOL0.8, payload={'symbol': 'NSE:NIFTY50-INDEX', 'signal': 'BUY PUT', 'strategy': 'BREAKOUT', 'price': 24184.15, 'stop_loss': 24192.073214285716, 'take_profit': 24104.917857142875, 'tp1': 24172.26517857143, 'rr_ratio': 10.0, 'timestamp': '2026-07-21T15:10:00+05:30', 'accepted': False, 'rejection_reasons': ['BIAS_MISMATCH', 'LOW_EFFICIENCY', 'HIGH_WICKINESS', 'TP_CAPPED'], 'features': {'date': '2026-07-21', 'strategy_name': 'Structural_v3', 'strategy_version': 'v3.2', 'feature_version': 'v1.1', 'market_regime': 'RANGE', 'day_type': 'RANGE_DAY', 'session_type': 'CLOSE', 'daily_bias': 'NEUTRAL', 'hourly_bias': 'NEUTRAL', 'trend_strength': 0.0, 'rvol': 0.98, 'atr': 15.89, 'distance_from_supply': 183.15, 'distance_from_demand': 153.88, 'nearest_supply_strength': 70.2, 'nearest_demand_strength': 51.0, 'distance_to_liquidity_pool': 153.875, 'liquidity_score': 9.8, 'indicator_snapshot': {'rvol_tod': 0.98, 'is_compressed': True, 'bos_count': 0}, 'move_efficiency': 0.356, 'wickiness': 0.8655, 'fft_score': 0.0, 'setup_type': 'BREAKOUT', 'candidate_id': 'cand_NSE_NIFTY50_INDEX_BREAKOUT_24156.05_20260721_151000', 'ema20': 24176.44, 'ema50': 24179.47, 'move_efficiency_h1': 0.1937, 'ema_bullish': False, 'rsi14': 55.56, 'distance_to_vwap': -0.0002, 'atr_percentile': 0.396, 'dist_prev_high': -0.0034, 'dist_prev_low': 0.002}, 'candidate_id': 'cand_NSE_NIFTY50_INDEX_BREAKOUT_24156.05_20260721_151000_Structural_v3.2_RVOL0.8', 'experiment_name': 'Structural_v3.2_RVOL0.8', 'strategy_id': 'structural', 'version': 'v3.2'}
2026-07-21 15:14:37,739 - INFO - Retrieved live premium from Fyers API: LTP=16.2 for NSE:NIFTY2672124200PE
2026-07-21 15:14:37,740 - INFO - Resolved index signal into option contract: OptionContract(symbol='NSE:NIFTY2672124200PE', strike=24200.0, expiry='26721', option_type='PE', premium=16.2, delta=0.5, bid=16.2, ask=16.25, volume=2022490340, resolved_at=datetime.datetime(2026, 7, 21, 15, 14, 37, 740378))
2026-07-21 15:14:37,740 - INFO - ⚡ Option strike selection resolved index signal to contract NSE:NIFTY2672124200PE @ premium 16.2 (type: PE, strike: 24200.0)
2026-07-21 15:14:37,740 - INFO - 📊 EXECUTION AUDIT [STRIKE_SELECTED]: trade_id=None, candidate_id=cand_NSE_NIFTY50_INDEX_BREAKOUT_24156.05_20260721_151000_Structural_v3.2_RVOL0.8, payload={'symbol': 'NSE:NIFTY2672124200PE', 'strike': 24200.0, 'expiry': '26721', 'type': 'PE'}
2026-07-21 15:14:37,774 - INFO - 📊 EXECUTION AUDIT [PREMIUM_RETRIEVED]: trade_id=None, candidate_id=cand_NSE_NIFTY50_INDEX_BREAKOUT_24156.05_20260721_151000_Structural_v3.2_RVOL0.8, payload={'premium': 16.2, 'bid': 16.2, 'ask': 16.25}
2026-07-21 15:14:37,794 - INFO - 📊 EXECUTION AUDIT [CF_SUBMITTED]: trade_id=None, candidate_id=cand_NSE_NIFTY50_INDEX_BREAKOUT_24156.05_20260721_151000_Structural_v3.2_RVOL0.8, payload={'price': 24184.15, 'sl': 24192.073214285716, 'tp': 24104.917857142875}
2026-07-21 15:14:37,812 - INFO - 📊 EXECUTION AUDIT [CF_FILLED]: trade_id=None, candidate_id=cand_NSE_NIFTY50_INDEX_BREAKOUT_24156.05_20260721_151000_Structural_v3.2_RVOL0.8, payload={'price': 24184.15, 'sl': 24192.073214285716, 'tp': 24104.917857142875}
2026-07-21 15:14:37,861 - INFO - 🟢 ENTRY [CF|Structural_v3.2_RVOL0.8|uctural_v3.2_RVOL0.8]: NSE:NIFTY50-INDEX BUY PUT @ 24184.15 | SL: 24192.07 TP: 24104.92
2026-07-21 15:14:37,862 - INFO - 👻 [EMA_Pullback_20_50_RVOL1.0] CF PULLBACK NSE:NIFTY50-INDEX BUY PUT | Rejected: ['LOW_RVOL', 'LOW_EFFICIENCY', 'TP_CAPPED']
2026-07-21 15:14:37,862 - INFO - 📊 EXECUTION AUDIT [SIGNAL_GENERATED]: trade_id=None, candidate_id=cand_NSE_NIFTY50_INDEX_EMAPULL_24184.15_20260721_151430_EMA_Pullback_20_50_RVOL1.0, payload={'symbol': 'NSE:NIFTY50-INDEX', 'signal': 'BUY PUT', 'strategy': 'PULLBACK', 'price': 24184.15, 'stop_loss': 24192.095, 'take_profit': 24104.7, 'tp1': 24172.232500000002, 'rr_ratio': 10.0, 'timestamp': '2026-07-21T15:14:30.573606+05:30', 'accepted': False, 'rejection_reasons': ['LOW_RVOL', 'LOW_EFFICIENCY', 'TP_CAPPED'], 'features': {'atr': 15.89, 'ema20': 24176.44, 'ema50': 24179.47, 'move_efficiency': 0.356, 'move_efficiency_h1': 0.1937, 'wickiness': 0.8655, 'ema_bullish': False, 'rsi14': 55.56, 'distance_to_vwap': -0.0002, 'atr_percentile': 0.396, 'dist_prev_high': -0.0034, 'dist_prev_low': 0.002}, 'candidate_id': 'cand_NSE_NIFTY50_INDEX_EMAPULL_24184.15_20260721_151430_EMA_Pullback_20_50_RVOL1.0', 'confidence': 0.5, 'diagnostics': {'ema_distance': 0.00032, 'ema20': 24176.44, 'ema50': 24179.47, 'move_efficiency': 0.356, 'rvol': 0.98, 'atr': 15.89, 'atr_percentile': 0.396, 'distance_to_vwap': -0.0002}, 'experiment_name': 'EMA_Pullback_20_50_RVOL1.0', 'strategy_id': 'ema_pullback', 'version': 'v1.0'}
2026-07-21 15:30:59,811 - INFO - Retrieved live premium from Fyers API: LTP=12.2 for NSE:NIFTY2672124200PE
2026-07-21 15:30:59,812 - INFO - Resolved index signal into option contract: OptionContract(symbol='NSE:NIFTY2672124200PE', strike=24200.0, expiry='26721', option_type='PE', premium=12.2, delta=0.5, bid=12.25, ask=12.3, volume=2140111870, resolved_at=datetime.datetime(2026, 7, 21, 15, 30, 59, 812328))
2026-07-21 15:30:59,812 - INFO - ⚡ Option strike selection resolved index signal to contract NSE:NIFTY2672124200PE @ premium 12.2 (type: PE, strike: 24200.0)
2026-07-21 15:30:59,812 - INFO - 📊 EXECUTION AUDIT [STRIKE_SELECTED]: trade_id=None, candidate_id=cand_NSE_NIFTY50_INDEX_EMAPULL_24184.15_20260721_151430_EMA_Pullback_20_50_RVOL1.0, payload={'symbol': 'NSE:NIFTY2672124200PE', 'strike': 24200.0, 'expiry': '26721', 'type': 'PE'}
2026-07-21 15:30:59,838 - INFO - 📊 EXECUTION AUDIT [PREMIUM_RETRIEVED]: trade_id=None, candidate_id=cand_NSE_NIFTY50_INDEX_EMAPULL_24184.15_20260721_151430_EMA_Pullback_20_50_RVOL1.0, payload={'premium': 12.2, 'bid': 12.25, 'ask': 12.3}
2026-07-21 15:30:59,853 - INFO - 📊 EXECUTION AUDIT [CF_SUBMITTED]: trade_id=None, candidate_id=cand_NSE_NIFTY50_INDEX_EMAPULL_24184.15_20260721_151430_EMA_Pullback_20_50_RVOL1.0, payload={'price': 24184.15, 'sl': 24192.095, 'tp': 24104.7}
2026-07-21 15:30:59,869 - INFO - 📊 EXECUTION AUDIT [CF_FILLED]: trade_id=None, candidate_id=cand_NSE_NIFTY50_INDEX_EMAPULL_24184.15_20260721_151430_EMA_Pullback_20_50_RVOL1.0, payload={'price': 24184.15, 'sl': 24192.095, 'tp': 24104.7}
2026-07-21 15:30:59,911 - INFO - 🟢 ENTRY [CF|EMA_Pullback_20_50_RVOL1.0|llback_20_50_RVOL1.0]: NSE:NIFTY50-INDEX BUY PUT @ 24184.15 | SL: 24192.10 TP: 24104.70
2026-07-21 15:47:32,834 - INFO - --- 15:47:32 Market Pulse ---
2026-07-21 15:47:33,777 - INFO - 📊 EXECUTION AUDIT [CF_EXITED]: trade_id=None, candidate_id=cand_NSE_NIFTYBANK_INDEX_BREAKOUT_57830.55_20260721_134500_Structural_v3.2_RVOL1.0, payload={'exit_price': 57817.6, 'exit_reason': 'SESSION_END', 'pnl_r': 3.763953488371621, 'duration_minutes': 121.68580834999999, 'bars_held': 3}
2026-07-21 15:47:33,840 - INFO - 🔴 EXIT (SESSION_END) [CFStructural_v3.2_RVOL1.0|uctural_v3.2_RVOL1.0]: NSE:NIFTYBANK-INDEX @ 57817.60 | PnL +3.76R | MFE 3.98R | Capture 95% | 3bars HoldEff +1.255R/bar
2026-07-21 15:47:33,840 - INFO - 📊 EXECUTION AUDIT [CF_EXITED]: trade_id=None, candidate_id=cand_NSE_NIFTYBANK_INDEX_BREAKOUT_57830.55_20260721_134500_Structural_v3.2_RVOL0.8, payload={'exit_price': 57817.6, 'exit_reason': 'SESSION_END', 'pnl_r': 3.763953488371621, 'duration_minutes': 121.68580834999999, 'bars_held': 3}
2026-07-21 15:47:33,884 - INFO - 🔴 EXIT (SESSION_END) [CFStructural_v3.2_RVOL0.8|uctural_v3.2_RVOL0.8]: NSE:NIFTYBANK-INDEX @ 57817.60 | PnL +3.76R | MFE 3.98R | Capture 95% | 3bars HoldEff +1.255R/bar
2026-07-21 15:47:33,884 - INFO - 📊 EXECUTION AUDIT [CF_EXITED]: trade_id=None, candidate_id=cand_NSE_NIFTYBANK_INDEX_EMAPULL_57895.50_20260721_134551_EMA_Pullback_20_50_RVOL1.0, payload={'exit_price': 57817.6, 'exit_reason': 'SESSION_END', 'pnl_r': 3.1985404503759254, 'duration_minutes': 121.68580834999999, 'bars_held': 3}
2026-07-21 15:47:33,916 - INFO - 🔴 EXIT (SESSION_END) [CFEMA_Pullback_20_50_RVOL1.0|llback_20_50_RVOL1.0]: NSE:NIFTYBANK-INDEX @ 57817.60 | PnL +3.20R | MFE 3.39R | Capture 94% | 3bars HoldEff +1.066R/bar
2026-07-21 15:47:33,916 - INFO - 📊 EXECUTION AUDIT [CF_TP_EXPANDED]: trade_id=None, candidate_id=cand_NSE_NIFTYBANK_INDEX_TRENDLINE_RETEST_57895.50_202607211345_Geometry_v1.0_Score35, payload={'price': 57817.6, 'old_sl': 57841.83, 'new_sl': 57841.83, 'old_tp': 57854.47, 'new_tp': 57826.94, 'reason': 'TP_EXPANSION'}
2026-07-21 15:47:33,948 - INFO - 🟡 UPDATE (TP_EXPANSION) [CFGeometry_v1.0_Score35|eometry_v1.0_Score35]: NSE:NIFTYBANK-INDEX @ 57817.60 | SL→57841.83 TP→57826.94
2026-07-21 15:47:33,948 - INFO - 📊 EXECUTION AUDIT [CF_EXITED]: trade_id=None, candidate_id=cand_NSE_NIFTYBANK_INDEX_TRENDLINE_RETEST_57895.50_202607211345_Geometry_v1.0_Score35, payload={'exit_price': 57817.6, 'exit_reason': 'SESSION_END', 'pnl_r': 2.7796403922994823, 'duration_minutes': 121.68580834999999, 'bars_held': 3}
2026-07-21 15:47:33,982 - INFO - 🔴 EXIT (SESSION_END) [CFGeometry_v1.0_Score35|eometry_v1.0_Score35]: NSE:NIFTYBANK-INDEX @ 57817.60 | PnL +2.78R | MFE 2.95R | Capture 94% | 3bars HoldEff +0.926R/bar
2026-07-21 15:47:33,982 - INFO - 📊 EXECUTION AUDIT [CF_TP_EXPANDED]: trade_id=None, candidate_id=cand_NSE_NIFTYBANK_INDEX_TRENDLINE_RETEST_57895.50_202607211345_Geometry_v1.0_Score50, payload={'price': 57817.6, 'old_sl': 57841.83, 'new_sl': 57841.83, 'old_tp': 57854.47, 'new_tp': 57826.94, 'reason': 'TP_EXPANSION'}
2026-07-21 15:47:34,014 - INFO - 🟡 UPDATE (TP_EXPANSION) [CFGeometry_v1.0_Score50|eometry_v1.0_Score50]: NSE:NIFTYBANK-INDEX @ 57817.60 | SL→57841.83 TP→57826.94
2026-07-21 15:47:34,014 - INFO - 📊 EXECUTION AUDIT [CF_EXITED]: trade_id=None, candidate_id=cand_NSE_NIFTYBANK_INDEX_TRENDLINE_RETEST_57895.50_202607211345_Geometry_v1.0_Score50, payload={'exit_price': 57817.6, 'exit_reason': 'SESSION_END', 'pnl_r': 2.7796403922994823, 'duration_minutes': 121.68580834999999, 'bars_held': 3}
2026-07-21 15:47:34,045 - INFO - 🔴 EXIT (SESSION_END) [CFGeometry_v1.0_Score50|eometry_v1.0_Score50]: NSE:NIFTYBANK-INDEX @ 57817.60 | PnL +2.78R | MFE 2.95R | Capture 94% | 3bars HoldEff +0.926R/bar
2026-07-21 15:47:34,045 - INFO - 📊 EXECUTION AUDIT [CF_EXITED]: trade_id=None, candidate_id=cand_NSE_NIFTY50_INDEX_BREAKOUT_24156.05_20260721_151000_Structural_v3.2_RVOL1.0, payload={'exit_price': 24192.073214285716, 'exit_reason': 'INITIAL_SL', 'pnl_r': -1.05, 'duration_minutes': 33.037678416666665, 'bars_held': 1}
2026-07-21 15:47:34,078 - INFO - 🔴 EXIT (INITIAL_SL) [CFStructural_v3.2_RVOL1.0|uctural_v3.2_RVOL1.0]: NSE:NIFTY50-INDEX @ 24192.07 | PnL -1.05R | MFE 0.00R | Capture N/A | 1bars HoldEff -1.050R/bar
2026-07-21 15:47:34,078 - INFO - 📊 EXECUTION AUDIT [CF_EXITED]: trade_id=None, candidate_id=cand_NSE_NIFTY50_INDEX_BREAKOUT_24156.05_20260721_151000_Structural_v3.2_RVOL0.8, payload={'exit_price': 24192.073214285716, 'exit_reason': 'INITIAL_SL', 'pnl_r': -1.05, 'duration_minutes': 33.037678416666665, 'bars_held': 1}
2026-07-21 15:47:34,109 - INFO - 🔴 EXIT (INITIAL_SL) [CFStructural_v3.2_RVOL0.8|uctural_v3.2_RVOL0.8]: NSE:NIFTY50-INDEX @ 24192.07 | PnL -1.05R | MFE 0.00R | Capture N/A | 1bars HoldEff -1.050R/bar
2026-07-21 15:47:34,109 - INFO - 📊 EXECUTION AUDIT [CF_EXITED]: trade_id=None, candidate_id=cand_NSE_NIFTY50_INDEX_EMAPULL_24184.15_20260721_151430_EMA_Pullback_20_50_RVOL1.0, payload={'exit_price': 24192.095, 'exit_reason': 'INITIAL_SL', 'pnl_r': -1.05, 'duration_minutes': 33.037678416666665, 'bars_held': 1}
2026-07-21 15:47:34,137 - INFO - 🔴 EXIT (INITIAL_SL) [CFEMA_Pullback_20_50_RVOL1.0|llback_20_50_RVOL1.0]: NSE:NIFTY50-INDEX @ 24192.10 | PnL -1.05R | MFE 0.00R | Capture N/A | 1bars HoldEff -1.050R/bar
2026-07-21 15:47:34,137 - INFO - 🔒 Session cutoff reached (15:25) — no new entries.
2026-07-21 15:47:34,154 - INFO - 📊 Daily metrics saved: [Structural_v3.2_RVOL1.0] 2026-07-21 cf=17 expectancy=2.0615441479227123
2026-07-21 15:47:34,174 - INFO - 📊 Daily metrics saved: [Structural_v3.2_RVOL0.8] 2026-07-21 cf=17 expectancy=2.0615441479227123
2026-07-21 15:47:34,193 - INFO - 📊 Daily metrics saved: [EMA_Pullback_20_50_RVOL1.0] 2026-07-21 cf=12 expectancy=1.4076885680357616
2026-07-21 15:47:34,213 - INFO - 📊 Daily metrics saved: [VWAP_Reversion_1.5ATR_RVOL1.0] 2026-07-21 cf=0 expectancy=None
2026-07-21 15:47:34,233 - INFO - 📊 Daily metrics saved: [PrevDay_Extremes_RVOL1.2] 2026-07-21 cf=0 expectancy=None
2026-07-21 15:47:34,253 - INFO - 📊 Daily metrics saved: [ORB_15m_RVOL1.2] 2026-07-21 cf=1 expectancy=1.3987120389938354
2026-07-21 15:47:34,273 - INFO - 📊 Daily metrics saved: [ORB_30m_RVOL1.2] 2026-07-21 cf=1 expectancy=1.3987120389938354
2026-07-21 15:47:34,294 - INFO - 📊 Daily metrics saved: [ATR_Squeeze_RVOL1.0] 2026-07-21 cf=5 expectancy=1.2361394882202148
2026-07-21 15:47:34,316 - INFO - 📊 Daily metrics saved: [Geometry_v1.0_Score35] 2026-07-21 cf=2 expectancy=0.9892749786376953
2026-07-21 15:47:34,337 - INFO - 📊 Daily metrics saved: [Geometry_v1.0_Score50] 2026-07-21 cf=2 expectancy=0.9892749786376953
2026-07-21 15:47:34,359 - INFO - 📊 Daily metrics saved: [OrderFlow_v1.0] 2026-07-21 cf=0 expectancy=None
2026-07-21 15:47:34,370 - INFO - 📝 Generating EOD report for 2026-07-21…
2026-07-21 15:47:34,389 - INFO -    Rolling data: 5d filters=31, 20d filters=38, total CF=1063
2026-07-21 15:47:34,765 - INFO -    ✓ executive_summary
2026-07-21 15:47:35,053 - INFO -    ✓ market_narrative
2026-07-21 15:47:35,075 - INFO -    ✓ trade_review
2026-07-21 15:47:35,096 - INFO -    ✓ losing_trades
2026-07-21 15:47:35,111 - INFO -    ✓ missed_opportunities
2026-07-21 15:47:35,126 - INFO -    ✓ counterfactual_insights
2026-07-21 15:47:35,148 - INFO -    ✓ experiment_ranking
2026-07-21 15:47:35,163 - INFO -    ✓ thesis_analysis
2026-07-21 15:47:35,192 - INFO -    ✓ market_behaviour
2026-07-21 15:47:35,504 - INFO -    ✓ tomorrow_outlook
2026-07-21 15:47:35,529 - INFO -    ✓ research_queue
2026-07-21 15:47:35,566 - INFO -    ✓ strategy_health
2026-07-21 15:47:35,568 - INFO - 📄 Report written: reports/2026-07-21.md
2026-07-21 15:47:35,568 - INFO - 📊 Analytics written: reports/2026-07-21.json
2026-07-21 15:47:35,568 - INFO - 📝 EOD report: reports/2026-07-21.md
