2026-07-17 09:11:03,799 - INFO - --- 09:11:03 Market Pulse ---
2026-07-17 09:11:04,018 - ERROR - ❌ Historical data request failed: {'code': -16, 'message': 'Could not authenticate the user', 's': 'error'}
2026-07-17 09:11:04,102 - ERROR - ❌ Historical data request failed: {'code': -16, 'message': 'Could not authenticate the user', 's': 'error'}
2026-07-17 09:11:04,438 - ERROR - ❌ Historical data request failed: {'code': -16, 'message': 'Could not authenticate the user', 's': 'error'}
2026-07-17 09:11:04,439 - WARNING - ⚠️ Could not fetch complete MTF data for NSE:NIFTY50-INDEX
2026-07-17 09:11:04,598 - ERROR - ❌ Historical data request failed: {'code': -16, 'message': 'Could not authenticate the user', 's': 'error'}
2026-07-17 09:11:04,723 - ERROR - ❌ Historical data request failed: {'code': -16, 'message': 'Could not authenticate the user', 's': 'error'}
2026-07-17 09:11:04,898 - ERROR - ❌ Historical data request failed: {'code': -16, 'message': 'Could not authenticate the user', 's': 'error'}
2026-07-17 09:11:04,898 - WARNING - ⚠️ Could not fetch complete MTF data for NSE:NIFTYBANK-INDEX
2026-07-17 09:11:04,898 - INFO - 🧘 Status: Sidelined (No Institutional Alignment)
2026-07-17 09:23:24,571 - INFO - --- 09:23:24 Market Pulse ---
2026-07-17 09:23:25,597 - ERROR - ❌ Historical data request failed: {'code': -16, 'message': 'Could not authenticate the user', 's': 'error'}
2026-07-17 09:23:25,755 - ERROR - ❌ Historical data request failed: {'code': -16, 'message': 'Could not authenticate the user', 's': 'error'}
2026-07-17 09:23:25,837 - ERROR - ❌ Historical data request failed: {'code': -16, 'message': 'Could not authenticate the user', 's': 'error'}
2026-07-17 09:23:25,838 - WARNING - ⚠️ Could not fetch complete MTF data for NSE:NIFTY50-INDEX
2026-07-17 09:23:25,927 - ERROR - ❌ Historical data request failed: {'code': -16, 'message': 'Could not authenticate the user', 's': 'error'}
2026-07-17 09:23:26,103 - ERROR - ❌ Historical data request failed: {'code': -16, 'message': 'Could not authenticate the user', 's': 'error'}
2026-07-17 09:23:26,268 - ERROR - ❌ Historical data request failed: {'code': -16, 'message': 'Could not authenticate the user', 's': 'error'}
2026-07-17 09:23:26,268 - WARNING - ⚠️ Could not fetch complete MTF data for NSE:NIFTYBANK-INDEX
2026-07-17 09:23:26,268 - INFO - 🧘 Status: Sidelined (No Institutional Alignment)
2026-07-17 09:36:57,330 - INFO - --- 09:36:57 Market Pulse ---
2026-07-17 09:36:58,181 - ERROR - ❌ Historical data request failed: {'code': -16, 'message': 'Could not authenticate the user', 's': 'error'}
2026-07-17 09:36:58,271 - ERROR - ❌ Historical data request failed: {'code': -16, 'message': 'Could not authenticate the user', 's': 'error'}
2026-07-17 09:36:58,390 - ERROR - ❌ Historical data request failed: {'code': -16, 'message': 'Could not authenticate the user', 's': 'error'}
2026-07-17 09:36:58,391 - WARNING - ⚠️ Could not fetch complete MTF data for NSE:NIFTY50-INDEX
2026-07-17 09:36:58,468 - ERROR - ❌ Historical data request failed: {'code': -16, 'message': 'Could not authenticate the user', 's': 'error'}
2026-07-17 09:36:58,639 - ERROR - ❌ Historical data request failed: {'code': -16, 'message': 'Could not authenticate the user', 's': 'error'}
2026-07-17 09:36:58,768 - ERROR - ❌ Historical data request failed: {'code': -16, 'message': 'Could not authenticate the user', 's': 'error'}
2026-07-17 09:36:58,768 - WARNING - ⚠️ Could not fetch complete MTF data for NSE:NIFTYBANK-INDEX
2026-07-17 09:36:58,768 - INFO - 🧘 Status: Sidelined (No Institutional Alignment)
2026-07-17 09:38:50,556 - INFO - 🔑 Access token loaded from environment
2026-07-17 09:38:50,903 - INFO - ✅ Fyers client initialized successfully
2026-07-17 09:38:50,979 - INFO - ✅ PostgreSQL tables and migrations checked/initialized
2026-07-17 09:38:50,992 - INFO - ✅ Option snapshots & audits converted to hypertables, indexes generated
2026-07-17 09:38:51,037 - INFO - ✅ PostgreSQL / TimescaleDB fully initialized
2026-07-17 09:38:51,037 - INFO - ✅ TimeOfDayEngine initialized with 75 slots.
2026-07-17 09:38:51,038 - INFO - ✅ TimeOfDayEngine initialized with 75 slots.
2026-07-17 09:38:51,057 - INFO - ✅ PostgreSQL tables and migrations checked/initialized
2026-07-17 09:38:51,065 - INFO - ✅ Option snapshots & audits converted to hypertables, indexes generated
2026-07-17 09:38:51,094 - INFO - ✅ PostgreSQL / TimescaleDB fully initialized
2026-07-17 09:38:51,113 - INFO - ✅ PostgreSQL tables and migrations checked/initialized
2026-07-17 09:38:51,121 - INFO - ✅ Option snapshots & audits converted to hypertables, indexes generated
2026-07-17 09:38:51,149 - INFO - ✅ PostgreSQL / TimescaleDB fully initialized
2026-07-17 09:38:51,149 - INFO - 🏛️ Structural Decision Engine initialized | Phase 3.2 (Final Polish) Active
2026-07-17 09:38:51,149 - INFO - 🏛️ StructuralStrategy initialized [rvol>=1.0, zone_score>=50.0]
2026-07-17 09:38:51,159 - INFO - 📋 Registered experiment: Structural_v3.2_RVOL1.0 [structural@v3.2] hash=e94c3fcc1fbc618d git=97aaa84
2026-07-17 09:38:51,171 - INFO - 📋 Experiment saved: Structural_v3.2_RVOL1.0 [hash=e94c3fcc1fbc618d git=97aaa84]
2026-07-17 09:38:51,191 - INFO - ✅ PostgreSQL tables and migrations checked/initialized
2026-07-17 09:38:51,199 - INFO - ✅ Option snapshots & audits converted to hypertables, indexes generated
2026-07-17 09:38:51,228 - INFO - ✅ PostgreSQL / TimescaleDB fully initialized
2026-07-17 09:38:51,228 - INFO - 🏛️ Structural Decision Engine initialized | Phase 3.2 (Final Polish) Active
2026-07-17 09:38:51,228 - INFO - 🏛️ StructuralStrategy initialized [rvol>=0.8, zone_score>=50.0]
2026-07-17 09:38:51,237 - INFO - 📋 Registered experiment: Structural_v3.2_RVOL0.8 [structural@v3.2] hash=40874fb174f2baa6 git=97aaa84
2026-07-17 09:38:51,251 - INFO - 📋 Experiment saved: Structural_v3.2_RVOL0.8 [hash=40874fb174f2baa6 git=97aaa84]
2026-07-17 09:38:51,259 - INFO - 📋 Registered experiment: EMA_Pullback_20_50_RVOL1.0 [ema_pullback@v1.0] hash=0296a97f007a6675 git=97aaa84
2026-07-17 09:38:51,270 - INFO - 📋 Experiment saved: EMA_Pullback_20_50_RVOL1.0 [hash=0296a97f007a6675 git=97aaa84]
2026-07-17 09:38:51,279 - INFO - 📋 Registered experiment: VWAP_Reversion_1.5ATR_RVOL1.0 [vwap_reversion@v1.0] hash=3d6d96cb21ff71cd git=97aaa84
2026-07-17 09:38:51,290 - INFO - 📋 Experiment saved: VWAP_Reversion_1.5ATR_RVOL1.0 [hash=3d6d96cb21ff71cd git=97aaa84]
2026-07-17 09:38:51,298 - INFO - 📋 Registered experiment: PrevDay_Extremes_RVOL1.2 [prev_day_extremes@v1.0] hash=952708070530c475 git=97aaa84
2026-07-17 09:38:51,309 - INFO - 📋 Experiment saved: PrevDay_Extremes_RVOL1.2 [hash=952708070530c475 git=97aaa84]
2026-07-17 09:38:51,317 - INFO - 📋 Registered experiment: ORB_15m_RVOL1.2 [orb@v1.0] hash=7977fff6d541cc39 git=97aaa84
2026-07-17 09:38:51,328 - INFO - 📋 Experiment saved: ORB_15m_RVOL1.2 [hash=7977fff6d541cc39 git=97aaa84]
2026-07-17 09:38:51,336 - INFO - 📋 Registered experiment: ORB_30m_RVOL1.2 [orb@v1.0] hash=a4c360e3a0cd8ef8 git=97aaa84
2026-07-17 09:38:51,348 - INFO - 📋 Experiment saved: ORB_30m_RVOL1.2 [hash=a4c360e3a0cd8ef8 git=97aaa84]
2026-07-17 09:38:51,356 - INFO - 📋 Registered experiment: ATR_Squeeze_RVOL1.0 [atr_squeeze@v1.0] hash=9ad2746007bcc7e7 git=97aaa84
2026-07-17 09:38:51,367 - INFO - 📋 Experiment saved: ATR_Squeeze_RVOL1.0 [hash=9ad2746007bcc7e7 git=97aaa84]
2026-07-17 09:38:51,368 - INFO - 📐 GeometryStrategy initialized [score>=35.0, tol=0.2%, RR>=1.5, trendline_break=True]
2026-07-17 09:38:51,376 - INFO - 📋 Registered experiment: Geometry_v1.0_Score35 [geometry@v1.0] hash=5b54205496d059aa git=97aaa84
2026-07-17 09:38:51,387 - INFO - 📋 Experiment saved: Geometry_v1.0_Score35 [hash=5b54205496d059aa git=97aaa84]
2026-07-17 09:38:51,387 - INFO - 📐 GeometryStrategy initialized [score>=50.0, tol=0.2%, RR>=1.8, trendline_break=True]
2026-07-17 09:38:51,395 - INFO - 📋 Registered experiment: Geometry_v1.0_Score50 [geometry@v1.0] hash=431ce308e16d5c85 git=97aaa84
2026-07-17 09:38:51,406 - INFO - 📋 Experiment saved: Geometry_v1.0_Score50 [hash=431ce308e16d5c85 git=97aaa84]
2026-07-17 09:38:51,406 - INFO - 💧 OrderFlowStrategy initialized [sweep>=0.45, imbalance>=0.45]
2026-07-17 09:38:51,415 - INFO - 📋 Registered experiment: OrderFlow_v1.0 [order_flow@v1.0] hash=db8c841e65c2c062 git=97aaa84
2026-07-17 09:38:51,425 - INFO - 📋 Experiment saved: OrderFlow_v1.0 [hash=db8c841e65c2c062 git=97aaa84]
2026-07-17 09:38:51,454 - INFO - 🏛️ Structural Paper Trader Initialized | Active Position Tracking Enabled
2026-07-17 09:38:51,455 - INFO - ⏱️ Scheduler started. Waiting for next 5-minute candle...
2026-07-17 09:38:51,456 - INFO - --- 09:38:51 Market Pulse ---
2026-07-17 09:38:54,753 - INFO - 👻 [Structural_v3.2_RVOL1.0] CF BREAKOUT NSE:NIFTY50-INDEX BUY PUT | Rejected: ['TIME_FILTER', 'TP_CAPPED']
2026-07-17 09:38:54,775 - INFO - 🟢 ENTRY [CF|Structural_v3.2_RVOL1.0|uctural_v3.2_RVOL1.0]: NSE:NIFTY50-INDEX BUY PUT @ 24222.35 | SL: 24235.57 TP: 24090.17
2026-07-17 09:38:54,775 - INFO - 👻 [Structural_v3.2_RVOL0.8] CF BREAKOUT NSE:NIFTY50-INDEX BUY PUT | Rejected: ['TIME_FILTER', 'TP_CAPPED']
2026-07-17 09:38:54,795 - INFO - 🟢 ENTRY [CF|Structural_v3.2_RVOL0.8|uctural_v3.2_RVOL0.8]: NSE:NIFTY50-INDEX BUY PUT @ 24222.35 | SL: 24235.57 TP: 24090.17
2026-07-17 09:38:54,795 - INFO - 👻 [ORB_15m_RVOL1.2] CF ORB_15M NSE:NIFTY50-INDEX BUY CALL | Rejected: ['BIAS_MISMATCH', 'LOW_RR']
2026-07-17 09:38:54,816 - INFO - 🟢 ENTRY [CF|ORB_15m_RVOL1.2|3851_ORB_15m_RVOL1.2]: NSE:NIFTY50-INDEX BUY CALL @ 24222.35 | SL: 24209.13 TP: 24240.07
2026-07-17 09:38:57,071 - INFO - 👻 [Structural_v3.2_RVOL1.0] CF BREAKOUT NSE:NIFTYBANK-INDEX BUY CALL | Rejected: ['TIME_FILTER', 'LOW_RVOL', 'BIAS_MISMATCH', 'HIGH_WICKINESS']
2026-07-17 09:38:57,093 - INFO - 🟢 ENTRY [CF|Structural_v3.2_RVOL1.0|uctural_v3.2_RVOL1.0]: NSE:NIFTYBANK-INDEX BUY CALL @ 57904.25 | SL: 57866.45 TP: 58206.88
2026-07-17 09:38:57,093 - INFO - 👻 [Structural_v3.2_RVOL0.8] CF BREAKOUT NSE:NIFTYBANK-INDEX BUY CALL | Rejected: ['TIME_FILTER', 'LOW_RVOL', 'BIAS_MISMATCH', 'HIGH_WICKINESS']
2026-07-17 09:38:57,114 - INFO - 🟢 ENTRY [CF|Structural_v3.2_RVOL0.8|uctural_v3.2_RVOL0.8]: NSE:NIFTYBANK-INDEX BUY CALL @ 57904.25 | SL: 57866.45 TP: 58206.88
2026-07-17 09:43:52,110 - INFO - --- 09:43:52 Market Pulse ---
2026-07-17 09:43:53,249 - INFO - 🟡 UPDATE (TRAILING_SL) [CFORB_15m_RVOL1.2|3851_ORB_15m_RVOL1.2]: NSE:NIFTY50-INDEX @ 24224.50 | SL→24211.28 TP→24240.07
2026-07-17 09:48:58,443 - INFO - --- 09:48:58 Market Pulse ---
2026-07-17 09:48:59,437 - INFO - 🔴 EXIT (INITIAL_SL) [CFStructural_v3.2_RVOL1.0|uctural_v3.2_RVOL1.0]: NSE:NIFTY50-INDEX @ 24235.57 | PnL -1.05R | MFE 0.00R | Capture N/A | 2bars HoldEff -0.525R/bar
2026-07-17 09:48:59,473 - INFO - 🔴 EXIT (INITIAL_SL) [CFStructural_v3.2_RVOL0.8|uctural_v3.2_RVOL0.8]: NSE:NIFTY50-INDEX @ 24235.57 | PnL -1.05R | MFE 0.00R | Capture N/A | 2bars HoldEff -0.525R/bar
2026-07-17 09:48:59,500 - INFO - 🟡 UPDATE (TP_EXPANSION) [CFORB_15m_RVOL1.2|3851_ORB_15m_RVOL1.2]: NSE:NIFTY50-INDEX @ 24240.60 | SL→24227.38 TP→24253.29
2026-07-17 09:48:59,523 - INFO - 🟡 UPDATE (TRAILING_SL) [CFStructural_v3.2_RVOL1.0|uctural_v3.2_RVOL1.0]: NSE:NIFTYBANK-INDEX @ 57945.55 | SL→57907.75 TP→58206.88
2026-07-17 09:48:59,544 - INFO - 🟡 UPDATE (TRAILING_SL) [CFStructural_v3.2_RVOL0.8|uctural_v3.2_RVOL0.8]: NSE:NIFTYBANK-INDEX @ 57945.55 | SL→57907.75 TP→58206.88
2026-07-17 09:49:01,910 - INFO - 👻 [Structural_v3.2_RVOL1.0] CF BREAKOUT NSE:NIFTY50-INDEX BUY PUT | Rejected: ['TP_CAPPED']
2026-07-17 09:49:01,930 - INFO - 🟢 ENTRY [CF|Structural_v3.2_RVOL1.0|uctural_v3.2_RVOL1.0]: NSE:NIFTY50-INDEX BUY PUT @ 24240.60 | SL: 24254.29 TP: 24103.67
2026-07-17 09:49:01,930 - INFO - 👻 [Structural_v3.2_RVOL0.8] CF BREAKOUT NSE:NIFTY50-INDEX BUY PUT | Rejected: ['TP_CAPPED']
2026-07-17 09:49:01,948 - INFO - 🟢 ENTRY [CF|Structural_v3.2_RVOL0.8|uctural_v3.2_RVOL0.8]: NSE:NIFTY50-INDEX BUY PUT @ 24240.60 | SL: 24254.29 TP: 24103.67
2026-07-17 09:49:04,059 - INFO - 👻 [PrevDay_Extremes_RVOL1.2] CF BREAKOUT NSE:NIFTYBANK-INDEX BUY CALL | Rejected: ['LOW_RVOL', 'BIAS_MISMATCH']
2026-07-17 09:49:04,082 - INFO - 🟢 ENTRY [CF|PrevDay_Extremes_RVOL1.2|Day_Extremes_RVOL1.2]: NSE:NIFTYBANK-INDEX BUY CALL @ 57945.55 | SL: 57906.56 TP: 58206.88
2026-07-17 09:49:04,082 - INFO - 👻 [ORB_15m_RVOL1.2] CF ORB_15M NSE:NIFTYBANK-INDEX BUY CALL | Rejected: ['LOW_RVOL']
2026-07-17 09:49:04,104 - INFO - 🟢 ENTRY [CF|ORB_15m_RVOL1.2|4858_ORB_15m_RVOL1.2]: NSE:NIFTYBANK-INDEX BUY CALL @ 57945.55 | SL: 57897.80 TP: 58206.88
2026-07-17 09:49:04,104 - INFO - 👻 [Geometry_v1.0_Score35] CF CONFLUENCE_BOUNCE NSE:NIFTYBANK-INDEX BUY CALL | Rejected: ['LOW_RR:0.49']
2026-07-17 09:49:04,124 - INFO - 🟢 ENTRY [CF|Geometry_v1.0_Score35|eometry_v1.0_Score35]: NSE:NIFTYBANK-INDEX BUY CALL @ 57945.55 | SL: 57936.53 TP: 57950.00
2026-07-17 09:49:04,124 - INFO - 👻 [Geometry_v1.0_Score50] CF CONFLUENCE_BOUNCE NSE:NIFTYBANK-INDEX BUY CALL | Rejected: ['LOW_RR:0.49']
2026-07-17 09:49:04,143 - INFO - 🟢 ENTRY [CF|Geometry_v1.0_Score50|eometry_v1.0_Score50]: NSE:NIFTYBANK-INDEX BUY CALL @ 57945.55 | SL: 57936.53 TP: 57950.00
2026-07-17 09:54:05,103 - INFO - --- 09:54:05 Market Pulse ---
2026-07-17 09:54:06,111 - INFO - 🟡 UPDATE (TRAILING_SL) [CFStructural_v3.2_RVOL1.0|uctural_v3.2_RVOL1.0]: NSE:NIFTY50-INDEX @ 24236.30 | SL→24249.99 TP→24103.67
2026-07-17 09:54:06,145 - INFO - 🟡 UPDATE (TRAILING_SL) [CFStructural_v3.2_RVOL0.8|uctural_v3.2_RVOL0.8]: NSE:NIFTY50-INDEX @ 24236.30 | SL→24249.99 TP→24103.67
2026-07-17 09:54:06,171 - INFO - 🔴 EXIT (INITIAL_SL) [CFGeometry_v1.0_Score35|eometry_v1.0_Score35]: NSE:NIFTYBANK-INDEX @ 57936.53 | PnL -1.05R | MFE 0.00R | Capture N/A | 1bars HoldEff -1.050R/bar
2026-07-17 09:54:06,192 - INFO - 🔴 EXIT (INITIAL_SL) [CFGeometry_v1.0_Score50|eometry_v1.0_Score50]: NSE:NIFTYBANK-INDEX @ 57936.53 | PnL -1.05R | MFE 0.00R | Capture N/A | 1bars HoldEff -1.050R/bar
2026-07-17 09:59:10,765 - INFO - --- 09:59:10 Market Pulse ---
2026-07-17 09:59:11,922 - INFO - 🟡 UPDATE (TRAILING_SL) [CFStructural_v3.2_RVOL1.0|uctural_v3.2_RVOL1.0]: NSE:NIFTY50-INDEX @ 24229.25 | SL→24242.94 TP→24103.67
2026-07-17 09:59:11,950 - INFO - 🟡 UPDATE (TRAILING_SL) [CFStructural_v3.2_RVOL0.8|uctural_v3.2_RVOL0.8]: NSE:NIFTY50-INDEX @ 24229.25 | SL→24242.94 TP→24103.67
2026-07-17 10:04:17,426 - INFO - --- 10:04:17 Market Pulse ---
2026-07-17 10:04:18,345 - INFO - 🔴 EXIT (TRAILING_SL) [CFORB_15m_RVOL1.2|3851_ORB_15m_RVOL1.2]: NSE:NIFTY50-INDEX @ 24227.38 | PnL +0.33R | MFE 1.38R | Capture 24% | 5bars HoldEff +0.066R/bar
2026-07-17 10:04:18,385 - INFO - 🟡 UPDATE (TRAILING_SL) [CFStructural_v3.2_RVOL1.0|uctural_v3.2_RVOL1.0]: NSE:NIFTY50-INDEX @ 24215.50 | SL→24229.19 TP→24103.67
2026-07-17 10:04:18,420 - INFO - 🟡 UPDATE (TRAILING_SL) [CFStructural_v3.2_RVOL0.8|uctural_v3.2_RVOL0.8]: NSE:NIFTY50-INDEX @ 24215.50 | SL→24229.19 TP→24103.67
2026-07-17 10:04:20,855 - INFO - 👻 [Geometry_v1.0_Score35] CF CONFLUENCE_BOUNCE NSE:NIFTY50-INDEX BUY PUT | Rejected: ['LOW_RR:0.21']
2026-07-17 10:04:20,876 - INFO - 🟢 ENTRY [CF|Geometry_v1.0_Score35|eometry_v1.0_Score35]: NSE:NIFTY50-INDEX BUY PUT @ 24215.50 | SL: 24221.86 TP: 24214.18
2026-07-17 10:04:20,876 - INFO - 👻 [Geometry_v1.0_Score50] CF CONFLUENCE_BOUNCE NSE:NIFTY50-INDEX BUY PUT | Rejected: ['LOW_RR:0.21']
2026-07-17 10:04:20,894 - INFO - 🟢 ENTRY [CF|Geometry_v1.0_Score50|eometry_v1.0_Score50]: NSE:NIFTY50-INDEX BUY PUT @ 24215.50 | SL: 24221.86 TP: 24214.18
2026-07-17 10:04:20,894 - INFO - 👻 [OrderFlow_v1.0] CF LIQUIDITY_SWEEP NSE:NIFTY50-INDEX BUY PUT | Rejected: ['LOW_RR:0.9']
2026-07-17 10:04:20,914 - INFO - 🟢 ENTRY [CF|OrderFlow_v1.0|00417_OrderFlow_v1.0]: NSE:NIFTY50-INDEX BUY PUT @ 24215.50 | SL: 24221.43 TP: 24210.17
2026-07-17 10:04:23,172 - INFO - 👻 [Geometry_v1.0_Score35] CF CONFLUENCE_BOUNCE NSE:NIFTYBANK-INDEX BUY PUT | Rejected: ['LOW_RR:0.07']
2026-07-17 10:04:23,193 - INFO - 🟢 ENTRY [CF|Geometry_v1.0_Score35|eometry_v1.0_Score35]: NSE:NIFTYBANK-INDEX BUY PUT @ 57910.90 | SL: 57942.49 TP: 57908.70
2026-07-17 10:09:23,254 - INFO - --- 10:09:23 Market Pulse ---
2026-07-17 10:09:24,018 - INFO - 🔴 EXIT (TRAILING_SL) [CFStructural_v3.2_RVOL1.0|uctural_v3.2_RVOL1.0]: NSE:NIFTY50-INDEX @ 24229.19 | PnL +0.78R | MFE 1.83R | Capture 43% | 4bars HoldEff +0.196R/bar
2026-07-17 10:09:24,057 - INFO - 🔴 EXIT (TRAILING_SL) [CFStructural_v3.2_RVOL0.8|uctural_v3.2_RVOL0.8]: NSE:NIFTY50-INDEX @ 24229.19 | PnL +0.78R | MFE 1.83R | Capture 43% | 4bars HoldEff +0.196R/bar
2026-07-17 10:09:24,092 - INFO - 🔴 EXIT (INITIAL_SL) [CFGeometry_v1.0_Score35|eometry_v1.0_Score35]: NSE:NIFTY50-INDEX @ 24221.86 | PnL -1.05R | MFE 0.00R | Capture N/A | 1bars HoldEff -1.050R/bar
2026-07-17 10:09:24,123 - INFO - 🔴 EXIT (INITIAL_SL) [CFGeometry_v1.0_Score50|eometry_v1.0_Score50]: NSE:NIFTY50-INDEX @ 24221.86 | PnL -1.05R | MFE 0.00R | Capture N/A | 1bars HoldEff -1.050R/bar
2026-07-17 10:09:24,154 - INFO - 🔴 EXIT (INITIAL_SL) [CFOrderFlow_v1.0|00417_OrderFlow_v1.0]: NSE:NIFTY50-INDEX @ 24221.43 | PnL -1.05R | MFE 0.00R | Capture N/A | 1bars HoldEff -1.050R/bar
2026-07-17 10:09:26,594 - INFO - 👻 [Structural_v3.2_RVOL1.0] CF BREAKOUT NSE:NIFTY50-INDEX BUY PUT | Rejected: ['LOW_EFFICIENCY', 'TP_CAPPED']
2026-07-17 10:09:26,614 - INFO - 🟢 ENTRY [CF|Structural_v3.2_RVOL1.0|uctural_v3.2_RVOL1.0]: NSE:NIFTY50-INDEX BUY PUT @ 24234.25 | SL: 24247.23 TP: 24104.43
2026-07-17 10:09:26,614 - INFO - 👻 [Structural_v3.2_RVOL0.8] CF BREAKOUT NSE:NIFTY50-INDEX BUY PUT | Rejected: ['LOW_EFFICIENCY', 'TP_CAPPED']
2026-07-17 10:09:26,632 - INFO - 🟢 ENTRY [CF|Structural_v3.2_RVOL0.8|uctural_v3.2_RVOL0.8]: NSE:NIFTY50-INDEX BUY PUT @ 24234.25 | SL: 24247.23 TP: 24104.43
2026-07-17 10:09:26,632 - INFO - 👻 [ORB_15m_RVOL1.2] CF ORB_15M NSE:NIFTY50-INDEX BUY CALL | Rejected: ['LOW_RVOL', 'BIAS_MISMATCH', 'LOW_EFFICIENCY', 'LOW_RR']
2026-07-17 10:09:26,651 - INFO - 🟢 ENTRY [CF|ORB_15m_RVOL1.2|0923_ORB_15m_RVOL1.2]: NSE:NIFTY50-INDEX BUY CALL @ 24234.25 | SL: 24212.46 TP: 24240.07
2026-07-17 10:09:28,925 - INFO - 👻 [Geometry_v1.0_Score35] CF TRENDLINE_RETEST NSE:NIFTYBANK-INDEX BUY CALL | Rejected: ['LOW_RR:-0.21']
2026-07-17 10:09:28,945 - INFO - 🟢 ENTRY [CF|Geometry_v1.0_Score35|eometry_v1.0_Score35]: NSE:NIFTYBANK-INDEX BUY CALL @ 57939.60 | SL: 57871.05 TP: 57925.30
2026-07-17 10:09:28,945 - INFO - 👻 [Geometry_v1.0_Score50] CF TRENDLINE_RETEST NSE:NIFTYBANK-INDEX BUY CALL | Rejected: ['LOW_RR:-0.21']
2026-07-17 10:09:28,965 - INFO - 🟢 ENTRY [CF|Geometry_v1.0_Score50|eometry_v1.0_Score50]: NSE:NIFTYBANK-INDEX BUY CALL @ 57939.60 | SL: 57871.05 TP: 57925.30
2026-07-17 10:09:28,965 - INFO - 👻 [OrderFlow_v1.0] CF LIQUIDITY_SWEEP NSE:NIFTYBANK-INDEX BUY CALL | Rejected: ['LOW_RR:0.31']
2026-07-17 10:09:28,984 - INFO - 🟢 ENTRY [CF|OrderFlow_v1.0|00923_OrderFlow_v1.0]: NSE:NIFTYBANK-INDEX BUY CALL @ 57939.60 | SL: 57857.20 TP: 57965.30
2026-07-17 10:14:29,368 - INFO - --- 10:14:29 Market Pulse ---
2026-07-17 10:14:30,536 - INFO - 🟡 UPDATE (TRAILING_SL) [CFStructural_v3.2_RVOL1.0|uctural_v3.2_RVOL1.0]: NSE:NIFTYBANK-INDEX @ 57978.45 | SL→57940.65 TP→58206.88
2026-07-17 10:14:30,566 - INFO - 🟡 UPDATE (TRAILING_SL) [CFStructural_v3.2_RVOL0.8|uctural_v3.2_RVOL0.8]: NSE:NIFTYBANK-INDEX @ 57978.45 | SL→57940.65 TP→58206.88
2026-07-17 10:14:30,590 - INFO - 🟡 UPDATE (TRAILING_SL) [CFPrevDay_Extremes_RVOL1.2|Day_Extremes_RVOL1.2]: NSE:NIFTYBANK-INDEX @ 57978.45 | SL→57939.45 TP→58206.88
2026-07-17 10:14:30,611 - INFO - 🟡 UPDATE (TRAILING_SL) [CFORB_15m_RVOL1.2|4858_ORB_15m_RVOL1.2]: NSE:NIFTYBANK-INDEX @ 57978.45 | SL→57930.70 TP→58206.88
2026-07-17 10:14:30,631 - INFO - 🔴 EXIT (INITIAL_SL) [CFGeometry_v1.0_Score35|eometry_v1.0_Score35]: NSE:NIFTYBANK-INDEX @ 57942.49 | PnL -1.05R | MFE 0.00R | Capture N/A | 2bars HoldEff -0.525R/bar
2026-07-17 10:14:30,654 - INFO - 🟡 UPDATE (TRAILING_SL) [CFORB_15m_RVOL1.2|0923_ORB_15m_RVOL1.2]: NSE:NIFTY50-INDEX @ 24239.60 | SL→24217.81 TP→24240.07
2026-07-17 10:14:30,677 - INFO - 🟡 UPDATE (TP_EXPANSION) [CFGeometry_v1.0_Score35|eometry_v1.0_Score35]: NSE:NIFTYBANK-INDEX @ 57978.45 | SL→57909.90 TP→57993.85
2026-07-17 10:14:30,700 - INFO - 🟡 UPDATE (TP_EXPANSION) [CFGeometry_v1.0_Score50|eometry_v1.0_Score50]: NSE:NIFTYBANK-INDEX @ 57978.45 | SL→57909.90 TP→57993.85
2026-07-17 10:14:30,723 - INFO - 🟡 UPDATE (TP_EXPANSION) [CFOrderFlow_v1.0|00923_OrderFlow_v1.0]: NSE:NIFTYBANK-INDEX @ 57978.45 | SL→57896.05 TP→58047.70
2026-07-17 10:14:35,505 - INFO - 👻 [ORB_30m_RVOL1.2] CF ORB_30M NSE:NIFTYBANK-INDEX BUY CALL | Rejected: ['LOW_RVOL']
2026-07-17 10:14:35,524 - INFO - 🟢 ENTRY [CF|ORB_30m_RVOL1.2|1429_ORB_30m_RVOL1.2]: NSE:NIFTYBANK-INDEX BUY CALL @ 57978.45 | SL: 57938.65 TP: 58206.88
2026-07-17 10:19:36,018 - INFO - --- 10:19:36 Market Pulse ---
2026-07-17 10:19:37,200 - INFO - 🟡 UPDATE (TRAILING_SL) [CFStructural_v3.2_RVOL1.0|uctural_v3.2_RVOL1.0]: NSE:NIFTYBANK-INDEX @ 58080.85 | SL→58043.05 TP→58206.88
2026-07-17 10:19:37,229 - INFO - 🟡 UPDATE (TRAILING_SL) [CFStructural_v3.2_RVOL0.8|uctural_v3.2_RVOL0.8]: NSE:NIFTYBANK-INDEX @ 58080.85 | SL→58043.05 TP→58206.88
2026-07-17 10:19:37,254 - INFO - 🟡 UPDATE (TRAILING_SL) [CFPrevDay_Extremes_RVOL1.2|Day_Extremes_RVOL1.2]: NSE:NIFTYBANK-INDEX @ 58080.85 | SL→58041.85 TP→58206.88
2026-07-17 10:19:37,277 - INFO - 🟡 UPDATE (TRAILING_SL) [CFORB_15m_RVOL1.2|4858_ORB_15m_RVOL1.2]: NSE:NIFTYBANK-INDEX @ 58080.85 | SL→58033.10 TP→58206.88
2026-07-17 10:19:37,303 - INFO - 🔴 EXIT (INITIAL_SL) [CFStructural_v3.2_RVOL1.0|uctural_v3.2_RVOL1.0]: NSE:NIFTY50-INDEX @ 24247.23 | PnL -1.05R | MFE 0.00R | Capture N/A | 2bars HoldEff -0.525R/bar
2026-07-17 10:19:37,328 - INFO - 🔴 EXIT (INITIAL_SL) [CFStructural_v3.2_RVOL0.8|uctural_v3.2_RVOL0.8]: NSE:NIFTY50-INDEX @ 24247.23 | PnL -1.05R | MFE 0.00R | Capture N/A | 2bars HoldEff -0.525R/bar
2026-07-17 10:19:37,353 - INFO - 🟡 UPDATE (TP_EXPANSION) [CFORB_15m_RVOL1.2|0923_ORB_15m_RVOL1.2]: NSE:NIFTY50-INDEX @ 24276.40 | SL→24254.61 TP→24261.86
2026-07-17 10:19:37,377 - INFO - 🟡 UPDATE (TP_EXPANSION) [CFGeometry_v1.0_Score35|eometry_v1.0_Score35]: NSE:NIFTYBANK-INDEX @ 58080.85 | SL→58012.30 TP→58062.40
2026-07-17 10:19:37,402 - INFO - 🟡 UPDATE (TP_EXPANSION) [CFGeometry_v1.0_Score50|eometry_v1.0_Score50]: NSE:NIFTYBANK-INDEX @ 58080.85 | SL→58012.30 TP→58062.40
2026-07-17 10:19:37,427 - INFO - 🟡 UPDATE (TP_EXPANSION) [CFOrderFlow_v1.0|00923_OrderFlow_v1.0]: NSE:NIFTYBANK-INDEX @ 58080.85 | SL→57998.45 TP→58130.10
2026-07-17 10:19:37,451 - INFO - 🟡 UPDATE (TRAILING_SL) [CFORB_30m_RVOL1.2|1429_ORB_30m_RVOL1.2]: NSE:NIFTYBANK-INDEX @ 58080.85 | SL→58041.05 TP→58206.88
2026-07-17 10:19:40,096 - INFO - 👻 [ORB_30m_RVOL1.2] CF ORB_30M NSE:NIFTY50-INDEX BUY CALL | Rejected: ['BIAS_MISMATCH', 'LOW_EFFICIENCY']
2026-07-17 10:19:40,116 - INFO - 🟢 ENTRY [CF|ORB_30m_RVOL1.2|1936_ORB_30m_RVOL1.2]: NSE:NIFTY50-INDEX BUY CALL @ 24276.40 | SL: 24236.69 TP: 24362.53
2026-07-17 10:19:40,116 - INFO - 🚀 SIGNAL: NSE:NIFTY50-INDEX BUY CALL | [OrderFlow_v1.0]
2026-07-17 10:19:40,116 - INFO -    Entry: 24276.4 | SL: 24251.0135 | TP: 24362.530000000002 (RR: 3.39)
2026-07-17 10:19:40,135 - INFO - 🟢 ENTRY [OrderFlow_v1.0|INDEX_1784263776]: NSE:NIFTY50-INDEX BUY CALL @ 24276.40 | SL: 24251.01 TP: 24362.53
2026-07-17 10:19:42,463 - INFO - 👻 [Geometry_v1.0_Score35] CF CONFLUENCE_BOUNCE NSE:NIFTYBANK-INDEX BUY CALL | Rejected: ['LOW_RR:1.09']
2026-07-17 10:19:42,482 - INFO - 🟢 ENTRY [CF|Geometry_v1.0_Score35|eometry_v1.0_Score35]: NSE:NIFTYBANK-INDEX BUY CALL @ 58080.85 | SL: 58058.58 TP: 58105.08
2026-07-17 10:24:43,230 - INFO - --- 10:24:43 Market Pulse ---
2026-07-17 10:24:44,132 - INFO - 🔴 EXIT (INITIAL_SL) [CFGeometry_v1.0_Score35|eometry_v1.0_Score35]: NSE:NIFTYBANK-INDEX @ 58058.58 | PnL -1.05R | MFE 0.00R | Capture N/A | 1bars HoldEff -1.050R/bar
2026-07-17 10:24:46,762 - INFO - 👻 [Structural_v3.2_RVOL1.0] CF BREAKOUT NSE:NIFTY50-INDEX BUY CALL | Rejected: ['BIAS_MISMATCH', 'LOW_EFFICIENCY', 'NO_TARGET_ZONE']
2026-07-17 10:24:46,781 - INFO - 🟢 ENTRY [CF|Structural_v3.2_RVOL1.0|uctural_v3.2_RVOL1.0]: NSE:NIFTY50-INDEX BUY CALL @ 24255.00 | SL: 24241.29 TP: 24282.41
2026-07-17 10:24:46,781 - INFO - 👻 [Structural_v3.2_RVOL0.8] CF BREAKOUT NSE:NIFTY50-INDEX BUY CALL | Rejected: ['BIAS_MISMATCH', 'LOW_EFFICIENCY', 'NO_TARGET_ZONE']
2026-07-17 10:24:46,799 - INFO - 🟢 ENTRY [CF|Structural_v3.2_RVOL0.8|uctural_v3.2_RVOL0.8]: NSE:NIFTY50-INDEX BUY CALL @ 24255.00 | SL: 24241.29 TP: 24282.41
2026-07-17 10:24:46,799 - INFO - 🚀 SIGNAL: NSE:NIFTY50-INDEX BUY PUT | [Geometry_v1.0_Score35]
2026-07-17 10:24:46,799 - INFO -    Entry: 24255.0 | SL: 24257.68 | TP: 24246.62 (RR: 3.13)
2026-07-17 10:24:46,818 - INFO - 🟢 ENTRY [Geometry_v1.0_Score35|INDEX_1784264083]: NSE:NIFTY50-INDEX BUY PUT @ 24255.00 | SL: 24257.68 TP: 24246.62
2026-07-17 10:29:50,141 - INFO - --- 10:29:50 Market Pulse ---
2026-07-17 10:29:51,169 - INFO - 🟡 UPDATE (TRAILING_SL) [OrderFlow_v1.0|01936_OrderFlow_v1.0]: NSE:NIFTY50-INDEX @ 24277.55 | SL→24252.16 TP→24362.53
2026-07-17 10:29:51,199 - INFO - 🔴 EXIT (INITIAL_SL) [Geometry_v1.0_Score35|eometry_v1.0_Score35]: NSE:NIFTY50-INDEX @ 24257.68 | PnL -1.05R | MFE 0.00R | Capture N/A | 1bars HoldEff -1.050R/bar
2026-07-17 10:29:51,223 - INFO - 🟡 UPDATE (TRAILING_SL) [CFStructural_v3.2_RVOL1.0|uctural_v3.2_RVOL1.0]: NSE:NIFTYBANK-INDEX @ 58126.50 | SL→58088.70 TP→58206.88
2026-07-17 10:29:51,244 - INFO - 🟡 UPDATE (TRAILING_SL) [CFStructural_v3.2_RVOL0.8|uctural_v3.2_RVOL0.8]: NSE:NIFTYBANK-INDEX @ 58126.50 | SL→58088.70 TP→58206.88
2026-07-17 10:29:51,263 - INFO - 🟡 UPDATE (TRAILING_SL) [CFPrevDay_Extremes_RVOL1.2|Day_Extremes_RVOL1.2]: NSE:NIFTYBANK-INDEX @ 58126.50 | SL→58087.50 TP→58206.88
2026-07-17 10:29:51,282 - INFO - 🟡 UPDATE (TRAILING_SL) [CFORB_15m_RVOL1.2|4858_ORB_15m_RVOL1.2]: NSE:NIFTYBANK-INDEX @ 58126.50 | SL→58078.75 TP→58206.88
2026-07-17 10:29:51,300 - INFO - 🟡 UPDATE (TP_EXPANSION) [CFORB_15m_RVOL1.2|0923_ORB_15m_RVOL1.2]: NSE:NIFTY50-INDEX @ 24277.55 | SL→24255.76 TP→24283.65
2026-07-17 10:29:51,319 - INFO - 🟡 UPDATE (TP_EXPANSION) [CFGeometry_v1.0_Score35|eometry_v1.0_Score35]: NSE:NIFTYBANK-INDEX @ 58126.50 | SL→58057.95 TP→58130.95
2026-07-17 10:29:51,337 - INFO - 🟡 UPDATE (TP_EXPANSION) [CFGeometry_v1.0_Score50|eometry_v1.0_Score50]: NSE:NIFTYBANK-INDEX @ 58126.50 | SL→58057.95 TP→58130.95
2026-07-17 10:29:51,356 - INFO - 🟡 UPDATE (TRAILING_SL) [CFOrderFlow_v1.0|00923_OrderFlow_v1.0]: NSE:NIFTYBANK-INDEX @ 58126.50 | SL→58044.10 TP→58130.10
2026-07-17 10:29:51,374 - INFO - 🟡 UPDATE (TRAILING_SL) [CFORB_30m_RVOL1.2|1429_ORB_30m_RVOL1.2]: NSE:NIFTYBANK-INDEX @ 58126.50 | SL→58086.70 TP→58206.88
2026-07-17 10:29:51,392 - INFO - 🟡 UPDATE (TRAILING_SL) [CFORB_30m_RVOL1.2|1936_ORB_30m_RVOL1.2]: NSE:NIFTY50-INDEX @ 24277.55 | SL→24237.84 TP→24362.53
2026-07-17 10:29:51,411 - INFO - 🟡 UPDATE (TRAILING_SL) [CFStructural_v3.2_RVOL1.0|uctural_v3.2_RVOL1.0]: NSE:NIFTY50-INDEX @ 24277.55 | SL→24263.84 TP→24282.41
2026-07-17 10:29:51,429 - INFO - 🟡 UPDATE (TRAILING_SL) [CFStructural_v3.2_RVOL0.8|uctural_v3.2_RVOL0.8]: NSE:NIFTY50-INDEX @ 24277.55 | SL→24263.84 TP→24282.41
2026-07-17 10:34:57,388 - INFO - --- 10:34:57 Market Pulse ---
2026-07-17 10:34:58,263 - INFO - 🟡 UPDATE (TRAILING_SL) [OrderFlow_v1.0|01936_OrderFlow_v1.0]: NSE:NIFTY50-INDEX @ 24284.80 | SL→24259.41 TP→24362.53
2026-07-17 10:34:58,302 - INFO - 🟡 UPDATE (TRAILING_SL) [CFStructural_v3.2_RVOL1.0|uctural_v3.2_RVOL1.0]: NSE:NIFTYBANK-INDEX @ 58179.40 | SL→58141.60 TP→58206.88
2026-07-17 10:34:58,338 - INFO - 🟡 UPDATE (TRAILING_SL) [CFStructural_v3.2_RVOL0.8|uctural_v3.2_RVOL0.8]: NSE:NIFTYBANK-INDEX @ 58179.40 | SL→58141.60 TP→58206.88
2026-07-17 10:34:58,370 - INFO - 🟡 UPDATE (TRAILING_SL) [CFPrevDay_Extremes_RVOL1.2|Day_Extremes_RVOL1.2]: NSE:NIFTYBANK-INDEX @ 58179.40 | SL→58140.40 TP→58206.88
2026-07-17 10:34:58,399 - INFO - 🟡 UPDATE (TRAILING_SL) [CFORB_15m_RVOL1.2|4858_ORB_15m_RVOL1.2]: NSE:NIFTYBANK-INDEX @ 58179.40 | SL→58131.65 TP→58206.88
2026-07-17 10:34:58,425 - INFO - 🟡 UPDATE (TP_EXPANSION) [CFORB_15m_RVOL1.2|0923_ORB_15m_RVOL1.2]: NSE:NIFTY50-INDEX @ 24284.80 | SL→24263.01 TP→24305.44
2026-07-17 10:34:58,449 - INFO - 🟡 UPDATE (TP_EXPANSION) [CFGeometry_v1.0_Score35|eometry_v1.0_Score35]: NSE:NIFTYBANK-INDEX @ 58179.40 | SL→58110.85 TP→58199.50
2026-07-17 10:34:58,469 - INFO - 🟡 UPDATE (TP_EXPANSION) [CFGeometry_v1.0_Score50|eometry_v1.0_Score50]: NSE:NIFTYBANK-INDEX @ 58179.40 | SL→58110.85 TP→58199.50
2026-07-17 10:34:58,489 - INFO - 🟡 UPDATE (TP_EXPANSION) [CFOrderFlow_v1.0|00923_OrderFlow_v1.0]: NSE:NIFTYBANK-INDEX @ 58179.40 | SL→58097.00 TP→58212.50
2026-07-17 10:34:58,508 - INFO - 🟡 UPDATE (TRAILING_SL) [CFORB_30m_RVOL1.2|1429_ORB_30m_RVOL1.2]: NSE:NIFTYBANK-INDEX @ 58179.40 | SL→58139.60 TP→58206.88
2026-07-17 10:34:58,527 - INFO - 🟡 UPDATE (TRAILING_SL) [CFORB_30m_RVOL1.2|1936_ORB_30m_RVOL1.2]: NSE:NIFTY50-INDEX @ 24284.80 | SL→24245.09 TP→24362.53
2026-07-17 10:34:58,547 - INFO - 🟡 UPDATE (TP_EXPANSION) [CFStructural_v3.2_RVOL1.0|uctural_v3.2_RVOL1.0]: NSE:NIFTY50-INDEX @ 24284.80 | SL→24271.09 TP→24296.12
2026-07-17 10:34:58,566 - INFO - 🟡 UPDATE (TP_EXPANSION) [CFStructural_v3.2_RVOL0.8|uctural_v3.2_RVOL0.8]: NSE:NIFTY50-INDEX @ 24284.80 | SL→24271.09 TP→24296.12
2026-07-17 10:40:04,207 - INFO - --- 10:40:04 Market Pulse ---
2026-07-17 10:40:05,116 - INFO - 🔴 EXIT (TRAILING_SL) [CFStructural_v3.2_RVOL1.0|uctural_v3.2_RVOL1.0]: NSE:NIFTYBANK-INDEX @ 58141.60 | PnL +6.23R | MFE 7.28R | Capture 86% | 12bars HoldEff +0.519R/bar
2026-07-17 10:40:05,153 - INFO - 🔴 EXIT (TRAILING_SL) [CFStructural_v3.2_RVOL0.8|uctural_v3.2_RVOL0.8]: NSE:NIFTYBANK-INDEX @ 58141.60 | PnL +6.23R | MFE 7.28R | Capture 86% | 12bars HoldEff +0.519R/bar
2026-07-17 10:40:05,184 - INFO - 🔴 EXIT (TRAILING_SL) [CFPrevDay_Extremes_RVOL1.2|Day_Extremes_RVOL1.2]: NSE:NIFTYBANK-INDEX @ 58140.40 | PnL +4.95R | MFE 6.00R | Capture 82% | 10bars HoldEff +0.495R/bar
2026-07-17 10:40:05,214 - INFO - 🔴 EXIT (TRAILING_SL) [CFORB_15m_RVOL1.2|4858_ORB_15m_RVOL1.2]: NSE:NIFTYBANK-INDEX @ 58131.65 | PnL +3.85R | MFE 4.90R | Capture 79% | 10bars HoldEff +0.385R/bar
2026-07-17 10:40:05,242 - INFO - 🔴 EXIT (TRAILING_SL) [CFGeometry_v1.0_Score35|eometry_v1.0_Score35]: NSE:NIFTYBANK-INDEX @ 58110.85 | PnL +2.45R | MFE 3.50R | Capture 70% | 6bars HoldEff +0.408R/bar
2026-07-17 10:40:05,267 - INFO - 🔴 EXIT (TRAILING_SL) [CFGeometry_v1.0_Score50|eometry_v1.0_Score50]: NSE:NIFTYBANK-INDEX @ 58110.85 | PnL +2.45R | MFE 3.50R | Capture 70% | 6bars HoldEff +0.408R/bar
2026-07-17 10:40:05,289 - INFO - 🔴 EXIT (TRAILING_SL) [CFORB_30m_RVOL1.2|1429_ORB_30m_RVOL1.2]: NSE:NIFTYBANK-INDEX @ 58139.60 | PnL +4.00R | MFE 5.05R | Capture 79% | 5bars HoldEff +0.800R/bar
2026-07-17 10:40:05,310 - INFO - 🔴 EXIT (TRAILING_SL) [CFStructural_v3.2_RVOL1.0|uctural_v3.2_RVOL1.0]: NSE:NIFTY50-INDEX @ 24271.09 | PnL +1.12R | MFE 2.17R | Capture 52% | 3bars HoldEff +0.375R/bar
2026-07-17 10:40:05,331 - INFO - 🔴 EXIT (TRAILING_SL) [CFStructural_v3.2_RVOL0.8|uctural_v3.2_RVOL0.8]: NSE:NIFTY50-INDEX @ 24271.09 | PnL +1.12R | MFE 2.17R | Capture 52% | 3bars HoldEff +0.375R/bar
2026-07-17 10:40:07,914 - INFO - ⚡ [Structural_v3.2_RVOL1.0] warnings: ['VERY_LOW_RVOL:0.00']
2026-07-17 10:40:07,928 - INFO - ⚡ [Structural_v3.2_RVOL0.8] warnings: ['VERY_LOW_RVOL:0.00']
2026-07-17 10:40:07,931 - INFO - ⚡ [Structural_v3.2_RVOL1.0] warnings: ['VERY_LOW_RVOL:0.00']
2026-07-17 10:40:07,931 - INFO - ⚡ [Structural_v3.2_RVOL0.8] warnings: ['VERY_LOW_RVOL:0.00']
2026-07-17 10:40:10,208 - INFO - ⚡ [Structural_v3.2_RVOL1.0] warnings: ['VERY_LOW_RVOL:0.00']
2026-07-17 10:40:10,224 - INFO - ⚡ [Structural_v3.2_RVOL0.8] warnings: ['VERY_LOW_RVOL:0.00']
2026-07-17 10:40:10,228 - INFO - ⚡ [Structural_v3.2_RVOL1.0] warnings: ['VERY_LOW_RVOL:0.00']
2026-07-17 10:40:10,228 - INFO - 👻 [Structural_v3.2_RVOL1.0] CF BREAKOUT NSE:NIFTYBANK-INDEX BUY CALL | Rejected: ['LOW_RVOL', 'BIAS_MISMATCH', 'LOW_EFFICIENCY']
2026-07-17 10:40:10,250 - INFO - 🟢 ENTRY [CF|Structural_v3.2_RVOL1.0|uctural_v3.2_RVOL1.0]: NSE:NIFTYBANK-INDEX BUY CALL @ 58098.50 | SL: 58063.71 TP: 58206.88
2026-07-17 10:40:10,250 - INFO - ⚡ [Structural_v3.2_RVOL0.8] warnings: ['VERY_LOW_RVOL:0.00']
2026-07-17 10:40:10,250 - INFO - 👻 [Structural_v3.2_RVOL0.8] CF BREAKOUT NSE:NIFTYBANK-INDEX BUY CALL | Rejected: ['LOW_RVOL', 'BIAS_MISMATCH', 'LOW_EFFICIENCY']
2026-07-17 10:40:10,270 - INFO - 🟢 ENTRY [CF|Structural_v3.2_RVOL0.8|uctural_v3.2_RVOL0.8]: NSE:NIFTYBANK-INDEX BUY CALL @ 58098.50 | SL: 58063.71 TP: 58206.88
2026-07-17 10:43:04,296 - INFO - 🔑 Access token loaded from environment
2026-07-17 10:43:04,477 - INFO - ✅ Fyers client initialized successfully
2026-07-17 10:43:04,528 - INFO - ✅ PostgreSQL tables and migrations checked/initialized
2026-07-17 10:43:04,539 - INFO - ✅ Option snapshots & audits converted to hypertables, indexes generated
2026-07-17 10:43:04,579 - INFO - ✅ PostgreSQL / TimescaleDB fully initialized
2026-07-17 10:43:04,579 - INFO - ✅ TimeOfDayEngine initialized with 75 slots.
2026-07-17 10:43:04,580 - INFO - ✅ TimeOfDayEngine initialized with 75 slots.
2026-07-17 10:43:04,600 - INFO - ✅ PostgreSQL tables and migrations checked/initialized
2026-07-17 10:43:04,608 - INFO - ✅ Option snapshots & audits converted to hypertables, indexes generated
2026-07-17 10:43:04,640 - INFO - ✅ PostgreSQL / TimescaleDB fully initialized
2026-07-17 10:43:04,660 - INFO - ✅ PostgreSQL tables and migrations checked/initialized
2026-07-17 10:43:04,668 - INFO - ✅ Option snapshots & audits converted to hypertables, indexes generated
2026-07-17 10:43:04,697 - INFO - ✅ PostgreSQL / TimescaleDB fully initialized
2026-07-17 10:43:04,698 - INFO - 🏛️ Structural Decision Engine initialized | Phase 3.2 (Final Polish) Active
2026-07-17 10:43:04,698 - INFO - 🏛️ StructuralStrategy initialized [rvol>=1.0, zone_score>=50.0]
2026-07-17 10:43:04,710 - INFO - 📋 Registered experiment: Structural_v3.2_RVOL1.0 [structural@v3.2] hash=e94c3fcc1fbc618d git=97aaa84
2026-07-17 10:43:04,723 - INFO - 📋 Experiment saved: Structural_v3.2_RVOL1.0 [hash=e94c3fcc1fbc618d git=97aaa84]
2026-07-17 10:43:04,743 - INFO - ✅ PostgreSQL tables and migrations checked/initialized
2026-07-17 10:43:04,750 - INFO - ✅ Option snapshots & audits converted to hypertables, indexes generated
2026-07-17 10:43:04,779 - INFO - ✅ PostgreSQL / TimescaleDB fully initialized
2026-07-17 10:43:04,779 - INFO - 🏛️ Structural Decision Engine initialized | Phase 3.2 (Final Polish) Active
2026-07-17 10:43:04,779 - INFO - 🏛️ StructuralStrategy initialized [rvol>=0.8, zone_score>=50.0]
2026-07-17 10:43:04,788 - INFO - 📋 Registered experiment: Structural_v3.2_RVOL0.8 [structural@v3.2] hash=40874fb174f2baa6 git=97aaa84
2026-07-17 10:43:04,798 - INFO - 📋 Experiment saved: Structural_v3.2_RVOL0.8 [hash=40874fb174f2baa6 git=97aaa84]
2026-07-17 10:43:04,807 - INFO - 📋 Registered experiment: EMA_Pullback_20_50_RVOL1.0 [ema_pullback@v1.0] hash=0296a97f007a6675 git=97aaa84
2026-07-17 10:43:04,818 - INFO - 📋 Experiment saved: EMA_Pullback_20_50_RVOL1.0 [hash=0296a97f007a6675 git=97aaa84]
2026-07-17 10:43:04,826 - INFO - 📋 Registered experiment: VWAP_Reversion_1.5ATR_RVOL1.0 [vwap_reversion@v1.0] hash=3d6d96cb21ff71cd git=97aaa84
2026-07-17 10:43:04,838 - INFO - 📋 Experiment saved: VWAP_Reversion_1.5ATR_RVOL1.0 [hash=3d6d96cb21ff71cd git=97aaa84]
2026-07-17 10:43:04,846 - INFO - 📋 Registered experiment: PrevDay_Extremes_RVOL1.2 [prev_day_extremes@v1.0] hash=952708070530c475 git=97aaa84
2026-07-17 10:43:04,857 - INFO - 📋 Experiment saved: PrevDay_Extremes_RVOL1.2 [hash=952708070530c475 git=97aaa84]
2026-07-17 10:43:04,866 - INFO - 📋 Registered experiment: ORB_15m_RVOL1.2 [orb@v1.0] hash=7977fff6d541cc39 git=97aaa84
2026-07-17 10:43:04,877 - INFO - 📋 Experiment saved: ORB_15m_RVOL1.2 [hash=7977fff6d541cc39 git=97aaa84]
2026-07-17 10:43:04,886 - INFO - 📋 Registered experiment: ORB_30m_RVOL1.2 [orb@v1.0] hash=a4c360e3a0cd8ef8 git=97aaa84
2026-07-17 10:43:04,897 - INFO - 📋 Experiment saved: ORB_30m_RVOL1.2 [hash=a4c360e3a0cd8ef8 git=97aaa84]
2026-07-17 10:43:04,905 - INFO - 📋 Registered experiment: ATR_Squeeze_RVOL1.0 [atr_squeeze@v1.0] hash=9ad2746007bcc7e7 git=97aaa84
2026-07-17 10:43:04,916 - INFO - 📋 Experiment saved: ATR_Squeeze_RVOL1.0 [hash=9ad2746007bcc7e7 git=97aaa84]
2026-07-17 10:43:04,916 - INFO - 📐 GeometryStrategy initialized [score>=35.0, tol=0.2%, RR>=1.5, trendline_break=True]
2026-07-17 10:43:04,925 - INFO - 📋 Registered experiment: Geometry_v1.0_Score35 [geometry@v1.0] hash=5b54205496d059aa git=97aaa84
2026-07-17 10:43:04,936 - INFO - 📋 Experiment saved: Geometry_v1.0_Score35 [hash=5b54205496d059aa git=97aaa84]
2026-07-17 10:43:04,936 - INFO - 📐 GeometryStrategy initialized [score>=50.0, tol=0.2%, RR>=1.8, trendline_break=True]
2026-07-17 10:43:04,944 - INFO - 📋 Registered experiment: Geometry_v1.0_Score50 [geometry@v1.0] hash=431ce308e16d5c85 git=97aaa84
2026-07-17 10:43:04,956 - INFO - 📋 Experiment saved: Geometry_v1.0_Score50 [hash=431ce308e16d5c85 git=97aaa84]
2026-07-17 10:43:04,956 - INFO - 💧 OrderFlowStrategy initialized [sweep>=0.45, imbalance>=0.45]
2026-07-17 10:43:04,964 - INFO - 📋 Registered experiment: OrderFlow_v1.0 [order_flow@v1.0] hash=db8c841e65c2c062 git=97aaa84
2026-07-17 10:43:04,976 - INFO - 📋 Experiment saved: OrderFlow_v1.0 [hash=db8c841e65c2c062 git=97aaa84]
2026-07-17 10:43:05,000 - INFO - 🔄 Recovered 1 active real positions: [('NSE:NIFTY50-INDEX', 'OrderFlow_v1.0')]
2026-07-17 10:43:05,064 - INFO - 🔄 Recovered 5 active counterfactual positions: ['cand_NSE_NIFTYBANK_INDEX_LIQUIDITY_SWEEP_57939.60_20260717_100923_OrderFlow_v1.0', 'cand_NSE_NIFTY50_INDEX_ORB_15M_24234.25_20260717_100923_ORB_15m_RVOL1.2', 'cand_NSE_NIFTY50_INDEX_ORB_30M_24276.40_20260717_101936_ORB_30m_RVOL1.2', 'cand_NSE_NIFTYBANK_INDEX_BREAKOUT_58118.60_20260717_104000_Structural_v3.2_RVOL1.0', 'cand_NSE_NIFTYBANK_INDEX_BREAKOUT_58118.60_20260717_104000_Structural_v3.2_RVOL0.8']
2026-07-17 10:43:05,064 - INFO - 🏛️ Structural Paper Trader Initialized | Active Position Tracking Enabled
2026-07-17 10:43:05,064 - INFO - ⏱️ Scheduler started. Waiting for next 5-minute candle...
2026-07-17 10:43:05,064 - INFO - --- 10:43:05 Market Pulse ---
2026-07-17 10:43:06,103 - INFO - 🔴 EXIT (TRAILING_SL) [CFOrderFlow_v1.0|00923_OrderFlow_v1.0]: NSE:NIFTYBANK-INDEX @ 58097.00 | PnL +1.86R | MFE 2.91R | Capture 64% | 6bars HoldEff +0.310R/bar
2026-07-17 10:43:08,814 - INFO - ⚡ [Structural_v3.2_RVOL1.0] warnings: ['VERY_LOW_RVOL:0.48']
2026-07-17 10:43:08,828 - INFO - ⚡ [Structural_v3.2_RVOL0.8] warnings: ['VERY_LOW_RVOL:0.48']
2026-07-17 10:43:08,832 - INFO - ⚡ [Structural_v3.2_RVOL1.0] warnings: ['VERY_LOW_RVOL:0.48']
2026-07-17 10:43:08,832 - INFO - ⚡ [Structural_v3.2_RVOL0.8] warnings: ['VERY_LOW_RVOL:0.48']
2026-07-17 10:43:11,197 - INFO - 👻 [Structural_v3.2_RVOL1.0] CF SWEEP NSE:NIFTYBANK-INDEX BUY PUT | Rejected: ['LOW_RVOL', 'TP_CAPPED']
2026-07-17 10:43:11,218 - INFO - 🟢 ENTRY [CF|Structural_v3.2_RVOL1.0|uctural_v3.2_RVOL1.0]: NSE:NIFTYBANK-INDEX BUY PUT @ 58094.50 | SL: 58130.36 TP: 57735.91
2026-07-17 10:43:11,218 - INFO - 👻 [Structural_v3.2_RVOL0.8] CF SWEEP NSE:NIFTYBANK-INDEX BUY PUT | Rejected: ['LOW_RVOL', 'TP_CAPPED']
2026-07-17 10:43:11,238 - INFO - 🟢 ENTRY [CF|Structural_v3.2_RVOL0.8|uctural_v3.2_RVOL0.8]: NSE:NIFTYBANK-INDEX BUY PUT @ 58094.50 | SL: 58130.36 TP: 57735.91
2026-07-17 10:43:11,238 - INFO - 👻 [VWAP_Reversion_1.5ATR_RVOL1.0] CF REVERSION NSE:NIFTYBANK-INDEX BUY PUT | Rejected: ['LOW_RVOL']
2026-07-17 10:43:11,258 - INFO - 🟢 ENTRY [CF|VWAP_Reversion_1.5ATR_RVOL1.0|rsion_1.5ATR_RVOL1.0]: NSE:NIFTYBANK-INDEX BUY PUT @ 58094.50 | SL: 58130.36 TP: 57909.19
2026-07-17 10:48:05,176 - INFO - --- 10:48:05 Market Pulse ---
2026-07-17 10:48:06,062 - INFO - 🔴 EXIT (TRAILING_SL) [OrderFlow_v1.0|01936_OrderFlow_v1.0]: NSE:NIFTY50-INDEX @ 24259.41 | PnL -0.72R | MFE 0.33R | Capture -217% | 5bars HoldEff -0.144R/bar
2026-07-17 10:48:06,100 - INFO - 🔴 EXIT (TRAILING_SL) [CFORB_15m_RVOL1.2|0923_ORB_15m_RVOL1.2]: NSE:NIFTY50-INDEX @ 24263.01 | PnL +1.27R | MFE 2.32R | Capture 55% | 7bars HoldEff +0.181R/bar
2026-07-17 10:48:06,131 - INFO - 🔴 EXIT (INITIAL_SL) [CFStructural_v3.2_RVOL1.0|uctural_v3.2_RVOL1.0]: NSE:NIFTYBANK-INDEX @ 58063.71 | PnL -1.05R | MFE 0.00R | Capture N/A | 2bars HoldEff -0.525R/bar
2026-07-17 10:48:06,160 - INFO - 🔴 EXIT (INITIAL_SL) [CFStructural_v3.2_RVOL0.8|uctural_v3.2_RVOL0.8]: NSE:NIFTYBANK-INDEX @ 58063.71 | PnL -1.05R | MFE 0.00R | Capture N/A | 2bars HoldEff -0.525R/bar
2026-07-17 10:48:06,187 - INFO - 🟡 UPDATE (TRAILING_SL) [CFStructural_v3.2_RVOL1.0|uctural_v3.2_RVOL1.0]: NSE:NIFTYBANK-INDEX @ 58050.20 | SL→58086.06 TP→57735.91
2026-07-17 10:48:06,213 - INFO - 🟡 UPDATE (TRAILING_SL) [CFStructural_v3.2_RVOL0.8|uctural_v3.2_RVOL0.8]: NSE:NIFTYBANK-INDEX @ 58050.20 | SL→58086.06 TP→57735.91
2026-07-17 10:48:06,236 - INFO - 🟡 UPDATE (TRAILING_SL) [CFVWAP_Reversion_1.5ATR_RVOL1.0|rsion_1.5ATR_RVOL1.0]: NSE:NIFTYBANK-INDEX @ 58050.20 | SL→58086.06 TP→57909.19
2026-07-17 10:48:08,864 - INFO - 👻 [Structural_v3.2_RVOL1.0] CF BREAKOUT NSE:NIFTY50-INDEX BUY CALL | Rejected: ['LOW_RVOL', 'BIAS_MISMATCH', 'LOW_EFFICIENCY', 'NO_TARGET_ZONE']
2026-07-17 10:48:08,887 - INFO - 🟢 ENTRY [CF|Structural_v3.2_RVOL1.0|uctural_v3.2_RVOL1.0]: NSE:NIFTY50-INDEX BUY CALL @ 24254.85 | SL: 24243.49 TP: 24277.58
2026-07-17 10:48:08,887 - INFO - 👻 [Structural_v3.2_RVOL0.8] CF BREAKOUT NSE:NIFTY50-INDEX BUY CALL | Rejected: ['LOW_RVOL', 'BIAS_MISMATCH', 'LOW_EFFICIENCY', 'NO_TARGET_ZONE']
2026-07-17 10:48:08,909 - INFO - 🟢 ENTRY [CF|Structural_v3.2_RVOL0.8|uctural_v3.2_RVOL0.8]: NSE:NIFTY50-INDEX BUY CALL @ 24254.85 | SL: 24243.49 TP: 24277.58
2026-07-17 10:48:11,191 - INFO - 👻 [Structural_v3.2_RVOL1.0] CF BREAKOUT NSE:NIFTYBANK-INDEX BUY CALL | Rejected: ['LOW_RVOL', 'BIAS_MISMATCH', 'LOW_EFFICIENCY']
2026-07-17 10:48:11,215 - INFO - 🟢 ENTRY [CF|Structural_v3.2_RVOL1.0|uctural_v3.2_RVOL1.0]: NSE:NIFTYBANK-INDEX BUY CALL @ 58050.20 | SL: 58012.70 TP: 58206.88
2026-07-17 10:48:11,215 - INFO - 👻 [Structural_v3.2_RVOL0.8] CF BREAKOUT NSE:NIFTYBANK-INDEX BUY CALL | Rejected: ['LOW_RVOL', 'BIAS_MISMATCH', 'LOW_EFFICIENCY']
2026-07-17 10:48:11,238 - INFO - 🟢 ENTRY [CF|Structural_v3.2_RVOL0.8|uctural_v3.2_RVOL0.8]: NSE:NIFTYBANK-INDEX BUY CALL @ 58050.20 | SL: 58012.70 TP: 58206.88
2026-07-17 10:48:11,238 - INFO - 👻 [Geometry_v1.0_Score35] CF CONFLUENCE_BOUNCE NSE:NIFTYBANK-INDEX BUY PUT | Rejected: ['LOW_RR:0.02']
2026-07-17 10:48:11,259 - INFO - 🟢 ENTRY [CF|Geometry_v1.0_Score35|eometry_v1.0_Score35]: NSE:NIFTYBANK-INDEX BUY PUT @ 58050.20 | SL: 58060.62 TP: 58050.00
2026-07-17 10:48:11,259 - INFO - 👻 [Geometry_v1.0_Score50] CF CONFLUENCE_BOUNCE NSE:NIFTYBANK-INDEX BUY PUT | Rejected: ['LOW_RR:0.02']
2026-07-17 10:48:11,278 - INFO - 🟢 ENTRY [CF|Geometry_v1.0_Score50|eometry_v1.0_Score50]: NSE:NIFTYBANK-INDEX BUY PUT @ 58050.20 | SL: 58060.62 TP: 58050.00
2026-07-17 10:53:12,272 - INFO - --- 10:53:12 Market Pulse ---
2026-07-17 10:53:13,186 - INFO - 🔴 EXIT (TRAILING_SL) [CFStructural_v3.2_RVOL1.0|uctural_v3.2_RVOL1.0]: NSE:NIFTYBANK-INDEX @ 58086.06 | PnL +0.19R | MFE 1.24R | Capture 15% | 2bars HoldEff +0.093R/bar
2026-07-17 10:53:13,232 - INFO - 🔴 EXIT (TRAILING_SL) [CFStructural_v3.2_RVOL0.8|uctural_v3.2_RVOL0.8]: NSE:NIFTYBANK-INDEX @ 58086.06 | PnL +0.19R | MFE 1.24R | Capture 15% | 2bars HoldEff +0.093R/bar
2026-07-17 10:53:13,272 - INFO - 🔴 EXIT (TRAILING_SL) [CFVWAP_Reversion_1.5ATR_RVOL1.0|rsion_1.5ATR_RVOL1.0]: NSE:NIFTYBANK-INDEX @ 58086.06 | PnL +0.19R | MFE 1.24R | Capture 15% | 2bars HoldEff +0.093R/bar
2026-07-17 10:53:13,303 - INFO - 🟡 UPDATE (TRAILING_SL) [CFStructural_v3.2_RVOL1.0|uctural_v3.2_RVOL1.0]: NSE:NIFTYBANK-INDEX @ 58096.85 | SL→58059.35 TP→58206.88
2026-07-17 10:53:13,331 - INFO - 🟡 UPDATE (TRAILING_SL) [CFStructural_v3.2_RVOL0.8|uctural_v3.2_RVOL0.8]: NSE:NIFTYBANK-INDEX @ 58096.85 | SL→58059.35 TP→58206.88
2026-07-17 10:53:13,355 - INFO - 🔴 EXIT (INITIAL_SL) [CFGeometry_v1.0_Score35|eometry_v1.0_Score35]: NSE:NIFTYBANK-INDEX @ 58060.62 | PnL -1.05R | MFE 0.00R | Capture N/A | 1bars HoldEff -1.050R/bar
2026-07-17 10:53:13,379 - INFO - 🔴 EXIT (INITIAL_SL) [CFGeometry_v1.0_Score50|eometry_v1.0_Score50]: NSE:NIFTYBANK-INDEX @ 58060.62 | PnL -1.05R | MFE 0.00R | Capture N/A | 1bars HoldEff -1.050R/bar
2026-07-17 10:53:16,403 - INFO - 👻 [Geometry_v1.0_Score35] CF TRENDLINE_RETEST NSE:NIFTY50-INDEX BUY CALL | Rejected: ['LOW_RR:0.27']
2026-07-17 10:53:16,427 - INFO - 🟢 ENTRY [CF|Geometry_v1.0_Score35|eometry_v1.0_Score35]: NSE:NIFTY50-INDEX BUY CALL @ 24254.65 | SL: 24242.80 TP: 24257.87
2026-07-17 10:53:16,428 - INFO - 👻 [Geometry_v1.0_Score50] CF TRENDLINE_RETEST NSE:NIFTY50-INDEX BUY CALL | Rejected: ['LOW_RR:0.27']
2026-07-17 10:53:16,448 - INFO - 🟢 ENTRY [CF|Geometry_v1.0_Score50|eometry_v1.0_Score50]: NSE:NIFTY50-INDEX BUY CALL @ 24254.65 | SL: 24242.80 TP: 24257.87
2026-07-17 10:53:18,899 - INFO - 👻 [Geometry_v1.0_Score35] CF CONFLUENCE_BOUNCE NSE:NIFTYBANK-INDEX BUY CALL | Rejected: ['LOW_RR:0.41']
2026-07-17 10:53:18,922 - INFO - 🟢 ENTRY [CF|Geometry_v1.0_Score35|eometry_v1.0_Score35]: NSE:NIFTYBANK-INDEX BUY CALL @ 58096.85 | SL: 58078.97 TP: 58104.16
2026-07-17 10:53:18,922 - INFO - 👻 [Geometry_v1.0_Score50] CF CONFLUENCE_BOUNCE NSE:NIFTYBANK-INDEX BUY CALL | Rejected: ['LOW_RR:0.41']
2026-07-17 10:53:18,943 - INFO - 🟢 ENTRY [CF|Geometry_v1.0_Score50|eometry_v1.0_Score50]: NSE:NIFTYBANK-INDEX BUY CALL @ 58096.85 | SL: 58078.97 TP: 58104.16
2026-07-17 10:58:19,863 - INFO - --- 10:58:19 Market Pulse ---
2026-07-17 10:58:20,872 - INFO - 🟡 UPDATE (TRAILING_SL) [CFStructural_v3.2_RVOL1.0|uctural_v3.2_RVOL1.0]: NSE:NIFTY50-INDEX @ 24257.70 | SL→24246.34 TP→24277.58
2026-07-17 10:58:20,905 - INFO - 🟡 UPDATE (TRAILING_SL) [CFStructural_v3.2_RVOL0.8|uctural_v3.2_RVOL0.8]: NSE:NIFTY50-INDEX @ 24257.70 | SL→24246.34 TP→24277.58
2026-07-17 10:58:20,932 - INFO - 🟡 UPDATE (TRAILING_SL) [CFStructural_v3.2_RVOL1.0|uctural_v3.2_RVOL1.0]: NSE:NIFTYBANK-INDEX @ 58107.60 | SL→58070.10 TP→58206.88
2026-07-17 10:58:20,956 - INFO - 🟡 UPDATE (TRAILING_SL) [CFStructural_v3.2_RVOL0.8|uctural_v3.2_RVOL0.8]: NSE:NIFTYBANK-INDEX @ 58107.60 | SL→58070.10 TP→58206.88
2026-07-17 10:58:20,980 - INFO - 🟡 UPDATE (TRAILING_SL) [CFGeometry_v1.0_Score35|eometry_v1.0_Score35]: NSE:NIFTY50-INDEX @ 24257.70 | SL→24245.85 TP→24257.87
2026-07-17 10:58:21,000 - INFO - 🟡 UPDATE (TRAILING_SL) [CFGeometry_v1.0_Score50|eometry_v1.0_Score50]: NSE:NIFTY50-INDEX @ 24257.70 | SL→24245.85 TP→24257.87
2026-07-17 10:58:21,021 - INFO - 🟡 UPDATE (TP_EXPANSION) [CFGeometry_v1.0_Score35|eometry_v1.0_Score35]: NSE:NIFTYBANK-INDEX @ 58107.60 | SL→58089.72 TP→58122.04
2026-07-17 10:58:21,041 - INFO - 🟡 UPDATE (TP_EXPANSION) [CFGeometry_v1.0_Score50|eometry_v1.0_Score50]: NSE:NIFTYBANK-INDEX @ 58107.60 | SL→58089.72 TP→58122.04
2026-07-17 10:58:26,343 - INFO - 👻 [Structural_v3.2_RVOL1.0] CF SWEEP NSE:NIFTYBANK-INDEX BUY PUT | Rejected: ['LOW_RVOL', 'TP_CAPPED']
2026-07-17 10:58:26,363 - INFO - 🟢 ENTRY [CF|Structural_v3.2_RVOL1.0|uctural_v3.2_RVOL1.0]: NSE:NIFTYBANK-INDEX BUY PUT @ 58107.60 | SL: 58145.92 TP: 57724.44
2026-07-17 10:58:26,363 - INFO - 👻 [Structural_v3.2_RVOL0.8] CF SWEEP NSE:NIFTYBANK-INDEX BUY PUT | Rejected: ['LOW_RVOL', 'TP_CAPPED']
2026-07-17 10:58:26,381 - INFO - 🟢 ENTRY [CF|Structural_v3.2_RVOL0.8|uctural_v3.2_RVOL0.8]: NSE:NIFTYBANK-INDEX BUY PUT @ 58107.60 | SL: 58145.92 TP: 57724.44
2026-07-17 10:58:26,381 - INFO - 👻 [VWAP_Reversion_1.5ATR_RVOL1.0] CF REVERSION NSE:NIFTYBANK-INDEX BUY PUT | Rejected: ['LOW_RVOL']
2026-07-17 10:58:26,400 - INFO - 🟢 ENTRY [CF|VWAP_Reversion_1.5ATR_RVOL1.0|rsion_1.5ATR_RVOL1.0]: NSE:NIFTYBANK-INDEX BUY PUT @ 58107.60 | SL: 58145.92 TP: 57928.02
2026-07-17 11:03:27,139 - INFO - --- 11:03:27 Market Pulse ---
2026-07-17 11:03:28,193 - INFO - 🔴 EXIT (TRAILING_SL) [CFGeometry_v1.0_Score35|eometry_v1.0_Score35]: NSE:NIFTYBANK-INDEX @ 58089.72 | PnL -0.45R | MFE 0.60R | Capture -75% | 2bars HoldEff -0.224R/bar
2026-07-17 11:03:28,220 - INFO - 🔴 EXIT (TRAILING_SL) [CFGeometry_v1.0_Score50|eometry_v1.0_Score50]: NSE:NIFTYBANK-INDEX @ 58089.72 | PnL -0.45R | MFE 0.60R | Capture -75% | 2bars HoldEff -0.224R/bar
2026-07-17 11:03:28,244 - INFO - 🟡 UPDATE (TRAILING_SL) [CFStructural_v3.2_RVOL1.0|uctural_v3.2_RVOL1.0]: NSE:NIFTYBANK-INDEX @ 58077.65 | SL→58115.97 TP→57724.44
2026-07-17 11:03:28,266 - INFO - 🟡 UPDATE (TRAILING_SL) [CFStructural_v3.2_RVOL0.8|uctural_v3.2_RVOL0.8]: NSE:NIFTYBANK-INDEX @ 58077.65 | SL→58115.97 TP→57724.44
2026-07-17 11:03:28,286 - INFO - 🟡 UPDATE (TRAILING_SL) [CFVWAP_Reversion_1.5ATR_RVOL1.0|rsion_1.5ATR_RVOL1.0]: NSE:NIFTYBANK-INDEX @ 58077.65 | SL→58115.97 TP→57928.02
2026-07-17 11:03:33,640 - INFO - ⚡ [Structural_v3.2_RVOL1.0] warnings: ['VERY_LOW_RVOL:0.41']
2026-07-17 11:03:33,655 - INFO - ⚡ [Structural_v3.2_RVOL0.8] warnings: ['VERY_LOW_RVOL:0.41']
2026-07-17 11:03:33,658 - INFO - ⚡ [Structural_v3.2_RVOL1.0] warnings: ['VERY_LOW_RVOL:0.41']
2026-07-17 11:03:33,658 - INFO - ⚡ [Structural_v3.2_RVOL0.8] warnings: ['VERY_LOW_RVOL:0.41']
2026-07-17 11:08:33,690 - INFO - --- 11:08:33 Market Pulse ---
2026-07-17 11:08:34,611 - INFO - 🔴 EXIT (TRAILING_SL) [CFORB_30m_RVOL1.2|1936_ORB_30m_RVOL1.2]: NSE:NIFTY50-INDEX @ 24245.09 | PnL -0.84R | MFE 0.21R | Capture -396% | 9bars HoldEff -0.093R/bar
2026-07-17 11:08:34,652 - INFO - 🔴 EXIT (TRAILING_SL) [CFStructural_v3.2_RVOL1.0|uctural_v3.2_RVOL1.0]: NSE:NIFTY50-INDEX @ 24246.34 | PnL -0.80R | MFE 0.25R | Capture -319% | 4bars HoldEff -0.200R/bar
2026-07-17 11:08:34,688 - INFO - 🔴 EXIT (TRAILING_SL) [CFStructural_v3.2_RVOL0.8|uctural_v3.2_RVOL0.8]: NSE:NIFTY50-INDEX @ 24246.34 | PnL -0.80R | MFE 0.25R | Capture -319% | 4bars HoldEff -0.200R/bar
2026-07-17 11:08:34,718 - INFO - 🔴 EXIT (TRAILING_SL) [CFStructural_v3.2_RVOL1.0|uctural_v3.2_RVOL1.0]: NSE:NIFTYBANK-INDEX @ 58070.10 | PnL +0.48R | MFE 1.53R | Capture 31% | 4bars HoldEff +0.120R/bar
2026-07-17 11:08:34,743 - INFO - 🔴 EXIT (TRAILING_SL) [CFStructural_v3.2_RVOL0.8|uctural_v3.2_RVOL0.8]: NSE:NIFTYBANK-INDEX @ 58070.10 | PnL +0.48R | MFE 1.53R | Capture 31% | 4bars HoldEff +0.120R/bar
2026-07-17 11:08:34,766 - INFO - 🔴 EXIT (TRAILING_SL) [CFGeometry_v1.0_Score35|eometry_v1.0_Score35]: NSE:NIFTY50-INDEX @ 24245.85 | PnL -0.79R | MFE 0.26R | Capture -308% | 3bars HoldEff -0.264R/bar
2026-07-17 11:08:34,787 - INFO - 🔴 EXIT (TRAILING_SL) [CFGeometry_v1.0_Score50|eometry_v1.0_Score50]: NSE:NIFTY50-INDEX @ 24245.85 | PnL -0.79R | MFE 0.26R | Capture -308% | 3bars HoldEff -0.264R/bar
2026-07-17 11:08:34,806 - INFO - 🟡 UPDATE (TRAILING_SL) [CFStructural_v3.2_RVOL1.0|uctural_v3.2_RVOL1.0]: NSE:NIFTYBANK-INDEX @ 58053.15 | SL→58091.47 TP→57724.44
2026-07-17 11:08:34,826 - INFO - 🟡 UPDATE (TRAILING_SL) [CFStructural_v3.2_RVOL0.8|uctural_v3.2_RVOL0.8]: NSE:NIFTYBANK-INDEX @ 58053.15 | SL→58091.47 TP→57724.44
2026-07-17 11:08:34,845 - INFO - 🟡 UPDATE (TRAILING_SL) [CFVWAP_Reversion_1.5ATR_RVOL1.0|rsion_1.5ATR_RVOL1.0]: NSE:NIFTYBANK-INDEX @ 58053.15 | SL→58091.47 TP→57928.02
2026-07-17 11:08:37,691 - INFO - 👻 [Structural_v3.2_RVOL1.0] CF BREAKOUT NSE:NIFTY50-INDEX BUY CALL | Rejected: ['LOW_RVOL', 'BIAS_MISMATCH', 'LOW_EFFICIENCY', 'HIGH_WICKINESS', 'NO_TARGET_ZONE']
2026-07-17 11:08:37,712 - INFO - 🟢 ENTRY [CF|Structural_v3.2_RVOL1.0|uctural_v3.2_RVOL1.0]: NSE:NIFTY50-INDEX BUY CALL @ 24243.35 | SL: 24232.30 TP: 24265.45
2026-07-17 11:08:37,712 - INFO - 👻 [Structural_v3.2_RVOL0.8] CF BREAKOUT NSE:NIFTY50-INDEX BUY CALL | Rejected: ['BIAS_MISMATCH', 'LOW_EFFICIENCY', 'HIGH_WICKINESS', 'NO_TARGET_ZONE']
2026-07-17 11:08:37,730 - INFO - 🟢 ENTRY [CF|Structural_v3.2_RVOL0.8|uctural_v3.2_RVOL0.8]: NSE:NIFTY50-INDEX BUY CALL @ 24243.35 | SL: 24232.30 TP: 24265.45
2026-07-17 11:08:40,245 - INFO - 👻 [Structural_v3.2_RVOL1.0] CF BREAKOUT NSE:NIFTYBANK-INDEX BUY CALL | Rejected: ['LOW_RVOL', 'BIAS_MISMATCH', 'LOW_EFFICIENCY']
2026-07-17 11:08:40,265 - INFO - 🟢 ENTRY [CF|Structural_v3.2_RVOL1.0|uctural_v3.2_RVOL1.0]: NSE:NIFTYBANK-INDEX BUY CALL @ 58053.15 | SL: 58015.64 TP: 58206.88
2026-07-17 11:08:40,265 - INFO - 👻 [Structural_v3.2_RVOL0.8] CF BREAKOUT NSE:NIFTYBANK-INDEX BUY CALL | Rejected: ['BIAS_MISMATCH', 'LOW_EFFICIENCY']
2026-07-17 11:08:40,284 - INFO - 🟢 ENTRY [CF|Structural_v3.2_RVOL0.8|uctural_v3.2_RVOL0.8]: NSE:NIFTYBANK-INDEX BUY CALL @ 58053.15 | SL: 58015.64 TP: 58206.88
2026-07-17 11:13:40,294 - INFO - --- 11:13:40 Market Pulse ---
2026-07-17 11:13:41,209 - INFO - 🟡 UPDATE (TRAILING_SL) [CFStructural_v3.2_RVOL1.0|uctural_v3.2_RVOL1.0]: NSE:NIFTYBANK-INDEX @ 58065.40 | SL→58027.89 TP→58206.88
2026-07-17 11:13:41,248 - INFO - 🟡 UPDATE (TRAILING_SL) [CFStructural_v3.2_RVOL0.8|uctural_v3.2_RVOL0.8]: NSE:NIFTYBANK-INDEX @ 58065.40 | SL→58027.89 TP→58206.88
2026-07-17 11:13:44,437 - INFO - 🚀 SIGNAL: NSE:NIFTY50-INDEX BUY PUT | [Geometry_v1.0_Score35]
2026-07-17 11:13:44,437 - INFO -    Entry: 24240.15 | SL: 24242.5 | TP: 24234.5 (RR: 2.4)
2026-07-17 11:13:44,458 - INFO - 🟢 ENTRY [Geometry_v1.0_Score35|INDEX_1784267020]: NSE:NIFTY50-INDEX BUY PUT @ 24240.15 | SL: 24242.50 TP: 24234.50
2026-07-17 11:13:47,085 - INFO - 👻 [Structural_v3.2_RVOL1.0] CF BREAKOUT NSE:NIFTYBANK-INDEX BUY PUT | Rejected: ['BIAS_MISMATCH', 'LOW_EFFICIENCY', 'TP_CAPPED']
2026-07-17 11:13:47,105 - INFO - 🟢 ENTRY [CF|Structural_v3.2_RVOL1.0|uctural_v3.2_RVOL1.0]: NSE:NIFTYBANK-INDEX BUY PUT @ 58065.40 | SL: 58102.68 TP: 57692.58
2026-07-17 11:13:47,105 - INFO - 👻 [Structural_v3.2_RVOL0.8] CF BREAKOUT NSE:NIFTYBANK-INDEX BUY PUT | Rejected: ['BIAS_MISMATCH', 'LOW_EFFICIENCY', 'TP_CAPPED']
2026-07-17 11:13:47,124 - INFO - 🟢 ENTRY [CF|Structural_v3.2_RVOL0.8|uctural_v3.2_RVOL0.8]: NSE:NIFTYBANK-INDEX BUY PUT @ 58065.40 | SL: 58102.68 TP: 57692.58
2026-07-17 11:13:47,124 - INFO - 👻 [Geometry_v1.0_Score35] CF TRENDLINE_RETEST NSE:NIFTYBANK-INDEX BUY CALL | Rejected: ['NARRATIVE_BIAS_BEARISH', 'LOW_RR:1.0']
2026-07-17 11:13:47,143 - INFO - 🟢 ENTRY [CF|Geometry_v1.0_Score35|eometry_v1.0_Score35]: NSE:NIFTYBANK-INDEX BUY CALL @ 58065.40 | SL: 58025.12 TP: 58105.53
2026-07-17 11:13:47,143 - INFO - 👻 [Geometry_v1.0_Score50] CF TRENDLINE_RETEST NSE:NIFTYBANK-INDEX BUY CALL | Rejected: ['NARRATIVE_BIAS_BEARISH', 'LOW_RR:1.0']
2026-07-17 11:13:47,162 - INFO - 🟢 ENTRY [CF|Geometry_v1.0_Score50|eometry_v1.0_Score50]: NSE:NIFTYBANK-INDEX BUY CALL @ 58065.40 | SL: 58025.12 TP: 58105.53
2026-07-17 11:18:47,834 - INFO - --- 11:18:47 Market Pulse ---
2026-07-17 11:18:48,654 - INFO - 🟡 UPDATE (TRAILING_SL) [Geometry_v1.0_Score35|eometry_v1.0_Score35]: NSE:NIFTY50-INDEX @ 24236.95 | SL→24239.30 TP→24234.50
2026-07-17 11:18:48,689 - INFO - 🟡 UPDATE (TRAILING_SL) [CFStructural_v3.2_RVOL1.0|uctural_v3.2_RVOL1.0]: NSE:NIFTYBANK-INDEX @ 58055.30 | SL→58092.58 TP→57692.58
2026-07-17 11:18:48,719 - INFO - 🟡 UPDATE (TRAILING_SL) [CFStructural_v3.2_RVOL0.8|uctural_v3.2_RVOL0.8]: NSE:NIFTYBANK-INDEX @ 58055.30 | SL→58092.58 TP→57692.58
2026-07-17 11:18:51,607 - INFO - 👻 [EMA_Pullback_20_50_RVOL1.0] CF PULLBACK NSE:NIFTY50-INDEX BUY CALL | Rejected: ['LOW_RVOL', 'BIAS_MISMATCH', 'LOW_RR']
2026-07-17 11:18:51,627 - INFO - 🟢 ENTRY [CF|EMA_Pullback_20_50_RVOL1.0|llback_20_50_RVOL1.0]: NSE:NIFTY50-INDEX BUY CALL @ 24236.95 | SL: 24187.38 TP: 24240.07
2026-07-17 11:23:54,510 - INFO - --- 11:23:54 Market Pulse ---
2026-07-17 11:23:55,262 - INFO - 🔴 EXIT (TRAILING_SL) [Geometry_v1.0_Score35|eometry_v1.0_Score35]: NSE:NIFTY50-INDEX @ 24239.30 | PnL +0.31R | MFE 1.36R | Capture 23% | 2bars HoldEff +0.156R/bar
2026-07-17 11:23:55,299 - INFO - 🟡 UPDATE (TRAILING_SL) [CFStructural_v3.2_RVOL1.0|uctural_v3.2_RVOL1.0]: NSE:NIFTYBANK-INDEX @ 58074.10 | SL→58036.59 TP→58206.88
2026-07-17 11:23:55,330 - INFO - 🟡 UPDATE (TRAILING_SL) [CFStructural_v3.2_RVOL0.8|uctural_v3.2_RVOL0.8]: NSE:NIFTYBANK-INDEX @ 58074.10 | SL→58036.59 TP→58206.88
2026-07-17 11:23:55,361 - INFO - 🟡 UPDATE (TRAILING_SL) [CFGeometry_v1.0_Score35|eometry_v1.0_Score35]: NSE:NIFTYBANK-INDEX @ 58074.10 | SL→58033.82 TP→58105.53
2026-07-17 11:23:55,390 - INFO - 🟡 UPDATE (TRAILING_SL) [CFGeometry_v1.0_Score50|eometry_v1.0_Score50]: NSE:NIFTYBANK-INDEX @ 58074.10 | SL→58033.82 TP→58105.53
2026-07-17 11:23:55,416 - INFO - 🟡 UPDATE (TP_EXPANSION) [CFEMA_Pullback_20_50_RVOL1.0|llback_20_50_RVOL1.0]: NSE:NIFTY50-INDEX @ 24240.40 | SL→24190.83 TP→24289.65
2026-07-17 11:23:58,415 - INFO - 👻 [Structural_v3.2_RVOL1.0] CF BREAKOUT NSE:NIFTY50-INDEX BUY PUT | Rejected: ['LOW_EFFICIENCY', 'HIGH_WICKINESS', 'TP_CAPPED']
2026-07-17 11:23:58,434 - INFO - 🟢 ENTRY [CF|Structural_v3.2_RVOL1.0|uctural_v3.2_RVOL1.0]: NSE:NIFTY50-INDEX BUY PUT @ 24240.40 | SL: 24250.64 TP: 24138.04
2026-07-17 11:23:58,434 - INFO - 👻 [Structural_v3.2_RVOL0.8] CF BREAKOUT NSE:NIFTY50-INDEX BUY PUT | Rejected: ['LOW_EFFICIENCY', 'HIGH_WICKINESS', 'TP_CAPPED']
2026-07-17 11:23:58,452 - INFO - 🟢 ENTRY [CF|Structural_v3.2_RVOL0.8|uctural_v3.2_RVOL0.8]: NSE:NIFTY50-INDEX BUY PUT @ 24240.40 | SL: 24250.64 TP: 24138.04
2026-07-17 11:29:01,807 - INFO - --- 11:29:01 Market Pulse ---
2026-07-17 11:29:02,564 - INFO - 🟡 UPDATE (TRAILING_SL) [CFStructural_v3.2_RVOL1.0|uctural_v3.2_RVOL1.0]: NSE:NIFTY50-INDEX @ 24246.15 | SL→24235.10 TP→24265.45
2026-07-17 11:29:02,602 - INFO - 🟡 UPDATE (TRAILING_SL) [CFStructural_v3.2_RVOL0.8|uctural_v3.2_RVOL0.8]: NSE:NIFTY50-INDEX @ 24246.15 | SL→24235.10 TP→24265.45
2026-07-17 11:29:02,635 - INFO - 🟡 UPDATE (TRAILING_SL) [CFEMA_Pullback_20_50_RVOL1.0|llback_20_50_RVOL1.0]: NSE:NIFTY50-INDEX @ 24246.15 | SL→24196.58 TP→24289.65
2026-07-17 11:29:05,608 - INFO - ⚡ [Structural_v3.2_RVOL1.0] warnings: ['VERY_LOW_RVOL:0.34']
2026-07-17 11:29:05,621 - INFO - ⚡ [Structural_v3.2_RVOL0.8] warnings: ['VERY_LOW_RVOL:0.34']
2026-07-17 11:29:05,625 - INFO - ⚡ [Structural_v3.2_RVOL1.0] warnings: ['VERY_LOW_RVOL:0.34']
2026-07-17 11:29:05,625 - INFO - 👻 [Structural_v3.2_RVOL1.0] CF SWEEP NSE:NIFTY50-INDEX BUY PUT | Rejected: ['LOW_RVOL', 'TP_CAPPED']
2026-07-17 11:29:05,644 - INFO - 🟢 ENTRY [CF|Structural_v3.2_RVOL1.0|uctural_v3.2_RVOL1.0]: NSE:NIFTY50-INDEX BUY PUT @ 24246.15 | SL: 24255.29 TP: 24154.72
2026-07-17 11:29:05,644 - INFO - ⚡ [Structural_v3.2_RVOL0.8] warnings: ['VERY_LOW_RVOL:0.34']
2026-07-17 11:29:05,644 - INFO - 👻 [Structural_v3.2_RVOL0.8] CF SWEEP NSE:NIFTY50-INDEX BUY PUT | Rejected: ['LOW_RVOL', 'TP_CAPPED']
2026-07-17 11:29:05,662 - INFO - 🟢 ENTRY [CF|Structural_v3.2_RVOL0.8|uctural_v3.2_RVOL0.8]: NSE:NIFTY50-INDEX BUY PUT @ 24246.15 | SL: 24255.29 TP: 24154.72
2026-07-17 11:29:08,274 - INFO - 👻 [Geometry_v1.0_Score35] CF CONFLUENCE_BOUNCE NSE:NIFTYBANK-INDEX BUY PUT | Rejected: ['NARRATIVE_BIAS_BULLISH', 'LOW_RR:0.99']
2026-07-17 11:29:08,294 - INFO - 🟢 ENTRY [CF|Geometry_v1.0_Score35|eometry_v1.0_Score35]: NSE:NIFTYBANK-INDEX BUY PUT @ 58062.30 | SL: 58082.18 TP: 58042.62
2026-07-17 11:29:08,294 - INFO - 👻 [Geometry_v1.0_Score50] CF CONFLUENCE_BOUNCE NSE:NIFTYBANK-INDEX BUY PUT | Rejected: ['NARRATIVE_BIAS_BULLISH', 'LOW_RR:0.99']
2026-07-17 11:29:08,313 - INFO - 🟢 ENTRY [CF|Geometry_v1.0_Score50|eometry_v1.0_Score50]: NSE:NIFTYBANK-INDEX BUY PUT @ 58062.30 | SL: 58082.18 TP: 58042.62
2026-07-17 11:34:09,107 - INFO - --- 11:34:09 Market Pulse ---
2026-07-17 11:34:10,156 - INFO - 🟡 UPDATE (TRAILING_SL) [CFStructural_v3.2_RVOL1.0|uctural_v3.2_RVOL1.0]: NSE:NIFTY50-INDEX @ 24250.60 | SL→24239.55 TP→24265.45
2026-07-17 11:34:10,182 - INFO - 🟡 UPDATE (TRAILING_SL) [CFStructural_v3.2_RVOL0.8|uctural_v3.2_RVOL0.8]: NSE:NIFTY50-INDEX @ 24250.60 | SL→24239.55 TP→24265.45
2026-07-17 11:34:10,205 - INFO - 🟡 UPDATE (TRAILING_SL) [CFEMA_Pullback_20_50_RVOL1.0|llback_20_50_RVOL1.0]: NSE:NIFTY50-INDEX @ 24250.60 | SL→24201.03 TP→24289.65
2026-07-17 11:34:13,173 - INFO - 👻 [ORB_30m_RVOL1.2] CF ORB_30M NSE:NIFTY50-INDEX BUY CALL | Rejected: ['LOW_RVOL', 'BIAS_MISMATCH', 'LOW_EFFICIENCY']
2026-07-17 11:34:13,195 - INFO - 🟢 ENTRY [CF|ORB_30m_RVOL1.2|3409_ORB_30m_RVOL1.2]: NSE:NIFTY50-INDEX BUY CALL @ 24250.60 | SL: 24240.00 TP: 24303.58
2026-07-17 11:39:16,741 - INFO - --- 11:39:16 Market Pulse ---
2026-07-17 11:39:17,707 - INFO - 🟡 UPDATE (TRAILING_SL) [CFStructural_v3.2_RVOL1.0|uctural_v3.2_RVOL1.0]: NSE:NIFTY50-INDEX @ 24251.85 | SL→24240.80 TP→24265.45
2026-07-17 11:39:17,741 - INFO - 🟡 UPDATE (TRAILING_SL) [CFStructural_v3.2_RVOL0.8|uctural_v3.2_RVOL0.8]: NSE:NIFTY50-INDEX @ 24251.85 | SL→24240.80 TP→24265.45
2026-07-17 11:39:17,770 - INFO - 🟡 UPDATE (TRAILING_SL) [CFEMA_Pullback_20_50_RVOL1.0|llback_20_50_RVOL1.0]: NSE:NIFTY50-INDEX @ 24251.85 | SL→24202.28 TP→24289.65
2026-07-17 11:39:17,795 - INFO - 🔴 EXIT (INITIAL_SL) [CFStructural_v3.2_RVOL1.0|uctural_v3.2_RVOL1.0]: NSE:NIFTY50-INDEX @ 24250.64 | PnL -1.05R | MFE 0.00R | Capture N/A | 3bars HoldEff -0.350R/bar
2026-07-17 11:39:17,816 - INFO - 🔴 EXIT (INITIAL_SL) [CFStructural_v3.2_RVOL0.8|uctural_v3.2_RVOL0.8]: NSE:NIFTY50-INDEX @ 24250.64 | PnL -1.05R | MFE 0.00R | Capture N/A | 3bars HoldEff -0.350R/bar
2026-07-17 11:39:17,835 - INFO - 🟡 UPDATE (TRAILING_SL) [CFGeometry_v1.0_Score35|eometry_v1.0_Score35]: NSE:NIFTYBANK-INDEX @ 58058.50 | SL→58078.38 TP→58042.62
2026-07-17 11:39:17,853 - INFO - 🟡 UPDATE (TRAILING_SL) [CFGeometry_v1.0_Score50|eometry_v1.0_Score50]: NSE:NIFTYBANK-INDEX @ 58058.50 | SL→58078.38 TP→58042.62
2026-07-17 11:39:17,871 - INFO - 🟡 UPDATE (TRAILING_SL) [CFORB_30m_RVOL1.2|3409_ORB_30m_RVOL1.2]: NSE:NIFTY50-INDEX @ 24251.85 | SL→24241.25 TP→24303.58
2026-07-17 11:39:20,967 - INFO - 👻 [Structural_v3.2_RVOL1.0] CF BREAKOUT NSE:NIFTY50-INDEX BUY PUT | Rejected: ['LOW_RVOL', 'LOW_EFFICIENCY', 'HIGH_WICKINESS', 'TP_CAPPED']
2026-07-17 11:39:20,986 - INFO - 🟢 ENTRY [CF|Structural_v3.2_RVOL1.0|uctural_v3.2_RVOL1.0]: NSE:NIFTY50-INDEX BUY PUT @ 24251.85 | SL: 24260.41 TP: 24166.24
2026-07-17 11:39:20,986 - INFO - 👻 [Structural_v3.2_RVOL0.8] CF BREAKOUT NSE:NIFTY50-INDEX BUY PUT | Rejected: ['LOW_RVOL', 'LOW_EFFICIENCY', 'HIGH_WICKINESS', 'TP_CAPPED']
2026-07-17 11:39:21,004 - INFO - 🟢 ENTRY [CF|Structural_v3.2_RVOL0.8|uctural_v3.2_RVOL0.8]: NSE:NIFTY50-INDEX BUY PUT @ 24251.85 | SL: 24260.41 TP: 24166.24
2026-07-17 11:44:24,500 - INFO - --- 11:44:24 Market Pulse ---
2026-07-17 11:44:25,277 - INFO - 🟡 UPDATE (TP_EXPANSION) [CFStructural_v3.2_RVOL1.0|uctural_v3.2_RVOL1.0]: NSE:NIFTY50-INDEX @ 24265.75 | SL→24254.70 TP→24276.51
2026-07-17 11:44:25,315 - INFO - 🟡 UPDATE (TP_EXPANSION) [CFStructural_v3.2_RVOL0.8|uctural_v3.2_RVOL0.8]: NSE:NIFTY50-INDEX @ 24265.75 | SL→24254.70 TP→24276.51
2026-07-17 11:44:25,348 - INFO - 🟡 UPDATE (TRAILING_SL) [CFStructural_v3.2_RVOL1.0|uctural_v3.2_RVOL1.0]: NSE:NIFTYBANK-INDEX @ 58077.60 | SL→58040.09 TP→58206.88
2026-07-17 11:44:25,378 - INFO - 🟡 UPDATE (TRAILING_SL) [CFStructural_v3.2_RVOL0.8|uctural_v3.2_RVOL0.8]: NSE:NIFTYBANK-INDEX @ 58077.60 | SL→58040.09 TP→58206.88
2026-07-17 11:44:25,406 - INFO - 🟡 UPDATE (TRAILING_SL) [CFGeometry_v1.0_Score35|eometry_v1.0_Score35]: NSE:NIFTYBANK-INDEX @ 58077.60 | SL→58037.32 TP→58105.53
2026-07-17 11:44:25,434 - INFO - 🟡 UPDATE (TRAILING_SL) [CFGeometry_v1.0_Score50|eometry_v1.0_Score50]: NSE:NIFTYBANK-INDEX @ 58077.60 | SL→58037.32 TP→58105.53
2026-07-17 11:44:25,462 - INFO - 🟡 UPDATE (TRAILING_SL) [CFEMA_Pullback_20_50_RVOL1.0|llback_20_50_RVOL1.0]: NSE:NIFTY50-INDEX @ 24265.75 | SL→24216.18 TP→24289.65
2026-07-17 11:44:25,489 - INFO - 🔴 EXIT (INITIAL_SL) [CFStructural_v3.2_RVOL1.0|uctural_v3.2_RVOL1.0]: NSE:NIFTY50-INDEX @ 24255.29 | PnL -1.05R | MFE 0.00R | Capture N/A | 3bars HoldEff -0.350R/bar
2026-07-17 11:44:25,517 - INFO - 🔴 EXIT (INITIAL_SL) [CFStructural_v3.2_RVOL0.8|uctural_v3.2_RVOL0.8]: NSE:NIFTY50-INDEX @ 24255.29 | PnL -1.05R | MFE 0.00R | Capture N/A | 3bars HoldEff -0.350R/bar
2026-07-17 11:44:25,539 - INFO - 🟡 UPDATE (TRAILING_SL) [CFORB_30m_RVOL1.2|3409_ORB_30m_RVOL1.2]: NSE:NIFTY50-INDEX @ 24265.75 | SL→24255.15 TP→24303.58
2026-07-17 11:44:25,561 - INFO - 🔴 EXIT (INITIAL_SL) [CFStructural_v3.2_RVOL1.0|uctural_v3.2_RVOL1.0]: NSE:NIFTY50-INDEX @ 24260.41 | PnL -1.05R | MFE 0.00R | Capture N/A | 1bars HoldEff -1.050R/bar
2026-07-17 11:44:25,579 - INFO - 🔴 EXIT (INITIAL_SL) [CFStructural_v3.2_RVOL0.8|uctural_v3.2_RVOL0.8]: NSE:NIFTY50-INDEX @ 24260.41 | PnL -1.05R | MFE 0.00R | Capture N/A | 1bars HoldEff -1.050R/bar
2026-07-17 11:44:28,662 - INFO - 👻 [Structural_v3.2_RVOL1.0] CF BREAKOUT NSE:NIFTY50-INDEX BUY PUT | Rejected: ['LOW_RVOL', 'LOW_EFFICIENCY', 'HIGH_WICKINESS', 'TP_CAPPED']
2026-07-17 11:44:28,682 - INFO - 🟢 ENTRY [CF|Structural_v3.2_RVOL1.0|uctural_v3.2_RVOL1.0]: NSE:NIFTY50-INDEX BUY PUT @ 24265.75 | SL: 24274.35 TP: 24179.79
2026-07-17 11:44:28,682 - INFO - 👻 [Structural_v3.2_RVOL0.8] CF BREAKOUT NSE:NIFTY50-INDEX BUY PUT | Rejected: ['LOW_EFFICIENCY', 'HIGH_WICKINESS', 'TP_CAPPED']
2026-07-17 11:44:28,701 - INFO - 🟢 ENTRY [CF|Structural_v3.2_RVOL0.8|uctural_v3.2_RVOL0.8]: NSE:NIFTY50-INDEX BUY PUT @ 24265.75 | SL: 24274.35 TP: 24179.79
2026-07-17 11:49:32,210 - INFO - --- 11:49:32 Market Pulse ---
2026-07-17 11:49:33,070 - INFO - 🔴 EXIT (TRAILING_SL) [CFStructural_v3.2_RVOL1.0|uctural_v3.2_RVOL1.0]: NSE:NIFTYBANK-INDEX @ 58091.47 | PnL +0.37R | MFE 1.42R | Capture 26% | 10bars HoldEff +0.037R/bar
2026-07-17 11:49:33,106 - INFO - 🔴 EXIT (TRAILING_SL) [CFStructural_v3.2_RVOL0.8|uctural_v3.2_RVOL0.8]: NSE:NIFTYBANK-INDEX @ 58091.47 | PnL +0.37R | MFE 1.42R | Capture 26% | 10bars HoldEff +0.037R/bar
2026-07-17 11:49:33,137 - INFO - 🔴 EXIT (TRAILING_SL) [CFVWAP_Reversion_1.5ATR_RVOL1.0|rsion_1.5ATR_RVOL1.0]: NSE:NIFTYBANK-INDEX @ 58091.47 | PnL +0.37R | MFE 1.42R | Capture 26% | 10bars HoldEff +0.037R/bar
2026-07-17 11:49:33,169 - INFO - 🟡 UPDATE (TRAILING_SL) [CFStructural_v3.2_RVOL1.0|uctural_v3.2_RVOL1.0]: NSE:NIFTY50-INDEX @ 24268.85 | SL→24257.80 TP→24276.51
2026-07-17 11:49:33,199 - INFO - 🟡 UPDATE (TRAILING_SL) [CFStructural_v3.2_RVOL0.8|uctural_v3.2_RVOL0.8]: NSE:NIFTY50-INDEX @ 24268.85 | SL→24257.80 TP→24276.51
2026-07-17 11:49:33,225 - INFO - 🟡 UPDATE (TRAILING_SL) [CFStructural_v3.2_RVOL1.0|uctural_v3.2_RVOL1.0]: NSE:NIFTYBANK-INDEX @ 58100.90 | SL→58063.39 TP→58206.88
2026-07-17 11:49:33,249 - INFO - 🟡 UPDATE (TRAILING_SL) [CFStructural_v3.2_RVOL0.8|uctural_v3.2_RVOL0.8]: NSE:NIFTYBANK-INDEX @ 58100.90 | SL→58063.39 TP→58206.88
2026-07-17 11:49:33,271 - INFO - 🔴 EXIT (TRAILING_SL) [CFStructural_v3.2_RVOL1.0|uctural_v3.2_RVOL1.0]: NSE:NIFTYBANK-INDEX @ 58092.58 | PnL -0.78R | MFE 0.27R | Capture -288% | 7bars HoldEff -0.111R/bar
2026-07-17 11:49:33,290 - INFO - 🔴 EXIT (TRAILING_SL) [CFStructural_v3.2_RVOL0.8|uctural_v3.2_RVOL0.8]: NSE:NIFTYBANK-INDEX @ 58092.58 | PnL -0.78R | MFE 0.27R | Capture -288% | 7bars HoldEff -0.111R/bar
2026-07-17 11:49:33,309 - INFO - 🟡 UPDATE (TRAILING_SL) [CFGeometry_v1.0_Score35|eometry_v1.0_Score35]: NSE:NIFTYBANK-INDEX @ 58100.90 | SL→58060.62 TP→58105.53
2026-07-17 11:49:33,326 - INFO - 🟡 UPDATE (TRAILING_SL) [CFGeometry_v1.0_Score50|eometry_v1.0_Score50]: NSE:NIFTYBANK-INDEX @ 58100.90 | SL→58060.62 TP→58105.53
2026-07-17 11:49:33,344 - INFO - 🟡 UPDATE (TRAILING_SL) [CFEMA_Pullback_20_50_RVOL1.0|llback_20_50_RVOL1.0]: NSE:NIFTY50-INDEX @ 24268.85 | SL→24219.28 TP→24289.65
2026-07-17 11:49:33,362 - INFO - 🔴 EXIT (TRAILING_SL) [CFGeometry_v1.0_Score35|eometry_v1.0_Score35]: NSE:NIFTYBANK-INDEX @ 58078.38 | PnL -0.86R | MFE 0.19R | Capture -449% | 4bars HoldEff -0.215R/bar
2026-07-17 11:49:33,381 - INFO - 🔴 EXIT (TRAILING_SL) [CFGeometry_v1.0_Score50|eometry_v1.0_Score50]: NSE:NIFTYBANK-INDEX @ 58078.38 | PnL -0.86R | MFE 0.19R | Capture -449% | 4bars HoldEff -0.215R/bar
2026-07-17 11:49:33,399 - INFO - 🟡 UPDATE (TRAILING_SL) [CFORB_30m_RVOL1.2|3409_ORB_30m_RVOL1.2]: NSE:NIFTY50-INDEX @ 24268.85 | SL→24258.25 TP→24303.58
2026-07-17 11:49:36,577 - INFO - 👻 [ATR_Squeeze_RVOL1.0] CF SQUEEZE_BREAKOUT NSE:NIFTY50-INDEX BUY PUT | Rejected: ['LOW_RVOL', 'TP_CAPPED']
2026-07-17 11:49:36,596 - INFO - 🟢 ENTRY [CF|ATR_Squeeze_RVOL1.0|_ATR_Squeeze_RVOL1.0]: NSE:NIFTY50-INDEX BUY PUT @ 24268.85 | SL: 24276.89 TP: 24188.40
2026-07-17 11:49:39,252 - INFO - 👻 [Structural_v3.2_RVOL1.0] CF BREAKOUT NSE:NIFTYBANK-INDEX BUY PUT | Rejected: ['LOW_RVOL', 'BIAS_MISMATCH', 'LOW_EFFICIENCY', 'HIGH_WICKINESS', 'TP_CAPPED']
2026-07-17 11:49:39,271 - INFO - 🟢 ENTRY [CF|Structural_v3.2_RVOL1.0|uctural_v3.2_RVOL1.0]: NSE:NIFTYBANK-INDEX BUY PUT @ 58100.90 | SL: 58126.89 TP: 57840.99
2026-07-17 11:49:39,272 - INFO - 👻 [Structural_v3.2_RVOL0.8] CF BREAKOUT NSE:NIFTYBANK-INDEX BUY PUT | Rejected: ['LOW_RVOL', 'BIAS_MISMATCH', 'LOW_EFFICIENCY', 'HIGH_WICKINESS', 'TP_CAPPED']
2026-07-17 11:49:39,290 - INFO - 🟢 ENTRY [CF|Structural_v3.2_RVOL0.8|uctural_v3.2_RVOL0.8]: NSE:NIFTYBANK-INDEX BUY PUT @ 58100.90 | SL: 58126.89 TP: 57840.99
2026-07-17 11:49:39,290 - INFO - 👻 [ATR_Squeeze_RVOL1.0] CF SQUEEZE_BREAKOUT NSE:NIFTYBANK-INDEX None | Rejected: ['LOW_RVOL', 'TP_CAPPED']
2026-07-17 11:49:39,309 - ERROR - ❌ Error in market loop: unsupported format string passed to NoneType.__format__
Traceback (most recent call last):
  File "/Users/kashishbaggafeast/Desktop/Bot/src/trading/indian_trader.py", line 583, in market_loop
    self._enter_position(sig, now, trade_key, is_counterfactual=True)
  File "/Users/kashishbaggafeast/Desktop/Bot/src/trading/indian_trader.py", line 907, in _enter_position
    f"🟢 ENTRY [CF|{experiment_name}|{cand_short}]: "
TypeError: unsupported format string passed to NoneType.__format__
2026-07-17 11:54:40,066 - INFO - --- 11:54:40 Market Pulse ---
2026-07-17 11:54:40,934 - INFO - 🟡 UPDATE (TP_EXPANSION) [CFStructural_v3.2_RVOL1.0|uctural_v3.2_RVOL1.0]: NSE:NIFTY50-INDEX @ 24280.15 | SL→24269.10 TP→24287.56
2026-07-17 11:54:40,971 - INFO - 🟡 UPDATE (TP_EXPANSION) [CFStructural_v3.2_RVOL0.8|uctural_v3.2_RVOL0.8]: NSE:NIFTY50-INDEX @ 24280.15 | SL→24269.10 TP→24287.56
2026-07-17 11:54:41,003 - INFO - 🟡 UPDATE (TRAILING_SL) [CFStructural_v3.2_RVOL1.0|uctural_v3.2_RVOL1.0]: NSE:NIFTYBANK-INDEX @ 58113.65 | SL→58076.14 TP→58206.88
2026-07-17 11:54:41,032 - INFO - 🟡 UPDATE (TRAILING_SL) [CFStructural_v3.2_RVOL0.8|uctural_v3.2_RVOL0.8]: NSE:NIFTYBANK-INDEX @ 58113.65 | SL→58076.14 TP→58206.88
2026-07-17 11:54:41,060 - INFO - 🟡 UPDATE (TP_EXPANSION) [CFGeometry_v1.0_Score35|eometry_v1.0_Score35]: NSE:NIFTYBANK-INDEX @ 58113.65 | SL→58073.37 TP→58145.81
2026-07-17 11:54:41,085 - INFO - 🟡 UPDATE (TP_EXPANSION) [CFGeometry_v1.0_Score50|eometry_v1.0_Score50]: NSE:NIFTYBANK-INDEX @ 58113.65 | SL→58073.37 TP→58145.81
2026-07-17 11:54:41,109 - INFO - 🟡 UPDATE (TRAILING_SL) [CFEMA_Pullback_20_50_RVOL1.0|llback_20_50_RVOL1.0]: NSE:NIFTY50-INDEX @ 24280.15 | SL→24230.58 TP→24289.65
2026-07-17 11:54:41,130 - INFO - 🟡 UPDATE (TRAILING_SL) [CFORB_30m_RVOL1.2|3409_ORB_30m_RVOL1.2]: NSE:NIFTY50-INDEX @ 24280.15 | SL→24269.55 TP→24303.58
2026-07-17 11:54:41,150 - INFO - 🔴 EXIT (INITIAL_SL) [CFStructural_v3.2_RVOL1.0|uctural_v3.2_RVOL1.0]: NSE:NIFTY50-INDEX @ 24274.35 | PnL -1.05R | MFE 0.00R | Capture N/A | 2bars HoldEff -0.525R/bar
2026-07-17 11:54:41,169 - INFO - 🔴 EXIT (INITIAL_SL) [CFStructural_v3.2_RVOL0.8|uctural_v3.2_RVOL0.8]: NSE:NIFTY50-INDEX @ 24274.35 | PnL -1.05R | MFE 0.00R | Capture N/A | 2bars HoldEff -0.525R/bar
2026-07-17 11:54:41,187 - INFO - 🔴 EXIT (INITIAL_SL) [CFATR_Squeeze_RVOL1.0|_ATR_Squeeze_RVOL1.0]: NSE:NIFTY50-INDEX @ 24276.89 | PnL -1.05R | MFE 0.00R | Capture N/A | 1bars HoldEff -1.050R/bar
2026-07-17 11:54:44,297 - INFO - 👻 [Structural_v3.2_RVOL1.0] CF BREAKOUT NSE:NIFTY50-INDEX BUY PUT | Rejected: ['LOW_RVOL', 'TP_CAPPED']
2026-07-17 11:54:44,316 - INFO - 🟢 ENTRY [CF|Structural_v3.2_RVOL1.0|uctural_v3.2_RVOL1.0]: NSE:NIFTY50-INDEX BUY PUT @ 24280.15 | SL: 24287.72 TP: 24204.47
2026-07-17 11:54:44,316 - INFO - 👻 [Structural_v3.2_RVOL0.8] CF BREAKOUT NSE:NIFTY50-INDEX BUY PUT | Rejected: ['TP_CAPPED']
2026-07-17 11:54:44,334 - INFO - 🟢 ENTRY [CF|Structural_v3.2_RVOL0.8|uctural_v3.2_RVOL0.8]: NSE:NIFTY50-INDEX BUY PUT @ 24280.15 | SL: 24287.72 TP: 24204.47
2026-07-17 11:54:44,334 - INFO - 👻 [ATR_Squeeze_RVOL1.0] CF SQUEEZE_BREAKOUT NSE:NIFTY50-INDEX BUY PUT | Rejected: ['LOW_RVOL', 'TP_CAPPED']
2026-07-17 11:54:44,352 - INFO - 🟢 ENTRY [CF|ATR_Squeeze_RVOL1.0|_ATR_Squeeze_RVOL1.0]: NSE:NIFTY50-INDEX BUY PUT @ 24280.15 | SL: 24287.72 TP: 24204.45
2026-07-17 11:54:47,171 - INFO - 👻 [ATR_Squeeze_RVOL1.0] CF SQUEEZE_BREAKOUT NSE:NIFTYBANK-INDEX BUY PUT | Rejected: ['LOW_RVOL', 'TP_CAPPED']
2026-07-17 11:54:47,191 - INFO - 🟢 ENTRY [CF|ATR_Squeeze_RVOL1.0|_ATR_Squeeze_RVOL1.0]: NSE:NIFTYBANK-INDEX BUY PUT @ 58113.65 | SL: 58137.51 TP: 57875.10
2026-07-17 11:59:48,023 - INFO - --- 11:59:48 Market Pulse ---
2026-07-17 11:59:49,072 - INFO - 🟡 UPDATE (TRAILING_SL) [CFStructural_v3.2_RVOL1.0|uctural_v3.2_RVOL1.0]: NSE:NIFTY50-INDEX @ 24276.10 | SL→24283.67 TP→24204.47
2026-07-17 11:59:49,098 - INFO - 🟡 UPDATE (TRAILING_SL) [CFStructural_v3.2_RVOL0.8|uctural_v3.2_RVOL0.8]: NSE:NIFTY50-INDEX @ 24276.10 | SL→24283.67 TP→24204.47
2026-07-17 11:59:49,121 - INFO - 🟡 UPDATE (TRAILING_SL) [CFATR_Squeeze_RVOL1.0|_ATR_Squeeze_RVOL1.0]: NSE:NIFTY50-INDEX @ 24276.10 | SL→24283.67 TP→24204.45
2026-07-17 11:59:49,143 - INFO - 🟡 UPDATE (TRAILING_SL) [CFATR_Squeeze_RVOL1.0|_ATR_Squeeze_RVOL1.0]: NSE:NIFTYBANK-INDEX @ 58109.60 | SL→58133.46 TP→57875.10
2026-07-17 12:04:55,835 - INFO - --- 12:04:55 Market Pulse ---
2026-07-17 12:04:56,728 - INFO - 🟡 UPDATE (TRAILING_SL) [CFStructural_v3.2_RVOL1.0|uctural_v3.2_RVOL1.0]: NSE:NIFTY50-INDEX @ 24275.45 | SL→24283.02 TP→24204.47
2026-07-17 12:04:56,762 - INFO - 🟡 UPDATE (TRAILING_SL) [CFStructural_v3.2_RVOL0.8|uctural_v3.2_RVOL0.8]: NSE:NIFTY50-INDEX @ 24275.45 | SL→24283.02 TP→24204.47
2026-07-17 12:04:56,796 - INFO - 🟡 UPDATE (TRAILING_SL) [CFATR_Squeeze_RVOL1.0|_ATR_Squeeze_RVOL1.0]: NSE:NIFTY50-INDEX @ 24275.45 | SL→24283.02 TP→24204.45
2026-07-17 12:04:56,825 - INFO - 🟡 UPDATE (TRAILING_SL) [CFATR_Squeeze_RVOL1.0|_ATR_Squeeze_RVOL1.0]: NSE:NIFTYBANK-INDEX @ 58109.25 | SL→58133.11 TP→57875.10
2026-07-17 12:10:03,437 - INFO - --- 12:10:03 Market Pulse ---
2026-07-17 12:10:04,546 - INFO - 🟡 UPDATE (TRAILING_SL) [CFStructural_v3.2_RVOL1.0|uctural_v3.2_RVOL1.0]: NSE:NIFTYBANK-INDEX @ 58087.45 | SL→58113.44 TP→57840.99
2026-07-17 12:10:04,574 - INFO - 🟡 UPDATE (TRAILING_SL) [CFStructural_v3.2_RVOL0.8|uctural_v3.2_RVOL0.8]: NSE:NIFTYBANK-INDEX @ 58087.45 | SL→58113.44 TP→57840.99
2026-07-17 12:10:04,598 - INFO - 🟡 UPDATE (TRAILING_SL) [CFATR_Squeeze_RVOL1.0|_ATR_Squeeze_RVOL1.0]: NSE:NIFTYBANK-INDEX @ 58087.45 | SL→58111.31 TP→57875.10
2026-07-17 12:10:07,755 - INFO - ⚡ [Structural_v3.2_RVOL1.0] warnings: ['VERY_LOW_RVOL:0.00']
2026-07-17 12:10:07,769 - INFO - ⚡ [Structural_v3.2_RVOL0.8] warnings: ['VERY_LOW_RVOL:0.00']
2026-07-17 12:10:07,773 - INFO - ⚡ [Structural_v3.2_RVOL1.0] warnings: ['VERY_LOW_RVOL:0.00']
2026-07-17 12:10:07,773 - INFO - ⚡ [Structural_v3.2_RVOL0.8] warnings: ['VERY_LOW_RVOL:0.00']
2026-07-17 12:10:07,773 - INFO - 👻 [ATR_Squeeze_RVOL1.0] CF SQUEEZE_BREAKOUT NSE:NIFTY50-INDEX None | Rejected: ['LOW_RVOL', 'TP_CAPPED']
2026-07-17 12:10:07,792 - ERROR - ❌ Error in market loop: unsupported format string passed to NoneType.__format__
Traceback (most recent call last):
  File "/Users/kashishbaggafeast/Desktop/Bot/src/trading/indian_trader.py", line 583, in market_loop
    self._enter_position(sig, now, trade_key, is_counterfactual=True)
  File "/Users/kashishbaggafeast/Desktop/Bot/src/trading/indian_trader.py", line 907, in _enter_position
    f"🟢 ENTRY [CF|{experiment_name}|{cand_short}]: "
TypeError: unsupported format string passed to NoneType.__format__
2026-07-17 12:15:08,567 - INFO - --- 12:15:08 Market Pulse ---
2026-07-17 12:15:09,503 - INFO - 🔴 EXIT (TRAILING_SL) [CFATR_Squeeze_RVOL1.0|_ATR_Squeeze_RVOL1.0]: NSE:NIFTYBANK-INDEX @ 58111.31 | PnL +0.05R | MFE 1.10R | Capture 4% | 4bars HoldEff +0.012R/bar
2026-07-17 12:15:12,728 - INFO - ⚡ [Structural_v3.2_RVOL1.0] warnings: ['VERY_LOW_RVOL:0.01']
2026-07-17 12:15:12,742 - INFO - ⚡ [Structural_v3.2_RVOL0.8] warnings: ['VERY_LOW_RVOL:0.01']
2026-07-17 12:15:12,746 - INFO - ⚡ [Structural_v3.2_RVOL1.0] warnings: ['VERY_LOW_RVOL:0.01']
2026-07-17 12:15:12,746 - INFO - ⚡ [Structural_v3.2_RVOL0.8] warnings: ['VERY_LOW_RVOL:0.01']
2026-07-17 12:15:12,746 - INFO - 🚀 SIGNAL: NSE:NIFTY50-INDEX BUY CALL | [Geometry_v1.0_Score35]
2026-07-17 12:15:12,746 - INFO -    Entry: 24278.35 | SL: 24276.9 | TP: 24288.26 (RR: 6.81)
2026-07-17 12:15:12,766 - INFO - 🟢 ENTRY [Geometry_v1.0_Score35|INDEX_1784270708]: NSE:NIFTY50-INDEX BUY CALL @ 24278.35 | SL: 24276.90 TP: 24288.26
2026-07-17 12:15:12,766 - INFO - 🚀 SIGNAL: NSE:NIFTY50-INDEX BUY CALL | [Geometry_v1.0_Score50]
2026-07-17 12:15:12,766 - INFO -    Entry: 24278.35 | SL: 24274.73 | TP: 24288.26 (RR: 2.73)
2026-07-17 12:15:12,784 - INFO - 🟢 ENTRY [Geometry_v1.0_Score50|INDEX_1784270708]: NSE:NIFTY50-INDEX BUY CALL @ 24278.35 | SL: 24274.73 TP: 24288.26
2026-07-17 12:15:15,707 - INFO - ⚡ [Structural_v3.2_RVOL1.0] warnings: ['VERY_LOW_RVOL:0.00']
2026-07-17 12:15:15,721 - INFO - ⚡ [Structural_v3.2_RVOL0.8] warnings: ['VERY_LOW_RVOL:0.00']
2026-07-17 12:15:15,725 - INFO - ⚡ [Structural_v3.2_RVOL1.0] warnings: ['VERY_LOW_RVOL:0.00']
2026-07-17 12:15:15,725 - INFO - ⚡ [Structural_v3.2_RVOL0.8] warnings: ['VERY_LOW_RVOL:0.00']
2026-07-17 12:15:15,725 - INFO - 🚀 SIGNAL: NSE:NIFTYBANK-INDEX BUY CALL | [OrderFlow_v1.0]
2026-07-17 12:15:15,725 - INFO -    Entry: 58111.75 | SL: 58092.273499999996 | TP: 58142.0 (RR: 1.55)
2026-07-17 12:15:15,745 - INFO - 🟢 ENTRY [OrderFlow_v1.0|INDEX_1784270708]: NSE:NIFTYBANK-INDEX BUY CALL @ 58111.75 | SL: 58092.27 TP: 58142.00
2026-07-17 12:20:16,489 - INFO - --- 12:20:16 Market Pulse ---
2026-07-17 12:20:20,690 - INFO - ⚡ [Structural_v3.2_RVOL1.0] warnings: ['VERY_LOW_RVOL:0.09']
2026-07-17 12:20:20,704 - INFO - ⚡ [Structural_v3.2_RVOL0.8] warnings: ['VERY_LOW_RVOL:0.09']
2026-07-17 12:20:20,708 - INFO - ⚡ [Structural_v3.2_RVOL1.0] warnings: ['VERY_LOW_RVOL:0.09']
2026-07-17 12:20:20,708 - INFO - ⚡ [Structural_v3.2_RVOL0.8] warnings: ['VERY_LOW_RVOL:0.09']
2026-07-17 12:20:20,708 - INFO - 👻 [ATR_Squeeze_RVOL1.0] CF SQUEEZE_BREAKOUT NSE:NIFTY50-INDEX BUY CALL | Rejected: ['LOW_RVOL', 'BIAS_MISMATCH']
2026-07-17 12:20:20,727 - INFO - 🟢 ENTRY [CF|ATR_Squeeze_RVOL1.0|_ATR_Squeeze_RVOL1.0]: NSE:NIFTY50-INDEX BUY CALL @ 24278.15 | SL: 24271.57 TP: 24317.66
2026-07-17 12:20:23,678 - INFO - ⚡ [Structural_v3.2_RVOL1.0] warnings: ['VERY_LOW_RVOL:0.03']
2026-07-17 12:20:23,693 - INFO - ⚡ [Structural_v3.2_RVOL0.8] warnings: ['VERY_LOW_RVOL:0.03']
2026-07-17 12:20:23,697 - INFO - ⚡ [Structural_v3.2_RVOL1.0] warnings: ['VERY_LOW_RVOL:0.03']
2026-07-17 12:20:23,697 - INFO - ⚡ [Structural_v3.2_RVOL0.8] warnings: ['VERY_LOW_RVOL:0.03']
2026-07-17 12:20:23,697 - INFO - 👻 [ATR_Squeeze_RVOL1.0] CF SQUEEZE_BREAKOUT NSE:NIFTYBANK-INDEX BUY CALL | Rejected: ['LOW_RVOL']
2026-07-17 12:20:23,717 - INFO - 🟢 ENTRY [CF|ATR_Squeeze_RVOL1.0|_ATR_Squeeze_RVOL1.0]: NSE:NIFTYBANK-INDEX BUY CALL @ 58103.95 | SL: 58083.72 TP: 58206.88
2026-07-17 12:25:24,537 - INFO - --- 12:25:24 Market Pulse ---
2026-07-17 12:25:25,486 - INFO - 🟡 UPDATE (TRAILING_SL) [Geometry_v1.0_Score35|eometry_v1.0_Score35]: NSE:NIFTY50-INDEX @ 24285.75 | SL→24284.30 TP→24288.26
2026-07-17 12:25:25,523 - INFO - 🟡 UPDATE (TRAILING_SL) [Geometry_v1.0_Score50|eometry_v1.0_Score50]: NSE:NIFTY50-INDEX @ 24285.75 | SL→24282.13 TP→24288.26
2026-07-17 12:25:25,554 - INFO - 🟡 UPDATE (TRAILING_SL) [OrderFlow_v1.0|21508_OrderFlow_v1.0]: NSE:NIFTYBANK-INDEX @ 58120.20 | SL→58100.72 TP→58142.00
2026-07-17 12:25:25,579 - INFO - 🟡 UPDATE (TRAILING_SL) [CFStructural_v3.2_RVOL1.0|uctural_v3.2_RVOL1.0]: NSE:NIFTY50-INDEX @ 24285.75 | SL→24274.70 TP→24287.56
2026-07-17 12:25:25,602 - INFO - 🟡 UPDATE (TRAILING_SL) [CFStructural_v3.2_RVOL0.8|uctural_v3.2_RVOL0.8]: NSE:NIFTY50-INDEX @ 24285.75 | SL→24274.70 TP→24287.56
2026-07-17 12:25:25,621 - INFO - 🟡 UPDATE (TRAILING_SL) [CFStructural_v3.2_RVOL1.0|uctural_v3.2_RVOL1.0]: NSE:NIFTYBANK-INDEX @ 58120.20 | SL→58082.69 TP→58206.88
2026-07-17 12:25:25,640 - INFO - 🟡 UPDATE (TRAILING_SL) [CFStructural_v3.2_RVOL0.8|uctural_v3.2_RVOL0.8]: NSE:NIFTYBANK-INDEX @ 58120.20 | SL→58082.69 TP→58206.88
2026-07-17 12:25:25,658 - INFO - 🟡 UPDATE (TRAILING_SL) [CFGeometry_v1.0_Score35|eometry_v1.0_Score35]: NSE:NIFTYBANK-INDEX @ 58120.20 | SL→58079.92 TP→58145.81
2026-07-17 12:25:25,677 - INFO - 🟡 UPDATE (TRAILING_SL) [CFGeometry_v1.0_Score50|eometry_v1.0_Score50]: NSE:NIFTYBANK-INDEX @ 58120.20 | SL→58079.92 TP→58145.81
2026-07-17 12:25:25,695 - INFO - 🟡 UPDATE (TRAILING_SL) [CFEMA_Pullback_20_50_RVOL1.0|llback_20_50_RVOL1.0]: NSE:NIFTY50-INDEX @ 24285.75 | SL→24236.18 TP→24289.65
2026-07-17 12:25:25,713 - INFO - 🟡 UPDATE (TRAILING_SL) [CFORB_30m_RVOL1.2|3409_ORB_30m_RVOL1.2]: NSE:NIFTY50-INDEX @ 24285.75 | SL→24275.15 TP→24303.58
2026-07-17 12:25:25,730 - INFO - 🔴 EXIT (TRAILING_SL) [CFStructural_v3.2_RVOL1.0|uctural_v3.2_RVOL1.0]: NSE:NIFTYBANK-INDEX @ 58113.44 | PnL -0.53R | MFE 0.52R | Capture -103% | 7bars HoldEff -0.076R/bar
2026-07-17 12:25:25,748 - INFO - 🔴 EXIT (TRAILING_SL) [CFStructural_v3.2_RVOL0.8|uctural_v3.2_RVOL0.8]: NSE:NIFTYBANK-INDEX @ 58113.44 | PnL -0.53R | MFE 0.52R | Capture -103% | 7bars HoldEff -0.076R/bar
2026-07-17 12:25:25,768 - INFO - 🔴 EXIT (TRAILING_SL) [CFStructural_v3.2_RVOL1.0|uctural_v3.2_RVOL1.0]: NSE:NIFTY50-INDEX @ 24283.02 | PnL -0.43R | MFE 0.62R | Capture -69% | 6bars HoldEff -0.071R/bar
2026-07-17 12:25:25,789 - INFO - 🔴 EXIT (TRAILING_SL) [CFStructural_v3.2_RVOL0.8|uctural_v3.2_RVOL0.8]: NSE:NIFTY50-INDEX @ 24283.02 | PnL -0.43R | MFE 0.62R | Capture -69% | 6bars HoldEff -0.071R/bar
2026-07-17 12:25:25,811 - INFO - 🔴 EXIT (TRAILING_SL) [CFATR_Squeeze_RVOL1.0|_ATR_Squeeze_RVOL1.0]: NSE:NIFTY50-INDEX @ 24283.02 | PnL -0.43R | MFE 0.62R | Capture -69% | 6bars HoldEff -0.071R/bar
2026-07-17 12:25:25,832 - INFO - 🟡 UPDATE (TRAILING_SL) [CFATR_Squeeze_RVOL1.0|_ATR_Squeeze_RVOL1.0]: NSE:NIFTY50-INDEX @ 24285.75 | SL→24279.17 TP→24317.66
2026-07-17 12:25:25,853 - INFO - 🟡 UPDATE (TRAILING_SL) [CFATR_Squeeze_RVOL1.0|_ATR_Squeeze_RVOL1.0]: NSE:NIFTYBANK-INDEX @ 58120.20 | SL→58099.97 TP→58206.88
2026-07-17 12:25:29,244 - INFO - ⚡ [Structural_v3.2_RVOL1.0] warnings: ['VERY_LOW_RVOL:0.05']
2026-07-17 12:25:29,258 - INFO - ⚡ [Structural_v3.2_RVOL0.8] warnings: ['VERY_LOW_RVOL:0.05']
2026-07-17 12:25:29,262 - INFO - ⚡ [Structural_v3.2_RVOL1.0] warnings: ['VERY_LOW_RVOL:0.05']
2026-07-17 12:25:29,262 - INFO - ⚡ [Structural_v3.2_RVOL0.8] warnings: ['VERY_LOW_RVOL:0.05']
2026-07-17 12:25:32,279 - INFO - ⚡ [Structural_v3.2_RVOL1.0] warnings: ['VERY_LOW_RVOL:0.03']
2026-07-17 12:25:32,292 - INFO - ⚡ [Structural_v3.2_RVOL0.8] warnings: ['VERY_LOW_RVOL:0.03']
2026-07-17 12:25:32,297 - INFO - ⚡ [Structural_v3.2_RVOL1.0] warnings: ['VERY_LOW_RVOL:0.03']
2026-07-17 12:25:32,297 - INFO - ⚡ [Structural_v3.2_RVOL0.8] warnings: ['VERY_LOW_RVOL:0.03']
2026-07-17 12:25:32,297 - INFO - 👻 [OrderFlow_v1.0] CF LIQUIDITY_SWEEP NSE:NIFTYBANK-INDEX BUY CALL | Rejected: ['NARRATIVE_BIAS_OPPOSED', 'LOW_RR:0.77']
2026-07-17 12:25:32,317 - INFO - 🟢 ENTRY [CF|OrderFlow_v1.0|22524_OrderFlow_v1.0]: NSE:NIFTYBANK-INDEX BUY CALL @ 58120.20 | SL: 58092.01 TP: 58142.00
2026-07-17 12:30:33,105 - INFO - --- 12:30:33 Market Pulse ---
2026-07-17 12:30:34,486 - INFO - 🔴 EXIT (TRAILING_SL) [Geometry_v1.0_Score35|eometry_v1.0_Score35]: NSE:NIFTY50-INDEX @ 24284.30 | PnL +4.05R | MFE 5.10R | Capture 79% | 3bars HoldEff +1.351R/bar
2026-07-17 12:30:34,524 - INFO - 🔴 EXIT (TRAILING_SL) [Geometry_v1.0_Score50|eometry_v1.0_Score50]: NSE:NIFTY50-INDEX @ 24282.13 | PnL +0.99R | MFE 2.04R | Capture 49% | 3bars HoldEff +0.331R/bar
2026-07-17 12:30:34,555 - INFO - 🔴 EXIT (TRAILING_SL) [CFATR_Squeeze_RVOL1.0|_ATR_Squeeze_RVOL1.0]: NSE:NIFTY50-INDEX @ 24279.17 | PnL +0.10R | MFE 1.15R | Capture 9% | 2bars HoldEff +0.052R/bar
2026-07-17 12:30:37,932 - INFO - ⚡ [Structural_v3.2_RVOL1.0] warnings: ['VERY_LOW_RVOL:0.13']
2026-07-17 12:30:37,946 - INFO - ⚡ [Structural_v3.2_RVOL0.8] warnings: ['VERY_LOW_RVOL:0.13']
2026-07-17 12:30:37,950 - INFO - ⚡ [Structural_v3.2_RVOL1.0] warnings: ['VERY_LOW_RVOL:0.13']
2026-07-17 12:30:37,950 - INFO - ⚡ [Structural_v3.2_RVOL0.8] warnings: ['VERY_LOW_RVOL:0.13']
2026-07-17 12:30:37,950 - INFO - 👻 [ATR_Squeeze_RVOL1.0] CF SQUEEZE_BREAKOUT NSE:NIFTY50-INDEX BUY CALL | Rejected: ['LOW_RVOL', 'BIAS_MISMATCH']
2026-07-17 12:30:37,969 - INFO - 🟢 ENTRY [CF|ATR_Squeeze_RVOL1.0|_ATR_Squeeze_RVOL1.0]: NSE:NIFTY50-INDEX BUY CALL @ 24275.30 | SL: 24268.52 TP: 24315.98
2026-07-17 12:30:40,921 - INFO - ⚡ [Structural_v3.2_RVOL1.0] warnings: ['VERY_LOW_RVOL:0.07']
2026-07-17 12:30:40,936 - INFO - ⚡ [Structural_v3.2_RVOL0.8] warnings: ['VERY_LOW_RVOL:0.07']
2026-07-17 12:30:40,940 - INFO - ⚡ [Structural_v3.2_RVOL1.0] warnings: ['VERY_LOW_RVOL:0.07']
2026-07-17 12:30:40,940 - INFO - ⚡ [Structural_v3.2_RVOL0.8] warnings: ['VERY_LOW_RVOL:0.07']
2026-07-17 12:30:40,940 - INFO - 🚀 SIGNAL: NSE:NIFTYBANK-INDEX BUY PUT | [Geometry_v1.0_Score35]
2026-07-17 12:30:40,940 - INFO -    Entry: 58103.35 | SL: 58116.72 | TP: 57981.76 (RR: 9.09)
2026-07-17 12:30:40,961 - INFO - 🟢 ENTRY [Geometry_v1.0_Score35|INDEX_1784271633]: NSE:NIFTYBANK-INDEX BUY PUT @ 58103.35 | SL: 58116.72 TP: 57981.76
2026-07-17 12:30:40,962 - INFO - 👻 [Geometry_v1.0_Score35] CF TRENDLINE_RETEST NSE:NIFTYBANK-INDEX BUY PUT | Rejected: ['LOW_RR:-0.02']
2026-07-17 12:30:40,980 - INFO - 🟢 ENTRY [CF|Geometry_v1.0_Score35|eometry_v1.0_Score35]: NSE:NIFTYBANK-INDEX BUY PUT @ 58103.35 | SL: 58126.23 TP: 58103.89
2026-07-17 12:30:40,980 - INFO - 🚀 SIGNAL: NSE:NIFTYBANK-INDEX BUY PUT | [Geometry_v1.0_Score50]
2026-07-17 12:30:40,980 - INFO -    Entry: 58103.35 | SL: 58116.72 | TP: 57981.76 (RR: 9.09)
2026-07-17 12:30:40,999 - INFO - 🟢 ENTRY [Geometry_v1.0_Score50|INDEX_1784271633]: NSE:NIFTYBANK-INDEX BUY PUT @ 58103.35 | SL: 58116.72 TP: 57981.76
2026-07-17 12:30:40,999 - INFO - 👻 [Geometry_v1.0_Score50] CF TRENDLINE_RETEST NSE:NIFTYBANK-INDEX BUY PUT | Rejected: ['LOW_RR:-0.02']
2026-07-17 12:30:41,017 - INFO - 🟢 ENTRY [CF|Geometry_v1.0_Score50|eometry_v1.0_Score50]: NSE:NIFTYBANK-INDEX BUY PUT @ 58103.35 | SL: 58126.23 TP: 58103.89
2026-07-17 12:35:41,776 - INFO - --- 12:35:41 Market Pulse ---
2026-07-17 12:35:43,007 - INFO - 🔴 EXIT (TRAILING_SL) [OrderFlow_v1.0|21508_OrderFlow_v1.0]: NSE:NIFTYBANK-INDEX @ 58100.72 | PnL -0.62R | MFE 0.43R | Capture -142% | 4bars HoldEff -0.154R/bar
2026-07-17 12:35:43,039 - INFO - 🟡 UPDATE (TRAILING_SL) [Geometry_v1.0_Score35|eometry_v1.0_Score35]: NSE:NIFTYBANK-INDEX @ 58095.00 | SL→58108.37 TP→57981.76
2026-07-17 12:35:43,068 - INFO - 🟡 UPDATE (TRAILING_SL) [Geometry_v1.0_Score50|eometry_v1.0_Score50]: NSE:NIFTYBANK-INDEX @ 58095.00 | SL→58108.37 TP→57981.76
2026-07-17 12:35:43,094 - INFO - 🔴 EXIT (TRAILING_SL) [CFATR_Squeeze_RVOL1.0|_ATR_Squeeze_RVOL1.0]: NSE:NIFTYBANK-INDEX @ 58099.97 | PnL -0.25R | MFE 0.80R | Capture -31% | 3bars HoldEff -0.082R/bar
2026-07-17 12:35:43,121 - INFO - 🟡 UPDATE (TRAILING_SL) [CFATR_Squeeze_RVOL1.0|_ATR_Squeeze_RVOL1.0]: NSE:NIFTY50-INDEX @ 24281.20 | SL→24274.42 TP→24315.98
2026-07-17 12:35:43,148 - INFO - 🟡 UPDATE (TP_EXPANSION) [CFGeometry_v1.0_Score35|eometry_v1.0_Score35]: NSE:NIFTYBANK-INDEX @ 58095.00 | SL→58117.88 TP→58081.01
2026-07-17 12:35:43,175 - INFO - 🟡 UPDATE (TP_EXPANSION) [CFGeometry_v1.0_Score50|eometry_v1.0_Score50]: NSE:NIFTYBANK-INDEX @ 58095.00 | SL→58117.88 TP→58081.01
2026-07-17 12:35:46,538 - INFO - ⚡ [Structural_v3.2_RVOL1.0] warnings: ['VERY_LOW_RVOL:0.14']
2026-07-17 12:35:46,552 - INFO - ⚡ [Structural_v3.2_RVOL0.8] warnings: ['VERY_LOW_RVOL:0.14']
2026-07-17 12:35:46,556 - INFO - ⚡ [Structural_v3.2_RVOL1.0] warnings: ['VERY_LOW_RVOL:0.14']
2026-07-17 12:35:46,556 - INFO - ⚡ [Structural_v3.2_RVOL0.8] warnings: ['VERY_LOW_RVOL:0.14']
2026-07-17 12:35:49,518 - INFO - ⚡ [Structural_v3.2_RVOL1.0] warnings: ['VERY_LOW_RVOL:0.07']
2026-07-17 12:35:49,532 - INFO - ⚡ [Structural_v3.2_RVOL0.8] warnings: ['VERY_LOW_RVOL:0.07']
2026-07-17 12:35:49,537 - INFO - ⚡ [Structural_v3.2_RVOL1.0] warnings: ['VERY_LOW_RVOL:0.07']
2026-07-17 12:35:49,537 - INFO - ⚡ [Structural_v3.2_RVOL0.8] warnings: ['VERY_LOW_RVOL:0.07']
2026-07-17 12:35:49,537 - INFO - 👻 [ATR_Squeeze_RVOL1.0] CF SQUEEZE_BREAKOUT NSE:NIFTYBANK-INDEX BUY CALL | Rejected: ['LOW_RVOL']
2026-07-17 12:35:49,558 - INFO - 🟢 ENTRY [CF|ATR_Squeeze_RVOL1.0|_ATR_Squeeze_RVOL1.0]: NSE:NIFTYBANK-INDEX BUY CALL @ 58095.00 | SL: 58074.82 TP: 58206.88
2026-07-17 12:40:50,305 - INFO - --- 12:40:50 Market Pulse ---
2026-07-17 12:40:51,297 - INFO - 🟡 UPDATE (TRAILING_SL) [Geometry_v1.0_Score35|eometry_v1.0_Score35]: NSE:NIFTYBANK-INDEX @ 58069.90 | SL→58083.27 TP→57981.76
2026-07-17 12:40:51,332 - INFO - 🟡 UPDATE (TRAILING_SL) [Geometry_v1.0_Score50|eometry_v1.0_Score50]: NSE:NIFTYBANK-INDEX @ 58069.90 | SL→58083.27 TP→57981.76
2026-07-17 12:40:51,359 - INFO - 🔴 EXIT (TRAILING_SL) [CFStructural_v3.2_RVOL1.0|uctural_v3.2_RVOL1.0]: NSE:NIFTY50-INDEX @ 24274.70 | PnL +2.79R | MFE 3.84R | Capture 73% | 18bars HoldEff +0.155R/bar
2026-07-17 12:40:51,382 - INFO - 🔴 EXIT (TRAILING_SL) [CFStructural_v3.2_RVOL0.8|uctural_v3.2_RVOL0.8]: NSE:NIFTY50-INDEX @ 24274.70 | PnL +2.79R | MFE 3.84R | Capture 73% | 18bars HoldEff +0.155R/bar
2026-07-17 12:40:51,401 - INFO - 🔴 EXIT (TRAILING_SL) [CFStructural_v3.2_RVOL1.0|uctural_v3.2_RVOL1.0]: NSE:NIFTYBANK-INDEX @ 58082.69 | PnL +0.74R | MFE 1.79R | Capture 41% | 18bars HoldEff +0.041R/bar
2026-07-17 12:40:51,419 - INFO - 🔴 EXIT (TRAILING_SL) [CFStructural_v3.2_RVOL0.8|uctural_v3.2_RVOL0.8]: NSE:NIFTYBANK-INDEX @ 58082.69 | PnL +0.74R | MFE 1.79R | Capture 41% | 18bars HoldEff +0.041R/bar
2026-07-17 12:40:51,438 - INFO - 🔴 EXIT (TRAILING_SL) [CFGeometry_v1.0_Score35|eometry_v1.0_Score35]: NSE:NIFTYBANK-INDEX @ 58079.92 | PnL +0.31R | MFE 1.36R | Capture 23% | 17bars HoldEff +0.018R/bar
2026-07-17 12:40:51,455 - INFO - 🔴 EXIT (TRAILING_SL) [CFGeometry_v1.0_Score50|eometry_v1.0_Score50]: NSE:NIFTYBANK-INDEX @ 58079.92 | PnL +0.31R | MFE 1.36R | Capture 23% | 17bars HoldEff +0.018R/bar
2026-07-17 12:40:51,473 - INFO - 🔴 EXIT (TRAILING_SL) [CFORB_30m_RVOL1.2|3409_ORB_30m_RVOL1.2]: NSE:NIFTY50-INDEX @ 24275.15 | PnL +2.27R | MFE 3.32R | Capture 68% | 13bars HoldEff +0.174R/bar
2026-07-17 12:40:51,491 - INFO - 🔴 EXIT (INITIAL_SL) [CFOrderFlow_v1.0|22524_OrderFlow_v1.0]: NSE:NIFTYBANK-INDEX @ 58092.01 | PnL -1.05R | MFE 0.00R | Capture N/A | 3bars HoldEff -0.350R/bar
2026-07-17 12:40:51,509 - INFO - 🔴 EXIT (TRAILING_SL) [CFATR_Squeeze_RVOL1.0|_ATR_Squeeze_RVOL1.0]: NSE:NIFTY50-INDEX @ 24274.42 | PnL -0.18R | MFE 0.87R | Capture -21% | 2bars HoldEff -0.090R/bar
2026-07-17 12:40:51,526 - INFO - 🟡 UPDATE (TP_EXPANSION) [CFGeometry_v1.0_Score35|eometry_v1.0_Score35]: NSE:NIFTYBANK-INDEX @ 58069.90 | SL→58092.78 TP→58058.13
2026-07-17 12:40:51,544 - INFO - 🟡 UPDATE (TP_EXPANSION) [CFGeometry_v1.0_Score50|eometry_v1.0_Score50]: NSE:NIFTYBANK-INDEX @ 58069.90 | SL→58092.78 TP→58058.13
2026-07-17 12:40:51,565 - INFO - 🔴 EXIT (INITIAL_SL) [CFATR_Squeeze_RVOL1.0|_ATR_Squeeze_RVOL1.0]: NSE:NIFTYBANK-INDEX @ 58074.82 | PnL -1.05R | MFE 0.00R | Capture N/A | 1bars HoldEff -1.050R/bar
2026-07-17 12:40:55,016 - INFO - ⚡ [Structural_v3.2_RVOL1.0] warnings: ['VERY_LOW_RVOL:0.19']
2026-07-17 12:40:55,030 - INFO - ⚡ [Structural_v3.2_RVOL0.8] warnings: ['VERY_LOW_RVOL:0.19']
2026-07-17 12:40:55,034 - INFO - ⚡ [Structural_v3.2_RVOL1.0] warnings: ['VERY_LOW_RVOL:0.19']
2026-07-17 12:40:55,034 - INFO - 👻 [Structural_v3.2_RVOL1.0] CF BREAKOUT NSE:NIFTY50-INDEX BUY CALL | Rejected: ['LOW_RVOL', 'BIAS_MISMATCH', 'LOW_EFFICIENCY', 'HIGH_WICKINESS', 'NO_TARGET_ZONE']
2026-07-17 12:40:55,054 - INFO - 🟢 ENTRY [CF|Structural_v3.2_RVOL1.0|uctural_v3.2_RVOL1.0]: NSE:NIFTY50-INDEX BUY CALL @ 24269.70 | SL: 24263.01 TP: 24283.07
2026-07-17 12:40:55,054 - INFO - ⚡ [Structural_v3.2_RVOL0.8] warnings: ['VERY_LOW_RVOL:0.19']
2026-07-17 12:40:55,054 - INFO - 👻 [Structural_v3.2_RVOL0.8] CF BREAKOUT NSE:NIFTY50-INDEX BUY CALL | Rejected: ['LOW_RVOL', 'BIAS_MISMATCH', 'LOW_EFFICIENCY', 'HIGH_WICKINESS', 'NO_TARGET_ZONE']
2026-07-17 12:40:55,073 - INFO - 🟢 ENTRY [CF|Structural_v3.2_RVOL0.8|uctural_v3.2_RVOL0.8]: NSE:NIFTY50-INDEX BUY CALL @ 24269.70 | SL: 24263.01 TP: 24283.07
2026-07-17 12:40:55,073 - INFO - 👻 [ATR_Squeeze_RVOL1.0] CF SQUEEZE_BREAKOUT NSE:NIFTY50-INDEX BUY CALL | Rejected: ['LOW_RVOL', 'BIAS_MISMATCH']
2026-07-17 12:40:55,090 - INFO - 🟢 ENTRY [CF|ATR_Squeeze_RVOL1.0|_ATR_Squeeze_RVOL1.0]: NSE:NIFTY50-INDEX BUY CALL @ 24269.70 | SL: 24263.01 TP: 24309.81
2026-07-17 12:40:58,193 - INFO - ⚡ [Structural_v3.2_RVOL1.0] warnings: ['VERY_LOW_RVOL:0.13']
2026-07-17 12:40:58,206 - INFO - ⚡ [Structural_v3.2_RVOL0.8] warnings: ['VERY_LOW_RVOL:0.13']
2026-07-17 12:40:58,210 - INFO - ⚡ [Structural_v3.2_RVOL1.0] warnings: ['VERY_LOW_RVOL:0.13']
2026-07-17 12:40:58,210 - INFO - 👻 [Structural_v3.2_RVOL1.0] CF BREAKOUT NSE:NIFTYBANK-INDEX BUY PUT | Rejected: ['LOW_RVOL', 'BIAS_MISMATCH', 'LOW_EFFICIENCY', 'HIGH_WICKINESS', 'TP_CAPPED']
2026-07-17 12:40:58,229 - INFO - 🟢 ENTRY [CF|Structural_v3.2_RVOL1.0|uctural_v3.2_RVOL1.0]: NSE:NIFTYBANK-INDEX BUY PUT @ 58069.90 | SL: 58089.94 TP: 57869.47
2026-07-17 12:40:58,229 - INFO - ⚡ [Structural_v3.2_RVOL0.8] warnings: ['VERY_LOW_RVOL:0.13']
2026-07-17 12:40:58,229 - INFO - 👻 [Structural_v3.2_RVOL0.8] CF BREAKOUT NSE:NIFTYBANK-INDEX BUY PUT | Rejected: ['LOW_RVOL', 'BIAS_MISMATCH', 'LOW_EFFICIENCY', 'HIGH_WICKINESS', 'TP_CAPPED']
2026-07-17 12:40:58,247 - INFO - 🟢 ENTRY [CF|Structural_v3.2_RVOL0.8|uctural_v3.2_RVOL0.8]: NSE:NIFTYBANK-INDEX BUY PUT @ 58069.90 | SL: 58089.94 TP: 57869.47
2026-07-17 12:40:58,247 - INFO - 👻 [EMA_Pullback_20_50_RVOL1.0] CF PULLBACK NSE:NIFTYBANK-INDEX BUY CALL | Rejected: ['LOW_RVOL', 'LOW_EFFICIENCY', 'LOW_RR']
2026-07-17 12:40:58,265 - INFO - 🟢 ENTRY [CF|EMA_Pullback_20_50_RVOL1.0|llback_20_50_RVOL1.0]: NSE:NIFTYBANK-INDEX BUY CALL @ 58069.90 | SL: 57965.97 TP: 58206.88
2026-07-17 12:45:59,102 - INFO - --- 12:45:59 Market Pulse ---
2026-07-17 12:45:59,974 - INFO - 🔴 EXIT (TRAILING_SL) [Geometry_v1.0_Score35|eometry_v1.0_Score35]: NSE:NIFTYBANK-INDEX @ 58083.27 | PnL +1.45R | MFE 2.50R | Capture 58% | 3bars HoldEff +0.484R/bar
2026-07-17 12:46:00,011 - INFO - 🔴 EXIT (TRAILING_SL) [Geometry_v1.0_Score50|eometry_v1.0_Score50]: NSE:NIFTYBANK-INDEX @ 58083.27 | PnL +1.45R | MFE 2.50R | Capture 58% | 3bars HoldEff +0.484R/bar
2026-07-17 12:46:00,045 - INFO - 🔴 EXIT (TRAILING_SL) [CFGeometry_v1.0_Score35|eometry_v1.0_Score35]: NSE:NIFTYBANK-INDEX @ 58092.78 | PnL +0.41R | MFE 1.46R | Capture 28% | 3bars HoldEff +0.137R/bar
2026-07-17 12:46:00,075 - INFO - 🔴 EXIT (TRAILING_SL) [CFGeometry_v1.0_Score50|eometry_v1.0_Score50]: NSE:NIFTYBANK-INDEX @ 58092.78 | PnL +0.41R | MFE 1.46R | Capture 28% | 3bars HoldEff +0.137R/bar
2026-07-17 12:46:00,103 - INFO - 🟡 UPDATE (TP_EXPANSION) [CFStructural_v3.2_RVOL1.0|uctural_v3.2_RVOL1.0]: NSE:NIFTY50-INDEX @ 24283.55 | SL→24276.86 TP→24289.76
2026-07-17 12:46:00,129 - INFO - 🟡 UPDATE (TP_EXPANSION) [CFStructural_v3.2_RVOL0.8|uctural_v3.2_RVOL0.8]: NSE:NIFTY50-INDEX @ 24283.55 | SL→24276.86 TP→24289.76
2026-07-17 12:46:00,152 - INFO - 🟡 UPDATE (TRAILING_SL) [CFATR_Squeeze_RVOL1.0|_ATR_Squeeze_RVOL1.0]: NSE:NIFTY50-INDEX @ 24283.55 | SL→24276.86 TP→24309.81
2026-07-17 12:46:00,173 - INFO - 🔴 EXIT (INITIAL_SL) [CFStructural_v3.2_RVOL1.0|uctural_v3.2_RVOL1.0]: NSE:NIFTYBANK-INDEX @ 58089.94 | PnL -1.05R | MFE 0.00R | Capture N/A | 1bars HoldEff -1.050R/bar
2026-07-17 12:46:00,192 - INFO - 🔴 EXIT (INITIAL_SL) [CFStructural_v3.2_RVOL0.8|uctural_v3.2_RVOL0.8]: NSE:NIFTYBANK-INDEX @ 58089.94 | PnL -1.05R | MFE 0.00R | Capture N/A | 1bars HoldEff -1.050R/bar
2026-07-17 12:46:00,210 - INFO - 🟡 UPDATE (TRAILING_SL) [CFEMA_Pullback_20_50_RVOL1.0|llback_20_50_RVOL1.0]: NSE:NIFTYBANK-INDEX @ 58102.25 | SL→57998.32 TP→58206.88
2026-07-17 12:46:03,744 - INFO - ⚡ [Structural_v3.2_RVOL1.0] warnings: ['VERY_LOW_RVOL:0.37']
2026-07-17 12:46:03,759 - INFO - ⚡ [Structural_v3.2_RVOL0.8] warnings: ['VERY_LOW_RVOL:0.37']
2026-07-17 12:46:03,763 - INFO - ⚡ [Structural_v3.2_RVOL1.0] warnings: ['VERY_LOW_RVOL:0.37']
2026-07-17 12:46:03,763 - INFO - ⚡ [Structural_v3.2_RVOL0.8] warnings: ['VERY_LOW_RVOL:0.37']
2026-07-17 12:46:06,913 - INFO - ⚡ [Structural_v3.2_RVOL1.0] warnings: ['VERY_LOW_RVOL:0.11']
2026-07-17 12:46:06,927 - INFO - ⚡ [Structural_v3.2_RVOL0.8] warnings: ['VERY_LOW_RVOL:0.11']
2026-07-17 12:46:06,931 - INFO - ⚡ [Structural_v3.2_RVOL1.0] warnings: ['VERY_LOW_RVOL:0.11']
2026-07-17 12:46:06,931 - INFO - 👻 [Structural_v3.2_RVOL1.0] CF BREAKOUT NSE:NIFTYBANK-INDEX BUY PUT | Rejected: ['LOW_RVOL', 'BIAS_MISMATCH', 'LOW_EFFICIENCY', 'HIGH_WICKINESS', 'TP_CAPPED']
2026-07-17 12:46:06,950 - INFO - 🟢 ENTRY [CF|Structural_v3.2_RVOL1.0|uctural_v3.2_RVOL1.0]: NSE:NIFTYBANK-INDEX BUY PUT @ 58102.25 | SL: 58121.36 TP: 57911.16
2026-07-17 12:46:06,950 - INFO - ⚡ [Structural_v3.2_RVOL0.8] warnings: ['VERY_LOW_RVOL:0.11']
2026-07-17 12:46:06,950 - INFO - 👻 [Structural_v3.2_RVOL0.8] CF BREAKOUT NSE:NIFTYBANK-INDEX BUY PUT | Rejected: ['LOW_RVOL', 'BIAS_MISMATCH', 'LOW_EFFICIENCY', 'HIGH_WICKINESS', 'TP_CAPPED']
2026-07-17 12:46:06,968 - INFO - 🟢 ENTRY [CF|Structural_v3.2_RVOL0.8|uctural_v3.2_RVOL0.8]: NSE:NIFTYBANK-INDEX BUY PUT @ 58102.25 | SL: 58121.36 TP: 57911.16
2026-07-17 12:46:06,968 - INFO - 👻 [Geometry_v1.0_Score35] CF TRENDLINE_RETEST NSE:NIFTYBANK-INDEX BUY CALL | Rejected: ['LOW_RR:0.63']
2026-07-17 12:46:06,986 - INFO - 🟢 ENTRY [CF|Geometry_v1.0_Score35|eometry_v1.0_Score35]: NSE:NIFTYBANK-INDEX BUY CALL @ 58102.25 | SL: 58076.47 TP: 58118.60
2026-07-17 12:46:06,986 - INFO - 👻 [Geometry_v1.0_Score50] CF TRENDLINE_RETEST NSE:NIFTYBANK-INDEX BUY CALL | Rejected: ['LOW_RR:0.63']
2026-07-17 12:46:07,004 - INFO - 🟢 ENTRY [CF|Geometry_v1.0_Score50|eometry_v1.0_Score50]: NSE:NIFTYBANK-INDEX BUY CALL @ 58102.25 | SL: 58076.47 TP: 58118.60
2026-07-17 12:51:07,783 - INFO - --- 12:51:07 Market Pulse ---
2026-07-17 12:51:09,068 - INFO - 🟡 UPDATE (TRAILING_SL) [CFStructural_v3.2_RVOL1.0|uctural_v3.2_RVOL1.0]: NSE:NIFTYBANK-INDEX @ 58098.35 | SL→58117.46 TP→57911.16
2026-07-17 12:51:09,106 - INFO - 🟡 UPDATE (TRAILING_SL) [CFStructural_v3.2_RVOL0.8|uctural_v3.2_RVOL0.8]: NSE:NIFTYBANK-INDEX @ 58098.35 | SL→58117.46 TP→57911.16
2026-07-17 12:51:12,754 - INFO - ⚡ [Structural_v3.2_RVOL1.0] warnings: ['VERY_LOW_RVOL:0.32']
2026-07-17 12:51:12,768 - INFO - ⚡ [Structural_v3.2_RVOL0.8] warnings: ['VERY_LOW_RVOL:0.32']
2026-07-17 12:51:12,772 - INFO - ⚡ [Structural_v3.2_RVOL1.0] warnings: ['VERY_LOW_RVOL:0.32']
2026-07-17 12:51:12,772 - INFO - ⚡ [Structural_v3.2_RVOL0.8] warnings: ['VERY_LOW_RVOL:0.32']
2026-07-17 12:51:12,772 - INFO - 👻 [Geometry_v1.0_Score35] CF TRENDLINE_RETEST NSE:NIFTY50-INDEX BUY PUT | Rejected: ['LOW_RR:0.49']
2026-07-17 12:51:12,792 - INFO - 🟢 ENTRY [CF|Geometry_v1.0_Score35|eometry_v1.0_Score35]: NSE:NIFTY50-INDEX BUY PUT @ 24277.95 | SL: 24297.21 TP: 24268.59
2026-07-17 12:51:12,792 - INFO - 👻 [Geometry_v1.0_Score50] CF TRENDLINE_RETEST NSE:NIFTY50-INDEX BUY PUT | Rejected: ['LOW_RR:0.49']
2026-07-17 12:51:12,811 - INFO - 🟢 ENTRY [CF|Geometry_v1.0_Score50|eometry_v1.0_Score50]: NSE:NIFTY50-INDEX BUY PUT @ 24277.95 | SL: 24297.21 TP: 24268.59
2026-07-17 12:51:15,897 - INFO - ⚡ [Structural_v3.2_RVOL1.0] warnings: ['VERY_LOW_RVOL:0.15']
2026-07-17 12:51:15,911 - INFO - ⚡ [Structural_v3.2_RVOL0.8] warnings: ['VERY_LOW_RVOL:0.15']
2026-07-17 12:51:15,915 - INFO - ⚡ [Structural_v3.2_RVOL1.0] warnings: ['VERY_LOW_RVOL:0.15']
2026-07-17 12:51:15,915 - INFO - ⚡ [Structural_v3.2_RVOL0.8] warnings: ['VERY_LOW_RVOL:0.15']
2026-07-17 12:51:15,915 - INFO - 👻 [Geometry_v1.0_Score35] CF CONFLUENCE_BOUNCE NSE:NIFTYBANK-INDEX BUY PUT | Rejected: ['NARRATIVE_BIAS_BULLISH']
2026-07-17 12:51:15,935 - INFO - 🟢 ENTRY [CF|Geometry_v1.0_Score35|eometry_v1.0_Score35]: NSE:NIFTYBANK-INDEX BUY PUT @ 58098.35 | SL: 58109.99 TP: 57970.49
2026-07-17 12:51:15,935 - INFO - 👻 [Geometry_v1.0_Score35] CF TRENDLINE_RETEST NSE:NIFTYBANK-INDEX BUY PUT | Rejected: ['NARRATIVE_BIAS_BULLISH', 'LOW_RR:-0.06']
2026-07-17 12:51:15,953 - INFO - 🟢 ENTRY [CF|Geometry_v1.0_Score35|eometry_v1.0_Score35]: NSE:NIFTYBANK-INDEX BUY PUT @ 58098.35 | SL: 58153.59 TP: 58101.73
2026-07-17 12:51:15,953 - INFO - 👻 [Geometry_v1.0_Score50] CF CONFLUENCE_BOUNCE NSE:NIFTYBANK-INDEX BUY PUT | Rejected: ['NARRATIVE_BIAS_BULLISH']
2026-07-17 12:51:15,971 - INFO - 🟢 ENTRY [CF|Geometry_v1.0_Score50|eometry_v1.0_Score50]: NSE:NIFTYBANK-INDEX BUY PUT @ 58098.35 | SL: 58109.99 TP: 57970.49
2026-07-17 12:51:15,971 - INFO - 👻 [Geometry_v1.0_Score50] CF TRENDLINE_RETEST NSE:NIFTYBANK-INDEX BUY PUT | Rejected: ['NARRATIVE_BIAS_BULLISH', 'LOW_RR:-0.06']
2026-07-17 12:51:15,989 - INFO - 🟢 ENTRY [CF|Geometry_v1.0_Score50|eometry_v1.0_Score50]: NSE:NIFTYBANK-INDEX BUY PUT @ 58098.35 | SL: 58153.59 TP: 58101.73
2026-07-17 12:56:16,733 - INFO - --- 12:56:16 Market Pulse ---
2026-07-17 12:56:17,618 - INFO - 🔴 EXIT (TRAILING_SL) [CFStructural_v3.2_RVOL1.0|uctural_v3.2_RVOL1.0]: NSE:NIFTY50-INDEX @ 24276.86 | PnL +1.02R | MFE 2.07R | Capture 49% | 3bars HoldEff +0.340R/bar
2026-07-17 12:56:17,657 - INFO - 🔴 EXIT (TRAILING_SL) [CFStructural_v3.2_RVOL0.8|uctural_v3.2_RVOL0.8]: NSE:NIFTY50-INDEX @ 24276.86 | PnL +1.02R | MFE 2.07R | Capture 49% | 3bars HoldEff +0.340R/bar
2026-07-17 12:56:17,689 - INFO - 🔴 EXIT (TRAILING_SL) [CFATR_Squeeze_RVOL1.0|_ATR_Squeeze_RVOL1.0]: NSE:NIFTY50-INDEX @ 24276.86 | PnL +1.02R | MFE 2.07R | Capture 49% | 3bars HoldEff +0.341R/bar
2026-07-17 12:56:17,719 - INFO - 🟡 UPDATE (TRAILING_SL) [CFStructural_v3.2_RVOL1.0|uctural_v3.2_RVOL1.0]: NSE:NIFTYBANK-INDEX @ 58074.30 | SL→58093.41 TP→57911.16
2026-07-17 12:56:17,747 - INFO - 🟡 UPDATE (TRAILING_SL) [CFStructural_v3.2_RVOL0.8|uctural_v3.2_RVOL0.8]: NSE:NIFTYBANK-INDEX @ 58074.30 | SL→58093.41 TP→57911.16
2026-07-17 12:56:17,773 - INFO - 🔴 EXIT (INITIAL_SL) [CFGeometry_v1.0_Score35|eometry_v1.0_Score35]: NSE:NIFTYBANK-INDEX @ 58076.47 | PnL -1.05R | MFE 0.00R | Capture N/A | 2bars HoldEff -0.525R/bar
2026-07-17 12:56:17,795 - INFO - 🔴 EXIT (INITIAL_SL) [CFGeometry_v1.0_Score50|eometry_v1.0_Score50]: NSE:NIFTYBANK-INDEX @ 58076.47 | PnL -1.05R | MFE 0.00R | Capture N/A | 2bars HoldEff -0.525R/bar
2026-07-17 12:56:17,815 - INFO - 🟡 UPDATE (TRAILING_SL) [CFGeometry_v1.0_Score35|eometry_v1.0_Score35]: NSE:NIFTY50-INDEX @ 24271.15 | SL→24290.41 TP→24268.59
2026-07-17 12:56:17,833 - INFO - 🟡 UPDATE (TRAILING_SL) [CFGeometry_v1.0_Score50|eometry_v1.0_Score50]: NSE:NIFTY50-INDEX @ 24271.15 | SL→24290.41 TP→24268.59
2026-07-17 12:56:17,851 - INFO - 🟡 UPDATE (TRAILING_SL) [CFGeometry_v1.0_Score35|eometry_v1.0_Score35]: NSE:NIFTYBANK-INDEX @ 58074.30 | SL→58085.94 TP→57970.49
2026-07-17 12:56:17,869 - INFO - 🟡 UPDATE (TP_EXPANSION) [CFGeometry_v1.0_Score35|eometry_v1.0_Score35]: NSE:NIFTYBANK-INDEX @ 58074.30 | SL→58129.54 TP→58046.49
2026-07-17 12:56:17,887 - INFO - 🟡 UPDATE (TRAILING_SL) [CFGeometry_v1.0_Score50|eometry_v1.0_Score50]: NSE:NIFTYBANK-INDEX @ 58074.30 | SL→58085.94 TP→57970.49
2026-07-17 12:56:17,905 - INFO - 🟡 UPDATE (TP_EXPANSION) [CFGeometry_v1.0_Score50|eometry_v1.0_Score50]: NSE:NIFTYBANK-INDEX @ 58074.30 | SL→58129.54 TP→58046.49
2026-07-17 12:56:21,597 - INFO - ⚡ [Structural_v3.2_RVOL1.0] warnings: ['VERY_LOW_RVOL:0.16']
2026-07-17 12:56:21,610 - INFO - ⚡ [Structural_v3.2_RVOL0.8] warnings: ['VERY_LOW_RVOL:0.16']
2026-07-17 12:56:21,614 - INFO - ⚡ [Structural_v3.2_RVOL1.0] warnings: ['VERY_LOW_RVOL:0.16']
2026-07-17 12:56:21,614 - INFO - 👻 [Structural_v3.2_RVOL1.0] CF BREAKOUT NSE:NIFTY50-INDEX BUY PUT | Rejected: ['LOW_RVOL', 'LOW_EFFICIENCY', 'TP_CAPPED']
2026-07-17 12:56:21,634 - INFO - 🟢 ENTRY [CF|Structural_v3.2_RVOL1.0|uctural_v3.2_RVOL1.0]: NSE:NIFTY50-INDEX BUY PUT @ 24271.15 | SL: 24278.79 TP: 24194.76
2026-07-17 12:56:21,634 - INFO - ⚡ [Structural_v3.2_RVOL0.8] warnings: ['VERY_LOW_RVOL:0.16']
2026-07-17 12:56:21,634 - INFO - 👻 [Structural_v3.2_RVOL0.8] CF BREAKOUT NSE:NIFTY50-INDEX BUY PUT | Rejected: ['LOW_RVOL', 'LOW_EFFICIENCY', 'TP_CAPPED']
2026-07-17 12:56:21,653 - INFO - 🟢 ENTRY [CF|Structural_v3.2_RVOL0.8|uctural_v3.2_RVOL0.8]: NSE:NIFTY50-INDEX BUY PUT @ 24271.15 | SL: 24278.79 TP: 24194.76
2026-07-17 12:56:24,850 - INFO - ⚡ [Structural_v3.2_RVOL1.0] warnings: ['VERY_LOW_RVOL:0.09']
2026-07-17 12:56:24,864 - INFO - ⚡ [Structural_v3.2_RVOL0.8] warnings: ['VERY_LOW_RVOL:0.09']
2026-07-17 12:56:24,867 - INFO - ⚡ [Structural_v3.2_RVOL1.0] warnings: ['VERY_LOW_RVOL:0.09']
2026-07-17 12:56:24,867 - INFO - ⚡ [Structural_v3.2_RVOL0.8] warnings: ['VERY_LOW_RVOL:0.09']
2026-07-17 13:01:25,596 - INFO - --- 13:01:25 Market Pulse ---
2026-07-17 13:01:26,771 - INFO - 🟡 UPDATE (TRAILING_SL) [CFEMA_Pullback_20_50_RVOL1.0|llback_20_50_RVOL1.0]: NSE:NIFTYBANK-INDEX @ 58122.15 | SL→58018.22 TP→58206.88
2026-07-17 13:01:26,801 - INFO - 🔴 EXIT (TRAILING_SL) [CFStructural_v3.2_RVOL1.0|uctural_v3.2_RVOL1.0]: NSE:NIFTYBANK-INDEX @ 58093.41 | PnL +0.41R | MFE 1.46R | Capture 28% | 3bars HoldEff +0.138R/bar
2026-07-17 13:01:26,824 - INFO - 🔴 EXIT (TRAILING_SL) [CFStructural_v3.2_RVOL0.8|uctural_v3.2_RVOL0.8]: NSE:NIFTYBANK-INDEX @ 58093.41 | PnL +0.41R | MFE 1.46R | Capture 28% | 3bars HoldEff +0.138R/bar
2026-07-17 13:01:26,849 - INFO - 🔴 EXIT (TRAILING_SL) [CFGeometry_v1.0_Score35|eometry_v1.0_Score35]: NSE:NIFTYBANK-INDEX @ 58085.94 | PnL +1.02R | MFE 2.07R | Capture 49% | 2bars HoldEff +0.508R/bar
2026-07-17 13:01:26,874 - INFO - 🔴 EXIT (TRAILING_SL) [CFGeometry_v1.0_Score50|eometry_v1.0_Score50]: NSE:NIFTYBANK-INDEX @ 58085.94 | PnL +1.02R | MFE 2.07R | Capture 49% | 2bars HoldEff +0.508R/bar
2026-07-17 13:01:26,899 - INFO - 🔴 EXIT (INITIAL_SL) [CFStructural_v3.2_RVOL1.0|uctural_v3.2_RVOL1.0]: NSE:NIFTY50-INDEX @ 24278.79 | PnL -1.05R | MFE 0.00R | Capture N/A | 1bars HoldEff -1.050R/bar
2026-07-17 13:01:26,923 - INFO - 🔴 EXIT (INITIAL_SL) [CFStructural_v3.2_RVOL0.8|uctural_v3.2_RVOL0.8]: NSE:NIFTY50-INDEX @ 24278.79 | PnL -1.05R | MFE 0.00R | Capture N/A | 1bars HoldEff -1.050R/bar
2026-07-17 13:01:30,696 - INFO - ⚡ [Structural_v3.2_RVOL1.0] warnings: ['VERY_LOW_RVOL:0.23']
2026-07-17 13:01:30,710 - INFO - ⚡ [Structural_v3.2_RVOL0.8] warnings: ['VERY_LOW_RVOL:0.23']
2026-07-17 13:01:30,714 - INFO - ⚡ [Structural_v3.2_RVOL1.0] warnings: ['VERY_LOW_RVOL:0.23']
2026-07-17 13:01:30,714 - INFO - 👻 [Structural_v3.2_RVOL1.0] CF BREAKOUT NSE:NIFTY50-INDEX BUY PUT | Rejected: ['LOW_RVOL', 'LOW_EFFICIENCY', 'TP_CAPPED']
2026-07-17 13:01:30,734 - INFO - 🟢 ENTRY [CF|Structural_v3.2_RVOL1.0|uctural_v3.2_RVOL1.0]: NSE:NIFTY50-INDEX BUY PUT @ 24284.40 | SL: 24291.83 TP: 24210.10
2026-07-17 13:01:30,734 - INFO - ⚡ [Structural_v3.2_RVOL0.8] warnings: ['VERY_LOW_RVOL:0.23']
2026-07-17 13:01:30,734 - INFO - 👻 [Structural_v3.2_RVOL0.8] CF BREAKOUT NSE:NIFTY50-INDEX BUY PUT | Rejected: ['LOW_RVOL', 'LOW_EFFICIENCY', 'TP_CAPPED']
2026-07-17 13:01:30,753 - INFO - 🟢 ENTRY [CF|Structural_v3.2_RVOL0.8|uctural_v3.2_RVOL0.8]: NSE:NIFTY50-INDEX BUY PUT @ 24284.40 | SL: 24291.83 TP: 24210.10
2026-07-17 13:01:34,042 - INFO - ⚡ [Structural_v3.2_RVOL1.0] warnings: ['VERY_LOW_RVOL:0.17']
2026-07-17 13:01:34,056 - INFO - ⚡ [Structural_v3.2_RVOL0.8] warnings: ['VERY_LOW_RVOL:0.17']
2026-07-17 13:01:34,059 - INFO - ⚡ [Structural_v3.2_RVOL1.0] warnings: ['VERY_LOW_RVOL:0.17']
2026-07-17 13:01:34,059 - INFO - 👻 [Structural_v3.2_RVOL1.0] CF BREAKOUT NSE:NIFTYBANK-INDEX BUY PUT | Rejected: ['LOW_RVOL', 'BIAS_MISMATCH', 'LOW_EFFICIENCY', 'TP_CAPPED']
2026-07-17 13:01:34,078 - INFO - 🟢 ENTRY [CF|Structural_v3.2_RVOL1.0|uctural_v3.2_RVOL1.0]: NSE:NIFTYBANK-INDEX BUY PUT @ 58122.15 | SL: 58144.76 TP: 57896.08
2026-07-17 13:01:34,078 - INFO - ⚡ [Structural_v3.2_RVOL0.8] warnings: ['VERY_LOW_RVOL:0.17']
2026-07-17 13:01:34,079 - INFO - 👻 [Structural_v3.2_RVOL0.8] CF BREAKOUT NSE:NIFTYBANK-INDEX BUY PUT | Rejected: ['LOW_RVOL', 'BIAS_MISMATCH', 'LOW_EFFICIENCY', 'TP_CAPPED']
2026-07-17 13:01:34,097 - INFO - 🟢 ENTRY [CF|Structural_v3.2_RVOL0.8|uctural_v3.2_RVOL0.8]: NSE:NIFTYBANK-INDEX BUY PUT @ 58122.15 | SL: 58144.76 TP: 57896.08
2026-07-17 13:01:34,097 - INFO - 👻 [Geometry_v1.0_Score35] CF TRENDLINE_RETEST NSE:NIFTYBANK-INDEX BUY CALL | Rejected: ['LOW_RR:-0.19']
2026-07-17 13:01:34,115 - INFO - 🟢 ENTRY [CF|Geometry_v1.0_Score35|eometry_v1.0_Score35]: NSE:NIFTYBANK-INDEX BUY CALL @ 58122.15 | SL: 58103.87 TP: 58118.60
2026-07-17 13:01:34,115 - INFO - 👻 [Geometry_v1.0_Score50] CF TRENDLINE_RETEST NSE:NIFTYBANK-INDEX BUY CALL | Rejected: ['LOW_RR:-0.19']
2026-07-17 13:01:34,133 - INFO - 🟢 ENTRY [CF|Geometry_v1.0_Score50|eometry_v1.0_Score50]: NSE:NIFTYBANK-INDEX BUY CALL @ 58122.15 | SL: 58103.87 TP: 58118.60
2026-07-17 13:06:34,827 - INFO - --- 13:06:34 Market Pulse ---
2026-07-17 13:06:35,843 - INFO - 🟡 UPDATE (TRAILING_SL) [CFStructural_v3.2_RVOL1.0|uctural_v3.2_RVOL1.0]: NSE:NIFTY50-INDEX @ 24283.20 | SL→24290.63 TP→24210.10
2026-07-17 13:06:35,875 - INFO - 🟡 UPDATE (TRAILING_SL) [CFStructural_v3.2_RVOL0.8|uctural_v3.2_RVOL0.8]: NSE:NIFTY50-INDEX @ 24283.20 | SL→24290.63 TP→24210.10
2026-07-17 13:06:35,901 - INFO - 🟡 UPDATE (TRAILING_SL) [CFStructural_v3.2_RVOL1.0|uctural_v3.2_RVOL1.0]: NSE:NIFTYBANK-INDEX @ 58090.45 | SL→58113.06 TP→57896.08
2026-07-17 13:06:35,922 - INFO - 🟡 UPDATE (TRAILING_SL) [CFStructural_v3.2_RVOL0.8|uctural_v3.2_RVOL0.8]: NSE:NIFTYBANK-INDEX @ 58090.45 | SL→58113.06 TP→57896.08
2026-07-17 13:06:35,942 - INFO - 🔴 EXIT (INITIAL_SL) [CFGeometry_v1.0_Score35|eometry_v1.0_Score35]: NSE:NIFTYBANK-INDEX @ 58103.87 | PnL -1.05R | MFE 0.00R | Capture N/A | 1bars HoldEff -1.050R/bar
2026-07-17 13:06:35,960 - INFO - 🔴 EXIT (INITIAL_SL) [CFGeometry_v1.0_Score50|eometry_v1.0_Score50]: NSE:NIFTYBANK-INDEX @ 58103.87 | PnL -1.05R | MFE 0.00R | Capture N/A | 1bars HoldEff -1.050R/bar
2026-07-17 13:06:39,665 - INFO - ⚡ [Structural_v3.2_RVOL1.0] warnings: ['VERY_LOW_RVOL:0.44']
2026-07-17 13:06:39,680 - INFO - ⚡ [Structural_v3.2_RVOL0.8] warnings: ['VERY_LOW_RVOL:0.44']
2026-07-17 13:06:39,684 - INFO - ⚡ [Structural_v3.2_RVOL1.0] warnings: ['VERY_LOW_RVOL:0.44']
2026-07-17 13:06:39,684 - INFO - ⚡ [Structural_v3.2_RVOL0.8] warnings: ['VERY_LOW_RVOL:0.44']
2026-07-17 13:06:43,119 - INFO - ⚡ [Structural_v3.2_RVOL1.0] warnings: ['VERY_LOW_RVOL:0.13']
2026-07-17 13:06:43,132 - INFO - ⚡ [Structural_v3.2_RVOL0.8] warnings: ['VERY_LOW_RVOL:0.13']
2026-07-17 13:06:43,136 - INFO - ⚡ [Structural_v3.2_RVOL1.0] warnings: ['VERY_LOW_RVOL:0.13']
2026-07-17 13:06:43,136 - INFO - 👻 [Structural_v3.2_RVOL1.0] CF BREAKOUT NSE:NIFTYBANK-INDEX BUY CALL | Rejected: ['LOW_RVOL', 'BIAS_MISMATCH', 'LOW_EFFICIENCY']
2026-07-17 13:06:43,155 - INFO - 🟢 ENTRY [CF|Structural_v3.2_RVOL1.0|uctural_v3.2_RVOL1.0]: NSE:NIFTYBANK-INDEX BUY CALL @ 58090.45 | SL: 58067.71 TP: 58206.88
2026-07-17 13:06:43,155 - INFO - ⚡ [Structural_v3.2_RVOL0.8] warnings: ['VERY_LOW_RVOL:0.13']
2026-07-17 13:06:43,155 - INFO - 👻 [Structural_v3.2_RVOL0.8] CF BREAKOUT NSE:NIFTYBANK-INDEX BUY CALL | Rejected: ['LOW_RVOL', 'BIAS_MISMATCH', 'LOW_EFFICIENCY']
2026-07-17 13:06:43,173 - INFO - 🟢 ENTRY [CF|Structural_v3.2_RVOL0.8|uctural_v3.2_RVOL0.8]: NSE:NIFTYBANK-INDEX BUY CALL @ 58090.45 | SL: 58067.71 TP: 58206.88
2026-07-17 13:06:43,173 - INFO - 👻 [ATR_Squeeze_RVOL1.0] CF SQUEEZE_BREAKOUT NSE:NIFTYBANK-INDEX BUY CALL | Rejected: ['LOW_RVOL']
2026-07-17 13:06:43,192 - INFO - 🟢 ENTRY [CF|ATR_Squeeze_RVOL1.0|_ATR_Squeeze_RVOL1.0]: NSE:NIFTYBANK-INDEX BUY CALL @ 58090.45 | SL: 58067.71 TP: 58206.88
2026-07-17 13:11:43,971 - INFO - --- 13:11:43 Market Pulse ---
2026-07-17 13:11:44,937 - INFO - 🟡 UPDATE (TRAILING_SL) [CFStructural_v3.2_RVOL1.0|uctural_v3.2_RVOL1.0]: NSE:NIFTY50-INDEX @ 24282.30 | SL→24289.73 TP→24210.10
2026-07-17 13:11:44,974 - INFO - 🟡 UPDATE (TRAILING_SL) [CFStructural_v3.2_RVOL0.8|uctural_v3.2_RVOL0.8]: NSE:NIFTY50-INDEX @ 24282.30 | SL→24289.73 TP→24210.10
2026-07-17 13:11:45,005 - INFO - 🟡 UPDATE (TRAILING_SL) [CFStructural_v3.2_RVOL1.0|uctural_v3.2_RVOL1.0]: NSE:NIFTYBANK-INDEX @ 58093.65 | SL→58070.91 TP→58206.88
2026-07-17 13:11:45,030 - INFO - 🟡 UPDATE (TRAILING_SL) [CFStructural_v3.2_RVOL0.8|uctural_v3.2_RVOL0.8]: NSE:NIFTYBANK-INDEX @ 58093.65 | SL→58070.91 TP→58206.88
2026-07-17 13:11:45,052 - INFO - 🟡 UPDATE (TRAILING_SL) [CFATR_Squeeze_RVOL1.0|_ATR_Squeeze_RVOL1.0]: NSE:NIFTYBANK-INDEX @ 58093.65 | SL→58070.92 TP→58206.88
2026-07-17 13:11:48,858 - INFO - ⚡ [Structural_v3.2_RVOL1.0] warnings: ['VERY_LOW_RVOL:0.28']
2026-07-17 13:11:48,872 - INFO - ⚡ [Structural_v3.2_RVOL0.8] warnings: ['VERY_LOW_RVOL:0.28']
2026-07-17 13:11:48,876 - INFO - ⚡ [Structural_v3.2_RVOL1.0] warnings: ['VERY_LOW_RVOL:0.28']
2026-07-17 13:11:48,876 - INFO - ⚡ [Structural_v3.2_RVOL0.8] warnings: ['VERY_LOW_RVOL:0.28']
2026-07-17 13:11:48,876 - INFO - 🚀 SIGNAL: NSE:NIFTY50-INDEX BUY CALL | [Geometry_v1.0_Score35]
2026-07-17 13:11:48,876 - INFO -    Entry: 24282.3 | SL: 24279.14 | TP: 24287.23 (RR: 1.56)
2026-07-17 13:11:48,897 - INFO - 🟢 ENTRY [Geometry_v1.0_Score35|INDEX_1784274103]: NSE:NIFTY50-INDEX BUY CALL @ 24282.30 | SL: 24279.14 TP: 24287.23
2026-07-17 13:11:48,897 - INFO - 👻 [Geometry_v1.0_Score35] CF TRENDLINE_RETEST NSE:NIFTY50-INDEX BUY CALL | Rejected: ['LOW_RR:0.7']
2026-07-17 13:11:48,916 - INFO - 🟢 ENTRY [CF|Geometry_v1.0_Score35|eometry_v1.0_Score35]: NSE:NIFTY50-INDEX BUY CALL @ 24282.30 | SL: 24275.28 TP: 24287.23
2026-07-17 13:11:48,916 - INFO - 👻 [Geometry_v1.0_Score50] CF CONFLUENCE_BOUNCE NSE:NIFTY50-INDEX BUY CALL | Rejected: ['LOW_RR:1.56']
2026-07-17 13:11:48,934 - INFO - 🟢 ENTRY [CF|Geometry_v1.0_Score50|eometry_v1.0_Score50]: NSE:NIFTY50-INDEX BUY CALL @ 24282.30 | SL: 24279.14 TP: 24287.23
2026-07-17 13:11:48,934 - INFO - 👻 [Geometry_v1.0_Score50] CF TRENDLINE_RETEST NSE:NIFTY50-INDEX BUY CALL | Rejected: ['LOW_RR:0.7']
2026-07-17 13:11:48,952 - INFO - 🟢 ENTRY [CF|Geometry_v1.0_Score50|eometry_v1.0_Score50]: NSE:NIFTY50-INDEX BUY CALL @ 24282.30 | SL: 24275.28 TP: 24287.23
2026-07-17 13:11:52,303 - INFO - ⚡ [Structural_v3.2_RVOL1.0] warnings: ['VERY_LOW_RVOL:0.28']
2026-07-17 13:11:52,317 - INFO - ⚡ [Structural_v3.2_RVOL0.8] warnings: ['VERY_LOW_RVOL:0.28']
2026-07-17 13:11:52,321 - INFO - ⚡ [Structural_v3.2_RVOL1.0] warnings: ['VERY_LOW_RVOL:0.28']
2026-07-17 13:11:52,321 - INFO - ⚡ [Structural_v3.2_RVOL0.8] warnings: ['VERY_LOW_RVOL:0.28']
2026-07-17 13:16:53,090 - INFO - --- 13:16:53 Market Pulse ---
2026-07-17 13:16:53,894 - INFO - 🔴 EXIT (INITIAL_SL) [Geometry_v1.0_Score35|eometry_v1.0_Score35]: NSE:NIFTY50-INDEX @ 24279.14 | PnL -1.05R | MFE 0.00R | Capture N/A | 1bars HoldEff -1.050R/bar
2026-07-17 13:16:53,932 - INFO - 🟡 UPDATE (TRAILING_SL) [CFStructural_v3.2_RVOL1.0|uctural_v3.2_RVOL1.0]: NSE:NIFTY50-INDEX @ 24272.25 | SL→24279.68 TP→24210.10
2026-07-17 13:16:53,963 - INFO - 🟡 UPDATE (TRAILING_SL) [CFStructural_v3.2_RVOL0.8|uctural_v3.2_RVOL0.8]: NSE:NIFTY50-INDEX @ 24272.25 | SL→24279.68 TP→24210.10
2026-07-17 13:16:53,996 - INFO - 🟡 UPDATE (TRAILING_SL) [CFStructural_v3.2_RVOL1.0|uctural_v3.2_RVOL1.0]: NSE:NIFTYBANK-INDEX @ 58101.85 | SL→58079.11 TP→58206.88
2026-07-17 13:16:54,025 - INFO - 🟡 UPDATE (TRAILING_SL) [CFStructural_v3.2_RVOL0.8|uctural_v3.2_RVOL0.8]: NSE:NIFTYBANK-INDEX @ 58101.85 | SL→58079.11 TP→58206.88
2026-07-17 13:16:54,052 - INFO - 🟡 UPDATE (TRAILING_SL) [CFATR_Squeeze_RVOL1.0|_ATR_Squeeze_RVOL1.0]: NSE:NIFTYBANK-INDEX @ 58101.85 | SL→58079.11 TP→58206.88
2026-07-17 13:16:54,078 - INFO - 🔴 EXIT (INITIAL_SL) [CFGeometry_v1.0_Score35|eometry_v1.0_Score35]: NSE:NIFTY50-INDEX @ 24275.28 | PnL -1.05R | MFE 0.00R | Capture N/A | 1bars HoldEff -1.050R/bar
2026-07-17 13:16:54,106 - INFO - 🔴 EXIT (INITIAL_SL) [CFGeometry_v1.0_Score50|eometry_v1.0_Score50]: NSE:NIFTY50-INDEX @ 24279.14 | PnL -1.05R | MFE 0.00R | Capture N/A | 1bars HoldEff -1.050R/bar
2026-07-17 13:16:54,128 - INFO - 🔴 EXIT (INITIAL_SL) [CFGeometry_v1.0_Score50|eometry_v1.0_Score50]: NSE:NIFTY50-INDEX @ 24275.28 | PnL -1.05R | MFE 0.00R | Capture N/A | 1bars HoldEff -1.050R/bar
2026-07-17 13:16:57,984 - INFO - ⚡ [Structural_v3.2_RVOL1.0] warnings: ['VERY_LOW_RVOL:0.40']
2026-07-17 13:16:57,997 - INFO - ⚡ [Structural_v3.2_RVOL0.8] warnings: ['VERY_LOW_RVOL:0.40']
2026-07-17 13:16:58,001 - INFO - ⚡ [Structural_v3.2_RVOL1.0] warnings: ['VERY_LOW_RVOL:0.40']
2026-07-17 13:16:58,001 - INFO - ⚡ [Structural_v3.2_RVOL0.8] warnings: ['VERY_LOW_RVOL:0.40']
2026-07-17 13:17:01,506 - INFO - ⚡ [Structural_v3.2_RVOL1.0] warnings: ['VERY_LOW_RVOL:0.24']
2026-07-17 13:17:01,519 - INFO - ⚡ [Structural_v3.2_RVOL0.8] warnings: ['VERY_LOW_RVOL:0.24']
2026-07-17 13:17:01,522 - INFO - ⚡ [Structural_v3.2_RVOL1.0] warnings: ['VERY_LOW_RVOL:0.24']
2026-07-17 13:17:01,523 - INFO - ⚡ [Structural_v3.2_RVOL0.8] warnings: ['VERY_LOW_RVOL:0.24']
2026-07-17 13:22:02,338 - INFO - --- 13:22:02 Market Pulse ---
2026-07-17 13:22:03,112 - INFO - 🟡 UPDATE (TRAILING_SL) [CFStructural_v3.2_RVOL1.0|uctural_v3.2_RVOL1.0]: NSE:NIFTYBANK-INDEX @ 58081.00 | SL→58103.61 TP→57896.08
2026-07-17 13:22:03,150 - INFO - 🟡 UPDATE (TRAILING_SL) [CFStructural_v3.2_RVOL0.8|uctural_v3.2_RVOL0.8]: NSE:NIFTYBANK-INDEX @ 58081.00 | SL→58103.61 TP→57896.08
2026-07-17 13:22:07,045 - INFO - ⚡ [Structural_v3.2_RVOL1.0] warnings: ['VERY_LOW_RVOL:0.41']
2026-07-17 13:22:07,058 - INFO - ⚡ [Structural_v3.2_RVOL0.8] warnings: ['VERY_LOW_RVOL:0.41']
2026-07-17 13:22:07,062 - INFO - ⚡ [Structural_v3.2_RVOL1.0] warnings: ['VERY_LOW_RVOL:0.41']
2026-07-17 13:22:07,062 - INFO - ⚡ [Structural_v3.2_RVOL0.8] warnings: ['VERY_LOW_RVOL:0.41']
2026-07-17 13:22:07,062 - INFO - 🚀 SIGNAL: NSE:NIFTY50-INDEX BUY CALL | [Geometry_v1.0_Score35]
2026-07-17 13:22:07,062 - INFO -    Entry: 24277.65 | SL: 24271.76 | TP: 24288.26 (RR: 1.8)
2026-07-17 13:22:07,081 - INFO - 🟢 ENTRY [Geometry_v1.0_Score35|INDEX_1784274722]: NSE:NIFTY50-INDEX BUY CALL @ 24277.65 | SL: 24271.76 TP: 24288.26
2026-07-17 13:22:07,081 - INFO - 🚀 SIGNAL: NSE:NIFTY50-INDEX BUY CALL | [Geometry_v1.0_Score50]
2026-07-17 13:22:07,081 - INFO -    Entry: 24277.65 | SL: 24271.76 | TP: 24288.26 (RR: 1.8)
2026-07-17 13:22:07,099 - INFO - 🟢 ENTRY [Geometry_v1.0_Score50|INDEX_1784274722]: NSE:NIFTY50-INDEX BUY CALL @ 24277.65 | SL: 24271.76 TP: 24288.26
2026-07-17 13:22:10,464 - INFO - ⚡ [Structural_v3.2_RVOL1.0] warnings: ['VERY_LOW_RVOL:0.32']
2026-07-17 13:22:10,477 - INFO - ⚡ [Structural_v3.2_RVOL0.8] warnings: ['VERY_LOW_RVOL:0.32']
2026-07-17 13:22:10,481 - INFO - ⚡ [Structural_v3.2_RVOL1.0] warnings: ['VERY_LOW_RVOL:0.32']
2026-07-17 13:22:10,481 - INFO - 👻 [Structural_v3.2_RVOL1.0] CF SWEEP NSE:NIFTYBANK-INDEX BUY PUT | Rejected: ['LOW_RVOL', 'TP_CAPPED']
2026-07-17 13:22:10,500 - INFO - 🟢 ENTRY [CF|Structural_v3.2_RVOL1.0|uctural_v3.2_RVOL1.0]: NSE:NIFTYBANK-INDEX BUY PUT @ 58081.00 | SL: 58103.33 TP: 57857.68
2026-07-17 13:22:10,500 - INFO - ⚡ [Structural_v3.2_RVOL0.8] warnings: ['VERY_LOW_RVOL:0.32']
2026-07-17 13:22:10,500 - INFO - 👻 [Structural_v3.2_RVOL0.8] CF SWEEP NSE:NIFTYBANK-INDEX BUY PUT | Rejected: ['LOW_RVOL', 'TP_CAPPED']
2026-07-17 13:22:10,518 - INFO - 🟢 ENTRY [CF|Structural_v3.2_RVOL0.8|uctural_v3.2_RVOL0.8]: NSE:NIFTYBANK-INDEX BUY PUT @ 58081.00 | SL: 58103.33 TP: 57857.68
2026-07-17 13:22:10,518 - INFO - 👻 [VWAP_Reversion_1.5ATR_RVOL1.0] CF REVERSION NSE:NIFTYBANK-INDEX BUY PUT | Rejected: ['LOW_RVOL']
2026-07-17 13:22:10,537 - INFO - 🟢 ENTRY [CF|VWAP_Reversion_1.5ATR_RVOL1.0|rsion_1.5ATR_RVOL1.0]: NSE:NIFTYBANK-INDEX BUY PUT @ 58081.00 | SL: 58103.33 TP: 57994.01
2026-07-17 13:27:11,283 - INFO - --- 13:27:11 Market Pulse ---
2026-07-17 13:27:12,352 - INFO - 🔴 EXIT (INITIAL_SL) [Geometry_v1.0_Score35|eometry_v1.0_Score35]: NSE:NIFTY50-INDEX @ 24271.76 | PnL -1.05R | MFE 0.00R | Capture N/A | 1bars HoldEff -1.050R/bar
2026-07-17 13:27:12,378 - INFO - 🔴 EXIT (INITIAL_SL) [Geometry_v1.0_Score50|eometry_v1.0_Score50]: NSE:NIFTY50-INDEX @ 24271.76 | PnL -1.05R | MFE 0.00R | Capture N/A | 1bars HoldEff -1.050R/bar
2026-07-17 13:27:12,401 - INFO - 🟡 UPDATE (TP_EXPANSION) [CFGeometry_v1.0_Score35|eometry_v1.0_Score35]: NSE:NIFTY50-INDEX @ 24261.95 | SL→24281.21 TP→24249.33
2026-07-17 13:27:12,422 - INFO - 🟡 UPDATE (TP_EXPANSION) [CFGeometry_v1.0_Score50|eometry_v1.0_Score50]: NSE:NIFTY50-INDEX @ 24261.95 | SL→24281.21 TP→24249.33
2026-07-17 13:27:12,443 - INFO - 🟡 UPDATE (TP_EXPANSION) [CFGeometry_v1.0_Score35|eometry_v1.0_Score35]: NSE:NIFTYBANK-INDEX @ 58035.45 | SL→58090.69 TP→57991.25
2026-07-17 13:27:12,463 - INFO - 🟡 UPDATE (TP_EXPANSION) [CFGeometry_v1.0_Score50|eometry_v1.0_Score50]: NSE:NIFTYBANK-INDEX @ 58035.45 | SL→58090.69 TP→57991.25
2026-07-17 13:27:12,483 - INFO - 🟡 UPDATE (TRAILING_SL) [CFStructural_v3.2_RVOL1.0|uctural_v3.2_RVOL1.0]: NSE:NIFTY50-INDEX @ 24261.95 | SL→24269.38 TP→24210.10
2026-07-17 13:27:12,503 - INFO - 🟡 UPDATE (TRAILING_SL) [CFStructural_v3.2_RVOL0.8|uctural_v3.2_RVOL0.8]: NSE:NIFTY50-INDEX @ 24261.95 | SL→24269.38 TP→24210.10
2026-07-17 13:27:12,523 - INFO - 🟡 UPDATE (TRAILING_SL) [CFStructural_v3.2_RVOL1.0|uctural_v3.2_RVOL1.0]: NSE:NIFTYBANK-INDEX @ 58035.45 | SL→58058.06 TP→57896.08
2026-07-17 13:27:12,543 - INFO - 🟡 UPDATE (TRAILING_SL) [CFStructural_v3.2_RVOL0.8|uctural_v3.2_RVOL0.8]: NSE:NIFTYBANK-INDEX @ 58035.45 | SL→58058.06 TP→57896.08
2026-07-17 13:27:12,562 - INFO - 🔴 EXIT (TRAILING_SL) [CFStructural_v3.2_RVOL1.0|uctural_v3.2_RVOL1.0]: NSE:NIFTYBANK-INDEX @ 58079.11 | PnL -0.55R | MFE 0.50R | Capture -109% | 4bars HoldEff -0.137R/bar
2026-07-17 13:27:12,585 - INFO - 🔴 EXIT (TRAILING_SL) [CFStructural_v3.2_RVOL0.8|uctural_v3.2_RVOL0.8]: NSE:NIFTYBANK-INDEX @ 58079.11 | PnL -0.55R | MFE 0.50R | Capture -109% | 4bars HoldEff -0.137R/bar
2026-07-17 13:27:12,607 - INFO - 🔴 EXIT (TRAILING_SL) [CFATR_Squeeze_RVOL1.0|_ATR_Squeeze_RVOL1.0]: NSE:NIFTYBANK-INDEX @ 58079.11 | PnL -0.55R | MFE 0.50R | Capture -109% | 4bars HoldEff -0.137R/bar
2026-07-17 13:27:12,627 - INFO - 🟡 UPDATE (TRAILING_SL) [CFStructural_v3.2_RVOL1.0|uctural_v3.2_RVOL1.0]: NSE:NIFTYBANK-INDEX @ 58035.45 | SL→58057.78 TP→57857.68
2026-07-17 13:27:12,649 - INFO - 🟡 UPDATE (TRAILING_SL) [CFStructural_v3.2_RVOL0.8|uctural_v3.2_RVOL0.8]: NSE:NIFTYBANK-INDEX @ 58035.45 | SL→58057.78 TP→57857.68
2026-07-17 13:27:12,672 - INFO - 🟡 UPDATE (TRAILING_SL) [CFVWAP_Reversion_1.5ATR_RVOL1.0|rsion_1.5ATR_RVOL1.0]: NSE:NIFTYBANK-INDEX @ 58035.45 | SL→58057.78 TP→57994.01
2026-07-17 13:27:19,987 - INFO - ⚡ [Structural_v3.2_RVOL1.0] warnings: ['VERY_LOW_RVOL:0.43']
2026-07-17 13:27:20,002 - INFO - ⚡ [Structural_v3.2_RVOL0.8] warnings: ['VERY_LOW_RVOL:0.43']
2026-07-17 13:27:20,006 - INFO - ⚡ [Structural_v3.2_RVOL1.0] warnings: ['VERY_LOW_RVOL:0.43']
2026-07-17 13:27:20,006 - INFO - ⚡ [Structural_v3.2_RVOL0.8] warnings: ['VERY_LOW_RVOL:0.43']
2026-07-17 13:27:20,006 - INFO - 👻 [ATR_Squeeze_RVOL1.0] CF SQUEEZE_BREAKOUT NSE:NIFTYBANK-INDEX BUY CALL | Rejected: ['LOW_RVOL']
2026-07-17 13:27:20,025 - INFO - 🟢 ENTRY [CF|ATR_Squeeze_RVOL1.0|_ATR_Squeeze_RVOL1.0]: NSE:NIFTYBANK-INDEX BUY CALL @ 58035.45 | SL: 58012.18 TP: 58206.88
2026-07-17 13:32:20,757 - INFO - --- 13:32:20 Market Pulse ---
2026-07-17 13:32:21,660 - INFO - 🔴 EXIT (TRAILING_SL) [CFEMA_Pullback_20_50_RVOL1.0|llback_20_50_RVOL1.0]: NSE:NIFTYBANK-INDEX @ 58018.22 | PnL -0.55R | MFE 0.50R | Capture -109% | 10bars HoldEff -0.055R/bar
2026-07-17 13:32:21,695 - INFO - 🟡 UPDATE (TP_EXPANSION) [CFGeometry_v1.0_Score35|eometry_v1.0_Score35]: NSE:NIFTYBANK-INDEX @ 57957.05 | SL→58012.29 TP→57936.01
2026-07-17 13:32:21,725 - INFO - 🟡 UPDATE (TP_EXPANSION) [CFGeometry_v1.0_Score50|eometry_v1.0_Score50]: NSE:NIFTYBANK-INDEX @ 57957.05 | SL→58012.29 TP→57936.01
2026-07-17 13:32:21,754 - INFO - 🟡 UPDATE (TRAILING_SL) [CFStructural_v3.2_RVOL1.0|uctural_v3.2_RVOL1.0]: NSE:NIFTYBANK-INDEX @ 57957.05 | SL→57979.66 TP→57896.08
2026-07-17 13:32:21,781 - INFO - 🟡 UPDATE (TRAILING_SL) [CFStructural_v3.2_RVOL0.8|uctural_v3.2_RVOL0.8]: NSE:NIFTYBANK-INDEX @ 57957.05 | SL→57979.66 TP→57896.08
2026-07-17 13:32:21,805 - INFO - 🟡 UPDATE (TRAILING_SL) [CFStructural_v3.2_RVOL1.0|uctural_v3.2_RVOL1.0]: NSE:NIFTYBANK-INDEX @ 57957.05 | SL→57979.38 TP→57857.68
2026-07-17 13:32:21,827 - INFO - 🟡 UPDATE (TRAILING_SL) [CFStructural_v3.2_RVOL0.8|uctural_v3.2_RVOL0.8]: NSE:NIFTYBANK-INDEX @ 57957.05 | SL→57979.38 TP→57857.68
2026-07-17 13:32:21,845 - INFO - 🟡 UPDATE (TP_EXPANSION) [CFVWAP_Reversion_1.5ATR_RVOL1.0|rsion_1.5ATR_RVOL1.0]: NSE:NIFTYBANK-INDEX @ 57957.05 | SL→57979.38 TP→57971.68
2026-07-17 13:32:21,863 - INFO - 🔴 EXIT (INITIAL_SL) [CFATR_Squeeze_RVOL1.0|_ATR_Squeeze_RVOL1.0]: NSE:NIFTYBANK-INDEX @ 58012.18 | PnL -1.05R | MFE 0.00R | Capture N/A | 1bars HoldEff -1.050R/bar
2026-07-17 13:32:25,771 - INFO - ⚡ [Structural_v3.2_RVOL1.0] warnings: ['VERY_LOW_RVOL:0.43']
2026-07-17 13:32:25,785 - INFO - ⚡ [Structural_v3.2_RVOL0.8] warnings: ['VERY_LOW_RVOL:0.43']
2026-07-17 13:32:25,789 - INFO - ⚡ [Structural_v3.2_RVOL1.0] warnings: ['VERY_LOW_RVOL:0.43']
2026-07-17 13:32:25,789 - INFO - ⚡ [Structural_v3.2_RVOL0.8] warnings: ['VERY_LOW_RVOL:0.43']
2026-07-17 13:32:25,789 - INFO - 👻 [VWAP_Reversion_1.5ATR_RVOL1.0] CF REVERSION NSE:NIFTY50-INDEX BUY PUT | Rejected: ['LOW_RVOL']
2026-07-17 13:32:25,808 - INFO - 🟢 ENTRY [CF|VWAP_Reversion_1.5ATR_RVOL1.0|rsion_1.5ATR_RVOL1.0]: NSE:NIFTY50-INDEX BUY PUT @ 24266.65 | SL: 24277.45 TP: 24235.14
2026-07-17 13:32:29,336 - INFO - 👻 [Structural_v3.2_RVOL1.0] CF BREAKOUT NSE:NIFTYBANK-INDEX BUY CALL | Rejected: ['LOW_RVOL', 'BIAS_MISMATCH', 'LOW_EFFICIENCY']
2026-07-17 13:32:29,355 - INFO - 🟢 ENTRY [CF|Structural_v3.2_RVOL1.0|uctural_v3.2_RVOL1.0]: NSE:NIFTYBANK-INDEX BUY CALL @ 57957.05 | SL: 57930.92 TP: 58206.88
2026-07-17 13:32:29,355 - INFO - 👻 [Structural_v3.2_RVOL0.8] CF BREAKOUT NSE:NIFTYBANK-INDEX BUY CALL | Rejected: ['LOW_RVOL', 'BIAS_MISMATCH', 'LOW_EFFICIENCY']
2026-07-17 13:32:29,374 - INFO - 🟢 ENTRY [CF|Structural_v3.2_RVOL0.8|uctural_v3.2_RVOL0.8]: NSE:NIFTYBANK-INDEX BUY CALL @ 57957.05 | SL: 57930.92 TP: 58206.88
2026-07-17 13:37:30,142 - INFO - --- 13:37:30 Market Pulse ---
2026-07-17 13:37:31,062 - INFO - 🔴 EXIT (TRAILING_SL) [CFGeometry_v1.0_Score35|eometry_v1.0_Score35]: NSE:NIFTYBANK-INDEX @ 58012.29 | PnL +1.51R | MFE 2.56R | Capture 59% | 9bars HoldEff +0.168R/bar
2026-07-17 13:37:31,097 - INFO - 🔴 EXIT (TRAILING_SL) [CFGeometry_v1.0_Score50|eometry_v1.0_Score50]: NSE:NIFTYBANK-INDEX @ 58012.29 | PnL +1.51R | MFE 2.56R | Capture 59% | 9bars HoldEff +0.168R/bar
2026-07-17 13:37:31,126 - INFO - 🔴 EXIT (TRAILING_SL) [CFStructural_v3.2_RVOL1.0|uctural_v3.2_RVOL1.0]: NSE:NIFTYBANK-INDEX @ 57979.66 | PnL +6.25R | MFE 7.30R | Capture 86% | 7bars HoldEff +0.893R/bar
2026-07-17 13:37:31,157 - INFO - 🔴 EXIT (TRAILING_SL) [CFStructural_v3.2_RVOL0.8|uctural_v3.2_RVOL0.8]: NSE:NIFTYBANK-INDEX @ 57979.66 | PnL +6.25R | MFE 7.30R | Capture 86% | 7bars HoldEff +0.893R/bar
2026-07-17 13:37:31,181 - INFO - 🔴 EXIT (TRAILING_SL) [CFStructural_v3.2_RVOL1.0|uctural_v3.2_RVOL1.0]: NSE:NIFTYBANK-INDEX @ 57979.38 | PnL +4.50R | MFE 5.55R | Capture 81% | 3bars HoldEff +1.500R/bar
2026-07-17 13:37:31,203 - INFO - 🔴 EXIT (TRAILING_SL) [CFStructural_v3.2_RVOL0.8|uctural_v3.2_RVOL0.8]: NSE:NIFTYBANK-INDEX @ 57979.38 | PnL +4.50R | MFE 5.55R | Capture 81% | 3bars HoldEff +1.500R/bar
2026-07-17 13:37:31,222 - INFO - 🔴 EXIT (TRAILING_SL) [CFVWAP_Reversion_1.5ATR_RVOL1.0|rsion_1.5ATR_RVOL1.0]: NSE:NIFTYBANK-INDEX @ 57979.38 | PnL +4.50R | MFE 5.55R | Capture 81% | 3bars HoldEff +1.500R/bar
2026-07-17 13:37:31,240 - INFO - 🟡 UPDATE (TRAILING_SL) [CFStructural_v3.2_RVOL1.0|uctural_v3.2_RVOL1.0]: NSE:NIFTYBANK-INDEX @ 58059.55 | SL→58033.42 TP→58206.88
2026-07-17 13:37:31,259 - INFO - 🟡 UPDATE (TRAILING_SL) [CFStructural_v3.2_RVOL0.8|uctural_v3.2_RVOL0.8]: NSE:NIFTYBANK-INDEX @ 58059.55 | SL→58033.42 TP→58206.88
2026-07-17 13:37:38,578 - INFO - 👻 [EMA_Pullback_20_50_RVOL1.0] CF PULLBACK NSE:NIFTYBANK-INDEX BUY CALL | Rejected: ['LOW_EFFICIENCY']
2026-07-17 13:37:38,597 - INFO - 🟢 ENTRY [CF|EMA_Pullback_20_50_RVOL1.0|llback_20_50_RVOL1.0]: NSE:NIFTYBANK-INDEX BUY CALL @ 58059.55 | SL: 57998.48 TP: 58206.88
2026-07-17 13:42:39,434 - INFO - --- 13:42:39 Market Pulse ---
2026-07-17 13:42:40,298 - INFO - 🟡 UPDATE (TRAILING_SL) [CFGeometry_v1.0_Score35|eometry_v1.0_Score35]: NSE:NIFTY50-INDEX @ 24252.95 | SL→24272.21 TP→24249.33
2026-07-17 13:42:40,334 - INFO - 🟡 UPDATE (TRAILING_SL) [CFGeometry_v1.0_Score50|eometry_v1.0_Score50]: NSE:NIFTY50-INDEX @ 24252.95 | SL→24272.21 TP→24249.33
2026-07-17 13:42:40,367 - INFO - 🟡 UPDATE (TRAILING_SL) [CFStructural_v3.2_RVOL1.0|uctural_v3.2_RVOL1.0]: NSE:NIFTY50-INDEX @ 24252.95 | SL→24260.38 TP→24210.10
2026-07-17 13:42:40,397 - INFO - 🟡 UPDATE (TRAILING_SL) [CFStructural_v3.2_RVOL0.8|uctural_v3.2_RVOL0.8]: NSE:NIFTY50-INDEX @ 24252.95 | SL→24260.38 TP→24210.10
2026-07-17 13:42:40,426 - INFO - 🟡 UPDATE (TRAILING_SL) [CFVWAP_Reversion_1.5ATR_RVOL1.0|rsion_1.5ATR_RVOL1.0]: NSE:NIFTY50-INDEX @ 24252.95 | SL→24263.75 TP→24235.14
2026-07-17 13:42:40,452 - INFO - 🔴 EXIT (TRAILING_SL) [CFStructural_v3.2_RVOL1.0|uctural_v3.2_RVOL1.0]: NSE:NIFTYBANK-INDEX @ 58033.42 | PnL +2.87R | MFE 3.92R | Capture 73% | 2bars HoldEff +1.436R/bar
2026-07-17 13:42:40,475 - INFO - 🔴 EXIT (TRAILING_SL) [CFStructural_v3.2_RVOL0.8|uctural_v3.2_RVOL0.8]: NSE:NIFTYBANK-INDEX @ 58033.42 | PnL +2.87R | MFE 3.92R | Capture 73% | 2bars HoldEff +1.436R/bar
2026-07-17 13:42:40,497 - INFO - 🔴 EXIT (INITIAL_SL) [CFEMA_Pullback_20_50_RVOL1.0|llback_20_50_RVOL1.0]: NSE:NIFTYBANK-INDEX @ 57998.48 | PnL -1.05R | MFE 0.00R | Capture N/A | 1bars HoldEff -1.050R/bar
2026-07-17 13:42:47,911 - INFO - 👻 [Structural_v3.2_RVOL1.0] CF BREAKOUT NSE:NIFTYBANK-INDEX BUY CALL | Rejected: ['BIAS_MISMATCH', 'LOW_EFFICIENCY']
2026-07-17 13:42:47,930 - INFO - 🟢 ENTRY [CF|Structural_v3.2_RVOL1.0|uctural_v3.2_RVOL1.0]: NSE:NIFTYBANK-INDEX BUY CALL @ 57956.75 | SL: 57924.29 TP: 58206.88
2026-07-17 13:42:47,930 - INFO - 👻 [Structural_v3.2_RVOL0.8] CF BREAKOUT NSE:NIFTYBANK-INDEX BUY CALL | Rejected: ['BIAS_MISMATCH', 'LOW_EFFICIENCY']
2026-07-17 13:42:47,948 - INFO - 🟢 ENTRY [CF|Structural_v3.2_RVOL0.8|uctural_v3.2_RVOL0.8]: NSE:NIFTYBANK-INDEX BUY CALL @ 57956.75 | SL: 57924.29 TP: 58206.88
2026-07-17 13:47:48,678 - INFO - --- 13:47:48 Market Pulse ---
2026-07-17 13:47:49,631 - INFO - 🟡 UPDATE (TP_EXPANSION) [CFGeometry_v1.0_Score35|eometry_v1.0_Score35]: NSE:NIFTY50-INDEX @ 24236.80 | SL→24256.06 TP→24230.07
2026-07-17 13:47:49,668 - INFO - 🟡 UPDATE (TP_EXPANSION) [CFGeometry_v1.0_Score50|eometry_v1.0_Score50]: NSE:NIFTY50-INDEX @ 24236.80 | SL→24256.06 TP→24230.07
2026-07-17 13:47:49,701 - INFO - 🟡 UPDATE (TRAILING_SL) [CFStructural_v3.2_RVOL1.0|uctural_v3.2_RVOL1.0]: NSE:NIFTY50-INDEX @ 24236.80 | SL→24244.23 TP→24210.10
2026-07-17 13:47:49,725 - INFO - 🟡 UPDATE (TRAILING_SL) [CFStructural_v3.2_RVOL0.8|uctural_v3.2_RVOL0.8]: NSE:NIFTY50-INDEX @ 24236.80 | SL→24244.23 TP→24210.10
2026-07-17 13:47:49,747 - INFO - 🟡 UPDATE (TRAILING_SL) [CFVWAP_Reversion_1.5ATR_RVOL1.0|rsion_1.5ATR_RVOL1.0]: NSE:NIFTY50-INDEX @ 24236.80 | SL→24247.60 TP→24235.14
2026-07-17 13:47:49,766 - INFO - 🟡 UPDATE (TRAILING_SL) [CFStructural_v3.2_RVOL1.0|uctural_v3.2_RVOL1.0]: NSE:NIFTYBANK-INDEX @ 57960.65 | SL→57928.19 TP→58206.88
2026-07-17 13:47:49,784 - INFO - 🟡 UPDATE (TRAILING_SL) [CFStructural_v3.2_RVOL0.8|uctural_v3.2_RVOL0.8]: NSE:NIFTYBANK-INDEX @ 57960.65 | SL→57928.19 TP→58206.88
2026-07-17 13:47:53,658 - INFO - 🚀 SIGNAL: NSE:NIFTY50-INDEX BUY PUT | [Geometry_v1.0_Score35]
2026-07-17 13:47:53,659 - INFO -    Entry: 24236.8 | SL: 24240.72 | TP: 24187.42 (RR: 12.6)
2026-07-17 13:47:53,679 - INFO - 🟢 ENTRY [Geometry_v1.0_Score35|INDEX_1784276268]: NSE:NIFTY50-INDEX BUY PUT @ 24236.80 | SL: 24240.72 TP: 24187.42
2026-07-17 13:47:57,377 - INFO - 👻 [Structural_v3.2_RVOL1.0] CF BREAKOUT NSE:NIFTYBANK-INDEX BUY PUT | Rejected: ['LOW_RVOL', 'BIAS_MISMATCH', 'LOW_EFFICIENCY', 'HIGH_WICKINESS', 'TP_CAPPED']
2026-07-17 13:47:57,396 - INFO - 🟢 ENTRY [CF|Structural_v3.2_RVOL1.0|uctural_v3.2_RVOL1.0]: NSE:NIFTYBANK-INDEX BUY PUT @ 57960.65 | SL: 57994.34 TP: 57623.79
2026-07-17 13:47:57,396 - INFO - 👻 [Structural_v3.2_RVOL0.8] CF BREAKOUT NSE:NIFTYBANK-INDEX BUY PUT | Rejected: ['BIAS_MISMATCH', 'LOW_EFFICIENCY', 'HIGH_WICKINESS', 'TP_CAPPED']
2026-07-17 13:47:57,414 - INFO - 🟢 ENTRY [CF|Structural_v3.2_RVOL0.8|uctural_v3.2_RVOL0.8]: NSE:NIFTYBANK-INDEX BUY PUT @ 57960.65 | SL: 57994.34 TP: 57623.79
2026-07-17 13:47:57,414 - INFO - 👻 [Geometry_v1.0_Score35] CF CONFLUENCE_BOUNCE NSE:NIFTYBANK-INDEX BUY PUT | Rejected: ['LOW_RR:0.72']
2026-07-17 13:47:57,432 - INFO - 🟢 ENTRY [CF|Geometry_v1.0_Score35|eometry_v1.0_Score35]: NSE:NIFTYBANK-INDEX BUY PUT @ 57960.65 | SL: 57975.41 TP: 57950.00
2026-07-17 13:47:57,432 - INFO - 👻 [Geometry_v1.0_Score35] CF TRENDLINE_RETEST NSE:NIFTYBANK-INDEX BUY PUT | Rejected: ['LOW_RR:0.15']
2026-07-17 13:47:57,451 - INFO - 🟢 ENTRY [CF|Geometry_v1.0_Score35|eometry_v1.0_Score35]: NSE:NIFTYBANK-INDEX BUY PUT @ 57960.65 | SL: 58031.36 TP: 57950.00
2026-07-17 13:47:57,451 - INFO - 👻 [Geometry_v1.0_Score50] CF TRENDLINE_RETEST NSE:NIFTYBANK-INDEX BUY PUT | Rejected: ['LOW_RR:0.15']
2026-07-17 13:47:57,469 - INFO - 🟢 ENTRY [CF|Geometry_v1.0_Score50|eometry_v1.0_Score50]: NSE:NIFTYBANK-INDEX BUY PUT @ 57960.65 | SL: 58031.36 TP: 57950.00
2026-07-17 13:52:58,255 - INFO - --- 13:52:58 Market Pulse ---
2026-07-17 13:52:59,067 - INFO - 🟡 UPDATE (TRAILING_SL) [Geometry_v1.0_Score35|eometry_v1.0_Score35]: NSE:NIFTY50-INDEX @ 24224.15 | SL→24228.07 TP→24187.42
2026-07-17 13:52:59,105 - INFO - 🔴 EXIT (TRAILING_SL) [CFEMA_Pullback_20_50_RVOL1.0|llback_20_50_RVOL1.0]: NSE:NIFTY50-INDEX @ 24236.18 | PnL -0.07R | MFE 0.98R | Capture -7% | 30bars HoldEff -0.002R/bar
2026-07-17 13:52:59,135 - INFO - 🟡 UPDATE (TP_EXPANSION) [CFGeometry_v1.0_Score35|eometry_v1.0_Score35]: NSE:NIFTY50-INDEX @ 24224.15 | SL→24243.41 TP→24210.81
2026-07-17 13:52:59,163 - INFO - 🟡 UPDATE (TP_EXPANSION) [CFGeometry_v1.0_Score50|eometry_v1.0_Score50]: NSE:NIFTY50-INDEX @ 24224.15 | SL→24243.41 TP→24210.81
2026-07-17 13:52:59,189 - INFO - 🟡 UPDATE (TRAILING_SL) [CFStructural_v3.2_RVOL1.0|uctural_v3.2_RVOL1.0]: NSE:NIFTY50-INDEX @ 24224.15 | SL→24231.58 TP→24210.10
2026-07-17 13:52:59,216 - INFO - 🟡 UPDATE (TRAILING_SL) [CFStructural_v3.2_RVOL0.8|uctural_v3.2_RVOL0.8]: NSE:NIFTY50-INDEX @ 24224.15 | SL→24231.58 TP→24210.10
2026-07-17 13:52:59,242 - INFO - 🟡 UPDATE (TP_EXPANSION) [CFVWAP_Reversion_1.5ATR_RVOL1.0|rsion_1.5ATR_RVOL1.0]: NSE:NIFTY50-INDEX @ 24224.15 | SL→24234.95 TP→24224.34
2026-07-17 13:52:59,268 - INFO - 🟡 UPDATE (TRAILING_SL) [CFStructural_v3.2_RVOL1.0|uctural_v3.2_RVOL1.0]: NSE:NIFTYBANK-INDEX @ 58005.25 | SL→57972.79 TP→58206.88
2026-07-17 13:52:59,289 - INFO - 🟡 UPDATE (TRAILING_SL) [CFStructural_v3.2_RVOL0.8|uctural_v3.2_RVOL0.8]: NSE:NIFTYBANK-INDEX @ 58005.25 | SL→57972.79 TP→58206.88
2026-07-17 13:52:59,311 - INFO - 🔴 EXIT (INITIAL_SL) [CFStructural_v3.2_RVOL1.0|uctural_v3.2_RVOL1.0]: NSE:NIFTYBANK-INDEX @ 57994.34 | PnL -1.05R | MFE 0.00R | Capture N/A | 1bars HoldEff -1.050R/bar
2026-07-17 13:52:59,330 - INFO - 🔴 EXIT (INITIAL_SL) [CFStructural_v3.2_RVOL0.8|uctural_v3.2_RVOL0.8]: NSE:NIFTYBANK-INDEX @ 57994.34 | PnL -1.05R | MFE 0.00R | Capture N/A | 1bars HoldEff -1.050R/bar
2026-07-17 13:52:59,348 - INFO - 🔴 EXIT (INITIAL_SL) [CFGeometry_v1.0_Score35|eometry_v1.0_Score35]: NSE:NIFTYBANK-INDEX @ 57975.41 | PnL -1.05R | MFE 0.00R | Capture N/A | 1bars HoldEff -1.050R/bar
2026-07-17 13:53:07,031 - INFO - 👻 [Structural_v3.2_RVOL1.0] CF BREAKOUT NSE:NIFTYBANK-INDEX BUY PUT | Rejected: ['BIAS_MISMATCH', 'LOW_EFFICIENCY', 'HIGH_WICKINESS', 'TP_CAPPED']
2026-07-17 13:53:07,050 - INFO - 🟢 ENTRY [CF|Structural_v3.2_RVOL1.0|uctural_v3.2_RVOL1.0]: NSE:NIFTYBANK-INDEX BUY PUT @ 58005.25 | SL: 58040.50 TP: 57652.71
2026-07-17 13:53:07,050 - INFO - 👻 [Structural_v3.2_RVOL0.8] CF BREAKOUT NSE:NIFTYBANK-INDEX BUY PUT | Rejected: ['BIAS_MISMATCH', 'LOW_EFFICIENCY', 'HIGH_WICKINESS', 'TP_CAPPED']
2026-07-17 13:53:07,068 - INFO - 🟢 ENTRY [CF|Structural_v3.2_RVOL0.8|uctural_v3.2_RVOL0.8]: NSE:NIFTYBANK-INDEX BUY PUT @ 58005.25 | SL: 58040.50 TP: 57652.71
2026-07-17 13:53:07,068 - INFO - 👻 [EMA_Pullback_20_50_RVOL1.0] CF PULLBACK NSE:NIFTYBANK-INDEX BUY CALL | Rejected: ['LOW_EFFICIENCY']
2026-07-17 13:53:07,086 - INFO - 🟢 ENTRY [CF|EMA_Pullback_20_50_RVOL1.0|llback_20_50_RVOL1.0]: NSE:NIFTYBANK-INDEX BUY CALL @ 58005.25 | SL: 57970.00 TP: 58206.88
2026-07-17 13:58:07,883 - INFO - --- 13:58:07 Market Pulse ---
2026-07-17 13:58:08,728 - INFO - 🔴 EXIT (TRAILING_SL) [Geometry_v1.0_Score35|eometry_v1.0_Score35]: NSE:NIFTY50-INDEX @ 24228.07 | PnL +2.18R | MFE 3.23R | Capture 67% | 2bars HoldEff +1.089R/bar
2026-07-17 13:58:08,764 - INFO - 🔴 EXIT (TRAILING_SL) [CFStructural_v3.2_RVOL1.0|uctural_v3.2_RVOL1.0]: NSE:NIFTY50-INDEX @ 24231.58 | PnL +7.06R | MFE 8.11R | Capture 87% | 11bars HoldEff +0.642R/bar
2026-07-17 13:58:08,796 - INFO - 🔴 EXIT (TRAILING_SL) [CFStructural_v3.2_RVOL0.8|uctural_v3.2_RVOL0.8]: NSE:NIFTY50-INDEX @ 24231.58 | PnL +7.06R | MFE 8.11R | Capture 87% | 11bars HoldEff +0.642R/bar
2026-07-17 13:58:08,825 - INFO - 🔴 EXIT (TRAILING_SL) [CFVWAP_Reversion_1.5ATR_RVOL1.0|rsion_1.5ATR_RVOL1.0]: NSE:NIFTY50-INDEX @ 24234.95 | PnL +2.89R | MFE 3.94R | Capture 73% | 5bars HoldEff +0.577R/bar
2026-07-17 13:58:08,852 - INFO - 🟡 UPDATE (TRAILING_SL) [CFStructural_v3.2_RVOL1.0|uctural_v3.2_RVOL1.0]: NSE:NIFTYBANK-INDEX @ 58056.40 | SL→58023.94 TP→58206.88
2026-07-17 13:58:08,880 - INFO - 🟡 UPDATE (TRAILING_SL) [CFStructural_v3.2_RVOL0.8|uctural_v3.2_RVOL0.8]: NSE:NIFTYBANK-INDEX @ 58056.40 | SL→58023.94 TP→58206.88
2026-07-17 13:58:08,904 - INFO - 🔴 EXIT (INITIAL_SL) [CFGeometry_v1.0_Score35|eometry_v1.0_Score35]: NSE:NIFTYBANK-INDEX @ 58031.36 | PnL -1.05R | MFE 0.00R | Capture N/A | 2bars HoldEff -0.525R/bar
2026-07-17 13:58:08,927 - INFO - 🔴 EXIT (INITIAL_SL) [CFGeometry_v1.0_Score50|eometry_v1.0_Score50]: NSE:NIFTYBANK-INDEX @ 58031.36 | PnL -1.05R | MFE 0.00R | Capture N/A | 2bars HoldEff -0.525R/bar
2026-07-17 13:58:08,949 - INFO - 🔴 EXIT (INITIAL_SL) [CFStructural_v3.2_RVOL1.0|uctural_v3.2_RVOL1.0]: NSE:NIFTYBANK-INDEX @ 58040.50 | PnL -1.05R | MFE 0.00R | Capture N/A | 1bars HoldEff -1.050R/bar
2026-07-17 13:58:08,967 - INFO - 🔴 EXIT (INITIAL_SL) [CFStructural_v3.2_RVOL0.8|uctural_v3.2_RVOL0.8]: NSE:NIFTYBANK-INDEX @ 58040.50 | PnL -1.05R | MFE 0.00R | Capture N/A | 1bars HoldEff -1.050R/bar
2026-07-17 13:58:08,986 - INFO - 🟡 UPDATE (TRAILING_SL) [CFEMA_Pullback_20_50_RVOL1.0|llback_20_50_RVOL1.0]: NSE:NIFTYBANK-INDEX @ 58056.40 | SL→58021.15 TP→58206.88
2026-07-17 13:58:12,924 - INFO - 👻 [Structural_v3.2_RVOL1.0] CF BREAKOUT NSE:NIFTY50-INDEX BUY PUT | Rejected: ['LOW_RVOL', 'HIGH_WICKINESS', 'TP_CAPPED']
2026-07-17 13:58:12,942 - INFO - 🟢 ENTRY [CF|Structural_v3.2_RVOL1.0|uctural_v3.2_RVOL1.0]: NSE:NIFTY50-INDEX BUY PUT @ 24235.75 | SL: 24243.76 TP: 24155.70
2026-07-17 13:58:12,942 - INFO - 👻 [Structural_v3.2_RVOL0.8] CF BREAKOUT NSE:NIFTY50-INDEX BUY PUT | Rejected: ['LOW_RVOL', 'HIGH_WICKINESS', 'TP_CAPPED']
2026-07-17 13:58:12,960 - INFO - 🟢 ENTRY [CF|Structural_v3.2_RVOL0.8|uctural_v3.2_RVOL0.8]: NSE:NIFTY50-INDEX BUY PUT @ 24235.75 | SL: 24243.76 TP: 24155.70
2026-07-17 13:58:16,616 - INFO - 👻 [Structural_v3.2_RVOL1.0] CF BREAKOUT NSE:NIFTYBANK-INDEX BUY PUT | Rejected: ['BIAS_MISMATCH', 'LOW_EFFICIENCY', 'HIGH_WICKINESS', 'TP_CAPPED']
2026-07-17 13:58:16,635 - INFO - 🟢 ENTRY [CF|Structural_v3.2_RVOL1.0|uctural_v3.2_RVOL1.0]: NSE:NIFTYBANK-INDEX BUY PUT @ 58056.40 | SL: 58092.32 TP: 57697.24
2026-07-17 13:58:16,635 - INFO - 👻 [Structural_v3.2_RVOL0.8] CF BREAKOUT NSE:NIFTYBANK-INDEX BUY PUT | Rejected: ['BIAS_MISMATCH', 'LOW_EFFICIENCY', 'HIGH_WICKINESS', 'TP_CAPPED']
2026-07-17 13:58:16,653 - INFO - 🟢 ENTRY [CF|Structural_v3.2_RVOL0.8|uctural_v3.2_RVOL0.8]: NSE:NIFTYBANK-INDEX BUY PUT @ 58056.40 | SL: 58092.32 TP: 57697.24
2026-07-17 14:03:17,392 - INFO - --- 14:03:17 Market Pulse ---
2026-07-17 14:03:18,302 - INFO - 🟡 UPDATE (TRAILING_SL) [CFStructural_v3.2_RVOL1.0|uctural_v3.2_RVOL1.0]: NSE:NIFTYBANK-INDEX @ 58054.45 | SL→58090.37 TP→57697.24
2026-07-17 14:03:18,339 - INFO - 🟡 UPDATE (TRAILING_SL) [CFStructural_v3.2_RVOL0.8|uctural_v3.2_RVOL0.8]: NSE:NIFTYBANK-INDEX @ 58054.45 | SL→58090.37 TP→57697.24
2026-07-17 14:03:22,332 - INFO - 👻 [EMA_Pullback_20_50_RVOL1.0] CF PULLBACK NSE:NIFTY50-INDEX BUY CALL | Rejected: ['LOW_RVOL', 'BIAS_MISMATCH', 'LOW_EFFICIENCY']
2026-07-17 14:03:22,352 - INFO - 🟢 ENTRY [CF|EMA_Pullback_20_50_RVOL1.0|llback_20_50_RVOL1.0]: NSE:NIFTY50-INDEX BUY CALL @ 24243.25 | SL: 24235.28 TP: 24259.19
2026-07-17 14:03:25,960 - INFO - 👻 [Geometry_v1.0_Score35] CF CONFLUENCE_BOUNCE NSE:NIFTYBANK-INDEX BUY PUT | Rejected: ['LOW_RR:1.08']
2026-07-17 14:03:25,978 - INFO - 🟢 ENTRY [CF|Geometry_v1.0_Score35|eometry_v1.0_Score35]: NSE:NIFTYBANK-INDEX BUY PUT @ 58054.45 | SL: 58070.91 TP: 58036.65
2026-07-17 14:03:25,978 - INFO - 👻 [Geometry_v1.0_Score50] CF CONFLUENCE_BOUNCE NSE:NIFTYBANK-INDEX BUY PUT | Rejected: ['LOW_RR:1.08']
2026-07-17 14:03:25,997 - INFO - 🟢 ENTRY [CF|Geometry_v1.0_Score50|eometry_v1.0_Score50]: NSE:NIFTYBANK-INDEX BUY PUT @ 58054.45 | SL: 58070.91 TP: 58036.65
2026-07-17 14:08:26,818 - INFO - --- 14:08:26 Market Pulse ---
2026-07-17 14:08:28,077 - INFO - 🔴 EXIT (TRAILING_SL) [CFGeometry_v1.0_Score35|eometry_v1.0_Score35]: NSE:NIFTY50-INDEX @ 24243.41 | PnL +1.74R | MFE 2.79R | Capture 62% | 15bars HoldEff +0.116R/bar
2026-07-17 14:08:28,113 - INFO - 🔴 EXIT (TRAILING_SL) [CFGeometry_v1.0_Score50|eometry_v1.0_Score50]: NSE:NIFTY50-INDEX @ 24243.41 | PnL +1.74R | MFE 2.79R | Capture 62% | 15bars HoldEff +0.116R/bar
2026-07-17 14:08:28,148 - INFO - 🟡 UPDATE (TRAILING_SL) [CFStructural_v3.2_RVOL1.0|uctural_v3.2_RVOL1.0]: NSE:NIFTYBANK-INDEX @ 58084.90 | SL→58052.44 TP→58206.88
2026-07-17 14:08:28,178 - INFO - 🟡 UPDATE (TRAILING_SL) [CFStructural_v3.2_RVOL0.8|uctural_v3.2_RVOL0.8]: NSE:NIFTYBANK-INDEX @ 58084.90 | SL→58052.44 TP→58206.88
2026-07-17 14:08:28,206 - INFO - 🟡 UPDATE (TRAILING_SL) [CFEMA_Pullback_20_50_RVOL1.0|llback_20_50_RVOL1.0]: NSE:NIFTYBANK-INDEX @ 58084.90 | SL→58049.65 TP→58206.88
2026-07-17 14:08:28,233 - INFO - 🔴 EXIT (INITIAL_SL) [CFStructural_v3.2_RVOL1.0|uctural_v3.2_RVOL1.0]: NSE:NIFTY50-INDEX @ 24243.76 | PnL -1.05R | MFE 0.00R | Capture N/A | 2bars HoldEff -0.525R/bar
2026-07-17 14:08:28,261 - INFO - 🔴 EXIT (INITIAL_SL) [CFStructural_v3.2_RVOL0.8|uctural_v3.2_RVOL0.8]: NSE:NIFTY50-INDEX @ 24243.76 | PnL -1.05R | MFE 0.00R | Capture N/A | 2bars HoldEff -0.525R/bar
2026-07-17 14:08:28,287 - INFO - 🟡 UPDATE (TRAILING_SL) [CFEMA_Pullback_20_50_RVOL1.0|llback_20_50_RVOL1.0]: NSE:NIFTY50-INDEX @ 24248.80 | SL→24240.83 TP→24259.19
2026-07-17 14:08:28,313 - INFO - 🔴 EXIT (INITIAL_SL) [CFGeometry_v1.0_Score35|eometry_v1.0_Score35]: NSE:NIFTYBANK-INDEX @ 58070.91 | PnL -1.05R | MFE 0.00R | Capture N/A | 1bars HoldEff -1.050R/bar
2026-07-17 14:08:28,339 - INFO - 🔴 EXIT (INITIAL_SL) [CFGeometry_v1.0_Score50|eometry_v1.0_Score50]: NSE:NIFTYBANK-INDEX @ 58070.91 | PnL -1.05R | MFE 0.00R | Capture N/A | 1bars HoldEff -1.050R/bar
2026-07-17 14:08:32,435 - INFO - 👻 [Structural_v3.2_RVOL1.0] CF BREAKOUT NSE:NIFTY50-INDEX BUY PUT | Rejected: ['LOW_RVOL', 'LOW_EFFICIENCY', 'HIGH_WICKINESS', 'TP_CAPPED']
2026-07-17 14:08:32,454 - INFO - 🟢 ENTRY [CF|Structural_v3.2_RVOL1.0|uctural_v3.2_RVOL1.0]: NSE:NIFTY50-INDEX BUY PUT @ 24248.80 | SL: 24256.75 TP: 24169.34
2026-07-17 14:08:32,454 - INFO - 👻 [Structural_v3.2_RVOL0.8] CF BREAKOUT NSE:NIFTY50-INDEX BUY PUT | Rejected: ['LOW_RVOL', 'LOW_EFFICIENCY', 'HIGH_WICKINESS', 'TP_CAPPED']
2026-07-17 14:08:32,472 - INFO - 🟢 ENTRY [CF|Structural_v3.2_RVOL0.8|uctural_v3.2_RVOL0.8]: NSE:NIFTY50-INDEX BUY PUT @ 24248.80 | SL: 24256.75 TP: 24169.34
2026-07-17 14:13:36,864 - INFO - --- 14:13:36 Market Pulse ---
2026-07-17 14:13:37,733 - INFO - 🟡 UPDATE (TRAILING_SL) [CFStructural_v3.2_RVOL1.0|uctural_v3.2_RVOL1.0]: NSE:NIFTYBANK-INDEX @ 58183.50 | SL→58151.04 TP→58206.88
2026-07-17 14:13:37,768 - INFO - 🟡 UPDATE (TRAILING_SL) [CFStructural_v3.2_RVOL0.8|uctural_v3.2_RVOL0.8]: NSE:NIFTYBANK-INDEX @ 58183.50 | SL→58151.04 TP→58206.88
2026-07-17 14:13:37,798 - INFO - 🟡 UPDATE (TRAILING_SL) [CFEMA_Pullback_20_50_RVOL1.0|llback_20_50_RVOL1.0]: NSE:NIFTYBANK-INDEX @ 58183.50 | SL→58148.25 TP→58206.88
2026-07-17 14:13:37,830 - INFO - 🔴 EXIT (TRAILING_SL) [CFStructural_v3.2_RVOL1.0|uctural_v3.2_RVOL1.0]: NSE:NIFTYBANK-INDEX @ 58090.37 | PnL -1.00R | MFE 0.05R | Capture -1834% | 3bars HoldEff -0.332R/bar
2026-07-17 14:13:37,858 - INFO - 🔴 EXIT (TRAILING_SL) [CFStructural_v3.2_RVOL0.8|uctural_v3.2_RVOL0.8]: NSE:NIFTYBANK-INDEX @ 58090.37 | PnL -1.00R | MFE 0.05R | Capture -1834% | 3bars HoldEff -0.332R/bar
2026-07-17 14:13:37,884 - INFO - 🟡 UPDATE (TP_EXPANSION) [CFEMA_Pullback_20_50_RVOL1.0|llback_20_50_RVOL1.0]: NSE:NIFTY50-INDEX @ 24275.30 | SL→24267.33 TP→24267.16
2026-07-17 14:13:37,907 - INFO - 🔴 EXIT (INITIAL_SL) [CFStructural_v3.2_RVOL1.0|uctural_v3.2_RVOL1.0]: NSE:NIFTY50-INDEX @ 24256.75 | PnL -1.05R | MFE 0.00R | Capture N/A | 1bars HoldEff -1.050R/bar
2026-07-17 14:13:37,929 - INFO - 🔴 EXIT (INITIAL_SL) [CFStructural_v3.2_RVOL0.8|uctural_v3.2_RVOL0.8]: NSE:NIFTY50-INDEX @ 24256.75 | PnL -1.05R | MFE 0.00R | Capture N/A | 1bars HoldEff -1.050R/bar
2026-07-17 14:13:42,070 - INFO - 👻 [Structural_v3.2_RVOL1.0] CF BREAKOUT NSE:NIFTY50-INDEX BUY PUT | Rejected: ['LOW_RVOL', 'LOW_EFFICIENCY', 'TP_CAPPED']
2026-07-17 14:13:42,089 - INFO - 🟢 ENTRY [CF|Structural_v3.2_RVOL1.0|uctural_v3.2_RVOL1.0]: NSE:NIFTY50-INDEX BUY PUT @ 24275.30 | SL: 24283.71 TP: 24191.19
2026-07-17 14:13:42,089 - INFO - 👻 [Structural_v3.2_RVOL0.8] CF BREAKOUT NSE:NIFTY50-INDEX BUY PUT | Rejected: ['LOW_RVOL', 'LOW_EFFICIENCY', 'TP_CAPPED']
2026-07-17 14:13:42,107 - INFO - 🟢 ENTRY [CF|Structural_v3.2_RVOL0.8|uctural_v3.2_RVOL0.8]: NSE:NIFTY50-INDEX BUY PUT @ 24275.30 | SL: 24283.71 TP: 24191.19
2026-07-17 14:13:45,869 - INFO - 👻 [Structural_v3.2_RVOL1.0] CF BREAKOUT NSE:NIFTYBANK-INDEX BUY PUT | Rejected: ['BIAS_MISMATCH', 'LOW_EFFICIENCY', 'TP_CAPPED']
2026-07-17 14:13:45,888 - INFO - 🟢 ENTRY [CF|Structural_v3.2_RVOL1.0|uctural_v3.2_RVOL1.0]: NSE:NIFTYBANK-INDEX BUY PUT @ 58183.50 | SL: 58221.02 TP: 57808.29
2026-07-17 14:13:45,888 - INFO - 👻 [Structural_v3.2_RVOL0.8] CF BREAKOUT NSE:NIFTYBANK-INDEX BUY PUT | Rejected: ['BIAS_MISMATCH', 'LOW_EFFICIENCY', 'TP_CAPPED']
2026-07-17 14:13:45,906 - INFO - 🟢 ENTRY [CF|Structural_v3.2_RVOL0.8|uctural_v3.2_RVOL0.8]: NSE:NIFTYBANK-INDEX BUY PUT @ 58183.50 | SL: 58221.02 TP: 57808.29
2026-07-17 14:18:46,618 - INFO - --- 14:18:46 Market Pulse ---
2026-07-17 14:18:47,686 - INFO - 🟡 UPDATE (TP_EXPANSION) [CFStructural_v3.2_RVOL1.0|uctural_v3.2_RVOL1.0]: NSE:NIFTYBANK-INDEX @ 58440.85 | SL→58408.39 TP→58239.34
2026-07-17 14:18:47,711 - INFO - 🟡 UPDATE (TP_EXPANSION) [CFStructural_v3.2_RVOL0.8|uctural_v3.2_RVOL0.8]: NSE:NIFTYBANK-INDEX @ 58440.85 | SL→58408.39 TP→58239.34
2026-07-17 14:18:47,735 - INFO - 🟡 UPDATE (TP_EXPANSION) [CFEMA_Pullback_20_50_RVOL1.0|llback_20_50_RVOL1.0]: NSE:NIFTYBANK-INDEX @ 58440.85 | SL→58405.60 TP→58242.14
2026-07-17 14:18:47,756 - INFO - 🟡 UPDATE (TP_EXPANSION) [CFEMA_Pullback_20_50_RVOL1.0|llback_20_50_RVOL1.0]: NSE:NIFTY50-INDEX @ 24339.00 | SL→24331.03 TP→24275.13
2026-07-17 14:18:47,776 - INFO - 🔴 EXIT (INITIAL_SL) [CFStructural_v3.2_RVOL1.0|uctural_v3.2_RVOL1.0]: NSE:NIFTY50-INDEX @ 24283.71 | PnL -1.05R | MFE 0.00R | Capture N/A | 1bars HoldEff -1.050R/bar
2026-07-17 14:18:47,795 - INFO - 🔴 EXIT (INITIAL_SL) [CFStructural_v3.2_RVOL0.8|uctural_v3.2_RVOL0.8]: NSE:NIFTY50-INDEX @ 24283.71 | PnL -1.05R | MFE 0.00R | Capture N/A | 1bars HoldEff -1.050R/bar
2026-07-17 14:18:47,813 - INFO - 🔴 EXIT (INITIAL_SL) [CFStructural_v3.2_RVOL1.0|uctural_v3.2_RVOL1.0]: NSE:NIFTYBANK-INDEX @ 58221.02 | PnL -1.05R | MFE 0.00R | Capture N/A | 1bars HoldEff -1.050R/bar
2026-07-17 14:18:47,831 - INFO - 🔴 EXIT (INITIAL_SL) [CFStructural_v3.2_RVOL0.8|uctural_v3.2_RVOL0.8]: NSE:NIFTYBANK-INDEX @ 58221.02 | PnL -1.05R | MFE 0.00R | Capture N/A | 1bars HoldEff -1.050R/bar
2026-07-17 14:18:52,051 - INFO - 👻 [Structural_v3.2_RVOL1.0] CF BREAKOUT NSE:NIFTY50-INDEX BUY PUT | Rejected: ['LOW_EFFICIENCY', 'TP_CAPPED']
2026-07-17 14:18:52,070 - INFO - 🟢 ENTRY [CF|Structural_v3.2_RVOL1.0|uctural_v3.2_RVOL1.0]: NSE:NIFTY50-INDEX BUY PUT @ 24339.00 | SL: 24350.35 TP: 24225.48
2026-07-17 14:18:52,070 - INFO - 👻 [Structural_v3.2_RVOL0.8] CF BREAKOUT NSE:NIFTY50-INDEX BUY PUT | Rejected: ['LOW_EFFICIENCY', 'TP_CAPPED']
2026-07-17 14:18:52,089 - INFO - 🟢 ENTRY [CF|Structural_v3.2_RVOL0.8|uctural_v3.2_RVOL0.8]: NSE:NIFTY50-INDEX BUY PUT @ 24339.00 | SL: 24350.35 TP: 24225.48
2026-07-17 14:18:55,915 - INFO - 👻 [Structural_v3.2_RVOL1.0] CF BREAKOUT NSE:NIFTYBANK-INDEX BUY PUT | Rejected: ['BIAS_MISMATCH', 'TP_CAPPED']
2026-07-17 14:18:55,933 - INFO - 🟢 ENTRY [CF|Structural_v3.2_RVOL1.0|uctural_v3.2_RVOL1.0]: NSE:NIFTYBANK-INDEX BUY PUT @ 58440.85 | SL: 58489.19 TP: 57957.42
2026-07-17 14:18:55,934 - INFO - 👻 [Structural_v3.2_RVOL0.8] CF BREAKOUT NSE:NIFTYBANK-INDEX BUY PUT | Rejected: ['BIAS_MISMATCH', 'TP_CAPPED']
2026-07-17 14:18:55,952 - INFO - 🟢 ENTRY [CF|Structural_v3.2_RVOL0.8|uctural_v3.2_RVOL0.8]: NSE:NIFTYBANK-INDEX BUY PUT @ 58440.85 | SL: 58489.19 TP: 57957.42
2026-07-17 14:23:56,736 - INFO - --- 14:23:56 Market Pulse ---
2026-07-17 14:23:57,826 - INFO - 🔴 EXIT (TRAILING_SL) [CFStructural_v3.2_RVOL1.0|uctural_v3.2_RVOL1.0]: NSE:NIFTYBANK-INDEX @ 58408.39 | PnL +13.86R | MFE 14.91R | Capture 93% | 8bars HoldEff +1.733R/bar
2026-07-17 14:23:57,853 - INFO - 🔴 EXIT (TRAILING_SL) [CFStructural_v3.2_RVOL0.8|uctural_v3.2_RVOL0.8]: NSE:NIFTYBANK-INDEX @ 58408.39 | PnL +13.86R | MFE 14.91R | Capture 93% | 8bars HoldEff +1.733R/bar
2026-07-17 14:23:57,877 - INFO - 🔴 EXIT (TRAILING_SL) [CFEMA_Pullback_20_50_RVOL1.0|llback_20_50_RVOL1.0]: NSE:NIFTYBANK-INDEX @ 58405.60 | PnL +11.31R | MFE 12.36R | Capture 92% | 6bars HoldEff +1.884R/bar
2026-07-17 14:23:57,899 - INFO - 🔴 EXIT (TRAILING_SL) [CFEMA_Pullback_20_50_RVOL1.0|llback_20_50_RVOL1.0]: NSE:NIFTY50-INDEX @ 24331.03 | PnL +10.96R | MFE 12.01R | Capture 91% | 4bars HoldEff +2.741R/bar
2026-07-17 14:23:57,918 - INFO - 🟡 UPDATE (TRAILING_SL) [CFStructural_v3.2_RVOL1.0|uctural_v3.2_RVOL1.0]: NSE:NIFTY50-INDEX @ 24294.25 | SL→24305.60 TP→24225.48
2026-07-17 14:23:57,938 - INFO - 🟡 UPDATE (TRAILING_SL) [CFStructural_v3.2_RVOL0.8|uctural_v3.2_RVOL0.8]: NSE:NIFTY50-INDEX @ 24294.25 | SL→24305.60 TP→24225.48
2026-07-17 14:23:57,956 - INFO - 🟡 UPDATE (TRAILING_SL) [CFStructural_v3.2_RVOL1.0|uctural_v3.2_RVOL1.0]: NSE:NIFTYBANK-INDEX @ 58304.85 | SL→58353.19 TP→57957.42
2026-07-17 14:23:57,974 - INFO - 🟡 UPDATE (TRAILING_SL) [CFStructural_v3.2_RVOL0.8|uctural_v3.2_RVOL0.8]: NSE:NIFTYBANK-INDEX @ 58304.85 | SL→58353.19 TP→57957.42
2026-07-17 14:29:06,807 - INFO - --- 14:29:06 Market Pulse ---
2026-07-17 14:29:07,711 - INFO - 🔴 EXIT (TRAILING_SL) [CFStructural_v3.2_RVOL1.0|uctural_v3.2_RVOL1.0]: NSE:NIFTYBANK-INDEX @ 58353.19 | PnL +1.76R | MFE 2.81R | Capture 63% | 2bars HoldEff +0.882R/bar
2026-07-17 14:29:07,751 - INFO - 🔴 EXIT (TRAILING_SL) [CFStructural_v3.2_RVOL0.8|uctural_v3.2_RVOL0.8]: NSE:NIFTYBANK-INDEX @ 58353.19 | PnL +1.76R | MFE 2.81R | Capture 63% | 2bars HoldEff +0.882R/bar
2026-07-17 14:29:15,796 - INFO - 👻 [Structural_v3.2_RVOL1.0] CF BREAKOUT NSE:NIFTYBANK-INDEX BUY PUT | Rejected: ['BIAS_MISMATCH', 'HIGH_WICKINESS', 'TP_CAPPED']
2026-07-17 14:29:15,815 - INFO - 🟢 ENTRY [CF|Structural_v3.2_RVOL1.0|uctural_v3.2_RVOL1.0]: NSE:NIFTYBANK-INDEX BUY PUT @ 58443.05 | SL: 58496.44 TP: 57909.16
2026-07-17 14:29:15,815 - INFO - 👻 [Structural_v3.2_RVOL0.8] CF BREAKOUT NSE:NIFTYBANK-INDEX BUY PUT | Rejected: ['BIAS_MISMATCH', 'HIGH_WICKINESS', 'TP_CAPPED']
2026-07-17 14:29:15,833 - INFO - 🟢 ENTRY [CF|Structural_v3.2_RVOL0.8|uctural_v3.2_RVOL0.8]: NSE:NIFTYBANK-INDEX BUY PUT @ 58443.05 | SL: 58496.44 TP: 57909.16
2026-07-17 14:29:15,833 - INFO - 🚀 SIGNAL: NSE:NIFTYBANK-INDEX BUY CALL | [Geometry_v1.0_Score35]
2026-07-17 14:29:15,833 - INFO -    Entry: 58443.05 | SL: 58433.06 | TP: 58459.99 (RR: 1.7)
2026-07-17 14:29:15,852 - INFO - 🟢 ENTRY [Geometry_v1.0_Score35|INDEX_1784278746]: NSE:NIFTYBANK-INDEX BUY CALL @ 58443.05 | SL: 58433.06 TP: 58459.99
2026-07-17 14:34:16,676 - INFO - --- 14:34:16 Market Pulse ---
2026-07-17 14:34:17,687 - INFO - 🔴 EXIT (INITIAL_SL) [Geometry_v1.0_Score35|eometry_v1.0_Score35]: NSE:NIFTYBANK-INDEX @ 58433.06 | PnL -1.05R | MFE 0.00R | Capture N/A | 1bars HoldEff -1.050R/bar
2026-07-17 14:34:17,720 - INFO - 🟡 UPDATE (TRAILING_SL) [CFStructural_v3.2_RVOL1.0|uctural_v3.2_RVOL1.0]: NSE:NIFTYBANK-INDEX @ 58425.95 | SL→58479.34 TP→57909.16
2026-07-17 14:34:17,745 - INFO - 🟡 UPDATE (TRAILING_SL) [CFStructural_v3.2_RVOL0.8|uctural_v3.2_RVOL0.8]: NSE:NIFTYBANK-INDEX @ 58425.95 | SL→58479.34 TP→57909.16
2026-07-17 14:34:22,048 - INFO - 👻 [Geometry_v1.0_Score35] CF TRENDLINE_RETEST NSE:NIFTY50-INDEX BUY CALL | Rejected: ['LOW_RR:0.2']
2026-07-17 14:34:22,067 - INFO - 🟢 ENTRY [CF|Geometry_v1.0_Score35|eometry_v1.0_Score35]: NSE:NIFTY50-INDEX BUY CALL @ 24297.05 | SL: 24283.02 TP: 24299.79
2026-07-17 14:34:22,067 - INFO - 👻 [Geometry_v1.0_Score50] CF TRENDLINE_RETEST NSE:NIFTY50-INDEX BUY CALL | Rejected: ['LOW_RR:0.2']
2026-07-17 14:34:22,085 - INFO - 🟢 ENTRY [CF|Geometry_v1.0_Score50|eometry_v1.0_Score50]: NSE:NIFTY50-INDEX BUY CALL @ 24297.05 | SL: 24283.02 TP: 24299.79
2026-07-17 14:34:26,061 - INFO - 👻 [Geometry_v1.0_Score35] CF TRENDLINE_RETEST NSE:NIFTYBANK-INDEX BUY CALL | Rejected: ['LOW_RR:0.49']
2026-07-17 14:34:26,079 - INFO - 🟢 ENTRY [CF|Geometry_v1.0_Score35|eometry_v1.0_Score35]: NSE:NIFTYBANK-INDEX BUY CALL @ 58425.95 | SL: 58376.55 TP: 58450.00
2026-07-17 14:34:26,079 - INFO - 👻 [Geometry_v1.0_Score50] CF TRENDLINE_RETEST NSE:NIFTYBANK-INDEX BUY CALL | Rejected: ['LOW_RR:0.49']
2026-07-17 14:34:26,097 - INFO - 🟢 ENTRY [CF|Geometry_v1.0_Score50|eometry_v1.0_Score50]: NSE:NIFTYBANK-INDEX BUY CALL @ 58425.95 | SL: 58376.55 TP: 58450.00
2026-07-17 14:39:26,926 - INFO - --- 14:39:26 Market Pulse ---
2026-07-17 14:39:28,084 - INFO - 🟡 UPDATE (TRAILING_SL) [CFStructural_v3.2_RVOL1.0|uctural_v3.2_RVOL1.0]: NSE:NIFTYBANK-INDEX @ 58420.25 | SL→58473.64 TP→57909.16
2026-07-17 14:39:28,112 - INFO - 🟡 UPDATE (TRAILING_SL) [CFStructural_v3.2_RVOL0.8|uctural_v3.2_RVOL0.8]: NSE:NIFTYBANK-INDEX @ 58420.25 | SL→58473.64 TP→57909.16
2026-07-17 14:39:28,135 - INFO - 🟡 UPDATE (TRAILING_SL) [CFGeometry_v1.0_Score35|eometry_v1.0_Score35]: NSE:NIFTY50-INDEX @ 24298.20 | SL→24284.17 TP→24299.79
2026-07-17 14:39:28,156 - INFO - 🟡 UPDATE (TRAILING_SL) [CFGeometry_v1.0_Score50|eometry_v1.0_Score50]: NSE:NIFTY50-INDEX @ 24298.20 | SL→24284.17 TP→24299.79
2026-07-17 14:39:36,519 - INFO - 🚀 SIGNAL: NSE:NIFTYBANK-INDEX BUY PUT | [VWAP_Reversion_1.5ATR_RVOL1.0]
2026-07-17 14:39:36,519 - INFO -    Entry: 58420.25 | SL: 58474.065 | TP: 58077.59220598469 (RR: 6.37)
2026-07-17 14:39:36,539 - INFO - 🟢 ENTRY [VWAP_Reversion_1.5ATR_RVOL1.0|INDEX_1784279366]: NSE:NIFTYBANK-INDEX BUY PUT @ 58420.25 | SL: 58474.07 TP: 58077.59
2026-07-17 14:44:37,321 - INFO - --- 14:44:37 Market Pulse ---
2026-07-17 14:44:38,193 - INFO - 🔴 EXIT (TRAILING_SL) [CFStructural_v3.2_RVOL1.0|uctural_v3.2_RVOL1.0]: NSE:NIFTY50-INDEX @ 24305.60 | PnL +2.89R | MFE 3.94R | Capture 73% | 5bars HoldEff +0.578R/bar
2026-07-17 14:44:38,233 - INFO - 🔴 EXIT (TRAILING_SL) [CFStructural_v3.2_RVOL0.8|uctural_v3.2_RVOL0.8]: NSE:NIFTY50-INDEX @ 24305.60 | PnL +2.89R | MFE 3.94R | Capture 73% | 5bars HoldEff +0.578R/bar
2026-07-17 14:44:38,265 - INFO - 🟡 UPDATE (TP_EXPANSION) [CFGeometry_v1.0_Score35|eometry_v1.0_Score35]: NSE:NIFTY50-INDEX @ 24317.70 | SL→24303.67 TP→24313.82
2026-07-17 14:44:38,294 - INFO - 🟡 UPDATE (TP_EXPANSION) [CFGeometry_v1.0_Score50|eometry_v1.0_Score50]: NSE:NIFTY50-INDEX @ 24317.70 | SL→24303.67 TP→24313.82
2026-07-17 14:44:38,322 - INFO - 🟡 UPDATE (TP_EXPANSION) [CFGeometry_v1.0_Score35|eometry_v1.0_Score35]: NSE:NIFTYBANK-INDEX @ 58451.90 | SL→58402.50 TP→58499.40
2026-07-17 14:44:38,348 - INFO - 🟡 UPDATE (TP_EXPANSION) [CFGeometry_v1.0_Score50|eometry_v1.0_Score50]: NSE:NIFTYBANK-INDEX @ 58451.90 | SL→58402.50 TP→58499.40
2026-07-17 14:44:42,807 - INFO - 👻 [Structural_v3.2_RVOL1.0] CF BREAKOUT NSE:NIFTY50-INDEX BUY PUT | Rejected: ['LOW_RVOL', 'HIGH_WICKINESS', 'TP_CAPPED']
2026-07-17 14:44:42,826 - INFO - 🟢 ENTRY [CF|Structural_v3.2_RVOL1.0|uctural_v3.2_RVOL1.0]: NSE:NIFTY50-INDEX BUY PUT @ 24317.70 | SL: 24330.61 TP: 24188.63
2026-07-17 14:44:42,826 - INFO - 👻 [Structural_v3.2_RVOL0.8] CF BREAKOUT NSE:NIFTY50-INDEX BUY PUT | Rejected: ['HIGH_WICKINESS', 'TP_CAPPED']
2026-07-17 14:44:42,845 - INFO - 🟢 ENTRY [CF|Structural_v3.2_RVOL0.8|uctural_v3.2_RVOL0.8]: NSE:NIFTY50-INDEX BUY PUT @ 24317.70 | SL: 24330.61 TP: 24188.63
2026-07-17 14:49:47,606 - INFO - --- 14:49:47 Market Pulse ---
2026-07-17 14:49:48,471 - INFO - 🟡 UPDATE (TP_EXPANSION) [CFGeometry_v1.0_Score35|eometry_v1.0_Score35]: NSE:NIFTY50-INDEX @ 24326.20 | SL→24312.17 TP→24327.85
2026-07-17 14:49:48,505 - INFO - 🟡 UPDATE (TP_EXPANSION) [CFGeometry_v1.0_Score50|eometry_v1.0_Score50]: NSE:NIFTY50-INDEX @ 24326.20 | SL→24312.17 TP→24327.85
2026-07-17 14:49:48,538 - INFO - 🟡 UPDATE (TRAILING_SL) [CFGeometry_v1.0_Score35|eometry_v1.0_Score35]: NSE:NIFTYBANK-INDEX @ 58462.35 | SL→58412.95 TP→58499.40
2026-07-17 14:49:48,565 - INFO - 🟡 UPDATE (TRAILING_SL) [CFGeometry_v1.0_Score50|eometry_v1.0_Score50]: NSE:NIFTYBANK-INDEX @ 58462.35 | SL→58412.95 TP→58499.40
2026-07-17 14:54:57,675 - INFO - --- 14:54:57 Market Pulse ---
2026-07-17 15:00:08,041 - INFO - --- 15:00:08 Market Pulse ---
2026-07-17 15:00:08,941 - INFO - 🔴 EXIT (INITIAL_SL) [VWAP_Reversion_1.5ATR_RVOL1.0|rsion_1.5ATR_RVOL1.0]: NSE:NIFTYBANK-INDEX @ 58474.07 | PnL -1.05R | MFE 0.00R | Capture N/A | 4bars HoldEff -0.263R/bar
2026-07-17 15:00:08,977 - INFO - 🔴 EXIT (TRAILING_SL) [CFStructural_v3.2_RVOL1.0|uctural_v3.2_RVOL1.0]: NSE:NIFTYBANK-INDEX @ 58473.64 | PnL -0.62R | MFE 0.43R | Capture -146% | 6bars HoldEff -0.104R/bar
2026-07-17 15:00:09,008 - INFO - 🔴 EXIT (TRAILING_SL) [CFStructural_v3.2_RVOL0.8|uctural_v3.2_RVOL0.8]: NSE:NIFTYBANK-INDEX @ 58473.64 | PnL -0.62R | MFE 0.43R | Capture -146% | 6bars HoldEff -0.104R/bar
2026-07-17 15:00:09,038 - INFO - 🟡 UPDATE (TRAILING_SL) [CFGeometry_v1.0_Score35|eometry_v1.0_Score35]: NSE:NIFTYBANK-INDEX @ 58498.00 | SL→58448.60 TP→58499.40
2026-07-17 15:00:09,064 - INFO - 🟡 UPDATE (TRAILING_SL) [CFGeometry_v1.0_Score50|eometry_v1.0_Score50]: NSE:NIFTYBANK-INDEX @ 58498.00 | SL→58448.60 TP→58499.40
2026-07-17 15:00:09,088 - INFO - 🟡 UPDATE (TRAILING_SL) [CFStructural_v3.2_RVOL1.0|uctural_v3.2_RVOL1.0]: NSE:NIFTY50-INDEX @ 24313.55 | SL→24326.46 TP→24188.63
2026-07-17 15:00:09,109 - INFO - 🟡 UPDATE (TRAILING_SL) [CFStructural_v3.2_RVOL0.8|uctural_v3.2_RVOL0.8]: NSE:NIFTY50-INDEX @ 24313.55 | SL→24326.46 TP→24188.63
2026-07-17 15:00:13,533 - INFO - ⚡ [Structural_v3.2_RVOL1.0] warnings: ['VERY_LOW_RVOL:0.02']
2026-07-17 15:00:13,546 - INFO - ⚡ [Structural_v3.2_RVOL0.8] warnings: ['VERY_LOW_RVOL:0.02']
2026-07-17 15:00:13,550 - INFO - ⚡ [Structural_v3.2_RVOL1.0] warnings: ['VERY_LOW_RVOL:0.02']
2026-07-17 15:00:13,550 - INFO - ⚡ [Structural_v3.2_RVOL0.8] warnings: ['VERY_LOW_RVOL:0.02']
2026-07-17 15:00:13,550 - INFO - 🚀 SIGNAL: NSE:NIFTY50-INDEX BUY CALL | [Geometry_v1.0_Score35]
2026-07-17 15:00:13,550 - INFO -    Entry: 24313.55 | SL: 24311.04 | TP: 24384.23 (RR: 28.11)
2026-07-17 15:00:13,569 - INFO - 🟢 ENTRY [Geometry_v1.0_Score35|INDEX_1784280608]: NSE:NIFTY50-INDEX BUY CALL @ 24313.55 | SL: 24311.04 TP: 24384.23
2026-07-17 15:00:17,601 - INFO - ⚡ [Structural_v3.2_RVOL1.0] warnings: ['VERY_LOW_RVOL:0.08']
2026-07-17 15:00:17,615 - INFO - ⚡ [Structural_v3.2_RVOL0.8] warnings: ['VERY_LOW_RVOL:0.08']
2026-07-17 15:00:17,619 - INFO - ⚡ [Structural_v3.2_RVOL1.0] warnings: ['VERY_LOW_RVOL:0.08']
2026-07-17 15:00:17,619 - INFO - 👻 [Structural_v3.2_RVOL1.0] CF BREAKOUT NSE:NIFTYBANK-INDEX BUY PUT | Rejected: ['LOW_RVOL', 'BIAS_MISMATCH', 'HIGH_WICKINESS', 'TP_CAPPED']
2026-07-17 15:00:17,638 - INFO - 🟢 ENTRY [CF|Structural_v3.2_RVOL1.0|uctural_v3.2_RVOL1.0]: NSE:NIFTYBANK-INDEX BUY PUT @ 58498.00 | SL: 58540.29 TP: 58075.07
2026-07-17 15:00:17,638 - INFO - ⚡ [Structural_v3.2_RVOL0.8] warnings: ['VERY_LOW_RVOL:0.08']
2026-07-17 15:00:17,638 - INFO - 👻 [Structural_v3.2_RVOL0.8] CF BREAKOUT NSE:NIFTYBANK-INDEX BUY PUT | Rejected: ['LOW_RVOL', 'BIAS_MISMATCH', 'HIGH_WICKINESS', 'TP_CAPPED']
2026-07-17 15:00:17,656 - INFO - 🟢 ENTRY [CF|Structural_v3.2_RVOL0.8|uctural_v3.2_RVOL0.8]: NSE:NIFTYBANK-INDEX BUY PUT @ 58498.00 | SL: 58540.29 TP: 58075.07
2026-07-17 15:05:18,425 - INFO - --- 15:05:18 Market Pulse ---
2026-07-17 15:05:19,683 - INFO - 🟡 UPDATE (TRAILING_SL) [Geometry_v1.0_Score35|eometry_v1.0_Score35]: NSE:NIFTY50-INDEX @ 24324.00 | SL→24321.49 TP→24384.23
2026-07-17 15:05:19,715 - INFO - 🟡 UPDATE (TRAILING_SL) [CFStructural_v3.2_RVOL1.0|uctural_v3.2_RVOL1.0]: NSE:NIFTYBANK-INDEX @ 58452.80 | SL→58495.09 TP→58075.07
2026-07-17 15:05:19,744 - INFO - 🟡 UPDATE (TRAILING_SL) [CFStructural_v3.2_RVOL0.8|uctural_v3.2_RVOL0.8]: NSE:NIFTYBANK-INDEX @ 58452.80 | SL→58495.09 TP→58075.07
2026-07-17 15:05:24,192 - INFO - ⚡ [Structural_v3.2_RVOL1.0] warnings: ['VERY_LOW_RVOL:0.07']
2026-07-17 15:05:24,205 - INFO - ⚡ [Structural_v3.2_RVOL0.8] warnings: ['VERY_LOW_RVOL:0.07']
2026-07-17 15:05:24,209 - INFO - ⚡ [Structural_v3.2_RVOL1.0] warnings: ['VERY_LOW_RVOL:0.07']
2026-07-17 15:05:24,209 - INFO - ⚡ [Structural_v3.2_RVOL0.8] warnings: ['VERY_LOW_RVOL:0.07']
2026-07-17 15:05:28,231 - INFO - ⚡ [Structural_v3.2_RVOL1.0] warnings: ['VERY_LOW_RVOL:0.10']
2026-07-17 15:05:28,244 - INFO - ⚡ [Structural_v3.2_RVOL0.8] warnings: ['VERY_LOW_RVOL:0.10']
2026-07-17 15:05:28,248 - INFO - ⚡ [Structural_v3.2_RVOL1.0] warnings: ['VERY_LOW_RVOL:0.10']
2026-07-17 15:05:28,248 - INFO - ⚡ [Structural_v3.2_RVOL0.8] warnings: ['VERY_LOW_RVOL:0.10']
2026-07-17 15:10:29,057 - INFO - --- 15:10:29 Market Pulse ---
2026-07-17 15:10:30,049 - INFO - 🟡 UPDATE (TRAILING_SL) [Geometry_v1.0_Score35|eometry_v1.0_Score35]: NSE:NIFTY50-INDEX @ 24333.15 | SL→24330.64 TP→24384.23
2026-07-17 15:10:30,086 - INFO - 🟡 UPDATE (TP_EXPANSION) [CFGeometry_v1.0_Score35|eometry_v1.0_Score35]: NSE:NIFTY50-INDEX @ 24333.15 | SL→24319.12 TP→24341.88
2026-07-17 15:10:30,111 - INFO - 🟡 UPDATE (TP_EXPANSION) [CFGeometry_v1.0_Score50|eometry_v1.0_Score50]: NSE:NIFTY50-INDEX @ 24333.15 | SL→24319.12 TP→24341.88
2026-07-17 15:10:30,134 - INFO - 🔴 EXIT (TRAILING_SL) [CFStructural_v3.2_RVOL1.0|uctural_v3.2_RVOL1.0]: NSE:NIFTY50-INDEX @ 24326.46 | PnL -0.73R | MFE 0.32R | Capture -227% | 5bars HoldEff -0.146R/bar
2026-07-17 15:10:30,153 - INFO - 🔴 EXIT (TRAILING_SL) [CFStructural_v3.2_RVOL0.8|uctural_v3.2_RVOL0.8]: NSE:NIFTY50-INDEX @ 24326.46 | PnL -0.73R | MFE 0.32R | Capture -227% | 5bars HoldEff -0.146R/bar
2026-07-17 15:10:34,585 - INFO - ⚡ [Structural_v3.2_RVOL1.0] warnings: ['VERY_LOW_RVOL:0.11']
2026-07-17 15:10:34,598 - INFO - ⚡ [Structural_v3.2_RVOL0.8] warnings: ['VERY_LOW_RVOL:0.11']
2026-07-17 15:10:34,602 - INFO - ⚡ [Structural_v3.2_RVOL1.0] warnings: ['VERY_LOW_RVOL:0.11']
2026-07-17 15:10:34,602 - INFO - 👻 [Structural_v3.2_RVOL1.0] CF BREAKOUT NSE:NIFTY50-INDEX BUY PUT | Rejected: ['LOW_RVOL', 'HIGH_WICKINESS', 'TP_CAPPED']
2026-07-17 15:10:34,621 - INFO - 🟢 ENTRY [CF|Structural_v3.2_RVOL1.0|uctural_v3.2_RVOL1.0]: NSE:NIFTY50-INDEX BUY PUT @ 24333.15 | SL: 24344.95 TP: 24215.15
2026-07-17 15:10:34,621 - INFO - ⚡ [Structural_v3.2_RVOL0.8] warnings: ['VERY_LOW_RVOL:0.11']
2026-07-17 15:10:34,621 - INFO - 👻 [Structural_v3.2_RVOL0.8] CF BREAKOUT NSE:NIFTY50-INDEX BUY PUT | Rejected: ['LOW_RVOL', 'HIGH_WICKINESS', 'TP_CAPPED']
2026-07-17 15:10:34,639 - INFO - 🟢 ENTRY [CF|Structural_v3.2_RVOL0.8|uctural_v3.2_RVOL0.8]: NSE:NIFTY50-INDEX BUY PUT @ 24333.15 | SL: 24344.95 TP: 24215.15
2026-07-17 15:10:38,683 - INFO - ⚡ [Structural_v3.2_RVOL1.0] warnings: ['VERY_LOW_RVOL:0.10']
2026-07-17 15:10:38,696 - INFO - ⚡ [Structural_v3.2_RVOL0.8] warnings: ['VERY_LOW_RVOL:0.10']
2026-07-17 15:10:38,700 - INFO - ⚡ [Structural_v3.2_RVOL1.0] warnings: ['VERY_LOW_RVOL:0.10']
2026-07-17 15:10:38,700 - INFO - ⚡ [Structural_v3.2_RVOL0.8] warnings: ['VERY_LOW_RVOL:0.10']
2026-07-17 15:15:39,423 - INFO - --- 15:15:39 Market Pulse ---
2026-07-17 15:15:40,741 - INFO - 🔴 EXIT (TRAILING_SL) [Geometry_v1.0_Score35|eometry_v1.0_Score35]: NSE:NIFTY50-INDEX @ 24330.64 | PnL +6.76R | MFE 7.81R | Capture 87% | 3bars HoldEff +2.253R/bar
2026-07-17 15:15:40,778 - INFO - 🟡 UPDATE (TRAILING_SL) [CFStructural_v3.2_RVOL1.0|uctural_v3.2_RVOL1.0]: NSE:NIFTY50-INDEX @ 24323.10 | SL→24334.90 TP→24215.15
2026-07-17 15:15:40,809 - INFO - 🟡 UPDATE (TRAILING_SL) [CFStructural_v3.2_RVOL0.8|uctural_v3.2_RVOL0.8]: NSE:NIFTY50-INDEX @ 24323.10 | SL→24334.90 TP→24215.15
2026-07-17 15:15:45,498 - INFO - ⚡ [Structural_v3.2_RVOL1.0] warnings: ['VERY_LOW_RVOL:0.20']
2026-07-17 15:15:45,511 - INFO - ⚡ [Structural_v3.2_RVOL0.8] warnings: ['VERY_LOW_RVOL:0.20']
2026-07-17 15:15:45,515 - INFO - ⚡ [Structural_v3.2_RVOL1.0] warnings: ['VERY_LOW_RVOL:0.20']
2026-07-17 15:15:45,515 - INFO - 👻 [Structural_v3.2_RVOL1.0] CF BREAKOUT NSE:NIFTY50-INDEX BUY CALL | Rejected: ['LOW_RVOL', 'BIAS_MISMATCH', 'LOW_EFFICIENCY', 'NO_TARGET_ZONE']
2026-07-17 15:15:45,534 - INFO - 🟢 ENTRY [CF|Structural_v3.2_RVOL1.0|uctural_v3.2_RVOL1.0]: NSE:NIFTY50-INDEX BUY CALL @ 24323.10 | SL: 24311.11 TP: 24347.07
2026-07-17 15:15:45,534 - INFO - ⚡ [Structural_v3.2_RVOL0.8] warnings: ['VERY_LOW_RVOL:0.20']
2026-07-17 15:15:45,534 - INFO - 👻 [Structural_v3.2_RVOL0.8] CF BREAKOUT NSE:NIFTY50-INDEX BUY CALL | Rejected: ['LOW_RVOL', 'BIAS_MISMATCH', 'LOW_EFFICIENCY', 'NO_TARGET_ZONE']
2026-07-17 15:15:45,552 - INFO - 🟢 ENTRY [CF|Structural_v3.2_RVOL0.8|uctural_v3.2_RVOL0.8]: NSE:NIFTY50-INDEX BUY CALL @ 24323.10 | SL: 24311.11 TP: 24347.07
2026-07-17 15:15:49,677 - INFO - ⚡ [Structural_v3.2_RVOL1.0] warnings: ['VERY_LOW_RVOL:0.19']
2026-07-17 15:15:49,691 - INFO - ⚡ [Structural_v3.2_RVOL0.8] warnings: ['VERY_LOW_RVOL:0.19']
2026-07-17 15:15:49,696 - INFO - ⚡ [Structural_v3.2_RVOL1.0] warnings: ['VERY_LOW_RVOL:0.19']
2026-07-17 15:15:49,696 - INFO - ⚡ [Structural_v3.2_RVOL0.8] warnings: ['VERY_LOW_RVOL:0.19']
2026-07-17 15:20:50,438 - INFO - --- 15:20:50 Market Pulse ---
2026-07-17 15:20:51,222 - INFO - 🟡 UPDATE (TP_EXPANSION) [CFGeometry_v1.0_Score35|eometry_v1.0_Score35]: NSE:NIFTYBANK-INDEX @ 58539.85 | SL→58490.45 TP→58548.80
2026-07-17 15:20:51,256 - INFO - 🟡 UPDATE (TP_EXPANSION) [CFGeometry_v1.0_Score50|eometry_v1.0_Score50]: NSE:NIFTYBANK-INDEX @ 58539.85 | SL→58490.45 TP→58548.80
2026-07-17 15:20:51,286 - INFO - 🔴 EXIT (TRAILING_SL) [CFStructural_v3.2_RVOL1.0|uctural_v3.2_RVOL1.0]: NSE:NIFTYBANK-INDEX @ 58495.09 | PnL +0.02R | MFE 1.07R | Capture 2% | 4bars HoldEff +0.005R/bar
2026-07-17 15:20:51,315 - INFO - 🔴 EXIT (TRAILING_SL) [CFStructural_v3.2_RVOL0.8|uctural_v3.2_RVOL0.8]: NSE:NIFTYBANK-INDEX @ 58495.09 | PnL +0.02R | MFE 1.07R | Capture 2% | 4bars HoldEff +0.005R/bar
2026-07-17 15:20:51,343 - INFO - 🟡 UPDATE (TRAILING_SL) [CFStructural_v3.2_RVOL1.0|uctural_v3.2_RVOL1.0]: NSE:NIFTY50-INDEX @ 24331.10 | SL→24319.11 TP→24347.07
2026-07-17 15:20:51,370 - INFO - 🟡 UPDATE (TRAILING_SL) [CFStructural_v3.2_RVOL0.8|uctural_v3.2_RVOL0.8]: NSE:NIFTY50-INDEX @ 24331.10 | SL→24319.11 TP→24347.07
2026-07-17 15:20:56,035 - INFO - ⚡ [Structural_v3.2_RVOL1.0] warnings: ['VERY_LOW_RVOL:0.27']
2026-07-17 15:20:56,049 - INFO - ⚡ [Structural_v3.2_RVOL0.8] warnings: ['VERY_LOW_RVOL:0.27']
2026-07-17 15:20:56,053 - INFO - ⚡ [Structural_v3.2_RVOL1.0] warnings: ['VERY_LOW_RVOL:0.27']
2026-07-17 15:20:56,053 - INFO - ⚡ [Structural_v3.2_RVOL0.8] warnings: ['VERY_LOW_RVOL:0.27']
2026-07-17 15:21:00,230 - INFO - ⚡ [Structural_v3.2_RVOL1.0] warnings: ['VERY_LOW_RVOL:0.41']
2026-07-17 15:21:00,244 - INFO - ⚡ [Structural_v3.2_RVOL0.8] warnings: ['VERY_LOW_RVOL:0.41']
2026-07-17 15:21:00,248 - INFO - ⚡ [Structural_v3.2_RVOL1.0] warnings: ['VERY_LOW_RVOL:0.41']
2026-07-17 15:21:00,248 - INFO - 👻 [Structural_v3.2_RVOL1.0] CF BREAKOUT NSE:NIFTYBANK-INDEX BUY PUT | Rejected: ['LOW_RVOL', 'BIAS_MISMATCH', 'LOW_EFFICIENCY', 'HIGH_WICKINESS', 'TP_CAPPED']
2026-07-17 15:21:00,268 - INFO - 🟢 ENTRY [CF|Structural_v3.2_RVOL1.0|uctural_v3.2_RVOL1.0]: NSE:NIFTYBANK-INDEX BUY PUT @ 58539.85 | SL: 58582.12 TP: 58117.12
2026-07-17 15:21:00,268 - INFO - ⚡ [Structural_v3.2_RVOL0.8] warnings: ['VERY_LOW_RVOL:0.41']
2026-07-17 15:21:00,268 - INFO - 👻 [Structural_v3.2_RVOL0.8] CF BREAKOUT NSE:NIFTYBANK-INDEX BUY PUT | Rejected: ['LOW_RVOL', 'BIAS_MISMATCH', 'LOW_EFFICIENCY', 'HIGH_WICKINESS', 'TP_CAPPED']
2026-07-17 15:21:00,286 - INFO - 🟢 ENTRY [CF|Structural_v3.2_RVOL0.8|uctural_v3.2_RVOL0.8]: NSE:NIFTYBANK-INDEX BUY PUT @ 58539.85 | SL: 58582.12 TP: 58117.12
2026-07-17 15:26:01,078 - INFO - --- 15:26:01 Market Pulse ---
2026-07-17 15:26:02,018 - INFO - 🔴 EXIT (SESSION_END) [CFATR_Squeeze_RVOL1.0|_ATR_Squeeze_RVOL1.0]: NSE:NIFTYBANK-INDEX @ 58586.95 | PnL -0.05R | MFE 0.00R | Capture N/A | 42bars HoldEff -0.001R/bar
2026-07-17 15:26:02,057 - INFO - 🔴 EXIT (SESSION_END) [CFATR_Squeeze_RVOL1.0|_ATR_Squeeze_RVOL1.0]: NSE:NIFTY50-INDEX @ 24345.00 | PnL -0.05R | MFE 0.00R | Capture N/A | 38bars HoldEff -0.001R/bar
2026-07-17 15:26:02,087 - INFO - 🟡 UPDATE (TP_EXPANSION) [CFGeometry_v1.0_Score35|eometry_v1.0_Score35]: NSE:NIFTY50-INDEX @ 24345.00 | SL→24330.97 TP→24355.91
2026-07-17 15:26:02,111 - INFO - 🔴 EXIT (SESSION_END) [CFGeometry_v1.0_Score35|eometry_v1.0_Score35]: NSE:NIFTY50-INDEX @ 24345.00 | PnL +3.37R | MFE 3.42R | Capture 99% | 10bars HoldEff +0.337R/bar
2026-07-17 15:26:02,134 - INFO - 🟡 UPDATE (TP_EXPANSION) [CFGeometry_v1.0_Score50|eometry_v1.0_Score50]: NSE:NIFTY50-INDEX @ 24345.00 | SL→24330.97 TP→24355.91
2026-07-17 15:26:02,153 - INFO - 🔴 EXIT (SESSION_END) [CFGeometry_v1.0_Score50|eometry_v1.0_Score50]: NSE:NIFTY50-INDEX @ 24345.00 | PnL +3.37R | MFE 3.42R | Capture 99% | 10bars HoldEff +0.337R/bar
2026-07-17 15:26:02,171 - INFO - 🟡 UPDATE (TP_EXPANSION) [CFGeometry_v1.0_Score35|eometry_v1.0_Score35]: NSE:NIFTYBANK-INDEX @ 58586.95 | SL→58537.55 TP→58598.20
2026-07-17 15:26:02,189 - INFO - 🔴 EXIT (SESSION_END) [CFGeometry_v1.0_Score35|eometry_v1.0_Score35]: NSE:NIFTYBANK-INDEX @ 58586.95 | PnL +3.21R | MFE 3.26R | Capture 98% | 10bars HoldEff +0.321R/bar
2026-07-17 15:26:02,206 - INFO - 🟡 UPDATE (TP_EXPANSION) [CFGeometry_v1.0_Score50|eometry_v1.0_Score50]: NSE:NIFTYBANK-INDEX @ 58586.95 | SL→58537.55 TP→58598.20
2026-07-17 15:26:02,225 - INFO - 🔴 EXIT (SESSION_END) [CFGeometry_v1.0_Score50|eometry_v1.0_Score50]: NSE:NIFTYBANK-INDEX @ 58586.95 | PnL +3.21R | MFE 3.26R | Capture 98% | 10bars HoldEff +0.321R/bar
2026-07-17 15:26:02,242 - INFO - 🔴 EXIT (TRAILING_SL) [CFStructural_v3.2_RVOL1.0|uctural_v3.2_RVOL1.0]: NSE:NIFTY50-INDEX @ 24334.90 | PnL -0.20R | MFE 0.85R | Capture -23% | 3bars HoldEff -0.066R/bar
2026-07-17 15:26:02,260 - INFO - 🔴 EXIT (TRAILING_SL) [CFStructural_v3.2_RVOL0.8|uctural_v3.2_RVOL0.8]: NSE:NIFTY50-INDEX @ 24334.90 | PnL -0.20R | MFE 0.85R | Capture -23% | 3bars HoldEff -0.066R/bar
2026-07-17 15:26:02,277 - INFO - 🟡 UPDATE (TRAILING_SL) [CFStructural_v3.2_RVOL1.0|uctural_v3.2_RVOL1.0]: NSE:NIFTY50-INDEX @ 24345.00 | SL→24333.01 TP→24347.07
2026-07-17 15:26:02,295 - INFO - 🔴 EXIT (SESSION_END) [CFStructural_v3.2_RVOL1.0|uctural_v3.2_RVOL1.0]: NSE:NIFTY50-INDEX @ 24345.00 | PnL +1.78R | MFE 1.83R | Capture 97% | 2bars HoldEff +0.889R/bar
2026-07-17 15:26:02,317 - INFO - 🟡 UPDATE (TRAILING_SL) [CFStructural_v3.2_RVOL0.8|uctural_v3.2_RVOL0.8]: NSE:NIFTY50-INDEX @ 24345.00 | SL→24333.01 TP→24347.07
2026-07-17 15:26:02,337 - INFO - 🔴 EXIT (SESSION_END) [CFStructural_v3.2_RVOL0.8|uctural_v3.2_RVOL0.8]: NSE:NIFTY50-INDEX @ 24345.00 | PnL +1.78R | MFE 1.83R | Capture 97% | 2bars HoldEff +0.889R/bar
2026-07-17 15:26:02,359 - INFO - 🔴 EXIT (INITIAL_SL) [CFStructural_v3.2_RVOL1.0|uctural_v3.2_RVOL1.0]: NSE:NIFTYBANK-INDEX @ 58582.12 | PnL -1.05R | MFE 0.00R | Capture N/A | 1bars HoldEff -1.050R/bar
2026-07-17 15:26:02,378 - INFO - 🔴 EXIT (INITIAL_SL) [CFStructural_v3.2_RVOL0.8|uctural_v3.2_RVOL0.8]: NSE:NIFTYBANK-INDEX @ 58582.12 | PnL -1.05R | MFE 0.00R | Capture N/A | 1bars HoldEff -1.050R/bar
2026-07-17 15:26:02,378 - INFO - 🔒 Session cutoff reached (15:25) — no new entries.
2026-07-17 15:26:02,398 - INFO - 📊 Daily metrics saved: [Structural_v3.2_RVOL1.0] 2026-07-17 cf=44 expectancy=0.7431349493563175
2026-07-17 15:26:02,416 - INFO - 📊 Daily metrics saved: [Structural_v3.2_RVOL0.8] 2026-07-17 cf=44 expectancy=0.7431349493563175
2026-07-17 15:26:02,435 - INFO - 📊 Daily metrics saved: [EMA_Pullback_20_50_RVOL1.0] 2026-07-17 cf=5 expectancy=4.1213349282741545
2026-07-17 15:26:02,453 - INFO - 📊 Daily metrics saved: [VWAP_Reversion_1.5ATR_RVOL1.0] 2026-07-17 cf=4 expectancy=1.9856219179928303
2026-07-17 15:26:02,472 - INFO - 📊 Daily metrics saved: [PrevDay_Extremes_RVOL1.2] 2026-07-17 cf=1 expectancy=4.946922779083252
2026-07-17 15:26:02,491 - INFO - 📊 Daily metrics saved: [ORB_15m_RVOL1.2] 2026-07-17 cf=3 expectancy=1.8160861631234486
2026-07-17 15:26:02,511 - INFO - 📊 Daily metrics saved: [ORB_30m_RVOL1.2] 2026-07-17 cf=3 expectancy=1.809067149957021
2026-07-17 15:26:02,530 - INFO - 📊 Daily metrics saved: [ATR_Squeeze_RVOL1.0] 2026-07-17 cf=10 expectancy=-0.3379986558109522
2026-07-17 15:26:02,553 - INFO - 📊 Daily metrics saved: [Geometry_v1.0_Score35] 2026-07-17 cf=10 expectancy=-0.7641471147537231
2026-07-17 15:26:02,574 - INFO - 📊 Daily metrics saved: [Geometry_v1.0_Score50] 2026-07-17 cf=8 expectancy=-0.6926839053630829
2026-07-17 15:26:02,593 - INFO - 📊 Daily metrics saved: [OrderFlow_v1.0] 2026-07-17 cf=3 expectancy=-0.07992752393086751
2026-07-17 15:31:03,361 - INFO - --- 15:31:03 Market Pulse ---
2026-07-17 15:31:04,187 - INFO - 🔒 Session cutoff reached (15:25) — no new entries.
2026-07-17 15:31:04,239 - INFO - 📊 Daily metrics saved: [Structural_v3.2_RVOL1.0] 2026-07-17 cf=44 expectancy=0.7431349493563175
2026-07-17 15:31:04,269 - INFO - 📊 Daily metrics saved: [Structural_v3.2_RVOL0.8] 2026-07-17 cf=44 expectancy=0.7431349493563175
2026-07-17 15:31:04,293 - INFO - 📊 Daily metrics saved: [EMA_Pullback_20_50_RVOL1.0] 2026-07-17 cf=5 expectancy=4.1213349282741545
2026-07-17 15:31:04,315 - INFO - 📊 Daily metrics saved: [VWAP_Reversion_1.5ATR_RVOL1.0] 2026-07-17 cf=4 expectancy=1.9856219179928303
2026-07-17 15:31:04,336 - INFO - 📊 Daily metrics saved: [PrevDay_Extremes_RVOL1.2] 2026-07-17 cf=1 expectancy=4.946922779083252
2026-07-17 15:31:04,357 - INFO - 📊 Daily metrics saved: [ORB_15m_RVOL1.2] 2026-07-17 cf=3 expectancy=1.8160861631234486
2026-07-17 15:31:04,379 - INFO - 📊 Daily metrics saved: [ORB_30m_RVOL1.2] 2026-07-17 cf=3 expectancy=1.809067149957021
2026-07-17 15:31:04,397 - INFO - 📊 Daily metrics saved: [ATR_Squeeze_RVOL1.0] 2026-07-17 cf=10 expectancy=-0.3379986558109522
2026-07-17 15:31:04,415 - INFO - 📊 Daily metrics saved: [Geometry_v1.0_Score35] 2026-07-17 cf=10 expectancy=-0.7641471147537231
2026-07-17 15:31:04,431 - INFO - 📊 Daily metrics saved: [Geometry_v1.0_Score50] 2026-07-17 cf=8 expectancy=-0.6926839053630829
2026-07-17 15:31:04,446 - INFO - 📊 Daily metrics saved: [OrderFlow_v1.0] 2026-07-17 cf=3 expectancy=-0.07992752393086751
2026-07-17 15:36:05,171 - INFO - --- 15:36:05 Market Pulse ---
2026-07-17 15:36:06,050 - INFO - 🔒 Session cutoff reached (15:25) — no new entries.
2026-07-17 15:36:06,103 - INFO - 📊 Daily metrics saved: [Structural_v3.2_RVOL1.0] 2026-07-17 cf=44 expectancy=0.7431349493563175
2026-07-17 15:36:06,133 - INFO - 📊 Daily metrics saved: [Structural_v3.2_RVOL0.8] 2026-07-17 cf=44 expectancy=0.7431349493563175
2026-07-17 15:36:06,157 - INFO - 📊 Daily metrics saved: [EMA_Pullback_20_50_RVOL1.0] 2026-07-17 cf=5 expectancy=4.1213349282741545
2026-07-17 15:36:06,181 - INFO - 📊 Daily metrics saved: [VWAP_Reversion_1.5ATR_RVOL1.0] 2026-07-17 cf=4 expectancy=1.9856219179928303
2026-07-17 15:36:06,202 - INFO - 📊 Daily metrics saved: [PrevDay_Extremes_RVOL1.2] 2026-07-17 cf=1 expectancy=4.946922779083252
2026-07-17 15:36:06,220 - INFO - 📊 Daily metrics saved: [ORB_15m_RVOL1.2] 2026-07-17 cf=3 expectancy=1.8160861631234486
2026-07-17 15:36:06,237 - INFO - 📊 Daily metrics saved: [ORB_30m_RVOL1.2] 2026-07-17 cf=3 expectancy=1.809067149957021
2026-07-17 15:36:06,253 - INFO - 📊 Daily metrics saved: [ATR_Squeeze_RVOL1.0] 2026-07-17 cf=10 expectancy=-0.3379986558109522
2026-07-17 15:36:06,269 - INFO - 📊 Daily metrics saved: [Geometry_v1.0_Score35] 2026-07-17 cf=10 expectancy=-0.7641471147537231
2026-07-17 15:36:06,285 - INFO - 📊 Daily metrics saved: [Geometry_v1.0_Score50] 2026-07-17 cf=8 expectancy=-0.6926839053630829
2026-07-17 15:36:06,300 - INFO - 📊 Daily metrics saved: [OrderFlow_v1.0] 2026-07-17 cf=3 expectancy=-0.07992752393086751
2026-07-17 15:36:06,305 - INFO - 📝 Generating EOD report for 2026-07-17…
2026-07-17 15:36:06,320 - INFO -    Rolling data: 5d filters=27, 20d filters=51, total CF=950
2026-07-17 15:36:06,703 - INFO -    ✓ executive_summary
2026-07-17 15:36:07,146 - INFO -    ✓ market_narrative
2026-07-17 15:36:07,351 - INFO -    ✓ trade_review
2026-07-17 15:36:07,370 - INFO -    ✓ losing_trades
2026-07-17 15:36:07,385 - INFO -    ✓ missed_opportunities
2026-07-17 15:36:07,401 - INFO -    ✓ counterfactual_insights
2026-07-17 15:36:07,427 - INFO -    ✓ experiment_ranking
2026-07-17 15:36:07,443 - INFO -    ✓ thesis_analysis
2026-07-17 15:36:07,474 - INFO -    ✓ market_behaviour
2026-07-17 15:36:07,691 - INFO -    ✓ tomorrow_outlook
2026-07-17 15:36:07,715 - INFO -    ✓ research_queue
2026-07-17 15:36:07,755 - INFO -    ✓ strategy_health
2026-07-17 15:36:07,761 - INFO - 📄 Report written: reports/2026-07-17.md
2026-07-17 15:36:07,761 - INFO - 📊 Analytics written: reports/2026-07-17.json
2026-07-17 15:36:07,761 - INFO - 📝 EOD report: reports/2026-07-17.md
2026-07-17 15:41:08,526 - INFO - --- 15:41:08 Market Pulse ---
2026-07-17 15:41:09,367 - INFO - 🔒 Session cutoff reached (15:25) — no new entries.
2026-07-17 15:41:09,420 - INFO - 📊 Daily metrics saved: [Structural_v3.2_RVOL1.0] 2026-07-17 cf=44 expectancy=0.7431349493563175
2026-07-17 15:41:09,449 - INFO - 📊 Daily metrics saved: [Structural_v3.2_RVOL0.8] 2026-07-17 cf=44 expectancy=0.7431349493563175
2026-07-17 15:41:09,475 - INFO - 📊 Daily metrics saved: [EMA_Pullback_20_50_RVOL1.0] 2026-07-17 cf=5 expectancy=4.1213349282741545
2026-07-17 15:41:09,498 - INFO - 📊 Daily metrics saved: [VWAP_Reversion_1.5ATR_RVOL1.0] 2026-07-17 cf=4 expectancy=1.9856219179928303
2026-07-17 15:41:09,522 - INFO - 📊 Daily metrics saved: [PrevDay_Extremes_RVOL1.2] 2026-07-17 cf=1 expectancy=4.946922779083252
2026-07-17 15:41:09,544 - INFO - 📊 Daily metrics saved: [ORB_15m_RVOL1.2] 2026-07-17 cf=3 expectancy=1.8160861631234486
2026-07-17 15:41:09,563 - INFO - 📊 Daily metrics saved: [ORB_30m_RVOL1.2] 2026-07-17 cf=3 expectancy=1.809067149957021
2026-07-17 15:41:09,582 - INFO - 📊 Daily metrics saved: [ATR_Squeeze_RVOL1.0] 2026-07-17 cf=10 expectancy=-0.3379986558109522
2026-07-17 15:41:09,599 - INFO - 📊 Daily metrics saved: [Geometry_v1.0_Score35] 2026-07-17 cf=10 expectancy=-0.7641471147537231
2026-07-17 15:41:09,614 - INFO - 📊 Daily metrics saved: [Geometry_v1.0_Score50] 2026-07-17 cf=8 expectancy=-0.6926839053630829
2026-07-17 15:41:09,630 - INFO - 📊 Daily metrics saved: [OrderFlow_v1.0] 2026-07-17 cf=3 expectancy=-0.07992752393086751
2026-07-17 15:46:10,364 - INFO - --- 15:46:10 Market Pulse ---
2026-07-17 15:46:11,478 - INFO - 🔒 Session cutoff reached (15:25) — no new entries.
2026-07-17 15:46:11,521 - INFO - 📊 Daily metrics saved: [Structural_v3.2_RVOL1.0] 2026-07-17 cf=44 expectancy=0.7431349493563175
2026-07-17 15:46:11,545 - INFO - 📊 Daily metrics saved: [Structural_v3.2_RVOL0.8] 2026-07-17 cf=44 expectancy=0.7431349493563175
2026-07-17 15:46:11,564 - INFO - 📊 Daily metrics saved: [EMA_Pullback_20_50_RVOL1.0] 2026-07-17 cf=5 expectancy=4.1213349282741545
2026-07-17 15:46:11,582 - INFO - 📊 Daily metrics saved: [VWAP_Reversion_1.5ATR_RVOL1.0] 2026-07-17 cf=4 expectancy=1.9856219179928303
2026-07-17 15:46:11,599 - INFO - 📊 Daily metrics saved: [PrevDay_Extremes_RVOL1.2] 2026-07-17 cf=1 expectancy=4.946922779083252
2026-07-17 15:46:11,618 - INFO - 📊 Daily metrics saved: [ORB_15m_RVOL1.2] 2026-07-17 cf=3 expectancy=1.8160861631234486
2026-07-17 15:46:11,637 - INFO - 📊 Daily metrics saved: [ORB_30m_RVOL1.2] 2026-07-17 cf=3 expectancy=1.809067149957021
2026-07-17 15:46:11,656 - INFO - 📊 Daily metrics saved: [ATR_Squeeze_RVOL1.0] 2026-07-17 cf=10 expectancy=-0.3379986558109522
2026-07-17 15:46:11,676 - INFO - 📊 Daily metrics saved: [Geometry_v1.0_Score35] 2026-07-17 cf=10 expectancy=-0.7641471147537231
2026-07-17 15:46:11,695 - INFO - 📊 Daily metrics saved: [Geometry_v1.0_Score50] 2026-07-17 cf=8 expectancy=-0.6926839053630829
2026-07-17 15:46:11,715 - INFO - 📊 Daily metrics saved: [OrderFlow_v1.0] 2026-07-17 cf=3 expectancy=-0.07992752393086751
2026-07-17 15:51:12,502 - INFO - --- 15:51:12 Market Pulse ---
2026-07-17 15:51:13,352 - INFO - 🔒 Session cutoff reached (15:25) — no new entries.
2026-07-17 15:51:13,405 - INFO - 📊 Daily metrics saved: [Structural_v3.2_RVOL1.0] 2026-07-17 cf=44 expectancy=0.7431349493563175
2026-07-17 15:51:13,435 - INFO - 📊 Daily metrics saved: [Structural_v3.2_RVOL0.8] 2026-07-17 cf=44 expectancy=0.7431349493563175
2026-07-17 15:51:13,458 - INFO - 📊 Daily metrics saved: [EMA_Pullback_20_50_RVOL1.0] 2026-07-17 cf=5 expectancy=4.1213349282741545
2026-07-17 15:51:13,481 - INFO - 📊 Daily metrics saved: [VWAP_Reversion_1.5ATR_RVOL1.0] 2026-07-17 cf=4 expectancy=1.9856219179928303
2026-07-17 15:51:13,500 - INFO - 📊 Daily metrics saved: [PrevDay_Extremes_RVOL1.2] 2026-07-17 cf=1 expectancy=4.946922779083252
2026-07-17 15:51:13,520 - INFO - 📊 Daily metrics saved: [ORB_15m_RVOL1.2] 2026-07-17 cf=3 expectancy=1.8160861631234486
2026-07-17 15:51:13,540 - INFO - 📊 Daily metrics saved: [ORB_30m_RVOL1.2] 2026-07-17 cf=3 expectancy=1.809067149957021
2026-07-17 15:51:13,558 - INFO - 📊 Daily metrics saved: [ATR_Squeeze_RVOL1.0] 2026-07-17 cf=10 expectancy=-0.3379986558109522
2026-07-17 15:51:13,575 - INFO - 📊 Daily metrics saved: [Geometry_v1.0_Score35] 2026-07-17 cf=10 expectancy=-0.7641471147537231
2026-07-17 15:51:13,591 - INFO - 📊 Daily metrics saved: [Geometry_v1.0_Score50] 2026-07-17 cf=8 expectancy=-0.6926839053630829
2026-07-17 15:51:13,607 - INFO - 📊 Daily metrics saved: [OrderFlow_v1.0] 2026-07-17 cf=3 expectancy=-0.07992752393086751
2026-07-17 15:56:14,431 - INFO - --- 15:56:14 Market Pulse ---
2026-07-17 15:56:15,166 - INFO - 🔒 Session cutoff reached (15:25) — no new entries.
2026-07-17 15:56:15,219 - INFO - 📊 Daily metrics saved: [Structural_v3.2_RVOL1.0] 2026-07-17 cf=44 expectancy=0.7431349493563175
2026-07-17 15:56:15,248 - INFO - 📊 Daily metrics saved: [Structural_v3.2_RVOL0.8] 2026-07-17 cf=44 expectancy=0.7431349493563175
2026-07-17 15:56:15,273 - INFO - 📊 Daily metrics saved: [EMA_Pullback_20_50_RVOL1.0] 2026-07-17 cf=5 expectancy=4.1213349282741545
2026-07-17 15:56:15,296 - INFO - 📊 Daily metrics saved: [VWAP_Reversion_1.5ATR_RVOL1.0] 2026-07-17 cf=4 expectancy=1.9856219179928303
2026-07-17 15:56:15,319 - INFO - 📊 Daily metrics saved: [PrevDay_Extremes_RVOL1.2] 2026-07-17 cf=1 expectancy=4.946922779083252
2026-07-17 15:56:15,343 - INFO - 📊 Daily metrics saved: [ORB_15m_RVOL1.2] 2026-07-17 cf=3 expectancy=1.8160861631234486
2026-07-17 15:56:15,367 - INFO - 📊 Daily metrics saved: [ORB_30m_RVOL1.2] 2026-07-17 cf=3 expectancy=1.809067149957021
2026-07-17 15:56:15,389 - INFO - 📊 Daily metrics saved: [ATR_Squeeze_RVOL1.0] 2026-07-17 cf=10 expectancy=-0.3379986558109522
2026-07-17 15:56:15,411 - INFO - 📊 Daily metrics saved: [Geometry_v1.0_Score35] 2026-07-17 cf=10 expectancy=-0.7641471147537231
2026-07-17 15:56:15,432 - INFO - 📊 Daily metrics saved: [Geometry_v1.0_Score50] 2026-07-17 cf=8 expectancy=-0.6926839053630829
2026-07-17 15:56:15,451 - INFO - 📊 Daily metrics saved: [OrderFlow_v1.0] 2026-07-17 cf=3 expectancy=-0.07992752393086751
