2026-08-19 09:13:49,487 - INFO - 🔑 Loaded access token from local JSON cache: /Users/kashishbaggafeast/Desktop/Bot/tokens/token_2026-08-19.json
2026-08-19 09:13:49,590 - INFO - ✅ Fyers client initialized successfully
2026-08-19 09:13:49,664 - INFO - ✅ PostgreSQL tables and migrations checked/initialized
2026-08-19 09:13:49,679 - INFO - ✅ Option snapshots & audits converted to hypertables, indexes generated
2026-08-19 09:13:49,730 - INFO - ✅ PostgreSQL / TimescaleDB fully initialized
2026-08-19 09:13:49,731 - INFO - 🔑 Loaded access token from local JSON cache: /Users/kashishbaggafeast/Desktop/Bot/tokens/token_2026-08-19.json
2026-08-19 09:13:49,841 - INFO - ✅ Fyers client initialized successfully
2026-08-19 09:13:49,842 - INFO - 📡 Option warehouse started in background thread (real OI capture)
2026-08-19 09:13:49,842 - INFO - [PreMarketCollector] Started
2026-08-19 09:13:49,842 - INFO - 🌅 Pre-market collector started in background thread
2026-08-19 09:13:49,842 - INFO - 🚀 Option Warehouse (real OI) started for: ['NSE:NIFTY50-INDEX', 'NSE:NIFTYBANK-INDEX']  (interval=60s, depth=5 strikes)
2026-08-19 09:13:49,842 - INFO - 🔑 Loaded access token from local JSON cache: /Users/kashishbaggafeast/Desktop/Bot/tokens/token_2026-08-19.json
2026-08-19 09:13:49,868 - INFO - ✅ TimeOfDayEngine initialized with 75 slots.
2026-08-19 09:13:49,868 - INFO - ✅ TimeOfDayEngine initialized with 75 slots.
2026-08-19 09:13:49,868 - INFO - 🏛️ Structural Decision Engine initialized | Phase 3.2 (Final Polish) Active
2026-08-19 09:13:49,868 - INFO - 🏛️ StructuralStrategy initialized [rvol>=1.0, zone_score>=50.0]
2026-08-19 09:13:49,881 - INFO - 📋 Registered experiment: Structural_v3.2_RVOL1.0 [structural@v3.2] hash=e94c3fcc1fbc618d git=725fa6d
2026-08-19 09:13:49,881 - INFO - 🏛️ Structural Decision Engine initialized | Phase 3.2 (Final Polish) Active
2026-08-19 09:13:49,881 - INFO - 🏛️ StructuralStrategy initialized [rvol>=0.8, zone_score>=50.0]
2026-08-19 09:13:49,891 - INFO - 📋 Registered experiment: Structural_v3.2_RVOL0.8 [structural@v3.2] hash=40874fb174f2baa6 git=725fa6d
2026-08-19 09:13:49,891 - INFO - 🏛️ Structural Decision Engine initialized | Phase 3.2 (Final Polish) Active
2026-08-19 09:13:49,891 - INFO - 🏛️ StructuralStrategy initialized [rvol>=1.0, zone_score>=50.0]
2026-08-19 09:13:49,900 - INFO - 📋 Registered experiment: Structural_v3.3_ExitMgmt [structural@v3.2] hash=e1769b03d05cde8f git=725fa6d
2026-08-19 09:13:49,909 - INFO - 📋 Registered experiment: EMA_Pullback_20_50_RVOL0.5 [ema_pullback@v1.0] hash=5a4bec1b92d6a585 git=725fa6d
2026-08-19 09:13:49,917 - INFO - 📋 Registered experiment: VWAP_Reversion_1.5ATR_RVOL1.0 [vwap_reversion@v1.0] hash=3d6d96cb21ff71cd git=725fa6d
2026-08-19 09:13:49,924 - INFO - 📋 Registered experiment: PrevDay_Extremes_RVOL1.2 [prev_day_extremes@v1.0] hash=952708070530c475 git=725fa6d
2026-08-19 09:13:49,932 - INFO - 📋 Registered experiment: ATR_Squeeze_RVOL1.5 [atr_squeeze@v1.0] hash=a7e6c9da59c6194f git=725fa6d
2026-08-19 09:13:49,932 - INFO - 📐 GeometryStrategy initialized [score>=35.0, tol=0.2%, RR>=1.5, trendline_break=True]
2026-08-19 09:13:49,939 - INFO - 📋 Registered experiment: Geometry_v1.0_Score35 [geometry@v1.0] hash=b459af5a6ce8e15c git=725fa6d
2026-08-19 09:13:49,939 - INFO - 📐 GeometryStrategy initialized [score>=50.0, tol=0.2%, RR>=1.8, trendline_break=True]
2026-08-19 09:13:49,944 - INFO - ✅ Fyers client initialized successfully
2026-08-19 09:13:49,947 - INFO - 📋 Registered experiment: Geometry_v1.0_Score50 [geometry@v1.0] hash=431ce308e16d5c85 git=725fa6d
2026-08-19 09:13:49,947 - INFO - 💧 OrderFlowStrategy initialized [sweep>=0.6, imbalance>=0.55]
2026-08-19 09:13:49,955 - INFO - 📋 Registered experiment: OrderFlow_v1.0 [order_flow@v1.0] hash=be581b5e26fdcef5 git=725fa6d
2026-08-19 09:13:49,963 - INFO - 📋 Registered experiment: VWAP_Reclaim_v1.0 [vwap_reclaim@v1.0] hash=5b56271e96b1fee9 git=725fa6d
2026-08-19 09:13:49,969 - INFO - [PreMarketCollector] NSE:NIFTY50-INDEX prev OHLC: {'pdh': 24249.85, 'pdl': 24211.1, 'prev_close': 24240.35}
2026-08-19 09:13:49,974 - INFO - 📋 Registered experiment: CPR_v1.0 [cpr@v1.0] hash=0d2ee99831362dc3 git=725fa6d
2026-08-19 09:13:49,983 - INFO - 📋 Registered experiment: GapRegime_v2.0 [gap@v2.0] hash=e1db9a178e20acab git=725fa6d
2026-08-19 09:13:49,987 - INFO - [PreMarketCollector] NSE:NIFTYBANK-INDEX prev OHLC: {'pdh': 57537.2, 'pdl': 57322.2, 'prev_close': 57502.95}
2026-08-19 09:13:49,991 - INFO - 📋 Registered experiment: ORB_60m_IB_RVOL1.2 [orb@v1.0] hash=fb43c099fbb7b444 git=725fa6d
2026-08-19 09:13:49,999 - INFO - 📋 Registered experiment: VerticalSpread_v1.0 [vertical_spread@v1.0] hash=ebcc2ee58dde4134 git=725fa6d
2026-08-19 09:13:50,007 - INFO - 📋 Registered experiment: Straddle_v1.0_VolCompression [straddle_strangle@v1.0] hash=5f6294f74dfd83c4 git=725fa6d
2026-08-19 09:13:50,014 - INFO - 📋 Registered experiment: Strangle_v1.0_VolCompression [straddle_strangle@v1.0] hash=f9e42ca23b1aa8eb git=725fa6d
2026-08-19 09:13:50,022 - INFO - 📋 Registered experiment: CreditSpread_v1.0_PCRFade [credit_spread@v1.0] hash=28f34815d97f20bf git=725fa6d
2026-08-19 09:13:50,022 - INFO - 🧱 OIWallReactionStrategy initialized [breakout_rvol>=1.3, RR>=1.5]
2026-08-19 09:13:50,030 - INFO - 📋 Registered experiment: OIWallReaction_v1.0 [oi_wall_reaction@v1.0] hash=526ec437e2cc75d7 git=725fa6d
2026-08-19 09:13:50,030 - INFO - 🔄 PCRExtremeReversalStrategy initialized [zone_score>=40.0, RR>=1.5]
2026-08-19 09:13:50,037 - INFO - 📋 Registered experiment: PCRExtremeReversal_v1.0 [pcr_extreme_reversal@v1.0] hash=9abdaaa8dd3a448c git=725fa6d
2026-08-19 09:13:50,043 - INFO - 📋 Registered experiment: IronCondor_v1.0 [iron_condor@v1.0] hash=d7485d3f6100b041 git=725fa6d
2026-08-19 09:13:50,051 - INFO - 📋 Registered experiment: Butterfly_v1.0 [butterfly@v1.0] hash=f5ba21b7b93fb04a git=725fa6d
2026-08-19 09:13:50,057 - INFO - 📋 Registered experiment: IronButterfly_v1.0 [iron_butterfly@v1.0] hash=dccda407150f7815 git=725fa6d
2026-08-19 09:13:50,065 - INFO - 📋 Registered experiment: OI_Scalping_v1.0 [oi_scalping@v1.0] hash=914bd729f0ba1e61 git=725fa6d
2026-08-19 09:13:50,072 - INFO - 📋 Registered experiment: Consolidation_Breakout_v1.0 [consolidation_breakout@v1.0] hash=04b6e8359925fde8 git=725fa6d
2026-08-19 09:13:50,079 - INFO - 📋 Registered experiment: Consolidation_Breakout_Tight_v1.0 [consolidation_breakout@v1.0] hash=7582782e4da6d9c7 git=725fa6d
2026-08-19 09:13:50,086 - INFO - 📋 Registered experiment: RSI2_MeanReversion_v1.0 [rsi2_mean_reversion@v1.0] hash=53f7fa4994f8b458 git=725fa6d
2026-08-19 09:13:50,094 - INFO - 📋 Registered experiment: ExpiryAwareTheta_v1.0 [expiry_aware_theta@v1.0] hash=f74844b7423269a9 git=725fa6d
2026-08-19 09:13:50,101 - INFO - 📋 Registered experiment: RelativeValue_NIFTY_BANKNIFTY_v1.0 [relative_value_nifty_banknifty@v1.0] hash=53beca865e66d404 git=725fa6d
2026-08-19 09:13:50,107 - INFO - 📋 Registered experiment: MomentumBurst_5m_v1.0_RVOL2.0 [momentum_burst_5m@v1.0] hash=dc95c8f6a7f2479d git=725fa6d
2026-08-19 09:13:50,115 - INFO - 📋 Registered experiment: HtfPullback_v1.0_Tol0.6pct [htf_pullback_reversal@v1.0] hash=9318c6fd8f9c8b62 git=725fa6d
2026-08-19 09:13:50,142 - INFO - 📋 Experiment saved: Structural_v3.2_RVOL1.0 [hash=e94c3fcc1fbc618d git=725fa6d]
2026-08-19 09:13:50,156 - INFO - 📋 Experiment saved: Structural_v3.2_RVOL0.8 [hash=40874fb174f2baa6 git=725fa6d]
2026-08-19 09:13:50,168 - INFO - 📋 Experiment saved: Structural_v3.3_ExitMgmt [hash=e1769b03d05cde8f git=725fa6d]
2026-08-19 09:13:50,180 - INFO - 📋 Experiment saved: EMA_Pullback_20_50_RVOL0.5 [hash=5a4bec1b92d6a585 git=725fa6d]
2026-08-19 09:13:50,192 - INFO - 📋 Experiment saved: VWAP_Reversion_1.5ATR_RVOL1.0 [hash=3d6d96cb21ff71cd git=725fa6d]
2026-08-19 09:13:50,203 - INFO - 📋 Experiment saved: PrevDay_Extremes_RVOL1.2 [hash=952708070530c475 git=725fa6d]
2026-08-19 09:13:50,215 - INFO - 📋 Experiment saved: ATR_Squeeze_RVOL1.5 [hash=a7e6c9da59c6194f git=725fa6d]
2026-08-19 09:13:50,227 - INFO - 📋 Experiment saved: Geometry_v1.0_Score35 [hash=b459af5a6ce8e15c git=725fa6d]
2026-08-19 09:13:50,239 - INFO - 📋 Experiment saved: Geometry_v1.0_Score50 [hash=431ce308e16d5c85 git=725fa6d]
2026-08-19 09:13:50,250 - INFO - 📋 Experiment saved: OrderFlow_v1.0 [hash=be581b5e26fdcef5 git=725fa6d]
2026-08-19 09:13:50,261 - INFO - 📋 Experiment saved: VWAP_Reclaim_v1.0 [hash=5b56271e96b1fee9 git=725fa6d]
2026-08-19 09:13:50,271 - INFO - 📋 Experiment saved: CPR_v1.0 [hash=0d2ee99831362dc3 git=725fa6d]
2026-08-19 09:13:50,282 - INFO - 📋 Experiment saved: GapRegime_v2.0 [hash=e1db9a178e20acab git=725fa6d]
2026-08-19 09:13:50,292 - INFO - 📋 Experiment saved: ORB_60m_IB_RVOL1.2 [hash=fb43c099fbb7b444 git=725fa6d]
2026-08-19 09:13:50,302 - INFO - 📋 Experiment saved: VerticalSpread_v1.0 [hash=ebcc2ee58dde4134 git=725fa6d]
2026-08-19 09:13:50,313 - INFO - 📋 Experiment saved: Straddle_v1.0_VolCompression [hash=5f6294f74dfd83c4 git=725fa6d]
2026-08-19 09:13:50,323 - INFO - 📋 Experiment saved: Strangle_v1.0_VolCompression [hash=f9e42ca23b1aa8eb git=725fa6d]
2026-08-19 09:13:50,334 - INFO - 📋 Experiment saved: CreditSpread_v1.0_PCRFade [hash=28f34815d97f20bf git=725fa6d]
2026-08-19 09:13:50,345 - INFO - 📋 Experiment saved: OIWallReaction_v1.0 [hash=526ec437e2cc75d7 git=725fa6d]
2026-08-19 09:13:50,355 - INFO - 📋 Experiment saved: PCRExtremeReversal_v1.0 [hash=9abdaaa8dd3a448c git=725fa6d]
2026-08-19 09:13:50,366 - INFO - 📋 Experiment saved: IronCondor_v1.0 [hash=d7485d3f6100b041 git=725fa6d]
2026-08-19 09:13:50,377 - INFO - 📋 Experiment saved: Butterfly_v1.0 [hash=f5ba21b7b93fb04a git=725fa6d]
2026-08-19 09:13:50,388 - INFO - 📋 Experiment saved: IronButterfly_v1.0 [hash=dccda407150f7815 git=725fa6d]
2026-08-19 09:13:50,398 - INFO - 📋 Experiment saved: OI_Scalping_v1.0 [hash=914bd729f0ba1e61 git=725fa6d]
2026-08-19 09:13:50,409 - INFO - 📋 Experiment saved: Consolidation_Breakout_v1.0 [hash=04b6e8359925fde8 git=725fa6d]
2026-08-19 09:13:50,421 - INFO - 📋 Experiment saved: Consolidation_Breakout_Tight_v1.0 [hash=7582782e4da6d9c7 git=725fa6d]
2026-08-19 09:13:50,434 - INFO - 📋 Experiment saved: RSI2_MeanReversion_v1.0 [hash=53f7fa4994f8b458 git=725fa6d]
2026-08-19 09:13:50,445 - INFO - 📋 Experiment saved: ExpiryAwareTheta_v1.0 [hash=f74844b7423269a9 git=725fa6d]
2026-08-19 09:13:50,458 - INFO - 📋 Experiment saved: RelativeValue_NIFTY_BANKNIFTY_v1.0 [hash=53beca865e66d404 git=725fa6d]
2026-08-19 09:13:50,470 - INFO - 📋 Experiment saved: MomentumBurst_5m_v1.0_RVOL2.0 [hash=dc95c8f6a7f2479d git=725fa6d]
2026-08-19 09:13:50,483 - INFO - 📋 Experiment saved: HtfPullback_v1.0_Tol0.6pct [hash=9318c6fd8f9c8b62 git=725fa6d]
2026-08-19 09:13:50,573 - INFO - 🏛️ Structural Paper Trader Initialized | Active Position Tracking Enabled
2026-08-19 09:13:50,573 - INFO - ⏱️ Aligning scheduler to 30-second grid offset by 5s. Sleeping 15s until 09:14:05 IST...
2026-08-19 09:14:05,575 - INFO - ⏱️ Scheduler aligned and running. Evaluating positions every 30s, signals on new completed M5 candles.
2026-08-19 09:14:05,575 - INFO - 🔔 [Initial Run] Running full market loop at 09:14:05...
2026-08-19 09:14:05,576 - INFO - --- 09:14:05 Market Pulse ---
2026-08-19 09:14:13,782 - WARNING - ⚡ [CreditSpread_v1.0_PCRFade] errors: ['OPTIONS_DATA_STALE'] (0.0ms)
2026-08-19 09:14:13,782 - WARNING - ⚡ [OIWallReaction_v1.0] errors: ['OPTIONS_DATA_STALE'] (0.0ms)
2026-08-19 09:14:13,782 - WARNING - ⚡ [PCRExtremeReversal_v1.0] errors: ['OPTIONS_DATA_STALE'] (0.0ms)
2026-08-19 09:14:13,783 - WARNING - ⚡ [OI_Scalping_v1.0] errors: ['INSUFFICIENT_OI_DATA'] (0.0ms)
2026-08-19 09:14:13,798 - WARNING - [ExpiryResolver] Both DB and API failed for NSE:NIFTY50-INDEX. Falling back to dynamically computed expiry: 26AUG (2026-08-25)
2026-08-19 09:14:13,799 - INFO - 🚀 COMBO SIGNAL: NSE:NIFTY50-INDEX BEAR_PUT_SPREAD | [VerticalSpread_v1.0]
2026-08-19 09:14:15,916 - INFO - Resolved active expiry from API: 26AUG
2026-08-19 09:14:16,925 - INFO - Retrieved live premium from Fyers API: LTP=106.45 for NSE:NIFTY26AUG24150PE
2026-08-19 09:14:17,920 - INFO - Retrieved live premium from Fyers API: LTP=71.9 for NSE:NIFTY26AUG24050PE
2026-08-19 09:14:17,920 - INFO - Resolved BEAR_PUT_SPREAD for NSE:NIFTY50-INDEX: [('PE', 'BUY', 24150.0), ('PE', 'SELL', 24050.0)] net_premium=36.90 max_loss=36.90
2026-08-19 09:14:17,920 - INFO - 💰 Combo lots [BEAR_PUT_SPREAD|WEAK_TREND_DOWN_NORMAL|conf=1]: budget=₹375 / max_loss=36.90 → 10 lots
2026-08-19 09:14:17,952 - INFO - 🟢 COMBO ENTRY [VerticalSpread_v1.0|_VerticalSpread_v1.0]: NSE:NIFTY50-INDEX BEAR_PUT_SPREAD | Net premium: 36.90 | Max loss: 36.90
2026-08-19 09:14:17,953 - INFO - 👻 [Straddle_v1.0_VolCompression] CF COMBO LONG_STRADDLE NSE:NIFTY50-INDEX LONG_STRADDLE | Rejected: ['NO_COMPRESSION:0.69']
2026-08-19 09:14:19,933 - INFO - Resolved active expiry from API: 26AUG
2026-08-19 09:14:20,928 - INFO - Retrieved live premium from Fyers API: LTP=162.8 for NSE:NIFTY26AUG24150CE
2026-08-19 09:14:21,932 - INFO - Retrieved live premium from Fyers API: LTP=106.45 for NSE:NIFTY26AUG24150PE
2026-08-19 09:14:21,932 - INFO - Resolved LONG_STRADDLE for NSE:NIFTY50-INDEX: [('CE', 'BUY', 24150.0), ('PE', 'BUY', 24150.0)] net_premium=270.75 max_loss=270.75
2026-08-19 09:14:21,988 - INFO - 🟢 CF COMBO ENTRY [Straddle_v1.0_VolCompression|_v1.0_VolCompression]: NSE:NIFTY50-INDEX LONG_STRADDLE | Net premium: 270.75 | Max loss: 270.75
2026-08-19 09:14:21,988 - INFO - 👻 [Strangle_v1.0_VolCompression] CF COMBO LONG_STRANGLE NSE:NIFTY50-INDEX LONG_STRANGLE | Rejected: ['NO_COMPRESSION:0.69']
2026-08-19 09:14:23,937 - INFO - Resolved active expiry from API: 26AUG
2026-08-19 09:14:24,934 - INFO - Retrieved live premium from Fyers API: LTP=109.5 for NSE:NIFTY26AUG24250CE
2026-08-19 09:14:25,939 - INFO - Retrieved live premium from Fyers API: LTP=71.9 for NSE:NIFTY26AUG24050PE
2026-08-19 09:14:25,939 - INFO - Resolved LONG_STRANGLE for NSE:NIFTY50-INDEX: [('CE', 'BUY', 24250.0), ('PE', 'BUY', 24050.0)] net_premium=181.75 max_loss=181.75
2026-08-19 09:14:26,022 - INFO - 🟢 CF COMBO ENTRY [Strangle_v1.0_VolCompression|_v1.0_VolCompression]: NSE:NIFTY50-INDEX LONG_STRANGLE | Net premium: 181.75 | Max loss: 181.75
2026-08-19 09:14:26,022 - WARNING - ⚡ [CreditSpread_v1.0_PCRFade] errors: ['OPTIONS_DATA_STALE']
2026-08-19 09:14:26,022 - WARNING - ⚡ [OIWallReaction_v1.0] errors: ['OPTIONS_DATA_STALE']
2026-08-19 09:14:26,022 - WARNING - ⚡ [PCRExtremeReversal_v1.0] errors: ['OPTIONS_DATA_STALE']
2026-08-19 09:14:26,022 - INFO - 👻 [IronCondor_v1.0] CF COMBO IRON_CONDOR NSE:NIFTY50-INDEX IRON_CONDOR | Rejected: ['HIGH_EFFICIENCY']
2026-08-19 09:14:27,957 - INFO - Resolved active expiry from API: 26AUG
2026-08-19 09:14:28,970 - INFO - Retrieved live premium from Fyers API: LTP=87.5 for NSE:NIFTY26AUG24100PE
2026-08-19 09:14:29,963 - INFO - Retrieved live premium from Fyers API: LTP=57.0 for NSE:NIFTY26AUG24000PE
2026-08-19 09:14:30,967 - INFO - Retrieved live premium from Fyers API: LTP=133.05 for NSE:NIFTY26AUG24200CE
2026-08-19 09:14:31,969 - INFO - Retrieved live premium from Fyers API: LTP=88.3 for NSE:NIFTY26AUG24300CE
2026-08-19 09:14:31,969 - INFO - Resolved IRON_CONDOR for NSE:NIFTY50-INDEX: [('PE', 'SELL', 24100.0), ('PE', 'BUY', 24000.0), ('CE', 'SELL', 24200.0), ('CE', 'BUY', 24300.0)] net_premium=-74.20 max_loss=25.80
2026-08-19 09:14:32,024 - INFO - 🟢 CF COMBO ENTRY [IronCondor_v1.0|1405_IronCondor_v1.0]: NSE:NIFTY50-INDEX IRON_CONDOR | Net premium: -74.20 | Max loss: 25.80
2026-08-19 09:14:32,025 - INFO - 👻 [Butterfly_v1.0] CF COMBO BUTTERFLY_SPREAD NSE:NIFTY50-INDEX BUTTERFLY_SPREAD | Rejected: ['HIGH_EFFICIENCY']
2026-08-19 09:14:33,976 - INFO - Resolved active expiry from API: 26AUG
2026-08-19 09:14:34,977 - INFO - Retrieved live premium from Fyers API: LTP=227.15 for NSE:NIFTY26AUG24050CE
2026-08-19 09:14:35,971 - INFO - Retrieved live premium from Fyers API: LTP=162.8 for NSE:NIFTY26AUG24150CE
2026-08-19 09:14:36,988 - INFO - Retrieved live premium from Fyers API: LTP=162.8 for NSE:NIFTY26AUG24150CE
2026-08-19 09:14:37,993 - INFO - Retrieved live premium from Fyers API: LTP=109.5 for NSE:NIFTY26AUG24250CE
2026-08-19 09:14:37,994 - INFO - Resolved BUTTERFLY_SPREAD for NSE:NIFTY50-INDEX: [('CE', 'BUY', 24050.0), ('CE', 'SELL', 24150.0), ('CE', 'SELL', 24150.0), ('CE', 'BUY', 24250.0)] net_premium=15.00 max_loss=15.00
2026-08-19 09:14:38,047 - INFO - 🟢 CF COMBO ENTRY [Butterfly_v1.0|91405_Butterfly_v1.0]: NSE:NIFTY50-INDEX BUTTERFLY_SPREAD | Net premium: 15.00 | Max loss: 15.00
2026-08-19 09:14:38,048 - INFO - 👻 [IronButterfly_v1.0] CF COMBO IRON_BUTTERFLY NSE:NIFTY50-INDEX IRON_BUTTERFLY | Rejected: ['HIGH_EFFICIENCY']
2026-08-19 09:14:40,001 - INFO - Resolved active expiry from API: 26AUG
2026-08-19 09:14:41,004 - INFO - Retrieved live premium from Fyers API: LTP=106.45 for NSE:NIFTY26AUG24150PE
2026-08-19 09:14:42,004 - INFO - Retrieved live premium from Fyers API: LTP=162.8 for NSE:NIFTY26AUG24150CE
2026-08-19 09:14:43,007 - INFO - Retrieved live premium from Fyers API: LTP=45.8 for NSE:NIFTY26AUG23950PE
2026-08-19 09:14:44,004 - INFO - Retrieved live premium from Fyers API: LTP=70.15 for NSE:NIFTY26AUG24350CE
2026-08-19 09:14:44,004 - INFO - Resolved IRON_BUTTERFLY for NSE:NIFTY50-INDEX: [('PE', 'SELL', 24150.0), ('CE', 'SELL', 24150.0), ('PE', 'BUY', 23950.0), ('CE', 'BUY', 24350.0)] net_premium=-150.35 max_loss=49.65
2026-08-19 09:14:44,060 - INFO - 🟢 CF COMBO ENTRY [IronButterfly_v1.0|5_IronButterfly_v1.0]: NSE:NIFTY50-INDEX IRON_BUTTERFLY | Net premium: -150.35 | Max loss: 49.65
2026-08-19 09:14:44,060 - WARNING - ⚡ [OI_Scalping_v1.0] errors: ['INSUFFICIENT_OI_DATA']
2026-08-19 09:14:44,060 - INFO - 👻 [ExpiryAwareTheta_v1.0] CF COMBO IRON_CONDOR NSE:NIFTY50-INDEX IRON_CONDOR | Rejected: ['HIGH_EFFICIENCY']
2026-08-19 09:14:46,020 - INFO - Resolved active expiry from API: 26AUG
2026-08-19 09:14:47,028 - INFO - Retrieved live premium from Fyers API: LTP=87.5 for NSE:NIFTY26AUG24100PE
2026-08-19 09:14:48,023 - INFO - Retrieved live premium from Fyers API: LTP=57.0 for NSE:NIFTY26AUG24000PE
2026-08-19 09:14:49,022 - INFO - Retrieved live premium from Fyers API: LTP=133.05 for NSE:NIFTY26AUG24200CE
2026-08-19 09:14:50,025 - INFO - Retrieved live premium from Fyers API: LTP=88.3 for NSE:NIFTY26AUG24300CE
2026-08-19 09:14:50,026 - INFO - Resolved IRON_CONDOR for NSE:NIFTY50-INDEX: [('PE', 'SELL', 24100.0), ('PE', 'BUY', 24000.0), ('CE', 'SELL', 24200.0), ('CE', 'BUY', 24300.0)] net_premium=-74.20 max_loss=25.80
2026-08-19 09:14:50,083 - INFO - 🟢 CF COMBO ENTRY [ExpiryAwareTheta_v1.0|xpiryAwareTheta_v1.0]: NSE:NIFTY50-INDEX IRON_CONDOR | Net premium: -74.20 | Max loss: 25.80
2026-08-19 09:14:52,045 - WARNING - ⚡ [CreditSpread_v1.0_PCRFade] errors: ['OPTIONS_DATA_STALE'] (0.0ms)
2026-08-19 09:14:52,045 - WARNING - ⚡ [OIWallReaction_v1.0] errors: ['OPTIONS_DATA_STALE'] (0.0ms)
2026-08-19 09:14:52,045 - WARNING - ⚡ [PCRExtremeReversal_v1.0] errors: ['OPTIONS_DATA_STALE'] (0.0ms)
2026-08-19 09:14:52,045 - WARNING - ⚡ [OI_Scalping_v1.0] errors: ['INSUFFICIENT_OI_DATA'] (0.0ms)
2026-08-19 09:14:52,057 - WARNING - [ExpiryResolver] Both DB and API failed for NSE:NIFTYBANK-INDEX. Falling back to dynamically computed expiry: 26AUG (2026-08-25)
2026-08-19 09:14:52,058 - INFO - 👻 [Structural_v3.2_RVOL1.0] CF BREAKOUT NSE:NIFTYBANK-INDEX BUY CALL | Rejected: ['BIAS_MISMATCH', 'LOW_EFFICIENCY']
2026-08-19 09:14:52,058 - INFO - 📊 EXECUTION AUDIT [SIGNAL_GENERATED]: trade_id=None, candidate_id=cand_NSE_NIFTYBANK_INDEX_BREAKOUT_57414.90_20260818_152000_Structural_v3.2_RVOL1.0, payload={'symbol': 'NSE:NIFTYBANK-INDEX', 'signal': 'BUY CALL', 'strategy': 'BREAKOUT', 'price': 57308.15, 'stop_loss': 57288.20892857143, 'take_profit': 57507.56071428571, 'tp1': 57338.06160714285, 'rr_ratio': 10.0, 'timestamp': '2026-08-18T15:20:00+05:30', 'accepted': False, 'rejection_reasons': ['BIAS_MISMATCH', 'LOW_EFFICIENCY'], 'features': {'date': '2026-08-18', 'strategy_name': 'Structural_v3', 'strategy_version': 'v3.2', 'feature_version': 'v1.1', 'market_regime': 'RANGE_NORMAL', 'day_type': 'NORMAL_DAY', 'session_type': 'CLOSE', 'daily_bias': 'NEUTRAL', 'hourly_bias': 'NEUTRAL', 'trend_strength': 0.0, 'rvol': 1.0, 'rvol_threshold': 1.0, 'atr': 39.88, 'distance_from_supply': 577.7, 'distance_from_demand': 169.3, 'nearest_supply_strength': 66.1, 'nearest_demand_strength': 67.7, 'distance_to_liquidity_pool': 169.3000000000029, 'liquidity_score': 10.0, 'indicator_snapshot': {'rvol_tod': 1.0, 'is_compressed': True, 'bos_count': 0}, 'move_efficiency': 0.1797, 'wickiness': 0.4989, 'fft_score': 0.0, 'setup_type': 'BREAKOUT', 'candidate_id': 'cand_NSE_NIFTYBANK_INDEX_BREAKOUT_57414.90_20260818_152000', 'ema20': 57336.65, 'ema50': 57341.4, 'move_efficiency_h1': 0.0051, 'ema_bullish': False, 'rsi14': 40.54, 'rsi2': 0.0, 'distance_to_vwap': -0.0005, 'atr_percentile': 0.3934, 'dist_prev_high': -0.0078, 'dist_prev_low': 0.0033, 'adx': 14.01, 'adx_slope': 1.1506, 'gap_pct': -0.003, 'regime_primary': 'RANGE', 'regime_vol_state': 'NORMAL'}, 'candidate_id': 'cand_NSE_NIFTYBANK_INDEX_BREAKOUT_57414.90_20260818_152000_Structural_v3.2_RVOL1.0', 'experiment_name': 'Structural_v3.2_RVOL1.0', 'strategy_id': 'structural', 'version': 'v3.2'}
2026-08-19 09:14:54,425 - INFO - Resolved active expiry from API: 26AUG
2026-08-19 09:14:55,226 - INFO - Retrieved live premium from Fyers API: LTP=430.0 for NSE:BANKNIFTY26AUG57300CE
2026-08-19 09:14:55,227 - INFO - Resolved index signal into option contract: OptionContract(symbol='NSE:BANKNIFTY26AUG57300CE', strike=57300.0, expiry='26AUG', option_type='CE', premium=430.0, delta=0.5, bid=430.05, ask=433.0, volume=3374280, resolved_at=datetime.datetime(2026, 8, 19, 9, 14, 55, 227318))
2026-08-19 09:14:55,227 - INFO - ⚡ Option strike selection resolved index signal to contract NSE:BANKNIFTY26AUG57300CE @ premium 430.0 (type: CE, strike: 57300.0)
2026-08-19 09:14:55,228 - INFO - 📊 EXECUTION AUDIT [STRIKE_SELECTED]: trade_id=None, candidate_id=cand_NSE_NIFTYBANK_INDEX_BREAKOUT_57414.90_20260818_152000_Structural_v3.2_RVOL1.0, payload={'symbol': 'NSE:BANKNIFTY26AUG57300CE', 'strike': 57300.0, 'expiry': '26AUG', 'type': 'CE'}
2026-08-19 09:14:55,321 - INFO - 📊 EXECUTION AUDIT [PREMIUM_RETRIEVED]: trade_id=None, candidate_id=cand_NSE_NIFTYBANK_INDEX_BREAKOUT_57414.90_20260818_152000_Structural_v3.2_RVOL1.0, payload={'premium': 430.0, 'bid': 430.05, 'ask': 433.0}
2026-08-19 09:14:55,410 - INFO - 📊 EXECUTION AUDIT [CF_SUBMITTED]: trade_id=None, candidate_id=cand_NSE_NIFTYBANK_INDEX_BREAKOUT_57414.90_20260818_152000_Structural_v3.2_RVOL1.0, payload={'price': 57308.15, 'sl': 57288.20892857143, 'tp': 57507.56071428571}
2026-08-19 09:14:55,500 - INFO - 📊 EXECUTION AUDIT [CF_FILLED]: trade_id=None, candidate_id=cand_NSE_NIFTYBANK_INDEX_BREAKOUT_57414.90_20260818_152000_Structural_v3.2_RVOL1.0, payload={'price': 57308.15, 'sl': 57288.20892857143, 'tp': 57507.56071428571}
2026-08-19 09:14:55,599 - INFO - 💰 Position size [BREAKOUT|RANGE_NORMAL|conf=70]: frac=0.004 → ₹5,000 (risk/unit=0.03%)
2026-08-19 09:14:55,843 - INFO - 🟢 ENTRY [CF|Structural_v3.2_RVOL1.0|uctural_v3.2_RVOL1.0]: NSE:NIFTYBANK-INDEX BUY CALL @ 57308.15 | SL: 57288.21 TP: 57507.56
2026-08-19 09:14:55,844 - INFO - 👻 [Structural_v3.2_RVOL0.8] CF BREAKOUT NSE:NIFTYBANK-INDEX BUY CALL | Rejected: ['BIAS_MISMATCH', 'LOW_EFFICIENCY']
2026-08-19 09:14:55,844 - INFO - 📊 EXECUTION AUDIT [SIGNAL_GENERATED]: trade_id=None, candidate_id=cand_NSE_NIFTYBANK_INDEX_BREAKOUT_57414.90_20260818_152000_Structural_v3.2_RVOL0.8, payload={'symbol': 'NSE:NIFTYBANK-INDEX', 'signal': 'BUY CALL', 'strategy': 'BREAKOUT', 'price': 57308.15, 'stop_loss': 57288.20892857143, 'take_profit': 57507.56071428571, 'tp1': 57338.06160714285, 'rr_ratio': 10.0, 'timestamp': '2026-08-18T15:20:00+05:30', 'accepted': False, 'rejection_reasons': ['BIAS_MISMATCH', 'LOW_EFFICIENCY'], 'features': {'date': '2026-08-18', 'strategy_name': 'Structural_v3', 'strategy_version': 'v3.2', 'feature_version': 'v1.1', 'market_regime': 'RANGE_NORMAL', 'day_type': 'NORMAL_DAY', 'session_type': 'CLOSE', 'daily_bias': 'NEUTRAL', 'hourly_bias': 'NEUTRAL', 'trend_strength': 0.0, 'rvol': 1.0, 'rvol_threshold': 0.8, 'atr': 39.88, 'distance_from_supply': 577.7, 'distance_from_demand': 169.3, 'nearest_supply_strength': 66.1, 'nearest_demand_strength': 67.7, 'distance_to_liquidity_pool': 169.3000000000029, 'liquidity_score': 10.0, 'indicator_snapshot': {'rvol_tod': 1.0, 'is_compressed': True, 'bos_count': 0}, 'move_efficiency': 0.1797, 'wickiness': 0.4989, 'fft_score': 0.0, 'setup_type': 'BREAKOUT', 'candidate_id': 'cand_NSE_NIFTYBANK_INDEX_BREAKOUT_57414.90_20260818_152000', 'ema20': 57336.65, 'ema50': 57341.4, 'move_efficiency_h1': 0.0051, 'ema_bullish': False, 'rsi14': 40.54, 'rsi2': 0.0, 'distance_to_vwap': -0.0005, 'atr_percentile': 0.3934, 'dist_prev_high': -0.0078, 'dist_prev_low': 0.0033, 'adx': 14.01, 'adx_slope': 1.1506, 'gap_pct': -0.003, 'regime_primary': 'RANGE', 'regime_vol_state': 'NORMAL'}, 'candidate_id': 'cand_NSE_NIFTYBANK_INDEX_BREAKOUT_57414.90_20260818_152000_Structural_v3.2_RVOL0.8', 'experiment_name': 'Structural_v3.2_RVOL0.8', 'strategy_id': 'structural', 'version': 'v3.2'}
2026-08-19 09:14:57,233 - INFO - Resolved active expiry from API: 26AUG
2026-08-19 09:14:58,247 - INFO - Retrieved live premium from Fyers API: LTP=430.0 for NSE:BANKNIFTY26AUG57300CE
2026-08-19 09:14:58,247 - INFO - Resolved index signal into option contract: OptionContract(symbol='NSE:BANKNIFTY26AUG57300CE', strike=57300.0, expiry='26AUG', option_type='CE', premium=430.0, delta=0.5, bid=430.05, ask=433.0, volume=3374280, resolved_at=datetime.datetime(2026, 8, 19, 9, 14, 58, 247791))
2026-08-19 09:14:58,248 - INFO - ⚡ Option strike selection resolved index signal to contract NSE:BANKNIFTY26AUG57300CE @ premium 430.0 (type: CE, strike: 57300.0)
2026-08-19 09:14:58,248 - INFO - 📊 EXECUTION AUDIT [STRIKE_SELECTED]: trade_id=None, candidate_id=cand_NSE_NIFTYBANK_INDEX_BREAKOUT_57414.90_20260818_152000_Structural_v3.2_RVOL0.8, payload={'symbol': 'NSE:BANKNIFTY26AUG57300CE', 'strike': 57300.0, 'expiry': '26AUG', 'type': 'CE'}
2026-08-19 09:14:58,353 - INFO - 📊 EXECUTION AUDIT [PREMIUM_RETRIEVED]: trade_id=None, candidate_id=cand_NSE_NIFTYBANK_INDEX_BREAKOUT_57414.90_20260818_152000_Structural_v3.2_RVOL0.8, payload={'premium': 430.0, 'bid': 430.05, 'ask': 433.0}
2026-08-19 09:14:58,433 - INFO - 📊 EXECUTION AUDIT [CF_SUBMITTED]: trade_id=None, candidate_id=cand_NSE_NIFTYBANK_INDEX_BREAKOUT_57414.90_20260818_152000_Structural_v3.2_RVOL0.8, payload={'price': 57308.15, 'sl': 57288.20892857143, 'tp': 57507.56071428571}
2026-08-19 09:14:58,504 - INFO - 📊 EXECUTION AUDIT [CF_FILLED]: trade_id=None, candidate_id=cand_NSE_NIFTYBANK_INDEX_BREAKOUT_57414.90_20260818_152000_Structural_v3.2_RVOL0.8, payload={'price': 57308.15, 'sl': 57288.20892857143, 'tp': 57507.56071428571}
2026-08-19 09:14:58,564 - INFO - 💰 Position size [BREAKOUT|RANGE_NORMAL|conf=70]: frac=0.004 → ₹5,000 (risk/unit=0.03%)
2026-08-19 09:14:58,694 - INFO - 🟢 ENTRY [CF|Structural_v3.2_RVOL0.8|uctural_v3.2_RVOL0.8]: NSE:NIFTYBANK-INDEX BUY CALL @ 57308.15 | SL: 57288.21 TP: 57507.56
2026-08-19 09:14:58,694 - INFO - 👻 [Structural_v3.3_ExitMgmt] CF BREAKOUT NSE:NIFTYBANK-INDEX BUY CALL | Rejected: ['BIAS_MISMATCH', 'LOW_EFFICIENCY']
2026-08-19 09:14:58,695 - INFO - 📊 EXECUTION AUDIT [SIGNAL_GENERATED]: trade_id=None, candidate_id=cand_NSE_NIFTYBANK_INDEX_BREAKOUT_57414.90_20260818_152000_Structural_v3.3_ExitMgmt, payload={'symbol': 'NSE:NIFTYBANK-INDEX', 'signal': 'BUY CALL', 'strategy': 'BREAKOUT', 'price': 57308.15, 'stop_loss': 57288.20892857143, 'take_profit': 57507.56071428571, 'tp1': 57338.06160714285, 'rr_ratio': 10.0, 'timestamp': '2026-08-18T15:20:00+05:30', 'accepted': False, 'rejection_reasons': ['BIAS_MISMATCH', 'LOW_EFFICIENCY'], 'features': {'date': '2026-08-18', 'strategy_name': 'Structural_v3', 'strategy_version': 'v3.2', 'feature_version': 'v1.1', 'market_regime': 'RANGE_NORMAL', 'day_type': 'NORMAL_DAY', 'session_type': 'CLOSE', 'daily_bias': 'NEUTRAL', 'hourly_bias': 'NEUTRAL', 'trend_strength': 0.0, 'rvol': 1.0, 'rvol_threshold': 1.0, 'atr': 39.88, 'distance_from_supply': 577.7, 'distance_from_demand': 169.3, 'nearest_supply_strength': 66.1, 'nearest_demand_strength': 67.7, 'distance_to_liquidity_pool': 169.3000000000029, 'liquidity_score': 10.0, 'indicator_snapshot': {'rvol_tod': 1.0, 'is_compressed': True, 'bos_count': 0}, 'move_efficiency': 0.1797, 'wickiness': 0.4989, 'fft_score': 0.0, 'setup_type': 'BREAKOUT', 'candidate_id': 'cand_NSE_NIFTYBANK_INDEX_BREAKOUT_57414.90_20260818_152000', 'ema20': 57336.65, 'ema50': 57341.4, 'move_efficiency_h1': 0.0051, 'ema_bullish': False, 'rsi14': 40.54, 'rsi2': 0.0, 'distance_to_vwap': -0.0005, 'atr_percentile': 0.3934, 'dist_prev_high': -0.0078, 'dist_prev_low': 0.0033, 'adx': 14.01, 'adx_slope': 1.1506, 'gap_pct': -0.003, 'regime_primary': 'RANGE', 'regime_vol_state': 'NORMAL'}, 'candidate_id': 'cand_NSE_NIFTYBANK_INDEX_BREAKOUT_57414.90_20260818_152000_Structural_v3.3_ExitMgmt', 'experiment_name': 'Structural_v3.3_ExitMgmt', 'strategy_id': 'structural', 'version': 'v3.2'}
2026-08-19 09:15:00,205 - INFO - Resolved active expiry from API: 26AUG
2026-08-19 09:15:01,214 - INFO - Retrieved live premium from Fyers API: LTP=458.7 for NSE:BANKNIFTY26AUG57300CE
2026-08-19 09:15:01,214 - INFO - Resolved index signal into option contract: OptionContract(symbol='NSE:BANKNIFTY26AUG57300CE', strike=57300.0, expiry='26AUG', option_type='CE', premium=458.7, delta=0.5, bid=434.8, ask=458.75, volume=150, resolved_at=datetime.datetime(2026, 8, 19, 9, 15, 1, 214772))
2026-08-19 09:15:01,215 - INFO - ⚡ Option strike selection resolved index signal to contract NSE:BANKNIFTY26AUG57300CE @ premium 458.7 (type: CE, strike: 57300.0)
2026-08-19 09:15:01,215 - INFO - 📊 EXECUTION AUDIT [STRIKE_SELECTED]: trade_id=None, candidate_id=cand_NSE_NIFTYBANK_INDEX_BREAKOUT_57414.90_20260818_152000_Structural_v3.3_ExitMgmt, payload={'symbol': 'NSE:BANKNIFTY26AUG57300CE', 'strike': 57300.0, 'expiry': '26AUG', 'type': 'CE'}
2026-08-19 09:15:01,246 - INFO - 📊 EXECUTION AUDIT [PREMIUM_RETRIEVED]: trade_id=None, candidate_id=cand_NSE_NIFTYBANK_INDEX_BREAKOUT_57414.90_20260818_152000_Structural_v3.3_ExitMgmt, payload={'premium': 458.7, 'bid': 434.8, 'ask': 458.75}
2026-08-19 09:15:01,271 - INFO - 📊 EXECUTION AUDIT [CF_SUBMITTED]: trade_id=None, candidate_id=cand_NSE_NIFTYBANK_INDEX_BREAKOUT_57414.90_20260818_152000_Structural_v3.3_ExitMgmt, payload={'price': 57308.15, 'sl': 57288.20892857143, 'tp': 57507.56071428571}
2026-08-19 09:15:01,293 - INFO - 📊 EXECUTION AUDIT [CF_FILLED]: trade_id=None, candidate_id=cand_NSE_NIFTYBANK_INDEX_BREAKOUT_57414.90_20260818_152000_Structural_v3.3_ExitMgmt, payload={'price': 57308.15, 'sl': 57288.20892857143, 'tp': 57507.56071428571}
2026-08-19 09:15:01,316 - INFO - 💰 Position size [BREAKOUT|RANGE_NORMAL|conf=70]: frac=0.004 → ₹5,000 (risk/unit=0.03%)
2026-08-19 09:15:01,367 - INFO - 🟢 ENTRY [CF|Structural_v3.3_ExitMgmt|ctural_v3.3_ExitMgmt]: NSE:NIFTYBANK-INDEX BUY CALL @ 57308.15 | SL: 57288.21 TP: 57507.56
2026-08-19 09:15:01,367 - INFO - 👻 [VerticalSpread_v1.0] CF COMBO BEAR_PUT_SPREAD NSE:NIFTYBANK-INDEX BEAR_PUT_SPREAD | Rejected: ['LOW_EFFICIENCY']
2026-08-19 09:15:03,223 - INFO - Resolved active expiry from API: 26AUG
2026-08-19 09:15:04,222 - INFO - Retrieved live premium from Fyers API: LTP=390.0 for NSE:BANKNIFTY26AUG57300PE
2026-08-19 09:15:05,230 - INFO - Retrieved live premium from Fyers API: LTP=294.7 for NSE:BANKNIFTY26AUG57100PE
2026-08-19 09:15:05,230 - INFO - Resolved BEAR_PUT_SPREAD for NSE:NIFTYBANK-INDEX: [('PE', 'BUY', 57300.0), ('PE', 'SELL', 57100.0)] net_premium=97.95 max_loss=97.95
2026-08-19 09:15:05,283 - INFO - 🟢 CF COMBO ENTRY [VerticalSpread_v1.0|_VerticalSpread_v1.0]: NSE:NIFTYBANK-INDEX BEAR_PUT_SPREAD | Net premium: 97.95 | Max loss: 97.95
2026-08-19 09:15:05,284 - INFO - 👻 [Straddle_v1.0_VolCompression] CF COMBO LONG_STRADDLE NSE:NIFTYBANK-INDEX LONG_STRADDLE | Rejected: ['NO_COMPRESSION:0.39']
2026-08-19 09:15:07,240 - INFO - Resolved active expiry from API: 26AUG
2026-08-19 09:15:08,238 - INFO - Retrieved live premium from Fyers API: LTP=375.8 for NSE:BANKNIFTY26AUG57300CE
2026-08-19 09:15:09,230 - INFO - Retrieved live premium from Fyers API: LTP=401.75 for NSE:BANKNIFTY26AUG57300PE
2026-08-19 09:15:09,230 - INFO - Resolved LONG_STRADDLE for NSE:NIFTYBANK-INDEX: [('CE', 'BUY', 57300.0), ('PE', 'BUY', 57300.0)] net_premium=780.55 max_loss=780.55
2026-08-19 09:15:09,287 - INFO - 🟢 CF COMBO ENTRY [Straddle_v1.0_VolCompression|_v1.0_VolCompression]: NSE:NIFTYBANK-INDEX LONG_STRADDLE | Net premium: 780.55 | Max loss: 780.55
2026-08-19 09:15:09,287 - INFO - 👻 [Strangle_v1.0_VolCompression] CF COMBO LONG_STRANGLE NSE:NIFTYBANK-INDEX LONG_STRANGLE | Rejected: ['NO_COMPRESSION:0.39']
2026-08-19 09:15:11,248 - INFO - Resolved active expiry from API: 26AUG
2026-08-19 09:15:12,251 - INFO - Retrieved live premium from Fyers API: LTP=279.6 for NSE:BANKNIFTY26AUG57500CE
2026-08-19 09:15:13,256 - INFO - Retrieved live premium from Fyers API: LTP=321.1 for NSE:BANKNIFTY26AUG57100PE
2026-08-19 09:15:13,257 - INFO - Resolved LONG_STRANGLE for NSE:NIFTYBANK-INDEX: [('CE', 'BUY', 57500.0), ('PE', 'BUY', 57100.0)] net_premium=601.30 max_loss=601.30
2026-08-19 09:15:13,314 - INFO - 🟢 CF COMBO ENTRY [Strangle_v1.0_VolCompression|_v1.0_VolCompression]: NSE:NIFTYBANK-INDEX LONG_STRANGLE | Net premium: 601.30 | Max loss: 601.30
2026-08-19 09:15:13,315 - WARNING - ⚡ [CreditSpread_v1.0_PCRFade] errors: ['OPTIONS_DATA_STALE']
2026-08-19 09:15:13,315 - WARNING - ⚡ [OIWallReaction_v1.0] errors: ['OPTIONS_DATA_STALE']
2026-08-19 09:15:13,315 - WARNING - ⚡ [PCRExtremeReversal_v1.0] errors: ['OPTIONS_DATA_STALE']
2026-08-19 09:15:13,315 - INFO - 🚀 COMBO SIGNAL: NSE:NIFTYBANK-INDEX IRON_CONDOR | [IronCondor_v1.0]
2026-08-19 09:15:15,260 - INFO - Resolved active expiry from API: 26AUG
2026-08-19 09:15:16,268 - INFO - Retrieved live premium from Fyers API: LTP=363.9 for NSE:BANKNIFTY26AUG57200PE
2026-08-19 09:15:17,286 - INFO - Retrieved live premium from Fyers API: LTP=282.0 for NSE:BANKNIFTY26AUG57000PE
2026-08-19 09:15:18,283 - INFO - Retrieved live premium from Fyers API: LTP=316.5 for NSE:BANKNIFTY26AUG57400CE
2026-08-19 09:15:19,281 - INFO - Retrieved live premium from Fyers API: LTP=237.45 for NSE:BANKNIFTY26AUG57600CE
2026-08-19 09:15:19,282 - INFO - Resolved IRON_CONDOR for NSE:NIFTYBANK-INDEX: [('PE', 'SELL', 57200.0), ('PE', 'BUY', 57000.0), ('CE', 'SELL', 57400.0), ('CE', 'BUY', 57600.0)] net_premium=-156.45 max_loss=43.55
2026-08-19 09:15:19,282 - INFO - 💰 Combo lots [IRON_CONDOR|RANGE_NORMAL|conf=1|short_vol_group]: budget=₹262 / max_loss=43.55 → 6 lots
2026-08-19 09:15:19,339 - INFO - 🟢 COMBO ENTRY [IronCondor_v1.0|1405_IronCondor_v1.0]: NSE:NIFTYBANK-INDEX IRON_CONDOR | Net premium: -156.45 | Max loss: 43.55
2026-08-19 09:15:19,339 - INFO - 🚀 COMBO SIGNAL: NSE:NIFTYBANK-INDEX BUTTERFLY_SPREAD | [Butterfly_v1.0]
2026-08-19 09:15:21,290 - INFO - Resolved active expiry from API: 26AUG
2026-08-19 09:15:22,291 - INFO - Retrieved live premium from Fyers API: LTP=477.0 for NSE:BANKNIFTY26AUG57100CE
2026-08-19 09:15:23,291 - INFO - Retrieved live premium from Fyers API: LTP=375.6 for NSE:BANKNIFTY26AUG57300CE
2026-08-19 09:15:24,302 - INFO - Retrieved live premium from Fyers API: LTP=380.75 for NSE:BANKNIFTY26AUG57300CE
2026-08-19 09:15:25,303 - INFO - Retrieved live premium from Fyers API: LTP=286.55 for NSE:BANKNIFTY26AUG57500CE
2026-08-19 09:15:25,303 - INFO - Resolved BUTTERFLY_SPREAD for NSE:NIFTYBANK-INDEX: [('CE', 'BUY', 57100.0), ('CE', 'SELL', 57300.0), ('CE', 'SELL', 57300.0), ('CE', 'BUY', 57500.0)] net_premium=7.05 max_loss=7.05
2026-08-19 09:15:25,304 - INFO - 💰 Combo lots [BUTTERFLY_SPREAD|RANGE_NORMAL|conf=1]: budget=₹262 / max_loss=7.05 → 37 lots
2026-08-19 09:15:25,359 - INFO - 🟢 COMBO ENTRY [Butterfly_v1.0|91405_Butterfly_v1.0]: NSE:NIFTYBANK-INDEX BUTTERFLY_SPREAD | Net premium: 7.05 | Max loss: 7.05
2026-08-19 09:15:25,360 - INFO - 🚀 COMBO SIGNAL: NSE:NIFTYBANK-INDEX IRON_BUTTERFLY | [IronButterfly_v1.0]
2026-08-19 09:15:27,314 - INFO - Resolved active expiry from API: 26AUG
2026-08-19 09:15:28,318 - INFO - Retrieved live premium from Fyers API: LTP=413.9 for NSE:BANKNIFTY26AUG57300PE
2026-08-19 09:15:29,315 - INFO - Retrieved live premium from Fyers API: LTP=376.35 for NSE:BANKNIFTY26AUG57300CE
2026-08-19 09:15:30,332 - INFO - Retrieved live premium from Fyers API: LTP=245.05 for NSE:BANKNIFTY26AUG56900PE
2026-08-19 09:15:31,319 - INFO - Retrieved live premium from Fyers API: LTP=214.55 for NSE:BANKNIFTY26AUG57700CE
2026-08-19 09:15:31,320 - INFO - Resolved IRON_BUTTERFLY for NSE:NIFTYBANK-INDEX: [('PE', 'SELL', 57300.0), ('CE', 'SELL', 57300.0), ('PE', 'BUY', 56900.0), ('CE', 'BUY', 57700.0)] net_premium=-326.10 max_loss=73.90
2026-08-19 09:15:31,320 - INFO - 💰 Combo lots [IRON_BUTTERFLY|RANGE_NORMAL|conf=1|short_vol_group]: budget=₹262 / max_loss=73.90 → 3 lots
2026-08-19 09:15:31,399 - INFO - 🟢 COMBO ENTRY [IronButterfly_v1.0|5_IronButterfly_v1.0]: NSE:NIFTYBANK-INDEX IRON_BUTTERFLY | Net premium: -326.10 | Max loss: 73.90
2026-08-19 09:15:31,399 - WARNING - ⚡ [OI_Scalping_v1.0] errors: ['INSUFFICIENT_OI_DATA']
2026-08-19 09:15:31,400 - INFO - 🚀 COMBO SIGNAL: NSE:NIFTYBANK-INDEX IRON_CONDOR | [ExpiryAwareTheta_v1.0]
2026-08-19 09:15:33,332 - INFO - Resolved active expiry from API: 26AUG
2026-08-19 09:15:34,329 - INFO - Retrieved live premium from Fyers API: LTP=350.0 for NSE:BANKNIFTY26AUG57200PE
2026-08-19 09:15:35,343 - INFO - Retrieved live premium from Fyers API: LTP=267.25 for NSE:BANKNIFTY26AUG57000PE
2026-08-19 09:15:36,337 - INFO - Retrieved live premium from Fyers API: LTP=350.25 for NSE:BANKNIFTY26AUG57400CE
2026-08-19 09:15:37,347 - INFO - Retrieved live premium from Fyers API: LTP=260.95 for NSE:BANKNIFTY26AUG57600CE
2026-08-19 09:15:37,348 - INFO - Resolved IRON_CONDOR for NSE:NIFTYBANK-INDEX: [('PE', 'SELL', 57200.0), ('PE', 'BUY', 57000.0), ('CE', 'SELL', 57400.0), ('CE', 'BUY', 57600.0)] net_premium=-176.45 max_loss=23.55
2026-08-19 09:15:37,348 - INFO - 💰 Combo lots [IRON_CONDOR|RANGE_NORMAL|conf=1|short_vol_group]: budget=₹262 / max_loss=23.55 → 11 lots
2026-08-19 09:15:37,406 - INFO - 🟢 COMBO ENTRY [ExpiryAwareTheta_v1.0|xpiryAwareTheta_v1.0]: NSE:NIFTYBANK-INDEX IRON_CONDOR | Net premium: -176.45 | Max loss: 23.55
2026-08-19 09:15:37,407 - INFO - 🚀 SIGNAL: NSE:NIFTYBANK-INDEX BUY PUT | [RelativeValue_NIFTY_BANKNIFTY_v1.0]
2026-08-19 09:15:37,407 - INFO -    Entry: 57308.15 | SL: 57328.090000000004 | TP: 57265.970227683225 (RR: 2.12)
2026-08-19 09:15:37,407 - INFO - 📊 EXECUTION AUDIT [SIGNAL_GENERATED]: trade_id=trade_NSE_NIFTYBANK_INDEX_RelativeValue_NIFTY_BANKNIFTY_v1.0_1787111045, candidate_id=cand_NSE_NIFTYBANK_INDEX_RELVAL_57308.15_20260819_091405_RelativeValue_NIFTY_BANKNIFTY_v1.0, payload={'symbol': 'NSE:NIFTYBANK-INDEX', 'signal': 'BUY PUT', 'strategy': 'RATIO_DIVERGENCE', 'price': 57308.15, 'stop_loss': 57328.090000000004, 'take_profit': 57265.970227683225, 'tp1': 57278.24, 'rr_ratio': 2.12, 'timestamp': '2026-08-19T09:14:05.576094+05:30', 'accepted': True, 'rejection_reasons': [], 'features': {'atr': 39.88, 'ema20': 57336.65, 'ema50': 57341.4, 'move_efficiency': 0.1797, 'move_efficiency_h1': 0.0051, 'wickiness': 0.4989, 'ema_bullish': False, 'rsi14': 40.54, 'rsi2': 0.0, 'distance_to_vwap': -0.0005, 'atr_percentile': 0.3934, 'dist_prev_high': -0.0078, 'dist_prev_low': 0.0033, 'adx': 14.01, 'adx_slope': 1.1506, 'gap_pct': -0.003, 'regime_primary': 'RANGE', 'regime_vol_state': 'NORMAL', 'market_regime': 'RANGE_NORMAL'}, 'candidate_id': 'cand_NSE_NIFTYBANK_INDEX_RELVAL_57308.15_20260819_091405_RelativeValue_NIFTY_BANKNIFTY_v1.0', 'confidence': 0.52, 'diagnostics': {'ratio_now': 0.4217, 'ratio_rolling_mean': 0.4222, 'ratio_rolling_std': 0.000236, 'z_score': -2.19, 'atr': 39.88, 'rr_ratio': 2.12, 'other_symbol': 'NSE:NIFTY50-INDEX'}, 'experiment_name': 'RelativeValue_NIFTY_BANKNIFTY_v1.0', 'strategy_id': 'relative_value_nifty_banknifty', 'version': 'v1.0'}
2026-08-19 09:15:39,347 - INFO - Resolved active expiry from API: 26AUG
2026-08-19 09:15:40,590 - INFO - Retrieved live premium from Fyers API: LTP=391.3 for NSE:BANKNIFTY26AUG57300PE
2026-08-19 09:15:40,591 - INFO - Resolved index signal into option contract: OptionContract(symbol='NSE:BANKNIFTY26AUG57300PE', strike=57300.0, expiry='26AUG', option_type='PE', premium=391.3, delta=0.5, bid=390.65, ask=391.6, volume=71610, resolved_at=datetime.datetime(2026, 8, 19, 9, 15, 40, 590964))
2026-08-19 09:15:40,591 - INFO - ⚡ Option strike selection resolved index signal to contract NSE:BANKNIFTY26AUG57300PE @ premium 391.3 (type: PE, strike: 57300.0)
2026-08-19 09:15:40,591 - INFO - 📊 EXECUTION AUDIT [STRIKE_SELECTED]: trade_id=trade_NSE_NIFTYBANK_INDEX_RelativeValue_NIFTY_BANKNIFTY_v1.0_1787111045, candidate_id=cand_NSE_NIFTYBANK_INDEX_RELVAL_57308.15_20260819_091405_RelativeValue_NIFTY_BANKNIFTY_v1.0, payload={'symbol': 'NSE:BANKNIFTY26AUG57300PE', 'strike': 57300.0, 'expiry': '26AUG', 'type': 'PE'}
2026-08-19 09:15:40,621 - INFO - 📊 EXECUTION AUDIT [PREMIUM_RETRIEVED]: trade_id=trade_NSE_NIFTYBANK_INDEX_RelativeValue_NIFTY_BANKNIFTY_v1.0_1787111045, candidate_id=cand_NSE_NIFTYBANK_INDEX_RELVAL_57308.15_20260819_091405_RelativeValue_NIFTY_BANKNIFTY_v1.0, payload={'premium': 391.3, 'bid': 390.65, 'ask': 391.6}
2026-08-19 09:15:40,641 - INFO - 📊 EXECUTION AUDIT [ORDER_SUBMITTED]: trade_id=trade_NSE_NIFTYBANK_INDEX_RelativeValue_NIFTY_BANKNIFTY_v1.0_1787111045, candidate_id=cand_NSE_NIFTYBANK_INDEX_RELVAL_57308.15_20260819_091405_RelativeValue_NIFTY_BANKNIFTY_v1.0, payload={'price': 57308.15, 'sl': 57328.090000000004, 'tp': 57265.970227683225}
2026-08-19 09:15:40,659 - INFO - 📊 EXECUTION AUDIT [ORDER_FILLED]: trade_id=trade_NSE_NIFTYBANK_INDEX_RelativeValue_NIFTY_BANKNIFTY_v1.0_1787111045, candidate_id=cand_NSE_NIFTYBANK_INDEX_RELVAL_57308.15_20260819_091405_RelativeValue_NIFTY_BANKNIFTY_v1.0, payload={'price': 57308.15, 'sl': 57328.090000000004, 'tp': 57265.970227683225}
2026-08-19 09:15:40,678 - INFO - 💰 Position size [RATIO_DIVERGENCE|RANGE_NORMAL|conf=1]: frac=0.003 → ₹5,000 (risk/unit=0.03%)
2026-08-19 09:15:40,719 - INFO - 🟢 ENTRY [RelativeValue_NIFTY_BANKNIFTY_v1.0|_v1.0_1787111045]: NSE:NIFTYBANK-INDEX BUY PUT @ 57308.15 | SL: 57328.09 TP: 57265.97
2026-08-19 09:15:40,720 - INFO - 🔔 [New Candle Closed] Running entry pipeline for candle 09:15 at 09:15:40...
2026-08-19 09:15:40,720 - INFO - --- 09:15:40 Market Pulse ---
2026-08-19 09:15:48,756 - INFO - 📊 EXECUTION AUDIT [TP_EXPANDED]: trade_id=trade_NSE_NIFTYBANK_INDEX_RelativeValue_NIFTY_BANKNIFTY_v1.0_1787111045, candidate_id=cand_NSE_NIFTYBANK_INDEX_RELVAL_57308.15_20260819_091405_RelativeValue_NIFTY_BANKNIFTY_v1.0, payload={'price': 57196.95, 'old_sl': 57328.090000000004, 'new_sl': 57216.89, 'old_tp': 57265.970227683225, 'new_tp': 57246.03022768322, 'reason': 'TP_EXPANSION'}
2026-08-19 09:15:48,947 - INFO - 🟡 UPDATE (TP_EXPANSION) [RelativeValue_NIFTY_BANKNIFTY_v1.0|NIFTY_BANKNIFTY_v1.0]: NSE:NIFTYBANK-INDEX @ 57196.95 | SL→57216.89 TP→57246.03
2026-08-19 09:15:49,068 - INFO - 📊 EXECUTION AUDIT [CF_EXITED]: trade_id=None, candidate_id=cand_NSE_NIFTYBANK_INDEX_BREAKOUT_57414.90_20260818_152000_Structural_v3.2_RVOL1.0, payload={'exit_price': 57288.20892857143, 'exit_reason': 'INITIAL_SL', 'pnl_r': -0.10057736720554276, 'duration_minutes': 1.5857421, 'bars_held': 1}
2026-08-19 09:15:49,234 - INFO - 🔴 EXIT (INITIAL_SL) [CFStructural_v3.2_RVOL1.0|uctural_v3.2_RVOL1.0]: NSE:NIFTYBANK-INDEX @ 57288.21 | PnL -0.10R | MFE 0.00R | Capture N/A | 1bars HoldEff -0.101R/bar
2026-08-19 09:15:49,234 - INFO - 📊 EXECUTION AUDIT [CF_EXITED]: trade_id=None, candidate_id=cand_NSE_NIFTYBANK_INDEX_BREAKOUT_57414.90_20260818_152000_Structural_v3.2_RVOL0.8, payload={'exit_price': 57288.20892857143, 'exit_reason': 'INITIAL_SL', 'pnl_r': -0.10057736720554276, 'duration_minutes': 1.5857421, 'bars_held': 1}
2026-08-19 09:15:49,369 - INFO - 🔴 EXIT (INITIAL_SL) [CFStructural_v3.2_RVOL0.8|uctural_v3.2_RVOL0.8]: NSE:NIFTYBANK-INDEX @ 57288.21 | PnL -0.10R | MFE 0.00R | Capture N/A | 1bars HoldEff -0.101R/bar
2026-08-19 09:15:49,369 - INFO - 📊 EXECUTION AUDIT [CF_EXITED]: trade_id=None, candidate_id=cand_NSE_NIFTYBANK_INDEX_BREAKOUT_57414.90_20260818_152000_Structural_v3.3_ExitMgmt, payload={'exit_price': 57288.20892857143, 'exit_reason': 'INITIAL_SL', 'pnl_r': -0.15106267029972756, 'duration_minutes': 1.5857421, 'bars_held': 1}
2026-08-19 09:15:49,574 - INFO - 🔴 EXIT (INITIAL_SL) [CFStructural_v3.3_ExitMgmt|ctural_v3.3_ExitMgmt]: NSE:NIFTYBANK-INDEX @ 57288.21 | PnL -0.15R | MFE 0.00R | Capture N/A | 1bars HoldEff -0.151R/bar
2026-08-19 09:15:49,800 - INFO - Retrieved live premium from Fyers API: LTP=134.4 for NSE:NIFTY26AUG24150PE
2026-08-19 09:15:50,808 - INFO - Retrieved live premium from Fyers API: LTP=90.2 for NSE:NIFTY26AUG24050PE
2026-08-19 09:15:50,941 - INFO - 📡 Fetching NSE:NIFTY50-INDEX @ 24114  expiry=26AUG  strikes=ATM±5
2026-08-19 09:15:51,124 - INFO - [PreMarketCollector] ✅ NSE:NIFTY50-INDEX premarket frozen at 09:15: gap=-0.36% (DOWN/SMALL)
2026-08-19 09:15:51,148 - INFO - [PreMarketCollector] ✅ NSE:NIFTYBANK-INDEX premarket frozen at 09:15: gap=-0.42% (DOWN/SMALL)
2026-08-19 09:15:51,149 - INFO - [PreMarketCollector] Sleeping 249s until 09:20 IST (opening data)
2026-08-19 09:15:51,790 - INFO - Retrieved live premium from Fyers API: LTP=355.35 for NSE:BANKNIFTY26AUG57200PE
2026-08-19 09:15:52,803 - INFO - Retrieved live premium from Fyers API: LTP=272.65 for NSE:BANKNIFTY26AUG57000PE
2026-08-19 09:15:53,809 - INFO - Retrieved live premium from Fyers API: LTP=323.1 for NSE:BANKNIFTY26AUG57400CE
2026-08-19 09:15:54,807 - INFO - Retrieved live premium from Fyers API: LTP=242.75 for NSE:BANKNIFTY26AUG57600CE
2026-08-19 09:15:55,841 - INFO - Retrieved live premium from Fyers API: LTP=475.1 for NSE:BANKNIFTY26AUG57100CE
2026-08-19 09:15:56,804 - INFO - Retrieved live premium from Fyers API: LTP=372.7 for NSE:BANKNIFTY26AUG57300CE
2026-08-19 09:15:57,815 - INFO - Retrieved live premium from Fyers API: LTP=381.3 for NSE:BANKNIFTY26AUG57300CE
2026-08-19 09:15:58,833 - INFO - Retrieved live premium from Fyers API: LTP=292.85 for NSE:BANKNIFTY26AUG57500CE
2026-08-19 09:15:58,889 - INFO - 🔴 COMBO EXIT (TARGET_R) [Butterfly_v1.0|91405_Butterfly_v1.0]: NSE:NIFTYBANK-INDEX BUTTERFLY_SPREAD | PnL +1.89R | 2min
2026-08-19 09:15:59,827 - INFO - Retrieved live premium from Fyers API: LTP=392.85 for NSE:BANKNIFTY26AUG57300PE
2026-08-19 09:16:00,843 - INFO - Retrieved live premium from Fyers API: LTP=375.8 for NSE:BANKNIFTY26AUG57300CE
2026-08-19 09:16:01,836 - INFO - Retrieved live premium from Fyers API: LTP=233.9 for NSE:BANKNIFTY26AUG56900PE
2026-08-19 09:16:03,182 - INFO - Retrieved live premium from Fyers API: LTP=212.55 for NSE:BANKNIFTY26AUG57700CE
2026-08-19 09:16:03,856 - INFO - Retrieved live premium from Fyers API: LTP=353.65 for NSE:BANKNIFTY26AUG57200PE
2026-08-19 09:16:05,028 - INFO - Retrieved live premium from Fyers API: LTP=269.2 for NSE:BANKNIFTY26AUG57000PE
2026-08-19 09:16:05,856 - INFO - Retrieved live premium from Fyers API: LTP=332.65 for NSE:BANKNIFTY26AUG57400CE
2026-08-19 09:16:06,854 - INFO - Retrieved live premium from Fyers API: LTP=249.1 for NSE:BANKNIFTY26AUG57600CE
2026-08-19 09:16:07,874 - INFO - Retrieved live premium from Fyers API: LTP=127.15 for NSE:NIFTY26AUG24150CE
2026-08-19 09:16:08,867 - INFO - Retrieved live premium from Fyers API: LTP=132.3 for NSE:NIFTY26AUG24150PE
2026-08-19 09:16:09,876 - INFO - Retrieved live premium from Fyers API: LTP=83.6 for NSE:NIFTY26AUG24250CE
2026-08-19 09:16:10,880 - INFO - Retrieved live premium from Fyers API: LTP=87.6 for NSE:NIFTY26AUG24050PE
2026-08-19 09:16:12,126 - INFO - Retrieved live premium from Fyers API: LTP=108.1 for NSE:NIFTY26AUG24100PE
2026-08-19 09:16:12,875 - INFO - Retrieved live premium from Fyers API: LTP=71.3 for NSE:NIFTY26AUG24000PE
2026-08-19 09:16:13,888 - INFO - Retrieved live premium from Fyers API: LTP=103.35 for NSE:NIFTY26AUG24200CE
2026-08-19 09:16:14,878 - INFO - Retrieved live premium from Fyers API: LTP=66.0 for NSE:NIFTY26AUG24300CE
2026-08-19 09:16:15,878 - INFO - Retrieved live premium from Fyers API: LTP=182.8 for NSE:NIFTY26AUG24050CE
2026-08-19 09:16:16,880 - INFO - Retrieved live premium from Fyers API: LTP=125.95 for NSE:NIFTY26AUG24150CE
2026-08-19 09:16:17,900 - INFO - Retrieved live premium from Fyers API: LTP=125.95 for NSE:NIFTY26AUG24150CE
2026-08-19 09:16:18,900 - INFO - Retrieved live premium from Fyers API: LTP=82.2 for NSE:NIFTY26AUG24250CE
2026-08-19 09:16:19,896 - INFO - Retrieved live premium from Fyers API: LTP=131.25 for NSE:NIFTY26AUG24150PE
2026-08-19 09:16:20,898 - INFO - 📊 Saved 22 snapshots for NSE:NIFTY50-INDEX  (oi range: 14,040–11,418,420)
2026-08-19 09:16:21,152 - INFO - Retrieved live premium from Fyers API: LTP=126.0 for NSE:NIFTY26AUG24150CE
2026-08-19 09:16:21,900 - INFO - Retrieved live premium from Fyers API: LTP=393.2 for NSE:BANKNIFTY26AUG57300PE
2026-08-19 09:16:21,999 - INFO - 📡 Fetching NSE:NIFTYBANK-INDEX @ 57173  expiry=26AUG  strikes=ATM±5
2026-08-19 09:16:22,914 - INFO - Retrieved live premium from Fyers API: LTP=306.35 for NSE:BANKNIFTY26AUG57100PE
2026-08-19 09:16:23,933 - INFO - Retrieved live premium from Fyers API: LTP=375.3 for NSE:BANKNIFTY26AUG57300CE
2026-08-19 09:16:25,066 - INFO - Retrieved live premium from Fyers API: LTP=398.55 for NSE:BANKNIFTY26AUG57300PE
2026-08-19 09:16:25,947 - INFO - Retrieved live premium from Fyers API: LTP=288.95 for NSE:BANKNIFTY26AUG57500CE
2026-08-19 09:16:26,982 - INFO - Retrieved live premium from Fyers API: LTP=299.9 for NSE:BANKNIFTY26AUG57100PE
2026-08-19 09:16:37,330 - WARNING - ⚡ [OI_Scalping_v1.0] errors: ['INSUFFICIENT_ATM_DATA'] (0.1ms)
2026-08-19 09:16:37,420 - INFO - Resolved active expiry from DB: 26AUG (2026-08-25)
2026-08-19 09:16:37,423 - INFO - 👻 [VerticalSpread_v1.0] CF COMBO BEAR_PUT_SPREAD NSE:NIFTY50-INDEX BEAR_PUT_SPREAD | Rejected: ['LOW_RVOL']
2026-08-19 09:16:37,480 - INFO - Resolved active expiry from DB: 26AUG (2026-08-25)
2026-08-19 09:16:37,584 - INFO - Resolved BEAR_PUT_SPREAD for NSE:NIFTY50-INDEX: [('PE', 'BUY', 24150.0), ('PE', 'SELL', 24050.0)] net_premium=42.60 max_loss=42.60
2026-08-19 09:16:37,646 - INFO - 🟢 CF COMBO ENTRY [VerticalSpread_v1.0|_VerticalSpread_v1.0]: NSE:NIFTY50-INDEX BEAR_PUT_SPREAD | Net premium: 42.60 | Max loss: 42.60
2026-08-19 09:16:37,647 - INFO - 👻 [CreditSpread_v1.0_PCRFade] CF COMBO BEAR_CALL_SPREAD NSE:NIFTY50-INDEX BEAR_CALL_SPREAD | Rejected: ['HIGH_EFFICIENCY']
2026-08-19 09:16:37,680 - INFO - Resolved active expiry from DB: 26AUG (2026-08-25)
2026-08-19 09:16:37,756 - INFO - Resolved BEAR_CALL_SPREAD for NSE:NIFTY50-INDEX: [('CE', 'SELL', 24200.0), ('CE', 'BUY', 24300.0)] net_premium=-37.85 max_loss=62.15
2026-08-19 09:16:37,822 - INFO - 🟢 CF COMBO ENTRY [CreditSpread_v1.0_PCRFade|tSpread_v1.0_PCRFade]: NSE:NIFTY50-INDEX BEAR_CALL_SPREAD | Net premium: -37.85 | Max loss: 62.15
2026-08-19 09:16:37,823 - WARNING - ⚡ [OI_Scalping_v1.0] errors: ['INSUFFICIENT_ATM_DATA']
2026-08-19 09:16:43,049 - WARNING - ⚡ [CreditSpread_v1.0_PCRFade] errors: ['OPTIONS_DATA_STALE'] (0.0ms)
2026-08-19 09:16:43,049 - WARNING - ⚡ [OIWallReaction_v1.0] errors: ['OPTIONS_DATA_STALE'] (0.0ms)
2026-08-19 09:16:43,049 - WARNING - ⚡ [PCRExtremeReversal_v1.0] errors: ['OPTIONS_DATA_STALE'] (0.0ms)
2026-08-19 09:16:43,050 - WARNING - ⚡ [OI_Scalping_v1.0] errors: ['INSUFFICIENT_OI_DATA'] (0.0ms)
2026-08-19 09:16:43,095 - WARNING - [ExpiryResolver] Both DB and API failed for NSE:NIFTYBANK-INDEX. Falling back to dynamically computed expiry: 26AUG (2026-08-25)
2026-08-19 09:16:43,102 - INFO - 👻 [Structural_v3.2_RVOL1.0] CF BREAKOUT NSE:NIFTYBANK-INDEX BUY CALL | Rejected: ['LOW_RVOL', 'BIAS_MISMATCH']
2026-08-19 09:16:43,103 - INFO - 📊 EXECUTION AUDIT [SIGNAL_GENERATED]: trade_id=None, candidate_id=cand_NSE_NIFTYBANK_INDEX_BREAKOUT_57414.90_20260818_152500_Structural_v3.2_RVOL1.0, payload={'symbol': 'NSE:NIFTYBANK-INDEX', 'signal': 'BUY CALL', 'strategy': 'BREAKOUT', 'price': 57262.4, 'stop_loss': 57242.137500000004, 'take_profit': 57465.024999999994, 'tp1': 57292.79375, 'rr_ratio': 10.0, 'timestamp': '2026-08-18T15:25:00+05:30', 'accepted': False, 'rejection_reasons': ['LOW_RVOL', 'BIAS_MISMATCH'], 'features': {'date': '2026-08-18', 'strategy_name': 'Structural_v3', 'strategy_version': 'v3.2', 'feature_version': 'v1.1', 'market_regime': 'WEAK_TREND_DOWN_NORMAL', 'day_type': 'NORMAL_DAY', 'session_type': 'CLOSE', 'daily_bias': 'NEUTRAL', 'hourly_bias': 'NEUTRAL', 'trend_strength': 0.0, 'rvol': 0.8, 'rvol_threshold': 1.0, 'atr': 40.52, 'distance_from_supply': 623.45, 'distance_from_demand': 123.55, 'nearest_supply_strength': 65.9, 'nearest_demand_strength': 63.0, 'distance_to_liquidity_pool': 123.55000000000291, 'liquidity_score': 8.0, 'indicator_snapshot': {'rvol_tod': 0.8, 'is_compressed': True, 'bos_count': 0}, 'move_efficiency': 0.6235, 'wickiness': 0.2887, 'fft_score': 0.0, 'setup_type': 'BREAKOUT', 'candidate_id': 'cand_NSE_NIFTYBANK_INDEX_BREAKOUT_57414.90_20260818_152500', 'ema20': 57329.58, 'ema50': 57338.3, 'move_efficiency_h1': 0.1157, 'ema_bullish': False, 'rsi14': 37.54, 'rsi2': 0.0, 'distance_to_vwap': -0.0013, 'atr_percentile': 0.436, 'dist_prev_high': -0.0016, 'dist_prev_low': 0.0024, 'adx': 15.47, 'adx_slope': 2.1952, 'gap_pct': 0.0025, 'regime_primary': 'WEAK_TREND_DOWN', 'regime_vol_state': 'NORMAL'}, 'candidate_id': 'cand_NSE_NIFTYBANK_INDEX_BREAKOUT_57414.90_20260818_152500_Structural_v3.2_RVOL1.0', 'experiment_name': 'Structural_v3.2_RVOL1.0', 'strategy_id': 'structural', 'version': 'v3.2'}
2026-08-19 09:16:44,282 - INFO - Resolved active expiry from API: 26AUG
2026-08-19 09:16:45,280 - INFO - Retrieved live premium from Fyers API: LTP=383.45 for NSE:BANKNIFTY26AUG57300CE
2026-08-19 09:16:45,280 - INFO - Resolved index signal into option contract: OptionContract(symbol='NSE:BANKNIFTY26AUG57300CE', strike=57300.0, expiry='26AUG', option_type='CE', premium=383.45, delta=0.5, bid=383.0, ask=383.9, volume=121230, resolved_at=datetime.datetime(2026, 8, 19, 9, 16, 45, 280781))
2026-08-19 09:16:45,281 - INFO - ⚡ Option strike selection resolved index signal to contract NSE:BANKNIFTY26AUG57300CE @ premium 383.45 (type: CE, strike: 57300.0)
2026-08-19 09:16:45,281 - INFO - 📊 EXECUTION AUDIT [STRIKE_SELECTED]: trade_id=None, candidate_id=cand_NSE_NIFTYBANK_INDEX_BREAKOUT_57414.90_20260818_152500_Structural_v3.2_RVOL1.0, payload={'symbol': 'NSE:BANKNIFTY26AUG57300CE', 'strike': 57300.0, 'expiry': '26AUG', 'type': 'CE'}
2026-08-19 09:16:45,312 - INFO - 📊 EXECUTION AUDIT [PREMIUM_RETRIEVED]: trade_id=None, candidate_id=cand_NSE_NIFTYBANK_INDEX_BREAKOUT_57414.90_20260818_152500_Structural_v3.2_RVOL1.0, payload={'premium': 383.45, 'bid': 383.0, 'ask': 383.9}
2026-08-19 09:16:45,332 - INFO - 📊 EXECUTION AUDIT [CF_SUBMITTED]: trade_id=None, candidate_id=cand_NSE_NIFTYBANK_INDEX_BREAKOUT_57414.90_20260818_152500_Structural_v3.2_RVOL1.0, payload={'price': 57262.4, 'sl': 57242.137500000004, 'tp': 57465.024999999994}
2026-08-19 09:16:45,350 - INFO - 📊 EXECUTION AUDIT [CF_FILLED]: trade_id=None, candidate_id=cand_NSE_NIFTYBANK_INDEX_BREAKOUT_57414.90_20260818_152500_Structural_v3.2_RVOL1.0, payload={'price': 57262.4, 'sl': 57242.137500000004, 'tp': 57465.024999999994}
2026-08-19 09:16:45,364 - INFO - 💰 Position size [BREAKOUT|WEAK_TREND_DOWN_NORMAL|conf=70]: frac=0.005 → ₹5,000 (risk/unit=0.04%)
2026-08-19 09:16:45,391 - INFO - 🟢 ENTRY [CF|Structural_v3.2_RVOL1.0|uctural_v3.2_RVOL1.0]: NSE:NIFTYBANK-INDEX BUY CALL @ 57262.40 | SL: 57242.14 TP: 57465.02
2026-08-19 09:16:45,391 - INFO - 👻 [Structural_v3.2_RVOL0.8] CF BREAKOUT NSE:NIFTYBANK-INDEX BUY CALL | Rejected: ['BIAS_MISMATCH']
2026-08-19 09:16:45,391 - INFO - 📊 EXECUTION AUDIT [SIGNAL_GENERATED]: trade_id=None, candidate_id=cand_NSE_NIFTYBANK_INDEX_BREAKOUT_57414.90_20260818_152500_Structural_v3.2_RVOL0.8, payload={'symbol': 'NSE:NIFTYBANK-INDEX', 'signal': 'BUY CALL', 'strategy': 'BREAKOUT', 'price': 57262.4, 'stop_loss': 57242.137500000004, 'take_profit': 57465.024999999994, 'tp1': 57292.79375, 'rr_ratio': 10.0, 'timestamp': '2026-08-18T15:25:00+05:30', 'accepted': False, 'rejection_reasons': ['BIAS_MISMATCH'], 'features': {'date': '2026-08-18', 'strategy_name': 'Structural_v3', 'strategy_version': 'v3.2', 'feature_version': 'v1.1', 'market_regime': 'WEAK_TREND_DOWN_NORMAL', 'day_type': 'NORMAL_DAY', 'session_type': 'CLOSE', 'daily_bias': 'NEUTRAL', 'hourly_bias': 'NEUTRAL', 'trend_strength': 0.0, 'rvol': 0.8, 'rvol_threshold': 0.8, 'atr': 40.52, 'distance_from_supply': 623.45, 'distance_from_demand': 123.55, 'nearest_supply_strength': 65.9, 'nearest_demand_strength': 63.0, 'distance_to_liquidity_pool': 123.55000000000291, 'liquidity_score': 8.0, 'indicator_snapshot': {'rvol_tod': 0.8, 'is_compressed': True, 'bos_count': 0}, 'move_efficiency': 0.6235, 'wickiness': 0.2887, 'fft_score': 0.0, 'setup_type': 'BREAKOUT', 'candidate_id': 'cand_NSE_NIFTYBANK_INDEX_BREAKOUT_57414.90_20260818_152500', 'ema20': 57329.58, 'ema50': 57338.3, 'move_efficiency_h1': 0.1157, 'ema_bullish': False, 'rsi14': 37.54, 'rsi2': 0.0, 'distance_to_vwap': -0.0013, 'atr_percentile': 0.436, 'dist_prev_high': -0.0016, 'dist_prev_low': 0.0024, 'adx': 15.47, 'adx_slope': 2.1952, 'gap_pct': 0.0025, 'regime_primary': 'WEAK_TREND_DOWN', 'regime_vol_state': 'NORMAL'}, 'candidate_id': 'cand_NSE_NIFTYBANK_INDEX_BREAKOUT_57414.90_20260818_152500_Structural_v3.2_RVOL0.8', 'experiment_name': 'Structural_v3.2_RVOL0.8', 'strategy_id': 'structural', 'version': 'v3.2'}
2026-08-19 09:16:47,279 - INFO - Resolved active expiry from API: 26AUG
2026-08-19 09:16:48,296 - INFO - Retrieved live premium from Fyers API: LTP=381.9 for NSE:BANKNIFTY26AUG57300CE
2026-08-19 09:16:48,297 - INFO - Resolved index signal into option contract: OptionContract(symbol='NSE:BANKNIFTY26AUG57300CE', strike=57300.0, expiry='26AUG', option_type='CE', premium=381.9, delta=0.5, bid=381.0, ask=381.9, volume=121620, resolved_at=datetime.datetime(2026, 8, 19, 9, 16, 48, 297034))
2026-08-19 09:16:48,297 - INFO - ⚡ Option strike selection resolved index signal to contract NSE:BANKNIFTY26AUG57300CE @ premium 381.9 (type: CE, strike: 57300.0)
2026-08-19 09:16:48,297 - INFO - 📊 EXECUTION AUDIT [STRIKE_SELECTED]: trade_id=None, candidate_id=cand_NSE_NIFTYBANK_INDEX_BREAKOUT_57414.90_20260818_152500_Structural_v3.2_RVOL0.8, payload={'symbol': 'NSE:BANKNIFTY26AUG57300CE', 'strike': 57300.0, 'expiry': '26AUG', 'type': 'CE'}
2026-08-19 09:16:48,329 - INFO - 📊 EXECUTION AUDIT [PREMIUM_RETRIEVED]: trade_id=None, candidate_id=cand_NSE_NIFTYBANK_INDEX_BREAKOUT_57414.90_20260818_152500_Structural_v3.2_RVOL0.8, payload={'premium': 381.9, 'bid': 381.0, 'ask': 381.9}
2026-08-19 09:16:48,352 - INFO - 📊 EXECUTION AUDIT [CF_SUBMITTED]: trade_id=None, candidate_id=cand_NSE_NIFTYBANK_INDEX_BREAKOUT_57414.90_20260818_152500_Structural_v3.2_RVOL0.8, payload={'price': 57262.4, 'sl': 57242.137500000004, 'tp': 57465.024999999994}
2026-08-19 09:16:48,369 - INFO - 📊 EXECUTION AUDIT [CF_FILLED]: trade_id=None, candidate_id=cand_NSE_NIFTYBANK_INDEX_BREAKOUT_57414.90_20260818_152500_Structural_v3.2_RVOL0.8, payload={'price': 57262.4, 'sl': 57242.137500000004, 'tp': 57465.024999999994}
2026-08-19 09:16:48,383 - INFO - 💰 Position size [BREAKOUT|WEAK_TREND_DOWN_NORMAL|conf=70]: frac=0.005 → ₹5,000 (risk/unit=0.04%)
2026-08-19 09:16:48,410 - INFO - 🟢 ENTRY [CF|Structural_v3.2_RVOL0.8|uctural_v3.2_RVOL0.8]: NSE:NIFTYBANK-INDEX BUY CALL @ 57262.40 | SL: 57242.14 TP: 57465.02
2026-08-19 09:16:48,410 - INFO - 👻 [Structural_v3.3_ExitMgmt] CF BREAKOUT NSE:NIFTYBANK-INDEX BUY CALL | Rejected: ['LOW_RVOL', 'BIAS_MISMATCH']
2026-08-19 09:16:48,410 - INFO - 📊 EXECUTION AUDIT [SIGNAL_GENERATED]: trade_id=None, candidate_id=cand_NSE_NIFTYBANK_INDEX_BREAKOUT_57414.90_20260818_152500_Structural_v3.3_ExitMgmt, payload={'symbol': 'NSE:NIFTYBANK-INDEX', 'signal': 'BUY CALL', 'strategy': 'BREAKOUT', 'price': 57262.4, 'stop_loss': 57242.137500000004, 'take_profit': 57465.024999999994, 'tp1': 57292.79375, 'rr_ratio': 10.0, 'timestamp': '2026-08-18T15:25:00+05:30', 'accepted': False, 'rejection_reasons': ['LOW_RVOL', 'BIAS_MISMATCH'], 'features': {'date': '2026-08-18', 'strategy_name': 'Structural_v3', 'strategy_version': 'v3.2', 'feature_version': 'v1.1', 'market_regime': 'WEAK_TREND_DOWN_NORMAL', 'day_type': 'NORMAL_DAY', 'session_type': 'CLOSE', 'daily_bias': 'NEUTRAL', 'hourly_bias': 'NEUTRAL', 'trend_strength': 0.0, 'rvol': 0.8, 'rvol_threshold': 1.0, 'atr': 40.52, 'distance_from_supply': 623.45, 'distance_from_demand': 123.55, 'nearest_supply_strength': 65.9, 'nearest_demand_strength': 63.0, 'distance_to_liquidity_pool': 123.55000000000291, 'liquidity_score': 8.0, 'indicator_snapshot': {'rvol_tod': 0.8, 'is_compressed': True, 'bos_count': 0}, 'move_efficiency': 0.6235, 'wickiness': 0.2887, 'fft_score': 0.0, 'setup_type': 'BREAKOUT', 'candidate_id': 'cand_NSE_NIFTYBANK_INDEX_BREAKOUT_57414.90_20260818_152500', 'ema20': 57329.58, 'ema50': 57338.3, 'move_efficiency_h1': 0.1157, 'ema_bullish': False, 'rsi14': 37.54, 'rsi2': 0.0, 'distance_to_vwap': -0.0013, 'atr_percentile': 0.436, 'dist_prev_high': -0.0016, 'dist_prev_low': 0.0024, 'adx': 15.47, 'adx_slope': 2.1952, 'gap_pct': 0.0025, 'regime_primary': 'WEAK_TREND_DOWN', 'regime_vol_state': 'NORMAL'}, 'candidate_id': 'cand_NSE_NIFTYBANK_INDEX_BREAKOUT_57414.90_20260818_152500_Structural_v3.3_ExitMgmt', 'experiment_name': 'Structural_v3.3_ExitMgmt', 'strategy_id': 'structural', 'version': 'v3.2'}
2026-08-19 09:16:50,304 - INFO - Resolved active expiry from API: 26AUG
2026-08-19 09:16:51,294 - INFO - Retrieved live premium from Fyers API: LTP=373.0 for NSE:BANKNIFTY26AUG57300CE
2026-08-19 09:16:51,294 - INFO - Resolved index signal into option contract: OptionContract(symbol='NSE:BANKNIFTY26AUG57300CE', strike=57300.0, expiry='26AUG', option_type='CE', premium=373.0, delta=0.5, bid=373.0, ask=373.75, volume=124860, resolved_at=datetime.datetime(2026, 8, 19, 9, 16, 51, 294928))
2026-08-19 09:16:51,295 - INFO - ⚡ Option strike selection resolved index signal to contract NSE:BANKNIFTY26AUG57300CE @ premium 373.0 (type: CE, strike: 57300.0)
2026-08-19 09:16:51,295 - INFO - 📊 EXECUTION AUDIT [STRIKE_SELECTED]: trade_id=None, candidate_id=cand_NSE_NIFTYBANK_INDEX_BREAKOUT_57414.90_20260818_152500_Structural_v3.3_ExitMgmt, payload={'symbol': 'NSE:BANKNIFTY26AUG57300CE', 'strike': 57300.0, 'expiry': '26AUG', 'type': 'CE'}
2026-08-19 09:16:51,325 - INFO - 📊 EXECUTION AUDIT [PREMIUM_RETRIEVED]: trade_id=None, candidate_id=cand_NSE_NIFTYBANK_INDEX_BREAKOUT_57414.90_20260818_152500_Structural_v3.3_ExitMgmt, payload={'premium': 373.0, 'bid': 373.0, 'ask': 373.75}
2026-08-19 09:16:51,346 - INFO - 📊 EXECUTION AUDIT [CF_SUBMITTED]: trade_id=None, candidate_id=cand_NSE_NIFTYBANK_INDEX_BREAKOUT_57414.90_20260818_152500_Structural_v3.3_ExitMgmt, payload={'price': 57262.4, 'sl': 57242.137500000004, 'tp': 57465.024999999994}
2026-08-19 09:16:51,361 - INFO - 📊 EXECUTION AUDIT [CF_FILLED]: trade_id=None, candidate_id=cand_NSE_NIFTYBANK_INDEX_BREAKOUT_57414.90_20260818_152500_Structural_v3.3_ExitMgmt, payload={'price': 57262.4, 'sl': 57242.137500000004, 'tp': 57465.024999999994}
2026-08-19 09:16:51,374 - INFO - 💰 Position size [BREAKOUT|WEAK_TREND_DOWN_NORMAL|conf=70]: frac=0.005 → ₹5,000 (risk/unit=0.04%)
2026-08-19 09:16:51,400 - INFO - 🟢 ENTRY [CF|Structural_v3.3_ExitMgmt|ctural_v3.3_ExitMgmt]: NSE:NIFTYBANK-INDEX BUY CALL @ 57262.40 | SL: 57242.14 TP: 57465.02
2026-08-19 09:16:51,400 - WARNING - ⚡ [CreditSpread_v1.0_PCRFade] errors: ['OPTIONS_DATA_STALE']
2026-08-19 09:16:51,400 - WARNING - ⚡ [OIWallReaction_v1.0] errors: ['OPTIONS_DATA_STALE']
2026-08-19 09:16:51,400 - WARNING - ⚡ [PCRExtremeReversal_v1.0] errors: ['OPTIONS_DATA_STALE']
2026-08-19 09:16:51,400 - INFO - 👻 [IronCondor_v1.0] CF COMBO IRON_CONDOR NSE:NIFTYBANK-INDEX IRON_CONDOR | Rejected: ['HIGH_EFFICIENCY']
2026-08-19 09:16:52,876 - INFO - 📊 Saved 22 snapshots for NSE:NIFTYBANK-INDEX  (oi range: 21,180–1,049,400)
2026-08-19 09:16:53,333 - INFO - Resolved active expiry from API: 26AUG
2026-08-19 09:16:53,413 - INFO - Resolved IRON_CONDOR for NSE:NIFTYBANK-INDEX: [('PE', 'SELL', 57200.0), ('PE', 'BUY', 57000.0), ('CE', 'SELL', 57400.0), ('CE', 'BUY', 57600.0)] net_premium=-158.85 max_loss=41.15
2026-08-19 09:16:53,436 - INFO - 🟢 CF COMBO ENTRY [IronCondor_v1.0|1540_IronCondor_v1.0]: NSE:NIFTYBANK-INDEX IRON_CONDOR | Net premium: -158.85 | Max loss: 41.15
2026-08-19 09:16:53,436 - INFO - 👻 [Butterfly_v1.0] CF COMBO BUTTERFLY_SPREAD NSE:NIFTYBANK-INDEX BUTTERFLY_SPREAD | Rejected: ['HIGH_EFFICIENCY']
2026-08-19 09:16:53,448 - INFO - Resolved active expiry from DB: 26AUG (2026-08-25)
2026-08-19 09:16:53,497 - INFO - Resolved BUTTERFLY_SPREAD for NSE:NIFTYBANK-INDEX: [('CE', 'BUY', 57100.0), ('CE', 'SELL', 57300.0), ('CE', 'SELL', 57300.0), ('CE', 'BUY', 57500.0)] net_premium=18.35 max_loss=18.35
2026-08-19 09:16:53,517 - INFO - 🟢 CF COMBO ENTRY [Butterfly_v1.0|91540_Butterfly_v1.0]: NSE:NIFTYBANK-INDEX BUTTERFLY_SPREAD | Net premium: 18.35 | Max loss: 18.35
2026-08-19 09:16:53,517 - INFO - 👻 [IronButterfly_v1.0] CF COMBO IRON_BUTTERFLY NSE:NIFTYBANK-INDEX IRON_BUTTERFLY | Rejected: ['HIGH_EFFICIENCY']
2026-08-19 09:16:53,527 - INFO - Resolved active expiry from DB: 26AUG (2026-08-25)
2026-08-19 09:16:53,574 - INFO - Resolved IRON_BUTTERFLY for NSE:NIFTYBANK-INDEX: [('PE', 'SELL', 57300.0), ('CE', 'SELL', 57300.0), ('PE', 'BUY', 56900.0), ('CE', 'BUY', 57700.0)] net_premium=-328.80 max_loss=71.20
2026-08-19 09:16:53,594 - INFO - 🟢 CF COMBO ENTRY [IronButterfly_v1.0|0_IronButterfly_v1.0]: NSE:NIFTYBANK-INDEX IRON_BUTTERFLY | Net premium: -328.80 | Max loss: 71.20
2026-08-19 09:16:53,594 - WARNING - ⚡ [OI_Scalping_v1.0] errors: ['INSUFFICIENT_OI_DATA']
2026-08-19 09:16:53,594 - INFO - 👻 [ExpiryAwareTheta_v1.0] CF COMBO IRON_CONDOR NSE:NIFTYBANK-INDEX IRON_CONDOR | Rejected: ['HIGH_EFFICIENCY']
2026-08-19 09:16:53,604 - INFO - Resolved active expiry from DB: 26AUG (2026-08-25)
2026-08-19 09:16:53,651 - INFO - Resolved IRON_CONDOR for NSE:NIFTYBANK-INDEX: [('PE', 'SELL', 57200.0), ('PE', 'BUY', 57000.0), ('CE', 'SELL', 57400.0), ('CE', 'BUY', 57600.0)] net_premium=-158.85 max_loss=41.15
2026-08-19 09:16:53,671 - INFO - 🟢 CF COMBO ENTRY [ExpiryAwareTheta_v1.0|xpiryAwareTheta_v1.0]: NSE:NIFTYBANK-INDEX IRON_CONDOR | Net premium: -158.85 | Max loss: 41.15
2026-08-19 09:16:53,978 - INFO - 📡 Fetching NSE:NIFTY50-INDEX @ 24110  expiry=26AUG  strikes=ATM±5
2026-08-19 09:17:05,676 - INFO - ⏱️ [Real-time Exit Loop] Checking open positions @ 09:17:05...
2026-08-19 09:17:06,767 - INFO - 📊 EXECUTION AUDIT [TP_EXPANDED]: trade_id=trade_NSE_NIFTYBANK_INDEX_RelativeValue_NIFTY_BANKNIFTY_v1.0_1787111045, candidate_id=cand_NSE_NIFTYBANK_INDEX_RELVAL_57308.15_20260819_091405_RelativeValue_NIFTY_BANKNIFTY_v1.0, payload={'price': 57142.0, 'old_sl': 57216.89, 'new_sl': 57161.94, 'old_tp': 57246.03022768322, 'new_tp': 57226.09022768322, 'reason': 'TP_EXPANSION'}
2026-08-19 09:17:06,829 - INFO - 🟡 UPDATE (TP_EXPANSION) [RelativeValue_NIFTY_BANKNIFTY_v1.0|NIFTY_BANKNIFTY_v1.0]: NSE:NIFTYBANK-INDEX @ 57142.00 | SL→57161.94 TP→57226.09
2026-08-19 09:17:06,852 - INFO - 📊 EXECUTION AUDIT [CF_EXITED]: trade_id=None, candidate_id=cand_NSE_NIFTYBANK_INDEX_BREAKOUT_57414.90_20260818_152500_Structural_v3.2_RVOL1.0, payload={'exit_price': 57142.0, 'exit_reason': 'INITIAL_SL', 'pnl_r': -0.03607710341234688, 'duration_minutes': 1.4159356333333333, 'bars_held': 0}
2026-08-19 09:17:06,889 - INFO - 🔴 EXIT (INITIAL_SL) [CFStructural_v3.2_RVOL1.0|uctural_v3.2_RVOL1.0]: NSE:NIFTYBANK-INDEX @ 57142.00 | PnL -0.04R | MFE 0.00R | Capture N/A | 0bars HoldEff -0.036R/bar
2026-08-19 09:17:06,889 - INFO - 📊 EXECUTION AUDIT [CF_EXITED]: trade_id=None, candidate_id=cand_NSE_NIFTYBANK_INDEX_BREAKOUT_57414.90_20260818_152500_Structural_v3.2_RVOL0.8, payload={'exit_price': 57142.0, 'exit_reason': 'INITIAL_SL', 'pnl_r': -0.031029065200314128, 'duration_minutes': 1.4159356333333333, 'bars_held': 0}
2026-08-19 09:17:06,924 - INFO - 🔴 EXIT (INITIAL_SL) [CFStructural_v3.2_RVOL0.8|uctural_v3.2_RVOL0.8]: NSE:NIFTYBANK-INDEX @ 57142.00 | PnL -0.03R | MFE 0.00R | Capture N/A | 0bars HoldEff -0.031R/bar
2026-08-19 09:17:06,924 - INFO - 📊 EXECUTION AUDIT [CF_EXITED]: trade_id=None, candidate_id=cand_NSE_NIFTYBANK_INDEX_BREAKOUT_57414.90_20260818_152500_Structural_v3.3_ExitMgmt, payload={'exit_price': 57142.0, 'exit_reason': 'INITIAL_SL', 'pnl_r': -0.009899665551839434, 'duration_minutes': 1.4159356333333333, 'bars_held': 0}
2026-08-19 09:17:06,957 - INFO - 🔴 EXIT (INITIAL_SL) [CFStructural_v3.3_ExitMgmt|ctural_v3.3_ExitMgmt]: NSE:NIFTYBANK-INDEX @ 57142.00 | PnL -0.01R | MFE 0.00R | Capture N/A | 0bars HoldEff -0.010R/bar
2026-08-19 09:17:07,175 - INFO - 🔴 COMBO EXIT (TARGET_R) [ExpiryAwareTheta_v1.0|xpiryAwareTheta_v1.0]: NSE:NIFTYBANK-INDEX IRON_CONDOR | PnL +0.67R | 3min
2026-08-19 09:17:24,371 - INFO - 📊 Saved 22 snapshots for NSE:NIFTY50-INDEX  (oi range: 17,095–12,040,145)
2026-08-19 09:17:25,694 - INFO - 📡 Fetching NSE:NIFTYBANK-INDEX @ 57148  expiry=26AUG  strikes=ATM±5
2026-08-19 09:17:35,969 - INFO - ⏱️ [Real-time Exit Loop] Checking open positions @ 09:17:35...
2026-08-19 09:17:37,230 - INFO - 📊 EXECUTION AUDIT [TP_EXPANDED]: trade_id=trade_NSE_NIFTYBANK_INDEX_RelativeValue_NIFTY_BANKNIFTY_v1.0_1787111045, candidate_id=cand_NSE_NIFTYBANK_INDEX_RELVAL_57308.15_20260819_091405_RelativeValue_NIFTY_BANKNIFTY_v1.0, payload={'price': 57146.15, 'old_sl': 57161.94, 'new_sl': 57161.94, 'old_tp': 57226.09022768322, 'new_tp': 57206.15022768322, 'reason': 'TP_EXPANSION'}
2026-08-19 09:17:37,312 - INFO - 🟡 UPDATE (TP_EXPANSION) [RelativeValue_NIFTY_BANKNIFTY_v1.0|NIFTY_BANKNIFTY_v1.0]: NSE:NIFTYBANK-INDEX @ 57146.15 | SL→57161.94 TP→57206.15
2026-08-19 09:17:55,866 - INFO - 📊 Saved 22 snapshots for NSE:NIFTYBANK-INDEX  (oi range: 10,350–1,088,160)
2026-08-19 09:17:56,999 - INFO - 📡 Fetching NSE:NIFTY50-INDEX @ 24114  expiry=26AUG  strikes=ATM±5
2026-08-19 09:18:05,428 - INFO - ⏱️ [Real-time Exit Loop] Checking open positions @ 09:18:05...
2026-08-19 09:18:06,527 - INFO - 📊 EXECUTION AUDIT [ORDER_EXITED]: trade_id=trade_NSE_NIFTYBANK_INDEX_RelativeValue_NIFTY_BANKNIFTY_v1.0_1787111045, candidate_id=cand_NSE_NIFTYBANK_INDEX_RELVAL_57308.15_20260819_091405_RelativeValue_NIFTY_BANKNIFTY_v1.0, payload={'exit_price': 57170.55, 'exit_reason': 'TRAILING_SL', 'pnl_r': -0.0302604698672115, 'duration_minutes': 3.99753105, 'bars_held': 1}
2026-08-19 09:18:06,617 - INFO - 🔴 EXIT (TRAILING_SL) [RelativeValue_NIFTY_BANKNIFTY_v1.0|NIFTY_BANKNIFTY_v1.0]: NSE:NIFTYBANK-INDEX @ 57170.55 | PnL -0.03R | MFE 8.33R | Capture -0% | 1bars HoldEff -0.030R/bar
2026-08-19 09:18:26,830 - INFO - 📊 Saved 22 snapshots for NSE:NIFTY50-INDEX  (oi range: 21,515–12,260,235)
2026-08-19 09:18:27,922 - INFO - 📡 Fetching NSE:NIFTYBANK-INDEX @ 57162  expiry=26AUG  strikes=ATM±5
2026-08-19 09:18:35,340 - INFO - ⏱️ [Real-time Exit Loop] Checking open positions @ 09:18:35...
2026-08-19 09:18:36,435 - INFO - Retrieved live premium from Fyers API: LTP=203.65 for NSE:BANKNIFTY26AUG57700CE
2026-08-19 09:18:37,438 - INFO - Retrieved live premium from Fyers API: LTP=202.5 for NSE:BANKNIFTY26AUG57700CE
2026-08-19 09:18:58,128 - INFO - 📊 Saved 22 snapshots for NSE:NIFTYBANK-INDEX  (oi range: 21,930–1,116,360)
2026-08-19 09:18:59,220 - INFO - 📡 Fetching NSE:NIFTY50-INDEX @ 24114  expiry=26AUG  strikes=ATM±5
2026-08-19 09:19:05,554 - INFO - ⏱️ [Real-time Exit Loop] Checking open positions @ 09:19:05...
2026-08-19 09:19:29,037 - INFO - 📊 Saved 22 snapshots for NSE:NIFTY50-INDEX  (oi range: 24,245–12,420,850)
2026-08-19 09:19:30,290 - INFO - 📡 Fetching NSE:NIFTYBANK-INDEX @ 57171  expiry=26AUG  strikes=ATM±5
2026-08-19 09:19:35,719 - INFO - ⏱️ [Real-time Exit Loop] Checking open positions @ 09:19:35...
2026-08-19 09:20:00,252 - INFO - [PreMarketCollector] ✅ NSE:NIFTY50-INDEX opening data: direction=DOWN volume=12835017
2026-08-19 09:20:00,972 - INFO - 📊 Saved 22 snapshots for NSE:NIFTYBANK-INDEX  (oi range: 21,960–1,151,310)
2026-08-19 09:20:01,240 - INFO - [PreMarketCollector] ✅ NSE:NIFTYBANK-INDEX opening data: direction=DOWN volume=7908358
2026-08-19 09:20:01,240 - INFO - [PreMarketCollector] Next cycle in 23.6h
2026-08-19 09:20:02,077 - INFO - 📡 Fetching NSE:NIFTY50-INDEX @ 24119  expiry=26AUG  strikes=ATM±5
2026-08-19 09:20:05,002 - INFO - 🔔 [New Candle Closed] Running entry pipeline for candle 09:20 at 09:20:05...
2026-08-19 09:20:05,003 - INFO - --- 09:20:05 Market Pulse ---
2026-08-19 09:20:12,481 - INFO - Resolved active expiry from DB: 26AUG (2026-08-25)
2026-08-19 09:20:12,481 - INFO - 👻 [PrevDay_Extremes_RVOL1.2] CF BREAKOUT NSE:NIFTY50-INDEX BUY PUT | Rejected: ['LOW_RVOL', 'BIAS_MISMATCH', 'LOW_RR']
2026-08-19 09:20:12,482 - INFO - 📊 EXECUTION AUDIT [SIGNAL_GENERATED]: trade_id=None, candidate_id=cand_NSE_NIFTY50_INDEX_PDHL_BREAKOUT_24118.60_20260819_092005_PrevDay_Extremes_RVOL1.2, payload={'symbol': 'NSE:NIFTY50-INDEX', 'signal': 'BUY PUT', 'strategy': 'BREAKOUT', 'price': 24118.6, 'stop_loss': 24158.225248372557, 'take_profit': 24084.67, 'tp1': 24059.16212744116, 'rr_ratio': 0.86, 'timestamp': '2026-08-19T09:20:05.003097+05:30', 'accepted': False, 'rejection_reasons': ['LOW_RVOL', 'BIAS_MISMATCH', 'LOW_RR'], 'features': {'atr': 11.31, 'ema20': 24186.45, 'ema50': 24202.66, 'move_efficiency': 0.8065, 'move_efficiency_h1': 0.4325, 'wickiness': 0.4625, 'ema_bullish': False, 'rsi14': 20.95, 'rsi2': 0.0, 'distance_to_vwap': 0.0, 'atr_percentile': 0.3934, 'dist_prev_high': -0.0062, 'dist_prev_low': -0.0015, 'adx': 18.45, 'adx_slope': 5.6654, 'gap_pct': -0.0001, 'regime_primary': 'WEAK_TREND_DOWN', 'regime_vol_state': 'NORMAL', 'market_regime': 'WEAK_TREND_DOWN_NORMAL'}, 'candidate_id': 'cand_NSE_NIFTY50_INDEX_PDHL_BREAKOUT_24118.60_20260819_092005_PrevDay_Extremes_RVOL1.2', 'confidence': 0.5, 'diagnostics': {'dist_prev_high': -0.0062, 'dist_prev_low': -0.0015, 'prev_high': 24269.07, 'prev_low': 24154.83, 'setup_type': 'BREAKOUT', 'rvol': 0.83, 'atr': 11.31, 'atr_percentile': 0.393}, 'experiment_name': 'PrevDay_Extremes_RVOL1.2', 'strategy_id': 'prev_day_extremes', 'version': 'v1.0'}
2026-08-19 09:20:12,501 - INFO - Resolved active expiry from DB: 26AUG (2026-08-25)
2026-08-19 09:20:12,512 - INFO - Resolved index signal into option contract: OptionContract(symbol='NSE:NIFTY26AUG24100PE', strike=24100.0, expiry='26AUG', option_type='PE', premium=104.85, delta=0.5, bid=104.65, ask=104.85, volume=8268130, resolved_at=datetime.datetime(2026, 8, 19, 9, 20, 12, 512784))
2026-08-19 09:20:12,512 - INFO - ⚡ Option strike selection resolved index signal to contract NSE:NIFTY26AUG24100PE @ premium 104.85 (type: PE, strike: 24100.0)
2026-08-19 09:20:12,512 - INFO - 📊 EXECUTION AUDIT [STRIKE_SELECTED]: trade_id=None, candidate_id=cand_NSE_NIFTY50_INDEX_PDHL_BREAKOUT_24118.60_20260819_092005_PrevDay_Extremes_RVOL1.2, payload={'symbol': 'NSE:NIFTY26AUG24100PE', 'strike': 24100.0, 'expiry': '26AUG', 'type': 'PE'}
2026-08-19 09:20:12,521 - INFO - 📊 EXECUTION AUDIT [PREMIUM_RETRIEVED]: trade_id=None, candidate_id=cand_NSE_NIFTY50_INDEX_PDHL_BREAKOUT_24118.60_20260819_092005_PrevDay_Extremes_RVOL1.2, payload={'premium': 104.85, 'bid': 104.65, 'ask': 104.85}
2026-08-19 09:20:12,532 - INFO - 📊 EXECUTION AUDIT [CF_SUBMITTED]: trade_id=None, candidate_id=cand_NSE_NIFTY50_INDEX_PDHL_BREAKOUT_24118.60_20260819_092005_PrevDay_Extremes_RVOL1.2, payload={'price': 24118.6, 'sl': 24158.225248372557, 'tp': 24084.67}
2026-08-19 09:20:12,541 - INFO - 📊 EXECUTION AUDIT [CF_FILLED]: trade_id=None, candidate_id=cand_NSE_NIFTY50_INDEX_PDHL_BREAKOUT_24118.60_20260819_092005_PrevDay_Extremes_RVOL1.2, payload={'price': 24118.6, 'sl': 24158.225248372557, 'tp': 24084.67}
2026-08-19 09:20:12,553 - INFO - 💰 Position size [BREAKOUT|WEAK_TREND_DOWN_NORMAL|conf=0]: frac=0.004 → ₹5,000 (risk/unit=0.16%)
2026-08-19 09:20:12,577 - INFO - 🟢 ENTRY [CF|PrevDay_Extremes_RVOL1.2|Day_Extremes_RVOL1.2]: NSE:NIFTY50-INDEX BUY PUT @ 24118.60 | SL: 24158.23 TP: 24084.67
2026-08-19 09:20:14,416 - INFO - ⚡ [Structural_v3.2_RVOL1.0] warnings: ['VERY_LOW_RVOL:0.42']
2026-08-19 09:20:14,434 - INFO - ⚡ [Structural_v3.2_RVOL0.8] warnings: ['VERY_LOW_RVOL:0.42']
2026-08-19 09:20:14,449 - INFO - ⚡ [Structural_v3.3_ExitMgmt] warnings: ['VERY_LOW_RVOL:0.42']
2026-08-19 09:20:14,465 - INFO - Resolved active expiry from DB: 26AUG (2026-08-25)
2026-08-19 09:20:14,466 - INFO - ⚡ [Structural_v3.2_RVOL1.0] warnings: ['VERY_LOW_RVOL:0.42']
2026-08-19 09:20:14,466 - INFO - 👻 [Structural_v3.2_RVOL1.0] CF BREAKOUT NSE:NIFTYBANK-INDEX BUY CALL | Rejected: ['LOW_RVOL', 'BIAS_MISMATCH', 'HIGH_WICKINESS']
2026-08-19 09:20:14,466 - INFO - 📊 EXECUTION AUDIT [SIGNAL_GENERATED]: trade_id=None, candidate_id=cand_NSE_NIFTYBANK_INDEX_BREAKOUT_57395.05_20260819_091500_Structural_v3.2_RVOL1.0, payload={'symbol': 'NSE:NIFTYBANK-INDEX', 'signal': 'BUY CALL', 'strategy': 'BREAKOUT', 'price': 57188.85, 'stop_loss': 57170.28392857143, 'take_profit': 57374.510714285716, 'tp1': 57216.69910714285, 'rr_ratio': 10.0, 'timestamp': '2026-08-19T09:15:00+05:30', 'accepted': False, 'rejection_reasons': ['LOW_RVOL', 'BIAS_MISMATCH', 'HIGH_WICKINESS'], 'features': {'date': '2026-08-19', 'strategy_name': 'Structural_v3', 'strategy_version': 'v3.2', 'feature_version': 'v1.1', 'market_regime': 'RANGE_NORMAL', 'day_type': 'NORMAL_DAY', 'session_type': 'OPEN', 'daily_bias': 'NEUTRAL', 'hourly_bias': 'NEUTRAL', 'trend_strength': 0.0, 'rvol': 0.42, 'rvol_threshold': 1.0, 'atr': 37.13, 'distance_from_supply': 697.0, 'distance_from_demand': 50.0, 'nearest_supply_strength': 65.8, 'nearest_demand_strength': 66.9, 'distance_to_liquidity_pool': 50.0, 'liquidity_score': 4.2, 'indicator_snapshot': {'rvol_tod': 0.42, 'is_compressed': True, 'bos_count': 0}, 'move_efficiency': 0.7072, 'wickiness': 0.6675, 'fft_score': 0.0, 'setup_type': 'BREAKOUT', 'candidate_id': 'cand_NSE_NIFTYBANK_INDEX_BREAKOUT_57395.05_20260819_091500', 'ema20': 57322.88, 'ema50': 57336.02, 'move_efficiency_h1': 0.2234, 'ema_bullish': False, 'rsi14': 30.62, 'rsi2': 0.0, 'distance_to_vwap': 0.0, 'atr_percentile': 0.4076, 'dist_prev_high': -0.0069, 'dist_prev_low': -0.0005, 'adx': 14.89, 'adx_slope': 1.6626, 'gap_pct': -0.0, 'regime_primary': 'RANGE', 'regime_vol_state': 'NORMAL'}, 'candidate_id': 'cand_NSE_NIFTYBANK_INDEX_BREAKOUT_57395.05_20260819_091500_Structural_v3.2_RVOL1.0', 'experiment_name': 'Structural_v3.2_RVOL1.0', 'strategy_id': 'structural', 'version': 'v3.2'}
2026-08-19 09:20:14,487 - INFO - Resolved active expiry from DB: 26AUG (2026-08-25)
2026-08-19 09:20:14,498 - INFO - Resolved index signal into option contract: OptionContract(symbol='NSE:BANKNIFTY26AUG57200CE', strike=57200.0, expiry='26AUG', option_type='CE', premium=415.95, delta=0.5, bid=416.7, ask=417.6, volume=186060, resolved_at=datetime.datetime(2026, 8, 19, 9, 20, 14, 498208))
2026-08-19 09:20:14,498 - INFO - ⚡ Option strike selection resolved index signal to contract NSE:BANKNIFTY26AUG57200CE @ premium 415.95 (type: CE, strike: 57200.0)
2026-08-19 09:20:14,498 - INFO - 📊 EXECUTION AUDIT [STRIKE_SELECTED]: trade_id=None, candidate_id=cand_NSE_NIFTYBANK_INDEX_BREAKOUT_57395.05_20260819_091500_Structural_v3.2_RVOL1.0, payload={'symbol': 'NSE:BANKNIFTY26AUG57200CE', 'strike': 57200.0, 'expiry': '26AUG', 'type': 'CE'}
2026-08-19 09:20:14,507 - INFO - 📊 EXECUTION AUDIT [PREMIUM_RETRIEVED]: trade_id=None, candidate_id=cand_NSE_NIFTYBANK_INDEX_BREAKOUT_57395.05_20260819_091500_Structural_v3.2_RVOL1.0, payload={'premium': 415.95, 'bid': 416.7, 'ask': 417.6}
2026-08-19 09:20:14,518 - INFO - 📊 EXECUTION AUDIT [CF_SUBMITTED]: trade_id=None, candidate_id=cand_NSE_NIFTYBANK_INDEX_BREAKOUT_57395.05_20260819_091500_Structural_v3.2_RVOL1.0, payload={'price': 57188.85, 'sl': 57170.28392857143, 'tp': 57374.510714285716}
2026-08-19 09:20:14,529 - INFO - 📊 EXECUTION AUDIT [CF_FILLED]: trade_id=None, candidate_id=cand_NSE_NIFTYBANK_INDEX_BREAKOUT_57395.05_20260819_091500_Structural_v3.2_RVOL1.0, payload={'price': 57188.85, 'sl': 57170.28392857143, 'tp': 57374.510714285716}
2026-08-19 09:20:14,540 - INFO - 💰 Position size [BREAKOUT|RANGE_NORMAL|conf=70]: frac=0.004 → ₹5,000 (risk/unit=0.03%)
2026-08-19 09:20:14,562 - INFO - 🟢 ENTRY [CF|Structural_v3.2_RVOL1.0|uctural_v3.2_RVOL1.0]: NSE:NIFTYBANK-INDEX BUY CALL @ 57188.85 | SL: 57170.28 TP: 57374.51
2026-08-19 09:20:14,562 - INFO - ⚡ [Structural_v3.2_RVOL0.8] warnings: ['VERY_LOW_RVOL:0.42']
2026-08-19 09:20:14,562 - INFO - 👻 [Structural_v3.2_RVOL0.8] CF BREAKOUT NSE:NIFTYBANK-INDEX BUY CALL | Rejected: ['LOW_RVOL', 'BIAS_MISMATCH', 'HIGH_WICKINESS']
2026-08-19 09:20:14,563 - INFO - 📊 EXECUTION AUDIT [SIGNAL_GENERATED]: trade_id=None, candidate_id=cand_NSE_NIFTYBANK_INDEX_BREAKOUT_57395.05_20260819_091500_Structural_v3.2_RVOL0.8, payload={'symbol': 'NSE:NIFTYBANK-INDEX', 'signal': 'BUY CALL', 'strategy': 'BREAKOUT', 'price': 57188.85, 'stop_loss': 57170.28392857143, 'take_profit': 57374.510714285716, 'tp1': 57216.69910714285, 'rr_ratio': 10.0, 'timestamp': '2026-08-19T09:15:00+05:30', 'accepted': False, 'rejection_reasons': ['LOW_RVOL', 'BIAS_MISMATCH', 'HIGH_WICKINESS'], 'features': {'date': '2026-08-19', 'strategy_name': 'Structural_v3', 'strategy_version': 'v3.2', 'feature_version': 'v1.1', 'market_regime': 'RANGE_NORMAL', 'day_type': 'NORMAL_DAY', 'session_type': 'OPEN', 'daily_bias': 'NEUTRAL', 'hourly_bias': 'NEUTRAL', 'trend_strength': 0.0, 'rvol': 0.42, 'rvol_threshold': 0.8, 'atr': 37.13, 'distance_from_supply': 697.0, 'distance_from_demand': 50.0, 'nearest_supply_strength': 65.8, 'nearest_demand_strength': 66.9, 'distance_to_liquidity_pool': 50.0, 'liquidity_score': 4.2, 'indicator_snapshot': {'rvol_tod': 0.42, 'is_compressed': True, 'bos_count': 0}, 'move_efficiency': 0.7072, 'wickiness': 0.6675, 'fft_score': 0.0, 'setup_type': 'BREAKOUT', 'candidate_id': 'cand_NSE_NIFTYBANK_INDEX_BREAKOUT_57395.05_20260819_091500', 'ema20': 57322.88, 'ema50': 57336.02, 'move_efficiency_h1': 0.2234, 'ema_bullish': False, 'rsi14': 30.62, 'rsi2': 0.0, 'distance_to_vwap': 0.0, 'atr_percentile': 0.4076, 'dist_prev_high': -0.0069, 'dist_prev_low': -0.0005, 'adx': 14.89, 'adx_slope': 1.6626, 'gap_pct': -0.0, 'regime_primary': 'RANGE', 'regime_vol_state': 'NORMAL'}, 'candidate_id': 'cand_NSE_NIFTYBANK_INDEX_BREAKOUT_57395.05_20260819_091500_Structural_v3.2_RVOL0.8', 'experiment_name': 'Structural_v3.2_RVOL0.8', 'strategy_id': 'structural', 'version': 'v3.2'}
2026-08-19 09:20:14,586 - INFO - Resolved active expiry from DB: 26AUG (2026-08-25)
2026-08-19 09:20:14,598 - INFO - Resolved index signal into option contract: OptionContract(symbol='NSE:BANKNIFTY26AUG57200CE', strike=57200.0, expiry='26AUG', option_type='CE', premium=415.95, delta=0.5, bid=416.7, ask=417.6, volume=186060, resolved_at=datetime.datetime(2026, 8, 19, 9, 20, 14, 598572))
2026-08-19 09:20:14,598 - INFO - ⚡ Option strike selection resolved index signal to contract NSE:BANKNIFTY26AUG57200CE @ premium 415.95 (type: CE, strike: 57200.0)
2026-08-19 09:20:14,598 - INFO - 📊 EXECUTION AUDIT [STRIKE_SELECTED]: trade_id=None, candidate_id=cand_NSE_NIFTYBANK_INDEX_BREAKOUT_57395.05_20260819_091500_Structural_v3.2_RVOL0.8, payload={'symbol': 'NSE:BANKNIFTY26AUG57200CE', 'strike': 57200.0, 'expiry': '26AUG', 'type': 'CE'}
2026-08-19 09:20:14,609 - INFO - 📊 EXECUTION AUDIT [PREMIUM_RETRIEVED]: trade_id=None, candidate_id=cand_NSE_NIFTYBANK_INDEX_BREAKOUT_57395.05_20260819_091500_Structural_v3.2_RVOL0.8, payload={'premium': 415.95, 'bid': 416.7, 'ask': 417.6}
2026-08-19 09:20:14,620 - INFO - 📊 EXECUTION AUDIT [CF_SUBMITTED]: trade_id=None, candidate_id=cand_NSE_NIFTYBANK_INDEX_BREAKOUT_57395.05_20260819_091500_Structural_v3.2_RVOL0.8, payload={'price': 57188.85, 'sl': 57170.28392857143, 'tp': 57374.510714285716}
2026-08-19 09:20:14,631 - INFO - 📊 EXECUTION AUDIT [CF_FILLED]: trade_id=None, candidate_id=cand_NSE_NIFTYBANK_INDEX_BREAKOUT_57395.05_20260819_091500_Structural_v3.2_RVOL0.8, payload={'price': 57188.85, 'sl': 57170.28392857143, 'tp': 57374.510714285716}
2026-08-19 09:20:14,642 - INFO - 💰 Position size [BREAKOUT|RANGE_NORMAL|conf=70]: frac=0.004 → ₹5,000 (risk/unit=0.03%)
2026-08-19 09:20:14,668 - INFO - 🟢 ENTRY [CF|Structural_v3.2_RVOL0.8|uctural_v3.2_RVOL0.8]: NSE:NIFTYBANK-INDEX BUY CALL @ 57188.85 | SL: 57170.28 TP: 57374.51
2026-08-19 09:20:14,668 - INFO - ⚡ [Structural_v3.3_ExitMgmt] warnings: ['VERY_LOW_RVOL:0.42']
2026-08-19 09:20:14,668 - INFO - 👻 [Structural_v3.3_ExitMgmt] CF BREAKOUT NSE:NIFTYBANK-INDEX BUY CALL | Rejected: ['LOW_RVOL', 'BIAS_MISMATCH', 'HIGH_WICKINESS']
2026-08-19 09:20:14,668 - INFO - 📊 EXECUTION AUDIT [SIGNAL_GENERATED]: trade_id=None, candidate_id=cand_NSE_NIFTYBANK_INDEX_BREAKOUT_57395.05_20260819_091500_Structural_v3.3_ExitMgmt, payload={'symbol': 'NSE:NIFTYBANK-INDEX', 'signal': 'BUY CALL', 'strategy': 'BREAKOUT', 'price': 57188.85, 'stop_loss': 57170.28392857143, 'take_profit': 57374.510714285716, 'tp1': 57216.69910714285, 'rr_ratio': 10.0, 'timestamp': '2026-08-19T09:15:00+05:30', 'accepted': False, 'rejection_reasons': ['LOW_RVOL', 'BIAS_MISMATCH', 'HIGH_WICKINESS'], 'features': {'date': '2026-08-19', 'strategy_name': 'Structural_v3', 'strategy_version': 'v3.2', 'feature_version': 'v1.1', 'market_regime': 'RANGE_NORMAL', 'day_type': 'NORMAL_DAY', 'session_type': 'OPEN', 'daily_bias': 'NEUTRAL', 'hourly_bias': 'NEUTRAL', 'trend_strength': 0.0, 'rvol': 0.42, 'rvol_threshold': 1.0, 'atr': 37.13, 'distance_from_supply': 697.0, 'distance_from_demand': 50.0, 'nearest_supply_strength': 65.8, 'nearest_demand_strength': 66.9, 'distance_to_liquidity_pool': 50.0, 'liquidity_score': 4.2, 'indicator_snapshot': {'rvol_tod': 0.42, 'is_compressed': True, 'bos_count': 0}, 'move_efficiency': 0.7072, 'wickiness': 0.6675, 'fft_score': 0.0, 'setup_type': 'BREAKOUT', 'candidate_id': 'cand_NSE_NIFTYBANK_INDEX_BREAKOUT_57395.05_20260819_091500', 'ema20': 57322.88, 'ema50': 57336.02, 'move_efficiency_h1': 0.2234, 'ema_bullish': False, 'rsi14': 30.62, 'rsi2': 0.0, 'distance_to_vwap': 0.0, 'atr_percentile': 0.4076, 'dist_prev_high': -0.0069, 'dist_prev_low': -0.0005, 'adx': 14.89, 'adx_slope': 1.6626, 'gap_pct': -0.0, 'regime_primary': 'RANGE', 'regime_vol_state': 'NORMAL'}, 'candidate_id': 'cand_NSE_NIFTYBANK_INDEX_BREAKOUT_57395.05_20260819_091500_Structural_v3.3_ExitMgmt', 'experiment_name': 'Structural_v3.3_ExitMgmt', 'strategy_id': 'structural', 'version': 'v3.2'}
2026-08-19 09:20:14,691 - INFO - Resolved active expiry from DB: 26AUG (2026-08-25)
2026-08-19 09:20:14,704 - INFO - Resolved index signal into option contract: OptionContract(symbol='NSE:BANKNIFTY26AUG57200CE', strike=57200.0, expiry='26AUG', option_type='CE', premium=415.95, delta=0.5, bid=416.7, ask=417.6, volume=186060, resolved_at=datetime.datetime(2026, 8, 19, 9, 20, 14, 704206))
2026-08-19 09:20:14,704 - INFO - ⚡ Option strike selection resolved index signal to contract NSE:BANKNIFTY26AUG57200CE @ premium 415.95 (type: CE, strike: 57200.0)
2026-08-19 09:20:14,704 - INFO - 📊 EXECUTION AUDIT [STRIKE_SELECTED]: trade_id=None, candidate_id=cand_NSE_NIFTYBANK_INDEX_BREAKOUT_57395.05_20260819_091500_Structural_v3.3_ExitMgmt, payload={'symbol': 'NSE:BANKNIFTY26AUG57200CE', 'strike': 57200.0, 'expiry': '26AUG', 'type': 'CE'}
2026-08-19 09:20:14,715 - INFO - 📊 EXECUTION AUDIT [PREMIUM_RETRIEVED]: trade_id=None, candidate_id=cand_NSE_NIFTYBANK_INDEX_BREAKOUT_57395.05_20260819_091500_Structural_v3.3_ExitMgmt, payload={'premium': 415.95, 'bid': 416.7, 'ask': 417.6}
2026-08-19 09:20:14,726 - INFO - 📊 EXECUTION AUDIT [CF_SUBMITTED]: trade_id=None, candidate_id=cand_NSE_NIFTYBANK_INDEX_BREAKOUT_57395.05_20260819_091500_Structural_v3.3_ExitMgmt, payload={'price': 57188.85, 'sl': 57170.28392857143, 'tp': 57374.510714285716}
2026-08-19 09:20:14,738 - INFO - 📊 EXECUTION AUDIT [CF_FILLED]: trade_id=None, candidate_id=cand_NSE_NIFTYBANK_INDEX_BREAKOUT_57395.05_20260819_091500_Structural_v3.3_ExitMgmt, payload={'price': 57188.85, 'sl': 57170.28392857143, 'tp': 57374.510714285716}
2026-08-19 09:20:14,749 - INFO - 💰 Position size [BREAKOUT|RANGE_NORMAL|conf=70]: frac=0.004 → ₹5,000 (risk/unit=0.03%)
2026-08-19 09:20:14,772 - INFO - 🟢 ENTRY [CF|Structural_v3.3_ExitMgmt|ctural_v3.3_ExitMgmt]: NSE:NIFTYBANK-INDEX BUY CALL @ 57188.85 | SL: 57170.28 TP: 57374.51
2026-08-19 09:20:14,772 - INFO - 👻 [EMA_Pullback_20_50_RVOL0.5] CF PULLBACK NSE:NIFTYBANK-INDEX BUY PUT | Rejected: ['LOW_RVOL', 'LOW_RR']
2026-08-19 09:20:14,772 - INFO - 📊 EXECUTION AUDIT [SIGNAL_GENERATED]: trade_id=None, candidate_id=cand_NSE_NIFTYBANK_INDEX_EMAPULL_57188.85_20260819_092005_EMA_Pullback_20_50_RVOL0.5, payload={'symbol': 'NSE:NIFTYBANK-INDEX', 'signal': 'BUY PUT', 'strategy': 'PULLBACK', 'price': 57188.85, 'stop_loss': 57343.445999999996, 'take_profit': 57138.85, 'tp1': 56956.956000000006, 'rr_ratio': 0.32, 'timestamp': '2026-08-19T09:20:05.003097+05:30', 'accepted': False, 'rejection_reasons': ['LOW_RVOL', 'LOW_RR'], 'features': {'atr': 37.13, 'ema20': 57322.88, 'ema50': 57336.02, 'move_efficiency': 0.7072, 'move_efficiency_h1': 0.2234, 'wickiness': 0.6675, 'ema_bullish': False, 'rsi14': 30.62, 'rsi2': 0.0, 'distance_to_vwap': 0.0, 'atr_percentile': 0.4076, 'dist_prev_high': -0.0069, 'dist_prev_low': -0.0005, 'adx': 14.89, 'adx_slope': 1.6626, 'gap_pct': -0.0, 'regime_primary': 'RANGE', 'regime_vol_state': 'NORMAL', 'market_regime': 'RANGE_NORMAL'}, 'candidate_id': 'cand_NSE_NIFTYBANK_INDEX_EMAPULL_57188.85_20260819_092005_EMA_Pullback_20_50_RVOL0.5', 'confidence': 0.5, 'diagnostics': {'ema_distance': -0.00234, 'ema20': 57322.88, 'ema50': 57336.02, 'move_efficiency': 0.707, 'rvol': 0.42, 'atr': 37.13, 'atr_percentile': 0.408, 'distance_to_vwap': 0.0}, 'experiment_name': 'EMA_Pullback_20_50_RVOL0.5', 'strategy_id': 'ema_pullback', 'version': 'v1.0'}
2026-08-19 09:20:14,795 - INFO - Resolved active expiry from DB: 26AUG (2026-08-25)
2026-08-19 09:20:14,807 - INFO - Resolved index signal into option contract: OptionContract(symbol='NSE:BANKNIFTY26AUG57200PE', strike=57200.0, expiry='26AUG', option_type='PE', premium=339.05, delta=0.5, bid=339.3, ask=340.0, volume=232080, resolved_at=datetime.datetime(2026, 8, 19, 9, 20, 14, 807929))
2026-08-19 09:20:14,808 - INFO - ⚡ Option strike selection resolved index signal to contract NSE:BANKNIFTY26AUG57200PE @ premium 339.05 (type: PE, strike: 57200.0)
2026-08-19 09:20:14,808 - INFO - 📊 EXECUTION AUDIT [STRIKE_SELECTED]: trade_id=None, candidate_id=cand_NSE_NIFTYBANK_INDEX_EMAPULL_57188.85_20260819_092005_EMA_Pullback_20_50_RVOL0.5, payload={'symbol': 'NSE:BANKNIFTY26AUG57200PE', 'strike': 57200.0, 'expiry': '26AUG', 'type': 'PE'}
2026-08-19 09:20:14,819 - INFO - 📊 EXECUTION AUDIT [PREMIUM_RETRIEVED]: trade_id=None, candidate_id=cand_NSE_NIFTYBANK_INDEX_EMAPULL_57188.85_20260819_092005_EMA_Pullback_20_50_RVOL0.5, payload={'premium': 339.05, 'bid': 339.3, 'ask': 340.0}
2026-08-19 09:20:14,829 - INFO - 📊 EXECUTION AUDIT [CF_SUBMITTED]: trade_id=None, candidate_id=cand_NSE_NIFTYBANK_INDEX_EMAPULL_57188.85_20260819_092005_EMA_Pullback_20_50_RVOL0.5, payload={'price': 57188.85, 'sl': 57343.445999999996, 'tp': 57138.85}
2026-08-19 09:20:14,840 - INFO - 📊 EXECUTION AUDIT [CF_FILLED]: trade_id=None, candidate_id=cand_NSE_NIFTYBANK_INDEX_EMAPULL_57188.85_20260819_092005_EMA_Pullback_20_50_RVOL0.5, payload={'price': 57188.85, 'sl': 57343.445999999996, 'tp': 57138.85}
2026-08-19 09:20:14,851 - INFO - 💰 Position size [PULLBACK|RANGE_NORMAL|conf=0]: frac=0.003 → ₹5,000 (risk/unit=0.27%)
2026-08-19 09:20:14,873 - INFO - 🟢 ENTRY [CF|EMA_Pullback_20_50_RVOL0.5|llback_20_50_RVOL0.5]: NSE:NIFTYBANK-INDEX BUY PUT @ 57188.85 | SL: 57343.45 TP: 57138.85
2026-08-19 09:20:14,873 - INFO - 👻 [PrevDay_Extremes_RVOL1.2] CF BREAKOUT NSE:NIFTYBANK-INDEX BUY PUT | Rejected: ['LOW_RVOL', 'BIAS_MISMATCH', 'LOW_RR']
2026-08-19 09:20:14,874 - INFO - 📊 EXECUTION AUDIT [SIGNAL_GENERATED]: trade_id=None, candidate_id=cand_NSE_NIFTYBANK_INDEX_PDHL_BREAKOUT_57188.85_20260819_092005_PrevDay_Extremes_RVOL1.2, payload={'symbol': 'NSE:NIFTYBANK-INDEX', 'signal': 'BUY PUT', 'strategy': 'BREAKOUT', 'price': 57188.85, 'stop_loss': 57228.59772936468, 'take_profit': 57138.85, 'tp1': 57129.22840595298, 'rr_ratio': 1.26, 'timestamp': '2026-08-19T09:20:05.003097+05:30', 'accepted': False, 'rejection_reasons': ['LOW_RVOL', 'BIAS_MISMATCH', 'LOW_RR'], 'features': {'atr': 37.13, 'ema20': 57322.88, 'ema50': 57336.02, 'move_efficiency': 0.7072, 'move_efficiency_h1': 0.2234, 'wickiness': 0.6675, 'ema_bullish': False, 'rsi14': 30.62, 'rsi2': 0.0, 'distance_to_vwap': 0.0, 'atr_percentile': 0.4076, 'dist_prev_high': -0.0069, 'dist_prev_low': -0.0005, 'adx': 14.89, 'adx_slope': 1.6626, 'gap_pct': -0.0, 'regime_primary': 'RANGE', 'regime_vol_state': 'NORMAL', 'market_regime': 'RANGE_NORMAL'}, 'candidate_id': 'cand_NSE_NIFTYBANK_INDEX_PDHL_BREAKOUT_57188.85_20260819_092005_PrevDay_Extremes_RVOL1.2', 'confidence': 0.5, 'diagnostics': {'dist_prev_high': -0.0069, 'dist_prev_low': -0.0005, 'prev_high': 57586.19, 'prev_low': 57217.46, 'setup_type': 'BREAKOUT', 'rvol': 0.42, 'atr': 37.13, 'atr_percentile': 0.408}, 'experiment_name': 'PrevDay_Extremes_RVOL1.2', 'strategy_id': 'prev_day_extremes', 'version': 'v1.0'}
2026-08-19 09:20:14,895 - INFO - Resolved active expiry from DB: 26AUG (2026-08-25)
2026-08-19 09:20:14,908 - INFO - Resolved index signal into option contract: OptionContract(symbol='NSE:BANKNIFTY26AUG57200PE', strike=57200.0, expiry='26AUG', option_type='PE', premium=339.05, delta=0.5, bid=339.3, ask=340.0, volume=232080, resolved_at=datetime.datetime(2026, 8, 19, 9, 20, 14, 908504))
2026-08-19 09:20:14,908 - INFO - ⚡ Option strike selection resolved index signal to contract NSE:BANKNIFTY26AUG57200PE @ premium 339.05 (type: PE, strike: 57200.0)
2026-08-19 09:20:14,908 - INFO - 📊 EXECUTION AUDIT [STRIKE_SELECTED]: trade_id=None, candidate_id=cand_NSE_NIFTYBANK_INDEX_PDHL_BREAKOUT_57188.85_20260819_092005_PrevDay_Extremes_RVOL1.2, payload={'symbol': 'NSE:BANKNIFTY26AUG57200PE', 'strike': 57200.0, 'expiry': '26AUG', 'type': 'PE'}
2026-08-19 09:20:14,920 - INFO - 📊 EXECUTION AUDIT [PREMIUM_RETRIEVED]: trade_id=None, candidate_id=cand_NSE_NIFTYBANK_INDEX_PDHL_BREAKOUT_57188.85_20260819_092005_PrevDay_Extremes_RVOL1.2, payload={'premium': 339.05, 'bid': 339.3, 'ask': 340.0}
2026-08-19 09:20:14,930 - INFO - 📊 EXECUTION AUDIT [CF_SUBMITTED]: trade_id=None, candidate_id=cand_NSE_NIFTYBANK_INDEX_PDHL_BREAKOUT_57188.85_20260819_092005_PrevDay_Extremes_RVOL1.2, payload={'price': 57188.85, 'sl': 57228.59772936468, 'tp': 57138.85}
2026-08-19 09:20:14,942 - INFO - 📊 EXECUTION AUDIT [CF_FILLED]: trade_id=None, candidate_id=cand_NSE_NIFTYBANK_INDEX_PDHL_BREAKOUT_57188.85_20260819_092005_PrevDay_Extremes_RVOL1.2, payload={'price': 57188.85, 'sl': 57228.59772936468, 'tp': 57138.85}
2026-08-19 09:20:14,953 - INFO - 💰 Position size [BREAKOUT|RANGE_NORMAL|conf=0]: frac=0.003 → ₹5,000 (risk/unit=0.07%)
2026-08-19 09:20:14,975 - INFO - 🟢 ENTRY [CF|PrevDay_Extremes_RVOL1.2|Day_Extremes_RVOL1.2]: NSE:NIFTYBANK-INDEX BUY PUT @ 57188.85 | SL: 57228.60 TP: 57138.85
2026-08-19 09:20:33,491 - INFO - 📊 Saved 22 snapshots for NSE:NIFTY50-INDEX  (oi range: 28,665–12,581,595)
2026-08-19 09:20:34,578 - INFO - 📡 Fetching NSE:NIFTYBANK-INDEX @ 57125  expiry=26AUG  strikes=ATM±5
2026-08-19 09:20:35,981 - INFO - ⏱️ [Real-time Exit Loop] Checking open positions @ 09:20:35...
2026-08-19 09:20:37,076 - INFO - 📊 EXECUTION AUDIT [CF_SL_MODIFIED]: trade_id=None, candidate_id=cand_NSE_NIFTY50_INDEX_PDHL_BREAKOUT_24118.60_20260819_092005_PrevDay_Extremes_RVOL1.2, payload={'price': 24117.65, 'old_sl': 24158.225248372557, 'new_sl': 24157.27524837256, 'old_tp': None, 'new_tp': 24084.67, 'reason': 'TRAILING_SL'}
2026-08-19 09:20:37,147 - INFO - 🟡 UPDATE (TRAILING_SL) [CFPrevDay_Extremes_RVOL1.2|Day_Extremes_RVOL1.2]: NSE:NIFTY50-INDEX @ 24117.65 | SL→24157.28 TP→24084.67
2026-08-19 09:20:37,148 - INFO - 📊 EXECUTION AUDIT [CF_EXITED]: trade_id=None, candidate_id=cand_NSE_NIFTYBANK_INDEX_BREAKOUT_57395.05_20260819_091500_Structural_v3.2_RVOL1.0, payload={'exit_price': 57129.1, 'exit_reason': 'INITIAL_SL', 'pnl_r': -0.040469348659003916, 'duration_minutes': 0.5163011833333333, 'bars_held': 0}
2026-08-19 09:20:37,193 - INFO - 🔴 EXIT (INITIAL_SL) [CFStructural_v3.2_RVOL1.0|uctural_v3.2_RVOL1.0]: NSE:NIFTYBANK-INDEX @ 57129.10 | PnL -0.04R | MFE 0.00R | Capture N/A | 0bars HoldEff -0.041R/bar
2026-08-19 09:20:37,193 - INFO - 📊 EXECUTION AUDIT [CF_EXITED]: trade_id=None, candidate_id=cand_NSE_NIFTYBANK_INDEX_BREAKOUT_57395.05_20260819_091500_Structural_v3.2_RVOL0.8, payload={'exit_price': 57129.1, 'exit_reason': 'INITIAL_SL', 'pnl_r': -0.040469348659003916, 'duration_minutes': 0.5163011833333333, 'bars_held': 0}
2026-08-19 09:20:37,232 - INFO - 🔴 EXIT (INITIAL_SL) [CFStructural_v3.2_RVOL0.8|uctural_v3.2_RVOL0.8]: NSE:NIFTYBANK-INDEX @ 57129.10 | PnL -0.04R | MFE 0.00R | Capture N/A | 0bars HoldEff -0.041R/bar
2026-08-19 09:20:37,232 - INFO - 📊 EXECUTION AUDIT [CF_EXITED]: trade_id=None, candidate_id=cand_NSE_NIFTYBANK_INDEX_BREAKOUT_57395.05_20260819_091500_Structural_v3.3_ExitMgmt, payload={'exit_price': 57129.1, 'exit_reason': 'INITIAL_SL', 'pnl_r': -0.040469348659003916, 'duration_minutes': 0.5163011833333333, 'bars_held': 0}
2026-08-19 09:20:37,269 - INFO - 🔴 EXIT (INITIAL_SL) [CFStructural_v3.3_ExitMgmt|ctural_v3.3_ExitMgmt]: NSE:NIFTYBANK-INDEX @ 57129.10 | PnL -0.04R | MFE 0.00R | Capture N/A | 0bars HoldEff -0.041R/bar
2026-08-19 09:20:37,269 - INFO - 📊 EXECUTION AUDIT [CF_TP_EXPANDED]: trade_id=None, candidate_id=cand_NSE_NIFTYBANK_INDEX_EMAPULL_57188.85_20260819_092005_EMA_Pullback_20_50_RVOL0.5, payload={'price': 57129.1, 'old_sl': 57343.445999999996, 'new_sl': 57283.695999999996, 'old_tp': 57138.85, 'new_tp': 56984.254, 'reason': 'TP_EXPANSION'}
2026-08-19 09:20:37,307 - INFO - 🟡 UPDATE (TP_EXPANSION) [CFEMA_Pullback_20_50_RVOL0.5|llback_20_50_RVOL0.5]: NSE:NIFTYBANK-INDEX @ 57129.10 | SL→57283.70 TP→56984.25
2026-08-19 09:20:37,307 - INFO - 📊 EXECUTION AUDIT [CF_TP_EXPANDED]: trade_id=None, candidate_id=cand_NSE_NIFTYBANK_INDEX_PDHL_BREAKOUT_57188.85_20260819_092005_PrevDay_Extremes_RVOL1.2, payload={'price': 57129.1, 'old_sl': 57228.59772936468, 'new_sl': 57168.84772936468, 'old_tp': 57138.85, 'new_tp': 57099.10227063532, 'reason': 'TP_EXPANSION'}
2026-08-19 09:20:37,346 - INFO - 🟡 UPDATE (TP_EXPANSION) [CFPrevDay_Extremes_RVOL1.2|Day_Extremes_RVOL1.2]: NSE:NIFTYBANK-INDEX @ 57129.10 | SL→57168.85 TP→57099.10
2026-08-19 09:21:05,287 - INFO - ⏱️ [Real-time Exit Loop] Checking open positions @ 09:21:05...
2026-08-19 09:21:05,663 - INFO - 📊 Saved 22 snapshots for NSE:NIFTYBANK-INDEX  (oi range: 10,980–1,172,280)
2026-08-19 09:21:06,384 - INFO - 📊 EXECUTION AUDIT [CF_SL_MODIFIED]: trade_id=None, candidate_id=cand_NSE_NIFTY50_INDEX_PDHL_BREAKOUT_24118.60_20260819_092005_PrevDay_Extremes_RVOL1.2, payload={'price': 24114.65, 'old_sl': 24157.27524837256, 'new_sl': 24154.27524837256, 'old_tp': None, 'new_tp': 24084.67, 'reason': 'TRAILING_SL'}
2026-08-19 09:21:06,447 - INFO - 🟡 UPDATE (TRAILING_SL) [CFPrevDay_Extremes_RVOL1.2|Day_Extremes_RVOL1.2]: NSE:NIFTY50-INDEX @ 24114.65 | SL→24154.28 TP→24084.67
2026-08-19 09:21:06,447 - INFO - 📊 EXECUTION AUDIT [CF_SL_MODIFIED]: trade_id=None, candidate_id=cand_NSE_NIFTYBANK_INDEX_EMAPULL_57188.85_20260819_092005_EMA_Pullback_20_50_RVOL0.5, payload={'price': 57125.6, 'old_sl': 57283.695999999996, 'new_sl': 57280.195999999996, 'old_tp': None, 'new_tp': 56984.254, 'reason': 'TRAILING_SL'}
2026-08-19 09:21:06,485 - INFO - 🟡 UPDATE (TRAILING_SL) [CFEMA_Pullback_20_50_RVOL0.5|llback_20_50_RVOL0.5]: NSE:NIFTYBANK-INDEX @ 57125.60 | SL→57280.20 TP→56984.25
2026-08-19 09:21:06,486 - INFO - 📊 EXECUTION AUDIT [CF_SL_MODIFIED]: trade_id=None, candidate_id=cand_NSE_NIFTYBANK_INDEX_PDHL_BREAKOUT_57188.85_20260819_092005_PrevDay_Extremes_RVOL1.2, payload={'price': 57125.6, 'old_sl': 57168.84772936468, 'new_sl': 57165.34772936468, 'old_tp': None, 'new_tp': 57099.10227063532, 'reason': 'TRAILING_SL'}
2026-08-19 09:21:06,518 - INFO - 🟡 UPDATE (TRAILING_SL) [CFPrevDay_Extremes_RVOL1.2|Day_Extremes_RVOL1.2]: NSE:NIFTYBANK-INDEX @ 57125.60 | SL→57165.35 TP→57099.10
2026-08-19 09:21:06,756 - INFO - 📡 Fetching NSE:NIFTY50-INDEX @ 24117  expiry=26AUG  strikes=ATM±5
2026-08-19 09:21:35,517 - INFO - ⏱️ [Real-time Exit Loop] Checking open positions @ 09:21:35...
2026-08-19 09:21:36,741 - INFO - 📊 Saved 22 snapshots for NSE:NIFTY50-INDEX  (oi range: 36,335–12,761,580)
2026-08-19 09:21:37,621 - INFO - Retrieved live premium from Fyers API: LTP=202.9 for NSE:BANKNIFTY26AUG57700CE
2026-08-19 09:21:37,827 - INFO - 📡 Fetching NSE:NIFTYBANK-INDEX @ 57156  expiry=26AUG  strikes=ATM±5
2026-08-19 09:21:38,641 - INFO - Retrieved live premium from Fyers API: LTP=201.75 for NSE:BANKNIFTY26AUG57700CE
2026-08-19 09:22:05,772 - INFO - ⏱️ [Real-time Exit Loop] Checking open positions @ 09:22:05...
2026-08-19 09:22:07,869 - INFO - Retrieved live premium from Fyers API: LTP=201.15 for NSE:BANKNIFTY26AUG57700CE
2026-08-19 09:22:08,548 - INFO - 📊 Saved 22 snapshots for NSE:NIFTYBANK-INDEX  (oi range: 22,590–1,180,920)
2026-08-19 09:22:09,647 - INFO - 📡 Fetching NSE:NIFTY50-INDEX @ 24120  expiry=26AUG  strikes=ATM±5
2026-08-19 09:22:35,754 - INFO - ⏱️ [Real-time Exit Loop] Checking open positions @ 09:22:35...
2026-08-19 09:22:39,644 - INFO - 📊 Saved 22 snapshots for NSE:NIFTY50-INDEX  (oi range: 38,090–12,895,285)
2026-08-19 09:22:40,746 - INFO - 📡 Fetching NSE:NIFTYBANK-INDEX @ 57145  expiry=26AUG  strikes=ATM±5
2026-08-19 09:23:05,827 - INFO - ⏱️ [Real-time Exit Loop] Checking open positions @ 09:23:05...
2026-08-19 09:23:10,400 - INFO - 📊 Saved 22 snapshots for NSE:NIFTYBANK-INDEX  (oi range: 11,310–1,182,570)
2026-08-19 09:23:11,498 - INFO - 📡 Fetching NSE:NIFTY50-INDEX @ 24118  expiry=26AUG  strikes=ATM±5
2026-08-19 09:23:35,903 - INFO - ⏱️ [Real-time Exit Loop] Checking open positions @ 09:23:35...
2026-08-19 09:23:36,993 - INFO - 📊 EXECUTION AUDIT [CF_SL_MODIFIED]: trade_id=None, candidate_id=cand_NSE_NIFTY50_INDEX_PDHL_BREAKOUT_24118.60_20260819_092005_PrevDay_Extremes_RVOL1.2, payload={'price': 24111.05, 'old_sl': 24154.27524837256, 'new_sl': 24150.675248372558, 'old_tp': None, 'new_tp': 24084.67, 'reason': 'TRAILING_SL'}
2026-08-19 09:23:37,055 - INFO - 🟡 UPDATE (TRAILING_SL) [CFPrevDay_Extremes_RVOL1.2|Day_Extremes_RVOL1.2]: NSE:NIFTY50-INDEX @ 24111.05 | SL→24150.68 TP→24084.67
2026-08-19 09:23:38,030 - INFO - Retrieved live premium from Fyers API: LTP=189.5 for NSE:BANKNIFTY26AUG57700CE
2026-08-19 09:23:41,175 - INFO - 📊 Saved 22 snapshots for NSE:NIFTY50-INDEX  (oi range: 38,090–13,096,460)
2026-08-19 09:23:42,285 - INFO - 📡 Fetching NSE:NIFTYBANK-INDEX @ 57149  expiry=26AUG  strikes=ATM±5
2026-08-19 09:24:05,131 - INFO - ⏱️ [Real-time Exit Loop] Checking open positions @ 09:24:05...
2026-08-19 09:24:06,222 - INFO - 📊 EXECUTION AUDIT [CF_SL_MODIFIED]: trade_id=None, candidate_id=cand_NSE_NIFTY50_INDEX_PDHL_BREAKOUT_24118.60_20260819_092005_PrevDay_Extremes_RVOL1.2, payload={'price': 24110.1, 'old_sl': 24150.675248372558, 'new_sl': 24149.725248372557, 'old_tp': None, 'new_tp': 24084.67, 'reason': 'TRAILING_SL'}
2026-08-19 09:24:06,284 - INFO - 🟡 UPDATE (TRAILING_SL) [CFPrevDay_Extremes_RVOL1.2|Day_Extremes_RVOL1.2]: NSE:NIFTY50-INDEX @ 24110.10 | SL→24149.73 TP→24084.67
2026-08-19 09:24:07,234 - INFO - Retrieved live premium from Fyers API: LTP=195.45 for NSE:BANKNIFTY26AUG57700CE
2026-08-19 09:24:08,226 - INFO - Retrieved live premium from Fyers API: LTP=194.5 for NSE:BANKNIFTY26AUG57700CE
2026-08-19 09:24:12,087 - INFO - 📊 Saved 22 snapshots for NSE:NIFTYBANK-INDEX  (oi range: 11,160–1,190,250)
2026-08-19 09:24:13,192 - INFO - 📡 Fetching NSE:NIFTY50-INDEX @ 24111  expiry=26AUG  strikes=ATM±5
2026-08-19 09:24:35,358 - INFO - ⏱️ [Real-time Exit Loop] Checking open positions @ 09:24:35...
2026-08-19 09:24:37,463 - INFO - Retrieved live premium from Fyers API: LTP=190.15 for NSE:BANKNIFTY26AUG57700CE
2026-08-19 09:24:38,461 - INFO - Retrieved live premium from Fyers API: LTP=190.05 for NSE:BANKNIFTY26AUG57700CE
2026-08-19 09:24:42,978 - INFO - 📊 Saved 22 snapshots for NSE:NIFTY50-INDEX  (oi range: 39,975–13,177,320)
2026-08-19 09:24:44,078 - INFO - 📡 Fetching NSE:NIFTYBANK-INDEX @ 57130  expiry=26AUG  strikes=ATM±5
2026-08-19 09:25:05,596 - INFO - 🔔 [New Candle Closed] Running entry pipeline for candle 09:25 at 09:25:05...
2026-08-19 09:25:05,597 - INFO - --- 09:25:05 Market Pulse ---
2026-08-19 09:25:12,724 - INFO - 📊 EXECUTION AUDIT [CF_SL_MODIFIED]: trade_id=None, candidate_id=cand_NSE_NIFTY50_INDEX_PDHL_BREAKOUT_24118.60_20260819_092005_PrevDay_Extremes_RVOL1.2, payload={'price': 24107.75, 'old_sl': 24149.725248372557, 'new_sl': 24147.37524837256, 'old_tp': None, 'new_tp': 24084.67, 'reason': 'TRAILING_SL'}
2026-08-19 09:25:12,805 - INFO - 🟡 UPDATE (TRAILING_SL) [CFPrevDay_Extremes_RVOL1.2|Day_Extremes_RVOL1.2]: NSE:NIFTY50-INDEX @ 24107.75 | SL→24147.38 TP→24084.67
2026-08-19 09:25:12,806 - INFO - 📊 EXECUTION AUDIT [CF_EXITED]: trade_id=None, candidate_id=cand_NSE_NIFTYBANK_INDEX_PDHL_BREAKOUT_57188.85_20260819_092005_PrevDay_Extremes_RVOL1.2, payload={'exit_price': 57165.34772936468, 'exit_reason': 'TRAILING_SL', 'pnl_r': 0.060882352941176436, 'duration_minutes': 5.009898433333333, 'bars_held': 1}
2026-08-19 09:25:12,857 - INFO - 🔴 EXIT (TRAILING_SL) [CFPrevDay_Extremes_RVOL1.2|Day_Extremes_RVOL1.2]: NSE:NIFTYBANK-INDEX @ 57165.35 | PnL +0.06R | MFE 1.59R | Capture 4% | 1bars HoldEff +0.061R/bar
2026-08-19 09:25:13,734 - INFO - Retrieved live premium from Fyers API: LTP=190.05 for NSE:BANKNIFTY26AUG57700CE
2026-08-19 09:25:13,892 - INFO - 📊 Saved 22 snapshots for NSE:NIFTYBANK-INDEX  (oi range: 11,130–1,197,450)
2026-08-19 09:25:14,741 - INFO - Retrieved live premium from Fyers API: LTP=189.6 for NSE:BANKNIFTY26AUG57700CE
2026-08-19 09:25:14,994 - INFO - 📡 Fetching NSE:NIFTY50-INDEX @ 24105  expiry=26AUG  strikes=ATM±5
2026-08-19 09:25:17,283 - INFO - Resolved active expiry from DB: 26AUG (2026-08-25)
2026-08-19 09:25:19,183 - INFO - Resolved active expiry from DB: 26AUG (2026-08-25)
2026-08-19 09:25:19,184 - INFO - 👻 [Structural_v3.2_RVOL1.0] CF BREAKOUT NSE:NIFTYBANK-INDEX BUY CALL | Rejected: ['BIAS_MISMATCH', 'HIGH_WICKINESS']
2026-08-19 09:25:19,184 - INFO - 📊 EXECUTION AUDIT [SIGNAL_GENERATED]: trade_id=None, candidate_id=cand_NSE_NIFTYBANK_INDEX_BREAKOUT_57395.05_20260819_092000_Structural_v3.2_RVOL1.0, payload={'symbol': 'NSE:NIFTYBANK-INDEX', 'signal': 'BUY CALL', 'strategy': 'BREAKOUT', 'price': 57121.4, 'stop_loss': 57101.68571428572, 'take_profit': 57318.54285714286, 'tp1': 57150.97142857143, 'rr_ratio': 10.0, 'timestamp': '2026-08-19T09:20:00+05:30', 'accepted': False, 'rejection_reasons': ['BIAS_MISMATCH', 'HIGH_WICKINESS'], 'features': {'date': '2026-08-19', 'strategy_name': 'Structural_v3', 'strategy_version': 'v3.2', 'feature_version': 'v1.1', 'market_regime': 'WEAK_TREND_DOWN_NORMAL', 'day_type': 'NORMAL_DAY', 'session_type': 'OPEN', 'daily_bias': 'NEUTRAL', 'hourly_bias': 'NEUTRAL', 'trend_strength': 0.0, 'rvol': 1.77, 'rvol_threshold': 1.0, 'atr': 39.43, 'distance_from_supply': 764.45, 'distance_from_demand': 9999.0, 'nearest_supply_strength': 65.8, 'nearest_demand_strength': 0.0, 'distance_to_liquidity_pool': 9999.0, 'liquidity_score': 17.7, 'indicator_snapshot': {'rvol_tod': 1.77, 'is_compressed': True, 'bos_count': 0}, 'move_efficiency': 0.7873, 'wickiness': 0.5105, 'fft_score': 0.0, 'setup_type': 'BREAKOUT', 'candidate_id': 'cand_NSE_NIFTYBANK_INDEX_BREAKOUT_57395.05_20260819_092000', 'ema20': 57300.72, 'ema50': 57326.31, 'move_efficiency_h1': 0.2762, 'ema_bullish': False, 'rsi14': 19.73, 'rsi2': 0.0, 'distance_to_vwap': 0.0, 'atr_percentile': 0.4929, 'dist_prev_high': -0.008, 'dist_prev_low': -0.0017, 'adx': 17.54, 'adx_slope': 4.822, 'gap_pct': -0.0, 'regime_primary': 'WEAK_TREND_DOWN', 'regime_vol_state': 'NORMAL'}, 'candidate_id': 'cand_NSE_NIFTYBANK_INDEX_BREAKOUT_57395.05_20260819_092000_Structural_v3.2_RVOL1.0', 'experiment_name': 'Structural_v3.2_RVOL1.0', 'strategy_id': 'structural', 'version': 'v3.2'}
2026-08-19 09:25:19,204 - INFO - Resolved active expiry from DB: 26AUG (2026-08-25)
2026-08-19 09:25:19,218 - INFO - Resolved index signal into option contract: OptionContract(symbol='NSE:BANKNIFTY26AUG57100CE', strike=57100.0, expiry='26AUG', option_type='CE', premium=444.5, delta=0.5, bid=444.5, ask=445.8, volume=170670, resolved_at=datetime.datetime(2026, 8, 19, 9, 25, 19, 218160))
2026-08-19 09:25:19,218 - INFO - ⚡ Option strike selection resolved index signal to contract NSE:BANKNIFTY26AUG57100CE @ premium 444.5 (type: CE, strike: 57100.0)
2026-08-19 09:25:19,218 - INFO - 📊 EXECUTION AUDIT [STRIKE_SELECTED]: trade_id=None, candidate_id=cand_NSE_NIFTYBANK_INDEX_BREAKOUT_57395.05_20260819_092000_Structural_v3.2_RVOL1.0, payload={'symbol': 'NSE:BANKNIFTY26AUG57100CE', 'strike': 57100.0, 'expiry': '26AUG', 'type': 'CE'}
2026-08-19 09:25:19,229 - INFO - 📊 EXECUTION AUDIT [PREMIUM_RETRIEVED]: trade_id=None, candidate_id=cand_NSE_NIFTYBANK_INDEX_BREAKOUT_57395.05_20260819_092000_Structural_v3.2_RVOL1.0, payload={'premium': 444.5, 'bid': 444.5, 'ask': 445.8}
2026-08-19 09:25:19,240 - INFO - 📊 EXECUTION AUDIT [CF_SUBMITTED]: trade_id=None, candidate_id=cand_NSE_NIFTYBANK_INDEX_BREAKOUT_57395.05_20260819_092000_Structural_v3.2_RVOL1.0, payload={'price': 57121.4, 'sl': 57101.68571428572, 'tp': 57318.54285714286}
2026-08-19 09:25:19,254 - INFO - 📊 EXECUTION AUDIT [CF_FILLED]: trade_id=None, candidate_id=cand_NSE_NIFTYBANK_INDEX_BREAKOUT_57395.05_20260819_092000_Structural_v3.2_RVOL1.0, payload={'price': 57121.4, 'sl': 57101.68571428572, 'tp': 57318.54285714286}
2026-08-19 09:25:19,267 - INFO - 💰 Position size [BREAKOUT|WEAK_TREND_DOWN_NORMAL|conf=70]: frac=0.005 → ₹5,000 (risk/unit=0.03%)
2026-08-19 09:25:19,293 - INFO - 🟢 ENTRY [CF|Structural_v3.2_RVOL1.0|uctural_v3.2_RVOL1.0]: NSE:NIFTYBANK-INDEX BUY CALL @ 57121.40 | SL: 57101.69 TP: 57318.54
2026-08-19 09:25:19,293 - INFO - 👻 [Structural_v3.2_RVOL0.8] CF BREAKOUT NSE:NIFTYBANK-INDEX BUY CALL | Rejected: ['BIAS_MISMATCH', 'HIGH_WICKINESS']
2026-08-19 09:25:19,293 - INFO - 📊 EXECUTION AUDIT [SIGNAL_GENERATED]: trade_id=None, candidate_id=cand_NSE_NIFTYBANK_INDEX_BREAKOUT_57395.05_20260819_092000_Structural_v3.2_RVOL0.8, payload={'symbol': 'NSE:NIFTYBANK-INDEX', 'signal': 'BUY CALL', 'strategy': 'BREAKOUT', 'price': 57121.4, 'stop_loss': 57101.68571428572, 'take_profit': 57318.54285714286, 'tp1': 57150.97142857143, 'rr_ratio': 10.0, 'timestamp': '2026-08-19T09:20:00+05:30', 'accepted': False, 'rejection_reasons': ['BIAS_MISMATCH', 'HIGH_WICKINESS'], 'features': {'date': '2026-08-19', 'strategy_name': 'Structural_v3', 'strategy_version': 'v3.2', 'feature_version': 'v1.1', 'market_regime': 'WEAK_TREND_DOWN_NORMAL', 'day_type': 'NORMAL_DAY', 'session_type': 'OPEN', 'daily_bias': 'NEUTRAL', 'hourly_bias': 'NEUTRAL', 'trend_strength': 0.0, 'rvol': 1.77, 'rvol_threshold': 0.8, 'atr': 39.43, 'distance_from_supply': 764.45, 'distance_from_demand': 9999.0, 'nearest_supply_strength': 65.8, 'nearest_demand_strength': 0.0, 'distance_to_liquidity_pool': 9999.0, 'liquidity_score': 17.7, 'indicator_snapshot': {'rvol_tod': 1.77, 'is_compressed': True, 'bos_count': 0}, 'move_efficiency': 0.7873, 'wickiness': 0.5105, 'fft_score': 0.0, 'setup_type': 'BREAKOUT', 'candidate_id': 'cand_NSE_NIFTYBANK_INDEX_BREAKOUT_57395.05_20260819_092000', 'ema20': 57300.72, 'ema50': 57326.31, 'move_efficiency_h1': 0.2762, 'ema_bullish': False, 'rsi14': 19.73, 'rsi2': 0.0, 'distance_to_vwap': 0.0, 'atr_percentile': 0.4929, 'dist_prev_high': -0.008, 'dist_prev_low': -0.0017, 'adx': 17.54, 'adx_slope': 4.822, 'gap_pct': -0.0, 'regime_primary': 'WEAK_TREND_DOWN', 'regime_vol_state': 'NORMAL'}, 'candidate_id': 'cand_NSE_NIFTYBANK_INDEX_BREAKOUT_57395.05_20260819_092000_Structural_v3.2_RVOL0.8', 'experiment_name': 'Structural_v3.2_RVOL0.8', 'strategy_id': 'structural', 'version': 'v3.2'}
2026-08-19 09:25:19,319 - INFO - Resolved active expiry from DB: 26AUG (2026-08-25)
2026-08-19 09:25:19,333 - INFO - Resolved index signal into option contract: OptionContract(symbol='NSE:BANKNIFTY26AUG57100CE', strike=57100.0, expiry='26AUG', option_type='CE', premium=444.5, delta=0.5, bid=444.5, ask=445.8, volume=170670, resolved_at=datetime.datetime(2026, 8, 19, 9, 25, 19, 333687))
2026-08-19 09:25:19,333 - INFO - ⚡ Option strike selection resolved index signal to contract NSE:BANKNIFTY26AUG57100CE @ premium 444.5 (type: CE, strike: 57100.0)
2026-08-19 09:25:19,334 - INFO - 📊 EXECUTION AUDIT [STRIKE_SELECTED]: trade_id=None, candidate_id=cand_NSE_NIFTYBANK_INDEX_BREAKOUT_57395.05_20260819_092000_Structural_v3.2_RVOL0.8, payload={'symbol': 'NSE:BANKNIFTY26AUG57100CE', 'strike': 57100.0, 'expiry': '26AUG', 'type': 'CE'}
2026-08-19 09:25:19,346 - INFO - 📊 EXECUTION AUDIT [PREMIUM_RETRIEVED]: trade_id=None, candidate_id=cand_NSE_NIFTYBANK_INDEX_BREAKOUT_57395.05_20260819_092000_Structural_v3.2_RVOL0.8, payload={'premium': 444.5, 'bid': 444.5, 'ask': 445.8}
2026-08-19 09:25:19,359 - INFO - 📊 EXECUTION AUDIT [CF_SUBMITTED]: trade_id=None, candidate_id=cand_NSE_NIFTYBANK_INDEX_BREAKOUT_57395.05_20260819_092000_Structural_v3.2_RVOL0.8, payload={'price': 57121.4, 'sl': 57101.68571428572, 'tp': 57318.54285714286}
2026-08-19 09:25:19,371 - INFO - 📊 EXECUTION AUDIT [CF_FILLED]: trade_id=None, candidate_id=cand_NSE_NIFTYBANK_INDEX_BREAKOUT_57395.05_20260819_092000_Structural_v3.2_RVOL0.8, payload={'price': 57121.4, 'sl': 57101.68571428572, 'tp': 57318.54285714286}
2026-08-19 09:25:19,384 - INFO - 💰 Position size [BREAKOUT|WEAK_TREND_DOWN_NORMAL|conf=70]: frac=0.005 → ₹5,000 (risk/unit=0.03%)
2026-08-19 09:25:19,412 - INFO - 🟢 ENTRY [CF|Structural_v3.2_RVOL0.8|uctural_v3.2_RVOL0.8]: NSE:NIFTYBANK-INDEX BUY CALL @ 57121.40 | SL: 57101.69 TP: 57318.54
2026-08-19 09:25:19,413 - INFO - 👻 [Structural_v3.3_ExitMgmt] CF BREAKOUT NSE:NIFTYBANK-INDEX BUY CALL | Rejected: ['BIAS_MISMATCH', 'HIGH_WICKINESS']
2026-08-19 09:25:19,413 - INFO - 📊 EXECUTION AUDIT [SIGNAL_GENERATED]: trade_id=None, candidate_id=cand_NSE_NIFTYBANK_INDEX_BREAKOUT_57395.05_20260819_092000_Structural_v3.3_ExitMgmt, payload={'symbol': 'NSE:NIFTYBANK-INDEX', 'signal': 'BUY CALL', 'strategy': 'BREAKOUT', 'price': 57121.4, 'stop_loss': 57101.68571428572, 'take_profit': 57318.54285714286, 'tp1': 57150.97142857143, 'rr_ratio': 10.0, 'timestamp': '2026-08-19T09:20:00+05:30', 'accepted': False, 'rejection_reasons': ['BIAS_MISMATCH', 'HIGH_WICKINESS'], 'features': {'date': '2026-08-19', 'strategy_name': 'Structural_v3', 'strategy_version': 'v3.2', 'feature_version': 'v1.1', 'market_regime': 'WEAK_TREND_DOWN_NORMAL', 'day_type': 'NORMAL_DAY', 'session_type': 'OPEN', 'daily_bias': 'NEUTRAL', 'hourly_bias': 'NEUTRAL', 'trend_strength': 0.0, 'rvol': 1.77, 'rvol_threshold': 1.0, 'atr': 39.43, 'distance_from_supply': 764.45, 'distance_from_demand': 9999.0, 'nearest_supply_strength': 65.8, 'nearest_demand_strength': 0.0, 'distance_to_liquidity_pool': 9999.0, 'liquidity_score': 17.7, 'indicator_snapshot': {'rvol_tod': 1.77, 'is_compressed': True, 'bos_count': 0}, 'move_efficiency': 0.7873, 'wickiness': 0.5105, 'fft_score': 0.0, 'setup_type': 'BREAKOUT', 'candidate_id': 'cand_NSE_NIFTYBANK_INDEX_BREAKOUT_57395.05_20260819_092000', 'ema20': 57300.72, 'ema50': 57326.31, 'move_efficiency_h1': 0.2762, 'ema_bullish': False, 'rsi14': 19.73, 'rsi2': 0.0, 'distance_to_vwap': 0.0, 'atr_percentile': 0.4929, 'dist_prev_high': -0.008, 'dist_prev_low': -0.0017, 'adx': 17.54, 'adx_slope': 4.822, 'gap_pct': -0.0, 'regime_primary': 'WEAK_TREND_DOWN', 'regime_vol_state': 'NORMAL'}, 'candidate_id': 'cand_NSE_NIFTYBANK_INDEX_BREAKOUT_57395.05_20260819_092000_Structural_v3.3_ExitMgmt', 'experiment_name': 'Structural_v3.3_ExitMgmt', 'strategy_id': 'structural', 'version': 'v3.2'}
2026-08-19 09:25:19,439 - INFO - Resolved active expiry from DB: 26AUG (2026-08-25)
2026-08-19 09:25:19,454 - INFO - Resolved index signal into option contract: OptionContract(symbol='NSE:BANKNIFTY26AUG57100CE', strike=57100.0, expiry='26AUG', option_type='CE', premium=444.5, delta=0.5, bid=444.5, ask=445.8, volume=170670, resolved_at=datetime.datetime(2026, 8, 19, 9, 25, 19, 454290))
2026-08-19 09:25:19,454 - INFO - ⚡ Option strike selection resolved index signal to contract NSE:BANKNIFTY26AUG57100CE @ premium 444.5 (type: CE, strike: 57100.0)
2026-08-19 09:25:19,454 - INFO - 📊 EXECUTION AUDIT [STRIKE_SELECTED]: trade_id=None, candidate_id=cand_NSE_NIFTYBANK_INDEX_BREAKOUT_57395.05_20260819_092000_Structural_v3.3_ExitMgmt, payload={'symbol': 'NSE:BANKNIFTY26AUG57100CE', 'strike': 57100.0, 'expiry': '26AUG', 'type': 'CE'}
2026-08-19 09:25:19,467 - INFO - 📊 EXECUTION AUDIT [PREMIUM_RETRIEVED]: trade_id=None, candidate_id=cand_NSE_NIFTYBANK_INDEX_BREAKOUT_57395.05_20260819_092000_Structural_v3.3_ExitMgmt, payload={'premium': 444.5, 'bid': 444.5, 'ask': 445.8}
2026-08-19 09:25:19,481 - INFO - 📊 EXECUTION AUDIT [CF_SUBMITTED]: trade_id=None, candidate_id=cand_NSE_NIFTYBANK_INDEX_BREAKOUT_57395.05_20260819_092000_Structural_v3.3_ExitMgmt, payload={'price': 57121.4, 'sl': 57101.68571428572, 'tp': 57318.54285714286}
2026-08-19 09:25:19,495 - INFO - 📊 EXECUTION AUDIT [CF_FILLED]: trade_id=None, candidate_id=cand_NSE_NIFTYBANK_INDEX_BREAKOUT_57395.05_20260819_092000_Structural_v3.3_ExitMgmt, payload={'price': 57121.4, 'sl': 57101.68571428572, 'tp': 57318.54285714286}
2026-08-19 09:25:19,508 - INFO - 💰 Position size [BREAKOUT|WEAK_TREND_DOWN_NORMAL|conf=70]: frac=0.005 → ₹5,000 (risk/unit=0.03%)
2026-08-19 09:25:19,533 - INFO - 🟢 ENTRY [CF|Structural_v3.3_ExitMgmt|ctural_v3.3_ExitMgmt]: NSE:NIFTYBANK-INDEX BUY CALL @ 57121.40 | SL: 57101.69 TP: 57318.54
2026-08-19 09:25:19,534 - INFO - 🚀 SIGNAL: NSE:NIFTYBANK-INDEX BUY PUT | [OrderFlow_v1.0]
2026-08-19 09:25:19,534 - INFO -    Entry: 57121.4 | SL: 57141.115 | TP: 57003.11 (RR: 6.0)
2026-08-19 09:25:19,534 - INFO - 📊 EXECUTION AUDIT [SIGNAL_GENERATED]: trade_id=trade_NSE_NIFTYBANK_INDEX_OrderFlow_v1.0_1787111705, candidate_id=cand_NSE_NIFTYBANK_INDEX_LIQUIDITY_SWEEP_57121.40_20260819_092505_OrderFlow_v1.0, payload={'symbol': 'NSE:NIFTYBANK-INDEX', 'candidate_id': 'cand_NSE_NIFTYBANK_INDEX_LIQUIDITY_SWEEP_57121.40_20260819_092505_OrderFlow_v1.0', 'signal': 'BUY PUT', 'price': 57121.4, 'stop_loss': 57141.115, 'take_profit': 57003.11, 'tp1': 57091.8275, 'rr_ratio': 6.0, 'strategy': 'LIQUIDITY_SWEEP', 'confidence': 0.754, 'accepted': True, 'rejection_reasons': [], 'timestamp': datetime.datetime(2026, 8, 19, 9, 25, 5, 597003, tzinfo=zoneinfo.ZoneInfo(key='Asia/Kolkata')), 'diagnostics': {'swept_level': 57121.45, 'swept_object': 'LIQUIDITY_POOL', 'volume_multiplier': 1.77, 'rejection_wick_size': 15.4}, 'experiment_name': 'OrderFlow_v1.0', 'strategy_id': 'order_flow', 'version': 'v1.0', 'features': {'regime_primary': 'WEAK_TREND_DOWN', 'regime_vol_state': 'NORMAL', 'market_regime': 'WEAK_TREND_DOWN_NORMAL'}}
2026-08-19 09:25:19,561 - INFO - Resolved active expiry from DB: 26AUG (2026-08-25)
2026-08-19 09:25:19,578 - INFO - Resolved index signal into option contract: OptionContract(symbol='NSE:BANKNIFTY26AUG57100PE', strike=57100.0, expiry='26AUG', option_type='PE', premium=317.6, delta=0.5, bid=318.1, ask=318.75, volume=248040, resolved_at=datetime.datetime(2026, 8, 19, 9, 25, 19, 578359))
2026-08-19 09:25:19,578 - INFO - ⚡ Option strike selection resolved index signal to contract NSE:BANKNIFTY26AUG57100PE @ premium 317.6 (type: PE, strike: 57100.0)
2026-08-19 09:25:19,578 - INFO - 📊 EXECUTION AUDIT [STRIKE_SELECTED]: trade_id=trade_NSE_NIFTYBANK_INDEX_OrderFlow_v1.0_1787111705, candidate_id=cand_NSE_NIFTYBANK_INDEX_LIQUIDITY_SWEEP_57121.40_20260819_092505_OrderFlow_v1.0, payload={'symbol': 'NSE:BANKNIFTY26AUG57100PE', 'strike': 57100.0, 'expiry': '26AUG', 'type': 'PE'}
2026-08-19 09:25:19,591 - INFO - 📊 EXECUTION AUDIT [PREMIUM_RETRIEVED]: trade_id=trade_NSE_NIFTYBANK_INDEX_OrderFlow_v1.0_1787111705, candidate_id=cand_NSE_NIFTYBANK_INDEX_LIQUIDITY_SWEEP_57121.40_20260819_092505_OrderFlow_v1.0, payload={'premium': 317.6, 'bid': 318.1, 'ask': 318.75}
2026-08-19 09:25:19,605 - INFO - 📊 EXECUTION AUDIT [ORDER_SUBMITTED]: trade_id=trade_NSE_NIFTYBANK_INDEX_OrderFlow_v1.0_1787111705, candidate_id=cand_NSE_NIFTYBANK_INDEX_LIQUIDITY_SWEEP_57121.40_20260819_092505_OrderFlow_v1.0, payload={'price': 57121.4, 'sl': 57141.115, 'tp': 57003.11}
2026-08-19 09:25:19,617 - INFO - 📊 EXECUTION AUDIT [ORDER_FILLED]: trade_id=trade_NSE_NIFTYBANK_INDEX_OrderFlow_v1.0_1787111705, candidate_id=cand_NSE_NIFTYBANK_INDEX_LIQUIDITY_SWEEP_57121.40_20260819_092505_OrderFlow_v1.0, payload={'price': 57121.4, 'sl': 57141.115, 'tp': 57003.11}
2026-08-19 09:25:19,631 - INFO - 💰 Position size [LIQUIDITY_SWEEP|WEAK_TREND_DOWN_NORMAL|conf=1]: frac=0.004 → ₹5,000 (risk/unit=0.03%)
2026-08-19 09:25:19,661 - INFO - 🟢 ENTRY [OrderFlow_v1.0|_v1.0_1787111705]: NSE:NIFTYBANK-INDEX BUY PUT @ 57121.40 | SL: 57141.11 TP: 57003.11
2026-08-19 09:25:19,662 - INFO - 🚀 COMBO SIGNAL: NSE:NIFTYBANK-INDEX BEAR_PUT_SPREAD | [VerticalSpread_v1.0]
2026-08-19 09:25:19,676 - INFO - Resolved active expiry from DB: 26AUG (2026-08-25)
2026-08-19 09:25:19,705 - INFO - Resolved BEAR_PUT_SPREAD for NSE:NIFTYBANK-INDEX: [('PE', 'BUY', 57100.0), ('PE', 'SELL', 56900.0)] net_premium=77.75 max_loss=77.75
2026-08-19 09:25:19,705 - INFO - 💰 Combo lots [BEAR_PUT_SPREAD|WEAK_TREND_DOWN_NORMAL|conf=1]: budget=₹375 / max_loss=77.75 → 4 lots
2026-08-19 09:25:19,731 - INFO - 🟢 COMBO ENTRY [VerticalSpread_v1.0|_VerticalSpread_v1.0]: NSE:NIFTYBANK-INDEX BEAR_PUT_SPREAD | Net premium: 77.75 | Max loss: 77.75
2026-08-19 09:25:19,731 - INFO - 👻 [OIWallReaction_v1.0] CF OI_WALL_BREAK NSE:NIFTYBANK-INDEX BUY PUT | Rejected: ['NARRATIVE_BIAS_BULLISH', 'LOW_RR:0.13']
2026-08-19 09:25:19,731 - INFO - 📊 EXECUTION AUDIT [SIGNAL_GENERATED]: trade_id=None, candidate_id=cand_NSE_NIFTYBANK_INDEX_OI_WALL_BREAK_57121.40_20260819_092505_OIWallReaction_v1.0, payload={'symbol': 'NSE:NIFTYBANK-INDEX', 'candidate_id': 'cand_NSE_NIFTYBANK_INDEX_OI_WALL_BREAK_57121.40_20260819_092505_OIWallReaction_v1.0', 'signal': 'BUY PUT', 'price': 57121.4, 'stop_loss': 58005.9145, 'take_profit': 57003.11, 'tp1': 55794.62825000001, 'rr_ratio': 0.13, 'strategy': 'OI_WALL_BREAK', 'confidence': 1.0, 'accepted': False, 'rejection_reasons': ['NARRATIVE_BIAS_BULLISH', 'LOW_RR:0.13'], 'timestamp': datetime.datetime(2026, 8, 19, 9, 25, 5, 597003, tzinfo=zoneinfo.ZoneInfo(key='Asia/Kolkata')), 'diagnostics': {'wall_strike': 58000.0, 'wall_oi': 1248930, 'wall_oi_change': -148440, 'wall_type': 'put', 'rvol': 1.77}, 'experiment_name': 'OIWallReaction_v1.0', 'strategy_id': 'oi_wall_reaction', 'version': 'v1.0', 'features': {'regime_primary': 'WEAK_TREND_DOWN', 'regime_vol_state': 'NORMAL', 'market_regime': 'WEAK_TREND_DOWN_NORMAL'}}
2026-08-19 09:25:19,756 - INFO - Resolved active expiry from DB: 26AUG (2026-08-25)
2026-08-19 09:25:19,770 - INFO - Resolved index signal into option contract: OptionContract(symbol='NSE:BANKNIFTY26AUG57100PE', strike=57100.0, expiry='26AUG', option_type='PE', premium=317.6, delta=0.5, bid=318.1, ask=318.75, volume=248040, resolved_at=datetime.datetime(2026, 8, 19, 9, 25, 19, 770694))
2026-08-19 09:25:19,770 - INFO - ⚡ Option strike selection resolved index signal to contract NSE:BANKNIFTY26AUG57100PE @ premium 317.6 (type: PE, strike: 57100.0)
2026-08-19 09:25:19,771 - INFO - 📊 EXECUTION AUDIT [STRIKE_SELECTED]: trade_id=None, candidate_id=cand_NSE_NIFTYBANK_INDEX_OI_WALL_BREAK_57121.40_20260819_092505_OIWallReaction_v1.0, payload={'symbol': 'NSE:BANKNIFTY26AUG57100PE', 'strike': 57100.0, 'expiry': '26AUG', 'type': 'PE'}
2026-08-19 09:25:19,783 - INFO - 📊 EXECUTION AUDIT [PREMIUM_RETRIEVED]: trade_id=None, candidate_id=cand_NSE_NIFTYBANK_INDEX_OI_WALL_BREAK_57121.40_20260819_092505_OIWallReaction_v1.0, payload={'premium': 317.6, 'bid': 318.1, 'ask': 318.75}
2026-08-19 09:25:19,797 - INFO - 📊 EXECUTION AUDIT [CF_SUBMITTED]: trade_id=None, candidate_id=cand_NSE_NIFTYBANK_INDEX_OI_WALL_BREAK_57121.40_20260819_092505_OIWallReaction_v1.0, payload={'price': 57121.4, 'sl': 58005.9145, 'tp': 57003.11}
2026-08-19 09:25:19,809 - INFO - 📊 EXECUTION AUDIT [CF_FILLED]: trade_id=None, candidate_id=cand_NSE_NIFTYBANK_INDEX_OI_WALL_BREAK_57121.40_20260819_092505_OIWallReaction_v1.0, payload={'price': 57121.4, 'sl': 58005.9145, 'tp': 57003.11}
2026-08-19 09:25:19,822 - INFO - 💰 Position size [OI_WALL_BREAK|WEAK_TREND_DOWN_NORMAL|conf=1]: frac=0.004 → ₹5,000 (risk/unit=1.55%)
2026-08-19 09:25:19,849 - INFO - 🟢 ENTRY [CF|OIWallReaction_v1.0|_OIWallReaction_v1.0]: NSE:NIFTYBANK-INDEX BUY PUT @ 57121.40 | SL: 58005.91 TP: 57003.11
2026-08-19 09:25:35,856 - INFO - ⏱️ [Real-time Exit Loop] Checking open positions @ 09:25:35...
2026-08-19 09:25:36,995 - INFO - 📊 EXECUTION AUDIT [CF_SL_MODIFIED]: trade_id=None, candidate_id=cand_NSE_NIFTY50_INDEX_PDHL_BREAKOUT_24118.60_20260819_092005_PrevDay_Extremes_RVOL1.2, payload={'price': 24104.7, 'old_sl': 24147.37524837256, 'new_sl': 24144.32524837256, 'old_tp': None, 'new_tp': 24084.67, 'reason': 'TRAILING_SL'}
2026-08-19 09:25:37,038 - INFO - 🟡 UPDATE (TRAILING_SL) [CFPrevDay_Extremes_RVOL1.2|Day_Extremes_RVOL1.2]: NSE:NIFTY50-INDEX @ 24104.70 | SL→24144.33 TP→24084.67
2026-08-19 09:25:37,038 - INFO - 📊 EXECUTION AUDIT [CF_SL_MODIFIED]: trade_id=None, candidate_id=cand_NSE_NIFTYBANK_INDEX_BREAKOUT_57395.05_20260819_092000_Structural_v3.2_RVOL1.0, payload={'price': 57126.4, 'old_sl': 57101.68571428572, 'new_sl': 57106.68571428572, 'old_tp': None, 'new_tp': 57318.54285714286, 'reason': 'TRAILING_SL'}
2026-08-19 09:25:37,074 - INFO - 🟡 UPDATE (TRAILING_SL) [CFStructural_v3.2_RVOL1.0|uctural_v3.2_RVOL1.0]: NSE:NIFTYBANK-INDEX @ 57126.40 | SL→57106.69 TP→57318.54
2026-08-19 09:25:37,074 - INFO - 📊 EXECUTION AUDIT [CF_SL_MODIFIED]: trade_id=None, candidate_id=cand_NSE_NIFTYBANK_INDEX_BREAKOUT_57395.05_20260819_092000_Structural_v3.2_RVOL0.8, payload={'price': 57126.4, 'old_sl': 57101.68571428572, 'new_sl': 57106.68571428572, 'old_tp': None, 'new_tp': 57318.54285714286, 'reason': 'TRAILING_SL'}
2026-08-19 09:25:37,109 - INFO - 🟡 UPDATE (TRAILING_SL) [CFStructural_v3.2_RVOL0.8|uctural_v3.2_RVOL0.8]: NSE:NIFTYBANK-INDEX @ 57126.40 | SL→57106.69 TP→57318.54
2026-08-19 09:25:37,995 - INFO - Retrieved live premium from Fyers API: LTP=189.65 for NSE:BANKNIFTY26AUG57700CE
2026-08-19 09:25:38,971 - INFO - Retrieved live premium from Fyers API: LTP=190.55 for NSE:BANKNIFTY26AUG57700CE
2026-08-19 09:25:46,553 - INFO - 📊 Saved 22 snapshots for NSE:NIFTY50-INDEX  (oi range: 47,645–13,246,480)
2026-08-19 09:25:47,639 - INFO - 📡 Fetching NSE:NIFTYBANK-INDEX @ 57131  expiry=26AUG  strikes=ATM±5
2026-08-19 09:26:05,096 - INFO - ⏱️ [Real-time Exit Loop] Checking open positions @ 09:26:05...
2026-08-19 09:26:06,189 - INFO - 📊 EXECUTION AUDIT [SL_MODIFIED]: trade_id=trade_NSE_NIFTYBANK_INDEX_OrderFlow_v1.0_1787111705, candidate_id=cand_NSE_NIFTYBANK_INDEX_LIQUIDITY_SWEEP_57121.40_20260819_092505_OrderFlow_v1.0, payload={'price': 57103.85, 'old_sl': 57141.115, 'new_sl': 57123.564999999995, 'old_tp': None, 'new_tp': 57003.11, 'reason': 'TRAILING_SL'}
2026-08-19 09:26:06,249 - INFO - 🟡 UPDATE (TRAILING_SL) [OrderFlow_v1.0|92505_OrderFlow_v1.0]: NSE:NIFTYBANK-INDEX @ 57103.85 | SL→57123.56 TP→57003.11
2026-08-19 09:26:06,273 - INFO - 📊 EXECUTION AUDIT [CF_SL_MODIFIED]: trade_id=None, candidate_id=cand_NSE_NIFTY50_INDEX_PDHL_BREAKOUT_24118.60_20260819_092005_PrevDay_Extremes_RVOL1.2, payload={'price': 24097.4, 'old_sl': 24144.32524837256, 'new_sl': 24137.02524837256, 'old_tp': None, 'new_tp': 24084.67, 'reason': 'TRAILING_SL'}
2026-08-19 09:26:06,308 - INFO - 🟡 UPDATE (TRAILING_SL) [CFPrevDay_Extremes_RVOL1.2|Day_Extremes_RVOL1.2]: NSE:NIFTY50-INDEX @ 24097.40 | SL→24137.03 TP→24084.67
2026-08-19 09:26:06,308 - INFO - 📊 EXECUTION AUDIT [CF_SL_MODIFIED]: trade_id=None, candidate_id=cand_NSE_NIFTYBANK_INDEX_EMAPULL_57188.85_20260819_092005_EMA_Pullback_20_50_RVOL0.5, payload={'price': 57103.85, 'old_sl': 57280.195999999996, 'new_sl': 57258.445999999996, 'old_tp': None, 'new_tp': 56984.254, 'reason': 'TRAILING_SL'}
2026-08-19 09:26:06,341 - INFO - 🟡 UPDATE (TRAILING_SL) [CFEMA_Pullback_20_50_RVOL0.5|llback_20_50_RVOL0.5]: NSE:NIFTYBANK-INDEX @ 57103.85 | SL→57258.45 TP→56984.25
2026-08-19 09:26:06,341 - INFO - 📊 EXECUTION AUDIT [CF_EXITED]: trade_id=None, candidate_id=cand_NSE_NIFTYBANK_INDEX_BREAKOUT_57395.05_20260819_092000_Structural_v3.2_RVOL1.0, payload={'exit_price': 57103.85, 'exit_reason': 'TRAILING_SL', 'pnl_r': -0.004598474652310479, 'duration_minutes': 0.9916627166666667, 'bars_held': 0}
2026-08-19 09:26:06,371 - INFO - 🔴 EXIT (TRAILING_SL) [CFStructural_v3.2_RVOL1.0|uctural_v3.2_RVOL1.0]: NSE:NIFTYBANK-INDEX @ 57103.85 | PnL -0.00R | MFE 0.25R | Capture -2% | 0bars HoldEff -0.005R/bar
2026-08-19 09:26:06,371 - INFO - 📊 EXECUTION AUDIT [CF_EXITED]: trade_id=None, candidate_id=cand_NSE_NIFTYBANK_INDEX_BREAKOUT_57395.05_20260819_092000_Structural_v3.2_RVOL0.8, payload={'exit_price': 57103.85, 'exit_reason': 'TRAILING_SL', 'pnl_r': -0.004598474652310479, 'duration_minutes': 0.9916627166666667, 'bars_held': 0}
2026-08-19 09:26:06,405 - INFO - 🔴 EXIT (TRAILING_SL) [CFStructural_v3.2_RVOL0.8|uctural_v3.2_RVOL0.8]: NSE:NIFTYBANK-INDEX @ 57103.85 | PnL -0.00R | MFE 0.25R | Capture -2% | 0bars HoldEff -0.005R/bar
2026-08-19 09:26:06,405 - INFO - 📊 EXECUTION AUDIT [CF_EXITED]: trade_id=None, candidate_id=cand_NSE_NIFTYBANK_INDEX_BREAKOUT_57395.05_20260819_092000_Structural_v3.3_ExitMgmt, payload={'exit_price': 57103.85, 'exit_reason': 'STRUCTURE_INVALIDATED', 'pnl_r': -0.004598474652310479, 'duration_minutes': 0.9916627166666667, 'bars_held': 0}
2026-08-19 09:26:06,437 - INFO - 🔴 EXIT (STRUCTURE_INVALIDATED) [CFStructural_v3.3_ExitMgmt|ctural_v3.3_ExitMgmt]: NSE:NIFTYBANK-INDEX @ 57103.85 | PnL -0.00R | MFE 0.25R | Capture -2% | 0bars HoldEff -0.005R/bar
2026-08-19 09:26:06,438 - INFO - 📊 EXECUTION AUDIT [CF_SL_MODIFIED]: trade_id=None, candidate_id=cand_NSE_NIFTYBANK_INDEX_OI_WALL_BREAK_57121.40_20260819_092505_OIWallReaction_v1.0, payload={'price': 57103.85, 'old_sl': 58005.9145, 'new_sl': 57988.364499999996, 'old_tp': None, 'new_tp': 57003.11, 'reason': 'TRAILING_SL'}
2026-08-19 09:26:06,476 - INFO - 🟡 UPDATE (TRAILING_SL) [CFOIWallReaction_v1.0|_OIWallReaction_v1.0]: NSE:NIFTYBANK-INDEX @ 57103.85 | SL→57988.36 TP→57003.11
2026-08-19 09:26:07,212 - INFO - Retrieved live premium from Fyers API: LTP=184.65 for NSE:BANKNIFTY26AUG57700CE
2026-08-19 09:26:08,214 - INFO - Retrieved live premium from Fyers API: LTP=183.45 for NSE:BANKNIFTY26AUG57700CE
2026-08-19 09:26:17,537 - INFO - 📊 Saved 22 snapshots for NSE:NIFTYBANK-INDEX  (oi range: 11,130–1,205,820)
2026-08-19 09:26:18,798 - INFO - 📡 Fetching NSE:NIFTY50-INDEX @ 24096  expiry=26AUG  strikes=ATM±5
2026-08-19 09:26:35,325 - INFO - ⏱️ [Real-time Exit Loop] Checking open positions @ 09:26:35...
2026-08-19 09:26:36,464 - INFO - 📊 EXECUTION AUDIT [CF_SL_MODIFIED]: trade_id=None, candidate_id=cand_NSE_NIFTY50_INDEX_PDHL_BREAKOUT_24118.60_20260819_092005_PrevDay_Extremes_RVOL1.2, payload={'price': 24097.25, 'old_sl': 24137.02524837256, 'new_sl': 24136.87524837256, 'old_tp': None, 'new_tp': 24084.67, 'reason': 'TRAILING_SL'}
2026-08-19 09:26:36,509 - INFO - 🟡 UPDATE (TRAILING_SL) [CFPrevDay_Extremes_RVOL1.2|Day_Extremes_RVOL1.2]: NSE:NIFTY50-INDEX @ 24097.25 | SL→24136.88 TP→24084.67
2026-08-19 09:26:37,453 - INFO - Retrieved live premium from Fyers API: LTP=190.6 for NSE:BANKNIFTY26AUG57700CE
2026-08-19 09:26:38,443 - INFO - Retrieved live premium from Fyers API: LTP=190.6 for NSE:BANKNIFTY26AUG57700CE
2026-08-19 09:26:48,635 - INFO - 📊 Saved 22 snapshots for NSE:NIFTY50-INDEX  (oi range: 49,205–13,295,360)
2026-08-19 09:26:49,733 - INFO - 📡 Fetching NSE:NIFTYBANK-INDEX @ 57132  expiry=26AUG  strikes=ATM±5
2026-08-19 09:27:05,547 - INFO - ⏱️ [Real-time Exit Loop] Checking open positions @ 09:27:05...
2026-08-19 09:27:06,637 - INFO - 📊 EXECUTION AUDIT [ORDER_EXITED]: trade_id=trade_NSE_NIFTYBANK_INDEX_OrderFlow_v1.0_1787111705, candidate_id=cand_NSE_NIFTYBANK_INDEX_LIQUIDITY_SWEEP_57121.40_20260819_092505_OrderFlow_v1.0, payload={'exit_price': 57129.9, 'exit_reason': 'TRAILING_SL', 'pnl_r': -0.025098039215686273, 'duration_minutes': 1.9991750833333335, 'bars_held': 0}
2026-08-19 09:27:06,701 - INFO - 🔴 EXIT (TRAILING_SL) [OrderFlow_v1.0|92505_OrderFlow_v1.0]: NSE:NIFTYBANK-INDEX @ 57129.90 | PnL -0.03R | MFE 0.89R | Capture -3% | 0bars HoldEff -0.025R/bar
2026-08-19 09:27:07,650 - INFO - Retrieved live premium from Fyers API: LTP=192.0 for NSE:BANKNIFTY26AUG57700CE
2026-08-19 09:27:08,816 - INFO - Retrieved live premium from Fyers API: LTP=191.3 for NSE:BANKNIFTY26AUG57700CE
2026-08-19 09:27:19,983 - INFO - 📊 Saved 22 snapshots for NSE:NIFTYBANK-INDEX  (oi range: 11,100–1,211,880)
2026-08-19 09:27:21,078 - INFO - 📡 Fetching NSE:NIFTY50-INDEX @ 24104  expiry=26AUG  strikes=ATM±5
2026-08-19 09:27:35,950 - INFO - ⏱️ [Real-time Exit Loop] Checking open positions @ 09:27:35...
2026-08-19 09:27:38,053 - INFO - Retrieved live premium from Fyers API: LTP=190.4 for NSE:BANKNIFTY26AUG57700CE
2026-08-19 09:27:39,071 - INFO - Retrieved live premium from Fyers API: LTP=190.6 for NSE:BANKNIFTY26AUG57700CE
2026-08-19 09:27:51,124 - INFO - 📊 Saved 22 snapshots for NSE:NIFTY50-INDEX  (oi range: 51,935–13,329,810)
2026-08-19 09:27:52,224 - INFO - 📡 Fetching NSE:NIFTYBANK-INDEX @ 57139  expiry=26AUG  strikes=ATM±5
2026-08-19 09:28:05,186 - INFO - ⏱️ [Real-time Exit Loop] Checking open positions @ 09:28:05...
2026-08-19 09:28:07,291 - INFO - Retrieved live premium from Fyers API: LTP=188.8 for NSE:BANKNIFTY26AUG57700CE
2026-08-19 09:28:08,289 - INFO - Retrieved live premium from Fyers API: LTP=188.8 for NSE:BANKNIFTY26AUG57700CE
2026-08-19 09:28:22,408 - INFO - 📊 Saved 22 snapshots for NSE:NIFTYBANK-INDEX  (oi range: 11,100–1,215,930)
2026-08-19 09:28:23,502 - INFO - 📡 Fetching NSE:NIFTY50-INDEX @ 24104  expiry=26AUG  strikes=ATM±5
2026-08-19 09:28:35,423 - INFO - ⏱️ [Real-time Exit Loop] Checking open positions @ 09:28:35...
2026-08-19 09:28:37,518 - INFO - Retrieved live premium from Fyers API: LTP=185.6 for NSE:BANKNIFTY26AUG57700CE
2026-08-19 09:28:38,530 - INFO - Retrieved live premium from Fyers API: LTP=186.4 for NSE:BANKNIFTY26AUG57700CE
2026-08-19 09:28:52,957 - INFO - 📊 Saved 22 snapshots for NSE:NIFTY50-INDEX  (oi range: 53,820–13,480,285)
2026-08-19 09:28:54,047 - INFO - 📡 Fetching NSE:NIFTYBANK-INDEX @ 57122  expiry=26AUG  strikes=ATM±5
2026-08-19 09:29:05,641 - INFO - ⏱️ [Real-time Exit Loop] Checking open positions @ 09:29:05...
2026-08-19 09:29:07,748 - INFO - Retrieved live premium from Fyers API: LTP=185.0 for NSE:BANKNIFTY26AUG57700CE
2026-08-19 09:29:08,745 - INFO - Retrieved live premium from Fyers API: LTP=185.0 for NSE:BANKNIFTY26AUG57700CE
2026-08-19 09:29:24,450 - INFO - 📊 Saved 22 snapshots for NSE:NIFTYBANK-INDEX  (oi range: 11,070–1,220,340)
2026-08-19 09:29:25,699 - INFO - 📡 Fetching NSE:NIFTY50-INDEX @ 24097  expiry=26AUG  strikes=ATM±5
2026-08-19 09:29:35,860 - INFO - ⏱️ [Real-time Exit Loop] Checking open positions @ 09:29:35...
2026-08-19 09:29:36,951 - INFO - 📊 EXECUTION AUDIT [CF_SL_MODIFIED]: trade_id=None, candidate_id=cand_NSE_NIFTY50_INDEX_PDHL_BREAKOUT_24118.60_20260819_092005_PrevDay_Extremes_RVOL1.2, payload={'price': 24096.75, 'old_sl': 24136.87524837256, 'new_sl': 24136.37524837256, 'old_tp': None, 'new_tp': 24084.67, 'reason': 'TRAILING_SL'}
2026-08-19 09:29:37,016 - INFO - 🟡 UPDATE (TRAILING_SL) [CFPrevDay_Extremes_RVOL1.2|Day_Extremes_RVOL1.2]: NSE:NIFTY50-INDEX @ 24096.75 | SL→24136.38 TP→24084.67
2026-08-19 09:29:37,963 - INFO - Retrieved live premium from Fyers API: LTP=184.95 for NSE:BANKNIFTY26AUG57700CE
2026-08-19 09:29:38,970 - INFO - Retrieved live premium from Fyers API: LTP=185.45 for NSE:BANKNIFTY26AUG57700CE
2026-08-19 09:29:55,233 - INFO - 📊 Saved 22 snapshots for NSE:NIFTY50-INDEX  (oi range: 56,160–13,569,725)
2026-08-19 09:29:56,329 - INFO - 📡 Fetching NSE:NIFTYBANK-INDEX @ 57109  expiry=26AUG  strikes=ATM±5
2026-08-19 09:30:05,093 - INFO - 🔔 [New Candle Closed] Running entry pipeline for candle 09:30 at 09:30:05...
2026-08-19 09:30:05,094 - INFO - --- 09:30:05 Market Pulse ---
2026-08-19 09:30:12,382 - INFO - 📊 EXECUTION AUDIT [CF_SL_MODIFIED]: trade_id=None, candidate_id=cand_NSE_NIFTY50_INDEX_PDHL_BREAKOUT_24118.60_20260819_092005_PrevDay_Extremes_RVOL1.2, payload={'price': 24095.9, 'old_sl': 24136.37524837256, 'new_sl': 24135.52524837256, 'old_tp': None, 'new_tp': 24084.67, 'reason': 'TRAILING_SL'}
2026-08-19 09:30:12,461 - INFO - 🟡 UPDATE (TRAILING_SL) [CFPrevDay_Extremes_RVOL1.2|Day_Extremes_RVOL1.2]: NSE:NIFTY50-INDEX @ 24095.90 | SL→24135.53 TP→24084.67
2026-08-19 09:30:13,387 - INFO - Retrieved live premium from Fyers API: LTP=183.45 for NSE:BANKNIFTY26AUG57700CE
2026-08-19 09:30:14,257 - INFO - Retrieved live premium from Fyers API: LTP=184.45 for NSE:BANKNIFTY26AUG57700CE
2026-08-19 09:30:16,684 - INFO - Resolved active expiry from DB: 26AUG (2026-08-25)
2026-08-19 09:30:18,558 - INFO - Resolved active expiry from DB: 26AUG (2026-08-25)
2026-08-19 09:30:18,559 - INFO - 👻 [Structural_v3.2_RVOL1.0] CF BREAKOUT NSE:NIFTYBANK-INDEX BUY CALL | Rejected: ['BIAS_MISMATCH', 'HIGH_WICKINESS']
2026-08-19 09:30:18,559 - INFO - 📊 EXECUTION AUDIT [SIGNAL_GENERATED]: trade_id=None, candidate_id=cand_NSE_NIFTYBANK_INDEX_BREAKOUT_57395.05_20260819_092500_Structural_v3.2_RVOL1.0, payload={'symbol': 'NSE:NIFTYBANK-INDEX', 'signal': 'BUY CALL', 'strategy': 'BREAKOUT', 'price': 57106.4, 'stop_loss': 57086.1, 'take_profit': 57309.4, 'tp1': 57136.850000000006, 'rr_ratio': 10.0, 'timestamp': '2026-08-19T09:25:00+05:30', 'accepted': False, 'rejection_reasons': ['BIAS_MISMATCH', 'HIGH_WICKINESS'], 'features': {'date': '2026-08-19', 'strategy_name': 'Structural_v3', 'strategy_version': 'v3.2', 'feature_version': 'v1.1', 'market_regime': 'WEAK_TREND_DOWN_NORMAL', 'day_type': 'NORMAL_DAY', 'session_type': 'OPEN', 'daily_bias': 'NEUTRAL', 'hourly_bias': 'NEUTRAL', 'trend_strength': 0.0, 'rvol': 3.01, 'rvol_threshold': 1.0, 'atr': 40.6, 'distance_from_supply': 779.45, 'distance_from_demand': 9999.0, 'nearest_supply_strength': 65.7, 'nearest_demand_strength': 0.0, 'distance_to_liquidity_pool': 9999.0, 'liquidity_score': 30.099999999999998, 'indicator_snapshot': {'rvol_tod': 3.01, 'is_compressed': True, 'bos_count': 0}, 'move_efficiency': 0.8642, 'wickiness': 0.5237, 'fft_score': 0.0, 'setup_type': 'BREAKOUT', 'candidate_id': 'cand_NSE_NIFTYBANK_INDEX_BREAKOUT_57395.05_20260819_092500', 'ema20': 57282.22, 'ema50': 57317.69, 'move_efficiency_h1': 0.3354, 'ema_bullish': False, 'rsi14': 15.96, 'rsi2': 0.0, 'distance_to_vwap': 0.0, 'atr_percentile': 0.5355, 'dist_prev_high': -0.0083, 'dist_prev_low': -0.0019, 'adx': 20.11, 'adx_slope': 7.8707, 'gap_pct': -0.0, 'regime_primary': 'WEAK_TREND_DOWN', 'regime_vol_state': 'NORMAL'}, 'candidate_id': 'cand_NSE_NIFTYBANK_INDEX_BREAKOUT_57395.05_20260819_092500_Structural_v3.2_RVOL1.0', 'experiment_name': 'Structural_v3.2_RVOL1.0', 'strategy_id': 'structural', 'version': 'v3.2'}
2026-08-19 09:30:18,578 - INFO - Resolved active expiry from DB: 26AUG (2026-08-25)
2026-08-19 09:30:18,590 - INFO - Resolved index signal into option contract: OptionContract(symbol='NSE:BANKNIFTY26AUG57100CE', strike=57100.0, expiry='26AUG', option_type='CE', premium=445.8, delta=0.5, bid=444.65, ask=445.8, volume=230130, resolved_at=datetime.datetime(2026, 8, 19, 9, 30, 18, 590077))
2026-08-19 09:30:18,590 - INFO - ⚡ Option strike selection resolved index signal to contract NSE:BANKNIFTY26AUG57100CE @ premium 445.8 (type: CE, strike: 57100.0)
2026-08-19 09:30:18,590 - INFO - 📊 EXECUTION AUDIT [STRIKE_SELECTED]: trade_id=None, candidate_id=cand_NSE_NIFTYBANK_INDEX_BREAKOUT_57395.05_20260819_092500_Structural_v3.2_RVOL1.0, payload={'symbol': 'NSE:BANKNIFTY26AUG57100CE', 'strike': 57100.0, 'expiry': '26AUG', 'type': 'CE'}
2026-08-19 09:30:18,599 - INFO - 📊 EXECUTION AUDIT [PREMIUM_RETRIEVED]: trade_id=None, candidate_id=cand_NSE_NIFTYBANK_INDEX_BREAKOUT_57395.05_20260819_092500_Structural_v3.2_RVOL1.0, payload={'premium': 445.8, 'bid': 444.65, 'ask': 445.8}
2026-08-19 09:30:18,609 - INFO - 📊 EXECUTION AUDIT [CF_SUBMITTED]: trade_id=None, candidate_id=cand_NSE_NIFTYBANK_INDEX_BREAKOUT_57395.05_20260819_092500_Structural_v3.2_RVOL1.0, payload={'price': 57106.4, 'sl': 57086.1, 'tp': 57309.4}
2026-08-19 09:30:18,618 - INFO - 📊 EXECUTION AUDIT [CF_FILLED]: trade_id=None, candidate_id=cand_NSE_NIFTYBANK_INDEX_BREAKOUT_57395.05_20260819_092500_Structural_v3.2_RVOL1.0, payload={'price': 57106.4, 'sl': 57086.1, 'tp': 57309.4}
2026-08-19 09:30:18,627 - INFO - 💰 Position size [BREAKOUT|WEAK_TREND_DOWN_NORMAL|conf=70]: frac=0.005 → ₹5,000 (risk/unit=0.04%)
2026-08-19 09:30:18,647 - INFO - 🟢 ENTRY [CF|Structural_v3.2_RVOL1.0|uctural_v3.2_RVOL1.0]: NSE:NIFTYBANK-INDEX BUY CALL @ 57106.40 | SL: 57086.10 TP: 57309.40
2026-08-19 09:30:18,647 - INFO - 👻 [Structural_v3.2_RVOL0.8] CF BREAKOUT NSE:NIFTYBANK-INDEX BUY CALL | Rejected: ['BIAS_MISMATCH', 'HIGH_WICKINESS']
2026-08-19 09:30:18,647 - INFO - 📊 EXECUTION AUDIT [SIGNAL_GENERATED]: trade_id=None, candidate_id=cand_NSE_NIFTYBANK_INDEX_BREAKOUT_57395.05_20260819_092500_Structural_v3.2_RVOL0.8, payload={'symbol': 'NSE:NIFTYBANK-INDEX', 'signal': 'BUY CALL', 'strategy': 'BREAKOUT', 'price': 57106.4, 'stop_loss': 57086.1, 'take_profit': 57309.4, 'tp1': 57136.850000000006, 'rr_ratio': 10.0, 'timestamp': '2026-08-19T09:25:00+05:30', 'accepted': False, 'rejection_reasons': ['BIAS_MISMATCH', 'HIGH_WICKINESS'], 'features': {'date': '2026-08-19', 'strategy_name': 'Structural_v3', 'strategy_version': 'v3.2', 'feature_version': 'v1.1', 'market_regime': 'WEAK_TREND_DOWN_NORMAL', 'day_type': 'NORMAL_DAY', 'session_type': 'OPEN', 'daily_bias': 'NEUTRAL', 'hourly_bias': 'NEUTRAL', 'trend_strength': 0.0, 'rvol': 3.01, 'rvol_threshold': 0.8, 'atr': 40.6, 'distance_from_supply': 779.45, 'distance_from_demand': 9999.0, 'nearest_supply_strength': 65.7, 'nearest_demand_strength': 0.0, 'distance_to_liquidity_pool': 9999.0, 'liquidity_score': 30.099999999999998, 'indicator_snapshot': {'rvol_tod': 3.01, 'is_compressed': True, 'bos_count': 0}, 'move_efficiency': 0.8642, 'wickiness': 0.5237, 'fft_score': 0.0, 'setup_type': 'BREAKOUT', 'candidate_id': 'cand_NSE_NIFTYBANK_INDEX_BREAKOUT_57395.05_20260819_092500', 'ema20': 57282.22, 'ema50': 57317.69, 'move_efficiency_h1': 0.3354, 'ema_bullish': False, 'rsi14': 15.96, 'rsi2': 0.0, 'distance_to_vwap': 0.0, 'atr_percentile': 0.5355, 'dist_prev_high': -0.0083, 'dist_prev_low': -0.0019, 'adx': 20.11, 'adx_slope': 7.8707, 'gap_pct': -0.0, 'regime_primary': 'WEAK_TREND_DOWN', 'regime_vol_state': 'NORMAL'}, 'candidate_id': 'cand_NSE_NIFTYBANK_INDEX_BREAKOUT_57395.05_20260819_092500_Structural_v3.2_RVOL0.8', 'experiment_name': 'Structural_v3.2_RVOL0.8', 'strategy_id': 'structural', 'version': 'v3.2'}
2026-08-19 09:30:18,667 - INFO - Resolved active expiry from DB: 26AUG (2026-08-25)
2026-08-19 09:30:18,680 - INFO - Resolved index signal into option contract: OptionContract(symbol='NSE:BANKNIFTY26AUG57100CE', strike=57100.0, expiry='26AUG', option_type='CE', premium=445.8, delta=0.5, bid=444.65, ask=445.8, volume=230130, resolved_at=datetime.datetime(2026, 8, 19, 9, 30, 18, 680864))
2026-08-19 09:30:18,681 - INFO - ⚡ Option strike selection resolved index signal to contract NSE:BANKNIFTY26AUG57100CE @ premium 445.8 (type: CE, strike: 57100.0)
2026-08-19 09:30:18,681 - INFO - 📊 EXECUTION AUDIT [STRIKE_SELECTED]: trade_id=None, candidate_id=cand_NSE_NIFTYBANK_INDEX_BREAKOUT_57395.05_20260819_092500_Structural_v3.2_RVOL0.8, payload={'symbol': 'NSE:BANKNIFTY26AUG57100CE', 'strike': 57100.0, 'expiry': '26AUG', 'type': 'CE'}
2026-08-19 09:30:18,693 - INFO - 📊 EXECUTION AUDIT [PREMIUM_RETRIEVED]: trade_id=None, candidate_id=cand_NSE_NIFTYBANK_INDEX_BREAKOUT_57395.05_20260819_092500_Structural_v3.2_RVOL0.8, payload={'premium': 445.8, 'bid': 444.65, 'ask': 445.8}
2026-08-19 09:30:18,704 - INFO - 📊 EXECUTION AUDIT [CF_SUBMITTED]: trade_id=None, candidate_id=cand_NSE_NIFTYBANK_INDEX_BREAKOUT_57395.05_20260819_092500_Structural_v3.2_RVOL0.8, payload={'price': 57106.4, 'sl': 57086.1, 'tp': 57309.4}
2026-08-19 09:30:18,714 - INFO - 📊 EXECUTION AUDIT [CF_FILLED]: trade_id=None, candidate_id=cand_NSE_NIFTYBANK_INDEX_BREAKOUT_57395.05_20260819_092500_Structural_v3.2_RVOL0.8, payload={'price': 57106.4, 'sl': 57086.1, 'tp': 57309.4}
2026-08-19 09:30:18,726 - INFO - 💰 Position size [BREAKOUT|WEAK_TREND_DOWN_NORMAL|conf=70]: frac=0.005 → ₹5,000 (risk/unit=0.04%)
2026-08-19 09:30:18,748 - INFO - 🟢 ENTRY [CF|Structural_v3.2_RVOL0.8|uctural_v3.2_RVOL0.8]: NSE:NIFTYBANK-INDEX BUY CALL @ 57106.40 | SL: 57086.10 TP: 57309.40
2026-08-19 09:30:18,748 - INFO - 👻 [Structural_v3.3_ExitMgmt] CF BREAKOUT NSE:NIFTYBANK-INDEX BUY CALL | Rejected: ['BIAS_MISMATCH', 'HIGH_WICKINESS']
2026-08-19 09:30:18,748 - INFO - 📊 EXECUTION AUDIT [SIGNAL_GENERATED]: trade_id=None, candidate_id=cand_NSE_NIFTYBANK_INDEX_BREAKOUT_57395.05_20260819_092500_Structural_v3.3_ExitMgmt, payload={'symbol': 'NSE:NIFTYBANK-INDEX', 'signal': 'BUY CALL', 'strategy': 'BREAKOUT', 'price': 57106.4, 'stop_loss': 57086.1, 'take_profit': 57309.4, 'tp1': 57136.850000000006, 'rr_ratio': 10.0, 'timestamp': '2026-08-19T09:25:00+05:30', 'accepted': False, 'rejection_reasons': ['BIAS_MISMATCH', 'HIGH_WICKINESS'], 'features': {'date': '2026-08-19', 'strategy_name': 'Structural_v3', 'strategy_version': 'v3.2', 'feature_version': 'v1.1', 'market_regime': 'WEAK_TREND_DOWN_NORMAL', 'day_type': 'NORMAL_DAY', 'session_type': 'OPEN', 'daily_bias': 'NEUTRAL', 'hourly_bias': 'NEUTRAL', 'trend_strength': 0.0, 'rvol': 3.01, 'rvol_threshold': 1.0, 'atr': 40.6, 'distance_from_supply': 779.45, 'distance_from_demand': 9999.0, 'nearest_supply_strength': 65.7, 'nearest_demand_strength': 0.0, 'distance_to_liquidity_pool': 9999.0, 'liquidity_score': 30.099999999999998, 'indicator_snapshot': {'rvol_tod': 3.01, 'is_compressed': True, 'bos_count': 0}, 'move_efficiency': 0.8642, 'wickiness': 0.5237, 'fft_score': 0.0, 'setup_type': 'BREAKOUT', 'candidate_id': 'cand_NSE_NIFTYBANK_INDEX_BREAKOUT_57395.05_20260819_092500', 'ema20': 57282.22, 'ema50': 57317.69, 'move_efficiency_h1': 0.3354, 'ema_bullish': False, 'rsi14': 15.96, 'rsi2': 0.0, 'distance_to_vwap': 0.0, 'atr_percentile': 0.5355, 'dist_prev_high': -0.0083, 'dist_prev_low': -0.0019, 'adx': 20.11, 'adx_slope': 7.8707, 'gap_pct': -0.0, 'regime_primary': 'WEAK_TREND_DOWN', 'regime_vol_state': 'NORMAL'}, 'candidate_id': 'cand_NSE_NIFTYBANK_INDEX_BREAKOUT_57395.05_20260819_092500_Structural_v3.3_ExitMgmt', 'experiment_name': 'Structural_v3.3_ExitMgmt', 'strategy_id': 'structural', 'version': 'v3.2'}
2026-08-19 09:30:18,772 - INFO - Resolved active expiry from DB: 26AUG (2026-08-25)
2026-08-19 09:30:18,787 - INFO - Resolved index signal into option contract: OptionContract(symbol='NSE:BANKNIFTY26AUG57100CE', strike=57100.0, expiry='26AUG', option_type='CE', premium=445.8, delta=0.5, bid=444.65, ask=445.8, volume=230130, resolved_at=datetime.datetime(2026, 8, 19, 9, 30, 18, 787040))
2026-08-19 09:30:18,787 - INFO - ⚡ Option strike selection resolved index signal to contract NSE:BANKNIFTY26AUG57100CE @ premium 445.8 (type: CE, strike: 57100.0)
2026-08-19 09:30:18,787 - INFO - 📊 EXECUTION AUDIT [STRIKE_SELECTED]: trade_id=None, candidate_id=cand_NSE_NIFTYBANK_INDEX_BREAKOUT_57395.05_20260819_092500_Structural_v3.3_ExitMgmt, payload={'symbol': 'NSE:BANKNIFTY26AUG57100CE', 'strike': 57100.0, 'expiry': '26AUG', 'type': 'CE'}
2026-08-19 09:30:18,799 - INFO - 📊 EXECUTION AUDIT [PREMIUM_RETRIEVED]: trade_id=None, candidate_id=cand_NSE_NIFTYBANK_INDEX_BREAKOUT_57395.05_20260819_092500_Structural_v3.3_ExitMgmt, payload={'premium': 445.8, 'bid': 444.65, 'ask': 445.8}
2026-08-19 09:30:18,809 - INFO - 📊 EXECUTION AUDIT [CF_SUBMITTED]: trade_id=None, candidate_id=cand_NSE_NIFTYBANK_INDEX_BREAKOUT_57395.05_20260819_092500_Structural_v3.3_ExitMgmt, payload={'price': 57106.4, 'sl': 57086.1, 'tp': 57309.4}
2026-08-19 09:30:18,818 - INFO - 📊 EXECUTION AUDIT [CF_FILLED]: trade_id=None, candidate_id=cand_NSE_NIFTYBANK_INDEX_BREAKOUT_57395.05_20260819_092500_Structural_v3.3_ExitMgmt, payload={'price': 57106.4, 'sl': 57086.1, 'tp': 57309.4}
2026-08-19 09:30:18,832 - INFO - 💰 Position size [BREAKOUT|WEAK_TREND_DOWN_NORMAL|conf=70]: frac=0.005 → ₹5,000 (risk/unit=0.04%)
2026-08-19 09:30:18,855 - INFO - 🟢 ENTRY [CF|Structural_v3.3_ExitMgmt|ctural_v3.3_ExitMgmt]: NSE:NIFTYBANK-INDEX BUY CALL @ 57106.40 | SL: 57086.10 TP: 57309.40
2026-08-19 09:30:18,855 - INFO - 🚀 SIGNAL: NSE:NIFTYBANK-INDEX BUY PUT | [OrderFlow_v1.0]
2026-08-19 09:30:18,855 - INFO -    Entry: 57106.4 | SL: 57127.53999999999 | TP: 56984.6 (RR: 5.76)
2026-08-19 09:30:18,855 - INFO - 📊 EXECUTION AUDIT [SIGNAL_GENERATED]: trade_id=trade_NSE_NIFTYBANK_INDEX_OrderFlow_v1.0_1787112005, candidate_id=cand_NSE_NIFTYBANK_INDEX_LIQUIDITY_SWEEP_57106.40_20260819_093005_OrderFlow_v1.0, payload={'symbol': 'NSE:NIFTYBANK-INDEX', 'candidate_id': 'cand_NSE_NIFTYBANK_INDEX_LIQUIDITY_SWEEP_57106.40_20260819_093005_OrderFlow_v1.0', 'signal': 'BUY PUT', 'price': 57106.4, 'stop_loss': 57127.53999999999, 'take_profit': 56984.6, 'tp1': 57074.69000000002, 'rr_ratio': 5.76, 'strategy': 'LIQUIDITY_SWEEP', 'confidence': 0.764, 'accepted': True, 'rejection_reasons': [], 'timestamp': datetime.datetime(2026, 8, 19, 9, 30, 5, 94163, tzinfo=zoneinfo.ZoneInfo(key='Asia/Kolkata')), 'diagnostics': {'swept_level': 57121.45, 'swept_object': 'LIQUIDITY_POOL', 'volume_multiplier': 3.01, 'rejection_wick_size': 16.2}, 'experiment_name': 'OrderFlow_v1.0', 'strategy_id': 'order_flow', 'version': 'v1.0', 'features': {'regime_primary': 'WEAK_TREND_DOWN', 'regime_vol_state': 'NORMAL', 'market_regime': 'WEAK_TREND_DOWN_NORMAL'}}
2026-08-19 09:30:18,878 - INFO - Resolved active expiry from DB: 26AUG (2026-08-25)
2026-08-19 09:30:18,891 - INFO - Resolved index signal into option contract: OptionContract(symbol='NSE:BANKNIFTY26AUG57100PE', strike=57100.0, expiry='26AUG', option_type='PE', premium=318.2, delta=0.5, bid=318.3, ask=318.95, volume=325830, resolved_at=datetime.datetime(2026, 8, 19, 9, 30, 18, 891571))
2026-08-19 09:30:18,891 - INFO - ⚡ Option strike selection resolved index signal to contract NSE:BANKNIFTY26AUG57100PE @ premium 318.2 (type: PE, strike: 57100.0)
2026-08-19 09:30:18,891 - INFO - 📊 EXECUTION AUDIT [STRIKE_SELECTED]: trade_id=trade_NSE_NIFTYBANK_INDEX_OrderFlow_v1.0_1787112005, candidate_id=cand_NSE_NIFTYBANK_INDEX_LIQUIDITY_SWEEP_57106.40_20260819_093005_OrderFlow_v1.0, payload={'symbol': 'NSE:BANKNIFTY26AUG57100PE', 'strike': 57100.0, 'expiry': '26AUG', 'type': 'PE'}
2026-08-19 09:30:18,903 - INFO - 📊 EXECUTION AUDIT [PREMIUM_RETRIEVED]: trade_id=trade_NSE_NIFTYBANK_INDEX_OrderFlow_v1.0_1787112005, candidate_id=cand_NSE_NIFTYBANK_INDEX_LIQUIDITY_SWEEP_57106.40_20260819_093005_OrderFlow_v1.0, payload={'premium': 318.2, 'bid': 318.3, 'ask': 318.95}
2026-08-19 09:30:18,914 - INFO - 📊 EXECUTION AUDIT [ORDER_SUBMITTED]: trade_id=trade_NSE_NIFTYBANK_INDEX_OrderFlow_v1.0_1787112005, candidate_id=cand_NSE_NIFTYBANK_INDEX_LIQUIDITY_SWEEP_57106.40_20260819_093005_OrderFlow_v1.0, payload={'price': 57106.4, 'sl': 57127.53999999999, 'tp': 56984.6}
2026-08-19 09:30:18,925 - INFO - 📊 EXECUTION AUDIT [ORDER_FILLED]: trade_id=trade_NSE_NIFTYBANK_INDEX_OrderFlow_v1.0_1787112005, candidate_id=cand_NSE_NIFTYBANK_INDEX_LIQUIDITY_SWEEP_57106.40_20260819_093005_OrderFlow_v1.0, payload={'price': 57106.4, 'sl': 57127.53999999999, 'tp': 56984.6}
2026-08-19 09:30:18,935 - INFO - 💰 Position size [LIQUIDITY_SWEEP|WEAK_TREND_DOWN_NORMAL|conf=1]: frac=0.004 → ₹5,000 (risk/unit=0.04%)
2026-08-19 09:30:18,961 - INFO - 🟢 ENTRY [OrderFlow_v1.0|_v1.0_1787112005]: NSE:NIFTYBANK-INDEX BUY PUT @ 57106.40 | SL: 57127.54 TP: 56984.60
2026-08-19 09:30:27,234 - INFO - 📊 Saved 22 snapshots for NSE:NIFTYBANK-INDEX  (oi range: 11,100–1,232,370)
2026-08-19 09:30:28,499 - INFO - 📡 Fetching NSE:NIFTY50-INDEX @ 24095  expiry=26AUG  strikes=ATM±5
2026-08-19 09:30:35,965 - INFO - ⏱️ [Real-time Exit Loop] Checking open positions @ 09:30:35...
2026-08-19 09:30:37,078 - INFO - 📊 EXECUTION AUDIT [SL_MODIFIED]: trade_id=trade_NSE_NIFTYBANK_INDEX_OrderFlow_v1.0_1787112005, candidate_id=cand_NSE_NIFTYBANK_INDEX_LIQUIDITY_SWEEP_57106.40_20260819_093005_OrderFlow_v1.0, payload={'price': 57098.2, 'old_sl': 57127.53999999999, 'new_sl': 57119.33999999999, 'old_tp': None, 'new_tp': 56984.6, 'reason': 'TRAILING_SL'}
2026-08-19 09:30:37,154 - INFO - 🟡 UPDATE (TRAILING_SL) [OrderFlow_v1.0|93005_OrderFlow_v1.0]: NSE:NIFTYBANK-INDEX @ 57098.20 | SL→57119.34 TP→56984.60
2026-08-19 09:30:37,178 - INFO - 📊 EXECUTION AUDIT [CF_SL_MODIFIED]: trade_id=None, candidate_id=cand_NSE_NIFTY50_INDEX_PDHL_BREAKOUT_24118.60_20260819_092005_PrevDay_Extremes_RVOL1.2, payload={'price': 24093.1, 'old_sl': 24135.52524837256, 'new_sl': 24132.725248372557, 'old_tp': None, 'new_tp': 24084.67, 'reason': 'TRAILING_SL'}
2026-08-19 09:30:37,221 - INFO - 🟡 UPDATE (TRAILING_SL) [CFPrevDay_Extremes_RVOL1.2|Day_Extremes_RVOL1.2]: NSE:NIFTY50-INDEX @ 24093.10 | SL→24132.73 TP→24084.67
2026-08-19 09:30:37,221 - INFO - 📊 EXECUTION AUDIT [CF_SL_MODIFIED]: trade_id=None, candidate_id=cand_NSE_NIFTYBANK_INDEX_EMAPULL_57188.85_20260819_092005_EMA_Pullback_20_50_RVOL0.5, payload={'price': 57098.2, 'old_sl': 57258.445999999996, 'new_sl': 57252.795999999995, 'old_tp': None, 'new_tp': 56984.254, 'reason': 'TRAILING_SL'}
2026-08-19 09:30:37,268 - INFO - 🟡 UPDATE (TRAILING_SL) [CFEMA_Pullback_20_50_RVOL0.5|llback_20_50_RVOL0.5]: NSE:NIFTYBANK-INDEX @ 57098.20 | SL→57252.80 TP→56984.25
2026-08-19 09:30:37,268 - INFO - 📊 EXECUTION AUDIT [CF_SL_MODIFIED]: trade_id=None, candidate_id=cand_NSE_NIFTYBANK_INDEX_OI_WALL_BREAK_57121.40_20260819_092505_OIWallReaction_v1.0, payload={'price': 57098.2, 'old_sl': 57988.364499999996, 'new_sl': 57982.714499999995, 'old_tp': None, 'new_tp': 57003.11, 'reason': 'TRAILING_SL'}
2026-08-19 09:30:37,311 - INFO - 🟡 UPDATE (TRAILING_SL) [CFOIWallReaction_v1.0|_OIWallReaction_v1.0]: NSE:NIFTYBANK-INDEX @ 57098.20 | SL→57982.71 TP→57003.11
2026-08-19 09:30:38,071 - INFO - Retrieved live premium from Fyers API: LTP=181.05 for NSE:BANKNIFTY26AUG57700CE
2026-08-19 09:30:39,066 - INFO - Retrieved live premium from Fyers API: LTP=181.05 for NSE:BANKNIFTY26AUG57700CE
2026-08-19 09:30:58,336 - INFO - 📊 Saved 22 snapshots for NSE:NIFTY50-INDEX  (oi range: 61,295–13,677,365)
2026-08-19 09:30:59,431 - INFO - 📡 Fetching NSE:NIFTYBANK-INDEX @ 57090  expiry=26AUG  strikes=ATM±5
2026-08-19 09:31:05,197 - INFO - ⏱️ [Real-time Exit Loop] Checking open positions @ 09:31:05...
2026-08-19 09:31:06,297 - INFO - 📊 EXECUTION AUDIT [SL_MODIFIED]: trade_id=trade_NSE_NIFTYBANK_INDEX_OrderFlow_v1.0_1787112005, candidate_id=cand_NSE_NIFTYBANK_INDEX_LIQUIDITY_SWEEP_57106.40_20260819_093005_OrderFlow_v1.0, payload={'price': 57095.25, 'old_sl': 57119.33999999999, 'new_sl': 57116.38999999999, 'old_tp': None, 'new_tp': 56984.6, 'reason': 'TRAILING_SL'}
2026-08-19 09:31:06,378 - INFO - 🟡 UPDATE (TRAILING_SL) [OrderFlow_v1.0|93005_OrderFlow_v1.0]: NSE:NIFTYBANK-INDEX @ 57095.25 | SL→57116.39 TP→56984.60
2026-08-19 09:31:06,405 - INFO - 📊 EXECUTION AUDIT [CF_SL_MODIFIED]: trade_id=None, candidate_id=cand_NSE_NIFTY50_INDEX_PDHL_BREAKOUT_24118.60_20260819_092005_PrevDay_Extremes_RVOL1.2, payload={'price': 24089.1, 'old_sl': 24132.725248372557, 'new_sl': 24128.725248372557, 'old_tp': None, 'new_tp': 24084.67, 'reason': 'TRAILING_SL'}
2026-08-19 09:31:06,455 - INFO - 🟡 UPDATE (TRAILING_SL) [CFPrevDay_Extremes_RVOL1.2|Day_Extremes_RVOL1.2]: NSE:NIFTY50-INDEX @ 24089.10 | SL→24128.73 TP→24084.67
2026-08-19 09:31:06,455 - INFO - 📊 EXECUTION AUDIT [CF_SL_MODIFIED]: trade_id=None, candidate_id=cand_NSE_NIFTYBANK_INDEX_EMAPULL_57188.85_20260819_092005_EMA_Pullback_20_50_RVOL0.5, payload={'price': 57095.25, 'old_sl': 57252.795999999995, 'new_sl': 57249.846, 'old_tp': None, 'new_tp': 56984.254, 'reason': 'TRAILING_SL'}
2026-08-19 09:31:06,501 - INFO - 🟡 UPDATE (TRAILING_SL) [CFEMA_Pullback_20_50_RVOL0.5|llback_20_50_RVOL0.5]: NSE:NIFTYBANK-INDEX @ 57095.25 | SL→57249.85 TP→56984.25
2026-08-19 09:31:06,502 - INFO - 📊 EXECUTION AUDIT [CF_SL_MODIFIED]: trade_id=None, candidate_id=cand_NSE_NIFTYBANK_INDEX_OI_WALL_BREAK_57121.40_20260819_092505_OIWallReaction_v1.0, payload={'price': 57095.25, 'old_sl': 57982.714499999995, 'new_sl': 57979.7645, 'old_tp': None, 'new_tp': 57003.11, 'reason': 'TRAILING_SL'}
2026-08-19 09:31:06,547 - INFO - 🟡 UPDATE (TRAILING_SL) [CFOIWallReaction_v1.0|_OIWallReaction_v1.0]: NSE:NIFTYBANK-INDEX @ 57095.25 | SL→57979.76 TP→57003.11
2026-08-19 09:31:07,304 - INFO - Retrieved live premium from Fyers API: LTP=182.1 for NSE:BANKNIFTY26AUG57700CE
2026-08-19 09:31:08,471 - INFO - Retrieved live premium from Fyers API: LTP=181.5 for NSE:BANKNIFTY26AUG57700CE
2026-08-19 09:31:30,494 - INFO - 📊 Saved 22 snapshots for NSE:NIFTYBANK-INDEX  (oi range: 11,130–1,237,860)
2026-08-19 09:31:31,589 - INFO - 📡 Fetching NSE:NIFTY50-INDEX @ 24087  expiry=26AUG  strikes=ATM±5
2026-08-19 09:31:35,612 - INFO - ⏱️ [Real-time Exit Loop] Checking open positions @ 09:31:35...
2026-08-19 09:31:36,739 - INFO - 📊 EXECUTION AUDIT [CF_SL_MODIFIED]: trade_id=None, candidate_id=cand_NSE_NIFTY50_INDEX_PDHL_BREAKOUT_24118.60_20260819_092005_PrevDay_Extremes_RVOL1.2, payload={'price': 24087.1, 'old_sl': 24128.725248372557, 'new_sl': 24126.725248372557, 'old_tp': None, 'new_tp': 24084.67, 'reason': 'TRAILING_SL'}
2026-08-19 09:31:36,792 - INFO - 🟡 UPDATE (TRAILING_SL) [CFPrevDay_Extremes_RVOL1.2|Day_Extremes_RVOL1.2]: NSE:NIFTY50-INDEX @ 24087.10 | SL→24126.73 TP→24084.67
2026-08-19 09:31:37,720 - INFO - Retrieved live premium from Fyers API: LTP=178.85 for NSE:BANKNIFTY26AUG57700CE
2026-08-19 09:31:38,713 - INFO - Retrieved live premium from Fyers API: LTP=178.85 for NSE:BANKNIFTY26AUG57700CE
2026-08-19 09:32:01,863 - INFO - 📊 Saved 22 snapshots for NSE:NIFTY50-INDEX  (oi range: 64,610–13,676,325)
2026-08-19 09:32:02,947 - INFO - 📡 Fetching NSE:NIFTYBANK-INDEX @ 57081  expiry=26AUG  strikes=ATM±5
2026-08-19 09:32:05,816 - INFO - ⏱️ [Real-time Exit Loop] Checking open positions @ 09:32:05...
2026-08-19 09:32:06,916 - INFO - 📊 EXECUTION AUDIT [SL_MODIFIED]: trade_id=trade_NSE_NIFTYBANK_INDEX_OrderFlow_v1.0_1787112005, candidate_id=cand_NSE_NIFTYBANK_INDEX_LIQUIDITY_SWEEP_57106.40_20260819_093005_OrderFlow_v1.0, payload={'price': 57089.1, 'old_sl': 57116.38999999999, 'new_sl': 57110.23999999999, 'old_tp': None, 'new_tp': 56984.6, 'reason': 'TRAILING_SL'}
2026-08-19 09:32:06,999 - INFO - 🟡 UPDATE (TRAILING_SL) [OrderFlow_v1.0|93005_OrderFlow_v1.0]: NSE:NIFTYBANK-INDEX @ 57089.10 | SL→57110.24 TP→56984.60
2026-08-19 09:32:07,026 - INFO - 📊 EXECUTION AUDIT [CF_TP_EXPANDED]: trade_id=None, candidate_id=cand_NSE_NIFTY50_INDEX_PDHL_BREAKOUT_24118.60_20260819_092005_PrevDay_Extremes_RVOL1.2, payload={'price': 24084.3, 'old_sl': 24126.725248372557, 'new_sl': 24123.925248372558, 'old_tp': 24084.67, 'new_tp': 24045.04475162744, 'reason': 'TP_EXPANSION'}
2026-08-19 09:32:07,078 - INFO - 🟡 UPDATE (TP_EXPANSION) [CFPrevDay_Extremes_RVOL1.2|Day_Extremes_RVOL1.2]: NSE:NIFTY50-INDEX @ 24084.30 | SL→24123.93 TP→24045.04
2026-08-19 09:32:07,078 - INFO - 📊 EXECUTION AUDIT [CF_SL_MODIFIED]: trade_id=None, candidate_id=cand_NSE_NIFTYBANK_INDEX_EMAPULL_57188.85_20260819_092005_EMA_Pullback_20_50_RVOL0.5, payload={'price': 57089.1, 'old_sl': 57249.846, 'new_sl': 57243.695999999996, 'old_tp': None, 'new_tp': 56984.254, 'reason': 'TRAILING_SL'}
2026-08-19 09:32:07,119 - INFO - 🟡 UPDATE (TRAILING_SL) [CFEMA_Pullback_20_50_RVOL0.5|llback_20_50_RVOL0.5]: NSE:NIFTYBANK-INDEX @ 57089.10 | SL→57243.70 TP→56984.25
2026-08-19 09:32:07,119 - INFO - 📊 EXECUTION AUDIT [CF_SL_MODIFIED]: trade_id=None, candidate_id=cand_NSE_NIFTYBANK_INDEX_OI_WALL_BREAK_57121.40_20260819_092505_OIWallReaction_v1.0, payload={'price': 57089.1, 'old_sl': 57979.7645, 'new_sl': 57973.614499999996, 'old_tp': None, 'new_tp': 57003.11, 'reason': 'TRAILING_SL'}
2026-08-19 09:32:07,164 - INFO - 🟡 UPDATE (TRAILING_SL) [CFOIWallReaction_v1.0|_OIWallReaction_v1.0]: NSE:NIFTYBANK-INDEX @ 57089.10 | SL→57973.61 TP→57003.11
2026-08-19 09:32:07,911 - INFO - Retrieved live premium from Fyers API: LTP=177.45 for NSE:BANKNIFTY26AUG57700CE
2026-08-19 09:32:08,946 - INFO - Retrieved live premium from Fyers API: LTP=177.05 for NSE:BANKNIFTY26AUG57700CE
2026-08-19 09:32:32,639 - INFO - 📊 Saved 22 snapshots for NSE:NIFTYBANK-INDEX  (oi range: 11,160–1,243,410)
2026-08-19 09:32:33,731 - INFO - 📡 Fetching NSE:NIFTY50-INDEX @ 24079  expiry=26AUG  strikes=ATM±5
2026-08-19 09:32:35,078 - INFO - ⏱️ [Real-time Exit Loop] Checking open positions @ 09:32:35...
2026-08-19 09:32:36,172 - INFO - 📊 EXECUTION AUDIT [SL_MODIFIED]: trade_id=trade_NSE_NIFTYBANK_INDEX_OrderFlow_v1.0_1787112005, candidate_id=cand_NSE_NIFTYBANK_INDEX_LIQUIDITY_SWEEP_57106.40_20260819_093005_OrderFlow_v1.0, payload={'price': 57071.1, 'old_sl': 57110.23999999999, 'new_sl': 57092.23999999999, 'old_tp': None, 'new_tp': 56984.6, 'reason': 'TRAILING_SL'}
2026-08-19 09:32:36,256 - INFO - 🟡 UPDATE (TRAILING_SL) [OrderFlow_v1.0|93005_OrderFlow_v1.0]: NSE:NIFTYBANK-INDEX @ 57071.10 | SL→57092.24 TP→56984.60
2026-08-19 09:32:36,284 - INFO - 📊 EXECUTION AUDIT [CF_SL_MODIFIED]: trade_id=None, candidate_id=cand_NSE_NIFTY50_INDEX_PDHL_BREAKOUT_24118.60_20260819_092005_PrevDay_Extremes_RVOL1.2, payload={'price': 24079.1, 'old_sl': 24123.925248372558, 'new_sl': 24118.725248372557, 'old_tp': None, 'new_tp': 24045.04475162744, 'reason': 'TRAILING_SL'}
2026-08-19 09:32:36,334 - INFO - 🟡 UPDATE (TRAILING_SL) [CFPrevDay_Extremes_RVOL1.2|Day_Extremes_RVOL1.2]: NSE:NIFTY50-INDEX @ 24079.10 | SL→24118.73 TP→24045.04
2026-08-19 09:32:36,334 - INFO - 📊 EXECUTION AUDIT [CF_SL_MODIFIED]: trade_id=None, candidate_id=cand_NSE_NIFTYBANK_INDEX_EMAPULL_57188.85_20260819_092005_EMA_Pullback_20_50_RVOL0.5, payload={'price': 57071.1, 'old_sl': 57243.695999999996, 'new_sl': 57225.695999999996, 'old_tp': None, 'new_tp': 56984.254, 'reason': 'TRAILING_SL'}
2026-08-19 09:32:36,381 - INFO - 🟡 UPDATE (TRAILING_SL) [CFEMA_Pullback_20_50_RVOL0.5|llback_20_50_RVOL0.5]: NSE:NIFTYBANK-INDEX @ 57071.10 | SL→57225.70 TP→56984.25
2026-08-19 09:32:36,381 - INFO - 📊 EXECUTION AUDIT [CF_SL_MODIFIED]: trade_id=None, candidate_id=cand_NSE_NIFTYBANK_INDEX_OI_WALL_BREAK_57121.40_20260819_092505_OIWallReaction_v1.0, payload={'price': 57071.1, 'old_sl': 57973.614499999996, 'new_sl': 57955.614499999996, 'old_tp': None, 'new_tp': 57003.11, 'reason': 'TRAILING_SL'}
2026-08-19 09:32:36,426 - INFO - 🟡 UPDATE (TRAILING_SL) [CFOIWallReaction_v1.0|_OIWallReaction_v1.0]: NSE:NIFTYBANK-INDEX @ 57071.10 | SL→57955.61 TP→57003.11
2026-08-19 09:32:36,426 - INFO - 📊 EXECUTION AUDIT [CF_EXITED]: trade_id=None, candidate_id=cand_NSE_NIFTYBANK_INDEX_BREAKOUT_57395.05_20260819_092500_Structural_v3.2_RVOL1.0, payload={'exit_price': 57071.1, 'exit_reason': 'INITIAL_SL', 'pnl_r': -0.05383580080753701, 'duration_minutes': 2.49973045, 'bars_held': 0}
2026-08-19 09:32:36,471 - INFO - 🔴 EXIT (INITIAL_SL) [CFStructural_v3.2_RVOL1.0|uctural_v3.2_RVOL1.0]: NSE:NIFTYBANK-INDEX @ 57071.10 | PnL -0.05R | MFE 0.00R | Capture N/A | 0bars HoldEff -0.054R/bar
2026-08-19 09:32:36,472 - INFO - 📊 EXECUTION AUDIT [CF_EXITED]: trade_id=None, candidate_id=cand_NSE_NIFTYBANK_INDEX_BREAKOUT_57395.05_20260819_092500_Structural_v3.2_RVOL0.8, payload={'exit_price': 57071.1, 'exit_reason': 'INITIAL_SL', 'pnl_r': -0.05383580080753701, 'duration_minutes': 2.49973045, 'bars_held': 0}
2026-08-19 09:32:36,517 - INFO - 🔴 EXIT (INITIAL_SL) [CFStructural_v3.2_RVOL0.8|uctural_v3.2_RVOL0.8]: NSE:NIFTYBANK-INDEX @ 57071.10 | PnL -0.05R | MFE 0.00R | Capture N/A | 0bars HoldEff -0.054R/bar
2026-08-19 09:32:36,517 - INFO - 📊 EXECUTION AUDIT [CF_EXITED]: trade_id=None, candidate_id=cand_NSE_NIFTYBANK_INDEX_BREAKOUT_57395.05_20260819_092500_Structural_v3.3_ExitMgmt, payload={'exit_price': 57071.1, 'exit_reason': 'INITIAL_SL', 'pnl_r': -0.05383580080753701, 'duration_minutes': 2.49973045, 'bars_held': 0}
2026-08-19 09:32:36,561 - INFO - 🔴 EXIT (INITIAL_SL) [CFStructural_v3.3_ExitMgmt|ctural_v3.3_ExitMgmt]: NSE:NIFTYBANK-INDEX @ 57071.10 | PnL -0.05R | MFE 0.00R | Capture N/A | 0bars HoldEff -0.054R/bar
2026-08-19 09:32:37,184 - INFO - Retrieved live premium from Fyers API: LTP=173.1 for NSE:BANKNIFTY26AUG57700CE
2026-08-19 09:32:38,187 - INFO - Retrieved live premium from Fyers API: LTP=173.1 for NSE:BANKNIFTY26AUG57700CE
2026-08-19 09:33:03,455 - INFO - 📊 Saved 22 snapshots for NSE:NIFTY50-INDEX  (oi range: 67,795–13,616,135)
2026-08-19 09:33:04,539 - INFO - 📡 Fetching NSE:NIFTYBANK-INDEX @ 57078  expiry=26AUG  strikes=ATM±5
2026-08-19 09:33:05,305 - INFO - ⏱️ [Real-time Exit Loop] Checking open positions @ 09:33:05...
2026-08-19 09:33:07,420 - INFO - Retrieved live premium from Fyers API: LTP=175.25 for NSE:BANKNIFTY26AUG57700CE
2026-08-19 09:33:08,406 - INFO - Retrieved live premium from Fyers API: LTP=175.25 for NSE:BANKNIFTY26AUG57700CE
2026-08-19 09:33:35,080 - INFO - 📊 Saved 22 snapshots for NSE:NIFTYBANK-INDEX  (oi range: 11,130–1,246,110)
2026-08-19 09:33:35,515 - INFO - ⏱️ [Real-time Exit Loop] Checking open positions @ 09:33:35...
2026-08-19 09:33:36,167 - INFO - 📡 Fetching NSE:NIFTY50-INDEX @ 24079  expiry=26AUG  strikes=ATM±5
2026-08-19 09:33:36,612 - INFO - 📊 EXECUTION AUDIT [SL_MODIFIED]: trade_id=trade_NSE_NIFTYBANK_INDEX_OrderFlow_v1.0_1787112005, candidate_id=cand_NSE_NIFTYBANK_INDEX_LIQUIDITY_SWEEP_57106.40_20260819_093005_OrderFlow_v1.0, payload={'price': 57064.05, 'old_sl': 57092.23999999999, 'new_sl': 57085.189999999995, 'old_tp': None, 'new_tp': 56984.6, 'reason': 'TRAILING_SL'}
2026-08-19 09:33:36,697 - INFO - 🟡 UPDATE (TRAILING_SL) [OrderFlow_v1.0|93005_OrderFlow_v1.0]: NSE:NIFTYBANK-INDEX @ 57064.05 | SL→57085.19 TP→56984.60
2026-08-19 09:33:36,727 - INFO - 📊 EXECUTION AUDIT [CF_SL_MODIFIED]: trade_id=None, candidate_id=cand_NSE_NIFTYBANK_INDEX_EMAPULL_57188.85_20260819_092005_EMA_Pullback_20_50_RVOL0.5, payload={'price': 57064.05, 'old_sl': 57225.695999999996, 'new_sl': 57218.646, 'old_tp': None, 'new_tp': 56984.254, 'reason': 'TRAILING_SL'}
2026-08-19 09:33:36,780 - INFO - 🟡 UPDATE (TRAILING_SL) [CFEMA_Pullback_20_50_RVOL0.5|llback_20_50_RVOL0.5]: NSE:NIFTYBANK-INDEX @ 57064.05 | SL→57218.65 TP→56984.25
2026-08-19 09:33:36,781 - INFO - 📊 EXECUTION AUDIT [CF_SL_MODIFIED]: trade_id=None, candidate_id=cand_NSE_NIFTYBANK_INDEX_OI_WALL_BREAK_57121.40_20260819_092505_OIWallReaction_v1.0, payload={'price': 57064.05, 'old_sl': 57955.614499999996, 'new_sl': 57948.5645, 'old_tp': None, 'new_tp': 57003.11, 'reason': 'TRAILING_SL'}
2026-08-19 09:33:36,832 - INFO - 🟡 UPDATE (TRAILING_SL) [CFOIWallReaction_v1.0|_OIWallReaction_v1.0]: NSE:NIFTYBANK-INDEX @ 57064.05 | SL→57948.56 TP→57003.11
2026-08-19 09:33:37,614 - INFO - Retrieved live premium from Fyers API: LTP=168.85 for NSE:BANKNIFTY26AUG57700CE
2026-08-19 09:33:38,720 - INFO - Retrieved live premium from Fyers API: LTP=170.65 for NSE:BANKNIFTY26AUG57700CE
2026-08-19 09:34:05,827 - INFO - ⏱️ [Real-time Exit Loop] Checking open positions @ 09:34:05...
2026-08-19 09:34:06,355 - INFO - 📊 Saved 22 snapshots for NSE:NIFTY50-INDEX  (oi range: 71,370–13,708,500)
2026-08-19 09:34:06,920 - INFO - 📊 EXECUTION AUDIT [SL_MODIFIED]: trade_id=trade_NSE_NIFTYBANK_INDEX_OrderFlow_v1.0_1787112005, candidate_id=cand_NSE_NIFTYBANK_INDEX_LIQUIDITY_SWEEP_57106.40_20260819_093005_OrderFlow_v1.0, payload={'price': 57059.4, 'old_sl': 57085.189999999995, 'new_sl': 57080.53999999999, 'old_tp': None, 'new_tp': 56984.6, 'reason': 'TRAILING_SL'}
2026-08-19 09:34:06,982 - INFO - 🟡 UPDATE (TRAILING_SL) [OrderFlow_v1.0|93005_OrderFlow_v1.0]: NSE:NIFTYBANK-INDEX @ 57059.40 | SL→57080.54 TP→56984.60
2026-08-19 09:34:07,005 - INFO - 📊 EXECUTION AUDIT [CF_SL_MODIFIED]: trade_id=None, candidate_id=cand_NSE_NIFTYBANK_INDEX_EMAPULL_57188.85_20260819_092005_EMA_Pullback_20_50_RVOL0.5, payload={'price': 57059.4, 'old_sl': 57218.646, 'new_sl': 57213.996, 'old_tp': None, 'new_tp': 56984.254, 'reason': 'TRAILING_SL'}
2026-08-19 09:34:07,040 - INFO - 🟡 UPDATE (TRAILING_SL) [CFEMA_Pullback_20_50_RVOL0.5|llback_20_50_RVOL0.5]: NSE:NIFTYBANK-INDEX @ 57059.40 | SL→57214.00 TP→56984.25
2026-08-19 09:34:07,040 - INFO - 📊 EXECUTION AUDIT [CF_SL_MODIFIED]: trade_id=None, candidate_id=cand_NSE_NIFTYBANK_INDEX_OI_WALL_BREAK_57121.40_20260819_092505_OIWallReaction_v1.0, payload={'price': 57059.4, 'old_sl': 57948.5645, 'new_sl': 57943.9145, 'old_tp': None, 'new_tp': 57003.11, 'reason': 'TRAILING_SL'}
2026-08-19 09:34:07,073 - INFO - 🟡 UPDATE (TRAILING_SL) [CFOIWallReaction_v1.0|_OIWallReaction_v1.0]: NSE:NIFTYBANK-INDEX @ 57059.40 | SL→57943.91 TP→57003.11
2026-08-19 09:34:07,489 - INFO - 📡 Fetching NSE:NIFTYBANK-INDEX @ 57059  expiry=26AUG  strikes=ATM±5
2026-08-19 09:34:07,925 - INFO - Retrieved live premium from Fyers API: LTP=169.2 for NSE:BANKNIFTY26AUG57700CE
2026-08-19 09:34:08,928 - INFO - Retrieved live premium from Fyers API: LTP=169.25 for NSE:BANKNIFTY26AUG57700CE
2026-08-19 09:34:35,040 - INFO - ⏱️ [Real-time Exit Loop] Checking open positions @ 09:34:35...
2026-08-19 09:34:36,124 - INFO - 📊 EXECUTION AUDIT [SL_MODIFIED]: trade_id=trade_NSE_NIFTYBANK_INDEX_OrderFlow_v1.0_1787112005, candidate_id=cand_NSE_NIFTYBANK_INDEX_LIQUIDITY_SWEEP_57106.40_20260819_093005_OrderFlow_v1.0, payload={'price': 57033.5, 'old_sl': 57080.53999999999, 'new_sl': 57054.63999999999, 'old_tp': None, 'new_tp': 56984.6, 'reason': 'TRAILING_SL'}
2026-08-19 09:34:36,187 - INFO - 🟡 UPDATE (TRAILING_SL) [OrderFlow_v1.0|93005_OrderFlow_v1.0]: NSE:NIFTYBANK-INDEX @ 57033.50 | SL→57054.64 TP→56984.60
2026-08-19 09:34:36,209 - INFO - 📊 EXECUTION AUDIT [CF_SL_MODIFIED]: trade_id=None, candidate_id=cand_NSE_NIFTY50_INDEX_PDHL_BREAKOUT_24118.60_20260819_092005_PrevDay_Extremes_RVOL1.2, payload={'price': 24072.4, 'old_sl': 24118.725248372557, 'new_sl': 24112.02524837256, 'old_tp': None, 'new_tp': 24045.04475162744, 'reason': 'TRAILING_SL'}
2026-08-19 09:34:36,243 - INFO - 🟡 UPDATE (TRAILING_SL) [CFPrevDay_Extremes_RVOL1.2|Day_Extremes_RVOL1.2]: NSE:NIFTY50-INDEX @ 24072.40 | SL→24112.03 TP→24045.04
2026-08-19 09:34:36,243 - INFO - 📊 EXECUTION AUDIT [CF_SL_MODIFIED]: trade_id=None, candidate_id=cand_NSE_NIFTYBANK_INDEX_EMAPULL_57188.85_20260819_092005_EMA_Pullback_20_50_RVOL0.5, payload={'price': 57033.5, 'old_sl': 57213.996, 'new_sl': 57188.096, 'old_tp': None, 'new_tp': 56984.254, 'reason': 'TRAILING_SL'}
2026-08-19 09:34:36,275 - INFO - 🟡 UPDATE (TRAILING_SL) [CFEMA_Pullback_20_50_RVOL0.5|llback_20_50_RVOL0.5]: NSE:NIFTYBANK-INDEX @ 57033.50 | SL→57188.10 TP→56984.25
2026-08-19 09:34:36,275 - INFO - 📊 EXECUTION AUDIT [CF_SL_MODIFIED]: trade_id=None, candidate_id=cand_NSE_NIFTYBANK_INDEX_OI_WALL_BREAK_57121.40_20260819_092505_OIWallReaction_v1.0, payload={'price': 57033.5, 'old_sl': 57943.9145, 'new_sl': 57918.0145, 'old_tp': None, 'new_tp': 57003.11, 'reason': 'TRAILING_SL'}
2026-08-19 09:34:36,307 - INFO - 🟡 UPDATE (TRAILING_SL) [CFOIWallReaction_v1.0|_OIWallReaction_v1.0]: NSE:NIFTYBANK-INDEX @ 57033.50 | SL→57918.01 TP→57003.11
2026-08-19 09:34:37,146 - INFO - Retrieved live premium from Fyers API: LTP=166.9 for NSE:BANKNIFTY26AUG57700CE
2026-08-19 09:34:37,202 - INFO - 📊 Saved 22 snapshots for NSE:NIFTYBANK-INDEX  (oi range: 11,160–1,252,920)
2026-08-19 09:34:38,205 - INFO - Retrieved live premium from Fyers API: LTP=169.1 for NSE:BANKNIFTY26AUG57700CE
2026-08-19 09:34:38,528 - INFO - 📡 Fetching NSE:NIFTY50-INDEX @ 24074  expiry=26AUG  strikes=ATM±5
2026-08-19 09:35:05,315 - INFO - 🔔 [New Candle Closed] Running entry pipeline for candle 09:35 at 09:35:05...
2026-08-19 09:35:05,316 - INFO - --- 09:35:05 Market Pulse ---
2026-08-19 09:35:07,899 - INFO - 📊 Saved 22 snapshots for NSE:NIFTY50-INDEX  (oi range: 73,125–13,635,570)
2026-08-19 09:35:08,996 - INFO - 📡 Fetching NSE:NIFTYBANK-INDEX @ 57039  expiry=26AUG  strikes=ATM±5
2026-08-19 09:35:12,437 - INFO - 📊 EXECUTION AUDIT [ORDER_EXITED]: trade_id=trade_NSE_NIFTYBANK_INDEX_OrderFlow_v1.0_1787112005, candidate_id=cand_NSE_NIFTYBANK_INDEX_LIQUIDITY_SWEEP_57106.40_20260819_093005_OrderFlow_v1.0, payload={'exit_price': 57107.5, 'exit_reason': 'TRAILING_SL', 'pnl_r': 0.05721899984323562, 'duration_minutes': 5.003705533333333, 'bars_held': 1}
2026-08-19 09:35:12,514 - INFO - 🔴 EXIT (TRAILING_SL) [OrderFlow_v1.0|93005_OrderFlow_v1.0]: NSE:NIFTYBANK-INDEX @ 57107.50 | PnL +0.06R | MFE 3.45R | Capture 2% | 1bars HoldEff +0.057R/bar
2026-08-19 09:35:13,428 - INFO - Retrieved live premium from Fyers API: LTP=166.75 for NSE:BANKNIFTY26AUG57700CE
2026-08-19 09:35:14,460 - INFO - Retrieved live premium from Fyers API: LTP=166.75 for NSE:BANKNIFTY26AUG57700CE
2026-08-19 09:35:17,064 - INFO - Resolved active expiry from DB: 26AUG (2026-08-25)
2026-08-19 09:35:19,098 - INFO - Resolved active expiry from DB: 26AUG (2026-08-25)
2026-08-19 09:35:35,104 - INFO - ⏱️ [Real-time Exit Loop] Checking open positions @ 09:35:35...
2026-08-19 09:35:37,210 - INFO - Retrieved live premium from Fyers API: LTP=167.0 for NSE:BANKNIFTY26AUG57700CE
2026-08-19 09:35:38,217 - INFO - Retrieved live premium from Fyers API: LTP=43.25 for NSE:NIFTY26AUG24350CE
2026-08-19 09:35:39,209 - INFO - Retrieved live premium from Fyers API: LTP=166.5 for NSE:BANKNIFTY26AUG57700CE
2026-08-19 09:35:41,494 - INFO - 📊 Saved 22 snapshots for NSE:NIFTYBANK-INDEX  (oi range: 11,520–1,262,040)
2026-08-19 09:35:42,594 - INFO - 📡 Fetching NSE:NIFTY50-INDEX @ 24075  expiry=26AUG  strikes=ATM±5
2026-08-19 09:36:05,337 - INFO - ⏱️ [Real-time Exit Loop] Checking open positions @ 09:36:05...
2026-08-19 09:36:06,431 - INFO - 📊 EXECUTION AUDIT [CF_SL_MODIFIED]: trade_id=None, candidate_id=cand_NSE_NIFTY50_INDEX_PDHL_BREAKOUT_24118.60_20260819_092005_PrevDay_Extremes_RVOL1.2, payload={'price': 24071.35, 'old_sl': 24112.02524837256, 'new_sl': 24110.975248372557, 'old_tp': None, 'new_tp': 24045.04475162744, 'reason': 'TRAILING_SL'}
2026-08-19 09:36:06,493 - INFO - 🟡 UPDATE (TRAILING_SL) [CFPrevDay_Extremes_RVOL1.2|Day_Extremes_RVOL1.2]: NSE:NIFTY50-INDEX @ 24071.35 | SL→24110.98 TP→24045.04
2026-08-19 09:36:06,494 - INFO - 📊 EXECUTION AUDIT [CF_SL_MODIFIED]: trade_id=None, candidate_id=cand_NSE_NIFTYBANK_INDEX_EMAPULL_57188.85_20260819_092005_EMA_Pullback_20_50_RVOL0.5, payload={'price': 57018.65, 'old_sl': 57188.096, 'new_sl': 57173.246, 'old_tp': None, 'new_tp': 56984.254, 'reason': 'TRAILING_SL'}
2026-08-19 09:36:06,537 - INFO - 🟡 UPDATE (TRAILING_SL) [CFEMA_Pullback_20_50_RVOL0.5|llback_20_50_RVOL0.5]: NSE:NIFTYBANK-INDEX @ 57018.65 | SL→57173.25 TP→56984.25
2026-08-19 09:36:06,537 - INFO - 📊 EXECUTION AUDIT [CF_SL_MODIFIED]: trade_id=None, candidate_id=cand_NSE_NIFTYBANK_INDEX_OI_WALL_BREAK_57121.40_20260819_092505_OIWallReaction_v1.0, payload={'price': 57018.65, 'old_sl': 57918.0145, 'new_sl': 57903.1645, 'old_tp': None, 'new_tp': 57003.11, 'reason': 'TRAILING_SL'}
2026-08-19 09:36:06,574 - INFO - 🟡 UPDATE (TRAILING_SL) [CFOIWallReaction_v1.0|_OIWallReaction_v1.0]: NSE:NIFTYBANK-INDEX @ 57018.65 | SL→57903.16 TP→57003.11
2026-08-19 09:36:07,435 - INFO - Retrieved live premium from Fyers API: LTP=163.15 for NSE:BANKNIFTY26AUG57700CE
2026-08-19 09:36:08,451 - INFO - Retrieved live premium from Fyers API: LTP=42.3 for NSE:NIFTY26AUG24350CE
2026-08-19 09:36:09,446 - INFO - Retrieved live premium from Fyers API: LTP=191.0 for NSE:BANKNIFTY26AUG57600CE
2026-08-19 09:36:10,611 - INFO - Retrieved live premium from Fyers API: LTP=161.7 for NSE:BANKNIFTY26AUG57700CE
2026-08-19 09:36:11,445 - INFO - Retrieved live premium from Fyers API: LTP=190.25 for NSE:BANKNIFTY26AUG57600CE
2026-08-19 09:36:12,212 - INFO - 📊 Saved 22 snapshots for NSE:NIFTY50-INDEX  (oi range: 78,715–13,604,045)
2026-08-19 09:36:14,321 - INFO - 📡 Fetching NSE:NIFTYBANK-INDEX @ 57022  expiry=26AUG  strikes=ATM±5
2026-08-19 09:36:35,476 - INFO - ⏱️ [Real-time Exit Loop] Checking open positions @ 09:36:35...
2026-08-19 09:36:36,890 - INFO - 📊 EXECUTION AUDIT [CF_SL_MODIFIED]: trade_id=None, candidate_id=cand_NSE_NIFTY50_INDEX_PDHL_BREAKOUT_24118.60_20260819_092005_PrevDay_Extremes_RVOL1.2, payload={'price': 24070.9, 'old_sl': 24110.975248372557, 'new_sl': 24110.52524837256, 'old_tp': None, 'new_tp': 24045.04475162744, 'reason': 'TRAILING_SL'}
2026-08-19 09:36:36,970 - INFO - 🟡 UPDATE (TRAILING_SL) [CFPrevDay_Extremes_RVOL1.2|Day_Extremes_RVOL1.2]: NSE:NIFTY50-INDEX @ 24070.90 | SL→24110.53 TP→24045.04
2026-08-19 09:36:36,970 - INFO - 📊 EXECUTION AUDIT [CF_SL_MODIFIED]: trade_id=None, candidate_id=cand_NSE_NIFTYBANK_INDEX_EMAPULL_57188.85_20260819_092005_EMA_Pullback_20_50_RVOL0.5, payload={'price': 57012.75, 'old_sl': 57173.246, 'new_sl': 57167.346, 'old_tp': None, 'new_tp': 56984.254, 'reason': 'TRAILING_SL'}
2026-08-19 09:36:37,025 - INFO - 🟡 UPDATE (TRAILING_SL) [CFEMA_Pullback_20_50_RVOL0.5|llback_20_50_RVOL0.5]: NSE:NIFTYBANK-INDEX @ 57012.75 | SL→57167.35 TP→56984.25
2026-08-19 09:36:37,025 - INFO - 📊 EXECUTION AUDIT [CF_SL_MODIFIED]: trade_id=None, candidate_id=cand_NSE_NIFTYBANK_INDEX_OI_WALL_BREAK_57121.40_20260819_092505_OIWallReaction_v1.0, payload={'price': 57012.75, 'old_sl': 57903.1645, 'new_sl': 57897.2645, 'old_tp': None, 'new_tp': 57003.11, 'reason': 'TRAILING_SL'}
2026-08-19 09:36:37,079 - INFO - 🟡 UPDATE (TRAILING_SL) [CFOIWallReaction_v1.0|_OIWallReaction_v1.0]: NSE:NIFTYBANK-INDEX @ 57012.75 | SL→57897.26 TP→57003.11
2026-08-19 09:36:37,742 - INFO - Retrieved live premium from Fyers API: LTP=189.35 for NSE:BANKNIFTY26AUG57600CE
2026-08-19 09:36:38,806 - INFO - Retrieved live premium from Fyers API: LTP=160.9 for NSE:BANKNIFTY26AUG57700CE
2026-08-19 09:36:39,685 - INFO - Retrieved live premium from Fyers API: LTP=42.5 for NSE:NIFTY26AUG24350CE
2026-08-19 09:36:40,744 - INFO - Retrieved live premium from Fyers API: LTP=189.15 for NSE:BANKNIFTY26AUG57600CE
2026-08-19 09:36:41,581 - INFO - Retrieved live premium from Fyers API: LTP=161.0 for NSE:BANKNIFTY26AUG57700CE
2026-08-19 09:36:42,597 - INFO - Retrieved live premium from Fyers API: LTP=189.0 for NSE:BANKNIFTY26AUG57600CE
2026-08-19 09:36:44,098 - INFO - 📊 Saved 22 snapshots for NSE:NIFTYBANK-INDEX  (oi range: 11,700–1,273,410)
2026-08-19 09:36:45,188 - INFO - 📡 Fetching NSE:NIFTY50-INDEX @ 24070  expiry=26AUG  strikes=ATM±5
2026-08-19 09:37:05,641 - INFO - ⏱️ [Real-time Exit Loop] Checking open positions @ 09:37:05...
2026-08-19 09:37:07,747 - INFO - Retrieved live premium from Fyers API: LTP=192.2 for NSE:BANKNIFTY26AUG57600CE
2026-08-19 09:37:08,742 - INFO - Retrieved live premium from Fyers API: LTP=162.75 for NSE:BANKNIFTY26AUG57700CE
2026-08-19 09:37:09,756 - INFO - Retrieved live premium from Fyers API: LTP=42.55 for NSE:NIFTY26AUG24350CE
2026-08-19 09:37:10,753 - INFO - Retrieved live premium from Fyers API: LTP=190.5 for NSE:BANKNIFTY26AUG57600CE
2026-08-19 09:37:11,746 - INFO - Retrieved live premium from Fyers API: LTP=161.15 for NSE:BANKNIFTY26AUG57700CE
2026-08-19 09:37:12,764 - INFO - Retrieved live premium from Fyers API: LTP=190.95 for NSE:BANKNIFTY26AUG57600CE
2026-08-19 09:37:14,912 - INFO - 📊 Saved 22 snapshots for NSE:NIFTY50-INDEX  (oi range: 84,240–13,656,240)
2026-08-19 09:37:16,009 - INFO - 📡 Fetching NSE:NIFTYBANK-INDEX @ 57018  expiry=26AUG  strikes=ATM±5
2026-08-19 09:37:35,802 - INFO - ⏱️ [Real-time Exit Loop] Checking open positions @ 09:37:35...
2026-08-19 09:37:36,890 - INFO - 📊 EXECUTION AUDIT [CF_SL_MODIFIED]: trade_id=None, candidate_id=cand_NSE_NIFTY50_INDEX_PDHL_BREAKOUT_24118.60_20260819_092005_PrevDay_Extremes_RVOL1.2, payload={'price': 24069.2, 'old_sl': 24110.52524837256, 'new_sl': 24108.82524837256, 'old_tp': None, 'new_tp': 24045.04475162744, 'reason': 'TRAILING_SL'}
2026-08-19 09:37:36,949 - INFO - 🟡 UPDATE (TRAILING_SL) [CFPrevDay_Extremes_RVOL1.2|Day_Extremes_RVOL1.2]: NSE:NIFTY50-INDEX @ 24069.20 | SL→24108.83 TP→24045.04
2026-08-19 09:37:37,900 - INFO - Retrieved live premium from Fyers API: LTP=190.95 for NSE:BANKNIFTY26AUG57600CE
2026-08-19 09:37:38,938 - INFO - Retrieved live premium from Fyers API: LTP=161.85 for NSE:BANKNIFTY26AUG57700CE
2026-08-19 09:37:40,104 - INFO - Retrieved live premium from Fyers API: LTP=42.25 for NSE:NIFTY26AUG24350CE
2026-08-19 09:37:40,920 - INFO - Retrieved live premium from Fyers API: LTP=190.05 for NSE:BANKNIFTY26AUG57600CE
2026-08-19 09:37:41,910 - INFO - Retrieved live premium from Fyers API: LTP=161.55 for NSE:BANKNIFTY26AUG57700CE
2026-08-19 09:37:42,929 - INFO - Retrieved live premium from Fyers API: LTP=190.05 for NSE:BANKNIFTY26AUG57600CE
2026-08-19 09:37:45,731 - INFO - 📊 Saved 22 snapshots for NSE:NIFTYBANK-INDEX  (oi range: 11,730–1,278,330)
2026-08-19 09:37:46,826 - INFO - 📡 Fetching NSE:NIFTY50-INDEX @ 24070  expiry=26AUG  strikes=ATM±5
2026-08-19 09:38:05,964 - INFO - ⏱️ [Real-time Exit Loop] Checking open positions @ 09:38:05...
2026-08-19 09:38:07,491 - INFO - 📊 EXECUTION AUDIT [CF_SL_MODIFIED]: trade_id=None, candidate_id=cand_NSE_NIFTY50_INDEX_PDHL_BREAKOUT_24118.60_20260819_092005_PrevDay_Extremes_RVOL1.2, payload={'price': 24067.75, 'old_sl': 24108.82524837256, 'new_sl': 24107.37524837256, 'old_tp': None, 'new_tp': 24045.04475162744, 'reason': 'TRAILING_SL'}
2026-08-19 09:38:07,562 - INFO - 🟡 UPDATE (TRAILING_SL) [CFPrevDay_Extremes_RVOL1.2|Day_Extremes_RVOL1.2]: NSE:NIFTY50-INDEX @ 24067.75 | SL→24107.38 TP→24045.04
2026-08-19 09:38:08,072 - INFO - Retrieved live premium from Fyers API: LTP=190.55 for NSE:BANKNIFTY26AUG57600CE
2026-08-19 09:38:09,070 - INFO - Retrieved live premium from Fyers API: LTP=162.05 for NSE:BANKNIFTY26AUG57700CE
2026-08-19 09:38:10,074 - INFO - Retrieved live premium from Fyers API: LTP=41.95 for NSE:NIFTY26AUG24350CE
2026-08-19 09:38:11,080 - INFO - Retrieved live premium from Fyers API: LTP=191.0 for NSE:BANKNIFTY26AUG57600CE
2026-08-19 09:38:12,067 - INFO - Retrieved live premium from Fyers API: LTP=162.05 for NSE:BANKNIFTY26AUG57700CE
2026-08-19 09:38:13,246 - INFO - Retrieved live premium from Fyers API: LTP=190.2 for NSE:BANKNIFTY26AUG57600CE
2026-08-19 09:38:16,869 - INFO - 📊 Saved 22 snapshots for NSE:NIFTY50-INDEX  (oi range: 90,675–13,664,560)
2026-08-19 09:38:17,975 - INFO - 📡 Fetching NSE:NIFTYBANK-INDEX @ 57013  expiry=26AUG  strikes=ATM±5
2026-08-19 09:38:35,282 - INFO - ⏱️ [Real-time Exit Loop] Checking open positions @ 09:38:35...
2026-08-19 09:38:36,369 - INFO - 📊 EXECUTION AUDIT [CF_SL_MODIFIED]: trade_id=None, candidate_id=cand_NSE_NIFTY50_INDEX_PDHL_BREAKOUT_24118.60_20260819_092005_PrevDay_Extremes_RVOL1.2, payload={'price': 24067.1, 'old_sl': 24107.37524837256, 'new_sl': 24106.725248372557, 'old_tp': None, 'new_tp': 24045.04475162744, 'reason': 'TRAILING_SL'}
2026-08-19 09:38:36,432 - INFO - 🟡 UPDATE (TRAILING_SL) [CFPrevDay_Extremes_RVOL1.2|Day_Extremes_RVOL1.2]: NSE:NIFTY50-INDEX @ 24067.10 | SL→24106.73 TP→24045.04
2026-08-19 09:38:37,389 - INFO - Retrieved live premium from Fyers API: LTP=189.6 for NSE:BANKNIFTY26AUG57600CE
2026-08-19 09:38:38,383 - INFO - Retrieved live premium from Fyers API: LTP=159.95 for NSE:BANKNIFTY26AUG57700CE
2026-08-19 09:38:39,373 - INFO - Retrieved live premium from Fyers API: LTP=41.8 for NSE:NIFTY26AUG24350CE
2026-08-19 09:38:40,394 - INFO - Retrieved live premium from Fyers API: LTP=188.6 for NSE:BANKNIFTY26AUG57600CE
2026-08-19 09:38:41,382 - INFO - Retrieved live premium from Fyers API: LTP=160.55 for NSE:BANKNIFTY26AUG57700CE
2026-08-19 09:38:42,387 - INFO - Retrieved live premium from Fyers API: LTP=189.7 for NSE:BANKNIFTY26AUG57600CE
2026-08-19 09:38:48,582 - INFO - 📊 Saved 22 snapshots for NSE:NIFTYBANK-INDEX  (oi range: 11,730–1,284,060)
2026-08-19 09:38:49,692 - INFO - 📡 Fetching NSE:NIFTY50-INDEX @ 24067  expiry=26AUG  strikes=ATM±5
2026-08-19 09:39:05,408 - INFO - ⏱️ [Real-time Exit Loop] Checking open positions @ 09:39:05...
2026-08-19 09:39:06,499 - INFO - 📊 EXECUTION AUDIT [CF_SL_MODIFIED]: trade_id=None, candidate_id=cand_NSE_NIFTYBANK_INDEX_EMAPULL_57188.85_20260819_092005_EMA_Pullback_20_50_RVOL0.5, payload={'price': 57006.55, 'old_sl': 57167.346, 'new_sl': 57161.146, 'old_tp': None, 'new_tp': 56984.254, 'reason': 'TRAILING_SL'}
2026-08-19 09:39:06,560 - INFO - 🟡 UPDATE (TRAILING_SL) [CFEMA_Pullback_20_50_RVOL0.5|llback_20_50_RVOL0.5]: NSE:NIFTYBANK-INDEX @ 57006.55 | SL→57161.15 TP→56984.25
2026-08-19 09:39:06,561 - INFO - 📊 EXECUTION AUDIT [CF_SL_MODIFIED]: trade_id=None, candidate_id=cand_NSE_NIFTYBANK_INDEX_OI_WALL_BREAK_57121.40_20260819_092505_OIWallReaction_v1.0, payload={'price': 57006.55, 'old_sl': 57897.2645, 'new_sl': 57891.0645, 'old_tp': None, 'new_tp': 57003.11, 'reason': 'TRAILING_SL'}
2026-08-19 09:39:06,602 - INFO - 🟡 UPDATE (TRAILING_SL) [CFOIWallReaction_v1.0|_OIWallReaction_v1.0]: NSE:NIFTYBANK-INDEX @ 57006.55 | SL→57891.06 TP→57003.11
2026-08-19 09:39:07,507 - INFO - Retrieved live premium from Fyers API: LTP=188.15 for NSE:BANKNIFTY26AUG57600CE
2026-08-19 09:39:08,513 - INFO - Retrieved live premium from Fyers API: LTP=158.7 for NSE:BANKNIFTY26AUG57700CE
2026-08-19 09:39:09,680 - INFO - Retrieved live premium from Fyers API: LTP=43.15 for NSE:NIFTY26AUG24350CE
2026-08-19 09:39:10,688 - INFO - Retrieved live premium from Fyers API: LTP=187.85 for NSE:BANKNIFTY26AUG57600CE
2026-08-19 09:39:11,515 - INFO - Retrieved live premium from Fyers API: LTP=158.8 for NSE:BANKNIFTY26AUG57700CE
2026-08-19 09:39:12,527 - INFO - Retrieved live premium from Fyers API: LTP=187.95 for NSE:BANKNIFTY26AUG57600CE
2026-08-19 09:39:19,773 - INFO - 📊 Saved 22 snapshots for NSE:NIFTY50-INDEX  (oi range: 92,560–13,599,820)
2026-08-19 09:39:20,874 - INFO - 📡 Fetching NSE:NIFTYBANK-INDEX @ 57025  expiry=26AUG  strikes=ATM±5
2026-08-19 09:39:35,569 - INFO - ⏱️ [Real-time Exit Loop] Checking open positions @ 09:39:35...
2026-08-19 09:39:37,674 - INFO - Retrieved live premium from Fyers API: LTP=193.9 for NSE:BANKNIFTY26AUG57600CE
2026-08-19 09:39:38,673 - INFO - Retrieved live premium from Fyers API: LTP=163.6 for NSE:BANKNIFTY26AUG57700CE
2026-08-19 09:39:39,676 - INFO - Retrieved live premium from Fyers API: LTP=44.25 for NSE:NIFTY26AUG24350CE
2026-08-19 09:39:40,681 - INFO - Retrieved live premium from Fyers API: LTP=192.4 for NSE:BANKNIFTY26AUG57600CE
2026-08-19 09:39:41,679 - INFO - Retrieved live premium from Fyers API: LTP=163.0 for NSE:BANKNIFTY26AUG57700CE
2026-08-19 09:39:42,690 - INFO - Retrieved live premium from Fyers API: LTP=192.65 for NSE:BANKNIFTY26AUG57600CE
2026-08-19 09:39:51,182 - INFO - 📊 Saved 22 snapshots for NSE:NIFTYBANK-INDEX  (oi range: 11,880–1,292,640)
2026-08-19 09:39:52,289 - INFO - 📡 Fetching NSE:NIFTY50-INDEX @ 24079  expiry=26AUG  strikes=ATM±5
2026-08-19 09:40:05,731 - INFO - 🔔 [New Candle Closed] Running entry pipeline for candle 09:40 at 09:40:05...
2026-08-19 09:40:05,731 - INFO - --- 09:40:05 Market Pulse ---
2026-08-19 09:40:13,858 - INFO - Retrieved live premium from Fyers API: LTP=192.05 for NSE:BANKNIFTY26AUG57600CE
2026-08-19 09:40:14,857 - INFO - Retrieved live premium from Fyers API: LTP=161.1 for NSE:BANKNIFTY26AUG57700CE
2026-08-19 09:40:15,862 - INFO - Retrieved live premium from Fyers API: LTP=44.25 for NSE:NIFTY26AUG24350CE
2026-08-19 09:40:16,863 - INFO - Retrieved live premium from Fyers API: LTP=191.5 for NSE:BANKNIFTY26AUG57600CE
2026-08-19 09:40:17,868 - INFO - Retrieved live premium from Fyers API: LTP=161.4 for NSE:BANKNIFTY26AUG57700CE
2026-08-19 09:40:19,044 - INFO - Retrieved live premium from Fyers API: LTP=190.9 for NSE:BANKNIFTY26AUG57600CE
2026-08-19 09:40:21,561 - INFO - Resolved active expiry from DB: 26AUG (2026-08-25)
2026-08-19 09:40:23,563 - INFO - Resolved active expiry from DB: 26AUG (2026-08-25)
2026-08-19 09:40:24,397 - INFO - 📊 Saved 22 snapshots for NSE:NIFTY50-INDEX  (oi range: 98,995–13,633,035)
2026-08-19 09:40:25,486 - INFO - 📡 Fetching NSE:NIFTYBANK-INDEX @ 57025  expiry=26AUG  strikes=ATM±5
2026-08-19 09:40:35,569 - INFO - ⏱️ [Real-time Exit Loop] Checking open positions @ 09:40:35...
2026-08-19 09:40:37,680 - INFO - Retrieved live premium from Fyers API: LTP=189.9 for NSE:BANKNIFTY26AUG57600CE
2026-08-19 09:40:38,673 - INFO - Retrieved live premium from Fyers API: LTP=160.7 for NSE:BANKNIFTY26AUG57700CE
2026-08-19 09:40:39,687 - INFO - Retrieved live premium from Fyers API: LTP=190.1 for NSE:BANKNIFTY26AUG57600CE
2026-08-19 09:40:40,681 - INFO - Retrieved live premium from Fyers API: LTP=159.7 for NSE:BANKNIFTY26AUG57700CE
2026-08-19 09:40:41,670 - INFO - Retrieved live premium from Fyers API: LTP=190.5 for NSE:BANKNIFTY26AUG57600CE
2026-08-19 09:40:55,807 - INFO - 📊 Saved 22 snapshots for NSE:NIFTYBANK-INDEX  (oi range: 11,790–1,297,410)
2026-08-19 09:40:56,901 - INFO - 📡 Fetching NSE:NIFTY50-INDEX @ 24074  expiry=26AUG  strikes=ATM±5
2026-08-19 09:41:05,705 - INFO - ⏱️ [Real-time Exit Loop] Checking open positions @ 09:41:05...
2026-08-19 09:41:07,811 - INFO - Retrieved live premium from Fyers API: LTP=197.35 for NSE:BANKNIFTY26AUG57600CE
2026-08-19 09:41:08,812 - INFO - Retrieved live premium from Fyers API: LTP=166.4 for NSE:BANKNIFTY26AUG57700CE
2026-08-19 09:41:09,809 - INFO - Retrieved live premium from Fyers API: LTP=197.0 for NSE:BANKNIFTY26AUG57600CE
2026-08-19 09:41:10,818 - INFO - Retrieved live premium from Fyers API: LTP=166.75 for NSE:BANKNIFTY26AUG57700CE
2026-08-19 09:41:11,820 - INFO - Retrieved live premium from Fyers API: LTP=197.1 for NSE:BANKNIFTY26AUG57600CE
2026-08-19 09:41:26,907 - INFO - 📊 Saved 22 snapshots for NSE:NIFTY50-INDEX  (oi range: 104,195–13,618,280)
2026-08-19 09:41:27,996 - INFO - 📡 Fetching NSE:NIFTYBANK-INDEX @ 57079  expiry=26AUG  strikes=ATM±5
2026-08-19 09:41:35,855 - INFO - ⏱️ [Real-time Exit Loop] Checking open positions @ 09:41:35...
2026-08-19 09:41:37,951 - INFO - Retrieved live premium from Fyers API: LTP=198.85 for NSE:BANKNIFTY26AUG57600CE
2026-08-19 09:41:38,948 - INFO - Retrieved live premium from Fyers API: LTP=168.3 for NSE:BANKNIFTY26AUG57700CE
2026-08-19 09:41:39,954 - INFO - Retrieved live premium from Fyers API: LTP=199.25 for NSE:BANKNIFTY26AUG57600CE
2026-08-19 09:41:40,965 - INFO - Retrieved live premium from Fyers API: LTP=168.3 for NSE:BANKNIFTY26AUG57700CE
2026-08-19 09:41:41,962 - INFO - Retrieved live premium from Fyers API: LTP=199.3 for NSE:BANKNIFTY26AUG57600CE
2026-08-19 09:41:57,637 - INFO - 📊 Saved 22 snapshots for NSE:NIFTYBANK-INDEX  (oi range: 11,790–1,301,820)
2026-08-19 09:41:58,725 - INFO - 📡 Fetching NSE:NIFTY50-INDEX @ 24077  expiry=26AUG  strikes=ATM±5
2026-08-19 09:42:05,983 - INFO - ⏱️ [Real-time Exit Loop] Checking open positions @ 09:42:05...
2026-08-19 09:42:08,091 - INFO - Retrieved live premium from Fyers API: LTP=171.8 for NSE:BANKNIFTY26AUG57700CE
2026-08-19 09:42:09,087 - INFO - Retrieved live premium from Fyers API: LTP=44.2 for NSE:NIFTY26AUG24350CE
2026-08-19 09:42:10,088 - INFO - Retrieved live premium from Fyers API: LTP=171.8 for NSE:BANKNIFTY26AUG57700CE
2026-08-19 09:42:28,301 - INFO - 📊 Saved 22 snapshots for NSE:NIFTY50-INDEX  (oi range: 105,235–13,705,445)
2026-08-19 09:42:29,402 - INFO - 📡 Fetching NSE:NIFTYBANK-INDEX @ 57081  expiry=26AUG  strikes=ATM±5
2026-08-19 09:42:35,213 - INFO - ⏱️ [Real-time Exit Loop] Checking open positions @ 09:42:35...
2026-08-19 09:42:37,316 - INFO - Retrieved live premium from Fyers API: LTP=169.8 for NSE:BANKNIFTY26AUG57700CE
2026-08-19 09:42:38,315 - INFO - Retrieved live premium from Fyers API: LTP=169.5 for NSE:BANKNIFTY26AUG57700CE
2026-08-19 09:42:59,197 - INFO - 📊 Saved 22 snapshots for NSE:NIFTYBANK-INDEX  (oi range: 11,850–1,295,580)
2026-08-19 09:43:00,287 - INFO - 📡 Fetching NSE:NIFTY50-INDEX @ 24081  expiry=26AUG  strikes=ATM±5
2026-08-19 09:43:05,417 - INFO - ⏱️ [Real-time Exit Loop] Checking open positions @ 09:43:05...
2026-08-19 09:43:07,526 - INFO - Retrieved live premium from Fyers API: LTP=172.05 for NSE:BANKNIFTY26AUG57700CE
2026-08-19 09:43:08,520 - INFO - Retrieved live premium from Fyers API: LTP=172.05 for NSE:BANKNIFTY26AUG57700CE
2026-08-19 09:43:30,426 - INFO - 📊 Saved 22 snapshots for NSE:NIFTY50-INDEX  (oi range: 106,730–13,767,260)
2026-08-19 09:43:31,518 - INFO - 📡 Fetching NSE:NIFTYBANK-INDEX @ 57095  expiry=26AUG  strikes=ATM±5
2026-08-19 09:43:35,642 - INFO - ⏱️ [Real-time Exit Loop] Checking open positions @ 09:43:35...
2026-08-19 09:43:37,892 - INFO - Retrieved live premium from Fyers API: LTP=169.35 for NSE:BANKNIFTY26AUG57700CE
2026-08-19 09:43:38,818 - INFO - Retrieved live premium from Fyers API: LTP=169.35 for NSE:BANKNIFTY26AUG57700CE
2026-08-19 09:44:01,556 - INFO - 📊 Saved 22 snapshots for NSE:NIFTYBANK-INDEX  (oi range: 11,640–1,299,720)
2026-08-19 09:44:02,651 - INFO - 📡 Fetching NSE:NIFTY50-INDEX @ 24089  expiry=26AUG  strikes=ATM±5
2026-08-19 09:44:05,917 - INFO - ⏱️ [Real-time Exit Loop] Checking open positions @ 09:44:05...
2026-08-19 09:44:08,021 - INFO - Retrieved live premium from Fyers API: LTP=174.55 for NSE:BANKNIFTY26AUG57700CE
2026-08-19 09:44:09,017 - INFO - Retrieved live premium from Fyers API: LTP=174.55 for NSE:BANKNIFTY26AUG57700CE
2026-08-19 09:44:32,608 - INFO - 📊 Saved 22 snapshots for NSE:NIFTY50-INDEX  (oi range: 108,615–13,831,350)
2026-08-19 09:44:33,696 - INFO - 📡 Fetching NSE:NIFTYBANK-INDEX @ 57093  expiry=26AUG  strikes=ATM±5
2026-08-19 09:44:35,132 - INFO - ⏱️ [Real-time Exit Loop] Checking open positions @ 09:44:35...
2026-08-19 09:44:37,237 - INFO - Retrieved live premium from Fyers API: LTP=171.5 for NSE:BANKNIFTY26AUG57700CE
2026-08-19 09:44:38,246 - INFO - Retrieved live premium from Fyers API: LTP=171.7 for NSE:BANKNIFTY26AUG57700CE
2026-08-19 09:45:04,043 - INFO - 📊 Saved 22 snapshots for NSE:NIFTYBANK-INDEX  (oi range: 11,610–1,296,690)
2026-08-19 09:45:05,137 - INFO - 📡 Fetching NSE:NIFTY50-INDEX @ 24083  expiry=26AUG  strikes=ATM±5
2026-08-19 09:45:05,372 - INFO - 🔔 [New Candle Closed] Running entry pipeline for candle 09:45 at 09:45:05...
2026-08-19 09:45:05,372 - INFO - --- 09:45:05 Market Pulse ---
2026-08-19 09:45:13,501 - INFO - Retrieved live premium from Fyers API: LTP=171.85 for NSE:BANKNIFTY26AUG57700CE
2026-08-19 09:45:14,499 - INFO - Retrieved live premium from Fyers API: LTP=171.7 for NSE:BANKNIFTY26AUG57700CE
2026-08-19 09:45:16,951 - INFO - Resolved active expiry from DB: 26AUG (2026-08-25)
2026-08-19 09:45:18,899 - INFO - Resolved active expiry from DB: 26AUG (2026-08-25)
2026-08-19 09:45:35,905 - INFO - ⏱️ [Real-time Exit Loop] Checking open positions @ 09:45:35...
2026-08-19 09:45:38,001 - INFO - Retrieved live premium from Fyers API: LTP=170.6 for NSE:BANKNIFTY26AUG57700CE
2026-08-19 09:45:38,055 - INFO - 📊 Saved 22 snapshots for NSE:NIFTY50-INDEX  (oi range: 107,640–13,889,460)
2026-08-19 09:45:39,006 - INFO - Retrieved live premium from Fyers API: LTP=170.6 for NSE:BANKNIFTY26AUG57700CE
2026-08-19 09:45:39,149 - INFO - 📡 Fetching NSE:NIFTYBANK-INDEX @ 57094  expiry=26AUG  strikes=ATM±5
2026-08-19 09:46:05,126 - INFO - ⏱️ [Real-time Exit Loop] Checking open positions @ 09:46:05...
2026-08-19 09:46:07,231 - INFO - Retrieved live premium from Fyers API: LTP=170.75 for NSE:BANKNIFTY26AUG57700CE
2026-08-19 09:46:08,230 - INFO - Retrieved live premium from Fyers API: LTP=169.55 for NSE:BANKNIFTY26AUG57700CE
2026-08-19 09:46:08,962 - INFO - 📊 Saved 22 snapshots for NSE:NIFTYBANK-INDEX  (oi range: 11,820–1,299,090)
2026-08-19 09:46:10,060 - INFO - 📡 Fetching NSE:NIFTY50-INDEX @ 24083  expiry=26AUG  strikes=ATM±5
2026-08-19 09:46:35,348 - INFO - ⏱️ [Real-time Exit Loop] Checking open positions @ 09:46:35...
2026-08-19 09:46:37,450 - INFO - Retrieved live premium from Fyers API: LTP=166.8 for NSE:BANKNIFTY26AUG57700CE
2026-08-19 09:46:38,478 - INFO - Retrieved live premium from Fyers API: LTP=166.9 for NSE:BANKNIFTY26AUG57700CE
2026-08-19 09:46:40,388 - INFO - 📊 Saved 22 snapshots for NSE:NIFTY50-INDEX  (oi range: 109,395–13,965,575)
2026-08-19 09:46:41,666 - INFO - 📡 Fetching NSE:NIFTYBANK-INDEX @ 57077  expiry=26AUG  strikes=ATM±5
2026-08-19 09:47:05,614 - INFO - ⏱️ [Real-time Exit Loop] Checking open positions @ 09:47:05...
2026-08-19 09:47:07,710 - INFO - Retrieved live premium from Fyers API: LTP=166.75 for NSE:BANKNIFTY26AUG57700CE
2026-08-19 09:47:08,721 - INFO - Retrieved live premium from Fyers API: LTP=165.95 for NSE:BANKNIFTY26AUG57700CE
2026-08-19 09:47:11,589 - INFO - 📊 Saved 22 snapshots for NSE:NIFTYBANK-INDEX  (oi range: 12,060–1,298,880)
2026-08-19 09:47:12,693 - INFO - 📡 Fetching NSE:NIFTY50-INDEX @ 24082  expiry=26AUG  strikes=ATM±5
2026-08-19 09:47:35,846 - INFO - ⏱️ [Real-time Exit Loop] Checking open positions @ 09:47:35...
2026-08-19 09:47:37,955 - INFO - Retrieved live premium from Fyers API: LTP=169.95 for NSE:BANKNIFTY26AUG57700CE
2026-08-19 09:47:38,962 - INFO - Retrieved live premium from Fyers API: LTP=169.95 for NSE:BANKNIFTY26AUG57700CE
2026-08-19 09:47:42,420 - INFO - 📊 Saved 22 snapshots for NSE:NIFTY50-INDEX  (oi range: 110,565–14,083,095)
2026-08-19 09:47:43,525 - INFO - 📡 Fetching NSE:NIFTYBANK-INDEX @ 57089  expiry=26AUG  strikes=ATM±5
2026-08-19 09:48:05,094 - INFO - ⏱️ [Real-time Exit Loop] Checking open positions @ 09:48:05...
2026-08-19 09:48:07,214 - INFO - Retrieved live premium from Fyers API: LTP=169.95 for NSE:BANKNIFTY26AUG57700CE
2026-08-19 09:48:08,394 - INFO - Retrieved live premium from Fyers API: LTP=170.05 for NSE:BANKNIFTY26AUG57700CE
2026-08-19 09:48:13,091 - INFO - 📊 Saved 22 snapshots for NSE:NIFTYBANK-INDEX  (oi range: 11,970–1,298,790)
2026-08-19 09:48:14,195 - INFO - 📡 Fetching NSE:NIFTY50-INDEX @ 24082  expiry=26AUG  strikes=ATM±5
2026-08-19 09:48:35,513 - INFO - ⏱️ [Real-time Exit Loop] Checking open positions @ 09:48:35...
2026-08-19 09:48:37,621 - INFO - Retrieved live premium from Fyers API: LTP=173.8 for NSE:BANKNIFTY26AUG57700CE
2026-08-19 09:48:39,630 - INFO - Retrieved live premium from Fyers API: LTP=173.5 for NSE:BANKNIFTY26AUG57700CE
2026-08-19 09:48:44,122 - INFO - 📊 Saved 22 snapshots for NSE:NIFTY50-INDEX  (oi range: 111,670–14,146,145)
2026-08-19 09:48:45,222 - INFO - 📡 Fetching NSE:NIFTYBANK-INDEX @ 57092  expiry=26AUG  strikes=ATM±5
2026-08-19 09:49:05,750 - INFO - ⏱️ [Real-time Exit Loop] Checking open positions @ 09:49:05...
2026-08-19 09:49:07,860 - INFO - Retrieved live premium from Fyers API: LTP=175.65 for NSE:BANKNIFTY26AUG57700CE
2026-08-19 09:49:08,861 - INFO - Retrieved live premium from Fyers API: LTP=174.7 for NSE:BANKNIFTY26AUG57700CE
2026-08-19 09:49:15,528 - INFO - 📊 Saved 22 snapshots for NSE:NIFTYBANK-INDEX  (oi range: 11,970–1,300,320)
2026-08-19 09:49:16,624 - INFO - 📡 Fetching NSE:NIFTY50-INDEX @ 24086  expiry=26AUG  strikes=ATM±5
2026-08-19 09:49:35,983 - INFO - ⏱️ [Real-time Exit Loop] Checking open positions @ 09:49:35...
2026-08-19 09:49:38,099 - INFO - Retrieved live premium from Fyers API: LTP=177.0 for NSE:BANKNIFTY26AUG57700CE
2026-08-19 09:49:39,104 - INFO - Retrieved live premium from Fyers API: LTP=177.5 for NSE:BANKNIFTY26AUG57700CE
2026-08-19 09:49:46,085 - INFO - 📊 Saved 22 snapshots for NSE:NIFTY50-INDEX  (oi range: 112,060–14,158,105)
2026-08-19 09:49:47,173 - INFO - 📡 Fetching NSE:NIFTYBANK-INDEX @ 57118  expiry=26AUG  strikes=ATM±5
2026-08-19 09:50:05,233 - INFO - 🔔 [New Candle Closed] Running entry pipeline for candle 09:50 at 09:50:05...
2026-08-19 09:50:05,234 - INFO - --- 09:50:05 Market Pulse ---
2026-08-19 09:50:13,392 - INFO - Retrieved live premium from Fyers API: LTP=176.25 for NSE:BANKNIFTY26AUG57700CE
2026-08-19 09:50:14,401 - INFO - Retrieved live premium from Fyers API: LTP=177.0 for NSE:BANKNIFTY26AUG57700CE
2026-08-19 09:50:16,831 - INFO - Resolved active expiry from DB: 26AUG (2026-08-25)
2026-08-19 09:50:16,831 - INFO - 👻 [Geometry_v1.0_Score35] CF CONFLUENCE_BOUNCE NSE:NIFTY50-INDEX BUY CALL | Rejected: ['LOW_RR:0.66']
2026-08-19 09:50:16,831 - INFO - 📊 EXECUTION AUDIT [SIGNAL_GENERATED]: trade_id=None, candidate_id=cand_NSE_NIFTY50_INDEX_CONFLUENCE_BOUNCE_24094.15_202608190950_Geometry_v1.0_Score35, payload={'symbol': 'NSE:NIFTY50-INDEX', 'candidate_id': 'cand_NSE_NIFTY50_INDEX_CONFLUENCE_BOUNCE_24094.15_202608190950_Geometry_v1.0_Score35', 'experiment_name': 'Geometry_v1.0_Score35', 'strategy_id': 'geometry', 'version': 'v1.0', 'signal': 'BUY CALL', 'strategy': 'CONFLUENCE_BOUNCE', 'price': 24094.15, 'stop_loss': 24085.24, 'take_profit': 24100.0, 'tp1': 24107.52, 'rr_ratio': 0.66, 'timestamp': '2026-08-19T09:50:05.234502+05:30', 'zone_band_low': 24094.15, 'zone_band_high': 24094.66, 'zone_direction': 'SUPPORT', 'zone_component_count': 1, 'accepted': False, 'rejection_reasons': ['LOW_RR:0.66'], 'stop_loss_distance': 8.92, 'atr': 17.83, 'confidence': 0.524, 'diagnostics': {'zone_score': 47.3, 'zone_explanation': 'TRENDLINE VWAP @ 24094.41 (±0.3pts, score=47)', 'dist_to_zone': 0.0, 'narrative_bias': 'CONTINUATION', 'bias_confidence': 0.6, 'zone_engine_confirmed': False}, 'features': {'regime_primary': 'STRONG_TREND_DOWN', 'regime_vol_state': 'HIGH_VOL', 'market_regime': 'STRONG_TREND_DOWN_HIGH_VOL'}}
2026-08-19 09:50:16,852 - INFO - Resolved active expiry from DB: 26AUG (2026-08-25)
2026-08-19 09:50:16,863 - INFO - Resolved index signal into option contract: OptionContract(symbol='NSE:NIFTY26AUG24100CE', strike=24100.0, expiry='26AUG', option_type='CE', premium=143.4, delta=0.5, bid=143.05, ask=143.4, volume=23376340, resolved_at=datetime.datetime(2026, 8, 19, 9, 50, 16, 863253))
2026-08-19 09:50:16,863 - INFO - ⚡ Option strike selection resolved index signal to contract NSE:NIFTY26AUG24100CE @ premium 143.4 (type: CE, strike: 24100.0)
2026-08-19 09:50:16,863 - INFO - 📊 EXECUTION AUDIT [STRIKE_SELECTED]: trade_id=None, candidate_id=cand_NSE_NIFTY50_INDEX_CONFLUENCE_BOUNCE_24094.15_202608190950_Geometry_v1.0_Score35, payload={'symbol': 'NSE:NIFTY26AUG24100CE', 'strike': 24100.0, 'expiry': '26AUG', 'type': 'CE'}
2026-08-19 09:50:16,876 - INFO - 📊 EXECUTION AUDIT [PREMIUM_RETRIEVED]: trade_id=None, candidate_id=cand_NSE_NIFTY50_INDEX_CONFLUENCE_BOUNCE_24094.15_202608190950_Geometry_v1.0_Score35, payload={'premium': 143.4, 'bid': 143.05, 'ask': 143.4}
2026-08-19 09:50:16,887 - INFO - 📊 EXECUTION AUDIT [CF_SUBMITTED]: trade_id=None, candidate_id=cand_NSE_NIFTY50_INDEX_CONFLUENCE_BOUNCE_24094.15_202608190950_Geometry_v1.0_Score35, payload={'price': 24094.15, 'sl': 24085.24, 'tp': 24100.0}
2026-08-19 09:50:16,898 - INFO - 📊 EXECUTION AUDIT [CF_FILLED]: trade_id=None, candidate_id=cand_NSE_NIFTY50_INDEX_CONFLUENCE_BOUNCE_24094.15_202608190950_Geometry_v1.0_Score35, payload={'price': 24094.15, 'sl': 24085.24, 'tp': 24100.0}
2026-08-19 09:50:16,909 - INFO - 💰 Position size [CONFLUENCE_BOUNCE|STRONG_TREND_DOWN_HIGH_VOL|conf=1]: frac=0.004 → ₹5,000 (risk/unit=0.04%)
2026-08-19 09:50:16,935 - INFO - 🟢 ENTRY [CF|Geometry_v1.0_Score35|eometry_v1.0_Score35]: NSE:NIFTY50-INDEX BUY CALL @ 24094.15 | SL: 24085.24 TP: 24100.00
2026-08-19 09:50:18,397 - INFO - 📊 Saved 22 snapshots for NSE:NIFTYBANK-INDEX  (oi range: 11,820–1,298,280)
2026-08-19 09:50:18,855 - INFO - Resolved active expiry from DB: 26AUG (2026-08-25)
2026-08-19 09:50:18,856 - INFO - 👻 [Geometry_v1.0_Score35] CF CONFLUENCE_BOUNCE NSE:NIFTYBANK-INDEX BUY CALL | Rejected: ['LOW_RR:0.95']
2026-08-19 09:50:18,856 - INFO - 📊 EXECUTION AUDIT [SIGNAL_GENERATED]: trade_id=None, candidate_id=cand_NSE_NIFTYBANK_INDEX_CONFLUENCE_BOUNCE_57126.95_202608190950_Geometry_v1.0_Score35, payload={'symbol': 'NSE:NIFTYBANK-INDEX', 'candidate_id': 'cand_NSE_NIFTYBANK_INDEX_CONFLUENCE_BOUNCE_57126.95_202608190950_Geometry_v1.0_Score35', 'experiment_name': 'Geometry_v1.0_Score35', 'strategy_id': 'geometry', 'version': 'v1.0', 'signal': 'BUY CALL', 'strategy': 'CONFLUENCE_BOUNCE', 'price': 57126.95, 'stop_loss': 57099.94, 'take_profit': 57152.65, 'tp1': 57167.46, 'rr_ratio': 0.95, 'timestamp': '2026-08-19T09:50:05.234502+05:30', 'zone_band_low': 57119.6, 'zone_band_high': 57126.95, 'zone_direction': 'SUPPORT', 'zone_component_count': 1, 'accepted': False, 'rejection_reasons': ['LOW_RR:0.95'], 'stop_loss_distance': 27.0, 'atr': 54.01, 'confidence': 0.499, 'diagnostics': {'zone_score': 43.2, 'zone_explanation': 'PWL SUPPORT TRENDLINE VWAP @ 57123.32 (±3.7pts, score=43)', 'dist_to_zone': 0.0, 'narrative_bias': 'CONTINUATION', 'bias_confidence': 0.6, 'zone_engine_confirmed': False}, 'features': {'regime_primary': 'STRONG_TREND_DOWN', 'regime_vol_state': 'NORMAL', 'market_regime': 'STRONG_TREND_DOWN_NORMAL'}}
2026-08-19 09:50:18,876 - INFO - Resolved active expiry from DB: 26AUG (2026-08-25)
2026-08-19 09:50:18,887 - INFO - Resolved index signal into option contract: OptionContract(symbol='NSE:BANKNIFTY26AUG57100CE', strike=57100.0, expiry='26AUG', option_type='CE', premium=440.5, delta=0.5, bid=440.5, ask=441.8, volume=579600, resolved_at=datetime.datetime(2026, 8, 19, 9, 50, 18, 887218))
2026-08-19 09:50:18,887 - INFO - ⚡ Option strike selection resolved index signal to contract NSE:BANKNIFTY26AUG57100CE @ premium 440.5 (type: CE, strike: 57100.0)
2026-08-19 09:50:18,887 - INFO - 📊 EXECUTION AUDIT [STRIKE_SELECTED]: trade_id=None, candidate_id=cand_NSE_NIFTYBANK_INDEX_CONFLUENCE_BOUNCE_57126.95_202608190950_Geometry_v1.0_Score35, payload={'symbol': 'NSE:BANKNIFTY26AUG57100CE', 'strike': 57100.0, 'expiry': '26AUG', 'type': 'CE'}
2026-08-19 09:50:18,896 - INFO - 📊 EXECUTION AUDIT [PREMIUM_RETRIEVED]: trade_id=None, candidate_id=cand_NSE_NIFTYBANK_INDEX_CONFLUENCE_BOUNCE_57126.95_202608190950_Geometry_v1.0_Score35, payload={'premium': 440.5, 'bid': 440.5, 'ask': 441.8}
2026-08-19 09:50:18,908 - INFO - 📊 EXECUTION AUDIT [CF_SUBMITTED]: trade_id=None, candidate_id=cand_NSE_NIFTYBANK_INDEX_CONFLUENCE_BOUNCE_57126.95_202608190950_Geometry_v1.0_Score35, payload={'price': 57126.95, 'sl': 57099.94, 'tp': 57152.65}
2026-08-19 09:50:18,919 - INFO - 📊 EXECUTION AUDIT [CF_FILLED]: trade_id=None, candidate_id=cand_NSE_NIFTYBANK_INDEX_CONFLUENCE_BOUNCE_57126.95_202608190950_Geometry_v1.0_Score35, payload={'price': 57126.95, 'sl': 57099.94, 'tp': 57152.65}
2026-08-19 09:50:18,928 - INFO - 💰 Position size [CONFLUENCE_BOUNCE|STRONG_TREND_DOWN_NORMAL|conf=0]: frac=0.004 → ₹5,000 (risk/unit=0.05%)
2026-08-19 09:50:18,953 - INFO - 🟢 ENTRY [CF|Geometry_v1.0_Score35|eometry_v1.0_Score35]: NSE:NIFTYBANK-INDEX BUY CALL @ 57126.95 | SL: 57099.94 TP: 57152.65
2026-08-19 09:50:18,953 - INFO - 🚀 SIGNAL: NSE:NIFTYBANK-INDEX BUY CALL | [OrderFlow_v1.0]
2026-08-19 09:50:18,953 - INFO -    Entry: 57126.95 | SL: 57099.945 | TP: 57191.07 (RR: 2.37)
2026-08-19 09:50:18,953 - INFO - 📊 EXECUTION AUDIT [SIGNAL_GENERATED]: trade_id=trade_NSE_NIFTYBANK_INDEX_OrderFlow_v1.0_1787113205, candidate_id=cand_NSE_NIFTYBANK_INDEX_LIQUIDITY_SWEEP_57126.95_20260819_095005_OrderFlow_v1.0, payload={'symbol': 'NSE:NIFTYBANK-INDEX', 'candidate_id': 'cand_NSE_NIFTYBANK_INDEX_LIQUIDITY_SWEEP_57126.95_20260819_095005_OrderFlow_v1.0', 'signal': 'BUY CALL', 'price': 57126.95, 'stop_loss': 57099.945, 'take_profit': 57191.07, 'tp1': 57167.4575, 'rr_ratio': 2.37, 'strategy': 'LIQUIDITY_SWEEP', 'confidence': 0.882, 'accepted': True, 'rejection_reasons': [], 'timestamp': datetime.datetime(2026, 8, 19, 9, 50, 5, 234502, tzinfo=zoneinfo.ZoneInfo(key='Asia/Kolkata')), 'diagnostics': {'swept_level': 57121.45, 'swept_object': 'LIQUIDITY_POOL', 'volume_multiplier': 5.29, 'rejection_wick_size': 34.1}, 'experiment_name': 'OrderFlow_v1.0', 'strategy_id': 'order_flow', 'version': 'v1.0', 'features': {'regime_primary': 'STRONG_TREND_DOWN', 'regime_vol_state': 'NORMAL', 'market_regime': 'STRONG_TREND_DOWN_NORMAL'}}
2026-08-19 09:50:18,975 - INFO - Resolved active expiry from DB: 26AUG (2026-08-25)
2026-08-19 09:50:18,988 - INFO - Resolved index signal into option contract: OptionContract(symbol='NSE:BANKNIFTY26AUG57100CE', strike=57100.0, expiry='26AUG', option_type='CE', premium=440.5, delta=0.5, bid=440.5, ask=441.8, volume=579600, resolved_at=datetime.datetime(2026, 8, 19, 9, 50, 18, 988198))
2026-08-19 09:50:18,988 - INFO - ⚡ Option strike selection resolved index signal to contract NSE:BANKNIFTY26AUG57100CE @ premium 440.5 (type: CE, strike: 57100.0)
2026-08-19 09:50:18,988 - INFO - 📊 EXECUTION AUDIT [STRIKE_SELECTED]: trade_id=trade_NSE_NIFTYBANK_INDEX_OrderFlow_v1.0_1787113205, candidate_id=cand_NSE_NIFTYBANK_INDEX_LIQUIDITY_SWEEP_57126.95_20260819_095005_OrderFlow_v1.0, payload={'symbol': 'NSE:BANKNIFTY26AUG57100CE', 'strike': 57100.0, 'expiry': '26AUG', 'type': 'CE'}
2026-08-19 09:50:18,999 - INFO - 📊 EXECUTION AUDIT [PREMIUM_RETRIEVED]: trade_id=trade_NSE_NIFTYBANK_INDEX_OrderFlow_v1.0_1787113205, candidate_id=cand_NSE_NIFTYBANK_INDEX_LIQUIDITY_SWEEP_57126.95_20260819_095005_OrderFlow_v1.0, payload={'premium': 440.5, 'bid': 440.5, 'ask': 441.8}
2026-08-19 09:50:19,009 - INFO - 📊 EXECUTION AUDIT [ORDER_SUBMITTED]: trade_id=trade_NSE_NIFTYBANK_INDEX_OrderFlow_v1.0_1787113205, candidate_id=cand_NSE_NIFTYBANK_INDEX_LIQUIDITY_SWEEP_57126.95_20260819_095005_OrderFlow_v1.0, payload={'price': 57126.95, 'sl': 57099.945, 'tp': 57191.07}
2026-08-19 09:50:19,020 - INFO - 📊 EXECUTION AUDIT [ORDER_FILLED]: trade_id=trade_NSE_NIFTYBANK_INDEX_OrderFlow_v1.0_1787113205, candidate_id=cand_NSE_NIFTYBANK_INDEX_LIQUIDITY_SWEEP_57126.95_20260819_095005_OrderFlow_v1.0, payload={'price': 57126.95, 'sl': 57099.945, 'tp': 57191.07}
2026-08-19 09:50:19,031 - INFO - 💰 Position size [LIQUIDITY_SWEEP|STRONG_TREND_DOWN_NORMAL|conf=1]: frac=0.004 → ₹5,000 (risk/unit=0.05%)
2026-08-19 09:50:19,054 - INFO - 🟢 ENTRY [OrderFlow_v1.0|_v1.0_1787113205]: NSE:NIFTYBANK-INDEX BUY CALL @ 57126.95 | SL: 57099.94 TP: 57191.07
2026-08-19 09:50:19,505 - INFO - 📡 Fetching NSE:NIFTY50-INDEX @ 24096  expiry=26AUG  strikes=ATM±5
2026-08-19 09:50:35,055 - INFO - ⏱️ [Real-time Exit Loop] Checking open positions @ 09:50:35...
2026-08-19 09:50:36,183 - INFO - 📊 EXECUTION AUDIT [CF_SL_MODIFIED]: trade_id=None, candidate_id=cand_NSE_NIFTY50_INDEX_CONFLUENCE_BOUNCE_24094.15_202608190950_Geometry_v1.0_Score35, payload={'price': 24094.5, 'old_sl': 24085.24, 'new_sl': 24085.59, 'old_tp': None, 'new_tp': 24100.0, 'reason': 'TRAILING_SL'}
2026-08-19 09:50:36,225 - INFO - 🟡 UPDATE (TRAILING_SL) [CFGeometry_v1.0_Score35|eometry_v1.0_Score35]: NSE:NIFTY50-INDEX @ 24094.50 | SL→24085.59 TP→24100.00
2026-08-19 09:50:37,188 - INFO - Retrieved live premium from Fyers API: LTP=181.9 for NSE:BANKNIFTY26AUG57700CE
2026-08-19 09:50:38,172 - INFO - Retrieved live premium from Fyers API: LTP=182.95 for NSE:BANKNIFTY26AUG57700CE
2026-08-19 09:50:49,692 - INFO - 📊 Saved 22 snapshots for NSE:NIFTY50-INDEX  (oi range: 111,215–14,224,210)
2026-08-19 09:50:50,786 - INFO - 📡 Fetching NSE:NIFTYBANK-INDEX @ 57154  expiry=26AUG  strikes=ATM±5
2026-08-19 09:51:05,288 - INFO - ⏱️ [Real-time Exit Loop] Checking open positions @ 09:51:05...
2026-08-19 09:51:06,390 - INFO - 📊 EXECUTION AUDIT [SL_MODIFIED]: trade_id=trade_NSE_NIFTYBANK_INDEX_OrderFlow_v1.0_1787113205, candidate_id=cand_NSE_NIFTYBANK_INDEX_LIQUIDITY_SWEEP_57126.95_20260819_095005_OrderFlow_v1.0, payload={'price': 57178.45, 'old_sl': 57099.945, 'new_sl': 57151.445, 'old_tp': None, 'new_tp': 57191.07, 'reason': 'TRAILING_SL'}
2026-08-19 09:51:06,452 - INFO - 🟡 UPDATE (TRAILING_SL) [OrderFlow_v1.0|95005_OrderFlow_v1.0]: NSE:NIFTYBANK-INDEX @ 57178.45 | SL→57151.44 TP→57191.07
2026-08-19 09:51:06,473 - INFO - 📊 EXECUTION AUDIT [CF_EXITED]: trade_id=None, candidate_id=cand_NSE_NIFTYBANK_INDEX_EMAPULL_57188.85_20260819_092005_EMA_Pullback_20_50_RVOL0.5, payload={'exit_price': 57178.45, 'exit_reason': 'TRAILING_SL', 'pnl_r': -0.07750000000000007, 'duration_minutes': 31.00475195, 'bars_held': 6}
2026-08-19 09:51:06,507 - INFO - 🔴 EXIT (TRAILING_SL) [CFEMA_Pullback_20_50_RVOL0.5|llback_20_50_RVOL0.5]: NSE:NIFTYBANK-INDEX @ 57178.45 | PnL -0.08R | MFE 1.18R | Capture -7% | 6bars HoldEff -0.013R/bar
2026-08-19 09:51:06,507 - INFO - 📊 EXECUTION AUDIT [CF_TP_EXPANDED]: trade_id=None, candidate_id=cand_NSE_NIFTY50_INDEX_CONFLUENCE_BOUNCE_24094.15_202608190950_Geometry_v1.0_Score35, payload={'price': 24103.55, 'old_sl': 24085.59, 'new_sl': 24094.64, 'old_tp': 24100.0, 'new_tp': 24108.91, 'reason': 'TP_EXPANSION'}
2026-08-19 09:51:06,543 - INFO - 🟡 UPDATE (TP_EXPANSION) [CFGeometry_v1.0_Score35|eometry_v1.0_Score35]: NSE:NIFTY50-INDEX @ 24103.55 | SL→24094.64 TP→24108.91
2026-08-19 09:51:06,543 - INFO - 📊 EXECUTION AUDIT [CF_TP_EXPANDED]: trade_id=None, candidate_id=cand_NSE_NIFTYBANK_INDEX_CONFLUENCE_BOUNCE_57126.95_202608190950_Geometry_v1.0_Score35, payload={'price': 57178.45, 'old_sl': 57099.94, 'new_sl': 57151.44, 'old_tp': 57152.65, 'new_tp': 57179.659999999996, 'reason': 'TP_EXPANSION'}
2026-08-19 09:51:06,582 - INFO - 🟡 UPDATE (TP_EXPANSION) [CFGeometry_v1.0_Score35|eometry_v1.0_Score35]: NSE:NIFTYBANK-INDEX @ 57178.45 | SL→57151.44 TP→57179.66
2026-08-19 09:51:07,424 - INFO - Retrieved live premium from Fyers API: LTP=197.3 for NSE:BANKNIFTY26AUG57700CE
2026-08-19 09:51:08,406 - INFO - Retrieved live premium from Fyers API: LTP=198.75 for NSE:BANKNIFTY26AUG57700CE
2026-08-19 09:51:20,927 - INFO - 📊 Saved 22 snapshots for NSE:NIFTYBANK-INDEX  (oi range: 23,550–1,293,120)
2026-08-19 09:51:22,029 - INFO - 📡 Fetching NSE:NIFTY50-INDEX @ 24104  expiry=26AUG  strikes=ATM±5
2026-08-19 09:51:35,518 - INFO - ⏱️ [Real-time Exit Loop] Checking open positions @ 09:51:35...
2026-08-19 09:51:36,785 - INFO - 📊 EXECUTION AUDIT [TP_EXPANDED]: trade_id=trade_NSE_NIFTYBANK_INDEX_OrderFlow_v1.0_1787113205, candidate_id=cand_NSE_NIFTYBANK_INDEX_LIQUIDITY_SWEEP_57126.95_20260819_095005_OrderFlow_v1.0, payload={'price': 57208.55, 'old_sl': 57151.445, 'new_sl': 57181.545000000006, 'old_tp': 57191.07, 'new_tp': 57218.075, 'reason': 'TP_EXPANSION'}
2026-08-19 09:51:36,862 - INFO - 🟡 UPDATE (TP_EXPANSION) [OrderFlow_v1.0|95005_OrderFlow_v1.0]: NSE:NIFTYBANK-INDEX @ 57208.55 | SL→57181.55 TP→57218.07
2026-08-19 09:51:36,888 - INFO - 📊 EXECUTION AUDIT [CF_EXITED]: trade_id=None, candidate_id=cand_NSE_NIFTY50_INDEX_PDHL_BREAKOUT_24118.60_20260819_092005_PrevDay_Extremes_RVOL1.2, payload={'exit_price': 24106.9, 'exit_reason': 'TRAILING_SL', 'pnl_r': -0.04053409632808774, 'duration_minutes': 31.50858046666667, 'bars_held': 6}
2026-08-19 09:51:36,936 - INFO - 🔴 EXIT (TRAILING_SL) [CFPrevDay_Extremes_RVOL1.2|Day_Extremes_RVOL1.2]: NSE:NIFTY50-INDEX @ 24106.90 | PnL -0.04R | MFE 1.30R | Capture -3% | 6bars HoldEff -0.007R/bar
2026-08-19 09:51:36,937 - INFO - 📊 EXECUTION AUDIT [CF_SL_MODIFIED]: trade_id=None, candidate_id=cand_NSE_NIFTY50_INDEX_CONFLUENCE_BOUNCE_24094.15_202608190950_Geometry_v1.0_Score35, payload={'price': 24106.9, 'old_sl': 24094.64, 'new_sl': 24097.99, 'old_tp': None, 'new_tp': 24108.91, 'reason': 'TRAILING_SL'}
2026-08-19 09:51:36,981 - INFO - 🟡 UPDATE (TRAILING_SL) [CFGeometry_v1.0_Score35|eometry_v1.0_Score35]: NSE:NIFTY50-INDEX @ 24106.90 | SL→24097.99 TP→24108.91
2026-08-19 09:51:36,982 - INFO - 📊 EXECUTION AUDIT [CF_TP_EXPANDED]: trade_id=None, candidate_id=cand_NSE_NIFTYBANK_INDEX_CONFLUENCE_BOUNCE_57126.95_202608190950_Geometry_v1.0_Score35, payload={'price': 57208.55, 'old_sl': 57151.44, 'new_sl': 57181.54000000001, 'old_tp': 57179.659999999996, 'new_tp': 57206.66999999999, 'reason': 'TP_EXPANSION'}
2026-08-19 09:51:37,019 - INFO - 🟡 UPDATE (TP_EXPANSION) [CFGeometry_v1.0_Score35|eometry_v1.0_Score35]: NSE:NIFTYBANK-INDEX @ 57208.55 | SL→57181.54 TP→57206.67
2026-08-19 09:51:51,946 - INFO - 📊 Saved 22 snapshots for NSE:NIFTY50-INDEX  (oi range: 110,825–14,294,345)
2026-08-19 09:51:53,038 - INFO - 📡 Fetching NSE:NIFTYBANK-INDEX @ 57209  expiry=26AUG  strikes=ATM±5
2026-08-19 09:52:05,049 - INFO - ⏱️ [Real-time Exit Loop] Checking open positions @ 09:52:05...
2026-08-19 09:52:23,012 - INFO - 📊 Saved 22 snapshots for NSE:NIFTYBANK-INDEX  (oi range: 23,220–1,264,770)
2026-08-19 09:52:24,101 - INFO - 📡 Fetching NSE:NIFTY50-INDEX @ 24097  expiry=26AUG  strikes=ATM±5
2026-08-19 09:52:35,422 - INFO - ⏱️ [Real-time Exit Loop] Checking open positions @ 09:52:35...
2026-08-19 10:07:56,395 - INFO - 📊 Saved 22 snapshots for NSE:NIFTY50-INDEX  (oi range: 110,695–14,372,085)
2026-08-19 10:07:57,491 - INFO - 📡 Fetching NSE:NIFTYBANK-INDEX @ 57208  expiry=26AUG  strikes=ATM±5
2026-08-19 10:08:03,835 - INFO - ⏱️ [Real-time Exit Loop] Checking open positions @ 10:08:03...
2026-08-19 10:08:05,180 - INFO - 📊 EXECUTION AUDIT [SL_MODIFIED]: trade_id=trade_NSE_NIFTYBANK_INDEX_OrderFlow_v1.0_1787113205, candidate_id=cand_NSE_NIFTYBANK_INDEX_LIQUIDITY_SWEEP_57126.95_20260819_095005_OrderFlow_v1.0, payload={'price': 57209.05, 'old_sl': 57181.545000000006, 'new_sl': 57182.045000000006, 'old_tp': None, 'new_tp': 57218.075, 'reason': 'TRAILING_SL'}
2026-08-19 10:08:05,254 - INFO - 🟡 UPDATE (TRAILING_SL) [OrderFlow_v1.0|95005_OrderFlow_v1.0]: NSE:NIFTYBANK-INDEX @ 57209.05 | SL→57182.05 TP→57218.07
2026-08-19 10:08:05,275 - INFO - 📊 EXECUTION AUDIT [CF_TP_EXPANDED]: trade_id=None, candidate_id=cand_NSE_NIFTYBANK_INDEX_CONFLUENCE_BOUNCE_57126.95_202608190950_Geometry_v1.0_Score35, payload={'price': 57209.05, 'old_sl': 57181.54000000001, 'new_sl': 57182.04000000001, 'old_tp': 57206.66999999999, 'new_tp': 57233.679999999986, 'reason': 'TP_EXPANSION'}
2026-08-19 10:08:05,313 - INFO - 🟡 UPDATE (TP_EXPANSION) [CFGeometry_v1.0_Score35|eometry_v1.0_Score35]: NSE:NIFTYBANK-INDEX @ 57209.05 | SL→57182.04 TP→57233.68
2026-08-19 10:08:05,953 - INFO - Retrieved live premium from Fyers API: LTP=123.6 for NSE:NIFTY26AUG24150PE
2026-08-19 10:08:06,938 - INFO - Retrieved live premium from Fyers API: LTP=81.6 for NSE:NIFTY26AUG24050PE
2026-08-19 10:08:08,106 - INFO - Retrieved live premium from Fyers API: LTP=306.1 for NSE:BANKNIFTY26AUG57200PE
2026-08-19 10:08:08,989 - INFO - Retrieved live premium from Fyers API: LTP=227.85 for NSE:BANKNIFTY26AUG57000PE
2026-08-19 10:08:09,983 - INFO - Retrieved live premium from Fyers API: LTP=327.75 for NSE:BANKNIFTY26AUG57400CE
2026-08-19 10:08:11,235 - INFO - Retrieved live premium from Fyers API: LTP=241.35 for NSE:BANKNIFTY26AUG57600CE
2026-08-19 10:08:11,985 - INFO - Retrieved live premium from Fyers API: LTP=350.05 for NSE:BANKNIFTY26AUG57300PE
2026-08-19 10:08:13,078 - INFO - Retrieved live premium from Fyers API: LTP=379.2 for NSE:BANKNIFTY26AUG57300CE
2026-08-19 10:08:13,975 - INFO - Retrieved live premium from Fyers API: LTP=193.8 for NSE:BANKNIFTY26AUG56900PE
2026-08-19 10:08:14,993 - INFO - Retrieved live premium from Fyers API: LTP=205.75 for NSE:BANKNIFTY26AUG57700CE
2026-08-19 10:08:16,006 - INFO - Retrieved live premium from Fyers API: LTP=263.1 for NSE:BANKNIFTY26AUG57100PE
2026-08-19 10:08:17,027 - INFO - Retrieved live premium from Fyers API: LTP=193.8 for NSE:BANKNIFTY26AUG56900PE
2026-08-19 10:08:18,034 - INFO - Retrieved live premium from Fyers API: LTP=122.95 for NSE:NIFTY26AUG24150CE
2026-08-19 10:08:19,034 - INFO - Retrieved live premium from Fyers API: LTP=123.5 for NSE:NIFTY26AUG24150PE
2026-08-19 10:08:20,037 - INFO - Retrieved live premium from Fyers API: LTP=78.65 for NSE:NIFTY26AUG24250CE
2026-08-19 10:08:21,044 - INFO - Retrieved live premium from Fyers API: LTP=81.2 for NSE:NIFTY26AUG24050PE
2026-08-19 10:08:22,051 - INFO - Retrieved live premium from Fyers API: LTP=100.6 for NSE:NIFTY26AUG24100PE
2026-08-19 10:08:23,244 - INFO - Retrieved live premium from Fyers API: LTP=64.5 for NSE:NIFTY26AUG24000PE
2026-08-19 10:08:24,238 - INFO - Retrieved live premium from Fyers API: LTP=99.1 for NSE:NIFTY26AUG24200CE
2026-08-19 10:08:25,245 - INFO - Retrieved live premium from Fyers API: LTP=61.55 for NSE:NIFTY26AUG24300CE
2026-08-19 10:08:26,083 - INFO - Retrieved live premium from Fyers API: LTP=180.75 for NSE:NIFTY26AUG24050CE
2026-08-19 10:23:25,768 - INFO - 📊 Saved 22 snapshots for NSE:NIFTYBANK-INDEX  (oi range: 22,530–1,223,340)
2026-08-19 10:23:26,004 - WARNING - No quotes data available for ['NSE:NIFTY26AUG24150CE'] (code=-1, message=Network connection failure before HTTP response)
2026-08-19 10:23:26,004 - WARNING - ⚠️ Could not refresh leg NSE:NIFTY26AUG24150CE: Could not resolve a real premium for NSE:NIFTY26AUG24150CE (DB warehouse miss/stale AND live quote failed) — using last known premium
2026-08-19 10:23:26,115 - INFO - Retrieved live premium from Fyers API: LTP=107.4 for NSE:NIFTY26AUG24150CE
2026-08-19 10:23:26,853 - INFO - 📡 Fetching NSE:NIFTY50-INDEX @ 24066  expiry=26AUG  strikes=ATM±5
2026-08-19 10:23:27,127 - INFO - Retrieved live premium from Fyers API: LTP=67.6 for NSE:NIFTY26AUG24250CE
2026-08-19 10:23:28,298 - INFO - Retrieved live premium from Fyers API: LTP=137.9 for NSE:NIFTY26AUG24150PE
2026-08-19 10:23:29,131 - INFO - Retrieved live premium from Fyers API: LTP=107.3 for NSE:NIFTY26AUG24150CE
2026-08-19 10:23:30,150 - INFO - Retrieved live premium from Fyers API: LTP=57.7 for NSE:NIFTY26AUG23950PE
2026-08-19 10:23:31,142 - INFO - Retrieved live premium from Fyers API: LTP=40.6 for NSE:NIFTY26AUG24350CE
2026-08-19 10:23:32,157 - INFO - Retrieved live premium from Fyers API: LTP=113.0 for NSE:NIFTY26AUG24100PE
2026-08-19 10:23:33,162 - INFO - Retrieved live premium from Fyers API: LTP=73.25 for NSE:NIFTY26AUG24000PE
2026-08-19 10:23:34,165 - INFO - Retrieved live premium from Fyers API: LTP=85.6 for NSE:NIFTY26AUG24200CE
2026-08-19 10:23:35,171 - INFO - Retrieved live premium from Fyers API: LTP=52.4 for NSE:NIFTY26AUG24300CE
2026-08-19 10:23:36,205 - INFO - Retrieved live premium from Fyers API: LTP=379.35 for NSE:BANKNIFTY26AUG57300PE
2026-08-19 10:23:37,205 - INFO - Retrieved live premium from Fyers API: LTP=285.6 for NSE:BANKNIFTY26AUG57100PE
2026-08-19 10:23:38,197 - INFO - Retrieved live premium from Fyers API: LTP=339.45 for NSE:BANKNIFTY26AUG57300CE
2026-08-19 10:23:39,216 - INFO - Retrieved live premium from Fyers API: LTP=379.1 for NSE:BANKNIFTY26AUG57300PE
2026-08-19 10:23:41,221 - INFO - Retrieved live premium from Fyers API: LTP=249.5 for NSE:BANKNIFTY26AUG57500CE
2026-08-19 10:23:41,350 - INFO - Retrieved live premium from Fyers API: LTP=289.3 for NSE:BANKNIFTY26AUG57100PE
2026-08-19 10:23:42,348 - INFO - Retrieved live premium from Fyers API: LTP=138.9 for NSE:NIFTY26AUG24150PE
2026-08-19 10:23:43,364 - INFO - Retrieved live premium from Fyers API: LTP=92.15 for NSE:NIFTY26AUG24050PE
2026-08-19 10:23:44,375 - INFO - Retrieved live premium from Fyers API: LTP=85.8 for NSE:NIFTY26AUG24200CE
2026-08-19 10:23:45,371 - INFO - Retrieved live premium from Fyers API: LTP=52.25 for NSE:NIFTY26AUG24300CE
2026-08-19 10:23:46,554 - INFO - Retrieved live premium from Fyers API: LTP=336.3 for NSE:BANKNIFTY26AUG57200PE
2026-08-19 10:23:47,770 - INFO - Retrieved live premium from Fyers API: LTP=251.1 for NSE:BANKNIFTY26AUG57000PE
2026-08-19 10:23:48,792 - INFO - Retrieved live premium from Fyers API: LTP=287.65 for NSE:BANKNIFTY26AUG57400CE
2026-08-19 10:23:49,479 - INFO - Retrieved live premium from Fyers API: LTP=209.8 for NSE:BANKNIFTY26AUG57600CE
2026-08-19 10:23:50,704 - INFO - Retrieved live premium from Fyers API: LTP=442.35 for NSE:BANKNIFTY26AUG57100CE
2026-08-19 10:23:51,562 - INFO - Retrieved live premium from Fyers API: LTP=333.85 for NSE:BANKNIFTY26AUG57300CE
2026-08-19 10:23:52,528 - INFO - Retrieved live premium from Fyers API: LTP=335.4 for NSE:BANKNIFTY26AUG57300CE
2026-08-19 10:23:53,433 - INFO - Retrieved live premium from Fyers API: LTP=246.6 for NSE:BANKNIFTY26AUG57500CE
2026-08-19 10:23:54,441 - INFO - Retrieved live premium from Fyers API: LTP=386.9 for NSE:BANKNIFTY26AUG57300PE
2026-08-19 10:23:55,467 - INFO - Retrieved live premium from Fyers API: LTP=336.8 for NSE:BANKNIFTY26AUG57300CE
2026-08-19 10:23:56,610 - INFO - Retrieved live premium from Fyers API: LTP=216.45 for NSE:BANKNIFTY26AUG56900PE
2026-08-19 10:23:57,585 - INFO - 📊 Saved 22 snapshots for NSE:NIFTY50-INDEX  (oi range: 127,465–14,995,045)
2026-08-19 10:23:57,613 - INFO - Retrieved live premium from Fyers API: LTP=177.2 for NSE:BANKNIFTY26AUG57700CE
2026-08-19 10:23:58,458 - INFO - Retrieved live premium from Fyers API: LTP=335.55 for NSE:BANKNIFTY26AUG57200PE
2026-08-19 10:23:58,670 - INFO - 📡 Fetching NSE:NIFTYBANK-INDEX @ 57109  expiry=26AUG  strikes=ATM±5
2026-08-19 10:23:59,465 - INFO - Retrieved live premium from Fyers API: LTP=251.65 for NSE:BANKNIFTY26AUG57000PE
2026-08-19 10:24:00,484 - INFO - Retrieved live premium from Fyers API: LTP=290.05 for NSE:BANKNIFTY26AUG57400CE
2026-08-19 10:24:01,654 - INFO - Retrieved live premium from Fyers API: LTP=209.9 for NSE:BANKNIFTY26AUG57600CE
2026-08-19 10:24:28,742 - INFO - 📊 Saved 22 snapshots for NSE:NIFTYBANK-INDEX  (oi range: 11,370–1,215,030)
2026-08-19 10:24:29,835 - INFO - 📡 Fetching NSE:NIFTY50-INDEX @ 24065  expiry=26AUG  strikes=ATM±5
2026-08-19 10:24:35,692 - INFO - 🔔 [New Candle Closed] Running entry pipeline for candle 10:20 at 10:24:35...
2026-08-19 10:24:35,693 - INFO - --- 10:24:35 Market Pulse ---
2026-08-19 10:24:42,856 - INFO - 📊 EXECUTION AUDIT [ORDER_EXITED]: trade_id=trade_NSE_NIFTYBANK_INDEX_OrderFlow_v1.0_1787113205, candidate_id=cand_NSE_NIFTYBANK_INDEX_LIQUIDITY_SWEEP_57126.95_20260819_095005_OrderFlow_v1.0, payload={'exit_price': 57182.045000000006, 'exit_reason': 'TRAILING_SL', 'pnl_r': -0.004074241738343167, 'duration_minutes': 34.50764518333334, 'bars_held': 1}
2026-08-19 10:24:42,937 - INFO - 🔴 EXIT (TRAILING_SL) [OrderFlow_v1.0|95005_OrderFlow_v1.0]: NSE:NIFTYBANK-INDEX @ 57182.05 | PnL -0.00R | MFE 3.04R | Capture -0% | 1bars HoldEff -0.004R/bar
2026-08-19 10:24:42,937 - INFO - 📊 EXECUTION AUDIT [CF_EXITED]: trade_id=None, candidate_id=cand_NSE_NIFTY50_INDEX_CONFLUENCE_BOUNCE_24094.15_202608190950_Geometry_v1.0_Score35, payload={'exit_price': 24093.25, 'exit_reason': 'TRAILING_SL', 'pnl_r': -0.08298465829846587, 'duration_minutes': 34.50764518333334, 'bars_held': 1}
2026-08-19 10:24:42,990 - INFO - 🔴 EXIT (TRAILING_SL) [CFGeometry_v1.0_Score35|eometry_v1.0_Score35]: NSE:NIFTY50-INDEX @ 24093.25 | PnL -0.08R | MFE 1.43R | Capture -6% | 1bars HoldEff -0.083R/bar
2026-08-19 10:24:42,990 - INFO - 📊 EXECUTION AUDIT [CF_EXITED]: trade_id=None, candidate_id=cand_NSE_NIFTYBANK_INDEX_CONFLUENCE_BOUNCE_57126.95_202608190950_Geometry_v1.0_Score35, payload={'exit_price': 57182.04000000001, 'exit_reason': 'TRAILING_SL', 'pnl_r': -0.004074241738343167, 'duration_minutes': 34.50764518333334, 'bars_held': 1}
2026-08-19 10:24:43,030 - INFO - 🔴 EXIT (TRAILING_SL) [CFGeometry_v1.0_Score35|eometry_v1.0_Score35]: NSE:NIFTYBANK-INDEX @ 57182.04 | PnL -0.00R | MFE 3.04R | Capture -0% | 1bars HoldEff -0.004R/bar
2026-08-19 10:24:43,856 - INFO - Retrieved live premium from Fyers API: LTP=175.35 for NSE:BANKNIFTY26AUG57700CE
2026-08-19 10:24:44,854 - INFO - Retrieved live premium from Fyers API: LTP=40.15 for NSE:NIFTY26AUG24350CE
2026-08-19 10:24:45,876 - INFO - Retrieved live premium from Fyers API: LTP=175.75 for NSE:BANKNIFTY26AUG57700CE
2026-08-19 10:24:48,319 - WARNING - ⚡ [OI_Scalping_v1.0] errors: ['INSUFFICIENT_ATM_DATA'] (0.0ms)
2026-08-19 10:24:48,331 - INFO - Resolved active expiry from DB: 26AUG (2026-08-25)
2026-08-19 10:24:48,331 - INFO - 👻 [Structural_v3.2_RVOL1.0] CF BREAKOUT NSE:NIFTY50-INDEX BUY PUT | Rejected: ['BIAS_MISMATCH', 'LOW_EFFICIENCY', 'NO_TARGET_ZONE']
2026-08-19 10:24:48,331 - INFO - 📊 EXECUTION AUDIT [SIGNAL_GENERATED]: trade_id=None, candidate_id=cand_NSE_NIFTY50_INDEX_BREAKOUT_24065.10_20260819_101500_Structural_v3.2_RVOL1.0, payload={'symbol': 'NSE:NIFTY50-INDEX', 'signal': 'BUY PUT', 'strategy': 'BREAKOUT', 'price': 24072.7, 'stop_loss': 24082.460714285717, 'take_profit': 24053.17857142857, 'tp1': 24058.058928571427, 'rr_ratio': 2.0, 'timestamp': '2026-08-19T10:15:00+05:30', 'accepted': False, 'rejection_reasons': ['BIAS_MISMATCH', 'LOW_EFFICIENCY', 'NO_TARGET_ZONE'], 'features': {'date': '2026-08-19', 'strategy_name': 'Structural_v3', 'strategy_version': 'v3.2', 'feature_version': 'v1.1', 'market_regime': 'STRONG_TREND_DOWN_HIGH_VOL', 'day_type': 'NORMAL_DAY', 'session_type': 'MID', 'daily_bias': 'NEUTRAL', 'hourly_bias': 'NEUTRAL', 'trend_strength': 0.0, 'rvol': 2.09, 'rvol_threshold': 1.0, 'atr': 19.52, 'distance_from_supply': 9999.0, 'distance_from_demand': 9999.0, 'nearest_supply_strength': 0.0, 'nearest_demand_strength': 0.0, 'distance_to_liquidity_pool': 9999.0, 'liquidity_score': 20.9, 'indicator_snapshot': {'rvol_tod': 2.09, 'is_compressed': True, 'bos_count': 0}, 'move_efficiency': 0.0202, 'wickiness': 0.4934, 'fft_score': 0.0, 'setup_type': 'BREAKOUT', 'candidate_id': 'cand_NSE_NIFTY50_INDEX_BREAKOUT_24065.10_20260819_101500', 'ema20': 24119.26, 'ema50': 24159.99, 'move_efficiency_h1': 0.6094, 'ema_bullish': False, 'rsi14': 18.65, 'rsi2': 0.0, 'distance_to_vwap': -0.0012, 'atr_percentile': 0.9858, 'dist_prev_high': -0.0081, 'dist_prev_low': -0.0034, 'adx': 36.7, 'adx_slope': 1.3421, 'gap_pct': -0.0001, 'regime_primary': 'STRONG_TREND_DOWN', 'regime_vol_state': 'HIGH_VOL'}, 'candidate_id': 'cand_NSE_NIFTY50_INDEX_BREAKOUT_24065.10_20260819_101500_Structural_v3.2_RVOL1.0', 'experiment_name': 'Structural_v3.2_RVOL1.0', 'strategy_id': 'structural', 'version': 'v3.2'}
2026-08-19 10:24:48,350 - INFO - Resolved active expiry from DB: 26AUG (2026-08-25)
2026-08-19 10:24:48,362 - INFO - Resolved index signal into option contract: OptionContract(symbol='NSE:NIFTY26AUG24050PE', strike=24050.0, expiry='26AUG', option_type='PE', premium=92.25, delta=0.5, bid=92.4, ask=92.55, volume=30261595, resolved_at=datetime.datetime(2026, 8, 19, 10, 24, 48, 362776))
2026-08-19 10:24:48,362 - INFO - ⚡ Option strike selection resolved index signal to contract NSE:NIFTY26AUG24050PE @ premium 92.25 (type: PE, strike: 24050.0)
2026-08-19 10:24:48,363 - INFO - 📊 EXECUTION AUDIT [STRIKE_SELECTED]: trade_id=None, candidate_id=cand_NSE_NIFTY50_INDEX_BREAKOUT_24065.10_20260819_101500_Structural_v3.2_RVOL1.0, payload={'symbol': 'NSE:NIFTY26AUG24050PE', 'strike': 24050.0, 'expiry': '26AUG', 'type': 'PE'}
2026-08-19 10:24:48,374 - INFO - 📊 EXECUTION AUDIT [PREMIUM_RETRIEVED]: trade_id=None, candidate_id=cand_NSE_NIFTY50_INDEX_BREAKOUT_24065.10_20260819_101500_Structural_v3.2_RVOL1.0, payload={'premium': 92.25, 'bid': 92.4, 'ask': 92.55}
2026-08-19 10:24:48,384 - INFO - 📊 EXECUTION AUDIT [CF_SUBMITTED]: trade_id=None, candidate_id=cand_NSE_NIFTY50_INDEX_BREAKOUT_24065.10_20260819_101500_Structural_v3.2_RVOL1.0, payload={'price': 24072.7, 'sl': 24082.460714285717, 'tp': 24053.17857142857}
2026-08-19 10:24:48,396 - INFO - 📊 EXECUTION AUDIT [CF_FILLED]: trade_id=None, candidate_id=cand_NSE_NIFTY50_INDEX_BREAKOUT_24065.10_20260819_101500_Structural_v3.2_RVOL1.0, payload={'price': 24072.7, 'sl': 24082.460714285717, 'tp': 24053.17857142857}
2026-08-19 10:24:48,406 - INFO - 💰 Position size [BREAKOUT|STRONG_TREND_DOWN_HIGH_VOL|conf=70]: frac=0.005 → ₹5,000 (risk/unit=0.04%)
2026-08-19 10:24:48,430 - INFO - 🟢 ENTRY [CF|Structural_v3.2_RVOL1.0|uctural_v3.2_RVOL1.0]: NSE:NIFTY50-INDEX BUY PUT @ 24072.70 | SL: 24082.46 TP: 24053.18
2026-08-19 10:24:48,430 - INFO - 👻 [Structural_v3.2_RVOL0.8] CF BREAKOUT NSE:NIFTY50-INDEX BUY PUT | Rejected: ['BIAS_MISMATCH', 'LOW_EFFICIENCY', 'NO_TARGET_ZONE']
2026-08-19 10:24:48,430 - INFO - 📊 EXECUTION AUDIT [SIGNAL_GENERATED]: trade_id=None, candidate_id=cand_NSE_NIFTY50_INDEX_BREAKOUT_24065.10_20260819_101500_Structural_v3.2_RVOL0.8, payload={'symbol': 'NSE:NIFTY50-INDEX', 'signal': 'BUY PUT', 'strategy': 'BREAKOUT', 'price': 24072.7, 'stop_loss': 24082.460714285717, 'take_profit': 24053.17857142857, 'tp1': 24058.058928571427, 'rr_ratio': 2.0, 'timestamp': '2026-08-19T10:15:00+05:30', 'accepted': False, 'rejection_reasons': ['BIAS_MISMATCH', 'LOW_EFFICIENCY', 'NO_TARGET_ZONE'], 'features': {'date': '2026-08-19', 'strategy_name': 'Structural_v3', 'strategy_version': 'v3.2', 'feature_version': 'v1.1', 'market_regime': 'STRONG_TREND_DOWN_HIGH_VOL', 'day_type': 'NORMAL_DAY', 'session_type': 'MID', 'daily_bias': 'NEUTRAL', 'hourly_bias': 'NEUTRAL', 'trend_strength': 0.0, 'rvol': 2.09, 'rvol_threshold': 0.8, 'atr': 19.52, 'distance_from_supply': 9999.0, 'distance_from_demand': 9999.0, 'nearest_supply_strength': 0.0, 'nearest_demand_strength': 0.0, 'distance_to_liquidity_pool': 9999.0, 'liquidity_score': 20.9, 'indicator_snapshot': {'rvol_tod': 2.09, 'is_compressed': True, 'bos_count': 0}, 'move_efficiency': 0.0202, 'wickiness': 0.4934, 'fft_score': 0.0, 'setup_type': 'BREAKOUT', 'candidate_id': 'cand_NSE_NIFTY50_INDEX_BREAKOUT_24065.10_20260819_101500', 'ema20': 24119.26, 'ema50': 24159.99, 'move_efficiency_h1': 0.6094, 'ema_bullish': False, 'rsi14': 18.65, 'rsi2': 0.0, 'distance_to_vwap': -0.0012, 'atr_percentile': 0.9858, 'dist_prev_high': -0.0081, 'dist_prev_low': -0.0034, 'adx': 36.7, 'adx_slope': 1.3421, 'gap_pct': -0.0001, 'regime_primary': 'STRONG_TREND_DOWN', 'regime_vol_state': 'HIGH_VOL'}, 'candidate_id': 'cand_NSE_NIFTY50_INDEX_BREAKOUT_24065.10_20260819_101500_Structural_v3.2_RVOL0.8', 'experiment_name': 'Structural_v3.2_RVOL0.8', 'strategy_id': 'structural', 'version': 'v3.2'}
2026-08-19 10:24:48,452 - INFO - Resolved active expiry from DB: 26AUG (2026-08-25)
2026-08-19 10:24:48,465 - INFO - Resolved index signal into option contract: OptionContract(symbol='NSE:NIFTY26AUG24050PE', strike=24050.0, expiry='26AUG', option_type='PE', premium=92.25, delta=0.5, bid=92.4, ask=92.55, volume=30261595, resolved_at=datetime.datetime(2026, 8, 19, 10, 24, 48, 465697))
2026-08-19 10:24:48,465 - INFO - ⚡ Option strike selection resolved index signal to contract NSE:NIFTY26AUG24050PE @ premium 92.25 (type: PE, strike: 24050.0)
2026-08-19 10:24:48,465 - INFO - 📊 EXECUTION AUDIT [STRIKE_SELECTED]: trade_id=None, candidate_id=cand_NSE_NIFTY50_INDEX_BREAKOUT_24065.10_20260819_101500_Structural_v3.2_RVOL0.8, payload={'symbol': 'NSE:NIFTY26AUG24050PE', 'strike': 24050.0, 'expiry': '26AUG', 'type': 'PE'}
2026-08-19 10:24:48,477 - INFO - 📊 EXECUTION AUDIT [PREMIUM_RETRIEVED]: trade_id=None, candidate_id=cand_NSE_NIFTY50_INDEX_BREAKOUT_24065.10_20260819_101500_Structural_v3.2_RVOL0.8, payload={'premium': 92.25, 'bid': 92.4, 'ask': 92.55}
2026-08-19 10:24:48,488 - INFO - 📊 EXECUTION AUDIT [CF_SUBMITTED]: trade_id=None, candidate_id=cand_NSE_NIFTY50_INDEX_BREAKOUT_24065.10_20260819_101500_Structural_v3.2_RVOL0.8, payload={'price': 24072.7, 'sl': 24082.460714285717, 'tp': 24053.17857142857}
2026-08-19 10:24:48,499 - INFO - 📊 EXECUTION AUDIT [CF_FILLED]: trade_id=None, candidate_id=cand_NSE_NIFTY50_INDEX_BREAKOUT_24065.10_20260819_101500_Structural_v3.2_RVOL0.8, payload={'price': 24072.7, 'sl': 24082.460714285717, 'tp': 24053.17857142857}
2026-08-19 10:24:48,509 - INFO - 💰 Position size [BREAKOUT|STRONG_TREND_DOWN_HIGH_VOL|conf=70]: frac=0.005 → ₹5,000 (risk/unit=0.04%)
2026-08-19 10:24:48,533 - INFO - 🟢 ENTRY [CF|Structural_v3.2_RVOL0.8|uctural_v3.2_RVOL0.8]: NSE:NIFTY50-INDEX BUY PUT @ 24072.70 | SL: 24082.46 TP: 24053.18
2026-08-19 10:24:48,533 - INFO - 👻 [Structural_v3.3_ExitMgmt] CF BREAKOUT NSE:NIFTY50-INDEX BUY PUT | Rejected: ['BIAS_MISMATCH', 'LOW_EFFICIENCY', 'NO_TARGET_ZONE']
2026-08-19 10:24:48,533 - INFO - 📊 EXECUTION AUDIT [SIGNAL_GENERATED]: trade_id=None, candidate_id=cand_NSE_NIFTY50_INDEX_BREAKOUT_24065.10_20260819_101500_Structural_v3.3_ExitMgmt, payload={'symbol': 'NSE:NIFTY50-INDEX', 'signal': 'BUY PUT', 'strategy': 'BREAKOUT', 'price': 24072.7, 'stop_loss': 24082.460714285717, 'take_profit': 24053.17857142857, 'tp1': 24058.058928571427, 'rr_ratio': 2.0, 'timestamp': '2026-08-19T10:15:00+05:30', 'accepted': False, 'rejection_reasons': ['BIAS_MISMATCH', 'LOW_EFFICIENCY', 'NO_TARGET_ZONE'], 'features': {'date': '2026-08-19', 'strategy_name': 'Structural_v3', 'strategy_version': 'v3.2', 'feature_version': 'v1.1', 'market_regime': 'STRONG_TREND_DOWN_HIGH_VOL', 'day_type': 'NORMAL_DAY', 'session_type': 'MID', 'daily_bias': 'NEUTRAL', 'hourly_bias': 'NEUTRAL', 'trend_strength': 0.0, 'rvol': 2.09, 'rvol_threshold': 1.0, 'atr': 19.52, 'distance_from_supply': 9999.0, 'distance_from_demand': 9999.0, 'nearest_supply_strength': 0.0, 'nearest_demand_strength': 0.0, 'distance_to_liquidity_pool': 9999.0, 'liquidity_score': 20.9, 'indicator_snapshot': {'rvol_tod': 2.09, 'is_compressed': True, 'bos_count': 0}, 'move_efficiency': 0.0202, 'wickiness': 0.4934, 'fft_score': 0.0, 'setup_type': 'BREAKOUT', 'candidate_id': 'cand_NSE_NIFTY50_INDEX_BREAKOUT_24065.10_20260819_101500', 'ema20': 24119.26, 'ema50': 24159.99, 'move_efficiency_h1': 0.6094, 'ema_bullish': False, 'rsi14': 18.65, 'rsi2': 0.0, 'distance_to_vwap': -0.0012, 'atr_percentile': 0.9858, 'dist_prev_high': -0.0081, 'dist_prev_low': -0.0034, 'adx': 36.7, 'adx_slope': 1.3421, 'gap_pct': -0.0001, 'regime_primary': 'STRONG_TREND_DOWN', 'regime_vol_state': 'HIGH_VOL'}, 'candidate_id': 'cand_NSE_NIFTY50_INDEX_BREAKOUT_24065.10_20260819_101500_Structural_v3.3_ExitMgmt', 'experiment_name': 'Structural_v3.3_ExitMgmt', 'strategy_id': 'structural', 'version': 'v3.2'}
2026-08-19 10:24:48,557 - INFO - Resolved active expiry from DB: 26AUG (2026-08-25)
2026-08-19 10:24:48,571 - INFO - Resolved index signal into option contract: OptionContract(symbol='NSE:NIFTY26AUG24050PE', strike=24050.0, expiry='26AUG', option_type='PE', premium=92.25, delta=0.5, bid=92.4, ask=92.55, volume=30261595, resolved_at=datetime.datetime(2026, 8, 19, 10, 24, 48, 571469))
2026-08-19 10:24:48,571 - INFO - ⚡ Option strike selection resolved index signal to contract NSE:NIFTY26AUG24050PE @ premium 92.25 (type: PE, strike: 24050.0)
2026-08-19 10:24:48,571 - INFO - 📊 EXECUTION AUDIT [STRIKE_SELECTED]: trade_id=None, candidate_id=cand_NSE_NIFTY50_INDEX_BREAKOUT_24065.10_20260819_101500_Structural_v3.3_ExitMgmt, payload={'symbol': 'NSE:NIFTY26AUG24050PE', 'strike': 24050.0, 'expiry': '26AUG', 'type': 'PE'}
2026-08-19 10:24:48,582 - INFO - 📊 EXECUTION AUDIT [PREMIUM_RETRIEVED]: trade_id=None, candidate_id=cand_NSE_NIFTY50_INDEX_BREAKOUT_24065.10_20260819_101500_Structural_v3.3_ExitMgmt, payload={'premium': 92.25, 'bid': 92.4, 'ask': 92.55}
2026-08-19 10:24:48,593 - INFO - 📊 EXECUTION AUDIT [CF_SUBMITTED]: trade_id=None, candidate_id=cand_NSE_NIFTY50_INDEX_BREAKOUT_24065.10_20260819_101500_Structural_v3.3_ExitMgmt, payload={'price': 24072.7, 'sl': 24082.460714285717, 'tp': 24053.17857142857}
2026-08-19 10:24:48,605 - INFO - 📊 EXECUTION AUDIT [CF_FILLED]: trade_id=None, candidate_id=cand_NSE_NIFTY50_INDEX_BREAKOUT_24065.10_20260819_101500_Structural_v3.3_ExitMgmt, payload={'price': 24072.7, 'sl': 24082.460714285717, 'tp': 24053.17857142857}
2026-08-19 10:24:48,616 - INFO - 💰 Position size [BREAKOUT|STRONG_TREND_DOWN_HIGH_VOL|conf=70]: frac=0.005 → ₹5,000 (risk/unit=0.04%)
2026-08-19 10:24:48,641 - INFO - 🟢 ENTRY [CF|Structural_v3.3_ExitMgmt|ctural_v3.3_ExitMgmt]: NSE:NIFTY50-INDEX BUY PUT @ 24072.70 | SL: 24082.46 TP: 24053.18
2026-08-19 10:24:48,641 - WARNING - ⚡ [OI_Scalping_v1.0] errors: ['INSUFFICIENT_ATM_DATA']
2026-08-19 10:24:50,541 - WARNING - ⚡ [OI_Scalping_v1.0] errors: ['INSUFFICIENT_ATM_DATA'] (0.0ms)
2026-08-19 10:24:50,553 - INFO - Resolved active expiry from DB: 26AUG (2026-08-25)
2026-08-19 10:24:50,554 - INFO - 👻 [Structural_v3.2_RVOL1.0] CF BREAKOUT NSE:NIFTYBANK-INDEX BUY PUT | Rejected: ['BIAS_MISMATCH', 'LOW_EFFICIENCY', 'NO_TARGET_ZONE']
2026-08-19 10:24:50,554 - INFO - 📊 EXECUTION AUDIT [SIGNAL_GENERATED]: trade_id=None, candidate_id=cand_NSE_NIFTYBANK_INDEX_BREAKOUT_57001.75_20260819_101500_Structural_v3.2_RVOL1.0, payload={'symbol': 'NSE:NIFTYBANK-INDEX', 'signal': 'BUY PUT', 'strategy': 'BREAKOUT', 'price': 57145.45, 'stop_loss': 57182.55535714285, 'take_profit': 57071.239285714284, 'tp1': 57089.791964285716, 'rr_ratio': 2.0, 'timestamp': '2026-08-19T10:15:00+05:30', 'accepted': False, 'rejection_reasons': ['BIAS_MISMATCH', 'LOW_EFFICIENCY', 'NO_TARGET_ZONE'], 'features': {'date': '2026-08-19', 'strategy_name': 'Structural_v3', 'strategy_version': 'v3.2', 'feature_version': 'v1.1', 'market_regime': 'WEAK_TREND_DOWN_HIGH_VOL', 'day_type': 'NORMAL_DAY', 'session_type': 'MID', 'daily_bias': 'NEUTRAL', 'hourly_bias': 'NEUTRAL', 'trend_strength': 0.0, 'rvol': 2.85, 'rvol_threshold': 1.0, 'atr': 74.21, 'distance_from_supply': 740.4, 'distance_from_demand': 9999.0, 'nearest_supply_strength': 65.5, 'nearest_demand_strength': 0.0, 'distance_to_liquidity_pool': 9999.0, 'liquidity_score': 28.5, 'indicator_snapshot': {'rvol_tod': 2.85, 'is_compressed': True, 'bos_count': 0}, 'move_efficiency': 0.3303, 'wickiness': 0.4823, 'fft_score': 0.0, 'setup_type': 'BREAKOUT', 'candidate_id': 'cand_NSE_NIFTYBANK_INDEX_BREAKOUT_57001.75_20260819_101500', 'ema20': 57202.48, 'ema50': 57261.9, 'move_efficiency_h1': 0.2634, 'ema_bullish': False, 'rsi14': 36.49, 'rsi2': 0.0, 'distance_to_vwap': -0.0001, 'atr_percentile': 0.9858, 'dist_prev_high': -0.0076, 'dist_prev_low': -0.0013, 'adx': 20.07, 'adx_slope': -3.6802, 'gap_pct': -0.0, 'regime_primary': 'WEAK_TREND_DOWN', 'regime_vol_state': 'HIGH_VOL'}, 'candidate_id': 'cand_NSE_NIFTYBANK_INDEX_BREAKOUT_57001.75_20260819_101500_Structural_v3.2_RVOL1.0', 'experiment_name': 'Structural_v3.2_RVOL1.0', 'strategy_id': 'structural', 'version': 'v3.2'}
2026-08-19 10:24:50,574 - INFO - Resolved active expiry from DB: 26AUG (2026-08-25)
2026-08-19 10:24:50,586 - INFO - Resolved index signal into option contract: OptionContract(symbol='NSE:BANKNIFTY26AUG57100PE', strike=57100.0, expiry='26AUG', option_type='PE', premium=292.3, delta=0.5, bid=291.6, ask=292.4, volume=1389690, resolved_at=datetime.datetime(2026, 8, 19, 10, 24, 50, 586572))
2026-08-19 10:24:50,586 - INFO - ⚡ Option strike selection resolved index signal to contract NSE:BANKNIFTY26AUG57100PE @ premium 292.3 (type: PE, strike: 57100.0)
2026-08-19 10:24:50,586 - INFO - 📊 EXECUTION AUDIT [STRIKE_SELECTED]: trade_id=None, candidate_id=cand_NSE_NIFTYBANK_INDEX_BREAKOUT_57001.75_20260819_101500_Structural_v3.2_RVOL1.0, payload={'symbol': 'NSE:BANKNIFTY26AUG57100PE', 'strike': 57100.0, 'expiry': '26AUG', 'type': 'PE'}
2026-08-19 10:24:50,597 - INFO - 📊 EXECUTION AUDIT [PREMIUM_RETRIEVED]: trade_id=None, candidate_id=cand_NSE_NIFTYBANK_INDEX_BREAKOUT_57001.75_20260819_101500_Structural_v3.2_RVOL1.0, payload={'premium': 292.3, 'bid': 291.6, 'ask': 292.4}
2026-08-19 10:24:50,610 - INFO - 📊 EXECUTION AUDIT [CF_SUBMITTED]: trade_id=None, candidate_id=cand_NSE_NIFTYBANK_INDEX_BREAKOUT_57001.75_20260819_101500_Structural_v3.2_RVOL1.0, payload={'price': 57145.45, 'sl': 57182.55535714285, 'tp': 57071.239285714284}
2026-08-19 10:24:50,621 - INFO - 📊 EXECUTION AUDIT [CF_FILLED]: trade_id=None, candidate_id=cand_NSE_NIFTYBANK_INDEX_BREAKOUT_57001.75_20260819_101500_Structural_v3.2_RVOL1.0, payload={'price': 57145.45, 'sl': 57182.55535714285, 'tp': 57071.239285714284}
2026-08-19 10:24:50,633 - INFO - 💰 Position size [BREAKOUT|WEAK_TREND_DOWN_HIGH_VOL|conf=70]: frac=0.004 → ₹5,000 (risk/unit=0.06%)
2026-08-19 10:24:50,657 - INFO - 🟢 ENTRY [CF|Structural_v3.2_RVOL1.0|uctural_v3.2_RVOL1.0]: NSE:NIFTYBANK-INDEX BUY PUT @ 57145.45 | SL: 57182.56 TP: 57071.24
2026-08-19 10:24:50,657 - INFO - 👻 [Structural_v3.2_RVOL0.8] CF BREAKOUT NSE:NIFTYBANK-INDEX BUY PUT | Rejected: ['BIAS_MISMATCH', 'LOW_EFFICIENCY', 'NO_TARGET_ZONE']
2026-08-19 10:24:50,657 - INFO - 📊 EXECUTION AUDIT [SIGNAL_GENERATED]: trade_id=None, candidate_id=cand_NSE_NIFTYBANK_INDEX_BREAKOUT_57001.75_20260819_101500_Structural_v3.2_RVOL0.8, payload={'symbol': 'NSE:NIFTYBANK-INDEX', 'signal': 'BUY PUT', 'strategy': 'BREAKOUT', 'price': 57145.45, 'stop_loss': 57182.55535714285, 'take_profit': 57071.239285714284, 'tp1': 57089.791964285716, 'rr_ratio': 2.0, 'timestamp': '2026-08-19T10:15:00+05:30', 'accepted': False, 'rejection_reasons': ['BIAS_MISMATCH', 'LOW_EFFICIENCY', 'NO_TARGET_ZONE'], 'features': {'date': '2026-08-19', 'strategy_name': 'Structural_v3', 'strategy_version': 'v3.2', 'feature_version': 'v1.1', 'market_regime': 'WEAK_TREND_DOWN_HIGH_VOL', 'day_type': 'NORMAL_DAY', 'session_type': 'MID', 'daily_bias': 'NEUTRAL', 'hourly_bias': 'NEUTRAL', 'trend_strength': 0.0, 'rvol': 2.85, 'rvol_threshold': 0.8, 'atr': 74.21, 'distance_from_supply': 740.4, 'distance_from_demand': 9999.0, 'nearest_supply_strength': 65.5, 'nearest_demand_strength': 0.0, 'distance_to_liquidity_pool': 9999.0, 'liquidity_score': 28.5, 'indicator_snapshot': {'rvol_tod': 2.85, 'is_compressed': True, 'bos_count': 0}, 'move_efficiency': 0.3303, 'wickiness': 0.4823, 'fft_score': 0.0, 'setup_type': 'BREAKOUT', 'candidate_id': 'cand_NSE_NIFTYBANK_INDEX_BREAKOUT_57001.75_20260819_101500', 'ema20': 57202.48, 'ema50': 57261.9, 'move_efficiency_h1': 0.2634, 'ema_bullish': False, 'rsi14': 36.49, 'rsi2': 0.0, 'distance_to_vwap': -0.0001, 'atr_percentile': 0.9858, 'dist_prev_high': -0.0076, 'dist_prev_low': -0.0013, 'adx': 20.07, 'adx_slope': -3.6802, 'gap_pct': -0.0, 'regime_primary': 'WEAK_TREND_DOWN', 'regime_vol_state': 'HIGH_VOL'}, 'candidate_id': 'cand_NSE_NIFTYBANK_INDEX_BREAKOUT_57001.75_20260819_101500_Structural_v3.2_RVOL0.8', 'experiment_name': 'Structural_v3.2_RVOL0.8', 'strategy_id': 'structural', 'version': 'v3.2'}
2026-08-19 10:24:50,680 - INFO - Resolved active expiry from DB: 26AUG (2026-08-25)
2026-08-19 10:24:50,693 - INFO - Resolved index signal into option contract: OptionContract(symbol='NSE:BANKNIFTY26AUG57100PE', strike=57100.0, expiry='26AUG', option_type='PE', premium=292.3, delta=0.5, bid=291.6, ask=292.4, volume=1389690, resolved_at=datetime.datetime(2026, 8, 19, 10, 24, 50, 693022))
2026-08-19 10:24:50,693 - INFO - ⚡ Option strike selection resolved index signal to contract NSE:BANKNIFTY26AUG57100PE @ premium 292.3 (type: PE, strike: 57100.0)
2026-08-19 10:24:50,693 - INFO - 📊 EXECUTION AUDIT [STRIKE_SELECTED]: trade_id=None, candidate_id=cand_NSE_NIFTYBANK_INDEX_BREAKOUT_57001.75_20260819_101500_Structural_v3.2_RVOL0.8, payload={'symbol': 'NSE:BANKNIFTY26AUG57100PE', 'strike': 57100.0, 'expiry': '26AUG', 'type': 'PE'}
2026-08-19 10:24:50,705 - INFO - 📊 EXECUTION AUDIT [PREMIUM_RETRIEVED]: trade_id=None, candidate_id=cand_NSE_NIFTYBANK_INDEX_BREAKOUT_57001.75_20260819_101500_Structural_v3.2_RVOL0.8, payload={'premium': 292.3, 'bid': 291.6, 'ask': 292.4}
2026-08-19 10:24:50,719 - INFO - 📊 EXECUTION AUDIT [CF_SUBMITTED]: trade_id=None, candidate_id=cand_NSE_NIFTYBANK_INDEX_BREAKOUT_57001.75_20260819_101500_Structural_v3.2_RVOL0.8, payload={'price': 57145.45, 'sl': 57182.55535714285, 'tp': 57071.239285714284}
2026-08-19 10:24:50,731 - INFO - 📊 EXECUTION AUDIT [CF_FILLED]: trade_id=None, candidate_id=cand_NSE_NIFTYBANK_INDEX_BREAKOUT_57001.75_20260819_101500_Structural_v3.2_RVOL0.8, payload={'price': 57145.45, 'sl': 57182.55535714285, 'tp': 57071.239285714284}
2026-08-19 10:24:50,742 - INFO - 💰 Position size [BREAKOUT|WEAK_TREND_DOWN_HIGH_VOL|conf=70]: frac=0.004 → ₹5,000 (risk/unit=0.06%)
2026-08-19 10:24:50,766 - INFO - 🟢 ENTRY [CF|Structural_v3.2_RVOL0.8|uctural_v3.2_RVOL0.8]: NSE:NIFTYBANK-INDEX BUY PUT @ 57145.45 | SL: 57182.56 TP: 57071.24
2026-08-19 10:24:50,767 - INFO - 👻 [Structural_v3.3_ExitMgmt] CF BREAKOUT NSE:NIFTYBANK-INDEX BUY PUT | Rejected: ['BIAS_MISMATCH', 'LOW_EFFICIENCY', 'NO_TARGET_ZONE']
2026-08-19 10:24:50,767 - INFO - 📊 EXECUTION AUDIT [SIGNAL_GENERATED]: trade_id=None, candidate_id=cand_NSE_NIFTYBANK_INDEX_BREAKOUT_57001.75_20260819_101500_Structural_v3.3_ExitMgmt, payload={'symbol': 'NSE:NIFTYBANK-INDEX', 'signal': 'BUY PUT', 'strategy': 'BREAKOUT', 'price': 57145.45, 'stop_loss': 57182.55535714285, 'take_profit': 57071.239285714284, 'tp1': 57089.791964285716, 'rr_ratio': 2.0, 'timestamp': '2026-08-19T10:15:00+05:30', 'accepted': False, 'rejection_reasons': ['BIAS_MISMATCH', 'LOW_EFFICIENCY', 'NO_TARGET_ZONE'], 'features': {'date': '2026-08-19', 'strategy_name': 'Structural_v3', 'strategy_version': 'v3.2', 'feature_version': 'v1.1', 'market_regime': 'WEAK_TREND_DOWN_HIGH_VOL', 'day_type': 'NORMAL_DAY', 'session_type': 'MID', 'daily_bias': 'NEUTRAL', 'hourly_bias': 'NEUTRAL', 'trend_strength': 0.0, 'rvol': 2.85, 'rvol_threshold': 1.0, 'atr': 74.21, 'distance_from_supply': 740.4, 'distance_from_demand': 9999.0, 'nearest_supply_strength': 65.5, 'nearest_demand_strength': 0.0, 'distance_to_liquidity_pool': 9999.0, 'liquidity_score': 28.5, 'indicator_snapshot': {'rvol_tod': 2.85, 'is_compressed': True, 'bos_count': 0}, 'move_efficiency': 0.3303, 'wickiness': 0.4823, 'fft_score': 0.0, 'setup_type': 'BREAKOUT', 'candidate_id': 'cand_NSE_NIFTYBANK_INDEX_BREAKOUT_57001.75_20260819_101500', 'ema20': 57202.48, 'ema50': 57261.9, 'move_efficiency_h1': 0.2634, 'ema_bullish': False, 'rsi14': 36.49, 'rsi2': 0.0, 'distance_to_vwap': -0.0001, 'atr_percentile': 0.9858, 'dist_prev_high': -0.0076, 'dist_prev_low': -0.0013, 'adx': 20.07, 'adx_slope': -3.6802, 'gap_pct': -0.0, 'regime_primary': 'WEAK_TREND_DOWN', 'regime_vol_state': 'HIGH_VOL'}, 'candidate_id': 'cand_NSE_NIFTYBANK_INDEX_BREAKOUT_57001.75_20260819_101500_Structural_v3.3_ExitMgmt', 'experiment_name': 'Structural_v3.3_ExitMgmt', 'strategy_id': 'structural', 'version': 'v3.2'}
2026-08-19 10:24:50,793 - INFO - Resolved active expiry from DB: 26AUG (2026-08-25)
2026-08-19 10:24:50,807 - INFO - Resolved index signal into option contract: OptionContract(symbol='NSE:BANKNIFTY26AUG57100PE', strike=57100.0, expiry='26AUG', option_type='PE', premium=292.3, delta=0.5, bid=291.6, ask=292.4, volume=1389690, resolved_at=datetime.datetime(2026, 8, 19, 10, 24, 50, 807449))
2026-08-19 10:24:50,807 - INFO - ⚡ Option strike selection resolved index signal to contract NSE:BANKNIFTY26AUG57100PE @ premium 292.3 (type: PE, strike: 57100.0)
2026-08-19 10:24:50,807 - INFO - 📊 EXECUTION AUDIT [STRIKE_SELECTED]: trade_id=None, candidate_id=cand_NSE_NIFTYBANK_INDEX_BREAKOUT_57001.75_20260819_101500_Structural_v3.3_ExitMgmt, payload={'symbol': 'NSE:BANKNIFTY26AUG57100PE', 'strike': 57100.0, 'expiry': '26AUG', 'type': 'PE'}
2026-08-19 10:24:50,822 - INFO - 📊 EXECUTION AUDIT [PREMIUM_RETRIEVED]: trade_id=None, candidate_id=cand_NSE_NIFTYBANK_INDEX_BREAKOUT_57001.75_20260819_101500_Structural_v3.3_ExitMgmt, payload={'premium': 292.3, 'bid': 291.6, 'ask': 292.4}
2026-08-19 10:24:50,837 - INFO - 📊 EXECUTION AUDIT [CF_SUBMITTED]: trade_id=None, candidate_id=cand_NSE_NIFTYBANK_INDEX_BREAKOUT_57001.75_20260819_101500_Structural_v3.3_ExitMgmt, payload={'price': 57145.45, 'sl': 57182.55535714285, 'tp': 57071.239285714284}
2026-08-19 10:24:50,849 - INFO - 📊 EXECUTION AUDIT [CF_FILLED]: trade_id=None, candidate_id=cand_NSE_NIFTYBANK_INDEX_BREAKOUT_57001.75_20260819_101500_Structural_v3.3_ExitMgmt, payload={'price': 57145.45, 'sl': 57182.55535714285, 'tp': 57071.239285714284}
2026-08-19 10:24:50,862 - INFO - 💰 Position size [BREAKOUT|WEAK_TREND_DOWN_HIGH_VOL|conf=70]: frac=0.004 → ₹5,000 (risk/unit=0.06%)
2026-08-19 10:24:50,889 - INFO - 🟢 ENTRY [CF|Structural_v3.3_ExitMgmt|ctural_v3.3_ExitMgmt]: NSE:NIFTYBANK-INDEX BUY PUT @ 57145.45 | SL: 57182.56 TP: 57071.24
2026-08-19 10:24:50,889 - INFO - 👻 [EMA_Pullback_20_50_RVOL0.5] CF PULLBACK NSE:NIFTYBANK-INDEX BUY PUT | Rejected: ['LOW_EFFICIENCY']
2026-08-19 10:24:50,889 - INFO - 📊 EXECUTION AUDIT [SIGNAL_GENERATED]: trade_id=None, candidate_id=cand_NSE_NIFTYBANK_INDEX_EMAPULL_57145.45_20260819_102435_EMA_Pullback_20_50_RVOL0.5, payload={'symbol': 'NSE:NIFTYBANK-INDEX', 'signal': 'BUY PUT', 'strategy': 'PULLBACK', 'price': 57145.45, 'stop_loss': 57276.742, 'take_profit': 56882.865999999995, 'tp1': 56948.511999999995, 'rr_ratio': 2.0, 'timestamp': '2026-08-19T10:24:35.693213+05:30', 'accepted': False, 'rejection_reasons': ['LOW_EFFICIENCY'], 'features': {'atr': 74.21, 'ema20': 57202.48, 'ema50': 57261.9, 'move_efficiency': 0.3303, 'move_efficiency_h1': 0.2634, 'wickiness': 0.4823, 'ema_bullish': False, 'rsi14': 36.49, 'rsi2': 0.0, 'distance_to_vwap': -0.0001, 'atr_percentile': 0.9858, 'dist_prev_high': -0.0076, 'dist_prev_low': -0.0013, 'adx': 20.07, 'adx_slope': -3.6802, 'gap_pct': -0.0, 'regime_primary': 'WEAK_TREND_DOWN', 'regime_vol_state': 'HIGH_VOL', 'market_regime': 'WEAK_TREND_DOWN_HIGH_VOL'}, 'candidate_id': 'cand_NSE_NIFTYBANK_INDEX_EMAPULL_57145.45_20260819_102435_EMA_Pullback_20_50_RVOL0.5', 'confidence': 0.5, 'diagnostics': {'ema_distance': -0.001, 'ema20': 57202.48, 'ema50': 57261.9, 'move_efficiency': 0.33, 'rvol': 2.85, 'atr': 74.21, 'atr_percentile': 0.986, 'distance_to_vwap': -0.0001}, 'experiment_name': 'EMA_Pullback_20_50_RVOL0.5', 'strategy_id': 'ema_pullback', 'version': 'v1.0'}
2026-08-19 10:24:50,914 - INFO - Resolved active expiry from DB: 26AUG (2026-08-25)
2026-08-19 10:24:50,927 - INFO - Resolved index signal into option contract: OptionContract(symbol='NSE:BANKNIFTY26AUG57100PE', strike=57100.0, expiry='26AUG', option_type='PE', premium=292.3, delta=0.5, bid=291.6, ask=292.4, volume=1389690, resolved_at=datetime.datetime(2026, 8, 19, 10, 24, 50, 927764))
2026-08-19 10:24:50,927 - INFO - ⚡ Option strike selection resolved index signal to contract NSE:BANKNIFTY26AUG57100PE @ premium 292.3 (type: PE, strike: 57100.0)
2026-08-19 10:24:50,927 - INFO - 📊 EXECUTION AUDIT [STRIKE_SELECTED]: trade_id=None, candidate_id=cand_NSE_NIFTYBANK_INDEX_EMAPULL_57145.45_20260819_102435_EMA_Pullback_20_50_RVOL0.5, payload={'symbol': 'NSE:BANKNIFTY26AUG57100PE', 'strike': 57100.0, 'expiry': '26AUG', 'type': 'PE'}
2026-08-19 10:24:50,940 - INFO - 📊 EXECUTION AUDIT [PREMIUM_RETRIEVED]: trade_id=None, candidate_id=cand_NSE_NIFTYBANK_INDEX_EMAPULL_57145.45_20260819_102435_EMA_Pullback_20_50_RVOL0.5, payload={'premium': 292.3, 'bid': 291.6, 'ask': 292.4}
2026-08-19 10:24:50,955 - INFO - 📊 EXECUTION AUDIT [CF_SUBMITTED]: trade_id=None, candidate_id=cand_NSE_NIFTYBANK_INDEX_EMAPULL_57145.45_20260819_102435_EMA_Pullback_20_50_RVOL0.5, payload={'price': 57145.45, 'sl': 57276.742, 'tp': 56882.865999999995}
2026-08-19 10:24:50,967 - INFO - 📊 EXECUTION AUDIT [CF_FILLED]: trade_id=None, candidate_id=cand_NSE_NIFTYBANK_INDEX_EMAPULL_57145.45_20260819_102435_EMA_Pullback_20_50_RVOL0.5, payload={'price': 57145.45, 'sl': 57276.742, 'tp': 56882.865999999995}
2026-08-19 10:24:50,978 - INFO - 💰 Position size [PULLBACK|WEAK_TREND_DOWN_HIGH_VOL|conf=0]: frac=0.003 → ₹5,000 (risk/unit=0.23%)
2026-08-19 10:24:51,005 - INFO - 🟢 ENTRY [CF|EMA_Pullback_20_50_RVOL0.5|llback_20_50_RVOL0.5]: NSE:NIFTYBANK-INDEX BUY PUT @ 57145.45 | SL: 57276.74 TP: 56882.87
2026-08-19 10:24:51,005 - INFO - 👻 [OrderFlow_v1.0] CF LIQUIDITY_SWEEP NSE:NIFTYBANK-INDEX BUY PUT | Rejected: ['LOW_RR:0.42']
2026-08-19 10:24:51,005 - INFO - 📊 EXECUTION AUDIT [SIGNAL_GENERATED]: trade_id=None, candidate_id=cand_NSE_NIFTYBANK_INDEX_LIQUIDITY_SWEEP_57145.45_20260819_102435_OrderFlow_v1.0, payload={'symbol': 'NSE:NIFTYBANK-INDEX', 'candidate_id': 'cand_NSE_NIFTYBANK_INDEX_LIQUIDITY_SWEEP_57145.45_20260819_102435_OrderFlow_v1.0', 'signal': 'BUY PUT', 'price': 57145.45, 'stop_loss': 57202.2015, 'take_profit': 57121.45, 'tp1': 57060.32274999999, 'rr_ratio': 0.42, 'strategy': 'LIQUIDITY_SWEEP', 'confidence': 0.654, 'accepted': False, 'rejection_reasons': ['LOW_RR:0.42'], 'timestamp': datetime.datetime(2026, 8, 19, 10, 24, 35, 693213, tzinfo=zoneinfo.ZoneInfo(key='Asia/Kolkata')), 'diagnostics': {'swept_level': 57191.07, 'swept_object': 'LIQUIDITY_POOL', 'volume_multiplier': 2.85, 'rejection_wick_size': 7.8}, 'experiment_name': 'OrderFlow_v1.0', 'strategy_id': 'order_flow', 'version': 'v1.0', 'features': {'regime_primary': 'WEAK_TREND_DOWN', 'regime_vol_state': 'HIGH_VOL', 'market_regime': 'WEAK_TREND_DOWN_HIGH_VOL'}}
2026-08-19 10:24:51,030 - INFO - Resolved active expiry from DB: 26AUG (2026-08-25)
2026-08-19 10:24:51,044 - INFO - Resolved index signal into option contract: OptionContract(symbol='NSE:BANKNIFTY26AUG57100PE', strike=57100.0, expiry='26AUG', option_type='PE', premium=292.3, delta=0.5, bid=291.6, ask=292.4, volume=1389690, resolved_at=datetime.datetime(2026, 8, 19, 10, 24, 51, 44613))
2026-08-19 10:24:51,044 - INFO - ⚡ Option strike selection resolved index signal to contract NSE:BANKNIFTY26AUG57100PE @ premium 292.3 (type: PE, strike: 57100.0)
2026-08-19 10:24:51,044 - INFO - 📊 EXECUTION AUDIT [STRIKE_SELECTED]: trade_id=None, candidate_id=cand_NSE_NIFTYBANK_INDEX_LIQUIDITY_SWEEP_57145.45_20260819_102435_OrderFlow_v1.0, payload={'symbol': 'NSE:BANKNIFTY26AUG57100PE', 'strike': 57100.0, 'expiry': '26AUG', 'type': 'PE'}
2026-08-19 10:24:51,056 - INFO - 📊 EXECUTION AUDIT [PREMIUM_RETRIEVED]: trade_id=None, candidate_id=cand_NSE_NIFTYBANK_INDEX_LIQUIDITY_SWEEP_57145.45_20260819_102435_OrderFlow_v1.0, payload={'premium': 292.3, 'bid': 291.6, 'ask': 292.4}
2026-08-19 10:24:51,068 - INFO - 📊 EXECUTION AUDIT [CF_SUBMITTED]: trade_id=None, candidate_id=cand_NSE_NIFTYBANK_INDEX_LIQUIDITY_SWEEP_57145.45_20260819_102435_OrderFlow_v1.0, payload={'price': 57145.45, 'sl': 57202.2015, 'tp': 57121.45}
2026-08-19 10:24:51,082 - INFO - 📊 EXECUTION AUDIT [CF_FILLED]: trade_id=None, candidate_id=cand_NSE_NIFTYBANK_INDEX_LIQUIDITY_SWEEP_57145.45_20260819_102435_OrderFlow_v1.0, payload={'price': 57145.45, 'sl': 57202.2015, 'tp': 57121.45}
2026-08-19 10:24:51,094 - INFO - 💰 Position size [LIQUIDITY_SWEEP|WEAK_TREND_DOWN_HIGH_VOL|conf=1]: frac=0.003 → ₹5,000 (risk/unit=0.10%)
2026-08-19 10:24:51,121 - INFO - 🟢 ENTRY [CF|OrderFlow_v1.0|02435_OrderFlow_v1.0]: NSE:NIFTYBANK-INDEX BUY PUT @ 57145.45 | SL: 57202.20 TP: 57121.45
2026-08-19 10:24:51,121 - WARNING - ⚡ [OI_Scalping_v1.0] errors: ['INSUFFICIENT_ATM_DATA']
2026-08-19 10:24:51,121 - INFO - 🚀 SIGNAL: NSE:NIFTYBANK-INDEX BUY PUT | [RelativeValue_NIFTY_BANKNIFTY_v1.0]
2026-08-19 10:24:51,121 - INFO -    Entry: 57145.45 | SL: 57182.555 | TP: 57082.12026832375 (RR: 1.71)
2026-08-19 10:24:51,121 - INFO - 📊 EXECUTION AUDIT [SIGNAL_GENERATED]: trade_id=trade_NSE_NIFTYBANK_INDEX_RelativeValue_NIFTY_BANKNIFTY_v1.0_1787115275, candidate_id=cand_NSE_NIFTYBANK_INDEX_RELVAL_57145.45_20260819_102435_RelativeValue_NIFTY_BANKNIFTY_v1.0, payload={'symbol': 'NSE:NIFTYBANK-INDEX', 'signal': 'BUY PUT', 'strategy': 'RATIO_DIVERGENCE', 'price': 57145.45, 'stop_loss': 57182.555, 'take_profit': 57082.12026832375, 'tp1': 57089.792499999996, 'rr_ratio': 1.71, 'timestamp': '2026-08-19T10:24:35.693213+05:30', 'accepted': True, 'rejection_reasons': [], 'features': {'atr': 74.21, 'ema20': 57202.48, 'ema50': 57261.9, 'move_efficiency': 0.3303, 'move_efficiency_h1': 0.2634, 'wickiness': 0.4823, 'ema_bullish': False, 'rsi14': 36.49, 'rsi2': 0.0, 'distance_to_vwap': -0.0001, 'atr_percentile': 0.9858, 'dist_prev_high': -0.0076, 'dist_prev_low': -0.0013, 'adx': 20.07, 'adx_slope': -3.6802, 'gap_pct': -0.0, 'regime_primary': 'WEAK_TREND_DOWN', 'regime_vol_state': 'HIGH_VOL', 'market_regime': 'WEAK_TREND_DOWN_HIGH_VOL'}, 'candidate_id': 'cand_NSE_NIFTYBANK_INDEX_RELVAL_57145.45_20260819_102435_RelativeValue_NIFTY_BANKNIFTY_v1.0', 'confidence': 0.54, 'diagnostics': {'ratio_now': 0.4213, 'ratio_rolling_mean': 0.422, 'ratio_rolling_std': 0.000319, 'z_score': -2.44, 'atr': 74.21, 'rr_ratio': 1.71, 'other_symbol': 'NSE:NIFTY50-INDEX'}, 'experiment_name': 'RelativeValue_NIFTY_BANKNIFTY_v1.0', 'strategy_id': 'relative_value_nifty_banknifty', 'version': 'v1.0'}
2026-08-19 10:24:51,146 - INFO - Resolved active expiry from DB: 26AUG (2026-08-25)
2026-08-19 10:24:51,160 - INFO - Resolved index signal into option contract: OptionContract(symbol='NSE:BANKNIFTY26AUG57100PE', strike=57100.0, expiry='26AUG', option_type='PE', premium=292.3, delta=0.5, bid=291.6, ask=292.4, volume=1389690, resolved_at=datetime.datetime(2026, 8, 19, 10, 24, 51, 160708))
2026-08-19 10:24:51,160 - INFO - ⚡ Option strike selection resolved index signal to contract NSE:BANKNIFTY26AUG57100PE @ premium 292.3 (type: PE, strike: 57100.0)
2026-08-19 10:24:51,161 - INFO - 📊 EXECUTION AUDIT [STRIKE_SELECTED]: trade_id=trade_NSE_NIFTYBANK_INDEX_RelativeValue_NIFTY_BANKNIFTY_v1.0_1787115275, candidate_id=cand_NSE_NIFTYBANK_INDEX_RELVAL_57145.45_20260819_102435_RelativeValue_NIFTY_BANKNIFTY_v1.0, payload={'symbol': 'NSE:BANKNIFTY26AUG57100PE', 'strike': 57100.0, 'expiry': '26AUG', 'type': 'PE'}
2026-08-19 10:24:51,172 - INFO - 📊 EXECUTION AUDIT [PREMIUM_RETRIEVED]: trade_id=trade_NSE_NIFTYBANK_INDEX_RelativeValue_NIFTY_BANKNIFTY_v1.0_1787115275, candidate_id=cand_NSE_NIFTYBANK_INDEX_RELVAL_57145.45_20260819_102435_RelativeValue_NIFTY_BANKNIFTY_v1.0, payload={'premium': 292.3, 'bid': 291.6, 'ask': 292.4}
2026-08-19 10:24:51,184 - INFO - 📊 EXECUTION AUDIT [ORDER_SUBMITTED]: trade_id=trade_NSE_NIFTYBANK_INDEX_RelativeValue_NIFTY_BANKNIFTY_v1.0_1787115275, candidate_id=cand_NSE_NIFTYBANK_INDEX_RELVAL_57145.45_20260819_102435_RelativeValue_NIFTY_BANKNIFTY_v1.0, payload={'price': 57145.45, 'sl': 57182.555, 'tp': 57082.12026832375}
2026-08-19 10:24:51,197 - INFO - 📊 EXECUTION AUDIT [ORDER_FILLED]: trade_id=trade_NSE_NIFTYBANK_INDEX_RelativeValue_NIFTY_BANKNIFTY_v1.0_1787115275, candidate_id=cand_NSE_NIFTYBANK_INDEX_RELVAL_57145.45_20260819_102435_RelativeValue_NIFTY_BANKNIFTY_v1.0, payload={'price': 57145.45, 'sl': 57182.555, 'tp': 57082.12026832375}
2026-08-19 10:24:51,210 - INFO - 💰 Position size [RATIO_DIVERGENCE|WEAK_TREND_DOWN_HIGH_VOL|conf=1]: frac=0.003 → ₹5,000 (risk/unit=0.06%)
2026-08-19 10:24:51,237 - INFO - 🟢 ENTRY [RelativeValue_NIFTY_BANKNIFTY_v1.0|_v1.0_1787115275]: NSE:NIFTYBANK-INDEX BUY PUT @ 57145.45 | SL: 57182.56 TP: 57082.12
2026-08-19 10:25:01,742 - INFO - 📊 Saved 22 snapshots for NSE:NIFTY50-INDEX  (oi range: 128,570–14,979,575)
2026-08-19 10:25:03,004 - INFO - 📡 Fetching NSE:NIFTYBANK-INDEX @ 57100  expiry=26AUG  strikes=ATM±5
2026-08-19 10:25:05,245 - INFO - 🔔 [New Candle Closed] Running entry pipeline for candle 10:25 at 10:25:05...
2026-08-19 10:25:05,245 - INFO - --- 10:25:05 Market Pulse ---
2026-08-19 10:25:12,538 - INFO - 📊 EXECUTION AUDIT [SL_MODIFIED]: trade_id=trade_NSE_NIFTYBANK_INDEX_RelativeValue_NIFTY_BANKNIFTY_v1.0_1787115275, candidate_id=cand_NSE_NIFTYBANK_INDEX_RELVAL_57145.45_20260819_102435_RelativeValue_NIFTY_BANKNIFTY_v1.0, payload={'price': 57108.35, 'old_sl': 57182.555, 'new_sl': 57145.455, 'old_tp': None, 'new_tp': 57082.12026832375, 'reason': 'TRAILING_SL'}
2026-08-19 10:25:12,617 - INFO - 🟡 UPDATE (TRAILING_SL) [RelativeValue_NIFTY_BANKNIFTY_v1.0|NIFTY_BANKNIFTY_v1.0]: NSE:NIFTYBANK-INDEX @ 57108.35 | SL→57145.46 TP→57082.12
2026-08-19 10:25:12,641 - INFO - 📊 EXECUTION AUDIT [CF_SL_MODIFIED]: trade_id=None, candidate_id=cand_NSE_NIFTY50_INDEX_BREAKOUT_24065.10_20260819_101500_Structural_v3.2_RVOL1.0, payload={'price': 24065.95, 'old_sl': 24082.460714285717, 'new_sl': 24075.710714285717, 'old_tp': None, 'new_tp': 24053.17857142857, 'reason': 'TRAILING_SL'}
2026-08-19 10:25:12,687 - INFO - 🟡 UPDATE (TRAILING_SL) [CFStructural_v3.2_RVOL1.0|uctural_v3.2_RVOL1.0]: NSE:NIFTY50-INDEX @ 24065.95 | SL→24075.71 TP→24053.18
2026-08-19 10:25:12,688 - INFO - 📊 EXECUTION AUDIT [CF_SL_MODIFIED]: trade_id=None, candidate_id=cand_NSE_NIFTY50_INDEX_BREAKOUT_24065.10_20260819_101500_Structural_v3.2_RVOL0.8, payload={'price': 24065.95, 'old_sl': 24082.460714285717, 'new_sl': 24075.710714285717, 'old_tp': None, 'new_tp': 24053.17857142857, 'reason': 'TRAILING_SL'}
2026-08-19 10:25:12,731 - INFO - 🟡 UPDATE (TRAILING_SL) [CFStructural_v3.2_RVOL0.8|uctural_v3.2_RVOL0.8]: NSE:NIFTY50-INDEX @ 24065.95 | SL→24075.71 TP→24053.18
2026-08-19 10:25:12,731 - INFO - 📊 EXECUTION AUDIT [CF_SL_MODIFIED]: trade_id=None, candidate_id=cand_NSE_NIFTYBANK_INDEX_BREAKOUT_57001.75_20260819_101500_Structural_v3.2_RVOL1.0, payload={'price': 57108.35, 'old_sl': 57182.55535714285, 'new_sl': 57145.455357142855, 'old_tp': None, 'new_tp': 57071.239285714284, 'reason': 'TRAILING_SL'}
2026-08-19 10:25:12,771 - INFO - 🟡 UPDATE (TRAILING_SL) [CFStructural_v3.2_RVOL1.0|uctural_v3.2_RVOL1.0]: NSE:NIFTYBANK-INDEX @ 57108.35 | SL→57145.46 TP→57071.24
2026-08-19 10:25:12,772 - INFO - 📊 EXECUTION AUDIT [CF_SL_MODIFIED]: trade_id=None, candidate_id=cand_NSE_NIFTYBANK_INDEX_BREAKOUT_57001.75_20260819_101500_Structural_v3.2_RVOL0.8, payload={'price': 57108.35, 'old_sl': 57182.55535714285, 'new_sl': 57145.455357142855, 'old_tp': None, 'new_tp': 57071.239285714284, 'reason': 'TRAILING_SL'}
2026-08-19 10:25:12,809 - INFO - 🟡 UPDATE (TRAILING_SL) [CFStructural_v3.2_RVOL0.8|uctural_v3.2_RVOL0.8]: NSE:NIFTYBANK-INDEX @ 57108.35 | SL→57145.46 TP→57071.24
2026-08-19 10:25:12,810 - INFO - 📊 EXECUTION AUDIT [CF_SL_MODIFIED]: trade_id=None, candidate_id=cand_NSE_NIFTYBANK_INDEX_EMAPULL_57145.45_20260819_102435_EMA_Pullback_20_50_RVOL0.5, payload={'price': 57108.35, 'old_sl': 57276.742, 'new_sl': 57239.642, 'old_tp': None, 'new_tp': 56882.865999999995, 'reason': 'TRAILING_SL'}
2026-08-19 10:25:12,849 - INFO - 🟡 UPDATE (TRAILING_SL) [CFEMA_Pullback_20_50_RVOL0.5|llback_20_50_RVOL0.5]: NSE:NIFTYBANK-INDEX @ 57108.35 | SL→57239.64 TP→56882.87
2026-08-19 10:25:12,849 - INFO - 📊 EXECUTION AUDIT [CF_TP_EXPANDED]: trade_id=None, candidate_id=cand_NSE_NIFTYBANK_INDEX_LIQUIDITY_SWEEP_57145.45_20260819_102435_OrderFlow_v1.0, payload={'price': 57108.35, 'old_sl': 57202.2015, 'new_sl': 57165.101500000004, 'old_tp': 57121.45, 'new_tp': 57064.69849999999, 'reason': 'TP_EXPANSION'}
2026-08-19 10:25:12,885 - INFO - 🟡 UPDATE (TP_EXPANSION) [CFOrderFlow_v1.0|02435_OrderFlow_v1.0]: NSE:NIFTYBANK-INDEX @ 57108.35 | SL→57165.10 TP→57064.70
2026-08-19 10:25:13,538 - INFO - Retrieved live premium from Fyers API: LTP=179.5 for NSE:BANKNIFTY26AUG57700CE
2026-08-19 10:25:14,545 - INFO - Retrieved live premium from Fyers API: LTP=40.3 for NSE:NIFTY26AUG24350CE
2026-08-19 10:25:15,546 - INFO - Retrieved live premium from Fyers API: LTP=179.5 for NSE:BANKNIFTY26AUG57700CE
2026-08-19 10:25:18,040 - WARNING - ⚡ [OI_Scalping_v1.0] errors: ['INSUFFICIENT_ATM_DATA'] (0.0ms)
2026-08-19 10:25:18,052 - INFO - Resolved active expiry from DB: 26AUG (2026-08-25)
2026-08-19 10:25:18,053 - INFO - 👻 [ORB_60m_IB_RVOL1.2] CF ORB_60M NSE:NIFTY50-INDEX BUY PUT | Rejected: ['LOW_EFFICIENCY']
2026-08-19 10:25:18,053 - INFO - 📊 EXECUTION AUDIT [SIGNAL_GENERATED]: trade_id=None, candidate_id=cand_NSE_NIFTY50_INDEX_ORB_60M_24065.05_20260819_102505_ORB_60m_IB_RVOL1.2, payload={'symbol': 'NSE:NIFTY50-INDEX', 'signal': 'BUY PUT', 'strategy': 'ORB_60M', 'price': 24065.05, 'stop_loss': 24075.215, 'take_profit': 24044.719999999998, 'tp1': 24049.802499999998, 'rr_ratio': 2.0, 'timestamp': '2026-08-19T10:25:05.245629+05:30', 'accepted': False, 'rejection_reasons': ['LOW_EFFICIENCY'], 'features': {'atr': 20.33, 'ema20': 24114.1, 'ema50': 24156.26, 'move_efficiency': 0.2466, 'move_efficiency_h1': 0.6243, 'wickiness': 0.4024, 'ema_bullish': False, 'rsi14': 17.74, 'rsi2': 0.0, 'distance_to_vwap': -0.0015, 'atr_percentile': 0.9858, 'dist_prev_high': -0.0084, 'dist_prev_low': -0.0037, 'adx': 37.75, 'adx_slope': 2.3026, 'gap_pct': -0.0001, 'regime_primary': 'STRONG_TREND_DOWN', 'regime_vol_state': 'HIGH_VOL', 'market_regime': 'STRONG_TREND_DOWN_HIGH_VOL'}, 'candidate_id': 'cand_NSE_NIFTY50_INDEX_ORB_60M_24065.05_20260819_102505_ORB_60m_IB_RVOL1.2', 'confidence': 0.5, 'diagnostics': {'orb_high': 24172.85, 'orb_low': 24065.1, 'orb_minutes': 60, 'rvol': 3.28, 'atr': 20.33, 'atr_percentile': 0.986, 'move_efficiency': 0.247}, 'experiment_name': 'ORB_60m_IB_RVOL1.2', 'strategy_id': 'orb', 'version': 'v1.0'}
2026-08-19 10:25:18,073 - INFO - Resolved active expiry from DB: 26AUG (2026-08-25)
2026-08-19 10:25:18,085 - INFO - Resolved index signal into option contract: OptionContract(symbol='NSE:NIFTY26AUG24050PE', strike=24050.0, expiry='26AUG', option_type='PE', premium=92.75, delta=0.5, bid=92.6, ask=92.75, volume=30660630, resolved_at=datetime.datetime(2026, 8, 19, 10, 25, 18, 84969))
2026-08-19 10:25:18,085 - INFO - ⚡ Option strike selection resolved index signal to contract NSE:NIFTY26AUG24050PE @ premium 92.75 (type: PE, strike: 24050.0)
2026-08-19 10:25:18,085 - INFO - 📊 EXECUTION AUDIT [STRIKE_SELECTED]: trade_id=None, candidate_id=cand_NSE_NIFTY50_INDEX_ORB_60M_24065.05_20260819_102505_ORB_60m_IB_RVOL1.2, payload={'symbol': 'NSE:NIFTY26AUG24050PE', 'strike': 24050.0, 'expiry': '26AUG', 'type': 'PE'}
2026-08-19 10:25:18,097 - INFO - 📊 EXECUTION AUDIT [PREMIUM_RETRIEVED]: trade_id=None, candidate_id=cand_NSE_NIFTY50_INDEX_ORB_60M_24065.05_20260819_102505_ORB_60m_IB_RVOL1.2, payload={'premium': 92.75, 'bid': 92.6, 'ask': 92.75}
2026-08-19 10:25:18,109 - INFO - 📊 EXECUTION AUDIT [CF_SUBMITTED]: trade_id=None, candidate_id=cand_NSE_NIFTY50_INDEX_ORB_60M_24065.05_20260819_102505_ORB_60m_IB_RVOL1.2, payload={'price': 24065.05, 'sl': 24075.215, 'tp': 24044.719999999998}
2026-08-19 10:25:18,120 - INFO - 📊 EXECUTION AUDIT [CF_FILLED]: trade_id=None, candidate_id=cand_NSE_NIFTY50_INDEX_ORB_60M_24065.05_20260819_102505_ORB_60m_IB_RVOL1.2, payload={'price': 24065.05, 'sl': 24075.215, 'tp': 24044.719999999998}
2026-08-19 10:25:18,132 - INFO - 💰 Position size [ORB_60M|STRONG_TREND_DOWN_HIGH_VOL|conf=0]: frac=0.004 → ₹5,000 (risk/unit=0.04%)
2026-08-19 10:25:18,157 - INFO - 🟢 ENTRY [CF|ORB_60m_IB_RVOL1.2|5_ORB_60m_IB_RVOL1.2]: NSE:NIFTY50-INDEX BUY PUT @ 24065.05 | SL: 24075.22 TP: 24044.72
2026-08-19 10:25:18,157 - WARNING - ⚡ [OI_Scalping_v1.0] errors: ['INSUFFICIENT_ATM_DATA']
2026-08-19 10:25:20,046 - WARNING - ⚡ [OI_Scalping_v1.0] errors: ['INSUFFICIENT_ATM_DATA'] (0.0ms)
2026-08-19 10:25:20,059 - INFO - Resolved active expiry from DB: 26AUG (2026-08-25)
2026-08-19 10:25:20,060 - INFO - 👻 [Geometry_v1.0_Score35] CF CONFLUENCE_BOUNCE NSE:NIFTYBANK-INDEX BUY PUT | Rejected: ['NARRATIVE_BIAS_BULLISH', 'LOW_RR:0.07']
2026-08-19 10:25:20,060 - INFO - 📊 EXECUTION AUDIT [SIGNAL_GENERATED]: trade_id=None, candidate_id=cand_NSE_NIFTYBANK_INDEX_CONFLUENCE_BOUNCE_57102.75_202608191025_Geometry_v1.0_Score35, payload={'symbol': 'NSE:NIFTYBANK-INDEX', 'candidate_id': 'cand_NSE_NIFTYBANK_INDEX_CONFLUENCE_BOUNCE_57102.75_202608191025_Geometry_v1.0_Score35', 'experiment_name': 'Geometry_v1.0_Score35', 'strategy_id': 'geometry', 'version': 'v1.0', 'signal': 'BUY PUT', 'strategy': 'CONFLUENCE_BOUNCE', 'price': 57102.75, 'stop_loss': 57142.13, 'take_profit': 57100.0, 'tp1': 57043.68, 'rr_ratio': 0.07, 'timestamp': '2026-08-19T10:25:05.245629+05:30', 'zone_band_low': 57108.74, 'zone_band_high': 57108.74, 'zone_direction': 'RESISTANCE', 'zone_component_count': 1, 'accepted': False, 'rejection_reasons': ['NARRATIVE_BIAS_BULLISH', 'LOW_RR:0.07'], 'stop_loss_distance': 39.38, 'atr': 78.76, 'confidence': 0.462, 'diagnostics': {'zone_score': 37.7, 'zone_explanation': 'TRENDLINE RESISTANCE @ 57108.74 (±0.0pts, score=37)', 'dist_to_zone': 5.99, 'narrative_bias': 'REVERSAL', 'bias_confidence': 0.59, 'zone_engine_confirmed': False}, 'features': {'regime_primary': 'WEAK_TREND_DOWN', 'regime_vol_state': 'HIGH_VOL', 'market_regime': 'WEAK_TREND_DOWN_HIGH_VOL'}}
2026-08-19 10:25:20,079 - INFO - Resolved active expiry from DB: 26AUG (2026-08-25)
2026-08-19 10:25:20,090 - INFO - Resolved index signal into option contract: OptionContract(symbol='NSE:BANKNIFTY26AUG57100PE', strike=57100.0, expiry='26AUG', option_type='PE', premium=292.3, delta=0.5, bid=291.6, ask=292.4, volume=1389690, resolved_at=datetime.datetime(2026, 8, 19, 10, 25, 20, 90512))
2026-08-19 10:25:20,090 - INFO - ⚡ Option strike selection resolved index signal to contract NSE:BANKNIFTY26AUG57100PE @ premium 292.3 (type: PE, strike: 57100.0)
2026-08-19 10:25:20,090 - INFO - 📊 EXECUTION AUDIT [STRIKE_SELECTED]: trade_id=None, candidate_id=cand_NSE_NIFTYBANK_INDEX_CONFLUENCE_BOUNCE_57102.75_202608191025_Geometry_v1.0_Score35, payload={'symbol': 'NSE:BANKNIFTY26AUG57100PE', 'strike': 57100.0, 'expiry': '26AUG', 'type': 'PE'}
2026-08-19 10:25:20,101 - INFO - 📊 EXECUTION AUDIT [PREMIUM_RETRIEVED]: trade_id=None, candidate_id=cand_NSE_NIFTYBANK_INDEX_CONFLUENCE_BOUNCE_57102.75_202608191025_Geometry_v1.0_Score35, payload={'premium': 292.3, 'bid': 291.6, 'ask': 292.4}
2026-08-19 10:25:20,114 - INFO - 📊 EXECUTION AUDIT [CF_SUBMITTED]: trade_id=None, candidate_id=cand_NSE_NIFTYBANK_INDEX_CONFLUENCE_BOUNCE_57102.75_202608191025_Geometry_v1.0_Score35, payload={'price': 57102.75, 'sl': 57142.13, 'tp': 57100.0}
2026-08-19 10:25:20,126 - INFO - 📊 EXECUTION AUDIT [CF_FILLED]: trade_id=None, candidate_id=cand_NSE_NIFTYBANK_INDEX_CONFLUENCE_BOUNCE_57102.75_202608191025_Geometry_v1.0_Score35, payload={'price': 57102.75, 'sl': 57142.13, 'tp': 57100.0}
2026-08-19 10:25:20,136 - INFO - 💰 Position size [CONFLUENCE_BOUNCE|WEAK_TREND_DOWN_HIGH_VOL|conf=0]: frac=0.003 → ₹5,000 (risk/unit=0.07%)
2026-08-19 10:25:20,157 - INFO - 🟢 ENTRY [CF|Geometry_v1.0_Score35|eometry_v1.0_Score35]: NSE:NIFTYBANK-INDEX BUY PUT @ 57102.75 | SL: 57142.13 TP: 57100.00
2026-08-19 10:25:20,157 - WARNING - ⚡ [OI_Scalping_v1.0] errors: ['INSUFFICIENT_ATM_DATA']
2026-08-19 10:25:34,450 - INFO - 📊 Saved 22 snapshots for NSE:NIFTYBANK-INDEX  (oi range: 11,430–1,223,700)
2026-08-19 10:25:35,167 - INFO - ⏱️ [Real-time Exit Loop] Checking open positions @ 10:25:35...
2026-08-19 10:25:35,927 - INFO - 📡 Fetching NSE:NIFTY50-INDEX @ 24066  expiry=26AUG  strikes=ATM±5
2026-08-19 10:25:37,524 - INFO - Retrieved live premium from Fyers API: LTP=179.3 for NSE:BANKNIFTY26AUG57700CE
2026-08-19 10:25:38,316 - INFO - Retrieved live premium from Fyers API: LTP=40.15 for NSE:NIFTY26AUG24350CE
2026-08-19 10:25:39,465 - INFO - Retrieved live premium from Fyers API: LTP=179.85 for NSE:BANKNIFTY26AUG57700CE
2026-08-19 10:26:05,589 - INFO - ⏱️ [Real-time Exit Loop] Checking open positions @ 10:26:05...
2026-08-19 10:26:06,010 - INFO - 📊 Saved 22 snapshots for NSE:NIFTY50-INDEX  (oi range: 129,610–15,024,035)
2026-08-19 10:26:07,109 - INFO - 📡 Fetching NSE:NIFTYBANK-INDEX @ 57116  expiry=26AUG  strikes=ATM±5
2026-08-19 10:26:07,697 - INFO - Retrieved live premium from Fyers API: LTP=179.85 for NSE:BANKNIFTY26AUG57700CE
2026-08-19 10:26:08,698 - INFO - Retrieved live premium from Fyers API: LTP=40.35 for NSE:NIFTY26AUG24350CE
2026-08-19 10:26:09,701 - INFO - Retrieved live premium from Fyers API: LTP=179.4 for NSE:BANKNIFTY26AUG57700CE
2026-08-19 10:26:35,832 - INFO - ⏱️ [Real-time Exit Loop] Checking open positions @ 10:26:35...
2026-08-19 10:26:36,822 - INFO - 📊 Saved 22 snapshots for NSE:NIFTYBANK-INDEX  (oi range: 11,430–1,227,990)
2026-08-19 10:26:36,945 - INFO - 📊 EXECUTION AUDIT [CF_SL_MODIFIED]: trade_id=None, candidate_id=cand_NSE_NIFTY50_INDEX_BREAKOUT_24065.10_20260819_101500_Structural_v3.2_RVOL1.0, payload={'price': 24065.3, 'old_sl': 24075.710714285717, 'new_sl': 24075.060714285715, 'old_tp': None, 'new_tp': 24053.17857142857, 'reason': 'TRAILING_SL'}
2026-08-19 10:26:36,985 - INFO - 🟡 UPDATE (TRAILING_SL) [CFStructural_v3.2_RVOL1.0|uctural_v3.2_RVOL1.0]: NSE:NIFTY50-INDEX @ 24065.30 | SL→24075.06 TP→24053.18
2026-08-19 10:26:36,985 - INFO - 📊 EXECUTION AUDIT [CF_SL_MODIFIED]: trade_id=None, candidate_id=cand_NSE_NIFTY50_INDEX_BREAKOUT_24065.10_20260819_101500_Structural_v3.2_RVOL0.8, payload={'price': 24065.3, 'old_sl': 24075.710714285717, 'new_sl': 24075.060714285715, 'old_tp': None, 'new_tp': 24053.17857142857, 'reason': 'TRAILING_SL'}
2026-08-19 10:26:37,018 - INFO - 🟡 UPDATE (TRAILING_SL) [CFStructural_v3.2_RVOL0.8|uctural_v3.2_RVOL0.8]: NSE:NIFTY50-INDEX @ 24065.30 | SL→24075.06 TP→24053.18
2026-08-19 10:26:37,910 - INFO - 📡 Fetching NSE:NIFTY50-INDEX @ 24065  expiry=26AUG  strikes=ATM±5
2026-08-19 10:26:37,931 - INFO - Retrieved live premium from Fyers API: LTP=175.4 for NSE:BANKNIFTY26AUG57700CE
2026-08-19 10:26:38,932 - INFO - Retrieved live premium from Fyers API: LTP=40.0 for NSE:NIFTY26AUG24350CE
2026-08-19 10:26:39,956 - INFO - Retrieved live premium from Fyers API: LTP=176.05 for NSE:BANKNIFTY26AUG57700CE
2026-08-19 10:27:05,086 - INFO - ⏱️ [Real-time Exit Loop] Checking open positions @ 10:27:05...
2026-08-19 10:27:07,210 - INFO - Retrieved live premium from Fyers API: LTP=179.5 for NSE:BANKNIFTY26AUG57700CE
2026-08-19 10:27:07,770 - INFO - 📊 Saved 22 snapshots for NSE:NIFTY50-INDEX  (oi range: 130,975–15,019,810)
2026-08-19 10:27:08,204 - INFO - Retrieved live premium from Fyers API: LTP=40.6 for NSE:NIFTY26AUG24350CE
2026-08-19 10:27:09,029 - INFO - 📡 Fetching NSE:NIFTYBANK-INDEX @ 57111  expiry=26AUG  strikes=ATM±5
2026-08-19 10:27:09,212 - INFO - Retrieved live premium from Fyers API: LTP=178.4 for NSE:BANKNIFTY26AUG57700CE
2026-08-19 10:27:35,352 - INFO - ⏱️ [Real-time Exit Loop] Checking open positions @ 10:27:35...
2026-08-19 10:27:37,446 - INFO - Retrieved live premium from Fyers API: LTP=179.5 for NSE:BANKNIFTY26AUG57700CE
2026-08-19 10:27:38,384 - INFO - 📊 Saved 22 snapshots for NSE:NIFTYBANK-INDEX  (oi range: 11,550–1,229,220)
2026-08-19 10:27:38,455 - INFO - Retrieved live premium from Fyers API: LTP=40.05 for NSE:NIFTY26AUG24350CE
2026-08-19 10:27:39,470 - INFO - Retrieved live premium from Fyers API: LTP=179.5 for NSE:BANKNIFTY26AUG57700CE
2026-08-19 10:27:39,471 - INFO - 📡 Fetching NSE:NIFTY50-INDEX @ 24067  expiry=26AUG  strikes=ATM±5
2026-08-19 10:28:05,589 - INFO - ⏱️ [Real-time Exit Loop] Checking open positions @ 10:28:05...
2026-08-19 10:28:07,700 - INFO - Retrieved live premium from Fyers API: LTP=176.6 for NSE:BANKNIFTY26AUG57700CE
2026-08-19 10:28:08,702 - INFO - Retrieved live premium from Fyers API: LTP=40.0 for NSE:NIFTY26AUG24350CE
2026-08-19 10:28:09,390 - INFO - 📊 Saved 22 snapshots for NSE:NIFTY50-INDEX  (oi range: 131,560–14,985,815)
2026-08-19 10:28:09,714 - INFO - Retrieved live premium from Fyers API: LTP=176.55 for NSE:BANKNIFTY26AUG57700CE
2026-08-19 10:28:10,648 - INFO - 📡 Fetching NSE:NIFTYBANK-INDEX @ 57110  expiry=26AUG  strikes=ATM±5
2026-08-19 10:28:35,833 - INFO - ⏱️ [Real-time Exit Loop] Checking open positions @ 10:28:35...
2026-08-19 10:28:36,933 - INFO - 📊 EXECUTION AUDIT [SL_MODIFIED]: trade_id=trade_NSE_NIFTYBANK_INDEX_RelativeValue_NIFTY_BANKNIFTY_v1.0_1787115275, candidate_id=cand_NSE_NIFTYBANK_INDEX_RELVAL_57145.45_20260819_102435_RelativeValue_NIFTY_BANKNIFTY_v1.0, payload={'price': 57106.65, 'old_sl': 57145.455, 'new_sl': 57143.755000000005, 'old_tp': None, 'new_tp': 57082.12026832375, 'reason': 'TRAILING_SL'}
2026-08-19 10:28:36,997 - INFO - 🟡 UPDATE (TRAILING_SL) [RelativeValue_NIFTY_BANKNIFTY_v1.0|NIFTY_BANKNIFTY_v1.0]: NSE:NIFTYBANK-INDEX @ 57106.65 | SL→57143.76 TP→57082.12
2026-08-19 10:28:37,016 - INFO - 📊 EXECUTION AUDIT [CF_SL_MODIFIED]: trade_id=None, candidate_id=cand_NSE_NIFTYBANK_INDEX_BREAKOUT_57001.75_20260819_101500_Structural_v3.2_RVOL1.0, payload={'price': 57106.65, 'old_sl': 57145.455357142855, 'new_sl': 57143.75535714286, 'old_tp': None, 'new_tp': 57071.239285714284, 'reason': 'TRAILING_SL'}
2026-08-19 10:28:37,048 - INFO - 🟡 UPDATE (TRAILING_SL) [CFStructural_v3.2_RVOL1.0|uctural_v3.2_RVOL1.0]: NSE:NIFTYBANK-INDEX @ 57106.65 | SL→57143.76 TP→57071.24
2026-08-19 10:28:37,048 - INFO - 📊 EXECUTION AUDIT [CF_SL_MODIFIED]: trade_id=None, candidate_id=cand_NSE_NIFTYBANK_INDEX_BREAKOUT_57001.75_20260819_101500_Structural_v3.2_RVOL0.8, payload={'price': 57106.65, 'old_sl': 57145.455357142855, 'new_sl': 57143.75535714286, 'old_tp': None, 'new_tp': 57071.239285714284, 'reason': 'TRAILING_SL'}
2026-08-19 10:28:37,078 - INFO - 🟡 UPDATE (TRAILING_SL) [CFStructural_v3.2_RVOL0.8|uctural_v3.2_RVOL0.8]: NSE:NIFTYBANK-INDEX @ 57106.65 | SL→57143.76 TP→57071.24
2026-08-19 10:28:37,078 - INFO - 📊 EXECUTION AUDIT [CF_SL_MODIFIED]: trade_id=None, candidate_id=cand_NSE_NIFTYBANK_INDEX_EMAPULL_57145.45_20260819_102435_EMA_Pullback_20_50_RVOL0.5, payload={'price': 57106.65, 'old_sl': 57239.642, 'new_sl': 57237.942, 'old_tp': None, 'new_tp': 56882.865999999995, 'reason': 'TRAILING_SL'}
2026-08-19 10:28:37,111 - INFO - 🟡 UPDATE (TRAILING_SL) [CFEMA_Pullback_20_50_RVOL0.5|llback_20_50_RVOL0.5]: NSE:NIFTYBANK-INDEX @ 57106.65 | SL→57237.94 TP→56882.87
2026-08-19 10:28:37,111 - INFO - 📊 EXECUTION AUDIT [CF_SL_MODIFIED]: trade_id=None, candidate_id=cand_NSE_NIFTYBANK_INDEX_LIQUIDITY_SWEEP_57145.45_20260819_102435_OrderFlow_v1.0, payload={'price': 57106.65, 'old_sl': 57165.101500000004, 'new_sl': 57163.40150000001, 'old_tp': None, 'new_tp': 57064.69849999999, 'reason': 'TRAILING_SL'}
2026-08-19 10:28:37,145 - INFO - 🟡 UPDATE (TRAILING_SL) [CFOrderFlow_v1.0|02435_OrderFlow_v1.0]: NSE:NIFTYBANK-INDEX @ 57106.65 | SL→57163.40 TP→57064.70
2026-08-19 10:28:37,925 - INFO - Retrieved live premium from Fyers API: LTP=176.2 for NSE:BANKNIFTY26AUG57700CE
2026-08-19 10:28:38,945 - INFO - Retrieved live premium from Fyers API: LTP=40.15 for NSE:NIFTY26AUG24350CE
2026-08-19 10:28:40,137 - INFO - Retrieved live premium from Fyers API: LTP=176.2 for NSE:BANKNIFTY26AUG57700CE
2026-08-19 10:28:40,261 - INFO - 📊 Saved 22 snapshots for NSE:NIFTYBANK-INDEX  (oi range: 11,640–1,237,890)
2026-08-19 10:28:41,366 - INFO - 📡 Fetching NSE:NIFTY50-INDEX @ 24070  expiry=26AUG  strikes=ATM±5
2026-08-19 10:29:05,263 - INFO - ⏱️ [Real-time Exit Loop] Checking open positions @ 10:29:05...
2026-08-19 10:29:07,380 - INFO - Retrieved live premium from Fyers API: LTP=176.05 for NSE:BANKNIFTY26AUG57700CE
2026-08-19 10:29:08,390 - INFO - Retrieved live premium from Fyers API: LTP=40.0 for NSE:NIFTY26AUG24350CE
2026-08-19 10:29:09,384 - INFO - Retrieved live premium from Fyers API: LTP=176.05 for NSE:BANKNIFTY26AUG57700CE
2026-08-19 10:29:11,130 - INFO - 📊 Saved 22 snapshots for NSE:NIFTY50-INDEX  (oi range: 132,015–14,922,115)
2026-08-19 10:29:12,259 - INFO - 📡 Fetching NSE:NIFTYBANK-INDEX @ 57104  expiry=26AUG  strikes=ATM±5
2026-08-19 10:29:35,516 - INFO - ⏱️ [Real-time Exit Loop] Checking open positions @ 10:29:35...
2026-08-19 10:29:37,628 - INFO - Retrieved live premium from Fyers API: LTP=177.0 for NSE:BANKNIFTY26AUG57700CE
2026-08-19 10:29:38,638 - INFO - Retrieved live premium from Fyers API: LTP=39.95 for NSE:NIFTY26AUG24350CE
2026-08-19 10:29:39,627 - INFO - Retrieved live premium from Fyers API: LTP=177.0 for NSE:BANKNIFTY26AUG57700CE
2026-08-19 10:29:42,158 - INFO - 📊 Saved 22 snapshots for NSE:NIFTYBANK-INDEX  (oi range: 11,640–1,238,520)
2026-08-19 10:29:43,267 - INFO - 📡 Fetching NSE:NIFTY50-INDEX @ 24066  expiry=26AUG  strikes=ATM±5
2026-08-19 10:30:05,764 - INFO - 🔔 [New Candle Closed] Running entry pipeline for candle 10:30 at 10:30:05...
2026-08-19 10:30:05,765 - INFO - --- 10:30:05 Market Pulse ---
2026-08-19 10:30:12,917 - INFO - 📊 EXECUTION AUDIT [SL_MODIFIED]: trade_id=trade_NSE_NIFTYBANK_INDEX_RelativeValue_NIFTY_BANKNIFTY_v1.0_1787115275, candidate_id=cand_NSE_NIFTYBANK_INDEX_RELVAL_57145.45_20260819_102435_RelativeValue_NIFTY_BANKNIFTY_v1.0, payload={'price': 57102.3, 'old_sl': 57143.755000000005, 'new_sl': 57139.405000000006, 'old_tp': None, 'new_tp': 57082.12026832375, 'reason': 'TRAILING_SL'}
2026-08-19 10:30:12,999 - INFO - 🟡 UPDATE (TRAILING_SL) [RelativeValue_NIFTY_BANKNIFTY_v1.0|NIFTY_BANKNIFTY_v1.0]: NSE:NIFTYBANK-INDEX @ 57102.30 | SL→57139.41 TP→57082.12
2026-08-19 10:30:13,026 - INFO - 📊 EXECUTION AUDIT [CF_SL_MODIFIED]: trade_id=None, candidate_id=cand_NSE_NIFTY50_INDEX_BREAKOUT_24065.10_20260819_101500_Structural_v3.2_RVOL1.0, payload={'price': 24063.6, 'old_sl': 24075.060714285715, 'new_sl': 24073.360714285714, 'old_tp': None, 'new_tp': 24053.17857142857, 'reason': 'TRAILING_SL'}
2026-08-19 10:30:13,074 - INFO - 🟡 UPDATE (TRAILING_SL) [CFStructural_v3.2_RVOL1.0|uctural_v3.2_RVOL1.0]: NSE:NIFTY50-INDEX @ 24063.60 | SL→24073.36 TP→24053.18
2026-08-19 10:30:13,074 - INFO - 📊 EXECUTION AUDIT [CF_SL_MODIFIED]: trade_id=None, candidate_id=cand_NSE_NIFTY50_INDEX_BREAKOUT_24065.10_20260819_101500_Structural_v3.2_RVOL0.8, payload={'price': 24063.6, 'old_sl': 24075.060714285715, 'new_sl': 24073.360714285714, 'old_tp': None, 'new_tp': 24053.17857142857, 'reason': 'TRAILING_SL'}
2026-08-19 10:30:13,115 - INFO - 🟡 UPDATE (TRAILING_SL) [CFStructural_v3.2_RVOL0.8|uctural_v3.2_RVOL0.8]: NSE:NIFTY50-INDEX @ 24063.60 | SL→24073.36 TP→24053.18
2026-08-19 10:30:13,115 - INFO - 📊 EXECUTION AUDIT [CF_SL_MODIFIED]: trade_id=None, candidate_id=cand_NSE_NIFTYBANK_INDEX_BREAKOUT_57001.75_20260819_101500_Structural_v3.2_RVOL1.0, payload={'price': 57102.3, 'old_sl': 57143.75535714286, 'new_sl': 57139.40535714286, 'old_tp': None, 'new_tp': 57071.239285714284, 'reason': 'TRAILING_SL'}
2026-08-19 10:30:13,156 - INFO - 🟡 UPDATE (TRAILING_SL) [CFStructural_v3.2_RVOL1.0|uctural_v3.2_RVOL1.0]: NSE:NIFTYBANK-INDEX @ 57102.30 | SL→57139.41 TP→57071.24
2026-08-19 10:30:13,156 - INFO - 📊 EXECUTION AUDIT [CF_SL_MODIFIED]: trade_id=None, candidate_id=cand_NSE_NIFTYBANK_INDEX_BREAKOUT_57001.75_20260819_101500_Structural_v3.2_RVOL0.8, payload={'price': 57102.3, 'old_sl': 57143.75535714286, 'new_sl': 57139.40535714286, 'old_tp': None, 'new_tp': 57071.239285714284, 'reason': 'TRAILING_SL'}
2026-08-19 10:30:13,196 - INFO - 🟡 UPDATE (TRAILING_SL) [CFStructural_v3.2_RVOL0.8|uctural_v3.2_RVOL0.8]: NSE:NIFTYBANK-INDEX @ 57102.30 | SL→57139.41 TP→57071.24
2026-08-19 10:30:13,196 - INFO - 📊 EXECUTION AUDIT [CF_SL_MODIFIED]: trade_id=None, candidate_id=cand_NSE_NIFTYBANK_INDEX_EMAPULL_57145.45_20260819_102435_EMA_Pullback_20_50_RVOL0.5, payload={'price': 57102.3, 'old_sl': 57237.942, 'new_sl': 57233.592000000004, 'old_tp': None, 'new_tp': 56882.865999999995, 'reason': 'TRAILING_SL'}
2026-08-19 10:30:13,237 - INFO - 🟡 UPDATE (TRAILING_SL) [CFEMA_Pullback_20_50_RVOL0.5|llback_20_50_RVOL0.5]: NSE:NIFTYBANK-INDEX @ 57102.30 | SL→57233.59 TP→56882.87
2026-08-19 10:30:13,237 - INFO - 📊 EXECUTION AUDIT [CF_SL_MODIFIED]: trade_id=None, candidate_id=cand_NSE_NIFTYBANK_INDEX_LIQUIDITY_SWEEP_57145.45_20260819_102435_OrderFlow_v1.0, payload={'price': 57102.3, 'old_sl': 57163.40150000001, 'new_sl': 57159.05150000001, 'old_tp': None, 'new_tp': 57064.69849999999, 'reason': 'TRAILING_SL'}
2026-08-19 10:30:13,263 - INFO - 📊 Saved 22 snapshots for NSE:NIFTY50-INDEX  (oi range: 132,275–14,927,770)
2026-08-19 10:30:13,276 - INFO - 🟡 UPDATE (TRAILING_SL) [CFOrderFlow_v1.0|02435_OrderFlow_v1.0]: NSE:NIFTYBANK-INDEX @ 57102.30 | SL→57159.05 TP→57064.70
2026-08-19 10:30:13,276 - INFO - 📊 EXECUTION AUDIT [CF_SL_MODIFIED]: trade_id=None, candidate_id=cand_NSE_NIFTY50_INDEX_ORB_60M_24065.05_20260819_102505_ORB_60m_IB_RVOL1.2, payload={'price': 24063.6, 'old_sl': 24075.215, 'new_sl': 24073.765, 'old_tp': None, 'new_tp': 24044.719999999998, 'reason': 'TRAILING_SL'}
2026-08-19 10:30:13,307 - INFO - 🟡 UPDATE (TRAILING_SL) [CFORB_60m_IB_RVOL1.2|5_ORB_60m_IB_RVOL1.2]: NSE:NIFTY50-INDEX @ 24063.60 | SL→24073.76 TP→24044.72
2026-08-19 10:30:13,307 - INFO - 📊 EXECUTION AUDIT [CF_SL_MODIFIED]: trade_id=None, candidate_id=cand_NSE_NIFTYBANK_INDEX_CONFLUENCE_BOUNCE_57102.75_202608191025_Geometry_v1.0_Score35, payload={'price': 57102.3, 'old_sl': 57142.13, 'new_sl': 57141.68, 'old_tp': None, 'new_tp': 57100.0, 'reason': 'TRAILING_SL'}
2026-08-19 10:30:13,339 - INFO - 🟡 UPDATE (TRAILING_SL) [CFGeometry_v1.0_Score35|eometry_v1.0_Score35]: NSE:NIFTYBANK-INDEX @ 57102.30 | SL→57141.68 TP→57100.00
2026-08-19 10:30:13,921 - INFO - Retrieved live premium from Fyers API: LTP=171.2 for NSE:BANKNIFTY26AUG57700CE
2026-08-19 10:30:14,358 - INFO - 📡 Fetching NSE:NIFTYBANK-INDEX @ 57100  expiry=26AUG  strikes=ATM±5
2026-08-19 10:30:14,928 - INFO - Retrieved live premium from Fyers API: LTP=39.25 for NSE:NIFTY26AUG24350CE
2026-08-19 10:30:15,938 - INFO - Retrieved live premium from Fyers API: LTP=172.65 for NSE:BANKNIFTY26AUG57700CE
2026-08-19 10:30:18,455 - INFO - Resolved active expiry from DB: 26AUG (2026-08-25)
2026-08-19 10:30:18,456 - INFO - 👻 [Structural_v3.2_RVOL1.0] CF TRAP NSE:NIFTY50-INDEX BUY CALL | Rejected: ['NO_TARGET_ZONE']
2026-08-19 10:30:18,456 - INFO - 📊 EXECUTION AUDIT [SIGNAL_GENERATED]: trade_id=None, candidate_id=cand_NSE_NIFTY50_INDEX_TRAP_24065.10_20260819_102500_Structural_v3.2_RVOL1.0, payload={'symbol': 'NSE:NIFTY50-INDEX', 'signal': 'BUY CALL', 'strategy': 'TRAP', 'price': 24065.2, 'stop_loss': 24057.292857142857, 'take_profit': 24081.01428571429, 'tp1': 24077.06071428572, 'rr_ratio': 2.0, 'timestamp': '2026-08-19T10:25:00+05:30', 'accepted': False, 'rejection_reasons': ['NO_TARGET_ZONE'], 'features': {'date': '2026-08-19', 'strategy_name': 'Structural_v3', 'strategy_version': 'v3.2', 'feature_version': 'v1.1', 'market_regime': 'STRONG_TREND_DOWN_HIGH_VOL', 'day_type': 'NORMAL_DAY', 'session_type': 'MID', 'daily_bias': 'NEUTRAL', 'hourly_bias': 'NEUTRAL', 'trend_strength': 0.0, 'rvol': 3.42, 'rvol_threshold': 1.0, 'atr': 15.81, 'distance_from_supply': 9999.0, 'distance_from_demand': 9999.0, 'nearest_supply_strength': 0.0, 'nearest_demand_strength': 0.0, 'distance_to_liquidity_pool': 9999.0, 'liquidity_score': 34.2, 'indicator_snapshot': {'rvol_tod': 3.42, 'is_compressed': True, 'bos_count': 0}, 'move_efficiency': 0.3587, 'wickiness': 0.3417, 'fft_score': 1.0, 'setup_type': 'TRAP', 'candidate_id': 'cand_NSE_NIFTY50_INDEX_TRAP_24065.10_20260819_102500', 'ema20': 24109.44, 'ema50': 24152.69, 'move_efficiency_h1': 0.6443, 'ema_bullish': False, 'rsi14': 25.57, 'rsi2': 1.92, 'distance_to_vwap': -0.0014, 'atr_percentile': 0.8389, 'dist_prev_high': -0.0084, 'dist_prev_low': -0.0037, 'adx': 38.72, 'adx_slope': 2.8651, 'gap_pct': -0.0001, 'regime_primary': 'STRONG_TREND_DOWN', 'regime_vol_state': 'HIGH_VOL'}, 'candidate_id': 'cand_NSE_NIFTY50_INDEX_TRAP_24065.10_20260819_102500_Structural_v3.2_RVOL1.0', 'experiment_name': 'Structural_v3.2_RVOL1.0', 'strategy_id': 'structural', 'version': 'v3.2'}
2026-08-19 10:30:18,475 - INFO - Resolved active expiry from DB: 26AUG (2026-08-25)
2026-08-19 10:30:18,487 - INFO - Resolved index signal into option contract: OptionContract(symbol='NSE:NIFTY26AUG24050CE', strike=24050.0, expiry='26AUG', option_type='CE', premium=158.75, delta=0.5, bid=158.75, ask=159.05, volume=13300690, resolved_at=datetime.datetime(2026, 8, 19, 10, 30, 18, 487594))
2026-08-19 10:30:18,487 - INFO - ⚡ Option strike selection resolved index signal to contract NSE:NIFTY26AUG24050CE @ premium 158.75 (type: CE, strike: 24050.0)
2026-08-19 10:30:18,487 - INFO - 📊 EXECUTION AUDIT [STRIKE_SELECTED]: trade_id=None, candidate_id=cand_NSE_NIFTY50_INDEX_TRAP_24065.10_20260819_102500_Structural_v3.2_RVOL1.0, payload={'symbol': 'NSE:NIFTY26AUG24050CE', 'strike': 24050.0, 'expiry': '26AUG', 'type': 'CE'}
2026-08-19 10:30:18,499 - INFO - 📊 EXECUTION AUDIT [PREMIUM_RETRIEVED]: trade_id=None, candidate_id=cand_NSE_NIFTY50_INDEX_TRAP_24065.10_20260819_102500_Structural_v3.2_RVOL1.0, payload={'premium': 158.75, 'bid': 158.75, 'ask': 159.05}
2026-08-19 10:30:18,510 - INFO - 📊 EXECUTION AUDIT [CF_SUBMITTED]: trade_id=None, candidate_id=cand_NSE_NIFTY50_INDEX_TRAP_24065.10_20260819_102500_Structural_v3.2_RVOL1.0, payload={'price': 24065.2, 'sl': 24057.292857142857, 'tp': 24081.01428571429}
2026-08-19 10:30:18,522 - INFO - 📊 EXECUTION AUDIT [CF_FILLED]: trade_id=None, candidate_id=cand_NSE_NIFTY50_INDEX_TRAP_24065.10_20260819_102500_Structural_v3.2_RVOL1.0, payload={'price': 24065.2, 'sl': 24057.292857142857, 'tp': 24081.01428571429}
2026-08-19 10:30:18,533 - INFO - 💰 Position size [TRAP|STRONG_TREND_DOWN_HIGH_VOL|conf=70]: frac=0.005 → ₹5,000 (risk/unit=0.03%)
2026-08-19 10:30:18,555 - INFO - 🟢 ENTRY [CF|Structural_v3.2_RVOL1.0|uctural_v3.2_RVOL1.0]: NSE:NIFTY50-INDEX BUY CALL @ 24065.20 | SL: 24057.29 TP: 24081.01
2026-08-19 10:30:18,556 - INFO - 👻 [Structural_v3.2_RVOL0.8] CF TRAP NSE:NIFTY50-INDEX BUY CALL | Rejected: ['NO_TARGET_ZONE']
2026-08-19 10:30:18,556 - INFO - 📊 EXECUTION AUDIT [SIGNAL_GENERATED]: trade_id=None, candidate_id=cand_NSE_NIFTY50_INDEX_TRAP_24065.10_20260819_102500_Structural_v3.2_RVOL0.8, payload={'symbol': 'NSE:NIFTY50-INDEX', 'signal': 'BUY CALL', 'strategy': 'TRAP', 'price': 24065.2, 'stop_loss': 24057.292857142857, 'take_profit': 24081.01428571429, 'tp1': 24077.06071428572, 'rr_ratio': 2.0, 'timestamp': '2026-08-19T10:25:00+05:30', 'accepted': False, 'rejection_reasons': ['NO_TARGET_ZONE'], 'features': {'date': '2026-08-19', 'strategy_name': 'Structural_v3', 'strategy_version': 'v3.2', 'feature_version': 'v1.1', 'market_regime': 'STRONG_TREND_DOWN_HIGH_VOL', 'day_type': 'NORMAL_DAY', 'session_type': 'MID', 'daily_bias': 'NEUTRAL', 'hourly_bias': 'NEUTRAL', 'trend_strength': 0.0, 'rvol': 3.42, 'rvol_threshold': 0.8, 'atr': 15.81, 'distance_from_supply': 9999.0, 'distance_from_demand': 9999.0, 'nearest_supply_strength': 0.0, 'nearest_demand_strength': 0.0, 'distance_to_liquidity_pool': 9999.0, 'liquidity_score': 34.2, 'indicator_snapshot': {'rvol_tod': 3.42, 'is_compressed': True, 'bos_count': 0}, 'move_efficiency': 0.3587, 'wickiness': 0.3417, 'fft_score': 1.0, 'setup_type': 'TRAP', 'candidate_id': 'cand_NSE_NIFTY50_INDEX_TRAP_24065.10_20260819_102500', 'ema20': 24109.44, 'ema50': 24152.69, 'move_efficiency_h1': 0.6443, 'ema_bullish': False, 'rsi14': 25.57, 'rsi2': 1.92, 'distance_to_vwap': -0.0014, 'atr_percentile': 0.8389, 'dist_prev_high': -0.0084, 'dist_prev_low': -0.0037, 'adx': 38.72, 'adx_slope': 2.8651, 'gap_pct': -0.0001, 'regime_primary': 'STRONG_TREND_DOWN', 'regime_vol_state': 'HIGH_VOL'}, 'candidate_id': 'cand_NSE_NIFTY50_INDEX_TRAP_24065.10_20260819_102500_Structural_v3.2_RVOL0.8', 'experiment_name': 'Structural_v3.2_RVOL0.8', 'strategy_id': 'structural', 'version': 'v3.2'}
2026-08-19 10:30:18,579 - INFO - Resolved active expiry from DB: 26AUG (2026-08-25)
2026-08-19 10:30:18,593 - INFO - Resolved index signal into option contract: OptionContract(symbol='NSE:NIFTY26AUG24050CE', strike=24050.0, expiry='26AUG', option_type='CE', premium=158.75, delta=0.5, bid=158.75, ask=159.05, volume=13300690, resolved_at=datetime.datetime(2026, 8, 19, 10, 30, 18, 593723))
2026-08-19 10:30:18,593 - INFO - ⚡ Option strike selection resolved index signal to contract NSE:NIFTY26AUG24050CE @ premium 158.75 (type: CE, strike: 24050.0)
2026-08-19 10:30:18,593 - INFO - 📊 EXECUTION AUDIT [STRIKE_SELECTED]: trade_id=None, candidate_id=cand_NSE_NIFTY50_INDEX_TRAP_24065.10_20260819_102500_Structural_v3.2_RVOL0.8, payload={'symbol': 'NSE:NIFTY26AUG24050CE', 'strike': 24050.0, 'expiry': '26AUG', 'type': 'CE'}
2026-08-19 10:30:18,606 - INFO - 📊 EXECUTION AUDIT [PREMIUM_RETRIEVED]: trade_id=None, candidate_id=cand_NSE_NIFTY50_INDEX_TRAP_24065.10_20260819_102500_Structural_v3.2_RVOL0.8, payload={'premium': 158.75, 'bid': 158.75, 'ask': 159.05}
2026-08-19 10:30:18,618 - INFO - 📊 EXECUTION AUDIT [CF_SUBMITTED]: trade_id=None, candidate_id=cand_NSE_NIFTY50_INDEX_TRAP_24065.10_20260819_102500_Structural_v3.2_RVOL0.8, payload={'price': 24065.2, 'sl': 24057.292857142857, 'tp': 24081.01428571429}
2026-08-19 10:30:18,631 - INFO - 📊 EXECUTION AUDIT [CF_FILLED]: trade_id=None, candidate_id=cand_NSE_NIFTY50_INDEX_TRAP_24065.10_20260819_102500_Structural_v3.2_RVOL0.8, payload={'price': 24065.2, 'sl': 24057.292857142857, 'tp': 24081.01428571429}
2026-08-19 10:30:18,642 - INFO - 💰 Position size [TRAP|STRONG_TREND_DOWN_HIGH_VOL|conf=70]: frac=0.005 → ₹5,000 (risk/unit=0.03%)
2026-08-19 10:30:18,675 - INFO - 🟢 ENTRY [CF|Structural_v3.2_RVOL0.8|uctural_v3.2_RVOL0.8]: NSE:NIFTY50-INDEX BUY CALL @ 24065.20 | SL: 24057.29 TP: 24081.01
2026-08-19 10:30:18,675 - INFO - 👻 [Structural_v3.3_ExitMgmt] CF TRAP NSE:NIFTY50-INDEX BUY CALL | Rejected: ['NO_TARGET_ZONE']
2026-08-19 10:30:18,676 - INFO - 📊 EXECUTION AUDIT [SIGNAL_GENERATED]: trade_id=None, candidate_id=cand_NSE_NIFTY50_INDEX_TRAP_24065.10_20260819_102500_Structural_v3.3_ExitMgmt, payload={'symbol': 'NSE:NIFTY50-INDEX', 'signal': 'BUY CALL', 'strategy': 'TRAP', 'price': 24065.2, 'stop_loss': 24057.292857142857, 'take_profit': 24081.01428571429, 'tp1': 24077.06071428572, 'rr_ratio': 2.0, 'timestamp': '2026-08-19T10:25:00+05:30', 'accepted': False, 'rejection_reasons': ['NO_TARGET_ZONE'], 'features': {'date': '2026-08-19', 'strategy_name': 'Structural_v3', 'strategy_version': 'v3.2', 'feature_version': 'v1.1', 'market_regime': 'STRONG_TREND_DOWN_HIGH_VOL', 'day_type': 'NORMAL_DAY', 'session_type': 'MID', 'daily_bias': 'NEUTRAL', 'hourly_bias': 'NEUTRAL', 'trend_strength': 0.0, 'rvol': 3.42, 'rvol_threshold': 1.0, 'atr': 15.81, 'distance_from_supply': 9999.0, 'distance_from_demand': 9999.0, 'nearest_supply_strength': 0.0, 'nearest_demand_strength': 0.0, 'distance_to_liquidity_pool': 9999.0, 'liquidity_score': 34.2, 'indicator_snapshot': {'rvol_tod': 3.42, 'is_compressed': True, 'bos_count': 0}, 'move_efficiency': 0.3587, 'wickiness': 0.3417, 'fft_score': 1.0, 'setup_type': 'TRAP', 'candidate_id': 'cand_NSE_NIFTY50_INDEX_TRAP_24065.10_20260819_102500', 'ema20': 24109.44, 'ema50': 24152.69, 'move_efficiency_h1': 0.6443, 'ema_bullish': False, 'rsi14': 25.57, 'rsi2': 1.92, 'distance_to_vwap': -0.0014, 'atr_percentile': 0.8389, 'dist_prev_high': -0.0084, 'dist_prev_low': -0.0037, 'adx': 38.72, 'adx_slope': 2.8651, 'gap_pct': -0.0001, 'regime_primary': 'STRONG_TREND_DOWN', 'regime_vol_state': 'HIGH_VOL'}, 'candidate_id': 'cand_NSE_NIFTY50_INDEX_TRAP_24065.10_20260819_102500_Structural_v3.3_ExitMgmt', 'experiment_name': 'Structural_v3.3_ExitMgmt', 'strategy_id': 'structural', 'version': 'v3.2'}
2026-08-19 10:30:18,702 - INFO - Resolved active expiry from DB: 26AUG (2026-08-25)
2026-08-19 10:30:18,717 - INFO - Resolved index signal into option contract: OptionContract(symbol='NSE:NIFTY26AUG24050CE', strike=24050.0, expiry='26AUG', option_type='CE', premium=158.75, delta=0.5, bid=158.75, ask=159.05, volume=13300690, resolved_at=datetime.datetime(2026, 8, 19, 10, 30, 18, 717854))
2026-08-19 10:30:18,718 - INFO - ⚡ Option strike selection resolved index signal to contract NSE:NIFTY26AUG24050CE @ premium 158.75 (type: CE, strike: 24050.0)
2026-08-19 10:30:18,718 - INFO - 📊 EXECUTION AUDIT [STRIKE_SELECTED]: trade_id=None, candidate_id=cand_NSE_NIFTY50_INDEX_TRAP_24065.10_20260819_102500_Structural_v3.3_ExitMgmt, payload={'symbol': 'NSE:NIFTY26AUG24050CE', 'strike': 24050.0, 'expiry': '26AUG', 'type': 'CE'}
2026-08-19 10:30:18,730 - INFO - 📊 EXECUTION AUDIT [PREMIUM_RETRIEVED]: trade_id=None, candidate_id=cand_NSE_NIFTY50_INDEX_TRAP_24065.10_20260819_102500_Structural_v3.3_ExitMgmt, payload={'premium': 158.75, 'bid': 158.75, 'ask': 159.05}
2026-08-19 10:30:18,743 - INFO - 📊 EXECUTION AUDIT [CF_SUBMITTED]: trade_id=None, candidate_id=cand_NSE_NIFTY50_INDEX_TRAP_24065.10_20260819_102500_Structural_v3.3_ExitMgmt, payload={'price': 24065.2, 'sl': 24057.292857142857, 'tp': 24081.01428571429}
2026-08-19 10:30:18,755 - INFO - 📊 EXECUTION AUDIT [CF_FILLED]: trade_id=None, candidate_id=cand_NSE_NIFTY50_INDEX_TRAP_24065.10_20260819_102500_Structural_v3.3_ExitMgmt, payload={'price': 24065.2, 'sl': 24057.292857142857, 'tp': 24081.01428571429}
2026-08-19 10:30:18,767 - INFO - 💰 Position size [TRAP|STRONG_TREND_DOWN_HIGH_VOL|conf=70]: frac=0.005 → ₹5,000 (risk/unit=0.03%)
2026-08-19 10:30:18,794 - INFO - 🟢 ENTRY [CF|Structural_v3.3_ExitMgmt|ctural_v3.3_ExitMgmt]: NSE:NIFTY50-INDEX BUY CALL @ 24065.20 | SL: 24057.29 TP: 24081.01
2026-08-19 10:30:20,783 - INFO - Resolved active expiry from DB: 26AUG (2026-08-25)
2026-08-19 10:30:35,794 - INFO - ⏱️ [Real-time Exit Loop] Checking open positions @ 10:30:35...
2026-08-19 10:30:36,931 - INFO - 📊 EXECUTION AUDIT [CF_EXITED]: trade_id=None, candidate_id=cand_NSE_NIFTY50_INDEX_TRAP_24065.10_20260819_102500_Structural_v3.3_ExitMgmt, payload={'exit_price': 24064.4, 'exit_reason': 'STRUCTURE_INVALIDATED', 'pnl_r': -0.006287331027978622, 'duration_minutes': 0.5004829166666667, 'bars_held': 0}
2026-08-19 10:30:36,978 - INFO - 🔴 EXIT (STRUCTURE_INVALIDATED) [CFStructural_v3.3_ExitMgmt|ctural_v3.3_ExitMgmt]: NSE:NIFTY50-INDEX @ 24064.40 | PnL -0.01R | MFE 0.00R | Capture N/A | 0bars HoldEff -0.006R/bar
2026-08-19 10:30:37,892 - INFO - Retrieved live premium from Fyers API: LTP=173.95 for NSE:BANKNIFTY26AUG57700CE
2026-08-19 10:30:38,901 - INFO - Retrieved live premium from Fyers API: LTP=39.65 for NSE:NIFTY26AUG24350CE
2026-08-19 10:30:40,098 - INFO - Retrieved live premium from Fyers API: LTP=173.35 for NSE:BANKNIFTY26AUG57700CE
2026-08-19 10:30:46,778 - INFO - 📊 Saved 22 snapshots for NSE:NIFTYBANK-INDEX  (oi range: 11,640–1,248,000)
2026-08-19 10:30:47,882 - INFO - 📡 Fetching NSE:NIFTY50-INDEX @ 24063  expiry=26AUG  strikes=ATM±5
2026-08-19 10:31:05,233 - INFO - ⏱️ [Real-time Exit Loop] Checking open positions @ 10:31:05...
2026-08-19 10:31:06,327 - INFO - 📊 EXECUTION AUDIT [SL_MODIFIED]: trade_id=trade_NSE_NIFTYBANK_INDEX_RelativeValue_NIFTY_BANKNIFTY_v1.0_1787115275, candidate_id=cand_NSE_NIFTYBANK_INDEX_RELVAL_57145.45_20260819_102435_RelativeValue_NIFTY_BANKNIFTY_v1.0, payload={'price': 57083.5, 'old_sl': 57139.405000000006, 'new_sl': 57120.605, 'old_tp': None, 'new_tp': 57082.12026832375, 'reason': 'TRAILING_SL'}
2026-08-19 10:31:06,388 - INFO - 🟡 UPDATE (TRAILING_SL) [RelativeValue_NIFTY_BANKNIFTY_v1.0|NIFTY_BANKNIFTY_v1.0]: NSE:NIFTYBANK-INDEX @ 57083.50 | SL→57120.61 TP→57082.12
2026-08-19 10:31:06,410 - INFO - 📊 EXECUTION AUDIT [CF_SL_MODIFIED]: trade_id=None, candidate_id=cand_NSE_NIFTY50_INDEX_BREAKOUT_24065.10_20260819_101500_Structural_v3.2_RVOL1.0, payload={'price': 24061.25, 'old_sl': 24073.360714285714, 'new_sl': 24071.010714285716, 'old_tp': None, 'new_tp': 24053.17857142857, 'reason': 'TRAILING_SL'}
2026-08-19 10:31:06,445 - INFO - 🟡 UPDATE (TRAILING_SL) [CFStructural_v3.2_RVOL1.0|uctural_v3.2_RVOL1.0]: NSE:NIFTY50-INDEX @ 24061.25 | SL→24071.01 TP→24053.18
2026-08-19 10:31:06,445 - INFO - 📊 EXECUTION AUDIT [CF_SL_MODIFIED]: trade_id=None, candidate_id=cand_NSE_NIFTY50_INDEX_BREAKOUT_24065.10_20260819_101500_Structural_v3.2_RVOL0.8, payload={'price': 24061.25, 'old_sl': 24073.360714285714, 'new_sl': 24071.010714285716, 'old_tp': None, 'new_tp': 24053.17857142857, 'reason': 'TRAILING_SL'}
2026-08-19 10:31:06,477 - INFO - 🟡 UPDATE (TRAILING_SL) [CFStructural_v3.2_RVOL0.8|uctural_v3.2_RVOL0.8]: NSE:NIFTY50-INDEX @ 24061.25 | SL→24071.01 TP→24053.18
2026-08-19 10:31:06,477 - INFO - 📊 EXECUTION AUDIT [CF_SL_MODIFIED]: trade_id=None, candidate_id=cand_NSE_NIFTYBANK_INDEX_BREAKOUT_57001.75_20260819_101500_Structural_v3.2_RVOL1.0, payload={'price': 57083.5, 'old_sl': 57139.40535714286, 'new_sl': 57120.60535714286, 'old_tp': None, 'new_tp': 57071.239285714284, 'reason': 'TRAILING_SL'}
2026-08-19 10:31:06,508 - INFO - 🟡 UPDATE (TRAILING_SL) [CFStructural_v3.2_RVOL1.0|uctural_v3.2_RVOL1.0]: NSE:NIFTYBANK-INDEX @ 57083.50 | SL→57120.61 TP→57071.24
2026-08-19 10:31:06,508 - INFO - 📊 EXECUTION AUDIT [CF_SL_MODIFIED]: trade_id=None, candidate_id=cand_NSE_NIFTYBANK_INDEX_BREAKOUT_57001.75_20260819_101500_Structural_v3.2_RVOL0.8, payload={'price': 57083.5, 'old_sl': 57139.40535714286, 'new_sl': 57120.60535714286, 'old_tp': None, 'new_tp': 57071.239285714284, 'reason': 'TRAILING_SL'}
2026-08-19 10:31:06,545 - INFO - 🟡 UPDATE (TRAILING_SL) [CFStructural_v3.2_RVOL0.8|uctural_v3.2_RVOL0.8]: NSE:NIFTYBANK-INDEX @ 57083.50 | SL→57120.61 TP→57071.24
2026-08-19 10:31:06,545 - INFO - 📊 EXECUTION AUDIT [CF_SL_MODIFIED]: trade_id=None, candidate_id=cand_NSE_NIFTYBANK_INDEX_BREAKOUT_57001.75_20260819_101500_Structural_v3.3_ExitMgmt, payload={'price': 57083.5, 'old_sl': 57182.55535714285, 'new_sl': 57179.59, 'old_tp': None, 'new_tp': 57071.239285714284, 'reason': 'TRAILING_SL'}
2026-08-19 10:31:06,581 - INFO - 🟡 UPDATE (TRAILING_SL) [CFStructural_v3.3_ExitMgmt|ctural_v3.3_ExitMgmt]: NSE:NIFTYBANK-INDEX @ 57083.50 | SL→57179.59 TP→57071.24
2026-08-19 10:31:06,582 - INFO - 📊 EXECUTION AUDIT [CF_SL_MODIFIED]: trade_id=None, candidate_id=cand_NSE_NIFTYBANK_INDEX_EMAPULL_57145.45_20260819_102435_EMA_Pullback_20_50_RVOL0.5, payload={'price': 57083.5, 'old_sl': 57233.592000000004, 'new_sl': 57214.792, 'old_tp': None, 'new_tp': 56882.865999999995, 'reason': 'TRAILING_SL'}
2026-08-19 10:31:06,619 - INFO - 🟡 UPDATE (TRAILING_SL) [CFEMA_Pullback_20_50_RVOL0.5|llback_20_50_RVOL0.5]: NSE:NIFTYBANK-INDEX @ 57083.50 | SL→57214.79 TP→56882.87
2026-08-19 10:31:06,619 - INFO - 📊 EXECUTION AUDIT [CF_SL_MODIFIED]: trade_id=None, candidate_id=cand_NSE_NIFTYBANK_INDEX_LIQUIDITY_SWEEP_57145.45_20260819_102435_OrderFlow_v1.0, payload={'price': 57083.5, 'old_sl': 57159.05150000001, 'new_sl': 57140.251500000006, 'old_tp': None, 'new_tp': 57064.69849999999, 'reason': 'TRAILING_SL'}
2026-08-19 10:31:06,657 - INFO - 🟡 UPDATE (TRAILING_SL) [CFOrderFlow_v1.0|02435_OrderFlow_v1.0]: NSE:NIFTYBANK-INDEX @ 57083.50 | SL→57140.25 TP→57064.70
2026-08-19 10:31:06,657 - INFO - 📊 EXECUTION AUDIT [CF_SL_MODIFIED]: trade_id=None, candidate_id=cand_NSE_NIFTY50_INDEX_ORB_60M_24065.05_20260819_102505_ORB_60m_IB_RVOL1.2, payload={'price': 24061.25, 'old_sl': 24073.765, 'new_sl': 24071.415, 'old_tp': None, 'new_tp': 24044.719999999998, 'reason': 'TRAILING_SL'}
2026-08-19 10:31:06,695 - INFO - 🟡 UPDATE (TRAILING_SL) [CFORB_60m_IB_RVOL1.2|5_ORB_60m_IB_RVOL1.2]: NSE:NIFTY50-INDEX @ 24061.25 | SL→24071.42 TP→24044.72
2026-08-19 10:31:06,696 - INFO - 📊 EXECUTION AUDIT [CF_TP_EXPANDED]: trade_id=None, candidate_id=cand_NSE_NIFTYBANK_INDEX_CONFLUENCE_BOUNCE_57102.75_202608191025_Geometry_v1.0_Score35, payload={'price': 57083.5, 'old_sl': 57141.68, 'new_sl': 57122.88, 'old_tp': 57100.0, 'new_tp': 57060.62, 'reason': 'TP_EXPANSION'}
2026-08-19 10:31:06,734 - INFO - 🟡 UPDATE (TP_EXPANSION) [CFGeometry_v1.0_Score35|eometry_v1.0_Score35]: NSE:NIFTYBANK-INDEX @ 57083.50 | SL→57122.88 TP→57060.62
2026-08-19 10:31:07,347 - INFO - Retrieved live premium from Fyers API: LTP=169.15 for NSE:BANKNIFTY26AUG57700CE
2026-08-19 10:31:08,346 - INFO - Retrieved live premium from Fyers API: LTP=38.8 for NSE:NIFTY26AUG24350CE
2026-08-19 10:31:09,535 - INFO - Retrieved live premium from Fyers API: LTP=168.7 for NSE:BANKNIFTY26AUG57700CE
2026-08-19 10:31:17,883 - INFO - 📊 Saved 22 snapshots for NSE:NIFTY50-INDEX  (oi range: 133,575–14,859,065)
2026-08-19 10:31:18,982 - INFO - 📡 Fetching NSE:NIFTYBANK-INDEX @ 57080  expiry=26AUG  strikes=ATM±5
2026-08-19 10:31:35,676 - INFO - ⏱️ [Real-time Exit Loop] Checking open positions @ 10:31:35...
2026-08-19 10:31:36,819 - INFO - 📊 EXECUTION AUDIT [CF_SL_MODIFIED]: trade_id=None, candidate_id=cand_NSE_NIFTY50_INDEX_BREAKOUT_24065.10_20260819_101500_Structural_v3.2_RVOL1.0, payload={'price': 24060.0, 'old_sl': 24071.010714285716, 'new_sl': 24069.760714285716, 'old_tp': None, 'new_tp': 24053.17857142857, 'reason': 'TRAILING_SL'}
2026-08-19 10:31:36,868 - INFO - 🟡 UPDATE (TRAILING_SL) [CFStructural_v3.2_RVOL1.0|uctural_v3.2_RVOL1.0]: NSE:NIFTY50-INDEX @ 24060.00 | SL→24069.76 TP→24053.18
2026-08-19 10:31:36,868 - INFO - 📊 EXECUTION AUDIT [CF_SL_MODIFIED]: trade_id=None, candidate_id=cand_NSE_NIFTY50_INDEX_BREAKOUT_24065.10_20260819_101500_Structural_v3.2_RVOL0.8, payload={'price': 24060.0, 'old_sl': 24071.010714285716, 'new_sl': 24069.760714285716, 'old_tp': None, 'new_tp': 24053.17857142857, 'reason': 'TRAILING_SL'}
2026-08-19 10:31:36,902 - INFO - 🟡 UPDATE (TRAILING_SL) [CFStructural_v3.2_RVOL0.8|uctural_v3.2_RVOL0.8]: NSE:NIFTY50-INDEX @ 24060.00 | SL→24069.76 TP→24053.18
2026-08-19 10:31:36,903 - INFO - 📊 EXECUTION AUDIT [CF_SL_MODIFIED]: trade_id=None, candidate_id=cand_NSE_NIFTY50_INDEX_ORB_60M_24065.05_20260819_102505_ORB_60m_IB_RVOL1.2, payload={'price': 24060.0, 'old_sl': 24071.415, 'new_sl': 24070.165, 'old_tp': None, 'new_tp': 24044.719999999998, 'reason': 'TRAILING_SL'}
2026-08-19 10:31:36,938 - INFO - 🟡 UPDATE (TRAILING_SL) [CFORB_60m_IB_RVOL1.2|5_ORB_60m_IB_RVOL1.2]: NSE:NIFTY50-INDEX @ 24060.00 | SL→24070.17 TP→24044.72
2026-08-19 10:31:37,794 - INFO - Retrieved live premium from Fyers API: LTP=174.15 for NSE:BANKNIFTY26AUG57700CE
2026-08-19 10:31:38,801 - INFO - Retrieved live premium from Fyers API: LTP=39.4 for NSE:NIFTY26AUG24350CE
2026-08-19 10:31:39,820 - INFO - Retrieved live premium from Fyers API: LTP=174.1 for NSE:BANKNIFTY26AUG57700CE
2026-08-19 10:31:48,742 - INFO - 📊 Saved 22 snapshots for NSE:NIFTYBANK-INDEX  (oi range: 11,580–1,252,260)
2026-08-19 10:31:49,845 - INFO - 📡 Fetching NSE:NIFTY50-INDEX @ 24062  expiry=26AUG  strikes=ATM±5
2026-08-19 10:32:05,947 - INFO - ⏱️ [Real-time Exit Loop] Checking open positions @ 10:32:05...
2026-08-19 10:32:08,227 - INFO - Retrieved live premium from Fyers API: LTP=176.55 for NSE:BANKNIFTY26AUG57700CE
2026-08-19 10:32:09,061 - INFO - Retrieved live premium from Fyers API: LTP=40.2 for NSE:NIFTY26AUG24350CE
2026-08-19 10:32:10,065 - INFO - Retrieved live premium from Fyers API: LTP=177.65 for NSE:BANKNIFTY26AUG57700CE
2026-08-19 10:32:19,643 - INFO - 📊 Saved 22 snapshots for NSE:NIFTY50-INDEX  (oi range: 134,810–14,867,645)
2026-08-19 10:32:20,738 - INFO - 📡 Fetching NSE:NIFTYBANK-INDEX @ 57107  expiry=26AUG  strikes=ATM±5
2026-08-19 10:32:35,194 - INFO - ⏱️ [Real-time Exit Loop] Checking open positions @ 10:32:35...
2026-08-19 10:32:37,465 - INFO - Retrieved live premium from Fyers API: LTP=180.0 for NSE:BANKNIFTY26AUG57700CE
2026-08-19 10:32:38,315 - INFO - Retrieved live premium from Fyers API: LTP=40.3 for NSE:NIFTY26AUG24350CE
2026-08-19 10:32:39,324 - INFO - Retrieved live premium from Fyers API: LTP=180.95 for NSE:BANKNIFTY26AUG57700CE
2026-08-19 10:32:50,420 - INFO - 📊 Saved 22 snapshots for NSE:NIFTYBANK-INDEX  (oi range: 11,550–1,248,960)
2026-08-19 10:32:51,516 - INFO - 📡 Fetching NSE:NIFTY50-INDEX @ 24064  expiry=26AUG  strikes=ATM±5
2026-08-19 10:33:05,463 - INFO - ⏱️ [Real-time Exit Loop] Checking open positions @ 10:33:05...
2026-08-19 10:33:07,571 - INFO - Retrieved live premium from Fyers API: LTP=180.45 for NSE:BANKNIFTY26AUG57700CE
2026-08-19 10:33:08,743 - INFO - Retrieved live premium from Fyers API: LTP=39.95 for NSE:NIFTY26AUG24350CE
2026-08-19 10:33:09,587 - INFO - Retrieved live premium from Fyers API: LTP=180.2 for NSE:BANKNIFTY26AUG57700CE
2026-08-19 10:33:22,418 - INFO - 📊 Saved 22 snapshots for NSE:NIFTY50-INDEX  (oi range: 135,850–14,892,475)
2026-08-19 10:33:23,699 - INFO - 📡 Fetching NSE:NIFTYBANK-INDEX @ 57119  expiry=26AUG  strikes=ATM±5
2026-08-19 10:33:35,725 - INFO - ⏱️ [Real-time Exit Loop] Checking open positions @ 10:33:35...
2026-08-19 10:33:37,833 - INFO - Retrieved live premium from Fyers API: LTP=176.45 for NSE:BANKNIFTY26AUG57700CE
2026-08-19 10:33:38,852 - INFO - Retrieved live premium from Fyers API: LTP=39.25 for NSE:NIFTY26AUG24350CE
2026-08-19 10:33:39,849 - INFO - Retrieved live premium from Fyers API: LTP=178.5 for NSE:BANKNIFTY26AUG57700CE
2026-08-19 10:33:53,379 - INFO - 📊 Saved 22 snapshots for NSE:NIFTYBANK-INDEX  (oi range: 11,520–1,242,210)
2026-08-19 10:33:54,669 - INFO - 📡 Fetching NSE:NIFTY50-INDEX @ 24064  expiry=26AUG  strikes=ATM±5
2026-08-19 10:34:05,990 - INFO - ⏱️ [Real-time Exit Loop] Checking open positions @ 10:34:05...
2026-08-19 10:34:08,099 - INFO - Retrieved live premium from Fyers API: LTP=179.15 for NSE:BANKNIFTY26AUG57700CE
2026-08-19 10:34:09,104 - INFO - Retrieved live premium from Fyers API: LTP=39.7 for NSE:NIFTY26AUG24350CE
2026-08-19 10:34:10,113 - INFO - Retrieved live premium from Fyers API: LTP=179.15 for NSE:BANKNIFTY26AUG57700CE
2026-08-19 10:34:24,531 - INFO - 📊 Saved 22 snapshots for NSE:NIFTY50-INDEX  (oi range: 136,565–14,929,200)
2026-08-19 10:34:25,824 - INFO - 📡 Fetching NSE:NIFTYBANK-INDEX @ 57102  expiry=26AUG  strikes=ATM±5
2026-08-19 10:34:35,248 - INFO - ⏱️ [Real-time Exit Loop] Checking open positions @ 10:34:35...
2026-08-19 10:34:36,388 - INFO - 📊 EXECUTION AUDIT [CF_SL_MODIFIED]: trade_id=None, candidate_id=cand_NSE_NIFTY50_INDEX_BREAKOUT_24065.10_20260819_101500_Structural_v3.2_RVOL1.0, payload={'price': 24057.9, 'old_sl': 24069.760714285716, 'new_sl': 24067.660714285717, 'old_tp': None, 'new_tp': 24053.17857142857, 'reason': 'TRAILING_SL'}
2026-08-19 10:34:36,433 - INFO - 🟡 UPDATE (TRAILING_SL) [CFStructural_v3.2_RVOL1.0|uctural_v3.2_RVOL1.0]: NSE:NIFTY50-INDEX @ 24057.90 | SL→24067.66 TP→24053.18
2026-08-19 10:34:36,434 - INFO - 📊 EXECUTION AUDIT [CF_SL_MODIFIED]: trade_id=None, candidate_id=cand_NSE_NIFTY50_INDEX_BREAKOUT_24065.10_20260819_101500_Structural_v3.2_RVOL0.8, payload={'price': 24057.9, 'old_sl': 24069.760714285716, 'new_sl': 24067.660714285717, 'old_tp': None, 'new_tp': 24053.17857142857, 'reason': 'TRAILING_SL'}
2026-08-19 10:34:36,469 - INFO - 🟡 UPDATE (TRAILING_SL) [CFStructural_v3.2_RVOL0.8|uctural_v3.2_RVOL0.8]: NSE:NIFTY50-INDEX @ 24057.90 | SL→24067.66 TP→24053.18
2026-08-19 10:34:36,469 - INFO - 📊 EXECUTION AUDIT [CF_SL_MODIFIED]: trade_id=None, candidate_id=cand_NSE_NIFTY50_INDEX_BREAKOUT_24065.10_20260819_101500_Structural_v3.3_ExitMgmt, payload={'price': 24057.9, 'old_sl': 24082.460714285717, 'new_sl': 24081.615, 'old_tp': None, 'new_tp': 24053.17857142857, 'reason': 'TRAILING_SL'}
2026-08-19 10:34:36,500 - INFO - 🟡 UPDATE (TRAILING_SL) [CFStructural_v3.3_ExitMgmt|ctural_v3.3_ExitMgmt]: NSE:NIFTY50-INDEX @ 24057.90 | SL→24081.62 TP→24053.18
2026-08-19 10:34:36,500 - INFO - 📊 EXECUTION AUDIT [CF_SL_MODIFIED]: trade_id=None, candidate_id=cand_NSE_NIFTY50_INDEX_ORB_60M_24065.05_20260819_102505_ORB_60m_IB_RVOL1.2, payload={'price': 24057.9, 'old_sl': 24070.165, 'new_sl': 24068.065000000002, 'old_tp': None, 'new_tp': 24044.719999999998, 'reason': 'TRAILING_SL'}
2026-08-19 10:34:36,532 - INFO - 🟡 UPDATE (TRAILING_SL) [CFORB_60m_IB_RVOL1.2|5_ORB_60m_IB_RVOL1.2]: NSE:NIFTY50-INDEX @ 24057.90 | SL→24068.07 TP→24044.72
2026-08-19 10:34:37,351 - INFO - Retrieved live premium from Fyers API: LTP=173.2 for NSE:BANKNIFTY26AUG57700CE
2026-08-19 10:34:38,360 - INFO - Retrieved live premium from Fyers API: LTP=39.15 for NSE:NIFTY26AUG24350CE
2026-08-19 10:34:39,567 - INFO - Retrieved live premium from Fyers API: LTP=173.5 for NSE:BANKNIFTY26AUG57700CE
2026-08-19 10:34:55,402 - INFO - 📊 Saved 22 snapshots for NSE:NIFTYBANK-INDEX  (oi range: 11,220–1,243,800)
2026-08-19 10:34:56,510 - INFO - 📡 Fetching NSE:NIFTY50-INDEX @ 24057  expiry=26AUG  strikes=ATM±5
2026-08-19 10:35:05,692 - INFO - 🔔 [New Candle Closed] Running entry pipeline for candle 10:35 at 10:35:05...
2026-08-19 10:35:05,693 - INFO - --- 10:35:05 Market Pulse ---
2026-08-19 10:35:12,842 - INFO - 📊 EXECUTION AUDIT [ORDER_EXITED]: trade_id=trade_NSE_NIFTYBANK_INDEX_RelativeValue_NIFTY_BANKNIFTY_v1.0_1787115275, candidate_id=cand_NSE_NIFTYBANK_INDEX_RELVAL_57145.45_20260819_102435_RelativeValue_NIFTY_BANKNIFTY_v1.0, payload={'exit_price': 57120.605, 'exit_reason': 'TRAILING_SL', 'pnl_r': 0.012824897400820793, 'duration_minutes': 10.500001116666665, 'bars_held': 3}
2026-08-19 10:35:12,916 - INFO - 🔴 EXIT (TRAILING_SL) [RelativeValue_NIFTY_BANKNIFTY_v1.0|NIFTY_BANKNIFTY_v1.0]: NSE:NIFTYBANK-INDEX @ 57120.61 | PnL +0.01R | MFE 1.67R | Capture 1% | 3bars HoldEff +0.004R/bar
2026-08-19 10:35:12,917 - INFO - 📊 EXECUTION AUDIT [CF_SL_MODIFIED]: trade_id=None, candidate_id=cand_NSE_NIFTY50_INDEX_BREAKOUT_24065.10_20260819_101500_Structural_v3.2_RVOL1.0, payload={'price': 24057.65, 'old_sl': 24067.660714285717, 'new_sl': 24067.410714285717, 'old_tp': None, 'new_tp': 24053.17857142857, 'reason': 'TRAILING_SL'}
2026-08-19 10:35:12,967 - INFO - 🟡 UPDATE (TRAILING_SL) [CFStructural_v3.2_RVOL1.0|uctural_v3.2_RVOL1.0]: NSE:NIFTY50-INDEX @ 24057.65 | SL→24067.41 TP→24053.18
2026-08-19 10:35:12,967 - INFO - 📊 EXECUTION AUDIT [CF_SL_MODIFIED]: trade_id=None, candidate_id=cand_NSE_NIFTY50_INDEX_BREAKOUT_24065.10_20260819_101500_Structural_v3.2_RVOL0.8, payload={'price': 24057.65, 'old_sl': 24067.660714285717, 'new_sl': 24067.410714285717, 'old_tp': None, 'new_tp': 24053.17857142857, 'reason': 'TRAILING_SL'}
2026-08-19 10:35:13,007 - INFO - 🟡 UPDATE (TRAILING_SL) [CFStructural_v3.2_RVOL0.8|uctural_v3.2_RVOL0.8]: NSE:NIFTY50-INDEX @ 24057.65 | SL→24067.41 TP→24053.18
2026-08-19 10:35:13,007 - INFO - 📊 EXECUTION AUDIT [CF_SL_MODIFIED]: trade_id=None, candidate_id=cand_NSE_NIFTY50_INDEX_BREAKOUT_24065.10_20260819_101500_Structural_v3.3_ExitMgmt, payload={'price': 24057.65, 'old_sl': 24081.615, 'new_sl': 24081.365, 'old_tp': None, 'new_tp': 24053.17857142857, 'reason': 'TRAILING_SL'}
2026-08-19 10:35:13,040 - INFO - 🟡 UPDATE (TRAILING_SL) [CFStructural_v3.3_ExitMgmt|ctural_v3.3_ExitMgmt]: NSE:NIFTY50-INDEX @ 24057.65 | SL→24081.37 TP→24053.18
2026-08-19 10:35:13,040 - INFO - 📊 EXECUTION AUDIT [CF_EXITED]: trade_id=None, candidate_id=cand_NSE_NIFTYBANK_INDEX_BREAKOUT_57001.75_20260819_101500_Structural_v3.2_RVOL1.0, payload={'exit_price': 57120.60535714286, 'exit_reason': 'TRAILING_SL', 'pnl_r': 0.012824897400820793, 'duration_minutes': 10.500001116666665, 'bars_held': 3}
2026-08-19 10:35:13,072 - INFO - 🔴 EXIT (TRAILING_SL) [CFStructural_v3.2_RVOL1.0|uctural_v3.2_RVOL1.0]: NSE:NIFTYBANK-INDEX @ 57120.61 | PnL +0.01R | MFE 1.67R | Capture 1% | 3bars HoldEff +0.004R/bar
2026-08-19 10:35:13,072 - INFO - 📊 EXECUTION AUDIT [CF_EXITED]: trade_id=None, candidate_id=cand_NSE_NIFTYBANK_INDEX_BREAKOUT_57001.75_20260819_101500_Structural_v3.2_RVOL0.8, payload={'exit_price': 57120.60535714286, 'exit_reason': 'TRAILING_SL', 'pnl_r': 0.012824897400820793, 'duration_minutes': 10.500001116666665, 'bars_held': 3}
2026-08-19 10:35:13,107 - INFO - 🔴 EXIT (TRAILING_SL) [CFStructural_v3.2_RVOL0.8|uctural_v3.2_RVOL0.8]: NSE:NIFTYBANK-INDEX @ 57120.61 | PnL +0.01R | MFE 1.67R | Capture 1% | 3bars HoldEff +0.004R/bar
2026-08-19 10:35:13,108 - INFO - 📊 EXECUTION AUDIT [CF_SL_MODIFIED]: trade_id=None, candidate_id=cand_NSE_NIFTY50_INDEX_ORB_60M_24065.05_20260819_102505_ORB_60m_IB_RVOL1.2, payload={'price': 24057.65, 'old_sl': 24068.065000000002, 'new_sl': 24067.815000000002, 'old_tp': None, 'new_tp': 24044.719999999998, 'reason': 'TRAILING_SL'}
2026-08-19 10:35:13,141 - INFO - 🟡 UPDATE (TRAILING_SL) [CFORB_60m_IB_RVOL1.2|5_ORB_60m_IB_RVOL1.2]: NSE:NIFTY50-INDEX @ 24057.65 | SL→24067.82 TP→24044.72
2026-08-19 10:35:13,141 - INFO - 📊 EXECUTION AUDIT [CF_EXITED]: trade_id=None, candidate_id=cand_NSE_NIFTYBANK_INDEX_CONFLUENCE_BOUNCE_57102.75_202608191025_Geometry_v1.0_Score35, payload={'exit_price': 57122.88, 'exit_reason': 'TRAILING_SL', 'pnl_r': 0.012824897400820793, 'duration_minutes': 10.00746085, 'bars_held': 2}
2026-08-19 10:35:13,171 - INFO - 🔴 EXIT (TRAILING_SL) [CFGeometry_v1.0_Score35|eometry_v1.0_Score35]: NSE:NIFTYBANK-INDEX @ 57122.88 | PnL +0.01R | MFE 0.49R | Capture 3% | 2bars HoldEff +0.006R/bar
2026-08-19 10:35:13,171 - INFO - 📊 EXECUTION AUDIT [CF_EXITED]: trade_id=None, candidate_id=cand_NSE_NIFTY50_INDEX_TRAP_24065.10_20260819_102500_Structural_v3.2_RVOL1.0, payload={'exit_price': 24057.292857142857, 'exit_reason': 'INITIAL_SL', 'pnl_r': -0.02923608928010063, 'duration_minutes': 4.998790583333333, 'bars_held': 1}
2026-08-19 10:35:13,200 - INFO - 🔴 EXIT (INITIAL_SL) [CFStructural_v3.2_RVOL1.0|uctural_v3.2_RVOL1.0]: NSE:NIFTY50-INDEX @ 24057.29 | PnL -0.03R | MFE 0.00R | Capture N/A | 1bars HoldEff -0.029R/bar
2026-08-19 10:35:13,200 - INFO - 📊 EXECUTION AUDIT [CF_EXITED]: trade_id=None, candidate_id=cand_NSE_NIFTY50_INDEX_TRAP_24065.10_20260819_102500_Structural_v3.2_RVOL0.8, payload={'exit_price': 24057.292857142857, 'exit_reason': 'INITIAL_SL', 'pnl_r': -0.02923608928010063, 'duration_minutes': 4.998790583333333, 'bars_held': 1}
2026-08-19 10:35:13,229 - INFO - 🔴 EXIT (INITIAL_SL) [CFStructural_v3.2_RVOL0.8|uctural_v3.2_RVOL0.8]: NSE:NIFTY50-INDEX @ 24057.29 | PnL -0.03R | MFE 0.00R | Capture N/A | 1bars HoldEff -0.029R/bar
2026-08-19 10:35:13,847 - INFO - Retrieved live premium from Fyers API: LTP=170.35 for NSE:BANKNIFTY26AUG57700CE
2026-08-19 10:35:14,850 - INFO - Retrieved live premium from Fyers API: LTP=38.65 for NSE:NIFTY26AUG24350CE
2026-08-19 10:35:15,852 - INFO - Retrieved live premium from Fyers API: LTP=171.65 for NSE:BANKNIFTY26AUG57700CE
2026-08-19 10:35:18,221 - INFO - Resolved active expiry from DB: 26AUG (2026-08-25)
2026-08-19 10:35:18,222 - INFO - 🧭 [VWAP_Reversion_1.5ATR_RVOL1.0] Regime router: NSE:NIFTY50-INDEX blocked from REAL capital (regime=STRONG_TREND_DOWN_NORMAL) — routed to CF
2026-08-19 10:35:18,222 - INFO - 👻 [VWAP_Reversion_1.5ATR_RVOL1.0] CF REVERSION NSE:NIFTY50-INDEX BUY CALL | Rejected: ['REGIME_MISMATCH']
2026-08-19 10:35:18,222 - INFO - 📊 EXECUTION AUDIT [SIGNAL_GENERATED]: trade_id=None, candidate_id=cand_NSE_NIFTY50_INDEX_VWAPREV_24057.45_20260819_103505_VWAP_Reversion_1.5ATR_RVOL1.0, payload={'symbol': 'NSE:NIFTY50-INDEX', 'signal': 'BUY CALL', 'strategy': 'REVERSION', 'price': 24057.45, 'stop_loss': 24049.905000000002, 'take_profit': 24098.417309426026, 'tp1': 24068.7675, 'rr_ratio': 5.43, 'timestamp': '2026-08-19T10:35:05.693280+05:30', 'accepted': True, 'rejection_reasons': ['REGIME_MISMATCH'], 'features': {'atr': 15.09, 'ema20': 24104.49, 'ema50': 24148.96, 'move_efficiency': 0.7044, 'move_efficiency_h1': 0.6948, 'wickiness': 0.3228, 'ema_bullish': False, 'rsi14': 26.77, 'rsi2': 1.9, 'distance_to_vwap': -0.0017, 'atr_percentile': 0.7915, 'dist_prev_high': -0.0087, 'dist_prev_low': -0.004, 'adx': 39.85, 'adx_slope': 3.1422, 'gap_pct': -0.0001, 'regime_primary': 'STRONG_TREND_DOWN', 'regime_vol_state': 'NORMAL', 'market_regime': 'STRONG_TREND_DOWN_NORMAL'}, 'candidate_id': 'cand_NSE_NIFTY50_INDEX_VWAPREV_24057.45_20260819_103505_VWAP_Reversion_1.5ATR_RVOL1.0', 'confidence': 0.74, 'diagnostics': {'distance_to_vwap': -0.0017, 'abs_distance': 40.97, 'vwap_price': 24098.42, 'stretch_threshold': 22.63, 'rvol': 3.05, 'atr': 15.09, 'atr_percentile': 0.791, 'move_efficiency': 0.704}, 'experiment_name': 'VWAP_Reversion_1.5ATR_RVOL1.0', 'strategy_id': 'vwap_reversion', 'version': 'v1.0', 'regime_at_decision': 'STRONG_TREND_DOWN_NORMAL'}
2026-08-19 10:35:18,242 - INFO - Resolved active expiry from DB: 26AUG (2026-08-25)
2026-08-19 10:35:18,253 - INFO - Resolved index signal into option contract: OptionContract(symbol='NSE:NIFTY26AUG24050CE', strike=24050.0, expiry='26AUG', option_type='CE', premium=157.9, delta=0.5, bid=157.9, ask=158.25, volume=14278030, resolved_at=datetime.datetime(2026, 8, 19, 10, 35, 18, 253536))
2026-08-19 10:35:18,253 - INFO - ⚡ Option strike selection resolved index signal to contract NSE:NIFTY26AUG24050CE @ premium 157.9 (type: CE, strike: 24050.0)
2026-08-19 10:35:18,253 - INFO - 📊 EXECUTION AUDIT [STRIKE_SELECTED]: trade_id=None, candidate_id=cand_NSE_NIFTY50_INDEX_VWAPREV_24057.45_20260819_103505_VWAP_Reversion_1.5ATR_RVOL1.0, payload={'symbol': 'NSE:NIFTY26AUG24050CE', 'strike': 24050.0, 'expiry': '26AUG', 'type': 'CE'}
2026-08-19 10:35:18,263 - INFO - 📊 EXECUTION AUDIT [PREMIUM_RETRIEVED]: trade_id=None, candidate_id=cand_NSE_NIFTY50_INDEX_VWAPREV_24057.45_20260819_103505_VWAP_Reversion_1.5ATR_RVOL1.0, payload={'premium': 157.9, 'bid': 157.9, 'ask': 158.25}
2026-08-19 10:35:18,275 - INFO - 📊 EXECUTION AUDIT [CF_SUBMITTED]: trade_id=None, candidate_id=cand_NSE_NIFTY50_INDEX_VWAPREV_24057.45_20260819_103505_VWAP_Reversion_1.5ATR_RVOL1.0, payload={'price': 24057.45, 'sl': 24049.905000000002, 'tp': 24098.417309426026}
2026-08-19 10:35:18,286 - INFO - 📊 EXECUTION AUDIT [CF_FILLED]: trade_id=None, candidate_id=cand_NSE_NIFTY50_INDEX_VWAPREV_24057.45_20260819_103505_VWAP_Reversion_1.5ATR_RVOL1.0, payload={'price': 24057.45, 'sl': 24049.905000000002, 'tp': 24098.417309426026}
2026-08-19 10:35:18,297 - INFO - 💰 Position size [REVERSION|STRONG_TREND_DOWN_NORMAL|conf=1]: frac=0.004 → ₹5,000 (risk/unit=0.03%)
2026-08-19 10:35:18,320 - INFO - 🟢 ENTRY [CF|VWAP_Reversion_1.5ATR_RVOL1.0|rsion_1.5ATR_RVOL1.0]: NSE:NIFTY50-INDEX BUY CALL @ 24057.45 | SL: 24049.91 TP: 24098.42
2026-08-19 10:35:18,320 - INFO - 🚀 SIGNAL: NSE:NIFTY50-INDEX BUY PUT | [ORB_60m_IB_RVOL1.2]
2026-08-19 10:35:18,320 - INFO -    Entry: 24057.45 | SL: 24069.626999999997 | TP: 24033.09600000001 (RR: 2.0)
2026-08-19 10:35:18,320 - INFO - 📊 EXECUTION AUDIT [SIGNAL_GENERATED]: trade_id=trade_NSE_NIFTY50_INDEX_ORB_60m_IB_RVOL1.2_1787115905, candidate_id=cand_NSE_NIFTY50_INDEX_ORB_60M_24057.45_20260819_103505_ORB_60m_IB_RVOL1.2, payload={'symbol': 'NSE:NIFTY50-INDEX', 'signal': 'BUY PUT', 'strategy': 'ORB_60M', 'price': 24057.45, 'stop_loss': 24069.626999999997, 'take_profit': 24033.09600000001, 'tp1': 24039.184500000007, 'rr_ratio': 2.0, 'timestamp': '2026-08-19T10:35:05.693280+05:30', 'accepted': True, 'rejection_reasons': [], 'features': {'atr': 15.09, 'ema20': 24104.49, 'ema50': 24148.96, 'move_efficiency': 0.7044, 'move_efficiency_h1': 0.6948, 'wickiness': 0.3228, 'ema_bullish': False, 'rsi14': 26.77, 'rsi2': 1.9, 'distance_to_vwap': -0.0017, 'atr_percentile': 0.7915, 'dist_prev_high': -0.0087, 'dist_prev_low': -0.004, 'adx': 39.85, 'adx_slope': 3.1422, 'gap_pct': -0.0001, 'regime_primary': 'STRONG_TREND_DOWN', 'regime_vol_state': 'NORMAL', 'market_regime': 'STRONG_TREND_DOWN_NORMAL'}, 'candidate_id': 'cand_NSE_NIFTY50_INDEX_ORB_60M_24057.45_20260819_103505_ORB_60m_IB_RVOL1.2', 'confidence': 0.93, 'diagnostics': {'orb_high': 24172.85, 'orb_low': 24065.1, 'orb_minutes': 60, 'rvol': 3.05, 'atr': 15.09, 'atr_percentile': 0.791, 'move_efficiency': 0.704}, 'experiment_name': 'ORB_60m_IB_RVOL1.2', 'strategy_id': 'orb', 'version': 'v1.0'}
2026-08-19 10:35:18,341 - INFO - Resolved active expiry from DB: 26AUG (2026-08-25)
2026-08-19 10:35:18,354 - INFO - Resolved index signal into option contract: OptionContract(symbol='NSE:NIFTY26AUG24050PE', strike=24050.0, expiry='26AUG', option_type='PE', premium=94.5, delta=0.5, bid=94.3, ask=94.5, volume=34379150, resolved_at=datetime.datetime(2026, 8, 19, 10, 35, 18, 354406))
2026-08-19 10:35:18,354 - INFO - ⚡ Option strike selection resolved index signal to contract NSE:NIFTY26AUG24050PE @ premium 94.5 (type: PE, strike: 24050.0)
2026-08-19 10:35:18,354 - INFO - 📊 EXECUTION AUDIT [STRIKE_SELECTED]: trade_id=trade_NSE_NIFTY50_INDEX_ORB_60m_IB_RVOL1.2_1787115905, candidate_id=cand_NSE_NIFTY50_INDEX_ORB_60M_24057.45_20260819_103505_ORB_60m_IB_RVOL1.2, payload={'symbol': 'NSE:NIFTY26AUG24050PE', 'strike': 24050.0, 'expiry': '26AUG', 'type': 'PE'}
2026-08-19 10:35:18,365 - INFO - 📊 EXECUTION AUDIT [PREMIUM_RETRIEVED]: trade_id=trade_NSE_NIFTY50_INDEX_ORB_60m_IB_RVOL1.2_1787115905, candidate_id=cand_NSE_NIFTY50_INDEX_ORB_60M_24057.45_20260819_103505_ORB_60m_IB_RVOL1.2, payload={'premium': 94.5, 'bid': 94.3, 'ask': 94.5}
2026-08-19 10:35:18,376 - INFO - 📊 EXECUTION AUDIT [ORDER_SUBMITTED]: trade_id=trade_NSE_NIFTY50_INDEX_ORB_60m_IB_RVOL1.2_1787115905, candidate_id=cand_NSE_NIFTY50_INDEX_ORB_60M_24057.45_20260819_103505_ORB_60m_IB_RVOL1.2, payload={'price': 24057.45, 'sl': 24069.626999999997, 'tp': 24033.09600000001}
2026-08-19 10:35:18,388 - INFO - 📊 EXECUTION AUDIT [ORDER_FILLED]: trade_id=trade_NSE_NIFTY50_INDEX_ORB_60m_IB_RVOL1.2_1787115905, candidate_id=cand_NSE_NIFTY50_INDEX_ORB_60M_24057.45_20260819_103505_ORB_60m_IB_RVOL1.2, payload={'price': 24057.45, 'sl': 24069.626999999997, 'tp': 24033.09600000001}
2026-08-19 10:35:18,399 - INFO - 💰 Position size [ORB_60M|STRONG_TREND_DOWN_NORMAL|conf=1]: frac=0.004 → ₹5,000 (risk/unit=0.05%)
2026-08-19 10:35:18,421 - INFO - 🟢 ENTRY [ORB_60m_IB_RVOL1.2|OL1.2_1787115905]: NSE:NIFTY50-INDEX BUY PUT @ 24057.45 | SL: 24069.63 TP: 24033.10
2026-08-19 10:35:20,301 - INFO - Resolved active expiry from DB: 26AUG (2026-08-25)
2026-08-19 10:35:20,302 - INFO - 👻 [Structural_v3.2_RVOL1.0] CF BREAKOUT NSE:NIFTYBANK-INDEX BUY PUT | Rejected: ['BIAS_MISMATCH', 'LOW_EFFICIENCY', 'HIGH_WICKINESS', 'NO_TARGET_ZONE']
2026-08-19 10:35:20,302 - INFO - 📊 EXECUTION AUDIT [SIGNAL_GENERATED]: trade_id=None, candidate_id=cand_NSE_NIFTYBANK_INDEX_BREAKOUT_57001.75_20260819_103000_Structural_v3.2_RVOL1.0, payload={'symbol': 'NSE:NIFTYBANK-INDEX', 'signal': 'BUY PUT', 'strategy': 'BREAKOUT', 'price': 57096.55, 'stop_loss': 57128.078571428574, 'take_profit': 57033.49285714286, 'tp1': 57049.25714285715, 'rr_ratio': 2.0, 'timestamp': '2026-08-19T10:30:00+05:30', 'accepted': False, 'rejection_reasons': ['BIAS_MISMATCH', 'LOW_EFFICIENCY', 'HIGH_WICKINESS', 'NO_TARGET_ZONE'], 'features': {'date': '2026-08-19', 'strategy_name': 'Structural_v3', 'strategy_version': 'v3.2', 'feature_version': 'v1.1', 'market_regime': 'WEAK_TREND_DOWN_HIGH_VOL', 'day_type': 'NORMAL_DAY', 'session_type': 'MID', 'daily_bias': 'NEUTRAL', 'hourly_bias': 'NEUTRAL', 'trend_strength': 0.0, 'rvol': 2.01, 'rvol_threshold': 1.0, 'atr': 63.06, 'distance_from_supply': 789.3, 'distance_from_demand': 9999.0, 'nearest_supply_strength': 65.5, 'nearest_demand_strength': 0.0, 'distance_to_liquidity_pool': 9999.0, 'liquidity_score': 20.099999999999998, 'indicator_snapshot': {'rvol_tod': 2.01, 'is_compressed': True, 'bos_count': 0}, 'move_efficiency': 0.1045, 'wickiness': 0.5609, 'fft_score': 0.0, 'setup_type': 'BREAKOUT', 'candidate_id': 'cand_NSE_NIFTYBANK_INDEX_BREAKOUT_57001.75_20260819_103000', 'ema20': 57176.12, 'ema50': 57243.7, 'move_efficiency_h1': 0.3402, 'ema_bullish': False, 'rsi14': 47.34, 'rsi2': 13.53, 'distance_to_vwap': -0.0009, 'atr_percentile': 0.8768, 'dist_prev_high': -0.0085, 'dist_prev_low': -0.0021, 'adx': 20.28, 'adx_slope': 0.2046, 'gap_pct': -0.0, 'regime_primary': 'WEAK_TREND_DOWN', 'regime_vol_state': 'HIGH_VOL'}, 'candidate_id': 'cand_NSE_NIFTYBANK_INDEX_BREAKOUT_57001.75_20260819_103000_Structural_v3.2_RVOL1.0', 'experiment_name': 'Structural_v3.2_RVOL1.0', 'strategy_id': 'structural', 'version': 'v3.2'}
2026-08-19 10:35:20,324 - INFO - Resolved active expiry from DB: 26AUG (2026-08-25)
2026-08-19 10:35:20,337 - INFO - Resolved index signal into option contract: OptionContract(symbol='NSE:BANKNIFTY26AUG57100PE', strike=57100.0, expiry='26AUG', option_type='PE', premium=296.0, delta=0.5, bid=295.05, ask=295.95, volume=1555170, resolved_at=datetime.datetime(2026, 8, 19, 10, 35, 20, 337738))
2026-08-19 10:35:20,337 - INFO - ⚡ Option strike selection resolved index signal to contract NSE:BANKNIFTY26AUG57100PE @ premium 296.0 (type: PE, strike: 57100.0)
2026-08-19 10:35:20,338 - INFO - 📊 EXECUTION AUDIT [STRIKE_SELECTED]: trade_id=None, candidate_id=cand_NSE_NIFTYBANK_INDEX_BREAKOUT_57001.75_20260819_103000_Structural_v3.2_RVOL1.0, payload={'symbol': 'NSE:BANKNIFTY26AUG57100PE', 'strike': 57100.0, 'expiry': '26AUG', 'type': 'PE'}
2026-08-19 10:35:20,349 - INFO - 📊 EXECUTION AUDIT [PREMIUM_RETRIEVED]: trade_id=None, candidate_id=cand_NSE_NIFTYBANK_INDEX_BREAKOUT_57001.75_20260819_103000_Structural_v3.2_RVOL1.0, payload={'premium': 296.0, 'bid': 295.05, 'ask': 295.95}
2026-08-19 10:35:20,360 - INFO - 📊 EXECUTION AUDIT [CF_SUBMITTED]: trade_id=None, candidate_id=cand_NSE_NIFTYBANK_INDEX_BREAKOUT_57001.75_20260819_103000_Structural_v3.2_RVOL1.0, payload={'price': 57096.55, 'sl': 57128.078571428574, 'tp': 57033.49285714286}
2026-08-19 10:35:20,371 - INFO - 📊 EXECUTION AUDIT [CF_FILLED]: trade_id=None, candidate_id=cand_NSE_NIFTYBANK_INDEX_BREAKOUT_57001.75_20260819_103000_Structural_v3.2_RVOL1.0, payload={'price': 57096.55, 'sl': 57128.078571428574, 'tp': 57033.49285714286}
2026-08-19 10:35:20,382 - INFO - 💰 Position size [BREAKOUT|WEAK_TREND_DOWN_HIGH_VOL|conf=70]: frac=0.004 → ₹5,000 (risk/unit=0.06%)
2026-08-19 10:35:20,408 - INFO - 🟢 ENTRY [CF|Structural_v3.2_RVOL1.0|uctural_v3.2_RVOL1.0]: NSE:NIFTYBANK-INDEX BUY PUT @ 57096.55 | SL: 57128.08 TP: 57033.49
2026-08-19 10:35:20,408 - INFO - 👻 [Structural_v3.2_RVOL0.8] CF BREAKOUT NSE:NIFTYBANK-INDEX BUY PUT | Rejected: ['BIAS_MISMATCH', 'LOW_EFFICIENCY', 'HIGH_WICKINESS', 'NO_TARGET_ZONE']
2026-08-19 10:35:20,408 - INFO - 📊 EXECUTION AUDIT [SIGNAL_GENERATED]: trade_id=None, candidate_id=cand_NSE_NIFTYBANK_INDEX_BREAKOUT_57001.75_20260819_103000_Structural_v3.2_RVOL0.8, payload={'symbol': 'NSE:NIFTYBANK-INDEX', 'signal': 'BUY PUT', 'strategy': 'BREAKOUT', 'price': 57096.55, 'stop_loss': 57128.078571428574, 'take_profit': 57033.49285714286, 'tp1': 57049.25714285715, 'rr_ratio': 2.0, 'timestamp': '2026-08-19T10:30:00+05:30', 'accepted': False, 'rejection_reasons': ['BIAS_MISMATCH', 'LOW_EFFICIENCY', 'HIGH_WICKINESS', 'NO_TARGET_ZONE'], 'features': {'date': '2026-08-19', 'strategy_name': 'Structural_v3', 'strategy_version': 'v3.2', 'feature_version': 'v1.1', 'market_regime': 'WEAK_TREND_DOWN_HIGH_VOL', 'day_type': 'NORMAL_DAY', 'session_type': 'MID', 'daily_bias': 'NEUTRAL', 'hourly_bias': 'NEUTRAL', 'trend_strength': 0.0, 'rvol': 2.01, 'rvol_threshold': 0.8, 'atr': 63.06, 'distance_from_supply': 789.3, 'distance_from_demand': 9999.0, 'nearest_supply_strength': 65.5, 'nearest_demand_strength': 0.0, 'distance_to_liquidity_pool': 9999.0, 'liquidity_score': 20.099999999999998, 'indicator_snapshot': {'rvol_tod': 2.01, 'is_compressed': True, 'bos_count': 0}, 'move_efficiency': 0.1045, 'wickiness': 0.5609, 'fft_score': 0.0, 'setup_type': 'BREAKOUT', 'candidate_id': 'cand_NSE_NIFTYBANK_INDEX_BREAKOUT_57001.75_20260819_103000', 'ema20': 57176.12, 'ema50': 57243.7, 'move_efficiency_h1': 0.3402, 'ema_bullish': False, 'rsi14': 47.34, 'rsi2': 13.53, 'distance_to_vwap': -0.0009, 'atr_percentile': 0.8768, 'dist_prev_high': -0.0085, 'dist_prev_low': -0.0021, 'adx': 20.28, 'adx_slope': 0.2046, 'gap_pct': -0.0, 'regime_primary': 'WEAK_TREND_DOWN', 'regime_vol_state': 'HIGH_VOL'}, 'candidate_id': 'cand_NSE_NIFTYBANK_INDEX_BREAKOUT_57001.75_20260819_103000_Structural_v3.2_RVOL0.8', 'experiment_name': 'Structural_v3.2_RVOL0.8', 'strategy_id': 'structural', 'version': 'v3.2'}
2026-08-19 10:35:20,431 - INFO - Resolved active expiry from DB: 26AUG (2026-08-25)
2026-08-19 10:35:20,443 - INFO - Resolved index signal into option contract: OptionContract(symbol='NSE:BANKNIFTY26AUG57100PE', strike=57100.0, expiry='26AUG', option_type='PE', premium=296.0, delta=0.5, bid=295.05, ask=295.95, volume=1555170, resolved_at=datetime.datetime(2026, 8, 19, 10, 35, 20, 443631))
2026-08-19 10:35:20,443 - INFO - ⚡ Option strike selection resolved index signal to contract NSE:BANKNIFTY26AUG57100PE @ premium 296.0 (type: PE, strike: 57100.0)
2026-08-19 10:35:20,443 - INFO - 📊 EXECUTION AUDIT [STRIKE_SELECTED]: trade_id=None, candidate_id=cand_NSE_NIFTYBANK_INDEX_BREAKOUT_57001.75_20260819_103000_Structural_v3.2_RVOL0.8, payload={'symbol': 'NSE:BANKNIFTY26AUG57100PE', 'strike': 57100.0, 'expiry': '26AUG', 'type': 'PE'}
2026-08-19 10:35:20,454 - INFO - 📊 EXECUTION AUDIT [PREMIUM_RETRIEVED]: trade_id=None, candidate_id=cand_NSE_NIFTYBANK_INDEX_BREAKOUT_57001.75_20260819_103000_Structural_v3.2_RVOL0.8, payload={'premium': 296.0, 'bid': 295.05, 'ask': 295.95}
2026-08-19 10:35:20,465 - INFO - 📊 EXECUTION AUDIT [CF_SUBMITTED]: trade_id=None, candidate_id=cand_NSE_NIFTYBANK_INDEX_BREAKOUT_57001.75_20260819_103000_Structural_v3.2_RVOL0.8, payload={'price': 57096.55, 'sl': 57128.078571428574, 'tp': 57033.49285714286}
2026-08-19 10:35:20,476 - INFO - 📊 EXECUTION AUDIT [CF_FILLED]: trade_id=None, candidate_id=cand_NSE_NIFTYBANK_INDEX_BREAKOUT_57001.75_20260819_103000_Structural_v3.2_RVOL0.8, payload={'price': 57096.55, 'sl': 57128.078571428574, 'tp': 57033.49285714286}
2026-08-19 10:35:20,491 - INFO - 💰 Position size [BREAKOUT|WEAK_TREND_DOWN_HIGH_VOL|conf=70]: frac=0.004 → ₹5,000 (risk/unit=0.06%)
2026-08-19 10:35:20,517 - INFO - 🟢 ENTRY [CF|Structural_v3.2_RVOL0.8|uctural_v3.2_RVOL0.8]: NSE:NIFTYBANK-INDEX BUY PUT @ 57096.55 | SL: 57128.08 TP: 57033.49
2026-08-19 10:35:27,955 - INFO - 📊 Saved 22 snapshots for NSE:NIFTY50-INDEX  (oi range: 137,735–14,846,260)
2026-08-19 10:35:29,055 - INFO - 📡 Fetching NSE:NIFTYBANK-INDEX @ 57079  expiry=26AUG  strikes=ATM±5
2026-08-19 10:35:35,528 - INFO - ⏱️ [Real-time Exit Loop] Checking open positions @ 10:35:35...
2026-08-19 10:35:36,632 - INFO - 📊 EXECUTION AUDIT [SL_MODIFIED]: trade_id=trade_NSE_NIFTY50_INDEX_ORB_60m_IB_RVOL1.2_1787115905, candidate_id=cand_NSE_NIFTY50_INDEX_ORB_60M_24057.45_20260819_103505_ORB_60m_IB_RVOL1.2, payload={'price': 24054.15, 'old_sl': 24069.626999999997, 'new_sl': 24066.326999999997, 'old_tp': None, 'new_tp': 24033.09600000001, 'reason': 'TRAILING_SL'}
2026-08-19 10:35:36,709 - INFO - 🟡 UPDATE (TRAILING_SL) [ORB_60m_IB_RVOL1.2|5_ORB_60m_IB_RVOL1.2]: NSE:NIFTY50-INDEX @ 24054.15 | SL→24066.33 TP→24033.10
2026-08-19 10:35:36,743 - INFO - 📊 EXECUTION AUDIT [CF_SL_MODIFIED]: trade_id=None, candidate_id=cand_NSE_NIFTY50_INDEX_BREAKOUT_24065.10_20260819_101500_Structural_v3.2_RVOL1.0, payload={'price': 24054.15, 'old_sl': 24067.410714285717, 'new_sl': 24063.910714285717, 'old_tp': None, 'new_tp': 24053.17857142857, 'reason': 'TRAILING_SL'}
2026-08-19 10:35:36,787 - INFO - 🟡 UPDATE (TRAILING_SL) [CFStructural_v3.2_RVOL1.0|uctural_v3.2_RVOL1.0]: NSE:NIFTY50-INDEX @ 24054.15 | SL→24063.91 TP→24053.18
2026-08-19 10:35:36,787 - INFO - 📊 EXECUTION AUDIT [CF_SL_MODIFIED]: trade_id=None, candidate_id=cand_NSE_NIFTY50_INDEX_BREAKOUT_24065.10_20260819_101500_Structural_v3.2_RVOL0.8, payload={'price': 24054.15, 'old_sl': 24067.410714285717, 'new_sl': 24063.910714285717, 'old_tp': None, 'new_tp': 24053.17857142857, 'reason': 'TRAILING_SL'}
2026-08-19 10:35:36,833 - INFO - 🟡 UPDATE (TRAILING_SL) [CFStructural_v3.2_RVOL0.8|uctural_v3.2_RVOL0.8]: NSE:NIFTY50-INDEX @ 24054.15 | SL→24063.91 TP→24053.18
2026-08-19 10:35:36,833 - INFO - 📊 EXECUTION AUDIT [CF_SL_MODIFIED]: trade_id=None, candidate_id=cand_NSE_NIFTY50_INDEX_BREAKOUT_24065.10_20260819_101500_Structural_v3.3_ExitMgmt, payload={'price': 24054.15, 'old_sl': 24081.365, 'new_sl': 24076.785, 'old_tp': None, 'new_tp': 24053.17857142857, 'reason': 'TRAILING_SL'}
2026-08-19 10:35:36,875 - INFO - 🟡 UPDATE (TRAILING_SL) [CFStructural_v3.3_ExitMgmt|ctural_v3.3_ExitMgmt]: NSE:NIFTY50-INDEX @ 24054.15 | SL→24076.78 TP→24053.18
2026-08-19 10:35:36,875 - INFO - 📊 EXECUTION AUDIT [CF_SL_MODIFIED]: trade_id=None, candidate_id=cand_NSE_NIFTY50_INDEX_ORB_60M_24065.05_20260819_102505_ORB_60m_IB_RVOL1.2, payload={'price': 24054.15, 'old_sl': 24067.815000000002, 'new_sl': 24064.315000000002, 'old_tp': None, 'new_tp': 24044.719999999998, 'reason': 'TRAILING_SL'}
2026-08-19 10:35:36,917 - INFO - 🟡 UPDATE (TRAILING_SL) [CFORB_60m_IB_RVOL1.2|5_ORB_60m_IB_RVOL1.2]: NSE:NIFTY50-INDEX @ 24054.15 | SL→24064.32 TP→24044.72
2026-08-19 10:35:36,917 - INFO - 📊 EXECUTION AUDIT [CF_SL_MODIFIED]: trade_id=None, candidate_id=cand_NSE_NIFTYBANK_INDEX_BREAKOUT_57001.75_20260819_103000_Structural_v3.2_RVOL1.0, payload={'price': 57088.75, 'old_sl': 57128.078571428574, 'new_sl': 57120.27857142857, 'old_tp': None, 'new_tp': 57033.49285714286, 'reason': 'TRAILING_SL'}
2026-08-19 10:35:36,957 - INFO - 🟡 UPDATE (TRAILING_SL) [CFStructural_v3.2_RVOL1.0|uctural_v3.2_RVOL1.0]: NSE:NIFTYBANK-INDEX @ 57088.75 | SL→57120.28 TP→57033.49
2026-08-19 10:35:36,958 - INFO - 📊 EXECUTION AUDIT [CF_SL_MODIFIED]: trade_id=None, candidate_id=cand_NSE_NIFTYBANK_INDEX_BREAKOUT_57001.75_20260819_103000_Structural_v3.2_RVOL0.8, payload={'price': 57088.75, 'old_sl': 57128.078571428574, 'new_sl': 57120.27857142857, 'old_tp': None, 'new_tp': 57033.49285714286, 'reason': 'TRAILING_SL'}
2026-08-19 10:35:36,996 - INFO - 🟡 UPDATE (TRAILING_SL) [CFStructural_v3.2_RVOL0.8|uctural_v3.2_RVOL0.8]: NSE:NIFTYBANK-INDEX @ 57088.75 | SL→57120.28 TP→57033.49
2026-08-19 10:35:37,772 - INFO - Retrieved live premium from Fyers API: LTP=175.45 for NSE:BANKNIFTY26AUG57700CE
2026-08-19 10:35:38,874 - INFO - Retrieved live premium from Fyers API: LTP=39.2 for NSE:NIFTY26AUG24350CE
2026-08-19 10:35:39,893 - INFO - Retrieved live premium from Fyers API: LTP=174.95 for NSE:BANKNIFTY26AUG57700CE
2026-08-19 10:35:59,633 - INFO - 📊 Saved 22 snapshots for NSE:NIFTYBANK-INDEX  (oi range: 11,250–1,256,310)
2026-08-19 10:36:00,737 - INFO - 📡 Fetching NSE:NIFTY50-INDEX @ 24058  expiry=26AUG  strikes=ATM±5
2026-08-19 10:36:05,029 - INFO - ⏱️ [Real-time Exit Loop] Checking open positions @ 10:36:05...
2026-08-19 10:36:06,188 - INFO - 📊 EXECUTION AUDIT [CF_SL_MODIFIED]: trade_id=None, candidate_id=cand_NSE_NIFTY50_INDEX_VWAPREV_24057.45_20260819_103505_VWAP_Reversion_1.5ATR_RVOL1.0, payload={'price': 24060.6, 'old_sl': 24049.905000000002, 'new_sl': 24053.055, 'old_tp': None, 'new_tp': 24098.417309426026, 'reason': 'TRAILING_SL'}
2026-08-19 10:36:06,236 - INFO - 🟡 UPDATE (TRAILING_SL) [CFVWAP_Reversion_1.5ATR_RVOL1.0|rsion_1.5ATR_RVOL1.0]: NSE:NIFTY50-INDEX @ 24060.60 | SL→24053.06 TP→24098.42
2026-08-19 10:36:07,130 - INFO - Retrieved live premium from Fyers API: LTP=174.9 for NSE:BANKNIFTY26AUG57700CE
2026-08-19 10:36:08,126 - INFO - Retrieved live premium from Fyers API: LTP=39.65 for NSE:NIFTY26AUG24350CE
2026-08-19 10:36:10,325 - INFO - Retrieved live premium from Fyers API: LTP=174.25 for NSE:BANKNIFTY26AUG57700CE
2026-08-19 10:36:30,676 - INFO - 📊 Saved 22 snapshots for NSE:NIFTY50-INDEX  (oi range: 139,165–14,751,490)
2026-08-19 10:36:31,781 - INFO - 📡 Fetching NSE:NIFTYBANK-INDEX @ 57089  expiry=26AUG  strikes=ATM±5
2026-08-19 10:36:35,454 - INFO - ⏱️ [Real-time Exit Loop] Checking open positions @ 10:36:35...
2026-08-19 10:36:36,585 - INFO - 📊 EXECUTION AUDIT [CF_SL_MODIFIED]: trade_id=None, candidate_id=cand_NSE_NIFTY50_INDEX_VWAPREV_24057.45_20260819_103505_VWAP_Reversion_1.5ATR_RVOL1.0, payload={'price': 24062.1, 'old_sl': 24053.055, 'new_sl': 24054.555, 'old_tp': None, 'new_tp': 24098.417309426026, 'reason': 'TRAILING_SL'}
2026-08-19 10:36:36,633 - INFO - 🟡 UPDATE (TRAILING_SL) [CFVWAP_Reversion_1.5ATR_RVOL1.0|rsion_1.5ATR_RVOL1.0]: NSE:NIFTY50-INDEX @ 24062.10 | SL→24054.56 TP→24098.42
2026-08-19 10:36:37,559 - INFO - Retrieved live premium from Fyers API: LTP=175.0 for NSE:BANKNIFTY26AUG57700CE
2026-08-19 10:36:38,576 - INFO - Retrieved live premium from Fyers API: LTP=39.85 for NSE:NIFTY26AUG24350CE
2026-08-19 10:36:39,587 - INFO - Retrieved live premium from Fyers API: LTP=173.7 for NSE:BANKNIFTY26AUG57700CE
2026-08-19 10:37:01,347 - INFO - 📊 Saved 22 snapshots for NSE:NIFTYBANK-INDEX  (oi range: 11,220–1,256,070)
2026-08-19 10:37:02,435 - INFO - 📡 Fetching NSE:NIFTY50-INDEX @ 24062  expiry=26AUG  strikes=ATM±5
2026-08-19 10:37:05,709 - INFO - ⏱️ [Real-time Exit Loop] Checking open positions @ 10:37:05...
2026-08-19 10:37:06,843 - INFO - 📊 EXECUTION AUDIT [CF_SL_MODIFIED]: trade_id=None, candidate_id=cand_NSE_NIFTYBANK_INDEX_BREAKOUT_57001.75_20260819_103000_Structural_v3.2_RVOL1.0, payload={'price': 57084.3, 'old_sl': 57120.27857142857, 'new_sl': 57115.828571428574, 'old_tp': None, 'new_tp': 57033.49285714286, 'reason': 'TRAILING_SL'}
2026-08-19 10:37:06,891 - INFO - 🟡 UPDATE (TRAILING_SL) [CFStructural_v3.2_RVOL1.0|uctural_v3.2_RVOL1.0]: NSE:NIFTYBANK-INDEX @ 57084.30 | SL→57115.83 TP→57033.49
2026-08-19 10:37:06,891 - INFO - 📊 EXECUTION AUDIT [CF_SL_MODIFIED]: trade_id=None, candidate_id=cand_NSE_NIFTYBANK_INDEX_BREAKOUT_57001.75_20260819_103000_Structural_v3.2_RVOL0.8, payload={'price': 57084.3, 'old_sl': 57120.27857142857, 'new_sl': 57115.828571428574, 'old_tp': None, 'new_tp': 57033.49285714286, 'reason': 'TRAILING_SL'}
2026-08-19 10:37:06,931 - INFO - 🟡 UPDATE (TRAILING_SL) [CFStructural_v3.2_RVOL0.8|uctural_v3.2_RVOL0.8]: NSE:NIFTYBANK-INDEX @ 57084.30 | SL→57115.83 TP→57033.49
2026-08-19 10:37:07,973 - INFO - Retrieved live premium from Fyers API: LTP=167.0 for NSE:BANKNIFTY26AUG57700CE
2026-08-19 10:37:08,959 - INFO - Retrieved live premium from Fyers API: LTP=39.5 for NSE:NIFTY26AUG24350CE
2026-08-19 10:37:09,812 - INFO - Retrieved live premium from Fyers API: LTP=167.2 for NSE:BANKNIFTY26AUG57700CE
2026-08-19 10:37:32,119 - INFO - 📊 Saved 22 snapshots for NSE:NIFTY50-INDEX  (oi range: 141,440–14,763,645)
2026-08-19 10:37:33,220 - INFO - 📡 Fetching NSE:NIFTYBANK-INDEX @ 57072  expiry=26AUG  strikes=ATM±5
2026-08-19 10:37:35,931 - INFO - ⏱️ [Real-time Exit Loop] Checking open positions @ 10:37:35...
2026-08-19 10:37:37,075 - INFO - 📊 EXECUTION AUDIT [CF_SL_MODIFIED]: trade_id=None, candidate_id=cand_NSE_NIFTYBANK_INDEX_BREAKOUT_57001.75_20260819_101500_Structural_v3.3_ExitMgmt, payload={'price': 57074.25, 'old_sl': 57179.59, 'new_sl': 57168.84, 'old_tp': None, 'new_tp': 57071.239285714284, 'reason': 'TRAILING_SL'}
2026-08-19 10:37:37,137 - INFO - 🟡 UPDATE (TRAILING_SL) [CFStructural_v3.3_ExitMgmt|ctural_v3.3_ExitMgmt]: NSE:NIFTYBANK-INDEX @ 57074.25 | SL→57168.84 TP→57071.24
2026-08-19 10:37:37,137 - INFO - 📊 EXECUTION AUDIT [CF_SL_MODIFIED]: trade_id=None, candidate_id=cand_NSE_NIFTYBANK_INDEX_EMAPULL_57145.45_20260819_102435_EMA_Pullback_20_50_RVOL0.5, payload={'price': 57074.25, 'old_sl': 57214.792, 'new_sl': 57205.542, 'old_tp': None, 'new_tp': 56882.865999999995, 'reason': 'TRAILING_SL'}
2026-08-19 10:37:37,185 - INFO - 🟡 UPDATE (TRAILING_SL) [CFEMA_Pullback_20_50_RVOL0.5|llback_20_50_RVOL0.5]: NSE:NIFTYBANK-INDEX @ 57074.25 | SL→57205.54 TP→56882.87
2026-08-19 10:37:37,185 - INFO - 📊 EXECUTION AUDIT [CF_SL_MODIFIED]: trade_id=None, candidate_id=cand_NSE_NIFTYBANK_INDEX_LIQUIDITY_SWEEP_57145.45_20260819_102435_OrderFlow_v1.0, payload={'price': 57074.25, 'old_sl': 57140.251500000006, 'new_sl': 57131.001500000006, 'old_tp': None, 'new_tp': 57064.69849999999, 'reason': 'TRAILING_SL'}
2026-08-19 10:37:37,236 - INFO - 🟡 UPDATE (TRAILING_SL) [CFOrderFlow_v1.0|02435_OrderFlow_v1.0]: NSE:NIFTYBANK-INDEX @ 57074.25 | SL→57131.00 TP→57064.70
2026-08-19 10:37:37,237 - INFO - 📊 EXECUTION AUDIT [CF_SL_MODIFIED]: trade_id=None, candidate_id=cand_NSE_NIFTYBANK_INDEX_BREAKOUT_57001.75_20260819_103000_Structural_v3.2_RVOL1.0, payload={'price': 57074.25, 'old_sl': 57115.828571428574, 'new_sl': 57105.77857142857, 'old_tp': None, 'new_tp': 57033.49285714286, 'reason': 'TRAILING_SL'}
2026-08-19 10:37:37,282 - INFO - 🟡 UPDATE (TRAILING_SL) [CFStructural_v3.2_RVOL1.0|uctural_v3.2_RVOL1.0]: NSE:NIFTYBANK-INDEX @ 57074.25 | SL→57105.78 TP→57033.49
2026-08-19 10:37:37,282 - INFO - 📊 EXECUTION AUDIT [CF_SL_MODIFIED]: trade_id=None, candidate_id=cand_NSE_NIFTYBANK_INDEX_BREAKOUT_57001.75_20260819_103000_Structural_v3.2_RVOL0.8, payload={'price': 57074.25, 'old_sl': 57115.828571428574, 'new_sl': 57105.77857142857, 'old_tp': None, 'new_tp': 57033.49285714286, 'reason': 'TRAILING_SL'}
2026-08-19 10:37:37,326 - INFO - 🟡 UPDATE (TRAILING_SL) [CFStructural_v3.2_RVOL0.8|uctural_v3.2_RVOL0.8]: NSE:NIFTYBANK-INDEX @ 57074.25 | SL→57105.78 TP→57033.49
2026-08-19 10:37:38,017 - INFO - Retrieved live premium from Fyers API: LTP=168.7 for NSE:BANKNIFTY26AUG57700CE
2026-08-19 10:37:39,232 - INFO - Retrieved live premium from Fyers API: LTP=39.0 for NSE:NIFTY26AUG24350CE
2026-08-19 10:37:40,059 - INFO - Retrieved live premium from Fyers API: LTP=168.55 for NSE:BANKNIFTY26AUG57700CE
2026-08-19 10:38:03,124 - INFO - 📊 Saved 22 snapshots for NSE:NIFTYBANK-INDEX  (oi range: 11,160–1,259,400)
2026-08-19 10:38:04,225 - INFO - 📡 Fetching NSE:NIFTY50-INDEX @ 24056  expiry=26AUG  strikes=ATM±5
2026-08-19 10:38:05,196 - INFO - ⏱️ [Real-time Exit Loop] Checking open positions @ 10:38:05...
2026-08-19 10:38:06,347 - INFO - 📊 EXECUTION AUDIT [CF_EXITED]: trade_id=None, candidate_id=cand_NSE_NIFTY50_INDEX_VWAPREV_24057.45_20260819_103505_VWAP_Reversion_1.5ATR_RVOL1.0, payload={'exit_price': 24054.25, 'exit_reason': 'TRAILING_SL', 'pnl_r': -0.03222748815165873, 'duration_minutes': 2.9917106833333333, 'bars_held': 0}
2026-08-19 10:38:06,404 - INFO - 🔴 EXIT (TRAILING_SL) [CFVWAP_Reversion_1.5ATR_RVOL1.0|rsion_1.5ATR_RVOL1.0]: NSE:NIFTY50-INDEX @ 24054.25 | PnL -0.03R | MFE 0.62R | Capture -5% | 0bars HoldEff -0.032R/bar
2026-08-19 10:38:07,299 - INFO - Retrieved live premium from Fyers API: LTP=169.0 for NSE:BANKNIFTY26AUG57700CE
2026-08-19 10:38:08,314 - INFO - Retrieved live premium from Fyers API: LTP=38.6 for NSE:NIFTY26AUG24350CE
2026-08-19 10:38:09,481 - INFO - Retrieved live premium from Fyers API: LTP=168.65 for NSE:BANKNIFTY26AUG57700CE
2026-08-19 10:38:33,861 - INFO - 📊 Saved 22 snapshots for NSE:NIFTY50-INDEX  (oi range: 144,950–14,734,655)
2026-08-19 10:38:34,954 - INFO - 📡 Fetching NSE:NIFTYBANK-INDEX @ 57082  expiry=26AUG  strikes=ATM±5
2026-08-19 10:38:35,585 - INFO - ⏱️ [Real-time Exit Loop] Checking open positions @ 10:38:35...
2026-08-19 10:38:36,725 - INFO - 📊 EXECUTION AUDIT [SL_MODIFIED]: trade_id=trade_NSE_NIFTY50_INDEX_ORB_60m_IB_RVOL1.2_1787115905, candidate_id=cand_NSE_NIFTY50_INDEX_ORB_60M_24057.45_20260819_103505_ORB_60m_IB_RVOL1.2, payload={'price': 24052.3, 'old_sl': 24066.326999999997, 'new_sl': 24064.476999999995, 'old_tp': None, 'new_tp': 24033.09600000001, 'reason': 'TRAILING_SL'}
2026-08-19 10:38:36,808 - INFO - 🟡 UPDATE (TRAILING_SL) [ORB_60m_IB_RVOL1.2|5_ORB_60m_IB_RVOL1.2]: NSE:NIFTY50-INDEX @ 24052.30 | SL→24064.48 TP→24033.10
2026-08-19 10:38:36,832 - INFO - 📊 EXECUTION AUDIT [CF_TP_EXPANDED]: trade_id=None, candidate_id=cand_NSE_NIFTY50_INDEX_BREAKOUT_24065.10_20260819_101500_Structural_v3.2_RVOL1.0, payload={'price': 24052.3, 'old_sl': 24063.910714285717, 'new_sl': 24062.060714285715, 'old_tp': 24053.17857142857, 'new_tp': 24043.417857142853, 'reason': 'TP_EXPANSION'}
2026-08-19 10:38:36,878 - INFO - 🟡 UPDATE (TP_EXPANSION) [CFStructural_v3.2_RVOL1.0|uctural_v3.2_RVOL1.0]: NSE:NIFTY50-INDEX @ 24052.30 | SL→24062.06 TP→24043.42
2026-08-19 10:38:36,878 - INFO - 📊 EXECUTION AUDIT [CF_TP_EXPANDED]: trade_id=None, candidate_id=cand_NSE_NIFTY50_INDEX_BREAKOUT_24065.10_20260819_101500_Structural_v3.2_RVOL0.8, payload={'price': 24052.3, 'old_sl': 24063.910714285717, 'new_sl': 24062.060714285715, 'old_tp': 24053.17857142857, 'new_tp': 24043.417857142853, 'reason': 'TP_EXPANSION'}
2026-08-19 10:38:36,919 - INFO - 🟡 UPDATE (TP_EXPANSION) [CFStructural_v3.2_RVOL0.8|uctural_v3.2_RVOL0.8]: NSE:NIFTY50-INDEX @ 24052.30 | SL→24062.06 TP→24043.42
2026-08-19 10:38:36,920 - INFO - 📊 EXECUTION AUDIT [CF_TP_EXPANDED]: trade_id=None, candidate_id=cand_NSE_NIFTY50_INDEX_BREAKOUT_24065.10_20260819_101500_Structural_v3.3_ExitMgmt, payload={'price': 24052.3, 'old_sl': 24076.785, 'new_sl': 24062.060714285715, 'old_tp': 24053.17857142857, 'new_tp': 24043.417857142853, 'reason': 'TP_EXPANSION'}
2026-08-19 10:38:36,961 - INFO - 🟡 UPDATE (TP_EXPANSION) [CFStructural_v3.3_ExitMgmt|ctural_v3.3_ExitMgmt]: NSE:NIFTY50-INDEX @ 24052.30 | SL→24062.06 TP→24043.42
2026-08-19 10:38:36,961 - INFO - 📊 EXECUTION AUDIT [CF_SL_MODIFIED]: trade_id=None, candidate_id=cand_NSE_NIFTY50_INDEX_ORB_60M_24065.05_20260819_102505_ORB_60m_IB_RVOL1.2, payload={'price': 24052.3, 'old_sl': 24064.315000000002, 'new_sl': 24062.465, 'old_tp': None, 'new_tp': 24044.719999999998, 'reason': 'TRAILING_SL'}
2026-08-19 10:38:37,003 - INFO - 🟡 UPDATE (TRAILING_SL) [CFORB_60m_IB_RVOL1.2|5_ORB_60m_IB_RVOL1.2]: NSE:NIFTY50-INDEX @ 24052.30 | SL→24062.47 TP→24044.72
2026-08-19 10:38:37,832 - INFO - Retrieved live premium from Fyers API: LTP=171.05 for NSE:BANKNIFTY26AUG57700CE
2026-08-19 10:38:38,858 - INFO - Retrieved live premium from Fyers API: LTP=38.65 for NSE:NIFTY26AUG24350CE
2026-08-19 10:38:39,992 - INFO - Retrieved live premium from Fyers API: LTP=171.0 for NSE:BANKNIFTY26AUG57700CE
2026-08-19 10:39:05,111 - INFO - ⏱️ [Real-time Exit Loop] Checking open positions @ 10:39:05...
2026-08-19 10:39:05,842 - INFO - 📊 Saved 22 snapshots for NSE:NIFTYBANK-INDEX  (oi range: 11,160–1,260,030)
2026-08-19 10:39:06,950 - INFO - 📡 Fetching NSE:NIFTY50-INDEX @ 24053  expiry=26AUG  strikes=ATM±5
2026-08-19 10:39:07,221 - INFO - Retrieved live premium from Fyers API: LTP=171.15 for NSE:BANKNIFTY26AUG57700CE
2026-08-19 10:39:08,227 - INFO - Retrieved live premium from Fyers API: LTP=38.9 for NSE:NIFTY26AUG24350CE
2026-08-19 10:39:09,232 - INFO - Retrieved live premium from Fyers API: LTP=171.15 for NSE:BANKNIFTY26AUG57700CE
2026-08-19 10:39:35,360 - INFO - ⏱️ [Real-time Exit Loop] Checking open positions @ 10:39:35...
2026-08-19 10:39:36,460 - INFO - 📊 EXECUTION AUDIT [SL_MODIFIED]: trade_id=trade_NSE_NIFTY50_INDEX_ORB_60m_IB_RVOL1.2_1787115905, candidate_id=cand_NSE_NIFTY50_INDEX_ORB_60M_24057.45_20260819_103505_ORB_60m_IB_RVOL1.2, payload={'price': 24051.85, 'old_sl': 24064.476999999995, 'new_sl': 24064.026999999995, 'old_tp': None, 'new_tp': 24033.09600000001, 'reason': 'TRAILING_SL'}
2026-08-19 10:39:36,523 - INFO - 🟡 UPDATE (TRAILING_SL) [ORB_60m_IB_RVOL1.2|5_ORB_60m_IB_RVOL1.2]: NSE:NIFTY50-INDEX @ 24051.85 | SL→24064.03 TP→24033.10
2026-08-19 10:39:36,544 - INFO - 📊 EXECUTION AUDIT [CF_SL_MODIFIED]: trade_id=None, candidate_id=cand_NSE_NIFTY50_INDEX_BREAKOUT_24065.10_20260819_101500_Structural_v3.2_RVOL1.0, payload={'price': 24051.85, 'old_sl': 24062.060714285715, 'new_sl': 24061.610714285714, 'old_tp': None, 'new_tp': 24043.417857142853, 'reason': 'TRAILING_SL'}
2026-08-19 10:39:36,581 - INFO - 🟡 UPDATE (TRAILING_SL) [CFStructural_v3.2_RVOL1.0|uctural_v3.2_RVOL1.0]: NSE:NIFTY50-INDEX @ 24051.85 | SL→24061.61 TP→24043.42
2026-08-19 10:39:36,581 - INFO - 📊 EXECUTION AUDIT [CF_SL_MODIFIED]: trade_id=None, candidate_id=cand_NSE_NIFTY50_INDEX_BREAKOUT_24065.10_20260819_101500_Structural_v3.2_RVOL0.8, payload={'price': 24051.85, 'old_sl': 24062.060714285715, 'new_sl': 24061.610714285714, 'old_tp': None, 'new_tp': 24043.417857142853, 'reason': 'TRAILING_SL'}
2026-08-19 10:39:36,612 - INFO - 🟡 UPDATE (TRAILING_SL) [CFStructural_v3.2_RVOL0.8|uctural_v3.2_RVOL0.8]: NSE:NIFTY50-INDEX @ 24051.85 | SL→24061.61 TP→24043.42
2026-08-19 10:39:36,612 - INFO - 📊 EXECUTION AUDIT [CF_SL_MODIFIED]: trade_id=None, candidate_id=cand_NSE_NIFTY50_INDEX_ORB_60M_24065.05_20260819_102505_ORB_60m_IB_RVOL1.2, payload={'price': 24051.85, 'old_sl': 24062.465, 'new_sl': 24062.015, 'old_tp': None, 'new_tp': 24044.719999999998, 'reason': 'TRAILING_SL'}
2026-08-19 10:39:36,653 - INFO - 🟡 UPDATE (TRAILING_SL) [CFORB_60m_IB_RVOL1.2|5_ORB_60m_IB_RVOL1.2]: NSE:NIFTY50-INDEX @ 24051.85 | SL→24062.01 TP→24044.72
2026-08-19 10:39:37,056 - INFO - 📊 Saved 22 snapshots for NSE:NIFTY50-INDEX  (oi range: 149,565–14,649,050)
2026-08-19 10:39:37,474 - INFO - Retrieved live premium from Fyers API: LTP=171.8 for NSE:BANKNIFTY26AUG57700CE
2026-08-19 10:39:38,150 - INFO - 📡 Fetching NSE:NIFTYBANK-INDEX @ 57086  expiry=26AUG  strikes=ATM±5
2026-08-19 10:39:38,472 - INFO - Retrieved live premium from Fyers API: LTP=39.0 for NSE:NIFTY26AUG24350CE
2026-08-19 10:39:39,485 - INFO - Retrieved live premium from Fyers API: LTP=171.8 for NSE:BANKNIFTY26AUG57700CE
2026-08-19 10:40:05,604 - INFO - 🔔 [New Candle Closed] Running entry pipeline for candle 10:40 at 10:40:05...
2026-08-19 10:40:05,605 - INFO - --- 10:40:05 Market Pulse ---
2026-08-19 10:40:08,238 - INFO - 📊 Saved 22 snapshots for NSE:NIFTYBANK-INDEX  (oi range: 11,220–1,260,780)
2026-08-19 10:40:09,353 - INFO - 📡 Fetching NSE:NIFTY50-INDEX @ 24052  expiry=26AUG  strikes=ATM±5
2026-08-19 10:40:12,802 - INFO - 📊 EXECUTION AUDIT [CF_EXITED]: trade_id=None, candidate_id=cand_NSE_NIFTY50_INDEX_BREAKOUT_24065.10_20260819_101500_Structural_v3.2_RVOL1.0, payload={'exit_price': 24061.610714285714, 'exit_reason': 'TRAILING_SL', 'pnl_r': 0.05888708806050786, 'duration_minutes': 15.498529216666666, 'bars_held': 4}
2026-08-19 10:40:12,855 - INFO - 🔴 EXIT (TRAILING_SL) [CFStructural_v3.2_RVOL1.0|uctural_v3.2_RVOL1.0]: NSE:NIFTY50-INDEX @ 24061.61 | PnL +0.06R | MFE 2.14R | Capture 3% | 4bars HoldEff +0.015R/bar
2026-08-19 10:40:12,855 - INFO - 📊 EXECUTION AUDIT [CF_EXITED]: trade_id=None, candidate_id=cand_NSE_NIFTY50_INDEX_BREAKOUT_24065.10_20260819_101500_Structural_v3.2_RVOL0.8, payload={'exit_price': 24061.610714285714, 'exit_reason': 'TRAILING_SL', 'pnl_r': 0.05888708806050786, 'duration_minutes': 15.498529216666666, 'bars_held': 4}
2026-08-19 10:40:12,897 - INFO - 🔴 EXIT (TRAILING_SL) [CFStructural_v3.2_RVOL0.8|uctural_v3.2_RVOL0.8]: NSE:NIFTY50-INDEX @ 24061.61 | PnL +0.06R | MFE 2.14R | Capture 3% | 4bars HoldEff +0.015R/bar
2026-08-19 10:40:12,897 - INFO - 📊 EXECUTION AUDIT [CF_EXITED]: trade_id=None, candidate_id=cand_NSE_NIFTY50_INDEX_BREAKOUT_24065.10_20260819_101500_Structural_v3.3_ExitMgmt, payload={'exit_price': 24062.060714285715, 'exit_reason': 'TRAILING_SL', 'pnl_r': 0.05888708806050786, 'duration_minutes': 15.498529216666666, 'bars_held': 4}
2026-08-19 10:40:12,938 - INFO - 🔴 EXIT (TRAILING_SL) [CFStructural_v3.3_ExitMgmt|ctural_v3.3_ExitMgmt]: NSE:NIFTY50-INDEX @ 24062.06 | PnL +0.06R | MFE 2.14R | Capture 3% | 4bars HoldEff +0.015R/bar
2026-08-19 10:40:12,938 - INFO - 📊 EXECUTION AUDIT [CF_EXITED]: trade_id=None, candidate_id=cand_NSE_NIFTY50_INDEX_ORB_60M_24065.05_20260819_102505_ORB_60m_IB_RVOL1.2, payload={'exit_price': 24062.015, 'exit_reason': 'TRAILING_SL', 'pnl_r': 0.05660377358490566, 'duration_minutes': 15.005988949999999, 'bars_held': 3}
2026-08-19 10:40:12,977 - INFO - 🔴 EXIT (TRAILING_SL) [CFORB_60m_IB_RVOL1.2|5_ORB_60m_IB_RVOL1.2]: NSE:NIFTY50-INDEX @ 24062.01 | PnL +0.06R | MFE 1.30R | Capture 4% | 3bars HoldEff +0.019R/bar
2026-08-19 10:40:13,907 - INFO - Retrieved live premium from Fyers API: LTP=171.85 for NSE:BANKNIFTY26AUG57700CE
2026-08-19 10:40:14,752 - INFO - Retrieved live premium from Fyers API: LTP=38.65 for NSE:NIFTY26AUG24350CE
2026-08-19 10:40:15,752 - INFO - Retrieved live premium from Fyers API: LTP=171.5 for NSE:BANKNIFTY26AUG57700CE
2026-08-19 10:40:18,131 - INFO - Resolved active expiry from DB: 26AUG (2026-08-25)
2026-08-19 10:40:19,987 - INFO - Resolved active expiry from DB: 26AUG (2026-08-25)
2026-08-19 10:40:35,998 - INFO - ⏱️ [Real-time Exit Loop] Checking open positions @ 10:40:35...
2026-08-19 10:40:37,092 - INFO - 📊 EXECUTION AUDIT [SL_MODIFIED]: trade_id=trade_NSE_NIFTY50_INDEX_ORB_60m_IB_RVOL1.2_1787115905, candidate_id=cand_NSE_NIFTY50_INDEX_ORB_60M_24057.45_20260819_103505_ORB_60m_IB_RVOL1.2, payload={'price': 24050.25, 'old_sl': 24064.026999999995, 'new_sl': 24062.426999999996, 'old_tp': None, 'new_tp': 24033.09600000001, 'reason': 'TRAILING_SL'}
2026-08-19 10:40:37,155 - INFO - 🟡 UPDATE (TRAILING_SL) [ORB_60m_IB_RVOL1.2|5_ORB_60m_IB_RVOL1.2]: NSE:NIFTY50-INDEX @ 24050.25 | SL→24062.43 TP→24033.10
2026-08-19 10:40:38,102 - INFO - Retrieved live premium from Fyers API: LTP=171.7 for NSE:BANKNIFTY26AUG57700CE
2026-08-19 10:40:39,285 - INFO - Retrieved live premium from Fyers API: LTP=38.9 for NSE:NIFTY26AUG24350CE
2026-08-19 10:40:40,123 - INFO - Retrieved live premium from Fyers API: LTP=172.25 for NSE:BANKNIFTY26AUG57700CE
2026-08-19 10:40:40,490 - INFO - 📊 Saved 22 snapshots for NSE:NIFTY50-INDEX  (oi range: 151,190–14,607,125)
2026-08-19 10:40:41,601 - INFO - 📡 Fetching NSE:NIFTYBANK-INDEX @ 57081  expiry=26AUG  strikes=ATM±5
2026-08-19 10:41:05,261 - INFO - ⏱️ [Real-time Exit Loop] Checking open positions @ 10:41:05...
2026-08-19 10:41:07,379 - INFO - Retrieved live premium from Fyers API: LTP=170.15 for NSE:BANKNIFTY26AUG57700CE
2026-08-19 10:41:08,380 - INFO - Retrieved live premium from Fyers API: LTP=38.8 for NSE:NIFTY26AUG24350CE
2026-08-19 10:41:09,391 - INFO - Retrieved live premium from Fyers API: LTP=169.95 for NSE:BANKNIFTY26AUG57700CE
2026-08-19 10:41:11,308 - INFO - 📊 Saved 22 snapshots for NSE:NIFTYBANK-INDEX  (oi range: 11,220–1,261,350)
2026-08-19 10:41:12,416 - INFO - 📡 Fetching NSE:NIFTY50-INDEX @ 24051  expiry=26AUG  strikes=ATM±5
2026-08-19 10:41:35,534 - INFO - ⏱️ [Real-time Exit Loop] Checking open positions @ 10:41:35...
2026-08-19 10:41:36,790 - INFO - 📊 EXECUTION AUDIT [SL_MODIFIED]: trade_id=trade_NSE_NIFTY50_INDEX_ORB_60m_IB_RVOL1.2_1787115905, candidate_id=cand_NSE_NIFTY50_INDEX_ORB_60M_24057.45_20260819_103505_ORB_60m_IB_RVOL1.2, payload={'price': 24046.95, 'old_sl': 24062.426999999996, 'new_sl': 24059.126999999997, 'old_tp': None, 'new_tp': 24033.09600000001, 'reason': 'TRAILING_SL'}
2026-08-19 10:41:36,874 - INFO - 🟡 UPDATE (TRAILING_SL) [ORB_60m_IB_RVOL1.2|5_ORB_60m_IB_RVOL1.2]: NSE:NIFTY50-INDEX @ 24046.95 | SL→24059.13 TP→24033.10
2026-08-19 10:41:36,899 - INFO - 📊 EXECUTION AUDIT [CF_SL_MODIFIED]: trade_id=None, candidate_id=cand_NSE_NIFTYBANK_INDEX_BREAKOUT_57001.75_20260819_101500_Structural_v3.3_ExitMgmt, payload={'price': 57073.65, 'old_sl': 57168.84, 'new_sl': 57166.875, 'old_tp': None, 'new_tp': 57071.239285714284, 'reason': 'TRAILING_SL'}
2026-08-19 10:41:36,946 - INFO - 🟡 UPDATE (TRAILING_SL) [CFStructural_v3.3_ExitMgmt|ctural_v3.3_ExitMgmt]: NSE:NIFTYBANK-INDEX @ 57073.65 | SL→57166.88 TP→57071.24
2026-08-19 10:41:36,947 - INFO - 📊 EXECUTION AUDIT [CF_SL_MODIFIED]: trade_id=None, candidate_id=cand_NSE_NIFTYBANK_INDEX_EMAPULL_57145.45_20260819_102435_EMA_Pullback_20_50_RVOL0.5, payload={'price': 57073.65, 'old_sl': 57205.542, 'new_sl': 57204.942, 'old_tp': None, 'new_tp': 56882.865999999995, 'reason': 'TRAILING_SL'}
2026-08-19 10:41:36,987 - INFO - 🟡 UPDATE (TRAILING_SL) [CFEMA_Pullback_20_50_RVOL0.5|llback_20_50_RVOL0.5]: NSE:NIFTYBANK-INDEX @ 57073.65 | SL→57204.94 TP→56882.87
2026-08-19 10:41:36,987 - INFO - 📊 EXECUTION AUDIT [CF_SL_MODIFIED]: trade_id=None, candidate_id=cand_NSE_NIFTYBANK_INDEX_LIQUIDITY_SWEEP_57145.45_20260819_102435_OrderFlow_v1.0, payload={'price': 57073.65, 'old_sl': 57131.001500000006, 'new_sl': 57130.40150000001, 'old_tp': None, 'new_tp': 57064.69849999999, 'reason': 'TRAILING_SL'}
2026-08-19 10:41:37,024 - INFO - 🟡 UPDATE (TRAILING_SL) [CFOrderFlow_v1.0|02435_OrderFlow_v1.0]: NSE:NIFTYBANK-INDEX @ 57073.65 | SL→57130.40 TP→57064.70
2026-08-19 10:41:37,024 - INFO - 📊 EXECUTION AUDIT [CF_SL_MODIFIED]: trade_id=None, candidate_id=cand_NSE_NIFTYBANK_INDEX_BREAKOUT_57001.75_20260819_103000_Structural_v3.2_RVOL1.0, payload={'price': 57073.65, 'old_sl': 57105.77857142857, 'new_sl': 57105.17857142857, 'old_tp': None, 'new_tp': 57033.49285714286, 'reason': 'TRAILING_SL'}
2026-08-19 10:41:37,063 - INFO - 🟡 UPDATE (TRAILING_SL) [CFStructural_v3.2_RVOL1.0|uctural_v3.2_RVOL1.0]: NSE:NIFTYBANK-INDEX @ 57073.65 | SL→57105.18 TP→57033.49
2026-08-19 10:41:37,063 - INFO - 📊 EXECUTION AUDIT [CF_SL_MODIFIED]: trade_id=None, candidate_id=cand_NSE_NIFTYBANK_INDEX_BREAKOUT_57001.75_20260819_103000_Structural_v3.2_RVOL0.8, payload={'price': 57073.65, 'old_sl': 57105.77857142857, 'new_sl': 57105.17857142857, 'old_tp': None, 'new_tp': 57033.49285714286, 'reason': 'TRAILING_SL'}
2026-08-19 10:41:37,101 - INFO - 🟡 UPDATE (TRAILING_SL) [CFStructural_v3.2_RVOL0.8|uctural_v3.2_RVOL0.8]: NSE:NIFTYBANK-INDEX @ 57073.65 | SL→57105.18 TP→57033.49
2026-08-19 10:41:37,648 - INFO - Retrieved live premium from Fyers API: LTP=168.0 for NSE:BANKNIFTY26AUG57700CE
2026-08-19 10:41:38,653 - INFO - Retrieved live premium from Fyers API: LTP=38.2 for NSE:NIFTY26AUG24350CE
2026-08-19 10:41:39,655 - INFO - Retrieved live premium from Fyers API: LTP=167.65 for NSE:BANKNIFTY26AUG57700CE
2026-08-19 10:41:42,358 - INFO - 📊 Saved 22 snapshots for NSE:NIFTY50-INDEX  (oi range: 151,710–14,569,295)
2026-08-19 10:41:43,461 - INFO - 📡 Fetching NSE:NIFTYBANK-INDEX @ 57075  expiry=26AUG  strikes=ATM±5
2026-08-19 10:42:05,796 - INFO - ⏱️ [Real-time Exit Loop] Checking open positions @ 10:42:05...
2026-08-19 10:42:06,890 - INFO - 📊 EXECUTION AUDIT [SL_MODIFIED]: trade_id=trade_NSE_NIFTY50_INDEX_ORB_60m_IB_RVOL1.2_1787115905, candidate_id=cand_NSE_NIFTY50_INDEX_ORB_60M_24057.45_20260819_103505_ORB_60m_IB_RVOL1.2, payload={'price': 24045.15, 'old_sl': 24059.126999999997, 'new_sl': 24057.326999999997, 'old_tp': None, 'new_tp': 24033.09600000001, 'reason': 'TRAILING_SL'}
2026-08-19 10:42:06,937 - INFO - 🟡 UPDATE (TRAILING_SL) [ORB_60m_IB_RVOL1.2|5_ORB_60m_IB_RVOL1.2]: NSE:NIFTY50-INDEX @ 24045.15 | SL→24057.33 TP→24033.10
2026-08-19 10:42:06,959 - INFO - 📊 EXECUTION AUDIT [CF_TP_EXPANDED]: trade_id=None, candidate_id=cand_NSE_NIFTYBANK_INDEX_BREAKOUT_57001.75_20260819_101500_Structural_v3.3_ExitMgmt, payload={'price': 57063.45, 'old_sl': 57166.875, 'new_sl': 57100.55535714285, 'old_tp': 57071.239285714284, 'new_tp': 57034.13392857143, 'reason': 'TP_EXPANSION'}
2026-08-19 10:42:06,995 - INFO - 🟡 UPDATE (TP_EXPANSION) [CFStructural_v3.3_ExitMgmt|ctural_v3.3_ExitMgmt]: NSE:NIFTYBANK-INDEX @ 57063.45 | SL→57100.56 TP→57034.13
2026-08-19 10:42:06,995 - INFO - 📊 EXECUTION AUDIT [CF_SL_MODIFIED]: trade_id=None, candidate_id=cand_NSE_NIFTYBANK_INDEX_EMAPULL_57145.45_20260819_102435_EMA_Pullback_20_50_RVOL0.5, payload={'price': 57063.45, 'old_sl': 57204.942, 'new_sl': 57194.742, 'old_tp': None, 'new_tp': 56882.865999999995, 'reason': 'TRAILING_SL'}
2026-08-19 10:42:07,028 - INFO - 🟡 UPDATE (TRAILING_SL) [CFEMA_Pullback_20_50_RVOL0.5|llback_20_50_RVOL0.5]: NSE:NIFTYBANK-INDEX @ 57063.45 | SL→57194.74 TP→56882.87
2026-08-19 10:42:07,028 - INFO - 📊 EXECUTION AUDIT [CF_TP_EXPANDED]: trade_id=None, candidate_id=cand_NSE_NIFTYBANK_INDEX_LIQUIDITY_SWEEP_57145.45_20260819_102435_OrderFlow_v1.0, payload={'price': 57063.45, 'old_sl': 57130.40150000001, 'new_sl': 57120.2015, 'old_tp': 57064.69849999999, 'new_tp': 57007.946999999986, 'reason': 'TP_EXPANSION'}
2026-08-19 10:42:07,062 - INFO - 🟡 UPDATE (TP_EXPANSION) [CFOrderFlow_v1.0|02435_OrderFlow_v1.0]: NSE:NIFTYBANK-INDEX @ 57063.45 | SL→57120.20 TP→57007.95
2026-08-19 10:42:07,063 - INFO - 📊 EXECUTION AUDIT [CF_SL_MODIFIED]: trade_id=None, candidate_id=cand_NSE_NIFTYBANK_INDEX_BREAKOUT_57001.75_20260819_103000_Structural_v3.2_RVOL1.0, payload={'price': 57063.45, 'old_sl': 57105.17857142857, 'new_sl': 57094.97857142857, 'old_tp': None, 'new_tp': 57033.49285714286, 'reason': 'TRAILING_SL'}
2026-08-19 10:42:07,102 - INFO - 🟡 UPDATE (TRAILING_SL) [CFStructural_v3.2_RVOL1.0|uctural_v3.2_RVOL1.0]: NSE:NIFTYBANK-INDEX @ 57063.45 | SL→57094.98 TP→57033.49
2026-08-19 10:42:07,102 - INFO - 📊 EXECUTION AUDIT [CF_SL_MODIFIED]: trade_id=None, candidate_id=cand_NSE_NIFTYBANK_INDEX_BREAKOUT_57001.75_20260819_103000_Structural_v3.2_RVOL0.8, payload={'price': 57063.45, 'old_sl': 57105.17857142857, 'new_sl': 57094.97857142857, 'old_tp': None, 'new_tp': 57033.49285714286, 'reason': 'TRAILING_SL'}
2026-08-19 10:42:07,138 - INFO - 🟡 UPDATE (TRAILING_SL) [CFStructural_v3.2_RVOL0.8|uctural_v3.2_RVOL0.8]: NSE:NIFTYBANK-INDEX @ 57063.45 | SL→57094.98 TP→57033.49
2026-08-19 10:42:08,093 - INFO - Retrieved live premium from Fyers API: LTP=168.5 for NSE:BANKNIFTY26AUG57700CE
2026-08-19 10:42:09,091 - INFO - Retrieved live premium from Fyers API: LTP=38.05 for NSE:NIFTY26AUG24350CE
2026-08-19 10:42:09,922 - INFO - Retrieved live premium from Fyers API: LTP=168.5 for NSE:BANKNIFTY26AUG57700CE
2026-08-19 10:42:13,505 - INFO - 📊 Saved 22 snapshots for NSE:NIFTYBANK-INDEX  (oi range: 11,160–1,265,010)
2026-08-19 10:42:14,607 - INFO - 📡 Fetching NSE:NIFTY50-INDEX @ 24044  expiry=26AUG  strikes=ATM±5
2026-08-19 10:42:35,062 - INFO - ⏱️ [Real-time Exit Loop] Checking open positions @ 10:42:35...
2026-08-19 10:42:36,350 - INFO - 📊 EXECUTION AUDIT [CF_SL_MODIFIED]: trade_id=None, candidate_id=cand_NSE_NIFTYBANK_INDEX_EMAPULL_57145.45_20260819_102435_EMA_Pullback_20_50_RVOL0.5, payload={'price': 57063.35, 'old_sl': 57194.742, 'new_sl': 57194.642, 'old_tp': None, 'new_tp': 56882.865999999995, 'reason': 'TRAILING_SL'}
2026-08-19 10:42:36,401 - INFO - 🟡 UPDATE (TRAILING_SL) [CFEMA_Pullback_20_50_RVOL0.5|llback_20_50_RVOL0.5]: NSE:NIFTYBANK-INDEX @ 57063.35 | SL→57194.64 TP→56882.87
2026-08-19 10:42:36,401 - INFO - 📊 EXECUTION AUDIT [CF_SL_MODIFIED]: trade_id=None, candidate_id=cand_NSE_NIFTYBANK_INDEX_LIQUIDITY_SWEEP_57145.45_20260819_102435_OrderFlow_v1.0, payload={'price': 57063.35, 'old_sl': 57120.2015, 'new_sl': 57120.101500000004, 'old_tp': None, 'new_tp': 57007.946999999986, 'reason': 'TRAILING_SL'}
2026-08-19 10:42:36,446 - INFO - 🟡 UPDATE (TRAILING_SL) [CFOrderFlow_v1.0|02435_OrderFlow_v1.0]: NSE:NIFTYBANK-INDEX @ 57063.35 | SL→57120.10 TP→57007.95
2026-08-19 10:42:36,446 - INFO - 📊 EXECUTION AUDIT [CF_SL_MODIFIED]: trade_id=None, candidate_id=cand_NSE_NIFTYBANK_INDEX_BREAKOUT_57001.75_20260819_103000_Structural_v3.2_RVOL1.0, payload={'price': 57063.35, 'old_sl': 57094.97857142857, 'new_sl': 57094.87857142857, 'old_tp': None, 'new_tp': 57033.49285714286, 'reason': 'TRAILING_SL'}
2026-08-19 10:42:36,488 - INFO - 🟡 UPDATE (TRAILING_SL) [CFStructural_v3.2_RVOL1.0|uctural_v3.2_RVOL1.0]: NSE:NIFTYBANK-INDEX @ 57063.35 | SL→57094.88 TP→57033.49
2026-08-19 10:42:36,489 - INFO - 📊 EXECUTION AUDIT [CF_SL_MODIFIED]: trade_id=None, candidate_id=cand_NSE_NIFTYBANK_INDEX_BREAKOUT_57001.75_20260819_103000_Structural_v3.2_RVOL0.8, payload={'price': 57063.35, 'old_sl': 57094.97857142857, 'new_sl': 57094.87857142857, 'old_tp': None, 'new_tp': 57033.49285714286, 'reason': 'TRAILING_SL'}
2026-08-19 10:42:36,530 - INFO - 🟡 UPDATE (TRAILING_SL) [CFStructural_v3.2_RVOL0.8|uctural_v3.2_RVOL0.8]: NSE:NIFTYBANK-INDEX @ 57063.35 | SL→57094.88 TP→57033.49
2026-08-19 10:42:37,185 - INFO - Retrieved live premium from Fyers API: LTP=173.5 for NSE:BANKNIFTY26AUG57700CE
2026-08-19 10:42:38,178 - INFO - Retrieved live premium from Fyers API: LTP=39.0 for NSE:NIFTY26AUG24350CE
2026-08-19 10:42:39,186 - INFO - Retrieved live premium from Fyers API: LTP=173.5 for NSE:BANKNIFTY26AUG57700CE
2026-08-19 10:42:44,781 - INFO - 📊 Saved 22 snapshots for NSE:NIFTY50-INDEX  (oi range: 152,620–14,565,070)
2026-08-19 10:42:45,885 - INFO - 📡 Fetching NSE:NIFTYBANK-INDEX @ 57071  expiry=26AUG  strikes=ATM±5
2026-08-19 10:43:05,330 - INFO - ⏱️ [Real-time Exit Loop] Checking open positions @ 10:43:05...
2026-08-19 10:43:07,442 - INFO - Retrieved live premium from Fyers API: LTP=170.6 for NSE:BANKNIFTY26AUG57700CE
2026-08-19 10:43:08,453 - INFO - Retrieved live premium from Fyers API: LTP=39.05 for NSE:NIFTY26AUG24350CE
2026-08-19 10:43:09,464 - INFO - Retrieved live premium from Fyers API: LTP=170.4 for NSE:BANKNIFTY26AUG57700CE
2026-08-19 10:43:16,276 - INFO - 📊 Saved 22 snapshots for NSE:NIFTYBANK-INDEX  (oi range: 11,160–1,268,010)
2026-08-19 10:43:17,381 - INFO - 📡 Fetching NSE:NIFTY50-INDEX @ 24052  expiry=26AUG  strikes=ATM±5
2026-08-19 10:43:35,601 - INFO - ⏱️ [Real-time Exit Loop] Checking open positions @ 10:43:35...
2026-08-19 10:43:36,752 - INFO - 📊 EXECUTION AUDIT [CF_SL_MODIFIED]: trade_id=None, candidate_id=cand_NSE_NIFTYBANK_INDEX_EMAPULL_57145.45_20260819_102435_EMA_Pullback_20_50_RVOL0.5, payload={'price': 57057.3, 'old_sl': 57194.642, 'new_sl': 57188.592000000004, 'old_tp': None, 'new_tp': 56882.865999999995, 'reason': 'TRAILING_SL'}
2026-08-19 10:43:36,796 - INFO - 🟡 UPDATE (TRAILING_SL) [CFEMA_Pullback_20_50_RVOL0.5|llback_20_50_RVOL0.5]: NSE:NIFTYBANK-INDEX @ 57057.30 | SL→57188.59 TP→56882.87
2026-08-19 10:43:36,796 - INFO - 📊 EXECUTION AUDIT [CF_SL_MODIFIED]: trade_id=None, candidate_id=cand_NSE_NIFTYBANK_INDEX_LIQUIDITY_SWEEP_57145.45_20260819_102435_OrderFlow_v1.0, payload={'price': 57057.3, 'old_sl': 57120.101500000004, 'new_sl': 57114.05150000001, 'old_tp': None, 'new_tp': 57007.946999999986, 'reason': 'TRAILING_SL'}
2026-08-19 10:43:36,833 - INFO - 🟡 UPDATE (TRAILING_SL) [CFOrderFlow_v1.0|02435_OrderFlow_v1.0]: NSE:NIFTYBANK-INDEX @ 57057.30 | SL→57114.05 TP→57007.95
2026-08-19 10:43:36,833 - INFO - 📊 EXECUTION AUDIT [CF_SL_MODIFIED]: trade_id=None, candidate_id=cand_NSE_NIFTYBANK_INDEX_BREAKOUT_57001.75_20260819_103000_Structural_v3.2_RVOL1.0, payload={'price': 57057.3, 'old_sl': 57094.87857142857, 'new_sl': 57088.828571428574, 'old_tp': None, 'new_tp': 57033.49285714286, 'reason': 'TRAILING_SL'}
2026-08-19 10:43:36,870 - INFO - 🟡 UPDATE (TRAILING_SL) [CFStructural_v3.2_RVOL1.0|uctural_v3.2_RVOL1.0]: NSE:NIFTYBANK-INDEX @ 57057.30 | SL→57088.83 TP→57033.49
2026-08-19 10:43:36,870 - INFO - 📊 EXECUTION AUDIT [CF_SL_MODIFIED]: trade_id=None, candidate_id=cand_NSE_NIFTYBANK_INDEX_BREAKOUT_57001.75_20260819_103000_Structural_v3.2_RVOL0.8, payload={'price': 57057.3, 'old_sl': 57094.87857142857, 'new_sl': 57088.828571428574, 'old_tp': None, 'new_tp': 57033.49285714286, 'reason': 'TRAILING_SL'}
2026-08-19 10:43:36,909 - INFO - 🟡 UPDATE (TRAILING_SL) [CFStructural_v3.2_RVOL0.8|uctural_v3.2_RVOL0.8]: NSE:NIFTYBANK-INDEX @ 57057.30 | SL→57088.83 TP→57033.49
2026-08-19 10:43:37,719 - INFO - Retrieved live premium from Fyers API: LTP=169.05 for NSE:BANKNIFTY26AUG57700CE
2026-08-19 10:43:38,721 - INFO - Retrieved live premium from Fyers API: LTP=39.15 for NSE:NIFTY26AUG24350CE
2026-08-19 10:43:39,729 - INFO - Retrieved live premium from Fyers API: LTP=169.05 for NSE:BANKNIFTY26AUG57700CE
2026-08-19 10:43:47,429 - INFO - 📊 Saved 22 snapshots for NSE:NIFTY50-INDEX  (oi range: 155,870–14,637,480)
2026-08-19 10:43:48,527 - INFO - 📡 Fetching NSE:NIFTYBANK-INDEX @ 57060  expiry=26AUG  strikes=ATM±5
2026-08-19 10:44:05,869 - INFO - ⏱️ [Real-time Exit Loop] Checking open positions @ 10:44:05...
2026-08-19 10:44:06,961 - INFO - 📊 EXECUTION AUDIT [ORDER_EXITED]: trade_id=trade_NSE_NIFTY50_INDEX_ORB_60m_IB_RVOL1.2_1787115905, candidate_id=cand_NSE_NIFTY50_INDEX_ORB_60M_24057.45_20260819_103505_ORB_60m_IB_RVOL1.2, payload={'exit_price': 24059.0, 'exit_reason': 'TRAILING_SL', 'pnl_r': 0.004761904761904792, 'duration_minutes': 9.002927283333333, 'bars_held': 1}
2026-08-19 10:44:07,024 - INFO - 🔴 EXIT (TRAILING_SL) [ORB_60m_IB_RVOL1.2|5_ORB_60m_IB_RVOL1.2]: NSE:NIFTY50-INDEX @ 24059.00 | PnL +0.00R | MFE 1.01R | Capture 0% | 1bars HoldEff +0.005R/bar
2026-08-19 10:44:07,964 - INFO - Retrieved live premium from Fyers API: LTP=174.35 for NSE:BANKNIFTY26AUG57700CE
2026-08-19 10:44:08,971 - INFO - Retrieved live premium from Fyers API: LTP=39.5 for NSE:NIFTY26AUG24350CE
2026-08-19 10:44:09,984 - INFO - Retrieved live premium from Fyers API: LTP=174.5 for NSE:BANKNIFTY26AUG57700CE
2026-08-19 10:44:18,302 - INFO - 📊 Saved 22 snapshots for NSE:NIFTYBANK-INDEX  (oi range: 11,190–1,269,390)
2026-08-19 10:44:19,570 - INFO - 📡 Fetching NSE:NIFTY50-INDEX @ 24058  expiry=26AUG  strikes=ATM±5
2026-08-19 10:44:35,127 - INFO - ⏱️ [Real-time Exit Loop] Checking open positions @ 10:44:35...
2026-08-19 10:44:37,234 - INFO - Retrieved live premium from Fyers API: LTP=173.9 for NSE:BANKNIFTY26AUG57700CE
2026-08-19 10:44:38,232 - INFO - Retrieved live premium from Fyers API: LTP=39.6 for NSE:NIFTY26AUG24350CE
2026-08-19 10:44:39,248 - INFO - Retrieved live premium from Fyers API: LTP=173.95 for NSE:BANKNIFTY26AUG57700CE
2026-08-19 10:44:49,776 - INFO - 📊 Saved 22 snapshots for NSE:NIFTY50-INDEX  (oi range: 158,275–14,631,955)
2026-08-19 10:44:50,882 - INFO - 📡 Fetching NSE:NIFTYBANK-INDEX @ 57085  expiry=26AUG  strikes=ATM±5
2026-08-19 10:45:05,379 - INFO - 🔔 [New Candle Closed] Running entry pipeline for candle 10:45 at 10:45:05...
2026-08-19 10:45:05,380 - INFO - --- 10:45:05 Market Pulse ---
2026-08-19 10:45:12,514 - INFO - 📊 EXECUTION AUDIT [CF_EXITED]: trade_id=None, candidate_id=cand_NSE_NIFTYBANK_INDEX_BREAKOUT_57001.75_20260819_103000_Structural_v3.2_RVOL1.0, payload={'exit_price': 57089.7, 'exit_reason': 'TRAILING_SL', 'pnl_r': 0.0033789491468153403, 'duration_minutes': 9.99478155, 'bars_held': 2}
2026-08-19 10:45:12,592 - INFO - 🔴 EXIT (TRAILING_SL) [CFStructural_v3.2_RVOL1.0|uctural_v3.2_RVOL1.0]: NSE:NIFTYBANK-INDEX @ 57089.70 | PnL +0.00R | MFE 1.24R | Capture 0% | 2bars HoldEff +0.002R/bar
2026-08-19 10:45:12,593 - INFO - 📊 EXECUTION AUDIT [CF_EXITED]: trade_id=None, candidate_id=cand_NSE_NIFTYBANK_INDEX_BREAKOUT_57001.75_20260819_103000_Structural_v3.2_RVOL0.8, payload={'exit_price': 57089.7, 'exit_reason': 'TRAILING_SL', 'pnl_r': 0.0033789491468153403, 'duration_minutes': 9.99478155, 'bars_held': 2}
2026-08-19 10:45:12,647 - INFO - 🔴 EXIT (TRAILING_SL) [CFStructural_v3.2_RVOL0.8|uctural_v3.2_RVOL0.8]: NSE:NIFTYBANK-INDEX @ 57089.70 | PnL +0.00R | MFE 1.24R | Capture 0% | 2bars HoldEff +0.002R/bar
2026-08-19 10:45:13,530 - INFO - Retrieved live premium from Fyers API: LTP=172.2 for NSE:BANKNIFTY26AUG57700CE
2026-08-19 10:45:14,534 - INFO - Retrieved live premium from Fyers API: LTP=39.55 for NSE:NIFTY26AUG24350CE
2026-08-19 10:45:15,527 - INFO - Retrieved live premium from Fyers API: LTP=172.2 for NSE:BANKNIFTY26AUG57700CE
2026-08-19 10:45:17,800 - INFO - Resolved active expiry from DB: 26AUG (2026-08-25)
2026-08-19 10:45:19,733 - INFO - Resolved active expiry from DB: 26AUG (2026-08-25)
2026-08-19 10:45:19,735 - INFO - 👻 [Structural_v3.2_RVOL1.0] CF BREAKOUT NSE:NIFTYBANK-INDEX BUY PUT | Rejected: ['BIAS_MISMATCH', 'LOW_EFFICIENCY', 'HIGH_WICKINESS', 'NO_TARGET_ZONE']
2026-08-19 10:45:19,735 - INFO - 📊 EXECUTION AUDIT [SIGNAL_GENERATED]: trade_id=None, candidate_id=cand_NSE_NIFTYBANK_INDEX_BREAKOUT_57001.75_20260819_104000_Structural_v3.2_RVOL1.0, payload={'symbol': 'NSE:NIFTYBANK-INDEX', 'signal': 'BUY PUT', 'strategy': 'BREAKOUT', 'price': 57083.55, 'stop_loss': 57113.135714285716, 'take_profit': 57024.37857142858, 'tp1': 57039.17142857143, 'rr_ratio': 2.0, 'timestamp': '2026-08-19T10:40:00+05:30', 'accepted': False, 'rejection_reasons': ['BIAS_MISMATCH', 'LOW_EFFICIENCY', 'HIGH_WICKINESS', 'NO_TARGET_ZONE'], 'features': {'date': '2026-08-19', 'strategy_name': 'Structural_v3', 'strategy_version': 'v3.2', 'feature_version': 'v1.1', 'market_regime': 'WEAK_TREND_DOWN_HIGH_VOL', 'day_type': 'NORMAL_DAY', 'session_type': 'MID', 'daily_bias': 'NEUTRAL', 'hourly_bias': 'NEUTRAL', 'trend_strength': 0.0, 'rvol': 2.55, 'rvol_threshold': 1.0, 'atr': 59.17, 'distance_from_supply': 802.3, 'distance_from_demand': 9999.0, 'nearest_supply_strength': 65.5, 'nearest_demand_strength': 0.0, 'distance_to_liquidity_pool': 9999.0, 'liquidity_score': 25.5, 'indicator_snapshot': {'rvol_tod': 2.55, 'is_compressed': True, 'bos_count': 0}, 'move_efficiency': 0.4116, 'wickiness': 0.6577, 'fft_score': 0.0, 'setup_type': 'BREAKOUT', 'candidate_id': 'cand_NSE_NIFTYBANK_INDEX_BREAKOUT_57001.75_20260819_104000', 'ema20': 57159.54, 'ema50': 57231.48, 'move_efficiency_h1': 0.4088, 'ema_bullish': False, 'rsi14': 55.99, 'rsi2': 0.0, 'distance_to_vwap': -0.001, 'atr_percentile': 0.8152, 'dist_prev_high': -0.0087, 'dist_prev_low': -0.0023, 'adx': 21.29, 'adx_slope': 1.3231, 'gap_pct': -0.0, 'regime_primary': 'WEAK_TREND_DOWN', 'regime_vol_state': 'HIGH_VOL'}, 'candidate_id': 'cand_NSE_NIFTYBANK_INDEX_BREAKOUT_57001.75_20260819_104000_Structural_v3.2_RVOL1.0', 'experiment_name': 'Structural_v3.2_RVOL1.0', 'strategy_id': 'structural', 'version': 'v3.2'}
2026-08-19 10:45:19,757 - INFO - Resolved active expiry from DB: 26AUG (2026-08-25)
2026-08-19 10:45:19,771 - INFO - Resolved index signal into option contract: OptionContract(symbol='NSE:BANKNIFTY26AUG57100PE', strike=57100.0, expiry='26AUG', option_type='PE', premium=294.95, delta=0.5, bid=294.8, ask=295.45, volume=1741770, resolved_at=datetime.datetime(2026, 8, 19, 10, 45, 19, 771522))
2026-08-19 10:45:19,771 - INFO - ⚡ Option strike selection resolved index signal to contract NSE:BANKNIFTY26AUG57100PE @ premium 294.95 (type: PE, strike: 57100.0)
2026-08-19 10:45:19,771 - INFO - 📊 EXECUTION AUDIT [STRIKE_SELECTED]: trade_id=None, candidate_id=cand_NSE_NIFTYBANK_INDEX_BREAKOUT_57001.75_20260819_104000_Structural_v3.2_RVOL1.0, payload={'symbol': 'NSE:BANKNIFTY26AUG57100PE', 'strike': 57100.0, 'expiry': '26AUG', 'type': 'PE'}
2026-08-19 10:45:19,783 - INFO - 📊 EXECUTION AUDIT [PREMIUM_RETRIEVED]: trade_id=None, candidate_id=cand_NSE_NIFTYBANK_INDEX_BREAKOUT_57001.75_20260819_104000_Structural_v3.2_RVOL1.0, payload={'premium': 294.95, 'bid': 294.8, 'ask': 295.45}
2026-08-19 10:45:19,795 - INFO - 📊 EXECUTION AUDIT [CF_SUBMITTED]: trade_id=None, candidate_id=cand_NSE_NIFTYBANK_INDEX_BREAKOUT_57001.75_20260819_104000_Structural_v3.2_RVOL1.0, payload={'price': 57083.55, 'sl': 57113.135714285716, 'tp': 57024.37857142858}
2026-08-19 10:45:19,808 - INFO - 📊 EXECUTION AUDIT [CF_FILLED]: trade_id=None, candidate_id=cand_NSE_NIFTYBANK_INDEX_BREAKOUT_57001.75_20260819_104000_Structural_v3.2_RVOL1.0, payload={'price': 57083.55, 'sl': 57113.135714285716, 'tp': 57024.37857142858}
2026-08-19 10:45:19,820 - INFO - 💰 Position size [BREAKOUT|WEAK_TREND_DOWN_HIGH_VOL|conf=70]: frac=0.004 → ₹5,000 (risk/unit=0.05%)
2026-08-19 10:45:19,845 - INFO - 🟢 ENTRY [CF|Structural_v3.2_RVOL1.0|uctural_v3.2_RVOL1.0]: NSE:NIFTYBANK-INDEX BUY PUT @ 57083.55 | SL: 57113.14 TP: 57024.38
2026-08-19 10:45:19,845 - INFO - 👻 [Structural_v3.2_RVOL0.8] CF BREAKOUT NSE:NIFTYBANK-INDEX BUY PUT | Rejected: ['BIAS_MISMATCH', 'LOW_EFFICIENCY', 'HIGH_WICKINESS', 'NO_TARGET_ZONE']
2026-08-19 10:45:19,845 - INFO - 📊 EXECUTION AUDIT [SIGNAL_GENERATED]: trade_id=None, candidate_id=cand_NSE_NIFTYBANK_INDEX_BREAKOUT_57001.75_20260819_104000_Structural_v3.2_RVOL0.8, payload={'symbol': 'NSE:NIFTYBANK-INDEX', 'signal': 'BUY PUT', 'strategy': 'BREAKOUT', 'price': 57083.55, 'stop_loss': 57113.135714285716, 'take_profit': 57024.37857142858, 'tp1': 57039.17142857143, 'rr_ratio': 2.0, 'timestamp': '2026-08-19T10:40:00+05:30', 'accepted': False, 'rejection_reasons': ['BIAS_MISMATCH', 'LOW_EFFICIENCY', 'HIGH_WICKINESS', 'NO_TARGET_ZONE'], 'features': {'date': '2026-08-19', 'strategy_name': 'Structural_v3', 'strategy_version': 'v3.2', 'feature_version': 'v1.1', 'market_regime': 'WEAK_TREND_DOWN_HIGH_VOL', 'day_type': 'NORMAL_DAY', 'session_type': 'MID', 'daily_bias': 'NEUTRAL', 'hourly_bias': 'NEUTRAL', 'trend_strength': 0.0, 'rvol': 2.55, 'rvol_threshold': 0.8, 'atr': 59.17, 'distance_from_supply': 802.3, 'distance_from_demand': 9999.0, 'nearest_supply_strength': 65.5, 'nearest_demand_strength': 0.0, 'distance_to_liquidity_pool': 9999.0, 'liquidity_score': 25.5, 'indicator_snapshot': {'rvol_tod': 2.55, 'is_compressed': True, 'bos_count': 0}, 'move_efficiency': 0.4116, 'wickiness': 0.6577, 'fft_score': 0.0, 'setup_type': 'BREAKOUT', 'candidate_id': 'cand_NSE_NIFTYBANK_INDEX_BREAKOUT_57001.75_20260819_104000', 'ema20': 57159.54, 'ema50': 57231.48, 'move_efficiency_h1': 0.4088, 'ema_bullish': False, 'rsi14': 55.99, 'rsi2': 0.0, 'distance_to_vwap': -0.001, 'atr_percentile': 0.8152, 'dist_prev_high': -0.0087, 'dist_prev_low': -0.0023, 'adx': 21.29, 'adx_slope': 1.3231, 'gap_pct': -0.0, 'regime_primary': 'WEAK_TREND_DOWN', 'regime_vol_state': 'HIGH_VOL'}, 'candidate_id': 'cand_NSE_NIFTYBANK_INDEX_BREAKOUT_57001.75_20260819_104000_Structural_v3.2_RVOL0.8', 'experiment_name': 'Structural_v3.2_RVOL0.8', 'strategy_id': 'structural', 'version': 'v3.2'}
2026-08-19 10:45:19,870 - INFO - Resolved active expiry from DB: 26AUG (2026-08-25)
2026-08-19 10:45:19,885 - INFO - Resolved index signal into option contract: OptionContract(symbol='NSE:BANKNIFTY26AUG57100PE', strike=57100.0, expiry='26AUG', option_type='PE', premium=294.95, delta=0.5, bid=294.8, ask=295.45, volume=1741770, resolved_at=datetime.datetime(2026, 8, 19, 10, 45, 19, 885336))
2026-08-19 10:45:19,885 - INFO - ⚡ Option strike selection resolved index signal to contract NSE:BANKNIFTY26AUG57100PE @ premium 294.95 (type: PE, strike: 57100.0)
2026-08-19 10:45:19,885 - INFO - 📊 EXECUTION AUDIT [STRIKE_SELECTED]: trade_id=None, candidate_id=cand_NSE_NIFTYBANK_INDEX_BREAKOUT_57001.75_20260819_104000_Structural_v3.2_RVOL0.8, payload={'symbol': 'NSE:BANKNIFTY26AUG57100PE', 'strike': 57100.0, 'expiry': '26AUG', 'type': 'PE'}
2026-08-19 10:45:19,898 - INFO - 📊 EXECUTION AUDIT [PREMIUM_RETRIEVED]: trade_id=None, candidate_id=cand_NSE_NIFTYBANK_INDEX_BREAKOUT_57001.75_20260819_104000_Structural_v3.2_RVOL0.8, payload={'premium': 294.95, 'bid': 294.8, 'ask': 295.45}
2026-08-19 10:45:19,910 - INFO - 📊 EXECUTION AUDIT [CF_SUBMITTED]: trade_id=None, candidate_id=cand_NSE_NIFTYBANK_INDEX_BREAKOUT_57001.75_20260819_104000_Structural_v3.2_RVOL0.8, payload={'price': 57083.55, 'sl': 57113.135714285716, 'tp': 57024.37857142858}
2026-08-19 10:45:19,923 - INFO - 📊 EXECUTION AUDIT [CF_FILLED]: trade_id=None, candidate_id=cand_NSE_NIFTYBANK_INDEX_BREAKOUT_57001.75_20260819_104000_Structural_v3.2_RVOL0.8, payload={'price': 57083.55, 'sl': 57113.135714285716, 'tp': 57024.37857142858}
2026-08-19 10:45:19,935 - INFO - 💰 Position size [BREAKOUT|WEAK_TREND_DOWN_HIGH_VOL|conf=70]: frac=0.004 → ₹5,000 (risk/unit=0.05%)
2026-08-19 10:45:19,962 - INFO - 🟢 ENTRY [CF|Structural_v3.2_RVOL0.8|uctural_v3.2_RVOL0.8]: NSE:NIFTYBANK-INDEX BUY PUT @ 57083.55 | SL: 57113.14 TP: 57024.38
2026-08-19 10:45:21,812 - INFO - 📊 Saved 22 snapshots for NSE:NIFTYBANK-INDEX  (oi range: 11,190–1,269,750)
2026-08-19 10:45:23,073 - INFO - 📡 Fetching NSE:NIFTY50-INDEX @ 24058  expiry=26AUG  strikes=ATM±5
2026-08-19 10:45:35,966 - INFO - ⏱️ [Real-time Exit Loop] Checking open positions @ 10:45:35...
2026-08-19 10:45:37,088 - INFO - 📊 EXECUTION AUDIT [CF_SL_MODIFIED]: trade_id=None, candidate_id=cand_NSE_NIFTYBANK_INDEX_BREAKOUT_57001.75_20260819_104000_Structural_v3.2_RVOL1.0, payload={'price': 57080.6, 'old_sl': 57113.135714285716, 'new_sl': 57110.18571428571, 'old_tp': None, 'new_tp': 57024.37857142858, 'reason': 'TRAILING_SL'}
2026-08-19 10:45:37,153 - INFO - 🟡 UPDATE (TRAILING_SL) [CFStructural_v3.2_RVOL1.0|uctural_v3.2_RVOL1.0]: NSE:NIFTYBANK-INDEX @ 57080.60 | SL→57110.19 TP→57024.38
2026-08-19 10:45:37,153 - INFO - 📊 EXECUTION AUDIT [CF_SL_MODIFIED]: trade_id=None, candidate_id=cand_NSE_NIFTYBANK_INDEX_BREAKOUT_57001.75_20260819_104000_Structural_v3.2_RVOL0.8, payload={'price': 57080.6, 'old_sl': 57113.135714285716, 'new_sl': 57110.18571428571, 'old_tp': None, 'new_tp': 57024.37857142858, 'reason': 'TRAILING_SL'}
2026-08-19 10:45:37,195 - INFO - 🟡 UPDATE (TRAILING_SL) [CFStructural_v3.2_RVOL0.8|uctural_v3.2_RVOL0.8]: NSE:NIFTYBANK-INDEX @ 57080.60 | SL→57110.19 TP→57024.38
2026-08-19 10:45:38,071 - INFO - Retrieved live premium from Fyers API: LTP=172.15 for NSE:BANKNIFTY26AUG57700CE
2026-08-19 10:45:39,276 - INFO - Retrieved live premium from Fyers API: LTP=39.1 for NSE:NIFTY26AUG24350CE
2026-08-19 10:45:40,105 - INFO - Retrieved live premium from Fyers API: LTP=172.15 for NSE:BANKNIFTY26AUG57700CE
2026-08-19 10:45:53,919 - INFO - 📊 Saved 22 snapshots for NSE:NIFTY50-INDEX  (oi range: 159,185–14,630,395)
2026-08-19 10:45:55,009 - INFO - 📡 Fetching NSE:NIFTYBANK-INDEX @ 57076  expiry=26AUG  strikes=ATM±5
2026-08-19 10:46:05,245 - INFO - ⏱️ [Real-time Exit Loop] Checking open positions @ 10:46:05...
2026-08-19 10:46:06,340 - INFO - 📊 EXECUTION AUDIT [CF_SL_MODIFIED]: trade_id=None, candidate_id=cand_NSE_NIFTYBANK_INDEX_BREAKOUT_57001.75_20260819_104000_Structural_v3.2_RVOL1.0, payload={'price': 57080.45, 'old_sl': 57110.18571428571, 'new_sl': 57110.03571428571, 'old_tp': None, 'new_tp': 57024.37857142858, 'reason': 'TRAILING_SL'}
2026-08-19 10:46:06,400 - INFO - 🟡 UPDATE (TRAILING_SL) [CFStructural_v3.2_RVOL1.0|uctural_v3.2_RVOL1.0]: NSE:NIFTYBANK-INDEX @ 57080.45 | SL→57110.04 TP→57024.38
2026-08-19 10:46:06,400 - INFO - 📊 EXECUTION AUDIT [CF_SL_MODIFIED]: trade_id=None, candidate_id=cand_NSE_NIFTYBANK_INDEX_BREAKOUT_57001.75_20260819_104000_Structural_v3.2_RVOL0.8, payload={'price': 57080.45, 'old_sl': 57110.18571428571, 'new_sl': 57110.03571428571, 'old_tp': None, 'new_tp': 57024.37857142858, 'reason': 'TRAILING_SL'}
2026-08-19 10:46:06,439 - INFO - 🟡 UPDATE (TRAILING_SL) [CFStructural_v3.2_RVOL0.8|uctural_v3.2_RVOL0.8]: NSE:NIFTYBANK-INDEX @ 57080.45 | SL→57110.04 TP→57024.38
2026-08-19 10:46:07,362 - INFO - Retrieved live premium from Fyers API: LTP=170.2 for NSE:BANKNIFTY26AUG57700CE
2026-08-19 10:46:08,519 - INFO - Retrieved live premium from Fyers API: LTP=39.15 for NSE:NIFTY26AUG24350CE
2026-08-19 10:46:09,378 - INFO - Retrieved live premium from Fyers API: LTP=169.8 for NSE:BANKNIFTY26AUG57700CE
2026-08-19 10:46:24,707 - INFO - 📊 Saved 22 snapshots for NSE:NIFTYBANK-INDEX  (oi range: 11,190–1,271,460)
2026-08-19 10:46:25,959 - INFO - 📡 Fetching NSE:NIFTY50-INDEX @ 24053  expiry=26AUG  strikes=ATM±5
2026-08-19 10:46:35,517 - INFO - ⏱️ [Real-time Exit Loop] Checking open positions @ 10:46:35...
2026-08-19 10:46:36,605 - INFO - 📊 EXECUTION AUDIT [CF_SL_MODIFIED]: trade_id=None, candidate_id=cand_NSE_NIFTYBANK_INDEX_BREAKOUT_57001.75_20260819_104000_Structural_v3.2_RVOL1.0, payload={'price': 57078.35, 'old_sl': 57110.03571428571, 'new_sl': 57107.93571428571, 'old_tp': None, 'new_tp': 57024.37857142858, 'reason': 'TRAILING_SL'}
2026-08-19 10:46:36,667 - INFO - 🟡 UPDATE (TRAILING_SL) [CFStructural_v3.2_RVOL1.0|uctural_v3.2_RVOL1.0]: NSE:NIFTYBANK-INDEX @ 57078.35 | SL→57107.94 TP→57024.38
2026-08-19 10:46:36,667 - INFO - 📊 EXECUTION AUDIT [CF_SL_MODIFIED]: trade_id=None, candidate_id=cand_NSE_NIFTYBANK_INDEX_BREAKOUT_57001.75_20260819_104000_Structural_v3.2_RVOL0.8, payload={'price': 57078.35, 'old_sl': 57110.03571428571, 'new_sl': 57107.93571428571, 'old_tp': None, 'new_tp': 57024.37857142858, 'reason': 'TRAILING_SL'}
2026-08-19 10:46:36,709 - INFO - 🟡 UPDATE (TRAILING_SL) [CFStructural_v3.2_RVOL0.8|uctural_v3.2_RVOL0.8]: NSE:NIFTYBANK-INDEX @ 57078.35 | SL→57107.94 TP→57024.38
2026-08-19 10:46:37,626 - INFO - Retrieved live premium from Fyers API: LTP=171.35 for NSE:BANKNIFTY26AUG57700CE
2026-08-19 10:46:38,630 - INFO - Retrieved live premium from Fyers API: LTP=39.25 for NSE:NIFTY26AUG24350CE
2026-08-19 10:46:39,639 - INFO - Retrieved live premium from Fyers API: LTP=171.35 for NSE:BANKNIFTY26AUG57700CE
2026-08-19 10:46:55,500 - INFO - 📊 Saved 22 snapshots for NSE:NIFTY50-INDEX  (oi range: 160,420–14,586,000)
2026-08-19 10:46:56,600 - INFO - 📡 Fetching NSE:NIFTYBANK-INDEX @ 57072  expiry=26AUG  strikes=ATM±5
2026-08-19 10:47:05,777 - INFO - ⏱️ [Real-time Exit Loop] Checking open positions @ 10:47:05...
2026-08-19 10:47:07,058 - INFO - 📊 EXECUTION AUDIT [CF_SL_MODIFIED]: trade_id=None, candidate_id=cand_NSE_NIFTYBANK_INDEX_BREAKOUT_57001.75_20260819_104000_Structural_v3.2_RVOL1.0, payload={'price': 57070.95, 'old_sl': 57107.93571428571, 'new_sl': 57100.53571428571, 'old_tp': None, 'new_tp': 57024.37857142858, 'reason': 'TRAILING_SL'}
2026-08-19 10:47:07,140 - INFO - 🟡 UPDATE (TRAILING_SL) [CFStructural_v3.2_RVOL1.0|uctural_v3.2_RVOL1.0]: NSE:NIFTYBANK-INDEX @ 57070.95 | SL→57100.54 TP→57024.38
2026-08-19 10:47:07,141 - INFO - 📊 EXECUTION AUDIT [CF_SL_MODIFIED]: trade_id=None, candidate_id=cand_NSE_NIFTYBANK_INDEX_BREAKOUT_57001.75_20260819_104000_Structural_v3.2_RVOL0.8, payload={'price': 57070.95, 'old_sl': 57107.93571428571, 'new_sl': 57100.53571428571, 'old_tp': None, 'new_tp': 57024.37857142858, 'reason': 'TRAILING_SL'}
2026-08-19 10:47:07,191 - INFO - 🟡 UPDATE (TRAILING_SL) [CFStructural_v3.2_RVOL0.8|uctural_v3.2_RVOL0.8]: NSE:NIFTYBANK-INDEX @ 57070.95 | SL→57100.54 TP→57024.38
2026-08-19 10:47:07,880 - INFO - Retrieved live premium from Fyers API: LTP=169.15 for NSE:BANKNIFTY26AUG57700CE
2026-08-19 10:47:08,899 - INFO - Retrieved live premium from Fyers API: LTP=38.75 for NSE:NIFTY26AUG24350CE
2026-08-19 10:47:09,911 - INFO - Retrieved live premium from Fyers API: LTP=169.2 for NSE:BANKNIFTY26AUG57700CE
2026-08-19 10:47:26,325 - INFO - 📊 Saved 22 snapshots for NSE:NIFTYBANK-INDEX  (oi range: 11,190–1,272,930)
2026-08-19 10:47:27,415 - INFO - 📡 Fetching NSE:NIFTY50-INDEX @ 24053  expiry=26AUG  strikes=ATM±5
2026-08-19 10:47:35,051 - INFO - ⏱️ [Real-time Exit Loop] Checking open positions @ 10:47:35...
2026-08-19 10:47:36,156 - INFO - 📊 EXECUTION AUDIT [CF_SL_MODIFIED]: trade_id=None, candidate_id=cand_NSE_NIFTYBANK_INDEX_BREAKOUT_57001.75_20260819_104000_Structural_v3.2_RVOL1.0, payload={'price': 57069.1, 'old_sl': 57100.53571428571, 'new_sl': 57098.68571428571, 'old_tp': None, 'new_tp': 57024.37857142858, 'reason': 'TRAILING_SL'}
2026-08-19 10:47:36,237 - INFO - 🟡 UPDATE (TRAILING_SL) [CFStructural_v3.2_RVOL1.0|uctural_v3.2_RVOL1.0]: NSE:NIFTYBANK-INDEX @ 57069.10 | SL→57098.69 TP→57024.38
2026-08-19 10:47:36,237 - INFO - 📊 EXECUTION AUDIT [CF_SL_MODIFIED]: trade_id=None, candidate_id=cand_NSE_NIFTYBANK_INDEX_BREAKOUT_57001.75_20260819_104000_Structural_v3.2_RVOL0.8, payload={'price': 57069.1, 'old_sl': 57100.53571428571, 'new_sl': 57098.68571428571, 'old_tp': None, 'new_tp': 57024.37857142858, 'reason': 'TRAILING_SL'}
2026-08-19 10:47:36,284 - INFO - 🟡 UPDATE (TRAILING_SL) [CFStructural_v3.2_RVOL0.8|uctural_v3.2_RVOL0.8]: NSE:NIFTYBANK-INDEX @ 57069.10 | SL→57098.69 TP→57024.38
2026-08-19 10:47:37,163 - INFO - Retrieved live premium from Fyers API: LTP=171.55 for NSE:BANKNIFTY26AUG57700CE
2026-08-19 10:47:38,173 - INFO - Retrieved live premium from Fyers API: LTP=39.1 for NSE:NIFTY26AUG24350CE
2026-08-19 10:47:39,175 - INFO - Retrieved live premium from Fyers API: LTP=171.55 for NSE:BANKNIFTY26AUG57700CE
2026-08-19 10:47:57,301 - INFO - 📊 Saved 22 snapshots for NSE:NIFTY50-INDEX  (oi range: 164,710–14,635,985)
2026-08-19 10:47:58,388 - INFO - 📡 Fetching NSE:NIFTYBANK-INDEX @ 57069  expiry=26AUG  strikes=ATM±5
2026-08-19 10:48:05,304 - INFO - ⏱️ [Real-time Exit Loop] Checking open positions @ 10:48:05...
2026-08-19 10:48:07,417 - INFO - Retrieved live premium from Fyers API: LTP=171.45 for NSE:BANKNIFTY26AUG57700CE
2026-08-19 10:48:08,399 - INFO - Retrieved live premium from Fyers API: LTP=39.0 for NSE:NIFTY26AUG24350CE
2026-08-19 10:48:09,425 - INFO - Retrieved live premium from Fyers API: LTP=170.95 for NSE:BANKNIFTY26AUG57700CE
2026-08-19 10:48:28,780 - INFO - 📊 Saved 22 snapshots for NSE:NIFTYBANK-INDEX  (oi range: 11,190–1,274,550)
2026-08-19 10:48:29,858 - INFO - 📡 Fetching NSE:NIFTY50-INDEX @ 24052  expiry=26AUG  strikes=ATM±5
2026-08-19 10:48:35,562 - INFO - ⏱️ [Real-time Exit Loop] Checking open positions @ 10:48:35...
2026-08-19 10:48:37,674 - INFO - Retrieved live premium from Fyers API: LTP=170.6 for NSE:BANKNIFTY26AUG57700CE
2026-08-19 10:48:38,680 - INFO - Retrieved live premium from Fyers API: LTP=39.05 for NSE:NIFTY26AUG24350CE
2026-08-19 10:48:39,688 - INFO - Retrieved live premium from Fyers API: LTP=171.1 for NSE:BANKNIFTY26AUG57700CE
2026-08-19 10:48:59,509 - INFO - 📊 Saved 22 snapshots for NSE:NIFTY50-INDEX  (oi range: 165,165–14,662,570)
2026-08-19 10:49:00,613 - INFO - 📡 Fetching NSE:NIFTYBANK-INDEX @ 57074  expiry=26AUG  strikes=ATM±5
2026-08-19 10:49:05,830 - INFO - ⏱️ [Real-time Exit Loop] Checking open positions @ 10:49:05...
2026-08-19 10:49:07,927 - INFO - Retrieved live premium from Fyers API: LTP=171.5 for NSE:BANKNIFTY26AUG57700CE
2026-08-19 10:49:08,939 - INFO - Retrieved live premium from Fyers API: LTP=39.15 for NSE:NIFTY26AUG24350CE
2026-08-19 10:49:09,942 - INFO - Retrieved live premium from Fyers API: LTP=171.5 for NSE:BANKNIFTY26AUG57700CE
2026-08-19 10:49:30,331 - INFO - 📊 Saved 22 snapshots for NSE:NIFTYBANK-INDEX  (oi range: 11,190–1,276,050)
2026-08-19 10:49:31,421 - INFO - 📡 Fetching NSE:NIFTY50-INDEX @ 24052  expiry=26AUG  strikes=ATM±5
2026-08-19 10:49:35,063 - INFO - ⏱️ [Real-time Exit Loop] Checking open positions @ 10:49:35...
2026-08-19 10:49:37,178 - INFO - Retrieved live premium from Fyers API: LTP=172.55 for NSE:BANKNIFTY26AUG57700CE
2026-08-19 10:49:38,189 - INFO - Retrieved live premium from Fyers API: LTP=39.3 for NSE:NIFTY26AUG24350CE
2026-08-19 10:49:39,188 - INFO - Retrieved live premium from Fyers API: LTP=172.9 for NSE:BANKNIFTY26AUG57700CE
2026-08-19 10:50:01,582 - INFO - 📊 Saved 22 snapshots for NSE:NIFTY50-INDEX  (oi range: 166,660–14,696,760)
2026-08-19 10:50:02,685 - INFO - 📡 Fetching NSE:NIFTYBANK-INDEX @ 57067  expiry=26AUG  strikes=ATM±5
2026-08-19 10:50:05,310 - INFO - 🔔 [New Candle Closed] Running entry pipeline for candle 10:50 at 10:50:05...
2026-08-19 10:50:05,311 - INFO - --- 10:50:05 Market Pulse ---
2026-08-19 10:50:12,446 - INFO - 📊 EXECUTION AUDIT [CF_SL_MODIFIED]: trade_id=None, candidate_id=cand_NSE_NIFTYBANK_INDEX_BREAKOUT_57001.75_20260819_104000_Structural_v3.2_RVOL1.0, payload={'price': 57065.0, 'old_sl': 57098.68571428571, 'new_sl': 57094.58571428571, 'old_tp': None, 'new_tp': 57024.37857142858, 'reason': 'TRAILING_SL'}
2026-08-19 10:50:12,525 - INFO - 🟡 UPDATE (TRAILING_SL) [CFStructural_v3.2_RVOL1.0|uctural_v3.2_RVOL1.0]: NSE:NIFTYBANK-INDEX @ 57065.00 | SL→57094.59 TP→57024.38
2026-08-19 10:50:12,526 - INFO - 📊 EXECUTION AUDIT [CF_SL_MODIFIED]: trade_id=None, candidate_id=cand_NSE_NIFTYBANK_INDEX_BREAKOUT_57001.75_20260819_104000_Structural_v3.2_RVOL0.8, payload={'price': 57065.0, 'old_sl': 57098.68571428571, 'new_sl': 57094.58571428571, 'old_tp': None, 'new_tp': 57024.37857142858, 'reason': 'TRAILING_SL'}
2026-08-19 10:50:12,578 - INFO - 🟡 UPDATE (TRAILING_SL) [CFStructural_v3.2_RVOL0.8|uctural_v3.2_RVOL0.8]: NSE:NIFTYBANK-INDEX @ 57065.00 | SL→57094.59 TP→57024.38
2026-08-19 10:50:13,457 - INFO - Retrieved live premium from Fyers API: LTP=170.05 for NSE:BANKNIFTY26AUG57700CE
2026-08-19 10:50:14,448 - INFO - Retrieved live premium from Fyers API: LTP=39.25 for NSE:NIFTY26AUG24350CE
2026-08-19 10:50:15,458 - INFO - Retrieved live premium from Fyers API: LTP=169.8 for NSE:BANKNIFTY26AUG57700CE
2026-08-19 10:50:17,758 - INFO - Resolved active expiry from DB: 26AUG (2026-08-25)
2026-08-19 10:50:17,758 - INFO - 🧭 [VWAP_Reversion_1.5ATR_RVOL1.0] Regime router: NSE:NIFTY50-INDEX blocked from REAL capital (regime=STRONG_TREND_DOWN_NORMAL) — routed to CF
2026-08-19 10:50:17,759 - INFO - 👻 [VWAP_Reversion_1.5ATR_RVOL1.0] CF REVERSION NSE:NIFTY50-INDEX BUY CALL | Rejected: ['REGIME_MISMATCH']
2026-08-19 10:50:17,759 - INFO - 📊 EXECUTION AUDIT [SIGNAL_GENERATED]: trade_id=None, candidate_id=cand_NSE_NIFTY50_INDEX_VWAPREV_24053.10_20260819_105005_VWAP_Reversion_1.5ATR_RVOL1.0, payload={'symbol': 'NSE:NIFTY50-INDEX', 'signal': 'BUY CALL', 'strategy': 'REVERSION', 'price': 24053.1, 'stop_loss': 24046.135, 'take_profit': 24091.646634615383, 'tp1': 24063.5475, 'rr_ratio': 5.53, 'timestamp': '2026-08-19T10:50:05.310973+05:30', 'accepted': True, 'rejection_reasons': ['REGIME_MISMATCH'], 'features': {'atr': 13.93, 'ema20': 24091.53, 'ema50': 24138.27, 'move_efficiency': 0.7794, 'move_efficiency_h1': 0.6829, 'wickiness': 0.5067, 'ema_bullish': False, 'rsi14': 34.25, 'rsi2': 54.89, 'distance_to_vwap': -0.0016, 'atr_percentile': 0.6919, 'dist_prev_high': -0.0089, 'dist_prev_low': -0.0042, 'adx': 43.69, 'adx_slope': 3.8388, 'gap_pct': -0.0001, 'regime_primary': 'STRONG_TREND_DOWN', 'regime_vol_state': 'NORMAL', 'market_regime': 'STRONG_TREND_DOWN_NORMAL'}, 'candidate_id': 'cand_NSE_NIFTY50_INDEX_VWAPREV_24053.10_20260819_105005_VWAP_Reversion_1.5ATR_RVOL1.0', 'confidence': 0.75, 'diagnostics': {'distance_to_vwap': -0.0016, 'abs_distance': 38.55, 'vwap_price': 24091.65, 'stretch_threshold': 20.89, 'rvol': 1.23, 'atr': 13.93, 'atr_percentile': 0.692, 'move_efficiency': 0.779}, 'experiment_name': 'VWAP_Reversion_1.5ATR_RVOL1.0', 'strategy_id': 'vwap_reversion', 'version': 'v1.0', 'regime_at_decision': 'STRONG_TREND_DOWN_NORMAL'}
2026-08-19 10:50:17,782 - INFO - Resolved active expiry from DB: 26AUG (2026-08-25)
2026-08-19 10:50:17,798 - INFO - Resolved index signal into option contract: OptionContract(symbol='NSE:NIFTY26AUG24050CE', strike=24050.0, expiry='26AUG', option_type='CE', premium=155.9, delta=0.5, bid=155.55, ask=155.9, volume=17640935, resolved_at=datetime.datetime(2026, 8, 19, 10, 50, 17, 798352))
2026-08-19 10:50:17,798 - INFO - ⚡ Option strike selection resolved index signal to contract NSE:NIFTY26AUG24050CE @ premium 155.9 (type: CE, strike: 24050.0)
2026-08-19 10:50:17,798 - INFO - 📊 EXECUTION AUDIT [STRIKE_SELECTED]: trade_id=None, candidate_id=cand_NSE_NIFTY50_INDEX_VWAPREV_24053.10_20260819_105005_VWAP_Reversion_1.5ATR_RVOL1.0, payload={'symbol': 'NSE:NIFTY26AUG24050CE', 'strike': 24050.0, 'expiry': '26AUG', 'type': 'CE'}
2026-08-19 10:50:17,811 - INFO - 📊 EXECUTION AUDIT [PREMIUM_RETRIEVED]: trade_id=None, candidate_id=cand_NSE_NIFTY50_INDEX_VWAPREV_24053.10_20260819_105005_VWAP_Reversion_1.5ATR_RVOL1.0, payload={'premium': 155.9, 'bid': 155.55, 'ask': 155.9}
2026-08-19 10:50:17,823 - INFO - 📊 EXECUTION AUDIT [CF_SUBMITTED]: trade_id=None, candidate_id=cand_NSE_NIFTY50_INDEX_VWAPREV_24053.10_20260819_105005_VWAP_Reversion_1.5ATR_RVOL1.0, payload={'price': 24053.1, 'sl': 24046.135, 'tp': 24091.646634615383}
2026-08-19 10:50:17,835 - INFO - 📊 EXECUTION AUDIT [CF_FILLED]: trade_id=None, candidate_id=cand_NSE_NIFTY50_INDEX_VWAPREV_24053.10_20260819_105005_VWAP_Reversion_1.5ATR_RVOL1.0, payload={'price': 24053.1, 'sl': 24046.135, 'tp': 24091.646634615383}
2026-08-19 10:50:17,847 - INFO - 💰 Position size [REVERSION|STRONG_TREND_DOWN_NORMAL|conf=1]: frac=0.004 → ₹5,000 (risk/unit=0.03%)
2026-08-19 10:50:17,871 - INFO - 🟢 ENTRY [CF|VWAP_Reversion_1.5ATR_RVOL1.0|rsion_1.5ATR_RVOL1.0]: NSE:NIFTY50-INDEX BUY CALL @ 24053.10 | SL: 24046.13 TP: 24091.65
2026-08-19 10:50:19,812 - INFO - Resolved active expiry from DB: 26AUG (2026-08-25)
2026-08-19 10:50:33,552 - INFO - 📊 Saved 22 snapshots for NSE:NIFTYBANK-INDEX  (oi range: 11,190–1,276,500)
2026-08-19 10:50:34,641 - INFO - 📡 Fetching NSE:NIFTY50-INDEX @ 24053  expiry=26AUG  strikes=ATM±5
2026-08-19 10:50:35,826 - INFO - ⏱️ [Real-time Exit Loop] Checking open positions @ 10:50:35...
2026-08-19 10:50:37,912 - INFO - Retrieved live premium from Fyers API: LTP=170.05 for NSE:BANKNIFTY26AUG57700CE
2026-08-19 10:50:38,931 - INFO - Retrieved live premium from Fyers API: LTP=39.05 for NSE:NIFTY26AUG24350CE
2026-08-19 10:50:39,939 - INFO - Retrieved live premium from Fyers API: LTP=171.5 for NSE:BANKNIFTY26AUG57700CE
2026-08-19 10:51:05,084 - INFO - ⏱️ [Real-time Exit Loop] Checking open positions @ 10:51:05...
2026-08-19 10:51:05,440 - INFO - 📊 Saved 22 snapshots for NSE:NIFTY50-INDEX  (oi range: 166,920–14,682,070)
2026-08-19 10:51:06,172 - INFO - 📊 EXECUTION AUDIT [CF_SL_MODIFIED]: trade_id=None, candidate_id=cand_NSE_NIFTYBANK_INDEX_BREAKOUT_57001.75_20260819_104000_Structural_v3.2_RVOL1.0, payload={'price': 57058.6, 'old_sl': 57094.58571428571, 'new_sl': 57088.18571428571, 'old_tp': None, 'new_tp': 57024.37857142858, 'reason': 'TRAILING_SL'}
2026-08-19 10:51:06,235 - INFO - 🟡 UPDATE (TRAILING_SL) [CFStructural_v3.2_RVOL1.0|uctural_v3.2_RVOL1.0]: NSE:NIFTYBANK-INDEX @ 57058.60 | SL→57088.19 TP→57024.38
2026-08-19 10:51:06,236 - INFO - 📊 EXECUTION AUDIT [CF_SL_MODIFIED]: trade_id=None, candidate_id=cand_NSE_NIFTYBANK_INDEX_BREAKOUT_57001.75_20260819_104000_Structural_v3.2_RVOL0.8, payload={'price': 57058.6, 'old_sl': 57094.58571428571, 'new_sl': 57088.18571428571, 'old_tp': None, 'new_tp': 57024.37857142858, 'reason': 'TRAILING_SL'}
2026-08-19 10:51:06,273 - INFO - 🟡 UPDATE (TRAILING_SL) [CFStructural_v3.2_RVOL0.8|uctural_v3.2_RVOL0.8]: NSE:NIFTYBANK-INDEX @ 57058.60 | SL→57088.19 TP→57024.38
2026-08-19 10:51:06,548 - INFO - 📡 Fetching NSE:NIFTYBANK-INDEX @ 57058  expiry=26AUG  strikes=ATM±5
2026-08-19 10:51:07,198 - INFO - Retrieved live premium from Fyers API: LTP=168.3 for NSE:BANKNIFTY26AUG57700CE
2026-08-19 10:51:08,206 - INFO - Retrieved live premium from Fyers API: LTP=38.6 for NSE:NIFTY26AUG24350CE
2026-08-19 10:51:09,207 - INFO - Retrieved live premium from Fyers API: LTP=167.8 for NSE:BANKNIFTY26AUG57700CE
2026-08-19 10:51:35,344 - INFO - ⏱️ [Real-time Exit Loop] Checking open positions @ 10:51:35...
2026-08-19 10:51:36,293 - INFO - 📊 Saved 22 snapshots for NSE:NIFTYBANK-INDEX  (oi range: 11,190–1,278,270)
2026-08-19 10:51:37,403 - INFO - 📡 Fetching NSE:NIFTY50-INDEX @ 24053  expiry=26AUG  strikes=ATM±5
2026-08-19 10:51:37,449 - INFO - Retrieved live premium from Fyers API: LTP=169.65 for NSE:BANKNIFTY26AUG57700CE
2026-08-19 10:51:38,466 - INFO - Retrieved live premium from Fyers API: LTP=39.0 for NSE:NIFTY26AUG24350CE
2026-08-19 10:51:39,470 - INFO - Retrieved live premium from Fyers API: LTP=169.3 for NSE:BANKNIFTY26AUG57700CE
2026-08-19 10:52:05,612 - INFO - ⏱️ [Real-time Exit Loop] Checking open positions @ 10:52:05...
2026-08-19 10:52:07,113 - INFO - 📊 Saved 22 snapshots for NSE:NIFTY50-INDEX  (oi range: 168,415–14,590,095)
2026-08-19 10:52:07,731 - INFO - Retrieved live premium from Fyers API: LTP=170.75 for NSE:BANKNIFTY26AUG57700CE
2026-08-19 10:52:08,215 - INFO - 📡 Fetching NSE:NIFTYBANK-INDEX @ 57067  expiry=26AUG  strikes=ATM±5
2026-08-19 10:52:08,728 - INFO - Retrieved live premium from Fyers API: LTP=39.3 for NSE:NIFTY26AUG24350CE
2026-08-19 10:52:09,929 - INFO - Retrieved live premium from Fyers API: LTP=171.0 for NSE:BANKNIFTY26AUG57700CE
2026-08-19 10:52:35,056 - INFO - ⏱️ [Real-time Exit Loop] Checking open positions @ 10:52:35...
2026-08-19 10:52:37,478 - INFO - Retrieved live premium from Fyers API: LTP=170.4 for NSE:BANKNIFTY26AUG57700CE
2026-08-19 10:52:38,085 - INFO - 📊 Saved 22 snapshots for NSE:NIFTYBANK-INDEX  (oi range: 11,190–1,279,800)
2026-08-19 10:52:38,178 - INFO - Retrieved live premium from Fyers API: LTP=39.45 for NSE:NIFTY26AUG24350CE
2026-08-19 10:52:39,187 - INFO - Retrieved live premium from Fyers API: LTP=171.15 for NSE:BANKNIFTY26AUG57700CE
2026-08-19 10:52:39,677 - INFO - 📡 Fetching NSE:NIFTY50-INDEX @ 24053  expiry=26AUG  strikes=ATM±5
2026-08-19 10:53:05,306 - INFO - ⏱️ [Real-time Exit Loop] Checking open positions @ 10:53:05...
2026-08-19 10:53:06,408 - INFO - 📊 EXECUTION AUDIT [CF_SL_MODIFIED]: trade_id=None, candidate_id=cand_NSE_NIFTY50_INDEX_VWAPREV_24053.10_20260819_105005_VWAP_Reversion_1.5ATR_RVOL1.0, payload={'price': 24054.35, 'old_sl': 24046.135, 'new_sl': 24047.385, 'old_tp': None, 'new_tp': 24091.646634615383, 'reason': 'TRAILING_SL'}
2026-08-19 10:53:06,470 - INFO - 🟡 UPDATE (TRAILING_SL) [CFVWAP_Reversion_1.5ATR_RVOL1.0|rsion_1.5ATR_RVOL1.0]: NSE:NIFTY50-INDEX @ 24054.35 | SL→24047.38 TP→24091.65
2026-08-19 10:53:07,415 - INFO - Retrieved live premium from Fyers API: LTP=169.8 for NSE:BANKNIFTY26AUG57700CE
2026-08-19 10:53:08,430 - INFO - Retrieved live premium from Fyers API: LTP=39.4 for NSE:NIFTY26AUG24350CE
2026-08-19 10:53:09,112 - INFO - 📊 Saved 22 snapshots for NSE:NIFTY50-INDEX  (oi range: 169,390–14,601,340)
2026-08-19 10:53:09,429 - INFO - Retrieved live premium from Fyers API: LTP=169.55 for NSE:BANKNIFTY26AUG57700CE
2026-08-19 10:53:10,226 - INFO - 📡 Fetching NSE:NIFTYBANK-INDEX @ 57063  expiry=26AUG  strikes=ATM±5
2026-08-19 10:53:35,572 - INFO - ⏱️ [Real-time Exit Loop] Checking open positions @ 10:53:35...
2026-08-19 10:53:36,674 - INFO - 📊 EXECUTION AUDIT [CF_SL_MODIFIED]: trade_id=None, candidate_id=cand_NSE_NIFTY50_INDEX_VWAPREV_24053.10_20260819_105005_VWAP_Reversion_1.5ATR_RVOL1.0, payload={'price': 24056.9, 'old_sl': 24047.385, 'new_sl': 24049.935, 'old_tp': None, 'new_tp': 24091.646634615383, 'reason': 'TRAILING_SL'}
2026-08-19 10:53:36,734 - INFO - 🟡 UPDATE (TRAILING_SL) [CFVWAP_Reversion_1.5ATR_RVOL1.0|rsion_1.5ATR_RVOL1.0]: NSE:NIFTY50-INDEX @ 24056.90 | SL→24049.94 TP→24091.65
2026-08-19 10:53:37,676 - INFO - Retrieved live premium from Fyers API: LTP=170.3 for NSE:BANKNIFTY26AUG57700CE
2026-08-19 10:53:38,687 - INFO - Retrieved live premium from Fyers API: LTP=40.0 for NSE:NIFTY26AUG24350CE
2026-08-19 10:53:39,687 - INFO - Retrieved live premium from Fyers API: LTP=170.1 for NSE:BANKNIFTY26AUG57700CE
2026-08-19 10:53:39,724 - INFO - 📊 Saved 22 snapshots for NSE:NIFTYBANK-INDEX  (oi range: 11,190–1,282,410)
2026-08-19 10:53:40,819 - INFO - 📡 Fetching NSE:NIFTY50-INDEX @ 24056  expiry=26AUG  strikes=ATM±5
2026-08-19 10:54:05,785 - INFO - ⏱️ [Real-time Exit Loop] Checking open positions @ 10:54:05...
2026-08-19 10:54:07,884 - INFO - Retrieved live premium from Fyers API: LTP=170.2 for NSE:BANKNIFTY26AUG57700CE
2026-08-19 10:54:09,057 - INFO - Retrieved live premium from Fyers API: LTP=39.85 for NSE:NIFTY26AUG24350CE
2026-08-19 10:54:09,895 - INFO - Retrieved live premium from Fyers API: LTP=169.65 for NSE:BANKNIFTY26AUG57700CE
2026-08-19 10:54:10,263 - INFO - 📊 Saved 22 snapshots for NSE:NIFTY50-INDEX  (oi range: 169,780–14,622,855)
2026-08-19 10:54:11,370 - INFO - 📡 Fetching NSE:NIFTYBANK-INDEX @ 57063  expiry=26AUG  strikes=ATM±5
2026-08-19 10:54:35,009 - INFO - ⏱️ [Real-time Exit Loop] Checking open positions @ 10:54:35...
2026-08-19 10:54:36,269 - INFO - 📊 EXECUTION AUDIT [CF_SL_MODIFIED]: trade_id=None, candidate_id=cand_NSE_NIFTY50_INDEX_VWAPREV_24053.10_20260819_105005_VWAP_Reversion_1.5ATR_RVOL1.0, payload={'price': 24059.75, 'old_sl': 24049.935, 'new_sl': 24052.785, 'old_tp': None, 'new_tp': 24091.646634615383, 'reason': 'TRAILING_SL'}
2026-08-19 10:54:36,347 - INFO - 🟡 UPDATE (TRAILING_SL) [CFVWAP_Reversion_1.5ATR_RVOL1.0|rsion_1.5ATR_RVOL1.0]: NSE:NIFTY50-INDEX @ 24059.75 | SL→24052.78 TP→24091.65
2026-08-19 10:54:37,120 - INFO - Retrieved live premium from Fyers API: LTP=173.0 for NSE:BANKNIFTY26AUG57700CE
2026-08-19 10:54:38,116 - INFO - Retrieved live premium from Fyers API: LTP=40.2 for NSE:NIFTY26AUG24350CE
2026-08-19 10:54:39,129 - INFO - Retrieved live premium from Fyers API: LTP=173.2 for NSE:BANKNIFTY26AUG57700CE
2026-08-19 10:54:41,002 - INFO - 📊 Saved 22 snapshots for NSE:NIFTYBANK-INDEX  (oi range: 11,190–1,286,910)
2026-08-19 10:54:42,108 - INFO - 📡 Fetching NSE:NIFTY50-INDEX @ 24060  expiry=26AUG  strikes=ATM±5
2026-08-19 10:55:05,258 - INFO - 🔔 [New Candle Closed] Running entry pipeline for candle 10:55 at 10:55:05...
2026-08-19 10:55:05,259 - INFO - --- 10:55:05 Market Pulse ---
2026-08-19 10:55:12,356 - INFO - 📊 Saved 22 snapshots for NSE:NIFTY50-INDEX  (oi range: 169,000–14,642,420)
2026-08-19 10:55:12,418 - INFO - 📊 EXECUTION AUDIT [CF_EXITED]: trade_id=None, candidate_id=cand_NSE_NIFTY50_INDEX_VWAPREV_24053.10_20260819_105005_VWAP_Reversion_1.5ATR_RVOL1.0, payload={'exit_price': 24052.785, 'exit_reason': 'TRAILING_SL', 'pnl_r': 0.01635663887107109, 'duration_minutes': 4.999136933333333, 'bars_held': 1}
2026-08-19 10:55:12,496 - INFO - 🔴 EXIT (TRAILING_SL) [CFVWAP_Reversion_1.5ATR_RVOL1.0|rsion_1.5ATR_RVOL1.0]: NSE:NIFTY50-INDEX @ 24052.78 | PnL +0.02R | MFE 1.23R | Capture 1% | 1bars HoldEff +0.016R/bar
2026-08-19 10:55:13,435 - INFO - Retrieved live premium from Fyers API: LTP=173.95 for NSE:BANKNIFTY26AUG57700CE
2026-08-19 10:55:13,619 - INFO - 📡 Fetching NSE:NIFTYBANK-INDEX @ 57089  expiry=26AUG  strikes=ATM±5
2026-08-19 10:55:14,443 - INFO - Retrieved live premium from Fyers API: LTP=40.1 for NSE:NIFTY26AUG24350CE
2026-08-19 10:55:15,439 - INFO - Retrieved live premium from Fyers API: LTP=173.7 for NSE:BANKNIFTY26AUG57700CE
2026-08-19 10:55:17,655 - INFO - Resolved active expiry from DB: 26AUG (2026-08-25)
2026-08-19 10:55:19,479 - INFO - Resolved active expiry from DB: 26AUG (2026-08-25)
2026-08-19 10:55:19,480 - INFO - 👻 [Geometry_v1.0_Score35] CF CONFLUENCE_BOUNCE NSE:NIFTYBANK-INDEX BUY CALL | Rejected: ['LOW_RR:0.67']
2026-08-19 10:55:19,481 - INFO - 📊 EXECUTION AUDIT [SIGNAL_GENERATED]: trade_id=None, candidate_id=cand_NSE_NIFTYBANK_INDEX_CONFLUENCE_BOUNCE_57079.55_202608191055_Geometry_v1.0_Score35, payload={'symbol': 'NSE:NIFTYBANK-INDEX', 'candidate_id': 'cand_NSE_NIFTYBANK_INDEX_CONFLUENCE_BOUNCE_57079.55_202608191055_Geometry_v1.0_Score35', 'experiment_name': 'Geometry_v1.0_Score35', 'strategy_id': 'geometry', 'version': 'v1.0', 'signal': 'BUY CALL', 'strategy': 'CONFLUENCE_BOUNCE', 'price': 57079.55, 'stop_loss': 57052.83, 'take_profit': 57097.48, 'tp1': 57119.63, 'rr_ratio': 0.67, 'timestamp': '2026-08-19T10:55:05.259189+05:30', 'zone_band_low': 57078.76, 'zone_band_high': 57078.76, 'zone_direction': 'SUPPORT', 'zone_component_count': 1, 'accepted': False, 'rejection_reasons': ['LOW_RR:0.67'], 'stop_loss_distance': 26.72, 'atr': 53.44, 'confidence': 0.531, 'diagnostics': {'zone_score': 48.5, 'zone_explanation': 'TRENDLINE SUPPORT @ 57078.76 (±0.0pts, score=48)', 'dist_to_zone': 0.79, 'narrative_bias': 'CONTINUATION', 'bias_confidence': 0.6, 'zone_engine_confirmed': False}, 'features': {'regime_primary': 'WEAK_TREND_DOWN', 'regime_vol_state': 'NORMAL', 'market_regime': 'WEAK_TREND_DOWN_NORMAL'}}
2026-08-19 10:55:19,504 - INFO - Resolved active expiry from DB: 26AUG (2026-08-25)
2026-08-19 10:55:19,517 - INFO - Resolved index signal into option contract: OptionContract(symbol='NSE:BANKNIFTY26AUG57100CE', strike=57100.0, expiry='26AUG', option_type='CE', premium=434.2, delta=0.5, bid=433.2, ask=434.25, volume=1367940, resolved_at=datetime.datetime(2026, 8, 19, 10, 55, 19, 517917))
2026-08-19 10:55:19,518 - INFO - ⚡ Option strike selection resolved index signal to contract NSE:BANKNIFTY26AUG57100CE @ premium 434.2 (type: CE, strike: 57100.0)
2026-08-19 10:55:19,518 - INFO - 📊 EXECUTION AUDIT [STRIKE_SELECTED]: trade_id=None, candidate_id=cand_NSE_NIFTYBANK_INDEX_CONFLUENCE_BOUNCE_57079.55_202608191055_Geometry_v1.0_Score35, payload={'symbol': 'NSE:BANKNIFTY26AUG57100CE', 'strike': 57100.0, 'expiry': '26AUG', 'type': 'CE'}
2026-08-19 10:55:19,529 - INFO - 📊 EXECUTION AUDIT [PREMIUM_RETRIEVED]: trade_id=None, candidate_id=cand_NSE_NIFTYBANK_INDEX_CONFLUENCE_BOUNCE_57079.55_202608191055_Geometry_v1.0_Score35, payload={'premium': 434.2, 'bid': 433.2, 'ask': 434.25}
2026-08-19 10:55:19,540 - INFO - 📊 EXECUTION AUDIT [CF_SUBMITTED]: trade_id=None, candidate_id=cand_NSE_NIFTYBANK_INDEX_CONFLUENCE_BOUNCE_57079.55_202608191055_Geometry_v1.0_Score35, payload={'price': 57079.55, 'sl': 57052.83, 'tp': 57097.48}
2026-08-19 10:55:19,552 - INFO - 📊 EXECUTION AUDIT [CF_FILLED]: trade_id=None, candidate_id=cand_NSE_NIFTYBANK_INDEX_CONFLUENCE_BOUNCE_57079.55_202608191055_Geometry_v1.0_Score35, payload={'price': 57079.55, 'sl': 57052.83, 'tp': 57097.48}
2026-08-19 10:55:19,563 - INFO - 💰 Position size [CONFLUENCE_BOUNCE|WEAK_TREND_DOWN_NORMAL|conf=1]: frac=0.004 → ₹5,000 (risk/unit=0.05%)
2026-08-19 10:55:19,588 - INFO - 🟢 ENTRY [CF|Geometry_v1.0_Score35|eometry_v1.0_Score35]: NSE:NIFTYBANK-INDEX BUY CALL @ 57079.55 | SL: 57052.83 TP: 57097.48
2026-08-19 10:55:19,588 - INFO - 👻 [Geometry_v1.0_Score35] CF TRENDLINE_RETEST NSE:NIFTYBANK-INDEX BUY CALL | Rejected: ['LOW_RR:0.55']
2026-08-19 10:55:19,588 - INFO - 📊 EXECUTION AUDIT [SIGNAL_GENERATED]: trade_id=None, candidate_id=cand_NSE_NIFTYBANK_INDEX_TRENDLINE_RETEST_57079.55_202608191055_Geometry_v1.0_Score35, payload={'symbol': 'NSE:NIFTYBANK-INDEX', 'candidate_id': 'cand_NSE_NIFTYBANK_INDEX_TRENDLINE_RETEST_57079.55_202608191055_Geometry_v1.0_Score35', 'experiment_name': 'Geometry_v1.0_Score35', 'strategy_id': 'geometry', 'version': 'v1.0', 'signal': 'BUY CALL', 'strategy': 'TRENDLINE_RETEST', 'price': 57079.55, 'stop_loss': 57046.68, 'take_profit': 57097.48, 'tp1': 57128.85, 'rr_ratio': 0.55, 'timestamp': '2026-08-19T10:55:05.259189+05:30', 'zone_band_low': None, 'zone_band_high': None, 'zone_direction': None, 'zone_component_count': 0, 'accepted': False, 'rejection_reasons': ['LOW_RR:0.55'], 'stop_loss_distance': 32.87, 'atr': 53.44, 'confidence': 0.698, 'diagnostics': {'trendline_id': 'tl_5aa4ceb3e7b56900', 'trendline_confidence': 0.75, 'trendline_r2': 0.986, 'trendline_touches': 29, 'trendline_price_at_now': 57108.66, 'dist_pct': 0.00051, 'narrative_bias': 'CONTINUATION', 'bias_confidence': 0.6}, 'features': {'regime_primary': 'WEAK_TREND_DOWN', 'regime_vol_state': 'NORMAL', 'market_regime': 'WEAK_TREND_DOWN_NORMAL'}}
2026-08-19 10:55:19,613 - INFO - Resolved active expiry from DB: 26AUG (2026-08-25)
2026-08-19 10:55:19,627 - INFO - Resolved index signal into option contract: OptionContract(symbol='NSE:BANKNIFTY26AUG57100CE', strike=57100.0, expiry='26AUG', option_type='CE', premium=434.2, delta=0.5, bid=433.2, ask=434.25, volume=1367940, resolved_at=datetime.datetime(2026, 8, 19, 10, 55, 19, 627507))
2026-08-19 10:55:19,627 - INFO - ⚡ Option strike selection resolved index signal to contract NSE:BANKNIFTY26AUG57100CE @ premium 434.2 (type: CE, strike: 57100.0)
2026-08-19 10:55:19,627 - INFO - 📊 EXECUTION AUDIT [STRIKE_SELECTED]: trade_id=None, candidate_id=cand_NSE_NIFTYBANK_INDEX_TRENDLINE_RETEST_57079.55_202608191055_Geometry_v1.0_Score35, payload={'symbol': 'NSE:BANKNIFTY26AUG57100CE', 'strike': 57100.0, 'expiry': '26AUG', 'type': 'CE'}
2026-08-19 10:55:19,639 - INFO - 📊 EXECUTION AUDIT [PREMIUM_RETRIEVED]: trade_id=None, candidate_id=cand_NSE_NIFTYBANK_INDEX_TRENDLINE_RETEST_57079.55_202608191055_Geometry_v1.0_Score35, payload={'premium': 434.2, 'bid': 433.2, 'ask': 434.25}
2026-08-19 10:55:19,651 - INFO - 📊 EXECUTION AUDIT [CF_SUBMITTED]: trade_id=None, candidate_id=cand_NSE_NIFTYBANK_INDEX_TRENDLINE_RETEST_57079.55_202608191055_Geometry_v1.0_Score35, payload={'price': 57079.55, 'sl': 57046.68, 'tp': 57097.48}
2026-08-19 10:55:19,663 - INFO - 📊 EXECUTION AUDIT [CF_FILLED]: trade_id=None, candidate_id=cand_NSE_NIFTYBANK_INDEX_TRENDLINE_RETEST_57079.55_202608191055_Geometry_v1.0_Score35, payload={'price': 57079.55, 'sl': 57046.68, 'tp': 57097.48}
2026-08-19 10:55:19,675 - INFO - 💰 Position size [TRENDLINE_RETEST|WEAK_TREND_DOWN_NORMAL|conf=1]: frac=0.004 → ₹5,000 (risk/unit=0.06%)
2026-08-19 10:55:19,702 - INFO - 🟢 ENTRY [CF|Geometry_v1.0_Score35|eometry_v1.0_Score35]: NSE:NIFTYBANK-INDEX BUY CALL @ 57079.55 | SL: 57046.68 TP: 57097.48
2026-08-19 10:55:19,702 - INFO - 👻 [Geometry_v1.0_Score50] CF TRENDLINE_RETEST NSE:NIFTYBANK-INDEX BUY CALL | Rejected: ['LOW_RR:0.55']
2026-08-19 10:55:19,702 - INFO - 📊 EXECUTION AUDIT [SIGNAL_GENERATED]: trade_id=None, candidate_id=cand_NSE_NIFTYBANK_INDEX_TRENDLINE_RETEST_57079.55_202608191055_Geometry_v1.0_Score50, payload={'symbol': 'NSE:NIFTYBANK-INDEX', 'candidate_id': 'cand_NSE_NIFTYBANK_INDEX_TRENDLINE_RETEST_57079.55_202608191055_Geometry_v1.0_Score50', 'experiment_name': 'Geometry_v1.0_Score50', 'strategy_id': 'geometry', 'version': 'v1.0', 'signal': 'BUY CALL', 'strategy': 'TRENDLINE_RETEST', 'price': 57079.55, 'stop_loss': 57046.68, 'take_profit': 57097.48, 'tp1': 57128.85, 'rr_ratio': 0.55, 'timestamp': '2026-08-19T10:55:05.259189+05:30', 'zone_band_low': None, 'zone_band_high': None, 'zone_direction': None, 'zone_component_count': 0, 'accepted': False, 'rejection_reasons': ['LOW_RR:0.55'], 'stop_loss_distance': 32.87, 'atr': 53.44, 'confidence': 0.698, 'diagnostics': {'trendline_id': 'tl_5aa4ceb3e7b56900', 'trendline_confidence': 0.75, 'trendline_r2': 0.986, 'trendline_touches': 29, 'trendline_price_at_now': 57108.66, 'dist_pct': 0.00051, 'narrative_bias': 'CONTINUATION', 'bias_confidence': 0.6}, 'features': {'regime_primary': 'WEAK_TREND_DOWN', 'regime_vol_state': 'NORMAL', 'market_regime': 'WEAK_TREND_DOWN_NORMAL'}}
2026-08-19 10:55:19,729 - INFO - Resolved active expiry from DB: 26AUG (2026-08-25)
2026-08-19 10:55:19,743 - INFO - Resolved index signal into option contract: OptionContract(symbol='NSE:BANKNIFTY26AUG57100CE', strike=57100.0, expiry='26AUG', option_type='CE', premium=434.2, delta=0.5, bid=433.2, ask=434.25, volume=1367940, resolved_at=datetime.datetime(2026, 8, 19, 10, 55, 19, 743318))
2026-08-19 10:55:19,743 - INFO - ⚡ Option strike selection resolved index signal to contract NSE:BANKNIFTY26AUG57100CE @ premium 434.2 (type: CE, strike: 57100.0)
2026-08-19 10:55:19,743 - INFO - 📊 EXECUTION AUDIT [STRIKE_SELECTED]: trade_id=None, candidate_id=cand_NSE_NIFTYBANK_INDEX_TRENDLINE_RETEST_57079.55_202608191055_Geometry_v1.0_Score50, payload={'symbol': 'NSE:BANKNIFTY26AUG57100CE', 'strike': 57100.0, 'expiry': '26AUG', 'type': 'CE'}
2026-08-19 10:55:19,756 - INFO - 📊 EXECUTION AUDIT [PREMIUM_RETRIEVED]: trade_id=None, candidate_id=cand_NSE_NIFTYBANK_INDEX_TRENDLINE_RETEST_57079.55_202608191055_Geometry_v1.0_Score50, payload={'premium': 434.2, 'bid': 433.2, 'ask': 434.25}
2026-08-19 10:55:19,769 - INFO - 📊 EXECUTION AUDIT [CF_SUBMITTED]: trade_id=None, candidate_id=cand_NSE_NIFTYBANK_INDEX_TRENDLINE_RETEST_57079.55_202608191055_Geometry_v1.0_Score50, payload={'price': 57079.55, 'sl': 57046.68, 'tp': 57097.48}
2026-08-19 10:55:19,781 - INFO - 📊 EXECUTION AUDIT [CF_FILLED]: trade_id=None, candidate_id=cand_NSE_NIFTYBANK_INDEX_TRENDLINE_RETEST_57079.55_202608191055_Geometry_v1.0_Score50, payload={'price': 57079.55, 'sl': 57046.68, 'tp': 57097.48}
2026-08-19 10:55:19,794 - INFO - 💰 Position size [TRENDLINE_RETEST|WEAK_TREND_DOWN_NORMAL|conf=1]: frac=0.004 → ₹5,000 (risk/unit=0.06%)
2026-08-19 10:55:19,820 - INFO - 🟢 ENTRY [CF|Geometry_v1.0_Score50|eometry_v1.0_Score50]: NSE:NIFTYBANK-INDEX BUY CALL @ 57079.55 | SL: 57046.68 TP: 57097.48
2026-08-19 10:55:35,821 - INFO - ⏱️ [Real-time Exit Loop] Checking open positions @ 10:55:35...
2026-08-19 10:55:36,919 - INFO - 📊 EXECUTION AUDIT [CF_SL_MODIFIED]: trade_id=None, candidate_id=cand_NSE_NIFTYBANK_INDEX_CONFLUENCE_BOUNCE_57079.55_202608191055_Geometry_v1.0_Score35, payload={'price': 57082.45, 'old_sl': 57052.83, 'new_sl': 57055.729999999996, 'old_tp': None, 'new_tp': 57097.48, 'reason': 'TRAILING_SL'}
2026-08-19 10:55:36,983 - INFO - 🟡 UPDATE (TRAILING_SL) [CFGeometry_v1.0_Score35|eometry_v1.0_Score35]: NSE:NIFTYBANK-INDEX @ 57082.45 | SL→57055.73 TP→57097.48
2026-08-19 10:55:36,983 - INFO - 📊 EXECUTION AUDIT [CF_SL_MODIFIED]: trade_id=None, candidate_id=cand_NSE_NIFTYBANK_INDEX_TRENDLINE_RETEST_57079.55_202608191055_Geometry_v1.0_Score35, payload={'price': 57082.45, 'old_sl': 57046.68, 'new_sl': 57049.579999999994, 'old_tp': None, 'new_tp': 57097.48, 'reason': 'TRAILING_SL'}
2026-08-19 10:55:37,022 - INFO - 🟡 UPDATE (TRAILING_SL) [CFGeometry_v1.0_Score35|eometry_v1.0_Score35]: NSE:NIFTYBANK-INDEX @ 57082.45 | SL→57049.58 TP→57097.48
2026-08-19 10:55:37,022 - INFO - 📊 EXECUTION AUDIT [CF_SL_MODIFIED]: trade_id=None, candidate_id=cand_NSE_NIFTYBANK_INDEX_TRENDLINE_RETEST_57079.55_202608191055_Geometry_v1.0_Score50, payload={'price': 57082.45, 'old_sl': 57046.68, 'new_sl': 57049.579999999994, 'old_tp': None, 'new_tp': 57097.48, 'reason': 'TRAILING_SL'}
2026-08-19 10:55:37,056 - INFO - 🟡 UPDATE (TRAILING_SL) [CFGeometry_v1.0_Score50|eometry_v1.0_Score50]: NSE:NIFTYBANK-INDEX @ 57082.45 | SL→57049.58 TP→57097.48
2026-08-19 10:55:37,913 - INFO - Retrieved live premium from Fyers API: LTP=173.8 for NSE:BANKNIFTY26AUG57700CE
2026-08-19 10:55:39,096 - INFO - Retrieved live premium from Fyers API: LTP=40.05 for NSE:NIFTY26AUG24350CE
2026-08-19 10:55:40,078 - INFO - Retrieved live premium from Fyers API: LTP=173.6 for NSE:BANKNIFTY26AUG57700CE
2026-08-19 10:55:44,896 - INFO - 📊 Saved 22 snapshots for NSE:NIFTYBANK-INDEX  (oi range: 11,220–1,287,900)
2026-08-19 10:55:46,164 - INFO - 📡 Fetching NSE:NIFTY50-INDEX @ 24063  expiry=26AUG  strikes=ATM±5
2026-08-19 10:56:05,209 - INFO - ⏱️ [Real-time Exit Loop] Checking open positions @ 10:56:05...
2026-08-19 10:56:06,303 - INFO - 📊 EXECUTION AUDIT [CF_EXITED]: trade_id=None, candidate_id=cand_NSE_NIFTYBANK_INDEX_BREAKOUT_57001.75_20260819_104000_Structural_v3.2_RVOL1.0, payload={'exit_price': 57088.85, 'exit_reason': 'TRAILING_SL', 'pnl_r': -0.009646302250803743, 'duration_minutes': 10.997154233333333, 'bars_held': 2}
2026-08-19 10:56:06,365 - INFO - 🔴 EXIT (TRAILING_SL) [CFStructural_v3.2_RVOL1.0|uctural_v3.2_RVOL1.0]: NSE:NIFTYBANK-INDEX @ 57088.85 | PnL -0.01R | MFE 0.84R | Capture -1% | 2bars HoldEff -0.005R/bar
2026-08-19 10:56:06,365 - INFO - 📊 EXECUTION AUDIT [CF_EXITED]: trade_id=None, candidate_id=cand_NSE_NIFTYBANK_INDEX_BREAKOUT_57001.75_20260819_104000_Structural_v3.2_RVOL0.8, payload={'exit_price': 57088.85, 'exit_reason': 'TRAILING_SL', 'pnl_r': -0.009646302250803743, 'duration_minutes': 10.997154233333333, 'bars_held': 2}
2026-08-19 10:56:06,404 - INFO - 🔴 EXIT (TRAILING_SL) [CFStructural_v3.2_RVOL0.8|uctural_v3.2_RVOL0.8]: NSE:NIFTYBANK-INDEX @ 57088.85 | PnL -0.01R | MFE 0.84R | Capture -1% | 2bars HoldEff -0.005R/bar
2026-08-19 10:56:06,404 - INFO - 📊 EXECUTION AUDIT [CF_SL_MODIFIED]: trade_id=None, candidate_id=cand_NSE_NIFTYBANK_INDEX_CONFLUENCE_BOUNCE_57079.55_202608191055_Geometry_v1.0_Score35, payload={'price': 57088.85, 'old_sl': 57055.729999999996, 'new_sl': 57062.13, 'old_tp': None, 'new_tp': 57097.48, 'reason': 'TRAILING_SL'}
2026-08-19 10:56:06,438 - INFO - 🟡 UPDATE (TRAILING_SL) [CFGeometry_v1.0_Score35|eometry_v1.0_Score35]: NSE:NIFTYBANK-INDEX @ 57088.85 | SL→57062.13 TP→57097.48
2026-08-19 10:56:06,438 - INFO - 📊 EXECUTION AUDIT [CF_SL_MODIFIED]: trade_id=None, candidate_id=cand_NSE_NIFTYBANK_INDEX_TRENDLINE_RETEST_57079.55_202608191055_Geometry_v1.0_Score35, payload={'price': 57088.85, 'old_sl': 57049.579999999994, 'new_sl': 57055.979999999996, 'old_tp': None, 'new_tp': 57097.48, 'reason': 'TRAILING_SL'}
2026-08-19 10:56:06,473 - INFO - 🟡 UPDATE (TRAILING_SL) [CFGeometry_v1.0_Score35|eometry_v1.0_Score35]: NSE:NIFTYBANK-INDEX @ 57088.85 | SL→57055.98 TP→57097.48
2026-08-19 10:56:06,473 - INFO - 📊 EXECUTION AUDIT [CF_SL_MODIFIED]: trade_id=None, candidate_id=cand_NSE_NIFTYBANK_INDEX_TRENDLINE_RETEST_57079.55_202608191055_Geometry_v1.0_Score50, payload={'price': 57088.85, 'old_sl': 57049.579999999994, 'new_sl': 57055.979999999996, 'old_tp': None, 'new_tp': 57097.48, 'reason': 'TRAILING_SL'}
2026-08-19 10:56:06,512 - INFO - 🟡 UPDATE (TRAILING_SL) [CFGeometry_v1.0_Score50|eometry_v1.0_Score50]: NSE:NIFTYBANK-INDEX @ 57088.85 | SL→57055.98 TP→57097.48
2026-08-19 10:56:07,325 - INFO - Retrieved live premium from Fyers API: LTP=175.2 for NSE:BANKNIFTY26AUG57700CE
2026-08-19 10:56:08,329 - INFO - Retrieved live premium from Fyers API: LTP=40.15 for NSE:NIFTY26AUG24350CE
2026-08-19 10:56:09,345 - INFO - Retrieved live premium from Fyers API: LTP=175.2 for NSE:BANKNIFTY26AUG57700CE
2026-08-19 10:56:16,215 - INFO - 📊 Saved 22 snapshots for NSE:NIFTY50-INDEX  (oi range: 169,455–14,662,050)
2026-08-19 10:56:17,319 - INFO - 📡 Fetching NSE:NIFTYBANK-INDEX @ 57090  expiry=26AUG  strikes=ATM±5
2026-08-19 10:56:35,472 - INFO - ⏱️ [Real-time Exit Loop] Checking open positions @ 10:56:35...
2026-08-19 10:56:36,719 - INFO - 📊 EXECUTION AUDIT [CF_SL_MODIFIED]: trade_id=None, candidate_id=cand_NSE_NIFTYBANK_INDEX_CONFLUENCE_BOUNCE_57079.55_202608191055_Geometry_v1.0_Score35, payload={'price': 57089.3, 'old_sl': 57062.13, 'new_sl': 57062.58, 'old_tp': None, 'new_tp': 57097.48, 'reason': 'TRAILING_SL'}
2026-08-19 10:56:36,798 - INFO - 🟡 UPDATE (TRAILING_SL) [CFGeometry_v1.0_Score35|eometry_v1.0_Score35]: NSE:NIFTYBANK-INDEX @ 57089.30 | SL→57062.58 TP→57097.48
2026-08-19 10:56:36,798 - INFO - 📊 EXECUTION AUDIT [CF_SL_MODIFIED]: trade_id=None, candidate_id=cand_NSE_NIFTYBANK_INDEX_TRENDLINE_RETEST_57079.55_202608191055_Geometry_v1.0_Score35, payload={'price': 57089.3, 'old_sl': 57055.979999999996, 'new_sl': 57056.43, 'old_tp': None, 'new_tp': 57097.48, 'reason': 'TRAILING_SL'}
2026-08-19 10:56:36,852 - INFO - 🟡 UPDATE (TRAILING_SL) [CFGeometry_v1.0_Score35|eometry_v1.0_Score35]: NSE:NIFTYBANK-INDEX @ 57089.30 | SL→57056.43 TP→57097.48
2026-08-19 10:56:36,852 - INFO - 📊 EXECUTION AUDIT [CF_SL_MODIFIED]: trade_id=None, candidate_id=cand_NSE_NIFTYBANK_INDEX_TRENDLINE_RETEST_57079.55_202608191055_Geometry_v1.0_Score50, payload={'price': 57089.3, 'old_sl': 57055.979999999996, 'new_sl': 57056.43, 'old_tp': None, 'new_tp': 57097.48, 'reason': 'TRAILING_SL'}
2026-08-19 10:56:36,897 - INFO - 🟡 UPDATE (TRAILING_SL) [CFGeometry_v1.0_Score50|eometry_v1.0_Score50]: NSE:NIFTYBANK-INDEX @ 57089.30 | SL→57056.43 TP→57097.48
2026-08-19 10:56:37,836 - INFO - Retrieved live premium from Fyers API: LTP=175.05 for NSE:BANKNIFTY26AUG57700CE
2026-08-19 10:56:38,855 - INFO - Retrieved live premium from Fyers API: LTP=40.35 for NSE:NIFTY26AUG24350CE
2026-08-19 10:56:39,911 - INFO - Retrieved live premium from Fyers API: LTP=174.8 for NSE:BANKNIFTY26AUG57700CE
2026-08-19 10:56:48,236 - INFO - 📊 Saved 22 snapshots for NSE:NIFTYBANK-INDEX  (oi range: 11,220–1,288,680)
2026-08-19 10:56:49,499 - INFO - 📡 Fetching NSE:NIFTY50-INDEX @ 24065  expiry=26AUG  strikes=ATM±5
2026-08-19 10:57:05,053 - INFO - ⏱️ [Real-time Exit Loop] Checking open positions @ 10:57:05...
2026-08-19 10:57:07,153 - INFO - Retrieved live premium from Fyers API: LTP=173.05 for NSE:BANKNIFTY26AUG57700CE
2026-08-19 10:57:08,151 - INFO - Retrieved live premium from Fyers API: LTP=40.05 for NSE:NIFTY26AUG24350CE
2026-08-19 10:57:09,163 - INFO - Retrieved live premium from Fyers API: LTP=171.65 for NSE:BANKNIFTY26AUG57700CE
2026-08-19 10:57:18,923 - INFO - 📊 Saved 22 snapshots for NSE:NIFTY50-INDEX  (oi range: 168,415–14,700,855)
2026-08-19 10:57:20,021 - INFO - 📡 Fetching NSE:NIFTYBANK-INDEX @ 57079  expiry=26AUG  strikes=ATM±5
2026-08-19 10:57:35,305 - INFO - ⏱️ [Real-time Exit Loop] Checking open positions @ 10:57:35...
2026-08-19 10:57:37,427 - INFO - Retrieved live premium from Fyers API: LTP=172.5 for NSE:BANKNIFTY26AUG57700CE
2026-08-19 10:57:38,432 - INFO - Retrieved live premium from Fyers API: LTP=39.85 for NSE:NIFTY26AUG24350CE
2026-08-19 10:57:39,433 - INFO - Retrieved live premium from Fyers API: LTP=172.6 for NSE:BANKNIFTY26AUG57700CE
2026-08-19 10:57:49,639 - INFO - 📊 Saved 22 snapshots for NSE:NIFTYBANK-INDEX  (oi range: 11,220–1,290,630)
2026-08-19 10:57:50,733 - INFO - 📡 Fetching NSE:NIFTY50-INDEX @ 24065  expiry=26AUG  strikes=ATM±5
2026-08-19 10:58:05,553 - INFO - ⏱️ [Real-time Exit Loop] Checking open positions @ 10:58:05...
2026-08-19 10:58:07,665 - INFO - Retrieved live premium from Fyers API: LTP=174.2 for NSE:BANKNIFTY26AUG57700CE
2026-08-19 10:58:08,679 - INFO - Retrieved live premium from Fyers API: LTP=40.2 for NSE:NIFTY26AUG24350CE
2026-08-19 10:58:09,687 - INFO - Retrieved live premium from Fyers API: LTP=174.2 for NSE:BANKNIFTY26AUG57700CE
2026-08-19 10:58:20,502 - INFO - 📊 Saved 22 snapshots for NSE:NIFTY50-INDEX  (oi range: 169,650–14,719,705)
2026-08-19 10:58:21,604 - INFO - 📡 Fetching NSE:NIFTYBANK-INDEX @ 57080  expiry=26AUG  strikes=ATM±5
2026-08-19 10:58:35,816 - INFO - ⏱️ [Real-time Exit Loop] Checking open positions @ 10:58:35...
2026-08-19 10:58:37,912 - INFO - Retrieved live premium from Fyers API: LTP=177.0 for NSE:BANKNIFTY26AUG57700CE
2026-08-19 10:58:38,930 - INFO - Retrieved live premium from Fyers API: LTP=40.55 for NSE:NIFTY26AUG24350CE
2026-08-19 10:58:39,939 - INFO - Retrieved live premium from Fyers API: LTP=177.0 for NSE:BANKNIFTY26AUG57700CE
2026-08-19 10:58:51,665 - INFO - 📊 Saved 22 snapshots for NSE:NIFTYBANK-INDEX  (oi range: 11,220–1,291,620)
2026-08-19 10:58:52,758 - INFO - 📡 Fetching NSE:NIFTY50-INDEX @ 24066  expiry=26AUG  strikes=ATM±5
2026-08-19 10:59:05,074 - INFO - ⏱️ [Real-time Exit Loop] Checking open positions @ 10:59:05...
2026-08-19 10:59:07,190 - INFO - Retrieved live premium from Fyers API: LTP=173.75 for NSE:BANKNIFTY26AUG57700CE
2026-08-19 10:59:08,190 - INFO - Retrieved live premium from Fyers API: LTP=40.35 for NSE:NIFTY26AUG24350CE
2026-08-19 10:59:09,201 - INFO - Retrieved live premium from Fyers API: LTP=173.75 for NSE:BANKNIFTY26AUG57700CE
2026-08-19 10:59:22,710 - INFO - 📊 Saved 22 snapshots for NSE:NIFTY50-INDEX  (oi range: 169,780–14,756,560)
2026-08-19 10:59:23,800 - INFO - 📡 Fetching NSE:NIFTYBANK-INDEX @ 57086  expiry=26AUG  strikes=ATM±5
2026-08-19 10:59:35,339 - INFO - ⏱️ [Real-time Exit Loop] Checking open positions @ 10:59:35...
2026-08-19 10:59:37,457 - INFO - Retrieved live premium from Fyers API: LTP=174.35 for NSE:BANKNIFTY26AUG57700CE
2026-08-19 10:59:38,654 - INFO - Retrieved live premium from Fyers API: LTP=40.15 for NSE:NIFTY26AUG24350CE
2026-08-19 10:59:39,461 - INFO - Retrieved live premium from Fyers API: LTP=174.3 for NSE:BANKNIFTY26AUG57700CE
2026-08-19 10:59:54,020 - INFO - 📊 Saved 22 snapshots for NSE:NIFTYBANK-INDEX  (oi range: 11,220–1,289,970)
2026-08-19 10:59:55,125 - INFO - 📡 Fetching NSE:NIFTY50-INDEX @ 24058  expiry=26AUG  strikes=ATM±5
2026-08-19 11:00:05,592 - INFO - 🔔 [New Candle Closed] Running entry pipeline for candle 11:00 at 11:00:05...
2026-08-19 11:00:05,592 - INFO - --- 11:00:05 Market Pulse ---
2026-08-19 11:00:13,752 - INFO - Retrieved live premium from Fyers API: LTP=170.95 for NSE:BANKNIFTY26AUG57700CE
2026-08-19 11:00:14,746 - INFO - Retrieved live premium from Fyers API: LTP=39.85 for NSE:NIFTY26AUG24350CE
2026-08-19 11:00:15,757 - INFO - Retrieved live premium from Fyers API: LTP=171.4 for NSE:BANKNIFTY26AUG57700CE
2026-08-19 11:00:18,005 - INFO - Resolved active expiry from DB: 26AUG (2026-08-25)
2026-08-19 11:00:18,005 - INFO - 👻 [Structural_v3.2_RVOL1.0] CF BREAKOUT NSE:NIFTY50-INDEX BUY PUT | Rejected: ['BIAS_MISMATCH', 'LOW_EFFICIENCY', 'HIGH_WICKINESS', 'NO_TARGET_ZONE']
2026-08-19 11:00:18,005 - INFO - 📊 EXECUTION AUDIT [SIGNAL_GENERATED]: trade_id=None, candidate_id=cand_NSE_NIFTY50_INDEX_BREAKOUT_24042.90_20260819_105500_Structural_v3.2_RVOL1.0, payload={'symbol': 'NSE:NIFTY50-INDEX', 'signal': 'BUY PUT', 'strategy': 'BREAKOUT', 'price': 24056.1, 'stop_loss': 24062.60714285714, 'take_profit': 24043.085714285713, 'tp1': 24046.339285714283, 'rr_ratio': 2.0, 'timestamp': '2026-08-19T10:55:00+05:30', 'accepted': False, 'rejection_reasons': ['BIAS_MISMATCH', 'LOW_EFFICIENCY', 'HIGH_WICKINESS', 'NO_TARGET_ZONE'], 'features': {'date': '2026-08-19', 'strategy_name': 'Structural_v3', 'strategy_version': 'v3.2', 'feature_version': 'v1.1', 'market_regime': 'STRONG_TREND_DOWN_NORMAL', 'day_type': 'NORMAL_DAY', 'session_type': 'MID', 'daily_bias': 'NEUTRAL', 'hourly_bias': 'NEUTRAL', 'trend_strength': 0.0, 'rvol': 1.9, 'rvol_threshold': 1.0, 'atr': 13.01, 'distance_from_supply': 9999.0, 'distance_from_demand': 9999.0, 'nearest_supply_strength': 0.0, 'nearest_demand_strength': 0.0, 'distance_to_liquidity_pool': 9999.0, 'liquidity_score': 19.0, 'indicator_snapshot': {'rvol_tod': 1.9, 'is_compressed': True, 'bos_count': 0}, 'move_efficiency': 0.5467, 'wickiness': 0.5335, 'fft_score': 0.0, 'setup_type': 'BREAKOUT', 'candidate_id': 'cand_NSE_NIFTY50_INDEX_BREAKOUT_24042.90_20260819_105500', 'ema20': 24085.55, 'ema50': 24132.15, 'move_efficiency_h1': 0.5638, 'ema_bullish': False, 'rsi14': 27.01, 'rsi2': 61.19, 'distance_to_vwap': -0.0014, 'atr_percentile': 0.6351, 'dist_prev_high': -0.0088, 'dist_prev_low': -0.0041, 'adx': 44.75, 'adx_slope': 2.3197, 'gap_pct': -0.0001, 'regime_primary': 'STRONG_TREND_DOWN', 'regime_vol_state': 'NORMAL'}, 'candidate_id': 'cand_NSE_NIFTY50_INDEX_BREAKOUT_24042.90_20260819_105500_Structural_v3.2_RVOL1.0', 'experiment_name': 'Structural_v3.2_RVOL1.0', 'strategy_id': 'structural', 'version': 'v3.2'}
2026-08-19 11:00:18,026 - INFO - Resolved active expiry from DB: 26AUG (2026-08-25)
2026-08-19 11:00:18,038 - INFO - Resolved index signal into option contract: OptionContract(symbol='NSE:NIFTY26AUG24050PE', strike=24050.0, expiry='26AUG', option_type='PE', premium=93.5, delta=0.5, bid=93.3, ask=93.55, volume=44822440, resolved_at=datetime.datetime(2026, 8, 19, 11, 0, 18, 38124))
2026-08-19 11:00:18,038 - INFO - ⚡ Option strike selection resolved index signal to contract NSE:NIFTY26AUG24050PE @ premium 93.5 (type: PE, strike: 24050.0)
2026-08-19 11:00:18,038 - INFO - 📊 EXECUTION AUDIT [STRIKE_SELECTED]: trade_id=None, candidate_id=cand_NSE_NIFTY50_INDEX_BREAKOUT_24042.90_20260819_105500_Structural_v3.2_RVOL1.0, payload={'symbol': 'NSE:NIFTY26AUG24050PE', 'strike': 24050.0, 'expiry': '26AUG', 'type': 'PE'}
2026-08-19 11:00:18,048 - INFO - 📊 EXECUTION AUDIT [PREMIUM_RETRIEVED]: trade_id=None, candidate_id=cand_NSE_NIFTY50_INDEX_BREAKOUT_24042.90_20260819_105500_Structural_v3.2_RVOL1.0, payload={'premium': 93.5, 'bid': 93.3, 'ask': 93.55}
2026-08-19 11:00:18,057 - INFO - 📊 EXECUTION AUDIT [CF_SUBMITTED]: trade_id=None, candidate_id=cand_NSE_NIFTY50_INDEX_BREAKOUT_24042.90_20260819_105500_Structural_v3.2_RVOL1.0, payload={'price': 24056.1, 'sl': 24062.60714285714, 'tp': 24043.085714285713}
2026-08-19 11:00:18,067 - INFO - 📊 EXECUTION AUDIT [CF_FILLED]: trade_id=None, candidate_id=cand_NSE_NIFTY50_INDEX_BREAKOUT_24042.90_20260819_105500_Structural_v3.2_RVOL1.0, payload={'price': 24056.1, 'sl': 24062.60714285714, 'tp': 24043.085714285713}
2026-08-19 11:00:18,075 - INFO - 💰 Position size [BREAKOUT|STRONG_TREND_DOWN_NORMAL|conf=70]: frac=0.006 → ₹5,000 (risk/unit=0.03%)
2026-08-19 11:00:18,095 - INFO - 🟢 ENTRY [CF|Structural_v3.2_RVOL1.0|uctural_v3.2_RVOL1.0]: NSE:NIFTY50-INDEX BUY PUT @ 24056.10 | SL: 24062.61 TP: 24043.09
2026-08-19 11:00:18,095 - INFO - 👻 [Structural_v3.2_RVOL0.8] CF BREAKOUT NSE:NIFTY50-INDEX BUY PUT | Rejected: ['BIAS_MISMATCH', 'LOW_EFFICIENCY', 'HIGH_WICKINESS', 'NO_TARGET_ZONE']
2026-08-19 11:00:18,095 - INFO - 📊 EXECUTION AUDIT [SIGNAL_GENERATED]: trade_id=None, candidate_id=cand_NSE_NIFTY50_INDEX_BREAKOUT_24042.90_20260819_105500_Structural_v3.2_RVOL0.8, payload={'symbol': 'NSE:NIFTY50-INDEX', 'signal': 'BUY PUT', 'strategy': 'BREAKOUT', 'price': 24056.1, 'stop_loss': 24062.60714285714, 'take_profit': 24043.085714285713, 'tp1': 24046.339285714283, 'rr_ratio': 2.0, 'timestamp': '2026-08-19T10:55:00+05:30', 'accepted': False, 'rejection_reasons': ['BIAS_MISMATCH', 'LOW_EFFICIENCY', 'HIGH_WICKINESS', 'NO_TARGET_ZONE'], 'features': {'date': '2026-08-19', 'strategy_name': 'Structural_v3', 'strategy_version': 'v3.2', 'feature_version': 'v1.1', 'market_regime': 'STRONG_TREND_DOWN_NORMAL', 'day_type': 'NORMAL_DAY', 'session_type': 'MID', 'daily_bias': 'NEUTRAL', 'hourly_bias': 'NEUTRAL', 'trend_strength': 0.0, 'rvol': 1.9, 'rvol_threshold': 0.8, 'atr': 13.01, 'distance_from_supply': 9999.0, 'distance_from_demand': 9999.0, 'nearest_supply_strength': 0.0, 'nearest_demand_strength': 0.0, 'distance_to_liquidity_pool': 9999.0, 'liquidity_score': 19.0, 'indicator_snapshot': {'rvol_tod': 1.9, 'is_compressed': True, 'bos_count': 0}, 'move_efficiency': 0.5467, 'wickiness': 0.5335, 'fft_score': 0.0, 'setup_type': 'BREAKOUT', 'candidate_id': 'cand_NSE_NIFTY50_INDEX_BREAKOUT_24042.90_20260819_105500', 'ema20': 24085.55, 'ema50': 24132.15, 'move_efficiency_h1': 0.5638, 'ema_bullish': False, 'rsi14': 27.01, 'rsi2': 61.19, 'distance_to_vwap': -0.0014, 'atr_percentile': 0.6351, 'dist_prev_high': -0.0088, 'dist_prev_low': -0.0041, 'adx': 44.75, 'adx_slope': 2.3197, 'gap_pct': -0.0001, 'regime_primary': 'STRONG_TREND_DOWN', 'regime_vol_state': 'NORMAL'}, 'candidate_id': 'cand_NSE_NIFTY50_INDEX_BREAKOUT_24042.90_20260819_105500_Structural_v3.2_RVOL0.8', 'experiment_name': 'Structural_v3.2_RVOL0.8', 'strategy_id': 'structural', 'version': 'v3.2'}
2026-08-19 11:00:18,120 - INFO - Resolved active expiry from DB: 26AUG (2026-08-25)
2026-08-19 11:00:18,134 - INFO - Resolved index signal into option contract: OptionContract(symbol='NSE:NIFTY26AUG24050PE', strike=24050.0, expiry='26AUG', option_type='PE', premium=93.5, delta=0.5, bid=93.3, ask=93.55, volume=44822440, resolved_at=datetime.datetime(2026, 8, 19, 11, 0, 18, 134813))
2026-08-19 11:00:18,135 - INFO - ⚡ Option strike selection resolved index signal to contract NSE:NIFTY26AUG24050PE @ premium 93.5 (type: PE, strike: 24050.0)
2026-08-19 11:00:18,135 - INFO - 📊 EXECUTION AUDIT [STRIKE_SELECTED]: trade_id=None, candidate_id=cand_NSE_NIFTY50_INDEX_BREAKOUT_24042.90_20260819_105500_Structural_v3.2_RVOL0.8, payload={'symbol': 'NSE:NIFTY26AUG24050PE', 'strike': 24050.0, 'expiry': '26AUG', 'type': 'PE'}
2026-08-19 11:00:18,146 - INFO - 📊 EXECUTION AUDIT [PREMIUM_RETRIEVED]: trade_id=None, candidate_id=cand_NSE_NIFTY50_INDEX_BREAKOUT_24042.90_20260819_105500_Structural_v3.2_RVOL0.8, payload={'premium': 93.5, 'bid': 93.3, 'ask': 93.55}
2026-08-19 11:00:18,158 - INFO - 📊 EXECUTION AUDIT [CF_SUBMITTED]: trade_id=None, candidate_id=cand_NSE_NIFTY50_INDEX_BREAKOUT_24042.90_20260819_105500_Structural_v3.2_RVOL0.8, payload={'price': 24056.1, 'sl': 24062.60714285714, 'tp': 24043.085714285713}
2026-08-19 11:00:18,170 - INFO - 📊 EXECUTION AUDIT [CF_FILLED]: trade_id=None, candidate_id=cand_NSE_NIFTY50_INDEX_BREAKOUT_24042.90_20260819_105500_Structural_v3.2_RVOL0.8, payload={'price': 24056.1, 'sl': 24062.60714285714, 'tp': 24043.085714285713}
2026-08-19 11:00:18,182 - INFO - 💰 Position size [BREAKOUT|STRONG_TREND_DOWN_NORMAL|conf=70]: frac=0.006 → ₹5,000 (risk/unit=0.03%)
2026-08-19 11:00:18,207 - INFO - 🟢 ENTRY [CF|Structural_v3.2_RVOL0.8|uctural_v3.2_RVOL0.8]: NSE:NIFTY50-INDEX BUY PUT @ 24056.10 | SL: 24062.61 TP: 24043.09
2026-08-19 11:00:18,208 - INFO - 👻 [Structural_v3.3_ExitMgmt] CF BREAKOUT NSE:NIFTY50-INDEX BUY PUT | Rejected: ['BIAS_MISMATCH', 'LOW_EFFICIENCY', 'HIGH_WICKINESS', 'NO_TARGET_ZONE']
2026-08-19 11:00:18,208 - INFO - 📊 EXECUTION AUDIT [SIGNAL_GENERATED]: trade_id=None, candidate_id=cand_NSE_NIFTY50_INDEX_BREAKOUT_24042.90_20260819_105500_Structural_v3.3_ExitMgmt, payload={'symbol': 'NSE:NIFTY50-INDEX', 'signal': 'BUY PUT', 'strategy': 'BREAKOUT', 'price': 24056.1, 'stop_loss': 24062.60714285714, 'take_profit': 24043.085714285713, 'tp1': 24046.339285714283, 'rr_ratio': 2.0, 'timestamp': '2026-08-19T10:55:00+05:30', 'accepted': False, 'rejection_reasons': ['BIAS_MISMATCH', 'LOW_EFFICIENCY', 'HIGH_WICKINESS', 'NO_TARGET_ZONE'], 'features': {'date': '2026-08-19', 'strategy_name': 'Structural_v3', 'strategy_version': 'v3.2', 'feature_version': 'v1.1', 'market_regime': 'STRONG_TREND_DOWN_NORMAL', 'day_type': 'NORMAL_DAY', 'session_type': 'MID', 'daily_bias': 'NEUTRAL', 'hourly_bias': 'NEUTRAL', 'trend_strength': 0.0, 'rvol': 1.9, 'rvol_threshold': 1.0, 'atr': 13.01, 'distance_from_supply': 9999.0, 'distance_from_demand': 9999.0, 'nearest_supply_strength': 0.0, 'nearest_demand_strength': 0.0, 'distance_to_liquidity_pool': 9999.0, 'liquidity_score': 19.0, 'indicator_snapshot': {'rvol_tod': 1.9, 'is_compressed': True, 'bos_count': 0}, 'move_efficiency': 0.5467, 'wickiness': 0.5335, 'fft_score': 0.0, 'setup_type': 'BREAKOUT', 'candidate_id': 'cand_NSE_NIFTY50_INDEX_BREAKOUT_24042.90_20260819_105500', 'ema20': 24085.55, 'ema50': 24132.15, 'move_efficiency_h1': 0.5638, 'ema_bullish': False, 'rsi14': 27.01, 'rsi2': 61.19, 'distance_to_vwap': -0.0014, 'atr_percentile': 0.6351, 'dist_prev_high': -0.0088, 'dist_prev_low': -0.0041, 'adx': 44.75, 'adx_slope': 2.3197, 'gap_pct': -0.0001, 'regime_primary': 'STRONG_TREND_DOWN', 'regime_vol_state': 'NORMAL'}, 'candidate_id': 'cand_NSE_NIFTY50_INDEX_BREAKOUT_24042.90_20260819_105500_Structural_v3.3_ExitMgmt', 'experiment_name': 'Structural_v3.3_ExitMgmt', 'strategy_id': 'structural', 'version': 'v3.2'}
2026-08-19 11:00:18,233 - INFO - Resolved active expiry from DB: 26AUG (2026-08-25)
2026-08-19 11:00:18,246 - INFO - Resolved index signal into option contract: OptionContract(symbol='NSE:NIFTY26AUG24050PE', strike=24050.0, expiry='26AUG', option_type='PE', premium=93.5, delta=0.5, bid=93.3, ask=93.55, volume=44822440, resolved_at=datetime.datetime(2026, 8, 19, 11, 0, 18, 246485))
2026-08-19 11:00:18,246 - INFO - ⚡ Option strike selection resolved index signal to contract NSE:NIFTY26AUG24050PE @ premium 93.5 (type: PE, strike: 24050.0)
2026-08-19 11:00:18,246 - INFO - 📊 EXECUTION AUDIT [STRIKE_SELECTED]: trade_id=None, candidate_id=cand_NSE_NIFTY50_INDEX_BREAKOUT_24042.90_20260819_105500_Structural_v3.3_ExitMgmt, payload={'symbol': 'NSE:NIFTY26AUG24050PE', 'strike': 24050.0, 'expiry': '26AUG', 'type': 'PE'}
2026-08-19 11:00:18,258 - INFO - 📊 EXECUTION AUDIT [PREMIUM_RETRIEVED]: trade_id=None, candidate_id=cand_NSE_NIFTY50_INDEX_BREAKOUT_24042.90_20260819_105500_Structural_v3.3_ExitMgmt, payload={'premium': 93.5, 'bid': 93.3, 'ask': 93.55}
2026-08-19 11:00:18,270 - INFO - 📊 EXECUTION AUDIT [CF_SUBMITTED]: trade_id=None, candidate_id=cand_NSE_NIFTY50_INDEX_BREAKOUT_24042.90_20260819_105500_Structural_v3.3_ExitMgmt, payload={'price': 24056.1, 'sl': 24062.60714285714, 'tp': 24043.085714285713}
2026-08-19 11:00:18,282 - INFO - 📊 EXECUTION AUDIT [CF_FILLED]: trade_id=None, candidate_id=cand_NSE_NIFTY50_INDEX_BREAKOUT_24042.90_20260819_105500_Structural_v3.3_ExitMgmt, payload={'price': 24056.1, 'sl': 24062.60714285714, 'tp': 24043.085714285713}
2026-08-19 11:00:18,294 - INFO - 💰 Position size [BREAKOUT|STRONG_TREND_DOWN_NORMAL|conf=70]: frac=0.006 → ₹5,000 (risk/unit=0.03%)
2026-08-19 11:00:18,320 - INFO - 🟢 ENTRY [CF|Structural_v3.3_ExitMgmt|ctural_v3.3_ExitMgmt]: NSE:NIFTY50-INDEX BUY PUT @ 24056.10 | SL: 24062.61 TP: 24043.09
2026-08-19 11:00:20,262 - INFO - Resolved active expiry from DB: 26AUG (2026-08-25)
2026-08-19 11:00:27,785 - INFO - 📊 Saved 22 snapshots for NSE:NIFTY50-INDEX  (oi range: 170,170–14,776,515)
2026-08-19 11:00:28,885 - INFO - 📡 Fetching NSE:NIFTYBANK-INDEX @ 57068  expiry=26AUG  strikes=ATM±5
2026-08-19 11:00:35,276 - INFO - ⏱️ [Real-time Exit Loop] Checking open positions @ 11:00:35...
2026-08-19 11:00:36,383 - INFO - 📊 EXECUTION AUDIT [CF_SL_MODIFIED]: trade_id=None, candidate_id=cand_NSE_NIFTY50_INDEX_BREAKOUT_24042.90_20260819_105500_Structural_v3.2_RVOL1.0, payload={'price': 24055.55, 'old_sl': 24062.60714285714, 'new_sl': 24062.057142857142, 'old_tp': None, 'new_tp': 24043.085714285713, 'reason': 'TRAILING_SL'}
2026-08-19 11:00:36,466 - INFO - 🟡 UPDATE (TRAILING_SL) [CFStructural_v3.2_RVOL1.0|uctural_v3.2_RVOL1.0]: NSE:NIFTY50-INDEX @ 24055.55 | SL→24062.06 TP→24043.09
2026-08-19 11:00:36,467 - INFO - 📊 EXECUTION AUDIT [CF_SL_MODIFIED]: trade_id=None, candidate_id=cand_NSE_NIFTY50_INDEX_BREAKOUT_24042.90_20260819_105500_Structural_v3.2_RVOL0.8, payload={'price': 24055.55, 'old_sl': 24062.60714285714, 'new_sl': 24062.057142857142, 'old_tp': None, 'new_tp': 24043.085714285713, 'reason': 'TRAILING_SL'}
2026-08-19 11:00:36,514 - INFO - 🟡 UPDATE (TRAILING_SL) [CFStructural_v3.2_RVOL0.8|uctural_v3.2_RVOL0.8]: NSE:NIFTY50-INDEX @ 24055.55 | SL→24062.06 TP→24043.09
2026-08-19 11:00:37,390 - INFO - Retrieved live premium from Fyers API: LTP=171.65 for NSE:BANKNIFTY26AUG57700CE
2026-08-19 11:00:38,397 - INFO - Retrieved live premium from Fyers API: LTP=39.55 for NSE:NIFTY26AUG24350CE
2026-08-19 11:00:39,401 - INFO - Retrieved live premium from Fyers API: LTP=171.65 for NSE:BANKNIFTY26AUG57700CE
2026-08-19 11:00:58,611 - INFO - 📊 Saved 22 snapshots for NSE:NIFTYBANK-INDEX  (oi range: 11,220–1,291,290)
2026-08-19 11:00:59,703 - INFO - 📡 Fetching NSE:NIFTY50-INDEX @ 24053  expiry=26AUG  strikes=ATM±5
2026-08-19 11:01:05,511 - INFO - ⏱️ [Real-time Exit Loop] Checking open positions @ 11:01:05...
2026-08-19 11:01:06,776 - INFO - 📊 EXECUTION AUDIT [CF_SL_MODIFIED]: trade_id=None, candidate_id=cand_NSE_NIFTY50_INDEX_BREAKOUT_24042.90_20260819_105500_Structural_v3.2_RVOL1.0, payload={'price': 24054.35, 'old_sl': 24062.057142857142, 'new_sl': 24060.85714285714, 'old_tp': None, 'new_tp': 24043.085714285713, 'reason': 'TRAILING_SL'}
2026-08-19 11:01:06,860 - INFO - 🟡 UPDATE (TRAILING_SL) [CFStructural_v3.2_RVOL1.0|uctural_v3.2_RVOL1.0]: NSE:NIFTY50-INDEX @ 24054.35 | SL→24060.86 TP→24043.09
2026-08-19 11:01:06,860 - INFO - 📊 EXECUTION AUDIT [CF_SL_MODIFIED]: trade_id=None, candidate_id=cand_NSE_NIFTY50_INDEX_BREAKOUT_24042.90_20260819_105500_Structural_v3.2_RVOL0.8, payload={'price': 24054.35, 'old_sl': 24062.057142857142, 'new_sl': 24060.85714285714, 'old_tp': None, 'new_tp': 24043.085714285713, 'reason': 'TRAILING_SL'}
2026-08-19 11:01:06,910 - INFO - 🟡 UPDATE (TRAILING_SL) [CFStructural_v3.2_RVOL0.8|uctural_v3.2_RVOL0.8]: NSE:NIFTY50-INDEX @ 24054.35 | SL→24060.86 TP→24043.09
2026-08-19 11:01:07,632 - INFO - Retrieved live premium from Fyers API: LTP=171.25 for NSE:BANKNIFTY26AUG57700CE
2026-08-19 11:01:08,650 - INFO - Retrieved live premium from Fyers API: LTP=39.7 for NSE:NIFTY26AUG24350CE
2026-08-19 11:01:09,653 - INFO - Retrieved live premium from Fyers API: LTP=171.25 for NSE:BANKNIFTY26AUG57700CE
2026-08-19 11:01:29,517 - INFO - 📊 Saved 22 snapshots for NSE:NIFTY50-INDEX  (oi range: 170,755–14,796,795)
2026-08-19 11:01:30,610 - INFO - 📡 Fetching NSE:NIFTYBANK-INDEX @ 57071  expiry=26AUG  strikes=ATM±5
2026-08-19 11:01:35,762 - INFO - ⏱️ [Real-time Exit Loop] Checking open positions @ 11:01:35...
2026-08-19 11:01:37,859 - INFO - Retrieved live premium from Fyers API: LTP=172.8 for NSE:BANKNIFTY26AUG57700CE
2026-08-19 11:01:39,061 - INFO - Retrieved live premium from Fyers API: LTP=39.8 for NSE:NIFTY26AUG24350CE
2026-08-19 11:01:39,884 - INFO - Retrieved live premium from Fyers API: LTP=172.8 for NSE:BANKNIFTY26AUG57700CE
2026-08-19 11:02:01,992 - INFO - 📊 Saved 22 snapshots for NSE:NIFTYBANK-INDEX  (oi range: 11,430–1,291,860)
2026-08-19 11:02:03,093 - INFO - 📡 Fetching NSE:NIFTY50-INDEX @ 24056  expiry=26AUG  strikes=ATM±5
2026-08-19 11:02:05,021 - INFO - ⏱️ [Real-time Exit Loop] Checking open positions @ 11:02:05...
2026-08-19 11:02:07,419 - INFO - Retrieved live premium from Fyers API: LTP=169.9 for NSE:BANKNIFTY26AUG57700CE
2026-08-19 11:02:08,315 - INFO - Retrieved live premium from Fyers API: LTP=39.4 for NSE:NIFTY26AUG24350CE
2026-08-19 11:02:09,314 - INFO - Retrieved live premium from Fyers API: LTP=169.0 for NSE:BANKNIFTY26AUG57700CE
2026-08-19 11:02:34,094 - INFO - 📊 Saved 22 snapshots for NSE:NIFTY50-INDEX  (oi range: 170,625–14,802,840)
2026-08-19 11:02:35,190 - INFO - 📡 Fetching NSE:NIFTYBANK-INDEX @ 57067  expiry=26AUG  strikes=ATM±5
2026-08-19 11:02:35,445 - INFO - ⏱️ [Real-time Exit Loop] Checking open positions @ 11:02:35...
2026-08-19 11:02:36,533 - INFO - 📊 EXECUTION AUDIT [CF_SL_MODIFIED]: trade_id=None, candidate_id=cand_NSE_NIFTY50_INDEX_BREAKOUT_24042.90_20260819_105500_Structural_v3.2_RVOL1.0, payload={'price': 24050.25, 'old_sl': 24060.85714285714, 'new_sl': 24056.757142857143, 'old_tp': None, 'new_tp': 24043.085714285713, 'reason': 'TRAILING_SL'}
2026-08-19 11:02:36,612 - INFO - 🟡 UPDATE (TRAILING_SL) [CFStructural_v3.2_RVOL1.0|uctural_v3.2_RVOL1.0]: NSE:NIFTY50-INDEX @ 24050.25 | SL→24056.76 TP→24043.09
2026-08-19 11:02:36,613 - INFO - 📊 EXECUTION AUDIT [CF_SL_MODIFIED]: trade_id=None, candidate_id=cand_NSE_NIFTY50_INDEX_BREAKOUT_24042.90_20260819_105500_Structural_v3.2_RVOL0.8, payload={'price': 24050.25, 'old_sl': 24060.85714285714, 'new_sl': 24056.757142857143, 'old_tp': None, 'new_tp': 24043.085714285713, 'reason': 'TRAILING_SL'}
2026-08-19 11:02:36,658 - INFO - 🟡 UPDATE (TRAILING_SL) [CFStructural_v3.2_RVOL0.8|uctural_v3.2_RVOL0.8]: NSE:NIFTY50-INDEX @ 24050.25 | SL→24056.76 TP→24043.09
2026-08-19 11:02:37,541 - INFO - Retrieved live premium from Fyers API: LTP=167.6 for NSE:BANKNIFTY26AUG57700CE
2026-08-19 11:02:38,554 - INFO - Retrieved live premium from Fyers API: LTP=38.45 for NSE:NIFTY26AUG24350CE
2026-08-19 11:02:39,568 - INFO - Retrieved live premium from Fyers API: LTP=168.85 for NSE:BANKNIFTY26AUG57700CE
2026-08-19 11:03:04,999 - INFO - 📊 Saved 22 snapshots for NSE:NIFTYBANK-INDEX  (oi range: 11,430–1,300,410)
2026-08-19 11:03:05,700 - INFO - ⏱️ [Real-time Exit Loop] Checking open positions @ 11:03:05...
2026-08-19 11:03:06,096 - INFO - 📡 Fetching NSE:NIFTY50-INDEX @ 24049  expiry=26AUG  strikes=ATM±5
2026-08-19 11:03:06,992 - INFO - 📊 EXECUTION AUDIT [CF_SL_MODIFIED]: trade_id=None, candidate_id=cand_NSE_NIFTY50_INDEX_BREAKOUT_24042.90_20260819_105500_Structural_v3.2_RVOL1.0, payload={'price': 24049.4, 'old_sl': 24056.757142857143, 'new_sl': 24055.907142857144, 'old_tp': None, 'new_tp': 24043.085714285713, 'reason': 'TRAILING_SL'}
2026-08-19 11:03:07,070 - INFO - 🟡 UPDATE (TRAILING_SL) [CFStructural_v3.2_RVOL1.0|uctural_v3.2_RVOL1.0]: NSE:NIFTY50-INDEX @ 24049.40 | SL→24055.91 TP→24043.09
2026-08-19 11:03:07,070 - INFO - 📊 EXECUTION AUDIT [CF_SL_MODIFIED]: trade_id=None, candidate_id=cand_NSE_NIFTY50_INDEX_BREAKOUT_24042.90_20260819_105500_Structural_v3.2_RVOL0.8, payload={'price': 24049.4, 'old_sl': 24056.757142857143, 'new_sl': 24055.907142857144, 'old_tp': None, 'new_tp': 24043.085714285713, 'reason': 'TRAILING_SL'}
2026-08-19 11:03:07,114 - INFO - 🟡 UPDATE (TRAILING_SL) [CFStructural_v3.2_RVOL0.8|uctural_v3.2_RVOL0.8]: NSE:NIFTY50-INDEX @ 24049.40 | SL→24055.91 TP→24043.09
2026-08-19 11:03:07,815 - INFO - Retrieved live premium from Fyers API: LTP=168.6 for NSE:BANKNIFTY26AUG57700CE
2026-08-19 11:03:08,814 - INFO - Retrieved live premium from Fyers API: LTP=38.5 for NSE:NIFTY26AUG24350CE
2026-08-19 11:03:09,820 - INFO - Retrieved live premium from Fyers API: LTP=168.6 for NSE:BANKNIFTY26AUG57700CE
2026-08-19 11:03:35,915 - INFO - ⏱️ [Real-time Exit Loop] Checking open positions @ 11:03:35...
2026-08-19 11:03:36,270 - INFO - 📊 Saved 22 snapshots for NSE:NIFTY50-INDEX  (oi range: 172,055–14,702,675)
2026-08-19 11:03:37,016 - INFO - 📊 EXECUTION AUDIT [CF_SL_MODIFIED]: trade_id=None, candidate_id=cand_NSE_NIFTYBANK_INDEX_EMAPULL_57145.45_20260819_102435_EMA_Pullback_20_50_RVOL0.5, payload={'price': 57054.4, 'old_sl': 57188.592000000004, 'new_sl': 57185.692, 'old_tp': None, 'new_tp': 56882.865999999995, 'reason': 'TRAILING_SL'}
2026-08-19 11:03:37,079 - INFO - 🟡 UPDATE (TRAILING_SL) [CFEMA_Pullback_20_50_RVOL0.5|llback_20_50_RVOL0.5]: NSE:NIFTYBANK-INDEX @ 57054.40 | SL→57185.69 TP→56882.87
2026-08-19 11:03:37,079 - INFO - 📊 EXECUTION AUDIT [CF_SL_MODIFIED]: trade_id=None, candidate_id=cand_NSE_NIFTYBANK_INDEX_LIQUIDITY_SWEEP_57145.45_20260819_102435_OrderFlow_v1.0, payload={'price': 57054.4, 'old_sl': 57114.05150000001, 'new_sl': 57111.15150000001, 'old_tp': None, 'new_tp': 57007.946999999986, 'reason': 'TRAILING_SL'}
2026-08-19 11:03:37,117 - INFO - 🟡 UPDATE (TRAILING_SL) [CFOrderFlow_v1.0|02435_OrderFlow_v1.0]: NSE:NIFTYBANK-INDEX @ 57054.40 | SL→57111.15 TP→57007.95
2026-08-19 11:03:37,117 - INFO - 📊 EXECUTION AUDIT [CF_EXITED]: trade_id=None, candidate_id=cand_NSE_NIFTYBANK_INDEX_CONFLUENCE_BOUNCE_57079.55_202608191055_Geometry_v1.0_Score35, payload={'exit_price': 57054.4, 'exit_reason': 'TRAILING_SL', 'pnl_r': -0.025906735751295335, 'duration_minutes': 8.510938466666667, 'bars_held': 1}
2026-08-19 11:03:37,149 - INFO - 🔴 EXIT (TRAILING_SL) [CFGeometry_v1.0_Score35|eometry_v1.0_Score35]: NSE:NIFTYBANK-INDEX @ 57054.40 | PnL -0.03R | MFE 0.36R | Capture -7% | 1bars HoldEff -0.026R/bar
2026-08-19 11:03:37,149 - INFO - 📊 EXECUTION AUDIT [CF_EXITED]: trade_id=None, candidate_id=cand_NSE_NIFTYBANK_INDEX_TRENDLINE_RETEST_57079.55_202608191055_Geometry_v1.0_Score35, payload={'exit_price': 57054.4, 'exit_reason': 'TRAILING_SL', 'pnl_r': -0.025906735751295335, 'duration_minutes': 8.510938466666667, 'bars_held': 1}
2026-08-19 11:03:37,179 - INFO - 🔴 EXIT (TRAILING_SL) [CFGeometry_v1.0_Score35|eometry_v1.0_Score35]: NSE:NIFTYBANK-INDEX @ 57054.40 | PnL -0.03R | MFE 0.30R | Capture -9% | 1bars HoldEff -0.026R/bar
2026-08-19 11:03:37,179 - INFO - 📊 EXECUTION AUDIT [CF_EXITED]: trade_id=None, candidate_id=cand_NSE_NIFTYBANK_INDEX_TRENDLINE_RETEST_57079.55_202608191055_Geometry_v1.0_Score50, payload={'exit_price': 57054.4, 'exit_reason': 'TRAILING_SL', 'pnl_r': -0.025906735751295335, 'duration_minutes': 8.510938466666667, 'bars_held': 1}
2026-08-19 11:03:37,215 - INFO - 🔴 EXIT (TRAILING_SL) [CFGeometry_v1.0_Score50|eometry_v1.0_Score50]: NSE:NIFTYBANK-INDEX @ 57054.40 | PnL -0.03R | MFE 0.30R | Capture -9% | 1bars HoldEff -0.026R/bar
2026-08-19 11:03:37,215 - INFO - 📊 EXECUTION AUDIT [CF_SL_MODIFIED]: trade_id=None, candidate_id=cand_NSE_NIFTY50_INDEX_BREAKOUT_24042.90_20260819_105500_Structural_v3.2_RVOL1.0, payload={'price': 24048.85, 'old_sl': 24055.907142857144, 'new_sl': 24055.35714285714, 'old_tp': None, 'new_tp': 24043.085714285713, 'reason': 'TRAILING_SL'}
2026-08-19 11:03:37,253 - INFO - 🟡 UPDATE (TRAILING_SL) [CFStructural_v3.2_RVOL1.0|uctural_v3.2_RVOL1.0]: NSE:NIFTY50-INDEX @ 24048.85 | SL→24055.36 TP→24043.09
2026-08-19 11:03:37,253 - INFO - 📊 EXECUTION AUDIT [CF_SL_MODIFIED]: trade_id=None, candidate_id=cand_NSE_NIFTY50_INDEX_BREAKOUT_24042.90_20260819_105500_Structural_v3.2_RVOL0.8, payload={'price': 24048.85, 'old_sl': 24055.907142857144, 'new_sl': 24055.35714285714, 'old_tp': None, 'new_tp': 24043.085714285713, 'reason': 'TRAILING_SL'}
2026-08-19 11:03:37,292 - INFO - 🟡 UPDATE (TRAILING_SL) [CFStructural_v3.2_RVOL0.8|uctural_v3.2_RVOL0.8]: NSE:NIFTY50-INDEX @ 24048.85 | SL→24055.36 TP→24043.09
2026-08-19 11:03:37,383 - INFO - 📡 Fetching NSE:NIFTYBANK-INDEX @ 57056  expiry=26AUG  strikes=ATM±5
2026-08-19 11:03:38,006 - INFO - Retrieved live premium from Fyers API: LTP=165.9 for NSE:BANKNIFTY26AUG57700CE
2026-08-19 11:03:39,032 - INFO - Retrieved live premium from Fyers API: LTP=38.55 for NSE:NIFTY26AUG24350CE
2026-08-19 11:03:40,034 - INFO - Retrieved live premium from Fyers API: LTP=165.9 for NSE:BANKNIFTY26AUG57700CE
2026-08-19 11:04:05,172 - INFO - ⏱️ [Real-time Exit Loop] Checking open positions @ 11:04:05...
2026-08-19 11:04:06,458 - INFO - 📊 EXECUTION AUDIT [CF_SL_MODIFIED]: trade_id=None, candidate_id=cand_NSE_NIFTY50_INDEX_BREAKOUT_24042.90_20260819_105500_Structural_v3.2_RVOL1.0, payload={'price': 24047.35, 'old_sl': 24055.35714285714, 'new_sl': 24053.85714285714, 'old_tp': None, 'new_tp': 24043.085714285713, 'reason': 'TRAILING_SL'}
2026-08-19 11:04:06,541 - INFO - 🟡 UPDATE (TRAILING_SL) [CFStructural_v3.2_RVOL1.0|uctural_v3.2_RVOL1.0]: NSE:NIFTY50-INDEX @ 24047.35 | SL→24053.86 TP→24043.09
2026-08-19 11:04:06,542 - INFO - 📊 EXECUTION AUDIT [CF_SL_MODIFIED]: trade_id=None, candidate_id=cand_NSE_NIFTY50_INDEX_BREAKOUT_24042.90_20260819_105500_Structural_v3.2_RVOL0.8, payload={'price': 24047.35, 'old_sl': 24055.35714285714, 'new_sl': 24053.85714285714, 'old_tp': None, 'new_tp': 24043.085714285713, 'reason': 'TRAILING_SL'}
2026-08-19 11:04:06,594 - INFO - 🟡 UPDATE (TRAILING_SL) [CFStructural_v3.2_RVOL0.8|uctural_v3.2_RVOL0.8]: NSE:NIFTY50-INDEX @ 24047.35 | SL→24053.86 TP→24043.09
2026-08-19 11:04:07,114 - INFO - 📊 Saved 22 snapshots for NSE:NIFTYBANK-INDEX  (oi range: 11,340–1,302,840)
2026-08-19 11:04:07,280 - INFO - Retrieved live premium from Fyers API: LTP=168.4 for NSE:BANKNIFTY26AUG57700CE
2026-08-19 11:04:08,221 - INFO - 📡 Fetching NSE:NIFTY50-INDEX @ 24048  expiry=26AUG  strikes=ATM±5
2026-08-19 11:04:08,279 - INFO - Retrieved live premium from Fyers API: LTP=38.75 for NSE:NIFTY26AUG24350CE
2026-08-19 11:04:09,469 - INFO - Retrieved live premium from Fyers API: LTP=168.15 for NSE:BANKNIFTY26AUG57700CE
2026-08-19 11:04:35,597 - INFO - ⏱️ [Real-time Exit Loop] Checking open positions @ 11:04:35...
2026-08-19 11:04:36,694 - INFO - 📊 EXECUTION AUDIT [CF_SL_MODIFIED]: trade_id=None, candidate_id=cand_NSE_NIFTY50_INDEX_BREAKOUT_24042.90_20260819_105500_Structural_v3.2_RVOL1.0, payload={'price': 24046.05, 'old_sl': 24053.85714285714, 'new_sl': 24052.557142857142, 'old_tp': None, 'new_tp': 24043.085714285713, 'reason': 'TRAILING_SL'}
2026-08-19 11:04:36,756 - INFO - 🟡 UPDATE (TRAILING_SL) [CFStructural_v3.2_RVOL1.0|uctural_v3.2_RVOL1.0]: NSE:NIFTY50-INDEX @ 24046.05 | SL→24052.56 TP→24043.09
2026-08-19 11:04:36,757 - INFO - 📊 EXECUTION AUDIT [CF_SL_MODIFIED]: trade_id=None, candidate_id=cand_NSE_NIFTY50_INDEX_BREAKOUT_24042.90_20260819_105500_Structural_v3.2_RVOL0.8, payload={'price': 24046.05, 'old_sl': 24053.85714285714, 'new_sl': 24052.557142857142, 'old_tp': None, 'new_tp': 24043.085714285713, 'reason': 'TRAILING_SL'}
2026-08-19 11:04:36,795 - INFO - 🟡 UPDATE (TRAILING_SL) [CFStructural_v3.2_RVOL0.8|uctural_v3.2_RVOL0.8]: NSE:NIFTY50-INDEX @ 24046.05 | SL→24052.56 TP→24043.09
2026-08-19 11:04:37,713 - INFO - Retrieved live premium from Fyers API: LTP=170.3 for NSE:BANKNIFTY26AUG57700CE
2026-08-19 11:04:37,822 - INFO - 📊 Saved 22 snapshots for NSE:NIFTY50-INDEX  (oi range: 171,795–14,725,685)
2026-08-19 11:04:38,883 - INFO - Retrieved live premium from Fyers API: LTP=38.75 for NSE:NIFTY26AUG24350CE
2026-08-19 11:04:38,930 - INFO - 📡 Fetching NSE:NIFTYBANK-INDEX @ 57062  expiry=26AUG  strikes=ATM±5
2026-08-19 11:04:39,723 - INFO - Retrieved live premium from Fyers API: LTP=170.3 for NSE:BANKNIFTY26AUG57700CE
2026-08-19 11:05:05,854 - INFO - 🔔 [New Candle Closed] Running entry pipeline for candle 11:05 at 11:05:05...
2026-08-19 11:05:05,855 - INFO - --- 11:05:05 Market Pulse ---
2026-08-19 11:05:08,459 - INFO - 📊 Saved 22 snapshots for NSE:NIFTYBANK-INDEX  (oi range: 11,340–1,302,060)
2026-08-19 11:05:09,562 - INFO - 📡 Fetching NSE:NIFTY50-INDEX @ 24047  expiry=26AUG  strikes=ATM±5
2026-08-19 11:05:13,000 - INFO - 📊 EXECUTION AUDIT [CF_EXITED]: trade_id=None, candidate_id=cand_NSE_NIFTY50_INDEX_BREAKOUT_24042.90_20260819_105500_Structural_v3.2_RVOL1.0, payload={'exit_price': 24058.95, 'exit_reason': 'TRAILING_SL', 'pnl_r': 0.05558524853019778, 'duration_minutes': 5.004371633333333, 'bars_held': 1}
2026-08-19 11:05:13,075 - INFO - 🔴 EXIT (TRAILING_SL) [CFStructural_v3.2_RVOL1.0|uctural_v3.2_RVOL1.0]: NSE:NIFTY50-INDEX @ 24058.95 | PnL +0.06R | MFE 1.54R | Capture 4% | 1bars HoldEff +0.056R/bar
2026-08-19 11:05:13,076 - INFO - 📊 EXECUTION AUDIT [CF_EXITED]: trade_id=None, candidate_id=cand_NSE_NIFTY50_INDEX_BREAKOUT_24042.90_20260819_105500_Structural_v3.2_RVOL0.8, payload={'exit_price': 24058.95, 'exit_reason': 'TRAILING_SL', 'pnl_r': 0.05558524853019778, 'duration_minutes': 5.004371633333333, 'bars_held': 1}
2026-08-19 11:05:13,125 - INFO - 🔴 EXIT (TRAILING_SL) [CFStructural_v3.2_RVOL0.8|uctural_v3.2_RVOL0.8]: NSE:NIFTY50-INDEX @ 24058.95 | PnL +0.06R | MFE 1.54R | Capture 4% | 1bars HoldEff +0.056R/bar
2026-08-19 11:05:14,016 - INFO - Retrieved live premium from Fyers API: LTP=170.05 for NSE:BANKNIFTY26AUG57700CE
2026-08-19 11:05:15,017 - INFO - Retrieved live premium from Fyers API: LTP=38.65 for NSE:NIFTY26AUG24350CE
2026-08-19 11:05:16,010 - INFO - Retrieved live premium from Fyers API: LTP=170.05 for NSE:BANKNIFTY26AUG57700CE
2026-08-19 11:05:18,118 - INFO - Resolved active expiry from DB: 26AUG (2026-08-25)
2026-08-19 11:05:18,118 - INFO - 👻 [Structural_v3.2_RVOL1.0] CF BREAKOUT NSE:NIFTY50-INDEX BUY PUT | Rejected: ['BIAS_MISMATCH', 'LOW_EFFICIENCY', 'NO_TARGET_ZONE']
2026-08-19 11:05:18,118 - INFO - 📊 EXECUTION AUDIT [SIGNAL_GENERATED]: trade_id=None, candidate_id=cand_NSE_NIFTY50_INDEX_BREAKOUT_24042.90_20260819_110000_Structural_v3.2_RVOL1.0, payload={'symbol': 'NSE:NIFTY50-INDEX', 'signal': 'BUY PUT', 'strategy': 'BREAKOUT', 'price': 24047.95, 'stop_loss': 24054.432142857142, 'take_profit': 24034.985714285718, 'tp1': 24038.226785714287, 'rr_ratio': 2.0, 'timestamp': '2026-08-19T11:00:00+05:30', 'accepted': False, 'rejection_reasons': ['BIAS_MISMATCH', 'LOW_EFFICIENCY', 'NO_TARGET_ZONE'], 'features': {'date': '2026-08-19', 'strategy_name': 'Structural_v3', 'strategy_version': 'v3.2', 'feature_version': 'v1.1', 'market_regime': 'STRONG_TREND_DOWN_NORMAL', 'day_type': 'NORMAL_DAY', 'session_type': 'MID', 'daily_bias': 'NEUTRAL', 'hourly_bias': 'NEUTRAL', 'trend_strength': 0.0, 'rvol': 3.06, 'rvol_threshold': 1.0, 'atr': 12.96, 'distance_from_supply': 9999.0, 'distance_from_demand': 9999.0, 'nearest_supply_strength': 0.0, 'nearest_demand_strength': 0.0, 'distance_to_liquidity_pool': 9999.0, 'liquidity_score': 30.6, 'indicator_snapshot': {'rvol_tod': 3.06, 'is_compressed': True, 'bos_count': 0}, 'move_efficiency': 0.4554, 'wickiness': 0.4847, 'fft_score': 0.0, 'setup_type': 'BREAKOUT', 'candidate_id': 'cand_NSE_NIFTY50_INDEX_BREAKOUT_24042.90_20260819_110000', 'ema20': 24081.97, 'ema50': 24128.85, 'move_efficiency_h1': 0.5812, 'ema_bullish': False, 'rsi14': 19.64, 'rsi2': 0.0, 'distance_to_vwap': -0.0017, 'atr_percentile': 0.6256, 'dist_prev_high': -0.0091, 'dist_prev_low': -0.0044, 'adx': 45.3, 'adx_slope': 1.6127, 'gap_pct': -0.0001, 'regime_primary': 'STRONG_TREND_DOWN', 'regime_vol_state': 'NORMAL'}, 'candidate_id': 'cand_NSE_NIFTY50_INDEX_BREAKOUT_24042.90_20260819_110000_Structural_v3.2_RVOL1.0', 'experiment_name': 'Structural_v3.2_RVOL1.0', 'strategy_id': 'structural', 'version': 'v3.2'}
2026-08-19 11:05:18,138 - INFO - Resolved active expiry from DB: 26AUG (2026-08-25)
2026-08-19 11:05:18,149 - INFO - Resolved index signal into option contract: OptionContract(symbol='NSE:NIFTY26AUG24050PE', strike=24050.0, expiry='26AUG', option_type='PE', premium=98.25, delta=0.5, bid=98.35, ask=98.6, volume=47027240, resolved_at=datetime.datetime(2026, 8, 19, 11, 5, 18, 149353))
2026-08-19 11:05:18,149 - INFO - ⚡ Option strike selection resolved index signal to contract NSE:NIFTY26AUG24050PE @ premium 98.25 (type: PE, strike: 24050.0)
2026-08-19 11:05:18,149 - INFO - 📊 EXECUTION AUDIT [STRIKE_SELECTED]: trade_id=None, candidate_id=cand_NSE_NIFTY50_INDEX_BREAKOUT_24042.90_20260819_110000_Structural_v3.2_RVOL1.0, payload={'symbol': 'NSE:NIFTY26AUG24050PE', 'strike': 24050.0, 'expiry': '26AUG', 'type': 'PE'}
2026-08-19 11:05:18,160 - INFO - 📊 EXECUTION AUDIT [PREMIUM_RETRIEVED]: trade_id=None, candidate_id=cand_NSE_NIFTY50_INDEX_BREAKOUT_24042.90_20260819_110000_Structural_v3.2_RVOL1.0, payload={'premium': 98.25, 'bid': 98.35, 'ask': 98.6}
2026-08-19 11:05:18,170 - INFO - 📊 EXECUTION AUDIT [CF_SUBMITTED]: trade_id=None, candidate_id=cand_NSE_NIFTY50_INDEX_BREAKOUT_24042.90_20260819_110000_Structural_v3.2_RVOL1.0, payload={'price': 24047.95, 'sl': 24054.432142857142, 'tp': 24034.985714285718}
2026-08-19 11:05:18,181 - INFO - 📊 EXECUTION AUDIT [CF_FILLED]: trade_id=None, candidate_id=cand_NSE_NIFTY50_INDEX_BREAKOUT_24042.90_20260819_110000_Structural_v3.2_RVOL1.0, payload={'price': 24047.95, 'sl': 24054.432142857142, 'tp': 24034.985714285718}
2026-08-19 11:05:18,192 - INFO - 💰 Position size [BREAKOUT|STRONG_TREND_DOWN_NORMAL|conf=70]: frac=0.006 → ₹5,000 (risk/unit=0.03%)
2026-08-19 11:05:18,215 - INFO - 🟢 ENTRY [CF|Structural_v3.2_RVOL1.0|uctural_v3.2_RVOL1.0]: NSE:NIFTY50-INDEX BUY PUT @ 24047.95 | SL: 24054.43 TP: 24034.99
2026-08-19 11:05:18,216 - INFO - 👻 [Structural_v3.2_RVOL0.8] CF BREAKOUT NSE:NIFTY50-INDEX BUY PUT | Rejected: ['BIAS_MISMATCH', 'LOW_EFFICIENCY', 'NO_TARGET_ZONE']
2026-08-19 11:05:18,216 - INFO - 📊 EXECUTION AUDIT [SIGNAL_GENERATED]: trade_id=None, candidate_id=cand_NSE_NIFTY50_INDEX_BREAKOUT_24042.90_20260819_110000_Structural_v3.2_RVOL0.8, payload={'symbol': 'NSE:NIFTY50-INDEX', 'signal': 'BUY PUT', 'strategy': 'BREAKOUT', 'price': 24047.95, 'stop_loss': 24054.432142857142, 'take_profit': 24034.985714285718, 'tp1': 24038.226785714287, 'rr_ratio': 2.0, 'timestamp': '2026-08-19T11:00:00+05:30', 'accepted': False, 'rejection_reasons': ['BIAS_MISMATCH', 'LOW_EFFICIENCY', 'NO_TARGET_ZONE'], 'features': {'date': '2026-08-19', 'strategy_name': 'Structural_v3', 'strategy_version': 'v3.2', 'feature_version': 'v1.1', 'market_regime': 'STRONG_TREND_DOWN_NORMAL', 'day_type': 'NORMAL_DAY', 'session_type': 'MID', 'daily_bias': 'NEUTRAL', 'hourly_bias': 'NEUTRAL', 'trend_strength': 0.0, 'rvol': 3.06, 'rvol_threshold': 0.8, 'atr': 12.96, 'distance_from_supply': 9999.0, 'distance_from_demand': 9999.0, 'nearest_supply_strength': 0.0, 'nearest_demand_strength': 0.0, 'distance_to_liquidity_pool': 9999.0, 'liquidity_score': 30.6, 'indicator_snapshot': {'rvol_tod': 3.06, 'is_compressed': True, 'bos_count': 0}, 'move_efficiency': 0.4554, 'wickiness': 0.4847, 'fft_score': 0.0, 'setup_type': 'BREAKOUT', 'candidate_id': 'cand_NSE_NIFTY50_INDEX_BREAKOUT_24042.90_20260819_110000', 'ema20': 24081.97, 'ema50': 24128.85, 'move_efficiency_h1': 0.5812, 'ema_bullish': False, 'rsi14': 19.64, 'rsi2': 0.0, 'distance_to_vwap': -0.0017, 'atr_percentile': 0.6256, 'dist_prev_high': -0.0091, 'dist_prev_low': -0.0044, 'adx': 45.3, 'adx_slope': 1.6127, 'gap_pct': -0.0001, 'regime_primary': 'STRONG_TREND_DOWN', 'regime_vol_state': 'NORMAL'}, 'candidate_id': 'cand_NSE_NIFTY50_INDEX_BREAKOUT_24042.90_20260819_110000_Structural_v3.2_RVOL0.8', 'experiment_name': 'Structural_v3.2_RVOL0.8', 'strategy_id': 'structural', 'version': 'v3.2'}
2026-08-19 11:05:18,241 - INFO - Resolved active expiry from DB: 26AUG (2026-08-25)
2026-08-19 11:05:18,255 - INFO - Resolved index signal into option contract: OptionContract(symbol='NSE:NIFTY26AUG24050PE', strike=24050.0, expiry='26AUG', option_type='PE', premium=98.25, delta=0.5, bid=98.35, ask=98.6, volume=47027240, resolved_at=datetime.datetime(2026, 8, 19, 11, 5, 18, 255567))
2026-08-19 11:05:18,255 - INFO - ⚡ Option strike selection resolved index signal to contract NSE:NIFTY26AUG24050PE @ premium 98.25 (type: PE, strike: 24050.0)
2026-08-19 11:05:18,255 - INFO - 📊 EXECUTION AUDIT [STRIKE_SELECTED]: trade_id=None, candidate_id=cand_NSE_NIFTY50_INDEX_BREAKOUT_24042.90_20260819_110000_Structural_v3.2_RVOL0.8, payload={'symbol': 'NSE:NIFTY26AUG24050PE', 'strike': 24050.0, 'expiry': '26AUG', 'type': 'PE'}
2026-08-19 11:05:18,267 - INFO - 📊 EXECUTION AUDIT [PREMIUM_RETRIEVED]: trade_id=None, candidate_id=cand_NSE_NIFTY50_INDEX_BREAKOUT_24042.90_20260819_110000_Structural_v3.2_RVOL0.8, payload={'premium': 98.25, 'bid': 98.35, 'ask': 98.6}
2026-08-19 11:05:18,280 - INFO - 📊 EXECUTION AUDIT [CF_SUBMITTED]: trade_id=None, candidate_id=cand_NSE_NIFTY50_INDEX_BREAKOUT_24042.90_20260819_110000_Structural_v3.2_RVOL0.8, payload={'price': 24047.95, 'sl': 24054.432142857142, 'tp': 24034.985714285718}
2026-08-19 11:05:18,291 - INFO - 📊 EXECUTION AUDIT [CF_FILLED]: trade_id=None, candidate_id=cand_NSE_NIFTY50_INDEX_BREAKOUT_24042.90_20260819_110000_Structural_v3.2_RVOL0.8, payload={'price': 24047.95, 'sl': 24054.432142857142, 'tp': 24034.985714285718}
2026-08-19 11:05:18,305 - INFO - 💰 Position size [BREAKOUT|STRONG_TREND_DOWN_NORMAL|conf=70]: frac=0.006 → ₹5,000 (risk/unit=0.03%)
2026-08-19 11:05:18,331 - INFO - 🟢 ENTRY [CF|Structural_v3.2_RVOL0.8|uctural_v3.2_RVOL0.8]: NSE:NIFTY50-INDEX BUY PUT @ 24047.95 | SL: 24054.43 TP: 24034.99
2026-08-19 11:05:20,158 - INFO - Resolved active expiry from DB: 26AUG (2026-08-25)
2026-08-19 11:05:35,169 - INFO - ⏱️ [Real-time Exit Loop] Checking open positions @ 11:05:35...
2026-08-19 11:05:36,276 - INFO - 📊 EXECUTION AUDIT [CF_SL_MODIFIED]: trade_id=None, candidate_id=cand_NSE_NIFTY50_INDEX_BREAKOUT_24042.90_20260819_110000_Structural_v3.2_RVOL1.0, payload={'price': 24045.6, 'old_sl': 24054.432142857142, 'new_sl': 24052.08214285714, 'old_tp': None, 'new_tp': 24034.985714285718, 'reason': 'TRAILING_SL'}
2026-08-19 11:05:36,342 - INFO - 🟡 UPDATE (TRAILING_SL) [CFStructural_v3.2_RVOL1.0|uctural_v3.2_RVOL1.0]: NSE:NIFTY50-INDEX @ 24045.60 | SL→24052.08 TP→24034.99
2026-08-19 11:05:36,342 - INFO - 📊 EXECUTION AUDIT [CF_SL_MODIFIED]: trade_id=None, candidate_id=cand_NSE_NIFTY50_INDEX_BREAKOUT_24042.90_20260819_110000_Structural_v3.2_RVOL0.8, payload={'price': 24045.6, 'old_sl': 24054.432142857142, 'new_sl': 24052.08214285714, 'old_tp': None, 'new_tp': 24034.985714285718, 'reason': 'TRAILING_SL'}
2026-08-19 11:05:36,384 - INFO - 🟡 UPDATE (TRAILING_SL) [CFStructural_v3.2_RVOL0.8|uctural_v3.2_RVOL0.8]: NSE:NIFTY50-INDEX @ 24045.60 | SL→24052.08 TP→24034.99
2026-08-19 11:05:37,288 - INFO - Retrieved live premium from Fyers API: LTP=170.65 for NSE:BANKNIFTY26AUG57700CE
2026-08-19 11:05:38,298 - INFO - Retrieved live premium from Fyers API: LTP=38.45 for NSE:NIFTY26AUG24350CE
2026-08-19 11:05:39,304 - INFO - Retrieved live premium from Fyers API: LTP=170.65 for NSE:BANKNIFTY26AUG57700CE
2026-08-19 11:05:40,884 - INFO - 📊 Saved 22 snapshots for NSE:NIFTY50-INDEX  (oi range: 172,640–14,751,945)
2026-08-19 11:05:41,976 - INFO - 📡 Fetching NSE:NIFTYBANK-INDEX @ 57071  expiry=26AUG  strikes=ATM±5
2026-08-19 11:06:05,436 - INFO - ⏱️ [Real-time Exit Loop] Checking open positions @ 11:06:05...
2026-08-19 11:06:06,537 - INFO - 📊 EXECUTION AUDIT [CF_SL_MODIFIED]: trade_id=None, candidate_id=cand_NSE_NIFTY50_INDEX_BREAKOUT_24042.90_20260819_110000_Structural_v3.2_RVOL1.0, payload={'price': 24044.8, 'old_sl': 24052.08214285714, 'new_sl': 24051.28214285714, 'old_tp': None, 'new_tp': 24034.985714285718, 'reason': 'TRAILING_SL'}
2026-08-19 11:06:06,601 - INFO - 🟡 UPDATE (TRAILING_SL) [CFStructural_v3.2_RVOL1.0|uctural_v3.2_RVOL1.0]: NSE:NIFTY50-INDEX @ 24044.80 | SL→24051.28 TP→24034.99
2026-08-19 11:06:06,601 - INFO - 📊 EXECUTION AUDIT [CF_SL_MODIFIED]: trade_id=None, candidate_id=cand_NSE_NIFTY50_INDEX_BREAKOUT_24042.90_20260819_110000_Structural_v3.2_RVOL0.8, payload={'price': 24044.8, 'old_sl': 24052.08214285714, 'new_sl': 24051.28214285714, 'old_tp': None, 'new_tp': 24034.985714285718, 'reason': 'TRAILING_SL'}
2026-08-19 11:06:06,639 - INFO - 🟡 UPDATE (TRAILING_SL) [CFStructural_v3.2_RVOL0.8|uctural_v3.2_RVOL0.8]: NSE:NIFTY50-INDEX @ 24044.80 | SL→24051.28 TP→24034.99
2026-08-19 11:06:07,543 - INFO - Retrieved live premium from Fyers API: LTP=168.15 for NSE:BANKNIFTY26AUG57700CE
2026-08-19 11:06:08,558 - INFO - Retrieved live premium from Fyers API: LTP=38.45 for NSE:NIFTY26AUG24350CE
2026-08-19 11:06:09,573 - INFO - Retrieved live premium from Fyers API: LTP=168.15 for NSE:BANKNIFTY26AUG57700CE
2026-08-19 11:06:11,948 - INFO - 📊 Saved 22 snapshots for NSE:NIFTYBANK-INDEX  (oi range: 11,340–1,303,200)
2026-08-19 11:06:13,075 - INFO - 📡 Fetching NSE:NIFTY50-INDEX @ 24046  expiry=26AUG  strikes=ATM±5
2026-08-19 11:06:35,714 - INFO - ⏱️ [Real-time Exit Loop] Checking open positions @ 11:06:35...
2026-08-19 11:06:37,831 - INFO - Retrieved live premium from Fyers API: LTP=167.6 for NSE:BANKNIFTY26AUG57700CE
2026-08-19 11:06:38,826 - INFO - Retrieved live premium from Fyers API: LTP=38.3 for NSE:NIFTY26AUG24350CE
2026-08-19 11:06:39,826 - INFO - Retrieved live premium from Fyers API: LTP=167.6 for NSE:BANKNIFTY26AUG57700CE
2026-08-19 11:06:44,048 - INFO - 📊 Saved 22 snapshots for NSE:NIFTY50-INDEX  (oi range: 173,095–14,787,240)
2026-08-19 11:06:45,162 - INFO - 📡 Fetching NSE:NIFTYBANK-INDEX @ 57066  expiry=26AUG  strikes=ATM±5
2026-08-19 11:07:05,972 - INFO - ⏱️ [Real-time Exit Loop] Checking open positions @ 11:07:05...
2026-08-19 11:07:08,088 - INFO - Retrieved live premium from Fyers API: LTP=168.6 for NSE:BANKNIFTY26AUG57700CE
2026-08-19 11:07:09,249 - INFO - Retrieved live premium from Fyers API: LTP=38.3 for NSE:NIFTY26AUG24350CE
2026-08-19 11:07:10,092 - INFO - Retrieved live premium from Fyers API: LTP=169.6 for NSE:BANKNIFTY26AUG57700CE
2026-08-19 11:07:14,675 - INFO - 📊 Saved 22 snapshots for NSE:NIFTYBANK-INDEX  (oi range: 11,340–1,304,250)
2026-08-19 11:07:15,785 - INFO - 📡 Fetching NSE:NIFTY50-INDEX @ 24043  expiry=26AUG  strikes=ATM±5
2026-08-19 11:07:35,226 - INFO - ⏱️ [Real-time Exit Loop] Checking open positions @ 11:07:35...
2026-08-19 11:07:36,323 - INFO - 📊 EXECUTION AUDIT [CF_SL_MODIFIED]: trade_id=None, candidate_id=cand_NSE_NIFTYBANK_INDEX_EMAPULL_57145.45_20260819_102435_EMA_Pullback_20_50_RVOL0.5, payload={'price': 57038.65, 'old_sl': 57185.692, 'new_sl': 57169.942, 'old_tp': None, 'new_tp': 56882.865999999995, 'reason': 'TRAILING_SL'}
2026-08-19 11:07:36,392 - INFO - 🟡 UPDATE (TRAILING_SL) [CFEMA_Pullback_20_50_RVOL0.5|llback_20_50_RVOL0.5]: NSE:NIFTYBANK-INDEX @ 57038.65 | SL→57169.94 TP→56882.87
2026-08-19 11:07:36,392 - INFO - 📊 EXECUTION AUDIT [CF_SL_MODIFIED]: trade_id=None, candidate_id=cand_NSE_NIFTYBANK_INDEX_LIQUIDITY_SWEEP_57145.45_20260819_102435_OrderFlow_v1.0, payload={'price': 57038.65, 'old_sl': 57111.15150000001, 'new_sl': 57095.40150000001, 'old_tp': None, 'new_tp': 57007.946999999986, 'reason': 'TRAILING_SL'}
2026-08-19 11:07:36,432 - INFO - 🟡 UPDATE (TRAILING_SL) [CFOrderFlow_v1.0|02435_OrderFlow_v1.0]: NSE:NIFTYBANK-INDEX @ 57038.65 | SL→57095.40 TP→57007.95
2026-08-19 11:07:36,432 - INFO - 📊 EXECUTION AUDIT [CF_TP_EXPANDED]: trade_id=None, candidate_id=cand_NSE_NIFTY50_INDEX_BREAKOUT_24042.90_20260819_105500_Structural_v3.3_ExitMgmt, payload={'price': 24037.5, 'old_sl': 24062.60714285714, 'new_sl': 24044.007142857143, 'old_tp': 24043.085714285713, 'new_tp': 24036.57857142857, 'reason': 'TP_EXPANSION'}
2026-08-19 11:07:36,465 - INFO - 🟡 UPDATE (TP_EXPANSION) [CFStructural_v3.3_ExitMgmt|ctural_v3.3_ExitMgmt]: NSE:NIFTY50-INDEX @ 24037.50 | SL→24044.01 TP→24036.58
2026-08-19 11:07:36,466 - INFO - 📊 EXECUTION AUDIT [CF_SL_MODIFIED]: trade_id=None, candidate_id=cand_NSE_NIFTY50_INDEX_BREAKOUT_24042.90_20260819_110000_Structural_v3.2_RVOL1.0, payload={'price': 24037.5, 'old_sl': 24051.28214285714, 'new_sl': 24043.98214285714, 'old_tp': None, 'new_tp': 24034.985714285718, 'reason': 'TRAILING_SL'}
2026-08-19 11:07:36,497 - INFO - 🟡 UPDATE (TRAILING_SL) [CFStructural_v3.2_RVOL1.0|uctural_v3.2_RVOL1.0]: NSE:NIFTY50-INDEX @ 24037.50 | SL→24043.98 TP→24034.99
2026-08-19 11:07:36,497 - INFO - 📊 EXECUTION AUDIT [CF_SL_MODIFIED]: trade_id=None, candidate_id=cand_NSE_NIFTY50_INDEX_BREAKOUT_24042.90_20260819_110000_Structural_v3.2_RVOL0.8, payload={'price': 24037.5, 'old_sl': 24051.28214285714, 'new_sl': 24043.98214285714, 'old_tp': None, 'new_tp': 24034.985714285718, 'reason': 'TRAILING_SL'}
2026-08-19 11:07:36,534 - INFO - 🟡 UPDATE (TRAILING_SL) [CFStructural_v3.2_RVOL0.8|uctural_v3.2_RVOL0.8]: NSE:NIFTY50-INDEX @ 24037.50 | SL→24043.98 TP→24034.99
2026-08-19 11:07:37,347 - INFO - Retrieved live premium from Fyers API: LTP=160.9 for NSE:BANKNIFTY26AUG57700CE
2026-08-19 11:07:38,337 - INFO - Retrieved live premium from Fyers API: LTP=36.4 for NSE:NIFTY26AUG24350CE
2026-08-19 11:07:39,351 - INFO - Retrieved live premium from Fyers API: LTP=161.0 for NSE:BANKNIFTY26AUG57700CE
2026-08-19 11:07:46,015 - INFO - 📊 Saved 22 snapshots for NSE:NIFTY50-INDEX  (oi range: 174,980–14,832,285)
2026-08-19 11:07:47,116 - INFO - 📡 Fetching NSE:NIFTYBANK-INDEX @ 57028  expiry=26AUG  strikes=ATM±5
2026-08-19 11:08:05,487 - INFO - ⏱️ [Real-time Exit Loop] Checking open positions @ 11:08:05...
2026-08-19 11:08:06,586 - INFO - 📊 EXECUTION AUDIT [CF_TP_EXPANDED]: trade_id=None, candidate_id=cand_NSE_NIFTYBANK_INDEX_BREAKOUT_57001.75_20260819_101500_Structural_v3.3_ExitMgmt, payload={'price': 57023.9, 'old_sl': 57100.55535714285, 'new_sl': 57061.00535714286, 'old_tp': 57034.13392857143, 'new_tp': 56997.02857142857, 'reason': 'TP_EXPANSION'}
2026-08-19 11:08:06,649 - INFO - 🟡 UPDATE (TP_EXPANSION) [CFStructural_v3.3_ExitMgmt|ctural_v3.3_ExitMgmt]: NSE:NIFTYBANK-INDEX @ 57023.90 | SL→57061.01 TP→56997.03
2026-08-19 11:08:06,649 - INFO - 📊 EXECUTION AUDIT [CF_SL_MODIFIED]: trade_id=None, candidate_id=cand_NSE_NIFTYBANK_INDEX_EMAPULL_57145.45_20260819_102435_EMA_Pullback_20_50_RVOL0.5, payload={'price': 57023.9, 'old_sl': 57169.942, 'new_sl': 57155.192, 'old_tp': None, 'new_tp': 56882.865999999995, 'reason': 'TRAILING_SL'}
2026-08-19 11:08:06,689 - INFO - 🟡 UPDATE (TRAILING_SL) [CFEMA_Pullback_20_50_RVOL0.5|llback_20_50_RVOL0.5]: NSE:NIFTYBANK-INDEX @ 57023.90 | SL→57155.19 TP→56882.87
2026-08-19 11:08:06,689 - INFO - 📊 EXECUTION AUDIT [CF_SL_MODIFIED]: trade_id=None, candidate_id=cand_NSE_NIFTYBANK_INDEX_LIQUIDITY_SWEEP_57145.45_20260819_102435_OrderFlow_v1.0, payload={'price': 57023.9, 'old_sl': 57095.40150000001, 'new_sl': 57080.65150000001, 'old_tp': None, 'new_tp': 57007.946999999986, 'reason': 'TRAILING_SL'}
2026-08-19 11:08:06,722 - INFO - 🟡 UPDATE (TRAILING_SL) [CFOrderFlow_v1.0|02435_OrderFlow_v1.0]: NSE:NIFTYBANK-INDEX @ 57023.90 | SL→57080.65 TP→57007.95
2026-08-19 11:08:06,723 - INFO - 📊 EXECUTION AUDIT [CF_TP_EXPANDED]: trade_id=None, candidate_id=cand_NSE_NIFTY50_INDEX_BREAKOUT_24042.90_20260819_105500_Structural_v3.3_ExitMgmt, payload={'price': 24032.85, 'old_sl': 24044.007142857143, 'new_sl': 24039.35714285714, 'old_tp': 24036.57857142857, 'new_tp': 24030.071428571428, 'reason': 'TP_EXPANSION'}
2026-08-19 11:08:06,758 - INFO - 🟡 UPDATE (TP_EXPANSION) [CFStructural_v3.3_ExitMgmt|ctural_v3.3_ExitMgmt]: NSE:NIFTY50-INDEX @ 24032.85 | SL→24039.36 TP→24030.07
2026-08-19 11:08:06,758 - INFO - 📊 EXECUTION AUDIT [CF_TP_EXPANDED]: trade_id=None, candidate_id=cand_NSE_NIFTY50_INDEX_BREAKOUT_24042.90_20260819_110000_Structural_v3.2_RVOL1.0, payload={'price': 24032.85, 'old_sl': 24043.98214285714, 'new_sl': 24039.33214285714, 'old_tp': 24034.985714285718, 'new_tp': 24028.503571428577, 'reason': 'TP_EXPANSION'}
2026-08-19 11:08:06,795 - INFO - 🟡 UPDATE (TP_EXPANSION) [CFStructural_v3.2_RVOL1.0|uctural_v3.2_RVOL1.0]: NSE:NIFTY50-INDEX @ 24032.85 | SL→24039.33 TP→24028.50
2026-08-19 11:08:06,795 - INFO - 📊 EXECUTION AUDIT [CF_TP_EXPANDED]: trade_id=None, candidate_id=cand_NSE_NIFTY50_INDEX_BREAKOUT_24042.90_20260819_110000_Structural_v3.2_RVOL0.8, payload={'price': 24032.85, 'old_sl': 24043.98214285714, 'new_sl': 24039.33214285714, 'old_tp': 24034.985714285718, 'new_tp': 24028.503571428577, 'reason': 'TP_EXPANSION'}
2026-08-19 11:08:06,833 - INFO - 🟡 UPDATE (TP_EXPANSION) [CFStructural_v3.2_RVOL0.8|uctural_v3.2_RVOL0.8]: NSE:NIFTY50-INDEX @ 24032.85 | SL→24039.33 TP→24028.50
2026-08-19 11:08:07,595 - INFO - Retrieved live premium from Fyers API: LTP=159.85 for NSE:BANKNIFTY26AUG57700CE
2026-08-19 11:08:08,609 - INFO - Retrieved live premium from Fyers API: LTP=36.95 for NSE:NIFTY26AUG24350CE
2026-08-19 11:08:09,783 - INFO - Retrieved live premium from Fyers API: LTP=158.95 for NSE:BANKNIFTY26AUG57700CE
2026-08-19 11:08:17,400 - INFO - 📊 Saved 22 snapshots for NSE:NIFTYBANK-INDEX  (oi range: 11,370–1,308,930)
2026-08-19 11:08:18,656 - INFO - 📡 Fetching NSE:NIFTY50-INDEX @ 24032  expiry=26AUG  strikes=ATM±5
2026-08-19 11:08:35,920 - INFO - ⏱️ [Real-time Exit Loop] Checking open positions @ 11:08:35...
2026-08-19 11:08:38,022 - INFO - Retrieved live premium from Fyers API: LTP=164.0 for NSE:BANKNIFTY26AUG57700CE
2026-08-19 11:08:39,053 - INFO - Retrieved live premium from Fyers API: LTP=37.9 for NSE:NIFTY26AUG24350CE
2026-08-19 11:08:40,061 - INFO - Retrieved live premium from Fyers API: LTP=165.4 for NSE:BANKNIFTY26AUG57700CE
2026-08-19 11:08:48,276 - INFO - 📊 Saved 22 snapshots for NSE:NIFTY50-INDEX  (oi range: 178,750–14,724,840)
2026-08-19 11:08:49,385 - INFO - 📡 Fetching NSE:NIFTYBANK-INDEX @ 57044  expiry=26AUG  strikes=ATM±5
2026-08-19 11:09:05,184 - INFO - ⏱️ [Real-time Exit Loop] Checking open positions @ 11:09:05...
2026-08-19 11:09:07,290 - INFO - Retrieved live premium from Fyers API: LTP=196.65 for NSE:BANKNIFTY26AUG57600CE
2026-08-19 11:09:08,299 - INFO - Retrieved live premium from Fyers API: LTP=165.25 for NSE:BANKNIFTY26AUG57700CE
2026-08-19 11:09:09,301 - INFO - Retrieved live premium from Fyers API: LTP=37.85 for NSE:NIFTY26AUG24350CE
2026-08-19 11:09:10,307 - INFO - Retrieved live premium from Fyers API: LTP=196.65 for NSE:BANKNIFTY26AUG57600CE
2026-08-19 11:09:11,296 - INFO - Retrieved live premium from Fyers API: LTP=164.8 for NSE:BANKNIFTY26AUG57700CE
2026-08-19 11:09:12,321 - INFO - Retrieved live premium from Fyers API: LTP=196.65 for NSE:BANKNIFTY26AUG57600CE
2026-08-19 11:09:19,637 - INFO - 📊 Saved 22 snapshots for NSE:NIFTYBANK-INDEX  (oi range: 11,880–1,311,930)
2026-08-19 11:09:20,748 - INFO - 📡 Fetching NSE:NIFTY50-INDEX @ 24039  expiry=26AUG  strikes=ATM±5
2026-08-19 11:09:35,361 - INFO - ⏱️ [Real-time Exit Loop] Checking open positions @ 11:09:35...
2026-08-19 11:09:37,477 - INFO - Retrieved live premium from Fyers API: LTP=198.0 for NSE:BANKNIFTY26AUG57600CE
2026-08-19 11:09:38,473 - INFO - Retrieved live premium from Fyers API: LTP=167.75 for NSE:BANKNIFTY26AUG57700CE
2026-08-19 11:09:39,487 - INFO - Retrieved live premium from Fyers API: LTP=38.35 for NSE:NIFTY26AUG24350CE
2026-08-19 11:09:40,495 - INFO - Retrieved live premium from Fyers API: LTP=198.55 for NSE:BANKNIFTY26AUG57600CE
2026-08-19 11:09:41,492 - INFO - Retrieved live premium from Fyers API: LTP=167.45 for NSE:BANKNIFTY26AUG57700CE
2026-08-19 11:09:42,521 - INFO - Retrieved live premium from Fyers API: LTP=197.35 for NSE:BANKNIFTY26AUG57600CE
2026-08-19 11:09:50,451 - INFO - 📊 Saved 22 snapshots for NSE:NIFTY50-INDEX  (oi range: 184,080–14,542,905)
2026-08-19 11:09:51,549 - INFO - 📡 Fetching NSE:NIFTYBANK-INDEX @ 57040  expiry=26AUG  strikes=ATM±5
2026-08-19 11:10:05,568 - INFO - 🔔 [New Candle Closed] Running entry pipeline for candle 11:10 at 11:10:05...
2026-08-19 11:10:05,568 - INFO - --- 11:10:05 Market Pulse ---
2026-08-19 11:10:12,693 - INFO - 📊 EXECUTION AUDIT [CF_EXITED]: trade_id=None, candidate_id=cand_NSE_NIFTYBANK_INDEX_BREAKOUT_57001.75_20260819_101500_Structural_v3.3_ExitMgmt, payload={'exit_price': 57072.95, 'exit_reason': 'TRAILING_SL', 'pnl_r': 0.0446306429548564, 'duration_minutes': 45.49792195, 'bars_held': 10}
2026-08-19 11:10:12,769 - INFO - 🔴 EXIT (TRAILING_SL) [CFStructural_v3.3_ExitMgmt|ctural_v3.3_ExitMgmt]: NSE:NIFTYBANK-INDEX @ 57072.95 | PnL +0.04R | MFE 3.28R | Capture 1% | 10bars HoldEff +0.004R/bar
2026-08-19 11:10:12,769 - INFO - 📊 EXECUTION AUDIT [CF_EXITED]: trade_id=None, candidate_id=cand_NSE_NIFTYBANK_INDEX_LIQUIDITY_SWEEP_57145.45_20260819_102435_OrderFlow_v1.0, payload={'exit_price': 57080.65150000001, 'exit_reason': 'TRAILING_SL', 'pnl_r': 0.0446306429548564, 'duration_minutes': 45.49792195, 'bars_held': 10}
2026-08-19 11:10:12,808 - INFO - 🔴 EXIT (TRAILING_SL) [CFOrderFlow_v1.0|02435_OrderFlow_v1.0]: NSE:NIFTYBANK-INDEX @ 57080.65 | PnL +0.04R | MFE 2.14R | Capture 2% | 10bars HoldEff +0.004R/bar
2026-08-19 11:10:12,809 - INFO - 📊 EXECUTION AUDIT [CF_EXITED]: trade_id=None, candidate_id=cand_NSE_NIFTY50_INDEX_BREAKOUT_24042.90_20260819_105500_Structural_v3.3_ExitMgmt, payload={'exit_price': 24050.0, 'exit_reason': 'TRAILING_SL', 'pnl_r': 0.06306787814003213, 'duration_minutes': 9.9995952, 'bars_held': 2}
2026-08-19 11:10:12,844 - INFO - 🔴 EXIT (TRAILING_SL) [CFStructural_v3.3_ExitMgmt|ctural_v3.3_ExitMgmt]: NSE:NIFTY50-INDEX @ 24050.00 | PnL +0.06R | MFE 3.57R | Capture 2% | 2bars HoldEff +0.032R/bar
2026-08-19 11:10:12,844 - INFO - 📊 EXECUTION AUDIT [CF_EXITED]: trade_id=None, candidate_id=cand_NSE_NIFTY50_INDEX_BREAKOUT_24042.90_20260819_110000_Structural_v3.2_RVOL1.0, payload={'exit_price': 24050.0, 'exit_reason': 'TRAILING_SL', 'pnl_r': 0.0086206896551725, 'duration_minutes': 4.995223566666667, 'bars_held': 1}
2026-08-19 11:10:12,884 - INFO - 🔴 EXIT (TRAILING_SL) [CFStructural_v3.2_RVOL1.0|uctural_v3.2_RVOL1.0]: NSE:NIFTY50-INDEX @ 24050.00 | PnL +0.01R | MFE 2.33R | Capture 0% | 1bars HoldEff +0.009R/bar
2026-08-19 11:10:12,884 - INFO - 📊 EXECUTION AUDIT [CF_EXITED]: trade_id=None, candidate_id=cand_NSE_NIFTY50_INDEX_BREAKOUT_24042.90_20260819_110000_Structural_v3.2_RVOL0.8, payload={'exit_price': 24050.0, 'exit_reason': 'TRAILING_SL', 'pnl_r': 0.0086206896551725, 'duration_minutes': 4.995223566666667, 'bars_held': 1}
2026-08-19 11:10:12,920 - INFO - 🔴 EXIT (TRAILING_SL) [CFStructural_v3.2_RVOL0.8|uctural_v3.2_RVOL0.8]: NSE:NIFTY50-INDEX @ 24050.00 | PnL +0.01R | MFE 2.33R | Capture 0% | 1bars HoldEff +0.009R/bar
2026-08-19 11:10:13,706 - INFO - Retrieved live premium from Fyers API: LTP=200.1 for NSE:BANKNIFTY26AUG57600CE
2026-08-19 11:10:14,716 - INFO - Retrieved live premium from Fyers API: LTP=168.35 for NSE:BANKNIFTY26AUG57700CE
2026-08-19 11:10:15,729 - INFO - Retrieved live premium from Fyers API: LTP=38.7 for NSE:NIFTY26AUG24350CE
2026-08-19 11:10:16,716 - INFO - Retrieved live premium from Fyers API: LTP=200.5 for NSE:BANKNIFTY26AUG57600CE
2026-08-19 11:10:17,729 - INFO - Retrieved live premium from Fyers API: LTP=169.15 for NSE:BANKNIFTY26AUG57700CE
2026-08-19 11:10:18,896 - INFO - Retrieved live premium from Fyers API: LTP=201.1 for NSE:BANKNIFTY26AUG57600CE
2026-08-19 11:10:21,072 - INFO - Resolved active expiry from DB: 26AUG (2026-08-25)
2026-08-19 11:10:22,898 - INFO - Resolved active expiry from DB: 26AUG (2026-08-25)
2026-08-19 11:10:22,899 - INFO - 🚀 SIGNAL: NSE:NIFTYBANK-INDEX BUY PUT | [OrderFlow_v1.0]
2026-08-19 11:10:22,899 - INFO -    Entry: 57043.3 | SL: 57067.170000000006 | TP: 57001.75 (RR: 1.74)
2026-08-19 11:10:22,899 - INFO - 📊 EXECUTION AUDIT [SIGNAL_GENERATED]: trade_id=trade_NSE_NIFTYBANK_INDEX_OrderFlow_v1.0_1787118005, candidate_id=cand_NSE_NIFTYBANK_INDEX_LIQUIDITY_SWEEP_57043.30_20260819_111005_OrderFlow_v1.0, payload={'symbol': 'NSE:NIFTYBANK-INDEX', 'candidate_id': 'cand_NSE_NIFTYBANK_INDEX_LIQUIDITY_SWEEP_57043.30_20260819_111005_OrderFlow_v1.0', 'signal': 'BUY PUT', 'price': 57043.3, 'stop_loss': 57067.170000000006, 'take_profit': 57001.75, 'tp1': 57007.495, 'rr_ratio': 1.74, 'strategy': 'LIQUIDITY_SWEEP', 'confidence': 0.692, 'accepted': True, 'rejection_reasons': [], 'timestamp': datetime.datetime(2026, 8, 19, 11, 10, 5, 568530, tzinfo=zoneinfo.ZoneInfo(key='Asia/Kolkata')), 'diagnostics': {'swept_level': 57052.85, 'swept_object': 'LIQUIDITY_POOL', 'volume_multiplier': 3.78, 'rejection_wick_size': 9.25}, 'experiment_name': 'OrderFlow_v1.0', 'strategy_id': 'order_flow', 'version': 'v1.0', 'features': {'regime_primary': 'WEAK_TREND_DOWN', 'regime_vol_state': 'NORMAL', 'market_regime': 'WEAK_TREND_DOWN_NORMAL'}}
2026-08-19 11:10:22,922 - INFO - Resolved active expiry from DB: 26AUG (2026-08-25)
2026-08-19 11:10:22,934 - INFO - Resolved index signal into option contract: OptionContract(symbol='NSE:BANKNIFTY26AUG57000PE', strike=57000.0, expiry='26AUG', option_type='PE', premium=269.05, delta=0.5, bid=268.5, ask=269.05, volume=2814660, resolved_at=datetime.datetime(2026, 8, 19, 11, 10, 22, 934123))
2026-08-19 11:10:22,934 - INFO - ⚡ Option strike selection resolved index signal to contract NSE:BANKNIFTY26AUG57000PE @ premium 269.05 (type: PE, strike: 57000.0)
2026-08-19 11:10:22,934 - INFO - 📊 EXECUTION AUDIT [STRIKE_SELECTED]: trade_id=trade_NSE_NIFTYBANK_INDEX_OrderFlow_v1.0_1787118005, candidate_id=cand_NSE_NIFTYBANK_INDEX_LIQUIDITY_SWEEP_57043.30_20260819_111005_OrderFlow_v1.0, payload={'symbol': 'NSE:BANKNIFTY26AUG57000PE', 'strike': 57000.0, 'expiry': '26AUG', 'type': 'PE'}
2026-08-19 11:10:22,943 - INFO - 📊 EXECUTION AUDIT [PREMIUM_RETRIEVED]: trade_id=trade_NSE_NIFTYBANK_INDEX_OrderFlow_v1.0_1787118005, candidate_id=cand_NSE_NIFTYBANK_INDEX_LIQUIDITY_SWEEP_57043.30_20260819_111005_OrderFlow_v1.0, payload={'premium': 269.05, 'bid': 268.5, 'ask': 269.05}
2026-08-19 11:10:22,954 - INFO - 📊 EXECUTION AUDIT [ORDER_SUBMITTED]: trade_id=trade_NSE_NIFTYBANK_INDEX_OrderFlow_v1.0_1787118005, candidate_id=cand_NSE_NIFTYBANK_INDEX_LIQUIDITY_SWEEP_57043.30_20260819_111005_OrderFlow_v1.0, payload={'price': 57043.3, 'sl': 57067.170000000006, 'tp': 57001.75}
2026-08-19 11:10:22,964 - INFO - 📊 EXECUTION AUDIT [ORDER_FILLED]: trade_id=trade_NSE_NIFTYBANK_INDEX_OrderFlow_v1.0_1787118005, candidate_id=cand_NSE_NIFTYBANK_INDEX_LIQUIDITY_SWEEP_57043.30_20260819_111005_OrderFlow_v1.0, payload={'price': 57043.3, 'sl': 57067.170000000006, 'tp': 57001.75}
2026-08-19 11:10:22,975 - INFO - 💰 Position size [LIQUIDITY_SWEEP|WEAK_TREND_DOWN_NORMAL|conf=1]: frac=0.004 → ₹5,000 (risk/unit=0.04%)
2026-08-19 11:10:22,996 - INFO - 🟢 ENTRY [OrderFlow_v1.0|_v1.0_1787118005]: NSE:NIFTYBANK-INDEX BUY PUT @ 57043.30 | SL: 57067.17 TP: 57001.75
2026-08-19 11:10:23,713 - INFO - 📊 Saved 22 snapshots for NSE:NIFTYBANK-INDEX  (oi range: 11,880–1,312,020)
2026-08-19 11:10:24,817 - INFO - 📡 Fetching NSE:NIFTY50-INDEX @ 24046  expiry=26AUG  strikes=ATM±5
2026-08-19 11:10:36,001 - INFO - ⏱️ [Real-time Exit Loop] Checking open positions @ 11:10:36...
2026-08-19 11:10:38,111 - INFO - Retrieved live premium from Fyers API: LTP=200.65 for NSE:BANKNIFTY26AUG57600CE
2026-08-19 11:10:39,117 - INFO - Retrieved live premium from Fyers API: LTP=168.75 for NSE:BANKNIFTY26AUG57700CE
2026-08-19 11:10:40,126 - INFO - Retrieved live premium from Fyers API: LTP=38.4 for NSE:NIFTY26AUG24350CE
2026-08-19 11:10:41,305 - INFO - Retrieved live premium from Fyers API: LTP=200.35 for NSE:BANKNIFTY26AUG57600CE
2026-08-19 11:10:42,116 - INFO - Retrieved live premium from Fyers API: LTP=168.7 for NSE:BANKNIFTY26AUG57700CE
2026-08-19 11:10:43,140 - INFO - Retrieved live premium from Fyers API: LTP=201.15 for NSE:BANKNIFTY26AUG57600CE
2026-08-19 11:10:54,543 - INFO - 📊 Saved 22 snapshots for NSE:NIFTY50-INDEX  (oi range: 186,745–14,707,290)
2026-08-19 11:10:55,648 - INFO - 📡 Fetching NSE:NIFTYBANK-INDEX @ 57050  expiry=26AUG  strikes=ATM±5
2026-08-19 11:11:05,182 - INFO - ⏱️ [Real-time Exit Loop] Checking open positions @ 11:11:05...
2026-08-19 11:11:07,287 - INFO - Retrieved live premium from Fyers API: LTP=201.0 for NSE:BANKNIFTY26AUG57600CE
2026-08-19 11:11:08,288 - INFO - Retrieved live premium from Fyers API: LTP=169.1 for NSE:BANKNIFTY26AUG57700CE
2026-08-19 11:11:09,299 - INFO - Retrieved live premium from Fyers API: LTP=38.65 for NSE:NIFTY26AUG24350CE
2026-08-19 11:11:10,310 - INFO - Retrieved live premium from Fyers API: LTP=201.75 for NSE:BANKNIFTY26AUG57600CE
2026-08-19 11:11:11,299 - INFO - Retrieved live premium from Fyers API: LTP=170.4 for NSE:BANKNIFTY26AUG57700CE
2026-08-19 11:11:12,319 - INFO - Retrieved live premium from Fyers API: LTP=201.75 for NSE:BANKNIFTY26AUG57600CE
2026-08-19 11:11:25,671 - INFO - 📊 Saved 22 snapshots for NSE:NIFTYBANK-INDEX  (oi range: 11,880–1,309,410)
2026-08-19 11:11:26,767 - INFO - 📡 Fetching NSE:NIFTY50-INDEX @ 24045  expiry=26AUG  strikes=ATM±5
2026-08-19 11:11:35,364 - INFO - ⏱️ [Real-time Exit Loop] Checking open positions @ 11:11:35...
2026-08-19 11:11:37,632 - INFO - Retrieved live premium from Fyers API: LTP=170.7 for NSE:BANKNIFTY26AUG57700CE
2026-08-19 11:11:38,472 - INFO - Retrieved live premium from Fyers API: LTP=38.5 for NSE:NIFTY26AUG24350CE
2026-08-19 11:11:39,472 - INFO - Retrieved live premium from Fyers API: LTP=170.7 for NSE:BANKNIFTY26AUG57700CE
2026-08-19 11:11:56,347 - INFO - 📊 Saved 22 snapshots for NSE:NIFTY50-INDEX  (oi range: 187,070–14,741,480)
2026-08-19 11:11:57,452 - INFO - 📡 Fetching NSE:NIFTYBANK-INDEX @ 57049  expiry=26AUG  strikes=ATM±5
2026-08-19 11:12:05,601 - INFO - ⏱️ [Real-time Exit Loop] Checking open positions @ 11:12:05...
2026-08-19 11:12:07,708 - INFO - Retrieved live premium from Fyers API: LTP=168.85 for NSE:BANKNIFTY26AUG57700CE
2026-08-19 11:12:08,718 - INFO - Retrieved live premium from Fyers API: LTP=38.05 for NSE:NIFTY26AUG24350CE
2026-08-19 11:12:09,729 - INFO - Retrieved live premium from Fyers API: LTP=168.65 for NSE:BANKNIFTY26AUG57700CE
2026-08-19 11:12:27,370 - INFO - 📊 Saved 22 snapshots for NSE:NIFTYBANK-INDEX  (oi range: 11,880–1,311,810)
2026-08-19 11:12:28,476 - INFO - 📡 Fetching NSE:NIFTY50-INDEX @ 24041  expiry=26AUG  strikes=ATM±5
2026-08-19 11:12:35,864 - INFO - ⏱️ [Real-time Exit Loop] Checking open positions @ 11:12:35...
2026-08-19 11:12:36,966 - INFO - 📊 EXECUTION AUDIT [SL_MODIFIED]: trade_id=trade_NSE_NIFTYBANK_INDEX_OrderFlow_v1.0_1787118005, candidate_id=cand_NSE_NIFTYBANK_INDEX_LIQUIDITY_SWEEP_57043.30_20260819_111005_OrderFlow_v1.0, payload={'price': 57040.3, 'old_sl': 57067.170000000006, 'new_sl': 57064.170000000006, 'old_tp': None, 'new_tp': 57001.75, 'reason': 'TRAILING_SL'}
2026-08-19 11:12:37,051 - INFO - 🟡 UPDATE (TRAILING_SL) [OrderFlow_v1.0|11005_OrderFlow_v1.0]: NSE:NIFTYBANK-INDEX @ 57040.30 | SL→57064.17 TP→57001.75
2026-08-19 11:12:37,949 - INFO - Retrieved live premium from Fyers API: LTP=167.6 for NSE:BANKNIFTY26AUG57700CE
2026-08-19 11:12:38,981 - INFO - Retrieved live premium from Fyers API: LTP=38.15 for NSE:NIFTY26AUG24350CE
2026-08-19 11:12:39,982 - INFO - Retrieved live premium from Fyers API: LTP=166.95 for NSE:BANKNIFTY26AUG57700CE
2026-08-19 11:12:58,660 - INFO - 📊 Saved 22 snapshots for NSE:NIFTY50-INDEX  (oi range: 188,825–14,775,930)
2026-08-19 11:12:59,758 - INFO - 📡 Fetching NSE:NIFTYBANK-INDEX @ 57051  expiry=26AUG  strikes=ATM±5
2026-08-19 11:13:05,125 - INFO - ⏱️ [Real-time Exit Loop] Checking open positions @ 11:13:05...
2026-08-19 11:13:07,239 - INFO - Retrieved live premium from Fyers API: LTP=200.9 for NSE:BANKNIFTY26AUG57600CE
2026-08-19 11:13:08,245 - INFO - Retrieved live premium from Fyers API: LTP=169.0 for NSE:BANKNIFTY26AUG57700CE
2026-08-19 11:13:09,248 - INFO - Retrieved live premium from Fyers API: LTP=37.95 for NSE:NIFTY26AUG24350CE
2026-08-19 11:13:10,258 - INFO - Retrieved live premium from Fyers API: LTP=199.2 for NSE:BANKNIFTY26AUG57600CE
2026-08-19 11:13:11,259 - INFO - Retrieved live premium from Fyers API: LTP=169.0 for NSE:BANKNIFTY26AUG57700CE
2026-08-19 11:13:12,259 - INFO - Retrieved live premium from Fyers API: LTP=199.2 for NSE:BANKNIFTY26AUG57600CE
2026-08-19 11:13:30,071 - INFO - 📊 Saved 22 snapshots for NSE:NIFTYBANK-INDEX  (oi range: 11,880–1,314,030)
2026-08-19 11:13:31,164 - INFO - 📡 Fetching NSE:NIFTY50-INDEX @ 24042  expiry=26AUG  strikes=ATM±5
2026-08-19 11:13:35,301 - INFO - ⏱️ [Real-time Exit Loop] Checking open positions @ 11:13:35...
2026-08-19 11:13:37,404 - INFO - Retrieved live premium from Fyers API: LTP=169.0 for NSE:BANKNIFTY26AUG57700CE
2026-08-19 11:13:38,409 - INFO - Retrieved live premium from Fyers API: LTP=37.7 for NSE:NIFTY26AUG24350CE
2026-08-19 11:13:39,424 - INFO - Retrieved live premium from Fyers API: LTP=169.25 for NSE:BANKNIFTY26AUG57700CE
2026-08-19 11:14:00,723 - INFO - 📊 Saved 22 snapshots for NSE:NIFTY50-INDEX  (oi range: 191,295–14,819,350)
2026-08-19 11:14:01,824 - INFO - 📡 Fetching NSE:NIFTYBANK-INDEX @ 57067  expiry=26AUG  strikes=ATM±5
2026-08-19 11:14:05,563 - INFO - ⏱️ [Real-time Exit Loop] Checking open positions @ 11:14:05...
2026-08-19 11:14:07,835 - INFO - Retrieved live premium from Fyers API: LTP=172.8 for NSE:BANKNIFTY26AUG57700CE
2026-08-19 11:14:08,684 - INFO - Retrieved live premium from Fyers API: LTP=38.6 for NSE:NIFTY26AUG24350CE
2026-08-19 11:14:09,688 - INFO - Retrieved live premium from Fyers API: LTP=172.8 for NSE:BANKNIFTY26AUG57700CE
2026-08-19 11:14:31,880 - INFO - 📊 Saved 22 snapshots for NSE:NIFTYBANK-INDEX  (oi range: 11,880–1,315,560)
2026-08-19 11:14:33,137 - INFO - 📡 Fetching NSE:NIFTY50-INDEX @ 24047  expiry=26AUG  strikes=ATM±5
2026-08-19 11:14:35,821 - INFO - ⏱️ [Real-time Exit Loop] Checking open positions @ 11:14:35...
2026-08-19 11:14:37,916 - INFO - Retrieved live premium from Fyers API: LTP=172.3 for NSE:BANKNIFTY26AUG57700CE
2026-08-19 11:14:39,123 - INFO - Retrieved live premium from Fyers API: LTP=38.5 for NSE:NIFTY26AUG24350CE
2026-08-19 11:14:40,134 - INFO - Retrieved live premium from Fyers API: LTP=172.3 for NSE:BANKNIFTY26AUG57700CE
2026-08-19 11:15:03,822 - INFO - 📊 Saved 22 snapshots for NSE:NIFTY50-INDEX  (oi range: 192,335–14,854,190)
2026-08-19 11:15:05,075 - INFO - 📡 Fetching NSE:NIFTYBANK-INDEX @ 57058  expiry=26AUG  strikes=ATM±5
2026-08-19 11:15:05,283 - INFO - 🔔 [New Candle Closed] Running entry pipeline for candle 11:15 at 11:15:05...
2026-08-19 11:15:05,283 - INFO - --- 11:15:05 Market Pulse ---
2026-08-19 11:15:12,607 - INFO - 📊 EXECUTION AUDIT [ORDER_EXITED]: trade_id=trade_NSE_NIFTYBANK_INDEX_OrderFlow_v1.0_1787118005, candidate_id=cand_NSE_NIFTYBANK_INDEX_LIQUIDITY_SWEEP_57043.30_20260819_111005_OrderFlow_v1.0, payload={'exit_price': 57064.170000000006, 'exit_reason': 'TRAILING_SL', 'pnl_r': -0.029734250139379297, 'duration_minutes': 4.995243866666667, 'bars_held': 1}
2026-08-19 11:15:12,689 - INFO - 🔴 EXIT (TRAILING_SL) [OrderFlow_v1.0|11005_OrderFlow_v1.0]: NSE:NIFTYBANK-INDEX @ 57064.17 | PnL -0.03R | MFE 0.13R | Capture N/A | 1bars HoldEff -0.030R/bar
2026-08-19 11:15:13,732 - INFO - Retrieved live premium from Fyers API: LTP=170.75 for NSE:BANKNIFTY26AUG57700CE
2026-08-19 11:15:14,616 - INFO - Retrieved live premium from Fyers API: LTP=38.5 for NSE:NIFTY26AUG24350CE
2026-08-19 11:15:15,449 - INFO - Retrieved live premium from Fyers API: LTP=170.75 for NSE:BANKNIFTY26AUG57700CE
2026-08-19 11:15:17,549 - INFO - Resolved active expiry from DB: 26AUG (2026-08-25)
2026-08-19 11:15:17,550 - INFO - 👻 [Structural_v3.2_RVOL1.0] CF TRAP NSE:NIFTY50-INDEX BUY CALL | Rejected: ['NO_TARGET_ZONE']
2026-08-19 11:15:17,550 - INFO - 📊 EXECUTION AUDIT [SIGNAL_GENERATED]: trade_id=None, candidate_id=cand_NSE_NIFTY50_INDEX_TRAP_24042.90_20260819_111000_Structural_v3.2_RVOL1.0, payload={'symbol': 'NSE:NIFTY50-INDEX', 'signal': 'BUY CALL', 'strategy': 'TRAP', 'price': 24048.5, 'stop_loss': 24037.4, 'take_profit': 24070.699999999997, 'tp1': 24065.149999999998, 'rr_ratio': 2.0, 'timestamp': '2026-08-19T11:10:00+05:30', 'accepted': False, 'rejection_reasons': ['NO_TARGET_ZONE'], 'features': {'date': '2026-08-19', 'strategy_name': 'Structural_v3', 'strategy_version': 'v3.2', 'feature_version': 'v1.1', 'market_regime': 'STRONG_TREND_DOWN_NORMAL', 'day_type': 'NORMAL_DAY', 'session_type': 'MID', 'daily_bias': 'NEUTRAL', 'hourly_bias': 'NEUTRAL', 'trend_strength': 0.0, 'rvol': 2.45, 'rvol_threshold': 1.0, 'atr': 13.58, 'distance_from_supply': 9999.0, 'distance_from_demand': 9999.0, 'nearest_supply_strength': 0.0, 'nearest_demand_strength': 0.0, 'distance_to_liquidity_pool': 9999.0, 'liquidity_score': 24.5, 'indicator_snapshot': {'rvol_tod': 2.45, 'is_compressed': True, 'bos_count': 0}, 'move_efficiency': 0.2756, 'wickiness': 0.4936, 'fft_score': 1.0, 'setup_type': 'TRAP', 'candidate_id': 'cand_NSE_NIFTY50_INDEX_TRAP_24042.90_20260819_111000', 'ema20': 24075.27, 'ema50': 24122.4, 'move_efficiency_h1': 0.4127, 'ema_bullish': False, 'rsi14': 23.15, 'rsi2': 51.96, 'distance_to_vwap': -0.0015, 'atr_percentile': 0.6635, 'dist_prev_high': -0.0091, 'dist_prev_low': -0.0044, 'adx': 47.17, 'adx_slope': 2.4236, 'gap_pct': -0.0001, 'regime_primary': 'STRONG_TREND_DOWN', 'regime_vol_state': 'NORMAL'}, 'candidate_id': 'cand_NSE_NIFTY50_INDEX_TRAP_24042.90_20260819_111000_Structural_v3.2_RVOL1.0', 'experiment_name': 'Structural_v3.2_RVOL1.0', 'strategy_id': 'structural', 'version': 'v3.2'}
2026-08-19 11:15:17,570 - INFO - Resolved active expiry from DB: 26AUG (2026-08-25)
2026-08-19 11:15:17,580 - INFO - Resolved index signal into option contract: OptionContract(symbol='NSE:NIFTY26AUG24050CE', strike=24050.0, expiry='26AUG', option_type='CE', premium=153.3, delta=0.5, bid=152.9, ask=153.25, volume=23252645, resolved_at=datetime.datetime(2026, 8, 19, 11, 15, 17, 580931))
2026-08-19 11:15:17,581 - INFO - ⚡ Option strike selection resolved index signal to contract NSE:NIFTY26AUG24050CE @ premium 153.3 (type: CE, strike: 24050.0)
2026-08-19 11:15:17,581 - INFO - 📊 EXECUTION AUDIT [STRIKE_SELECTED]: trade_id=None, candidate_id=cand_NSE_NIFTY50_INDEX_TRAP_24042.90_20260819_111000_Structural_v3.2_RVOL1.0, payload={'symbol': 'NSE:NIFTY26AUG24050CE', 'strike': 24050.0, 'expiry': '26AUG', 'type': 'CE'}
2026-08-19 11:15:17,592 - INFO - 📊 EXECUTION AUDIT [PREMIUM_RETRIEVED]: trade_id=None, candidate_id=cand_NSE_NIFTY50_INDEX_TRAP_24042.90_20260819_111000_Structural_v3.2_RVOL1.0, payload={'premium': 153.3, 'bid': 152.9, 'ask': 153.25}
2026-08-19 11:15:17,603 - INFO - 📊 EXECUTION AUDIT [CF_SUBMITTED]: trade_id=None, candidate_id=cand_NSE_NIFTY50_INDEX_TRAP_24042.90_20260819_111000_Structural_v3.2_RVOL1.0, payload={'price': 24048.5, 'sl': 24037.4, 'tp': 24070.699999999997}
2026-08-19 11:15:17,615 - INFO - 📊 EXECUTION AUDIT [CF_FILLED]: trade_id=None, candidate_id=cand_NSE_NIFTY50_INDEX_TRAP_24042.90_20260819_111000_Structural_v3.2_RVOL1.0, payload={'price': 24048.5, 'sl': 24037.4, 'tp': 24070.699999999997}
2026-08-19 11:15:17,626 - INFO - 💰 Position size [TRAP|STRONG_TREND_DOWN_NORMAL|conf=70]: frac=0.006 → ₹5,000 (risk/unit=0.05%)
2026-08-19 11:15:17,648 - INFO - 🟢 ENTRY [CF|Structural_v3.2_RVOL1.0|uctural_v3.2_RVOL1.0]: NSE:NIFTY50-INDEX BUY CALL @ 24048.50 | SL: 24037.40 TP: 24070.70
2026-08-19 11:15:17,649 - INFO - 👻 [Structural_v3.2_RVOL0.8] CF TRAP NSE:NIFTY50-INDEX BUY CALL | Rejected: ['NO_TARGET_ZONE']
2026-08-19 11:15:17,649 - INFO - 📊 EXECUTION AUDIT [SIGNAL_GENERATED]: trade_id=None, candidate_id=cand_NSE_NIFTY50_INDEX_TRAP_24042.90_20260819_111000_Structural_v3.2_RVOL0.8, payload={'symbol': 'NSE:NIFTY50-INDEX', 'signal': 'BUY CALL', 'strategy': 'TRAP', 'price': 24048.5, 'stop_loss': 24037.4, 'take_profit': 24070.699999999997, 'tp1': 24065.149999999998, 'rr_ratio': 2.0, 'timestamp': '2026-08-19T11:10:00+05:30', 'accepted': False, 'rejection_reasons': ['NO_TARGET_ZONE'], 'features': {'date': '2026-08-19', 'strategy_name': 'Structural_v3', 'strategy_version': 'v3.2', 'feature_version': 'v1.1', 'market_regime': 'STRONG_TREND_DOWN_NORMAL', 'day_type': 'NORMAL_DAY', 'session_type': 'MID', 'daily_bias': 'NEUTRAL', 'hourly_bias': 'NEUTRAL', 'trend_strength': 0.0, 'rvol': 2.45, 'rvol_threshold': 0.8, 'atr': 13.58, 'distance_from_supply': 9999.0, 'distance_from_demand': 9999.0, 'nearest_supply_strength': 0.0, 'nearest_demand_strength': 0.0, 'distance_to_liquidity_pool': 9999.0, 'liquidity_score': 24.5, 'indicator_snapshot': {'rvol_tod': 2.45, 'is_compressed': True, 'bos_count': 0}, 'move_efficiency': 0.2756, 'wickiness': 0.4936, 'fft_score': 1.0, 'setup_type': 'TRAP', 'candidate_id': 'cand_NSE_NIFTY50_INDEX_TRAP_24042.90_20260819_111000', 'ema20': 24075.27, 'ema50': 24122.4, 'move_efficiency_h1': 0.4127, 'ema_bullish': False, 'rsi14': 23.15, 'rsi2': 51.96, 'distance_to_vwap': -0.0015, 'atr_percentile': 0.6635, 'dist_prev_high': -0.0091, 'dist_prev_low': -0.0044, 'adx': 47.17, 'adx_slope': 2.4236, 'gap_pct': -0.0001, 'regime_primary': 'STRONG_TREND_DOWN', 'regime_vol_state': 'NORMAL'}, 'candidate_id': 'cand_NSE_NIFTY50_INDEX_TRAP_24042.90_20260819_111000_Structural_v3.2_RVOL0.8', 'experiment_name': 'Structural_v3.2_RVOL0.8', 'strategy_id': 'structural', 'version': 'v3.2'}
2026-08-19 11:15:17,673 - INFO - Resolved active expiry from DB: 26AUG (2026-08-25)
2026-08-19 11:15:17,686 - INFO - Resolved index signal into option contract: OptionContract(symbol='NSE:NIFTY26AUG24050CE', strike=24050.0, expiry='26AUG', option_type='CE', premium=153.3, delta=0.5, bid=152.9, ask=153.25, volume=23252645, resolved_at=datetime.datetime(2026, 8, 19, 11, 15, 17, 686383))
2026-08-19 11:15:17,686 - INFO - ⚡ Option strike selection resolved index signal to contract NSE:NIFTY26AUG24050CE @ premium 153.3 (type: CE, strike: 24050.0)
2026-08-19 11:15:17,686 - INFO - 📊 EXECUTION AUDIT [STRIKE_SELECTED]: trade_id=None, candidate_id=cand_NSE_NIFTY50_INDEX_TRAP_24042.90_20260819_111000_Structural_v3.2_RVOL0.8, payload={'symbol': 'NSE:NIFTY26AUG24050CE', 'strike': 24050.0, 'expiry': '26AUG', 'type': 'CE'}
2026-08-19 11:15:17,698 - INFO - 📊 EXECUTION AUDIT [PREMIUM_RETRIEVED]: trade_id=None, candidate_id=cand_NSE_NIFTY50_INDEX_TRAP_24042.90_20260819_111000_Structural_v3.2_RVOL0.8, payload={'premium': 153.3, 'bid': 152.9, 'ask': 153.25}
2026-08-19 11:15:17,710 - INFO - 📊 EXECUTION AUDIT [CF_SUBMITTED]: trade_id=None, candidate_id=cand_NSE_NIFTY50_INDEX_TRAP_24042.90_20260819_111000_Structural_v3.2_RVOL0.8, payload={'price': 24048.5, 'sl': 24037.4, 'tp': 24070.699999999997}
2026-08-19 11:15:17,722 - INFO - 📊 EXECUTION AUDIT [CF_FILLED]: trade_id=None, candidate_id=cand_NSE_NIFTY50_INDEX_TRAP_24042.90_20260819_111000_Structural_v3.2_RVOL0.8, payload={'price': 24048.5, 'sl': 24037.4, 'tp': 24070.699999999997}
2026-08-19 11:15:17,734 - INFO - 💰 Position size [TRAP|STRONG_TREND_DOWN_NORMAL|conf=70]: frac=0.006 → ₹5,000 (risk/unit=0.05%)
2026-08-19 11:15:17,760 - INFO - 🟢 ENTRY [CF|Structural_v3.2_RVOL0.8|uctural_v3.2_RVOL0.8]: NSE:NIFTY50-INDEX BUY CALL @ 24048.50 | SL: 24037.40 TP: 24070.70
2026-08-19 11:15:17,761 - INFO - 👻 [Structural_v3.3_ExitMgmt] CF TRAP NSE:NIFTY50-INDEX BUY CALL | Rejected: ['NO_TARGET_ZONE']
2026-08-19 11:15:17,761 - INFO - 📊 EXECUTION AUDIT [SIGNAL_GENERATED]: trade_id=None, candidate_id=cand_NSE_NIFTY50_INDEX_TRAP_24042.90_20260819_111000_Structural_v3.3_ExitMgmt, payload={'symbol': 'NSE:NIFTY50-INDEX', 'signal': 'BUY CALL', 'strategy': 'TRAP', 'price': 24048.5, 'stop_loss': 24037.4, 'take_profit': 24070.699999999997, 'tp1': 24065.149999999998, 'rr_ratio': 2.0, 'timestamp': '2026-08-19T11:10:00+05:30', 'accepted': False, 'rejection_reasons': ['NO_TARGET_ZONE'], 'features': {'date': '2026-08-19', 'strategy_name': 'Structural_v3', 'strategy_version': 'v3.2', 'feature_version': 'v1.1', 'market_regime': 'STRONG_TREND_DOWN_NORMAL', 'day_type': 'NORMAL_DAY', 'session_type': 'MID', 'daily_bias': 'NEUTRAL', 'hourly_bias': 'NEUTRAL', 'trend_strength': 0.0, 'rvol': 2.45, 'rvol_threshold': 1.0, 'atr': 13.58, 'distance_from_supply': 9999.0, 'distance_from_demand': 9999.0, 'nearest_supply_strength': 0.0, 'nearest_demand_strength': 0.0, 'distance_to_liquidity_pool': 9999.0, 'liquidity_score': 24.5, 'indicator_snapshot': {'rvol_tod': 2.45, 'is_compressed': True, 'bos_count': 0}, 'move_efficiency': 0.2756, 'wickiness': 0.4936, 'fft_score': 1.0, 'setup_type': 'TRAP', 'candidate_id': 'cand_NSE_NIFTY50_INDEX_TRAP_24042.90_20260819_111000', 'ema20': 24075.27, 'ema50': 24122.4, 'move_efficiency_h1': 0.4127, 'ema_bullish': False, 'rsi14': 23.15, 'rsi2': 51.96, 'distance_to_vwap': -0.0015, 'atr_percentile': 0.6635, 'dist_prev_high': -0.0091, 'dist_prev_low': -0.0044, 'adx': 47.17, 'adx_slope': 2.4236, 'gap_pct': -0.0001, 'regime_primary': 'STRONG_TREND_DOWN', 'regime_vol_state': 'NORMAL'}, 'candidate_id': 'cand_NSE_NIFTY50_INDEX_TRAP_24042.90_20260819_111000_Structural_v3.3_ExitMgmt', 'experiment_name': 'Structural_v3.3_ExitMgmt', 'strategy_id': 'structural', 'version': 'v3.2'}
2026-08-19 11:15:17,785 - INFO - Resolved active expiry from DB: 26AUG (2026-08-25)
2026-08-19 11:15:17,798 - INFO - Resolved index signal into option contract: OptionContract(symbol='NSE:NIFTY26AUG24050CE', strike=24050.0, expiry='26AUG', option_type='CE', premium=153.3, delta=0.5, bid=152.9, ask=153.25, volume=23252645, resolved_at=datetime.datetime(2026, 8, 19, 11, 15, 17, 798836))
2026-08-19 11:15:17,799 - INFO - ⚡ Option strike selection resolved index signal to contract NSE:NIFTY26AUG24050CE @ premium 153.3 (type: CE, strike: 24050.0)
2026-08-19 11:15:17,799 - INFO - 📊 EXECUTION AUDIT [STRIKE_SELECTED]: trade_id=None, candidate_id=cand_NSE_NIFTY50_INDEX_TRAP_24042.90_20260819_111000_Structural_v3.3_ExitMgmt, payload={'symbol': 'NSE:NIFTY26AUG24050CE', 'strike': 24050.0, 'expiry': '26AUG', 'type': 'CE'}
2026-08-19 11:15:17,812 - INFO - 📊 EXECUTION AUDIT [PREMIUM_RETRIEVED]: trade_id=None, candidate_id=cand_NSE_NIFTY50_INDEX_TRAP_24042.90_20260819_111000_Structural_v3.3_ExitMgmt, payload={'premium': 153.3, 'bid': 152.9, 'ask': 153.25}
2026-08-19 11:15:17,824 - INFO - 📊 EXECUTION AUDIT [CF_SUBMITTED]: trade_id=None, candidate_id=cand_NSE_NIFTY50_INDEX_TRAP_24042.90_20260819_111000_Structural_v3.3_ExitMgmt, payload={'price': 24048.5, 'sl': 24037.4, 'tp': 24070.699999999997}
2026-08-19 11:15:17,836 - INFO - 📊 EXECUTION AUDIT [CF_FILLED]: trade_id=None, candidate_id=cand_NSE_NIFTY50_INDEX_TRAP_24042.90_20260819_111000_Structural_v3.3_ExitMgmt, payload={'price': 24048.5, 'sl': 24037.4, 'tp': 24070.699999999997}
2026-08-19 11:15:17,848 - INFO - 💰 Position size [TRAP|STRONG_TREND_DOWN_NORMAL|conf=70]: frac=0.006 → ₹5,000 (risk/unit=0.05%)
2026-08-19 11:15:17,873 - INFO - 🟢 ENTRY [CF|Structural_v3.3_ExitMgmt|ctural_v3.3_ExitMgmt]: NSE:NIFTY50-INDEX BUY CALL @ 24048.50 | SL: 24037.40 TP: 24070.70
2026-08-19 11:15:19,718 - INFO - Resolved active expiry from DB: 26AUG (2026-08-25)
2026-08-19 11:15:35,730 - INFO - ⏱️ [Real-time Exit Loop] Checking open positions @ 11:15:35...
2026-08-19 11:15:36,302 - INFO - 📊 Saved 22 snapshots for NSE:NIFTYBANK-INDEX  (oi range: 11,880–1,310,760)
2026-08-19 11:15:36,824 - INFO - 📊 EXECUTION AUDIT [CF_SL_MODIFIED]: trade_id=None, candidate_id=cand_NSE_NIFTY50_INDEX_TRAP_24042.90_20260819_111000_Structural_v3.2_RVOL1.0, payload={'price': 24050.1, 'old_sl': 24037.4, 'new_sl': 24039.0, 'old_tp': None, 'new_tp': 24070.699999999997, 'reason': 'TRAILING_SL'}
2026-08-19 11:15:36,885 - INFO - 🟡 UPDATE (TRAILING_SL) [CFStructural_v3.2_RVOL1.0|uctural_v3.2_RVOL1.0]: NSE:NIFTY50-INDEX @ 24050.10 | SL→24039.00 TP→24070.70
2026-08-19 11:15:36,885 - INFO - 📊 EXECUTION AUDIT [CF_SL_MODIFIED]: trade_id=None, candidate_id=cand_NSE_NIFTY50_INDEX_TRAP_24042.90_20260819_111000_Structural_v3.2_RVOL0.8, payload={'price': 24050.1, 'old_sl': 24037.4, 'new_sl': 24039.0, 'old_tp': None, 'new_tp': 24070.699999999997, 'reason': 'TRAILING_SL'}
2026-08-19 11:15:36,925 - INFO - 🟡 UPDATE (TRAILING_SL) [CFStructural_v3.2_RVOL0.8|uctural_v3.2_RVOL0.8]: NSE:NIFTY50-INDEX @ 24050.10 | SL→24039.00 TP→24070.70
2026-08-19 11:15:37,397 - INFO - 📡 Fetching NSE:NIFTY50-INDEX @ 24051  expiry=26AUG  strikes=ATM±5
2026-08-19 11:15:37,836 - INFO - Retrieved live premium from Fyers API: LTP=170.75 for NSE:BANKNIFTY26AUG57700CE
2026-08-19 11:15:39,011 - INFO - Retrieved live premium from Fyers API: LTP=38.65 for NSE:NIFTY26AUG24350CE
2026-08-19 11:15:39,827 - INFO - Retrieved live premium from Fyers API: LTP=171.15 for NSE:BANKNIFTY26AUG57700CE
2026-08-19 11:16:05,951 - INFO - ⏱️ [Real-time Exit Loop] Checking open positions @ 11:16:05...
2026-08-19 11:16:07,049 - INFO - 📊 EXECUTION AUDIT [CF_SL_MODIFIED]: trade_id=None, candidate_id=cand_NSE_NIFTY50_INDEX_TRAP_24042.90_20260819_111000_Structural_v3.2_RVOL1.0, payload={'price': 24051.1, 'old_sl': 24039.0, 'new_sl': 24040.0, 'old_tp': None, 'new_tp': 24070.699999999997, 'reason': 'TRAILING_SL'}
2026-08-19 11:16:07,114 - INFO - 🟡 UPDATE (TRAILING_SL) [CFStructural_v3.2_RVOL1.0|uctural_v3.2_RVOL1.0]: NSE:NIFTY50-INDEX @ 24051.10 | SL→24040.00 TP→24070.70
2026-08-19 11:16:07,114 - INFO - 📊 EXECUTION AUDIT [CF_SL_MODIFIED]: trade_id=None, candidate_id=cand_NSE_NIFTY50_INDEX_TRAP_24042.90_20260819_111000_Structural_v3.2_RVOL0.8, payload={'price': 24051.1, 'old_sl': 24039.0, 'new_sl': 24040.0, 'old_tp': None, 'new_tp': 24070.699999999997, 'reason': 'TRAILING_SL'}
2026-08-19 11:16:07,152 - INFO - 🟡 UPDATE (TRAILING_SL) [CFStructural_v3.2_RVOL0.8|uctural_v3.2_RVOL0.8]: NSE:NIFTY50-INDEX @ 24051.10 | SL→24040.00 TP→24070.70
2026-08-19 11:16:07,299 - INFO - 📊 Saved 22 snapshots for NSE:NIFTY50-INDEX  (oi range: 193,115–14,874,535)
2026-08-19 11:16:08,236 - INFO - Retrieved live premium from Fyers API: LTP=171.2 for NSE:BANKNIFTY26AUG57700CE
2026-08-19 11:16:08,554 - INFO - 📡 Fetching NSE:NIFTYBANK-INDEX @ 57063  expiry=26AUG  strikes=ATM±5
2026-08-19 11:16:09,071 - INFO - Retrieved live premium from Fyers API: LTP=38.7 for NSE:NIFTY26AUG24350CE
2026-08-19 11:16:10,083 - INFO - Retrieved live premium from Fyers API: LTP=171.2 for NSE:BANKNIFTY26AUG57700CE
2026-08-19 11:16:35,206 - INFO - ⏱️ [Real-time Exit Loop] Checking open positions @ 11:16:35...
2026-08-19 11:16:37,320 - INFO - Retrieved live premium from Fyers API: LTP=168.85 for NSE:BANKNIFTY26AUG57700CE
2026-08-19 11:16:38,119 - INFO - 📊 Saved 22 snapshots for NSE:NIFTYBANK-INDEX  (oi range: 11,880–1,314,930)
2026-08-19 11:16:38,317 - INFO - Retrieved live premium from Fyers API: LTP=38.25 for NSE:NIFTY26AUG24350CE
2026-08-19 11:16:39,216 - INFO - 📡 Fetching NSE:NIFTY50-INDEX @ 24048  expiry=26AUG  strikes=ATM±5
2026-08-19 11:16:39,313 - INFO - Retrieved live premium from Fyers API: LTP=168.85 for NSE:BANKNIFTY26AUG57700CE
2026-08-19 11:17:05,458 - INFO - ⏱️ [Real-time Exit Loop] Checking open positions @ 11:17:05...
2026-08-19 11:17:07,575 - INFO - Retrieved live premium from Fyers API: LTP=172.0 for NSE:BANKNIFTY26AUG57700CE
2026-08-19 11:17:08,571 - INFO - Retrieved live premium from Fyers API: LTP=39.0 for NSE:NIFTY26AUG24350CE
2026-08-19 11:17:09,581 - INFO - Retrieved live premium from Fyers API: LTP=172.0 for NSE:BANKNIFTY26AUG57700CE
2026-08-19 11:17:10,160 - INFO - 📊 Saved 22 snapshots for NSE:NIFTY50-INDEX  (oi range: 193,115–14,831,115)
2026-08-19 11:17:11,273 - INFO - 📡 Fetching NSE:NIFTYBANK-INDEX @ 57065  expiry=26AUG  strikes=ATM±5
2026-08-19 11:17:35,721 - INFO - ⏱️ [Real-time Exit Loop] Checking open positions @ 11:17:35...
2026-08-19 11:17:37,821 - INFO - Retrieved live premium from Fyers API: LTP=170.95 for NSE:BANKNIFTY26AUG57700CE
2026-08-19 11:17:38,829 - INFO - Retrieved live premium from Fyers API: LTP=38.9 for NSE:NIFTY26AUG24350CE
2026-08-19 11:17:39,843 - INFO - Retrieved live premium from Fyers API: LTP=170.95 for NSE:BANKNIFTY26AUG57700CE
2026-08-19 11:17:41,514 - INFO - 📊 Saved 22 snapshots for NSE:NIFTYBANK-INDEX  (oi range: 11,880–1,317,330)
2026-08-19 11:17:42,621 - INFO - 📡 Fetching NSE:NIFTY50-INDEX @ 24049  expiry=26AUG  strikes=ATM±5
2026-08-19 11:18:05,968 - INFO - ⏱️ [Real-time Exit Loop] Checking open positions @ 11:18:05...
2026-08-19 11:18:08,126 - INFO - Retrieved live premium from Fyers API: LTP=170.8 for NSE:BANKNIFTY26AUG57700CE
2026-08-19 11:18:09,102 - INFO - Retrieved live premium from Fyers API: LTP=38.7 for NSE:NIFTY26AUG24350CE
2026-08-19 11:18:10,097 - INFO - Retrieved live premium from Fyers API: LTP=170.8 for NSE:BANKNIFTY26AUG57700CE
2026-08-19 11:18:12,498 - INFO - 📊 Saved 22 snapshots for NSE:NIFTY50-INDEX  (oi range: 194,545–14,867,450)
2026-08-19 11:18:13,608 - INFO - 📡 Fetching NSE:NIFTYBANK-INDEX @ 57063  expiry=26AUG  strikes=ATM±5
2026-08-19 11:18:35,220 - INFO - ⏱️ [Real-time Exit Loop] Checking open positions @ 11:18:35...
2026-08-19 11:18:37,323 - INFO - Retrieved live premium from Fyers API: LTP=170.2 for NSE:BANKNIFTY26AUG57700CE
2026-08-19 11:18:38,339 - INFO - Retrieved live premium from Fyers API: LTP=38.85 for NSE:NIFTY26AUG24350CE
2026-08-19 11:18:39,336 - INFO - Retrieved live premium from Fyers API: LTP=170.2 for NSE:BANKNIFTY26AUG57700CE
2026-08-19 11:18:43,117 - INFO - 📊 Saved 22 snapshots for NSE:NIFTYBANK-INDEX  (oi range: 11,880–1,318,650)
2026-08-19 11:18:44,223 - INFO - 📡 Fetching NSE:NIFTY50-INDEX @ 24048  expiry=26AUG  strikes=ATM±5
2026-08-19 11:19:05,464 - INFO - ⏱️ [Real-time Exit Loop] Checking open positions @ 11:19:05...
2026-08-19 11:19:07,574 - INFO - Retrieved live premium from Fyers API: LTP=171.0 for NSE:BANKNIFTY26AUG57700CE
2026-08-19 11:19:08,573 - INFO - Retrieved live premium from Fyers API: LTP=39.1 for NSE:NIFTY26AUG24350CE
2026-08-19 11:19:09,585 - INFO - Retrieved live premium from Fyers API: LTP=171.0 for NSE:BANKNIFTY26AUG57700CE
2026-08-19 11:19:14,359 - INFO - 📊 Saved 22 snapshots for NSE:NIFTY50-INDEX  (oi range: 194,870–14,881,100)
2026-08-19 11:19:15,456 - INFO - 📡 Fetching NSE:NIFTYBANK-INDEX @ 57067  expiry=26AUG  strikes=ATM±5
2026-08-19 11:19:35,728 - INFO - ⏱️ [Real-time Exit Loop] Checking open positions @ 11:19:35...
2026-08-19 11:19:36,822 - INFO - 📊 EXECUTION AUDIT [CF_SL_MODIFIED]: trade_id=None, candidate_id=cand_NSE_NIFTY50_INDEX_TRAP_24042.90_20260819_111000_Structural_v3.2_RVOL1.0, payload={'price': 24052.05, 'old_sl': 24040.0, 'new_sl': 24040.95, 'old_tp': None, 'new_tp': 24070.699999999997, 'reason': 'TRAILING_SL'}
2026-08-19 11:19:36,883 - INFO - 🟡 UPDATE (TRAILING_SL) [CFStructural_v3.2_RVOL1.0|uctural_v3.2_RVOL1.0]: NSE:NIFTY50-INDEX @ 24052.05 | SL→24040.95 TP→24070.70
2026-08-19 11:19:36,884 - INFO - 📊 EXECUTION AUDIT [CF_SL_MODIFIED]: trade_id=None, candidate_id=cand_NSE_NIFTY50_INDEX_TRAP_24042.90_20260819_111000_Structural_v3.2_RVOL0.8, payload={'price': 24052.05, 'old_sl': 24040.0, 'new_sl': 24040.95, 'old_tp': None, 'new_tp': 24070.699999999997, 'reason': 'TRAILING_SL'}
2026-08-19 11:19:36,924 - INFO - 🟡 UPDATE (TRAILING_SL) [CFStructural_v3.2_RVOL0.8|uctural_v3.2_RVOL0.8]: NSE:NIFTY50-INDEX @ 24052.05 | SL→24040.95 TP→24070.70
2026-08-19 11:19:38,007 - INFO - Retrieved live premium from Fyers API: LTP=172.15 for NSE:BANKNIFTY26AUG57700CE
2026-08-19 11:19:38,853 - INFO - Retrieved live premium from Fyers API: LTP=39.3 for NSE:NIFTY26AUG24350CE
2026-08-19 11:19:39,853 - INFO - Retrieved live premium from Fyers API: LTP=172.15 for NSE:BANKNIFTY26AUG57700CE
2026-08-19 11:19:45,163 - INFO - 📊 Saved 22 snapshots for NSE:NIFTYBANK-INDEX  (oi range: 11,910–1,318,530)
2026-08-19 11:19:46,264 - INFO - 📡 Fetching NSE:NIFTY50-INDEX @ 24055  expiry=26AUG  strikes=ATM±5
2026-08-19 11:20:05,985 - INFO - 🔔 [New Candle Closed] Running entry pipeline for candle 11:20 at 11:20:05...
2026-08-19 11:20:05,985 - INFO - --- 11:20:05 Market Pulse ---
2026-08-19 11:20:13,139 - INFO - 📊 EXECUTION AUDIT [CF_SL_MODIFIED]: trade_id=None, candidate_id=cand_NSE_NIFTY50_INDEX_TRAP_24042.90_20260819_111000_Structural_v3.2_RVOL1.0, payload={'price': 24056.5, 'old_sl': 24040.95, 'new_sl': 24045.4, 'old_tp': None, 'new_tp': 24070.699999999997, 'reason': 'TRAILING_SL'}
2026-08-19 11:20:13,219 - INFO - 🟡 UPDATE (TRAILING_SL) [CFStructural_v3.2_RVOL1.0|uctural_v3.2_RVOL1.0]: NSE:NIFTY50-INDEX @ 24056.50 | SL→24045.40 TP→24070.70
2026-08-19 11:20:13,220 - INFO - 📊 EXECUTION AUDIT [CF_SL_MODIFIED]: trade_id=None, candidate_id=cand_NSE_NIFTY50_INDEX_TRAP_24042.90_20260819_111000_Structural_v3.2_RVOL0.8, payload={'price': 24056.5, 'old_sl': 24040.95, 'new_sl': 24045.4, 'old_tp': None, 'new_tp': 24070.699999999997, 'reason': 'TRAILING_SL'}
2026-08-19 11:20:13,270 - INFO - 🟡 UPDATE (TRAILING_SL) [CFStructural_v3.2_RVOL0.8|uctural_v3.2_RVOL0.8]: NSE:NIFTY50-INDEX @ 24056.50 | SL→24045.40 TP→24070.70
2026-08-19 11:20:14,156 - INFO - Retrieved live premium from Fyers API: LTP=174.45 for NSE:BANKNIFTY26AUG57700CE
2026-08-19 11:20:15,334 - INFO - Retrieved live premium from Fyers API: LTP=39.55 for NSE:NIFTY26AUG24350CE
2026-08-19 11:20:16,160 - INFO - Retrieved live premium from Fyers API: LTP=173.75 for NSE:BANKNIFTY26AUG57700CE
2026-08-19 11:20:17,840 - INFO - 📊 Saved 22 snapshots for NSE:NIFTY50-INDEX  (oi range: 193,440–14,893,060)
2026-08-19 11:20:18,312 - INFO - Resolved active expiry from DB: 26AUG (2026-08-25)
2026-08-19 11:20:18,313 - INFO - 👻 [Structural_v3.2_RVOL1.0] CF BREAKOUT NSE:NIFTY50-INDEX BUY PUT | Rejected: ['BIAS_MISMATCH', 'LOW_EFFICIENCY', 'HIGH_WICKINESS', 'NO_TARGET_ZONE']
2026-08-19 11:20:18,313 - INFO - 📊 EXECUTION AUDIT [SIGNAL_GENERATED]: trade_id=None, candidate_id=cand_NSE_NIFTY50_INDEX_BREAKOUT_24042.90_20260819_111500_Structural_v3.2_RVOL1.0, payload={'symbol': 'NSE:NIFTY50-INDEX', 'signal': 'BUY PUT', 'strategy': 'BREAKOUT', 'price': 24053.15, 'stop_loss': 24059.982142857145, 'take_profit': 24039.485714285714, 'tp1': 24042.901785714286, 'rr_ratio': 2.0, 'timestamp': '2026-08-19T11:15:00+05:30', 'accepted': False, 'rejection_reasons': ['BIAS_MISMATCH', 'LOW_EFFICIENCY', 'HIGH_WICKINESS', 'NO_TARGET_ZONE'], 'features': {'date': '2026-08-19', 'strategy_name': 'Structural_v3', 'strategy_version': 'v3.2', 'feature_version': 'v1.1', 'market_regime': 'STRONG_TREND_DOWN_NORMAL', 'day_type': 'NORMAL_DAY', 'session_type': 'MID', 'daily_bias': 'NEUTRAL', 'hourly_bias': 'NEUTRAL', 'trend_strength': 0.0, 'rvol': 2.03, 'rvol_threshold': 1.0, 'atr': 13.66, 'distance_from_supply': 9999.0, 'distance_from_demand': 9999.0, 'nearest_supply_strength': 0.0, 'nearest_demand_strength': 0.0, 'distance_to_liquidity_pool': 9999.0, 'liquidity_score': 20.299999999999997, 'indicator_snapshot': {'rvol_tod': 2.03, 'is_compressed': True, 'bos_count': 0}, 'move_efficiency': 0.0748, 'wickiness': 0.5447, 'fft_score': 0.0, 'setup_type': 'BREAKOUT', 'candidate_id': 'cand_NSE_NIFTY50_INDEX_BREAKOUT_24042.90_20260819_111500', 'ema20': 24073.16, 'ema50': 24119.68, 'move_efficiency_h1': 0.3263, 'ema_bullish': False, 'rsi14': 28.22, 'rsi2': 50.0, 'distance_to_vwap': -0.0013, 'atr_percentile': 0.6825, 'dist_prev_high': -0.0089, 'dist_prev_low': -0.0042, 'adx': 47.47, 'adx_slope': 2.1708, 'gap_pct': -0.0001, 'regime_primary': 'STRONG_TREND_DOWN', 'regime_vol_state': 'NORMAL'}, 'candidate_id': 'cand_NSE_NIFTY50_INDEX_BREAKOUT_24042.90_20260819_111500_Structural_v3.2_RVOL1.0', 'experiment_name': 'Structural_v3.2_RVOL1.0', 'strategy_id': 'structural', 'version': 'v3.2'}
2026-08-19 11:20:18,338 - INFO - Resolved active expiry from DB: 26AUG (2026-08-25)
2026-08-19 11:20:18,352 - INFO - Resolved index signal into option contract: OptionContract(symbol='NSE:NIFTY26AUG24050PE', strike=24050.0, expiry='26AUG', option_type='PE', premium=96.3, delta=0.5, bid=96.05, ask=96.25, volume=54832050, resolved_at=datetime.datetime(2026, 8, 19, 11, 20, 18, 352691))
2026-08-19 11:20:18,352 - INFO - ⚡ Option strike selection resolved index signal to contract NSE:NIFTY26AUG24050PE @ premium 96.3 (type: PE, strike: 24050.0)
2026-08-19 11:20:18,352 - INFO - 📊 EXECUTION AUDIT [STRIKE_SELECTED]: trade_id=None, candidate_id=cand_NSE_NIFTY50_INDEX_BREAKOUT_24042.90_20260819_111500_Structural_v3.2_RVOL1.0, payload={'symbol': 'NSE:NIFTY26AUG24050PE', 'strike': 24050.0, 'expiry': '26AUG', 'type': 'PE'}
2026-08-19 11:20:18,364 - INFO - 📊 EXECUTION AUDIT [PREMIUM_RETRIEVED]: trade_id=None, candidate_id=cand_NSE_NIFTY50_INDEX_BREAKOUT_24042.90_20260819_111500_Structural_v3.2_RVOL1.0, payload={'premium': 96.3, 'bid': 96.05, 'ask': 96.25}
2026-08-19 11:20:18,376 - INFO - 📊 EXECUTION AUDIT [CF_SUBMITTED]: trade_id=None, candidate_id=cand_NSE_NIFTY50_INDEX_BREAKOUT_24042.90_20260819_111500_Structural_v3.2_RVOL1.0, payload={'price': 24053.15, 'sl': 24059.982142857145, 'tp': 24039.485714285714}
2026-08-19 11:20:18,387 - INFO - 📊 EXECUTION AUDIT [CF_FILLED]: trade_id=None, candidate_id=cand_NSE_NIFTY50_INDEX_BREAKOUT_24042.90_20260819_111500_Structural_v3.2_RVOL1.0, payload={'price': 24053.15, 'sl': 24059.982142857145, 'tp': 24039.485714285714}
2026-08-19 11:20:18,400 - INFO - 💰 Position size [BREAKOUT|STRONG_TREND_DOWN_NORMAL|conf=70]: frac=0.006 → ₹5,000 (risk/unit=0.03%)
2026-08-19 11:20:18,425 - INFO - 🟢 ENTRY [CF|Structural_v3.2_RVOL1.0|uctural_v3.2_RVOL1.0]: NSE:NIFTY50-INDEX BUY PUT @ 24053.15 | SL: 24059.98 TP: 24039.49
2026-08-19 11:20:18,425 - INFO - 👻 [Structural_v3.2_RVOL0.8] CF BREAKOUT NSE:NIFTY50-INDEX BUY PUT | Rejected: ['BIAS_MISMATCH', 'LOW_EFFICIENCY', 'HIGH_WICKINESS', 'NO_TARGET_ZONE']
2026-08-19 11:20:18,426 - INFO - 📊 EXECUTION AUDIT [SIGNAL_GENERATED]: trade_id=None, candidate_id=cand_NSE_NIFTY50_INDEX_BREAKOUT_24042.90_20260819_111500_Structural_v3.2_RVOL0.8, payload={'symbol': 'NSE:NIFTY50-INDEX', 'signal': 'BUY PUT', 'strategy': 'BREAKOUT', 'price': 24053.15, 'stop_loss': 24059.982142857145, 'take_profit': 24039.485714285714, 'tp1': 24042.901785714286, 'rr_ratio': 2.0, 'timestamp': '2026-08-19T11:15:00+05:30', 'accepted': False, 'rejection_reasons': ['BIAS_MISMATCH', 'LOW_EFFICIENCY', 'HIGH_WICKINESS', 'NO_TARGET_ZONE'], 'features': {'date': '2026-08-19', 'strategy_name': 'Structural_v3', 'strategy_version': 'v3.2', 'feature_version': 'v1.1', 'market_regime': 'STRONG_TREND_DOWN_NORMAL', 'day_type': 'NORMAL_DAY', 'session_type': 'MID', 'daily_bias': 'NEUTRAL', 'hourly_bias': 'NEUTRAL', 'trend_strength': 0.0, 'rvol': 2.03, 'rvol_threshold': 0.8, 'atr': 13.66, 'distance_from_supply': 9999.0, 'distance_from_demand': 9999.0, 'nearest_supply_strength': 0.0, 'nearest_demand_strength': 0.0, 'distance_to_liquidity_pool': 9999.0, 'liquidity_score': 20.299999999999997, 'indicator_snapshot': {'rvol_tod': 2.03, 'is_compressed': True, 'bos_count': 0}, 'move_efficiency': 0.0748, 'wickiness': 0.5447, 'fft_score': 0.0, 'setup_type': 'BREAKOUT', 'candidate_id': 'cand_NSE_NIFTY50_INDEX_BREAKOUT_24042.90_20260819_111500', 'ema20': 24073.16, 'ema50': 24119.68, 'move_efficiency_h1': 0.3263, 'ema_bullish': False, 'rsi14': 28.22, 'rsi2': 50.0, 'distance_to_vwap': -0.0013, 'atr_percentile': 0.6825, 'dist_prev_high': -0.0089, 'dist_prev_low': -0.0042, 'adx': 47.47, 'adx_slope': 2.1708, 'gap_pct': -0.0001, 'regime_primary': 'STRONG_TREND_DOWN', 'regime_vol_state': 'NORMAL'}, 'candidate_id': 'cand_NSE_NIFTY50_INDEX_BREAKOUT_24042.90_20260819_111500_Structural_v3.2_RVOL0.8', 'experiment_name': 'Structural_v3.2_RVOL0.8', 'strategy_id': 'structural', 'version': 'v3.2'}
2026-08-19 11:20:18,451 - INFO - Resolved active expiry from DB: 26AUG (2026-08-25)
2026-08-19 11:20:18,464 - INFO - Resolved index signal into option contract: OptionContract(symbol='NSE:NIFTY26AUG24050PE', strike=24050.0, expiry='26AUG', option_type='PE', premium=96.3, delta=0.5, bid=96.05, ask=96.25, volume=54832050, resolved_at=datetime.datetime(2026, 8, 19, 11, 20, 18, 464385))
2026-08-19 11:20:18,464 - INFO - ⚡ Option strike selection resolved index signal to contract NSE:NIFTY26AUG24050PE @ premium 96.3 (type: PE, strike: 24050.0)
2026-08-19 11:20:18,464 - INFO - 📊 EXECUTION AUDIT [STRIKE_SELECTED]: trade_id=None, candidate_id=cand_NSE_NIFTY50_INDEX_BREAKOUT_24042.90_20260819_111500_Structural_v3.2_RVOL0.8, payload={'symbol': 'NSE:NIFTY26AUG24050PE', 'strike': 24050.0, 'expiry': '26AUG', 'type': 'PE'}
2026-08-19 11:20:18,477 - INFO - 📊 EXECUTION AUDIT [PREMIUM_RETRIEVED]: trade_id=None, candidate_id=cand_NSE_NIFTY50_INDEX_BREAKOUT_24042.90_20260819_111500_Structural_v3.2_RVOL0.8, payload={'premium': 96.3, 'bid': 96.05, 'ask': 96.25}
2026-08-19 11:20:18,490 - INFO - 📊 EXECUTION AUDIT [CF_SUBMITTED]: trade_id=None, candidate_id=cand_NSE_NIFTY50_INDEX_BREAKOUT_24042.90_20260819_111500_Structural_v3.2_RVOL0.8, payload={'price': 24053.15, 'sl': 24059.982142857145, 'tp': 24039.485714285714}
2026-08-19 11:20:18,503 - INFO - 📊 EXECUTION AUDIT [CF_FILLED]: trade_id=None, candidate_id=cand_NSE_NIFTY50_INDEX_BREAKOUT_24042.90_20260819_111500_Structural_v3.2_RVOL0.8, payload={'price': 24053.15, 'sl': 24059.982142857145, 'tp': 24039.485714285714}
2026-08-19 11:20:18,515 - INFO - 💰 Position size [BREAKOUT|STRONG_TREND_DOWN_NORMAL|conf=70]: frac=0.006 → ₹5,000 (risk/unit=0.03%)
2026-08-19 11:20:18,541 - INFO - 🟢 ENTRY [CF|Structural_v3.2_RVOL0.8|uctural_v3.2_RVOL0.8]: NSE:NIFTY50-INDEX BUY PUT @ 24053.15 | SL: 24059.98 TP: 24039.49
2026-08-19 11:20:18,541 - INFO - 👻 [Structural_v3.3_ExitMgmt] CF BREAKOUT NSE:NIFTY50-INDEX BUY PUT | Rejected: ['BIAS_MISMATCH', 'LOW_EFFICIENCY', 'HIGH_WICKINESS', 'NO_TARGET_ZONE']
2026-08-19 11:20:18,541 - INFO - 📊 EXECUTION AUDIT [SIGNAL_GENERATED]: trade_id=None, candidate_id=cand_NSE_NIFTY50_INDEX_BREAKOUT_24042.90_20260819_111500_Structural_v3.3_ExitMgmt, payload={'symbol': 'NSE:NIFTY50-INDEX', 'signal': 'BUY PUT', 'strategy': 'BREAKOUT', 'price': 24053.15, 'stop_loss': 24059.982142857145, 'take_profit': 24039.485714285714, 'tp1': 24042.901785714286, 'rr_ratio': 2.0, 'timestamp': '2026-08-19T11:15:00+05:30', 'accepted': False, 'rejection_reasons': ['BIAS_MISMATCH', 'LOW_EFFICIENCY', 'HIGH_WICKINESS', 'NO_TARGET_ZONE'], 'features': {'date': '2026-08-19', 'strategy_name': 'Structural_v3', 'strategy_version': 'v3.2', 'feature_version': 'v1.1', 'market_regime': 'STRONG_TREND_DOWN_NORMAL', 'day_type': 'NORMAL_DAY', 'session_type': 'MID', 'daily_bias': 'NEUTRAL', 'hourly_bias': 'NEUTRAL', 'trend_strength': 0.0, 'rvol': 2.03, 'rvol_threshold': 1.0, 'atr': 13.66, 'distance_from_supply': 9999.0, 'distance_from_demand': 9999.0, 'nearest_supply_strength': 0.0, 'nearest_demand_strength': 0.0, 'distance_to_liquidity_pool': 9999.0, 'liquidity_score': 20.299999999999997, 'indicator_snapshot': {'rvol_tod': 2.03, 'is_compressed': True, 'bos_count': 0}, 'move_efficiency': 0.0748, 'wickiness': 0.5447, 'fft_score': 0.0, 'setup_type': 'BREAKOUT', 'candidate_id': 'cand_NSE_NIFTY50_INDEX_BREAKOUT_24042.90_20260819_111500', 'ema20': 24073.16, 'ema50': 24119.68, 'move_efficiency_h1': 0.3263, 'ema_bullish': False, 'rsi14': 28.22, 'rsi2': 50.0, 'distance_to_vwap': -0.0013, 'atr_percentile': 0.6825, 'dist_prev_high': -0.0089, 'dist_prev_low': -0.0042, 'adx': 47.47, 'adx_slope': 2.1708, 'gap_pct': -0.0001, 'regime_primary': 'STRONG_TREND_DOWN', 'regime_vol_state': 'NORMAL'}, 'candidate_id': 'cand_NSE_NIFTY50_INDEX_BREAKOUT_24042.90_20260819_111500_Structural_v3.3_ExitMgmt', 'experiment_name': 'Structural_v3.3_ExitMgmt', 'strategy_id': 'structural', 'version': 'v3.2'}
2026-08-19 11:20:18,567 - INFO - Resolved active expiry from DB: 26AUG (2026-08-25)
2026-08-19 11:20:18,581 - INFO - Resolved index signal into option contract: OptionContract(symbol='NSE:NIFTY26AUG24050PE', strike=24050.0, expiry='26AUG', option_type='PE', premium=96.3, delta=0.5, bid=96.05, ask=96.25, volume=54832050, resolved_at=datetime.datetime(2026, 8, 19, 11, 20, 18, 581888))
2026-08-19 11:20:18,582 - INFO - ⚡ Option strike selection resolved index signal to contract NSE:NIFTY26AUG24050PE @ premium 96.3 (type: PE, strike: 24050.0)
2026-08-19 11:20:18,582 - INFO - 📊 EXECUTION AUDIT [STRIKE_SELECTED]: trade_id=None, candidate_id=cand_NSE_NIFTY50_INDEX_BREAKOUT_24042.90_20260819_111500_Structural_v3.3_ExitMgmt, payload={'symbol': 'NSE:NIFTY26AUG24050PE', 'strike': 24050.0, 'expiry': '26AUG', 'type': 'PE'}
2026-08-19 11:20:18,594 - INFO - 📊 EXECUTION AUDIT [PREMIUM_RETRIEVED]: trade_id=None, candidate_id=cand_NSE_NIFTY50_INDEX_BREAKOUT_24042.90_20260819_111500_Structural_v3.3_ExitMgmt, payload={'premium': 96.3, 'bid': 96.05, 'ask': 96.25}
2026-08-19 11:20:18,608 - INFO - 📊 EXECUTION AUDIT [CF_SUBMITTED]: trade_id=None, candidate_id=cand_NSE_NIFTY50_INDEX_BREAKOUT_24042.90_20260819_111500_Structural_v3.3_ExitMgmt, payload={'price': 24053.15, 'sl': 24059.982142857145, 'tp': 24039.485714285714}
2026-08-19 11:20:18,620 - INFO - 📊 EXECUTION AUDIT [CF_FILLED]: trade_id=None, candidate_id=cand_NSE_NIFTY50_INDEX_BREAKOUT_24042.90_20260819_111500_Structural_v3.3_ExitMgmt, payload={'price': 24053.15, 'sl': 24059.982142857145, 'tp': 24039.485714285714}
2026-08-19 11:20:18,632 - INFO - 💰 Position size [BREAKOUT|STRONG_TREND_DOWN_NORMAL|conf=70]: frac=0.006 → ₹5,000 (risk/unit=0.03%)
2026-08-19 11:20:18,659 - INFO - 🟢 ENTRY [CF|Structural_v3.3_ExitMgmt|ctural_v3.3_ExitMgmt]: NSE:NIFTY50-INDEX BUY PUT @ 24053.15 | SL: 24059.98 TP: 24039.49
2026-08-19 11:20:19,697 - INFO - 📡 Fetching NSE:NIFTYBANK-INDEX @ 57080  expiry=26AUG  strikes=ATM±5
2026-08-19 11:20:20,473 - INFO - Resolved active expiry from DB: 26AUG (2026-08-25)
2026-08-19 11:20:35,484 - INFO - ⏱️ [Real-time Exit Loop] Checking open positions @ 11:20:35...
2026-08-19 11:20:37,606 - INFO - Retrieved live premium from Fyers API: LTP=173.1 for NSE:BANKNIFTY26AUG57700CE
2026-08-19 11:20:38,783 - INFO - Retrieved live premium from Fyers API: LTP=39.6 for NSE:NIFTY26AUG24350CE
2026-08-19 11:20:39,608 - INFO - Retrieved live premium from Fyers API: LTP=173.4 for NSE:BANKNIFTY26AUG57700CE
2026-08-19 11:20:50,209 - INFO - 📊 Saved 22 snapshots for NSE:NIFTYBANK-INDEX  (oi range: 11,910–1,316,010)
2026-08-19 11:20:51,330 - INFO - 📡 Fetching NSE:NIFTY50-INDEX @ 24053  expiry=26AUG  strikes=ATM±5
2026-08-19 11:21:05,752 - INFO - ⏱️ [Real-time Exit Loop] Checking open positions @ 11:21:05...
2026-08-19 11:21:07,864 - INFO - Retrieved live premium from Fyers API: LTP=173.0 for NSE:BANKNIFTY26AUG57700CE
2026-08-19 11:21:08,862 - INFO - Retrieved live premium from Fyers API: LTP=39.5 for NSE:NIFTY26AUG24350CE
2026-08-19 11:21:09,878 - INFO - Retrieved live premium from Fyers API: LTP=172.6 for NSE:BANKNIFTY26AUG57700CE
2026-08-19 11:21:21,194 - INFO - 📊 Saved 22 snapshots for NSE:NIFTY50-INDEX  (oi range: 194,480–14,866,930)
2026-08-19 11:21:22,292 - INFO - 📡 Fetching NSE:NIFTYBANK-INDEX @ 57065  expiry=26AUG  strikes=ATM±5
2026-08-19 11:21:35,006 - INFO - ⏱️ [Real-time Exit Loop] Checking open positions @ 11:21:35...
2026-08-19 11:21:37,108 - INFO - Retrieved live premium from Fyers API: LTP=174.2 for NSE:BANKNIFTY26AUG57700CE
2026-08-19 11:21:38,109 - INFO - Retrieved live premium from Fyers API: LTP=39.35 for NSE:NIFTY26AUG24350CE
2026-08-19 11:21:39,112 - INFO - Retrieved live premium from Fyers API: LTP=174.2 for NSE:BANKNIFTY26AUG57700CE
2026-08-19 11:21:52,582 - INFO - 📊 Saved 22 snapshots for NSE:NIFTYBANK-INDEX  (oi range: 11,910–1,315,170)
2026-08-19 11:21:53,687 - INFO - 📡 Fetching NSE:NIFTY50-INDEX @ 24056  expiry=26AUG  strikes=ATM±5
2026-08-19 11:22:05,244 - INFO - ⏱️ [Real-time Exit Loop] Checking open positions @ 11:22:05...
2026-08-19 11:22:06,501 - INFO - 📊 EXECUTION AUDIT [CF_SL_MODIFIED]: trade_id=None, candidate_id=cand_NSE_NIFTY50_INDEX_TRAP_24042.90_20260819_111000_Structural_v3.2_RVOL1.0, payload={'price': 24058.9, 'old_sl': 24045.4, 'new_sl': 24047.800000000003, 'old_tp': None, 'new_tp': 24070.699999999997, 'reason': 'TRAILING_SL'}
2026-08-19 11:22:06,581 - INFO - 🟡 UPDATE (TRAILING_SL) [CFStructural_v3.2_RVOL1.0|uctural_v3.2_RVOL1.0]: NSE:NIFTY50-INDEX @ 24058.90 | SL→24047.80 TP→24070.70
2026-08-19 11:22:06,582 - INFO - 📊 EXECUTION AUDIT [CF_SL_MODIFIED]: trade_id=None, candidate_id=cand_NSE_NIFTY50_INDEX_TRAP_24042.90_20260819_111000_Structural_v3.2_RVOL0.8, payload={'price': 24058.9, 'old_sl': 24045.4, 'new_sl': 24047.800000000003, 'old_tp': None, 'new_tp': 24070.699999999997, 'reason': 'TRAILING_SL'}
2026-08-19 11:22:06,631 - INFO - 🟡 UPDATE (TRAILING_SL) [CFStructural_v3.2_RVOL0.8|uctural_v3.2_RVOL0.8]: NSE:NIFTY50-INDEX @ 24058.90 | SL→24047.80 TP→24070.70
2026-08-19 11:22:06,632 - INFO - 📊 EXECUTION AUDIT [CF_SL_MODIFIED]: trade_id=None, candidate_id=cand_NSE_NIFTY50_INDEX_TRAP_24042.90_20260819_111000_Structural_v3.3_ExitMgmt, payload={'price': 24058.9, 'old_sl': 24037.4, 'new_sl': 24038.41, 'old_tp': None, 'new_tp': 24070.699999999997, 'reason': 'TRAILING_SL'}
2026-08-19 11:22:06,679 - INFO - 🟡 UPDATE (TRAILING_SL) [CFStructural_v3.3_ExitMgmt|ctural_v3.3_ExitMgmt]: NSE:NIFTY50-INDEX @ 24058.90 | SL→24038.41 TP→24070.70
2026-08-19 11:22:07,357 - INFO - Retrieved live premium from Fyers API: LTP=175.45 for NSE:BANKNIFTY26AUG57700CE
2026-08-19 11:22:08,355 - INFO - Retrieved live premium from Fyers API: LTP=40.2 for NSE:NIFTY26AUG24350CE
2026-08-19 11:22:09,520 - INFO - Retrieved live premium from Fyers API: LTP=175.9 for NSE:BANKNIFTY26AUG57700CE
2026-08-19 11:22:23,783 - INFO - 📊 Saved 22 snapshots for NSE:NIFTY50-INDEX  (oi range: 194,285–14,927,380)
2026-08-19 11:22:24,881 - INFO - 📡 Fetching NSE:NIFTYBANK-INDEX @ 57075  expiry=26AUG  strikes=ATM±5
2026-08-19 11:22:35,661 - INFO - ⏱️ [Real-time Exit Loop] Checking open positions @ 11:22:35...
2026-08-19 11:22:36,760 - INFO - 📊 EXECUTION AUDIT [CF_SL_MODIFIED]: trade_id=None, candidate_id=cand_NSE_NIFTY50_INDEX_TRAP_24042.90_20260819_111000_Structural_v3.2_RVOL1.0, payload={'price': 24059.25, 'old_sl': 24047.800000000003, 'new_sl': 24048.15, 'old_tp': None, 'new_tp': 24070.699999999997, 'reason': 'TRAILING_SL'}
2026-08-19 11:22:36,826 - INFO - 🟡 UPDATE (TRAILING_SL) [CFStructural_v3.2_RVOL1.0|uctural_v3.2_RVOL1.0]: NSE:NIFTY50-INDEX @ 24059.25 | SL→24048.15 TP→24070.70
2026-08-19 11:22:36,826 - INFO - 📊 EXECUTION AUDIT [CF_SL_MODIFIED]: trade_id=None, candidate_id=cand_NSE_NIFTY50_INDEX_TRAP_24042.90_20260819_111000_Structural_v3.2_RVOL0.8, payload={'price': 24059.25, 'old_sl': 24047.800000000003, 'new_sl': 24048.15, 'old_tp': None, 'new_tp': 24070.699999999997, 'reason': 'TRAILING_SL'}
2026-08-19 11:22:36,867 - INFO - 🟡 UPDATE (TRAILING_SL) [CFStructural_v3.2_RVOL0.8|uctural_v3.2_RVOL0.8]: NSE:NIFTY50-INDEX @ 24059.25 | SL→24048.15 TP→24070.70
2026-08-19 11:22:36,867 - INFO - 📊 EXECUTION AUDIT [CF_SL_MODIFIED]: trade_id=None, candidate_id=cand_NSE_NIFTY50_INDEX_TRAP_24042.90_20260819_111000_Structural_v3.3_ExitMgmt, payload={'price': 24059.25, 'old_sl': 24038.41, 'new_sl': 24038.76, 'old_tp': None, 'new_tp': 24070.699999999997, 'reason': 'TRAILING_SL'}
2026-08-19 11:22:36,903 - INFO - 🟡 UPDATE (TRAILING_SL) [CFStructural_v3.3_ExitMgmt|ctural_v3.3_ExitMgmt]: NSE:NIFTY50-INDEX @ 24059.25 | SL→24038.76 TP→24070.70
2026-08-19 11:22:37,769 - INFO - Retrieved live premium from Fyers API: LTP=175.95 for NSE:BANKNIFTY26AUG57700CE
2026-08-19 11:22:38,777 - INFO - Retrieved live premium from Fyers API: LTP=40.2 for NSE:NIFTY26AUG24350CE
2026-08-19 11:22:39,792 - INFO - Retrieved live premium from Fyers API: LTP=176.1 for NSE:BANKNIFTY26AUG57700CE
2026-08-19 11:22:54,598 - INFO - 📊 Saved 22 snapshots for NSE:NIFTYBANK-INDEX  (oi range: 11,910–1,315,080)
2026-08-19 11:22:55,857 - INFO - 📡 Fetching NSE:NIFTY50-INDEX @ 24060  expiry=26AUG  strikes=ATM±5
2026-08-19 11:23:05,923 - INFO - ⏱️ [Real-time Exit Loop] Checking open positions @ 11:23:05...
2026-08-19 11:23:08,050 - INFO - Retrieved live premium from Fyers API: LTP=174.0 for NSE:BANKNIFTY26AUG57700CE
2026-08-19 11:23:09,050 - INFO - Retrieved live premium from Fyers API: LTP=39.6 for NSE:NIFTY26AUG24350CE
2026-08-19 11:23:10,051 - INFO - Retrieved live premium from Fyers API: LTP=174.0 for NSE:BANKNIFTY26AUG57700CE
2026-08-19 11:23:25,796 - INFO - 📊 Saved 22 snapshots for NSE:NIFTY50-INDEX  (oi range: 190,645–14,885,845)
2026-08-19 11:23:26,899 - INFO - 📡 Fetching NSE:NIFTYBANK-INDEX @ 57079  expiry=26AUG  strikes=ATM±5
2026-08-19 11:23:35,174 - INFO - ⏱️ [Real-time Exit Loop] Checking open positions @ 11:23:35...
2026-08-19 11:23:37,287 - INFO - Retrieved live premium from Fyers API: LTP=173.3 for NSE:BANKNIFTY26AUG57700CE
2026-08-19 11:23:38,288 - INFO - Retrieved live premium from Fyers API: LTP=39.7 for NSE:NIFTY26AUG24350CE
2026-08-19 11:23:39,296 - INFO - Retrieved live premium from Fyers API: LTP=173.3 for NSE:BANKNIFTY26AUG57700CE
2026-08-19 11:23:56,732 - INFO - 📊 Saved 22 snapshots for NSE:NIFTYBANK-INDEX  (oi range: 11,880–1,317,210)
2026-08-19 11:23:57,834 - INFO - 📡 Fetching NSE:NIFTY50-INDEX @ 24057  expiry=26AUG  strikes=ATM±5
2026-08-19 11:24:05,430 - INFO - ⏱️ [Real-time Exit Loop] Checking open positions @ 11:24:05...
2026-08-19 11:24:07,538 - INFO - Retrieved live premium from Fyers API: LTP=171.15 for NSE:BANKNIFTY26AUG57700CE
2026-08-19 11:24:08,541 - INFO - Retrieved live premium from Fyers API: LTP=39.25 for NSE:NIFTY26AUG24350CE
2026-08-19 11:24:09,547 - INFO - Retrieved live premium from Fyers API: LTP=171.15 for NSE:BANKNIFTY26AUG57700CE
2026-08-19 11:24:27,318 - INFO - 📊 Saved 22 snapshots for NSE:NIFTY50-INDEX  (oi range: 192,075–14,919,775)
2026-08-19 11:24:28,563 - INFO - 📡 Fetching NSE:NIFTYBANK-INDEX @ 57056  expiry=26AUG  strikes=ATM±5
2026-08-19 11:24:35,681 - INFO - ⏱️ [Real-time Exit Loop] Checking open positions @ 11:24:35...
2026-08-19 11:24:37,772 - INFO - Retrieved live premium from Fyers API: LTP=168.75 for NSE:BANKNIFTY26AUG57700CE
2026-08-19 11:24:38,772 - INFO - Retrieved live premium from Fyers API: LTP=39.15 for NSE:NIFTY26AUG24350CE
2026-08-19 11:24:39,785 - INFO - Retrieved live premium from Fyers API: LTP=169.4 for NSE:BANKNIFTY26AUG57700CE
2026-08-19 11:24:58,152 - INFO - 📊 Saved 22 snapshots for NSE:NIFTYBANK-INDEX  (oi range: 11,880–1,322,970)
2026-08-19 11:24:59,249 - INFO - 📡 Fetching NSE:NIFTY50-INDEX @ 24052  expiry=26AUG  strikes=ATM±5
2026-08-19 11:25:05,907 - INFO - 🔔 [New Candle Closed] Running entry pipeline for candle 11:25 at 11:25:05...
2026-08-19 11:25:05,907 - INFO - --- 11:25:05 Market Pulse ---
2026-08-19 11:25:13,220 - INFO - 📊 EXECUTION AUDIT [CF_EXITED]: trade_id=None, candidate_id=cand_NSE_NIFTY50_INDEX_BREAKOUT_24042.90_20260819_111500_Structural_v3.2_RVOL1.0, payload={'exit_price': 24059.982142857145, 'exit_reason': 'INITIAL_SL', 'pnl_r': 0.007792207792207792, 'duration_minutes': 4.998697566666666, 'bars_held': 1}
2026-08-19 11:25:13,297 - INFO - 🔴 EXIT (INITIAL_SL) [CFStructural_v3.2_RVOL1.0|uctural_v3.2_RVOL1.0]: NSE:NIFTY50-INDEX @ 24059.98 | PnL +0.01R | MFE 0.14R | Capture N/A | 1bars HoldEff +0.008R/bar
2026-08-19 11:25:13,298 - INFO - 📊 EXECUTION AUDIT [CF_EXITED]: trade_id=None, candidate_id=cand_NSE_NIFTY50_INDEX_BREAKOUT_24042.90_20260819_111500_Structural_v3.2_RVOL0.8, payload={'exit_price': 24059.982142857145, 'exit_reason': 'INITIAL_SL', 'pnl_r': 0.007792207792207792, 'duration_minutes': 4.998697566666666, 'bars_held': 1}
2026-08-19 11:25:13,342 - INFO - 🔴 EXIT (INITIAL_SL) [CFStructural_v3.2_RVOL0.8|uctural_v3.2_RVOL0.8]: NSE:NIFTY50-INDEX @ 24059.98 | PnL +0.01R | MFE 0.14R | Capture N/A | 1bars HoldEff +0.008R/bar
2026-08-19 11:25:13,343 - INFO - 📊 EXECUTION AUDIT [CF_EXITED]: trade_id=None, candidate_id=cand_NSE_NIFTY50_INDEX_BREAKOUT_24042.90_20260819_111500_Structural_v3.3_ExitMgmt, payload={'exit_price': 24059.982142857145, 'exit_reason': 'INITIAL_SL', 'pnl_r': 0.007792207792207792, 'duration_minutes': 4.998697566666666, 'bars_held': 1}
2026-08-19 11:25:13,380 - INFO - 🔴 EXIT (INITIAL_SL) [CFStructural_v3.3_ExitMgmt|ctural_v3.3_ExitMgmt]: NSE:NIFTY50-INDEX @ 24059.98 | PnL +0.01R | MFE 0.14R | Capture N/A | 1bars HoldEff +0.008R/bar
2026-08-19 11:25:14,057 - INFO - Retrieved live premium from Fyers API: LTP=169.0 for NSE:BANKNIFTY26AUG57700CE
2026-08-19 11:25:15,064 - INFO - Retrieved live premium from Fyers API: LTP=38.7 for NSE:NIFTY26AUG24350CE
2026-08-19 11:25:16,064 - INFO - Retrieved live premium from Fyers API: LTP=168.6 for NSE:BANKNIFTY26AUG57700CE
2026-08-19 11:25:18,261 - INFO - Resolved active expiry from DB: 26AUG (2026-08-25)
2026-08-19 11:25:18,261 - INFO - 👻 [Structural_v3.2_RVOL1.0] CF BREAKOUT NSE:NIFTY50-INDEX BUY PUT | Rejected: ['BIAS_MISMATCH', 'LOW_EFFICIENCY', 'HIGH_WICKINESS', 'NO_TARGET_ZONE']
2026-08-19 11:25:18,261 - INFO - 📊 EXECUTION AUDIT [SIGNAL_GENERATED]: trade_id=None, candidate_id=cand_NSE_NIFTY50_INDEX_BREAKOUT_24027.90_20260819_112000_Structural_v3.2_RVOL1.0, payload={'symbol': 'NSE:NIFTY50-INDEX', 'signal': 'BUY PUT', 'strategy': 'BREAKOUT', 'price': 24052.25, 'stop_loss': 24058.985714285714, 'take_profit': 24038.77857142857, 'tp1': 24042.14642857143, 'rr_ratio': 2.0, 'timestamp': '2026-08-19T11:20:00+05:30', 'accepted': False, 'rejection_reasons': ['BIAS_MISMATCH', 'LOW_EFFICIENCY', 'HIGH_WICKINESS', 'NO_TARGET_ZONE'], 'features': {'date': '2026-08-19', 'strategy_name': 'Structural_v3', 'strategy_version': 'v3.2', 'feature_version': 'v1.1', 'market_regime': 'STRONG_TREND_DOWN_NORMAL', 'day_type': 'NORMAL_DAY', 'session_type': 'MID', 'daily_bias': 'NEUTRAL', 'hourly_bias': 'NEUTRAL', 'trend_strength': 0.0, 'rvol': 3.79, 'rvol_threshold': 1.0, 'atr': 13.47, 'distance_from_supply': 9999.0, 'distance_from_demand': 9999.0, 'nearest_supply_strength': 0.0, 'nearest_demand_strength': 0.0, 'distance_to_liquidity_pool': 9999.0, 'liquidity_score': 37.9, 'indicator_snapshot': {'rvol_tod': 3.79, 'is_compressed': True, 'bos_count': 0}, 'move_efficiency': 0.0057, 'wickiness': 0.5608, 'fft_score': 0.0, 'setup_type': 'BREAKOUT', 'candidate_id': 'cand_NSE_NIFTY50_INDEX_BREAKOUT_24027.90_20260819_112000', 'ema20': 24071.17, 'ema50': 24117.04, 'move_efficiency_h1': 0.2895, 'ema_bullish': False, 'rsi14': 28.75, 'rsi2': 83.78, 'distance_to_vwap': -0.0013, 'atr_percentile': 0.654, 'dist_prev_high': -0.009, 'dist_prev_low': -0.0042, 'adx': 47.0, 'adx_slope': 0.6681, 'gap_pct': -0.0001, 'regime_primary': 'STRONG_TREND_DOWN', 'regime_vol_state': 'NORMAL'}, 'candidate_id': 'cand_NSE_NIFTY50_INDEX_BREAKOUT_24027.90_20260819_112000_Structural_v3.2_RVOL1.0', 'experiment_name': 'Structural_v3.2_RVOL1.0', 'strategy_id': 'structural', 'version': 'v3.2'}
2026-08-19 11:25:18,281 - INFO - Resolved active expiry from DB: 26AUG (2026-08-25)
2026-08-19 11:25:18,292 - INFO - Resolved index signal into option contract: OptionContract(symbol='NSE:NIFTY26AUG24050PE', strike=24050.0, expiry='26AUG', option_type='PE', premium=95.9, delta=0.5, bid=95.55, ask=95.75, volume=56161495, resolved_at=datetime.datetime(2026, 8, 19, 11, 25, 18, 292801))
2026-08-19 11:25:18,292 - INFO - ⚡ Option strike selection resolved index signal to contract NSE:NIFTY26AUG24050PE @ premium 95.9 (type: PE, strike: 24050.0)
2026-08-19 11:25:18,293 - INFO - 📊 EXECUTION AUDIT [STRIKE_SELECTED]: trade_id=None, candidate_id=cand_NSE_NIFTY50_INDEX_BREAKOUT_24027.90_20260819_112000_Structural_v3.2_RVOL1.0, payload={'symbol': 'NSE:NIFTY26AUG24050PE', 'strike': 24050.0, 'expiry': '26AUG', 'type': 'PE'}
2026-08-19 11:25:18,304 - INFO - 📊 EXECUTION AUDIT [PREMIUM_RETRIEVED]: trade_id=None, candidate_id=cand_NSE_NIFTY50_INDEX_BREAKOUT_24027.90_20260819_112000_Structural_v3.2_RVOL1.0, payload={'premium': 95.9, 'bid': 95.55, 'ask': 95.75}
2026-08-19 11:25:18,315 - INFO - 📊 EXECUTION AUDIT [CF_SUBMITTED]: trade_id=None, candidate_id=cand_NSE_NIFTY50_INDEX_BREAKOUT_24027.90_20260819_112000_Structural_v3.2_RVOL1.0, payload={'price': 24052.25, 'sl': 24058.985714285714, 'tp': 24038.77857142857}
2026-08-19 11:25:18,326 - INFO - 📊 EXECUTION AUDIT [CF_FILLED]: trade_id=None, candidate_id=cand_NSE_NIFTY50_INDEX_BREAKOUT_24027.90_20260819_112000_Structural_v3.2_RVOL1.0, payload={'price': 24052.25, 'sl': 24058.985714285714, 'tp': 24038.77857142857}
2026-08-19 11:25:18,337 - INFO - 💰 Position size [BREAKOUT|STRONG_TREND_DOWN_NORMAL|conf=70]: frac=0.006 → ₹5,000 (risk/unit=0.03%)
2026-08-19 11:25:18,362 - INFO - 🟢 ENTRY [CF|Structural_v3.2_RVOL1.0|uctural_v3.2_RVOL1.0]: NSE:NIFTY50-INDEX BUY PUT @ 24052.25 | SL: 24058.99 TP: 24038.78
2026-08-19 11:25:18,362 - INFO - 👻 [Structural_v3.2_RVOL0.8] CF BREAKOUT NSE:NIFTY50-INDEX BUY PUT | Rejected: ['BIAS_MISMATCH', 'LOW_EFFICIENCY', 'HIGH_WICKINESS', 'NO_TARGET_ZONE']
2026-08-19 11:25:18,362 - INFO - 📊 EXECUTION AUDIT [SIGNAL_GENERATED]: trade_id=None, candidate_id=cand_NSE_NIFTY50_INDEX_BREAKOUT_24027.90_20260819_112000_Structural_v3.2_RVOL0.8, payload={'symbol': 'NSE:NIFTY50-INDEX', 'signal': 'BUY PUT', 'strategy': 'BREAKOUT', 'price': 24052.25, 'stop_loss': 24058.985714285714, 'take_profit': 24038.77857142857, 'tp1': 24042.14642857143, 'rr_ratio': 2.0, 'timestamp': '2026-08-19T11:20:00+05:30', 'accepted': False, 'rejection_reasons': ['BIAS_MISMATCH', 'LOW_EFFICIENCY', 'HIGH_WICKINESS', 'NO_TARGET_ZONE'], 'features': {'date': '2026-08-19', 'strategy_name': 'Structural_v3', 'strategy_version': 'v3.2', 'feature_version': 'v1.1', 'market_regime': 'STRONG_TREND_DOWN_NORMAL', 'day_type': 'NORMAL_DAY', 'session_type': 'MID', 'daily_bias': 'NEUTRAL', 'hourly_bias': 'NEUTRAL', 'trend_strength': 0.0, 'rvol': 3.79, 'rvol_threshold': 0.8, 'atr': 13.47, 'distance_from_supply': 9999.0, 'distance_from_demand': 9999.0, 'nearest_supply_strength': 0.0, 'nearest_demand_strength': 0.0, 'distance_to_liquidity_pool': 9999.0, 'liquidity_score': 37.9, 'indicator_snapshot': {'rvol_tod': 3.79, 'is_compressed': True, 'bos_count': 0}, 'move_efficiency': 0.0057, 'wickiness': 0.5608, 'fft_score': 0.0, 'setup_type': 'BREAKOUT', 'candidate_id': 'cand_NSE_NIFTY50_INDEX_BREAKOUT_24027.90_20260819_112000', 'ema20': 24071.17, 'ema50': 24117.04, 'move_efficiency_h1': 0.2895, 'ema_bullish': False, 'rsi14': 28.75, 'rsi2': 83.78, 'distance_to_vwap': -0.0013, 'atr_percentile': 0.654, 'dist_prev_high': -0.009, 'dist_prev_low': -0.0042, 'adx': 47.0, 'adx_slope': 0.6681, 'gap_pct': -0.0001, 'regime_primary': 'STRONG_TREND_DOWN', 'regime_vol_state': 'NORMAL'}, 'candidate_id': 'cand_NSE_NIFTY50_INDEX_BREAKOUT_24027.90_20260819_112000_Structural_v3.2_RVOL0.8', 'experiment_name': 'Structural_v3.2_RVOL0.8', 'strategy_id': 'structural', 'version': 'v3.2'}
2026-08-19 11:25:18,387 - INFO - Resolved active expiry from DB: 26AUG (2026-08-25)
2026-08-19 11:25:18,402 - INFO - Resolved index signal into option contract: OptionContract(symbol='NSE:NIFTY26AUG24050PE', strike=24050.0, expiry='26AUG', option_type='PE', premium=95.9, delta=0.5, bid=95.55, ask=95.75, volume=56161495, resolved_at=datetime.datetime(2026, 8, 19, 11, 25, 18, 402175))
2026-08-19 11:25:18,402 - INFO - ⚡ Option strike selection resolved index signal to contract NSE:NIFTY26AUG24050PE @ premium 95.9 (type: PE, strike: 24050.0)
2026-08-19 11:25:18,402 - INFO - 📊 EXECUTION AUDIT [STRIKE_SELECTED]: trade_id=None, candidate_id=cand_NSE_NIFTY50_INDEX_BREAKOUT_24027.90_20260819_112000_Structural_v3.2_RVOL0.8, payload={'symbol': 'NSE:NIFTY26AUG24050PE', 'strike': 24050.0, 'expiry': '26AUG', 'type': 'PE'}
2026-08-19 11:25:18,413 - INFO - 📊 EXECUTION AUDIT [PREMIUM_RETRIEVED]: trade_id=None, candidate_id=cand_NSE_NIFTY50_INDEX_BREAKOUT_24027.90_20260819_112000_Structural_v3.2_RVOL0.8, payload={'premium': 95.9, 'bid': 95.55, 'ask': 95.75}
2026-08-19 11:25:18,426 - INFO - 📊 EXECUTION AUDIT [CF_SUBMITTED]: trade_id=None, candidate_id=cand_NSE_NIFTY50_INDEX_BREAKOUT_24027.90_20260819_112000_Structural_v3.2_RVOL0.8, payload={'price': 24052.25, 'sl': 24058.985714285714, 'tp': 24038.77857142857}
2026-08-19 11:25:18,436 - INFO - 📊 EXECUTION AUDIT [CF_FILLED]: trade_id=None, candidate_id=cand_NSE_NIFTY50_INDEX_BREAKOUT_24027.90_20260819_112000_Structural_v3.2_RVOL0.8, payload={'price': 24052.25, 'sl': 24058.985714285714, 'tp': 24038.77857142857}
2026-08-19 11:25:18,446 - INFO - 💰 Position size [BREAKOUT|STRONG_TREND_DOWN_NORMAL|conf=70]: frac=0.006 → ₹5,000 (risk/unit=0.03%)
2026-08-19 11:25:18,470 - INFO - 🟢 ENTRY [CF|Structural_v3.2_RVOL0.8|uctural_v3.2_RVOL0.8]: NSE:NIFTY50-INDEX BUY PUT @ 24052.25 | SL: 24058.99 TP: 24038.78
2026-08-19 11:25:18,470 - INFO - 👻 [Structural_v3.3_ExitMgmt] CF BREAKOUT NSE:NIFTY50-INDEX BUY PUT | Rejected: ['BIAS_MISMATCH', 'LOW_EFFICIENCY', 'HIGH_WICKINESS', 'NO_TARGET_ZONE']
2026-08-19 11:25:18,470 - INFO - 📊 EXECUTION AUDIT [SIGNAL_GENERATED]: trade_id=None, candidate_id=cand_NSE_NIFTY50_INDEX_BREAKOUT_24027.90_20260819_112000_Structural_v3.3_ExitMgmt, payload={'symbol': 'NSE:NIFTY50-INDEX', 'signal': 'BUY PUT', 'strategy': 'BREAKOUT', 'price': 24052.25, 'stop_loss': 24058.985714285714, 'take_profit': 24038.77857142857, 'tp1': 24042.14642857143, 'rr_ratio': 2.0, 'timestamp': '2026-08-19T11:20:00+05:30', 'accepted': False, 'rejection_reasons': ['BIAS_MISMATCH', 'LOW_EFFICIENCY', 'HIGH_WICKINESS', 'NO_TARGET_ZONE'], 'features': {'date': '2026-08-19', 'strategy_name': 'Structural_v3', 'strategy_version': 'v3.2', 'feature_version': 'v1.1', 'market_regime': 'STRONG_TREND_DOWN_NORMAL', 'day_type': 'NORMAL_DAY', 'session_type': 'MID', 'daily_bias': 'NEUTRAL', 'hourly_bias': 'NEUTRAL', 'trend_strength': 0.0, 'rvol': 3.79, 'rvol_threshold': 1.0, 'atr': 13.47, 'distance_from_supply': 9999.0, 'distance_from_demand': 9999.0, 'nearest_supply_strength': 0.0, 'nearest_demand_strength': 0.0, 'distance_to_liquidity_pool': 9999.0, 'liquidity_score': 37.9, 'indicator_snapshot': {'rvol_tod': 3.79, 'is_compressed': True, 'bos_count': 0}, 'move_efficiency': 0.0057, 'wickiness': 0.5608, 'fft_score': 0.0, 'setup_type': 'BREAKOUT', 'candidate_id': 'cand_NSE_NIFTY50_INDEX_BREAKOUT_24027.90_20260819_112000', 'ema20': 24071.17, 'ema50': 24117.04, 'move_efficiency_h1': 0.2895, 'ema_bullish': False, 'rsi14': 28.75, 'rsi2': 83.78, 'distance_to_vwap': -0.0013, 'atr_percentile': 0.654, 'dist_prev_high': -0.009, 'dist_prev_low': -0.0042, 'adx': 47.0, 'adx_slope': 0.6681, 'gap_pct': -0.0001, 'regime_primary': 'STRONG_TREND_DOWN', 'regime_vol_state': 'NORMAL'}, 'candidate_id': 'cand_NSE_NIFTY50_INDEX_BREAKOUT_24027.90_20260819_112000_Structural_v3.3_ExitMgmt', 'experiment_name': 'Structural_v3.3_ExitMgmt', 'strategy_id': 'structural', 'version': 'v3.2'}
2026-08-19 11:25:18,493 - INFO - Resolved active expiry from DB: 26AUG (2026-08-25)
2026-08-19 11:25:18,506 - INFO - Resolved index signal into option contract: OptionContract(symbol='NSE:NIFTY26AUG24050PE', strike=24050.0, expiry='26AUG', option_type='PE', premium=95.9, delta=0.5, bid=95.55, ask=95.75, volume=56161495, resolved_at=datetime.datetime(2026, 8, 19, 11, 25, 18, 506896))
2026-08-19 11:25:18,507 - INFO - ⚡ Option strike selection resolved index signal to contract NSE:NIFTY26AUG24050PE @ premium 95.9 (type: PE, strike: 24050.0)
2026-08-19 11:25:18,507 - INFO - 📊 EXECUTION AUDIT [STRIKE_SELECTED]: trade_id=None, candidate_id=cand_NSE_NIFTY50_INDEX_BREAKOUT_24027.90_20260819_112000_Structural_v3.3_ExitMgmt, payload={'symbol': 'NSE:NIFTY26AUG24050PE', 'strike': 24050.0, 'expiry': '26AUG', 'type': 'PE'}
2026-08-19 11:25:18,518 - INFO - 📊 EXECUTION AUDIT [PREMIUM_RETRIEVED]: trade_id=None, candidate_id=cand_NSE_NIFTY50_INDEX_BREAKOUT_24027.90_20260819_112000_Structural_v3.3_ExitMgmt, payload={'premium': 95.9, 'bid': 95.55, 'ask': 95.75}
2026-08-19 11:25:18,528 - INFO - 📊 EXECUTION AUDIT [CF_SUBMITTED]: trade_id=None, candidate_id=cand_NSE_NIFTY50_INDEX_BREAKOUT_24027.90_20260819_112000_Structural_v3.3_ExitMgmt, payload={'price': 24052.25, 'sl': 24058.985714285714, 'tp': 24038.77857142857}
2026-08-19 11:25:18,538 - INFO - 📊 EXECUTION AUDIT [CF_FILLED]: trade_id=None, candidate_id=cand_NSE_NIFTY50_INDEX_BREAKOUT_24027.90_20260819_112000_Structural_v3.3_ExitMgmt, payload={'price': 24052.25, 'sl': 24058.985714285714, 'tp': 24038.77857142857}
2026-08-19 11:25:18,549 - INFO - 💰 Position size [BREAKOUT|STRONG_TREND_DOWN_NORMAL|conf=70]: frac=0.006 → ₹5,000 (risk/unit=0.03%)
2026-08-19 11:25:18,574 - INFO - 🟢 ENTRY [CF|Structural_v3.3_ExitMgmt|ctural_v3.3_ExitMgmt]: NSE:NIFTY50-INDEX BUY PUT @ 24052.25 | SL: 24058.99 TP: 24038.78
2026-08-19 11:25:18,575 - INFO - 👻 [VWAP_Reversion_1.5ATR_RVOL1.0] CF REVERSION NSE:NIFTY50-INDEX BUY CALL | Rejected: ['LOW_EFFICIENCY']
2026-08-19 11:25:18,575 - INFO - 📊 EXECUTION AUDIT [SIGNAL_GENERATED]: trade_id=None, candidate_id=cand_NSE_NIFTY50_INDEX_VWAPREV_24052.25_20260819_112505_VWAP_Reversion_1.5ATR_RVOL1.0, payload={'symbol': 'NSE:NIFTY50-INDEX', 'signal': 'BUY CALL', 'strategy': 'REVERSION', 'price': 24052.25, 'stop_loss': 24045.515, 'take_profit': 24083.55862621408, 'tp1': 24062.3525, 'rr_ratio': 4.65, 'timestamp': '2026-08-19T11:25:05.907614+05:30', 'accepted': False, 'rejection_reasons': ['LOW_EFFICIENCY'], 'features': {'atr': 13.47, 'ema20': 24071.17, 'ema50': 24117.04, 'move_efficiency': 0.0057, 'move_efficiency_h1': 0.2895, 'wickiness': 0.5608, 'ema_bullish': False, 'rsi14': 28.75, 'rsi2': 83.78, 'distance_to_vwap': -0.0013, 'atr_percentile': 0.654, 'dist_prev_high': -0.009, 'dist_prev_low': -0.0042, 'adx': 47.0, 'adx_slope': 0.6681, 'gap_pct': -0.0001, 'regime_primary': 'STRONG_TREND_DOWN', 'regime_vol_state': 'NORMAL', 'market_regime': 'STRONG_TREND_DOWN_NORMAL'}, 'candidate_id': 'cand_NSE_NIFTY50_INDEX_VWAPREV_24052.25_20260819_112505_VWAP_Reversion_1.5ATR_RVOL1.0', 'confidence': 0.5, 'diagnostics': {'distance_to_vwap': -0.0013, 'abs_distance': 31.31, 'vwap_price': 24083.56, 'stretch_threshold': 20.21, 'rvol': 3.79, 'atr': 13.47, 'atr_percentile': 0.654, 'move_efficiency': 0.006}, 'experiment_name': 'VWAP_Reversion_1.5ATR_RVOL1.0', 'strategy_id': 'vwap_reversion', 'version': 'v1.0'}
2026-08-19 11:25:18,599 - INFO - Resolved active expiry from DB: 26AUG (2026-08-25)
2026-08-19 11:25:18,613 - INFO - Resolved index signal into option contract: OptionContract(symbol='NSE:NIFTY26AUG24050CE', strike=24050.0, expiry='26AUG', option_type='CE', premium=156.6, delta=0.5, bid=156.25, ask=156.65, volume=25356500, resolved_at=datetime.datetime(2026, 8, 19, 11, 25, 18, 613525))
2026-08-19 11:25:18,613 - INFO - ⚡ Option strike selection resolved index signal to contract NSE:NIFTY26AUG24050CE @ premium 156.6 (type: CE, strike: 24050.0)
2026-08-19 11:25:18,613 - INFO - 📊 EXECUTION AUDIT [STRIKE_SELECTED]: trade_id=None, candidate_id=cand_NSE_NIFTY50_INDEX_VWAPREV_24052.25_20260819_112505_VWAP_Reversion_1.5ATR_RVOL1.0, payload={'symbol': 'NSE:NIFTY26AUG24050CE', 'strike': 24050.0, 'expiry': '26AUG', 'type': 'CE'}
2026-08-19 11:25:18,624 - INFO - 📊 EXECUTION AUDIT [PREMIUM_RETRIEVED]: trade_id=None, candidate_id=cand_NSE_NIFTY50_INDEX_VWAPREV_24052.25_20260819_112505_VWAP_Reversion_1.5ATR_RVOL1.0, payload={'premium': 156.6, 'bid': 156.25, 'ask': 156.65}
2026-08-19 11:25:18,635 - INFO - 📊 EXECUTION AUDIT [CF_SUBMITTED]: trade_id=None, candidate_id=cand_NSE_NIFTY50_INDEX_VWAPREV_24052.25_20260819_112505_VWAP_Reversion_1.5ATR_RVOL1.0, payload={'price': 24052.25, 'sl': 24045.515, 'tp': 24083.55862621408}
2026-08-19 11:25:18,645 - INFO - 📊 EXECUTION AUDIT [CF_FILLED]: trade_id=None, candidate_id=cand_NSE_NIFTY50_INDEX_VWAPREV_24052.25_20260819_112505_VWAP_Reversion_1.5ATR_RVOL1.0, payload={'price': 24052.25, 'sl': 24045.515, 'tp': 24083.55862621408}
2026-08-19 11:25:18,655 - INFO - 💰 Position size [REVERSION|STRONG_TREND_DOWN_NORMAL|conf=0]: frac=0.004 → ₹5,000 (risk/unit=0.03%)
2026-08-19 11:25:18,679 - INFO - 🟢 ENTRY [CF|VWAP_Reversion_1.5ATR_RVOL1.0|rsion_1.5ATR_RVOL1.0]: NSE:NIFTY50-INDEX BUY CALL @ 24052.25 | SL: 24045.51 TP: 24083.56
2026-08-19 11:25:20,481 - INFO - Resolved active expiry from DB: 26AUG (2026-08-25)
2026-08-19 11:25:20,483 - INFO - 👻 [Structural_v3.2_RVOL1.0] CF BREAKOUT NSE:NIFTYBANK-INDEX BUY PUT | Rejected: ['BIAS_MISMATCH', 'LOW_EFFICIENCY', 'HIGH_WICKINESS', 'NO_TARGET_ZONE']
2026-08-19 11:25:20,483 - INFO - 📊 EXECUTION AUDIT [SIGNAL_GENERATED]: trade_id=None, candidate_id=cand_NSE_NIFTYBANK_INDEX_BREAKOUT_57014.75_20260819_112000_Structural_v3.2_RVOL1.0, payload={'symbol': 'NSE:NIFTYBANK-INDEX', 'signal': 'BUY PUT', 'strategy': 'BREAKOUT', 'price': 57051.3, 'stop_loss': 57072.175, 'take_profit': 57009.55, 'tp1': 57019.9875, 'rr_ratio': 2.0, 'timestamp': '2026-08-19T11:20:00+05:30', 'accepted': False, 'rejection_reasons': ['BIAS_MISMATCH', 'LOW_EFFICIENCY', 'HIGH_WICKINESS', 'NO_TARGET_ZONE'], 'features': {'date': '2026-08-19', 'strategy_name': 'Structural_v3', 'strategy_version': 'v3.2', 'feature_version': 'v1.1', 'market_regime': 'STRONG_TREND_DOWN_NORMAL', 'day_type': 'NORMAL_DAY', 'session_type': 'MID', 'daily_bias': 'NEUTRAL', 'hourly_bias': 'NEUTRAL', 'trend_strength': 0.0, 'rvol': 2.96, 'rvol_threshold': 1.0, 'atr': 41.75, 'distance_from_supply': 834.55, 'distance_from_demand': 9999.0, 'nearest_supply_strength': 65.3, 'nearest_demand_strength': 0.0, 'distance_to_liquidity_pool': 9999.0, 'liquidity_score': 29.6, 'indicator_snapshot': {'rvol_tod': 2.96, 'is_compressed': True, 'bos_count': 0}, 'move_efficiency': 0.3112, 'wickiness': 0.5839, 'fft_score': 0.0, 'setup_type': 'BREAKOUT', 'candidate_id': 'cand_NSE_NIFTYBANK_INDEX_BREAKOUT_57014.75_20260819_112000', 'ema20': 57105.03, 'ema50': 57184.93, 'move_efficiency_h1': 0.096, 'ema_bullish': False, 'rsi14': 16.6, 'rsi2': 52.38, 'distance_to_vwap': -0.0013, 'atr_percentile': 0.5118, 'dist_prev_high': -0.0093, 'dist_prev_low': -0.0029, 'adx': 25.65, 'adx_slope': 1.8098, 'gap_pct': -0.0, 'regime_primary': 'STRONG_TREND_DOWN', 'regime_vol_state': 'NORMAL'}, 'candidate_id': 'cand_NSE_NIFTYBANK_INDEX_BREAKOUT_57014.75_20260819_112000_Structural_v3.2_RVOL1.0', 'experiment_name': 'Structural_v3.2_RVOL1.0', 'strategy_id': 'structural', 'version': 'v3.2'}
2026-08-19 11:25:20,504 - INFO - Resolved active expiry from DB: 26AUG (2026-08-25)
2026-08-19 11:25:20,515 - INFO - Resolved index signal into option contract: OptionContract(symbol='NSE:BANKNIFTY26AUG57100PE', strike=57100.0, expiry='26AUG', option_type='PE', premium=299.0, delta=0.5, bid=298.3, ask=299.0, volume=2478570, resolved_at=datetime.datetime(2026, 8, 19, 11, 25, 20, 515037))
2026-08-19 11:25:20,515 - INFO - ⚡ Option strike selection resolved index signal to contract NSE:BANKNIFTY26AUG57100PE @ premium 299.0 (type: PE, strike: 57100.0)
2026-08-19 11:25:20,515 - INFO - 📊 EXECUTION AUDIT [STRIKE_SELECTED]: trade_id=None, candidate_id=cand_NSE_NIFTYBANK_INDEX_BREAKOUT_57014.75_20260819_112000_Structural_v3.2_RVOL1.0, payload={'symbol': 'NSE:BANKNIFTY26AUG57100PE', 'strike': 57100.0, 'expiry': '26AUG', 'type': 'PE'}
2026-08-19 11:25:20,525 - INFO - 📊 EXECUTION AUDIT [PREMIUM_RETRIEVED]: trade_id=None, candidate_id=cand_NSE_NIFTYBANK_INDEX_BREAKOUT_57014.75_20260819_112000_Structural_v3.2_RVOL1.0, payload={'premium': 299.0, 'bid': 298.3, 'ask': 299.0}
2026-08-19 11:25:20,536 - INFO - 📊 EXECUTION AUDIT [CF_SUBMITTED]: trade_id=None, candidate_id=cand_NSE_NIFTYBANK_INDEX_BREAKOUT_57014.75_20260819_112000_Structural_v3.2_RVOL1.0, payload={'price': 57051.3, 'sl': 57072.175, 'tp': 57009.55}
2026-08-19 11:25:20,547 - INFO - 📊 EXECUTION AUDIT [CF_FILLED]: trade_id=None, candidate_id=cand_NSE_NIFTYBANK_INDEX_BREAKOUT_57014.75_20260819_112000_Structural_v3.2_RVOL1.0, payload={'price': 57051.3, 'sl': 57072.175, 'tp': 57009.55}
2026-08-19 11:25:20,559 - INFO - 💰 Position size [BREAKOUT|STRONG_TREND_DOWN_NORMAL|conf=70]: frac=0.006 → ₹5,000 (risk/unit=0.04%)
2026-08-19 11:25:20,582 - INFO - 🟢 ENTRY [CF|Structural_v3.2_RVOL1.0|uctural_v3.2_RVOL1.0]: NSE:NIFTYBANK-INDEX BUY PUT @ 57051.30 | SL: 57072.18 TP: 57009.55
2026-08-19 11:25:20,582 - INFO - 👻 [Structural_v3.2_RVOL0.8] CF BREAKOUT NSE:NIFTYBANK-INDEX BUY PUT | Rejected: ['BIAS_MISMATCH', 'LOW_EFFICIENCY', 'HIGH_WICKINESS', 'NO_TARGET_ZONE']
2026-08-19 11:25:20,582 - INFO - 📊 EXECUTION AUDIT [SIGNAL_GENERATED]: trade_id=None, candidate_id=cand_NSE_NIFTYBANK_INDEX_BREAKOUT_57014.75_20260819_112000_Structural_v3.2_RVOL0.8, payload={'symbol': 'NSE:NIFTYBANK-INDEX', 'signal': 'BUY PUT', 'strategy': 'BREAKOUT', 'price': 57051.3, 'stop_loss': 57072.175, 'take_profit': 57009.55, 'tp1': 57019.9875, 'rr_ratio': 2.0, 'timestamp': '2026-08-19T11:20:00+05:30', 'accepted': False, 'rejection_reasons': ['BIAS_MISMATCH', 'LOW_EFFICIENCY', 'HIGH_WICKINESS', 'NO_TARGET_ZONE'], 'features': {'date': '2026-08-19', 'strategy_name': 'Structural_v3', 'strategy_version': 'v3.2', 'feature_version': 'v1.1', 'market_regime': 'STRONG_TREND_DOWN_NORMAL', 'day_type': 'NORMAL_DAY', 'session_type': 'MID', 'daily_bias': 'NEUTRAL', 'hourly_bias': 'NEUTRAL', 'trend_strength': 0.0, 'rvol': 2.96, 'rvol_threshold': 0.8, 'atr': 41.75, 'distance_from_supply': 834.55, 'distance_from_demand': 9999.0, 'nearest_supply_strength': 65.3, 'nearest_demand_strength': 0.0, 'distance_to_liquidity_pool': 9999.0, 'liquidity_score': 29.6, 'indicator_snapshot': {'rvol_tod': 2.96, 'is_compressed': True, 'bos_count': 0}, 'move_efficiency': 0.3112, 'wickiness': 0.5839, 'fft_score': 0.0, 'setup_type': 'BREAKOUT', 'candidate_id': 'cand_NSE_NIFTYBANK_INDEX_BREAKOUT_57014.75_20260819_112000', 'ema20': 57105.03, 'ema50': 57184.93, 'move_efficiency_h1': 0.096, 'ema_bullish': False, 'rsi14': 16.6, 'rsi2': 52.38, 'distance_to_vwap': -0.0013, 'atr_percentile': 0.5118, 'dist_prev_high': -0.0093, 'dist_prev_low': -0.0029, 'adx': 25.65, 'adx_slope': 1.8098, 'gap_pct': -0.0, 'regime_primary': 'STRONG_TREND_DOWN', 'regime_vol_state': 'NORMAL'}, 'candidate_id': 'cand_NSE_NIFTYBANK_INDEX_BREAKOUT_57014.75_20260819_112000_Structural_v3.2_RVOL0.8', 'experiment_name': 'Structural_v3.2_RVOL0.8', 'strategy_id': 'structural', 'version': 'v3.2'}
2026-08-19 11:25:20,604 - INFO - Resolved active expiry from DB: 26AUG (2026-08-25)
2026-08-19 11:25:20,617 - INFO - Resolved index signal into option contract: OptionContract(symbol='NSE:BANKNIFTY26AUG57100PE', strike=57100.0, expiry='26AUG', option_type='PE', premium=299.0, delta=0.5, bid=298.3, ask=299.0, volume=2478570, resolved_at=datetime.datetime(2026, 8, 19, 11, 25, 20, 617046))
2026-08-19 11:25:20,617 - INFO - ⚡ Option strike selection resolved index signal to contract NSE:BANKNIFTY26AUG57100PE @ premium 299.0 (type: PE, strike: 57100.0)
2026-08-19 11:25:20,617 - INFO - 📊 EXECUTION AUDIT [STRIKE_SELECTED]: trade_id=None, candidate_id=cand_NSE_NIFTYBANK_INDEX_BREAKOUT_57014.75_20260819_112000_Structural_v3.2_RVOL0.8, payload={'symbol': 'NSE:BANKNIFTY26AUG57100PE', 'strike': 57100.0, 'expiry': '26AUG', 'type': 'PE'}
2026-08-19 11:25:20,628 - INFO - 📊 EXECUTION AUDIT [PREMIUM_RETRIEVED]: trade_id=None, candidate_id=cand_NSE_NIFTYBANK_INDEX_BREAKOUT_57014.75_20260819_112000_Structural_v3.2_RVOL0.8, payload={'premium': 299.0, 'bid': 298.3, 'ask': 299.0}
2026-08-19 11:25:20,638 - INFO - 📊 EXECUTION AUDIT [CF_SUBMITTED]: trade_id=None, candidate_id=cand_NSE_NIFTYBANK_INDEX_BREAKOUT_57014.75_20260819_112000_Structural_v3.2_RVOL0.8, payload={'price': 57051.3, 'sl': 57072.175, 'tp': 57009.55}
2026-08-19 11:25:20,649 - INFO - 📊 EXECUTION AUDIT [CF_FILLED]: trade_id=None, candidate_id=cand_NSE_NIFTYBANK_INDEX_BREAKOUT_57014.75_20260819_112000_Structural_v3.2_RVOL0.8, payload={'price': 57051.3, 'sl': 57072.175, 'tp': 57009.55}
2026-08-19 11:25:20,659 - INFO - 💰 Position size [BREAKOUT|STRONG_TREND_DOWN_NORMAL|conf=70]: frac=0.006 → ₹5,000 (risk/unit=0.04%)
2026-08-19 11:25:20,683 - INFO - 🟢 ENTRY [CF|Structural_v3.2_RVOL0.8|uctural_v3.2_RVOL0.8]: NSE:NIFTYBANK-INDEX BUY PUT @ 57051.30 | SL: 57072.18 TP: 57009.55
2026-08-19 11:25:20,683 - INFO - 👻 [Structural_v3.3_ExitMgmt] CF BREAKOUT NSE:NIFTYBANK-INDEX BUY PUT | Rejected: ['BIAS_MISMATCH', 'LOW_EFFICIENCY', 'HIGH_WICKINESS', 'NO_TARGET_ZONE']
2026-08-19 11:25:20,683 - INFO - 📊 EXECUTION AUDIT [SIGNAL_GENERATED]: trade_id=None, candidate_id=cand_NSE_NIFTYBANK_INDEX_BREAKOUT_57014.75_20260819_112000_Structural_v3.3_ExitMgmt, payload={'symbol': 'NSE:NIFTYBANK-INDEX', 'signal': 'BUY PUT', 'strategy': 'BREAKOUT', 'price': 57051.3, 'stop_loss': 57072.175, 'take_profit': 57009.55, 'tp1': 57019.9875, 'rr_ratio': 2.0, 'timestamp': '2026-08-19T11:20:00+05:30', 'accepted': False, 'rejection_reasons': ['BIAS_MISMATCH', 'LOW_EFFICIENCY', 'HIGH_WICKINESS', 'NO_TARGET_ZONE'], 'features': {'date': '2026-08-19', 'strategy_name': 'Structural_v3', 'strategy_version': 'v3.2', 'feature_version': 'v1.1', 'market_regime': 'STRONG_TREND_DOWN_NORMAL', 'day_type': 'NORMAL_DAY', 'session_type': 'MID', 'daily_bias': 'NEUTRAL', 'hourly_bias': 'NEUTRAL', 'trend_strength': 0.0, 'rvol': 2.96, 'rvol_threshold': 1.0, 'atr': 41.75, 'distance_from_supply': 834.55, 'distance_from_demand': 9999.0, 'nearest_supply_strength': 65.3, 'nearest_demand_strength': 0.0, 'distance_to_liquidity_pool': 9999.0, 'liquidity_score': 29.6, 'indicator_snapshot': {'rvol_tod': 2.96, 'is_compressed': True, 'bos_count': 0}, 'move_efficiency': 0.3112, 'wickiness': 0.5839, 'fft_score': 0.0, 'setup_type': 'BREAKOUT', 'candidate_id': 'cand_NSE_NIFTYBANK_INDEX_BREAKOUT_57014.75_20260819_112000', 'ema20': 57105.03, 'ema50': 57184.93, 'move_efficiency_h1': 0.096, 'ema_bullish': False, 'rsi14': 16.6, 'rsi2': 52.38, 'distance_to_vwap': -0.0013, 'atr_percentile': 0.5118, 'dist_prev_high': -0.0093, 'dist_prev_low': -0.0029, 'adx': 25.65, 'adx_slope': 1.8098, 'gap_pct': -0.0, 'regime_primary': 'STRONG_TREND_DOWN', 'regime_vol_state': 'NORMAL'}, 'candidate_id': 'cand_NSE_NIFTYBANK_INDEX_BREAKOUT_57014.75_20260819_112000_Structural_v3.3_ExitMgmt', 'experiment_name': 'Structural_v3.3_ExitMgmt', 'strategy_id': 'structural', 'version': 'v3.2'}
2026-08-19 11:25:20,707 - INFO - Resolved active expiry from DB: 26AUG (2026-08-25)
2026-08-19 11:25:20,720 - INFO - Resolved index signal into option contract: OptionContract(symbol='NSE:BANKNIFTY26AUG57100PE', strike=57100.0, expiry='26AUG', option_type='PE', premium=299.0, delta=0.5, bid=298.3, ask=299.0, volume=2478570, resolved_at=datetime.datetime(2026, 8, 19, 11, 25, 20, 720669))
2026-08-19 11:25:20,721 - INFO - ⚡ Option strike selection resolved index signal to contract NSE:BANKNIFTY26AUG57100PE @ premium 299.0 (type: PE, strike: 57100.0)
2026-08-19 11:25:20,721 - INFO - 📊 EXECUTION AUDIT [STRIKE_SELECTED]: trade_id=None, candidate_id=cand_NSE_NIFTYBANK_INDEX_BREAKOUT_57014.75_20260819_112000_Structural_v3.3_ExitMgmt, payload={'symbol': 'NSE:BANKNIFTY26AUG57100PE', 'strike': 57100.0, 'expiry': '26AUG', 'type': 'PE'}
2026-08-19 11:25:20,732 - INFO - 📊 EXECUTION AUDIT [PREMIUM_RETRIEVED]: trade_id=None, candidate_id=cand_NSE_NIFTYBANK_INDEX_BREAKOUT_57014.75_20260819_112000_Structural_v3.3_ExitMgmt, payload={'premium': 299.0, 'bid': 298.3, 'ask': 299.0}
2026-08-19 11:25:20,747 - INFO - 📊 EXECUTION AUDIT [CF_SUBMITTED]: trade_id=None, candidate_id=cand_NSE_NIFTYBANK_INDEX_BREAKOUT_57014.75_20260819_112000_Structural_v3.3_ExitMgmt, payload={'price': 57051.3, 'sl': 57072.175, 'tp': 57009.55}
2026-08-19 11:25:20,759 - INFO - 📊 EXECUTION AUDIT [CF_FILLED]: trade_id=None, candidate_id=cand_NSE_NIFTYBANK_INDEX_BREAKOUT_57014.75_20260819_112000_Structural_v3.3_ExitMgmt, payload={'price': 57051.3, 'sl': 57072.175, 'tp': 57009.55}
2026-08-19 11:25:20,770 - INFO - 💰 Position size [BREAKOUT|STRONG_TREND_DOWN_NORMAL|conf=70]: frac=0.006 → ₹5,000 (risk/unit=0.04%)
2026-08-19 11:25:20,792 - INFO - 🟢 ENTRY [CF|Structural_v3.3_ExitMgmt|ctural_v3.3_ExitMgmt]: NSE:NIFTYBANK-INDEX BUY PUT @ 57051.30 | SL: 57072.18 TP: 57009.55
2026-08-19 11:25:20,792 - WARNING - ⛔ [OrderFlow_v1.0] Real entry on NSE:NIFTYBANK-INDEX blocked by risk governor: LEVEL_REPEAT_CAP(2x@57100)
2026-08-19 11:25:30,437 - INFO - 📊 Saved 22 snapshots for NSE:NIFTY50-INDEX  (oi range: 191,035–14,949,025)
2026-08-19 11:25:31,531 - INFO - 📡 Fetching NSE:NIFTYBANK-INDEX @ 57056  expiry=26AUG  strikes=ATM±5
2026-08-19 11:25:35,815 - INFO - ⏱️ [Real-time Exit Loop] Checking open positions @ 11:25:35...
2026-08-19 11:25:36,938 - INFO - 📊 EXECUTION AUDIT [CF_SL_MODIFIED]: trade_id=None, candidate_id=cand_NSE_NIFTY50_INDEX_BREAKOUT_24027.90_20260819_112000_Structural_v3.2_RVOL1.0, payload={'price': 24049.15, 'old_sl': 24058.985714285714, 'new_sl': 24055.885714285716, 'old_tp': None, 'new_tp': 24038.77857142857, 'reason': 'TRAILING_SL'}
2026-08-19 11:25:37,019 - INFO - 🟡 UPDATE (TRAILING_SL) [CFStructural_v3.2_RVOL1.0|uctural_v3.2_RVOL1.0]: NSE:NIFTY50-INDEX @ 24049.15 | SL→24055.89 TP→24038.78
2026-08-19 11:25:37,019 - INFO - 📊 EXECUTION AUDIT [CF_SL_MODIFIED]: trade_id=None, candidate_id=cand_NSE_NIFTY50_INDEX_BREAKOUT_24027.90_20260819_112000_Structural_v3.2_RVOL0.8, payload={'price': 24049.15, 'old_sl': 24058.985714285714, 'new_sl': 24055.885714285716, 'old_tp': None, 'new_tp': 24038.77857142857, 'reason': 'TRAILING_SL'}
2026-08-19 11:25:37,067 - INFO - 🟡 UPDATE (TRAILING_SL) [CFStructural_v3.2_RVOL0.8|uctural_v3.2_RVOL0.8]: NSE:NIFTY50-INDEX @ 24049.15 | SL→24055.89 TP→24038.78
2026-08-19 11:25:37,912 - INFO - Retrieved live premium from Fyers API: LTP=169.55 for NSE:BANKNIFTY26AUG57700CE
2026-08-19 11:25:38,937 - INFO - Retrieved live premium from Fyers API: LTP=38.75 for NSE:NIFTY26AUG24350CE
2026-08-19 11:25:39,952 - INFO - Retrieved live premium from Fyers API: LTP=169.55 for NSE:BANKNIFTY26AUG57700CE
2026-08-19 11:26:01,298 - INFO - 📊 Saved 22 snapshots for NSE:NIFTYBANK-INDEX  (oi range: 11,940–1,322,850)
2026-08-19 11:26:02,396 - INFO - 📡 Fetching NSE:NIFTY50-INDEX @ 24047  expiry=26AUG  strikes=ATM±5
2026-08-19 11:26:05,089 - INFO - ⏱️ [Real-time Exit Loop] Checking open positions @ 11:26:05...
2026-08-19 11:26:06,191 - INFO - 📊 EXECUTION AUDIT [CF_EXITED]: trade_id=None, candidate_id=cand_NSE_NIFTY50_INDEX_TRAP_24042.90_20260819_111000_Structural_v3.2_RVOL1.0, payload={'exit_price': 24046.95, 'exit_reason': 'TRAILING_SL', 'pnl_r': 0.0032626427406199023, 'duration_minutes': 10.996774049999999, 'bars_held': 2}
2026-08-19 11:26:06,271 - INFO - 🔴 EXIT (TRAILING_SL) [CFStructural_v3.2_RVOL1.0|uctural_v3.2_RVOL1.0]: NSE:NIFTY50-INDEX @ 24046.95 | PnL +0.00R | MFE 0.97R | Capture 0% | 2bars HoldEff +0.002R/bar
2026-08-19 11:26:06,271 - INFO - 📊 EXECUTION AUDIT [CF_EXITED]: trade_id=None, candidate_id=cand_NSE_NIFTY50_INDEX_TRAP_24042.90_20260819_111000_Structural_v3.2_RVOL0.8, payload={'exit_price': 24046.95, 'exit_reason': 'TRAILING_SL', 'pnl_r': 0.0032626427406199023, 'duration_minutes': 10.996774049999999, 'bars_held': 2}
2026-08-19 11:26:06,312 - INFO - 🔴 EXIT (TRAILING_SL) [CFStructural_v3.2_RVOL0.8|uctural_v3.2_RVOL0.8]: NSE:NIFTY50-INDEX @ 24046.95 | PnL +0.00R | MFE 0.97R | Capture 0% | 2bars HoldEff +0.002R/bar
2026-08-19 11:26:06,312 - INFO - 📊 EXECUTION AUDIT [CF_SL_MODIFIED]: trade_id=None, candidate_id=cand_NSE_NIFTY50_INDEX_BREAKOUT_24027.90_20260819_112000_Structural_v3.2_RVOL1.0, payload={'price': 24046.95, 'old_sl': 24055.885714285716, 'new_sl': 24053.685714285715, 'old_tp': None, 'new_tp': 24038.77857142857, 'reason': 'TRAILING_SL'}
2026-08-19 11:26:06,356 - INFO - 🟡 UPDATE (TRAILING_SL) [CFStructural_v3.2_RVOL1.0|uctural_v3.2_RVOL1.0]: NSE:NIFTY50-INDEX @ 24046.95 | SL→24053.69 TP→24038.78
2026-08-19 11:26:06,356 - INFO - 📊 EXECUTION AUDIT [CF_SL_MODIFIED]: trade_id=None, candidate_id=cand_NSE_NIFTY50_INDEX_BREAKOUT_24027.90_20260819_112000_Structural_v3.2_RVOL0.8, payload={'price': 24046.95, 'old_sl': 24055.885714285716, 'new_sl': 24053.685714285715, 'old_tp': None, 'new_tp': 24038.77857142857, 'reason': 'TRAILING_SL'}
2026-08-19 11:26:06,396 - INFO - 🟡 UPDATE (TRAILING_SL) [CFStructural_v3.2_RVOL0.8|uctural_v3.2_RVOL0.8]: NSE:NIFTY50-INDEX @ 24046.95 | SL→24053.69 TP→24038.78
2026-08-19 11:26:06,396 - INFO - 📊 EXECUTION AUDIT [CF_SL_MODIFIED]: trade_id=None, candidate_id=cand_NSE_NIFTYBANK_INDEX_BREAKOUT_57014.75_20260819_112000_Structural_v3.2_RVOL1.0, payload={'price': 57045.55, 'old_sl': 57072.175, 'new_sl': 57066.425, 'old_tp': None, 'new_tp': 57009.55, 'reason': 'TRAILING_SL'}
2026-08-19 11:26:06,434 - INFO - 🟡 UPDATE (TRAILING_SL) [CFStructural_v3.2_RVOL1.0|uctural_v3.2_RVOL1.0]: NSE:NIFTYBANK-INDEX @ 57045.55 | SL→57066.43 TP→57009.55
2026-08-19 11:26:06,435 - INFO - 📊 EXECUTION AUDIT [CF_SL_MODIFIED]: trade_id=None, candidate_id=cand_NSE_NIFTYBANK_INDEX_BREAKOUT_57014.75_20260819_112000_Structural_v3.2_RVOL0.8, payload={'price': 57045.55, 'old_sl': 57072.175, 'new_sl': 57066.425, 'old_tp': None, 'new_tp': 57009.55, 'reason': 'TRAILING_SL'}
2026-08-19 11:26:06,474 - INFO - 🟡 UPDATE (TRAILING_SL) [CFStructural_v3.2_RVOL0.8|uctural_v3.2_RVOL0.8]: NSE:NIFTYBANK-INDEX @ 57045.55 | SL→57066.43 TP→57009.55
2026-08-19 11:26:07,199 - INFO - Retrieved live premium from Fyers API: LTP=168.75 for NSE:BANKNIFTY26AUG57700CE
2026-08-19 11:26:08,207 - INFO - Retrieved live premium from Fyers API: LTP=38.65 for NSE:NIFTY26AUG24350CE
2026-08-19 11:26:09,356 - INFO - Retrieved live premium from Fyers API: LTP=168.55 for NSE:BANKNIFTY26AUG57700CE
2026-08-19 11:26:32,342 - INFO - 📊 Saved 22 snapshots for NSE:NIFTY50-INDEX  (oi range: 191,100–14,993,290)
2026-08-19 11:26:33,437 - INFO - 📡 Fetching NSE:NIFTYBANK-INDEX @ 57046  expiry=26AUG  strikes=ATM±5
2026-08-19 11:26:35,485 - INFO - ⏱️ [Real-time Exit Loop] Checking open positions @ 11:26:35...
2026-08-19 11:26:37,581 - INFO - Retrieved live premium from Fyers API: LTP=169.3 for NSE:BANKNIFTY26AUG57700CE
2026-08-19 11:26:38,580 - INFO - Retrieved live premium from Fyers API: LTP=39.45 for NSE:NIFTY26AUG24350CE
2026-08-19 11:26:39,597 - INFO - Retrieved live premium from Fyers API: LTP=169.85 for NSE:BANKNIFTY26AUG57700CE
2026-08-19 11:27:03,685 - INFO - 📊 Saved 22 snapshots for NSE:NIFTYBANK-INDEX  (oi range: 11,940–1,323,750)
2026-08-19 11:27:05,089 - INFO - 📡 Fetching NSE:NIFTY50-INDEX @ 24055  expiry=26AUG  strikes=ATM±5
2026-08-19 11:27:05,719 - INFO - ⏱️ [Real-time Exit Loop] Checking open positions @ 11:27:05...
2026-08-19 11:27:07,144 - INFO - 📊 EXECUTION AUDIT [CF_EXITED]: trade_id=None, candidate_id=cand_NSE_NIFTY50_INDEX_BREAKOUT_24027.90_20260819_112000_Structural_v3.2_RVOL1.0, payload={'exit_price': 24054.3, 'exit_reason': 'TRAILING_SL', 'pnl_r': 0.006788511749347318, 'duration_minutes': 1.9968582499999998, 'bars_held': 0}
2026-08-19 11:27:07,227 - INFO - 🔴 EXIT (TRAILING_SL) [CFStructural_v3.2_RVOL1.0|uctural_v3.2_RVOL1.0]: NSE:NIFTY50-INDEX @ 24054.30 | PnL +0.01R | MFE 0.79R | Capture 1% | 0bars HoldEff +0.007R/bar
2026-08-19 11:27:07,227 - INFO - 📊 EXECUTION AUDIT [CF_EXITED]: trade_id=None, candidate_id=cand_NSE_NIFTY50_INDEX_BREAKOUT_24027.90_20260819_112000_Structural_v3.2_RVOL0.8, payload={'exit_price': 24054.3, 'exit_reason': 'TRAILING_SL', 'pnl_r': 0.006788511749347318, 'duration_minutes': 1.9968582499999998, 'bars_held': 0}
2026-08-19 11:27:07,277 - INFO - 🔴 EXIT (TRAILING_SL) [CFStructural_v3.2_RVOL0.8|uctural_v3.2_RVOL0.8]: NSE:NIFTY50-INDEX @ 24054.30 | PnL +0.01R | MFE 0.79R | Capture 1% | 0bars HoldEff +0.007R/bar
2026-08-19 11:27:07,277 - INFO - 📊 EXECUTION AUDIT [CF_SL_MODIFIED]: trade_id=None, candidate_id=cand_NSE_NIFTY50_INDEX_VWAPREV_24052.25_20260819_112505_VWAP_Reversion_1.5ATR_RVOL1.0, payload={'price': 24054.3, 'old_sl': 24045.515, 'new_sl': 24047.565, 'old_tp': None, 'new_tp': 24083.55862621408, 'reason': 'TRAILING_SL'}
2026-08-19 11:27:07,323 - INFO - 🟡 UPDATE (TRAILING_SL) [CFVWAP_Reversion_1.5ATR_RVOL1.0|rsion_1.5ATR_RVOL1.0]: NSE:NIFTY50-INDEX @ 24054.30 | SL→24047.56 TP→24083.56
2026-08-19 11:27:08,164 - INFO - Retrieved live premium from Fyers API: LTP=170.2 for NSE:BANKNIFTY26AUG57700CE
2026-08-19 11:27:09,049 - INFO - Retrieved live premium from Fyers API: LTP=39.15 for NSE:NIFTY26AUG24350CE
2026-08-19 11:27:09,930 - INFO - Retrieved live premium from Fyers API: LTP=170.2 for NSE:BANKNIFTY26AUG57700CE
2026-08-19 11:27:35,048 - INFO - ⏱️ [Real-time Exit Loop] Checking open positions @ 11:27:35...
2026-08-19 11:27:35,222 - INFO - 📊 Saved 22 snapshots for NSE:NIFTY50-INDEX  (oi range: 189,020–15,036,255)
2026-08-19 11:27:36,146 - INFO - 📊 EXECUTION AUDIT [CF_SL_MODIFIED]: trade_id=None, candidate_id=cand_NSE_NIFTY50_INDEX_VWAPREV_24052.25_20260819_112505_VWAP_Reversion_1.5ATR_RVOL1.0, payload={'price': 24055.05, 'old_sl': 24047.565, 'new_sl': 24048.315, 'old_tp': None, 'new_tp': 24083.55862621408, 'reason': 'TRAILING_SL'}
2026-08-19 11:27:36,208 - INFO - 🟡 UPDATE (TRAILING_SL) [CFVWAP_Reversion_1.5ATR_RVOL1.0|rsion_1.5ATR_RVOL1.0]: NSE:NIFTY50-INDEX @ 24055.05 | SL→24048.31 TP→24083.56
2026-08-19 11:27:36,301 - INFO - 📡 Fetching NSE:NIFTYBANK-INDEX @ 57052  expiry=26AUG  strikes=ATM±5
2026-08-19 11:27:37,173 - INFO - Retrieved live premium from Fyers API: LTP=198.85 for NSE:BANKNIFTY26AUG57600CE
2026-08-19 11:27:38,170 - INFO - Retrieved live premium from Fyers API: LTP=167.8 for NSE:BANKNIFTY26AUG57700CE
2026-08-19 11:27:39,177 - INFO - Retrieved live premium from Fyers API: LTP=38.9 for NSE:NIFTY26AUG24350CE
2026-08-19 11:27:40,172 - INFO - Retrieved live premium from Fyers API: LTP=198.85 for NSE:BANKNIFTY26AUG57600CE
2026-08-19 11:27:41,176 - INFO - Retrieved live premium from Fyers API: LTP=167.8 for NSE:BANKNIFTY26AUG57700CE
2026-08-19 11:27:42,210 - INFO - Retrieved live premium from Fyers API: LTP=198.85 for NSE:BANKNIFTY26AUG57600CE
2026-08-19 11:28:05,248 - INFO - ⏱️ [Real-time Exit Loop] Checking open positions @ 11:28:05...
2026-08-19 11:28:06,041 - INFO - 📊 Saved 22 snapshots for NSE:NIFTYBANK-INDEX  (oi range: 11,940–1,324,830)
2026-08-19 11:28:06,346 - INFO - 📊 EXECUTION AUDIT [CF_SL_MODIFIED]: trade_id=None, candidate_id=cand_NSE_NIFTY50_INDEX_VWAPREV_24052.25_20260819_112505_VWAP_Reversion_1.5ATR_RVOL1.0, payload={'price': 24057.25, 'old_sl': 24048.315, 'new_sl': 24050.515, 'old_tp': None, 'new_tp': 24083.55862621408, 'reason': 'TRAILING_SL'}
2026-08-19 11:28:06,408 - INFO - 🟡 UPDATE (TRAILING_SL) [CFVWAP_Reversion_1.5ATR_RVOL1.0|rsion_1.5ATR_RVOL1.0]: NSE:NIFTY50-INDEX @ 24057.25 | SL→24050.51 TP→24083.56
2026-08-19 11:28:07,156 - INFO - 📡 Fetching NSE:NIFTY50-INDEX @ 24056  expiry=26AUG  strikes=ATM±5
2026-08-19 11:28:07,520 - INFO - Retrieved live premium from Fyers API: LTP=166.65 for NSE:BANKNIFTY26AUG57700CE
2026-08-19 11:28:08,366 - INFO - Retrieved live premium from Fyers API: LTP=39.0 for NSE:NIFTY26AUG24350CE
2026-08-19 11:28:09,383 - INFO - Retrieved live premium from Fyers API: LTP=166.95 for NSE:BANKNIFTY26AUG57700CE
2026-08-19 11:28:35,525 - INFO - ⏱️ [Real-time Exit Loop] Checking open positions @ 11:28:35...
2026-08-19 11:28:37,592 - INFO - 📊 Saved 22 snapshots for NSE:NIFTY50-INDEX  (oi range: 189,020–15,056,340)
2026-08-19 11:28:37,632 - INFO - Retrieved live premium from Fyers API: LTP=168.45 for NSE:BANKNIFTY26AUG57700CE
2026-08-19 11:28:38,645 - INFO - Retrieved live premium from Fyers API: LTP=39.4 for NSE:NIFTY26AUG24350CE
2026-08-19 11:28:38,864 - INFO - 📡 Fetching NSE:NIFTYBANK-INDEX @ 57048  expiry=26AUG  strikes=ATM±5
2026-08-19 11:28:39,648 - INFO - Retrieved live premium from Fyers API: LTP=168.45 for NSE:BANKNIFTY26AUG57700CE
2026-08-19 11:29:05,785 - INFO - ⏱️ [Real-time Exit Loop] Checking open positions @ 11:29:05...
2026-08-19 11:29:06,888 - INFO - 📊 EXECUTION AUDIT [CF_SL_MODIFIED]: trade_id=None, candidate_id=cand_NSE_NIFTYBANK_INDEX_BREAKOUT_57014.75_20260819_112000_Structural_v3.2_RVOL1.0, payload={'price': 57036.95, 'old_sl': 57066.425, 'new_sl': 57057.825, 'old_tp': None, 'new_tp': 57009.55, 'reason': 'TRAILING_SL'}
2026-08-19 11:29:06,954 - INFO - 🟡 UPDATE (TRAILING_SL) [CFStructural_v3.2_RVOL1.0|uctural_v3.2_RVOL1.0]: NSE:NIFTYBANK-INDEX @ 57036.95 | SL→57057.82 TP→57009.55
2026-08-19 11:29:06,954 - INFO - 📊 EXECUTION AUDIT [CF_SL_MODIFIED]: trade_id=None, candidate_id=cand_NSE_NIFTYBANK_INDEX_BREAKOUT_57014.75_20260819_112000_Structural_v3.2_RVOL0.8, payload={'price': 57036.95, 'old_sl': 57066.425, 'new_sl': 57057.825, 'old_tp': None, 'new_tp': 57009.55, 'reason': 'TRAILING_SL'}
2026-08-19 11:29:06,991 - INFO - 🟡 UPDATE (TRAILING_SL) [CFStructural_v3.2_RVOL0.8|uctural_v3.2_RVOL0.8]: NSE:NIFTYBANK-INDEX @ 57036.95 | SL→57057.82 TP→57009.55
2026-08-19 11:29:07,908 - INFO - Retrieved live premium from Fyers API: LTP=166.05 for NSE:BANKNIFTY26AUG57700CE
2026-08-19 11:29:08,603 - INFO - 📊 Saved 22 snapshots for NSE:NIFTYBANK-INDEX  (oi range: 11,970–1,326,330)
2026-08-19 11:29:08,909 - INFO - Retrieved live premium from Fyers API: LTP=38.95 for NSE:NIFTY26AUG24350CE
2026-08-19 11:29:09,710 - INFO - 📡 Fetching NSE:NIFTY50-INDEX @ 24053  expiry=26AUG  strikes=ATM±5
2026-08-19 11:29:09,919 - INFO - Retrieved live premium from Fyers API: LTP=166.05 for NSE:BANKNIFTY26AUG57700CE
2026-08-19 11:29:35,055 - INFO - ⏱️ [Real-time Exit Loop] Checking open positions @ 11:29:35...
2026-08-19 11:29:36,149 - INFO - 📊 EXECUTION AUDIT [CF_SL_MODIFIED]: trade_id=None, candidate_id=cand_NSE_NIFTYBANK_INDEX_BREAKOUT_57014.75_20260819_112000_Structural_v3.2_RVOL1.0, payload={'price': 57032.45, 'old_sl': 57057.825, 'new_sl': 57053.325, 'old_tp': None, 'new_tp': 57009.55, 'reason': 'TRAILING_SL'}
2026-08-19 11:29:36,211 - INFO - 🟡 UPDATE (TRAILING_SL) [CFStructural_v3.2_RVOL1.0|uctural_v3.2_RVOL1.0]: NSE:NIFTYBANK-INDEX @ 57032.45 | SL→57053.32 TP→57009.55
2026-08-19 11:29:36,211 - INFO - 📊 EXECUTION AUDIT [CF_SL_MODIFIED]: trade_id=None, candidate_id=cand_NSE_NIFTYBANK_INDEX_BREAKOUT_57014.75_20260819_112000_Structural_v3.2_RVOL0.8, payload={'price': 57032.45, 'old_sl': 57057.825, 'new_sl': 57053.325, 'old_tp': None, 'new_tp': 57009.55, 'reason': 'TRAILING_SL'}
2026-08-19 11:29:36,251 - INFO - 🟡 UPDATE (TRAILING_SL) [CFStructural_v3.2_RVOL0.8|uctural_v3.2_RVOL0.8]: NSE:NIFTYBANK-INDEX @ 57032.45 | SL→57053.32 TP→57009.55
2026-08-19 11:29:37,168 - INFO - Retrieved live premium from Fyers API: LTP=197.35 for NSE:BANKNIFTY26AUG57600CE
2026-08-19 11:29:38,169 - INFO - Retrieved live premium from Fyers API: LTP=166.2 for NSE:BANKNIFTY26AUG57700CE
2026-08-19 11:29:39,182 - INFO - Retrieved live premium from Fyers API: LTP=39.15 for NSE:NIFTY26AUG24350CE
2026-08-19 11:29:39,461 - INFO - 📊 Saved 22 snapshots for NSE:NIFTY50-INDEX  (oi range: 189,410–15,048,670)
2026-08-19 11:29:40,376 - INFO - Retrieved live premium from Fyers API: LTP=197.2 for NSE:BANKNIFTY26AUG57600CE
2026-08-19 11:29:40,558 - INFO - 📡 Fetching NSE:NIFTYBANK-INDEX @ 57036  expiry=26AUG  strikes=ATM±5
2026-08-19 11:29:41,182 - INFO - Retrieved live premium from Fyers API: LTP=167.15 for NSE:BANKNIFTY26AUG57700CE
2026-08-19 11:29:42,204 - INFO - Retrieved live premium from Fyers API: LTP=197.6 for NSE:BANKNIFTY26AUG57600CE
2026-08-19 11:30:05,245 - INFO - 🔔 [New Candle Closed] Running entry pipeline for candle 11:30 at 11:30:05...
2026-08-19 11:30:05,245 - INFO - --- 11:30:05 Market Pulse ---
2026-08-19 11:30:10,729 - INFO - 📊 Saved 22 snapshots for NSE:NIFTYBANK-INDEX  (oi range: 11,970–1,330,350)
2026-08-19 11:30:11,843 - INFO - 📡 Fetching NSE:NIFTY50-INDEX @ 24054  expiry=26AUG  strikes=ATM±5
2026-08-19 11:30:12,570 - INFO - 📊 EXECUTION AUDIT [CF_EXITED]: trade_id=None, candidate_id=cand_NSE_NIFTY50_INDEX_VWAPREV_24052.25_20260819_112505_VWAP_Reversion_1.5ATR_RVOL1.0, payload={'exit_price': 24050.515, 'exit_reason': 'TRAILING_SL', 'pnl_r': -0.00031918289179707227, 'duration_minutes': 4.9889694, 'bars_held': 1}
2026-08-19 11:30:12,649 - INFO - 🔴 EXIT (TRAILING_SL) [CFVWAP_Reversion_1.5ATR_RVOL1.0|rsion_1.5ATR_RVOL1.0]: NSE:NIFTY50-INDEX @ 24050.51 | PnL -0.00R | MFE 0.74R | Capture -0% | 1bars HoldEff -0.000R/bar
2026-08-19 11:30:12,649 - INFO - 📊 EXECUTION AUDIT [CF_EXITED]: trade_id=None, candidate_id=cand_NSE_NIFTYBANK_INDEX_BREAKOUT_57014.75_20260819_112000_Structural_v3.2_RVOL1.0, payload={'exit_price': 57056.85, 'exit_reason': 'TRAILING_SL', 'pnl_r': 0.007190635451504941, 'duration_minutes': 4.9889694, 'bars_held': 1}
2026-08-19 11:30:12,700 - INFO - 🔴 EXIT (TRAILING_SL) [CFStructural_v3.2_RVOL1.0|uctural_v3.2_RVOL1.0]: NSE:NIFTYBANK-INDEX @ 57056.85 | PnL +0.01R | MFE 0.90R | Capture 1% | 1bars HoldEff +0.007R/bar
2026-08-19 11:30:12,700 - INFO - 📊 EXECUTION AUDIT [CF_EXITED]: trade_id=None, candidate_id=cand_NSE_NIFTYBANK_INDEX_BREAKOUT_57014.75_20260819_112000_Structural_v3.2_RVOL0.8, payload={'exit_price': 57056.85, 'exit_reason': 'TRAILING_SL', 'pnl_r': 0.007190635451504941, 'duration_minutes': 4.9889694, 'bars_held': 1}
2026-08-19 11:30:12,743 - INFO - 🔴 EXIT (TRAILING_SL) [CFStructural_v3.2_RVOL0.8|uctural_v3.2_RVOL0.8]: NSE:NIFTYBANK-INDEX @ 57056.85 | PnL +0.01R | MFE 0.90R | Capture 1% | 1bars HoldEff +0.007R/bar
2026-08-19 11:30:13,388 - INFO - Retrieved live premium from Fyers API: LTP=200.2 for NSE:BANKNIFTY26AUG57600CE
2026-08-19 11:30:14,406 - INFO - Retrieved live premium from Fyers API: LTP=168.65 for NSE:BANKNIFTY26AUG57700CE
2026-08-19 11:30:15,413 - INFO - Retrieved live premium from Fyers API: LTP=39.7 for NSE:NIFTY26AUG24350CE
2026-08-19 11:30:16,403 - INFO - Retrieved live premium from Fyers API: LTP=199.7 for NSE:BANKNIFTY26AUG57600CE
2026-08-19 11:30:17,421 - INFO - Retrieved live premium from Fyers API: LTP=169.2 for NSE:BANKNIFTY26AUG57700CE
2026-08-19 11:30:18,427 - INFO - Retrieved live premium from Fyers API: LTP=200.9 for NSE:BANKNIFTY26AUG57600CE
2026-08-19 11:30:20,513 - INFO - Resolved active expiry from DB: 26AUG (2026-08-25)
2026-08-19 11:30:20,513 - INFO - 👻 [Structural_v3.2_RVOL1.0] CF BREAKOUT NSE:NIFTY50-INDEX BUY PUT | Rejected: ['BIAS_MISMATCH', 'LOW_EFFICIENCY', 'HIGH_WICKINESS', 'NO_TARGET_ZONE']
2026-08-19 11:30:20,514 - INFO - 📊 EXECUTION AUDIT [SIGNAL_GENERATED]: trade_id=None, candidate_id=cand_NSE_NIFTY50_INDEX_BREAKOUT_24027.90_20260819_112500_Structural_v3.2_RVOL1.0, payload={'symbol': 'NSE:NIFTY50-INDEX', 'signal': 'BUY PUT', 'strategy': 'BREAKOUT', 'price': 24054.35, 'stop_loss': 24060.64642857143, 'take_profit': 24041.75714285714, 'tp1': 24044.905357142852, 'rr_ratio': 2.0, 'timestamp': '2026-08-19T11:25:00+05:30', 'accepted': False, 'rejection_reasons': ['BIAS_MISMATCH', 'LOW_EFFICIENCY', 'HIGH_WICKINESS', 'NO_TARGET_ZONE'], 'features': {'date': '2026-08-19', 'strategy_name': 'Structural_v3', 'strategy_version': 'v3.2', 'feature_version': 'v1.1', 'market_regime': 'STRONG_TREND_DOWN_NORMAL', 'day_type': 'NORMAL_DAY', 'session_type': 'MID', 'daily_bias': 'NEUTRAL', 'hourly_bias': 'NEUTRAL', 'trend_strength': 0.0, 'rvol': 1.94, 'rvol_threshold': 1.0, 'atr': 12.59, 'distance_from_supply': 9999.0, 'distance_from_demand': 9999.0, 'nearest_supply_strength': 0.0, 'nearest_demand_strength': 0.0, 'distance_to_liquidity_pool': 9999.0, 'liquidity_score': 19.4, 'indicator_snapshot': {'rvol_tod': 1.94, 'is_compressed': True, 'bos_count': 0}, 'move_efficiency': 0.0834, 'wickiness': 0.7002, 'fft_score': 0.0, 'setup_type': 'BREAKOUT', 'candidate_id': 'cand_NSE_NIFTY50_INDEX_BREAKOUT_24027.90_20260819_112500', 'ema20': 24069.57, 'ema50': 24114.58, 'move_efficiency_h1': 0.1467, 'ema_bullish': False, 'rsi14': 37.94, 'rsi2': 70.0, 'distance_to_vwap': -0.0012, 'atr_percentile': 0.5308, 'dist_prev_high': -0.0089, 'dist_prev_low': -0.0042, 'adx': 46.77, 'adx_slope': -0.4008, 'gap_pct': -0.0001, 'regime_primary': 'STRONG_TREND_DOWN', 'regime_vol_state': 'NORMAL'}, 'candidate_id': 'cand_NSE_NIFTY50_INDEX_BREAKOUT_24027.90_20260819_112500_Structural_v3.2_RVOL1.0', 'experiment_name': 'Structural_v3.2_RVOL1.0', 'strategy_id': 'structural', 'version': 'v3.2'}
2026-08-19 11:30:20,538 - INFO - Resolved active expiry from DB: 26AUG (2026-08-25)
2026-08-19 11:30:20,551 - INFO - Resolved index signal into option contract: OptionContract(symbol='NSE:NIFTY26AUG24050PE', strike=24050.0, expiry='26AUG', option_type='PE', premium=97.15, delta=0.5, bid=97.15, ask=97.3, volume=57567705, resolved_at=datetime.datetime(2026, 8, 19, 11, 30, 20, 551857))
2026-08-19 11:30:20,552 - INFO - ⚡ Option strike selection resolved index signal to contract NSE:NIFTY26AUG24050PE @ premium 97.15 (type: PE, strike: 24050.0)
2026-08-19 11:30:20,552 - INFO - 📊 EXECUTION AUDIT [STRIKE_SELECTED]: trade_id=None, candidate_id=cand_NSE_NIFTY50_INDEX_BREAKOUT_24027.90_20260819_112500_Structural_v3.2_RVOL1.0, payload={'symbol': 'NSE:NIFTY26AUG24050PE', 'strike': 24050.0, 'expiry': '26AUG', 'type': 'PE'}
2026-08-19 11:30:20,565 - INFO - 📊 EXECUTION AUDIT [PREMIUM_RETRIEVED]: trade_id=None, candidate_id=cand_NSE_NIFTY50_INDEX_BREAKOUT_24027.90_20260819_112500_Structural_v3.2_RVOL1.0, payload={'premium': 97.15, 'bid': 97.15, 'ask': 97.3}
2026-08-19 11:30:20,576 - INFO - 📊 EXECUTION AUDIT [CF_SUBMITTED]: trade_id=None, candidate_id=cand_NSE_NIFTY50_INDEX_BREAKOUT_24027.90_20260819_112500_Structural_v3.2_RVOL1.0, payload={'price': 24054.35, 'sl': 24060.64642857143, 'tp': 24041.75714285714}
2026-08-19 11:30:20,588 - INFO - 📊 EXECUTION AUDIT [CF_FILLED]: trade_id=None, candidate_id=cand_NSE_NIFTY50_INDEX_BREAKOUT_24027.90_20260819_112500_Structural_v3.2_RVOL1.0, payload={'price': 24054.35, 'sl': 24060.64642857143, 'tp': 24041.75714285714}
2026-08-19 11:30:20,599 - INFO - 💰 Position size [BREAKOUT|STRONG_TREND_DOWN_NORMAL|conf=70]: frac=0.006 → ₹5,000 (risk/unit=0.03%)
2026-08-19 11:30:20,626 - INFO - 🟢 ENTRY [CF|Structural_v3.2_RVOL1.0|uctural_v3.2_RVOL1.0]: NSE:NIFTY50-INDEX BUY PUT @ 24054.35 | SL: 24060.65 TP: 24041.76
2026-08-19 11:30:20,626 - INFO - 👻 [Structural_v3.2_RVOL0.8] CF BREAKOUT NSE:NIFTY50-INDEX BUY PUT | Rejected: ['BIAS_MISMATCH', 'LOW_EFFICIENCY', 'HIGH_WICKINESS', 'NO_TARGET_ZONE']
2026-08-19 11:30:20,626 - INFO - 📊 EXECUTION AUDIT [SIGNAL_GENERATED]: trade_id=None, candidate_id=cand_NSE_NIFTY50_INDEX_BREAKOUT_24027.90_20260819_112500_Structural_v3.2_RVOL0.8, payload={'symbol': 'NSE:NIFTY50-INDEX', 'signal': 'BUY PUT', 'strategy': 'BREAKOUT', 'price': 24054.35, 'stop_loss': 24060.64642857143, 'take_profit': 24041.75714285714, 'tp1': 24044.905357142852, 'rr_ratio': 2.0, 'timestamp': '2026-08-19T11:25:00+05:30', 'accepted': False, 'rejection_reasons': ['BIAS_MISMATCH', 'LOW_EFFICIENCY', 'HIGH_WICKINESS', 'NO_TARGET_ZONE'], 'features': {'date': '2026-08-19', 'strategy_name': 'Structural_v3', 'strategy_version': 'v3.2', 'feature_version': 'v1.1', 'market_regime': 'STRONG_TREND_DOWN_NORMAL', 'day_type': 'NORMAL_DAY', 'session_type': 'MID', 'daily_bias': 'NEUTRAL', 'hourly_bias': 'NEUTRAL', 'trend_strength': 0.0, 'rvol': 1.94, 'rvol_threshold': 0.8, 'atr': 12.59, 'distance_from_supply': 9999.0, 'distance_from_demand': 9999.0, 'nearest_supply_strength': 0.0, 'nearest_demand_strength': 0.0, 'distance_to_liquidity_pool': 9999.0, 'liquidity_score': 19.4, 'indicator_snapshot': {'rvol_tod': 1.94, 'is_compressed': True, 'bos_count': 0}, 'move_efficiency': 0.0834, 'wickiness': 0.7002, 'fft_score': 0.0, 'setup_type': 'BREAKOUT', 'candidate_id': 'cand_NSE_NIFTY50_INDEX_BREAKOUT_24027.90_20260819_112500', 'ema20': 24069.57, 'ema50': 24114.58, 'move_efficiency_h1': 0.1467, 'ema_bullish': False, 'rsi14': 37.94, 'rsi2': 70.0, 'distance_to_vwap': -0.0012, 'atr_percentile': 0.5308, 'dist_prev_high': -0.0089, 'dist_prev_low': -0.0042, 'adx': 46.77, 'adx_slope': -0.4008, 'gap_pct': -0.0001, 'regime_primary': 'STRONG_TREND_DOWN', 'regime_vol_state': 'NORMAL'}, 'candidate_id': 'cand_NSE_NIFTY50_INDEX_BREAKOUT_24027.90_20260819_112500_Structural_v3.2_RVOL0.8', 'experiment_name': 'Structural_v3.2_RVOL0.8', 'strategy_id': 'structural', 'version': 'v3.2'}
2026-08-19 11:30:20,653 - INFO - Resolved active expiry from DB: 26AUG (2026-08-25)
2026-08-19 11:30:20,667 - INFO - Resolved index signal into option contract: OptionContract(symbol='NSE:NIFTY26AUG24050PE', strike=24050.0, expiry='26AUG', option_type='PE', premium=97.15, delta=0.5, bid=97.15, ask=97.3, volume=57567705, resolved_at=datetime.datetime(2026, 8, 19, 11, 30, 20, 667047))
2026-08-19 11:30:20,667 - INFO - ⚡ Option strike selection resolved index signal to contract NSE:NIFTY26AUG24050PE @ premium 97.15 (type: PE, strike: 24050.0)
2026-08-19 11:30:20,667 - INFO - 📊 EXECUTION AUDIT [STRIKE_SELECTED]: trade_id=None, candidate_id=cand_NSE_NIFTY50_INDEX_BREAKOUT_24027.90_20260819_112500_Structural_v3.2_RVOL0.8, payload={'symbol': 'NSE:NIFTY26AUG24050PE', 'strike': 24050.0, 'expiry': '26AUG', 'type': 'PE'}
2026-08-19 11:30:20,679 - INFO - 📊 EXECUTION AUDIT [PREMIUM_RETRIEVED]: trade_id=None, candidate_id=cand_NSE_NIFTY50_INDEX_BREAKOUT_24027.90_20260819_112500_Structural_v3.2_RVOL0.8, payload={'premium': 97.15, 'bid': 97.15, 'ask': 97.3}
2026-08-19 11:30:20,693 - INFO - 📊 EXECUTION AUDIT [CF_SUBMITTED]: trade_id=None, candidate_id=cand_NSE_NIFTY50_INDEX_BREAKOUT_24027.90_20260819_112500_Structural_v3.2_RVOL0.8, payload={'price': 24054.35, 'sl': 24060.64642857143, 'tp': 24041.75714285714}
2026-08-19 11:30:20,705 - INFO - 📊 EXECUTION AUDIT [CF_FILLED]: trade_id=None, candidate_id=cand_NSE_NIFTY50_INDEX_BREAKOUT_24027.90_20260819_112500_Structural_v3.2_RVOL0.8, payload={'price': 24054.35, 'sl': 24060.64642857143, 'tp': 24041.75714285714}
2026-08-19 11:30:20,718 - INFO - 💰 Position size [BREAKOUT|STRONG_TREND_DOWN_NORMAL|conf=70]: frac=0.006 → ₹5,000 (risk/unit=0.03%)
2026-08-19 11:30:20,744 - INFO - 🟢 ENTRY [CF|Structural_v3.2_RVOL0.8|uctural_v3.2_RVOL0.8]: NSE:NIFTY50-INDEX BUY PUT @ 24054.35 | SL: 24060.65 TP: 24041.76
2026-08-19 11:30:22,568 - INFO - Resolved active expiry from DB: 26AUG (2026-08-25)
2026-08-19 11:30:22,569 - INFO - 👻 [Structural_v3.2_RVOL1.0] CF BREAKOUT NSE:NIFTYBANK-INDEX BUY PUT | Rejected: ['BIAS_MISMATCH', 'LOW_EFFICIENCY', 'HIGH_WICKINESS', 'NO_TARGET_ZONE']
2026-08-19 11:30:22,570 - INFO - 📊 EXECUTION AUDIT [SIGNAL_GENERATED]: trade_id=None, candidate_id=cand_NSE_NIFTYBANK_INDEX_BREAKOUT_57014.75_20260819_112500_Structural_v3.2_RVOL1.0, payload={'symbol': 'NSE:NIFTYBANK-INDEX', 'signal': 'BUY PUT', 'strategy': 'BREAKOUT', 'price': 57045.6, 'stop_loss': 57064.34285714286, 'take_profit': 57008.11428571428, 'tp1': 57017.48571428571, 'rr_ratio': 2.0, 'timestamp': '2026-08-19T11:25:00+05:30', 'accepted': False, 'rejection_reasons': ['BIAS_MISMATCH', 'LOW_EFFICIENCY', 'HIGH_WICKINESS', 'NO_TARGET_ZONE'], 'features': {'date': '2026-08-19', 'strategy_name': 'Structural_v3', 'strategy_version': 'v3.2', 'feature_version': 'v1.1', 'market_regime': 'STRONG_TREND_DOWN_NORMAL', 'day_type': 'NORMAL_DAY', 'session_type': 'MID', 'daily_bias': 'NEUTRAL', 'hourly_bias': 'NEUTRAL', 'trend_strength': 0.0, 'rvol': 2.2, 'rvol_threshold': 1.0, 'atr': 37.49, 'distance_from_supply': 840.25, 'distance_from_demand': 9999.0, 'nearest_supply_strength': 65.3, 'nearest_demand_strength': 0.0, 'distance_to_liquidity_pool': 9999.0, 'liquidity_score': 22.0, 'indicator_snapshot': {'rvol_tod': 2.2, 'is_compressed': True, 'bos_count': 0}, 'move_efficiency': 0.3304, 'wickiness': 0.5474, 'fft_score': 0.0, 'setup_type': 'BREAKOUT', 'candidate_id': 'cand_NSE_NIFTYBANK_INDEX_BREAKOUT_57014.75_20260819_112500', 'ema20': 57099.37, 'ema50': 57179.46, 'move_efficiency_h1': 0.0183, 'ema_bullish': False, 'rsi14': 22.12, 'rsi2': 0.0, 'distance_to_vwap': -0.0014, 'atr_percentile': 0.4123, 'dist_prev_high': -0.0094, 'dist_prev_low': -0.003, 'adx': 26.27, 'adx_slope': 1.5651, 'gap_pct': -0.0, 'regime_primary': 'STRONG_TREND_DOWN', 'regime_vol_state': 'NORMAL'}, 'candidate_id': 'cand_NSE_NIFTYBANK_INDEX_BREAKOUT_57014.75_20260819_112500_Structural_v3.2_RVOL1.0', 'experiment_name': 'Structural_v3.2_RVOL1.0', 'strategy_id': 'structural', 'version': 'v3.2'}
2026-08-19 11:30:22,591 - INFO - Resolved active expiry from DB: 26AUG (2026-08-25)
2026-08-19 11:30:22,603 - INFO - Resolved index signal into option contract: OptionContract(symbol='NSE:BANKNIFTY26AUG57000PE', strike=57000.0, expiry='26AUG', option_type='PE', premium=260.9, delta=0.5, bid=260.3, ask=260.9, volume=3082110, resolved_at=datetime.datetime(2026, 8, 19, 11, 30, 22, 603855))
2026-08-19 11:30:22,603 - INFO - ⚡ Option strike selection resolved index signal to contract NSE:BANKNIFTY26AUG57000PE @ premium 260.9 (type: PE, strike: 57000.0)
2026-08-19 11:30:22,603 - INFO - 📊 EXECUTION AUDIT [STRIKE_SELECTED]: trade_id=None, candidate_id=cand_NSE_NIFTYBANK_INDEX_BREAKOUT_57014.75_20260819_112500_Structural_v3.2_RVOL1.0, payload={'symbol': 'NSE:BANKNIFTY26AUG57000PE', 'strike': 57000.0, 'expiry': '26AUG', 'type': 'PE'}
2026-08-19 11:30:22,614 - INFO - 📊 EXECUTION AUDIT [PREMIUM_RETRIEVED]: trade_id=None, candidate_id=cand_NSE_NIFTYBANK_INDEX_BREAKOUT_57014.75_20260819_112500_Structural_v3.2_RVOL1.0, payload={'premium': 260.9, 'bid': 260.3, 'ask': 260.9}
2026-08-19 11:30:22,625 - INFO - 📊 EXECUTION AUDIT [CF_SUBMITTED]: trade_id=None, candidate_id=cand_NSE_NIFTYBANK_INDEX_BREAKOUT_57014.75_20260819_112500_Structural_v3.2_RVOL1.0, payload={'price': 57045.6, 'sl': 57064.34285714286, 'tp': 57008.11428571428}
2026-08-19 11:30:22,636 - INFO - 📊 EXECUTION AUDIT [CF_FILLED]: trade_id=None, candidate_id=cand_NSE_NIFTYBANK_INDEX_BREAKOUT_57014.75_20260819_112500_Structural_v3.2_RVOL1.0, payload={'price': 57045.6, 'sl': 57064.34285714286, 'tp': 57008.11428571428}
2026-08-19 11:30:22,647 - INFO - 💰 Position size [BREAKOUT|STRONG_TREND_DOWN_NORMAL|conf=70]: frac=0.006 → ₹5,000 (risk/unit=0.03%)
2026-08-19 11:30:22,669 - INFO - 🟢 ENTRY [CF|Structural_v3.2_RVOL1.0|uctural_v3.2_RVOL1.0]: NSE:NIFTYBANK-INDEX BUY PUT @ 57045.60 | SL: 57064.34 TP: 57008.11
2026-08-19 11:30:22,669 - INFO - 👻 [Structural_v3.2_RVOL0.8] CF BREAKOUT NSE:NIFTYBANK-INDEX BUY PUT | Rejected: ['BIAS_MISMATCH', 'LOW_EFFICIENCY', 'HIGH_WICKINESS', 'NO_TARGET_ZONE']
2026-08-19 11:30:22,669 - INFO - 📊 EXECUTION AUDIT [SIGNAL_GENERATED]: trade_id=None, candidate_id=cand_NSE_NIFTYBANK_INDEX_BREAKOUT_57014.75_20260819_112500_Structural_v3.2_RVOL0.8, payload={'symbol': 'NSE:NIFTYBANK-INDEX', 'signal': 'BUY PUT', 'strategy': 'BREAKOUT', 'price': 57045.6, 'stop_loss': 57064.34285714286, 'take_profit': 57008.11428571428, 'tp1': 57017.48571428571, 'rr_ratio': 2.0, 'timestamp': '2026-08-19T11:25:00+05:30', 'accepted': False, 'rejection_reasons': ['BIAS_MISMATCH', 'LOW_EFFICIENCY', 'HIGH_WICKINESS', 'NO_TARGET_ZONE'], 'features': {'date': '2026-08-19', 'strategy_name': 'Structural_v3', 'strategy_version': 'v3.2', 'feature_version': 'v1.1', 'market_regime': 'STRONG_TREND_DOWN_NORMAL', 'day_type': 'NORMAL_DAY', 'session_type': 'MID', 'daily_bias': 'NEUTRAL', 'hourly_bias': 'NEUTRAL', 'trend_strength': 0.0, 'rvol': 2.2, 'rvol_threshold': 0.8, 'atr': 37.49, 'distance_from_supply': 840.25, 'distance_from_demand': 9999.0, 'nearest_supply_strength': 65.3, 'nearest_demand_strength': 0.0, 'distance_to_liquidity_pool': 9999.0, 'liquidity_score': 22.0, 'indicator_snapshot': {'rvol_tod': 2.2, 'is_compressed': True, 'bos_count': 0}, 'move_efficiency': 0.3304, 'wickiness': 0.5474, 'fft_score': 0.0, 'setup_type': 'BREAKOUT', 'candidate_id': 'cand_NSE_NIFTYBANK_INDEX_BREAKOUT_57014.75_20260819_112500', 'ema20': 57099.37, 'ema50': 57179.46, 'move_efficiency_h1': 0.0183, 'ema_bullish': False, 'rsi14': 22.12, 'rsi2': 0.0, 'distance_to_vwap': -0.0014, 'atr_percentile': 0.4123, 'dist_prev_high': -0.0094, 'dist_prev_low': -0.003, 'adx': 26.27, 'adx_slope': 1.5651, 'gap_pct': -0.0, 'regime_primary': 'STRONG_TREND_DOWN', 'regime_vol_state': 'NORMAL'}, 'candidate_id': 'cand_NSE_NIFTYBANK_INDEX_BREAKOUT_57014.75_20260819_112500_Structural_v3.2_RVOL0.8', 'experiment_name': 'Structural_v3.2_RVOL0.8', 'strategy_id': 'structural', 'version': 'v3.2'}
2026-08-19 11:30:22,693 - INFO - Resolved active expiry from DB: 26AUG (2026-08-25)
2026-08-19 11:30:22,706 - INFO - Resolved index signal into option contract: OptionContract(symbol='NSE:BANKNIFTY26AUG57000PE', strike=57000.0, expiry='26AUG', option_type='PE', premium=260.9, delta=0.5, bid=260.3, ask=260.9, volume=3082110, resolved_at=datetime.datetime(2026, 8, 19, 11, 30, 22, 706746))
2026-08-19 11:30:22,706 - INFO - ⚡ Option strike selection resolved index signal to contract NSE:BANKNIFTY26AUG57000PE @ premium 260.9 (type: PE, strike: 57000.0)
2026-08-19 11:30:22,707 - INFO - 📊 EXECUTION AUDIT [STRIKE_SELECTED]: trade_id=None, candidate_id=cand_NSE_NIFTYBANK_INDEX_BREAKOUT_57014.75_20260819_112500_Structural_v3.2_RVOL0.8, payload={'symbol': 'NSE:BANKNIFTY26AUG57000PE', 'strike': 57000.0, 'expiry': '26AUG', 'type': 'PE'}
2026-08-19 11:30:22,719 - INFO - 📊 EXECUTION AUDIT [PREMIUM_RETRIEVED]: trade_id=None, candidate_id=cand_NSE_NIFTYBANK_INDEX_BREAKOUT_57014.75_20260819_112500_Structural_v3.2_RVOL0.8, payload={'premium': 260.9, 'bid': 260.3, 'ask': 260.9}
2026-08-19 11:30:22,730 - INFO - 📊 EXECUTION AUDIT [CF_SUBMITTED]: trade_id=None, candidate_id=cand_NSE_NIFTYBANK_INDEX_BREAKOUT_57014.75_20260819_112500_Structural_v3.2_RVOL0.8, payload={'price': 57045.6, 'sl': 57064.34285714286, 'tp': 57008.11428571428}
2026-08-19 11:30:22,742 - INFO - 📊 EXECUTION AUDIT [CF_FILLED]: trade_id=None, candidate_id=cand_NSE_NIFTYBANK_INDEX_BREAKOUT_57014.75_20260819_112500_Structural_v3.2_RVOL0.8, payload={'price': 57045.6, 'sl': 57064.34285714286, 'tp': 57008.11428571428}
2026-08-19 11:30:22,753 - INFO - 💰 Position size [BREAKOUT|STRONG_TREND_DOWN_NORMAL|conf=70]: frac=0.006 → ₹5,000 (risk/unit=0.03%)
2026-08-19 11:30:22,777 - INFO - 🟢 ENTRY [CF|Structural_v3.2_RVOL0.8|uctural_v3.2_RVOL0.8]: NSE:NIFTYBANK-INDEX BUY PUT @ 57045.60 | SL: 57064.34 TP: 57008.11
2026-08-19 11:30:35,788 - INFO - ⏱️ [Real-time Exit Loop] Checking open positions @ 11:30:35...
2026-08-19 11:30:37,882 - INFO - Retrieved live premium from Fyers API: LTP=201.25 for NSE:BANKNIFTY26AUG57600CE
2026-08-19 11:30:39,085 - INFO - Retrieved live premium from Fyers API: LTP=169.2 for NSE:BANKNIFTY26AUG57700CE
2026-08-19 11:30:39,899 - INFO - Retrieved live premium from Fyers API: LTP=39.55 for NSE:NIFTY26AUG24350CE
2026-08-19 11:30:40,922 - INFO - Retrieved live premium from Fyers API: LTP=203.0 for NSE:BANKNIFTY26AUG57600CE
2026-08-19 11:30:42,069 - INFO - Retrieved live premium from Fyers API: LTP=171.4 for NSE:BANKNIFTY26AUG57700CE
2026-08-19 11:30:42,928 - INFO - Retrieved live premium from Fyers API: LTP=202.75 for NSE:BANKNIFTY26AUG57600CE
2026-08-19 11:30:43,991 - INFO - 📊 Saved 22 snapshots for NSE:NIFTY50-INDEX  (oi range: 190,580–15,037,490)
2026-08-19 11:30:45,107 - INFO - 📡 Fetching NSE:NIFTYBANK-INDEX @ 57069  expiry=26AUG  strikes=ATM±5
2026-08-19 11:31:05,971 - INFO - ⏱️ [Real-time Exit Loop] Checking open positions @ 11:31:05...
2026-08-19 11:31:07,069 - INFO - 📊 EXECUTION AUDIT [CF_EXITED]: trade_id=None, candidate_id=cand_NSE_NIFTYBANK_INDEX_BREAKOUT_57014.75_20260819_112500_Structural_v3.2_RVOL1.0, payload={'exit_price': 57071.9, 'exit_reason': 'INITIAL_SL', 'pnl_r': -0.027021847451130638, 'duration_minutes': 1.01209335, 'bars_held': 0}
2026-08-19 11:31:07,135 - INFO - 🔴 EXIT (INITIAL_SL) [CFStructural_v3.2_RVOL1.0|uctural_v3.2_RVOL1.0]: NSE:NIFTYBANK-INDEX @ 57071.90 | PnL -0.03R | MFE 0.00R | Capture N/A | 0bars HoldEff -0.027R/bar
2026-08-19 11:31:07,135 - INFO - 📊 EXECUTION AUDIT [CF_EXITED]: trade_id=None, candidate_id=cand_NSE_NIFTYBANK_INDEX_BREAKOUT_57014.75_20260819_112500_Structural_v3.2_RVOL0.8, payload={'exit_price': 57071.9, 'exit_reason': 'INITIAL_SL', 'pnl_r': -0.027021847451130638, 'duration_minutes': 1.01209335, 'bars_held': 0}
2026-08-19 11:31:07,176 - INFO - 🔴 EXIT (INITIAL_SL) [CFStructural_v3.2_RVOL0.8|uctural_v3.2_RVOL0.8]: NSE:NIFTYBANK-INDEX @ 57071.90 | PnL -0.03R | MFE 0.00R | Capture N/A | 0bars HoldEff -0.027R/bar
2026-08-19 11:31:08,080 - INFO - Retrieved live premium from Fyers API: LTP=204.7 for NSE:BANKNIFTY26AUG57600CE
2026-08-19 11:31:09,097 - INFO - Retrieved live premium from Fyers API: LTP=171.8 for NSE:BANKNIFTY26AUG57700CE
2026-08-19 11:31:10,268 - INFO - Retrieved live premium from Fyers API: LTP=39.95 for NSE:NIFTY26AUG24350CE
2026-08-19 11:31:11,102 - INFO - Retrieved live premium from Fyers API: LTP=204.65 for NSE:BANKNIFTY26AUG57600CE
2026-08-19 11:31:12,163 - INFO - Retrieved live premium from Fyers API: LTP=171.8 for NSE:BANKNIFTY26AUG57700CE
2026-08-19 11:31:13,318 - INFO - Retrieved live premium from Fyers API: LTP=204.65 for NSE:BANKNIFTY26AUG57600CE
2026-08-19 11:31:15,561 - INFO - 📊 Saved 22 snapshots for NSE:NIFTYBANK-INDEX  (oi range: 12,000–1,329,000)
2026-08-19 11:31:17,106 - INFO - 📡 Fetching NSE:NIFTY50-INDEX @ 24058  expiry=26AUG  strikes=ATM±5
2026-08-19 11:31:35,363 - INFO - ⏱️ [Real-time Exit Loop] Checking open positions @ 11:31:35...
2026-08-19 11:31:37,484 - INFO - Retrieved live premium from Fyers API: LTP=172.25 for NSE:BANKNIFTY26AUG57700CE
2026-08-19 11:31:38,490 - INFO - Retrieved live premium from Fyers API: LTP=39.65 for NSE:NIFTY26AUG24350CE
2026-08-19 11:31:39,684 - INFO - Retrieved live premium from Fyers API: LTP=172.25 for NSE:BANKNIFTY26AUG57700CE
2026-08-19 11:31:46,869 - INFO - 📊 Saved 22 snapshots for NSE:NIFTY50-INDEX  (oi range: 190,580–15,061,475)
2026-08-19 11:31:47,972 - INFO - 📡 Fetching NSE:NIFTYBANK-INDEX @ 57068  expiry=26AUG  strikes=ATM±5
2026-08-19 11:32:05,827 - INFO - ⏱️ [Real-time Exit Loop] Checking open positions @ 11:32:05...
2026-08-19 11:32:07,947 - INFO - Retrieved live premium from Fyers API: LTP=171.4 for NSE:BANKNIFTY26AUG57700CE
2026-08-19 11:32:08,951 - INFO - Retrieved live premium from Fyers API: LTP=39.5 for NSE:NIFTY26AUG24350CE
2026-08-19 11:32:09,954 - INFO - Retrieved live premium from Fyers API: LTP=171.4 for NSE:BANKNIFTY26AUG57700CE
2026-08-19 11:32:18,206 - INFO - 📊 Saved 22 snapshots for NSE:NIFTYBANK-INDEX  (oi range: 12,000–1,330,800)
2026-08-19 11:32:19,306 - INFO - 📡 Fetching NSE:NIFTY50-INDEX @ 24055  expiry=26AUG  strikes=ATM±5
2026-08-19 11:32:35,089 - INFO - ⏱️ [Real-time Exit Loop] Checking open positions @ 11:32:35...
2026-08-19 11:32:37,199 - INFO - Retrieved live premium from Fyers API: LTP=173.35 for NSE:BANKNIFTY26AUG57700CE
2026-08-19 11:32:38,200 - INFO - Retrieved live premium from Fyers API: LTP=39.85 for NSE:NIFTY26AUG24350CE
2026-08-19 11:32:39,201 - INFO - Retrieved live premium from Fyers API: LTP=173.0 for NSE:BANKNIFTY26AUG57700CE
2026-08-19 11:32:49,257 - INFO - 📊 Saved 22 snapshots for NSE:NIFTY50-INDEX  (oi range: 190,125–15,058,095)
2026-08-19 11:32:50,349 - INFO - 📡 Fetching NSE:NIFTYBANK-INDEX @ 57069  expiry=26AUG  strikes=ATM±5
2026-08-19 11:33:05,335 - INFO - ⏱️ [Real-time Exit Loop] Checking open positions @ 11:33:05...
2026-08-19 11:33:06,431 - INFO - 📊 EXECUTION AUDIT [CF_SL_MODIFIED]: trade_id=None, candidate_id=cand_NSE_NIFTY50_INDEX_BREAKOUT_24027.90_20260819_112500_Structural_v3.2_RVOL1.0, payload={'price': 24052.65, 'old_sl': 24060.64642857143, 'new_sl': 24058.94642857143, 'old_tp': None, 'new_tp': 24041.75714285714, 'reason': 'TRAILING_SL'}
2026-08-19 11:33:06,493 - INFO - 🟡 UPDATE (TRAILING_SL) [CFStructural_v3.2_RVOL1.0|uctural_v3.2_RVOL1.0]: NSE:NIFTY50-INDEX @ 24052.65 | SL→24058.95 TP→24041.76
2026-08-19 11:33:06,493 - INFO - 📊 EXECUTION AUDIT [CF_SL_MODIFIED]: trade_id=None, candidate_id=cand_NSE_NIFTY50_INDEX_BREAKOUT_24027.90_20260819_112500_Structural_v3.2_RVOL0.8, payload={'price': 24052.65, 'old_sl': 24060.64642857143, 'new_sl': 24058.94642857143, 'old_tp': None, 'new_tp': 24041.75714285714, 'reason': 'TRAILING_SL'}
2026-08-19 11:33:06,531 - INFO - 🟡 UPDATE (TRAILING_SL) [CFStructural_v3.2_RVOL0.8|uctural_v3.2_RVOL0.8]: NSE:NIFTY50-INDEX @ 24052.65 | SL→24058.95 TP→24041.76
2026-08-19 11:33:07,447 - INFO - Retrieved live premium from Fyers API: LTP=172.6 for NSE:BANKNIFTY26AUG57700CE
2026-08-19 11:33:08,451 - INFO - Retrieved live premium from Fyers API: LTP=39.6 for NSE:NIFTY26AUG24350CE
2026-08-19 11:33:09,478 - INFO - Retrieved live premium from Fyers API: LTP=172.6 for NSE:BANKNIFTY26AUG57700CE
2026-08-19 11:33:20,630 - INFO - 📊 Saved 22 snapshots for NSE:NIFTYBANK-INDEX  (oi range: 12,000–1,329,480)
2026-08-19 11:33:21,736 - INFO - 📡 Fetching NSE:NIFTY50-INDEX @ 24051  expiry=26AUG  strikes=ATM±5
2026-08-19 11:33:35,618 - INFO - ⏱️ [Real-time Exit Loop] Checking open positions @ 11:33:35...
2026-08-19 11:33:37,732 - INFO - Retrieved live premium from Fyers API: LTP=171.4 for NSE:BANKNIFTY26AUG57700CE
2026-08-19 11:33:38,729 - INFO - Retrieved live premium from Fyers API: LTP=39.75 for NSE:NIFTY26AUG24350CE
2026-08-19 11:33:39,751 - INFO - Retrieved live premium from Fyers API: LTP=171.4 for NSE:BANKNIFTY26AUG57700CE
2026-08-19 11:33:51,513 - INFO - 📊 Saved 22 snapshots for NSE:NIFTY50-INDEX  (oi range: 190,125–15,083,380)
2026-08-19 11:33:52,610 - INFO - 📡 Fetching NSE:NIFTYBANK-INDEX @ 57069  expiry=26AUG  strikes=ATM±5
2026-08-19 11:34:05,870 - INFO - ⏱️ [Real-time Exit Loop] Checking open positions @ 11:34:05...
2026-08-19 11:34:06,968 - INFO - 📊 EXECUTION AUDIT [CF_EXITED]: trade_id=None, candidate_id=cand_NSE_NIFTYBANK_INDEX_BREAKOUT_57014.75_20260819_112000_Structural_v3.3_ExitMgmt, payload={'exit_price': 57073.45, 'exit_reason': 'INITIAL_SL', 'pnl_r': -0.029933110367892937, 'duration_minutes': 8.999380216666667, 'bars_held': 1}
2026-08-19 11:34:07,033 - INFO - 🔴 EXIT (INITIAL_SL) [CFStructural_v3.3_ExitMgmt|ctural_v3.3_ExitMgmt]: NSE:NIFTYBANK-INDEX @ 57073.45 | PnL -0.03R | MFE 0.90R | Capture -3% | 1bars HoldEff -0.030R/bar
2026-08-19 11:34:07,985 - INFO - Retrieved live premium from Fyers API: LTP=174.8 for NSE:BANKNIFTY26AUG57700CE
2026-08-19 11:34:08,996 - INFO - Retrieved live premium from Fyers API: LTP=39.95 for NSE:NIFTY26AUG24350CE
2026-08-19 11:34:10,003 - INFO - Retrieved live premium from Fyers API: LTP=174.8 for NSE:BANKNIFTY26AUG57700CE
2026-08-19 11:34:22,530 - INFO - 📊 Saved 22 snapshots for NSE:NIFTYBANK-INDEX  (oi range: 11,970–1,329,450)
2026-08-19 11:34:23,621 - INFO - 📡 Fetching NSE:NIFTY50-INDEX @ 24058  expiry=26AUG  strikes=ATM±5
2026-08-19 11:34:35,131 - INFO - ⏱️ [Real-time Exit Loop] Checking open positions @ 11:34:35...
2026-08-19 11:34:37,222 - INFO - Retrieved live premium from Fyers API: LTP=174.05 for NSE:BANKNIFTY26AUG57700CE
2026-08-19 11:34:38,226 - INFO - Retrieved live premium from Fyers API: LTP=39.6 for NSE:NIFTY26AUG24350CE
2026-08-19 11:34:39,236 - INFO - Retrieved live premium from Fyers API: LTP=174.05 for NSE:BANKNIFTY26AUG57700CE
2026-08-19 11:48:26,293 - INFO - 📊 Saved 22 snapshots for NSE:NIFTY50-INDEX  (oi range: 190,125–15,116,790)
2026-08-19 11:48:27,386 - INFO - 📡 Fetching NSE:NIFTYBANK-INDEX @ 57112  expiry=26AUG  strikes=ATM±5
2026-08-19 12:00:29,164 - WARNING - Depth request failed for NSE:BANKNIFTY26AUG56700PE: {'code': -1, 'message': 'Network connection failure before HTTP response', 's': 'error'}
2026-08-19 12:00:29,164 - WARNING - ⚠️  No depth for NSE:BANKNIFTY26AUG56700PE
2026-08-19 12:00:30,371 - WARNING - Depth request failed for NSE:BANKNIFTY26AUG56800CE: {'code': -1, 'message': 'Network connection failure before HTTP response', 's': 'error'}
2026-08-19 12:00:30,372 - WARNING - ⚠️  No depth for NSE:BANKNIFTY26AUG56800CE
2026-08-19 12:00:31,579 - WARNING - Depth request failed for NSE:BANKNIFTY26AUG56800PE: {'code': -1, 'message': 'Network connection failure before HTTP response', 's': 'error'}
2026-08-19 12:00:31,580 - WARNING - ⚠️  No depth for NSE:BANKNIFTY26AUG56800PE
2026-08-19 12:00:32,679 - INFO - 🔔 [New Candle Closed] Running entry pipeline for candle 12:00 at 12:00:32...
2026-08-19 12:00:32,680 - INFO - --- 12:00:32 Market Pulse ---
2026-08-19 12:00:32,686 - WARNING - No quotes data available for ['NSE:NIFTY50-INDEX', 'NSE:NIFTYBANK-INDEX'] (code=-1, message=Network connection failure before HTTP response)
2026-08-19 12:00:32,787 - WARNING - Depth request failed for NSE:BANKNIFTY26AUG56900CE: {'code': -1, 'message': 'Network connection failure before HTTP response', 's': 'error'}
2026-08-19 12:00:32,787 - WARNING - ⚠️  No depth for NSE:BANKNIFTY26AUG56900CE
2026-08-19 12:00:33,687 - ERROR - ❌ Historical data request failed for NSE:NIFTY50-INDEX (attempt 1/3): {'code': -1, 'message': 'Network connection failure before HTTP response', 's': 'error'}
2026-08-19 12:00:33,994 - WARNING - Depth request failed for NSE:BANKNIFTY26AUG56900PE: {'code': -1, 'message': 'Network connection failure before HTTP response', 's': 'error'}
2026-08-19 12:00:33,994 - WARNING - ⚠️  No depth for NSE:BANKNIFTY26AUG56900PE
2026-08-19 12:00:34,703 - ERROR - ❌ Historical data request failed for NSE:NIFTY50-INDEX (attempt 2/3): {'code': -1, 'message': 'Network connection failure before HTTP response', 's': 'error'}
2026-08-19 12:00:35,200 - WARNING - Depth request failed for NSE:BANKNIFTY26AUG57000CE: {'code': -1, 'message': 'Network connection failure before HTTP response', 's': 'error'}
2026-08-19 12:00:35,200 - WARNING - ⚠️  No depth for NSE:BANKNIFTY26AUG57000CE
2026-08-19 12:00:35,715 - ERROR - ❌ Historical data request failed for NSE:NIFTY50-INDEX (attempt 3/3): {'code': -1, 'message': 'Network connection failure before HTTP response', 's': 'error'}
2026-08-19 12:00:35,756 - ERROR - ❌ Historical data request failed for NSE:NIFTY50-INDEX (attempt 1/3): {'code': -1, 'message': 'Network connection failure before HTTP response', 's': 'error'}
2026-08-19 12:00:36,408 - WARNING - Depth request failed for NSE:BANKNIFTY26AUG57000PE: {'code': -1, 'message': 'Network connection failure before HTTP response', 's': 'error'}
2026-08-19 12:00:36,408 - WARNING - ⚠️  No depth for NSE:BANKNIFTY26AUG57000PE
2026-08-19 12:00:36,770 - ERROR - ❌ Historical data request failed for NSE:NIFTY50-INDEX (attempt 2/3): {'code': -1, 'message': 'Network connection failure before HTTP response', 's': 'error'}
2026-08-19 12:00:37,616 - WARNING - Depth request failed for NSE:BANKNIFTY26AUG57100CE: {'code': -1, 'message': 'Network connection failure before HTTP response', 's': 'error'}
2026-08-19 12:00:37,616 - WARNING - ⚠️  No depth for NSE:BANKNIFTY26AUG57100CE
2026-08-19 12:00:37,787 - ERROR - ❌ Historical data request failed for NSE:NIFTY50-INDEX (attempt 3/3): {'code': -1, 'message': 'Network connection failure before HTTP response', 's': 'error'}
2026-08-19 12:00:37,823 - ERROR - ❌ Historical data request failed for NSE:NIFTY50-INDEX (attempt 1/3): {'code': -1, 'message': 'Network connection failure before HTTP response', 's': 'error'}
2026-08-19 12:00:38,824 - WARNING - Depth request failed for NSE:BANKNIFTY26AUG57100PE: {'code': -1, 'message': 'Network connection failure before HTTP response', 's': 'error'}
2026-08-19 12:00:38,824 - WARNING - ⚠️  No depth for NSE:BANKNIFTY26AUG57100PE
2026-08-19 12:00:38,835 - ERROR - ❌ Historical data request failed for NSE:NIFTY50-INDEX (attempt 2/3): {'code': -1, 'message': 'Network connection failure before HTTP response', 's': 'error'}
2026-08-19 12:00:39,847 - ERROR - ❌ Historical data request failed for NSE:NIFTY50-INDEX (attempt 3/3): {'code': -1, 'message': 'Network connection failure before HTTP response', 's': 'error'}
2026-08-19 12:00:39,850 - WARNING - ⚠️ Could not fetch complete MTF data for NSE:NIFTY50-INDEX
2026-08-19 12:00:39,892 - ERROR - ❌ Historical data request failed for NSE:NIFTYBANK-INDEX (attempt 1/3): {'code': -1, 'message': 'Network connection failure before HTTP response', 's': 'error'}
2026-08-19 12:00:40,031 - WARNING - Depth request failed for NSE:BANKNIFTY26AUG57200CE: {'code': -1, 'message': 'Network connection failure before HTTP response', 's': 'error'}
2026-08-19 12:00:40,031 - WARNING - ⚠️  No depth for NSE:BANKNIFTY26AUG57200CE
2026-08-19 12:00:40,905 - ERROR - ❌ Historical data request failed for NSE:NIFTYBANK-INDEX (attempt 2/3): {'code': -1, 'message': 'Network connection failure before HTTP response', 's': 'error'}
2026-08-19 12:00:41,238 - WARNING - Depth request failed for NSE:BANKNIFTY26AUG57200PE: {'code': -1, 'message': 'Network connection failure before HTTP response', 's': 'error'}
2026-08-19 12:00:41,238 - WARNING - ⚠️  No depth for NSE:BANKNIFTY26AUG57200PE
2026-08-19 12:00:41,918 - ERROR - ❌ Historical data request failed for NSE:NIFTYBANK-INDEX (attempt 3/3): {'code': -1, 'message': 'Network connection failure before HTTP response', 's': 'error'}
2026-08-19 12:00:41,961 - ERROR - ❌ Historical data request failed for NSE:NIFTYBANK-INDEX (attempt 1/3): {'code': -1, 'message': 'Network connection failure before HTTP response', 's': 'error'}
2026-08-19 12:00:42,445 - WARNING - Depth request failed for NSE:BANKNIFTY26AUG57300CE: {'code': -1, 'message': 'Network connection failure before HTTP response', 's': 'error'}
2026-08-19 12:00:42,446 - WARNING - ⚠️  No depth for NSE:BANKNIFTY26AUG57300CE
2026-08-19 12:00:42,977 - ERROR - ❌ Historical data request failed for NSE:NIFTYBANK-INDEX (attempt 2/3): {'code': -1, 'message': 'Network connection failure before HTTP response', 's': 'error'}
2026-08-19 12:00:43,654 - WARNING - Depth request failed for NSE:BANKNIFTY26AUG57300PE: {'code': -1, 'message': 'Network connection failure before HTTP response', 's': 'error'}
2026-08-19 12:00:43,654 - WARNING - ⚠️  No depth for NSE:BANKNIFTY26AUG57300PE
2026-08-19 12:00:43,990 - ERROR - ❌ Historical data request failed for NSE:NIFTYBANK-INDEX (attempt 3/3): {'code': -1, 'message': 'Network connection failure before HTTP response', 's': 'error'}
2026-08-19 12:00:44,033 - ERROR - ❌ Historical data request failed for NSE:NIFTYBANK-INDEX (attempt 1/3): {'code': -1, 'message': 'Network connection failure before HTTP response', 's': 'error'}
2026-08-19 12:00:44,862 - WARNING - Depth request failed for NSE:BANKNIFTY26AUG57400CE: {'code': -1, 'message': 'Network connection failure before HTTP response', 's': 'error'}
2026-08-19 12:00:44,862 - WARNING - ⚠️  No depth for NSE:BANKNIFTY26AUG57400CE
2026-08-19 12:00:45,049 - ERROR - ❌ Historical data request failed for NSE:NIFTYBANK-INDEX (attempt 2/3): {'code': -1, 'message': 'Network connection failure before HTTP response', 's': 'error'}
2026-08-19 12:00:46,065 - ERROR - ❌ Historical data request failed for NSE:NIFTYBANK-INDEX (attempt 3/3): {'code': -1, 'message': 'Network connection failure before HTTP response', 's': 'error'}
2026-08-19 12:00:46,069 - WARNING - ⚠️ Could not fetch complete MTF data for NSE:NIFTYBANK-INDEX
2026-08-19 12:00:46,074 - WARNING - Depth request failed for NSE:BANKNIFTY26AUG57400PE: {'code': -1, 'message': 'Network connection failure before HTTP response', 's': 'error'}
2026-08-19 12:00:46,074 - WARNING - No quotes data available for ['NSE:BANKNIFTY26AUG57100PE', 'NSE:NIFTY26AUG24050PE', 'NSE:NIFTY26AUG24050CE'] (code=-1, message=Network connection failure before HTTP response)
2026-08-19 12:00:46,074 - WARNING - ⚠️  No depth for NSE:BANKNIFTY26AUG57400PE
2026-08-19 12:00:46,074 - INFO - 🧘 Status: Sidelined (No Institutional Alignment)
2026-08-19 12:00:47,281 - WARNING - Depth request failed for NSE:BANKNIFTY26AUG57500CE: {'code': -1, 'message': 'Network connection failure before HTTP response', 's': 'error'}
2026-08-19 12:00:47,282 - WARNING - ⚠️  No depth for NSE:BANKNIFTY26AUG57500CE
2026-08-19 12:00:48,490 - WARNING - Depth request failed for NSE:BANKNIFTY26AUG57500PE: {'code': -1, 'message': 'Network connection failure before HTTP response', 's': 'error'}
2026-08-19 12:00:48,490 - WARNING - ⚠️  No depth for NSE:BANKNIFTY26AUG57500PE
2026-08-19 12:00:49,698 - WARNING - Depth request failed for NSE:BANKNIFTY26AUG57600CE: {'code': -1, 'message': 'Network connection failure before HTTP response', 's': 'error'}
2026-08-19 12:00:49,698 - WARNING - ⚠️  No depth for NSE:BANKNIFTY26AUG57600CE
2026-08-19 12:00:50,907 - WARNING - Depth request failed for NSE:BANKNIFTY26AUG57600PE: {'code': -1, 'message': 'Network connection failure before HTTP response', 's': 'error'}
2026-08-19 12:00:50,907 - WARNING - ⚠️  No depth for NSE:BANKNIFTY26AUG57600PE
2026-08-19 12:02:35,981 - INFO - 📊 Saved 3 snapshots for NSE:NIFTYBANK-INDEX  (oi range: 12,060–218,430)
2026-08-19 12:02:35,984 - WARNING - No quotes data available for ['NSE:NIFTY50-INDEX'] (code=-1, message=Network connection failure before HTTP response)
2026-08-19 12:02:35,984 - WARNING - ⚠️  Cannot get LTP for NSE:NIFTY50-INDEX
2026-08-19 12:02:36,990 - WARNING - No quotes data available for ['NSE:NIFTYBANK-INDEX'] (code=-1, message=Network connection failure before HTTP response)
2026-08-19 12:02:36,990 - WARNING - ⚠️  Cannot get LTP for NSE:NIFTYBANK-INDEX
2026-08-19 12:03:30,211 - INFO - ⏱️ [Real-time Exit Loop] Checking open positions @ 12:03:30...
2026-08-19 12:03:30,214 - WARNING - No quotes data available for ['NSE:NIFTY50-INDEX', 'NSE:NIFTYBANK-INDEX'] (code=-1, message=Network connection failure before HTTP response)
2026-08-19 12:03:30,215 - WARNING - ⚠️ Live LTP quote for NSE:NIFTY50-INDEX not available or invalid: None
2026-08-19 12:03:30,215 - WARNING - ⚠️ Live LTP quote for NSE:NIFTYBANK-INDEX not available or invalid: None
2026-08-19 12:03:30,215 - WARNING - ❌ All symbol quotes failed or invalid — skipping position tracking loop
2026-08-19 12:04:21,527 - INFO - ⏱️ [Real-time Exit Loop] Checking open positions @ 12:04:21...
2026-08-19 12:04:21,533 - WARNING - No quotes data available for ['NSE:NIFTY50-INDEX', 'NSE:NIFTYBANK-INDEX'] (code=-1, message=Network connection failure before HTTP response)
2026-08-19 12:04:21,534 - WARNING - ⚠️ Live LTP quote for NSE:NIFTY50-INDEX not available or invalid: None
2026-08-19 12:04:21,534 - WARNING - ⚠️ Live LTP quote for NSE:NIFTYBANK-INDEX not available or invalid: None
2026-08-19 12:04:21,534 - WARNING - ❌ All symbol quotes failed or invalid — skipping position tracking loop
2026-08-19 12:06:11,870 - INFO - 🔔 [New Candle Closed] Running entry pipeline for candle 12:05 at 12:06:11...
2026-08-19 12:06:11,871 - INFO - --- 12:06:11 Market Pulse ---
2026-08-19 12:06:11,876 - WARNING - No quotes data available for ['NSE:NIFTY50-INDEX', 'NSE:NIFTYBANK-INDEX'] (code=-1, message=Network connection failure before HTTP response)
2026-08-19 12:06:12,883 - ERROR - ❌ Historical data request failed for NSE:NIFTY50-INDEX (attempt 1/3): {'code': -1, 'message': 'Network connection failure before HTTP response', 's': 'error'}
2026-08-19 12:06:13,896 - ERROR - ❌ Historical data request failed for NSE:NIFTY50-INDEX (attempt 2/3): {'code': -1, 'message': 'Network connection failure before HTTP response', 's': 'error'}
2026-08-19 12:21:54,327 - ERROR - ❌ Historical data request failed for NSE:NIFTY50-INDEX (attempt 3/3): {'code': -1, 'message': 'Network connection failure before HTTP response', 's': 'error'}
2026-08-19 12:21:54,352 - ERROR - ❌ Historical data request failed for NSE:NIFTY50-INDEX (attempt 1/3): {'code': -1, 'message': 'Network connection failure before HTTP response', 's': 'error'}
2026-08-19 12:21:55,359 - ERROR - ❌ Historical data request failed for NSE:NIFTY50-INDEX (attempt 2/3): {'code': -1, 'message': 'Network connection failure before HTTP response', 's': 'error'}
2026-08-19 12:21:56,375 - ERROR - ❌ Historical data request failed for NSE:NIFTY50-INDEX (attempt 3/3): {'code': -1, 'message': 'Network connection failure before HTTP response', 's': 'error'}
2026-08-19 12:21:56,418 - ERROR - ❌ Historical data request failed for NSE:NIFTY50-INDEX (attempt 1/3): {'code': -1, 'message': 'Network connection failure before HTTP response', 's': 'error'}
2026-08-19 12:21:57,434 - ERROR - ❌ Historical data request failed for NSE:NIFTY50-INDEX (attempt 2/3): {'code': -1, 'message': 'Network connection failure before HTTP response', 's': 'error'}
2026-08-19 12:21:58,444 - ERROR - ❌ Historical data request failed for NSE:NIFTY50-INDEX (attempt 3/3): {'code': -1, 'message': 'Network connection failure before HTTP response', 's': 'error'}
2026-08-19 12:21:58,447 - WARNING - ⚠️ Could not fetch complete MTF data for NSE:NIFTY50-INDEX
2026-08-19 12:21:58,494 - ERROR - ❌ Historical data request failed for NSE:NIFTYBANK-INDEX (attempt 1/3): {'code': -1, 'message': 'Network connection failure before HTTP response', 's': 'error'}
2026-08-19 12:38:31,325 - ERROR - ❌ Historical data request failed for NSE:NIFTYBANK-INDEX (attempt 2/3): {'code': -1, 'message': 'Network connection failure before HTTP response', 's': 'error'}
2026-08-19 12:38:32,342 - ERROR - ❌ Historical data request failed for NSE:NIFTYBANK-INDEX (attempt 3/3): {'code': -1, 'message': 'Network connection failure before HTTP response', 's': 'error'}
2026-08-19 12:38:32,382 - ERROR - ❌ Historical data request failed for NSE:NIFTYBANK-INDEX (attempt 1/3): {'code': -1, 'message': 'Network connection failure before HTTP response', 's': 'error'}
2026-08-19 12:38:33,399 - ERROR - ❌ Historical data request failed for NSE:NIFTYBANK-INDEX (attempt 2/3): {'code': -1, 'message': 'Network connection failure before HTTP response', 's': 'error'}
2026-08-19 12:38:34,411 - ERROR - ❌ Historical data request failed for NSE:NIFTYBANK-INDEX (attempt 3/3): {'code': -1, 'message': 'Network connection failure before HTTP response', 's': 'error'}
2026-08-19 12:38:34,457 - ERROR - ❌ Historical data request failed for NSE:NIFTYBANK-INDEX (attempt 1/3): {'code': -1, 'message': 'Network connection failure before HTTP response', 's': 'error'}
2026-08-19 12:38:35,471 - ERROR - ❌ Historical data request failed for NSE:NIFTYBANK-INDEX (attempt 2/3): {'code': -1, 'message': 'Network connection failure before HTTP response', 's': 'error'}
2026-08-19 12:49:24,324 - ERROR - ❌ Historical data request failed for NSE:NIFTYBANK-INDEX (attempt 3/3): {'code': -1, 'message': 'Network connection failure before HTTP response', 's': 'error'}
2026-08-19 12:49:24,326 - WARNING - ⚠️ Could not fetch complete MTF data for NSE:NIFTYBANK-INDEX
2026-08-19 12:49:24,328 - WARNING - No quotes data available for ['NSE:BANKNIFTY26AUG57100PE', 'NSE:NIFTY26AUG24050PE', 'NSE:NIFTY26AUG24050CE'] (code=-1, message=Network connection failure before HTTP response)
2026-08-19 12:49:24,328 - INFO - 🧘 Status: Sidelined (No Institutional Alignment)
2026-08-19 13:04:48,308 - INFO - 🔔 [New Candle Closed] Running entry pipeline for candle 13:00 at 13:04:48...
2026-08-19 13:04:48,310 - INFO - --- 13:04:48 Market Pulse ---
2026-08-19 13:04:48,315 - WARNING - No quotes data available for ['NSE:NIFTY50-INDEX', 'NSE:NIFTYBANK-INDEX'] (code=-1, message=Network connection failure before HTTP response)
2026-08-19 13:04:48,315 - CRITICAL - 🛑 CIRCUIT BREAKER TRIPPED: All symbol quotes failed for 5 consecutive ticks (~150s) — halting new real entries until the feed recovers.
2026-08-19 13:04:49,328 - ERROR - ❌ Historical data request failed for NSE:NIFTY50-INDEX (attempt 1/3): {'code': -1, 'message': 'Network connection failure before HTTP response', 's': 'error'}
2026-08-19 13:21:47,146 - ERROR - ❌ Historical data request failed for NSE:NIFTY50-INDEX (attempt 2/3): {'code': -1, 'message': 'Network connection failure before HTTP response', 's': 'error'}
2026-08-19 13:21:48,155 - ERROR - ❌ Historical data request failed for NSE:NIFTY50-INDEX (attempt 3/3): {'code': -1, 'message': 'Network connection failure before HTTP response', 's': 'error'}
2026-08-19 13:21:48,198 - ERROR - ❌ Historical data request failed for NSE:NIFTY50-INDEX (attempt 1/3): {'code': -1, 'message': 'Network connection failure before HTTP response', 's': 'error'}
2026-08-19 13:21:48,650 - WARNING - No quotes data available for ['NSE:NIFTY50-INDEX'] (code=-1, message=Network connection failure before HTTP response)
2026-08-19 13:21:48,650 - WARNING - ⚠️  Cannot get LTP for NSE:NIFTY50-INDEX
2026-08-19 13:21:49,206 - ERROR - ❌ Historical data request failed for NSE:NIFTY50-INDEX (attempt 2/3): {'code': -1, 'message': 'Network connection failure before HTTP response', 's': 'error'}
2026-08-19 13:21:49,655 - WARNING - No quotes data available for ['NSE:NIFTYBANK-INDEX'] (code=-1, message=Network connection failure before HTTP response)
2026-08-19 13:21:49,656 - WARNING - ⚠️  Cannot get LTP for NSE:NIFTYBANK-INDEX
2026-08-19 13:21:50,217 - ERROR - ❌ Historical data request failed for NSE:NIFTY50-INDEX (attempt 3/3): {'code': -1, 'message': 'Network connection failure before HTTP response', 's': 'error'}
2026-08-19 13:21:50,257 - ERROR - ❌ Historical data request failed for NSE:NIFTY50-INDEX (attempt 1/3): {'code': -1, 'message': 'Network connection failure before HTTP response', 's': 'error'}
2026-08-19 13:21:51,274 - ERROR - ❌ Historical data request failed for NSE:NIFTY50-INDEX (attempt 2/3): {'code': -1, 'message': 'Network connection failure before HTTP response', 's': 'error'}
2026-08-19 13:22:31,993 - ERROR - ❌ Historical data request failed for NSE:NIFTY50-INDEX (attempt 3/3): {'code': -1, 'message': 'Network connection failure before HTTP response', 's': 'error'}
2026-08-19 13:22:31,997 - WARNING - ⚠️ Could not fetch complete MTF data for NSE:NIFTY50-INDEX
2026-08-19 13:22:32,042 - ERROR - ❌ Historical data request failed for NSE:NIFTYBANK-INDEX (attempt 1/3): {'code': -1, 'message': 'Network connection failure before HTTP response', 's': 'error'}
2026-08-19 13:22:33,048 - ERROR - ❌ Historical data request failed for NSE:NIFTYBANK-INDEX (attempt 2/3): {'code': -1, 'message': 'Network connection failure before HTTP response', 's': 'error'}
2026-08-19 13:22:34,064 - ERROR - ❌ Historical data request failed for NSE:NIFTYBANK-INDEX (attempt 3/3): {'code': -1, 'message': 'Network connection failure before HTTP response', 's': 'error'}
2026-08-19 13:22:34,105 - ERROR - ❌ Historical data request failed for NSE:NIFTYBANK-INDEX (attempt 1/3): {'code': -1, 'message': 'Network connection failure before HTTP response', 's': 'error'}
2026-08-19 13:22:35,115 - ERROR - ❌ Historical data request failed for NSE:NIFTYBANK-INDEX (attempt 2/3): {'code': -1, 'message': 'Network connection failure before HTTP response', 's': 'error'}
2026-08-19 13:22:36,131 - ERROR - ❌ Historical data request failed for NSE:NIFTYBANK-INDEX (attempt 3/3): {'code': -1, 'message': 'Network connection failure before HTTP response', 's': 'error'}
2026-08-19 13:22:36,172 - ERROR - ❌ Historical data request failed for NSE:NIFTYBANK-INDEX (attempt 1/3): {'code': -1, 'message': 'Network connection failure before HTTP response', 's': 'error'}
2026-08-19 13:22:37,189 - ERROR - ❌ Historical data request failed for NSE:NIFTYBANK-INDEX (attempt 2/3): {'code': -1, 'message': 'Network connection failure before HTTP response', 's': 'error'}
2026-08-19 13:23:26,216 - ERROR - ❌ Historical data request failed for NSE:NIFTYBANK-INDEX (attempt 3/3): {'code': -1, 'message': 'Network connection failure before HTTP response', 's': 'error'}
2026-08-19 13:23:26,218 - WARNING - ⚠️ Could not fetch complete MTF data for NSE:NIFTYBANK-INDEX
2026-08-19 13:23:26,220 - WARNING - No quotes data available for ['NSE:BANKNIFTY26AUG57100PE', 'NSE:NIFTY26AUG24050PE', 'NSE:NIFTY26AUG24050CE'] (code=-1, message=Network connection failure before HTTP response)
2026-08-19 13:23:26,220 - INFO - 🧘 Status: Sidelined (No Institutional Alignment)
2026-08-19 13:24:29,729 - INFO - 🔔 [New Candle Closed] Running entry pipeline for candle 13:20 at 13:24:29...
2026-08-19 13:24:29,730 - INFO - --- 13:24:29 Market Pulse ---
2026-08-19 13:24:29,736 - WARNING - No quotes data available for ['NSE:NIFTY50-INDEX', 'NSE:NIFTYBANK-INDEX'] (code=-1, message=Network connection failure before HTTP response)
2026-08-19 13:24:30,739 - ERROR - ❌ Historical data request failed for NSE:NIFTY50-INDEX (attempt 1/3): {'code': -1, 'message': 'Network connection failure before HTTP response', 's': 'error'}
2026-08-19 13:24:31,756 - ERROR - ❌ Historical data request failed for NSE:NIFTY50-INDEX (attempt 2/3): {'code': -1, 'message': 'Network connection failure before HTTP response', 's': 'error'}
2026-08-19 13:24:32,762 - ERROR - ❌ Historical data request failed for NSE:NIFTY50-INDEX (attempt 3/3): {'code': -1, 'message': 'Network connection failure before HTTP response', 's': 'error'}
2026-08-19 13:24:32,803 - ERROR - ❌ Historical data request failed for NSE:NIFTY50-INDEX (attempt 1/3): {'code': -1, 'message': 'Network connection failure before HTTP response', 's': 'error'}
2026-08-19 13:24:33,815 - ERROR - ❌ Historical data request failed for NSE:NIFTY50-INDEX (attempt 2/3): {'code': -1, 'message': 'Network connection failure before HTTP response', 's': 'error'}
2026-08-19 13:25:20,312 - ERROR - ❌ Historical data request failed for NSE:NIFTY50-INDEX (attempt 3/3): {'code': -1, 'message': 'Network connection failure before HTTP response', 's': 'error'}
2026-08-19 13:25:20,341 - ERROR - ❌ Historical data request failed for NSE:NIFTY50-INDEX (attempt 1/3): {'code': -1, 'message': 'Network connection failure before HTTP response', 's': 'error'}
2026-08-19 13:25:21,344 - ERROR - ❌ Historical data request failed for NSE:NIFTY50-INDEX (attempt 2/3): {'code': -1, 'message': 'Network connection failure before HTTP response', 's': 'error'}
2026-08-19 13:25:22,360 - ERROR - ❌ Historical data request failed for NSE:NIFTY50-INDEX (attempt 3/3): {'code': -1, 'message': 'Network connection failure before HTTP response', 's': 'error'}
2026-08-19 13:25:22,363 - WARNING - ⚠️ Could not fetch complete MTF data for NSE:NIFTY50-INDEX
2026-08-19 13:25:22,406 - ERROR - ❌ Historical data request failed for NSE:NIFTYBANK-INDEX (attempt 1/3): {'code': -1, 'message': 'Network connection failure before HTTP response', 's': 'error'}
2026-08-19 13:25:23,411 - ERROR - ❌ Historical data request failed for NSE:NIFTYBANK-INDEX (attempt 2/3): {'code': -1, 'message': 'Network connection failure before HTTP response', 's': 'error'}
2026-08-19 13:25:24,425 - ERROR - ❌ Historical data request failed for NSE:NIFTYBANK-INDEX (attempt 3/3): {'code': -1, 'message': 'Network connection failure before HTTP response', 's': 'error'}
2026-08-19 13:25:24,466 - ERROR - ❌ Historical data request failed for NSE:NIFTYBANK-INDEX (attempt 1/3): {'code': -1, 'message': 'Network connection failure before HTTP response', 's': 'error'}
2026-08-19 13:25:25,480 - ERROR - ❌ Historical data request failed for NSE:NIFTYBANK-INDEX (attempt 2/3): {'code': -1, 'message': 'Network connection failure before HTTP response', 's': 'error'}
2026-08-19 13:25:26,490 - ERROR - ❌ Historical data request failed for NSE:NIFTYBANK-INDEX (attempt 3/3): {'code': -1, 'message': 'Network connection failure before HTTP response', 's': 'error'}
2026-08-19 13:25:26,528 - ERROR - ❌ Historical data request failed for NSE:NIFTYBANK-INDEX (attempt 1/3): {'code': -1, 'message': 'Network connection failure before HTTP response', 's': 'error'}
2026-08-19 13:26:16,929 - ERROR - ❌ Historical data request failed for NSE:NIFTYBANK-INDEX (attempt 2/3): {'code': -1, 'message': 'Network connection failure before HTTP response', 's': 'error'}
2026-08-19 13:26:17,946 - ERROR - ❌ Historical data request failed for NSE:NIFTYBANK-INDEX (attempt 3/3): {'code': -1, 'message': 'Network connection failure before HTTP response', 's': 'error'}
2026-08-19 13:26:17,949 - WARNING - ⚠️ Could not fetch complete MTF data for NSE:NIFTYBANK-INDEX
2026-08-19 13:26:17,952 - WARNING - No quotes data available for ['NSE:BANKNIFTY26AUG57100PE', 'NSE:NIFTY26AUG24050PE', 'NSE:NIFTY26AUG24050CE'] (code=-1, message=Network connection failure before HTTP response)
2026-08-19 13:26:17,952 - INFO - 🧘 Status: Sidelined (No Institutional Alignment)
2026-08-19 14:06:53,304 - INFO - 🔔 [New Candle Closed] Running entry pipeline for candle 14:05 at 14:06:53...
2026-08-19 14:06:53,305 - INFO - --- 14:06:53 Market Pulse ---
2026-08-19 14:06:53,320 - WARNING - No quotes data available for ['NSE:NIFTY50-INDEX', 'NSE:NIFTYBANK-INDEX'] (code=-1, message=Network connection failure before HTTP response)
2026-08-19 14:06:54,322 - ERROR - ❌ Historical data request failed for NSE:NIFTY50-INDEX (attempt 1/3): {'code': -1, 'message': 'Network connection failure before HTTP response', 's': 'error'}
2026-08-19 14:06:55,335 - ERROR - ❌ Historical data request failed for NSE:NIFTY50-INDEX (attempt 2/3): {'code': -1, 'message': 'Network connection failure before HTTP response', 's': 'error'}
2026-08-19 14:06:56,348 - ERROR - ❌ Historical data request failed for NSE:NIFTY50-INDEX (attempt 3/3): {'code': -1, 'message': 'Network connection failure before HTTP response', 's': 'error'}
2026-08-19 14:06:56,390 - ERROR - ❌ Historical data request failed for NSE:NIFTY50-INDEX (attempt 1/3): {'code': -1, 'message': 'Network connection failure before HTTP response', 's': 'error'}
2026-08-19 14:06:57,403 - ERROR - ❌ Historical data request failed for NSE:NIFTY50-INDEX (attempt 2/3): {'code': -1, 'message': 'Network connection failure before HTTP response', 's': 'error'}
2026-08-19 14:06:58,413 - ERROR - ❌ Historical data request failed for NSE:NIFTY50-INDEX (attempt 3/3): {'code': -1, 'message': 'Network connection failure before HTTP response', 's': 'error'}
2026-08-19 14:24:13,320 - ERROR - ❌ Historical data request failed for NSE:NIFTY50-INDEX (attempt 1/3): {'code': -1, 'message': 'Network connection failure before HTTP response', 's': 'error'}
2026-08-19 14:24:14,333 - ERROR - ❌ Historical data request failed for NSE:NIFTY50-INDEX (attempt 2/3): {'code': -1, 'message': 'Network connection failure before HTTP response', 's': 'error'}
2026-08-19 14:24:15,349 - ERROR - ❌ Historical data request failed for NSE:NIFTY50-INDEX (attempt 3/3): {'code': -1, 'message': 'Network connection failure before HTTP response', 's': 'error'}
2026-08-19 14:24:15,353 - WARNING - ⚠️ Could not fetch complete MTF data for NSE:NIFTY50-INDEX
2026-08-19 14:24:15,394 - ERROR - ❌ Historical data request failed for NSE:NIFTYBANK-INDEX (attempt 1/3): {'code': -1, 'message': 'Network connection failure before HTTP response', 's': 'error'}
2026-08-19 14:24:16,409 - ERROR - ❌ Historical data request failed for NSE:NIFTYBANK-INDEX (attempt 2/3): {'code': -1, 'message': 'Network connection failure before HTTP response', 's': 'error'}
2026-08-19 14:24:17,425 - ERROR - ❌ Historical data request failed for NSE:NIFTYBANK-INDEX (attempt 3/3): {'code': -1, 'message': 'Network connection failure before HTTP response', 's': 'error'}
2026-08-19 14:24:17,465 - ERROR - ❌ Historical data request failed for NSE:NIFTYBANK-INDEX (attempt 1/3): {'code': -1, 'message': 'Network connection failure before HTTP response', 's': 'error'}
2026-08-19 14:24:17,808 - WARNING - No quotes data available for ['NSE:NIFTY50-INDEX'] (code=-1, message=Network connection failure before HTTP response)
2026-08-19 14:24:17,809 - WARNING - ⚠️  Cannot get LTP for NSE:NIFTY50-INDEX
2026-08-19 14:41:52,315 - ERROR - ❌ Historical data request failed for NSE:NIFTYBANK-INDEX (attempt 2/3): {'code': -1, 'message': 'Network connection failure before HTTP response', 's': 'error'}
2026-08-19 14:41:52,613 - WARNING - No quotes data available for ['NSE:NIFTYBANK-INDEX'] (code=-1, message=Network connection failure before HTTP response)
2026-08-19 14:41:52,613 - WARNING - ⚠️  Cannot get LTP for NSE:NIFTYBANK-INDEX
2026-08-19 14:41:53,330 - ERROR - ❌ Historical data request failed for NSE:NIFTYBANK-INDEX (attempt 3/3): {'code': -1, 'message': 'Network connection failure before HTTP response', 's': 'error'}
2026-08-19 14:41:53,370 - ERROR - ❌ Historical data request failed for NSE:NIFTYBANK-INDEX (attempt 1/3): {'code': -1, 'message': 'Network connection failure before HTTP response', 's': 'error'}
2026-08-19 14:41:53,626 - WARNING - No quotes data available for ['NSE:NIFTY50-INDEX'] (code=-1, message=Network connection failure before HTTP response)
2026-08-19 14:41:53,626 - WARNING - ⚠️  Cannot get LTP for NSE:NIFTY50-INDEX
2026-08-19 14:41:54,386 - ERROR - ❌ Historical data request failed for NSE:NIFTYBANK-INDEX (attempt 2/3): {'code': -1, 'message': 'Network connection failure before HTTP response', 's': 'error'}
2026-08-19 14:41:54,628 - WARNING - No quotes data available for ['NSE:NIFTYBANK-INDEX'] (code=-1, message=Network connection failure before HTTP response)
2026-08-19 14:41:54,628 - WARNING - ⚠️  Cannot get LTP for NSE:NIFTYBANK-INDEX
2026-08-19 14:41:55,395 - ERROR - ❌ Historical data request failed for NSE:NIFTYBANK-INDEX (attempt 3/3): {'code': -1, 'message': 'Network connection failure before HTTP response', 's': 'error'}
2026-08-19 14:41:55,398 - WARNING - ⚠️ Could not fetch complete MTF data for NSE:NIFTYBANK-INDEX
2026-08-19 14:41:55,402 - WARNING - No quotes data available for ['NSE:BANKNIFTY26AUG57100PE', 'NSE:NIFTY26AUG24050PE', 'NSE:NIFTY26AUG24050CE'] (code=-1, message=Network connection failure before HTTP response)
2026-08-19 14:41:55,402 - INFO - 🧘 Status: Sidelined (No Institutional Alignment)
2026-08-19 14:43:51,437 - INFO - 🔔 [New Candle Closed] Running entry pipeline for candle 14:40 at 14:43:51...
2026-08-19 14:43:51,438 - INFO - --- 14:43:51 Market Pulse ---
2026-08-19 14:43:51,443 - WARNING - No quotes data available for ['NSE:NIFTY50-INDEX', 'NSE:NIFTYBANK-INDEX'] (code=-1, message=Network connection failure before HTTP response)
2026-08-19 14:43:52,451 - ERROR - ❌ Historical data request failed for NSE:NIFTY50-INDEX (attempt 1/3): {'code': -1, 'message': 'Network connection failure before HTTP response', 's': 'error'}
2026-08-19 14:43:53,467 - ERROR - ❌ Historical data request failed for NSE:NIFTY50-INDEX (attempt 2/3): {'code': -1, 'message': 'Network connection failure before HTTP response', 's': 'error'}
2026-08-19 14:43:54,475 - ERROR - ❌ Historical data request failed for NSE:NIFTY50-INDEX (attempt 3/3): {'code': -1, 'message': 'Network connection failure before HTTP response', 's': 'error'}
2026-08-19 14:43:54,517 - ERROR - ❌ Historical data request failed for NSE:NIFTY50-INDEX (attempt 1/3): {'code': -1, 'message': 'Network connection failure before HTTP response', 's': 'error'}
2026-08-19 14:43:55,525 - ERROR - ❌ Historical data request failed for NSE:NIFTY50-INDEX (attempt 2/3): {'code': -1, 'message': 'Network connection failure before HTTP response', 's': 'error'}
2026-08-19 14:43:56,536 - ERROR - ❌ Historical data request failed for NSE:NIFTY50-INDEX (attempt 3/3): {'code': -1, 'message': 'Network connection failure before HTTP response', 's': 'error'}
2026-08-19 14:43:56,578 - ERROR - ❌ Historical data request failed for NSE:NIFTY50-INDEX (attempt 1/3): {'code': -1, 'message': 'Network connection failure before HTTP response', 's': 'error'}
2026-08-19 14:44:47,870 - ERROR - ❌ Historical data request failed for NSE:NIFTY50-INDEX (attempt 2/3): {'code': -1, 'message': 'Network connection failure before HTTP response', 's': 'error'}
2026-08-19 14:44:48,885 - ERROR - ❌ Historical data request failed for NSE:NIFTY50-INDEX (attempt 3/3): {'code': -1, 'message': 'Network connection failure before HTTP response', 's': 'error'}
2026-08-19 14:44:48,887 - WARNING - ⚠️ Could not fetch complete MTF data for NSE:NIFTY50-INDEX
2026-08-19 14:44:48,919 - ERROR - ❌ Historical data request failed for NSE:NIFTYBANK-INDEX (attempt 1/3): {'code': -1, 'message': 'Network connection failure before HTTP response', 's': 'error'}
2026-08-19 14:44:49,935 - ERROR - ❌ Historical data request failed for NSE:NIFTYBANK-INDEX (attempt 2/3): {'code': -1, 'message': 'Network connection failure before HTTP response', 's': 'error'}
2026-08-19 14:44:50,945 - ERROR - ❌ Historical data request failed for NSE:NIFTYBANK-INDEX (attempt 3/3): {'code': -1, 'message': 'Network connection failure before HTTP response', 's': 'error'}
2026-08-19 14:44:50,982 - ERROR - ❌ Historical data request failed for NSE:NIFTYBANK-INDEX (attempt 1/3): {'code': -1, 'message': 'Network connection failure before HTTP response', 's': 'error'}
2026-08-19 14:44:51,992 - ERROR - ❌ Historical data request failed for NSE:NIFTYBANK-INDEX (attempt 2/3): {'code': -1, 'message': 'Network connection failure before HTTP response', 's': 'error'}
2026-08-19 14:44:53,006 - ERROR - ❌ Historical data request failed for NSE:NIFTYBANK-INDEX (attempt 3/3): {'code': -1, 'message': 'Network connection failure before HTTP response', 's': 'error'}
2026-08-19 14:44:53,039 - ERROR - ❌ Historical data request failed for NSE:NIFTYBANK-INDEX (attempt 1/3): {'code': -1, 'message': 'Network connection failure before HTTP response', 's': 'error'}
2026-08-19 14:44:54,054 - ERROR - ❌ Historical data request failed for NSE:NIFTYBANK-INDEX (attempt 2/3): {'code': -1, 'message': 'Network connection failure before HTTP response', 's': 'error'}
2026-08-19 14:45:43,237 - ERROR - ❌ Historical data request failed for NSE:NIFTYBANK-INDEX (attempt 3/3): {'code': -1, 'message': 'Network connection failure before HTTP response', 's': 'error'}
2026-08-19 14:45:43,239 - WARNING - ⚠️ Could not fetch complete MTF data for NSE:NIFTYBANK-INDEX
2026-08-19 14:45:43,242 - WARNING - No quotes data available for ['NSE:BANKNIFTY26AUG57100PE', 'NSE:NIFTY26AUG24050PE', 'NSE:NIFTY26AUG24050CE'] (code=-1, message=Network connection failure before HTTP response)
2026-08-19 14:45:43,243 - INFO - 🧘 Status: Sidelined (No Institutional Alignment)
2026-08-19 15:07:29,341 - INFO - 🔔 [New Candle Closed] Running entry pipeline for candle 15:05 at 15:07:29...
2026-08-19 15:07:29,341 - INFO - --- 15:07:29 Market Pulse ---
2026-08-19 15:07:29,346 - WARNING - No quotes data available for ['NSE:NIFTY50-INDEX', 'NSE:NIFTYBANK-INDEX'] (code=-1, message=Network connection failure before HTTP response)
2026-08-19 15:07:30,353 - ERROR - ❌ Historical data request failed for NSE:NIFTY50-INDEX (attempt 1/3): {'code': -1, 'message': 'Network connection failure before HTTP response', 's': 'error'}
2026-08-19 15:07:31,371 - ERROR - ❌ Historical data request failed for NSE:NIFTY50-INDEX (attempt 2/3): {'code': -1, 'message': 'Network connection failure before HTTP response', 's': 'error'}
2026-08-19 15:07:32,388 - ERROR - ❌ Historical data request failed for NSE:NIFTY50-INDEX (attempt 3/3): {'code': -1, 'message': 'Network connection failure before HTTP response', 's': 'error'}
2026-08-19 15:07:32,429 - ERROR - ❌ Historical data request failed for NSE:NIFTY50-INDEX (attempt 1/3): {'code': -1, 'message': 'Network connection failure before HTTP response', 's': 'error'}
2026-08-19 15:07:33,436 - ERROR - ❌ Historical data request failed for NSE:NIFTY50-INDEX (attempt 2/3): {'code': -1, 'message': 'Network connection failure before HTTP response', 's': 'error'}
2026-08-19 15:25:01,248 - ERROR - ❌ Historical data request failed for NSE:NIFTY50-INDEX (attempt 3/3): {'code': -1, 'message': 'Network connection failure before HTTP response', 's': 'error'}
2026-08-19 15:25:01,288 - ERROR - ❌ Historical data request failed for NSE:NIFTY50-INDEX (attempt 1/3): {'code': -1, 'message': 'Network connection failure before HTTP response', 's': 'error'}
2026-08-19 15:25:02,304 - ERROR - ❌ Historical data request failed for NSE:NIFTY50-INDEX (attempt 2/3): {'code': -1, 'message': 'Network connection failure before HTTP response', 's': 'error'}
2026-08-19 15:25:03,321 - ERROR - ❌ Historical data request failed for NSE:NIFTY50-INDEX (attempt 3/3): {'code': -1, 'message': 'Network connection failure before HTTP response', 's': 'error'}
2026-08-19 15:25:03,324 - WARNING - ⚠️ Could not fetch complete MTF data for NSE:NIFTY50-INDEX
2026-08-19 15:25:03,367 - ERROR - ❌ Historical data request failed for NSE:NIFTYBANK-INDEX (attempt 1/3): {'code': -1, 'message': 'Network connection failure before HTTP response', 's': 'error'}
2026-08-19 15:25:04,384 - ERROR - ❌ Historical data request failed for NSE:NIFTYBANK-INDEX (attempt 2/3): {'code': -1, 'message': 'Network connection failure before HTTP response', 's': 'error'}
2026-08-19 15:25:05,401 - ERROR - ❌ Historical data request failed for NSE:NIFTYBANK-INDEX (attempt 3/3): {'code': -1, 'message': 'Network connection failure before HTTP response', 's': 'error'}
2026-08-19 15:40:21,310 - ERROR - ❌ Historical data request failed for NSE:NIFTYBANK-INDEX (attempt 1/3): {'code': -1, 'message': 'Network connection failure before HTTP response', 's': 'error'}
2026-08-19 15:40:22,324 - ERROR - ❌ Historical data request failed for NSE:NIFTYBANK-INDEX (attempt 2/3): {'code': -1, 'message': 'Network connection failure before HTTP response', 's': 'error'}
2026-08-19 15:40:23,341 - ERROR - ❌ Historical data request failed for NSE:NIFTYBANK-INDEX (attempt 3/3): {'code': -1, 'message': 'Network connection failure before HTTP response', 's': 'error'}
2026-08-19 15:40:23,384 - ERROR - ❌ Historical data request failed for NSE:NIFTYBANK-INDEX (attempt 1/3): {'code': -1, 'message': 'Network connection failure before HTTP response', 's': 'error'}
2026-08-19 15:40:24,391 - ERROR - ❌ Historical data request failed for NSE:NIFTYBANK-INDEX (attempt 2/3): {'code': -1, 'message': 'Network connection failure before HTTP response', 's': 'error'}
2026-08-19 15:40:25,408 - ERROR - ❌ Historical data request failed for NSE:NIFTYBANK-INDEX (attempt 3/3): {'code': -1, 'message': 'Network connection failure before HTTP response', 's': 'error'}
2026-08-19 15:40:25,410 - WARNING - ⚠️ Could not fetch complete MTF data for NSE:NIFTYBANK-INDEX
2026-08-19 15:40:25,413 - WARNING - No quotes data available for ['NSE:BANKNIFTY26AUG57100PE', 'NSE:NIFTY26AUG24050PE', 'NSE:NIFTY26AUG24050CE'] (code=-1, message=Network connection failure before HTTP response)
2026-08-19 15:40:25,413 - INFO - 🧘 Status: Sidelined (No Institutional Alignment)
2026-08-19 15:53:14,490 - INFO - 🔔 [New Candle Closed] Running entry pipeline for candle 15:50 at 15:53:14...
2026-08-19 15:53:14,490 - INFO - --- 15:53:14 Market Pulse ---
2026-08-19 15:53:14,496 - WARNING - No quotes data available for ['NSE:NIFTY50-INDEX', 'NSE:NIFTYBANK-INDEX'] (code=-1, message=Network connection failure before HTTP response)
2026-08-19 15:53:15,497 - ERROR - ❌ Historical data request failed for NSE:NIFTY50-INDEX (attempt 1/3): {'code': -1, 'message': 'Network connection failure before HTTP response', 's': 'error'}
2026-08-19 15:53:16,511 - ERROR - ❌ Historical data request failed for NSE:NIFTY50-INDEX (attempt 2/3): {'code': -1, 'message': 'Network connection failure before HTTP response', 's': 'error'}
2026-08-19 15:53:17,527 - ERROR - ❌ Historical data request failed for NSE:NIFTY50-INDEX (attempt 3/3): {'code': -1, 'message': 'Network connection failure before HTTP response', 's': 'error'}
2026-08-19 15:53:17,569 - ERROR - ❌ Historical data request failed for NSE:NIFTY50-INDEX (attempt 1/3): {'code': -1, 'message': 'Network connection failure before HTTP response', 's': 'error'}
2026-08-19 15:53:18,583 - ERROR - ❌ Historical data request failed for NSE:NIFTY50-INDEX (attempt 2/3): {'code': -1, 'message': 'Network connection failure before HTTP response', 's': 'error'}
2026-08-19 15:54:08,109 - ERROR - ❌ Historical data request failed for NSE:NIFTY50-INDEX (attempt 3/3): {'code': -1, 'message': 'Network connection failure before HTTP response', 's': 'error'}
2026-08-19 15:54:08,139 - ERROR - ❌ Historical data request failed for NSE:NIFTY50-INDEX (attempt 1/3): {'code': -1, 'message': 'Network connection failure before HTTP response', 's': 'error'}
2026-08-19 15:54:09,146 - ERROR - ❌ Historical data request failed for NSE:NIFTY50-INDEX (attempt 2/3): {'code': -1, 'message': 'Network connection failure before HTTP response', 's': 'error'}
2026-08-19 15:54:10,163 - ERROR - ❌ Historical data request failed for NSE:NIFTY50-INDEX (attempt 3/3): {'code': -1, 'message': 'Network connection failure before HTTP response', 's': 'error'}
2026-08-19 15:54:10,163 - WARNING - ⚠️ Could not fetch complete MTF data for NSE:NIFTY50-INDEX
2026-08-19 15:54:10,206 - ERROR - ❌ Historical data request failed for NSE:NIFTYBANK-INDEX (attempt 1/3): {'code': -1, 'message': 'Network connection failure before HTTP response', 's': 'error'}
2026-08-19 15:54:11,222 - ERROR - ❌ Historical data request failed for NSE:NIFTYBANK-INDEX (attempt 2/3): {'code': -1, 'message': 'Network connection failure before HTTP response', 's': 'error'}
2026-08-19 15:54:12,228 - ERROR - ❌ Historical data request failed for NSE:NIFTYBANK-INDEX (attempt 3/3): {'code': -1, 'message': 'Network connection failure before HTTP response', 's': 'error'}
2026-08-19 15:54:12,258 - ERROR - ❌ Historical data request failed for NSE:NIFTYBANK-INDEX (attempt 1/3): {'code': -1, 'message': 'Network connection failure before HTTP response', 's': 'error'}
2026-08-19 15:54:13,275 - ERROR - ❌ Historical data request failed for NSE:NIFTYBANK-INDEX (attempt 2/3): {'code': -1, 'message': 'Network connection failure before HTTP response', 's': 'error'}
2026-08-19 15:54:14,282 - ERROR - ❌ Historical data request failed for NSE:NIFTYBANK-INDEX (attempt 3/3): {'code': -1, 'message': 'Network connection failure before HTTP response', 's': 'error'}
2026-08-19 15:54:14,315 - ERROR - ❌ Historical data request failed for NSE:NIFTYBANK-INDEX (attempt 1/3): {'code': -1, 'message': 'Network connection failure before HTTP response', 's': 'error'}
2026-08-19 15:54:53,849 - ERROR - ❌ Historical data request failed for NSE:NIFTYBANK-INDEX (attempt 2/3): {'code': -1, 'message': 'Network connection failure before HTTP response', 's': 'error'}
2026-08-19 15:54:54,864 - ERROR - ❌ Historical data request failed for NSE:NIFTYBANK-INDEX (attempt 3/3): {'code': -1, 'message': 'Network connection failure before HTTP response', 's': 'error'}
2026-08-19 15:54:54,865 - WARNING - ⚠️ Could not fetch complete MTF data for NSE:NIFTYBANK-INDEX
2026-08-19 15:54:54,868 - WARNING - No quotes data available for ['NSE:BANKNIFTY26AUG57100PE', 'NSE:NIFTY26AUG24050PE', 'NSE:NIFTY26AUG24050CE'] (code=-1, message=Network connection failure before HTTP response)
2026-08-19 15:54:54,868 - INFO - 🔒 Session cutoff reached (15:25) — no new entries.
2026-08-19 15:54:54,929 - INFO - 📊 Daily metrics saved: [Structural_v3.2_RVOL1.0] 2026-08-19 cf=11 expectancy=0.0016
2026-08-19 15:54:54,964 - INFO - 📊 Daily metrics saved: [Structural_v3.2_RVOL0.8] 2026-08-19 cf=11 expectancy=0.0016
2026-08-19 15:54:54,992 - INFO - 📊 Daily metrics saved: [Structural_v3.3_ExitMgmt] 2026-08-19 cf=6 expectancy=-0.0011
2026-08-19 15:54:55,018 - INFO - 📊 Daily metrics saved: [EMA_Pullback_20_50_RVOL0.5] 2026-08-19 cf=1 expectancy=-0.0775
2026-08-19 15:54:55,043 - INFO - 📊 Daily metrics saved: [VWAP_Reversion_1.5ATR_RVOL1.0] 2026-08-19 cf=2 expectancy=0.008
2026-08-19 15:54:55,069 - INFO - 📊 Daily metrics saved: [PrevDay_Extremes_RVOL1.2] 2026-08-19 cf=2 expectancy=0.0102
2026-08-19 15:54:55,097 - INFO - 📊 Daily metrics saved: [ATR_Squeeze_RVOL1.5] 2026-08-19 cf=0 expectancy=None
2026-08-19 15:54:55,121 - INFO - 📊 Daily metrics saved: [Geometry_v1.0_Score35] 2026-08-19 cf=4 expectancy=-0.025
2026-08-19 15:54:55,146 - INFO - 📊 Daily metrics saved: [Geometry_v1.0_Score50] 2026-08-19 cf=0 expectancy=None
2026-08-19 15:54:55,173 - INFO - 📊 Daily metrics saved: [OrderFlow_v1.0] 2026-08-19 cf=1 expectancy=0.0446
2026-08-19 15:54:55,198 - INFO - 📊 Daily metrics saved: [VWAP_Reclaim_v1.0] 2026-08-19 cf=0 expectancy=None
2026-08-19 15:54:55,223 - INFO - 📊 Daily metrics saved: [CPR_v1.0] 2026-08-19 cf=0 expectancy=None
2026-08-19 15:54:55,249 - INFO - 📊 Daily metrics saved: [GapRegime_v2.0] 2026-08-19 cf=0 expectancy=None
2026-08-19 15:54:55,275 - INFO - 📊 Daily metrics saved: [ORB_60m_IB_RVOL1.2] 2026-08-19 cf=1 expectancy=0.0566
2026-08-19 15:54:55,300 - INFO - 📊 Daily metrics saved: [VerticalSpread_v1.0] 2026-08-19 cf=0 expectancy=None
2026-08-19 15:54:55,326 - INFO - 📊 Daily metrics saved: [Straddle_v1.0_VolCompression] 2026-08-19 cf=0 expectancy=None
2026-08-19 15:54:55,352 - INFO - 📊 Daily metrics saved: [Strangle_v1.0_VolCompression] 2026-08-19 cf=0 expectancy=None
2026-08-19 15:54:55,378 - INFO - 📊 Daily metrics saved: [CreditSpread_v1.0_PCRFade] 2026-08-19 cf=0 expectancy=None
2026-08-19 15:54:55,403 - INFO - 📊 Daily metrics saved: [OIWallReaction_v1.0] 2026-08-19 cf=0 expectancy=None
2026-08-19 15:54:55,430 - INFO - 📊 Daily metrics saved: [PCRExtremeReversal_v1.0] 2026-08-19 cf=0 expectancy=None
2026-08-19 15:54:55,457 - INFO - 📊 Daily metrics saved: [IronCondor_v1.0] 2026-08-19 cf=0 expectancy=None
2026-08-19 15:54:55,481 - INFO - 📊 Daily metrics saved: [Butterfly_v1.0] 2026-08-19 cf=0 expectancy=None
2026-08-19 15:54:55,508 - INFO - 📊 Daily metrics saved: [IronButterfly_v1.0] 2026-08-19 cf=0 expectancy=None
2026-08-19 15:54:55,535 - INFO - 📊 Daily metrics saved: [OI_Scalping_v1.0] 2026-08-19 cf=0 expectancy=None
2026-08-19 15:54:55,561 - INFO - 📊 Daily metrics saved: [Consolidation_Breakout_v1.0] 2026-08-19 cf=0 expectancy=None
2026-08-19 15:54:55,586 - INFO - 📊 Daily metrics saved: [Consolidation_Breakout_Tight_v1.0] 2026-08-19 cf=0 expectancy=None
2026-08-19 15:54:55,611 - INFO - 📊 Daily metrics saved: [RSI2_MeanReversion_v1.0] 2026-08-19 cf=0 expectancy=None
2026-08-19 15:54:55,638 - INFO - 📊 Daily metrics saved: [ExpiryAwareTheta_v1.0] 2026-08-19 cf=0 expectancy=None
2026-08-19 15:54:55,664 - INFO - 📊 Daily metrics saved: [RelativeValue_NIFTY_BANKNIFTY_v1.0] 2026-08-19 cf=0 expectancy=None
2026-08-19 15:54:55,690 - INFO - 📊 Daily metrics saved: [MomentumBurst_5m_v1.0_RVOL2.0] 2026-08-19 cf=0 expectancy=None
2026-08-19 15:54:55,714 - INFO - 📊 Daily metrics saved: [HtfPullback_v1.0_Tol0.6pct] 2026-08-19 cf=0 expectancy=None
2026-08-19 15:54:55,728 - INFO - 📝 Generating EOD report for 2026-08-19…
2026-08-19 15:54:55,752 - INFO -    Rolling data: 5d filters=25, 20d filters=83, total CF=2785
2026-08-19 15:54:55,768 - ERROR - ❌ Error in FyersDataProvider.get_historical_data: can't subtract offset-naive and offset-aware datetimes
2026-08-19 15:54:55,782 - ERROR - ❌ Error in FyersDataProvider.get_historical_data: can't subtract offset-naive and offset-aware datetimes
2026-08-19 15:54:55,880 - WARNING - No quotes data available for ['NSE:INDIAVIX-INDEX'] (code=-1, message=Network connection failure before HTTP response)
2026-08-19 15:54:55,972 - INFO -    ✓ executive_summary
2026-08-19 15:54:55,986 - ERROR - ❌ Error in FyersDataProvider.get_historical_data: can't subtract offset-naive and offset-aware datetimes
2026-08-19 15:54:55,998 - ERROR - ❌ Error in FyersDataProvider.get_historical_data: can't subtract offset-naive and offset-aware datetimes
2026-08-19 15:54:56,015 - INFO -    ✓ market_narrative
2026-08-19 15:54:56,113 - INFO -    ✓ trade_review
2026-08-19 15:54:56,136 - INFO -    ✓ losing_trades
2026-08-19 15:54:56,154 - INFO -    ✓ missed_opportunities
2026-08-19 15:54:56,172 - INFO -    ✓ counterfactual_insights
2026-08-19 15:54:56,197 - INFO -    ✓ experiment_ranking
2026-08-19 15:54:56,215 - INFO -    ✓ thesis_analysis
2026-08-19 15:54:56,251 - INFO -    ✓ market_behaviour
2026-08-19 15:54:56,271 - ERROR - ❌ Error in FyersDataProvider.get_historical_data: can't subtract offset-naive and offset-aware datetimes
2026-08-19 15:54:56,405 - INFO -    ✓ market_state_outlook
2026-08-19 15:54:56,423 - INFO -    ✓ research_queue
2026-08-19 15:54:56,462 - INFO -    ✓ strategy_health
2026-08-19 15:54:56,554 - INFO -    ✓ strategic_outlook
2026-08-19 15:54:56,561 - INFO - 📄 Report written: reports/2026-08-19.md
2026-08-19 15:54:56,561 - INFO - 📊 Analytics written: reports/2026-08-19.json
2026-08-19 15:54:56,561 - INFO - 📝 EOD report: reports/2026-08-19.md
2026-08-19 15:55:55,061 - INFO - 🔔 [New Candle Closed] Running entry pipeline for candle 15:55 at 15:55:55...
2026-08-19 15:55:55,061 - INFO - --- 15:55:55 Market Pulse ---
2026-08-19 15:55:55,067 - WARNING - No quotes data available for ['NSE:NIFTY50-INDEX', 'NSE:NIFTYBANK-INDEX'] (code=-1, message=Network connection failure before HTTP response)
2026-08-19 15:55:56,072 - ERROR - ❌ Historical data request failed for NSE:NIFTY50-INDEX (attempt 1/3): {'code': -1, 'message': 'Network connection failure before HTTP response', 's': 'error'}
2026-08-19 15:55:57,080 - ERROR - ❌ Historical data request failed for NSE:NIFTY50-INDEX (attempt 2/3): {'code': -1, 'message': 'Network connection failure before HTTP response', 's': 'error'}
2026-08-19 15:56:52,123 - ERROR - ❌ Historical data request failed for NSE:NIFTY50-INDEX (attempt 3/3): {'code': -1, 'message': 'Network connection failure before HTTP response', 's': 'error'}
2026-08-19 15:56:52,169 - ERROR - ❌ Historical data request failed for NSE:NIFTY50-INDEX (attempt 1/3): {'code': -1, 'message': 'Network connection failure before HTTP response', 's': 'error'}
2026-08-19 15:56:53,184 - ERROR - ❌ Historical data request failed for NSE:NIFTY50-INDEX (attempt 2/3): {'code': -1, 'message': 'Network connection failure before HTTP response', 's': 'error'}
2026-08-19 15:56:54,200 - ERROR - ❌ Historical data request failed for NSE:NIFTY50-INDEX (attempt 3/3): {'code': -1, 'message': 'Network connection failure before HTTP response', 's': 'error'}
2026-08-19 15:56:54,242 - ERROR - ❌ Historical data request failed for NSE:NIFTY50-INDEX (attempt 1/3): {'code': -1, 'message': 'Network connection failure before HTTP response', 's': 'error'}
2026-08-19 15:56:55,251 - ERROR - ❌ Historical data request failed for NSE:NIFTY50-INDEX (attempt 2/3): {'code': -1, 'message': 'Network connection failure before HTTP response', 's': 'error'}
2026-08-19 15:56:56,265 - ERROR - ❌ Historical data request failed for NSE:NIFTY50-INDEX (attempt 3/3): {'code': -1, 'message': 'Network connection failure before HTTP response', 's': 'error'}
2026-08-19 15:56:56,266 - WARNING - ⚠️ Could not fetch complete MTF data for NSE:NIFTY50-INDEX
2026-08-19 15:56:56,310 - ERROR - ❌ Historical data request failed for NSE:NIFTYBANK-INDEX (attempt 1/3): {'code': -1, 'message': 'Network connection failure before HTTP response', 's': 'error'}
2026-08-19 15:56:57,326 - ERROR - ❌ Historical data request failed for NSE:NIFTYBANK-INDEX (attempt 2/3): {'code': -1, 'message': 'Network connection failure before HTTP response', 's': 'error'}
2026-08-19 16:14:50,307 - ERROR - ❌ Historical data request failed for NSE:NIFTYBANK-INDEX (attempt 3/3): {'code': -1, 'message': 'Network connection failure before HTTP response', 's': 'error'}
2026-08-19 16:14:50,337 - ERROR - ❌ Historical data request failed for NSE:NIFTYBANK-INDEX (attempt 1/3): {'code': -1, 'message': 'Network connection failure before HTTP response', 's': 'error'}
2026-08-19 16:14:51,349 - ERROR - ❌ Historical data request failed for NSE:NIFTYBANK-INDEX (attempt 2/3): {'code': -1, 'message': 'Network connection failure before HTTP response', 's': 'error'}
2026-08-19 16:14:52,364 - ERROR - ❌ Historical data request failed for NSE:NIFTYBANK-INDEX (attempt 3/3): {'code': -1, 'message': 'Network connection failure before HTTP response', 's': 'error'}
2026-08-19 16:14:52,400 - ERROR - ❌ Historical data request failed for NSE:NIFTYBANK-INDEX (attempt 1/3): {'code': -1, 'message': 'Network connection failure before HTTP response', 's': 'error'}
2026-08-19 16:14:53,408 - ERROR - ❌ Historical data request failed for NSE:NIFTYBANK-INDEX (attempt 2/3): {'code': -1, 'message': 'Network connection failure before HTTP response', 's': 'error'}
2026-08-19 16:14:54,422 - ERROR - ❌ Historical data request failed for NSE:NIFTYBANK-INDEX (attempt 3/3): {'code': -1, 'message': 'Network connection failure before HTTP response', 's': 'error'}
2026-08-19 16:14:54,422 - WARNING - ⚠️ Could not fetch complete MTF data for NSE:NIFTYBANK-INDEX
2026-08-19 16:14:54,425 - WARNING - No quotes data available for ['NSE:BANKNIFTY26AUG57100PE', 'NSE:NIFTY26AUG24050PE', 'NSE:NIFTY26AUG24050CE'] (code=-1, message=Network connection failure before HTTP response)
2026-08-19 16:14:54,425 - INFO - 🔒 Session cutoff reached (15:25) — no new entries.
2026-08-19 16:14:54,481 - INFO - 📊 Daily metrics saved: [Structural_v3.2_RVOL1.0] 2026-08-19 cf=11 expectancy=0.0016
2026-08-19 16:14:54,511 - INFO - 📊 Daily metrics saved: [Structural_v3.2_RVOL0.8] 2026-08-19 cf=11 expectancy=0.0016
2026-08-19 16:14:54,538 - INFO - 📊 Daily metrics saved: [Structural_v3.3_ExitMgmt] 2026-08-19 cf=6 expectancy=-0.0011
2026-08-19 16:14:54,563 - INFO - 📊 Daily metrics saved: [EMA_Pullback_20_50_RVOL0.5] 2026-08-19 cf=1 expectancy=-0.0775
2026-08-19 16:14:54,589 - INFO - 📊 Daily metrics saved: [VWAP_Reversion_1.5ATR_RVOL1.0] 2026-08-19 cf=2 expectancy=0.008
2026-08-19 16:14:54,616 - INFO - 📊 Daily metrics saved: [PrevDay_Extremes_RVOL1.2] 2026-08-19 cf=2 expectancy=0.0102
2026-08-19 16:14:54,641 - INFO - 📊 Daily metrics saved: [ATR_Squeeze_RVOL1.5] 2026-08-19 cf=0 expectancy=None
2026-08-19 16:14:54,666 - INFO - 📊 Daily metrics saved: [Geometry_v1.0_Score35] 2026-08-19 cf=4 expectancy=-0.025
2026-08-19 16:14:54,691 - INFO - 📊 Daily metrics saved: [Geometry_v1.0_Score50] 2026-08-19 cf=0 expectancy=None
2026-08-19 16:14:54,717 - INFO - 📊 Daily metrics saved: [OrderFlow_v1.0] 2026-08-19 cf=1 expectancy=0.0446
2026-08-19 16:14:54,744 - INFO - 📊 Daily metrics saved: [VWAP_Reclaim_v1.0] 2026-08-19 cf=0 expectancy=None
2026-08-19 16:14:54,770 - INFO - 📊 Daily metrics saved: [CPR_v1.0] 2026-08-19 cf=0 expectancy=None
2026-08-19 16:14:54,797 - INFO - 📊 Daily metrics saved: [GapRegime_v2.0] 2026-08-19 cf=0 expectancy=None
2026-08-19 16:14:54,823 - INFO - 📊 Daily metrics saved: [ORB_60m_IB_RVOL1.2] 2026-08-19 cf=1 expectancy=0.0566
2026-08-19 16:14:54,849 - INFO - 📊 Daily metrics saved: [VerticalSpread_v1.0] 2026-08-19 cf=0 expectancy=None
2026-08-19 16:14:54,874 - INFO - 📊 Daily metrics saved: [Straddle_v1.0_VolCompression] 2026-08-19 cf=0 expectancy=None
2026-08-19 16:14:54,899 - INFO - 📊 Daily metrics saved: [Strangle_v1.0_VolCompression] 2026-08-19 cf=0 expectancy=None
2026-08-19 16:14:54,924 - INFO - 📊 Daily metrics saved: [CreditSpread_v1.0_PCRFade] 2026-08-19 cf=0 expectancy=None
2026-08-19 16:14:54,950 - INFO - 📊 Daily metrics saved: [OIWallReaction_v1.0] 2026-08-19 cf=0 expectancy=None
2026-08-19 16:14:54,976 - INFO - 📊 Daily metrics saved: [PCRExtremeReversal_v1.0] 2026-08-19 cf=0 expectancy=None
2026-08-19 16:14:55,004 - INFO - 📊 Daily metrics saved: [IronCondor_v1.0] 2026-08-19 cf=0 expectancy=None
2026-08-19 16:14:55,029 - INFO - 📊 Daily metrics saved: [Butterfly_v1.0] 2026-08-19 cf=0 expectancy=None
2026-08-19 16:14:55,053 - INFO - 📊 Daily metrics saved: [IronButterfly_v1.0] 2026-08-19 cf=0 expectancy=None
2026-08-19 16:14:55,079 - INFO - 📊 Daily metrics saved: [OI_Scalping_v1.0] 2026-08-19 cf=0 expectancy=None
2026-08-19 16:14:55,104 - INFO - 📊 Daily metrics saved: [Consolidation_Breakout_v1.0] 2026-08-19 cf=0 expectancy=None
2026-08-19 16:14:55,128 - INFO - 📊 Daily metrics saved: [Consolidation_Breakout_Tight_v1.0] 2026-08-19 cf=0 expectancy=None
2026-08-19 16:14:55,154 - INFO - 📊 Daily metrics saved: [RSI2_MeanReversion_v1.0] 2026-08-19 cf=0 expectancy=None
2026-08-19 16:14:55,180 - INFO - 📊 Daily metrics saved: [ExpiryAwareTheta_v1.0] 2026-08-19 cf=0 expectancy=None
2026-08-19 16:14:55,205 - INFO - 📊 Daily metrics saved: [RelativeValue_NIFTY_BANKNIFTY_v1.0] 2026-08-19 cf=0 expectancy=None
2026-08-19 16:14:55,229 - INFO - 📊 Daily metrics saved: [MomentumBurst_5m_v1.0_RVOL2.0] 2026-08-19 cf=0 expectancy=None
2026-08-19 16:14:55,254 - INFO - 📊 Daily metrics saved: [HtfPullback_v1.0_Tol0.6pct] 2026-08-19 cf=0 expectancy=None
2026-08-19 16:49:25,858 - INFO - 🔔 [New Candle Closed] Running entry pipeline for candle 16:45 at 16:49:25...
2026-08-19 16:53:33,679 - INFO - 🔔 [New Candle Closed] Running entry pipeline for candle 16:50 at 16:53:33...
2026-08-19 17:14:21,509 - INFO - 🔔 [New Candle Closed] Running entry pipeline for candle 17:10 at 17:14:21...
2026-08-19 17:33:21,842 - INFO - 🔔 [New Candle Closed] Running entry pipeline for candle 17:30 at 17:33:21...
2026-08-19 17:54:30,547 - INFO - 🔔 [New Candle Closed] Running entry pipeline for candle 17:50 at 17:54:30...
2026-08-19 18:11:11,507 - INFO - 🔔 [New Candle Closed] Running entry pipeline for candle 18:10 at 18:11:11...
2026-08-19 18:30:33,261 - INFO - 🔔 [New Candle Closed] Running entry pipeline for candle 18:30 at 18:30:33...
2026-08-19 19:11:26,571 - INFO - 🔔 [New Candle Closed] Running entry pipeline for candle 19:10 at 19:11:26...
2026-08-19 19:44:44,148 - INFO - 🔔 [New Candle Closed] Running entry pipeline for candle 19:40 at 19:44:44...
2026-08-19 19:47:23,062 - INFO - 🔔 [New Candle Closed] Running entry pipeline for candle 19:45 at 19:47:23...
2026-08-19 20:29:34,471 - INFO - 🔔 [New Candle Closed] Running entry pipeline for candle 20:25 at 20:29:34...
2026-08-19 20:59:57,987 - INFO - 🔔 [New Candle Closed] Running entry pipeline for candle 20:55 at 20:59:57...
2026-08-19 21:00:50,412 - INFO - 🔔 [New Candle Closed] Running entry pipeline for candle 21:00 at 21:00:50...
2026-08-19 21:17:06,607 - INFO - 🔔 [New Candle Closed] Running entry pipeline for candle 21:15 at 21:17:06...
2026-08-19 22:15:43,071 - INFO - 🔔 [New Candle Closed] Running entry pipeline for candle 22:15 at 22:15:43...
