2026-08-25 09:00:48,909 - INFO - 🔑 Loaded access token from local JSON cache: /Users/kashishbaggafeast/Desktop/Bot/tokens/token_2026-08-25.json
2026-08-25 09:00:49,025 - INFO - ✅ Fyers client initialized successfully
2026-08-25 09:00:49,102 - INFO - ✅ PostgreSQL tables and migrations checked/initialized
2026-08-25 09:00:49,117 - INFO - ✅ Option snapshots & audits converted to hypertables, indexes generated
2026-08-25 09:00:49,167 - INFO - ✅ PostgreSQL / TimescaleDB fully initialized
2026-08-25 09:00:49,168 - INFO - 🔑 Loaded access token from local JSON cache: /Users/kashishbaggafeast/Desktop/Bot/tokens/token_2026-08-25.json
2026-08-25 09:00:49,280 - INFO - ✅ Fyers client initialized successfully
2026-08-25 09:00:49,281 - INFO - 📡 Option warehouse started in background thread (real OI capture)
2026-08-25 09:00:49,282 - INFO - 🚀 Option Warehouse (real OI) started for: ['NSE:NIFTY50-INDEX', 'NSE:NIFTYBANK-INDEX']  (interval=60s, depth=5 strikes)
2026-08-25 09:00:49,282 - INFO - [PreMarketCollector] Started
2026-08-25 09:00:49,282 - INFO - 🌅 Pre-market collector started in background thread
2026-08-25 09:00:49,283 - INFO - 🔑 Loaded access token from local JSON cache: /Users/kashishbaggafeast/Desktop/Bot/tokens/token_2026-08-25.json
2026-08-25 09:00:49,314 - INFO - ✅ TimeOfDayEngine initialized with 75 slots.
2026-08-25 09:00:49,314 - INFO - ✅ TimeOfDayEngine initialized with 75 slots.
2026-08-25 09:00:49,315 - INFO - 🏛️ Structural Decision Engine initialized | Phase 3.2 (Final Polish) Active
2026-08-25 09:00:49,315 - INFO - 🏛️ StructuralStrategy initialized [rvol>=1.0, zone_score>=50.0]
2026-08-25 09:00:49,330 - INFO - 📋 Registered experiment: Structural_v3.2_RVOL1.0 [structural@v3.2] hash=e94c3fcc1fbc618d git=2a5c1cd
2026-08-25 09:00:49,330 - INFO - 🏛️ Structural Decision Engine initialized | Phase 3.2 (Final Polish) Active
2026-08-25 09:00:49,330 - INFO - 🏛️ StructuralStrategy initialized [rvol>=0.8, zone_score>=50.0]
2026-08-25 09:00:49,341 - INFO - 📋 Registered experiment: Structural_v3.2_RVOL0.8 [structural@v3.2] hash=40874fb174f2baa6 git=2a5c1cd
2026-08-25 09:00:49,341 - INFO - 🏛️ Structural Decision Engine initialized | Phase 3.2 (Final Polish) Active
2026-08-25 09:00:49,341 - INFO - 🏛️ StructuralStrategy initialized [rvol>=1.0, zone_score>=50.0]
2026-08-25 09:00:49,352 - INFO - 📋 Registered experiment: Structural_v3.3_ExitMgmt [structural@v3.2] hash=e1769b03d05cde8f git=2a5c1cd
2026-08-25 09:00:49,362 - INFO - 📋 Registered experiment: EMA_Pullback_20_50_RVOL0.5 [ema_pullback@v1.0] hash=5a4bec1b92d6a585 git=2a5c1cd
2026-08-25 09:00:49,371 - INFO - 📋 Registered experiment: VWAP_Reversion_1.5ATR_RVOL1.0 [vwap_reversion@v1.0] hash=3d6d96cb21ff71cd git=2a5c1cd
2026-08-25 09:00:49,379 - INFO - 📋 Registered experiment: PrevDay_Extremes_RVOL1.2 [prev_day_extremes@v1.0] hash=952708070530c475 git=2a5c1cd
2026-08-25 09:00:49,388 - INFO - 📋 Registered experiment: ATR_Squeeze_RVOL1.5 [atr_squeeze@v1.0] hash=a7e6c9da59c6194f git=2a5c1cd
2026-08-25 09:00:49,388 - INFO - 📐 GeometryStrategy initialized [score>=35.0, tol=0.2%, RR>=1.5, trendline_break=True]
2026-08-25 09:00:49,396 - INFO - 📋 Registered experiment: Geometry_v1.0_Score35 [geometry@v1.0] hash=b459af5a6ce8e15c git=2a5c1cd
2026-08-25 09:00:49,397 - INFO - 📐 GeometryStrategy initialized [score>=50.0, tol=0.2%, RR>=1.8, trendline_break=True]
2026-08-25 09:00:49,404 - INFO - 📋 Registered experiment: Geometry_v1.0_Score50 [geometry@v1.0] hash=431ce308e16d5c85 git=2a5c1cd
2026-08-25 09:00:49,404 - INFO - 💧 OrderFlowStrategy initialized [sweep>=0.6, imbalance>=0.55]
2026-08-25 09:00:49,413 - INFO - 📋 Registered experiment: OrderFlow_v1.0 [order_flow@v1.0] hash=be581b5e26fdcef5 git=2a5c1cd
2026-08-25 09:00:49,414 - INFO - ✅ Fyers client initialized successfully
2026-08-25 09:00:49,423 - INFO - 📋 Registered experiment: VWAP_Reclaim_v1.0 [vwap_reclaim@v1.0] hash=5b56271e96b1fee9 git=2a5c1cd
2026-08-25 09:00:49,432 - INFO - 📋 Registered experiment: CPR_v1.0 [cpr@v1.0] hash=0d2ee99831362dc3 git=2a5c1cd
2026-08-25 09:00:49,440 - INFO - 📋 Registered experiment: GapRegime_v2.0 [gap@v2.0] hash=e1db9a178e20acab git=2a5c1cd
2026-08-25 09:00:49,450 - INFO - [PreMarketCollector] NSE:NIFTY50-INDEX prev OHLC: {'pdh': 24313.0, 'pdl': 24271.1, 'prev_close': 24288.15}
2026-08-25 09:00:49,450 - INFO - 📋 Registered experiment: ORB_60m_IB_RVOL1.2 [orb@v1.0] hash=fb43c099fbb7b444 git=2a5c1cd
2026-08-25 09:00:49,460 - INFO - 📋 Registered experiment: VerticalSpread_v1.0 [vertical_spread@v1.0] hash=ebcc2ee58dde4134 git=2a5c1cd
2026-08-25 09:00:49,469 - INFO - [PreMarketCollector] NSE:NIFTYBANK-INDEX prev OHLC: {'pdh': 57873.75, 'pdl': 57774.25, 'prev_close': 57803.4}
2026-08-25 09:00:49,470 - INFO - 📋 Registered experiment: Straddle_v1.0_VolCompression [straddle_strangle@v1.0] hash=5f6294f74dfd83c4 git=2a5c1cd
2026-08-25 09:00:49,479 - INFO - 📋 Registered experiment: Strangle_v1.0_VolCompression [straddle_strangle@v1.0] hash=f9e42ca23b1aa8eb git=2a5c1cd
2026-08-25 09:00:49,488 - INFO - 📋 Registered experiment: CreditSpread_v1.0_PCRFade [credit_spread@v1.0] hash=28f34815d97f20bf git=2a5c1cd
2026-08-25 09:00:49,489 - INFO - 🧱 OIWallReactionStrategy initialized [breakout_rvol>=1.3, RR>=1.5]
2026-08-25 09:00:49,497 - INFO - 📋 Registered experiment: OIWallReaction_v1.0 [oi_wall_reaction@v1.0] hash=526ec437e2cc75d7 git=2a5c1cd
2026-08-25 09:00:49,498 - INFO - 🔄 PCRExtremeReversalStrategy initialized [zone_score>=40.0, RR>=1.5]
2026-08-25 09:00:49,507 - INFO - 📋 Registered experiment: PCRExtremeReversal_v1.0 [pcr_extreme_reversal@v1.0] hash=9abdaaa8dd3a448c git=2a5c1cd
2026-08-25 09:00:49,517 - INFO - 📋 Registered experiment: IronCondor_v1.0 [iron_condor@v1.0] hash=d7485d3f6100b041 git=2a5c1cd
2026-08-25 09:00:49,526 - INFO - 📋 Registered experiment: Butterfly_v1.0 [butterfly@v1.0] hash=f5ba21b7b93fb04a git=2a5c1cd
2026-08-25 09:00:49,534 - INFO - 📋 Registered experiment: IronButterfly_v1.0 [iron_butterfly@v1.0] hash=dccda407150f7815 git=2a5c1cd
2026-08-25 09:00:49,543 - INFO - 📋 Registered experiment: OI_Scalping_v1.0 [oi_scalping@v1.0] hash=914bd729f0ba1e61 git=2a5c1cd
2026-08-25 09:00:49,552 - INFO - 📋 Registered experiment: Consolidation_Breakout_v1.0 [consolidation_breakout@v1.0] hash=04b6e8359925fde8 git=2a5c1cd
2026-08-25 09:00:49,559 - INFO - 📋 Registered experiment: Consolidation_Breakout_Tight_v1.0 [consolidation_breakout@v1.0] hash=7582782e4da6d9c7 git=2a5c1cd
2026-08-25 09:00:49,566 - INFO - 📋 Registered experiment: RSI2_MeanReversion_v1.0 [rsi2_mean_reversion@v1.0] hash=53f7fa4994f8b458 git=2a5c1cd
2026-08-25 09:00:49,573 - INFO - 📋 Registered experiment: ExpiryAwareTheta_v1.0 [expiry_aware_theta@v1.0] hash=f74844b7423269a9 git=2a5c1cd
2026-08-25 09:00:49,580 - INFO - 📋 Registered experiment: RelativeValue_NIFTY_BANKNIFTY_v1.0 [relative_value_nifty_banknifty@v1.0] hash=53beca865e66d404 git=2a5c1cd
2026-08-25 09:00:49,587 - INFO - 📋 Registered experiment: MomentumBurst_5m_v1.0_RVOL2.0 [momentum_burst_5m@v1.0] hash=dc95c8f6a7f2479d git=2a5c1cd
2026-08-25 09:00:49,594 - INFO - 📋 Registered experiment: HtfPullback_v1.0_Tol0.6pct [htf_pullback_reversal@v1.0] hash=9318c6fd8f9c8b62 git=2a5c1cd
2026-08-25 09:00:49,621 - INFO - 📋 Experiment saved: Structural_v3.2_RVOL1.0 [hash=e94c3fcc1fbc618d git=2a5c1cd]
2026-08-25 09:00:49,636 - INFO - 📋 Experiment saved: Structural_v3.2_RVOL0.8 [hash=40874fb174f2baa6 git=2a5c1cd]
2026-08-25 09:00:49,647 - INFO - 📋 Experiment saved: Structural_v3.3_ExitMgmt [hash=e1769b03d05cde8f git=2a5c1cd]
2026-08-25 09:00:49,659 - INFO - 📋 Experiment saved: EMA_Pullback_20_50_RVOL0.5 [hash=5a4bec1b92d6a585 git=2a5c1cd]
2026-08-25 09:00:49,670 - INFO - 📋 Experiment saved: VWAP_Reversion_1.5ATR_RVOL1.0 [hash=3d6d96cb21ff71cd git=2a5c1cd]
2026-08-25 09:00:49,684 - INFO - 📋 Experiment saved: PrevDay_Extremes_RVOL1.2 [hash=952708070530c475 git=2a5c1cd]
2026-08-25 09:00:49,695 - INFO - 📋 Experiment saved: ATR_Squeeze_RVOL1.5 [hash=a7e6c9da59c6194f git=2a5c1cd]
2026-08-25 09:00:49,706 - INFO - 📋 Experiment saved: Geometry_v1.0_Score35 [hash=b459af5a6ce8e15c git=2a5c1cd]
2026-08-25 09:00:49,717 - INFO - 📋 Experiment saved: Geometry_v1.0_Score50 [hash=431ce308e16d5c85 git=2a5c1cd]
2026-08-25 09:00:49,729 - INFO - 📋 Experiment saved: OrderFlow_v1.0 [hash=be581b5e26fdcef5 git=2a5c1cd]
2026-08-25 09:00:49,740 - INFO - 📋 Experiment saved: VWAP_Reclaim_v1.0 [hash=5b56271e96b1fee9 git=2a5c1cd]
2026-08-25 09:00:49,752 - INFO - 📋 Experiment saved: CPR_v1.0 [hash=0d2ee99831362dc3 git=2a5c1cd]
2026-08-25 09:00:49,765 - INFO - 📋 Experiment saved: GapRegime_v2.0 [hash=e1db9a178e20acab git=2a5c1cd]
2026-08-25 09:00:49,776 - INFO - 📋 Experiment saved: ORB_60m_IB_RVOL1.2 [hash=fb43c099fbb7b444 git=2a5c1cd]
2026-08-25 09:00:49,786 - INFO - 📋 Experiment saved: VerticalSpread_v1.0 [hash=ebcc2ee58dde4134 git=2a5c1cd]
2026-08-25 09:00:49,796 - INFO - 📋 Experiment saved: Straddle_v1.0_VolCompression [hash=5f6294f74dfd83c4 git=2a5c1cd]
2026-08-25 09:00:49,807 - INFO - 📋 Experiment saved: Strangle_v1.0_VolCompression [hash=f9e42ca23b1aa8eb git=2a5c1cd]
2026-08-25 09:00:49,817 - INFO - 📋 Experiment saved: CreditSpread_v1.0_PCRFade [hash=28f34815d97f20bf git=2a5c1cd]
2026-08-25 09:00:49,826 - INFO - 📋 Experiment saved: OIWallReaction_v1.0 [hash=526ec437e2cc75d7 git=2a5c1cd]
2026-08-25 09:00:49,836 - INFO - 📋 Experiment saved: PCRExtremeReversal_v1.0 [hash=9abdaaa8dd3a448c git=2a5c1cd]
2026-08-25 09:00:49,846 - INFO - 📋 Experiment saved: IronCondor_v1.0 [hash=d7485d3f6100b041 git=2a5c1cd]
2026-08-25 09:00:49,856 - INFO - 📋 Experiment saved: Butterfly_v1.0 [hash=f5ba21b7b93fb04a git=2a5c1cd]
2026-08-25 09:00:49,867 - INFO - 📋 Experiment saved: IronButterfly_v1.0 [hash=dccda407150f7815 git=2a5c1cd]
2026-08-25 09:00:49,876 - INFO - 📋 Experiment saved: OI_Scalping_v1.0 [hash=914bd729f0ba1e61 git=2a5c1cd]
2026-08-25 09:00:49,886 - INFO - 📋 Experiment saved: Consolidation_Breakout_v1.0 [hash=04b6e8359925fde8 git=2a5c1cd]
2026-08-25 09:00:49,896 - INFO - 📋 Experiment saved: Consolidation_Breakout_Tight_v1.0 [hash=7582782e4da6d9c7 git=2a5c1cd]
2026-08-25 09:00:49,906 - INFO - 📋 Experiment saved: RSI2_MeanReversion_v1.0 [hash=53f7fa4994f8b458 git=2a5c1cd]
2026-08-25 09:00:49,916 - INFO - 📋 Experiment saved: ExpiryAwareTheta_v1.0 [hash=f74844b7423269a9 git=2a5c1cd]
2026-08-25 09:00:49,925 - INFO - 📋 Experiment saved: RelativeValue_NIFTY_BANKNIFTY_v1.0 [hash=53beca865e66d404 git=2a5c1cd]
2026-08-25 09:00:49,935 - INFO - 📋 Experiment saved: MomentumBurst_5m_v1.0_RVOL2.0 [hash=dc95c8f6a7f2479d git=2a5c1cd]
2026-08-25 09:00:49,944 - INFO - 📋 Experiment saved: HtfPullback_v1.0_Tol0.6pct [hash=9318c6fd8f9c8b62 git=2a5c1cd]
2026-08-25 09:00:50,026 - INFO - 🏛️ Structural Paper Trader Initialized | Active Position Tracking Enabled
2026-08-25 09:00:50,027 - INFO - ⏱️ Aligning scheduler to 30-second grid offset by 5s. Sleeping 15s until 09:01:05 IST...
2026-08-25 09:01:05,030 - INFO - ⏱️ Scheduler aligned and running. Evaluating positions every 30s, signals on new completed M5 candles.
2026-08-25 09:01:05,031 - INFO - 🔔 [Initial Run] Running full market loop at 09:01:05...
2026-08-25 09:01:05,031 - INFO - --- 09:01:05 Market Pulse ---
2026-08-25 09:01:12,954 - WARNING - ⚡ [CreditSpread_v1.0_PCRFade] errors: ['OPTIONS_DATA_STALE'] (0.0ms)
2026-08-25 09:01:12,954 - WARNING - ⚡ [OIWallReaction_v1.0] errors: ['OPTIONS_DATA_STALE'] (0.0ms)
2026-08-25 09:01:12,954 - WARNING - ⚡ [PCRExtremeReversal_v1.0] errors: ['OPTIONS_DATA_STALE'] (0.0ms)
2026-08-25 09:01:12,954 - WARNING - ⚡ [OI_Scalping_v1.0] errors: ['INSUFFICIENT_OI_DATA'] (0.0ms)
2026-08-25 09:01:12,966 - WARNING - [ExpiryResolver] Both DB and API failed for NSE:NIFTY50-INDEX. Falling back to dynamically computed expiry: 26901 (2026-09-01)
2026-08-25 09:01:12,966 - INFO - 👻 [VerticalSpread_v1.0] CF COMBO BEAR_PUT_SPREAD NSE:NIFTY50-INDEX BEAR_PUT_SPREAD | Rejected: ['LOW_EFFICIENCY']
2026-08-25 09:01:15,241 - INFO - Resolved active expiry from API: 26AUG
2026-08-25 09:01:16,090 - INFO - Retrieved live premium from Fyers API: LTP=66.2 for NSE:NIFTY26AUG24200PE
2026-08-25 09:01:17,248 - INFO - Retrieved live premium from Fyers API: LTP=25.3 for NSE:NIFTY26AUG24100PE
2026-08-25 09:01:17,249 - INFO - Resolved BEAR_PUT_SPREAD for NSE:NIFTY50-INDEX: [('PE', 'BUY', 24200.0), ('PE', 'SELL', 24100.0)] net_premium=41.60 max_loss=41.60
2026-08-25 09:01:17,302 - INFO - 🟢 CF COMBO ENTRY [VerticalSpread_v1.0|_VerticalSpread_v1.0]: NSE:NIFTY50-INDEX BEAR_PUT_SPREAD | Net premium: 41.60 | Max loss: 41.60
2026-08-25 09:01:17,302 - INFO - 👻 [Straddle_v1.0_VolCompression] CF COMBO LONG_STRADDLE NSE:NIFTY50-INDEX LONG_STRADDLE | Rejected: ['NO_COMPRESSION:0.60']
2026-08-25 09:01:19,095 - INFO - Resolved active expiry from API: 26AUG
2026-08-25 09:01:20,109 - INFO - Retrieved live premium from Fyers API: LTP=57.25 for NSE:NIFTY26AUG24200CE
2026-08-25 09:01:21,101 - INFO - Retrieved live premium from Fyers API: LTP=66.2 for NSE:NIFTY26AUG24200PE
2026-08-25 09:01:21,102 - INFO - Resolved LONG_STRADDLE for NSE:NIFTY50-INDEX: [('CE', 'BUY', 24200.0), ('PE', 'BUY', 24200.0)] net_premium=124.85 max_loss=124.85
2026-08-25 09:01:21,147 - INFO - 🟢 CF COMBO ENTRY [Straddle_v1.0_VolCompression|_v1.0_VolCompression]: NSE:NIFTY50-INDEX LONG_STRADDLE | Net premium: 124.85 | Max loss: 124.85
2026-08-25 09:01:21,147 - INFO - 👻 [Strangle_v1.0_VolCompression] CF COMBO LONG_STRANGLE NSE:NIFTY50-INDEX LONG_STRANGLE | Rejected: ['NO_COMPRESSION:0.60']
2026-08-25 09:01:23,116 - INFO - Resolved active expiry from API: 26AUG
2026-08-25 09:01:24,128 - INFO - Retrieved live premium from Fyers API: LTP=26.3 for NSE:NIFTY26AUG24300CE
2026-08-25 09:01:25,136 - INFO - Retrieved live premium from Fyers API: LTP=25.3 for NSE:NIFTY26AUG24100PE
2026-08-25 09:01:25,136 - INFO - Resolved LONG_STRANGLE for NSE:NIFTY50-INDEX: [('CE', 'BUY', 24300.0), ('PE', 'BUY', 24100.0)] net_premium=52.40 max_loss=52.40
2026-08-25 09:01:25,191 - INFO - 🟢 CF COMBO ENTRY [Strangle_v1.0_VolCompression|_v1.0_VolCompression]: NSE:NIFTY50-INDEX LONG_STRANGLE | Net premium: 52.40 | Max loss: 52.40
2026-08-25 09:01:25,191 - WARNING - ⚡ [CreditSpread_v1.0_PCRFade] errors: ['OPTIONS_DATA_STALE']
2026-08-25 09:01:25,192 - WARNING - ⚡ [OIWallReaction_v1.0] errors: ['OPTIONS_DATA_STALE']
2026-08-25 09:01:25,192 - WARNING - ⚡ [PCRExtremeReversal_v1.0] errors: ['OPTIONS_DATA_STALE']
2026-08-25 09:01:25,192 - INFO - 🧭 [IronCondor_v1.0] Regime router: NSE:NIFTY50-INDEX combo blocked from REAL capital (regime=WEAK_TREND_DOWN_NORMAL) — routed to CF
2026-08-25 09:01:27,141 - INFO - Resolved active expiry from API: 26AUG
2026-08-25 09:01:28,153 - INFO - Retrieved live premium from Fyers API: LTP=43.15 for NSE:NIFTY26AUG24150PE
2026-08-25 09:01:29,317 - INFO - Retrieved live premium from Fyers API: LTP=14.55 for NSE:NIFTY26AUG24050PE
2026-08-25 09:01:30,154 - INFO - Retrieved live premium from Fyers API: LTP=38.95 for NSE:NIFTY26AUG24250CE
2026-08-25 09:01:31,152 - INFO - Retrieved live premium from Fyers API: LTP=17.55 for NSE:NIFTY26AUG24350CE
2026-08-25 09:01:31,152 - INFO - Resolved IRON_CONDOR for NSE:NIFTY50-INDEX: [('PE', 'SELL', 24150.0), ('PE', 'BUY', 24050.0), ('CE', 'SELL', 24250.0), ('CE', 'BUY', 24350.0)] net_premium=-49.15 max_loss=50.85
2026-08-25 09:01:31,201 - INFO - 🟢 CF COMBO ENTRY [IronCondor_v1.0|0105_IronCondor_v1.0]: NSE:NIFTY50-INDEX IRON_CONDOR | Net premium: -49.15 | Max loss: 50.85
2026-08-25 09:01:31,201 - INFO - 🚀 COMBO SIGNAL: NSE:NIFTY50-INDEX BUTTERFLY_SPREAD | [Butterfly_v1.0]
2026-08-25 09:01:33,177 - INFO - Resolved active expiry from API: 26AUG
2026-08-25 09:01:34,174 - INFO - Retrieved live premium from Fyers API: LTP=116.8 for NSE:NIFTY26AUG24100CE
2026-08-25 09:01:35,328 - INFO - Retrieved live premium from Fyers API: LTP=57.25 for NSE:NIFTY26AUG24200CE
2026-08-25 09:01:36,164 - INFO - Retrieved live premium from Fyers API: LTP=57.25 for NSE:NIFTY26AUG24200CE
2026-08-25 09:01:37,184 - INFO - Retrieved live premium from Fyers API: LTP=26.3 for NSE:NIFTY26AUG24300CE
2026-08-25 09:01:37,184 - INFO - Resolved BUTTERFLY_SPREAD for NSE:NIFTY50-INDEX: [('CE', 'BUY', 24100.0), ('CE', 'SELL', 24200.0), ('CE', 'SELL', 24200.0), ('CE', 'BUY', 24300.0)] net_premium=28.85 max_loss=28.85
2026-08-25 09:01:37,184 - INFO - 💰 Combo lots [BUTTERFLY_SPREAD|WEAK_TREND_DOWN_NORMAL|conf=1]: budget=₹375 / max_loss=28.85 → 12 lots
2026-08-25 09:01:37,235 - INFO - 🟢 COMBO ENTRY [Butterfly_v1.0|90105_Butterfly_v1.0]: NSE:NIFTY50-INDEX BUTTERFLY_SPREAD | Net premium: 28.85 | Max loss: 28.85
2026-08-25 09:01:37,235 - INFO - 🧭 [IronButterfly_v1.0] Regime router: NSE:NIFTY50-INDEX combo blocked from REAL capital (regime=WEAK_TREND_DOWN_NORMAL) — routed to CF
2026-08-25 09:01:39,217 - INFO - Resolved active expiry from API: 26AUG
2026-08-25 09:01:40,351 - INFO - Retrieved live premium from Fyers API: LTP=66.2 for NSE:NIFTY26AUG24200PE
2026-08-25 09:01:41,191 - INFO - Retrieved live premium from Fyers API: LTP=57.25 for NSE:NIFTY26AUG24200CE
2026-08-25 09:01:42,245 - INFO - Retrieved live premium from Fyers API: LTP=8.7 for NSE:NIFTY26AUG24000PE
2026-08-25 09:01:43,220 - INFO - Retrieved live premium from Fyers API: LTP=11.15 for NSE:NIFTY26AUG24400CE
2026-08-25 09:01:43,221 - INFO - Resolved IRON_BUTTERFLY for NSE:NIFTY50-INDEX: [('PE', 'SELL', 24200.0), ('CE', 'SELL', 24200.0), ('PE', 'BUY', 24000.0), ('CE', 'BUY', 24400.0)] net_premium=-103.35 max_loss=96.65
2026-08-25 09:01:43,274 - INFO - 🟢 CF COMBO ENTRY [IronButterfly_v1.0|5_IronButterfly_v1.0]: NSE:NIFTY50-INDEX IRON_BUTTERFLY | Net premium: -103.35 | Max loss: 96.65
2026-08-25 09:01:43,274 - WARNING - ⚡ [OI_Scalping_v1.0] errors: ['INSUFFICIENT_OI_DATA']
2026-08-25 09:01:43,274 - INFO - 🧭 [ExpiryAwareTheta_v1.0] Regime router: NSE:NIFTY50-INDEX combo blocked from REAL capital (regime=WEAK_TREND_DOWN_NORMAL) — routed to CF
2026-08-25 09:01:45,218 - INFO - Resolved active expiry from API: 26AUG
2026-08-25 09:01:46,221 - INFO - Retrieved live premium from Fyers API: LTP=43.15 for NSE:NIFTY26AUG24150PE
2026-08-25 09:01:47,234 - INFO - Retrieved live premium from Fyers API: LTP=14.55 for NSE:NIFTY26AUG24050PE
2026-08-25 09:01:48,242 - INFO - Retrieved live premium from Fyers API: LTP=38.95 for NSE:NIFTY26AUG24250CE
2026-08-25 09:01:49,241 - INFO - Retrieved live premium from Fyers API: LTP=17.55 for NSE:NIFTY26AUG24350CE
2026-08-25 09:01:49,242 - INFO - Resolved IRON_CONDOR for NSE:NIFTY50-INDEX: [('PE', 'SELL', 24150.0), ('PE', 'BUY', 24050.0), ('CE', 'SELL', 24250.0), ('CE', 'BUY', 24350.0)] net_premium=-49.15 max_loss=50.85
2026-08-25 09:01:49,297 - INFO - 🟢 CF COMBO ENTRY [ExpiryAwareTheta_v1.0|xpiryAwareTheta_v1.0]: NSE:NIFTY50-INDEX IRON_CONDOR | Net premium: -49.15 | Max loss: 50.85
2026-08-25 09:01:50,679 - WARNING - ⚡ [CreditSpread_v1.0_PCRFade] errors: ['OPTIONS_DATA_STALE'] (0.0ms)
2026-08-25 09:01:50,679 - WARNING - ⚡ [OIWallReaction_v1.0] errors: ['OPTIONS_DATA_STALE'] (0.0ms)
2026-08-25 09:01:50,679 - WARNING - ⚡ [PCRExtremeReversal_v1.0] errors: ['OPTIONS_DATA_STALE'] (0.0ms)
2026-08-25 09:01:50,679 - WARNING - ⚡ [OI_Scalping_v1.0] errors: ['INSUFFICIENT_OI_DATA'] (0.0ms)
2026-08-25 09:01:50,691 - WARNING - [ExpiryResolver] Both DB and API failed for NSE:NIFTYBANK-INDEX. Falling back to dynamically computed expiry: 26AUG (2026-08-25)
2026-08-25 09:01:50,692 - INFO - 👻 [Structural_v3.2_RVOL1.0] CF BREAKOUT NSE:NIFTYBANK-INDEX BUY CALL | Rejected: ['BIAS_MISMATCH', 'LOW_EFFICIENCY']
2026-08-25 09:01:50,692 - INFO - 📊 EXECUTION AUDIT [SIGNAL_GENERATED]: trade_id=None, candidate_id=cand_NSE_NIFTYBANK_INDEX_BREAKOUT_57423.65_20260824_152000_Structural_v3.2_RVOL1.0, payload={'symbol': 'NSE:NIFTYBANK-INDEX', 'signal': 'BUY CALL', 'strategy': 'BREAKOUT', 'price': 57419.45, 'stop_loss': 57399.875, 'take_profit': 57615.200000000004, 'tp1': 57448.81249999999, 'rr_ratio': 10.0, 'timestamp': '2026-08-24T15:20:00+05:30', 'accepted': False, 'rejection_reasons': ['BIAS_MISMATCH', 'LOW_EFFICIENCY'], 'features': {'date': '2026-08-24', 'strategy_name': 'Structural_v3', 'strategy_version': 'v3.2', 'feature_version': 'v1.1', 'market_regime': 'GAP_UP_NORMAL', 'day_type': 'NORMAL_DAY', 'session_type': 'CLOSE', 'daily_bias': 'NEUTRAL', 'hourly_bias': 'NEUTRAL', 'trend_strength': 0.0, 'rvol': 1.0, 'rvol_threshold': 1.0, 'atr': 39.15, 'distance_from_supply': 454.3, 'distance_from_demand': 417.7, 'nearest_supply_strength': 78.2, 'nearest_demand_strength': 96.6, 'distance_to_liquidity_pool': 417.6999999999971, 'liquidity_score': 10.0, 'indicator_snapshot': {'rvol_tod': 1.0, 'is_compressed': False, 'bos_count': 0}, 'move_efficiency': 0.5068, 'wickiness': 0.4882, 'fft_score': 0.0, 'setup_type': 'BREAKOUT', 'candidate_id': 'cand_NSE_NIFTYBANK_INDEX_BREAKOUT_57423.65_20260824_152000', 'ema20': 57374.09, 'ema50': 57398.93, 'move_efficiency_h1': 0.2451, 'ema_bullish': False, 'rsi14': 67.9, 'rsi2': 50.0, 'distance_to_vwap': -0.0008, 'atr_percentile': 0.6398, 'dist_prev_high': -0.0036, 'dist_prev_low': -0.0022, 'adx': 19.11, 'adx_slope': 2.0805, 'gap_pct': 0.0045, 'regime_primary': 'GAP_UP', 'regime_vol_state': 'NORMAL'}, 'candidate_id': 'cand_NSE_NIFTYBANK_INDEX_BREAKOUT_57423.65_20260824_152000_Structural_v3.2_RVOL1.0', 'experiment_name': 'Structural_v3.2_RVOL1.0', 'strategy_id': 'structural', 'version': 'v3.2'}
2026-08-25 09:01:52,994 - INFO - Resolved active expiry from API: 26AUG
2026-08-25 09:01:53,821 - INFO - Retrieved live premium from Fyers API: LTP=170.3 for NSE:BANKNIFTY26AUG57400CE
2026-08-25 09:01:53,821 - INFO - Resolved index signal into option contract: OptionContract(symbol='NSE:BANKNIFTY26AUG57400CE', strike=57400.0, expiry='26AUG', option_type='CE', premium=170.3, delta=0.5, bid=170.2, ask=176.7, volume=15430320, resolved_at=datetime.datetime(2026, 8, 25, 9, 1, 53, 821930))
2026-08-25 09:01:53,822 - INFO - ⚡ Option strike selection resolved index signal to contract NSE:BANKNIFTY26AUG57400CE @ premium 170.3 (type: CE, strike: 57400.0)
2026-08-25 09:01:53,822 - INFO - 📊 EXECUTION AUDIT [STRIKE_SELECTED]: trade_id=None, candidate_id=cand_NSE_NIFTYBANK_INDEX_BREAKOUT_57423.65_20260824_152000_Structural_v3.2_RVOL1.0, payload={'symbol': 'NSE:BANKNIFTY26AUG57400CE', 'strike': 57400.0, 'expiry': '26AUG', 'type': 'CE'}
2026-08-25 09:01:53,856 - INFO - 📊 EXECUTION AUDIT [PREMIUM_RETRIEVED]: trade_id=None, candidate_id=cand_NSE_NIFTYBANK_INDEX_BREAKOUT_57423.65_20260824_152000_Structural_v3.2_RVOL1.0, payload={'premium': 170.3, 'bid': 170.2, 'ask': 176.7}
2026-08-25 09:01:53,876 - INFO - 📊 EXECUTION AUDIT [CF_SUBMITTED]: trade_id=None, candidate_id=cand_NSE_NIFTYBANK_INDEX_BREAKOUT_57423.65_20260824_152000_Structural_v3.2_RVOL1.0, payload={'price': 57419.45, 'sl': 57399.875, 'tp': 57615.200000000004}
2026-08-25 09:01:53,893 - INFO - 📊 EXECUTION AUDIT [CF_FILLED]: trade_id=None, candidate_id=cand_NSE_NIFTYBANK_INDEX_BREAKOUT_57423.65_20260824_152000_Structural_v3.2_RVOL1.0, payload={'price': 57419.45, 'sl': 57399.875, 'tp': 57615.200000000004}
2026-08-25 09:01:53,908 - INFO - 💰 Position size [BREAKOUT|GAP_UP_NORMAL|conf=70]: frac=0.003 → ₹5,000 (risk/unit=0.03%)
2026-08-25 09:01:53,935 - INFO - 🟢 ENTRY [CF|Structural_v3.2_RVOL1.0|uctural_v3.2_RVOL1.0]: NSE:NIFTYBANK-INDEX BUY CALL @ 57419.45 | SL: 57399.88 TP: 57615.20
2026-08-25 09:01:53,936 - INFO - 👻 [Structural_v3.2_RVOL0.8] CF BREAKOUT NSE:NIFTYBANK-INDEX BUY CALL | Rejected: ['BIAS_MISMATCH', 'LOW_EFFICIENCY']
2026-08-25 09:01:53,936 - INFO - 📊 EXECUTION AUDIT [SIGNAL_GENERATED]: trade_id=None, candidate_id=cand_NSE_NIFTYBANK_INDEX_BREAKOUT_57423.65_20260824_152000_Structural_v3.2_RVOL0.8, payload={'symbol': 'NSE:NIFTYBANK-INDEX', 'signal': 'BUY CALL', 'strategy': 'BREAKOUT', 'price': 57419.45, 'stop_loss': 57399.875, 'take_profit': 57615.200000000004, 'tp1': 57448.81249999999, 'rr_ratio': 10.0, 'timestamp': '2026-08-24T15:20:00+05:30', 'accepted': False, 'rejection_reasons': ['BIAS_MISMATCH', 'LOW_EFFICIENCY'], 'features': {'date': '2026-08-24', 'strategy_name': 'Structural_v3', 'strategy_version': 'v3.2', 'feature_version': 'v1.1', 'market_regime': 'GAP_UP_NORMAL', 'day_type': 'NORMAL_DAY', 'session_type': 'CLOSE', 'daily_bias': 'NEUTRAL', 'hourly_bias': 'NEUTRAL', 'trend_strength': 0.0, 'rvol': 1.0, 'rvol_threshold': 0.8, 'atr': 39.15, 'distance_from_supply': 454.3, 'distance_from_demand': 417.7, 'nearest_supply_strength': 78.2, 'nearest_demand_strength': 96.6, 'distance_to_liquidity_pool': 417.6999999999971, 'liquidity_score': 10.0, 'indicator_snapshot': {'rvol_tod': 1.0, 'is_compressed': False, 'bos_count': 0}, 'move_efficiency': 0.5068, 'wickiness': 0.4882, 'fft_score': 0.0, 'setup_type': 'BREAKOUT', 'candidate_id': 'cand_NSE_NIFTYBANK_INDEX_BREAKOUT_57423.65_20260824_152000', 'ema20': 57374.09, 'ema50': 57398.93, 'move_efficiency_h1': 0.2451, 'ema_bullish': False, 'rsi14': 67.9, 'rsi2': 50.0, 'distance_to_vwap': -0.0008, 'atr_percentile': 0.6398, 'dist_prev_high': -0.0036, 'dist_prev_low': -0.0022, 'adx': 19.11, 'adx_slope': 2.0805, 'gap_pct': 0.0045, 'regime_primary': 'GAP_UP', 'regime_vol_state': 'NORMAL'}, 'candidate_id': 'cand_NSE_NIFTYBANK_INDEX_BREAKOUT_57423.65_20260824_152000_Structural_v3.2_RVOL0.8', 'experiment_name': 'Structural_v3.2_RVOL0.8', 'strategy_id': 'structural', 'version': 'v3.2'}
2026-08-25 09:01:55,984 - INFO - Resolved active expiry from API: 26AUG
2026-08-25 09:01:56,844 - INFO - Retrieved live premium from Fyers API: LTP=170.3 for NSE:BANKNIFTY26AUG57400CE
2026-08-25 09:01:56,844 - INFO - Resolved index signal into option contract: OptionContract(symbol='NSE:BANKNIFTY26AUG57400CE', strike=57400.0, expiry='26AUG', option_type='CE', premium=170.3, delta=0.5, bid=170.2, ask=176.7, volume=15430320, resolved_at=datetime.datetime(2026, 8, 25, 9, 1, 56, 844874))
2026-08-25 09:01:56,844 - INFO - ⚡ Option strike selection resolved index signal to contract NSE:BANKNIFTY26AUG57400CE @ premium 170.3 (type: CE, strike: 57400.0)
2026-08-25 09:01:56,845 - INFO - 📊 EXECUTION AUDIT [STRIKE_SELECTED]: trade_id=None, candidate_id=cand_NSE_NIFTYBANK_INDEX_BREAKOUT_57423.65_20260824_152000_Structural_v3.2_RVOL0.8, payload={'symbol': 'NSE:BANKNIFTY26AUG57400CE', 'strike': 57400.0, 'expiry': '26AUG', 'type': 'CE'}
2026-08-25 09:01:56,876 - INFO - 📊 EXECUTION AUDIT [PREMIUM_RETRIEVED]: trade_id=None, candidate_id=cand_NSE_NIFTYBANK_INDEX_BREAKOUT_57423.65_20260824_152000_Structural_v3.2_RVOL0.8, payload={'premium': 170.3, 'bid': 170.2, 'ask': 176.7}
2026-08-25 09:01:56,897 - INFO - 📊 EXECUTION AUDIT [CF_SUBMITTED]: trade_id=None, candidate_id=cand_NSE_NIFTYBANK_INDEX_BREAKOUT_57423.65_20260824_152000_Structural_v3.2_RVOL0.8, payload={'price': 57419.45, 'sl': 57399.875, 'tp': 57615.200000000004}
2026-08-25 09:01:56,914 - INFO - 📊 EXECUTION AUDIT [CF_FILLED]: trade_id=None, candidate_id=cand_NSE_NIFTYBANK_INDEX_BREAKOUT_57423.65_20260824_152000_Structural_v3.2_RVOL0.8, payload={'price': 57419.45, 'sl': 57399.875, 'tp': 57615.200000000004}
2026-08-25 09:01:56,929 - INFO - 💰 Position size [BREAKOUT|GAP_UP_NORMAL|conf=70]: frac=0.003 → ₹5,000 (risk/unit=0.03%)
2026-08-25 09:01:56,960 - INFO - 🟢 ENTRY [CF|Structural_v3.2_RVOL0.8|uctural_v3.2_RVOL0.8]: NSE:NIFTYBANK-INDEX BUY CALL @ 57419.45 | SL: 57399.88 TP: 57615.20
2026-08-25 09:01:56,960 - INFO - 👻 [Structural_v3.3_ExitMgmt] CF BREAKOUT NSE:NIFTYBANK-INDEX BUY CALL | Rejected: ['BIAS_MISMATCH', 'LOW_EFFICIENCY']
2026-08-25 09:01:56,961 - INFO - 📊 EXECUTION AUDIT [SIGNAL_GENERATED]: trade_id=None, candidate_id=cand_NSE_NIFTYBANK_INDEX_BREAKOUT_57423.65_20260824_152000_Structural_v3.3_ExitMgmt, payload={'symbol': 'NSE:NIFTYBANK-INDEX', 'signal': 'BUY CALL', 'strategy': 'BREAKOUT', 'price': 57419.45, 'stop_loss': 57399.875, 'take_profit': 57615.200000000004, 'tp1': 57448.81249999999, 'rr_ratio': 10.0, 'timestamp': '2026-08-24T15:20:00+05:30', 'accepted': False, 'rejection_reasons': ['BIAS_MISMATCH', 'LOW_EFFICIENCY'], 'features': {'date': '2026-08-24', 'strategy_name': 'Structural_v3', 'strategy_version': 'v3.2', 'feature_version': 'v1.1', 'market_regime': 'GAP_UP_NORMAL', 'day_type': 'NORMAL_DAY', 'session_type': 'CLOSE', 'daily_bias': 'NEUTRAL', 'hourly_bias': 'NEUTRAL', 'trend_strength': 0.0, 'rvol': 1.0, 'rvol_threshold': 1.0, 'atr': 39.15, 'distance_from_supply': 454.3, 'distance_from_demand': 417.7, 'nearest_supply_strength': 78.2, 'nearest_demand_strength': 96.6, 'distance_to_liquidity_pool': 417.6999999999971, 'liquidity_score': 10.0, 'indicator_snapshot': {'rvol_tod': 1.0, 'is_compressed': False, 'bos_count': 0}, 'move_efficiency': 0.5068, 'wickiness': 0.4882, 'fft_score': 0.0, 'setup_type': 'BREAKOUT', 'candidate_id': 'cand_NSE_NIFTYBANK_INDEX_BREAKOUT_57423.65_20260824_152000', 'ema20': 57374.09, 'ema50': 57398.93, 'move_efficiency_h1': 0.2451, 'ema_bullish': False, 'rsi14': 67.9, 'rsi2': 50.0, 'distance_to_vwap': -0.0008, 'atr_percentile': 0.6398, 'dist_prev_high': -0.0036, 'dist_prev_low': -0.0022, 'adx': 19.11, 'adx_slope': 2.0805, 'gap_pct': 0.0045, 'regime_primary': 'GAP_UP', 'regime_vol_state': 'NORMAL'}, 'candidate_id': 'cand_NSE_NIFTYBANK_INDEX_BREAKOUT_57423.65_20260824_152000_Structural_v3.3_ExitMgmt', 'experiment_name': 'Structural_v3.3_ExitMgmt', 'strategy_id': 'structural', 'version': 'v3.2'}
2026-08-25 09:01:58,847 - INFO - Resolved active expiry from API: 26AUG
2026-08-25 09:01:59,855 - INFO - Retrieved live premium from Fyers API: LTP=170.3 for NSE:BANKNIFTY26AUG57400CE
2026-08-25 09:01:59,855 - INFO - Resolved index signal into option contract: OptionContract(symbol='NSE:BANKNIFTY26AUG57400CE', strike=57400.0, expiry='26AUG', option_type='CE', premium=170.3, delta=0.5, bid=170.2, ask=176.7, volume=15430320, resolved_at=datetime.datetime(2026, 8, 25, 9, 1, 59, 855934))
2026-08-25 09:01:59,856 - INFO - ⚡ Option strike selection resolved index signal to contract NSE:BANKNIFTY26AUG57400CE @ premium 170.3 (type: CE, strike: 57400.0)
2026-08-25 09:01:59,856 - INFO - 📊 EXECUTION AUDIT [STRIKE_SELECTED]: trade_id=None, candidate_id=cand_NSE_NIFTYBANK_INDEX_BREAKOUT_57423.65_20260824_152000_Structural_v3.3_ExitMgmt, payload={'symbol': 'NSE:BANKNIFTY26AUG57400CE', 'strike': 57400.0, 'expiry': '26AUG', 'type': 'CE'}
2026-08-25 09:01:59,889 - INFO - 📊 EXECUTION AUDIT [PREMIUM_RETRIEVED]: trade_id=None, candidate_id=cand_NSE_NIFTYBANK_INDEX_BREAKOUT_57423.65_20260824_152000_Structural_v3.3_ExitMgmt, payload={'premium': 170.3, 'bid': 170.2, 'ask': 176.7}
2026-08-25 09:01:59,910 - INFO - 📊 EXECUTION AUDIT [CF_SUBMITTED]: trade_id=None, candidate_id=cand_NSE_NIFTYBANK_INDEX_BREAKOUT_57423.65_20260824_152000_Structural_v3.3_ExitMgmt, payload={'price': 57419.45, 'sl': 57399.875, 'tp': 57615.200000000004}
2026-08-25 09:01:59,927 - INFO - 📊 EXECUTION AUDIT [CF_FILLED]: trade_id=None, candidate_id=cand_NSE_NIFTYBANK_INDEX_BREAKOUT_57423.65_20260824_152000_Structural_v3.3_ExitMgmt, payload={'price': 57419.45, 'sl': 57399.875, 'tp': 57615.200000000004}
2026-08-25 09:01:59,941 - INFO - 💰 Position size [BREAKOUT|GAP_UP_NORMAL|conf=70]: frac=0.003 → ₹5,000 (risk/unit=0.03%)
2026-08-25 09:01:59,966 - INFO - 🟢 ENTRY [CF|Structural_v3.3_ExitMgmt|ctural_v3.3_ExitMgmt]: NSE:NIFTYBANK-INDEX BUY CALL @ 57419.45 | SL: 57399.88 TP: 57615.20
2026-08-25 09:01:59,966 - INFO - 👻 [VerticalSpread_v1.0] CF COMBO BEAR_PUT_SPREAD NSE:NIFTYBANK-INDEX BEAR_PUT_SPREAD | Rejected: ['LOW_EFFICIENCY']
2026-08-25 09:02:01,880 - INFO - Resolved active expiry from API: 26AUG
2026-08-25 09:02:02,867 - INFO - Retrieved live premium from Fyers API: LTP=194.9 for NSE:BANKNIFTY26AUG57400PE
2026-08-25 09:02:03,870 - INFO - Retrieved live premium from Fyers API: LTP=102.1 for NSE:BANKNIFTY26AUG57200PE
2026-08-25 09:02:03,870 - INFO - Resolved BEAR_PUT_SPREAD for NSE:NIFTYBANK-INDEX: [('PE', 'BUY', 57400.0), ('PE', 'SELL', 57200.0)] net_premium=94.05 max_loss=94.05
2026-08-25 09:02:03,924 - INFO - 🟢 CF COMBO ENTRY [VerticalSpread_v1.0|_VerticalSpread_v1.0]: NSE:NIFTYBANK-INDEX BEAR_PUT_SPREAD | Net premium: 94.05 | Max loss: 94.05
2026-08-25 09:02:03,924 - INFO - 👻 [Straddle_v1.0_VolCompression] CF COMBO LONG_STRADDLE NSE:NIFTYBANK-INDEX LONG_STRADDLE | Rejected: ['NO_COMPRESSION:0.64']
2026-08-25 09:02:05,896 - INFO - Resolved active expiry from API: 26AUG
2026-08-25 09:02:06,882 - INFO - Retrieved live premium from Fyers API: LTP=170.3 for NSE:BANKNIFTY26AUG57400CE
2026-08-25 09:02:07,887 - INFO - Retrieved live premium from Fyers API: LTP=194.9 for NSE:BANKNIFTY26AUG57400PE
2026-08-25 09:02:07,887 - INFO - Resolved LONG_STRADDLE for NSE:NIFTYBANK-INDEX: [('CE', 'BUY', 57400.0), ('PE', 'BUY', 57400.0)] net_premium=371.60 max_loss=371.60
2026-08-25 09:02:07,943 - INFO - 🟢 CF COMBO ENTRY [Straddle_v1.0_VolCompression|_v1.0_VolCompression]: NSE:NIFTYBANK-INDEX LONG_STRADDLE | Net premium: 371.60 | Max loss: 371.60
2026-08-25 09:02:07,944 - INFO - 👻 [Strangle_v1.0_VolCompression] CF COMBO LONG_STRANGLE NSE:NIFTYBANK-INDEX LONG_STRANGLE | Rejected: ['NO_COMPRESSION:0.64']
2026-08-25 09:02:09,888 - INFO - Resolved active expiry from API: 26AUG
2026-08-25 09:02:10,902 - INFO - Retrieved live premium from Fyers API: LTP=99.5 for NSE:BANKNIFTY26AUG57600CE
2026-08-25 09:02:11,909 - INFO - Retrieved live premium from Fyers API: LTP=102.1 for NSE:BANKNIFTY26AUG57200PE
2026-08-25 09:02:11,909 - INFO - Resolved LONG_STRANGLE for NSE:NIFTYBANK-INDEX: [('CE', 'BUY', 57600.0), ('PE', 'BUY', 57200.0)] net_premium=211.00 max_loss=211.00
2026-08-25 09:02:11,966 - INFO - 🟢 CF COMBO ENTRY [Strangle_v1.0_VolCompression|_v1.0_VolCompression]: NSE:NIFTYBANK-INDEX LONG_STRANGLE | Net premium: 211.00 | Max loss: 211.00
2026-08-25 09:02:11,966 - WARNING - ⚡ [CreditSpread_v1.0_PCRFade] errors: ['OPTIONS_DATA_STALE']
2026-08-25 09:02:11,966 - WARNING - ⚡ [OIWallReaction_v1.0] errors: ['OPTIONS_DATA_STALE']
2026-08-25 09:02:11,966 - WARNING - ⚡ [PCRExtremeReversal_v1.0] errors: ['OPTIONS_DATA_STALE']
2026-08-25 09:02:11,966 - INFO - 🧭 [IronCondor_v1.0] Regime router: NSE:NIFTYBANK-INDEX combo blocked from REAL capital (regime=GAP_UP_NORMAL) — routed to CF
2026-08-25 09:02:13,917 - INFO - Resolved active expiry from API: 26AUG
2026-08-25 09:02:14,908 - INFO - Retrieved live premium from Fyers API: LTP=137.05 for NSE:BANKNIFTY26AUG57300PE
2026-08-25 09:02:16,085 - INFO - Retrieved live premium from Fyers API: LTP=75.35 for NSE:BANKNIFTY26AUG57100PE
2026-08-25 09:02:16,940 - INFO - Retrieved live premium from Fyers API: LTP=134.0 for NSE:BANKNIFTY26AUG57500CE
2026-08-25 09:02:17,938 - INFO - Retrieved live premium from Fyers API: LTP=74.4 for NSE:BANKNIFTY26AUG57700CE
2026-08-25 09:02:17,939 - INFO - Resolved IRON_CONDOR for NSE:NIFTYBANK-INDEX: [('PE', 'SELL', 57300.0), ('PE', 'BUY', 57100.0), ('CE', 'SELL', 57500.0), ('CE', 'BUY', 57700.0)] net_premium=-115.80 max_loss=84.20
2026-08-25 09:02:17,992 - INFO - 🟢 CF COMBO ENTRY [IronCondor_v1.0|0105_IronCondor_v1.0]: NSE:NIFTYBANK-INDEX IRON_CONDOR | Net premium: -115.80 | Max loss: 84.20
2026-08-25 09:02:17,992 - INFO - 🚀 COMBO SIGNAL: NSE:NIFTYBANK-INDEX BUTTERFLY_SPREAD | [Butterfly_v1.0]
2026-08-25 09:02:20,116 - INFO - Resolved active expiry from API: 26AUG
2026-08-25 09:02:20,950 - INFO - Retrieved live premium from Fyers API: LTP=288.35 for NSE:BANKNIFTY26AUG57200CE
2026-08-25 09:02:22,036 - INFO - Retrieved live premium from Fyers API: LTP=170.3 for NSE:BANKNIFTY26AUG57400CE
2026-08-25 09:02:22,966 - INFO - Retrieved live premium from Fyers API: LTP=170.3 for NSE:BANKNIFTY26AUG57400CE
2026-08-25 09:02:23,961 - INFO - Retrieved live premium from Fyers API: LTP=99.5 for NSE:BANKNIFTY26AUG57600CE
2026-08-25 09:02:23,962 - INFO - Resolved BUTTERFLY_SPREAD for NSE:NIFTYBANK-INDEX: [('CE', 'BUY', 57200.0), ('CE', 'SELL', 57400.0), ('CE', 'SELL', 57400.0), ('CE', 'BUY', 57600.0)] net_premium=54.60 max_loss=54.60
2026-08-25 09:02:23,962 - INFO - 💰 Combo lots [BUTTERFLY_SPREAD|GAP_UP_NORMAL|conf=1]: budget=₹188 / max_loss=54.60 → 3 lots
2026-08-25 09:02:24,017 - INFO - 🟢 COMBO ENTRY [Butterfly_v1.0|90105_Butterfly_v1.0]: NSE:NIFTYBANK-INDEX BUTTERFLY_SPREAD | Net premium: 54.60 | Max loss: 54.60
2026-08-25 09:02:24,018 - INFO - 👻 [IronButterfly_v1.0] CF COMBO IRON_BUTTERFLY NSE:NIFTYBANK-INDEX IRON_BUTTERFLY | Rejected: ['HIGH_EFFICIENCY']
2026-08-25 09:02:26,125 - INFO - Resolved active expiry from API: 26AUG
2026-08-25 09:02:26,973 - INFO - Retrieved live premium from Fyers API: LTP=194.9 for NSE:BANKNIFTY26AUG57400PE
2026-08-25 09:02:27,973 - INFO - Retrieved live premium from Fyers API: LTP=170.3 for NSE:BANKNIFTY26AUG57400CE
2026-08-25 09:02:29,004 - INFO - Retrieved live premium from Fyers API: LTP=55.1 for NSE:BANKNIFTY26AUG57000PE
2026-08-25 09:02:29,974 - INFO - Retrieved live premium from Fyers API: LTP=55.6 for NSE:BANKNIFTY26AUG57800CE
2026-08-25 09:02:29,975 - INFO - Resolved IRON_BUTTERFLY for NSE:NIFTYBANK-INDEX: [('PE', 'SELL', 57400.0), ('CE', 'SELL', 57400.0), ('PE', 'BUY', 57000.0), ('CE', 'BUY', 57800.0)] net_premium=-243.10 max_loss=156.90
2026-08-25 09:02:30,030 - INFO - 🟢 CF COMBO ENTRY [IronButterfly_v1.0|5_IronButterfly_v1.0]: NSE:NIFTYBANK-INDEX IRON_BUTTERFLY | Net premium: -243.10 | Max loss: 156.90
2026-08-25 09:02:30,031 - WARNING - ⚡ [OI_Scalping_v1.0] errors: ['INSUFFICIENT_OI_DATA']
2026-08-25 09:02:30,031 - INFO - 👻 [ExpiryAwareTheta_v1.0] CF COMBO IRON_CONDOR NSE:NIFTYBANK-INDEX IRON_CONDOR | Rejected: ['HIGH_RVOL']
2026-08-25 09:02:31,985 - INFO - Resolved active expiry from API: 26AUG
2026-08-25 09:02:32,986 - INFO - Retrieved live premium from Fyers API: LTP=137.05 for NSE:BANKNIFTY26AUG57300PE
2026-08-25 09:02:33,990 - INFO - Retrieved live premium from Fyers API: LTP=26.0 for NSE:BANKNIFTY26AUG56800PE
2026-08-25 09:02:35,159 - INFO - Retrieved live premium from Fyers API: LTP=134.0 for NSE:BANKNIFTY26AUG57500CE
2026-08-25 09:02:35,998 - INFO - Retrieved live premium from Fyers API: LTP=31.0 for NSE:BANKNIFTY26AUG58000CE
2026-08-25 09:02:35,999 - INFO - Resolved IRON_CONDOR for NSE:NIFTYBANK-INDEX: [('PE', 'SELL', 57300.0), ('PE', 'BUY', 56800.0), ('CE', 'SELL', 57500.0), ('CE', 'BUY', 58000.0)] net_premium=-210.60 max_loss=289.40
2026-08-25 09:02:36,053 - INFO - 🟢 CF COMBO ENTRY [ExpiryAwareTheta_v1.0|xpiryAwareTheta_v1.0]: NSE:NIFTYBANK-INDEX IRON_CONDOR | Net premium: -210.60 | Max loss: 289.40
2026-08-25 09:02:36,054 - INFO - ⏱️ [Real-time Exit Loop] Checking open positions @ 09:02:36...
2026-08-25 09:02:38,008 - INFO - 📊 EXECUTION AUDIT [CF_SL_MODIFIED]: trade_id=None, candidate_id=cand_NSE_NIFTYBANK_INDEX_BREAKOUT_57423.65_20260824_152000_Structural_v3.2_RVOL1.0, payload={'price': 57525.95, 'old_sl': 57399.875, 'new_sl': 57506.375, 'old_tp': None, 'new_tp': 57615.200000000004, 'reason': 'TRAILING_SL'}
2026-08-25 09:02:38,080 - INFO - 🟡 UPDATE (TRAILING_SL) [CFStructural_v3.2_RVOL1.0|uctural_v3.2_RVOL1.0]: NSE:NIFTYBANK-INDEX @ 57525.95 | SL→57506.38 TP→57615.20
2026-08-25 09:02:38,080 - INFO - 📊 EXECUTION AUDIT [CF_SL_MODIFIED]: trade_id=None, candidate_id=cand_NSE_NIFTYBANK_INDEX_BREAKOUT_57423.65_20260824_152000_Structural_v3.2_RVOL0.8, payload={'price': 57525.95, 'old_sl': 57399.875, 'new_sl': 57506.375, 'old_tp': None, 'new_tp': 57615.200000000004, 'reason': 'TRAILING_SL'}
2026-08-25 09:02:38,122 - INFO - 🟡 UPDATE (TRAILING_SL) [CFStructural_v3.2_RVOL0.8|uctural_v3.2_RVOL0.8]: NSE:NIFTYBANK-INDEX @ 57525.95 | SL→57506.38 TP→57615.20
2026-08-25 09:02:38,122 - INFO - 📊 EXECUTION AUDIT [CF_SL_MODIFIED]: trade_id=None, candidate_id=cand_NSE_NIFTYBANK_INDEX_BREAKOUT_57423.65_20260824_152000_Structural_v3.3_ExitMgmt, payload={'price': 57525.95, 'old_sl': 57399.875, 'new_sl': 57467.225, 'old_tp': None, 'new_tp': 57615.200000000004, 'reason': 'TRAILING_SL'}
2026-08-25 09:02:38,157 - INFO - 🟡 UPDATE (TRAILING_SL) [CFStructural_v3.3_ExitMgmt|ctural_v3.3_ExitMgmt]: NSE:NIFTYBANK-INDEX @ 57525.95 | SL→57467.22 TP→57615.20
2026-08-25 09:02:39,016 - INFO - Retrieved live premium from Fyers API: LTP=116.8 for NSE:NIFTY26AUG24100CE
2026-08-25 09:02:40,028 - INFO - Retrieved live premium from Fyers API: LTP=57.25 for NSE:NIFTY26AUG24200CE
2026-08-25 09:02:41,031 - INFO - Retrieved live premium from Fyers API: LTP=57.25 for NSE:NIFTY26AUG24200CE
2026-08-25 09:02:42,023 - INFO - Retrieved live premium from Fyers API: LTP=26.3 for NSE:NIFTY26AUG24300CE
2026-08-25 09:02:43,031 - INFO - Retrieved live premium from Fyers API: LTP=288.35 for NSE:BANKNIFTY26AUG57200CE
2026-08-25 09:02:44,035 - INFO - Retrieved live premium from Fyers API: LTP=170.3 for NSE:BANKNIFTY26AUG57400CE
2026-08-25 09:02:45,035 - INFO - Retrieved live premium from Fyers API: LTP=170.3 for NSE:BANKNIFTY26AUG57400CE
2026-08-25 09:02:46,064 - INFO - Retrieved live premium from Fyers API: LTP=99.5 for NSE:BANKNIFTY26AUG57600CE
2026-08-25 09:02:47,054 - INFO - Retrieved live premium from Fyers API: LTP=66.2 for NSE:NIFTY26AUG24200PE
2026-08-25 09:02:48,045 - INFO - Retrieved live premium from Fyers API: LTP=25.3 for NSE:NIFTY26AUG24100PE
2026-08-25 09:02:49,066 - INFO - Retrieved live premium from Fyers API: LTP=57.25 for NSE:NIFTY26AUG24200CE
2026-08-25 09:02:50,066 - INFO - Retrieved live premium from Fyers API: LTP=66.2 for NSE:NIFTY26AUG24200PE
2026-08-25 09:02:51,060 - INFO - Retrieved live premium from Fyers API: LTP=26.3 for NSE:NIFTY26AUG24300CE
2026-08-25 09:02:52,072 - INFO - Retrieved live premium from Fyers API: LTP=25.3 for NSE:NIFTY26AUG24100PE
2026-08-25 09:02:53,228 - INFO - Retrieved live premium from Fyers API: LTP=43.15 for NSE:NIFTY26AUG24150PE
2026-08-25 09:02:54,077 - INFO - Retrieved live premium from Fyers API: LTP=14.55 for NSE:NIFTY26AUG24050PE
2026-08-25 09:02:55,078 - INFO - Retrieved live premium from Fyers API: LTP=38.95 for NSE:NIFTY26AUG24250CE
2026-08-25 09:02:56,078 - INFO - Retrieved live premium from Fyers API: LTP=17.55 for NSE:NIFTY26AUG24350CE
2026-08-25 09:02:57,089 - INFO - Retrieved live premium from Fyers API: LTP=66.2 for NSE:NIFTY26AUG24200PE
2026-08-25 09:02:58,092 - INFO - Retrieved live premium from Fyers API: LTP=57.25 for NSE:NIFTY26AUG24200CE
2026-08-25 09:02:59,089 - INFO - Retrieved live premium from Fyers API: LTP=8.7 for NSE:NIFTY26AUG24000PE
2026-08-25 09:03:00,096 - INFO - Retrieved live premium from Fyers API: LTP=11.15 for NSE:NIFTY26AUG24400CE
2026-08-25 09:03:01,095 - INFO - Retrieved live premium from Fyers API: LTP=43.15 for NSE:NIFTY26AUG24150PE
2026-08-25 09:03:02,104 - INFO - Retrieved live premium from Fyers API: LTP=14.55 for NSE:NIFTY26AUG24050PE
2026-08-25 09:03:03,116 - INFO - Retrieved live premium from Fyers API: LTP=38.95 for NSE:NIFTY26AUG24250CE
2026-08-25 09:03:04,118 - INFO - Retrieved live premium from Fyers API: LTP=17.55 for NSE:NIFTY26AUG24350CE
2026-08-25 09:03:05,121 - INFO - Retrieved live premium from Fyers API: LTP=194.9 for NSE:BANKNIFTY26AUG57400PE
2026-08-25 09:03:06,122 - INFO - Retrieved live premium from Fyers API: LTP=102.1 for NSE:BANKNIFTY26AUG57200PE
2026-08-25 09:03:07,126 - INFO - Retrieved live premium from Fyers API: LTP=170.3 for NSE:BANKNIFTY26AUG57400CE
2026-08-25 09:03:08,295 - INFO - Retrieved live premium from Fyers API: LTP=194.9 for NSE:BANKNIFTY26AUG57400PE
2026-08-25 09:03:09,144 - INFO - Retrieved live premium from Fyers API: LTP=99.5 for NSE:BANKNIFTY26AUG57600CE
2026-08-25 09:03:10,144 - INFO - Retrieved live premium from Fyers API: LTP=102.1 for NSE:BANKNIFTY26AUG57200PE
2026-08-25 09:03:11,143 - INFO - Retrieved live premium from Fyers API: LTP=137.05 for NSE:BANKNIFTY26AUG57300PE
2026-08-25 09:03:12,154 - INFO - Retrieved live premium from Fyers API: LTP=75.35 for NSE:BANKNIFTY26AUG57100PE
2026-08-25 09:03:13,154 - INFO - Retrieved live premium from Fyers API: LTP=134.0 for NSE:BANKNIFTY26AUG57500CE
2026-08-25 09:03:14,161 - INFO - Retrieved live premium from Fyers API: LTP=74.4 for NSE:BANKNIFTY26AUG57700CE
2026-08-25 09:03:15,159 - INFO - Retrieved live premium from Fyers API: LTP=194.9 for NSE:BANKNIFTY26AUG57400PE
2026-08-25 09:03:16,170 - INFO - Retrieved live premium from Fyers API: LTP=170.3 for NSE:BANKNIFTY26AUG57400CE
2026-08-25 09:03:17,176 - INFO - Retrieved live premium from Fyers API: LTP=55.1 for NSE:BANKNIFTY26AUG57000PE
2026-08-25 09:03:18,171 - INFO - Retrieved live premium from Fyers API: LTP=55.6 for NSE:BANKNIFTY26AUG57800CE
2026-08-25 09:03:19,182 - INFO - Retrieved live premium from Fyers API: LTP=137.05 for NSE:BANKNIFTY26AUG57300PE
2026-08-25 09:03:20,187 - INFO - Retrieved live premium from Fyers API: LTP=26.0 for NSE:BANKNIFTY26AUG56800PE
2026-08-25 09:03:21,190 - INFO - Retrieved live premium from Fyers API: LTP=134.0 for NSE:BANKNIFTY26AUG57500CE
2026-08-25 09:03:22,207 - INFO - Retrieved live premium from Fyers API: LTP=31.0 for NSE:BANKNIFTY26AUG58000CE
2026-08-25 09:03:35,244 - INFO - ⏱️ [Real-time Exit Loop] Checking open positions @ 09:03:35...
2026-08-25 09:03:37,355 - INFO - Retrieved live premium from Fyers API: LTP=116.8 for NSE:NIFTY26AUG24100CE
2026-08-25 09:03:38,361 - INFO - Retrieved live premium from Fyers API: LTP=57.25 for NSE:NIFTY26AUG24200CE
2026-08-25 09:03:39,367 - INFO - Retrieved live premium from Fyers API: LTP=57.25 for NSE:NIFTY26AUG24200CE
2026-08-25 09:03:40,367 - INFO - Retrieved live premium from Fyers API: LTP=26.3 for NSE:NIFTY26AUG24300CE
2026-08-25 09:03:41,362 - INFO - Retrieved live premium from Fyers API: LTP=288.35 for NSE:BANKNIFTY26AUG57200CE
2026-08-25 09:03:42,377 - INFO - Retrieved live premium from Fyers API: LTP=170.3 for NSE:BANKNIFTY26AUG57400CE
2026-08-25 09:03:43,367 - INFO - Retrieved live premium from Fyers API: LTP=170.3 for NSE:BANKNIFTY26AUG57400CE
2026-08-25 09:03:44,541 - INFO - Retrieved live premium from Fyers API: LTP=99.5 for NSE:BANKNIFTY26AUG57600CE
2026-08-25 09:03:45,389 - INFO - Retrieved live premium from Fyers API: LTP=66.2 for NSE:NIFTY26AUG24200PE
2026-08-25 09:03:46,530 - INFO - Retrieved live premium from Fyers API: LTP=25.3 for NSE:NIFTY26AUG24100PE
2026-08-25 09:03:47,394 - INFO - Retrieved live premium from Fyers API: LTP=57.25 for NSE:NIFTY26AUG24200CE
2026-08-25 09:03:48,393 - INFO - Retrieved live premium from Fyers API: LTP=66.2 for NSE:NIFTY26AUG24200PE
2026-08-25 09:03:49,393 - INFO - Retrieved live premium from Fyers API: LTP=26.3 for NSE:NIFTY26AUG24300CE
2026-08-25 09:03:50,399 - INFO - Retrieved live premium from Fyers API: LTP=25.3 for NSE:NIFTY26AUG24100PE
2026-08-25 09:03:51,384 - INFO - Retrieved live premium from Fyers API: LTP=43.15 for NSE:NIFTY26AUG24150PE
2026-08-25 09:03:52,397 - INFO - Retrieved live premium from Fyers API: LTP=14.55 for NSE:NIFTY26AUG24050PE
2026-08-25 09:03:53,639 - INFO - Retrieved live premium from Fyers API: LTP=38.95 for NSE:NIFTY26AUG24250CE
2026-08-25 09:03:54,734 - INFO - Retrieved live premium from Fyers API: LTP=17.55 for NSE:NIFTY26AUG24350CE
2026-08-25 09:03:55,410 - INFO - Retrieved live premium from Fyers API: LTP=66.2 for NSE:NIFTY26AUG24200PE
2026-08-25 09:03:56,409 - INFO - Retrieved live premium from Fyers API: LTP=57.25 for NSE:NIFTY26AUG24200CE
2026-08-25 09:03:57,586 - INFO - Retrieved live premium from Fyers API: LTP=8.7 for NSE:NIFTY26AUG24000PE
2026-08-25 09:03:58,430 - INFO - Retrieved live premium from Fyers API: LTP=11.15 for NSE:NIFTY26AUG24400CE
2026-08-25 09:03:59,440 - INFO - Retrieved live premium from Fyers API: LTP=43.15 for NSE:NIFTY26AUG24150PE
2026-08-25 09:04:00,426 - INFO - Retrieved live premium from Fyers API: LTP=14.55 for NSE:NIFTY26AUG24050PE
2026-08-25 09:04:01,416 - INFO - Retrieved live premium from Fyers API: LTP=38.95 for NSE:NIFTY26AUG24250CE
2026-08-25 09:04:02,443 - INFO - Retrieved live premium from Fyers API: LTP=17.55 for NSE:NIFTY26AUG24350CE
2026-08-25 09:04:03,440 - INFO - Retrieved live premium from Fyers API: LTP=194.9 for NSE:BANKNIFTY26AUG57400PE
2026-08-25 09:04:04,444 - INFO - Retrieved live premium from Fyers API: LTP=102.1 for NSE:BANKNIFTY26AUG57200PE
2026-08-25 09:04:05,445 - INFO - Retrieved live premium from Fyers API: LTP=170.3 for NSE:BANKNIFTY26AUG57400CE
2026-08-25 09:04:06,441 - INFO - Retrieved live premium from Fyers API: LTP=194.9 for NSE:BANKNIFTY26AUG57400PE
2026-08-25 09:04:07,481 - INFO - Retrieved live premium from Fyers API: LTP=99.5 for NSE:BANKNIFTY26AUG57600CE
2026-08-25 09:04:08,463 - INFO - Retrieved live premium from Fyers API: LTP=102.1 for NSE:BANKNIFTY26AUG57200PE
2026-08-25 09:04:09,464 - INFO - Retrieved live premium from Fyers API: LTP=137.05 for NSE:BANKNIFTY26AUG57300PE
2026-08-25 09:04:10,637 - INFO - Retrieved live premium from Fyers API: LTP=75.35 for NSE:BANKNIFTY26AUG57100PE
2026-08-25 09:04:11,465 - INFO - Retrieved live premium from Fyers API: LTP=134.0 for NSE:BANKNIFTY26AUG57500CE
2026-08-25 09:04:12,480 - INFO - Retrieved live premium from Fyers API: LTP=74.4 for NSE:BANKNIFTY26AUG57700CE
2026-08-25 09:04:13,488 - INFO - Retrieved live premium from Fyers API: LTP=194.9 for NSE:BANKNIFTY26AUG57400PE
2026-08-25 09:04:14,492 - INFO - Retrieved live premium from Fyers API: LTP=170.3 for NSE:BANKNIFTY26AUG57400CE
2026-08-25 09:04:15,494 - INFO - Retrieved live premium from Fyers API: LTP=55.1 for NSE:BANKNIFTY26AUG57000PE
2026-08-25 09:04:16,485 - INFO - Retrieved live premium from Fyers API: LTP=55.6 for NSE:BANKNIFTY26AUG57800CE
2026-08-25 09:04:17,491 - INFO - Retrieved live premium from Fyers API: LTP=137.05 for NSE:BANKNIFTY26AUG57300PE
2026-08-25 09:04:18,660 - INFO - Retrieved live premium from Fyers API: LTP=26.0 for NSE:BANKNIFTY26AUG56800PE
2026-08-25 09:04:19,507 - INFO - Retrieved live premium from Fyers API: LTP=134.0 for NSE:BANKNIFTY26AUG57500CE
2026-08-25 09:04:20,511 - INFO - Retrieved live premium from Fyers API: LTP=31.0 for NSE:BANKNIFTY26AUG58000CE
2026-08-25 09:04:35,549 - INFO - ⏱️ [Real-time Exit Loop] Checking open positions @ 09:04:35...
2026-08-25 09:04:37,829 - INFO - Retrieved live premium from Fyers API: LTP=116.8 for NSE:NIFTY26AUG24100CE
2026-08-25 09:04:38,662 - INFO - Retrieved live premium from Fyers API: LTP=57.25 for NSE:NIFTY26AUG24200CE
2026-08-25 09:04:39,670 - INFO - Retrieved live premium from Fyers API: LTP=57.25 for NSE:NIFTY26AUG24200CE
2026-08-25 09:04:40,832 - INFO - Retrieved live premium from Fyers API: LTP=26.3 for NSE:NIFTY26AUG24300CE
2026-08-25 09:04:41,662 - INFO - Retrieved live premium from Fyers API: LTP=288.35 for NSE:BANKNIFTY26AUG57200CE
2026-08-25 09:04:42,679 - INFO - Retrieved live premium from Fyers API: LTP=170.3 for NSE:BANKNIFTY26AUG57400CE
2026-08-25 09:04:43,674 - INFO - Retrieved live premium from Fyers API: LTP=170.3 for NSE:BANKNIFTY26AUG57400CE
2026-08-25 09:04:44,673 - INFO - Retrieved live premium from Fyers API: LTP=99.5 for NSE:BANKNIFTY26AUG57600CE
2026-08-25 09:04:45,685 - INFO - Retrieved live premium from Fyers API: LTP=66.2 for NSE:NIFTY26AUG24200PE
2026-08-25 09:04:46,676 - INFO - Retrieved live premium from Fyers API: LTP=25.3 for NSE:NIFTY26AUG24100PE
2026-08-25 09:04:47,693 - INFO - Retrieved live premium from Fyers API: LTP=57.25 for NSE:NIFTY26AUG24200CE
2026-08-25 09:04:48,693 - INFO - Retrieved live premium from Fyers API: LTP=66.2 for NSE:NIFTY26AUG24200PE
2026-08-25 09:04:49,693 - INFO - Retrieved live premium from Fyers API: LTP=26.3 for NSE:NIFTY26AUG24300CE
2026-08-25 09:04:50,698 - INFO - Retrieved live premium from Fyers API: LTP=25.3 for NSE:NIFTY26AUG24100PE
2026-08-25 09:04:51,698 - INFO - Retrieved live premium from Fyers API: LTP=43.15 for NSE:NIFTY26AUG24150PE
2026-08-25 09:04:52,718 - INFO - Retrieved live premium from Fyers API: LTP=14.55 for NSE:NIFTY26AUG24050PE
2026-08-25 09:04:53,711 - INFO - Retrieved live premium from Fyers API: LTP=38.95 for NSE:NIFTY26AUG24250CE
2026-08-25 09:04:54,735 - INFO - Retrieved live premium from Fyers API: LTP=17.55 for NSE:NIFTY26AUG24350CE
2026-08-25 09:04:55,735 - INFO - Retrieved live premium from Fyers API: LTP=66.2 for NSE:NIFTY26AUG24200PE
2026-08-25 09:04:56,718 - INFO - Retrieved live premium from Fyers API: LTP=57.25 for NSE:NIFTY26AUG24200CE
2026-08-25 09:04:57,740 - INFO - Retrieved live premium from Fyers API: LTP=8.7 for NSE:NIFTY26AUG24000PE
2026-08-25 09:04:58,736 - INFO - Retrieved live premium from Fyers API: LTP=11.15 for NSE:NIFTY26AUG24400CE
2026-08-25 09:04:59,744 - INFO - Retrieved live premium from Fyers API: LTP=43.15 for NSE:NIFTY26AUG24150PE
2026-08-25 09:05:00,751 - INFO - Retrieved live premium from Fyers API: LTP=14.55 for NSE:NIFTY26AUG24050PE
2026-08-25 09:05:01,733 - INFO - Retrieved live premium from Fyers API: LTP=38.95 for NSE:NIFTY26AUG24250CE
2026-08-25 09:05:02,760 - INFO - Retrieved live premium from Fyers API: LTP=17.55 for NSE:NIFTY26AUG24350CE
2026-08-25 09:05:03,768 - INFO - Retrieved live premium from Fyers API: LTP=194.9 for NSE:BANKNIFTY26AUG57400PE
2026-08-25 09:05:04,772 - INFO - Retrieved live premium from Fyers API: LTP=102.1 for NSE:BANKNIFTY26AUG57200PE
2026-08-25 09:05:05,769 - INFO - Retrieved live premium from Fyers API: LTP=170.3 for NSE:BANKNIFTY26AUG57400CE
2026-08-25 09:05:06,845 - INFO - Retrieved live premium from Fyers API: LTP=194.9 for NSE:BANKNIFTY26AUG57400PE
2026-08-25 09:05:07,772 - INFO - Retrieved live premium from Fyers API: LTP=99.5 for NSE:BANKNIFTY26AUG57600CE
2026-08-25 09:05:09,027 - INFO - Retrieved live premium from Fyers API: LTP=102.1 for NSE:BANKNIFTY26AUG57200PE
2026-08-25 09:05:09,814 - INFO - Retrieved live premium from Fyers API: LTP=137.05 for NSE:BANKNIFTY26AUG57300PE
2026-08-25 09:05:10,794 - INFO - Retrieved live premium from Fyers API: LTP=75.35 for NSE:BANKNIFTY26AUG57100PE
2026-08-25 09:05:11,797 - INFO - Retrieved live premium from Fyers API: LTP=134.0 for NSE:BANKNIFTY26AUG57500CE
2026-08-25 09:05:12,800 - INFO - Retrieved live premium from Fyers API: LTP=74.4 for NSE:BANKNIFTY26AUG57700CE
2026-08-25 09:05:13,812 - INFO - Retrieved live premium from Fyers API: LTP=194.9 for NSE:BANKNIFTY26AUG57400PE
2026-08-25 09:05:14,816 - INFO - Retrieved live premium from Fyers API: LTP=170.3 for NSE:BANKNIFTY26AUG57400CE
2026-08-25 09:05:15,818 - INFO - Retrieved live premium from Fyers API: LTP=55.1 for NSE:BANKNIFTY26AUG57000PE
2026-08-25 09:05:16,819 - INFO - Retrieved live premium from Fyers API: LTP=55.6 for NSE:BANKNIFTY26AUG57800CE
2026-08-25 09:05:17,826 - INFO - Retrieved live premium from Fyers API: LTP=137.05 for NSE:BANKNIFTY26AUG57300PE
2026-08-25 09:05:19,009 - INFO - Retrieved live premium from Fyers API: LTP=26.0 for NSE:BANKNIFTY26AUG56800PE
2026-08-25 09:05:19,840 - INFO - Retrieved live premium from Fyers API: LTP=134.0 for NSE:BANKNIFTY26AUG57500CE
2026-08-25 09:05:20,840 - INFO - Retrieved live premium from Fyers API: LTP=31.0 for NSE:BANKNIFTY26AUG58000CE
2026-08-25 09:05:35,880 - INFO - 🔔 [New Candle Closed] Running entry pipeline for candle 09:05 at 09:05:35...
2026-08-25 09:05:35,881 - INFO - --- 09:05:35 Market Pulse ---
2026-08-25 09:05:43,022 - INFO - 📊 EXECUTION AUDIT [CF_EXITED]: trade_id=None, candidate_id=cand_NSE_NIFTYBANK_INDEX_BREAKOUT_57423.65_20260824_152000_Structural_v3.2_RVOL1.0, payload={'exit_price': 57419.45, 'exit_reason': 'TRAILING_SL', 'pnl_r': -0.03678551216751556, 'duration_minutes': 4.514153433333333, 'bars_held': 1}
2026-08-25 09:05:43,103 - INFO - 🔴 EXIT (TRAILING_SL) [CFStructural_v3.2_RVOL1.0|uctural_v3.2_RVOL1.0]: NSE:NIFTYBANK-INDEX @ 57419.45 | PnL -0.04R | MFE 5.44R | Capture -1% | 1bars HoldEff -0.037R/bar
2026-08-25 09:05:43,104 - INFO - 📊 EXECUTION AUDIT [CF_EXITED]: trade_id=None, candidate_id=cand_NSE_NIFTYBANK_INDEX_BREAKOUT_57423.65_20260824_152000_Structural_v3.2_RVOL0.8, payload={'exit_price': 57419.45, 'exit_reason': 'TRAILING_SL', 'pnl_r': -0.03678551216751556, 'duration_minutes': 4.514153433333333, 'bars_held': 1}
2026-08-25 09:05:43,212 - INFO - 🔴 EXIT (TRAILING_SL) [CFStructural_v3.2_RVOL0.8|uctural_v3.2_RVOL0.8]: NSE:NIFTYBANK-INDEX @ 57419.45 | PnL -0.04R | MFE 5.44R | Capture -1% | 1bars HoldEff -0.037R/bar
2026-08-25 09:05:43,212 - INFO - 📊 EXECUTION AUDIT [CF_EXITED]: trade_id=None, candidate_id=cand_NSE_NIFTYBANK_INDEX_BREAKOUT_57423.65_20260824_152000_Structural_v3.3_ExitMgmt, payload={'exit_price': 57419.45, 'exit_reason': 'TRAILING_SL', 'pnl_r': -0.03678551216751556, 'duration_minutes': 4.514153433333333, 'bars_held': 1}
2026-08-25 09:05:43,252 - INFO - 🔴 EXIT (TRAILING_SL) [CFStructural_v3.3_ExitMgmt|ctural_v3.3_ExitMgmt]: NSE:NIFTYBANK-INDEX @ 57419.45 | PnL -0.04R | MFE 5.44R | Capture -1% | 1bars HoldEff -0.037R/bar
2026-08-25 09:05:44,010 - INFO - Retrieved live premium from Fyers API: LTP=116.8 for NSE:NIFTY26AUG24100CE
2026-08-25 09:05:45,013 - INFO - Retrieved live premium from Fyers API: LTP=57.25 for NSE:NIFTY26AUG24200CE
2026-08-25 09:05:46,026 - INFO - Retrieved live premium from Fyers API: LTP=57.25 for NSE:NIFTY26AUG24200CE
2026-08-25 09:05:47,005 - INFO - Retrieved live premium from Fyers API: LTP=26.3 for NSE:NIFTY26AUG24300CE
2026-08-25 09:05:48,030 - INFO - Retrieved live premium from Fyers API: LTP=288.35 for NSE:BANKNIFTY26AUG57200CE
2026-08-25 09:05:49,026 - INFO - Retrieved live premium from Fyers API: LTP=170.3 for NSE:BANKNIFTY26AUG57400CE
2026-08-25 09:05:50,034 - INFO - Retrieved live premium from Fyers API: LTP=170.3 for NSE:BANKNIFTY26AUG57400CE
2026-08-25 09:05:51,043 - INFO - Retrieved live premium from Fyers API: LTP=99.5 for NSE:BANKNIFTY26AUG57600CE
2026-08-25 09:05:52,208 - INFO - Retrieved live premium from Fyers API: LTP=66.2 for NSE:NIFTY26AUG24200PE
2026-08-25 09:05:53,067 - INFO - Retrieved live premium from Fyers API: LTP=25.3 for NSE:NIFTY26AUG24100PE
2026-08-25 09:05:54,070 - INFO - Retrieved live premium from Fyers API: LTP=57.25 for NSE:NIFTY26AUG24200CE
2026-08-25 09:05:55,082 - INFO - Retrieved live premium from Fyers API: LTP=66.2 for NSE:NIFTY26AUG24200PE
2026-08-25 09:05:56,086 - INFO - Retrieved live premium from Fyers API: LTP=26.3 for NSE:NIFTY26AUG24300CE
2026-08-25 09:05:57,074 - INFO - Retrieved live premium from Fyers API: LTP=25.3 for NSE:NIFTY26AUG24100PE
2026-08-25 09:05:58,092 - INFO - Retrieved live premium from Fyers API: LTP=43.15 for NSE:NIFTY26AUG24150PE
2026-08-25 09:05:59,092 - INFO - Retrieved live premium from Fyers API: LTP=14.55 for NSE:NIFTY26AUG24050PE
2026-08-25 09:06:00,100 - INFO - Retrieved live premium from Fyers API: LTP=38.95 for NSE:NIFTY26AUG24250CE
2026-08-25 09:06:01,102 - INFO - Retrieved live premium from Fyers API: LTP=17.55 for NSE:NIFTY26AUG24350CE
2026-08-25 09:06:02,095 - INFO - Retrieved live premium from Fyers API: LTP=66.2 for NSE:NIFTY26AUG24200PE
2026-08-25 09:06:03,286 - INFO - Retrieved live premium from Fyers API: LTP=57.25 for NSE:NIFTY26AUG24200CE
2026-08-25 09:06:04,137 - INFO - Retrieved live premium from Fyers API: LTP=8.7 for NSE:NIFTY26AUG24000PE
2026-08-25 09:06:05,148 - INFO - Retrieved live premium from Fyers API: LTP=11.15 for NSE:NIFTY26AUG24400CE
2026-08-25 09:06:06,149 - INFO - Retrieved live premium from Fyers API: LTP=43.15 for NSE:NIFTY26AUG24150PE
2026-08-25 09:06:07,147 - INFO - Retrieved live premium from Fyers API: LTP=14.55 for NSE:NIFTY26AUG24050PE
2026-08-25 09:06:08,165 - INFO - Retrieved live premium from Fyers API: LTP=38.95 for NSE:NIFTY26AUG24250CE
2026-08-25 09:06:09,179 - INFO - Retrieved live premium from Fyers API: LTP=17.55 for NSE:NIFTY26AUG24350CE
2026-08-25 09:06:10,340 - INFO - Retrieved live premium from Fyers API: LTP=194.9 for NSE:BANKNIFTY26AUG57400PE
2026-08-25 09:06:11,179 - INFO - Retrieved live premium from Fyers API: LTP=102.1 for NSE:BANKNIFTY26AUG57200PE
2026-08-25 09:06:12,344 - INFO - Retrieved live premium from Fyers API: LTP=170.3 for NSE:BANKNIFTY26AUG57400CE
2026-08-25 09:06:13,197 - INFO - Retrieved live premium from Fyers API: LTP=194.9 for NSE:BANKNIFTY26AUG57400PE
2026-08-25 09:06:14,202 - INFO - Retrieved live premium from Fyers API: LTP=99.5 for NSE:BANKNIFTY26AUG57600CE
2026-08-25 09:06:15,206 - INFO - Retrieved live premium from Fyers API: LTP=102.1 for NSE:BANKNIFTY26AUG57200PE
2026-08-25 09:06:16,224 - INFO - Retrieved live premium from Fyers API: LTP=137.05 for NSE:BANKNIFTY26AUG57300PE
2026-08-25 09:06:17,214 - INFO - Retrieved live premium from Fyers API: LTP=75.35 for NSE:BANKNIFTY26AUG57100PE
2026-08-25 09:06:18,394 - INFO - Retrieved live premium from Fyers API: LTP=134.0 for NSE:BANKNIFTY26AUG57500CE
2026-08-25 09:06:19,243 - INFO - Retrieved live premium from Fyers API: LTP=74.4 for NSE:BANKNIFTY26AUG57700CE
2026-08-25 09:06:20,250 - INFO - Retrieved live premium from Fyers API: LTP=194.9 for NSE:BANKNIFTY26AUG57400PE
2026-08-25 09:06:21,264 - INFO - Retrieved live premium from Fyers API: LTP=170.3 for NSE:BANKNIFTY26AUG57400CE
2026-08-25 09:06:22,265 - INFO - Retrieved live premium from Fyers API: LTP=55.1 for NSE:BANKNIFTY26AUG57000PE
2026-08-25 09:06:23,268 - INFO - Retrieved live premium from Fyers API: LTP=55.6 for NSE:BANKNIFTY26AUG57800CE
2026-08-25 09:06:24,274 - INFO - Retrieved live premium from Fyers API: LTP=137.05 for NSE:BANKNIFTY26AUG57300PE
2026-08-25 09:06:25,446 - INFO - Retrieved live premium from Fyers API: LTP=26.0 for NSE:BANKNIFTY26AUG56800PE
2026-08-25 09:06:26,293 - INFO - Retrieved live premium from Fyers API: LTP=134.0 for NSE:BANKNIFTY26AUG57500CE
2026-08-25 09:06:27,308 - INFO - Retrieved live premium from Fyers API: LTP=31.0 for NSE:BANKNIFTY26AUG58000CE
2026-08-25 09:06:28,951 - WARNING - ⚡ [CreditSpread_v1.0_PCRFade] errors: ['OPTIONS_DATA_STALE'] (0.0ms)
2026-08-25 09:06:28,951 - WARNING - ⚡ [OIWallReaction_v1.0] errors: ['OPTIONS_DATA_STALE'] (0.0ms)
2026-08-25 09:06:28,951 - WARNING - ⚡ [PCRExtremeReversal_v1.0] errors: ['OPTIONS_DATA_STALE'] (0.0ms)
2026-08-25 09:06:28,951 - WARNING - ⚡ [OI_Scalping_v1.0] errors: ['INSUFFICIENT_OI_DATA'] (0.0ms)
2026-08-25 09:06:28,963 - WARNING - [ExpiryResolver] Both DB and API failed for NSE:NIFTY50-INDEX. Falling back to dynamically computed expiry: 26901 (2026-09-01)
2026-08-25 09:06:28,964 - WARNING - ⚡ [CreditSpread_v1.0_PCRFade] errors: ['OPTIONS_DATA_STALE']
2026-08-25 09:06:28,964 - WARNING - ⚡ [OIWallReaction_v1.0] errors: ['OPTIONS_DATA_STALE']
2026-08-25 09:06:28,964 - WARNING - ⚡ [PCRExtremeReversal_v1.0] errors: ['OPTIONS_DATA_STALE']
2026-08-25 09:06:28,964 - INFO - 🧭 [IronCondor_v1.0] Regime router: NSE:NIFTY50-INDEX combo blocked from REAL capital (regime=WEAK_TREND_DOWN_NORMAL) — routed to CF
2026-08-25 09:06:30,080 - INFO - Resolved active expiry from API: 26AUG
2026-08-25 09:06:31,084 - INFO - Retrieved live premium from Fyers API: LTP=43.15 for NSE:NIFTY26AUG24150PE
2026-08-25 09:06:32,248 - INFO - Retrieved live premium from Fyers API: LTP=14.55 for NSE:NIFTY26AUG24050PE
2026-08-25 09:06:33,103 - INFO - Retrieved live premium from Fyers API: LTP=38.95 for NSE:NIFTY26AUG24250CE
2026-08-25 09:06:34,120 - INFO - Retrieved live premium from Fyers API: LTP=17.55 for NSE:NIFTY26AUG24350CE
2026-08-25 09:06:34,121 - INFO - Resolved IRON_CONDOR for NSE:NIFTY50-INDEX: [('PE', 'SELL', 24150.0), ('PE', 'BUY', 24050.0), ('CE', 'SELL', 24250.0), ('CE', 'BUY', 24350.0)] net_premium=-49.15 max_loss=50.85
2026-08-25 09:06:34,178 - INFO - 🟢 CF COMBO ENTRY [IronCondor_v1.0|0535_IronCondor_v1.0]: NSE:NIFTY50-INDEX IRON_CONDOR | Net premium: -49.15 | Max loss: 50.85
2026-08-25 09:06:34,178 - INFO - 🧭 [IronButterfly_v1.0] Regime router: NSE:NIFTY50-INDEX combo blocked from REAL capital (regime=WEAK_TREND_DOWN_NORMAL) — routed to CF
2026-08-25 09:06:36,123 - INFO - Resolved active expiry from API: 26AUG
2026-08-25 09:06:37,111 - INFO - Retrieved live premium from Fyers API: LTP=66.2 for NSE:NIFTY26AUG24200PE
2026-08-25 09:06:38,141 - INFO - Retrieved live premium from Fyers API: LTP=57.25 for NSE:NIFTY26AUG24200CE
2026-08-25 09:06:39,156 - INFO - Retrieved live premium from Fyers API: LTP=8.7 for NSE:NIFTY26AUG24000PE
2026-08-25 09:06:40,158 - INFO - Retrieved live premium from Fyers API: LTP=11.15 for NSE:NIFTY26AUG24400CE
2026-08-25 09:06:40,158 - INFO - Resolved IRON_BUTTERFLY for NSE:NIFTY50-INDEX: [('PE', 'SELL', 24200.0), ('CE', 'SELL', 24200.0), ('PE', 'BUY', 24000.0), ('CE', 'BUY', 24400.0)] net_premium=-103.35 max_loss=96.65
2026-08-25 09:06:40,216 - INFO - 🟢 CF COMBO ENTRY [IronButterfly_v1.0|5_IronButterfly_v1.0]: NSE:NIFTY50-INDEX IRON_BUTTERFLY | Net premium: -103.35 | Max loss: 96.65
2026-08-25 09:06:40,217 - WARNING - ⚡ [OI_Scalping_v1.0] errors: ['INSUFFICIENT_OI_DATA']
2026-08-25 09:06:40,217 - INFO - 🧭 [ExpiryAwareTheta_v1.0] Regime router: NSE:NIFTY50-INDEX combo blocked from REAL capital (regime=WEAK_TREND_DOWN_NORMAL) — routed to CF
2026-08-25 09:06:42,162 - INFO - Resolved active expiry from API: 26AUG
2026-08-25 09:06:43,192 - INFO - Retrieved live premium from Fyers API: LTP=43.15 for NSE:NIFTY26AUG24150PE
2026-08-25 09:06:44,194 - INFO - Retrieved live premium from Fyers API: LTP=14.55 for NSE:NIFTY26AUG24050PE
2026-08-25 09:06:45,205 - INFO - Retrieved live premium from Fyers API: LTP=38.95 for NSE:NIFTY26AUG24250CE
2026-08-25 09:06:46,212 - INFO - Retrieved live premium from Fyers API: LTP=17.55 for NSE:NIFTY26AUG24350CE
2026-08-25 09:06:46,213 - INFO - Resolved IRON_CONDOR for NSE:NIFTY50-INDEX: [('PE', 'SELL', 24150.0), ('PE', 'BUY', 24050.0), ('CE', 'SELL', 24250.0), ('CE', 'BUY', 24350.0)] net_premium=-49.15 max_loss=50.85
2026-08-25 09:06:46,269 - INFO - 🟢 CF COMBO ENTRY [ExpiryAwareTheta_v1.0|xpiryAwareTheta_v1.0]: NSE:NIFTY50-INDEX IRON_CONDOR | Net premium: -49.15 | Max loss: 50.85
2026-08-25 09:06:47,608 - WARNING - ⚡ [CreditSpread_v1.0_PCRFade] errors: ['OPTIONS_DATA_STALE'] (0.0ms)
2026-08-25 09:06:47,608 - WARNING - ⚡ [OIWallReaction_v1.0] errors: ['OPTIONS_DATA_STALE'] (0.0ms)
2026-08-25 09:06:47,608 - WARNING - ⚡ [PCRExtremeReversal_v1.0] errors: ['OPTIONS_DATA_STALE'] (0.0ms)
2026-08-25 09:06:47,608 - WARNING - ⚡ [OI_Scalping_v1.0] errors: ['INSUFFICIENT_OI_DATA'] (0.0ms)
2026-08-25 09:06:47,620 - WARNING - [ExpiryResolver] Both DB and API failed for NSE:NIFTYBANK-INDEX. Falling back to dynamically computed expiry: 26AUG (2026-08-25)
2026-08-25 09:06:47,621 - INFO - 👻 [Structural_v3.2_RVOL1.0] CF BREAKOUT NSE:NIFTYBANK-INDEX BUY CALL | Rejected: ['BIAS_MISMATCH', 'LOW_EFFICIENCY']
2026-08-25 09:06:47,621 - INFO - 📊 EXECUTION AUDIT [SIGNAL_GENERATED]: trade_id=None, candidate_id=cand_NSE_NIFTYBANK_INDEX_BREAKOUT_57423.65_20260824_152000_Structural_v3.2_RVOL1.0, payload={'symbol': 'NSE:NIFTYBANK-INDEX', 'signal': 'BUY CALL', 'strategy': 'BREAKOUT', 'price': 57419.45, 'stop_loss': 57399.875, 'take_profit': 57615.200000000004, 'tp1': 57448.81249999999, 'rr_ratio': 10.0, 'timestamp': '2026-08-24T15:20:00+05:30', 'accepted': False, 'rejection_reasons': ['BIAS_MISMATCH', 'LOW_EFFICIENCY'], 'features': {'date': '2026-08-24', 'strategy_name': 'Structural_v3', 'strategy_version': 'v3.2', 'feature_version': 'v1.1', 'market_regime': 'GAP_UP_NORMAL', 'day_type': 'NORMAL_DAY', 'session_type': 'CLOSE', 'daily_bias': 'NEUTRAL', 'hourly_bias': 'NEUTRAL', 'trend_strength': 0.0, 'rvol': 1.0, 'rvol_threshold': 1.0, 'atr': 39.15, 'distance_from_supply': 454.3, 'distance_from_demand': 417.7, 'nearest_supply_strength': 78.2, 'nearest_demand_strength': 96.6, 'distance_to_liquidity_pool': 417.6999999999971, 'liquidity_score': 10.0, 'indicator_snapshot': {'rvol_tod': 1.0, 'is_compressed': False, 'bos_count': 0}, 'move_efficiency': 0.5068, 'wickiness': 0.4882, 'fft_score': 0.0, 'setup_type': 'BREAKOUT', 'candidate_id': 'cand_NSE_NIFTYBANK_INDEX_BREAKOUT_57423.65_20260824_152000', 'ema20': 57374.09, 'ema50': 57398.93, 'move_efficiency_h1': 0.2451, 'ema_bullish': False, 'rsi14': 67.9, 'rsi2': 50.0, 'distance_to_vwap': -0.0008, 'atr_percentile': 0.6398, 'dist_prev_high': -0.0036, 'dist_prev_low': -0.0022, 'adx': 19.11, 'adx_slope': 2.0805, 'gap_pct': 0.0045, 'regime_primary': 'GAP_UP', 'regime_vol_state': 'NORMAL'}, 'candidate_id': 'cand_NSE_NIFTYBANK_INDEX_BREAKOUT_57423.65_20260824_152000_Structural_v3.2_RVOL1.0', 'experiment_name': 'Structural_v3.2_RVOL1.0', 'strategy_id': 'structural', 'version': 'v3.2'}
2026-08-25 09:06:48,748 - INFO - Resolved active expiry from API: 26AUG
2026-08-25 09:06:49,756 - INFO - Retrieved live premium from Fyers API: LTP=170.3 for NSE:BANKNIFTY26AUG57400CE
2026-08-25 09:06:49,756 - INFO - Resolved index signal into option contract: OptionContract(symbol='NSE:BANKNIFTY26AUG57400CE', strike=57400.0, expiry='26AUG', option_type='CE', premium=170.3, delta=0.5, bid=170.2, ask=176.7, volume=15430320, resolved_at=datetime.datetime(2026, 8, 25, 9, 6, 49, 756724))
2026-08-25 09:06:49,756 - INFO - ⚡ Option strike selection resolved index signal to contract NSE:BANKNIFTY26AUG57400CE @ premium 170.3 (type: CE, strike: 57400.0)
2026-08-25 09:06:49,757 - INFO - 📊 EXECUTION AUDIT [STRIKE_SELECTED]: trade_id=None, candidate_id=cand_NSE_NIFTYBANK_INDEX_BREAKOUT_57423.65_20260824_152000_Structural_v3.2_RVOL1.0, payload={'symbol': 'NSE:BANKNIFTY26AUG57400CE', 'strike': 57400.0, 'expiry': '26AUG', 'type': 'CE'}
2026-08-25 09:06:49,789 - INFO - 📊 EXECUTION AUDIT [PREMIUM_RETRIEVED]: trade_id=None, candidate_id=cand_NSE_NIFTYBANK_INDEX_BREAKOUT_57423.65_20260824_152000_Structural_v3.2_RVOL1.0, payload={'premium': 170.3, 'bid': 170.2, 'ask': 176.7}
2026-08-25 09:06:49,812 - INFO - 📊 EXECUTION AUDIT [CF_SUBMITTED]: trade_id=None, candidate_id=cand_NSE_NIFTYBANK_INDEX_BREAKOUT_57423.65_20260824_152000_Structural_v3.2_RVOL1.0, payload={'price': 57419.45, 'sl': 57399.875, 'tp': 57615.200000000004}
2026-08-25 09:06:49,831 - INFO - 📊 EXECUTION AUDIT [CF_FILLED]: trade_id=None, candidate_id=cand_NSE_NIFTYBANK_INDEX_BREAKOUT_57423.65_20260824_152000_Structural_v3.2_RVOL1.0, payload={'price': 57419.45, 'sl': 57399.875, 'tp': 57615.200000000004}
2026-08-25 09:06:49,847 - INFO - 💰 Position size [BREAKOUT|GAP_UP_NORMAL|conf=70]: frac=0.003 → ₹5,000 (risk/unit=0.03%)
2026-08-25 09:06:49,877 - INFO - 🟢 ENTRY [CF|Structural_v3.2_RVOL1.0|uctural_v3.2_RVOL1.0]: NSE:NIFTYBANK-INDEX BUY CALL @ 57419.45 | SL: 57399.88 TP: 57615.20
2026-08-25 09:06:49,878 - INFO - 👻 [Structural_v3.2_RVOL0.8] CF BREAKOUT NSE:NIFTYBANK-INDEX BUY CALL | Rejected: ['BIAS_MISMATCH', 'LOW_EFFICIENCY']
2026-08-25 09:06:49,878 - INFO - 📊 EXECUTION AUDIT [SIGNAL_GENERATED]: trade_id=None, candidate_id=cand_NSE_NIFTYBANK_INDEX_BREAKOUT_57423.65_20260824_152000_Structural_v3.2_RVOL0.8, payload={'symbol': 'NSE:NIFTYBANK-INDEX', 'signal': 'BUY CALL', 'strategy': 'BREAKOUT', 'price': 57419.45, 'stop_loss': 57399.875, 'take_profit': 57615.200000000004, 'tp1': 57448.81249999999, 'rr_ratio': 10.0, 'timestamp': '2026-08-24T15:20:00+05:30', 'accepted': False, 'rejection_reasons': ['BIAS_MISMATCH', 'LOW_EFFICIENCY'], 'features': {'date': '2026-08-24', 'strategy_name': 'Structural_v3', 'strategy_version': 'v3.2', 'feature_version': 'v1.1', 'market_regime': 'GAP_UP_NORMAL', 'day_type': 'NORMAL_DAY', 'session_type': 'CLOSE', 'daily_bias': 'NEUTRAL', 'hourly_bias': 'NEUTRAL', 'trend_strength': 0.0, 'rvol': 1.0, 'rvol_threshold': 0.8, 'atr': 39.15, 'distance_from_supply': 454.3, 'distance_from_demand': 417.7, 'nearest_supply_strength': 78.2, 'nearest_demand_strength': 96.6, 'distance_to_liquidity_pool': 417.6999999999971, 'liquidity_score': 10.0, 'indicator_snapshot': {'rvol_tod': 1.0, 'is_compressed': False, 'bos_count': 0}, 'move_efficiency': 0.5068, 'wickiness': 0.4882, 'fft_score': 0.0, 'setup_type': 'BREAKOUT', 'candidate_id': 'cand_NSE_NIFTYBANK_INDEX_BREAKOUT_57423.65_20260824_152000', 'ema20': 57374.09, 'ema50': 57398.93, 'move_efficiency_h1': 0.2451, 'ema_bullish': False, 'rsi14': 67.9, 'rsi2': 50.0, 'distance_to_vwap': -0.0008, 'atr_percentile': 0.6398, 'dist_prev_high': -0.0036, 'dist_prev_low': -0.0022, 'adx': 19.11, 'adx_slope': 2.0805, 'gap_pct': 0.0045, 'regime_primary': 'GAP_UP', 'regime_vol_state': 'NORMAL'}, 'candidate_id': 'cand_NSE_NIFTYBANK_INDEX_BREAKOUT_57423.65_20260824_152000_Structural_v3.2_RVOL0.8', 'experiment_name': 'Structural_v3.2_RVOL0.8', 'strategy_id': 'structural', 'version': 'v3.2'}
2026-08-25 09:06:51,935 - INFO - Resolved active expiry from API: 26AUG
2026-08-25 09:06:52,781 - INFO - Retrieved live premium from Fyers API: LTP=170.3 for NSE:BANKNIFTY26AUG57400CE
2026-08-25 09:06:52,782 - INFO - Resolved index signal into option contract: OptionContract(symbol='NSE:BANKNIFTY26AUG57400CE', strike=57400.0, expiry='26AUG', option_type='CE', premium=170.3, delta=0.5, bid=170.2, ask=176.7, volume=15430320, resolved_at=datetime.datetime(2026, 8, 25, 9, 6, 52, 782278))
2026-08-25 09:06:52,782 - INFO - ⚡ Option strike selection resolved index signal to contract NSE:BANKNIFTY26AUG57400CE @ premium 170.3 (type: CE, strike: 57400.0)
2026-08-25 09:06:52,782 - INFO - 📊 EXECUTION AUDIT [STRIKE_SELECTED]: trade_id=None, candidate_id=cand_NSE_NIFTYBANK_INDEX_BREAKOUT_57423.65_20260824_152000_Structural_v3.2_RVOL0.8, payload={'symbol': 'NSE:BANKNIFTY26AUG57400CE', 'strike': 57400.0, 'expiry': '26AUG', 'type': 'CE'}
2026-08-25 09:06:52,813 - INFO - 📊 EXECUTION AUDIT [PREMIUM_RETRIEVED]: trade_id=None, candidate_id=cand_NSE_NIFTYBANK_INDEX_BREAKOUT_57423.65_20260824_152000_Structural_v3.2_RVOL0.8, payload={'premium': 170.3, 'bid': 170.2, 'ask': 176.7}
2026-08-25 09:06:52,834 - INFO - 📊 EXECUTION AUDIT [CF_SUBMITTED]: trade_id=None, candidate_id=cand_NSE_NIFTYBANK_INDEX_BREAKOUT_57423.65_20260824_152000_Structural_v3.2_RVOL0.8, payload={'price': 57419.45, 'sl': 57399.875, 'tp': 57615.200000000004}
2026-08-25 09:06:52,852 - INFO - 📊 EXECUTION AUDIT [CF_FILLED]: trade_id=None, candidate_id=cand_NSE_NIFTYBANK_INDEX_BREAKOUT_57423.65_20260824_152000_Structural_v3.2_RVOL0.8, payload={'price': 57419.45, 'sl': 57399.875, 'tp': 57615.200000000004}
2026-08-25 09:06:52,866 - INFO - 💰 Position size [BREAKOUT|GAP_UP_NORMAL|conf=70]: frac=0.003 → ₹5,000 (risk/unit=0.03%)
2026-08-25 09:06:52,895 - INFO - 🟢 ENTRY [CF|Structural_v3.2_RVOL0.8|uctural_v3.2_RVOL0.8]: NSE:NIFTYBANK-INDEX BUY CALL @ 57419.45 | SL: 57399.88 TP: 57615.20
2026-08-25 09:06:52,896 - INFO - 👻 [Structural_v3.3_ExitMgmt] CF BREAKOUT NSE:NIFTYBANK-INDEX BUY CALL | Rejected: ['BIAS_MISMATCH', 'LOW_EFFICIENCY']
2026-08-25 09:06:52,896 - INFO - 📊 EXECUTION AUDIT [SIGNAL_GENERATED]: trade_id=None, candidate_id=cand_NSE_NIFTYBANK_INDEX_BREAKOUT_57423.65_20260824_152000_Structural_v3.3_ExitMgmt, payload={'symbol': 'NSE:NIFTYBANK-INDEX', 'signal': 'BUY CALL', 'strategy': 'BREAKOUT', 'price': 57419.45, 'stop_loss': 57399.875, 'take_profit': 57615.200000000004, 'tp1': 57448.81249999999, 'rr_ratio': 10.0, 'timestamp': '2026-08-24T15:20:00+05:30', 'accepted': False, 'rejection_reasons': ['BIAS_MISMATCH', 'LOW_EFFICIENCY'], 'features': {'date': '2026-08-24', 'strategy_name': 'Structural_v3', 'strategy_version': 'v3.2', 'feature_version': 'v1.1', 'market_regime': 'GAP_UP_NORMAL', 'day_type': 'NORMAL_DAY', 'session_type': 'CLOSE', 'daily_bias': 'NEUTRAL', 'hourly_bias': 'NEUTRAL', 'trend_strength': 0.0, 'rvol': 1.0, 'rvol_threshold': 1.0, 'atr': 39.15, 'distance_from_supply': 454.3, 'distance_from_demand': 417.7, 'nearest_supply_strength': 78.2, 'nearest_demand_strength': 96.6, 'distance_to_liquidity_pool': 417.6999999999971, 'liquidity_score': 10.0, 'indicator_snapshot': {'rvol_tod': 1.0, 'is_compressed': False, 'bos_count': 0}, 'move_efficiency': 0.5068, 'wickiness': 0.4882, 'fft_score': 0.0, 'setup_type': 'BREAKOUT', 'candidate_id': 'cand_NSE_NIFTYBANK_INDEX_BREAKOUT_57423.65_20260824_152000', 'ema20': 57374.09, 'ema50': 57398.93, 'move_efficiency_h1': 0.2451, 'ema_bullish': False, 'rsi14': 67.9, 'rsi2': 50.0, 'distance_to_vwap': -0.0008, 'atr_percentile': 0.6398, 'dist_prev_high': -0.0036, 'dist_prev_low': -0.0022, 'adx': 19.11, 'adx_slope': 2.0805, 'gap_pct': 0.0045, 'regime_primary': 'GAP_UP', 'regime_vol_state': 'NORMAL'}, 'candidate_id': 'cand_NSE_NIFTYBANK_INDEX_BREAKOUT_57423.65_20260824_152000_Structural_v3.3_ExitMgmt', 'experiment_name': 'Structural_v3.3_ExitMgmt', 'strategy_id': 'structural', 'version': 'v3.2'}
2026-08-25 09:06:54,789 - INFO - Resolved active expiry from API: 26AUG
2026-08-25 09:06:55,788 - INFO - Retrieved live premium from Fyers API: LTP=170.3 for NSE:BANKNIFTY26AUG57400CE
2026-08-25 09:06:55,789 - INFO - Resolved index signal into option contract: OptionContract(symbol='NSE:BANKNIFTY26AUG57400CE', strike=57400.0, expiry='26AUG', option_type='CE', premium=170.3, delta=0.5, bid=170.2, ask=176.7, volume=15430320, resolved_at=datetime.datetime(2026, 8, 25, 9, 6, 55, 789389))
2026-08-25 09:06:55,789 - INFO - ⚡ Option strike selection resolved index signal to contract NSE:BANKNIFTY26AUG57400CE @ premium 170.3 (type: CE, strike: 57400.0)
2026-08-25 09:06:55,789 - INFO - 📊 EXECUTION AUDIT [STRIKE_SELECTED]: trade_id=None, candidate_id=cand_NSE_NIFTYBANK_INDEX_BREAKOUT_57423.65_20260824_152000_Structural_v3.3_ExitMgmt, payload={'symbol': 'NSE:BANKNIFTY26AUG57400CE', 'strike': 57400.0, 'expiry': '26AUG', 'type': 'CE'}
2026-08-25 09:06:55,821 - INFO - 📊 EXECUTION AUDIT [PREMIUM_RETRIEVED]: trade_id=None, candidate_id=cand_NSE_NIFTYBANK_INDEX_BREAKOUT_57423.65_20260824_152000_Structural_v3.3_ExitMgmt, payload={'premium': 170.3, 'bid': 170.2, 'ask': 176.7}
2026-08-25 09:06:55,843 - INFO - 📊 EXECUTION AUDIT [CF_SUBMITTED]: trade_id=None, candidate_id=cand_NSE_NIFTYBANK_INDEX_BREAKOUT_57423.65_20260824_152000_Structural_v3.3_ExitMgmt, payload={'price': 57419.45, 'sl': 57399.875, 'tp': 57615.200000000004}
2026-08-25 09:06:55,860 - INFO - 📊 EXECUTION AUDIT [CF_FILLED]: trade_id=None, candidate_id=cand_NSE_NIFTYBANK_INDEX_BREAKOUT_57423.65_20260824_152000_Structural_v3.3_ExitMgmt, payload={'price': 57419.45, 'sl': 57399.875, 'tp': 57615.200000000004}
2026-08-25 09:06:55,875 - INFO - 💰 Position size [BREAKOUT|GAP_UP_NORMAL|conf=70]: frac=0.003 → ₹5,000 (risk/unit=0.03%)
2026-08-25 09:06:55,906 - INFO - 🟢 ENTRY [CF|Structural_v3.3_ExitMgmt|ctural_v3.3_ExitMgmt]: NSE:NIFTYBANK-INDEX BUY CALL @ 57419.45 | SL: 57399.88 TP: 57615.20
2026-08-25 09:06:55,906 - WARNING - ⚡ [CreditSpread_v1.0_PCRFade] errors: ['OPTIONS_DATA_STALE']
2026-08-25 09:06:55,906 - WARNING - ⚡ [OIWallReaction_v1.0] errors: ['OPTIONS_DATA_STALE']
2026-08-25 09:06:55,906 - WARNING - ⚡ [PCRExtremeReversal_v1.0] errors: ['OPTIONS_DATA_STALE']
2026-08-25 09:06:55,906 - INFO - 🧭 [IronCondor_v1.0] Regime router: NSE:NIFTYBANK-INDEX combo blocked from REAL capital (regime=GAP_UP_NORMAL) — routed to CF
2026-08-25 09:06:57,802 - INFO - Resolved active expiry from API: 26AUG
2026-08-25 09:06:58,820 - INFO - Retrieved live premium from Fyers API: LTP=137.05 for NSE:BANKNIFTY26AUG57300PE
2026-08-25 09:06:59,974 - INFO - Retrieved live premium from Fyers API: LTP=75.35 for NSE:BANKNIFTY26AUG57100PE
2026-08-25 09:07:00,819 - INFO - Retrieved live premium from Fyers API: LTP=134.0 for NSE:BANKNIFTY26AUG57500CE
2026-08-25 09:07:01,835 - INFO - Retrieved live premium from Fyers API: LTP=74.4 for NSE:BANKNIFTY26AUG57700CE
2026-08-25 09:07:01,835 - INFO - Resolved IRON_CONDOR for NSE:NIFTYBANK-INDEX: [('PE', 'SELL', 57300.0), ('PE', 'BUY', 57100.0), ('CE', 'SELL', 57500.0), ('CE', 'BUY', 57700.0)] net_premium=-115.80 max_loss=84.20
2026-08-25 09:07:01,887 - INFO - 🟢 CF COMBO ENTRY [IronCondor_v1.0|0535_IronCondor_v1.0]: NSE:NIFTYBANK-INDEX IRON_CONDOR | Net premium: -115.80 | Max loss: 84.20
2026-08-25 09:07:01,888 - WARNING - ⚡ [OI_Scalping_v1.0] errors: ['INSUFFICIENT_OI_DATA']
2026-08-25 09:07:35,897 - INFO - ⏱️ [Real-time Exit Loop] Checking open positions @ 09:07:35...
2026-08-25 09:07:36,999 - INFO - 📊 EXECUTION AUDIT [CF_SL_MODIFIED]: trade_id=None, candidate_id=cand_NSE_NIFTYBANK_INDEX_BREAKOUT_57423.65_20260824_152000_Structural_v3.2_RVOL1.0, payload={'price': 57525.95, 'old_sl': 57399.875, 'new_sl': 57506.375, 'old_tp': None, 'new_tp': 57615.200000000004, 'reason': 'TRAILING_SL'}
2026-08-25 09:07:37,064 - INFO - 🟡 UPDATE (TRAILING_SL) [CFStructural_v3.2_RVOL1.0|uctural_v3.2_RVOL1.0]: NSE:NIFTYBANK-INDEX @ 57525.95 | SL→57506.38 TP→57615.20
2026-08-25 09:07:37,064 - INFO - 📊 EXECUTION AUDIT [CF_SL_MODIFIED]: trade_id=None, candidate_id=cand_NSE_NIFTYBANK_INDEX_BREAKOUT_57423.65_20260824_152000_Structural_v3.2_RVOL0.8, payload={'price': 57525.95, 'old_sl': 57399.875, 'new_sl': 57506.375, 'old_tp': None, 'new_tp': 57615.200000000004, 'reason': 'TRAILING_SL'}
2026-08-25 09:07:37,103 - INFO - 🟡 UPDATE (TRAILING_SL) [CFStructural_v3.2_RVOL0.8|uctural_v3.2_RVOL0.8]: NSE:NIFTYBANK-INDEX @ 57525.95 | SL→57506.38 TP→57615.20
2026-08-25 09:07:37,104 - INFO - 📊 EXECUTION AUDIT [CF_SL_MODIFIED]: trade_id=None, candidate_id=cand_NSE_NIFTYBANK_INDEX_BREAKOUT_57423.65_20260824_152000_Structural_v3.3_ExitMgmt, payload={'price': 57525.95, 'old_sl': 57399.875, 'new_sl': 57467.225, 'old_tp': None, 'new_tp': 57615.200000000004, 'reason': 'TRAILING_SL'}
2026-08-25 09:07:37,141 - INFO - 🟡 UPDATE (TRAILING_SL) [CFStructural_v3.3_ExitMgmt|ctural_v3.3_ExitMgmt]: NSE:NIFTYBANK-INDEX @ 57525.95 | SL→57467.22 TP→57615.20
2026-08-25 09:07:38,012 - INFO - Retrieved live premium from Fyers API: LTP=116.8 for NSE:NIFTY26AUG24100CE
2026-08-25 09:07:39,006 - INFO - Retrieved live premium from Fyers API: LTP=57.25 for NSE:NIFTY26AUG24200CE
2026-08-25 09:07:40,024 - INFO - Retrieved live premium from Fyers API: LTP=57.25 for NSE:NIFTY26AUG24200CE
2026-08-25 09:07:41,024 - INFO - Retrieved live premium from Fyers API: LTP=26.3 for NSE:NIFTY26AUG24300CE
2026-08-25 09:07:42,017 - INFO - Retrieved live premium from Fyers API: LTP=288.35 for NSE:BANKNIFTY26AUG57200CE
2026-08-25 09:07:43,034 - INFO - Retrieved live premium from Fyers API: LTP=170.3 for NSE:BANKNIFTY26AUG57400CE
2026-08-25 09:07:44,053 - INFO - Retrieved live premium from Fyers API: LTP=170.3 for NSE:BANKNIFTY26AUG57400CE
2026-08-25 09:07:45,061 - INFO - Retrieved live premium from Fyers API: LTP=99.5 for NSE:BANKNIFTY26AUG57600CE
2026-08-25 09:07:46,064 - INFO - Retrieved live premium from Fyers API: LTP=66.2 for NSE:NIFTY26AUG24200PE
2026-08-25 09:07:47,219 - INFO - Retrieved live premium from Fyers API: LTP=25.3 for NSE:NIFTY26AUG24100PE
2026-08-25 09:07:48,075 - INFO - Retrieved live premium from Fyers API: LTP=57.25 for NSE:NIFTY26AUG24200CE
2026-08-25 09:07:49,086 - INFO - Retrieved live premium from Fyers API: LTP=66.2 for NSE:NIFTY26AUG24200PE
2026-08-25 09:07:50,096 - INFO - Retrieved live premium from Fyers API: LTP=26.3 for NSE:NIFTY26AUG24300CE
2026-08-25 09:07:51,096 - INFO - Retrieved live premium from Fyers API: LTP=25.3 for NSE:NIFTY26AUG24100PE
2026-08-25 09:07:52,090 - INFO - Retrieved live premium from Fyers API: LTP=43.15 for NSE:NIFTY26AUG24150PE
2026-08-25 09:07:53,291 - INFO - Retrieved live premium from Fyers API: LTP=14.55 for NSE:NIFTY26AUG24050PE
2026-08-25 09:07:54,115 - INFO - Retrieved live premium from Fyers API: LTP=38.95 for NSE:NIFTY26AUG24250CE
2026-08-25 09:07:55,129 - INFO - Retrieved live premium from Fyers API: LTP=17.55 for NSE:NIFTY26AUG24350CE
2026-08-25 09:07:56,136 - INFO - Retrieved live premium from Fyers API: LTP=66.2 for NSE:NIFTY26AUG24200PE
2026-08-25 09:07:57,119 - INFO - Retrieved live premium from Fyers API: LTP=57.25 for NSE:NIFTY26AUG24200CE
2026-08-25 09:07:58,153 - INFO - Retrieved live premium from Fyers API: LTP=8.7 for NSE:NIFTY26AUG24000PE
2026-08-25 09:07:59,155 - INFO - Retrieved live premium from Fyers API: LTP=11.15 for NSE:NIFTY26AUG24400CE
2026-08-25 09:08:00,166 - INFO - Retrieved live premium from Fyers API: LTP=43.15 for NSE:NIFTY26AUG24150PE
2026-08-25 09:08:01,167 - INFO - Retrieved live premium from Fyers API: LTP=14.55 for NSE:NIFTY26AUG24050PE
2026-08-25 09:08:02,166 - INFO - Retrieved live premium from Fyers API: LTP=38.95 for NSE:NIFTY26AUG24250CE
2026-08-25 09:08:03,181 - INFO - Retrieved live premium from Fyers API: LTP=17.55 for NSE:NIFTY26AUG24350CE
2026-08-25 09:08:04,201 - INFO - Retrieved live premium from Fyers API: LTP=194.9 for NSE:BANKNIFTY26AUG57400PE
2026-08-25 09:08:05,209 - INFO - Retrieved live premium from Fyers API: LTP=102.1 for NSE:BANKNIFTY26AUG57200PE
2026-08-25 09:08:06,371 - INFO - Retrieved live premium from Fyers API: LTP=170.3 for NSE:BANKNIFTY26AUG57400CE
2026-08-25 09:08:07,213 - INFO - Retrieved live premium from Fyers API: LTP=194.9 for NSE:BANKNIFTY26AUG57400PE
2026-08-25 09:08:08,234 - INFO - Retrieved live premium from Fyers API: LTP=99.5 for NSE:BANKNIFTY26AUG57600CE
2026-08-25 09:08:09,237 - INFO - Retrieved live premium from Fyers API: LTP=102.1 for NSE:BANKNIFTY26AUG57200PE
2026-08-25 09:08:10,240 - INFO - Retrieved live premium from Fyers API: LTP=137.05 for NSE:BANKNIFTY26AUG57300PE
2026-08-25 09:08:11,406 - INFO - Retrieved live premium from Fyers API: LTP=75.35 for NSE:BANKNIFTY26AUG57100PE
2026-08-25 09:08:12,236 - INFO - Retrieved live premium from Fyers API: LTP=134.0 for NSE:BANKNIFTY26AUG57500CE
2026-08-25 09:08:13,413 - INFO - Retrieved live premium from Fyers API: LTP=74.4 for NSE:BANKNIFTY26AUG57700CE
2026-08-25 09:08:14,253 - INFO - Retrieved live premium from Fyers API: LTP=194.9 for NSE:BANKNIFTY26AUG57400PE
2026-08-25 09:08:15,417 - INFO - Retrieved live premium from Fyers API: LTP=170.3 for NSE:BANKNIFTY26AUG57400CE
2026-08-25 09:08:16,270 - INFO - Retrieved live premium from Fyers API: LTP=55.1 for NSE:BANKNIFTY26AUG57000PE
2026-08-25 09:08:17,273 - INFO - Retrieved live premium from Fyers API: LTP=55.6 for NSE:BANKNIFTY26AUG57800CE
2026-08-25 09:08:18,291 - INFO - Retrieved live premium from Fyers API: LTP=137.05 for NSE:BANKNIFTY26AUG57300PE
2026-08-25 09:08:19,297 - INFO - Retrieved live premium from Fyers API: LTP=26.0 for NSE:BANKNIFTY26AUG56800PE
2026-08-25 09:08:20,309 - INFO - Retrieved live premium from Fyers API: LTP=134.0 for NSE:BANKNIFTY26AUG57500CE
2026-08-25 09:08:21,483 - INFO - Retrieved live premium from Fyers API: LTP=31.0 for NSE:BANKNIFTY26AUG58000CE
2026-08-25 09:08:22,309 - INFO - Retrieved live premium from Fyers API: LTP=43.15 for NSE:NIFTY26AUG24150PE
2026-08-25 09:08:23,332 - INFO - Retrieved live premium from Fyers API: LTP=14.55 for NSE:NIFTY26AUG24050PE
2026-08-25 09:08:24,341 - INFO - Retrieved live premium from Fyers API: LTP=38.95 for NSE:NIFTY26AUG24250CE
2026-08-25 09:08:25,347 - INFO - Retrieved live premium from Fyers API: LTP=17.55 for NSE:NIFTY26AUG24350CE
2026-08-25 09:08:26,357 - INFO - Retrieved live premium from Fyers API: LTP=66.2 for NSE:NIFTY26AUG24200PE
2026-08-25 09:08:27,368 - INFO - Retrieved live premium from Fyers API: LTP=57.25 for NSE:NIFTY26AUG24200CE
2026-08-25 09:08:28,368 - INFO - Retrieved live premium from Fyers API: LTP=8.7 for NSE:NIFTY26AUG24000PE
2026-08-25 09:08:29,378 - INFO - Retrieved live premium from Fyers API: LTP=11.15 for NSE:NIFTY26AUG24400CE
2026-08-25 09:08:30,386 - INFO - Retrieved live premium from Fyers API: LTP=43.15 for NSE:NIFTY26AUG24150PE
2026-08-25 09:08:31,387 - INFO - Retrieved live premium from Fyers API: LTP=14.55 for NSE:NIFTY26AUG24050PE
2026-08-25 09:08:32,379 - INFO - Retrieved live premium from Fyers API: LTP=38.95 for NSE:NIFTY26AUG24250CE
2026-08-25 09:08:33,382 - INFO - Retrieved live premium from Fyers API: LTP=17.55 for NSE:NIFTY26AUG24350CE
2026-08-25 09:08:34,417 - INFO - Retrieved live premium from Fyers API: LTP=137.05 for NSE:BANKNIFTY26AUG57300PE
2026-08-25 09:08:35,401 - INFO - Retrieved live premium from Fyers API: LTP=75.35 for NSE:BANKNIFTY26AUG57100PE
2026-08-25 09:08:36,406 - INFO - Retrieved live premium from Fyers API: LTP=134.0 for NSE:BANKNIFTY26AUG57500CE
2026-08-25 09:08:37,414 - INFO - Retrieved live premium from Fyers API: LTP=74.4 for NSE:BANKNIFTY26AUG57700CE
2026-08-25 09:09:05,457 - INFO - ⏱️ [Real-time Exit Loop] Checking open positions @ 09:09:05...
2026-08-25 09:09:06,560 - INFO - 📊 EXECUTION AUDIT [CF_EXITED]: trade_id=None, candidate_id=cand_NSE_NIFTYBANK_INDEX_BREAKOUT_57423.65_20260824_152000_Structural_v3.2_RVOL1.0, payload={'exit_price': 57360.65, 'exit_reason': 'TRAILING_SL', 'pnl_r': -0.03678551216751556, 'duration_minutes': 3.4929455333333332, 'bars_held': 0}
2026-08-25 09:09:06,624 - INFO - 🔴 EXIT (TRAILING_SL) [CFStructural_v3.2_RVOL1.0|uctural_v3.2_RVOL1.0]: NSE:NIFTYBANK-INDEX @ 57360.65 | PnL -0.04R | MFE 5.44R | Capture -1% | 0bars HoldEff -0.037R/bar
2026-08-25 09:09:06,625 - INFO - 📊 EXECUTION AUDIT [CF_EXITED]: trade_id=None, candidate_id=cand_NSE_NIFTYBANK_INDEX_BREAKOUT_57423.65_20260824_152000_Structural_v3.2_RVOL0.8, payload={'exit_price': 57360.65, 'exit_reason': 'TRAILING_SL', 'pnl_r': -0.03678551216751556, 'duration_minutes': 3.4929455333333332, 'bars_held': 0}
2026-08-25 09:09:06,664 - INFO - 🔴 EXIT (TRAILING_SL) [CFStructural_v3.2_RVOL0.8|uctural_v3.2_RVOL0.8]: NSE:NIFTYBANK-INDEX @ 57360.65 | PnL -0.04R | MFE 5.44R | Capture -1% | 0bars HoldEff -0.037R/bar
2026-08-25 09:09:06,664 - INFO - 📊 EXECUTION AUDIT [CF_EXITED]: trade_id=None, candidate_id=cand_NSE_NIFTYBANK_INDEX_BREAKOUT_57423.65_20260824_152000_Structural_v3.3_ExitMgmt, payload={'exit_price': 57360.65, 'exit_reason': 'TRAILING_SL', 'pnl_r': -0.03678551216751556, 'duration_minutes': 3.4929455333333332, 'bars_held': 0}
2026-08-25 09:09:06,700 - INFO - 🔴 EXIT (TRAILING_SL) [CFStructural_v3.3_ExitMgmt|ctural_v3.3_ExitMgmt]: NSE:NIFTYBANK-INDEX @ 57360.65 | PnL -0.04R | MFE 5.44R | Capture -1% | 0bars HoldEff -0.037R/bar
2026-08-25 09:09:07,583 - INFO - Retrieved live premium from Fyers API: LTP=116.8 for NSE:NIFTY26AUG24100CE
2026-08-25 09:09:08,588 - INFO - Retrieved live premium from Fyers API: LTP=57.25 for NSE:NIFTY26AUG24200CE
2026-08-25 09:09:09,591 - INFO - Retrieved live premium from Fyers API: LTP=57.25 for NSE:NIFTY26AUG24200CE
2026-08-25 09:09:10,600 - INFO - Retrieved live premium from Fyers API: LTP=26.3 for NSE:NIFTY26AUG24300CE
2026-08-25 09:09:11,595 - INFO - Retrieved live premium from Fyers API: LTP=288.35 for NSE:BANKNIFTY26AUG57200CE
2026-08-25 09:09:12,618 - INFO - Retrieved live premium from Fyers API: LTP=170.3 for NSE:BANKNIFTY26AUG57400CE
2026-08-25 09:09:13,619 - INFO - Retrieved live premium from Fyers API: LTP=170.3 for NSE:BANKNIFTY26AUG57400CE
2026-08-25 09:09:14,635 - INFO - Retrieved live premium from Fyers API: LTP=99.5 for NSE:BANKNIFTY26AUG57600CE
2026-08-25 09:09:15,642 - INFO - Retrieved live premium from Fyers API: LTP=66.2 for NSE:NIFTY26AUG24200PE
2026-08-25 09:09:16,629 - INFO - Retrieved live premium from Fyers API: LTP=25.3 for NSE:NIFTY26AUG24100PE
2026-08-25 09:09:17,662 - INFO - Retrieved live premium from Fyers API: LTP=57.25 for NSE:NIFTY26AUG24200CE
2026-08-25 09:09:18,833 - INFO - Retrieved live premium from Fyers API: LTP=66.2 for NSE:NIFTY26AUG24200PE
2026-08-25 09:09:19,671 - INFO - Retrieved live premium from Fyers API: LTP=26.3 for NSE:NIFTY26AUG24300CE
2026-08-25 09:09:20,881 - INFO - Retrieved live premium from Fyers API: LTP=25.3 for NSE:NIFTY26AUG24100PE
2026-08-25 09:09:21,662 - INFO - Retrieved live premium from Fyers API: LTP=43.15 for NSE:NIFTY26AUG24150PE
2026-08-25 09:09:22,694 - INFO - Retrieved live premium from Fyers API: LTP=14.55 for NSE:NIFTY26AUG24050PE
2026-08-25 09:09:23,696 - INFO - Retrieved live premium from Fyers API: LTP=38.95 for NSE:NIFTY26AUG24250CE
2026-08-25 09:09:24,709 - INFO - Retrieved live premium from Fyers API: LTP=17.55 for NSE:NIFTY26AUG24350CE
2026-08-25 09:09:25,714 - INFO - Retrieved live premium from Fyers API: LTP=66.2 for NSE:NIFTY26AUG24200PE
2026-08-25 09:09:26,718 - INFO - Retrieved live premium from Fyers API: LTP=57.25 for NSE:NIFTY26AUG24200CE
2026-08-25 09:09:27,752 - INFO - Retrieved live premium from Fyers API: LTP=8.7 for NSE:NIFTY26AUG24000PE
2026-08-25 09:09:28,752 - INFO - Retrieved live premium from Fyers API: LTP=11.15 for NSE:NIFTY26AUG24400CE
2026-08-25 09:09:29,911 - INFO - Retrieved live premium from Fyers API: LTP=43.15 for NSE:NIFTY26AUG24150PE
2026-08-25 09:09:30,754 - INFO - Retrieved live premium from Fyers API: LTP=14.55 for NSE:NIFTY26AUG24050PE
2026-08-25 09:09:31,921 - INFO - Retrieved live premium from Fyers API: LTP=38.95 for NSE:NIFTY26AUG24250CE
2026-08-25 09:09:32,947 - INFO - Retrieved live premium from Fyers API: LTP=17.55 for NSE:NIFTY26AUG24350CE
2026-08-25 09:09:33,775 - INFO - Retrieved live premium from Fyers API: LTP=194.9 for NSE:BANKNIFTY26AUG57400PE
2026-08-25 09:09:34,783 - INFO - Retrieved live premium from Fyers API: LTP=102.1 for NSE:BANKNIFTY26AUG57200PE
2026-08-25 09:09:35,798 - INFO - Retrieved live premium from Fyers API: LTP=170.3 for NSE:BANKNIFTY26AUG57400CE
2026-08-25 09:09:36,808 - INFO - Retrieved live premium from Fyers API: LTP=194.9 for NSE:BANKNIFTY26AUG57400PE
2026-08-25 09:09:37,808 - INFO - Retrieved live premium from Fyers API: LTP=99.5 for NSE:BANKNIFTY26AUG57600CE
2026-08-25 09:09:38,825 - INFO - Retrieved live premium from Fyers API: LTP=102.1 for NSE:BANKNIFTY26AUG57200PE
2026-08-25 09:09:39,831 - INFO - Retrieved live premium from Fyers API: LTP=137.05 for NSE:BANKNIFTY26AUG57300PE
2026-08-25 09:09:40,834 - INFO - Retrieved live premium from Fyers API: LTP=75.35 for NSE:BANKNIFTY26AUG57100PE
2026-08-25 09:09:41,843 - INFO - Retrieved live premium from Fyers API: LTP=134.0 for NSE:BANKNIFTY26AUG57500CE
2026-08-25 09:09:42,858 - INFO - Retrieved live premium from Fyers API: LTP=74.4 for NSE:BANKNIFTY26AUG57700CE
2026-08-25 09:09:43,852 - INFO - Retrieved live premium from Fyers API: LTP=194.9 for NSE:BANKNIFTY26AUG57400PE
2026-08-25 09:09:44,859 - INFO - Retrieved live premium from Fyers API: LTP=170.3 for NSE:BANKNIFTY26AUG57400CE
2026-08-25 09:09:45,875 - INFO - Retrieved live premium from Fyers API: LTP=55.1 for NSE:BANKNIFTY26AUG57000PE
2026-08-25 09:09:46,878 - INFO - Retrieved live premium from Fyers API: LTP=55.6 for NSE:BANKNIFTY26AUG57800CE
2026-08-25 09:09:47,897 - INFO - Retrieved live premium from Fyers API: LTP=137.05 for NSE:BANKNIFTY26AUG57300PE
2026-08-25 09:09:48,897 - INFO - Retrieved live premium from Fyers API: LTP=26.0 for NSE:BANKNIFTY26AUG56800PE
2026-08-25 09:09:49,896 - INFO - Retrieved live premium from Fyers API: LTP=134.0 for NSE:BANKNIFTY26AUG57500CE
2026-08-25 09:09:50,899 - INFO - Retrieved live premium from Fyers API: LTP=31.0 for NSE:BANKNIFTY26AUG58000CE
2026-08-25 09:09:51,931 - INFO - Retrieved live premium from Fyers API: LTP=43.15 for NSE:NIFTY26AUG24150PE
2026-08-25 09:09:52,925 - INFO - Retrieved live premium from Fyers API: LTP=14.55 for NSE:NIFTY26AUG24050PE
2026-08-25 09:09:53,922 - INFO - Retrieved live premium from Fyers API: LTP=38.95 for NSE:NIFTY26AUG24250CE
2026-08-25 09:09:54,946 - INFO - Retrieved live premium from Fyers API: LTP=17.55 for NSE:NIFTY26AUG24350CE
2026-08-25 09:09:55,945 - INFO - Retrieved live premium from Fyers API: LTP=66.2 for NSE:NIFTY26AUG24200PE
2026-08-25 09:09:56,945 - INFO - Retrieved live premium from Fyers API: LTP=57.25 for NSE:NIFTY26AUG24200CE
2026-08-25 09:09:57,961 - INFO - Retrieved live premium from Fyers API: LTP=8.7 for NSE:NIFTY26AUG24000PE
2026-08-25 09:09:58,972 - INFO - Retrieved live premium from Fyers API: LTP=11.15 for NSE:NIFTY26AUG24400CE
2026-08-25 09:09:59,974 - INFO - Retrieved live premium from Fyers API: LTP=43.15 for NSE:NIFTY26AUG24150PE
2026-08-25 09:10:00,980 - INFO - Retrieved live premium from Fyers API: LTP=14.55 for NSE:NIFTY26AUG24050PE
2026-08-25 09:10:01,993 - INFO - Retrieved live premium from Fyers API: LTP=38.95 for NSE:NIFTY26AUG24250CE
2026-08-25 09:10:03,009 - INFO - Retrieved live premium from Fyers API: LTP=17.55 for NSE:NIFTY26AUG24350CE
2026-08-25 09:10:04,163 - INFO - Retrieved live premium from Fyers API: LTP=137.05 for NSE:BANKNIFTY26AUG57300PE
2026-08-25 09:10:05,021 - INFO - Retrieved live premium from Fyers API: LTP=75.35 for NSE:BANKNIFTY26AUG57100PE
2026-08-25 09:10:06,024 - INFO - Retrieved live premium from Fyers API: LTP=134.0 for NSE:BANKNIFTY26AUG57500CE
2026-08-25 09:10:07,031 - INFO - Retrieved live premium from Fyers API: LTP=74.4 for NSE:BANKNIFTY26AUG57700CE
2026-08-25 09:10:35,114 - INFO - 🔔 [New Candle Closed] Running entry pipeline for candle 09:10 at 09:10:35...
2026-08-25 09:10:35,114 - INFO - --- 09:10:35 Market Pulse ---
2026-08-25 09:10:42,261 - INFO - Retrieved live premium from Fyers API: LTP=116.8 for NSE:NIFTY26AUG24100CE
2026-08-25 09:10:43,436 - INFO - Retrieved live premium from Fyers API: LTP=57.25 for NSE:NIFTY26AUG24200CE
2026-08-25 09:10:44,289 - INFO - Retrieved live premium from Fyers API: LTP=57.25 for NSE:NIFTY26AUG24200CE
2026-08-25 09:10:45,293 - INFO - Retrieved live premium from Fyers API: LTP=26.3 for NSE:NIFTY26AUG24300CE
2026-08-25 09:10:46,292 - INFO - Retrieved live premium from Fyers API: LTP=288.35 for NSE:BANKNIFTY26AUG57200CE
2026-08-25 09:10:47,316 - INFO - Retrieved live premium from Fyers API: LTP=170.3 for NSE:BANKNIFTY26AUG57400CE
2026-08-25 09:10:48,488 - INFO - Retrieved live premium from Fyers API: LTP=170.3 for NSE:BANKNIFTY26AUG57400CE
2026-08-25 09:10:49,331 - INFO - Retrieved live premium from Fyers API: LTP=99.5 for NSE:BANKNIFTY26AUG57600CE
2026-08-25 09:10:50,332 - INFO - Retrieved live premium from Fyers API: LTP=66.2 for NSE:NIFTY26AUG24200PE
2026-08-25 09:10:51,330 - INFO - Retrieved live premium from Fyers API: LTP=25.3 for NSE:NIFTY26AUG24100PE
2026-08-25 09:10:52,503 - INFO - Retrieved live premium from Fyers API: LTP=57.25 for NSE:NIFTY26AUG24200CE
2026-08-25 09:10:53,359 - INFO - Retrieved live premium from Fyers API: LTP=66.2 for NSE:NIFTY26AUG24200PE
2026-08-25 09:10:54,364 - INFO - Retrieved live premium from Fyers API: LTP=26.3 for NSE:NIFTY26AUG24300CE
2026-08-25 09:10:55,364 - INFO - Retrieved live premium from Fyers API: LTP=25.3 for NSE:NIFTY26AUG24100PE
2026-08-25 09:10:56,366 - INFO - Retrieved live premium from Fyers API: LTP=43.15 for NSE:NIFTY26AUG24150PE
2026-08-25 09:10:57,386 - INFO - Retrieved live premium from Fyers API: LTP=14.55 for NSE:NIFTY26AUG24050PE
2026-08-25 09:10:58,382 - INFO - Retrieved live premium from Fyers API: LTP=38.95 for NSE:NIFTY26AUG24250CE
2026-08-25 09:10:59,578 - INFO - Retrieved live premium from Fyers API: LTP=17.55 for NSE:NIFTY26AUG24350CE
2026-08-25 09:11:00,516 - INFO - Retrieved live premium from Fyers API: LTP=66.2 for NSE:NIFTY26AUG24200PE
2026-08-25 09:11:01,574 - INFO - Retrieved live premium from Fyers API: LTP=57.25 for NSE:NIFTY26AUG24200CE
2026-08-25 09:11:02,402 - INFO - Retrieved live premium from Fyers API: LTP=8.7 for NSE:NIFTY26AUG24000PE
2026-08-25 09:11:03,416 - INFO - Retrieved live premium from Fyers API: LTP=11.15 for NSE:NIFTY26AUG24400CE
2026-08-25 09:11:04,416 - INFO - Retrieved live premium from Fyers API: LTP=43.15 for NSE:NIFTY26AUG24150PE
2026-08-25 09:26:04,379 - INFO - Retrieved live premium from Fyers API: LTP=5.9 for NSE:NIFTY26AUG24050PE
2026-08-25 09:26:04,534 - INFO - Retrieved live premium from Fyers API: LTP=18.15 for NSE:NIFTY26AUG24250CE
2026-08-25 09:26:05,691 - INFO - Retrieved live premium from Fyers API: LTP=4.35 for NSE:NIFTY26AUG24350CE
2026-08-25 09:26:06,525 - INFO - Retrieved live premium from Fyers API: LTP=74.3 for NSE:BANKNIFTY26AUG57400PE
2026-08-25 09:26:07,789 - INFO - Retrieved live premium from Fyers API: LTP=29.85 for NSE:BANKNIFTY26AUG57200PE
2026-08-25 09:26:08,539 - INFO - Retrieved live premium from Fyers API: LTP=206.45 for NSE:BANKNIFTY26AUG57400CE
2026-08-25 09:26:09,556 - INFO - Retrieved live premium from Fyers API: LTP=75.25 for NSE:BANKNIFTY26AUG57400PE
2026-08-25 09:26:10,552 - INFO - Retrieved live premium from Fyers API: LTP=98.2 for NSE:BANKNIFTY26AUG57600CE
2026-08-25 09:26:11,555 - INFO - Retrieved live premium from Fyers API: LTP=30.05 for NSE:BANKNIFTY26AUG57200PE
2026-08-25 09:26:12,564 - INFO - Retrieved live premium from Fyers API: LTP=46.8 for NSE:BANKNIFTY26AUG57300PE
2026-08-25 09:26:13,568 - INFO - Retrieved live premium from Fyers API: LTP=18.9 for NSE:BANKNIFTY26AUG57100PE
2026-08-25 09:26:14,586 - INFO - Retrieved live premium from Fyers API: LTP=154.35 for NSE:BANKNIFTY26AUG57500CE
2026-08-25 09:26:15,572 - INFO - Retrieved live premium from Fyers API: LTP=67.15 for NSE:BANKNIFTY26AUG57700CE
2026-08-25 09:26:16,597 - INFO - Retrieved live premium from Fyers API: LTP=70.65 for NSE:BANKNIFTY26AUG57400PE
2026-08-25 09:26:17,611 - INFO - Retrieved live premium from Fyers API: LTP=219.15 for NSE:BANKNIFTY26AUG57400CE
2026-08-25 09:26:18,611 - INFO - Retrieved live premium from Fyers API: LTP=12.45 for NSE:BANKNIFTY26AUG57000PE
2026-08-25 09:26:19,872 - INFO - Retrieved live premium from Fyers API: LTP=40.1 for NSE:BANKNIFTY26AUG57800CE
2026-08-25 09:26:20,653 - INFO - Retrieved live premium from Fyers API: LTP=46.4 for NSE:BANKNIFTY26AUG57300PE
2026-08-25 09:26:21,628 - INFO - Retrieved live premium from Fyers API: LTP=6.3 for NSE:BANKNIFTY26AUG56800PE
2026-08-25 09:26:22,633 - INFO - Retrieved live premium from Fyers API: LTP=150.7 for NSE:BANKNIFTY26AUG57500CE
2026-08-25 09:26:23,634 - INFO - Retrieved live premium from Fyers API: LTP=15.75 for NSE:BANKNIFTY26AUG58000CE
2026-08-25 09:26:24,890 - INFO - Retrieved live premium from Fyers API: LTP=23.4 for NSE:NIFTY26AUG24150PE
2026-08-25 09:26:25,944 - INFO - Retrieved live premium from Fyers API: LTP=5.6 for NSE:NIFTY26AUG24050PE
2026-08-25 09:26:26,805 - INFO - Retrieved live premium from Fyers API: LTP=19.85 for NSE:NIFTY26AUG24250CE
2026-08-25 09:26:27,811 - INFO - Retrieved live premium from Fyers API: LTP=4.85 for NSE:NIFTY26AUG24350CE
2026-08-25 09:26:28,902 - INFO - Retrieved live premium from Fyers API: LTP=44.65 for NSE:NIFTY26AUG24200PE
2026-08-25 09:26:29,788 - INFO - Retrieved live premium from Fyers API: LTP=39.25 for NSE:NIFTY26AUG24200CE
2026-08-25 09:26:30,901 - INFO - Retrieved live premium from Fyers API: LTP=3.15 for NSE:NIFTY26AUG24000PE
2026-08-25 09:26:31,692 - INFO - Retrieved live premium from Fyers API: LTP=2.6 for NSE:NIFTY26AUG24400CE
2026-08-25 09:26:32,705 - INFO - Retrieved live premium from Fyers API: LTP=23.25 for NSE:NIFTY26AUG24150PE
2026-08-25 09:26:33,710 - INFO - Retrieved live premium from Fyers API: LTP=5.5 for NSE:NIFTY26AUG24050PE
2026-08-25 09:26:34,711 - INFO - Retrieved live premium from Fyers API: LTP=20.55 for NSE:NIFTY26AUG24250CE
2026-08-25 09:26:35,892 - INFO - Retrieved live premium from Fyers API: LTP=5.0 for NSE:NIFTY26AUG24350CE
2026-08-25 09:26:36,732 - INFO - Retrieved live premium from Fyers API: LTP=46.45 for NSE:BANKNIFTY26AUG57300PE
2026-08-25 09:26:37,725 - INFO - Retrieved live premium from Fyers API: LTP=18.7 for NSE:BANKNIFTY26AUG57100PE
2026-08-25 09:26:38,739 - INFO - Retrieved live premium from Fyers API: LTP=149.25 for NSE:BANKNIFTY26AUG57500CE
2026-08-25 09:26:40,044 - INFO - Retrieved live premium from Fyers API: LTP=63.8 for NSE:BANKNIFTY26AUG57700CE
2026-08-25 09:26:41,859 - WARNING - ⚡ [CreditSpread_v1.0_PCRFade] errors: ['OPTIONS_DATA_STALE'] (0.0ms)
2026-08-25 09:26:41,859 - WARNING - ⚡ [OIWallReaction_v1.0] errors: ['OPTIONS_DATA_STALE'] (0.0ms)
2026-08-25 09:26:41,859 - WARNING - ⚡ [PCRExtremeReversal_v1.0] errors: ['OPTIONS_DATA_STALE'] (0.0ms)
2026-08-25 09:26:41,860 - WARNING - ⚡ [OI_Scalping_v1.0] errors: ['INSUFFICIENT_OI_DATA'] (0.0ms)
2026-08-25 09:26:41,871 - WARNING - [ExpiryResolver] Both DB and API failed for NSE:NIFTY50-INDEX. Falling back to dynamically computed expiry: 26901 (2026-09-01)
2026-08-25 09:26:41,872 - WARNING - ⚡ [CreditSpread_v1.0_PCRFade] errors: ['OPTIONS_DATA_STALE']
2026-08-25 09:26:41,872 - WARNING - ⚡ [OIWallReaction_v1.0] errors: ['OPTIONS_DATA_STALE']
2026-08-25 09:26:41,872 - WARNING - ⚡ [PCRExtremeReversal_v1.0] errors: ['OPTIONS_DATA_STALE']
2026-08-25 09:26:41,872 - INFO - 🧭 [IronCondor_v1.0] Regime router: NSE:NIFTY50-INDEX combo blocked from REAL capital (regime=WEAK_TREND_DOWN_NORMAL) — routed to CF
2026-08-25 09:26:42,980 - INFO - Resolved active expiry from API: 26AUG
2026-08-25 09:26:43,972 - INFO - Retrieved live premium from Fyers API: LTP=23.25 for NSE:NIFTY26AUG24150PE
2026-08-25 09:26:44,991 - INFO - Retrieved live premium from Fyers API: LTP=5.55 for NSE:NIFTY26AUG24050PE
2026-08-25 09:26:46,018 - INFO - Retrieved live premium from Fyers API: LTP=20.6 for NSE:NIFTY26AUG24250CE
2026-08-25 09:26:47,027 - INFO - Retrieved live premium from Fyers API: LTP=4.95 for NSE:NIFTY26AUG24350CE
2026-08-25 09:26:47,027 - INFO - Resolved IRON_CONDOR for NSE:NIFTY50-INDEX: [('PE', 'SELL', 24150.0), ('PE', 'BUY', 24050.0), ('CE', 'SELL', 24250.0), ('CE', 'BUY', 24350.0)] net_premium=-33.20 max_loss=66.80
2026-08-25 09:26:47,085 - INFO - 🟢 CF COMBO ENTRY [IronCondor_v1.0|1035_IronCondor_v1.0]: NSE:NIFTY50-INDEX IRON_CONDOR | Net premium: -33.20 | Max loss: 66.80
2026-08-25 09:26:47,086 - INFO - 🧭 [IronButterfly_v1.0] Regime router: NSE:NIFTY50-INDEX combo blocked from REAL capital (regime=WEAK_TREND_DOWN_NORMAL) — routed to CF
2026-08-25 09:26:48,646 - INFO - 📡 Fetching NSE:NIFTY50-INDEX @ 24180  expiry=26AUG  strikes=ATM±5
2026-08-25 09:26:49,017 - INFO - Resolved active expiry from API: 26AUG
2026-08-25 09:26:50,046 - INFO - Retrieved live premium from Fyers API: LTP=44.25 for NSE:NIFTY26AUG24200PE
2026-08-25 09:41:49,430 - INFO - Retrieved live premium from Fyers API: LTP=28.4 for NSE:NIFTY26AUG24200CE
2026-08-25 09:41:50,076 - INFO - Retrieved live premium from Fyers API: LTP=3.1 for NSE:NIFTY26AUG24000PE
2026-08-25 09:41:51,090 - INFO - Retrieved live premium from Fyers API: LTP=1.9 for NSE:NIFTY26AUG24400CE
2026-08-25 09:41:51,090 - INFO - Resolved IRON_BUTTERFLY for NSE:NIFTY50-INDEX: [('PE', 'SELL', 24200.0), ('CE', 'SELL', 24200.0), ('PE', 'BUY', 24000.0), ('CE', 'BUY', 24400.0)] net_premium=-67.80 max_loss=132.20
2026-08-25 09:41:51,142 - INFO - 🟢 CF COMBO ENTRY [IronButterfly_v1.0|5_IronButterfly_v1.0]: NSE:NIFTY50-INDEX IRON_BUTTERFLY | Net premium: -67.80 | Max loss: 132.20
2026-08-25 09:41:51,142 - WARNING - ⚡ [OI_Scalping_v1.0] errors: ['INSUFFICIENT_OI_DATA']
2026-08-25 09:41:51,142 - INFO - 🧭 [ExpiryAwareTheta_v1.0] Regime router: NSE:NIFTY50-INDEX combo blocked from REAL capital (regime=WEAK_TREND_DOWN_NORMAL) — routed to CF
2026-08-25 09:41:53,095 - INFO - Resolved active expiry from API: 26AUG
2026-08-25 09:41:54,112 - INFO - Retrieved live premium from Fyers API: LTP=24.9 for NSE:NIFTY26AUG24150PE
2026-08-25 09:41:55,120 - INFO - Retrieved live premium from Fyers API: LTP=5.5 for NSE:NIFTY26AUG24050PE
2026-08-25 09:41:56,107 - INFO - Retrieved live premium from Fyers API: LTP=13.1 for NSE:NIFTY26AUG24250CE
2026-08-25 09:41:57,116 - INFO - Retrieved live premium from Fyers API: LTP=3.15 for NSE:NIFTY26AUG24350CE
2026-08-25 09:41:57,116 - INFO - Resolved IRON_CONDOR for NSE:NIFTY50-INDEX: [('PE', 'SELL', 24150.0), ('PE', 'BUY', 24050.0), ('CE', 'SELL', 24250.0), ('CE', 'BUY', 24350.0)] net_premium=-29.10 max_loss=70.90
2026-08-25 09:41:57,155 - INFO - 🟢 CF COMBO ENTRY [ExpiryAwareTheta_v1.0|xpiryAwareTheta_v1.0]: NSE:NIFTY50-INDEX IRON_CONDOR | Net premium: -29.10 | Max loss: 70.90
2026-08-25 09:41:58,471 - WARNING - ⚡ [CreditSpread_v1.0_PCRFade] errors: ['OPTIONS_DATA_STALE'] (0.0ms)
2026-08-25 09:41:58,471 - WARNING - ⚡ [OIWallReaction_v1.0] errors: ['OPTIONS_DATA_STALE'] (0.0ms)
2026-08-25 09:41:58,471 - WARNING - ⚡ [PCRExtremeReversal_v1.0] errors: ['OPTIONS_DATA_STALE'] (0.0ms)
2026-08-25 09:41:58,471 - WARNING - ⚡ [OI_Scalping_v1.0] errors: ['INSUFFICIENT_OI_DATA'] (0.0ms)
2026-08-25 09:41:58,486 - WARNING - [ExpiryResolver] Both DB and API failed for NSE:NIFTYBANK-INDEX. Falling back to dynamically computed expiry: 26AUG (2026-08-25)
2026-08-25 09:41:58,487 - INFO - 👻 [Structural_v3.2_RVOL1.0] CF BREAKOUT NSE:NIFTYBANK-INDEX BUY CALL | Rejected: ['BIAS_MISMATCH', 'LOW_EFFICIENCY']
2026-08-25 09:41:58,487 - INFO - 📊 EXECUTION AUDIT [SIGNAL_GENERATED]: trade_id=None, candidate_id=cand_NSE_NIFTYBANK_INDEX_BREAKOUT_57423.65_20260824_152000_Structural_v3.2_RVOL1.0, payload={'symbol': 'NSE:NIFTYBANK-INDEX', 'signal': 'BUY CALL', 'strategy': 'BREAKOUT', 'price': 57419.45, 'stop_loss': 57399.875, 'take_profit': 57615.200000000004, 'tp1': 57448.81249999999, 'rr_ratio': 10.0, 'timestamp': '2026-08-24T15:20:00+05:30', 'accepted': False, 'rejection_reasons': ['BIAS_MISMATCH', 'LOW_EFFICIENCY'], 'features': {'date': '2026-08-24', 'strategy_name': 'Structural_v3', 'strategy_version': 'v3.2', 'feature_version': 'v1.1', 'market_regime': 'GAP_UP_NORMAL', 'day_type': 'NORMAL_DAY', 'session_type': 'CLOSE', 'daily_bias': 'NEUTRAL', 'hourly_bias': 'NEUTRAL', 'trend_strength': 0.0, 'rvol': 1.0, 'rvol_threshold': 1.0, 'atr': 39.15, 'distance_from_supply': 454.3, 'distance_from_demand': 417.7, 'nearest_supply_strength': 75.6, 'nearest_demand_strength': 96.6, 'distance_to_liquidity_pool': 417.6999999999971, 'liquidity_score': 10.0, 'indicator_snapshot': {'rvol_tod': 1.0, 'is_compressed': False, 'bos_count': 0}, 'move_efficiency': 0.5068, 'wickiness': 0.4882, 'fft_score': 0.0, 'setup_type': 'BREAKOUT', 'candidate_id': 'cand_NSE_NIFTYBANK_INDEX_BREAKOUT_57423.65_20260824_152000', 'ema20': 57374.09, 'ema50': 57398.7, 'move_efficiency_h1': 0.2451, 'ema_bullish': False, 'rsi14': 67.9, 'rsi2': 50.0, 'distance_to_vwap': -0.0008, 'atr_percentile': 0.7393, 'dist_prev_high': -0.0036, 'dist_prev_low': -0.0022, 'adx': 19.01, 'adx_slope': 2.1078, 'gap_pct': 0.0045, 'regime_primary': 'GAP_UP', 'regime_vol_state': 'NORMAL'}, 'candidate_id': 'cand_NSE_NIFTYBANK_INDEX_BREAKOUT_57423.65_20260824_152000_Structural_v3.2_RVOL1.0', 'experiment_name': 'Structural_v3.2_RVOL1.0', 'strategy_id': 'structural', 'version': 'v3.2'}
2026-08-25 09:41:59,617 - INFO - Resolved active expiry from API: 26AUG
2026-08-25 09:42:00,619 - INFO - Retrieved live premium from Fyers API: LTP=196.9 for NSE:BANKNIFTY26AUG57400CE
2026-08-25 09:42:00,620 - INFO - Resolved index signal into option contract: OptionContract(symbol='NSE:BANKNIFTY26AUG57400CE', strike=57400.0, expiry='26AUG', option_type='CE', premium=196.9, delta=0.5, bid=197.15, ask=197.55, volume=6670620, resolved_at=datetime.datetime(2026, 8, 25, 9, 42, 0, 620215))
2026-08-25 09:42:00,620 - INFO - ⚡ Option strike selection resolved index signal to contract NSE:BANKNIFTY26AUG57400CE @ premium 196.9 (type: CE, strike: 57400.0)
2026-08-25 09:42:00,620 - INFO - 📊 EXECUTION AUDIT [STRIKE_SELECTED]: trade_id=None, candidate_id=cand_NSE_NIFTYBANK_INDEX_BREAKOUT_57423.65_20260824_152000_Structural_v3.2_RVOL1.0, payload={'symbol': 'NSE:BANKNIFTY26AUG57400CE', 'strike': 57400.0, 'expiry': '26AUG', 'type': 'CE'}
2026-08-25 09:42:00,649 - INFO - 📊 EXECUTION AUDIT [PREMIUM_RETRIEVED]: trade_id=None, candidate_id=cand_NSE_NIFTYBANK_INDEX_BREAKOUT_57423.65_20260824_152000_Structural_v3.2_RVOL1.0, payload={'premium': 196.9, 'bid': 197.15, 'ask': 197.55}
2026-08-25 09:42:00,663 - INFO - 📊 EXECUTION AUDIT [CF_SUBMITTED]: trade_id=None, candidate_id=cand_NSE_NIFTYBANK_INDEX_BREAKOUT_57423.65_20260824_152000_Structural_v3.2_RVOL1.0, payload={'price': 57419.45, 'sl': 57399.875, 'tp': 57615.200000000004}
2026-08-25 09:42:00,676 - INFO - 📊 EXECUTION AUDIT [CF_FILLED]: trade_id=None, candidate_id=cand_NSE_NIFTYBANK_INDEX_BREAKOUT_57423.65_20260824_152000_Structural_v3.2_RVOL1.0, payload={'price': 57419.45, 'sl': 57399.875, 'tp': 57615.200000000004}
2026-08-25 09:42:00,689 - INFO - 💰 Position size [BREAKOUT|GAP_UP_NORMAL|conf=70]: frac=0.003 → ₹5,000 (risk/unit=0.03%)
2026-08-25 09:42:00,717 - INFO - 🟢 ENTRY [CF|Structural_v3.2_RVOL1.0|uctural_v3.2_RVOL1.0]: NSE:NIFTYBANK-INDEX BUY CALL @ 57419.45 | SL: 57399.88 TP: 57615.20
2026-08-25 09:42:00,717 - INFO - 👻 [Structural_v3.2_RVOL0.8] CF BREAKOUT NSE:NIFTYBANK-INDEX BUY CALL | Rejected: ['BIAS_MISMATCH', 'LOW_EFFICIENCY']
2026-08-25 09:42:00,717 - INFO - 📊 EXECUTION AUDIT [SIGNAL_GENERATED]: trade_id=None, candidate_id=cand_NSE_NIFTYBANK_INDEX_BREAKOUT_57423.65_20260824_152000_Structural_v3.2_RVOL0.8, payload={'symbol': 'NSE:NIFTYBANK-INDEX', 'signal': 'BUY CALL', 'strategy': 'BREAKOUT', 'price': 57419.45, 'stop_loss': 57399.875, 'take_profit': 57615.200000000004, 'tp1': 57448.81249999999, 'rr_ratio': 10.0, 'timestamp': '2026-08-24T15:20:00+05:30', 'accepted': False, 'rejection_reasons': ['BIAS_MISMATCH', 'LOW_EFFICIENCY'], 'features': {'date': '2026-08-24', 'strategy_name': 'Structural_v3', 'strategy_version': 'v3.2', 'feature_version': 'v1.1', 'market_regime': 'GAP_UP_NORMAL', 'day_type': 'NORMAL_DAY', 'session_type': 'CLOSE', 'daily_bias': 'NEUTRAL', 'hourly_bias': 'NEUTRAL', 'trend_strength': 0.0, 'rvol': 1.0, 'rvol_threshold': 0.8, 'atr': 39.15, 'distance_from_supply': 454.3, 'distance_from_demand': 417.7, 'nearest_supply_strength': 75.6, 'nearest_demand_strength': 96.6, 'distance_to_liquidity_pool': 417.6999999999971, 'liquidity_score': 10.0, 'indicator_snapshot': {'rvol_tod': 1.0, 'is_compressed': False, 'bos_count': 0}, 'move_efficiency': 0.5068, 'wickiness': 0.4882, 'fft_score': 0.0, 'setup_type': 'BREAKOUT', 'candidate_id': 'cand_NSE_NIFTYBANK_INDEX_BREAKOUT_57423.65_20260824_152000', 'ema20': 57374.09, 'ema50': 57398.7, 'move_efficiency_h1': 0.2451, 'ema_bullish': False, 'rsi14': 67.9, 'rsi2': 50.0, 'distance_to_vwap': -0.0008, 'atr_percentile': 0.7393, 'dist_prev_high': -0.0036, 'dist_prev_low': -0.0022, 'adx': 19.01, 'adx_slope': 2.1078, 'gap_pct': 0.0045, 'regime_primary': 'GAP_UP', 'regime_vol_state': 'NORMAL'}, 'candidate_id': 'cand_NSE_NIFTYBANK_INDEX_BREAKOUT_57423.65_20260824_152000_Structural_v3.2_RVOL0.8', 'experiment_name': 'Structural_v3.2_RVOL0.8', 'strategy_id': 'structural', 'version': 'v3.2'}
2026-08-25 09:42:02,643 - INFO - Resolved active expiry from API: 26AUG
2026-08-25 09:42:03,656 - INFO - Retrieved live premium from Fyers API: LTP=196.8 for NSE:BANKNIFTY26AUG57400CE
2026-08-25 09:42:03,656 - INFO - Resolved index signal into option contract: OptionContract(symbol='NSE:BANKNIFTY26AUG57400CE', strike=57400.0, expiry='26AUG', option_type='CE', premium=196.8, delta=0.5, bid=195.9, ask=196.5, volume=6675300, resolved_at=datetime.datetime(2026, 8, 25, 9, 42, 3, 656498))
2026-08-25 09:42:03,656 - INFO - ⚡ Option strike selection resolved index signal to contract NSE:BANKNIFTY26AUG57400CE @ premium 196.8 (type: CE, strike: 57400.0)
2026-08-25 09:42:03,656 - INFO - 📊 EXECUTION AUDIT [STRIKE_SELECTED]: trade_id=None, candidate_id=cand_NSE_NIFTYBANK_INDEX_BREAKOUT_57423.65_20260824_152000_Structural_v3.2_RVOL0.8, payload={'symbol': 'NSE:BANKNIFTY26AUG57400CE', 'strike': 57400.0, 'expiry': '26AUG', 'type': 'CE'}
2026-08-25 09:42:03,686 - INFO - 📊 EXECUTION AUDIT [PREMIUM_RETRIEVED]: trade_id=None, candidate_id=cand_NSE_NIFTYBANK_INDEX_BREAKOUT_57423.65_20260824_152000_Structural_v3.2_RVOL0.8, payload={'premium': 196.8, 'bid': 195.9, 'ask': 196.5}
2026-08-25 09:42:03,708 - INFO - 📊 EXECUTION AUDIT [CF_SUBMITTED]: trade_id=None, candidate_id=cand_NSE_NIFTYBANK_INDEX_BREAKOUT_57423.65_20260824_152000_Structural_v3.2_RVOL0.8, payload={'price': 57419.45, 'sl': 57399.875, 'tp': 57615.200000000004}
2026-08-25 09:42:03,727 - INFO - 📊 EXECUTION AUDIT [CF_FILLED]: trade_id=None, candidate_id=cand_NSE_NIFTYBANK_INDEX_BREAKOUT_57423.65_20260824_152000_Structural_v3.2_RVOL0.8, payload={'price': 57419.45, 'sl': 57399.875, 'tp': 57615.200000000004}
2026-08-25 09:42:03,743 - INFO - 💰 Position size [BREAKOUT|GAP_UP_NORMAL|conf=70]: frac=0.003 → ₹5,000 (risk/unit=0.03%)
2026-08-25 09:42:03,776 - INFO - 🟢 ENTRY [CF|Structural_v3.2_RVOL0.8|uctural_v3.2_RVOL0.8]: NSE:NIFTYBANK-INDEX BUY CALL @ 57419.45 | SL: 57399.88 TP: 57615.20
2026-08-25 09:42:03,776 - INFO - 👻 [Structural_v3.3_ExitMgmt] CF BREAKOUT NSE:NIFTYBANK-INDEX BUY CALL | Rejected: ['BIAS_MISMATCH', 'LOW_EFFICIENCY']
2026-08-25 09:42:03,776 - INFO - 📊 EXECUTION AUDIT [SIGNAL_GENERATED]: trade_id=None, candidate_id=cand_NSE_NIFTYBANK_INDEX_BREAKOUT_57423.65_20260824_152000_Structural_v3.3_ExitMgmt, payload={'symbol': 'NSE:NIFTYBANK-INDEX', 'signal': 'BUY CALL', 'strategy': 'BREAKOUT', 'price': 57419.45, 'stop_loss': 57399.875, 'take_profit': 57615.200000000004, 'tp1': 57448.81249999999, 'rr_ratio': 10.0, 'timestamp': '2026-08-24T15:20:00+05:30', 'accepted': False, 'rejection_reasons': ['BIAS_MISMATCH', 'LOW_EFFICIENCY'], 'features': {'date': '2026-08-24', 'strategy_name': 'Structural_v3', 'strategy_version': 'v3.2', 'feature_version': 'v1.1', 'market_regime': 'GAP_UP_NORMAL', 'day_type': 'NORMAL_DAY', 'session_type': 'CLOSE', 'daily_bias': 'NEUTRAL', 'hourly_bias': 'NEUTRAL', 'trend_strength': 0.0, 'rvol': 1.0, 'rvol_threshold': 1.0, 'atr': 39.15, 'distance_from_supply': 454.3, 'distance_from_demand': 417.7, 'nearest_supply_strength': 75.6, 'nearest_demand_strength': 96.6, 'distance_to_liquidity_pool': 417.6999999999971, 'liquidity_score': 10.0, 'indicator_snapshot': {'rvol_tod': 1.0, 'is_compressed': False, 'bos_count': 0}, 'move_efficiency': 0.5068, 'wickiness': 0.4882, 'fft_score': 0.0, 'setup_type': 'BREAKOUT', 'candidate_id': 'cand_NSE_NIFTYBANK_INDEX_BREAKOUT_57423.65_20260824_152000', 'ema20': 57374.09, 'ema50': 57398.7, 'move_efficiency_h1': 0.2451, 'ema_bullish': False, 'rsi14': 67.9, 'rsi2': 50.0, 'distance_to_vwap': -0.0008, 'atr_percentile': 0.7393, 'dist_prev_high': -0.0036, 'dist_prev_low': -0.0022, 'adx': 19.01, 'adx_slope': 2.1078, 'gap_pct': 0.0045, 'regime_primary': 'GAP_UP', 'regime_vol_state': 'NORMAL'}, 'candidate_id': 'cand_NSE_NIFTYBANK_INDEX_BREAKOUT_57423.65_20260824_152000_Structural_v3.3_ExitMgmt', 'experiment_name': 'Structural_v3.3_ExitMgmt', 'strategy_id': 'structural', 'version': 'v3.2'}
2026-08-25 09:42:05,677 - INFO - Resolved active expiry from API: 26AUG
2026-08-25 09:42:06,685 - INFO - Retrieved live premium from Fyers API: LTP=198.25 for NSE:BANKNIFTY26AUG57400CE
2026-08-25 09:42:06,686 - INFO - Resolved index signal into option contract: OptionContract(symbol='NSE:BANKNIFTY26AUG57400CE', strike=57400.0, expiry='26AUG', option_type='CE', premium=198.25, delta=0.5, bid=198.1, ask=198.8, volume=6682110, resolved_at=datetime.datetime(2026, 8, 25, 9, 42, 6, 686289))
2026-08-25 09:42:06,686 - INFO - ⚡ Option strike selection resolved index signal to contract NSE:BANKNIFTY26AUG57400CE @ premium 198.25 (type: CE, strike: 57400.0)
2026-08-25 09:42:06,686 - INFO - 📊 EXECUTION AUDIT [STRIKE_SELECTED]: trade_id=None, candidate_id=cand_NSE_NIFTYBANK_INDEX_BREAKOUT_57423.65_20260824_152000_Structural_v3.3_ExitMgmt, payload={'symbol': 'NSE:BANKNIFTY26AUG57400CE', 'strike': 57400.0, 'expiry': '26AUG', 'type': 'CE'}
2026-08-25 09:42:06,717 - INFO - 📊 EXECUTION AUDIT [PREMIUM_RETRIEVED]: trade_id=None, candidate_id=cand_NSE_NIFTYBANK_INDEX_BREAKOUT_57423.65_20260824_152000_Structural_v3.3_ExitMgmt, payload={'premium': 198.25, 'bid': 198.1, 'ask': 198.8}
2026-08-25 09:42:06,739 - INFO - 📊 EXECUTION AUDIT [CF_SUBMITTED]: trade_id=None, candidate_id=cand_NSE_NIFTYBANK_INDEX_BREAKOUT_57423.65_20260824_152000_Structural_v3.3_ExitMgmt, payload={'price': 57419.45, 'sl': 57399.875, 'tp': 57615.200000000004}
2026-08-25 09:42:06,759 - INFO - 📊 EXECUTION AUDIT [CF_FILLED]: trade_id=None, candidate_id=cand_NSE_NIFTYBANK_INDEX_BREAKOUT_57423.65_20260824_152000_Structural_v3.3_ExitMgmt, payload={'price': 57419.45, 'sl': 57399.875, 'tp': 57615.200000000004}
2026-08-25 09:42:06,777 - INFO - 💰 Position size [BREAKOUT|GAP_UP_NORMAL|conf=70]: frac=0.003 → ₹5,000 (risk/unit=0.03%)
2026-08-25 09:42:06,813 - INFO - 🟢 ENTRY [CF|Structural_v3.3_ExitMgmt|ctural_v3.3_ExitMgmt]: NSE:NIFTYBANK-INDEX BUY CALL @ 57419.45 | SL: 57399.88 TP: 57615.20
2026-08-25 09:42:06,813 - WARNING - ⚡ [CreditSpread_v1.0_PCRFade] errors: ['OPTIONS_DATA_STALE']
2026-08-25 09:42:06,813 - WARNING - ⚡ [OIWallReaction_v1.0] errors: ['OPTIONS_DATA_STALE']
2026-08-25 09:42:06,813 - WARNING - ⚡ [PCRExtremeReversal_v1.0] errors: ['OPTIONS_DATA_STALE']
2026-08-25 09:42:06,814 - INFO - 🧭 [IronCondor_v1.0] Regime router: NSE:NIFTYBANK-INDEX combo blocked from REAL capital (regime=GAP_UP_NORMAL) — routed to CF
2026-08-25 09:42:08,685 - INFO - Resolved active expiry from API: 26AUG
2026-08-25 09:42:09,756 - INFO - Retrieved live premium from Fyers API: LTP=40.9 for NSE:BANKNIFTY26AUG57300PE
2026-08-25 09:42:10,982 - INFO - Retrieved live premium from Fyers API: LTP=15.75 for NSE:BANKNIFTY26AUG57100PE
2026-08-25 09:42:12,174 - INFO - Retrieved live premium from Fyers API: LTP=144.8 for NSE:BANKNIFTY26AUG57500CE
2026-08-25 09:42:12,817 - INFO - Retrieved live premium from Fyers API: LTP=57.15 for NSE:BANKNIFTY26AUG57700CE
2026-08-25 09:42:12,818 - INFO - Resolved IRON_CONDOR for NSE:NIFTYBANK-INDEX: [('PE', 'SELL', 57300.0), ('PE', 'BUY', 57100.0), ('CE', 'SELL', 57500.0), ('CE', 'BUY', 57700.0)] net_premium=-111.65 max_loss=88.35
2026-08-25 09:42:12,873 - INFO - 🟢 CF COMBO ENTRY [IronCondor_v1.0|1035_IronCondor_v1.0]: NSE:NIFTYBANK-INDEX IRON_CONDOR | Net premium: -111.65 | Max loss: 88.35
2026-08-25 09:42:12,873 - WARNING - ⚡ [OI_Scalping_v1.0] errors: ['INSUFFICIENT_OI_DATA']
2026-08-25 09:42:17,363 - INFO - 📊 Saved 22 snapshots for NSE:NIFTY50-INDEX  (oi range: 248,235–34,443,890)
2026-08-25 09:42:18,459 - INFO - 📡 Fetching NSE:NIFTYBANK-INDEX @ 57504  expiry=26AUG  strikes=ATM±5
2026-08-25 09:42:35,872 - INFO - 🔔 [New Candle Closed] Running entry pipeline for candle 09:40 at 09:42:35...
2026-08-25 09:42:35,873 - INFO - --- 09:42:35 Market Pulse ---
2026-08-25 09:42:43,012 - INFO - 📊 EXECUTION AUDIT [CF_SL_MODIFIED]: trade_id=None, candidate_id=cand_NSE_NIFTYBANK_INDEX_BREAKOUT_57423.65_20260824_152000_Structural_v3.2_RVOL1.0, payload={'price': 57515.5, 'old_sl': 57399.875, 'new_sl': 57495.925, 'old_tp': None, 'new_tp': 57615.200000000004, 'reason': 'TRAILING_SL'}
2026-08-25 09:42:43,085 - INFO - 🟡 UPDATE (TRAILING_SL) [CFStructural_v3.2_RVOL1.0|uctural_v3.2_RVOL1.0]: NSE:NIFTYBANK-INDEX @ 57515.50 | SL→57495.93 TP→57615.20
2026-08-25 09:42:43,085 - INFO - 📊 EXECUTION AUDIT [CF_SL_MODIFIED]: trade_id=None, candidate_id=cand_NSE_NIFTYBANK_INDEX_BREAKOUT_57423.65_20260824_152000_Structural_v3.2_RVOL0.8, payload={'price': 57515.5, 'old_sl': 57399.875, 'new_sl': 57495.925, 'old_tp': None, 'new_tp': 57615.200000000004, 'reason': 'TRAILING_SL'}
2026-08-25 09:42:43,128 - INFO - 🟡 UPDATE (TRAILING_SL) [CFStructural_v3.2_RVOL0.8|uctural_v3.2_RVOL0.8]: NSE:NIFTYBANK-INDEX @ 57515.50 | SL→57495.93 TP→57615.20
2026-08-25 09:42:43,128 - INFO - 📊 EXECUTION AUDIT [CF_SL_MODIFIED]: trade_id=None, candidate_id=cand_NSE_NIFTYBANK_INDEX_BREAKOUT_57423.65_20260824_152000_Structural_v3.3_ExitMgmt, payload={'price': 57515.5, 'old_sl': 57399.875, 'new_sl': 57456.775, 'old_tp': None, 'new_tp': 57615.200000000004, 'reason': 'TRAILING_SL'}
2026-08-25 09:42:43,167 - INFO - 🟡 UPDATE (TRAILING_SL) [CFStructural_v3.3_ExitMgmt|ctural_v3.3_ExitMgmt]: NSE:NIFTYBANK-INDEX @ 57515.50 | SL→57456.78 TP→57615.20
2026-08-25 09:42:44,011 - INFO - Retrieved live premium from Fyers API: LTP=92.45 for NSE:NIFTY26AUG24100CE
2026-08-25 09:42:45,021 - INFO - Retrieved live premium from Fyers API: LTP=28.75 for NSE:NIFTY26AUG24200CE
2026-08-25 09:42:46,031 - INFO - Retrieved live premium from Fyers API: LTP=28.35 for NSE:NIFTY26AUG24200CE
2026-08-25 09:42:47,047 - INFO - Retrieved live premium from Fyers API: LTP=6.75 for NSE:NIFTY26AUG24300CE
2026-08-25 09:42:48,060 - INFO - Retrieved live premium from Fyers API: LTP=373.25 for NSE:BANKNIFTY26AUG57200CE
2026-08-25 09:42:48,503 - INFO - 📊 Saved 22 snapshots for NSE:NIFTYBANK-INDEX  (oi range: 136,260–3,129,120)
2026-08-25 09:42:49,076 - INFO - Retrieved live premium from Fyers API: LTP=212.25 for NSE:BANKNIFTY26AUG57400CE
2026-08-25 09:42:49,592 - INFO - 📡 Fetching NSE:NIFTY50-INDEX @ 24164  expiry=26AUG  strikes=ATM±5
2026-08-25 09:42:50,069 - INFO - Retrieved live premium from Fyers API: LTP=48.8 for NSE:NIFTY26AUG24200PE
2026-08-25 09:42:51,071 - INFO - Retrieved live premium from Fyers API: LTP=11.5 for NSE:NIFTY26AUG24100PE
2026-08-25 09:42:52,059 - INFO - Retrieved live premium from Fyers API: LTP=28.65 for NSE:NIFTY26AUG24200CE
2026-08-25 09:42:52,156 - INFO - [PreMarketCollector] ✅ NSE:NIFTY50-INDEX premarket frozen at 09:15: gap=-0.46% (DOWN/SMALL)
2026-08-25 09:42:52,175 - INFO - [PreMarketCollector] ✅ NSE:NIFTYBANK-INDEX premarket frozen at 09:15: gap=-0.77% (DOWN/MEDIUM)
2026-08-25 09:42:52,395 - INFO - [PreMarketCollector] ✅ NSE:NIFTY50-INDEX opening data: direction=FLAT volume=8133476
2026-08-25 09:42:53,314 - INFO - Retrieved live premium from Fyers API: LTP=48.4 for NSE:NIFTY26AUG24200PE
2026-08-25 09:42:53,368 - INFO - [PreMarketCollector] ✅ NSE:NIFTYBANK-INDEX opening data: direction=UP volume=9876110
2026-08-25 09:42:53,368 - INFO - [PreMarketCollector] Next cycle in 23.3h
2026-08-25 09:42:54,081 - INFO - Retrieved live premium from Fyers API: LTP=6.55 for NSE:NIFTY26AUG24300CE
2026-08-25 09:42:55,093 - INFO - Retrieved live premium from Fyers API: LTP=11.9 for NSE:NIFTY26AUG24100PE
2026-08-25 09:42:55,145 - INFO - 🔴 CF COMBO EXIT (STOP_R) [Strangle_v1.0_VolCompression|_v1.0_VolCompression]: NSE:NIFTY50-INDEX LONG_STRANGLE | PnL -0.65R | 42min
2026-08-25 09:42:56,093 - INFO - Retrieved live premium from Fyers API: LTP=25.45 for NSE:NIFTY26AUG24150PE
2026-08-25 09:42:57,098 - INFO - Retrieved live premium from Fyers API: LTP=5.5 for NSE:NIFTY26AUG24050PE
2026-08-25 09:42:58,116 - INFO - Retrieved live premium from Fyers API: LTP=13.4 for NSE:NIFTY26AUG24250CE
2026-08-25 09:42:59,120 - INFO - Retrieved live premium from Fyers API: LTP=3.3 for NSE:NIFTY26AUG24350CE
2026-08-25 09:43:00,155 - INFO - Retrieved live premium from Fyers API: LTP=49.2 for NSE:NIFTY26AUG24200PE
2026-08-25 09:43:01,131 - INFO - Retrieved live premium from Fyers API: LTP=28.15 for NSE:NIFTY26AUG24200CE
2026-08-25 09:43:02,376 - INFO - Retrieved live premium from Fyers API: LTP=3.1 for NSE:NIFTY26AUG24000PE
2026-08-25 09:43:03,136 - INFO - Retrieved live premium from Fyers API: LTP=1.95 for NSE:NIFTY26AUG24400CE
2026-08-25 09:43:04,152 - INFO - Retrieved live premium from Fyers API: LTP=25.05 for NSE:NIFTY26AUG24150PE
2026-08-25 09:43:05,169 - INFO - Retrieved live premium from Fyers API: LTP=5.35 for NSE:NIFTY26AUG24050PE
2026-08-25 09:43:06,178 - INFO - Retrieved live premium from Fyers API: LTP=13.5 for NSE:NIFTY26AUG24250CE
2026-08-25 09:43:07,182 - INFO - Retrieved live premium from Fyers API: LTP=3.3 for NSE:NIFTY26AUG24350CE
2026-08-25 09:43:08,178 - INFO - Retrieved live premium from Fyers API: LTP=5.0 for NSE:BANKNIFTY26AUG56800PE
2026-08-25 09:43:09,186 - INFO - Retrieved live premium from Fyers API: LTP=24.45 for NSE:NIFTY26AUG24150PE
2026-08-25 09:43:10,196 - INFO - Retrieved live premium from Fyers API: LTP=5.35 for NSE:NIFTY26AUG24050PE
2026-08-25 09:43:11,206 - INFO - Retrieved live premium from Fyers API: LTP=13.65 for NSE:NIFTY26AUG24250CE
2026-08-25 09:43:12,202 - INFO - Retrieved live premium from Fyers API: LTP=3.3 for NSE:NIFTY26AUG24350CE
2026-08-25 09:43:13,217 - INFO - Retrieved live premium from Fyers API: LTP=48.05 for NSE:NIFTY26AUG24200PE
2026-08-25 09:43:14,208 - INFO - Retrieved live premium from Fyers API: LTP=28.4 for NSE:NIFTY26AUG24200CE
2026-08-25 09:43:15,221 - INFO - Retrieved live premium from Fyers API: LTP=3.05 for NSE:NIFTY26AUG24000PE
2026-08-25 09:43:16,230 - INFO - Retrieved live premium from Fyers API: LTP=2.0 for NSE:NIFTY26AUG24400CE
2026-08-25 09:43:17,237 - INFO - Retrieved live premium from Fyers API: LTP=24.95 for NSE:NIFTY26AUG24150PE
2026-08-25 09:43:18,238 - INFO - Retrieved live premium from Fyers API: LTP=5.35 for NSE:NIFTY26AUG24050PE
2026-08-25 09:43:19,236 - INFO - Retrieved live premium from Fyers API: LTP=13.75 for NSE:NIFTY26AUG24250CE
2026-08-25 09:43:19,275 - INFO - 📊 Saved 22 snapshots for NSE:NIFTY50-INDEX  (oi range: 283,660–34,825,700)
2026-08-25 09:43:20,245 - INFO - Retrieved live premium from Fyers API: LTP=3.3 for NSE:NIFTY26AUG24350CE
2026-08-25 09:43:20,372 - INFO - 📡 Fetching NSE:NIFTYBANK-INDEX @ 57522  expiry=26AUG  strikes=ATM±5
2026-08-25 09:43:22,662 - WARNING - ⚡ [OI_Scalping_v1.0] errors: ['INSUFFICIENT_ATM_DATA'] (0.0ms)
2026-08-25 09:43:22,674 - INFO - Resolved active expiry from DB: 26AUG (2026-08-25)
2026-08-25 09:43:22,675 - INFO - 👻 [EMA_Pullback_20_50_RVOL0.5] CF PULLBACK NSE:NIFTY50-INDEX BUY PUT | Rejected: ['LOW_EFFICIENCY']
2026-08-25 09:43:22,675 - INFO - 📊 EXECUTION AUDIT [SIGNAL_GENERATED]: trade_id=None, candidate_id=cand_NSE_NIFTY50_INDEX_EMAPULL_24172.80_20260825_094235_EMA_Pullback_20_50_RVOL0.5, payload={'symbol': 'NSE:NIFTY50-INDEX', 'signal': 'BUY PUT', 'strategy': 'PULLBACK', 'price': 24172.8, 'stop_loss': 24188.602000000003, 'take_profit': 24071.25, 'tp1': 24149.096999999994, 'rr_ratio': 6.43, 'timestamp': '2026-08-25T09:42:35.872968+05:30', 'accepted': False, 'rejection_reasons': ['LOW_EFFICIENCY'], 'features': {'atr': 20.31, 'ema20': 24178.5, 'ema50': 24184.54, 'move_efficiency': 0.0139, 'move_efficiency_h1': 0.0735, 'wickiness': 0.654, 'ema_bullish': False, 'rsi14': 52.8, 'rsi2': 34.18, 'distance_to_vwap': 0.0, 'atr_percentile': 0.9953, 'dist_prev_high': -0.0058, 'dist_prev_low': 0.0012, 'adx': 18.58, 'adx_slope': -2.2546, 'gap_pct': -0.0018, 'regime_primary': 'WEAK_TREND_DOWN', 'regime_vol_state': 'HIGH_VOL', 'market_regime': 'WEAK_TREND_DOWN_HIGH_VOL'}, 'candidate_id': 'cand_NSE_NIFTY50_INDEX_EMAPULL_24172.80_20260825_094235_EMA_Pullback_20_50_RVOL0.5', 'confidence': 0.5, 'diagnostics': {'ema_distance': -0.00024, 'ema20': 24178.5, 'ema50': 24184.54, 'move_efficiency': 0.014, 'rvol': 2.1, 'atr': 20.31, 'atr_percentile': 0.995, 'distance_to_vwap': 0.0}, 'experiment_name': 'EMA_Pullback_20_50_RVOL0.5', 'strategy_id': 'ema_pullback', 'version': 'v1.0'}
2026-08-25 09:43:22,695 - INFO - Resolved active expiry from DB: 26AUG (2026-08-25)
2026-08-25 09:43:22,706 - INFO - Resolved index signal into option contract: OptionContract(symbol='NSE:NIFTY26AUG24150PE', strike=24150.0, expiry='26AUG', option_type='PE', premium=25.0, delta=0.5, bid=24.9, ask=25.0, volume=161962775, resolved_at=datetime.datetime(2026, 8, 25, 9, 43, 22, 706698))
2026-08-25 09:43:22,707 - INFO - ⚡ Option strike selection resolved index signal to contract NSE:NIFTY26AUG24150PE @ premium 25.0 (type: PE, strike: 24150.0)
2026-08-25 09:43:22,707 - INFO - 📊 EXECUTION AUDIT [STRIKE_SELECTED]: trade_id=None, candidate_id=cand_NSE_NIFTY50_INDEX_EMAPULL_24172.80_20260825_094235_EMA_Pullback_20_50_RVOL0.5, payload={'symbol': 'NSE:NIFTY26AUG24150PE', 'strike': 24150.0, 'expiry': '26AUG', 'type': 'PE'}
2026-08-25 09:43:22,718 - INFO - 📊 EXECUTION AUDIT [PREMIUM_RETRIEVED]: trade_id=None, candidate_id=cand_NSE_NIFTY50_INDEX_EMAPULL_24172.80_20260825_094235_EMA_Pullback_20_50_RVOL0.5, payload={'premium': 25.0, 'bid': 24.9, 'ask': 25.0}
2026-08-25 09:43:22,729 - INFO - 📊 EXECUTION AUDIT [CF_SUBMITTED]: trade_id=None, candidate_id=cand_NSE_NIFTY50_INDEX_EMAPULL_24172.80_20260825_094235_EMA_Pullback_20_50_RVOL0.5, payload={'price': 24172.8, 'sl': 24188.602000000003, 'tp': 24071.25}
2026-08-25 09:43:22,741 - INFO - 📊 EXECUTION AUDIT [CF_FILLED]: trade_id=None, candidate_id=cand_NSE_NIFTY50_INDEX_EMAPULL_24172.80_20260825_094235_EMA_Pullback_20_50_RVOL0.5, payload={'price': 24172.8, 'sl': 24188.602000000003, 'tp': 24071.25}
2026-08-25 09:43:22,752 - INFO - 💰 Position size [PULLBACK|WEAK_TREND_DOWN_HIGH_VOL|conf=0]: frac=0.003 → ₹5,000 (risk/unit=0.07%)
2026-08-25 09:43:22,777 - INFO - 🟢 ENTRY [CF|EMA_Pullback_20_50_RVOL0.5|llback_20_50_RVOL0.5]: NSE:NIFTY50-INDEX BUY PUT @ 24172.80 | SL: 24188.60 TP: 24071.25
2026-08-25 09:43:22,777 - INFO - 👻 [Geometry_v1.0_Score35] CF TRENDLINE_RETEST NSE:NIFTY50-INDEX BUY PUT | Rejected: ['NARRATIVE_BIAS_BULLISH', 'LOW_RR:-0.02']
2026-08-25 09:43:22,777 - INFO - 📊 EXECUTION AUDIT [SIGNAL_GENERATED]: trade_id=None, candidate_id=cand_NSE_NIFTY50_INDEX_TRENDLINE_RETEST_24172.80_202608250942_Geometry_v1.0_Score35, payload={'symbol': 'NSE:NIFTY50-INDEX', 'candidate_id': 'cand_NSE_NIFTY50_INDEX_TRENDLINE_RETEST_24172.80_202608250942_Geometry_v1.0_Score35', 'experiment_name': 'Geometry_v1.0_Score35', 'strategy_id': 'geometry', 'version': 'v1.0', 'signal': 'BUY PUT', 'strategy': 'TRENDLINE_RETEST', 'price': 24172.8, 'stop_loss': 24198.25, 'take_profit': 24173.33, 'tp1': 24134.63, 'rr_ratio': -0.02, 'timestamp': '2026-08-25T09:42:35.872968+05:30', 'zone_band_low': None, 'zone_band_high': None, 'zone_direction': None, 'zone_component_count': 0, 'accepted': False, 'rejection_reasons': ['NARRATIVE_BIAS_BULLISH', 'LOW_RR:-0.02'], 'stop_loss_distance': 25.45, 'atr': 20.31, 'confidence': 0.788, 'diagnostics': {'trendline_id': 'tl_dbfce752c1404b10', 'trendline_confidence': 0.8, 'trendline_r2': 0.997, 'trendline_touches': 69, 'trendline_price_at_now': 24167.93, 'dist_pct': 0.0002, 'narrative_bias': 'REVERSAL', 'bias_confidence': 0.766}, 'features': {'regime_primary': 'WEAK_TREND_DOWN', 'regime_vol_state': 'HIGH_VOL', 'market_regime': 'WEAK_TREND_DOWN_HIGH_VOL'}}
2026-08-25 09:43:22,801 - INFO - Resolved active expiry from DB: 26AUG (2026-08-25)
2026-08-25 09:43:22,814 - INFO - Resolved index signal into option contract: OptionContract(symbol='NSE:NIFTY26AUG24150PE', strike=24150.0, expiry='26AUG', option_type='PE', premium=25.0, delta=0.5, bid=24.9, ask=25.0, volume=161962775, resolved_at=datetime.datetime(2026, 8, 25, 9, 43, 22, 814464))
2026-08-25 09:43:22,814 - INFO - ⚡ Option strike selection resolved index signal to contract NSE:NIFTY26AUG24150PE @ premium 25.0 (type: PE, strike: 24150.0)
2026-08-25 09:43:22,814 - INFO - 📊 EXECUTION AUDIT [STRIKE_SELECTED]: trade_id=None, candidate_id=cand_NSE_NIFTY50_INDEX_TRENDLINE_RETEST_24172.80_202608250942_Geometry_v1.0_Score35, payload={'symbol': 'NSE:NIFTY26AUG24150PE', 'strike': 24150.0, 'expiry': '26AUG', 'type': 'PE'}
2026-08-25 09:43:22,825 - INFO - 📊 EXECUTION AUDIT [PREMIUM_RETRIEVED]: trade_id=None, candidate_id=cand_NSE_NIFTY50_INDEX_TRENDLINE_RETEST_24172.80_202608250942_Geometry_v1.0_Score35, payload={'premium': 25.0, 'bid': 24.9, 'ask': 25.0}
2026-08-25 09:43:22,836 - INFO - 📊 EXECUTION AUDIT [CF_SUBMITTED]: trade_id=None, candidate_id=cand_NSE_NIFTY50_INDEX_TRENDLINE_RETEST_24172.80_202608250942_Geometry_v1.0_Score35, payload={'price': 24172.8, 'sl': 24198.25, 'tp': 24173.33}
2026-08-25 09:43:22,847 - INFO - 📊 EXECUTION AUDIT [CF_FILLED]: trade_id=None, candidate_id=cand_NSE_NIFTY50_INDEX_TRENDLINE_RETEST_24172.80_202608250942_Geometry_v1.0_Score35, payload={'price': 24172.8, 'sl': 24198.25, 'tp': 24173.33}
2026-08-25 09:43:22,858 - INFO - 💰 Position size [TRENDLINE_RETEST|WEAK_TREND_DOWN_HIGH_VOL|conf=1]: frac=0.003 → ₹5,000 (risk/unit=0.11%)
2026-08-25 09:43:22,881 - INFO - 🟢 ENTRY [CF|Geometry_v1.0_Score35|eometry_v1.0_Score35]: NSE:NIFTY50-INDEX BUY PUT @ 24172.80 | SL: 24198.25 TP: 24173.33
2026-08-25 09:43:22,881 - INFO - 👻 [Geometry_v1.0_Score50] CF TRENDLINE_RETEST NSE:NIFTY50-INDEX BUY PUT | Rejected: ['NARRATIVE_BIAS_BULLISH', 'LOW_RR:-0.02']
2026-08-25 09:43:22,881 - INFO - 📊 EXECUTION AUDIT [SIGNAL_GENERATED]: trade_id=None, candidate_id=cand_NSE_NIFTY50_INDEX_TRENDLINE_RETEST_24172.80_202608250942_Geometry_v1.0_Score50, payload={'symbol': 'NSE:NIFTY50-INDEX', 'candidate_id': 'cand_NSE_NIFTY50_INDEX_TRENDLINE_RETEST_24172.80_202608250942_Geometry_v1.0_Score50', 'experiment_name': 'Geometry_v1.0_Score50', 'strategy_id': 'geometry', 'version': 'v1.0', 'signal': 'BUY PUT', 'strategy': 'TRENDLINE_RETEST', 'price': 24172.8, 'stop_loss': 24198.25, 'take_profit': 24173.33, 'tp1': 24134.63, 'rr_ratio': -0.02, 'timestamp': '2026-08-25T09:42:35.872968+05:30', 'zone_band_low': None, 'zone_band_high': None, 'zone_direction': None, 'zone_component_count': 0, 'accepted': False, 'rejection_reasons': ['NARRATIVE_BIAS_BULLISH', 'LOW_RR:-0.02'], 'stop_loss_distance': 25.45, 'atr': 20.31, 'confidence': 0.788, 'diagnostics': {'trendline_id': 'tl_dbfce752c1404b10', 'trendline_confidence': 0.8, 'trendline_r2': 0.997, 'trendline_touches': 69, 'trendline_price_at_now': 24167.93, 'dist_pct': 0.0002, 'narrative_bias': 'REVERSAL', 'bias_confidence': 0.766}, 'features': {'regime_primary': 'WEAK_TREND_DOWN', 'regime_vol_state': 'HIGH_VOL', 'market_regime': 'WEAK_TREND_DOWN_HIGH_VOL'}}
2026-08-25 09:43:22,903 - INFO - Resolved active expiry from DB: 26AUG (2026-08-25)
2026-08-25 09:43:22,915 - INFO - Resolved index signal into option contract: OptionContract(symbol='NSE:NIFTY26AUG24150PE', strike=24150.0, expiry='26AUG', option_type='PE', premium=25.0, delta=0.5, bid=24.9, ask=25.0, volume=161962775, resolved_at=datetime.datetime(2026, 8, 25, 9, 43, 22, 915814))
2026-08-25 09:43:22,915 - INFO - ⚡ Option strike selection resolved index signal to contract NSE:NIFTY26AUG24150PE @ premium 25.0 (type: PE, strike: 24150.0)
2026-08-25 09:43:22,916 - INFO - 📊 EXECUTION AUDIT [STRIKE_SELECTED]: trade_id=None, candidate_id=cand_NSE_NIFTY50_INDEX_TRENDLINE_RETEST_24172.80_202608250942_Geometry_v1.0_Score50, payload={'symbol': 'NSE:NIFTY26AUG24150PE', 'strike': 24150.0, 'expiry': '26AUG', 'type': 'PE'}
2026-08-25 09:43:22,926 - INFO - 📊 EXECUTION AUDIT [PREMIUM_RETRIEVED]: trade_id=None, candidate_id=cand_NSE_NIFTY50_INDEX_TRENDLINE_RETEST_24172.80_202608250942_Geometry_v1.0_Score50, payload={'premium': 25.0, 'bid': 24.9, 'ask': 25.0}
2026-08-25 09:43:22,937 - INFO - 📊 EXECUTION AUDIT [CF_SUBMITTED]: trade_id=None, candidate_id=cand_NSE_NIFTY50_INDEX_TRENDLINE_RETEST_24172.80_202608250942_Geometry_v1.0_Score50, payload={'price': 24172.8, 'sl': 24198.25, 'tp': 24173.33}
2026-08-25 09:43:22,948 - INFO - 📊 EXECUTION AUDIT [CF_FILLED]: trade_id=None, candidate_id=cand_NSE_NIFTY50_INDEX_TRENDLINE_RETEST_24172.80_202608250942_Geometry_v1.0_Score50, payload={'price': 24172.8, 'sl': 24198.25, 'tp': 24173.33}
2026-08-25 09:43:22,959 - INFO - 💰 Position size [TRENDLINE_RETEST|WEAK_TREND_DOWN_HIGH_VOL|conf=1]: frac=0.003 → ₹5,000 (risk/unit=0.11%)
2026-08-25 09:43:22,982 - INFO - 🟢 ENTRY [CF|Geometry_v1.0_Score50|eometry_v1.0_Score50]: NSE:NIFTY50-INDEX BUY PUT @ 24172.80 | SL: 24198.25 TP: 24173.33
2026-08-25 09:43:22,982 - INFO - 👻 [OrderFlow_v1.0] CF LIQUIDITY_SWEEP NSE:NIFTY50-INDEX BUY PUT | Rejected: ['NARRATIVE_BIAS_OPPOSED', 'LOW_RR:1.46']
2026-08-25 09:43:22,982 - INFO - 📊 EXECUTION AUDIT [SIGNAL_GENERATED]: trade_id=None, candidate_id=cand_NSE_NIFTY50_INDEX_LIQUIDITY_SWEEP_24172.80_20260825_094235_OrderFlow_v1.0, payload={'symbol': 'NSE:NIFTY50-INDEX', 'candidate_id': 'cand_NSE_NIFTY50_INDEX_LIQUIDITY_SWEEP_24172.80_20260825_094235_OrderFlow_v1.0', 'signal': 'BUY PUT', 'price': 24172.8, 'stop_loss': 24182.954999999998, 'take_profit': 24158.0, 'tp1': 24157.5675, 'rr_ratio': 1.46, 'strategy': 'LIQUIDITY_SWEEP', 'confidence': 0.715, 'accepted': False, 'rejection_reasons': ['NARRATIVE_BIAS_OPPOSED', 'LOW_RR:1.46'], 'timestamp': datetime.datetime(2026, 8, 25, 9, 42, 35, 872968, tzinfo=zoneinfo.ZoneInfo(key='Asia/Kolkata')), 'diagnostics': {'swept_level': 24176.37, 'swept_object': 'LIQUIDITY_POOL', 'volume_multiplier': 2.1, 'rejection_wick_size': 2.4}, 'experiment_name': 'OrderFlow_v1.0', 'strategy_id': 'order_flow', 'version': 'v1.0', 'features': {'regime_primary': 'WEAK_TREND_DOWN', 'regime_vol_state': 'HIGH_VOL', 'market_regime': 'WEAK_TREND_DOWN_HIGH_VOL'}}
2026-08-25 09:43:23,005 - INFO - Resolved active expiry from DB: 26AUG (2026-08-25)
2026-08-25 09:43:23,018 - INFO - Resolved index signal into option contract: OptionContract(symbol='NSE:NIFTY26AUG24150PE', strike=24150.0, expiry='26AUG', option_type='PE', premium=25.0, delta=0.5, bid=24.9, ask=25.0, volume=161962775, resolved_at=datetime.datetime(2026, 8, 25, 9, 43, 23, 18080))
2026-08-25 09:43:23,018 - INFO - ⚡ Option strike selection resolved index signal to contract NSE:NIFTY26AUG24150PE @ premium 25.0 (type: PE, strike: 24150.0)
2026-08-25 09:43:23,018 - INFO - 📊 EXECUTION AUDIT [STRIKE_SELECTED]: trade_id=None, candidate_id=cand_NSE_NIFTY50_INDEX_LIQUIDITY_SWEEP_24172.80_20260825_094235_OrderFlow_v1.0, payload={'symbol': 'NSE:NIFTY26AUG24150PE', 'strike': 24150.0, 'expiry': '26AUG', 'type': 'PE'}
2026-08-25 09:43:23,028 - INFO - 📊 EXECUTION AUDIT [PREMIUM_RETRIEVED]: trade_id=None, candidate_id=cand_NSE_NIFTY50_INDEX_LIQUIDITY_SWEEP_24172.80_20260825_094235_OrderFlow_v1.0, payload={'premium': 25.0, 'bid': 24.9, 'ask': 25.0}
2026-08-25 09:43:23,040 - INFO - 📊 EXECUTION AUDIT [CF_SUBMITTED]: trade_id=None, candidate_id=cand_NSE_NIFTY50_INDEX_LIQUIDITY_SWEEP_24172.80_20260825_094235_OrderFlow_v1.0, payload={'price': 24172.8, 'sl': 24182.954999999998, 'tp': 24158.0}
2026-08-25 09:43:23,052 - INFO - 📊 EXECUTION AUDIT [CF_FILLED]: trade_id=None, candidate_id=cand_NSE_NIFTY50_INDEX_LIQUIDITY_SWEEP_24172.80_20260825_094235_OrderFlow_v1.0, payload={'price': 24172.8, 'sl': 24182.954999999998, 'tp': 24158.0}
2026-08-25 09:43:23,062 - INFO - 💰 Position size [LIQUIDITY_SWEEP|WEAK_TREND_DOWN_HIGH_VOL|conf=1]: frac=0.003 → ₹5,000 (risk/unit=0.04%)
2026-08-25 09:43:23,087 - INFO - 🟢 ENTRY [CF|OrderFlow_v1.0|94235_OrderFlow_v1.0]: NSE:NIFTY50-INDEX BUY PUT @ 24172.80 | SL: 24182.95 TP: 24158.00
2026-08-25 09:43:23,087 - INFO - 👻 [Strangle_v1.0_VolCompression] CF COMBO LONG_STRANGLE NSE:NIFTY50-INDEX LONG_STRANGLE | Rejected: ['NO_COMPRESSION:1.00']
2026-08-25 09:43:23,099 - INFO - Resolved active expiry from DB: 26AUG (2026-08-25)
2026-08-25 09:43:23,125 - INFO - Resolved LONG_STRANGLE for NSE:NIFTY50-INDEX: [('CE', 'BUY', 24250.0), ('PE', 'BUY', 24050.0)] net_premium=19.10 max_loss=19.10
2026-08-25 09:43:23,147 - INFO - 🟢 CF COMBO ENTRY [Strangle_v1.0_VolCompression|_v1.0_VolCompression]: NSE:NIFTY50-INDEX LONG_STRANGLE | Net premium: 19.10 | Max loss: 19.10
2026-08-25 09:43:23,147 - INFO - 👻 [OIWallReaction_v1.0] CF OI_WALL_FADE NSE:NIFTY50-INDEX BUY PUT | Rejected: ['LOW_RR:0.9']
2026-08-25 09:43:23,147 - INFO - 📊 EXECUTION AUDIT [SIGNAL_GENERATED]: trade_id=None, candidate_id=cand_NSE_NIFTY50_INDEX_OI_WALL_FADE_24172.80_20260825_094235_OIWallReaction_v1.0, payload={'symbol': 'NSE:NIFTY50-INDEX', 'candidate_id': 'cand_NSE_NIFTY50_INDEX_OI_WALL_FADE_24172.80_20260825_094235_OIWallReaction_v1.0', 'signal': 'BUY PUT', 'price': 24172.8, 'stop_loss': 24203.0465, 'take_profit': 24200.0, 'tp1': 24127.430249999998, 'rr_ratio': 0.9, 'strategy': 'OI_WALL_FADE', 'confidence': 1.0, 'accepted': False, 'rejection_reasons': ['LOW_RR:0.9'], 'timestamp': datetime.datetime(2026, 8, 25, 9, 42, 35, 872968, tzinfo=zoneinfo.ZoneInfo(key='Asia/Kolkata')), 'diagnostics': {'wall_strike': 24200.0, 'wall_oi': 34825700, 'wall_oi_change': 18281300, 'wall_type': 'call'}, 'experiment_name': 'OIWallReaction_v1.0', 'strategy_id': 'oi_wall_reaction', 'version': 'v1.0', 'features': {'regime_primary': 'WEAK_TREND_DOWN', 'regime_vol_state': 'HIGH_VOL', 'market_regime': 'WEAK_TREND_DOWN_HIGH_VOL'}}
2026-08-25 09:43:23,177 - INFO - Resolved active expiry from DB: 26AUG (2026-08-25)
2026-08-25 09:43:23,190 - INFO - Resolved index signal into option contract: OptionContract(symbol='NSE:NIFTY26AUG24150PE', strike=24150.0, expiry='26AUG', option_type='PE', premium=25.0, delta=0.5, bid=24.9, ask=25.0, volume=161962775, resolved_at=datetime.datetime(2026, 8, 25, 9, 43, 23, 190240))
2026-08-25 09:43:23,190 - INFO - ⚡ Option strike selection resolved index signal to contract NSE:NIFTY26AUG24150PE @ premium 25.0 (type: PE, strike: 24150.0)
2026-08-25 09:43:23,190 - INFO - 📊 EXECUTION AUDIT [STRIKE_SELECTED]: trade_id=None, candidate_id=cand_NSE_NIFTY50_INDEX_OI_WALL_FADE_24172.80_20260825_094235_OIWallReaction_v1.0, payload={'symbol': 'NSE:NIFTY26AUG24150PE', 'strike': 24150.0, 'expiry': '26AUG', 'type': 'PE'}
2026-08-25 09:43:23,202 - INFO - 📊 EXECUTION AUDIT [PREMIUM_RETRIEVED]: trade_id=None, candidate_id=cand_NSE_NIFTY50_INDEX_OI_WALL_FADE_24172.80_20260825_094235_OIWallReaction_v1.0, payload={'premium': 25.0, 'bid': 24.9, 'ask': 25.0}
2026-08-25 09:43:23,213 - INFO - 📊 EXECUTION AUDIT [CF_SUBMITTED]: trade_id=None, candidate_id=cand_NSE_NIFTY50_INDEX_OI_WALL_FADE_24172.80_20260825_094235_OIWallReaction_v1.0, payload={'price': 24172.8, 'sl': 24203.0465, 'tp': 24200.0}
2026-08-25 09:43:23,226 - INFO - 📊 EXECUTION AUDIT [CF_FILLED]: trade_id=None, candidate_id=cand_NSE_NIFTY50_INDEX_OI_WALL_FADE_24172.80_20260825_094235_OIWallReaction_v1.0, payload={'price': 24172.8, 'sl': 24203.0465, 'tp': 24200.0}
2026-08-25 09:43:23,237 - INFO - 💰 Position size [OI_WALL_FADE|WEAK_TREND_DOWN_HIGH_VOL|conf=1]: frac=0.003 → ₹5,000 (risk/unit=0.13%)
2026-08-25 09:43:23,261 - INFO - 🟢 ENTRY [CF|OIWallReaction_v1.0|_OIWallReaction_v1.0]: NSE:NIFTY50-INDEX BUY PUT @ 24172.80 | SL: 24203.05 TP: 24200.00
2026-08-25 09:43:23,261 - INFO - 🚀 SIGNAL: NSE:NIFTY50-INDEX BUY PUT | [OIWallReaction_v1.0]
2026-08-25 09:43:23,261 - INFO -    Entry: 24172.8 | SL: 24203.0465 | TP: 24111.87 (RR: 2.01)
2026-08-25 09:43:23,261 - INFO - 📊 EXECUTION AUDIT [SIGNAL_GENERATED]: trade_id=trade_NSE_NIFTY50_INDEX_OIWallReaction_v1.0_1787631155, candidate_id=cand_NSE_NIFTY50_INDEX_OI_WALL_BREAK_24172.80_20260825_094235_OIWallReaction_v1.0, payload={'symbol': 'NSE:NIFTY50-INDEX', 'candidate_id': 'cand_NSE_NIFTY50_INDEX_OI_WALL_BREAK_24172.80_20260825_094235_OIWallReaction_v1.0', 'signal': 'BUY PUT', 'price': 24172.8, 'stop_loss': 24203.0465, 'take_profit': 24111.87, 'tp1': 24127.430249999998, 'rr_ratio': 2.01, 'strategy': 'OI_WALL_BREAK', 'confidence': 1.0, 'accepted': True, 'rejection_reasons': [], 'timestamp': datetime.datetime(2026, 8, 25, 9, 42, 35, 872968, tzinfo=zoneinfo.ZoneInfo(key='Asia/Kolkata')), 'diagnostics': {'wall_strike': 24200.0, 'wall_oi': 28020265, 'wall_oi_change': 15751865, 'wall_type': 'put', 'rvol': 2.1}, 'experiment_name': 'OIWallReaction_v1.0', 'strategy_id': 'oi_wall_reaction', 'version': 'v1.0', 'features': {'regime_primary': 'WEAK_TREND_DOWN', 'regime_vol_state': 'HIGH_VOL', 'market_regime': 'WEAK_TREND_DOWN_HIGH_VOL'}}
2026-08-25 09:43:23,284 - INFO - Resolved active expiry from DB: 26AUG (2026-08-25)
2026-08-25 09:43:23,296 - INFO - Resolved index signal into option contract: OptionContract(symbol='NSE:NIFTY26AUG24150PE', strike=24150.0, expiry='26AUG', option_type='PE', premium=25.0, delta=0.5, bid=24.9, ask=25.0, volume=161962775, resolved_at=datetime.datetime(2026, 8, 25, 9, 43, 23, 296929))
2026-08-25 09:43:23,297 - INFO - ⚡ Option strike selection resolved index signal to contract NSE:NIFTY26AUG24150PE @ premium 25.0 (type: PE, strike: 24150.0)
2026-08-25 09:43:23,297 - INFO - 📊 EXECUTION AUDIT [STRIKE_SELECTED]: trade_id=trade_NSE_NIFTY50_INDEX_OIWallReaction_v1.0_1787631155, candidate_id=cand_NSE_NIFTY50_INDEX_OI_WALL_BREAK_24172.80_20260825_094235_OIWallReaction_v1.0, payload={'symbol': 'NSE:NIFTY26AUG24150PE', 'strike': 24150.0, 'expiry': '26AUG', 'type': 'PE'}
2026-08-25 09:43:23,307 - INFO - 📊 EXECUTION AUDIT [PREMIUM_RETRIEVED]: trade_id=trade_NSE_NIFTY50_INDEX_OIWallReaction_v1.0_1787631155, candidate_id=cand_NSE_NIFTY50_INDEX_OI_WALL_BREAK_24172.80_20260825_094235_OIWallReaction_v1.0, payload={'premium': 25.0, 'bid': 24.9, 'ask': 25.0}
2026-08-25 09:43:23,318 - INFO - 📊 EXECUTION AUDIT [ORDER_SUBMITTED]: trade_id=trade_NSE_NIFTY50_INDEX_OIWallReaction_v1.0_1787631155, candidate_id=cand_NSE_NIFTY50_INDEX_OI_WALL_BREAK_24172.80_20260825_094235_OIWallReaction_v1.0, payload={'price': 24172.8, 'sl': 24203.0465, 'tp': 24111.87}
2026-08-25 09:43:23,329 - INFO - 📊 EXECUTION AUDIT [ORDER_FILLED]: trade_id=trade_NSE_NIFTY50_INDEX_OIWallReaction_v1.0_1787631155, candidate_id=cand_NSE_NIFTY50_INDEX_OI_WALL_BREAK_24172.80_20260825_094235_OIWallReaction_v1.0, payload={'price': 24172.8, 'sl': 24203.0465, 'tp': 24111.87}
2026-08-25 09:43:23,339 - INFO - 💰 Position size [OI_WALL_BREAK|WEAK_TREND_DOWN_HIGH_VOL|conf=1]: frac=0.003 → ₹5,000 (risk/unit=0.13%)
2026-08-25 09:43:23,364 - INFO - 🟢 ENTRY [OIWallReaction_v1.0|_v1.0_1787631155]: NSE:NIFTY50-INDEX BUY PUT @ 24172.80 | SL: 24203.05 TP: 24111.87
2026-08-25 09:43:23,365 - INFO - 👻 [Butterfly_v1.0] CF COMBO BUTTERFLY_SPREAD NSE:NIFTY50-INDEX BUTTERFLY_SPREAD | Rejected: ['HIGH_RVOL']
2026-08-25 09:43:23,376 - INFO - Resolved active expiry from DB: 26AUG (2026-08-25)
2026-08-25 09:43:23,426 - INFO - Resolved BUTTERFLY_SPREAD for NSE:NIFTY50-INDEX: [('CE', 'BUY', 24050.0), ('CE', 'SELL', 24150.0), ('CE', 'SELL', 24150.0), ('CE', 'BUY', 24250.0)] net_premium=40.00 max_loss=40.00
2026-08-25 09:43:23,448 - INFO - 🟢 CF COMBO ENTRY [Butterfly_v1.0|94235_Butterfly_v1.0]: NSE:NIFTY50-INDEX BUTTERFLY_SPREAD | Net premium: 40.00 | Max loss: 40.00
2026-08-25 09:43:23,448 - WARNING - ⚡ [OI_Scalping_v1.0] errors: ['INSUFFICIENT_ATM_DATA']
2026-08-25 09:43:24,770 - WARNING - ⚡ [OI_Scalping_v1.0] errors: ['INSUFFICIENT_ATM_DATA'] (0.0ms)
2026-08-25 09:43:24,782 - INFO - Resolved active expiry from DB: 26AUG (2026-08-25)
2026-08-25 09:43:24,783 - INFO - 👻 [Geometry_v1.0_Score35] CF TRENDLINE_RETEST NSE:NIFTYBANK-INDEX BUY PUT | Rejected: ['LOW_RR:0.0']
2026-08-25 09:43:24,783 - INFO - 📊 EXECUTION AUDIT [SIGNAL_GENERATED]: trade_id=None, candidate_id=cand_NSE_NIFTYBANK_INDEX_TRENDLINE_RETEST_57544.30_202608250942_Geometry_v1.0_Score35, payload={'symbol': 'NSE:NIFTYBANK-INDEX', 'candidate_id': 'cand_NSE_NIFTYBANK_INDEX_TRENDLINE_RETEST_57544.30_202608250942_Geometry_v1.0_Score35', 'experiment_name': 'Geometry_v1.0_Score35', 'strategy_id': 'geometry', 'version': 'v1.0', 'signal': 'BUY PUT', 'strategy': 'TRENDLINE_RETEST', 'price': 57544.3, 'stop_loss': 57641.98, 'take_profit': 57544.3, 'tp1': 57397.79, 'rr_ratio': 0.0, 'timestamp': '2026-08-25T09:42:35.872968+05:30', 'zone_band_low': None, 'zone_band_high': None, 'zone_direction': None, 'zone_component_count': 0, 'accepted': False, 'rejection_reasons': ['LOW_RR:0.0'], 'stop_loss_distance': 97.68, 'atr': 76.84, 'confidence': 0.701, 'diagnostics': {'trendline_id': 'tl_6c5672a67b901d76', 'trendline_confidence': 0.755, 'trendline_r2': 0.996, 'trendline_touches': 24, 'trendline_price_at_now': 57330.41, 'dist_pct': 0.00372, 'narrative_bias': 'CONTINUATION', 'bias_confidence': 0.6}, 'features': {'regime_primary': 'WEAK_TREND_UP', 'regime_vol_state': 'HIGH_VOL', 'market_regime': 'WEAK_TREND_UP_HIGH_VOL'}}
2026-08-25 09:43:24,803 - INFO - Resolved active expiry from DB: 26AUG (2026-08-25)
2026-08-25 09:43:24,816 - INFO - Resolved index signal into option contract: OptionContract(symbol='NSE:BANKNIFTY26AUG57500PE', strike=57500.0, expiry='26AUG', option_type='PE', premium=98.8, delta=0.5, bid=98.7, ask=99.1, volume=11572770, resolved_at=datetime.datetime(2026, 8, 25, 9, 43, 24, 816283))
2026-08-25 09:43:24,816 - INFO - ⚡ Option strike selection resolved index signal to contract NSE:BANKNIFTY26AUG57500PE @ premium 98.8 (type: PE, strike: 57500.0)
2026-08-25 09:43:24,816 - INFO - 📊 EXECUTION AUDIT [STRIKE_SELECTED]: trade_id=None, candidate_id=cand_NSE_NIFTYBANK_INDEX_TRENDLINE_RETEST_57544.30_202608250942_Geometry_v1.0_Score35, payload={'symbol': 'NSE:BANKNIFTY26AUG57500PE', 'strike': 57500.0, 'expiry': '26AUG', 'type': 'PE'}
2026-08-25 09:43:24,827 - INFO - 📊 EXECUTION AUDIT [PREMIUM_RETRIEVED]: trade_id=None, candidate_id=cand_NSE_NIFTYBANK_INDEX_TRENDLINE_RETEST_57544.30_202608250942_Geometry_v1.0_Score35, payload={'premium': 98.8, 'bid': 98.7, 'ask': 99.1}
2026-08-25 09:43:24,838 - INFO - 📊 EXECUTION AUDIT [CF_SUBMITTED]: trade_id=None, candidate_id=cand_NSE_NIFTYBANK_INDEX_TRENDLINE_RETEST_57544.30_202608250942_Geometry_v1.0_Score35, payload={'price': 57544.3, 'sl': 57641.98, 'tp': 57544.3}
2026-08-25 09:43:24,850 - INFO - 📊 EXECUTION AUDIT [CF_FILLED]: trade_id=None, candidate_id=cand_NSE_NIFTYBANK_INDEX_TRENDLINE_RETEST_57544.30_202608250942_Geometry_v1.0_Score35, payload={'price': 57544.3, 'sl': 57641.98, 'tp': 57544.3}
2026-08-25 09:43:24,860 - INFO - 💰 Position size [TRENDLINE_RETEST|WEAK_TREND_UP_HIGH_VOL|conf=1]: frac=0.003 → ₹5,000 (risk/unit=0.17%)
2026-08-25 09:43:24,883 - INFO - 🟢 ENTRY [CF|Geometry_v1.0_Score35|eometry_v1.0_Score35]: NSE:NIFTYBANK-INDEX BUY PUT @ 57544.30 | SL: 57641.98 TP: 57544.30
2026-08-25 09:43:24,883 - INFO - 👻 [Geometry_v1.0_Score50] CF TRENDLINE_RETEST NSE:NIFTYBANK-INDEX BUY PUT | Rejected: ['LOW_RR:0.0']
2026-08-25 09:43:24,883 - INFO - 📊 EXECUTION AUDIT [SIGNAL_GENERATED]: trade_id=None, candidate_id=cand_NSE_NIFTYBANK_INDEX_TRENDLINE_RETEST_57544.30_202608250942_Geometry_v1.0_Score50, payload={'symbol': 'NSE:NIFTYBANK-INDEX', 'candidate_id': 'cand_NSE_NIFTYBANK_INDEX_TRENDLINE_RETEST_57544.30_202608250942_Geometry_v1.0_Score50', 'experiment_name': 'Geometry_v1.0_Score50', 'strategy_id': 'geometry', 'version': 'v1.0', 'signal': 'BUY PUT', 'strategy': 'TRENDLINE_RETEST', 'price': 57544.3, 'stop_loss': 57641.98, 'take_profit': 57544.3, 'tp1': 57397.79, 'rr_ratio': 0.0, 'timestamp': '2026-08-25T09:42:35.872968+05:30', 'zone_band_low': None, 'zone_band_high': None, 'zone_direction': None, 'zone_component_count': 0, 'accepted': False, 'rejection_reasons': ['LOW_RR:0.0'], 'stop_loss_distance': 97.68, 'atr': 76.84, 'confidence': 0.701, 'diagnostics': {'trendline_id': 'tl_6c5672a67b901d76', 'trendline_confidence': 0.755, 'trendline_r2': 0.996, 'trendline_touches': 24, 'trendline_price_at_now': 57330.41, 'dist_pct': 0.00372, 'narrative_bias': 'CONTINUATION', 'bias_confidence': 0.6}, 'features': {'regime_primary': 'WEAK_TREND_UP', 'regime_vol_state': 'HIGH_VOL', 'market_regime': 'WEAK_TREND_UP_HIGH_VOL'}}
2026-08-25 09:43:24,907 - INFO - Resolved active expiry from DB: 26AUG (2026-08-25)
2026-08-25 09:43:24,920 - INFO - Resolved index signal into option contract: OptionContract(symbol='NSE:BANKNIFTY26AUG57500PE', strike=57500.0, expiry='26AUG', option_type='PE', premium=98.8, delta=0.5, bid=98.7, ask=99.1, volume=11572770, resolved_at=datetime.datetime(2026, 8, 25, 9, 43, 24, 920187))
2026-08-25 09:43:24,920 - INFO - ⚡ Option strike selection resolved index signal to contract NSE:BANKNIFTY26AUG57500PE @ premium 98.8 (type: PE, strike: 57500.0)
2026-08-25 09:43:24,920 - INFO - 📊 EXECUTION AUDIT [STRIKE_SELECTED]: trade_id=None, candidate_id=cand_NSE_NIFTYBANK_INDEX_TRENDLINE_RETEST_57544.30_202608250942_Geometry_v1.0_Score50, payload={'symbol': 'NSE:BANKNIFTY26AUG57500PE', 'strike': 57500.0, 'expiry': '26AUG', 'type': 'PE'}
2026-08-25 09:43:24,931 - INFO - 📊 EXECUTION AUDIT [PREMIUM_RETRIEVED]: trade_id=None, candidate_id=cand_NSE_NIFTYBANK_INDEX_TRENDLINE_RETEST_57544.30_202608250942_Geometry_v1.0_Score50, payload={'premium': 98.8, 'bid': 98.7, 'ask': 99.1}
2026-08-25 09:43:24,942 - INFO - 📊 EXECUTION AUDIT [CF_SUBMITTED]: trade_id=None, candidate_id=cand_NSE_NIFTYBANK_INDEX_TRENDLINE_RETEST_57544.30_202608250942_Geometry_v1.0_Score50, payload={'price': 57544.3, 'sl': 57641.98, 'tp': 57544.3}
2026-08-25 09:43:24,953 - INFO - 📊 EXECUTION AUDIT [CF_FILLED]: trade_id=None, candidate_id=cand_NSE_NIFTYBANK_INDEX_TRENDLINE_RETEST_57544.30_202608250942_Geometry_v1.0_Score50, payload={'price': 57544.3, 'sl': 57641.98, 'tp': 57544.3}
2026-08-25 09:43:24,964 - INFO - 💰 Position size [TRENDLINE_RETEST|WEAK_TREND_UP_HIGH_VOL|conf=1]: frac=0.003 → ₹5,000 (risk/unit=0.17%)
2026-08-25 09:43:24,986 - INFO - 🟢 ENTRY [CF|Geometry_v1.0_Score50|eometry_v1.0_Score50]: NSE:NIFTYBANK-INDEX BUY PUT @ 57544.30 | SL: 57641.98 TP: 57544.30
2026-08-25 09:43:24,987 - INFO - 👻 [VerticalSpread_v1.0] CF COMBO BULL_CALL_SPREAD NSE:NIFTYBANK-INDEX BULL_CALL_SPREAD | Rejected: ['LOW_EFFICIENCY']
2026-08-25 09:43:24,998 - INFO - Resolved active expiry from DB: 26AUG (2026-08-25)
2026-08-25 09:43:25,024 - INFO - Resolved BULL_CALL_SPREAD for NSE:NIFTYBANK-INDEX: [('CE', 'BUY', 57500.0), ('CE', 'SELL', 57700.0)] net_premium=85.50 max_loss=85.50
2026-08-25 09:43:25,046 - INFO - 🟢 CF COMBO ENTRY [VerticalSpread_v1.0|_VerticalSpread_v1.0]: NSE:NIFTYBANK-INDEX BULL_CALL_SPREAD | Net premium: 85.50 | Max loss: 85.50
2026-08-25 09:43:25,046 - INFO - 👻 [Butterfly_v1.0] CF COMBO BUTTERFLY_SPREAD NSE:NIFTYBANK-INDEX BUTTERFLY_SPREAD | Rejected: ['HIGH_RVOL']
2026-08-25 09:43:25,058 - INFO - Resolved active expiry from DB: 26AUG (2026-08-25)
2026-08-25 09:43:25,107 - INFO - Resolved BUTTERFLY_SPREAD for NSE:NIFTYBANK-INDEX: [('CE', 'BUY', 57300.0), ('CE', 'SELL', 57500.0), ('CE', 'SELL', 57500.0), ('CE', 'BUY', 57700.0)] net_premium=56.35 max_loss=56.35
2026-08-25 09:43:25,129 - INFO - 🟢 CF COMBO ENTRY [Butterfly_v1.0|94235_Butterfly_v1.0]: NSE:NIFTYBANK-INDEX BUTTERFLY_SPREAD | Net premium: 56.35 | Max loss: 56.35
2026-08-25 09:43:25,129 - WARNING - ⚡ [OI_Scalping_v1.0] errors: ['INSUFFICIENT_ATM_DATA']
2026-08-25 09:43:25,129 - INFO - 🚀 SIGNAL: NSE:NIFTYBANK-INDEX BUY PUT | [RelativeValue_NIFTY_BANKNIFTY_v1.0]
2026-08-25 09:43:25,129 - INFO -    Entry: 57544.3 | SL: 57582.72 | TP: 57434.62271114643 (RR: 2.85)
2026-08-25 09:43:25,129 - INFO - 📊 EXECUTION AUDIT [SIGNAL_GENERATED]: trade_id=trade_NSE_NIFTYBANK_INDEX_RelativeValue_NIFTY_BANKNIFTY_v1.0_1787631155, candidate_id=cand_NSE_NIFTYBANK_INDEX_RELVAL_57544.30_20260825_094235_RelativeValue_NIFTY_BANKNIFTY_v1.0, payload={'symbol': 'NSE:NIFTYBANK-INDEX', 'signal': 'BUY PUT', 'strategy': 'RATIO_DIVERGENCE', 'price': 57544.3, 'stop_loss': 57582.72, 'take_profit': 57434.62271114643, 'tp1': 57486.670000000006, 'rr_ratio': 2.85, 'timestamp': '2026-08-25T09:42:35.872968+05:30', 'accepted': True, 'rejection_reasons': [], 'features': {'atr': 76.84, 'ema20': 57447.85, 'ema50': 57427.64, 'move_efficiency': 0.3567, 'move_efficiency_h1': 0.3175, 'wickiness': 0.4649, 'ema_bullish': True, 'rsi14': 68.33, 'rsi2': 47.85, 'distance_to_vwap': 0.0, 'atr_percentile': 0.9953, 'dist_prev_high': -0.0057, 'dist_prev_low': 0.0052, 'adx': 20.04, 'adx_slope': -0.1299, 'gap_pct': -0.0029, 'regime_primary': 'WEAK_TREND_UP', 'regime_vol_state': 'HIGH_VOL', 'market_regime': 'WEAK_TREND_UP_HIGH_VOL'}, 'candidate_id': 'cand_NSE_NIFTYBANK_INDEX_RELVAL_57544.30_20260825_094235_RelativeValue_NIFTY_BANKNIFTY_v1.0', 'confidence': 0.62, 'diagnostics': {'ratio_now': 0.4201, 'ratio_rolling_mean': 0.4214, 'ratio_rolling_std': 0.000418, 'z_score': -3.2, 'atr': 76.84, 'rr_ratio': 2.85, 'other_symbol': 'NSE:NIFTY50-INDEX'}, 'experiment_name': 'RelativeValue_NIFTY_BANKNIFTY_v1.0', 'strategy_id': 'relative_value_nifty_banknifty', 'version': 'v1.0'}
2026-08-25 09:43:25,152 - INFO - Resolved active expiry from DB: 26AUG (2026-08-25)
2026-08-25 09:43:25,164 - INFO - Resolved index signal into option contract: OptionContract(symbol='NSE:BANKNIFTY26AUG57500PE', strike=57500.0, expiry='26AUG', option_type='PE', premium=98.8, delta=0.5, bid=98.7, ask=99.1, volume=11572770, resolved_at=datetime.datetime(2026, 8, 25, 9, 43, 25, 164707))
2026-08-25 09:43:25,164 - INFO - ⚡ Option strike selection resolved index signal to contract NSE:BANKNIFTY26AUG57500PE @ premium 98.8 (type: PE, strike: 57500.0)
2026-08-25 09:43:25,164 - INFO - 📊 EXECUTION AUDIT [STRIKE_SELECTED]: trade_id=trade_NSE_NIFTYBANK_INDEX_RelativeValue_NIFTY_BANKNIFTY_v1.0_1787631155, candidate_id=cand_NSE_NIFTYBANK_INDEX_RELVAL_57544.30_20260825_094235_RelativeValue_NIFTY_BANKNIFTY_v1.0, payload={'symbol': 'NSE:BANKNIFTY26AUG57500PE', 'strike': 57500.0, 'expiry': '26AUG', 'type': 'PE'}
2026-08-25 09:43:25,175 - INFO - 📊 EXECUTION AUDIT [PREMIUM_RETRIEVED]: trade_id=trade_NSE_NIFTYBANK_INDEX_RelativeValue_NIFTY_BANKNIFTY_v1.0_1787631155, candidate_id=cand_NSE_NIFTYBANK_INDEX_RELVAL_57544.30_20260825_094235_RelativeValue_NIFTY_BANKNIFTY_v1.0, payload={'premium': 98.8, 'bid': 98.7, 'ask': 99.1}
2026-08-25 09:43:25,186 - INFO - 📊 EXECUTION AUDIT [ORDER_SUBMITTED]: trade_id=trade_NSE_NIFTYBANK_INDEX_RelativeValue_NIFTY_BANKNIFTY_v1.0_1787631155, candidate_id=cand_NSE_NIFTYBANK_INDEX_RELVAL_57544.30_20260825_094235_RelativeValue_NIFTY_BANKNIFTY_v1.0, payload={'price': 57544.3, 'sl': 57582.72, 'tp': 57434.62271114643}
2026-08-25 09:43:25,197 - INFO - 📊 EXECUTION AUDIT [ORDER_FILLED]: trade_id=trade_NSE_NIFTYBANK_INDEX_RelativeValue_NIFTY_BANKNIFTY_v1.0_1787631155, candidate_id=cand_NSE_NIFTYBANK_INDEX_RELVAL_57544.30_20260825_094235_RelativeValue_NIFTY_BANKNIFTY_v1.0, payload={'price': 57544.3, 'sl': 57582.72, 'tp': 57434.62271114643}
2026-08-25 09:43:25,207 - INFO - 💰 Position size [RATIO_DIVERGENCE|WEAK_TREND_UP_HIGH_VOL|conf=1]: frac=0.003 → ₹5,000 (risk/unit=0.07%)
2026-08-25 09:43:25,231 - INFO - 🟢 ENTRY [RelativeValue_NIFTY_BANKNIFTY_v1.0|_v1.0_1787631155]: NSE:NIFTYBANK-INDEX BUY PUT @ 57544.30 | SL: 57582.72 TP: 57434.62
2026-08-25 09:43:35,236 - INFO - ⏱️ [Real-time Exit Loop] Checking open positions @ 09:43:35...
2026-08-25 09:43:36,341 - INFO - 📊 EXECUTION AUDIT [SL_MODIFIED]: trade_id=trade_NSE_NIFTY50_INDEX_OIWallReaction_v1.0_1787631155, candidate_id=cand_NSE_NIFTY50_INDEX_OI_WALL_BREAK_24172.80_20260825_094235_OIWallReaction_v1.0, payload={'price': 24161.55, 'old_sl': 24203.0465, 'new_sl': 24191.7965, 'old_tp': None, 'new_tp': 24111.87, 'reason': 'TRAILING_SL'}
2026-08-25 09:43:36,400 - INFO - 🟡 UPDATE (TRAILING_SL) [OIWallReaction_v1.0|_OIWallReaction_v1.0]: NSE:NIFTY50-INDEX @ 24161.55 | SL→24191.80 TP→24111.87
2026-08-25 09:43:36,425 - INFO - 📊 EXECUTION AUDIT [SL_MODIFIED]: trade_id=trade_NSE_NIFTYBANK_INDEX_RelativeValue_NIFTY_BANKNIFTY_v1.0_1787631155, candidate_id=cand_NSE_NIFTYBANK_INDEX_RELVAL_57544.30_20260825_094235_RelativeValue_NIFTY_BANKNIFTY_v1.0, payload={'price': 57522.45, 'old_sl': 57582.72, 'new_sl': 57560.869999999995, 'old_tp': None, 'new_tp': 57434.62271114643, 'reason': 'TRAILING_SL'}
2026-08-25 09:43:36,458 - INFO - 🟡 UPDATE (TRAILING_SL) [RelativeValue_NIFTY_BANKNIFTY_v1.0|NIFTY_BANKNIFTY_v1.0]: NSE:NIFTYBANK-INDEX @ 57522.45 | SL→57560.87 TP→57434.62
2026-08-25 09:43:36,473 - INFO - 📊 EXECUTION AUDIT [CF_SL_MODIFIED]: trade_id=None, candidate_id=cand_NSE_NIFTYBANK_INDEX_BREAKOUT_57423.65_20260824_152000_Structural_v3.2_RVOL1.0, payload={'price': 57522.45, 'old_sl': 57495.925, 'new_sl': 57502.875, 'old_tp': None, 'new_tp': 57615.200000000004, 'reason': 'TRAILING_SL'}
2026-08-25 09:43:36,504 - INFO - 🟡 UPDATE (TRAILING_SL) [CFStructural_v3.2_RVOL1.0|uctural_v3.2_RVOL1.0]: NSE:NIFTYBANK-INDEX @ 57522.45 | SL→57502.88 TP→57615.20
2026-08-25 09:43:36,505 - INFO - 📊 EXECUTION AUDIT [CF_SL_MODIFIED]: trade_id=None, candidate_id=cand_NSE_NIFTYBANK_INDEX_BREAKOUT_57423.65_20260824_152000_Structural_v3.2_RVOL0.8, payload={'price': 57522.45, 'old_sl': 57495.925, 'new_sl': 57502.875, 'old_tp': None, 'new_tp': 57615.200000000004, 'reason': 'TRAILING_SL'}
2026-08-25 09:43:36,541 - INFO - 🟡 UPDATE (TRAILING_SL) [CFStructural_v3.2_RVOL0.8|uctural_v3.2_RVOL0.8]: NSE:NIFTYBANK-INDEX @ 57522.45 | SL→57502.88 TP→57615.20
2026-08-25 09:43:36,541 - INFO - 📊 EXECUTION AUDIT [CF_SL_MODIFIED]: trade_id=None, candidate_id=cand_NSE_NIFTY50_INDEX_EMAPULL_24172.80_20260825_094235_EMA_Pullback_20_50_RVOL0.5, payload={'price': 24161.55, 'old_sl': 24188.602000000003, 'new_sl': 24177.352000000003, 'old_tp': None, 'new_tp': 24071.25, 'reason': 'TRAILING_SL'}
2026-08-25 09:43:36,576 - INFO - 🟡 UPDATE (TRAILING_SL) [CFEMA_Pullback_20_50_RVOL0.5|llback_20_50_RVOL0.5]: NSE:NIFTY50-INDEX @ 24161.55 | SL→24177.35 TP→24071.25
2026-08-25 09:43:36,577 - INFO - 📊 EXECUTION AUDIT [CF_TP_EXPANDED]: trade_id=None, candidate_id=cand_NSE_NIFTY50_INDEX_TRENDLINE_RETEST_24172.80_202608250942_Geometry_v1.0_Score35, payload={'price': 24161.55, 'old_sl': 24198.25, 'new_sl': 24187.0, 'old_tp': 24173.33, 'new_tp': 24147.88, 'reason': 'TP_EXPANSION'}
2026-08-25 09:43:36,613 - INFO - 🟡 UPDATE (TP_EXPANSION) [CFGeometry_v1.0_Score35|eometry_v1.0_Score35]: NSE:NIFTY50-INDEX @ 24161.55 | SL→24187.00 TP→24147.88
2026-08-25 09:43:36,613 - INFO - 📊 EXECUTION AUDIT [CF_TP_EXPANDED]: trade_id=None, candidate_id=cand_NSE_NIFTY50_INDEX_TRENDLINE_RETEST_24172.80_202608250942_Geometry_v1.0_Score50, payload={'price': 24161.55, 'old_sl': 24198.25, 'new_sl': 24187.0, 'old_tp': 24173.33, 'new_tp': 24147.88, 'reason': 'TP_EXPANSION'}
2026-08-25 09:43:36,649 - INFO - 🟡 UPDATE (TP_EXPANSION) [CFGeometry_v1.0_Score50|eometry_v1.0_Score50]: NSE:NIFTY50-INDEX @ 24161.55 | SL→24187.00 TP→24147.88
2026-08-25 09:43:36,649 - INFO - 📊 EXECUTION AUDIT [CF_SL_MODIFIED]: trade_id=None, candidate_id=cand_NSE_NIFTY50_INDEX_LIQUIDITY_SWEEP_24172.80_20260825_094235_OrderFlow_v1.0, payload={'price': 24161.55, 'old_sl': 24182.954999999998, 'new_sl': 24171.704999999998, 'old_tp': None, 'new_tp': 24158.0, 'reason': 'TRAILING_SL'}
2026-08-25 09:43:36,683 - INFO - 🟡 UPDATE (TRAILING_SL) [CFOrderFlow_v1.0|94235_OrderFlow_v1.0]: NSE:NIFTY50-INDEX @ 24161.55 | SL→24171.70 TP→24158.00
2026-08-25 09:43:36,683 - INFO - 📊 EXECUTION AUDIT [CF_TP_EXPANDED]: trade_id=None, candidate_id=cand_NSE_NIFTY50_INDEX_OI_WALL_FADE_24172.80_20260825_094235_OIWallReaction_v1.0, payload={'price': 24161.55, 'old_sl': 24203.0465, 'new_sl': 24191.7965, 'old_tp': 24200.0, 'new_tp': 24169.7535, 'reason': 'TP_EXPANSION'}
2026-08-25 09:43:36,715 - INFO - 🟡 UPDATE (TP_EXPANSION) [CFOIWallReaction_v1.0|_OIWallReaction_v1.0]: NSE:NIFTY50-INDEX @ 24161.55 | SL→24191.80 TP→24169.75
2026-08-25 09:43:36,715 - INFO - 📊 EXECUTION AUDIT [CF_TP_EXPANDED]: trade_id=None, candidate_id=cand_NSE_NIFTYBANK_INDEX_TRENDLINE_RETEST_57544.30_202608250942_Geometry_v1.0_Score35, payload={'price': 57522.45, 'old_sl': 57641.98, 'new_sl': 57620.13, 'old_tp': 57544.3, 'new_tp': 57446.62, 'reason': 'TP_EXPANSION'}
2026-08-25 09:43:36,748 - INFO - 🟡 UPDATE (TP_EXPANSION) [CFGeometry_v1.0_Score35|eometry_v1.0_Score35]: NSE:NIFTYBANK-INDEX @ 57522.45 | SL→57620.13 TP→57446.62
2026-08-25 09:43:36,748 - INFO - 📊 EXECUTION AUDIT [CF_TP_EXPANDED]: trade_id=None, candidate_id=cand_NSE_NIFTYBANK_INDEX_TRENDLINE_RETEST_57544.30_202608250942_Geometry_v1.0_Score50, payload={'price': 57522.45, 'old_sl': 57641.98, 'new_sl': 57620.13, 'old_tp': 57544.3, 'new_tp': 57446.62, 'reason': 'TP_EXPANSION'}
2026-08-25 09:43:36,782 - INFO - 🟡 UPDATE (TP_EXPANSION) [CFGeometry_v1.0_Score50|eometry_v1.0_Score50]: NSE:NIFTYBANK-INDEX @ 57522.45 | SL→57620.13 TP→57446.62
2026-08-25 09:43:37,517 - INFO - Retrieved live premium from Fyers API: LTP=4.85 for NSE:BANKNIFTY26AUG56800PE
2026-08-25 09:43:51,285 - INFO - 📊 Saved 22 snapshots for NSE:NIFTYBANK-INDEX  (oi range: 137,310–3,169,080)
2026-08-25 09:43:52,380 - INFO - 📡 Fetching NSE:NIFTY50-INDEX @ 24159  expiry=26AUG  strikes=ATM±5
2026-08-25 09:44:05,272 - INFO - ⏱️ [Real-time Exit Loop] Checking open positions @ 09:44:05...
2026-08-25 09:44:06,609 - INFO - 📊 EXECUTION AUDIT [SL_MODIFIED]: trade_id=trade_NSE_NIFTY50_INDEX_OIWallReaction_v1.0_1787631155, candidate_id=cand_NSE_NIFTY50_INDEX_OI_WALL_BREAK_24172.80_20260825_094235_OIWallReaction_v1.0, payload={'price': 24159.2, 'old_sl': 24191.7965, 'new_sl': 24189.446500000002, 'old_tp': None, 'new_tp': 24111.87, 'reason': 'TRAILING_SL'}
2026-08-25 09:44:06,683 - INFO - 🟡 UPDATE (TRAILING_SL) [OIWallReaction_v1.0|_OIWallReaction_v1.0]: NSE:NIFTY50-INDEX @ 24159.20 | SL→24189.45 TP→24111.87
2026-08-25 09:44:06,724 - INFO - 📊 EXECUTION AUDIT [CF_SL_MODIFIED]: trade_id=None, candidate_id=cand_NSE_NIFTYBANK_INDEX_BREAKOUT_57423.65_20260824_152000_Structural_v3.2_RVOL1.0, payload={'price': 57524.75, 'old_sl': 57502.875, 'new_sl': 57505.175, 'old_tp': None, 'new_tp': 57615.200000000004, 'reason': 'TRAILING_SL'}
2026-08-25 09:44:06,761 - INFO - 🟡 UPDATE (TRAILING_SL) [CFStructural_v3.2_RVOL1.0|uctural_v3.2_RVOL1.0]: NSE:NIFTYBANK-INDEX @ 57524.75 | SL→57505.18 TP→57615.20
2026-08-25 09:44:06,762 - INFO - 📊 EXECUTION AUDIT [CF_SL_MODIFIED]: trade_id=None, candidate_id=cand_NSE_NIFTYBANK_INDEX_BREAKOUT_57423.65_20260824_152000_Structural_v3.2_RVOL0.8, payload={'price': 57524.75, 'old_sl': 57502.875, 'new_sl': 57505.175, 'old_tp': None, 'new_tp': 57615.200000000004, 'reason': 'TRAILING_SL'}
2026-08-25 09:44:06,796 - INFO - 🟡 UPDATE (TRAILING_SL) [CFStructural_v3.2_RVOL0.8|uctural_v3.2_RVOL0.8]: NSE:NIFTYBANK-INDEX @ 57524.75 | SL→57505.18 TP→57615.20
2026-08-25 09:44:06,797 - INFO - 📊 EXECUTION AUDIT [CF_SL_MODIFIED]: trade_id=None, candidate_id=cand_NSE_NIFTY50_INDEX_EMAPULL_24172.80_20260825_094235_EMA_Pullback_20_50_RVOL0.5, payload={'price': 24159.2, 'old_sl': 24177.352000000003, 'new_sl': 24175.002000000004, 'old_tp': None, 'new_tp': 24071.25, 'reason': 'TRAILING_SL'}
2026-08-25 09:44:06,833 - INFO - 🟡 UPDATE (TRAILING_SL) [CFEMA_Pullback_20_50_RVOL0.5|llback_20_50_RVOL0.5]: NSE:NIFTY50-INDEX @ 24159.20 | SL→24175.00 TP→24071.25
2026-08-25 09:44:06,833 - INFO - 📊 EXECUTION AUDIT [CF_SL_MODIFIED]: trade_id=None, candidate_id=cand_NSE_NIFTY50_INDEX_TRENDLINE_RETEST_24172.80_202608250942_Geometry_v1.0_Score35, payload={'price': 24159.2, 'old_sl': 24187.0, 'new_sl': 24184.65, 'old_tp': None, 'new_tp': 24147.88, 'reason': 'TRAILING_SL'}
2026-08-25 09:44:06,866 - INFO - 🟡 UPDATE (TRAILING_SL) [CFGeometry_v1.0_Score35|eometry_v1.0_Score35]: NSE:NIFTY50-INDEX @ 24159.20 | SL→24184.65 TP→24147.88
2026-08-25 09:44:06,866 - INFO - 📊 EXECUTION AUDIT [CF_SL_MODIFIED]: trade_id=None, candidate_id=cand_NSE_NIFTY50_INDEX_TRENDLINE_RETEST_24172.80_202608250942_Geometry_v1.0_Score50, payload={'price': 24159.2, 'old_sl': 24187.0, 'new_sl': 24184.65, 'old_tp': None, 'new_tp': 24147.88, 'reason': 'TRAILING_SL'}
2026-08-25 09:44:06,900 - INFO - 🟡 UPDATE (TRAILING_SL) [CFGeometry_v1.0_Score50|eometry_v1.0_Score50]: NSE:NIFTY50-INDEX @ 24159.20 | SL→24184.65 TP→24147.88
2026-08-25 09:44:06,900 - INFO - 📊 EXECUTION AUDIT [CF_SL_MODIFIED]: trade_id=None, candidate_id=cand_NSE_NIFTY50_INDEX_LIQUIDITY_SWEEP_24172.80_20260825_094235_OrderFlow_v1.0, payload={'price': 24159.2, 'old_sl': 24171.704999999998, 'new_sl': 24169.355, 'old_tp': None, 'new_tp': 24158.0, 'reason': 'TRAILING_SL'}
2026-08-25 09:44:06,933 - INFO - 🟡 UPDATE (TRAILING_SL) [CFOrderFlow_v1.0|94235_OrderFlow_v1.0]: NSE:NIFTY50-INDEX @ 24159.20 | SL→24169.35 TP→24158.00
2026-08-25 09:44:06,933 - INFO - 📊 EXECUTION AUDIT [CF_TP_EXPANDED]: trade_id=None, candidate_id=cand_NSE_NIFTY50_INDEX_OI_WALL_FADE_24172.80_20260825_094235_OIWallReaction_v1.0, payload={'price': 24159.2, 'old_sl': 24191.7965, 'new_sl': 24189.446500000002, 'old_tp': 24169.7535, 'new_tp': 24139.506999999998, 'reason': 'TP_EXPANSION'}
2026-08-25 09:44:06,968 - INFO - 🟡 UPDATE (TP_EXPANSION) [CFOIWallReaction_v1.0|_OIWallReaction_v1.0]: NSE:NIFTY50-INDEX @ 24159.20 | SL→24189.45 TP→24139.51
2026-08-25 09:44:07,701 - INFO - Retrieved live premium from Fyers API: LTP=4.95 for NSE:BANKNIFTY26AUG56800PE
2026-08-25 09:44:22,329 - INFO - 📊 Saved 22 snapshots for NSE:NIFTY50-INDEX  (oi range: 288,600–36,123,035)
2026-08-25 09:44:23,426 - INFO - 📡 Fetching NSE:NIFTYBANK-INDEX @ 57519  expiry=26AUG  strikes=ATM±5
2026-08-25 09:44:35,519 - INFO - ⏱️ [Real-time Exit Loop] Checking open positions @ 09:44:35...
2026-08-25 09:44:36,887 - INFO - 📊 EXECUTION AUDIT [SL_MODIFIED]: trade_id=trade_NSE_NIFTY50_INDEX_OIWallReaction_v1.0_1787631155, candidate_id=cand_NSE_NIFTY50_INDEX_OI_WALL_BREAK_24172.80_20260825_094235_OIWallReaction_v1.0, payload={'price': 24158.5, 'old_sl': 24189.446500000002, 'new_sl': 24188.7465, 'old_tp': None, 'new_tp': 24111.87, 'reason': 'TRAILING_SL'}
2026-08-25 09:44:36,960 - INFO - 🟡 UPDATE (TRAILING_SL) [OIWallReaction_v1.0|_OIWallReaction_v1.0]: NSE:NIFTY50-INDEX @ 24158.50 | SL→24188.75 TP→24111.87
2026-08-25 09:44:37,005 - INFO - 📊 EXECUTION AUDIT [CF_SL_MODIFIED]: trade_id=None, candidate_id=cand_NSE_NIFTYBANK_INDEX_BREAKOUT_57423.65_20260824_152000_Structural_v3.2_RVOL1.0, payload={'price': 57525.4, 'old_sl': 57505.175, 'new_sl': 57505.825000000004, 'old_tp': None, 'new_tp': 57615.200000000004, 'reason': 'TRAILING_SL'}
2026-08-25 09:44:37,042 - INFO - 🟡 UPDATE (TRAILING_SL) [CFStructural_v3.2_RVOL1.0|uctural_v3.2_RVOL1.0]: NSE:NIFTYBANK-INDEX @ 57525.40 | SL→57505.83 TP→57615.20
2026-08-25 09:44:37,042 - INFO - 📊 EXECUTION AUDIT [CF_SL_MODIFIED]: trade_id=None, candidate_id=cand_NSE_NIFTYBANK_INDEX_BREAKOUT_57423.65_20260824_152000_Structural_v3.2_RVOL0.8, payload={'price': 57525.4, 'old_sl': 57505.175, 'new_sl': 57505.825000000004, 'old_tp': None, 'new_tp': 57615.200000000004, 'reason': 'TRAILING_SL'}
2026-08-25 09:44:37,077 - INFO - 🟡 UPDATE (TRAILING_SL) [CFStructural_v3.2_RVOL0.8|uctural_v3.2_RVOL0.8]: NSE:NIFTYBANK-INDEX @ 57525.40 | SL→57505.83 TP→57615.20
2026-08-25 09:44:37,077 - INFO - 📊 EXECUTION AUDIT [CF_SL_MODIFIED]: trade_id=None, candidate_id=cand_NSE_NIFTY50_INDEX_EMAPULL_24172.80_20260825_094235_EMA_Pullback_20_50_RVOL0.5, payload={'price': 24158.5, 'old_sl': 24175.002000000004, 'new_sl': 24174.302000000003, 'old_tp': None, 'new_tp': 24071.25, 'reason': 'TRAILING_SL'}
2026-08-25 09:44:37,111 - INFO - 🟡 UPDATE (TRAILING_SL) [CFEMA_Pullback_20_50_RVOL0.5|llback_20_50_RVOL0.5]: NSE:NIFTY50-INDEX @ 24158.50 | SL→24174.30 TP→24071.25
2026-08-25 09:44:37,111 - INFO - 📊 EXECUTION AUDIT [CF_SL_MODIFIED]: trade_id=None, candidate_id=cand_NSE_NIFTY50_INDEX_TRENDLINE_RETEST_24172.80_202608250942_Geometry_v1.0_Score35, payload={'price': 24158.5, 'old_sl': 24184.65, 'new_sl': 24183.95, 'old_tp': None, 'new_tp': 24147.88, 'reason': 'TRAILING_SL'}
2026-08-25 09:44:37,145 - INFO - 🟡 UPDATE (TRAILING_SL) [CFGeometry_v1.0_Score35|eometry_v1.0_Score35]: NSE:NIFTY50-INDEX @ 24158.50 | SL→24183.95 TP→24147.88
2026-08-25 09:44:37,145 - INFO - 📊 EXECUTION AUDIT [CF_SL_MODIFIED]: trade_id=None, candidate_id=cand_NSE_NIFTY50_INDEX_TRENDLINE_RETEST_24172.80_202608250942_Geometry_v1.0_Score50, payload={'price': 24158.5, 'old_sl': 24184.65, 'new_sl': 24183.95, 'old_tp': None, 'new_tp': 24147.88, 'reason': 'TRAILING_SL'}
2026-08-25 09:44:37,180 - INFO - 🟡 UPDATE (TRAILING_SL) [CFGeometry_v1.0_Score50|eometry_v1.0_Score50]: NSE:NIFTY50-INDEX @ 24158.50 | SL→24183.95 TP→24147.88
2026-08-25 09:44:37,180 - INFO - 📊 EXECUTION AUDIT [CF_SL_MODIFIED]: trade_id=None, candidate_id=cand_NSE_NIFTY50_INDEX_LIQUIDITY_SWEEP_24172.80_20260825_094235_OrderFlow_v1.0, payload={'price': 24158.5, 'old_sl': 24169.355, 'new_sl': 24168.655, 'old_tp': None, 'new_tp': 24158.0, 'reason': 'TRAILING_SL'}
2026-08-25 09:44:37,216 - INFO - 🟡 UPDATE (TRAILING_SL) [CFOrderFlow_v1.0|94235_OrderFlow_v1.0]: NSE:NIFTY50-INDEX @ 24158.50 | SL→24168.65 TP→24158.00
2026-08-25 09:44:37,216 - INFO - 📊 EXECUTION AUDIT [CF_SL_MODIFIED]: trade_id=None, candidate_id=cand_NSE_NIFTY50_INDEX_OI_WALL_FADE_24172.80_20260825_094235_OIWallReaction_v1.0, payload={'price': 24158.5, 'old_sl': 24189.446500000002, 'new_sl': 24188.7465, 'old_tp': None, 'new_tp': 24139.506999999998, 'reason': 'TRAILING_SL'}
2026-08-25 09:44:37,251 - INFO - 🟡 UPDATE (TRAILING_SL) [CFOIWallReaction_v1.0|_OIWallReaction_v1.0]: NSE:NIFTY50-INDEX @ 24158.50 | SL→24188.75 TP→24139.51
2026-08-25 09:44:38,159 - INFO - Retrieved live premium from Fyers API: LTP=5.0 for NSE:BANKNIFTY26AUG56800PE
2026-08-25 09:44:53,348 - INFO - 📊 Saved 22 snapshots for NSE:NIFTYBANK-INDEX  (oi range: 137,220–3,197,760)
2026-08-25 09:44:54,441 - INFO - 📡 Fetching NSE:NIFTY50-INDEX @ 24154  expiry=26AUG  strikes=ATM±5
2026-08-25 09:45:05,957 - INFO - 🔔 [New Candle Closed] Running entry pipeline for candle 09:45 at 09:45:05...
2026-08-25 09:45:05,957 - INFO - --- 09:45:05 Market Pulse ---
2026-08-25 09:45:11,070 - INFO - 📊 EXECUTION AUDIT [SL_MODIFIED]: trade_id=trade_NSE_NIFTY50_INDEX_OIWallReaction_v1.0_1787631155, candidate_id=cand_NSE_NIFTY50_INDEX_OI_WALL_BREAK_24172.80_20260825_094235_OIWallReaction_v1.0, payload={'price': 24153.65, 'old_sl': 24188.7465, 'new_sl': 24183.896500000003, 'old_tp': None, 'new_tp': 24111.87, 'reason': 'TRAILING_SL'}
2026-08-25 09:45:11,141 - INFO - 🟡 UPDATE (TRAILING_SL) [OIWallReaction_v1.0|_OIWallReaction_v1.0]: NSE:NIFTY50-INDEX @ 24153.65 | SL→24183.90 TP→24111.87
2026-08-25 09:45:11,164 - INFO - 📊 EXECUTION AUDIT [SL_MODIFIED]: trade_id=trade_NSE_NIFTYBANK_INDEX_RelativeValue_NIFTY_BANKNIFTY_v1.0_1787631155, candidate_id=cand_NSE_NIFTYBANK_INDEX_RELVAL_57544.30_20260825_094235_RelativeValue_NIFTY_BANKNIFTY_v1.0, payload={'price': 57514.1, 'old_sl': 57560.869999999995, 'new_sl': 57552.52, 'old_tp': None, 'new_tp': 57434.62271114643, 'reason': 'TRAILING_SL'}
2026-08-25 09:45:11,205 - INFO - 🟡 UPDATE (TRAILING_SL) [RelativeValue_NIFTY_BANKNIFTY_v1.0|NIFTY_BANKNIFTY_v1.0]: NSE:NIFTYBANK-INDEX @ 57514.10 | SL→57552.52 TP→57434.62
2026-08-25 09:45:11,224 - INFO - 📊 EXECUTION AUDIT [CF_EXITED]: trade_id=None, candidate_id=cand_NSE_NIFTYBANK_INDEX_BREAKOUT_57423.65_20260824_152000_Structural_v3.2_RVOL1.0, payload={'exit_price': 57505.825000000004, 'exit_reason': 'TRAILING_SL', 'pnl_r': 0.02353834472285486, 'duration_minutes': 34.514047266666665, 'bars_held': 2}
2026-08-25 09:45:11,260 - INFO - 🔴 EXIT (TRAILING_SL) [CFStructural_v3.2_RVOL1.0|uctural_v3.2_RVOL1.0]: NSE:NIFTYBANK-INDEX @ 57505.83 | PnL +0.02R | MFE 5.41R | Capture 0% | 2bars HoldEff +0.012R/bar
2026-08-25 09:45:11,260 - INFO - 📊 EXECUTION AUDIT [CF_EXITED]: trade_id=None, candidate_id=cand_NSE_NIFTYBANK_INDEX_BREAKOUT_57423.65_20260824_152000_Structural_v3.2_RVOL0.8, payload={'exit_price': 57505.825000000004, 'exit_reason': 'TRAILING_SL', 'pnl_r': 0.029007633587786203, 'duration_minutes': 34.514047266666665, 'bars_held': 2}
2026-08-25 09:45:11,299 - INFO - 🔴 EXIT (TRAILING_SL) [CFStructural_v3.2_RVOL0.8|uctural_v3.2_RVOL0.8]: NSE:NIFTYBANK-INDEX @ 57505.83 | PnL +0.03R | MFE 5.41R | Capture 1% | 2bars HoldEff +0.015R/bar
2026-08-25 09:45:11,299 - INFO - 📊 EXECUTION AUDIT [CF_EXITED]: trade_id=None, candidate_id=cand_NSE_NIFTY50_INDEX_EMAPULL_24172.80_20260825_094235_EMA_Pullback_20_50_RVOL0.5, payload={'exit_price': 24175.45, 'exit_reason': 'TRAILING_SL', 'pnl_r': 0.15200000000000002, 'duration_minutes': 2.5014136500000004, 'bars_held': 1}
2026-08-25 09:45:11,336 - INFO - 🔴 EXIT (TRAILING_SL) [CFEMA_Pullback_20_50_RVOL0.5|llback_20_50_RVOL0.5]: NSE:NIFTY50-INDEX @ 24175.45 | PnL +0.15R | MFE 1.21R | Capture 13% | 1bars HoldEff +0.152R/bar
2026-08-25 09:45:11,336 - INFO - 📊 EXECUTION AUDIT [CF_SL_MODIFIED]: trade_id=None, candidate_id=cand_NSE_NIFTY50_INDEX_TRENDLINE_RETEST_24172.80_202608250942_Geometry_v1.0_Score35, payload={'price': 24153.65, 'old_sl': 24183.95, 'new_sl': 24179.100000000002, 'old_tp': None, 'new_tp': 24147.88, 'reason': 'TRAILING_SL'}
2026-08-25 09:45:11,371 - INFO - 🟡 UPDATE (TRAILING_SL) [CFGeometry_v1.0_Score35|eometry_v1.0_Score35]: NSE:NIFTY50-INDEX @ 24153.65 | SL→24179.10 TP→24147.88
2026-08-25 09:45:11,372 - INFO - 📊 EXECUTION AUDIT [CF_SL_MODIFIED]: trade_id=None, candidate_id=cand_NSE_NIFTY50_INDEX_TRENDLINE_RETEST_24172.80_202608250942_Geometry_v1.0_Score50, payload={'price': 24153.65, 'old_sl': 24183.95, 'new_sl': 24179.100000000002, 'old_tp': None, 'new_tp': 24147.88, 'reason': 'TRAILING_SL'}
2026-08-25 09:45:11,406 - INFO - 🟡 UPDATE (TRAILING_SL) [CFGeometry_v1.0_Score50|eometry_v1.0_Score50]: NSE:NIFTY50-INDEX @ 24153.65 | SL→24179.10 TP→24147.88
2026-08-25 09:45:11,406 - INFO - 📊 EXECUTION AUDIT [CF_EXITED]: trade_id=None, candidate_id=cand_NSE_NIFTY50_INDEX_LIQUIDITY_SWEEP_24172.80_20260825_094235_OrderFlow_v1.0, payload={'exit_price': 24175.45, 'exit_reason': 'TRAILING_SL', 'pnl_r': 0.15200000000000002, 'duration_minutes': 2.5014136500000004, 'bars_held': 1}
2026-08-25 09:45:11,439 - INFO - 🔴 EXIT (TRAILING_SL) [CFOrderFlow_v1.0|94235_OrderFlow_v1.0]: NSE:NIFTY50-INDEX @ 24175.45 | PnL +0.15R | MFE 1.89R | Capture 8% | 1bars HoldEff +0.152R/bar
2026-08-25 09:45:11,439 - INFO - 📊 EXECUTION AUDIT [CF_SL_MODIFIED]: trade_id=None, candidate_id=cand_NSE_NIFTY50_INDEX_OI_WALL_FADE_24172.80_20260825_094235_OIWallReaction_v1.0, payload={'price': 24153.65, 'old_sl': 24188.7465, 'new_sl': 24183.896500000003, 'old_tp': None, 'new_tp': 24139.506999999998, 'reason': 'TRAILING_SL'}
2026-08-25 09:45:11,476 - INFO - 🟡 UPDATE (TRAILING_SL) [CFOIWallReaction_v1.0|_OIWallReaction_v1.0]: NSE:NIFTY50-INDEX @ 24153.65 | SL→24183.90 TP→24139.51
2026-08-25 09:45:11,476 - INFO - 📊 EXECUTION AUDIT [CF_SL_MODIFIED]: trade_id=None, candidate_id=cand_NSE_NIFTYBANK_INDEX_TRENDLINE_RETEST_57544.30_202608250942_Geometry_v1.0_Score35, payload={'price': 57514.1, 'old_sl': 57620.13, 'new_sl': 57611.78, 'old_tp': None, 'new_tp': 57446.62, 'reason': 'TRAILING_SL'}
2026-08-25 09:45:11,508 - INFO - 🟡 UPDATE (TRAILING_SL) [CFGeometry_v1.0_Score35|eometry_v1.0_Score35]: NSE:NIFTYBANK-INDEX @ 57514.10 | SL→57611.78 TP→57446.62
2026-08-25 09:45:11,509 - INFO - 📊 EXECUTION AUDIT [CF_SL_MODIFIED]: trade_id=None, candidate_id=cand_NSE_NIFTYBANK_INDEX_TRENDLINE_RETEST_57544.30_202608250942_Geometry_v1.0_Score50, payload={'price': 57514.1, 'old_sl': 57620.13, 'new_sl': 57611.78, 'old_tp': None, 'new_tp': 57446.62, 'reason': 'TRAILING_SL'}
2026-08-25 09:45:11,544 - INFO - 🟡 UPDATE (TRAILING_SL) [CFGeometry_v1.0_Score50|eometry_v1.0_Score50]: NSE:NIFTYBANK-INDEX @ 57514.10 | SL→57611.78 TP→57446.62
2026-08-25 09:45:12,260 - INFO - Retrieved live premium from Fyers API: LTP=5.05 for NSE:BANKNIFTY26AUG56800PE
2026-08-25 09:45:15,106 - WARNING - ⚡ [OI_Scalping_v1.0] errors: ['INSUFFICIENT_ATM_DATA'] (0.0ms)
2026-08-25 09:45:15,119 - INFO - Resolved active expiry from DB: 26AUG (2026-08-25)
2026-08-25 09:45:15,119 - INFO - 👻 [EMA_Pullback_20_50_RVOL0.5] CF PULLBACK NSE:NIFTY50-INDEX BUY PUT | Rejected: ['LOW_EFFICIENCY']
2026-08-25 09:45:15,119 - INFO - 📊 EXECUTION AUDIT [SIGNAL_GENERATED]: trade_id=None, candidate_id=cand_NSE_NIFTY50_INDEX_EMAPULL_24154.85_20260825_094505_EMA_Pullback_20_50_RVOL0.5, payload={'symbol': 'NSE:NIFTY50-INDEX', 'signal': 'BUY PUT', 'strategy': 'PULLBACK', 'price': 24154.85, 'stop_loss': 24185.744, 'take_profit': 24078.25, 'tp1': 24108.509, 'rr_ratio': 2.48, 'timestamp': '2026-08-25T09:45:05.957787+05:30', 'accepted': False, 'rejection_reasons': ['LOW_EFFICIENCY'], 'features': {'atr': 15.32, 'ema20': 24173.96, 'ema50': 24182.68, 'move_efficiency': 0.2826, 'move_efficiency_h1': 0.0418, 'wickiness': 0.4108, 'ema_bullish': False, 'rsi14': 43.35, 'rsi2': 0.0, 'distance_to_vwap': 0.0, 'atr_percentile': 0.9573, 'dist_prev_high': -0.0065, 'dist_prev_low': -0.0048, 'adx': 25.58, 'adx_slope': 2.6025, 'gap_pct': -0.0046, 'regime_primary': 'GAP_DOWN', 'regime_vol_state': 'HIGH_VOL', 'market_regime': 'GAP_DOWN_HIGH_VOL'}, 'candidate_id': 'cand_NSE_NIFTY50_INDEX_EMAPULL_24154.85_20260825_094505_EMA_Pullback_20_50_RVOL0.5', 'confidence': 0.5, 'diagnostics': {'ema_distance': -0.00079, 'ema20': 24173.96, 'ema50': 24182.68, 'move_efficiency': 0.283, 'rvol': 52.16, 'atr': 15.32, 'atr_percentile': 0.957, 'distance_to_vwap': 0.0}, 'experiment_name': 'EMA_Pullback_20_50_RVOL0.5', 'strategy_id': 'ema_pullback', 'version': 'v1.0'}
2026-08-25 09:45:15,139 - INFO - Resolved active expiry from DB: 26AUG (2026-08-25)
2026-08-25 09:45:15,151 - INFO - Resolved index signal into option contract: OptionContract(symbol='NSE:NIFTY26AUG24150PE', strike=24150.0, expiry='26AUG', option_type='PE', premium=26.05, delta=0.5, bid=26.3, ask=26.4, volume=166708100, resolved_at=datetime.datetime(2026, 8, 25, 9, 45, 15, 151376))
2026-08-25 09:45:15,151 - INFO - ⚡ Option strike selection resolved index signal to contract NSE:NIFTY26AUG24150PE @ premium 26.05 (type: PE, strike: 24150.0)
2026-08-25 09:45:15,151 - INFO - 📊 EXECUTION AUDIT [STRIKE_SELECTED]: trade_id=None, candidate_id=cand_NSE_NIFTY50_INDEX_EMAPULL_24154.85_20260825_094505_EMA_Pullback_20_50_RVOL0.5, payload={'symbol': 'NSE:NIFTY26AUG24150PE', 'strike': 24150.0, 'expiry': '26AUG', 'type': 'PE'}
2026-08-25 09:45:15,162 - INFO - 📊 EXECUTION AUDIT [PREMIUM_RETRIEVED]: trade_id=None, candidate_id=cand_NSE_NIFTY50_INDEX_EMAPULL_24154.85_20260825_094505_EMA_Pullback_20_50_RVOL0.5, payload={'premium': 26.05, 'bid': 26.3, 'ask': 26.4}
2026-08-25 09:45:15,173 - INFO - 📊 EXECUTION AUDIT [CF_SUBMITTED]: trade_id=None, candidate_id=cand_NSE_NIFTY50_INDEX_EMAPULL_24154.85_20260825_094505_EMA_Pullback_20_50_RVOL0.5, payload={'price': 24154.85, 'sl': 24185.744, 'tp': 24078.25}
2026-08-25 09:45:15,185 - INFO - 📊 EXECUTION AUDIT [CF_FILLED]: trade_id=None, candidate_id=cand_NSE_NIFTY50_INDEX_EMAPULL_24154.85_20260825_094505_EMA_Pullback_20_50_RVOL0.5, payload={'price': 24154.85, 'sl': 24185.744, 'tp': 24078.25}
2026-08-25 09:45:15,196 - INFO - 💰 Position size [PULLBACK|GAP_DOWN_HIGH_VOL|conf=0]: frac=0.002 → ₹5,000 (risk/unit=0.13%)
2026-08-25 09:45:15,219 - INFO - 🟢 ENTRY [CF|EMA_Pullback_20_50_RVOL0.5|llback_20_50_RVOL0.5]: NSE:NIFTY50-INDEX BUY PUT @ 24154.85 | SL: 24185.74 TP: 24078.25
2026-08-25 09:45:15,219 - INFO - 👻 [GapRegime_v2.0] CF GAP_AND_GO NSE:NIFTY50-INDEX BUY PUT | Rejected: ['LOW_EFFICIENCY']
2026-08-25 09:45:15,219 - INFO - 📊 EXECUTION AUDIT [SIGNAL_GENERATED]: trade_id=None, candidate_id=cand_NSE_NIFTY50_INDEX_GAP_AND_GO_24154.85_20260825_094505_GapRegime_v2.0, payload={'symbol': 'NSE:NIFTY50-INDEX', 'signal': 'BUY PUT', 'strategy': 'GAP_AND_GO', 'price': 24154.85, 'stop_loss': 24178.05, 'take_profit': 24078.25, 'tp1': 24120.05, 'rr_ratio': 3.3, 'timestamp': '2026-08-25T09:45:05.957787+05:30', 'accepted': False, 'rejection_reasons': ['LOW_EFFICIENCY'], 'candidate_id': 'cand_NSE_NIFTY50_INDEX_GAP_AND_GO_24154.85_20260825_094505_GapRegime_v2.0', 'confidence': 0.5, 'diagnostics': {'gap_pct': -0.463, 'today_open': 24175.75, 'prev_close': 24288.15, 'minutes_since_open': 30.1, 'rvol': 52.16, 'atr': 15.32, 'move_efficiency': 0.283}, 'experiment_name': 'GapRegime_v2.0', 'strategy_id': 'gap', 'version': 'v2.0', 'features': {'regime_primary': 'GAP_DOWN', 'regime_vol_state': 'HIGH_VOL', 'market_regime': 'GAP_DOWN_HIGH_VOL'}}
2026-08-25 09:45:15,242 - INFO - Resolved active expiry from DB: 26AUG (2026-08-25)
2026-08-25 09:45:15,255 - INFO - Resolved index signal into option contract: OptionContract(symbol='NSE:NIFTY26AUG24150PE', strike=24150.0, expiry='26AUG', option_type='PE', premium=26.05, delta=0.5, bid=26.3, ask=26.4, volume=166708100, resolved_at=datetime.datetime(2026, 8, 25, 9, 45, 15, 255629))
2026-08-25 09:45:15,255 - INFO - ⚡ Option strike selection resolved index signal to contract NSE:NIFTY26AUG24150PE @ premium 26.05 (type: PE, strike: 24150.0)
2026-08-25 09:45:15,255 - INFO - 📊 EXECUTION AUDIT [STRIKE_SELECTED]: trade_id=None, candidate_id=cand_NSE_NIFTY50_INDEX_GAP_AND_GO_24154.85_20260825_094505_GapRegime_v2.0, payload={'symbol': 'NSE:NIFTY26AUG24150PE', 'strike': 24150.0, 'expiry': '26AUG', 'type': 'PE'}
2026-08-25 09:45:15,267 - INFO - 📊 EXECUTION AUDIT [PREMIUM_RETRIEVED]: trade_id=None, candidate_id=cand_NSE_NIFTY50_INDEX_GAP_AND_GO_24154.85_20260825_094505_GapRegime_v2.0, payload={'premium': 26.05, 'bid': 26.3, 'ask': 26.4}
2026-08-25 09:45:15,279 - INFO - 📊 EXECUTION AUDIT [CF_SUBMITTED]: trade_id=None, candidate_id=cand_NSE_NIFTY50_INDEX_GAP_AND_GO_24154.85_20260825_094505_GapRegime_v2.0, payload={'price': 24154.85, 'sl': 24178.05, 'tp': 24078.25}
2026-08-25 09:45:15,290 - INFO - 📊 EXECUTION AUDIT [CF_FILLED]: trade_id=None, candidate_id=cand_NSE_NIFTY50_INDEX_GAP_AND_GO_24154.85_20260825_094505_GapRegime_v2.0, payload={'price': 24154.85, 'sl': 24178.05, 'tp': 24078.25}
2026-08-25 09:45:15,301 - INFO - 💰 Position size [GAP_AND_GO|GAP_DOWN_HIGH_VOL|conf=0]: frac=0.002 → ₹5,000 (risk/unit=0.10%)
2026-08-25 09:45:15,325 - INFO - 🟢 ENTRY [CF|GapRegime_v2.0|94505_GapRegime_v2.0]: NSE:NIFTY50-INDEX BUY PUT @ 24154.85 | SL: 24178.05 TP: 24078.25
2026-08-25 09:45:15,325 - WARNING - ⚡ [OI_Scalping_v1.0] errors: ['INSUFFICIENT_ATM_DATA']
2026-08-25 09:45:16,817 - INFO - Resolved active expiry from DB: 26AUG (2026-08-25)
2026-08-25 09:45:16,818 - INFO - 🚀 SIGNAL: NSE:NIFTYBANK-INDEX BUY CALL | [GapRegime_v2.0]
2026-08-25 09:45:16,818 - INFO -    Entry: 57517.7 | SL: 57351.58 | TP: 57803.4 (RR: 1.72)
2026-08-25 09:45:16,818 - INFO - 📊 EXECUTION AUDIT [SIGNAL_GENERATED]: trade_id=trade_NSE_NIFTYBANK_INDEX_GapRegime_v2.0_1787631305, candidate_id=cand_NSE_NIFTYBANK_INDEX_GAP_FILL_57517.70_20260825_094505_GapRegime_v2.0, payload={'symbol': 'NSE:NIFTYBANK-INDEX', 'signal': 'BUY CALL', 'strategy': 'GAP_FILL', 'price': 57517.7, 'stop_loss': 57351.58, 'take_profit': 57803.4, 'tp1': 57766.88, 'rr_ratio': 1.72, 'timestamp': '2026-08-25T09:45:05.957787+05:30', 'accepted': True, 'rejection_reasons': [], 'candidate_id': 'cand_NSE_NIFTYBANK_INDEX_GAP_FILL_57517.70_20260825_094505_GapRegime_v2.0', 'confidence': 0.85, 'diagnostics': {'gap_pct': -0.766, 'today_open': 57360.65, 'prev_close': 57803.4, 'minutes_since_open': 30.1, 'rvol': 51.02, 'atr': 60.45, 'move_efficiency': 0.416}, 'experiment_name': 'GapRegime_v2.0', 'strategy_id': 'gap', 'version': 'v2.0', 'features': {'regime_primary': 'GAP_DOWN', 'regime_vol_state': 'HIGH_VOL', 'market_regime': 'GAP_DOWN_HIGH_VOL'}}
2026-08-25 09:45:16,839 - INFO - Resolved active expiry from DB: 26AUG (2026-08-25)
2026-08-25 09:45:16,851 - INFO - Resolved index signal into option contract: OptionContract(symbol='NSE:BANKNIFTY26AUG57500CE', strike=57500.0, expiry='26AUG', option_type='CE', premium=141.15, delta=0.5, bid=143.05, ask=143.45, volume=13788450, resolved_at=datetime.datetime(2026, 8, 25, 9, 45, 16, 851977))
2026-08-25 09:45:16,852 - INFO - ⚡ Option strike selection resolved index signal to contract NSE:BANKNIFTY26AUG57500CE @ premium 141.15 (type: CE, strike: 57500.0)
2026-08-25 09:45:16,852 - INFO - 📊 EXECUTION AUDIT [STRIKE_SELECTED]: trade_id=trade_NSE_NIFTYBANK_INDEX_GapRegime_v2.0_1787631305, candidate_id=cand_NSE_NIFTYBANK_INDEX_GAP_FILL_57517.70_20260825_094505_GapRegime_v2.0, payload={'symbol': 'NSE:BANKNIFTY26AUG57500CE', 'strike': 57500.0, 'expiry': '26AUG', 'type': 'CE'}
2026-08-25 09:45:16,861 - INFO - 📊 EXECUTION AUDIT [PREMIUM_RETRIEVED]: trade_id=trade_NSE_NIFTYBANK_INDEX_GapRegime_v2.0_1787631305, candidate_id=cand_NSE_NIFTYBANK_INDEX_GAP_FILL_57517.70_20260825_094505_GapRegime_v2.0, payload={'premium': 141.15, 'bid': 143.05, 'ask': 143.45}
2026-08-25 09:45:16,872 - INFO - 📊 EXECUTION AUDIT [ORDER_SUBMITTED]: trade_id=trade_NSE_NIFTYBANK_INDEX_GapRegime_v2.0_1787631305, candidate_id=cand_NSE_NIFTYBANK_INDEX_GAP_FILL_57517.70_20260825_094505_GapRegime_v2.0, payload={'price': 57517.7, 'sl': 57351.58, 'tp': 57803.4}
2026-08-25 09:45:16,882 - INFO - 📊 EXECUTION AUDIT [ORDER_FILLED]: trade_id=trade_NSE_NIFTYBANK_INDEX_GapRegime_v2.0_1787631305, candidate_id=cand_NSE_NIFTYBANK_INDEX_GAP_FILL_57517.70_20260825_094505_GapRegime_v2.0, payload={'price': 57517.7, 'sl': 57351.58, 'tp': 57803.4}
2026-08-25 09:45:16,893 - INFO - 💰 Position size [GAP_FILL|GAP_DOWN_HIGH_VOL|conf=1]: frac=0.002 → ₹5,000 (risk/unit=0.29%)
2026-08-25 09:45:16,917 - INFO - 🟢 ENTRY [GapRegime_v2.0|_v2.0_1787631305]: NSE:NIFTYBANK-INDEX BUY CALL @ 57517.70 | SL: 57351.58 TP: 57803.40
2026-08-25 09:45:16,917 - INFO - 🚀 SIGNAL: NSE:NIFTYBANK-INDEX BUY PUT | [MomentumBurst_5m_v1.0_RVOL2.0]
2026-08-25 09:45:16,917 - INFO -    Entry: 57517.7 | SL: 57575.97499999999 | TP: 57389.495 (RR: 2.2)
2026-08-25 09:45:16,917 - INFO - 📊 EXECUTION AUDIT [SIGNAL_GENERATED]: trade_id=trade_NSE_NIFTYBANK_INDEX_MomentumBurst_5m_v1.0_RVOL2.0_1787631305, candidate_id=cand_NSE_NIFTYBANK_INDEX_MOMBURST_57517.70_20260825_094505_MomentumBurst_5m_v1.0_RVOL2.0, payload={'symbol': 'NSE:NIFTYBANK-INDEX', 'signal': 'BUY PUT', 'strategy': 'MOMENTUM_BURST', 'price': 57517.7, 'stop_loss': 57575.97499999999, 'take_profit': 57389.495, 'tp1': 57430.2875, 'rr_ratio': 2.2, 'timestamp': '2026-08-25T09:45:05.957787+05:30', 'accepted': True, 'rejection_reasons': [], 'features': {'atr': 60.45, 'ema20': 57445.6, 'ema50': 57426.89, 'move_efficiency': 0.4159, 'move_efficiency_h1': 0.3455, 'wickiness': 0.4186, 'ema_bullish': True, 'rsi14': 70.89, 'rsi2': 0.0, 'distance_to_vwap': 0.0, 'atr_percentile': 0.9953, 'dist_prev_high': -0.0062, 'dist_prev_low': -0.0044, 'adx': 13.98, 'adx_slope': -2.0413, 'gap_pct': -0.0077, 'regime_primary': 'GAP_DOWN', 'regime_vol_state': 'HIGH_VOL', 'market_regime': 'GAP_DOWN_HIGH_VOL'}, 'candidate_id': 'cand_NSE_NIFTYBANK_INDEX_MOMBURST_57517.70_20260825_094505_MomentumBurst_5m_v1.0_RVOL2.0', 'confidence': 0.91, 'diagnostics': {'trigger_range': 116.55, 'atr': 60.45, 'rvol': 51.02, 'body_fraction': 0.679, 'giveback_pct': 0.115, 'move_efficiency': 0.416}, 'experiment_name': 'MomentumBurst_5m_v1.0_RVOL2.0', 'strategy_id': 'momentum_burst_5m', 'version': 'v1.0'}
2026-08-25 09:45:16,948 - INFO - Resolved active expiry from DB: 26AUG (2026-08-25)
2026-08-25 09:45:16,961 - INFO - Resolved index signal into option contract: OptionContract(symbol='NSE:BANKNIFTY26AUG57500PE', strike=57500.0, expiry='26AUG', option_type='PE', premium=99.5, delta=0.5, bid=99.55, ask=99.85, volume=12255630, resolved_at=datetime.datetime(2026, 8, 25, 9, 45, 16, 961281))
2026-08-25 09:45:16,961 - INFO - ⚡ Option strike selection resolved index signal to contract NSE:BANKNIFTY26AUG57500PE @ premium 99.5 (type: PE, strike: 57500.0)
2026-08-25 09:45:16,961 - INFO - 📊 EXECUTION AUDIT [STRIKE_SELECTED]: trade_id=trade_NSE_NIFTYBANK_INDEX_MomentumBurst_5m_v1.0_RVOL2.0_1787631305, candidate_id=cand_NSE_NIFTYBANK_INDEX_MOMBURST_57517.70_20260825_094505_MomentumBurst_5m_v1.0_RVOL2.0, payload={'symbol': 'NSE:BANKNIFTY26AUG57500PE', 'strike': 57500.0, 'expiry': '26AUG', 'type': 'PE'}
2026-08-25 09:45:16,972 - INFO - 📊 EXECUTION AUDIT [PREMIUM_RETRIEVED]: trade_id=trade_NSE_NIFTYBANK_INDEX_MomentumBurst_5m_v1.0_RVOL2.0_1787631305, candidate_id=cand_NSE_NIFTYBANK_INDEX_MOMBURST_57517.70_20260825_094505_MomentumBurst_5m_v1.0_RVOL2.0, payload={'premium': 99.5, 'bid': 99.55, 'ask': 99.85}
2026-08-25 09:45:16,983 - INFO - 📊 EXECUTION AUDIT [ORDER_SUBMITTED]: trade_id=trade_NSE_NIFTYBANK_INDEX_MomentumBurst_5m_v1.0_RVOL2.0_1787631305, candidate_id=cand_NSE_NIFTYBANK_INDEX_MOMBURST_57517.70_20260825_094505_MomentumBurst_5m_v1.0_RVOL2.0, payload={'price': 57517.7, 'sl': 57575.97499999999, 'tp': 57389.495}
2026-08-25 09:45:16,995 - INFO - 📊 EXECUTION AUDIT [ORDER_FILLED]: trade_id=trade_NSE_NIFTYBANK_INDEX_MomentumBurst_5m_v1.0_RVOL2.0_1787631305, candidate_id=cand_NSE_NIFTYBANK_INDEX_MOMBURST_57517.70_20260825_094505_MomentumBurst_5m_v1.0_RVOL2.0, payload={'price': 57517.7, 'sl': 57575.97499999999, 'tp': 57389.495}
2026-08-25 09:45:17,005 - INFO - 💰 Position size [MOMENTUM_BURST|GAP_DOWN_HIGH_VOL|conf=1]: frac=0.002 → ₹5,000 (risk/unit=0.10%)
2026-08-25 09:45:17,027 - INFO - 🟢 ENTRY [MomentumBurst_5m_v1.0_RVOL2.0|OL2.0_1787631305]: NSE:NIFTYBANK-INDEX BUY PUT @ 57517.70 | SL: 57575.97 TP: 57389.50
2026-08-25 09:45:25,364 - INFO - 📊 Saved 22 snapshots for NSE:NIFTY50-INDEX  (oi range: 293,410–36,951,980)
2026-08-25 09:45:26,462 - INFO - 📡 Fetching NSE:NIFTYBANK-INDEX @ 57508  expiry=26AUG  strikes=ATM±5
2026-08-25 09:45:35,037 - INFO - ⏱️ [Real-time Exit Loop] Checking open positions @ 09:45:35...
2026-08-25 09:45:36,382 - INFO - 📊 EXECUTION AUDIT [SL_MODIFIED]: trade_id=trade_NSE_NIFTY50_INDEX_OIWallReaction_v1.0_1787631155, candidate_id=cand_NSE_NIFTY50_INDEX_OI_WALL_BREAK_24172.80_20260825_094235_OIWallReaction_v1.0, payload={'price': 24152.0, 'old_sl': 24183.896500000003, 'new_sl': 24182.2465, 'old_tp': None, 'new_tp': 24111.87, 'reason': 'TRAILING_SL'}
2026-08-25 09:45:36,455 - INFO - 🟡 UPDATE (TRAILING_SL) [OIWallReaction_v1.0|_OIWallReaction_v1.0]: NSE:NIFTY50-INDEX @ 24152.00 | SL→24182.25 TP→24111.87
2026-08-25 09:45:36,477 - INFO - 📊 EXECUTION AUDIT [SL_MODIFIED]: trade_id=trade_NSE_NIFTYBANK_INDEX_RelativeValue_NIFTY_BANKNIFTY_v1.0_1787631155, candidate_id=cand_NSE_NIFTYBANK_INDEX_RELVAL_57544.30_20260825_094235_RelativeValue_NIFTY_BANKNIFTY_v1.0, payload={'price': 57506.8, 'old_sl': 57552.52, 'new_sl': 57545.22, 'old_tp': None, 'new_tp': 57434.62271114643, 'reason': 'TRAILING_SL'}
2026-08-25 09:45:36,517 - INFO - 🟡 UPDATE (TRAILING_SL) [RelativeValue_NIFTY_BANKNIFTY_v1.0|NIFTY_BANKNIFTY_v1.0]: NSE:NIFTYBANK-INDEX @ 57506.80 | SL→57545.22 TP→57434.62
2026-08-25 09:45:36,552 - INFO - 📊 EXECUTION AUDIT [SL_MODIFIED]: trade_id=trade_NSE_NIFTYBANK_INDEX_MomentumBurst_5m_v1.0_RVOL2.0_1787631305, candidate_id=cand_NSE_NIFTYBANK_INDEX_MOMBURST_57517.70_20260825_094505_MomentumBurst_5m_v1.0_RVOL2.0, payload={'price': 57506.8, 'old_sl': 57575.97499999999, 'new_sl': 57565.075, 'old_tp': None, 'new_tp': 57389.495, 'reason': 'TRAILING_SL'}
2026-08-25 09:45:36,587 - INFO - 🟡 UPDATE (TRAILING_SL) [MomentumBurst_5m_v1.0_RVOL2.0|urst_5m_v1.0_RVOL2.0]: NSE:NIFTYBANK-INDEX @ 57506.80 | SL→57565.07 TP→57389.50
2026-08-25 09:45:36,605 - INFO - 📊 EXECUTION AUDIT [CF_SL_MODIFIED]: trade_id=None, candidate_id=cand_NSE_NIFTY50_INDEX_TRENDLINE_RETEST_24172.80_202608250942_Geometry_v1.0_Score35, payload={'price': 24152.0, 'old_sl': 24179.100000000002, 'new_sl': 24177.45, 'old_tp': None, 'new_tp': 24147.88, 'reason': 'TRAILING_SL'}
2026-08-25 09:45:36,638 - INFO - 🟡 UPDATE (TRAILING_SL) [CFGeometry_v1.0_Score35|eometry_v1.0_Score35]: NSE:NIFTY50-INDEX @ 24152.00 | SL→24177.45 TP→24147.88
2026-08-25 09:45:36,638 - INFO - 📊 EXECUTION AUDIT [CF_SL_MODIFIED]: trade_id=None, candidate_id=cand_NSE_NIFTY50_INDEX_TRENDLINE_RETEST_24172.80_202608250942_Geometry_v1.0_Score50, payload={'price': 24152.0, 'old_sl': 24179.100000000002, 'new_sl': 24177.45, 'old_tp': None, 'new_tp': 24147.88, 'reason': 'TRAILING_SL'}
2026-08-25 09:45:36,674 - INFO - 🟡 UPDATE (TRAILING_SL) [CFGeometry_v1.0_Score50|eometry_v1.0_Score50]: NSE:NIFTY50-INDEX @ 24152.00 | SL→24177.45 TP→24147.88
2026-08-25 09:45:36,674 - INFO - 📊 EXECUTION AUDIT [CF_SL_MODIFIED]: trade_id=None, candidate_id=cand_NSE_NIFTY50_INDEX_OI_WALL_FADE_24172.80_20260825_094235_OIWallReaction_v1.0, payload={'price': 24152.0, 'old_sl': 24183.896500000003, 'new_sl': 24182.2465, 'old_tp': None, 'new_tp': 24139.506999999998, 'reason': 'TRAILING_SL'}
2026-08-25 09:45:36,709 - INFO - 🟡 UPDATE (TRAILING_SL) [CFOIWallReaction_v1.0|_OIWallReaction_v1.0]: NSE:NIFTY50-INDEX @ 24152.00 | SL→24182.25 TP→24139.51
2026-08-25 09:45:36,709 - INFO - 📊 EXECUTION AUDIT [CF_SL_MODIFIED]: trade_id=None, candidate_id=cand_NSE_NIFTYBANK_INDEX_TRENDLINE_RETEST_57544.30_202608250942_Geometry_v1.0_Score35, payload={'price': 57506.8, 'old_sl': 57611.78, 'new_sl': 57604.48, 'old_tp': None, 'new_tp': 57446.62, 'reason': 'TRAILING_SL'}
2026-08-25 09:45:36,742 - INFO - 🟡 UPDATE (TRAILING_SL) [CFGeometry_v1.0_Score35|eometry_v1.0_Score35]: NSE:NIFTYBANK-INDEX @ 57506.80 | SL→57604.48 TP→57446.62
2026-08-25 09:45:36,742 - INFO - 📊 EXECUTION AUDIT [CF_SL_MODIFIED]: trade_id=None, candidate_id=cand_NSE_NIFTYBANK_INDEX_TRENDLINE_RETEST_57544.30_202608250942_Geometry_v1.0_Score50, payload={'price': 57506.8, 'old_sl': 57611.78, 'new_sl': 57604.48, 'old_tp': None, 'new_tp': 57446.62, 'reason': 'TRAILING_SL'}
2026-08-25 09:45:36,774 - INFO - 🟡 UPDATE (TRAILING_SL) [CFGeometry_v1.0_Score50|eometry_v1.0_Score50]: NSE:NIFTYBANK-INDEX @ 57506.80 | SL→57604.48 TP→57446.62
2026-08-25 09:45:36,774 - INFO - 📊 EXECUTION AUDIT [CF_SL_MODIFIED]: trade_id=None, candidate_id=cand_NSE_NIFTY50_INDEX_EMAPULL_24154.85_20260825_094505_EMA_Pullback_20_50_RVOL0.5, payload={'price': 24152.0, 'old_sl': 24185.744, 'new_sl': 24182.894, 'old_tp': None, 'new_tp': 24078.25, 'reason': 'TRAILING_SL'}
2026-08-25 09:45:36,813 - INFO - 🟡 UPDATE (TRAILING_SL) [CFEMA_Pullback_20_50_RVOL0.5|llback_20_50_RVOL0.5]: NSE:NIFTY50-INDEX @ 24152.00 | SL→24182.89 TP→24078.25
2026-08-25 09:45:36,813 - INFO - 📊 EXECUTION AUDIT [CF_SL_MODIFIED]: trade_id=None, candidate_id=cand_NSE_NIFTY50_INDEX_GAP_AND_GO_24154.85_20260825_094505_GapRegime_v2.0, payload={'price': 24152.0, 'old_sl': 24178.05, 'new_sl': 24175.2, 'old_tp': None, 'new_tp': 24078.25, 'reason': 'TRAILING_SL'}
2026-08-25 09:45:36,849 - INFO - 🟡 UPDATE (TRAILING_SL) [CFGapRegime_v2.0|94505_GapRegime_v2.0]: NSE:NIFTY50-INDEX @ 24152.00 | SL→24175.20 TP→24078.25
2026-08-25 09:45:37,714 - INFO - Retrieved live premium from Fyers API: LTP=5.0 for NSE:BANKNIFTY26AUG56800PE
2026-08-25 09:45:56,509 - INFO - 📊 Saved 22 snapshots for NSE:NIFTYBANK-INDEX  (oi range: 137,490–3,140,760)
2026-08-25 09:45:57,598 - INFO - 📡 Fetching NSE:NIFTY50-INDEX @ 24155  expiry=26AUG  strikes=ATM±5
2026-08-25 09:46:05,481 - INFO - ⏱️ [Real-time Exit Loop] Checking open positions @ 09:46:05...
2026-08-25 09:46:07,591 - INFO - Retrieved live premium from Fyers API: LTP=4.6 for NSE:BANKNIFTY26AUG56800PE
2026-08-25 09:46:27,424 - INFO - 📊 Saved 22 snapshots for NSE:NIFTY50-INDEX  (oi range: 279,175–37,963,380)
2026-08-25 09:46:28,545 - INFO - 📡 Fetching NSE:NIFTYBANK-INDEX @ 57520  expiry=26AUG  strikes=ATM±5
2026-08-25 09:46:35,348 - INFO - ⏱️ [Real-time Exit Loop] Checking open positions @ 09:46:35...
2026-08-25 09:46:36,504 - INFO - 📊 EXECUTION AUDIT [SL_MODIFIED]: trade_id=trade_NSE_NIFTYBANK_INDEX_GapRegime_v2.0_1787631305, candidate_id=cand_NSE_NIFTYBANK_INDEX_GAP_FILL_57517.70_20260825_094505_GapRegime_v2.0, payload={'price': 57518.75, 'old_sl': 57351.58, 'new_sl': 57352.630000000005, 'old_tp': None, 'new_tp': 57803.4, 'reason': 'TRAILING_SL'}
2026-08-25 09:46:36,546 - INFO - 🟡 UPDATE (TRAILING_SL) [GapRegime_v2.0|94505_GapRegime_v2.0]: NSE:NIFTYBANK-INDEX @ 57518.75 | SL→57352.63 TP→57803.40
2026-08-25 09:46:37,437 - INFO - Retrieved live premium from Fyers API: LTP=4.5 for NSE:BANKNIFTY26AUG56800PE
2026-08-25 09:46:58,155 - INFO - 📊 Saved 22 snapshots for NSE:NIFTYBANK-INDEX  (oi range: 138,420–3,111,870)
2026-08-25 09:46:59,250 - INFO - 📡 Fetching NSE:NIFTY50-INDEX @ 24160  expiry=26AUG  strikes=ATM±5
2026-08-25 09:47:05,214 - INFO - ⏱️ [Real-time Exit Loop] Checking open positions @ 09:47:05...
2026-08-25 09:47:06,389 - INFO - 📊 EXECUTION AUDIT [SL_MODIFIED]: trade_id=trade_NSE_NIFTYBANK_INDEX_GapRegime_v2.0_1787631305, candidate_id=cand_NSE_NIFTYBANK_INDEX_GAP_FILL_57517.70_20260825_094505_GapRegime_v2.0, payload={'price': 57536.6, 'old_sl': 57352.630000000005, 'new_sl': 57370.48, 'old_tp': None, 'new_tp': 57803.4, 'reason': 'TRAILING_SL'}
2026-08-25 09:47:06,429 - INFO - 🟡 UPDATE (TRAILING_SL) [GapRegime_v2.0|94505_GapRegime_v2.0]: NSE:NIFTYBANK-INDEX @ 57536.60 | SL→57370.48 TP→57803.40
2026-08-25 09:47:06,898 - INFO - 🔴 CF COMBO EXIT (STOP_R) [VerticalSpread_v1.0|_VerticalSpread_v1.0]: NSE:NIFTYBANK-INDEX BEAR_PUT_SPREAD | PnL -0.62R | 46min
2026-08-25 09:47:07,316 - INFO - Retrieved live premium from Fyers API: LTP=4.35 for NSE:BANKNIFTY26AUG56800PE
2026-08-25 09:47:29,001 - INFO - 📊 Saved 22 snapshots for NSE:NIFTY50-INDEX  (oi range: 290,030–39,486,850)
2026-08-25 09:47:30,100 - INFO - 📡 Fetching NSE:NIFTYBANK-INDEX @ 57534  expiry=26AUG  strikes=ATM±5
2026-08-25 09:47:35,095 - INFO - ⏱️ [Real-time Exit Loop] Checking open positions @ 09:47:35...
2026-08-25 09:47:36,275 - INFO - 📊 EXECUTION AUDIT [SL_MODIFIED]: trade_id=trade_NSE_NIFTYBANK_INDEX_GapRegime_v2.0_1787631305, candidate_id=cand_NSE_NIFTYBANK_INDEX_GAP_FILL_57517.70_20260825_094505_GapRegime_v2.0, payload={'price': 57538.35, 'old_sl': 57370.48, 'new_sl': 57372.23, 'old_tp': None, 'new_tp': 57803.4, 'reason': 'TRAILING_SL'}
2026-08-25 09:47:36,315 - INFO - 🟡 UPDATE (TRAILING_SL) [GapRegime_v2.0|94505_GapRegime_v2.0]: NSE:NIFTYBANK-INDEX @ 57538.35 | SL→57372.23 TP→57803.40
2026-08-25 09:47:36,637 - INFO - 🔴 CF COMBO EXIT (TARGET_R) [IronCondor_v1.0|0105_IronCondor_v1.0]: NSE:NIFTY50-INDEX IRON_CONDOR | PnL +0.40R | 47min
2026-08-25 09:47:37,214 - INFO - Retrieved live premium from Fyers API: LTP=4.4 for NSE:BANKNIFTY26AUG56800PE
2026-08-25 09:47:37,366 - INFO - 🔴 CF COMBO EXIT (TARGET_R) [IronCondor_v1.0|0535_IronCondor_v1.0]: NSE:NIFTY50-INDEX IRON_CONDOR | PnL +0.40R | 42min
2026-08-25 09:48:00,001 - INFO - 📊 Saved 22 snapshots for NSE:NIFTYBANK-INDEX  (oi range: 141,180–3,210,630)
2026-08-25 09:48:01,095 - INFO - 📡 Fetching NSE:NIFTY50-INDEX @ 24164  expiry=26AUG  strikes=ATM±5
2026-08-25 09:48:05,027 - INFO - ⏱️ [Real-time Exit Loop] Checking open positions @ 09:48:05...
2026-08-25 09:48:07,135 - INFO - Retrieved live premium from Fyers API: LTP=4.5 for NSE:BANKNIFTY26AUG56800PE
2026-08-25 09:48:30,549 - INFO - 📊 Saved 22 snapshots for NSE:NIFTY50-INDEX  (oi range: 286,520–40,013,870)
2026-08-25 09:48:31,648 - INFO - 📡 Fetching NSE:NIFTYBANK-INDEX @ 57524  expiry=26AUG  strikes=ATM±5
2026-08-25 09:48:35,854 - INFO - ⏱️ [Real-time Exit Loop] Checking open positions @ 09:48:35...
2026-08-25 09:48:37,957 - INFO - Retrieved live premium from Fyers API: LTP=4.85 for NSE:BANKNIFTY26AUG56800PE
2026-08-25 09:49:01,212 - INFO - 📊 Saved 22 snapshots for NSE:NIFTYBANK-INDEX  (oi range: 141,090–3,189,420)
2026-08-25 09:49:02,468 - INFO - 📡 Fetching NSE:NIFTY50-INDEX @ 24156  expiry=26AUG  strikes=ATM±5
2026-08-25 09:49:05,661 - INFO - ⏱️ [Real-time Exit Loop] Checking open positions @ 09:49:05...
2026-08-25 09:49:07,759 - INFO - Retrieved live premium from Fyers API: LTP=4.75 for NSE:BANKNIFTY26AUG56800PE
2026-08-25 09:49:32,323 - INFO - 📊 Saved 22 snapshots for NSE:NIFTY50-INDEX  (oi range: 289,185–40,325,675)
2026-08-25 09:49:33,419 - INFO - 📡 Fetching NSE:NIFTYBANK-INDEX @ 57515  expiry=26AUG  strikes=ATM±5
2026-08-25 09:49:35,480 - INFO - ⏱️ [Real-time Exit Loop] Checking open positions @ 09:49:35...
2026-08-25 09:49:37,751 - INFO - Retrieved live premium from Fyers API: LTP=5.05 for NSE:BANKNIFTY26AUG56800PE
2026-08-25 09:50:03,085 - INFO - 📊 Saved 22 snapshots for NSE:NIFTYBANK-INDEX  (oi range: 142,710–3,194,790)
2026-08-25 09:50:04,191 - INFO - 📡 Fetching NSE:NIFTY50-INDEX @ 24155  expiry=26AUG  strikes=ATM±5
2026-08-25 09:50:05,468 - INFO - 🔔 [New Candle Closed] Running entry pipeline for candle 09:50 at 09:50:05...
2026-08-25 09:50:05,469 - INFO - --- 09:50:05 Market Pulse ---
2026-08-25 09:50:10,626 - INFO - 📊 EXECUTION AUDIT [ORDER_EXITED]: trade_id=trade_NSE_NIFTYBANK_INDEX_RelativeValue_NIFTY_BANKNIFTY_v1.0_1787631155, candidate_id=cand_NSE_NIFTYBANK_INDEX_RELVAL_57544.30_20260825_094235_RelativeValue_NIFTY_BANKNIFTY_v1.0, payload={'exit_price': 57545.22, 'exit_reason': 'TRAILING_SL', 'pnl_r': -0.02623612512613516, 'duration_minutes': 7.493268083333334, 'bars_held': 2}
2026-08-25 09:50:10,674 - INFO - 🔴 EXIT (TRAILING_SL) [RelativeValue_NIFTY_BANKNIFTY_v1.0|NIFTY_BANKNIFTY_v1.0]: NSE:NIFTYBANK-INDEX @ 57545.22 | PnL -0.03R | MFE 0.98R | Capture -3% | 2bars HoldEff -0.013R/bar
2026-08-25 09:50:11,595 - INFO - Retrieved live premium from Fyers API: LTP=4.75 for NSE:BANKNIFTY26AUG56800PE
2026-08-25 09:50:14,450 - INFO - Resolved active expiry from DB: 26AUG (2026-08-25)
2026-08-25 09:50:14,451 - INFO - 👻 [CreditSpread_v1.0_PCRFade] CF COMBO BEAR_CALL_SPREAD NSE:NIFTY50-INDEX BEAR_CALL_SPREAD | Rejected: ['HIGH_RVOL']
2026-08-25 09:50:14,462 - INFO - Resolved active expiry from DB: 26AUG (2026-08-25)
2026-08-25 09:50:14,485 - INFO - Resolved BEAR_CALL_SPREAD for NSE:NIFTY50-INDEX: [('CE', 'SELL', 24200.0), ('CE', 'BUY', 24300.0)] net_premium=-18.80 max_loss=81.20
2026-08-25 09:50:14,509 - INFO - 🟢 CF COMBO ENTRY [CreditSpread_v1.0_PCRFade|tSpread_v1.0_PCRFade]: NSE:NIFTY50-INDEX BEAR_CALL_SPREAD | Net premium: -18.80 | Max loss: 81.20
2026-08-25 09:50:14,509 - INFO - 👻 [IronCondor_v1.0] CF COMBO IRON_CONDOR NSE:NIFTY50-INDEX IRON_CONDOR | Rejected: ['HIGH_RVOL']
2026-08-25 09:50:14,521 - INFO - Resolved active expiry from DB: 26AUG (2026-08-25)
2026-08-25 09:50:14,571 - INFO - Resolved IRON_CONDOR for NSE:NIFTY50-INDEX: [('PE', 'SELL', 24100.0), ('PE', 'BUY', 24000.0), ('CE', 'SELL', 24200.0), ('CE', 'BUY', 24300.0)] net_premium=-27.95 max_loss=72.05
2026-08-25 09:50:14,593 - INFO - 🟢 CF COMBO ENTRY [IronCondor_v1.0|5005_IronCondor_v1.0]: NSE:NIFTY50-INDEX IRON_CONDOR | Net premium: -27.95 | Max loss: 72.05
2026-08-25 09:50:16,077 - INFO - Resolved active expiry from DB: 26AUG (2026-08-25)
2026-08-25 09:50:16,079 - INFO - 🚀 SIGNAL: NSE:NIFTYBANK-INDEX BUY PUT | [RelativeValue_NIFTY_BANKNIFTY_v1.0]
2026-08-25 09:50:16,079 - INFO -    Entry: 57506.65 | SL: 57537.975 | TP: 57395.54892007708 (RR: 3.55)
2026-08-25 09:50:16,079 - INFO - 📊 EXECUTION AUDIT [SIGNAL_GENERATED]: trade_id=trade_NSE_NIFTYBANK_INDEX_RelativeValue_NIFTY_BANKNIFTY_v1.0_1787631605, candidate_id=cand_NSE_NIFTYBANK_INDEX_RELVAL_57506.65_20260825_095005_RelativeValue_NIFTY_BANKNIFTY_v1.0, payload={'symbol': 'NSE:NIFTYBANK-INDEX', 'signal': 'BUY PUT', 'strategy': 'RATIO_DIVERGENCE', 'price': 57506.65, 'stop_loss': 57537.975, 'take_profit': 57395.54892007708, 'tp1': 57459.662500000006, 'rr_ratio': 3.55, 'timestamp': '2026-08-25T09:50:05.469053+05:30', 'accepted': True, 'rejection_reasons': [], 'features': {'atr': 62.65, 'ema20': 57451.41, 'ema50': 57430.02, 'move_efficiency': 0.2768, 'move_efficiency_h1': 0.3077, 'wickiness': 0.3927, 'ema_bullish': True, 'rsi14': 69.27, 'rsi2': 0.0, 'distance_to_vwap': 0.0, 'atr_percentile': 0.9953, 'dist_prev_high': -0.0063, 'dist_prev_low': -0.0046, 'adx': 13.01, 'adx_slope': -2.8024, 'gap_pct': -0.0077, 'regime_primary': 'GAP_DOWN', 'regime_vol_state': 'HIGH_VOL', 'market_regime': 'GAP_DOWN_HIGH_VOL'}, 'candidate_id': 'cand_NSE_NIFTYBANK_INDEX_RELVAL_57506.65_20260825_095005_RelativeValue_NIFTY_BANKNIFTY_v1.0', 'confidence': 0.58, 'diagnostics': {'ratio_now': 0.42, 'ratio_rolling_mean': 0.4214, 'ratio_rolling_std': 0.000488, 'z_score': -2.78, 'atr': 62.65, 'rr_ratio': 3.55, 'other_symbol': 'NSE:NIFTY50-INDEX'}, 'experiment_name': 'RelativeValue_NIFTY_BANKNIFTY_v1.0', 'strategy_id': 'relative_value_nifty_banknifty', 'version': 'v1.0'}
2026-08-25 09:50:16,099 - INFO - Resolved active expiry from DB: 26AUG (2026-08-25)
2026-08-25 09:50:16,111 - INFO - Resolved index signal into option contract: OptionContract(symbol='NSE:BANKNIFTY26AUG57500PE', strike=57500.0, expiry='26AUG', option_type='PE', premium=103.95, delta=0.5, bid=103.75, ask=104.0, volume=14523570, resolved_at=datetime.datetime(2026, 8, 25, 9, 50, 16, 111628))
2026-08-25 09:50:16,111 - INFO - ⚡ Option strike selection resolved index signal to contract NSE:BANKNIFTY26AUG57500PE @ premium 103.95 (type: PE, strike: 57500.0)
2026-08-25 09:50:16,111 - INFO - 📊 EXECUTION AUDIT [STRIKE_SELECTED]: trade_id=trade_NSE_NIFTYBANK_INDEX_RelativeValue_NIFTY_BANKNIFTY_v1.0_1787631605, candidate_id=cand_NSE_NIFTYBANK_INDEX_RELVAL_57506.65_20260825_095005_RelativeValue_NIFTY_BANKNIFTY_v1.0, payload={'symbol': 'NSE:BANKNIFTY26AUG57500PE', 'strike': 57500.0, 'expiry': '26AUG', 'type': 'PE'}
2026-08-25 09:50:16,122 - INFO - 📊 EXECUTION AUDIT [PREMIUM_RETRIEVED]: trade_id=trade_NSE_NIFTYBANK_INDEX_RelativeValue_NIFTY_BANKNIFTY_v1.0_1787631605, candidate_id=cand_NSE_NIFTYBANK_INDEX_RELVAL_57506.65_20260825_095005_RelativeValue_NIFTY_BANKNIFTY_v1.0, payload={'premium': 103.95, 'bid': 103.75, 'ask': 104.0}
2026-08-25 09:50:16,133 - INFO - 📊 EXECUTION AUDIT [ORDER_SUBMITTED]: trade_id=trade_NSE_NIFTYBANK_INDEX_RelativeValue_NIFTY_BANKNIFTY_v1.0_1787631605, candidate_id=cand_NSE_NIFTYBANK_INDEX_RELVAL_57506.65_20260825_095005_RelativeValue_NIFTY_BANKNIFTY_v1.0, payload={'price': 57506.65, 'sl': 57537.975, 'tp': 57395.54892007708}
2026-08-25 09:50:16,145 - INFO - 📊 EXECUTION AUDIT [ORDER_FILLED]: trade_id=trade_NSE_NIFTYBANK_INDEX_RelativeValue_NIFTY_BANKNIFTY_v1.0_1787631605, candidate_id=cand_NSE_NIFTYBANK_INDEX_RELVAL_57506.65_20260825_095005_RelativeValue_NIFTY_BANKNIFTY_v1.0, payload={'price': 57506.65, 'sl': 57537.975, 'tp': 57395.54892007708}
2026-08-25 09:50:16,156 - INFO - 💰 Position size [RATIO_DIVERGENCE|GAP_DOWN_HIGH_VOL|conf=1]: frac=0.002 → ₹5,000 (risk/unit=0.05%)
2026-08-25 09:50:16,180 - INFO - 🟢 ENTRY [RelativeValue_NIFTY_BANKNIFTY_v1.0|_v1.0_1787631605]: NSE:NIFTYBANK-INDEX BUY PUT @ 57506.65 | SL: 57537.97 TP: 57395.55
2026-08-25 09:50:34,936 - INFO - 📊 Saved 22 snapshots for NSE:NIFTY50-INDEX  (oi range: 293,410–41,011,100)
2026-08-25 09:50:35,185 - INFO - ⏱️ [Real-time Exit Loop] Checking open positions @ 09:50:35...
2026-08-25 09:50:36,037 - INFO - 📡 Fetching NSE:NIFTYBANK-INDEX @ 57513  expiry=26AUG  strikes=ATM±5
2026-08-25 09:50:37,285 - INFO - Retrieved live premium from Fyers API: LTP=4.85 for NSE:BANKNIFTY26AUG56800PE
2026-08-25 09:51:05,112 - INFO - ⏱️ [Real-time Exit Loop] Checking open positions @ 09:51:05...
2026-08-25 09:51:05,990 - INFO - 📊 Saved 22 snapshots for NSE:NIFTYBANK-INDEX  (oi range: 142,380–3,218,970)
2026-08-25 09:51:06,265 - INFO - 📊 EXECUTION AUDIT [SL_MODIFIED]: trade_id=trade_NSE_NIFTYBANK_INDEX_MomentumBurst_5m_v1.0_RVOL2.0_1787631305, candidate_id=cand_NSE_NIFTYBANK_INDEX_MOMBURST_57517.70_20260825_094505_MomentumBurst_5m_v1.0_RVOL2.0, payload={'price': 57499.95, 'old_sl': 57565.075, 'new_sl': 57558.22499999999, 'old_tp': None, 'new_tp': 57389.495, 'reason': 'TRAILING_SL'}
2026-08-25 09:51:06,305 - INFO - 🟡 UPDATE (TRAILING_SL) [MomentumBurst_5m_v1.0_RVOL2.0|urst_5m_v1.0_RVOL2.0]: NSE:NIFTYBANK-INDEX @ 57499.95 | SL→57558.22 TP→57389.50
2026-08-25 09:51:06,322 - INFO - 📊 EXECUTION AUDIT [SL_MODIFIED]: trade_id=trade_NSE_NIFTYBANK_INDEX_RelativeValue_NIFTY_BANKNIFTY_v1.0_1787631605, candidate_id=cand_NSE_NIFTYBANK_INDEX_RELVAL_57506.65_20260825_095005_RelativeValue_NIFTY_BANKNIFTY_v1.0, payload={'price': 57499.95, 'old_sl': 57537.975, 'new_sl': 57531.274999999994, 'old_tp': None, 'new_tp': 57395.54892007708, 'reason': 'TRAILING_SL'}
2026-08-25 09:51:06,355 - INFO - 🟡 UPDATE (TRAILING_SL) [RelativeValue_NIFTY_BANKNIFTY_v1.0|NIFTY_BANKNIFTY_v1.0]: NSE:NIFTYBANK-INDEX @ 57499.95 | SL→57531.27 TP→57395.55
2026-08-25 09:51:06,372 - INFO - 📊 EXECUTION AUDIT [CF_SL_MODIFIED]: trade_id=None, candidate_id=cand_NSE_NIFTYBANK_INDEX_TRENDLINE_RETEST_57544.30_202608250942_Geometry_v1.0_Score35, payload={'price': 57499.95, 'old_sl': 57604.48, 'new_sl': 57597.63, 'old_tp': None, 'new_tp': 57446.62, 'reason': 'TRAILING_SL'}
2026-08-25 09:51:06,407 - INFO - 🟡 UPDATE (TRAILING_SL) [CFGeometry_v1.0_Score35|eometry_v1.0_Score35]: NSE:NIFTYBANK-INDEX @ 57499.95 | SL→57597.63 TP→57446.62
2026-08-25 09:51:06,408 - INFO - 📊 EXECUTION AUDIT [CF_SL_MODIFIED]: trade_id=None, candidate_id=cand_NSE_NIFTYBANK_INDEX_TRENDLINE_RETEST_57544.30_202608250942_Geometry_v1.0_Score50, payload={'price': 57499.95, 'old_sl': 57604.48, 'new_sl': 57597.63, 'old_tp': None, 'new_tp': 57446.62, 'reason': 'TRAILING_SL'}
2026-08-25 09:51:06,441 - INFO - 🟡 UPDATE (TRAILING_SL) [CFGeometry_v1.0_Score50|eometry_v1.0_Score50]: NSE:NIFTYBANK-INDEX @ 57499.95 | SL→57597.63 TP→57446.62
2026-08-25 09:51:07,095 - INFO - 📡 Fetching NSE:NIFTY50-INDEX @ 24154  expiry=26AUG  strikes=ATM±5
2026-08-25 09:51:07,212 - INFO - Retrieved live premium from Fyers API: LTP=5.0 for NSE:BANKNIFTY26AUG56800PE
2026-08-25 09:51:35,040 - INFO - ⏱️ [Real-time Exit Loop] Checking open positions @ 09:51:35...
2026-08-25 09:51:36,199 - INFO - 📊 EXECUTION AUDIT [SL_MODIFIED]: trade_id=trade_NSE_NIFTYBANK_INDEX_MomentumBurst_5m_v1.0_RVOL2.0_1787631305, candidate_id=cand_NSE_NIFTYBANK_INDEX_MOMBURST_57517.70_20260825_094505_MomentumBurst_5m_v1.0_RVOL2.0, payload={'price': 57493.0, 'old_sl': 57558.22499999999, 'new_sl': 57551.274999999994, 'old_tp': None, 'new_tp': 57389.495, 'reason': 'TRAILING_SL'}
2026-08-25 09:51:36,235 - INFO - 🟡 UPDATE (TRAILING_SL) [MomentumBurst_5m_v1.0_RVOL2.0|urst_5m_v1.0_RVOL2.0]: NSE:NIFTYBANK-INDEX @ 57493.00 | SL→57551.27 TP→57389.50
2026-08-25 09:51:36,252 - INFO - 📊 EXECUTION AUDIT [SL_MODIFIED]: trade_id=trade_NSE_NIFTYBANK_INDEX_RelativeValue_NIFTY_BANKNIFTY_v1.0_1787631605, candidate_id=cand_NSE_NIFTYBANK_INDEX_RELVAL_57506.65_20260825_095005_RelativeValue_NIFTY_BANKNIFTY_v1.0, payload={'price': 57493.0, 'old_sl': 57531.274999999994, 'new_sl': 57524.325, 'old_tp': None, 'new_tp': 57395.54892007708, 'reason': 'TRAILING_SL'}
2026-08-25 09:51:36,284 - INFO - 🟡 UPDATE (TRAILING_SL) [RelativeValue_NIFTY_BANKNIFTY_v1.0|NIFTY_BANKNIFTY_v1.0]: NSE:NIFTYBANK-INDEX @ 57493.00 | SL→57524.32 TP→57395.55
2026-08-25 09:51:36,302 - INFO - 📊 EXECUTION AUDIT [CF_SL_MODIFIED]: trade_id=None, candidate_id=cand_NSE_NIFTYBANK_INDEX_TRENDLINE_RETEST_57544.30_202608250942_Geometry_v1.0_Score35, payload={'price': 57493.0, 'old_sl': 57597.63, 'new_sl': 57590.68, 'old_tp': None, 'new_tp': 57446.62, 'reason': 'TRAILING_SL'}
2026-08-25 09:51:36,336 - INFO - 🟡 UPDATE (TRAILING_SL) [CFGeometry_v1.0_Score35|eometry_v1.0_Score35]: NSE:NIFTYBANK-INDEX @ 57493.00 | SL→57590.68 TP→57446.62
2026-08-25 09:51:36,337 - INFO - 📊 EXECUTION AUDIT [CF_SL_MODIFIED]: trade_id=None, candidate_id=cand_NSE_NIFTYBANK_INDEX_TRENDLINE_RETEST_57544.30_202608250942_Geometry_v1.0_Score50, payload={'price': 57493.0, 'old_sl': 57597.63, 'new_sl': 57590.68, 'old_tp': None, 'new_tp': 57446.62, 'reason': 'TRAILING_SL'}
2026-08-25 09:51:36,372 - INFO - 🟡 UPDATE (TRAILING_SL) [CFGeometry_v1.0_Score50|eometry_v1.0_Score50]: NSE:NIFTYBANK-INDEX @ 57493.00 | SL→57590.68 TP→57446.62
2026-08-25 09:51:37,152 - INFO - Retrieved live premium from Fyers API: LTP=4.85 for NSE:BANKNIFTY26AUG56800PE
2026-08-25 09:51:37,170 - INFO - 📊 Saved 22 snapshots for NSE:NIFTY50-INDEX  (oi range: 296,595–41,669,225)
2026-08-25 09:51:38,276 - INFO - 📡 Fetching NSE:NIFTYBANK-INDEX @ 57496  expiry=26AUG  strikes=ATM±5
2026-08-25 09:52:05,963 - INFO - ⏱️ [Real-time Exit Loop] Checking open positions @ 09:52:05...
2026-08-25 09:52:07,057 - INFO - 📊 EXECUTION AUDIT [SL_MODIFIED]: trade_id=trade_NSE_NIFTY50_INDEX_OIWallReaction_v1.0_1787631155, candidate_id=cand_NSE_NIFTY50_INDEX_OI_WALL_BREAK_24172.80_20260825_094235_OIWallReaction_v1.0, payload={'price': 24150.7, 'old_sl': 24182.2465, 'new_sl': 24180.946500000002, 'old_tp': None, 'new_tp': 24111.87, 'reason': 'TRAILING_SL'}
2026-08-25 09:52:07,120 - INFO - 🟡 UPDATE (TRAILING_SL) [OIWallReaction_v1.0|_OIWallReaction_v1.0]: NSE:NIFTY50-INDEX @ 24150.70 | SL→24180.95 TP→24111.87
2026-08-25 09:52:07,198 - INFO - 📊 EXECUTION AUDIT [CF_SL_MODIFIED]: trade_id=None, candidate_id=cand_NSE_NIFTY50_INDEX_TRENDLINE_RETEST_24172.80_202608250942_Geometry_v1.0_Score35, payload={'price': 24150.7, 'old_sl': 24177.45, 'new_sl': 24176.15, 'old_tp': None, 'new_tp': 24147.88, 'reason': 'TRAILING_SL'}
2026-08-25 09:52:07,235 - INFO - 🟡 UPDATE (TRAILING_SL) [CFGeometry_v1.0_Score35|eometry_v1.0_Score35]: NSE:NIFTY50-INDEX @ 24150.70 | SL→24176.15 TP→24147.88
2026-08-25 09:52:07,235 - INFO - 📊 EXECUTION AUDIT [CF_SL_MODIFIED]: trade_id=None, candidate_id=cand_NSE_NIFTY50_INDEX_TRENDLINE_RETEST_24172.80_202608250942_Geometry_v1.0_Score50, payload={'price': 24150.7, 'old_sl': 24177.45, 'new_sl': 24176.15, 'old_tp': None, 'new_tp': 24147.88, 'reason': 'TRAILING_SL'}
2026-08-25 09:52:07,270 - INFO - 🟡 UPDATE (TRAILING_SL) [CFGeometry_v1.0_Score50|eometry_v1.0_Score50]: NSE:NIFTY50-INDEX @ 24150.70 | SL→24176.15 TP→24147.88
2026-08-25 09:52:07,271 - INFO - 📊 EXECUTION AUDIT [CF_SL_MODIFIED]: trade_id=None, candidate_id=cand_NSE_NIFTY50_INDEX_OI_WALL_FADE_24172.80_20260825_094235_OIWallReaction_v1.0, payload={'price': 24150.7, 'old_sl': 24182.2465, 'new_sl': 24180.946500000002, 'old_tp': None, 'new_tp': 24139.506999999998, 'reason': 'TRAILING_SL'}
2026-08-25 09:52:07,307 - INFO - 🟡 UPDATE (TRAILING_SL) [CFOIWallReaction_v1.0|_OIWallReaction_v1.0]: NSE:NIFTY50-INDEX @ 24150.70 | SL→24180.95 TP→24139.51
2026-08-25 09:52:07,307 - INFO - 📊 EXECUTION AUDIT [CF_SL_MODIFIED]: trade_id=None, candidate_id=cand_NSE_NIFTY50_INDEX_EMAPULL_24154.85_20260825_094505_EMA_Pullback_20_50_RVOL0.5, payload={'price': 24150.7, 'old_sl': 24182.894, 'new_sl': 24181.594, 'old_tp': None, 'new_tp': 24078.25, 'reason': 'TRAILING_SL'}
2026-08-25 09:52:07,342 - INFO - 🟡 UPDATE (TRAILING_SL) [CFEMA_Pullback_20_50_RVOL0.5|llback_20_50_RVOL0.5]: NSE:NIFTY50-INDEX @ 24150.70 | SL→24181.59 TP→24078.25
2026-08-25 09:52:07,342 - INFO - 📊 EXECUTION AUDIT [CF_SL_MODIFIED]: trade_id=None, candidate_id=cand_NSE_NIFTY50_INDEX_GAP_AND_GO_24154.85_20260825_094505_GapRegime_v2.0, payload={'price': 24150.7, 'old_sl': 24175.2, 'new_sl': 24173.9, 'old_tp': None, 'new_tp': 24078.25, 'reason': 'TRAILING_SL'}
2026-08-25 09:52:07,375 - INFO - 🟡 UPDATE (TRAILING_SL) [CFGapRegime_v2.0|94505_GapRegime_v2.0]: NSE:NIFTY50-INDEX @ 24150.70 | SL→24173.90 TP→24078.25
2026-08-25 09:52:08,039 - INFO - 📊 Saved 22 snapshots for NSE:NIFTYBANK-INDEX  (oi range: 143,910–3,219,930)
2026-08-25 09:52:08,064 - INFO - Retrieved live premium from Fyers API: LTP=4.75 for NSE:BANKNIFTY26AUG56800PE
2026-08-25 09:52:09,127 - INFO - 📡 Fetching NSE:NIFTY50-INDEX @ 24150  expiry=26AUG  strikes=ATM±5
2026-08-25 09:52:35,852 - INFO - ⏱️ [Real-time Exit Loop] Checking open positions @ 09:52:35...
2026-08-25 09:52:36,944 - INFO - 📊 EXECUTION AUDIT [SL_MODIFIED]: trade_id=trade_NSE_NIFTY50_INDEX_OIWallReaction_v1.0_1787631155, candidate_id=cand_NSE_NIFTY50_INDEX_OI_WALL_BREAK_24172.80_20260825_094235_OIWallReaction_v1.0, payload={'price': 24143.2, 'old_sl': 24180.946500000002, 'new_sl': 24173.446500000002, 'old_tp': None, 'new_tp': 24111.87, 'reason': 'TRAILING_SL'}
2026-08-25 09:52:37,007 - INFO - 🟡 UPDATE (TRAILING_SL) [OIWallReaction_v1.0|_OIWallReaction_v1.0]: NSE:NIFTY50-INDEX @ 24143.20 | SL→24173.45 TP→24111.87
2026-08-25 09:52:37,048 - INFO - 📊 EXECUTION AUDIT [SL_MODIFIED]: trade_id=trade_NSE_NIFTYBANK_INDEX_MomentumBurst_5m_v1.0_RVOL2.0_1787631305, candidate_id=cand_NSE_NIFTYBANK_INDEX_MOMBURST_57517.70_20260825_094505_MomentumBurst_5m_v1.0_RVOL2.0, payload={'price': 57476.3, 'old_sl': 57551.274999999994, 'new_sl': 57534.575, 'old_tp': None, 'new_tp': 57389.495, 'reason': 'TRAILING_SL'}
2026-08-25 09:52:37,081 - INFO - 🟡 UPDATE (TRAILING_SL) [MomentumBurst_5m_v1.0_RVOL2.0|urst_5m_v1.0_RVOL2.0]: NSE:NIFTYBANK-INDEX @ 57476.30 | SL→57534.57 TP→57389.50
2026-08-25 09:52:37,098 - INFO - 📊 EXECUTION AUDIT [SL_MODIFIED]: trade_id=trade_NSE_NIFTYBANK_INDEX_RelativeValue_NIFTY_BANKNIFTY_v1.0_1787631605, candidate_id=cand_NSE_NIFTYBANK_INDEX_RELVAL_57506.65_20260825_095005_RelativeValue_NIFTY_BANKNIFTY_v1.0, payload={'price': 57476.3, 'old_sl': 57524.325, 'new_sl': 57507.625, 'old_tp': None, 'new_tp': 57395.54892007708, 'reason': 'TRAILING_SL'}
2026-08-25 09:52:37,137 - INFO - 🟡 UPDATE (TRAILING_SL) [RelativeValue_NIFTY_BANKNIFTY_v1.0|NIFTY_BANKNIFTY_v1.0]: NSE:NIFTYBANK-INDEX @ 57476.30 | SL→57507.62 TP→57395.55
2026-08-25 09:52:37,155 - INFO - 📊 EXECUTION AUDIT [CF_TP_EXPANDED]: trade_id=None, candidate_id=cand_NSE_NIFTY50_INDEX_TRENDLINE_RETEST_24172.80_202608250942_Geometry_v1.0_Score35, payload={'price': 24143.2, 'old_sl': 24176.15, 'new_sl': 24168.65, 'old_tp': 24147.88, 'new_tp': 24122.43, 'reason': 'TP_EXPANSION'}
2026-08-25 09:52:37,189 - INFO - 🟡 UPDATE (TP_EXPANSION) [CFGeometry_v1.0_Score35|eometry_v1.0_Score35]: NSE:NIFTY50-INDEX @ 24143.20 | SL→24168.65 TP→24122.43
2026-08-25 09:52:37,189 - INFO - 📊 EXECUTION AUDIT [CF_TP_EXPANDED]: trade_id=None, candidate_id=cand_NSE_NIFTY50_INDEX_TRENDLINE_RETEST_24172.80_202608250942_Geometry_v1.0_Score50, payload={'price': 24143.2, 'old_sl': 24176.15, 'new_sl': 24168.65, 'old_tp': 24147.88, 'new_tp': 24122.43, 'reason': 'TP_EXPANSION'}
2026-08-25 09:52:37,226 - INFO - 🟡 UPDATE (TP_EXPANSION) [CFGeometry_v1.0_Score50|eometry_v1.0_Score50]: NSE:NIFTY50-INDEX @ 24143.20 | SL→24168.65 TP→24122.43
2026-08-25 09:52:37,226 - INFO - 📊 EXECUTION AUDIT [CF_SL_MODIFIED]: trade_id=None, candidate_id=cand_NSE_NIFTY50_INDEX_OI_WALL_FADE_24172.80_20260825_094235_OIWallReaction_v1.0, payload={'price': 24143.2, 'old_sl': 24180.946500000002, 'new_sl': 24173.446500000002, 'old_tp': None, 'new_tp': 24139.506999999998, 'reason': 'TRAILING_SL'}
2026-08-25 09:52:37,261 - INFO - 🟡 UPDATE (TRAILING_SL) [CFOIWallReaction_v1.0|_OIWallReaction_v1.0]: NSE:NIFTY50-INDEX @ 24143.20 | SL→24173.45 TP→24139.51
2026-08-25 09:52:37,261 - INFO - 📊 EXECUTION AUDIT [CF_SL_MODIFIED]: trade_id=None, candidate_id=cand_NSE_NIFTYBANK_INDEX_TRENDLINE_RETEST_57544.30_202608250942_Geometry_v1.0_Score35, payload={'price': 57476.3, 'old_sl': 57590.68, 'new_sl': 57573.98, 'old_tp': None, 'new_tp': 57446.62, 'reason': 'TRAILING_SL'}
2026-08-25 09:52:37,295 - INFO - 🟡 UPDATE (TRAILING_SL) [CFGeometry_v1.0_Score35|eometry_v1.0_Score35]: NSE:NIFTYBANK-INDEX @ 57476.30 | SL→57573.98 TP→57446.62
2026-08-25 09:52:37,295 - INFO - 📊 EXECUTION AUDIT [CF_SL_MODIFIED]: trade_id=None, candidate_id=cand_NSE_NIFTYBANK_INDEX_TRENDLINE_RETEST_57544.30_202608250942_Geometry_v1.0_Score50, payload={'price': 57476.3, 'old_sl': 57590.68, 'new_sl': 57573.98, 'old_tp': None, 'new_tp': 57446.62, 'reason': 'TRAILING_SL'}
2026-08-25 09:52:37,329 - INFO - 🟡 UPDATE (TRAILING_SL) [CFGeometry_v1.0_Score50|eometry_v1.0_Score50]: NSE:NIFTYBANK-INDEX @ 57476.30 | SL→57573.98 TP→57446.62
2026-08-25 09:52:37,330 - INFO - 📊 EXECUTION AUDIT [CF_SL_MODIFIED]: trade_id=None, candidate_id=cand_NSE_NIFTY50_INDEX_EMAPULL_24154.85_20260825_094505_EMA_Pullback_20_50_RVOL0.5, payload={'price': 24143.2, 'old_sl': 24181.594, 'new_sl': 24174.094, 'old_tp': None, 'new_tp': 24078.25, 'reason': 'TRAILING_SL'}
2026-08-25 09:52:37,365 - INFO - 🟡 UPDATE (TRAILING_SL) [CFEMA_Pullback_20_50_RVOL0.5|llback_20_50_RVOL0.5]: NSE:NIFTY50-INDEX @ 24143.20 | SL→24174.09 TP→24078.25
2026-08-25 09:52:37,366 - INFO - 📊 EXECUTION AUDIT [CF_SL_MODIFIED]: trade_id=None, candidate_id=cand_NSE_NIFTY50_INDEX_GAP_AND_GO_24154.85_20260825_094505_GapRegime_v2.0, payload={'price': 24143.2, 'old_sl': 24173.9, 'new_sl': 24166.4, 'old_tp': None, 'new_tp': 24078.25, 'reason': 'TRAILING_SL'}
2026-08-25 09:52:37,400 - INFO - 🟡 UPDATE (TRAILING_SL) [CFGapRegime_v2.0|94505_GapRegime_v2.0]: NSE:NIFTY50-INDEX @ 24143.20 | SL→24166.40 TP→24078.25
2026-08-25 09:52:38,058 - INFO - Retrieved live premium from Fyers API: LTP=5.15 for NSE:BANKNIFTY26AUG56800PE
2026-08-25 09:52:39,314 - INFO - 📊 Saved 22 snapshots for NSE:NIFTY50-INDEX  (oi range: 299,260–42,239,145)
2026-08-25 09:52:40,409 - INFO - 📡 Fetching NSE:NIFTYBANK-INDEX @ 57471  expiry=26AUG  strikes=ATM±5
2026-08-25 09:53:05,866 - INFO - ⏱️ [Real-time Exit Loop] Checking open positions @ 09:53:05...
2026-08-25 09:53:06,965 - INFO - 📊 EXECUTION AUDIT [SL_MODIFIED]: trade_id=trade_NSE_NIFTY50_INDEX_OIWallReaction_v1.0_1787631155, candidate_id=cand_NSE_NIFTY50_INDEX_OI_WALL_BREAK_24172.80_20260825_094235_OIWallReaction_v1.0, payload={'price': 24136.6, 'old_sl': 24173.446500000002, 'new_sl': 24166.8465, 'old_tp': None, 'new_tp': 24111.87, 'reason': 'TRAILING_SL'}
2026-08-25 09:53:07,030 - INFO - 🟡 UPDATE (TRAILING_SL) [OIWallReaction_v1.0|_OIWallReaction_v1.0]: NSE:NIFTY50-INDEX @ 24136.60 | SL→24166.85 TP→24111.87
2026-08-25 09:53:07,071 - INFO - 📊 EXECUTION AUDIT [SL_MODIFIED]: trade_id=trade_NSE_NIFTYBANK_INDEX_MomentumBurst_5m_v1.0_RVOL2.0_1787631305, candidate_id=cand_NSE_NIFTYBANK_INDEX_MOMBURST_57517.70_20260825_094505_MomentumBurst_5m_v1.0_RVOL2.0, payload={'price': 57464.85, 'old_sl': 57534.575, 'new_sl': 57523.12499999999, 'old_tp': None, 'new_tp': 57389.495, 'reason': 'TRAILING_SL'}
2026-08-25 09:53:07,104 - INFO - 🟡 UPDATE (TRAILING_SL) [MomentumBurst_5m_v1.0_RVOL2.0|urst_5m_v1.0_RVOL2.0]: NSE:NIFTYBANK-INDEX @ 57464.85 | SL→57523.12 TP→57389.50
2026-08-25 09:53:07,122 - INFO - 📊 EXECUTION AUDIT [SL_MODIFIED]: trade_id=trade_NSE_NIFTYBANK_INDEX_RelativeValue_NIFTY_BANKNIFTY_v1.0_1787631605, candidate_id=cand_NSE_NIFTYBANK_INDEX_RELVAL_57506.65_20260825_095005_RelativeValue_NIFTY_BANKNIFTY_v1.0, payload={'price': 57464.85, 'old_sl': 57507.625, 'new_sl': 57496.174999999996, 'old_tp': None, 'new_tp': 57395.54892007708, 'reason': 'TRAILING_SL'}
2026-08-25 09:53:07,163 - INFO - 🟡 UPDATE (TRAILING_SL) [RelativeValue_NIFTY_BANKNIFTY_v1.0|NIFTY_BANKNIFTY_v1.0]: NSE:NIFTYBANK-INDEX @ 57464.85 | SL→57496.17 TP→57395.55
2026-08-25 09:53:07,181 - INFO - 📊 EXECUTION AUDIT [CF_SL_MODIFIED]: trade_id=None, candidate_id=cand_NSE_NIFTY50_INDEX_TRENDLINE_RETEST_24172.80_202608250942_Geometry_v1.0_Score35, payload={'price': 24136.6, 'old_sl': 24168.65, 'new_sl': 24162.05, 'old_tp': None, 'new_tp': 24122.43, 'reason': 'TRAILING_SL'}
2026-08-25 09:53:07,216 - INFO - 🟡 UPDATE (TRAILING_SL) [CFGeometry_v1.0_Score35|eometry_v1.0_Score35]: NSE:NIFTY50-INDEX @ 24136.60 | SL→24162.05 TP→24122.43
2026-08-25 09:53:07,216 - INFO - 📊 EXECUTION AUDIT [CF_SL_MODIFIED]: trade_id=None, candidate_id=cand_NSE_NIFTY50_INDEX_TRENDLINE_RETEST_24172.80_202608250942_Geometry_v1.0_Score50, payload={'price': 24136.6, 'old_sl': 24168.65, 'new_sl': 24162.05, 'old_tp': None, 'new_tp': 24122.43, 'reason': 'TRAILING_SL'}
2026-08-25 09:53:07,250 - INFO - 🟡 UPDATE (TRAILING_SL) [CFGeometry_v1.0_Score50|eometry_v1.0_Score50]: NSE:NIFTY50-INDEX @ 24136.60 | SL→24162.05 TP→24122.43
2026-08-25 09:53:07,251 - INFO - 📊 EXECUTION AUDIT [CF_TP_EXPANDED]: trade_id=None, candidate_id=cand_NSE_NIFTY50_INDEX_OI_WALL_FADE_24172.80_20260825_094235_OIWallReaction_v1.0, payload={'price': 24136.6, 'old_sl': 24173.446500000002, 'new_sl': 24166.8465, 'old_tp': 24139.506999999998, 'new_tp': 24109.260499999997, 'reason': 'TP_EXPANSION'}
2026-08-25 09:53:07,284 - INFO - 🟡 UPDATE (TP_EXPANSION) [CFOIWallReaction_v1.0|_OIWallReaction_v1.0]: NSE:NIFTY50-INDEX @ 24136.60 | SL→24166.85 TP→24109.26
2026-08-25 09:53:07,284 - INFO - 📊 EXECUTION AUDIT [CF_SL_MODIFIED]: trade_id=None, candidate_id=cand_NSE_NIFTYBANK_INDEX_TRENDLINE_RETEST_57544.30_202608250942_Geometry_v1.0_Score35, payload={'price': 57464.85, 'old_sl': 57573.98, 'new_sl': 57562.53, 'old_tp': None, 'new_tp': 57446.62, 'reason': 'TRAILING_SL'}
2026-08-25 09:53:07,318 - INFO - 🟡 UPDATE (TRAILING_SL) [CFGeometry_v1.0_Score35|eometry_v1.0_Score35]: NSE:NIFTYBANK-INDEX @ 57464.85 | SL→57562.53 TP→57446.62
2026-08-25 09:53:07,319 - INFO - 📊 EXECUTION AUDIT [CF_SL_MODIFIED]: trade_id=None, candidate_id=cand_NSE_NIFTYBANK_INDEX_TRENDLINE_RETEST_57544.30_202608250942_Geometry_v1.0_Score50, payload={'price': 57464.85, 'old_sl': 57573.98, 'new_sl': 57562.53, 'old_tp': None, 'new_tp': 57446.62, 'reason': 'TRAILING_SL'}
2026-08-25 09:53:07,351 - INFO - 🟡 UPDATE (TRAILING_SL) [CFGeometry_v1.0_Score50|eometry_v1.0_Score50]: NSE:NIFTYBANK-INDEX @ 57464.85 | SL→57562.53 TP→57446.62
2026-08-25 09:53:07,351 - INFO - 📊 EXECUTION AUDIT [CF_SL_MODIFIED]: trade_id=None, candidate_id=cand_NSE_NIFTY50_INDEX_EMAPULL_24154.85_20260825_094505_EMA_Pullback_20_50_RVOL0.5, payload={'price': 24136.6, 'old_sl': 24174.094, 'new_sl': 24167.494, 'old_tp': None, 'new_tp': 24078.25, 'reason': 'TRAILING_SL'}
2026-08-25 09:53:07,386 - INFO - 🟡 UPDATE (TRAILING_SL) [CFEMA_Pullback_20_50_RVOL0.5|llback_20_50_RVOL0.5]: NSE:NIFTY50-INDEX @ 24136.60 | SL→24167.49 TP→24078.25
2026-08-25 09:53:07,386 - INFO - 📊 EXECUTION AUDIT [CF_SL_MODIFIED]: trade_id=None, candidate_id=cand_NSE_NIFTY50_INDEX_GAP_AND_GO_24154.85_20260825_094505_GapRegime_v2.0, payload={'price': 24136.6, 'old_sl': 24166.4, 'new_sl': 24159.8, 'old_tp': None, 'new_tp': 24078.25, 'reason': 'TRAILING_SL'}
2026-08-25 09:53:07,421 - INFO - 🟡 UPDATE (TRAILING_SL) [CFGapRegime_v2.0|94505_GapRegime_v2.0]: NSE:NIFTY50-INDEX @ 24136.60 | SL→24159.80 TP→24078.25
2026-08-25 09:53:08,051 - INFO - Retrieved live premium from Fyers API: LTP=5.1 for NSE:BANKNIFTY26AUG56800PE
2026-08-25 09:53:10,219 - INFO - 📊 Saved 22 snapshots for NSE:NIFTYBANK-INDEX  (oi range: 143,880–3,238,980)
2026-08-25 09:53:11,316 - INFO - 📡 Fetching NSE:NIFTY50-INDEX @ 24139  expiry=26AUG  strikes=ATM±5
2026-08-25 09:53:35,833 - INFO - ⏱️ [Real-time Exit Loop] Checking open positions @ 09:53:35...
2026-08-25 09:53:37,434 - INFO - 🔴 CF COMBO EXIT (STOP_R) [Strangle_v1.0_VolCompression|_v1.0_VolCompression]: NSE:NIFTYBANK-INDEX LONG_STRANGLE | PnL -0.53R | 53min
2026-08-25 09:53:37,935 - INFO - Retrieved live premium from Fyers API: LTP=5.15 for NSE:BANKNIFTY26AUG56800PE
2026-08-25 09:53:41,287 - INFO - 📊 Saved 22 snapshots for NSE:NIFTY50-INDEX  (oi range: 296,790–42,751,605)
2026-08-25 09:53:42,400 - INFO - 📡 Fetching NSE:NIFTYBANK-INDEX @ 57471  expiry=26AUG  strikes=ATM±5
2026-08-25 09:54:05,748 - INFO - ⏱️ [Real-time Exit Loop] Checking open positions @ 09:54:05...
2026-08-25 09:54:06,855 - INFO - 📊 EXECUTION AUDIT [SL_MODIFIED]: trade_id=trade_NSE_NIFTY50_INDEX_OIWallReaction_v1.0_1787631155, candidate_id=cand_NSE_NIFTY50_INDEX_OI_WALL_BREAK_24172.80_20260825_094235_OIWallReaction_v1.0, payload={'price': 24134.75, 'old_sl': 24166.8465, 'new_sl': 24164.9965, 'old_tp': None, 'new_tp': 24111.87, 'reason': 'TRAILING_SL'}
2026-08-25 09:54:06,902 - INFO - 🟡 UPDATE (TRAILING_SL) [OIWallReaction_v1.0|_OIWallReaction_v1.0]: NSE:NIFTY50-INDEX @ 24134.75 | SL→24165.00 TP→24111.87
2026-08-25 09:54:06,945 - INFO - 📊 EXECUTION AUDIT [SL_MODIFIED]: trade_id=trade_NSE_NIFTYBANK_INDEX_MomentumBurst_5m_v1.0_RVOL2.0_1787631305, candidate_id=cand_NSE_NIFTYBANK_INDEX_MOMBURST_57517.70_20260825_094505_MomentumBurst_5m_v1.0_RVOL2.0, payload={'price': 57461.55, 'old_sl': 57523.12499999999, 'new_sl': 57519.825, 'old_tp': None, 'new_tp': 57389.495, 'reason': 'TRAILING_SL'}
2026-08-25 09:54:06,978 - INFO - 🟡 UPDATE (TRAILING_SL) [MomentumBurst_5m_v1.0_RVOL2.0|urst_5m_v1.0_RVOL2.0]: NSE:NIFTYBANK-INDEX @ 57461.55 | SL→57519.82 TP→57389.50
2026-08-25 09:54:06,995 - INFO - 📊 EXECUTION AUDIT [SL_MODIFIED]: trade_id=trade_NSE_NIFTYBANK_INDEX_RelativeValue_NIFTY_BANKNIFTY_v1.0_1787631605, candidate_id=cand_NSE_NIFTYBANK_INDEX_RELVAL_57506.65_20260825_095005_RelativeValue_NIFTY_BANKNIFTY_v1.0, payload={'price': 57461.55, 'old_sl': 57496.174999999996, 'new_sl': 57492.875, 'old_tp': None, 'new_tp': 57395.54892007708, 'reason': 'TRAILING_SL'}
2026-08-25 09:54:07,029 - INFO - 🟡 UPDATE (TRAILING_SL) [RelativeValue_NIFTY_BANKNIFTY_v1.0|NIFTY_BANKNIFTY_v1.0]: NSE:NIFTYBANK-INDEX @ 57461.55 | SL→57492.88 TP→57395.55
2026-08-25 09:54:07,045 - INFO - 📊 EXECUTION AUDIT [CF_SL_MODIFIED]: trade_id=None, candidate_id=cand_NSE_NIFTY50_INDEX_TRENDLINE_RETEST_24172.80_202608250942_Geometry_v1.0_Score35, payload={'price': 24134.75, 'old_sl': 24162.05, 'new_sl': 24160.2, 'old_tp': None, 'new_tp': 24122.43, 'reason': 'TRAILING_SL'}
2026-08-25 09:54:07,080 - INFO - 🟡 UPDATE (TRAILING_SL) [CFGeometry_v1.0_Score35|eometry_v1.0_Score35]: NSE:NIFTY50-INDEX @ 24134.75 | SL→24160.20 TP→24122.43
2026-08-25 09:54:07,081 - INFO - 📊 EXECUTION AUDIT [CF_SL_MODIFIED]: trade_id=None, candidate_id=cand_NSE_NIFTY50_INDEX_TRENDLINE_RETEST_24172.80_202608250942_Geometry_v1.0_Score50, payload={'price': 24134.75, 'old_sl': 24162.05, 'new_sl': 24160.2, 'old_tp': None, 'new_tp': 24122.43, 'reason': 'TRAILING_SL'}
2026-08-25 09:54:07,115 - INFO - 🟡 UPDATE (TRAILING_SL) [CFGeometry_v1.0_Score50|eometry_v1.0_Score50]: NSE:NIFTY50-INDEX @ 24134.75 | SL→24160.20 TP→24122.43
2026-08-25 09:54:07,115 - INFO - 📊 EXECUTION AUDIT [CF_SL_MODIFIED]: trade_id=None, candidate_id=cand_NSE_NIFTY50_INDEX_OI_WALL_FADE_24172.80_20260825_094235_OIWallReaction_v1.0, payload={'price': 24134.75, 'old_sl': 24166.8465, 'new_sl': 24164.9965, 'old_tp': None, 'new_tp': 24109.260499999997, 'reason': 'TRAILING_SL'}
2026-08-25 09:54:07,150 - INFO - 🟡 UPDATE (TRAILING_SL) [CFOIWallReaction_v1.0|_OIWallReaction_v1.0]: NSE:NIFTY50-INDEX @ 24134.75 | SL→24165.00 TP→24109.26
2026-08-25 09:54:07,150 - INFO - 📊 EXECUTION AUDIT [CF_SL_MODIFIED]: trade_id=None, candidate_id=cand_NSE_NIFTYBANK_INDEX_TRENDLINE_RETEST_57544.30_202608250942_Geometry_v1.0_Score35, payload={'price': 57461.55, 'old_sl': 57562.53, 'new_sl': 57559.23, 'old_tp': None, 'new_tp': 57446.62, 'reason': 'TRAILING_SL'}
2026-08-25 09:54:07,183 - INFO - 🟡 UPDATE (TRAILING_SL) [CFGeometry_v1.0_Score35|eometry_v1.0_Score35]: NSE:NIFTYBANK-INDEX @ 57461.55 | SL→57559.23 TP→57446.62
2026-08-25 09:54:07,184 - INFO - 📊 EXECUTION AUDIT [CF_SL_MODIFIED]: trade_id=None, candidate_id=cand_NSE_NIFTYBANK_INDEX_TRENDLINE_RETEST_57544.30_202608250942_Geometry_v1.0_Score50, payload={'price': 57461.55, 'old_sl': 57562.53, 'new_sl': 57559.23, 'old_tp': None, 'new_tp': 57446.62, 'reason': 'TRAILING_SL'}
2026-08-25 09:54:07,219 - INFO - 🟡 UPDATE (TRAILING_SL) [CFGeometry_v1.0_Score50|eometry_v1.0_Score50]: NSE:NIFTYBANK-INDEX @ 57461.55 | SL→57559.23 TP→57446.62
2026-08-25 09:54:07,219 - INFO - 📊 EXECUTION AUDIT [CF_SL_MODIFIED]: trade_id=None, candidate_id=cand_NSE_NIFTY50_INDEX_EMAPULL_24154.85_20260825_094505_EMA_Pullback_20_50_RVOL0.5, payload={'price': 24134.75, 'old_sl': 24167.494, 'new_sl': 24165.644, 'old_tp': None, 'new_tp': 24078.25, 'reason': 'TRAILING_SL'}
2026-08-25 09:54:07,253 - INFO - 🟡 UPDATE (TRAILING_SL) [CFEMA_Pullback_20_50_RVOL0.5|llback_20_50_RVOL0.5]: NSE:NIFTY50-INDEX @ 24134.75 | SL→24165.64 TP→24078.25
2026-08-25 09:54:07,253 - INFO - 📊 EXECUTION AUDIT [CF_SL_MODIFIED]: trade_id=None, candidate_id=cand_NSE_NIFTY50_INDEX_GAP_AND_GO_24154.85_20260825_094505_GapRegime_v2.0, payload={'price': 24134.75, 'old_sl': 24159.8, 'new_sl': 24157.95, 'old_tp': None, 'new_tp': 24078.25, 'reason': 'TRAILING_SL'}
2026-08-25 09:54:07,286 - INFO - 🟡 UPDATE (TRAILING_SL) [CFGapRegime_v2.0|94505_GapRegime_v2.0]: NSE:NIFTY50-INDEX @ 24134.75 | SL→24157.95 TP→24078.25
2026-08-25 09:54:07,879 - INFO - Retrieved live premium from Fyers API: LTP=5.0 for NSE:BANKNIFTY26AUG56800PE
2026-08-25 09:54:12,135 - INFO - 📊 Saved 22 snapshots for NSE:NIFTYBANK-INDEX  (oi range: 143,160–3,213,600)
2026-08-25 09:54:13,384 - INFO - 📡 Fetching NSE:NIFTY50-INDEX @ 24134  expiry=26AUG  strikes=ATM±5
2026-08-25 09:54:35,666 - INFO - ⏱️ [Real-time Exit Loop] Checking open positions @ 09:54:35...
2026-08-25 09:54:37,767 - INFO - Retrieved live premium from Fyers API: LTP=4.6 for NSE:BANKNIFTY26AUG56800PE
2026-08-25 09:54:42,849 - INFO - 📊 Saved 22 snapshots for NSE:NIFTY50-INDEX  (oi range: 296,725–43,083,430)
2026-08-25 09:54:43,947 - INFO - 📡 Fetching NSE:NIFTYBANK-INDEX @ 57492  expiry=26AUG  strikes=ATM±5
2026-08-25 09:55:05,588 - INFO - 🔔 [New Candle Closed] Running entry pipeline for candle 09:55 at 09:55:05...
2026-08-25 09:55:05,588 - INFO - --- 09:55:05 Market Pulse ---
2026-08-25 09:55:10,764 - INFO - 📊 EXECUTION AUDIT [ORDER_EXITED]: trade_id=trade_NSE_NIFTYBANK_INDEX_MomentumBurst_5m_v1.0_RVOL2.0_1787631305, candidate_id=cand_NSE_NIFTYBANK_INDEX_MOMBURST_57517.70_20260825_094505_MomentumBurst_5m_v1.0_RVOL2.0, payload={'exit_price': 57519.825, 'exit_reason': 'TRAILING_SL', 'pnl_r': 0.11016524787180772, 'duration_minutes': 9.9938507, 'bars_held': 2}
2026-08-25 09:55:10,808 - INFO - 🔴 EXIT (TRAILING_SL) [MomentumBurst_5m_v1.0_RVOL2.0|urst_5m_v1.0_RVOL2.0]: NSE:NIFTYBANK-INDEX @ 57519.82 | PnL +0.11R | MFE 0.96R | Capture 11% | 2bars HoldEff +0.055R/bar
2026-08-25 09:55:10,808 - INFO - 📊 EXECUTION AUDIT [ORDER_EXITED]: trade_id=trade_NSE_NIFTYBANK_INDEX_RelativeValue_NIFTY_BANKNIFTY_v1.0_1787631605, candidate_id=cand_NSE_NIFTYBANK_INDEX_RELVAL_57506.65_20260825_095005_RelativeValue_NIFTY_BANKNIFTY_v1.0, payload={'exit_price': 57509.6, 'exit_reason': 'TRAILING_SL', 'pnl_r': 0.06586538461538456, 'duration_minutes': 5.001996266666667, 'bars_held': 1}
2026-08-25 09:55:10,846 - INFO - 🔴 EXIT (TRAILING_SL) [RelativeValue_NIFTY_BANKNIFTY_v1.0|NIFTY_BANKNIFTY_v1.0]: NSE:NIFTYBANK-INDEX @ 57509.60 | PnL +0.07R | MFE 1.44R | Capture 5% | 1bars HoldEff +0.066R/bar
2026-08-25 09:55:10,846 - INFO - 📊 EXECUTION AUDIT [CF_EXITED]: trade_id=None, candidate_id=cand_NSE_NIFTYBANK_INDEX_BREAKOUT_57423.65_20260824_152000_Structural_v3.3_ExitMgmt, payload={'exit_price': 57456.775, 'exit_reason': 'TRAILING_SL', 'pnl_r': -0.07897384305835019, 'duration_minutes': 44.50789796666666, 'bars_held': 4}
2026-08-25 09:55:10,882 - INFO - 🔴 EXIT (TRAILING_SL) [CFStructural_v3.3_ExitMgmt|ctural_v3.3_ExitMgmt]: NSE:NIFTYBANK-INDEX @ 57456.78 | PnL -0.08R | MFE 6.07R | Capture -1% | 4bars HoldEff -0.020R/bar
2026-08-25 09:55:10,882 - INFO - 📊 EXECUTION AUDIT [CF_EXITED]: trade_id=None, candidate_id=cand_NSE_NIFTY50_INDEX_GAP_AND_GO_24154.85_20260825_094505_GapRegime_v2.0, payload={'exit_price': 24157.95, 'exit_reason': 'TRAILING_SL', 'pnl_r': 0.2840909090909091, 'duration_minutes': 9.9938507, 'bars_held': 2}
2026-08-25 09:55:10,919 - INFO - 🔴 EXIT (TRAILING_SL) [CFGapRegime_v2.0|94505_GapRegime_v2.0]: NSE:NIFTY50-INDEX @ 24157.95 | PnL +0.28R | MFE 0.87R | Capture 33% | 2bars HoldEff +0.142R/bar
2026-08-25 09:55:11,703 - INFO - Retrieved live premium from Fyers API: LTP=4.8 for NSE:BANKNIFTY26AUG56800PE
2026-08-25 09:55:14,154 - INFO - 📊 Saved 22 snapshots for NSE:NIFTYBANK-INDEX  (oi range: 143,340–3,212,160)
2026-08-25 09:55:14,697 - INFO - Resolved active expiry from DB: 26AUG (2026-08-25)
2026-08-25 09:55:14,698 - INFO - 🚀 SIGNAL: NSE:NIFTY50-INDEX BUY PUT | [OrderFlow_v1.0]
2026-08-25 09:55:14,698 - INFO -    Entry: 24138.1 | SL: 24155.754 | TP: 24086.019999999997 (RR: 2.95)
2026-08-25 09:55:14,698 - INFO - 📊 EXECUTION AUDIT [SIGNAL_GENERATED]: trade_id=trade_NSE_NIFTY50_INDEX_OrderFlow_v1.0_1787631905, candidate_id=cand_NSE_NIFTY50_INDEX_LIQUIDITY_SWEEP_24138.10_20260825_095505_OrderFlow_v1.0, payload={'symbol': 'NSE:NIFTY50-INDEX', 'candidate_id': 'cand_NSE_NIFTY50_INDEX_LIQUIDITY_SWEEP_24138.10_20260825_095505_OrderFlow_v1.0', 'signal': 'BUY PUT', 'price': 24138.1, 'stop_loss': 24155.754, 'take_profit': 24086.019999999997, 'tp1': 24111.618999999995, 'rr_ratio': 2.95, 'strategy': 'LIQUIDITY_SWEEP', 'confidence': 0.666, 'accepted': True, 'rejection_reasons': [], 'timestamp': datetime.datetime(2026, 8, 25, 9, 55, 5, 588829, tzinfo=zoneinfo.ZoneInfo(key='Asia/Kolkata')), 'diagnostics': {'swept_level': 24153.15, 'swept_object': 'LIQUIDITY_POOL', 'volume_multiplier': 45.05, 'rejection_wick_size': 3.2}, 'experiment_name': 'OrderFlow_v1.0', 'strategy_id': 'order_flow', 'version': 'v1.0', 'features': {'regime_primary': 'GAP_DOWN', 'regime_vol_state': 'HIGH_VOL', 'market_regime': 'GAP_DOWN_HIGH_VOL'}}
2026-08-25 09:55:14,718 - INFO - Resolved active expiry from DB: 26AUG (2026-08-25)
2026-08-25 09:55:14,731 - INFO - Resolved index signal into option contract: OptionContract(symbol='NSE:NIFTY26AUG24150PE', strike=24150.0, expiry='26AUG', option_type='PE', premium=34.1, delta=0.5, bid=34.0, ask=34.1, volume=238093895, resolved_at=datetime.datetime(2026, 8, 25, 9, 55, 14, 730998))
2026-08-25 09:55:14,731 - INFO - ⚡ Option strike selection resolved index signal to contract NSE:NIFTY26AUG24150PE @ premium 34.1 (type: PE, strike: 24150.0)
2026-08-25 09:55:14,731 - INFO - 📊 EXECUTION AUDIT [STRIKE_SELECTED]: trade_id=trade_NSE_NIFTY50_INDEX_OrderFlow_v1.0_1787631905, candidate_id=cand_NSE_NIFTY50_INDEX_LIQUIDITY_SWEEP_24138.10_20260825_095505_OrderFlow_v1.0, payload={'symbol': 'NSE:NIFTY26AUG24150PE', 'strike': 24150.0, 'expiry': '26AUG', 'type': 'PE'}
2026-08-25 09:55:14,742 - INFO - 📊 EXECUTION AUDIT [PREMIUM_RETRIEVED]: trade_id=trade_NSE_NIFTY50_INDEX_OrderFlow_v1.0_1787631905, candidate_id=cand_NSE_NIFTY50_INDEX_LIQUIDITY_SWEEP_24138.10_20260825_095505_OrderFlow_v1.0, payload={'premium': 34.1, 'bid': 34.0, 'ask': 34.1}
2026-08-25 09:55:14,752 - INFO - 📊 EXECUTION AUDIT [ORDER_SUBMITTED]: trade_id=trade_NSE_NIFTY50_INDEX_OrderFlow_v1.0_1787631905, candidate_id=cand_NSE_NIFTY50_INDEX_LIQUIDITY_SWEEP_24138.10_20260825_095505_OrderFlow_v1.0, payload={'price': 24138.1, 'sl': 24155.754, 'tp': 24086.019999999997}
2026-08-25 09:55:14,762 - INFO - 📊 EXECUTION AUDIT [ORDER_FILLED]: trade_id=trade_NSE_NIFTY50_INDEX_OrderFlow_v1.0_1787631905, candidate_id=cand_NSE_NIFTY50_INDEX_LIQUIDITY_SWEEP_24138.10_20260825_095505_OrderFlow_v1.0, payload={'price': 24138.1, 'sl': 24155.754, 'tp': 24086.019999999997}
2026-08-25 09:55:14,773 - INFO - 💰 Position size [LIQUIDITY_SWEEP|GAP_DOWN_HIGH_VOL|conf=1]: frac=0.002 → ₹5,000 (risk/unit=0.07%)
2026-08-25 09:55:14,798 - INFO - 🟢 ENTRY [OrderFlow_v1.0|_v1.0_1787631905]: NSE:NIFTY50-INDEX BUY PUT @ 24138.10 | SL: 24155.75 TP: 24086.02
2026-08-25 09:55:14,798 - INFO - 🚀 SIGNAL: NSE:NIFTY50-INDEX BUY PUT | [GapRegime_v2.0]
2026-08-25 09:55:14,798 - INFO -    Entry: 24138.1 | SL: 24178.35 | TP: 24051.3 (RR: 2.16)
2026-08-25 09:55:14,798 - INFO - 📊 EXECUTION AUDIT [SIGNAL_GENERATED]: trade_id=trade_NSE_NIFTY50_INDEX_GapRegime_v2.0_1787631905, candidate_id=cand_NSE_NIFTY50_INDEX_GAP_AND_GO_24138.10_20260825_095505_GapRegime_v2.0, payload={'symbol': 'NSE:NIFTY50-INDEX', 'signal': 'BUY PUT', 'strategy': 'GAP_AND_GO', 'price': 24138.1, 'stop_loss': 24178.35, 'take_profit': 24051.3, 'tp1': 24077.72, 'rr_ratio': 2.16, 'timestamp': '2026-08-25T09:55:05.588829+05:30', 'accepted': True, 'rejection_reasons': [], 'candidate_id': 'cand_NSE_NIFTY50_INDEX_GAP_AND_GO_24138.10_20260825_095505_GapRegime_v2.0', 'confidence': 0.89, 'diagnostics': {'gap_pct': -0.463, 'today_open': 24175.75, 'prev_close': 24288.15, 'minutes_since_open': 40.1, 'rvol': 45.05, 'atr': 17.36, 'move_efficiency': 0.567}, 'experiment_name': 'GapRegime_v2.0', 'strategy_id': 'gap', 'version': 'v2.0', 'features': {'regime_primary': 'GAP_DOWN', 'regime_vol_state': 'HIGH_VOL', 'market_regime': 'GAP_DOWN_HIGH_VOL'}}
2026-08-25 09:55:14,821 - INFO - Resolved active expiry from DB: 26AUG (2026-08-25)
2026-08-25 09:55:14,835 - INFO - Resolved index signal into option contract: OptionContract(symbol='NSE:NIFTY26AUG24150PE', strike=24150.0, expiry='26AUG', option_type='PE', premium=34.1, delta=0.5, bid=34.0, ask=34.1, volume=238093895, resolved_at=datetime.datetime(2026, 8, 25, 9, 55, 14, 835741))
2026-08-25 09:55:14,835 - INFO - ⚡ Option strike selection resolved index signal to contract NSE:NIFTY26AUG24150PE @ premium 34.1 (type: PE, strike: 24150.0)
2026-08-25 09:55:14,836 - INFO - 📊 EXECUTION AUDIT [STRIKE_SELECTED]: trade_id=trade_NSE_NIFTY50_INDEX_GapRegime_v2.0_1787631905, candidate_id=cand_NSE_NIFTY50_INDEX_GAP_AND_GO_24138.10_20260825_095505_GapRegime_v2.0, payload={'symbol': 'NSE:NIFTY26AUG24150PE', 'strike': 24150.0, 'expiry': '26AUG', 'type': 'PE'}
2026-08-25 09:55:14,847 - INFO - 📊 EXECUTION AUDIT [PREMIUM_RETRIEVED]: trade_id=trade_NSE_NIFTY50_INDEX_GapRegime_v2.0_1787631905, candidate_id=cand_NSE_NIFTY50_INDEX_GAP_AND_GO_24138.10_20260825_095505_GapRegime_v2.0, payload={'premium': 34.1, 'bid': 34.0, 'ask': 34.1}
2026-08-25 09:55:14,857 - INFO - 📊 EXECUTION AUDIT [ORDER_SUBMITTED]: trade_id=trade_NSE_NIFTY50_INDEX_GapRegime_v2.0_1787631905, candidate_id=cand_NSE_NIFTY50_INDEX_GAP_AND_GO_24138.10_20260825_095505_GapRegime_v2.0, payload={'price': 24138.1, 'sl': 24178.35, 'tp': 24051.3}
2026-08-25 09:55:14,868 - INFO - 📊 EXECUTION AUDIT [ORDER_FILLED]: trade_id=trade_NSE_NIFTY50_INDEX_GapRegime_v2.0_1787631905, candidate_id=cand_NSE_NIFTY50_INDEX_GAP_AND_GO_24138.10_20260825_095505_GapRegime_v2.0, payload={'price': 24138.1, 'sl': 24178.35, 'tp': 24051.3}
2026-08-25 09:55:14,879 - INFO - 💰 Position size [GAP_AND_GO|GAP_DOWN_HIGH_VOL|conf=1]: frac=0.002 → ₹5,000 (risk/unit=0.17%)
2026-08-25 09:55:14,903 - INFO - 🟢 ENTRY [GapRegime_v2.0|_v2.0_1787631905]: NSE:NIFTY50-INDEX BUY PUT @ 24138.10 | SL: 24178.35 TP: 24051.30
2026-08-25 09:55:14,903 - INFO - 🧭 [VerticalSpread_v1.0] Regime router: NSE:NIFTY50-INDEX combo blocked from REAL capital (regime=GAP_DOWN_HIGH_VOL) — routed to CF
2026-08-25 09:55:14,915 - INFO - Resolved active expiry from DB: 26AUG (2026-08-25)
2026-08-25 09:55:14,941 - INFO - Resolved BEAR_PUT_SPREAD for NSE:NIFTY50-INDEX: [('PE', 'BUY', 24150.0), ('PE', 'SELL', 24050.0)] net_premium=26.65 max_loss=26.65
2026-08-25 09:55:14,963 - INFO - 🟢 CF COMBO ENTRY [VerticalSpread_v1.0|_VerticalSpread_v1.0]: NSE:NIFTY50-INDEX BEAR_PUT_SPREAD | Net premium: 26.65 | Max loss: 26.65
2026-08-25 09:55:15,938 - INFO - 📡 Fetching NSE:NIFTY50-INDEX @ 24137  expiry=26AUG  strikes=ATM±5
2026-08-25 09:55:16,472 - INFO - Resolved active expiry from DB: 26AUG (2026-08-25)
2026-08-25 09:55:16,473 - INFO - 👻 [Strangle_v1.0_VolCompression] CF COMBO LONG_STRANGLE NSE:NIFTYBANK-INDEX LONG_STRANGLE | Rejected: ['NO_COMPRESSION:1.00']
2026-08-25 09:55:16,483 - INFO - Resolved active expiry from DB: 26AUG (2026-08-25)
2026-08-25 09:55:16,506 - INFO - Resolved LONG_STRANGLE for NSE:NIFTYBANK-INDEX: [('CE', 'BUY', 57700.0), ('PE', 'BUY', 57300.0)] net_premium=89.80 max_loss=89.80
2026-08-25 09:55:16,528 - INFO - 🟢 CF COMBO ENTRY [Strangle_v1.0_VolCompression|_v1.0_VolCompression]: NSE:NIFTYBANK-INDEX LONG_STRANGLE | Net premium: 89.80 | Max loss: 89.80
2026-08-25 09:55:16,528 - INFO - 👻 [OIWallReaction_v1.0] CF OI_WALL_BREAK NSE:NIFTYBANK-INDEX BUY PUT | Rejected: ['NARRATIVE_BIAS_BULLISH']
2026-08-25 09:55:16,528 - INFO - 📊 EXECUTION AUDIT [SIGNAL_GENERATED]: trade_id=None, candidate_id=cand_NSE_NIFTYBANK_INDEX_OI_WALL_BREAK_57481.55_20260825_095505_OIWallReaction_v1.0, payload={'symbol': 'NSE:NIFTYBANK-INDEX', 'candidate_id': 'cand_NSE_NIFTYBANK_INDEX_OI_WALL_BREAK_57481.55_20260825_095505_OIWallReaction_v1.0', 'signal': 'BUY PUT', 'price': 57481.55, 'stop_loss': 57514.520000000004, 'take_profit': 57283.73, 'tp1': 57432.095, 'rr_ratio': 6.0, 'strategy': 'OI_WALL_BREAK', 'confidence': 1.0, 'accepted': False, 'rejection_reasons': ['NARRATIVE_BIAS_BULLISH'], 'timestamp': datetime.datetime(2026, 8, 25, 9, 55, 5, 588829, tzinfo=zoneinfo.ZoneInfo(key='Asia/Kolkata')), 'diagnostics': {'wall_strike': 57500.0, 'wall_oi': 2178240, 'wall_oi_change': 1302270, 'wall_type': 'put', 'rvol': 31.41}, 'experiment_name': 'OIWallReaction_v1.0', 'strategy_id': 'oi_wall_reaction', 'version': 'v1.0', 'features': {'regime_primary': 'GAP_DOWN', 'regime_vol_state': 'HIGH_VOL', 'market_regime': 'GAP_DOWN_HIGH_VOL'}}
2026-08-25 09:55:16,550 - INFO - Resolved active expiry from DB: 26AUG (2026-08-25)
2026-08-25 09:55:16,563 - INFO - Resolved index signal into option contract: OptionContract(symbol='NSE:BANKNIFTY26AUG57500PE', strike=57500.0, expiry='26AUG', option_type='PE', premium=108.7, delta=0.5, bid=108.15, ask=108.5, volume=17152440, resolved_at=datetime.datetime(2026, 8, 25, 9, 55, 16, 563749))
2026-08-25 09:55:16,564 - INFO - ⚡ Option strike selection resolved index signal to contract NSE:BANKNIFTY26AUG57500PE @ premium 108.7 (type: PE, strike: 57500.0)
2026-08-25 09:55:16,564 - INFO - 📊 EXECUTION AUDIT [STRIKE_SELECTED]: trade_id=None, candidate_id=cand_NSE_NIFTYBANK_INDEX_OI_WALL_BREAK_57481.55_20260825_095505_OIWallReaction_v1.0, payload={'symbol': 'NSE:BANKNIFTY26AUG57500PE', 'strike': 57500.0, 'expiry': '26AUG', 'type': 'PE'}
2026-08-25 09:55:16,575 - INFO - 📊 EXECUTION AUDIT [PREMIUM_RETRIEVED]: trade_id=None, candidate_id=cand_NSE_NIFTYBANK_INDEX_OI_WALL_BREAK_57481.55_20260825_095505_OIWallReaction_v1.0, payload={'premium': 108.7, 'bid': 108.15, 'ask': 108.5}
2026-08-25 09:55:16,586 - INFO - 📊 EXECUTION AUDIT [CF_SUBMITTED]: trade_id=None, candidate_id=cand_NSE_NIFTYBANK_INDEX_OI_WALL_BREAK_57481.55_20260825_095505_OIWallReaction_v1.0, payload={'price': 57481.55, 'sl': 57514.520000000004, 'tp': 57283.73}
2026-08-25 09:55:16,597 - INFO - 📊 EXECUTION AUDIT [CF_FILLED]: trade_id=None, candidate_id=cand_NSE_NIFTYBANK_INDEX_OI_WALL_BREAK_57481.55_20260825_095505_OIWallReaction_v1.0, payload={'price': 57481.55, 'sl': 57514.520000000004, 'tp': 57283.73}
2026-08-25 09:55:16,607 - INFO - 💰 Position size [OI_WALL_BREAK|GAP_DOWN_HIGH_VOL|conf=1]: frac=0.002 → ₹5,000 (risk/unit=0.06%)
2026-08-25 09:55:16,629 - INFO - 🟢 ENTRY [CF|OIWallReaction_v1.0|_OIWallReaction_v1.0]: NSE:NIFTYBANK-INDEX BUY PUT @ 57481.55 | SL: 57514.52 TP: 57283.73
2026-08-25 09:55:16,629 - INFO - 🚀 SIGNAL: NSE:NIFTYBANK-INDEX BUY PUT | [RelativeValue_NIFTY_BANKNIFTY_v1.0]
2026-08-25 09:55:16,629 - INFO -    Entry: 57481.55 | SL: 57514.520000000004 | TP: 57364.590908385115 (RR: 3.55)
2026-08-25 09:55:16,629 - INFO - 📊 EXECUTION AUDIT [SIGNAL_GENERATED]: trade_id=trade_NSE_NIFTYBANK_INDEX_RelativeValue_NIFTY_BANKNIFTY_v1.0_1787631905, candidate_id=cand_NSE_NIFTYBANK_INDEX_RELVAL_57481.55_20260825_095505_RelativeValue_NIFTY_BANKNIFTY_v1.0, payload={'symbol': 'NSE:NIFTYBANK-INDEX', 'signal': 'BUY PUT', 'strategy': 'RATIO_DIVERGENCE', 'price': 57481.55, 'stop_loss': 57514.520000000004, 'take_profit': 57364.590908385115, 'tp1': 57432.095, 'rr_ratio': 3.55, 'timestamp': '2026-08-25T09:55:05.588829+05:30', 'accepted': True, 'rejection_reasons': [], 'features': {'atr': 65.94, 'ema20': 57454.28, 'ema50': 57432.05, 'move_efficiency': 0.1826, 'move_efficiency_h1': 0.247, 'wickiness': 0.4405, 'ema_bullish': True, 'rsi14': 63.85, 'rsi2': 0.0, 'distance_to_vwap': -0.0001, 'atr_percentile': 0.9953, 'dist_prev_high': -0.0068, 'dist_prev_low': -0.0051, 'adx': 12.76, 'adx_slope': -2.2719, 'gap_pct': -0.0077, 'regime_primary': 'GAP_DOWN', 'regime_vol_state': 'HIGH_VOL', 'market_regime': 'GAP_DOWN_HIGH_VOL'}, 'candidate_id': 'cand_NSE_NIFTYBANK_INDEX_RELVAL_57481.55_20260825_095505_RelativeValue_NIFTY_BANKNIFTY_v1.0', 'confidence': 0.57, 'diagnostics': {'ratio_now': 0.4199, 'ratio_rolling_mean': 0.4214, 'ratio_rolling_std': 0.000523, 'z_score': -2.73, 'atr': 65.94, 'rr_ratio': 3.55, 'other_symbol': 'NSE:NIFTY50-INDEX'}, 'experiment_name': 'RelativeValue_NIFTY_BANKNIFTY_v1.0', 'strategy_id': 'relative_value_nifty_banknifty', 'version': 'v1.0'}
2026-08-25 09:55:16,651 - INFO - Resolved active expiry from DB: 26AUG (2026-08-25)
2026-08-25 09:55:16,662 - INFO - Resolved index signal into option contract: OptionContract(symbol='NSE:BANKNIFTY26AUG57500PE', strike=57500.0, expiry='26AUG', option_type='PE', premium=108.7, delta=0.5, bid=108.15, ask=108.5, volume=17152440, resolved_at=datetime.datetime(2026, 8, 25, 9, 55, 16, 662039))
2026-08-25 09:55:16,662 - INFO - ⚡ Option strike selection resolved index signal to contract NSE:BANKNIFTY26AUG57500PE @ premium 108.7 (type: PE, strike: 57500.0)
2026-08-25 09:55:16,662 - INFO - 📊 EXECUTION AUDIT [STRIKE_SELECTED]: trade_id=trade_NSE_NIFTYBANK_INDEX_RelativeValue_NIFTY_BANKNIFTY_v1.0_1787631905, candidate_id=cand_NSE_NIFTYBANK_INDEX_RELVAL_57481.55_20260825_095505_RelativeValue_NIFTY_BANKNIFTY_v1.0, payload={'symbol': 'NSE:BANKNIFTY26AUG57500PE', 'strike': 57500.0, 'expiry': '26AUG', 'type': 'PE'}
2026-08-25 09:55:16,672 - INFO - 📊 EXECUTION AUDIT [PREMIUM_RETRIEVED]: trade_id=trade_NSE_NIFTYBANK_INDEX_RelativeValue_NIFTY_BANKNIFTY_v1.0_1787631905, candidate_id=cand_NSE_NIFTYBANK_INDEX_RELVAL_57481.55_20260825_095505_RelativeValue_NIFTY_BANKNIFTY_v1.0, payload={'premium': 108.7, 'bid': 108.15, 'ask': 108.5}
2026-08-25 09:55:16,680 - INFO - 📊 EXECUTION AUDIT [ORDER_SUBMITTED]: trade_id=trade_NSE_NIFTYBANK_INDEX_RelativeValue_NIFTY_BANKNIFTY_v1.0_1787631905, candidate_id=cand_NSE_NIFTYBANK_INDEX_RELVAL_57481.55_20260825_095505_RelativeValue_NIFTY_BANKNIFTY_v1.0, payload={'price': 57481.55, 'sl': 57514.520000000004, 'tp': 57364.590908385115}
2026-08-25 09:55:16,689 - INFO - 📊 EXECUTION AUDIT [ORDER_FILLED]: trade_id=trade_NSE_NIFTYBANK_INDEX_RelativeValue_NIFTY_BANKNIFTY_v1.0_1787631905, candidate_id=cand_NSE_NIFTYBANK_INDEX_RELVAL_57481.55_20260825_095505_RelativeValue_NIFTY_BANKNIFTY_v1.0, payload={'price': 57481.55, 'sl': 57514.520000000004, 'tp': 57364.590908385115}
2026-08-25 09:55:16,698 - INFO - 💰 Position size [RATIO_DIVERGENCE|GAP_DOWN_HIGH_VOL|conf=1]: frac=0.002 → ₹5,000 (risk/unit=0.06%)
2026-08-25 09:55:16,717 - INFO - 🟢 ENTRY [RelativeValue_NIFTY_BANKNIFTY_v1.0|_v1.0_1787631905]: NSE:NIFTYBANK-INDEX BUY PUT @ 57481.55 | SL: 57514.52 TP: 57364.59
2026-08-25 09:55:35,727 - INFO - ⏱️ [Real-time Exit Loop] Checking open positions @ 09:55:35...
2026-08-25 09:55:37,986 - INFO - Retrieved live premium from Fyers API: LTP=4.85 for NSE:BANKNIFTY26AUG56800PE
2026-08-25 09:55:44,871 - INFO - 📊 Saved 22 snapshots for NSE:NIFTY50-INDEX  (oi range: 306,475–43,939,480)
2026-08-25 09:55:45,975 - INFO - 📡 Fetching NSE:NIFTYBANK-INDEX @ 57482  expiry=26AUG  strikes=ATM±5
2026-08-25 09:56:05,893 - INFO - ⏱️ [Real-time Exit Loop] Checking open positions @ 09:56:05...
2026-08-25 09:56:08,144 - INFO - Retrieved live premium from Fyers API: LTP=4.65 for NSE:BANKNIFTY26AUG56800PE
2026-08-25 09:56:17,123 - INFO - 📊 Saved 22 snapshots for NSE:NIFTYBANK-INDEX  (oi range: 143,550–3,221,220)
2026-08-25 09:56:18,219 - INFO - 📡 Fetching NSE:NIFTY50-INDEX @ 24139  expiry=26AUG  strikes=ATM±5
2026-08-25 09:56:35,042 - INFO - ⏱️ [Real-time Exit Loop] Checking open positions @ 09:56:35...
2026-08-25 09:56:37,292 - INFO - Retrieved live premium from Fyers API: LTP=4.6 for NSE:BANKNIFTY26AUG56800PE
2026-08-25 09:56:47,936 - INFO - 📊 Saved 22 snapshots for NSE:NIFTY50-INDEX  (oi range: 312,520–44,362,500)
2026-08-25 09:56:49,199 - INFO - 📡 Fetching NSE:NIFTYBANK-INDEX @ 57497  expiry=26AUG  strikes=ATM±5
2026-08-25 09:57:05,182 - INFO - ⏱️ [Real-time Exit Loop] Checking open positions @ 09:57:05...
2026-08-25 09:57:07,293 - INFO - Retrieved live premium from Fyers API: LTP=4.5 for NSE:BANKNIFTY26AUG56800PE
2026-08-25 09:57:18,460 - INFO - 📊 Saved 22 snapshots for NSE:NIFTYBANK-INDEX  (oi range: 143,640–3,226,110)
2026-08-25 09:57:19,711 - INFO - 📡 Fetching NSE:NIFTY50-INDEX @ 24146  expiry=26AUG  strikes=ATM±5
2026-08-25 09:57:35,188 - INFO - ⏱️ [Real-time Exit Loop] Checking open positions @ 09:57:35...
2026-08-25 09:57:37,299 - INFO - Retrieved live premium from Fyers API: LTP=4.4 for NSE:BANKNIFTY26AUG56800PE
2026-08-25 09:57:49,313 - INFO - 📊 Saved 22 snapshots for NSE:NIFTY50-INDEX  (oi range: 319,735–44,667,220)
2026-08-25 09:57:50,420 - INFO - 📡 Fetching NSE:NIFTYBANK-INDEX @ 57505  expiry=26AUG  strikes=ATM±5
2026-08-25 09:58:05,213 - INFO - ⏱️ [Real-time Exit Loop] Checking open positions @ 09:58:05...
2026-08-25 09:58:07,312 - INFO - Retrieved live premium from Fyers API: LTP=4.65 for NSE:BANKNIFTY26AUG56800PE
2026-08-25 09:58:20,177 - INFO - 📊 Saved 22 snapshots for NSE:NIFTYBANK-INDEX  (oi range: 140,610–3,231,000)
2026-08-25 09:58:21,281 - INFO - 📡 Fetching NSE:NIFTY50-INDEX @ 24147  expiry=26AUG  strikes=ATM±5
2026-08-25 09:58:35,205 - INFO - ⏱️ [Real-time Exit Loop] Checking open positions @ 09:58:35...
2026-08-25 09:58:36,407 - INFO - 📊 EXECUTION AUDIT [SL_MODIFIED]: trade_id=trade_NSE_NIFTYBANK_INDEX_RelativeValue_NIFTY_BANKNIFTY_v1.0_1787631905, candidate_id=cand_NSE_NIFTYBANK_INDEX_RELVAL_57481.55_20260825_095505_RelativeValue_NIFTY_BANKNIFTY_v1.0, payload={'price': 57481.15, 'old_sl': 57514.520000000004, 'new_sl': 57514.12, 'old_tp': None, 'new_tp': 57364.590908385115, 'reason': 'TRAILING_SL'}
2026-08-25 09:58:36,440 - INFO - 🟡 UPDATE (TRAILING_SL) [RelativeValue_NIFTY_BANKNIFTY_v1.0|NIFTY_BANKNIFTY_v1.0]: NSE:NIFTYBANK-INDEX @ 57481.15 | SL→57514.12 TP→57364.59
2026-08-25 09:58:36,458 - INFO - 📊 EXECUTION AUDIT [CF_SL_MODIFIED]: trade_id=None, candidate_id=cand_NSE_NIFTYBANK_INDEX_OI_WALL_BREAK_57481.55_20260825_095505_OIWallReaction_v1.0, payload={'price': 57481.15, 'old_sl': 57514.520000000004, 'new_sl': 57514.12, 'old_tp': None, 'new_tp': 57283.73, 'reason': 'TRAILING_SL'}
2026-08-25 09:58:36,494 - INFO - 🟡 UPDATE (TRAILING_SL) [CFOIWallReaction_v1.0|_OIWallReaction_v1.0]: NSE:NIFTYBANK-INDEX @ 57481.15 | SL→57514.12 TP→57283.73
2026-08-25 09:58:37,314 - INFO - Retrieved live premium from Fyers API: LTP=5.05 for NSE:BANKNIFTY26AUG56800PE
2026-08-25 09:58:51,243 - INFO - 📊 Saved 22 snapshots for NSE:NIFTY50-INDEX  (oi range: 325,325–44,935,215)
2026-08-25 09:58:52,340 - INFO - 📡 Fetching NSE:NIFTYBANK-INDEX @ 57480  expiry=26AUG  strikes=ATM±5
2026-08-25 09:59:05,206 - INFO - ⏱️ [Real-time Exit Loop] Checking open positions @ 09:59:05...
2026-08-25 09:59:07,306 - INFO - Retrieved live premium from Fyers API: LTP=4.6 for NSE:BANKNIFTY26AUG56800PE
2026-08-25 09:59:22,073 - INFO - 📊 Saved 22 snapshots for NSE:NIFTYBANK-INDEX  (oi range: 139,800–3,246,510)
2026-08-25 09:59:23,169 - INFO - 📡 Fetching NSE:NIFTY50-INDEX @ 24143  expiry=26AUG  strikes=ATM±5
2026-08-25 09:59:35,188 - INFO - ⏱️ [Real-time Exit Loop] Checking open positions @ 09:59:35...
2026-08-25 09:59:37,287 - INFO - Retrieved live premium from Fyers API: LTP=4.7 for NSE:BANKNIFTY26AUG56800PE
2026-08-25 09:59:52,782 - INFO - 📊 Saved 22 snapshots for NSE:NIFTY50-INDEX  (oi range: 323,440–45,185,140)
2026-08-25 09:59:54,055 - INFO - 📡 Fetching NSE:NIFTYBANK-INDEX @ 57494  expiry=26AUG  strikes=ATM±5
2026-08-25 10:00:05,165 - INFO - 🔔 [New Candle Closed] Running entry pipeline for candle 10:00 at 10:00:05...
2026-08-25 10:00:05,165 - INFO - --- 10:00:05 Market Pulse ---
2026-08-25 10:00:11,283 - INFO - Retrieved live premium from Fyers API: LTP=4.75 for NSE:BANKNIFTY26AUG56800PE
2026-08-25 10:00:14,303 - INFO - Resolved active expiry from DB: 26AUG (2026-08-25)
2026-08-25 10:00:14,303 - INFO - 🧭 [VerticalSpread_v1.0] Regime router: NSE:NIFTY50-INDEX combo blocked from REAL capital (regime=GAP_DOWN_HIGH_VOL) — routed to CF
2026-08-25 10:00:14,313 - INFO - Resolved active expiry from DB: 26AUG (2026-08-25)
2026-08-25 10:00:14,336 - INFO - Resolved BEAR_PUT_SPREAD for NSE:NIFTY50-INDEX: [('PE', 'BUY', 24150.0), ('PE', 'SELL', 24050.0)] net_premium=25.40 max_loss=25.40
2026-08-25 10:00:14,359 - INFO - 🟢 CF COMBO ENTRY [VerticalSpread_v1.0|_VerticalSpread_v1.0]: NSE:NIFTY50-INDEX BEAR_PUT_SPREAD | Net premium: 25.40 | Max loss: 25.40
2026-08-25 10:00:15,747 - INFO - Resolved active expiry from DB: 26AUG (2026-08-25)
2026-08-25 10:00:24,369 - INFO - 📊 Saved 22 snapshots for NSE:NIFTYBANK-INDEX  (oi range: 141,240–3,246,420)
2026-08-25 10:00:25,470 - INFO - 📡 Fetching NSE:NIFTY50-INDEX @ 24140  expiry=26AUG  strikes=ATM±5
2026-08-25 10:00:35,759 - INFO - ⏱️ [Real-time Exit Loop] Checking open positions @ 10:00:35...
2026-08-25 10:00:38,023 - INFO - Retrieved live premium from Fyers API: LTP=4.5 for NSE:BANKNIFTY26AUG56800PE
2026-08-25 10:00:55,066 - INFO - 📊 Saved 22 snapshots for NSE:NIFTY50-INDEX  (oi range: 328,445–45,537,895)
2026-08-25 10:00:56,160 - INFO - 📡 Fetching NSE:NIFTYBANK-INDEX @ 57499  expiry=26AUG  strikes=ATM±5
2026-08-25 10:01:05,957 - INFO - ⏱️ [Real-time Exit Loop] Checking open positions @ 10:01:05...
2026-08-25 10:01:08,055 - INFO - Retrieved live premium from Fyers API: LTP=4.4 for NSE:BANKNIFTY26AUG56800PE
2026-08-25 10:01:26,117 - INFO - 📊 Saved 22 snapshots for NSE:NIFTYBANK-INDEX  (oi range: 142,830–3,285,570)
2026-08-25 10:01:27,208 - INFO - 📡 Fetching NSE:NIFTY50-INDEX @ 24142  expiry=26AUG  strikes=ATM±5
2026-08-25 10:01:35,982 - INFO - ⏱️ [Real-time Exit Loop] Checking open positions @ 10:01:35...
2026-08-25 10:01:38,261 - INFO - Retrieved live premium from Fyers API: LTP=4.45 for NSE:BANKNIFTY26AUG56800PE
2026-08-25 10:02:00,078 - INFO - 📊 Saved 22 snapshots for NSE:NIFTY50-INDEX  (oi range: 332,995–45,943,300)
2026-08-25 10:02:01,175 - INFO - 📡 Fetching NSE:NIFTYBANK-INDEX @ 57492  expiry=26AUG  strikes=ATM±5
2026-08-25 10:02:05,189 - INFO - ⏱️ [Real-time Exit Loop] Checking open positions @ 10:02:05...
2026-08-25 10:02:06,286 - INFO - 📊 EXECUTION AUDIT [SL_MODIFIED]: trade_id=trade_NSE_NIFTY50_INDEX_OIWallReaction_v1.0_1787631155, candidate_id=cand_NSE_NIFTY50_INDEX_OI_WALL_BREAK_24172.80_20260825_094235_OIWallReaction_v1.0, payload={'price': 24133.9, 'old_sl': 24164.9965, 'new_sl': 24164.146500000003, 'old_tp': None, 'new_tp': 24111.87, 'reason': 'TRAILING_SL'}
2026-08-25 10:02:06,356 - INFO - 🟡 UPDATE (TRAILING_SL) [OIWallReaction_v1.0|_OIWallReaction_v1.0]: NSE:NIFTY50-INDEX @ 24133.90 | SL→24164.15 TP→24111.87
2026-08-25 10:02:06,399 - INFO - 📊 EXECUTION AUDIT [SL_MODIFIED]: trade_id=trade_NSE_NIFTY50_INDEX_OrderFlow_v1.0_1787631905, candidate_id=cand_NSE_NIFTY50_INDEX_LIQUIDITY_SWEEP_24138.10_20260825_095505_OrderFlow_v1.0, payload={'price': 24133.9, 'old_sl': 24155.754, 'new_sl': 24151.554000000004, 'old_tp': None, 'new_tp': 24086.019999999997, 'reason': 'TRAILING_SL'}
2026-08-25 10:02:06,437 - INFO - 🟡 UPDATE (TRAILING_SL) [OrderFlow_v1.0|95505_OrderFlow_v1.0]: NSE:NIFTY50-INDEX @ 24133.90 | SL→24151.55 TP→24086.02
2026-08-25 10:02:06,454 - INFO - 📊 EXECUTION AUDIT [SL_MODIFIED]: trade_id=trade_NSE_NIFTY50_INDEX_GapRegime_v2.0_1787631905, candidate_id=cand_NSE_NIFTY50_INDEX_GAP_AND_GO_24138.10_20260825_095505_GapRegime_v2.0, payload={'price': 24133.9, 'old_sl': 24178.35, 'new_sl': 24174.15, 'old_tp': None, 'new_tp': 24051.3, 'reason': 'TRAILING_SL'}
2026-08-25 10:02:06,490 - INFO - 🟡 UPDATE (TRAILING_SL) [GapRegime_v2.0|95505_GapRegime_v2.0]: NSE:NIFTY50-INDEX @ 24133.90 | SL→24174.15 TP→24051.30
2026-08-25 10:02:06,507 - INFO - 📊 EXECUTION AUDIT [SL_MODIFIED]: trade_id=trade_NSE_NIFTYBANK_INDEX_RelativeValue_NIFTY_BANKNIFTY_v1.0_1787631905, candidate_id=cand_NSE_NIFTYBANK_INDEX_RELVAL_57481.55_20260825_095505_RelativeValue_NIFTY_BANKNIFTY_v1.0, payload={'price': 57480.7, 'old_sl': 57514.12, 'new_sl': 57513.67, 'old_tp': None, 'new_tp': 57364.590908385115, 'reason': 'TRAILING_SL'}
2026-08-25 10:02:06,541 - INFO - 🟡 UPDATE (TRAILING_SL) [RelativeValue_NIFTY_BANKNIFTY_v1.0|NIFTY_BANKNIFTY_v1.0]: NSE:NIFTYBANK-INDEX @ 57480.70 | SL→57513.67 TP→57364.59
2026-08-25 10:02:06,558 - INFO - 📊 EXECUTION AUDIT [CF_SL_MODIFIED]: trade_id=None, candidate_id=cand_NSE_NIFTY50_INDEX_TRENDLINE_RETEST_24172.80_202608250942_Geometry_v1.0_Score35, payload={'price': 24133.9, 'old_sl': 24160.2, 'new_sl': 24159.350000000002, 'old_tp': None, 'new_tp': 24122.43, 'reason': 'TRAILING_SL'}
2026-08-25 10:02:06,593 - INFO - 🟡 UPDATE (TRAILING_SL) [CFGeometry_v1.0_Score35|eometry_v1.0_Score35]: NSE:NIFTY50-INDEX @ 24133.90 | SL→24159.35 TP→24122.43
2026-08-25 10:02:06,593 - INFO - 📊 EXECUTION AUDIT [CF_SL_MODIFIED]: trade_id=None, candidate_id=cand_NSE_NIFTY50_INDEX_TRENDLINE_RETEST_24172.80_202608250942_Geometry_v1.0_Score50, payload={'price': 24133.9, 'old_sl': 24160.2, 'new_sl': 24159.350000000002, 'old_tp': None, 'new_tp': 24122.43, 'reason': 'TRAILING_SL'}
2026-08-25 10:02:06,626 - INFO - 🟡 UPDATE (TRAILING_SL) [CFGeometry_v1.0_Score50|eometry_v1.0_Score50]: NSE:NIFTY50-INDEX @ 24133.90 | SL→24159.35 TP→24122.43
2026-08-25 10:02:06,626 - INFO - 📊 EXECUTION AUDIT [CF_SL_MODIFIED]: trade_id=None, candidate_id=cand_NSE_NIFTY50_INDEX_OI_WALL_FADE_24172.80_20260825_094235_OIWallReaction_v1.0, payload={'price': 24133.9, 'old_sl': 24164.9965, 'new_sl': 24164.146500000003, 'old_tp': None, 'new_tp': 24109.260499999997, 'reason': 'TRAILING_SL'}
2026-08-25 10:02:06,662 - INFO - 🟡 UPDATE (TRAILING_SL) [CFOIWallReaction_v1.0|_OIWallReaction_v1.0]: NSE:NIFTY50-INDEX @ 24133.90 | SL→24164.15 TP→24109.26
2026-08-25 10:02:06,662 - INFO - 📊 EXECUTION AUDIT [CF_SL_MODIFIED]: trade_id=None, candidate_id=cand_NSE_NIFTY50_INDEX_EMAPULL_24154.85_20260825_094505_EMA_Pullback_20_50_RVOL0.5, payload={'price': 24133.9, 'old_sl': 24165.644, 'new_sl': 24164.794, 'old_tp': None, 'new_tp': 24078.25, 'reason': 'TRAILING_SL'}
2026-08-25 10:02:06,696 - INFO - 🟡 UPDATE (TRAILING_SL) [CFEMA_Pullback_20_50_RVOL0.5|llback_20_50_RVOL0.5]: NSE:NIFTY50-INDEX @ 24133.90 | SL→24164.79 TP→24078.25
2026-08-25 10:02:06,696 - INFO - 📊 EXECUTION AUDIT [CF_SL_MODIFIED]: trade_id=None, candidate_id=cand_NSE_NIFTYBANK_INDEX_OI_WALL_BREAK_57481.55_20260825_095505_OIWallReaction_v1.0, payload={'price': 57480.7, 'old_sl': 57514.12, 'new_sl': 57513.67, 'old_tp': None, 'new_tp': 57283.73, 'reason': 'TRAILING_SL'}
2026-08-25 10:02:06,730 - INFO - 🟡 UPDATE (TRAILING_SL) [CFOIWallReaction_v1.0|_OIWallReaction_v1.0]: NSE:NIFTYBANK-INDEX @ 57480.70 | SL→57513.67 TP→57283.73
2026-08-25 10:02:07,330 - INFO - Retrieved live premium from Fyers API: LTP=5.0 for NSE:BANKNIFTY26AUG56800PE
2026-08-25 10:02:30,984 - INFO - 📊 Saved 22 snapshots for NSE:NIFTYBANK-INDEX  (oi range: 143,220–3,283,590)
2026-08-25 10:02:32,238 - INFO - 📡 Fetching NSE:NIFTY50-INDEX @ 24133  expiry=26AUG  strikes=ATM±5
2026-08-25 10:02:35,212 - INFO - ⏱️ [Real-time Exit Loop] Checking open positions @ 10:02:35...
2026-08-25 10:02:36,312 - INFO - 📊 EXECUTION AUDIT [SL_MODIFIED]: trade_id=trade_NSE_NIFTY50_INDEX_OIWallReaction_v1.0_1787631155, candidate_id=cand_NSE_NIFTY50_INDEX_OI_WALL_BREAK_24172.80_20260825_094235_OIWallReaction_v1.0, payload={'price': 24131.6, 'old_sl': 24164.146500000003, 'new_sl': 24161.8465, 'old_tp': None, 'new_tp': 24111.87, 'reason': 'TRAILING_SL'}
2026-08-25 10:02:36,386 - INFO - 🟡 UPDATE (TRAILING_SL) [OIWallReaction_v1.0|_OIWallReaction_v1.0]: NSE:NIFTY50-INDEX @ 24131.60 | SL→24161.85 TP→24111.87
2026-08-25 10:02:36,430 - INFO - 📊 EXECUTION AUDIT [SL_MODIFIED]: trade_id=trade_NSE_NIFTY50_INDEX_OrderFlow_v1.0_1787631905, candidate_id=cand_NSE_NIFTY50_INDEX_LIQUIDITY_SWEEP_24138.10_20260825_095505_OrderFlow_v1.0, payload={'price': 24131.6, 'old_sl': 24151.554000000004, 'new_sl': 24149.254, 'old_tp': None, 'new_tp': 24086.019999999997, 'reason': 'TRAILING_SL'}
2026-08-25 10:02:36,469 - INFO - 🟡 UPDATE (TRAILING_SL) [OrderFlow_v1.0|95505_OrderFlow_v1.0]: NSE:NIFTY50-INDEX @ 24131.60 | SL→24149.25 TP→24086.02
2026-08-25 10:02:36,488 - INFO - 📊 EXECUTION AUDIT [SL_MODIFIED]: trade_id=trade_NSE_NIFTY50_INDEX_GapRegime_v2.0_1787631905, candidate_id=cand_NSE_NIFTY50_INDEX_GAP_AND_GO_24138.10_20260825_095505_GapRegime_v2.0, payload={'price': 24131.6, 'old_sl': 24174.15, 'new_sl': 24171.85, 'old_tp': None, 'new_tp': 24051.3, 'reason': 'TRAILING_SL'}
2026-08-25 10:02:36,524 - INFO - 🟡 UPDATE (TRAILING_SL) [GapRegime_v2.0|95505_GapRegime_v2.0]: NSE:NIFTY50-INDEX @ 24131.60 | SL→24171.85 TP→24051.30
2026-08-25 10:02:36,560 - INFO - 📊 EXECUTION AUDIT [CF_SL_MODIFIED]: trade_id=None, candidate_id=cand_NSE_NIFTY50_INDEX_TRENDLINE_RETEST_24172.80_202608250942_Geometry_v1.0_Score35, payload={'price': 24131.6, 'old_sl': 24159.350000000002, 'new_sl': 24157.05, 'old_tp': None, 'new_tp': 24122.43, 'reason': 'TRAILING_SL'}
2026-08-25 10:02:36,595 - INFO - 🟡 UPDATE (TRAILING_SL) [CFGeometry_v1.0_Score35|eometry_v1.0_Score35]: NSE:NIFTY50-INDEX @ 24131.60 | SL→24157.05 TP→24122.43
2026-08-25 10:02:36,595 - INFO - 📊 EXECUTION AUDIT [CF_SL_MODIFIED]: trade_id=None, candidate_id=cand_NSE_NIFTY50_INDEX_TRENDLINE_RETEST_24172.80_202608250942_Geometry_v1.0_Score50, payload={'price': 24131.6, 'old_sl': 24159.350000000002, 'new_sl': 24157.05, 'old_tp': None, 'new_tp': 24122.43, 'reason': 'TRAILING_SL'}
2026-08-25 10:02:36,630 - INFO - 🟡 UPDATE (TRAILING_SL) [CFGeometry_v1.0_Score50|eometry_v1.0_Score50]: NSE:NIFTY50-INDEX @ 24131.60 | SL→24157.05 TP→24122.43
2026-08-25 10:02:36,630 - INFO - 📊 EXECUTION AUDIT [CF_SL_MODIFIED]: trade_id=None, candidate_id=cand_NSE_NIFTY50_INDEX_OI_WALL_FADE_24172.80_20260825_094235_OIWallReaction_v1.0, payload={'price': 24131.6, 'old_sl': 24164.146500000003, 'new_sl': 24161.8465, 'old_tp': None, 'new_tp': 24109.260499999997, 'reason': 'TRAILING_SL'}
2026-08-25 10:02:36,664 - INFO - 🟡 UPDATE (TRAILING_SL) [CFOIWallReaction_v1.0|_OIWallReaction_v1.0]: NSE:NIFTY50-INDEX @ 24131.60 | SL→24161.85 TP→24109.26
2026-08-25 10:02:36,664 - INFO - 📊 EXECUTION AUDIT [CF_SL_MODIFIED]: trade_id=None, candidate_id=cand_NSE_NIFTY50_INDEX_EMAPULL_24154.85_20260825_094505_EMA_Pullback_20_50_RVOL0.5, payload={'price': 24131.6, 'old_sl': 24164.794, 'new_sl': 24162.494, 'old_tp': None, 'new_tp': 24078.25, 'reason': 'TRAILING_SL'}
2026-08-25 10:02:36,697 - INFO - 🟡 UPDATE (TRAILING_SL) [CFEMA_Pullback_20_50_RVOL0.5|llback_20_50_RVOL0.5]: NSE:NIFTY50-INDEX @ 24131.60 | SL→24162.49 TP→24078.25
2026-08-25 10:02:37,326 - INFO - Retrieved live premium from Fyers API: LTP=4.95 for NSE:BANKNIFTY26AUG56800PE
2026-08-25 10:03:02,988 - INFO - 📊 Saved 22 snapshots for NSE:NIFTY50-INDEX  (oi range: 341,055–45,865,755)
2026-08-25 10:03:04,087 - INFO - 📡 Fetching NSE:NIFTYBANK-INDEX @ 57492  expiry=26AUG  strikes=ATM±5
2026-08-25 10:03:05,244 - INFO - ⏱️ [Real-time Exit Loop] Checking open positions @ 10:03:05...
2026-08-25 10:03:07,361 - INFO - Retrieved live premium from Fyers API: LTP=4.65 for NSE:BANKNIFTY26AUG56800PE
2026-08-25 10:03:33,852 - INFO - 📊 Saved 22 snapshots for NSE:NIFTYBANK-INDEX  (oi range: 145,080–3,282,240)
2026-08-25 10:03:34,952 - INFO - 📡 Fetching NSE:NIFTY50-INDEX @ 24137  expiry=26AUG  strikes=ATM±5
2026-08-25 10:03:35,296 - INFO - ⏱️ [Real-time Exit Loop] Checking open positions @ 10:03:35...
2026-08-25 10:03:37,395 - INFO - Retrieved live premium from Fyers API: LTP=4.8 for NSE:BANKNIFTY26AUG56800PE
2026-08-25 10:04:05,306 - INFO - ⏱️ [Real-time Exit Loop] Checking open positions @ 10:04:05...
2026-08-25 10:04:05,389 - INFO - 📊 Saved 22 snapshots for NSE:NIFTY50-INDEX  (oi range: 341,900–46,242,755)
2026-08-25 10:04:06,476 - INFO - 📡 Fetching NSE:NIFTYBANK-INDEX @ 57496  expiry=26AUG  strikes=ATM±5
2026-08-25 10:04:07,407 - INFO - Retrieved live premium from Fyers API: LTP=4.55 for NSE:BANKNIFTY26AUG56800PE
2026-08-25 10:04:35,328 - INFO - ⏱️ [Real-time Exit Loop] Checking open positions @ 10:04:35...
2026-08-25 10:04:36,114 - INFO - 📊 Saved 22 snapshots for NSE:NIFTYBANK-INDEX  (oi range: 143,250–3,280,500)
2026-08-25 10:04:37,217 - INFO - 📡 Fetching NSE:NIFTY50-INDEX @ 24141  expiry=26AUG  strikes=ATM±5
2026-08-25 10:04:37,585 - INFO - Retrieved live premium from Fyers API: LTP=4.6 for NSE:BANKNIFTY26AUG56800PE
2026-08-25 10:05:05,494 - INFO - 🔔 [New Candle Closed] Running entry pipeline for candle 10:05 at 10:05:05...
2026-08-25 10:05:05,495 - INFO - --- 10:05:05 Market Pulse ---
2026-08-25 10:05:06,823 - INFO - 📊 Saved 22 snapshots for NSE:NIFTY50-INDEX  (oi range: 351,390–47,019,765)
2026-08-25 10:05:07,916 - INFO - 📡 Fetching NSE:NIFTYBANK-INDEX @ 57503  expiry=26AUG  strikes=ATM±5
2026-08-25 10:05:10,724 - INFO - 📊 EXECUTION AUDIT [ORDER_EXITED]: trade_id=trade_NSE_NIFTYBANK_INDEX_RelativeValue_NIFTY_BANKNIFTY_v1.0_1787631905, candidate_id=cand_NSE_NIFTYBANK_INDEX_RELVAL_57481.55_20260825_095505_RelativeValue_NIFTY_BANKNIFTY_v1.0, payload={'exit_price': 57513.67, 'exit_reason': 'TRAILING_SL', 'pnl_r': -0.13917050691244234, 'duration_minutes': 9.998446766666666, 'bars_held': 2}
2026-08-25 10:05:10,764 - INFO - 🔴 EXIT (TRAILING_SL) [RelativeValue_NIFTY_BANKNIFTY_v1.0|NIFTY_BANKNIFTY_v1.0]: NSE:NIFTYBANK-INDEX @ 57513.67 | PnL -0.14R | MFE 0.03R | Capture N/A | 2bars HoldEff -0.070R/bar
2026-08-25 10:05:10,765 - INFO - 📊 EXECUTION AUDIT [CF_EXITED]: trade_id=None, candidate_id=cand_NSE_NIFTYBANK_INDEX_OI_WALL_BREAK_57481.55_20260825_095505_OIWallReaction_v1.0, payload={'exit_price': 57513.67, 'exit_reason': 'TRAILING_SL', 'pnl_r': -0.13917050691244234, 'duration_minutes': 9.998446766666666, 'bars_held': 2}
2026-08-25 10:05:10,804 - INFO - 🔴 EXIT (TRAILING_SL) [CFOIWallReaction_v1.0|_OIWallReaction_v1.0]: NSE:NIFTYBANK-INDEX @ 57513.67 | PnL -0.14R | MFE 0.03R | Capture N/A | 2bars HoldEff -0.070R/bar
2026-08-25 10:05:11,625 - INFO - Retrieved live premium from Fyers API: LTP=4.45 for NSE:BANKNIFTY26AUG56800PE
2026-08-25 10:05:14,804 - INFO - Resolved active expiry from DB: 26AUG (2026-08-25)
2026-08-25 10:05:16,206 - INFO - Resolved active expiry from DB: 26AUG (2026-08-25)
2026-08-25 10:05:16,207 - INFO - 🚀 SIGNAL: NSE:NIFTYBANK-INDEX BUY PUT | [RelativeValue_NIFTY_BANKNIFTY_v1.0]
2026-08-25 10:05:16,207 - INFO -    Entry: 57503.8 | SL: 57538.295000000006 | TP: 57386.65526900173 (RR: 3.4)
2026-08-25 10:05:16,207 - INFO - 📊 EXECUTION AUDIT [SIGNAL_GENERATED]: trade_id=trade_NSE_NIFTYBANK_INDEX_RelativeValue_NIFTY_BANKNIFTY_v1.0_1787632505, candidate_id=cand_NSE_NIFTYBANK_INDEX_RELVAL_57503.80_20260825_100505_RelativeValue_NIFTY_BANKNIFTY_v1.0, payload={'symbol': 'NSE:NIFTYBANK-INDEX', 'signal': 'BUY PUT', 'strategy': 'RATIO_DIVERGENCE', 'price': 57503.8, 'stop_loss': 57538.295000000006, 'take_profit': 57386.65526900173, 'tp1': 57452.057499999995, 'rr_ratio': 3.4, 'timestamp': '2026-08-25T10:05:05.495635+05:30', 'accepted': True, 'rejection_reasons': [], 'features': {'atr': 68.99, 'ema20': 57462.4, 'ema50': 57437.19, 'move_efficiency': 0.1467, 'move_efficiency_h1': 0.3623, 'wickiness': 0.657, 'ema_bullish': True, 'rsi14': 64.82, 'rsi2': 50.0, 'distance_to_vwap': 0.0003, 'atr_percentile': 0.9953, 'dist_prev_high': -0.0064, 'dist_prev_low': -0.0047, 'adx': 12.12, 'adx_slope': -0.8923, 'gap_pct': -0.0077, 'regime_primary': 'GAP_DOWN', 'regime_vol_state': 'HIGH_VOL', 'market_regime': 'GAP_DOWN_HIGH_VOL'}, 'candidate_id': 'cand_NSE_NIFTYBANK_INDEX_RELVAL_57503.80_20260825_100505_RelativeValue_NIFTY_BANKNIFTY_v1.0', 'confidence': 0.54, 'diagnostics': {'ratio_now': 0.4199, 'ratio_rolling_mean': 0.4213, 'ratio_rolling_std': 0.000585, 'z_score': -2.44, 'atr': 68.99, 'rr_ratio': 3.4, 'other_symbol': 'NSE:NIFTY50-INDEX'}, 'experiment_name': 'RelativeValue_NIFTY_BANKNIFTY_v1.0', 'strategy_id': 'relative_value_nifty_banknifty', 'version': 'v1.0'}
2026-08-25 10:05:16,227 - INFO - Resolved active expiry from DB: 26AUG (2026-08-25)
2026-08-25 10:05:16,239 - INFO - Resolved index signal into option contract: OptionContract(symbol='NSE:BANKNIFTY26AUG57500PE', strike=57500.0, expiry='26AUG', option_type='PE', premium=108.0, delta=0.5, bid=107.9, ask=108.2, volume=20015640, resolved_at=datetime.datetime(2026, 8, 25, 10, 5, 16, 239363))
2026-08-25 10:05:16,239 - INFO - ⚡ Option strike selection resolved index signal to contract NSE:BANKNIFTY26AUG57500PE @ premium 108.0 (type: PE, strike: 57500.0)
2026-08-25 10:05:16,239 - INFO - 📊 EXECUTION AUDIT [STRIKE_SELECTED]: trade_id=trade_NSE_NIFTYBANK_INDEX_RelativeValue_NIFTY_BANKNIFTY_v1.0_1787632505, candidate_id=cand_NSE_NIFTYBANK_INDEX_RELVAL_57503.80_20260825_100505_RelativeValue_NIFTY_BANKNIFTY_v1.0, payload={'symbol': 'NSE:BANKNIFTY26AUG57500PE', 'strike': 57500.0, 'expiry': '26AUG', 'type': 'PE'}
2026-08-25 10:05:16,251 - INFO - 📊 EXECUTION AUDIT [PREMIUM_RETRIEVED]: trade_id=trade_NSE_NIFTYBANK_INDEX_RelativeValue_NIFTY_BANKNIFTY_v1.0_1787632505, candidate_id=cand_NSE_NIFTYBANK_INDEX_RELVAL_57503.80_20260825_100505_RelativeValue_NIFTY_BANKNIFTY_v1.0, payload={'premium': 108.0, 'bid': 107.9, 'ask': 108.2}
2026-08-25 10:05:16,261 - INFO - 📊 EXECUTION AUDIT [ORDER_SUBMITTED]: trade_id=trade_NSE_NIFTYBANK_INDEX_RelativeValue_NIFTY_BANKNIFTY_v1.0_1787632505, candidate_id=cand_NSE_NIFTYBANK_INDEX_RELVAL_57503.80_20260825_100505_RelativeValue_NIFTY_BANKNIFTY_v1.0, payload={'price': 57503.8, 'sl': 57538.295000000006, 'tp': 57386.65526900173}
2026-08-25 10:05:16,272 - INFO - 📊 EXECUTION AUDIT [ORDER_FILLED]: trade_id=trade_NSE_NIFTYBANK_INDEX_RelativeValue_NIFTY_BANKNIFTY_v1.0_1787632505, candidate_id=cand_NSE_NIFTYBANK_INDEX_RELVAL_57503.80_20260825_100505_RelativeValue_NIFTY_BANKNIFTY_v1.0, payload={'price': 57503.8, 'sl': 57538.295000000006, 'tp': 57386.65526900173}
2026-08-25 10:05:16,283 - INFO - 💰 Position size [RATIO_DIVERGENCE|GAP_DOWN_HIGH_VOL|conf=1]: frac=0.002 → ₹5,000 (risk/unit=0.06%)
2026-08-25 10:05:16,307 - INFO - 🟢 ENTRY [RelativeValue_NIFTY_BANKNIFTY_v1.0|_v1.0_1787632505]: NSE:NIFTYBANK-INDEX BUY PUT @ 57503.80 | SL: 57538.30 TP: 57386.66
2026-08-25 10:05:35,317 - INFO - ⏱️ [Real-time Exit Loop] Checking open positions @ 10:05:35...
2026-08-25 10:05:37,414 - INFO - Retrieved live premium from Fyers API: LTP=4.45 for NSE:BANKNIFTY26AUG56800PE
2026-08-25 10:05:39,021 - INFO - 📊 Saved 22 snapshots for NSE:NIFTYBANK-INDEX  (oi range: 143,280–3,312,270)
2026-08-25 10:05:40,281 - INFO - 📡 Fetching NSE:NIFTY50-INDEX @ 24148  expiry=26AUG  strikes=ATM±5
2026-08-25 10:06:05,328 - INFO - ⏱️ [Real-time Exit Loop] Checking open positions @ 10:06:05...
2026-08-25 10:06:08,145 - INFO - Retrieved live premium from Fyers API: LTP=4.45 for NSE:BANKNIFTY26AUG56800PE
2026-08-25 10:06:09,886 - INFO - 📊 Saved 22 snapshots for NSE:NIFTY50-INDEX  (oi range: 351,390–46,986,485)
2026-08-25 10:06:11,000 - INFO - 📡 Fetching NSE:NIFTYBANK-INDEX @ 57507  expiry=26AUG  strikes=ATM±5
2026-08-25 10:06:35,043 - INFO - ⏱️ [Real-time Exit Loop] Checking open positions @ 10:06:35...
2026-08-25 10:06:36,229 - INFO - 📊 EXECUTION AUDIT [SL_MODIFIED]: trade_id=trade_NSE_NIFTYBANK_INDEX_RelativeValue_NIFTY_BANKNIFTY_v1.0_1787632505, candidate_id=cand_NSE_NIFTYBANK_INDEX_RELVAL_57503.80_20260825_100505_RelativeValue_NIFTY_BANKNIFTY_v1.0, payload={'price': 57500.95, 'old_sl': 57538.295000000006, 'new_sl': 57535.445, 'old_tp': None, 'new_tp': 57386.65526900173, 'reason': 'TRAILING_SL'}
2026-08-25 10:06:36,260 - INFO - 🟡 UPDATE (TRAILING_SL) [RelativeValue_NIFTY_BANKNIFTY_v1.0|NIFTY_BANKNIFTY_v1.0]: NSE:NIFTYBANK-INDEX @ 57500.95 | SL→57535.44 TP→57386.66
2026-08-25 10:06:37,131 - INFO - Retrieved live premium from Fyers API: LTP=4.7 for NSE:BANKNIFTY26AUG56800PE
2026-08-25 10:06:40,556 - INFO - 📊 Saved 22 snapshots for NSE:NIFTYBANK-INDEX  (oi range: 139,350–3,279,690)
2026-08-25 10:06:41,659 - INFO - 📡 Fetching NSE:NIFTY50-INDEX @ 24145  expiry=26AUG  strikes=ATM±5
2026-08-25 10:07:05,058 - INFO - ⏱️ [Real-time Exit Loop] Checking open positions @ 10:07:05...
2026-08-25 10:07:06,248 - INFO - 📊 EXECUTION AUDIT [SL_MODIFIED]: trade_id=trade_NSE_NIFTYBANK_INDEX_RelativeValue_NIFTY_BANKNIFTY_v1.0_1787632505, candidate_id=cand_NSE_NIFTYBANK_INDEX_RELVAL_57503.80_20260825_100505_RelativeValue_NIFTY_BANKNIFTY_v1.0, payload={'price': 57494.0, 'old_sl': 57535.445, 'new_sl': 57528.495, 'old_tp': None, 'new_tp': 57386.65526900173, 'reason': 'TRAILING_SL'}
2026-08-25 10:07:06,280 - INFO - 🟡 UPDATE (TRAILING_SL) [RelativeValue_NIFTY_BANKNIFTY_v1.0|NIFTY_BANKNIFTY_v1.0]: NSE:NIFTYBANK-INDEX @ 57494.00 | SL→57528.50 TP→57386.66
2026-08-25 10:07:07,161 - INFO - Retrieved live premium from Fyers API: LTP=4.8 for NSE:BANKNIFTY26AUG56800PE
2026-08-25 10:07:11,615 - INFO - 📊 Saved 22 snapshots for NSE:NIFTY50-INDEX  (oi range: 351,195–47,268,715)
2026-08-25 10:07:12,718 - INFO - 📡 Fetching NSE:NIFTYBANK-INDEX @ 57498  expiry=26AUG  strikes=ATM±5
2026-08-25 10:07:35,095 - INFO - ⏱️ [Real-time Exit Loop] Checking open positions @ 10:07:35...
2026-08-25 10:07:36,459 - INFO - 📊 EXECUTION AUDIT [SL_MODIFIED]: trade_id=trade_NSE_NIFTYBANK_INDEX_RelativeValue_NIFTY_BANKNIFTY_v1.0_1787632505, candidate_id=cand_NSE_NIFTYBANK_INDEX_RELVAL_57503.80_20260825_100505_RelativeValue_NIFTY_BANKNIFTY_v1.0, payload={'price': 57492.8, 'old_sl': 57528.495, 'new_sl': 57527.295000000006, 'old_tp': None, 'new_tp': 57386.65526900173, 'reason': 'TRAILING_SL'}
2026-08-25 10:07:36,497 - INFO - 🟡 UPDATE (TRAILING_SL) [RelativeValue_NIFTY_BANKNIFTY_v1.0|NIFTY_BANKNIFTY_v1.0]: NSE:NIFTYBANK-INDEX @ 57492.80 | SL→57527.30 TP→57386.66
2026-08-25 10:07:37,198 - INFO - Retrieved live premium from Fyers API: LTP=4.8 for NSE:BANKNIFTY26AUG56800PE
2026-08-25 10:07:42,463 - INFO - 📊 Saved 22 snapshots for NSE:NIFTYBANK-INDEX  (oi range: 139,410–3,275,460)
2026-08-25 10:07:43,564 - INFO - 📡 Fetching NSE:NIFTY50-INDEX @ 24141  expiry=26AUG  strikes=ATM±5
2026-08-25 10:08:05,150 - INFO - ⏱️ [Real-time Exit Loop] Checking open positions @ 10:08:05...
2026-08-25 10:08:06,347 - INFO - 📊 EXECUTION AUDIT [SL_MODIFIED]: trade_id=trade_NSE_NIFTYBANK_INDEX_RelativeValue_NIFTY_BANKNIFTY_v1.0_1787632505, candidate_id=cand_NSE_NIFTYBANK_INDEX_RELVAL_57503.80_20260825_100505_RelativeValue_NIFTY_BANKNIFTY_v1.0, payload={'price': 57490.0, 'old_sl': 57527.295000000006, 'new_sl': 57524.495, 'old_tp': None, 'new_tp': 57386.65526900173, 'reason': 'TRAILING_SL'}
2026-08-25 10:08:06,381 - INFO - 🟡 UPDATE (TRAILING_SL) [RelativeValue_NIFTY_BANKNIFTY_v1.0|NIFTY_BANKNIFTY_v1.0]: NSE:NIFTYBANK-INDEX @ 57490.00 | SL→57524.50 TP→57386.66
2026-08-25 10:08:07,253 - INFO - Retrieved live premium from Fyers API: LTP=4.95 for NSE:BANKNIFTY26AUG56800PE
2026-08-25 10:08:14,296 - INFO - 📊 Saved 22 snapshots for NSE:NIFTY50-INDEX  (oi range: 352,430–47,226,075)
2026-08-25 10:08:15,504 - INFO - 📡 Fetching NSE:NIFTYBANK-INDEX @ 57490  expiry=26AUG  strikes=ATM±5
2026-08-25 10:08:35,251 - INFO - ⏱️ [Real-time Exit Loop] Checking open positions @ 10:08:35...
2026-08-25 10:08:36,452 - INFO - 📊 EXECUTION AUDIT [SL_MODIFIED]: trade_id=trade_NSE_NIFTYBANK_INDEX_RelativeValue_NIFTY_BANKNIFTY_v1.0_1787632505, candidate_id=cand_NSE_NIFTYBANK_INDEX_RELVAL_57503.80_20260825_100505_RelativeValue_NIFTY_BANKNIFTY_v1.0, payload={'price': 57483.65, 'old_sl': 57524.495, 'new_sl': 57518.145000000004, 'old_tp': None, 'new_tp': 57386.65526900173, 'reason': 'TRAILING_SL'}
2026-08-25 10:08:36,485 - INFO - 🟡 UPDATE (TRAILING_SL) [RelativeValue_NIFTY_BANKNIFTY_v1.0|NIFTY_BANKNIFTY_v1.0]: NSE:NIFTYBANK-INDEX @ 57483.65 | SL→57518.15 TP→57386.66
2026-08-25 10:08:37,416 - INFO - Retrieved live premium from Fyers API: LTP=4.95 for NSE:BANKNIFTY26AUG56800PE
2026-08-25 10:08:44,979 - INFO - 📊 Saved 22 snapshots for NSE:NIFTYBANK-INDEX  (oi range: 140,250–3,306,360)
2026-08-25 10:08:46,088 - INFO - 📡 Fetching NSE:NIFTY50-INDEX @ 24138  expiry=26AUG  strikes=ATM±5
2026-08-25 10:09:05,401 - INFO - ⏱️ [Real-time Exit Loop] Checking open positions @ 10:09:05...
2026-08-25 10:09:06,595 - INFO - 📊 EXECUTION AUDIT [SL_MODIFIED]: trade_id=trade_NSE_NIFTYBANK_INDEX_RelativeValue_NIFTY_BANKNIFTY_v1.0_1787632505, candidate_id=cand_NSE_NIFTYBANK_INDEX_RELVAL_57503.80_20260825_100505_RelativeValue_NIFTY_BANKNIFTY_v1.0, payload={'price': 57481.9, 'old_sl': 57518.145000000004, 'new_sl': 57516.395000000004, 'old_tp': None, 'new_tp': 57386.65526900173, 'reason': 'TRAILING_SL'}
2026-08-25 10:09:06,627 - INFO - 🟡 UPDATE (TRAILING_SL) [RelativeValue_NIFTY_BANKNIFTY_v1.0|NIFTY_BANKNIFTY_v1.0]: NSE:NIFTYBANK-INDEX @ 57481.90 | SL→57516.40 TP→57386.66
2026-08-25 10:09:07,498 - INFO - Retrieved live premium from Fyers API: LTP=5.05 for NSE:BANKNIFTY26AUG56800PE
2026-08-25 10:09:16,395 - INFO - 📊 Saved 22 snapshots for NSE:NIFTY50-INDEX  (oi range: 355,745–47,478,990)
2026-08-25 10:09:17,498 - INFO - 📡 Fetching NSE:NIFTYBANK-INDEX @ 57482  expiry=26AUG  strikes=ATM±5
2026-08-25 10:09:35,499 - INFO - ⏱️ [Real-time Exit Loop] Checking open positions @ 10:09:35...
2026-08-25 10:09:37,610 - INFO - Retrieved live premium from Fyers API: LTP=4.9 for NSE:BANKNIFTY26AUG56800PE
2026-08-25 10:09:47,399 - INFO - 📊 Saved 22 snapshots for NSE:NIFTYBANK-INDEX  (oi range: 140,280–3,314,310)
2026-08-25 10:09:48,509 - INFO - 📡 Fetching NSE:NIFTY50-INDEX @ 24137  expiry=26AUG  strikes=ATM±5
2026-08-25 10:10:05,592 - INFO - 🔔 [New Candle Closed] Running entry pipeline for candle 10:10 at 10:10:05...
2026-08-25 10:10:05,592 - INFO - --- 10:10:05 Market Pulse ---
2026-08-25 10:10:10,787 - INFO - 📊 EXECUTION AUDIT [ORDER_EXITED]: trade_id=trade_NSE_NIFTY50_INDEX_OrderFlow_v1.0_1787631905, candidate_id=cand_NSE_NIFTY50_INDEX_LIQUIDITY_SWEEP_24138.10_20260825_095505_OrderFlow_v1.0, payload={'exit_price': 24149.254, 'exit_reason': 'TRAILING_SL', 'pnl_r': -0.024926686217008838, 'duration_minutes': 15.0000664, 'bars_held': 3}
2026-08-25 10:10:10,827 - INFO - 🔴 EXIT (TRAILING_SL) [OrderFlow_v1.0|95505_OrderFlow_v1.0]: NSE:NIFTY50-INDEX @ 24149.25 | PnL -0.02R | MFE 0.37R | Capture -7% | 3bars HoldEff -0.008R/bar
2026-08-25 10:10:10,846 - INFO - 📊 EXECUTION AUDIT [ORDER_EXITED]: trade_id=trade_NSE_NIFTYBANK_INDEX_RelativeValue_NIFTY_BANKNIFTY_v1.0_1787632505, candidate_id=cand_NSE_NIFTYBANK_INDEX_RELVAL_57503.80_20260825_100505_RelativeValue_NIFTY_BANKNIFTY_v1.0, payload={'exit_price': 57516.395000000004, 'exit_reason': 'TRAILING_SL', 'pnl_r': -0.03188539741219965, 'duration_minutes': 5.001619633333333, 'bars_held': 1}
2026-08-25 10:10:10,884 - INFO - 🔴 EXIT (TRAILING_SL) [RelativeValue_NIFTY_BANKNIFTY_v1.0|NIFTY_BANKNIFTY_v1.0]: NSE:NIFTYBANK-INDEX @ 57516.40 | PnL -0.03R | MFE 0.83R | Capture -4% | 1bars HoldEff -0.032R/bar
2026-08-25 10:10:11,712 - INFO - Retrieved live premium from Fyers API: LTP=4.95 for NSE:BANKNIFTY26AUG56800PE
2026-08-25 10:10:14,914 - INFO - Resolved active expiry from DB: 26AUG (2026-08-25)
2026-08-25 10:10:14,915 - INFO - 👻 [VWAP_Reversion_1.5ATR_RVOL1.0] CF REVERSION NSE:NIFTY50-INDEX BUY CALL | Rejected: ['LOW_EFFICIENCY']
2026-08-25 10:10:14,915 - INFO - 📊 EXECUTION AUDIT [SIGNAL_GENERATED]: trade_id=None, candidate_id=cand_NSE_NIFTY50_INDEX_VWAPREV_24135.05_20260825_101005_VWAP_Reversion_1.5ATR_RVOL1.0, payload={'symbol': 'NSE:NIFTY50-INDEX', 'signal': 'BUY CALL', 'strategy': 'REVERSION', 'price': 24135.05, 'stop_loss': 24125.44, 'take_profit': 24166.466406328225, 'tp1': 24149.465, 'rr_ratio': 3.27, 'timestamp': '2026-08-25T10:10:05.592813+05:30', 'accepted': False, 'rejection_reasons': ['LOW_EFFICIENCY'], 'features': {'atr': 19.22, 'ema20': 24161.14, 'ema50': 24175.26, 'move_efficiency': 0.4802, 'move_efficiency_h1': 0.0928, 'wickiness': 0.5922, 'ema_bullish': False, 'rsi14': 30.5, 'rsi2': 36.33, 'distance_to_vwap': -0.0013, 'atr_percentile': 0.9953, 'dist_prev_high': -0.0073, 'dist_prev_low': -0.0056, 'adx': 33.51, 'adx_slope': 4.641, 'gap_pct': -0.0046, 'regime_primary': 'GAP_DOWN', 'regime_vol_state': 'HIGH_VOL', 'market_regime': 'GAP_DOWN_HIGH_VOL'}, 'candidate_id': 'cand_NSE_NIFTY50_INDEX_VWAPREV_24135.05_20260825_101005_VWAP_Reversion_1.5ATR_RVOL1.0', 'confidence': 0.5, 'diagnostics': {'distance_to_vwap': -0.0013, 'abs_distance': 31.42, 'vwap_price': 24166.47, 'stretch_threshold': 28.83, 'rvol': 58.8, 'atr': 19.22, 'atr_percentile': 0.995, 'move_efficiency': 0.48}, 'experiment_name': 'VWAP_Reversion_1.5ATR_RVOL1.0', 'strategy_id': 'vwap_reversion', 'version': 'v1.0'}
2026-08-25 10:10:14,935 - INFO - Resolved active expiry from DB: 26AUG (2026-08-25)
2026-08-25 10:10:14,947 - INFO - Resolved index signal into option contract: OptionContract(symbol='NSE:NIFTY26AUG24150CE', strike=24150.0, expiry='26AUG', option_type='CE', premium=37.1, delta=0.5, bid=37.0, ask=37.1, volume=181623520, resolved_at=datetime.datetime(2026, 8, 25, 10, 10, 14, 947663))
2026-08-25 10:10:14,947 - INFO - ⚡ Option strike selection resolved index signal to contract NSE:NIFTY26AUG24150CE @ premium 37.1 (type: CE, strike: 24150.0)
2026-08-25 10:10:14,947 - INFO - 📊 EXECUTION AUDIT [STRIKE_SELECTED]: trade_id=None, candidate_id=cand_NSE_NIFTY50_INDEX_VWAPREV_24135.05_20260825_101005_VWAP_Reversion_1.5ATR_RVOL1.0, payload={'symbol': 'NSE:NIFTY26AUG24150CE', 'strike': 24150.0, 'expiry': '26AUG', 'type': 'CE'}
2026-08-25 10:10:14,957 - INFO - 📊 EXECUTION AUDIT [PREMIUM_RETRIEVED]: trade_id=None, candidate_id=cand_NSE_NIFTY50_INDEX_VWAPREV_24135.05_20260825_101005_VWAP_Reversion_1.5ATR_RVOL1.0, payload={'premium': 37.1, 'bid': 37.0, 'ask': 37.1}
2026-08-25 10:10:14,968 - INFO - 📊 EXECUTION AUDIT [CF_SUBMITTED]: trade_id=None, candidate_id=cand_NSE_NIFTY50_INDEX_VWAPREV_24135.05_20260825_101005_VWAP_Reversion_1.5ATR_RVOL1.0, payload={'price': 24135.05, 'sl': 24125.44, 'tp': 24166.466406328225}
2026-08-25 10:10:14,978 - INFO - 📊 EXECUTION AUDIT [CF_FILLED]: trade_id=None, candidate_id=cand_NSE_NIFTY50_INDEX_VWAPREV_24135.05_20260825_101005_VWAP_Reversion_1.5ATR_RVOL1.0, payload={'price': 24135.05, 'sl': 24125.44, 'tp': 24166.466406328225}
2026-08-25 10:10:14,987 - INFO - 💰 Position size [REVERSION|GAP_DOWN_HIGH_VOL|conf=0]: frac=0.002 → ₹5,000 (risk/unit=0.04%)
2026-08-25 10:10:15,009 - INFO - 🟢 ENTRY [CF|VWAP_Reversion_1.5ATR_RVOL1.0|rsion_1.5ATR_RVOL1.0]: NSE:NIFTY50-INDEX BUY CALL @ 24135.05 | SL: 24125.44 TP: 24166.47
2026-08-25 10:10:15,009 - INFO - 🚀 SIGNAL: NSE:NIFTY50-INDEX BUY PUT | [OrderFlow_v1.0]
2026-08-25 10:10:15,009 - INFO -    Entry: 24135.05 | SL: 24156.033000000003 | TP: 24077.39 (RR: 2.75)
2026-08-25 10:10:15,009 - INFO - 📊 EXECUTION AUDIT [SIGNAL_GENERATED]: trade_id=trade_NSE_NIFTY50_INDEX_OrderFlow_v1.0_1787632805, candidate_id=cand_NSE_NIFTY50_INDEX_LIQUIDITY_SWEEP_24135.05_20260825_101005_OrderFlow_v1.0, payload={'symbol': 'NSE:NIFTY50-INDEX', 'candidate_id': 'cand_NSE_NIFTY50_INDEX_LIQUIDITY_SWEEP_24135.05_20260825_101005_OrderFlow_v1.0', 'signal': 'BUY PUT', 'price': 24135.05, 'stop_loss': 24156.033000000003, 'take_profit': 24077.39, 'tp1': 24103.57549999999, 'rr_ratio': 2.75, 'strategy': 'LIQUIDITY_SWEEP', 'confidence': 0.666, 'accepted': True, 'rejection_reasons': [], 'timestamp': datetime.datetime(2026, 8, 25, 10, 10, 5, 592813, tzinfo=zoneinfo.ZoneInfo(key='Asia/Kolkata')), 'diagnostics': {'swept_level': 24153.15, 'swept_object': 'LIQUIDITY_POOL', 'volume_multiplier': 45.05, 'rejection_wick_size': 3.2}, 'experiment_name': 'OrderFlow_v1.0', 'strategy_id': 'order_flow', 'version': 'v1.0', 'features': {'regime_primary': 'GAP_DOWN', 'regime_vol_state': 'HIGH_VOL', 'market_regime': 'GAP_DOWN_HIGH_VOL'}}
2026-08-25 10:10:15,031 - INFO - Resolved active expiry from DB: 26AUG (2026-08-25)
2026-08-25 10:10:15,045 - INFO - Resolved index signal into option contract: OptionContract(symbol='NSE:NIFTY26AUG24150PE', strike=24150.0, expiry='26AUG', option_type='PE', premium=33.6, delta=0.5, bid=33.45, ask=33.6, volume=298965810, resolved_at=datetime.datetime(2026, 8, 25, 10, 10, 15, 44980))
2026-08-25 10:10:15,045 - INFO - ⚡ Option strike selection resolved index signal to contract NSE:NIFTY26AUG24150PE @ premium 33.6 (type: PE, strike: 24150.0)
2026-08-25 10:10:15,045 - INFO - 📊 EXECUTION AUDIT [STRIKE_SELECTED]: trade_id=trade_NSE_NIFTY50_INDEX_OrderFlow_v1.0_1787632805, candidate_id=cand_NSE_NIFTY50_INDEX_LIQUIDITY_SWEEP_24135.05_20260825_101005_OrderFlow_v1.0, payload={'symbol': 'NSE:NIFTY26AUG24150PE', 'strike': 24150.0, 'expiry': '26AUG', 'type': 'PE'}
2026-08-25 10:10:15,055 - INFO - 📊 EXECUTION AUDIT [PREMIUM_RETRIEVED]: trade_id=trade_NSE_NIFTY50_INDEX_OrderFlow_v1.0_1787632805, candidate_id=cand_NSE_NIFTY50_INDEX_LIQUIDITY_SWEEP_24135.05_20260825_101005_OrderFlow_v1.0, payload={'premium': 33.6, 'bid': 33.45, 'ask': 33.6}
2026-08-25 10:10:15,065 - INFO - 📊 EXECUTION AUDIT [ORDER_SUBMITTED]: trade_id=trade_NSE_NIFTY50_INDEX_OrderFlow_v1.0_1787632805, candidate_id=cand_NSE_NIFTY50_INDEX_LIQUIDITY_SWEEP_24135.05_20260825_101005_OrderFlow_v1.0, payload={'price': 24135.05, 'sl': 24156.033000000003, 'tp': 24077.39}
2026-08-25 10:10:15,077 - INFO - 📊 EXECUTION AUDIT [ORDER_FILLED]: trade_id=trade_NSE_NIFTY50_INDEX_OrderFlow_v1.0_1787632805, candidate_id=cand_NSE_NIFTY50_INDEX_LIQUIDITY_SWEEP_24135.05_20260825_101005_OrderFlow_v1.0, payload={'price': 24135.05, 'sl': 24156.033000000003, 'tp': 24077.39}
2026-08-25 10:10:15,086 - INFO - 💰 Position size [LIQUIDITY_SWEEP|GAP_DOWN_HIGH_VOL|conf=1]: frac=0.002 → ₹5,000 (risk/unit=0.09%)
2026-08-25 10:10:15,108 - INFO - 🟢 ENTRY [OrderFlow_v1.0|_v1.0_1787632805]: NSE:NIFTY50-INDEX BUY PUT @ 24135.05 | SL: 24156.03 TP: 24077.39
2026-08-25 10:10:16,556 - INFO - Resolved active expiry from DB: 26AUG (2026-08-25)
2026-08-25 10:10:16,557 - INFO - 👻 [Structural_v3.2_RVOL1.0] CF BREAKOUT NSE:NIFTYBANK-INDEX BUY CALL | Rejected: ['BIAS_MISMATCH', 'LOW_EFFICIENCY', 'HIGH_WICKINESS']
2026-08-25 10:10:16,557 - INFO - 📊 EXECUTION AUDIT [SIGNAL_GENERATED]: trade_id=None, candidate_id=cand_NSE_NIFTYBANK_INDEX_BREAKOUT_57653.85_20260825_100500_Structural_v3.2_RVOL1.0, payload={'symbol': 'NSE:NIFTYBANK-INDEX', 'signal': 'BUY CALL', 'strategy': 'BREAKOUT', 'price': 57479.3, 'stop_loss': 57443.667857142864, 'take_profit': 57744.21666666667, 'tp1': 57532.74821428571, 'rr_ratio': 7.43, 'timestamp': '2026-08-25T10:05:00+05:30', 'accepted': False, 'rejection_reasons': ['BIAS_MISMATCH', 'LOW_EFFICIENCY', 'HIGH_WICKINESS'], 'features': {'date': '2026-08-25', 'strategy_name': 'Structural_v3', 'strategy_version': 'v3.2', 'feature_version': 'v1.1', 'market_regime': 'GAP_DOWN_HIGH_VOL', 'day_type': 'NORMAL_DAY', 'session_type': 'MID', 'daily_bias': 'NEUTRAL', 'hourly_bias': 'NEUTRAL', 'trend_strength': 0.0, 'rvol': 140.94, 'rvol_threshold': 1.0, 'atr': 71.26, 'distance_from_supply': 394.45, 'distance_from_demand': 477.55, 'nearest_supply_strength': 78.0, 'nearest_demand_strength': 96.4, 'distance_to_liquidity_pool': 477.5500000000029, 'liquidity_score': 1409.4, 'indicator_snapshot': {'rvol_tod': 140.94, 'is_compressed': False, 'bos_count': 0}, 'move_efficiency': 0.0516, 'wickiness': 0.6535, 'fft_score': 0.0, 'setup_type': 'BREAKOUT', 'candidate_id': 'cand_NSE_NIFTYBANK_INDEX_BREAKOUT_57653.85_20260825_100500', 'ema20': 57464.01, 'ema50': 57438.84, 'move_efficiency_h1': 0.2789, 'ema_bullish': True, 'rsi14': 62.42, 'rsi2': 28.99, 'distance_to_vwap': -0.0002, 'atr_percentile': 0.9953, 'dist_prev_high': -0.0068, 'dist_prev_low': -0.0051, 'adx': 11.69, 'adx_slope': -1.065, 'gap_pct': -0.0077, 'regime_primary': 'GAP_DOWN', 'regime_vol_state': 'HIGH_VOL'}, 'candidate_id': 'cand_NSE_NIFTYBANK_INDEX_BREAKOUT_57653.85_20260825_100500_Structural_v3.2_RVOL1.0', 'experiment_name': 'Structural_v3.2_RVOL1.0', 'strategy_id': 'structural', 'version': 'v3.2'}
2026-08-25 10:10:16,580 - INFO - Resolved active expiry from DB: 26AUG (2026-08-25)
2026-08-25 10:10:16,591 - INFO - Resolved index signal into option contract: OptionContract(symbol='NSE:BANKNIFTY26AUG57500CE', strike=57500.0, expiry='26AUG', option_type='CE', premium=117.15, delta=0.5, bid=116.8, ask=117.05, volume=19435830, resolved_at=datetime.datetime(2026, 8, 25, 10, 10, 16, 591906))
2026-08-25 10:10:16,592 - INFO - ⚡ Option strike selection resolved index signal to contract NSE:BANKNIFTY26AUG57500CE @ premium 117.15 (type: CE, strike: 57500.0)
2026-08-25 10:10:16,592 - INFO - 📊 EXECUTION AUDIT [STRIKE_SELECTED]: trade_id=None, candidate_id=cand_NSE_NIFTYBANK_INDEX_BREAKOUT_57653.85_20260825_100500_Structural_v3.2_RVOL1.0, payload={'symbol': 'NSE:BANKNIFTY26AUG57500CE', 'strike': 57500.0, 'expiry': '26AUG', 'type': 'CE'}
2026-08-25 10:10:16,602 - INFO - 📊 EXECUTION AUDIT [PREMIUM_RETRIEVED]: trade_id=None, candidate_id=cand_NSE_NIFTYBANK_INDEX_BREAKOUT_57653.85_20260825_100500_Structural_v3.2_RVOL1.0, payload={'premium': 117.15, 'bid': 116.8, 'ask': 117.05}
2026-08-25 10:10:16,613 - INFO - 📊 EXECUTION AUDIT [CF_SUBMITTED]: trade_id=None, candidate_id=cand_NSE_NIFTYBANK_INDEX_BREAKOUT_57653.85_20260825_100500_Structural_v3.2_RVOL1.0, payload={'price': 57479.3, 'sl': 57443.667857142864, 'tp': 57744.21666666667}
2026-08-25 10:10:16,624 - INFO - 📊 EXECUTION AUDIT [CF_FILLED]: trade_id=None, candidate_id=cand_NSE_NIFTYBANK_INDEX_BREAKOUT_57653.85_20260825_100500_Structural_v3.2_RVOL1.0, payload={'price': 57479.3, 'sl': 57443.667857142864, 'tp': 57744.21666666667}
2026-08-25 10:10:16,636 - INFO - 💰 Position size [BREAKOUT|GAP_DOWN_HIGH_VOL|conf=70]: frac=0.002 → ₹5,000 (risk/unit=0.06%)
2026-08-25 10:10:16,658 - INFO - 🟢 ENTRY [CF|Structural_v3.2_RVOL1.0|uctural_v3.2_RVOL1.0]: NSE:NIFTYBANK-INDEX BUY CALL @ 57479.30 | SL: 57443.67 TP: 57744.22
2026-08-25 10:10:16,658 - INFO - 👻 [Structural_v3.2_RVOL0.8] CF BREAKOUT NSE:NIFTYBANK-INDEX BUY CALL | Rejected: ['BIAS_MISMATCH', 'LOW_EFFICIENCY', 'HIGH_WICKINESS']
2026-08-25 10:10:16,658 - INFO - 📊 EXECUTION AUDIT [SIGNAL_GENERATED]: trade_id=None, candidate_id=cand_NSE_NIFTYBANK_INDEX_BREAKOUT_57653.85_20260825_100500_Structural_v3.2_RVOL0.8, payload={'symbol': 'NSE:NIFTYBANK-INDEX', 'signal': 'BUY CALL', 'strategy': 'BREAKOUT', 'price': 57479.3, 'stop_loss': 57443.667857142864, 'take_profit': 57744.21666666667, 'tp1': 57532.74821428571, 'rr_ratio': 7.43, 'timestamp': '2026-08-25T10:05:00+05:30', 'accepted': False, 'rejection_reasons': ['BIAS_MISMATCH', 'LOW_EFFICIENCY', 'HIGH_WICKINESS'], 'features': {'date': '2026-08-25', 'strategy_name': 'Structural_v3', 'strategy_version': 'v3.2', 'feature_version': 'v1.1', 'market_regime': 'GAP_DOWN_HIGH_VOL', 'day_type': 'NORMAL_DAY', 'session_type': 'MID', 'daily_bias': 'NEUTRAL', 'hourly_bias': 'NEUTRAL', 'trend_strength': 0.0, 'rvol': 140.94, 'rvol_threshold': 0.8, 'atr': 71.26, 'distance_from_supply': 394.45, 'distance_from_demand': 477.55, 'nearest_supply_strength': 78.0, 'nearest_demand_strength': 96.4, 'distance_to_liquidity_pool': 477.5500000000029, 'liquidity_score': 1409.4, 'indicator_snapshot': {'rvol_tod': 140.94, 'is_compressed': False, 'bos_count': 0}, 'move_efficiency': 0.0516, 'wickiness': 0.6535, 'fft_score': 0.0, 'setup_type': 'BREAKOUT', 'candidate_id': 'cand_NSE_NIFTYBANK_INDEX_BREAKOUT_57653.85_20260825_100500', 'ema20': 57464.01, 'ema50': 57438.84, 'move_efficiency_h1': 0.2789, 'ema_bullish': True, 'rsi14': 62.42, 'rsi2': 28.99, 'distance_to_vwap': -0.0002, 'atr_percentile': 0.9953, 'dist_prev_high': -0.0068, 'dist_prev_low': -0.0051, 'adx': 11.69, 'adx_slope': -1.065, 'gap_pct': -0.0077, 'regime_primary': 'GAP_DOWN', 'regime_vol_state': 'HIGH_VOL'}, 'candidate_id': 'cand_NSE_NIFTYBANK_INDEX_BREAKOUT_57653.85_20260825_100500_Structural_v3.2_RVOL0.8', 'experiment_name': 'Structural_v3.2_RVOL0.8', 'strategy_id': 'structural', 'version': 'v3.2'}
2026-08-25 10:10:16,681 - INFO - Resolved active expiry from DB: 26AUG (2026-08-25)
2026-08-25 10:10:16,693 - INFO - Resolved index signal into option contract: OptionContract(symbol='NSE:BANKNIFTY26AUG57500CE', strike=57500.0, expiry='26AUG', option_type='CE', premium=117.15, delta=0.5, bid=116.8, ask=117.05, volume=19435830, resolved_at=datetime.datetime(2026, 8, 25, 10, 10, 16, 693718))
2026-08-25 10:10:16,693 - INFO - ⚡ Option strike selection resolved index signal to contract NSE:BANKNIFTY26AUG57500CE @ premium 117.15 (type: CE, strike: 57500.0)
2026-08-25 10:10:16,693 - INFO - 📊 EXECUTION AUDIT [STRIKE_SELECTED]: trade_id=None, candidate_id=cand_NSE_NIFTYBANK_INDEX_BREAKOUT_57653.85_20260825_100500_Structural_v3.2_RVOL0.8, payload={'symbol': 'NSE:BANKNIFTY26AUG57500CE', 'strike': 57500.0, 'expiry': '26AUG', 'type': 'CE'}
2026-08-25 10:10:16,703 - INFO - 📊 EXECUTION AUDIT [PREMIUM_RETRIEVED]: trade_id=None, candidate_id=cand_NSE_NIFTYBANK_INDEX_BREAKOUT_57653.85_20260825_100500_Structural_v3.2_RVOL0.8, payload={'premium': 117.15, 'bid': 116.8, 'ask': 117.05}
2026-08-25 10:10:16,712 - INFO - 📊 EXECUTION AUDIT [CF_SUBMITTED]: trade_id=None, candidate_id=cand_NSE_NIFTYBANK_INDEX_BREAKOUT_57653.85_20260825_100500_Structural_v3.2_RVOL0.8, payload={'price': 57479.3, 'sl': 57443.667857142864, 'tp': 57744.21666666667}
2026-08-25 10:10:16,723 - INFO - 📊 EXECUTION AUDIT [CF_FILLED]: trade_id=None, candidate_id=cand_NSE_NIFTYBANK_INDEX_BREAKOUT_57653.85_20260825_100500_Structural_v3.2_RVOL0.8, payload={'price': 57479.3, 'sl': 57443.667857142864, 'tp': 57744.21666666667}
2026-08-25 10:10:16,733 - INFO - 💰 Position size [BREAKOUT|GAP_DOWN_HIGH_VOL|conf=70]: frac=0.002 → ₹5,000 (risk/unit=0.06%)
2026-08-25 10:10:16,754 - INFO - 🟢 ENTRY [CF|Structural_v3.2_RVOL0.8|uctural_v3.2_RVOL0.8]: NSE:NIFTYBANK-INDEX BUY CALL @ 57479.30 | SL: 57443.67 TP: 57744.22
2026-08-25 10:10:16,754 - INFO - 👻 [Structural_v3.3_ExitMgmt] CF BREAKOUT NSE:NIFTYBANK-INDEX BUY CALL | Rejected: ['BIAS_MISMATCH', 'LOW_EFFICIENCY', 'HIGH_WICKINESS']
2026-08-25 10:10:16,754 - INFO - 📊 EXECUTION AUDIT [SIGNAL_GENERATED]: trade_id=None, candidate_id=cand_NSE_NIFTYBANK_INDEX_BREAKOUT_57653.85_20260825_100500_Structural_v3.3_ExitMgmt, payload={'symbol': 'NSE:NIFTYBANK-INDEX', 'signal': 'BUY CALL', 'strategy': 'BREAKOUT', 'price': 57479.3, 'stop_loss': 57443.667857142864, 'take_profit': 57744.21666666667, 'tp1': 57532.74821428571, 'rr_ratio': 7.43, 'timestamp': '2026-08-25T10:05:00+05:30', 'accepted': False, 'rejection_reasons': ['BIAS_MISMATCH', 'LOW_EFFICIENCY', 'HIGH_WICKINESS'], 'features': {'date': '2026-08-25', 'strategy_name': 'Structural_v3', 'strategy_version': 'v3.2', 'feature_version': 'v1.1', 'market_regime': 'GAP_DOWN_HIGH_VOL', 'day_type': 'NORMAL_DAY', 'session_type': 'MID', 'daily_bias': 'NEUTRAL', 'hourly_bias': 'NEUTRAL', 'trend_strength': 0.0, 'rvol': 140.94, 'rvol_threshold': 1.0, 'atr': 71.26, 'distance_from_supply': 394.45, 'distance_from_demand': 477.55, 'nearest_supply_strength': 78.0, 'nearest_demand_strength': 96.4, 'distance_to_liquidity_pool': 477.5500000000029, 'liquidity_score': 1409.4, 'indicator_snapshot': {'rvol_tod': 140.94, 'is_compressed': False, 'bos_count': 0}, 'move_efficiency': 0.0516, 'wickiness': 0.6535, 'fft_score': 0.0, 'setup_type': 'BREAKOUT', 'candidate_id': 'cand_NSE_NIFTYBANK_INDEX_BREAKOUT_57653.85_20260825_100500', 'ema20': 57464.01, 'ema50': 57438.84, 'move_efficiency_h1': 0.2789, 'ema_bullish': True, 'rsi14': 62.42, 'rsi2': 28.99, 'distance_to_vwap': -0.0002, 'atr_percentile': 0.9953, 'dist_prev_high': -0.0068, 'dist_prev_low': -0.0051, 'adx': 11.69, 'adx_slope': -1.065, 'gap_pct': -0.0077, 'regime_primary': 'GAP_DOWN', 'regime_vol_state': 'HIGH_VOL'}, 'candidate_id': 'cand_NSE_NIFTYBANK_INDEX_BREAKOUT_57653.85_20260825_100500_Structural_v3.3_ExitMgmt', 'experiment_name': 'Structural_v3.3_ExitMgmt', 'strategy_id': 'structural', 'version': 'v3.2'}
2026-08-25 10:10:16,773 - INFO - Resolved active expiry from DB: 26AUG (2026-08-25)
2026-08-25 10:10:16,785 - INFO - Resolved index signal into option contract: OptionContract(symbol='NSE:BANKNIFTY26AUG57500CE', strike=57500.0, expiry='26AUG', option_type='CE', premium=117.15, delta=0.5, bid=116.8, ask=117.05, volume=19435830, resolved_at=datetime.datetime(2026, 8, 25, 10, 10, 16, 785336))
2026-08-25 10:10:16,785 - INFO - ⚡ Option strike selection resolved index signal to contract NSE:BANKNIFTY26AUG57500CE @ premium 117.15 (type: CE, strike: 57500.0)
2026-08-25 10:10:16,785 - INFO - 📊 EXECUTION AUDIT [STRIKE_SELECTED]: trade_id=None, candidate_id=cand_NSE_NIFTYBANK_INDEX_BREAKOUT_57653.85_20260825_100500_Structural_v3.3_ExitMgmt, payload={'symbol': 'NSE:BANKNIFTY26AUG57500CE', 'strike': 57500.0, 'expiry': '26AUG', 'type': 'CE'}
2026-08-25 10:10:16,795 - INFO - 📊 EXECUTION AUDIT [PREMIUM_RETRIEVED]: trade_id=None, candidate_id=cand_NSE_NIFTYBANK_INDEX_BREAKOUT_57653.85_20260825_100500_Structural_v3.3_ExitMgmt, payload={'premium': 117.15, 'bid': 116.8, 'ask': 117.05}
2026-08-25 10:10:16,807 - INFO - 📊 EXECUTION AUDIT [CF_SUBMITTED]: trade_id=None, candidate_id=cand_NSE_NIFTYBANK_INDEX_BREAKOUT_57653.85_20260825_100500_Structural_v3.3_ExitMgmt, payload={'price': 57479.3, 'sl': 57443.667857142864, 'tp': 57744.21666666667}
2026-08-25 10:10:16,817 - INFO - 📊 EXECUTION AUDIT [CF_FILLED]: trade_id=None, candidate_id=cand_NSE_NIFTYBANK_INDEX_BREAKOUT_57653.85_20260825_100500_Structural_v3.3_ExitMgmt, payload={'price': 57479.3, 'sl': 57443.667857142864, 'tp': 57744.21666666667}
2026-08-25 10:10:16,826 - INFO - 💰 Position size [BREAKOUT|GAP_DOWN_HIGH_VOL|conf=70]: frac=0.002 → ₹5,000 (risk/unit=0.06%)
2026-08-25 10:10:16,846 - INFO - 🟢 ENTRY [CF|Structural_v3.3_ExitMgmt|ctural_v3.3_ExitMgmt]: NSE:NIFTYBANK-INDEX BUY CALL @ 57479.30 | SL: 57443.67 TP: 57744.22
2026-08-25 10:10:16,846 - INFO - 👻 [VWAP_Reclaim_v1.0] CF VWAP_RECLAIM NSE:NIFTYBANK-INDEX BUY PUT | Rejected: ['LOW_EFFICIENCY']
2026-08-25 10:10:16,846 - INFO - 📊 EXECUTION AUDIT [SIGNAL_GENERATED]: trade_id=None, candidate_id=cand_NSE_NIFTYBANK_INDEX_VWAPRECLAIM_57479.30_20260825_101005_VWAP_Reclaim_v1.0, payload={'symbol': 'NSE:NIFTYBANK-INDEX', 'signal': 'BUY PUT', 'strategy': 'VWAP_RECLAIM', 'price': 57479.3, 'stop_loss': 57533.84, 'take_profit': 57123.0, 'tp1': 57397.49, 'rr_ratio': 6.53, 'timestamp': '2026-08-25T10:10:05.592813+05:30', 'accepted': False, 'rejection_reasons': ['LOW_EFFICIENCY'], 'candidate_id': 'cand_NSE_NIFTYBANK_INDEX_VWAPRECLAIM_57479.30_20260825_101005_VWAP_Reclaim_v1.0', 'confidence': 0.5, 'diagnostics': {'vwap_price': 57490.8, 'distance_to_vwap': -0.0002, 'reclaim_buffer': 7.13, 'rvol': 140.94, 'atr': 71.26, 'move_efficiency': 0.052}, 'experiment_name': 'VWAP_Reclaim_v1.0', 'strategy_id': 'vwap_reclaim', 'version': 'v1.0', 'features': {'regime_primary': 'GAP_DOWN', 'regime_vol_state': 'HIGH_VOL', 'market_regime': 'GAP_DOWN_HIGH_VOL'}}
2026-08-25 10:10:16,866 - INFO - Resolved active expiry from DB: 26AUG (2026-08-25)
2026-08-25 10:10:16,878 - INFO - Resolved index signal into option contract: OptionContract(symbol='NSE:BANKNIFTY26AUG57500PE', strike=57500.0, expiry='26AUG', option_type='PE', premium=108.65, delta=0.5, bid=108.35, ask=108.65, volume=21456030, resolved_at=datetime.datetime(2026, 8, 25, 10, 10, 16, 878262))
2026-08-25 10:10:16,878 - INFO - ⚡ Option strike selection resolved index signal to contract NSE:BANKNIFTY26AUG57500PE @ premium 108.65 (type: PE, strike: 57500.0)
2026-08-25 10:10:16,878 - INFO - 📊 EXECUTION AUDIT [STRIKE_SELECTED]: trade_id=None, candidate_id=cand_NSE_NIFTYBANK_INDEX_VWAPRECLAIM_57479.30_20260825_101005_VWAP_Reclaim_v1.0, payload={'symbol': 'NSE:BANKNIFTY26AUG57500PE', 'strike': 57500.0, 'expiry': '26AUG', 'type': 'PE'}
2026-08-25 10:10:16,891 - INFO - 📊 EXECUTION AUDIT [PREMIUM_RETRIEVED]: trade_id=None, candidate_id=cand_NSE_NIFTYBANK_INDEX_VWAPRECLAIM_57479.30_20260825_101005_VWAP_Reclaim_v1.0, payload={'premium': 108.65, 'bid': 108.35, 'ask': 108.65}
2026-08-25 10:10:16,901 - INFO - 📊 EXECUTION AUDIT [CF_SUBMITTED]: trade_id=None, candidate_id=cand_NSE_NIFTYBANK_INDEX_VWAPRECLAIM_57479.30_20260825_101005_VWAP_Reclaim_v1.0, payload={'price': 57479.3, 'sl': 57533.84, 'tp': 57123.0}
2026-08-25 10:10:16,912 - INFO - 📊 EXECUTION AUDIT [CF_FILLED]: trade_id=None, candidate_id=cand_NSE_NIFTYBANK_INDEX_VWAPRECLAIM_57479.30_20260825_101005_VWAP_Reclaim_v1.0, payload={'price': 57479.3, 'sl': 57533.84, 'tp': 57123.0}
2026-08-25 10:10:16,921 - INFO - 💰 Position size [VWAP_RECLAIM|GAP_DOWN_HIGH_VOL|conf=0]: frac=0.002 → ₹5,000 (risk/unit=0.09%)
2026-08-25 10:10:16,947 - INFO - 🟢 ENTRY [CF|VWAP_Reclaim_v1.0|05_VWAP_Reclaim_v1.0]: NSE:NIFTYBANK-INDEX BUY PUT @ 57479.30 | SL: 57533.84 TP: 57123.00
2026-08-25 10:10:16,947 - INFO - 🚀 SIGNAL: NSE:NIFTYBANK-INDEX BUY PUT | [RelativeValue_NIFTY_BANKNIFTY_v1.0]
2026-08-25 10:10:16,947 - INFO -    Entry: 57479.3 | SL: 57514.93 | TP: 57366.80090976493 (RR: 3.16)
2026-08-25 10:10:16,947 - INFO - 📊 EXECUTION AUDIT [SIGNAL_GENERATED]: trade_id=trade_NSE_NIFTYBANK_INDEX_RelativeValue_NIFTY_BANKNIFTY_v1.0_1787632805, candidate_id=cand_NSE_NIFTYBANK_INDEX_RELVAL_57479.30_20260825_101005_RelativeValue_NIFTY_BANKNIFTY_v1.0, payload={'symbol': 'NSE:NIFTYBANK-INDEX', 'signal': 'BUY PUT', 'strategy': 'RATIO_DIVERGENCE', 'price': 57479.3, 'stop_loss': 57514.93, 'take_profit': 57366.80090976493, 'tp1': 57425.85500000001, 'rr_ratio': 3.16, 'timestamp': '2026-08-25T10:10:05.592813+05:30', 'accepted': True, 'rejection_reasons': [], 'features': {'atr': 71.26, 'ema20': 57464.01, 'ema50': 57438.84, 'move_efficiency': 0.0516, 'move_efficiency_h1': 0.2789, 'wickiness': 0.6535, 'ema_bullish': True, 'rsi14': 62.42, 'rsi2': 28.99, 'distance_to_vwap': -0.0002, 'atr_percentile': 0.9953, 'dist_prev_high': -0.0068, 'dist_prev_low': -0.0051, 'adx': 11.69, 'adx_slope': -1.065, 'gap_pct': -0.0077, 'regime_primary': 'GAP_DOWN', 'regime_vol_state': 'HIGH_VOL', 'market_regime': 'GAP_DOWN_HIGH_VOL'}, 'candidate_id': 'cand_NSE_NIFTYBANK_INDEX_RELVAL_57479.30_20260825_101005_RelativeValue_NIFTY_BANKNIFTY_v1.0', 'confidence': 0.53, 'diagnostics': {'ratio_now': 0.4199, 'ratio_rolling_mean': 0.4213, 'ratio_rolling_std': 0.000609, 'z_score': -2.25, 'atr': 71.26, 'rr_ratio': 3.16, 'other_symbol': 'NSE:NIFTY50-INDEX'}, 'experiment_name': 'RelativeValue_NIFTY_BANKNIFTY_v1.0', 'strategy_id': 'relative_value_nifty_banknifty', 'version': 'v1.0'}
2026-08-25 10:10:16,968 - INFO - Resolved active expiry from DB: 26AUG (2026-08-25)
2026-08-25 10:10:16,982 - INFO - Resolved index signal into option contract: OptionContract(symbol='NSE:BANKNIFTY26AUG57500PE', strike=57500.0, expiry='26AUG', option_type='PE', premium=108.65, delta=0.5, bid=108.35, ask=108.65, volume=21456030, resolved_at=datetime.datetime(2026, 8, 25, 10, 10, 16, 982494))
2026-08-25 10:10:16,982 - INFO - ⚡ Option strike selection resolved index signal to contract NSE:BANKNIFTY26AUG57500PE @ premium 108.65 (type: PE, strike: 57500.0)
2026-08-25 10:10:16,982 - INFO - 📊 EXECUTION AUDIT [STRIKE_SELECTED]: trade_id=trade_NSE_NIFTYBANK_INDEX_RelativeValue_NIFTY_BANKNIFTY_v1.0_1787632805, candidate_id=cand_NSE_NIFTYBANK_INDEX_RELVAL_57479.30_20260825_101005_RelativeValue_NIFTY_BANKNIFTY_v1.0, payload={'symbol': 'NSE:BANKNIFTY26AUG57500PE', 'strike': 57500.0, 'expiry': '26AUG', 'type': 'PE'}
2026-08-25 10:10:16,995 - INFO - 📊 EXECUTION AUDIT [PREMIUM_RETRIEVED]: trade_id=trade_NSE_NIFTYBANK_INDEX_RelativeValue_NIFTY_BANKNIFTY_v1.0_1787632805, candidate_id=cand_NSE_NIFTYBANK_INDEX_RELVAL_57479.30_20260825_101005_RelativeValue_NIFTY_BANKNIFTY_v1.0, payload={'premium': 108.65, 'bid': 108.35, 'ask': 108.65}
2026-08-25 10:10:17,006 - INFO - 📊 EXECUTION AUDIT [ORDER_SUBMITTED]: trade_id=trade_NSE_NIFTYBANK_INDEX_RelativeValue_NIFTY_BANKNIFTY_v1.0_1787632805, candidate_id=cand_NSE_NIFTYBANK_INDEX_RELVAL_57479.30_20260825_101005_RelativeValue_NIFTY_BANKNIFTY_v1.0, payload={'price': 57479.3, 'sl': 57514.93, 'tp': 57366.80090976493}
2026-08-25 10:10:17,016 - INFO - 📊 EXECUTION AUDIT [ORDER_FILLED]: trade_id=trade_NSE_NIFTYBANK_INDEX_RelativeValue_NIFTY_BANKNIFTY_v1.0_1787632805, candidate_id=cand_NSE_NIFTYBANK_INDEX_RELVAL_57479.30_20260825_101005_RelativeValue_NIFTY_BANKNIFTY_v1.0, payload={'price': 57479.3, 'sl': 57514.93, 'tp': 57366.80090976493}
2026-08-25 10:10:17,028 - INFO - 💰 Position size [RATIO_DIVERGENCE|GAP_DOWN_HIGH_VOL|conf=1]: frac=0.002 → ₹5,000 (risk/unit=0.06%)
2026-08-25 10:10:17,057 - INFO - 🟢 ENTRY [RelativeValue_NIFTY_BANKNIFTY_v1.0|_v1.0_1787632805]: NSE:NIFTYBANK-INDEX BUY PUT @ 57479.30 | SL: 57514.93 TP: 57366.80
2026-08-25 10:10:21,246 - INFO - 📊 Saved 22 snapshots for NSE:NIFTY50-INDEX  (oi range: 361,920–47,736,975)
2026-08-25 10:10:22,347 - INFO - 📡 Fetching NSE:NIFTYBANK-INDEX @ 57483  expiry=26AUG  strikes=ATM±5
2026-08-25 10:10:35,063 - INFO - ⏱️ [Real-time Exit Loop] Checking open positions @ 10:10:35...
2026-08-25 10:10:36,292 - INFO - 📊 EXECUTION AUDIT [CF_SL_MODIFIED]: trade_id=None, candidate_id=cand_NSE_NIFTY50_INDEX_VWAPREV_24135.05_20260825_101005_VWAP_Reversion_1.5ATR_RVOL1.0, payload={'price': 24141.2, 'old_sl': 24125.44, 'new_sl': 24131.59, 'old_tp': None, 'new_tp': 24166.466406328225, 'reason': 'TRAILING_SL'}
2026-08-25 10:10:36,328 - INFO - 🟡 UPDATE (TRAILING_SL) [CFVWAP_Reversion_1.5ATR_RVOL1.0|rsion_1.5ATR_RVOL1.0]: NSE:NIFTY50-INDEX @ 24141.20 | SL→24131.59 TP→24166.47
2026-08-25 10:10:36,328 - INFO - 📊 EXECUTION AUDIT [CF_SL_MODIFIED]: trade_id=None, candidate_id=cand_NSE_NIFTYBANK_INDEX_BREAKOUT_57653.85_20260825_100500_Structural_v3.2_RVOL1.0, payload={'price': 57485.85, 'old_sl': 57443.667857142864, 'new_sl': 57450.21785714286, 'old_tp': None, 'new_tp': 57744.21666666667, 'reason': 'TRAILING_SL'}
2026-08-25 10:10:36,362 - INFO - 🟡 UPDATE (TRAILING_SL) [CFStructural_v3.2_RVOL1.0|uctural_v3.2_RVOL1.0]: NSE:NIFTYBANK-INDEX @ 57485.85 | SL→57450.22 TP→57744.22
2026-08-25 10:10:36,363 - INFO - 📊 EXECUTION AUDIT [CF_SL_MODIFIED]: trade_id=None, candidate_id=cand_NSE_NIFTYBANK_INDEX_BREAKOUT_57653.85_20260825_100500_Structural_v3.2_RVOL0.8, payload={'price': 57485.85, 'old_sl': 57443.667857142864, 'new_sl': 57450.21785714286, 'old_tp': None, 'new_tp': 57744.21666666667, 'reason': 'TRAILING_SL'}
2026-08-25 10:10:36,397 - INFO - 🟡 UPDATE (TRAILING_SL) [CFStructural_v3.2_RVOL0.8|uctural_v3.2_RVOL0.8]: NSE:NIFTYBANK-INDEX @ 57485.85 | SL→57450.22 TP→57744.22
2026-08-25 10:10:37,171 - INFO - Retrieved live premium from Fyers API: LTP=4.8 for NSE:BANKNIFTY26AUG56800PE
2026-08-25 10:10:53,533 - INFO - 📊 Saved 22 snapshots for NSE:NIFTYBANK-INDEX  (oi range: 141,660–3,351,120)
2026-08-25 10:10:54,633 - INFO - 📡 Fetching NSE:NIFTY50-INDEX @ 24141  expiry=26AUG  strikes=ATM±5
2026-08-25 10:11:05,155 - INFO - ⏱️ [Real-time Exit Loop] Checking open positions @ 10:11:05...
2026-08-25 10:11:06,371 - INFO - 📊 EXECUTION AUDIT [CF_SL_MODIFIED]: trade_id=None, candidate_id=cand_NSE_NIFTY50_INDEX_VWAPREV_24135.05_20260825_101005_VWAP_Reversion_1.5ATR_RVOL1.0, payload={'price': 24142.6, 'old_sl': 24131.59, 'new_sl': 24132.989999999998, 'old_tp': None, 'new_tp': 24166.466406328225, 'reason': 'TRAILING_SL'}
2026-08-25 10:11:06,406 - INFO - 🟡 UPDATE (TRAILING_SL) [CFVWAP_Reversion_1.5ATR_RVOL1.0|rsion_1.5ATR_RVOL1.0]: NSE:NIFTY50-INDEX @ 24142.60 | SL→24132.99 TP→24166.47
2026-08-25 10:11:06,406 - INFO - 📊 EXECUTION AUDIT [CF_SL_MODIFIED]: trade_id=None, candidate_id=cand_NSE_NIFTYBANK_INDEX_BREAKOUT_57653.85_20260825_100500_Structural_v3.2_RVOL1.0, payload={'price': 57493.2, 'old_sl': 57450.21785714286, 'new_sl': 57457.56785714286, 'old_tp': None, 'new_tp': 57744.21666666667, 'reason': 'TRAILING_SL'}
2026-08-25 10:11:06,439 - INFO - 🟡 UPDATE (TRAILING_SL) [CFStructural_v3.2_RVOL1.0|uctural_v3.2_RVOL1.0]: NSE:NIFTYBANK-INDEX @ 57493.20 | SL→57457.57 TP→57744.22
2026-08-25 10:11:06,439 - INFO - 📊 EXECUTION AUDIT [CF_SL_MODIFIED]: trade_id=None, candidate_id=cand_NSE_NIFTYBANK_INDEX_BREAKOUT_57653.85_20260825_100500_Structural_v3.2_RVOL0.8, payload={'price': 57493.2, 'old_sl': 57450.21785714286, 'new_sl': 57457.56785714286, 'old_tp': None, 'new_tp': 57744.21666666667, 'reason': 'TRAILING_SL'}
2026-08-25 10:11:06,471 - INFO - 🟡 UPDATE (TRAILING_SL) [CFStructural_v3.2_RVOL0.8|uctural_v3.2_RVOL0.8]: NSE:NIFTYBANK-INDEX @ 57493.20 | SL→57457.57 TP→57744.22
2026-08-25 10:11:07,270 - INFO - Retrieved live premium from Fyers API: LTP=4.8 for NSE:BANKNIFTY26AUG56800PE
2026-08-25 10:11:24,527 - INFO - 📊 Saved 22 snapshots for NSE:NIFTY50-INDEX  (oi range: 363,220–47,969,935)
2026-08-25 10:11:25,622 - INFO - 📡 Fetching NSE:NIFTYBANK-INDEX @ 57488  expiry=26AUG  strikes=ATM±5
2026-08-25 10:11:35,270 - INFO - ⏱️ [Real-time Exit Loop] Checking open positions @ 10:11:35...
2026-08-25 10:11:36,472 - INFO - 📊 EXECUTION AUDIT [CF_SL_MODIFIED]: trade_id=None, candidate_id=cand_NSE_NIFTY50_INDEX_VWAPREV_24135.05_20260825_101005_VWAP_Reversion_1.5ATR_RVOL1.0, payload={'price': 24143.4, 'old_sl': 24132.989999999998, 'new_sl': 24133.79, 'old_tp': None, 'new_tp': 24166.466406328225, 'reason': 'TRAILING_SL'}
2026-08-25 10:11:36,508 - INFO - 🟡 UPDATE (TRAILING_SL) [CFVWAP_Reversion_1.5ATR_RVOL1.0|rsion_1.5ATR_RVOL1.0]: NSE:NIFTY50-INDEX @ 24143.40 | SL→24133.79 TP→24166.47
2026-08-25 10:11:37,379 - INFO - Retrieved live premium from Fyers API: LTP=4.9 for NSE:BANKNIFTY26AUG56800PE
2026-08-25 10:11:55,455 - INFO - 📊 Saved 22 snapshots for NSE:NIFTYBANK-INDEX  (oi range: 142,260–3,371,220)
2026-08-25 10:11:56,554 - INFO - 📡 Fetching NSE:NIFTY50-INDEX @ 24143  expiry=26AUG  strikes=ATM±5
2026-08-25 10:12:05,383 - INFO - ⏱️ [Real-time Exit Loop] Checking open positions @ 10:12:05...
2026-08-25 10:12:07,650 - INFO - Retrieved live premium from Fyers API: LTP=4.9 for NSE:BANKNIFTY26AUG56800PE
2026-08-25 10:12:26,283 - INFO - 📊 Saved 22 snapshots for NSE:NIFTY50-INDEX  (oi range: 366,145–48,212,125)
2026-08-25 10:12:27,385 - INFO - 📡 Fetching NSE:NIFTYBANK-INDEX @ 57480  expiry=26AUG  strikes=ATM±5
2026-08-25 10:12:35,625 - INFO - ⏱️ [Real-time Exit Loop] Checking open positions @ 10:12:35...
2026-08-25 10:12:36,848 - INFO - 📊 EXECUTION AUDIT [SL_MODIFIED]: trade_id=trade_NSE_NIFTYBANK_INDEX_RelativeValue_NIFTY_BANKNIFTY_v1.0_1787632805, candidate_id=cand_NSE_NIFTYBANK_INDEX_RELVAL_57479.30_20260825_101005_RelativeValue_NIFTY_BANKNIFTY_v1.0, payload={'price': 57479.0, 'old_sl': 57514.93, 'new_sl': 57514.63, 'old_tp': None, 'new_tp': 57366.80090976493, 'reason': 'TRAILING_SL'}
2026-08-25 10:12:36,892 - INFO - 🟡 UPDATE (TRAILING_SL) [RelativeValue_NIFTY_BANKNIFTY_v1.0|NIFTY_BANKNIFTY_v1.0]: NSE:NIFTYBANK-INDEX @ 57479.00 | SL→57514.63 TP→57366.80
2026-08-25 10:12:36,912 - INFO - 📊 EXECUTION AUDIT [CF_SL_MODIFIED]: trade_id=None, candidate_id=cand_NSE_NIFTYBANK_INDEX_VWAPRECLAIM_57479.30_20260825_101005_VWAP_Reclaim_v1.0, payload={'price': 57479.0, 'old_sl': 57533.84, 'new_sl': 57533.53999999999, 'old_tp': None, 'new_tp': 57123.0, 'reason': 'TRAILING_SL'}
2026-08-25 10:12:36,949 - INFO - 🟡 UPDATE (TRAILING_SL) [CFVWAP_Reclaim_v1.0|05_VWAP_Reclaim_v1.0]: NSE:NIFTYBANK-INDEX @ 57479.00 | SL→57533.54 TP→57123.00
2026-08-25 10:12:37,733 - INFO - Retrieved live premium from Fyers API: LTP=5.1 for NSE:BANKNIFTY26AUG56800PE
2026-08-25 10:12:57,626 - INFO - 📊 Saved 22 snapshots for NSE:NIFTYBANK-INDEX  (oi range: 142,170–3,427,050)
2026-08-25 10:12:58,727 - INFO - 📡 Fetching NSE:NIFTY50-INDEX @ 24140  expiry=26AUG  strikes=ATM±5
2026-08-25 10:13:05,735 - INFO - ⏱️ [Real-time Exit Loop] Checking open positions @ 10:13:05...
2026-08-25 10:13:06,967 - INFO - 📊 EXECUTION AUDIT [SL_MODIFIED]: trade_id=trade_NSE_NIFTYBANK_INDEX_RelativeValue_NIFTY_BANKNIFTY_v1.0_1787632805, candidate_id=cand_NSE_NIFTYBANK_INDEX_RELVAL_57479.30_20260825_101005_RelativeValue_NIFTY_BANKNIFTY_v1.0, payload={'price': 57472.1, 'old_sl': 57514.63, 'new_sl': 57507.729999999996, 'old_tp': None, 'new_tp': 57366.80090976493, 'reason': 'TRAILING_SL'}
2026-08-25 10:13:07,004 - INFO - 🟡 UPDATE (TRAILING_SL) [RelativeValue_NIFTY_BANKNIFTY_v1.0|NIFTY_BANKNIFTY_v1.0]: NSE:NIFTYBANK-INDEX @ 57472.10 | SL→57507.73 TP→57366.80
2026-08-25 10:13:07,023 - INFO - 📊 EXECUTION AUDIT [CF_SL_MODIFIED]: trade_id=None, candidate_id=cand_NSE_NIFTYBANK_INDEX_VWAPRECLAIM_57479.30_20260825_101005_VWAP_Reclaim_v1.0, payload={'price': 57472.1, 'old_sl': 57533.53999999999, 'new_sl': 57526.63999999999, 'old_tp': None, 'new_tp': 57123.0, 'reason': 'TRAILING_SL'}
2026-08-25 10:13:07,066 - INFO - 🟡 UPDATE (TRAILING_SL) [CFVWAP_Reclaim_v1.0|05_VWAP_Reclaim_v1.0]: NSE:NIFTYBANK-INDEX @ 57472.10 | SL→57526.64 TP→57123.00
2026-08-25 10:13:07,854 - INFO - Retrieved live premium from Fyers API: LTP=5.25 for NSE:BANKNIFTY26AUG56800PE
2026-08-25 10:13:28,644 - INFO - 📊 Saved 22 snapshots for NSE:NIFTY50-INDEX  (oi range: 367,835–48,397,700)
2026-08-25 10:13:29,745 - INFO - 📡 Fetching NSE:NIFTYBANK-INDEX @ 57478  expiry=26AUG  strikes=ATM±5
2026-08-25 10:13:35,888 - INFO - ⏱️ [Real-time Exit Loop] Checking open positions @ 10:13:35...
2026-08-25 10:13:38,007 - INFO - Retrieved live premium from Fyers API: LTP=5.05 for NSE:BANKNIFTY26AUG56800PE
2026-08-25 10:13:59,629 - INFO - 📊 Saved 22 snapshots for NSE:NIFTYBANK-INDEX  (oi range: 143,340–3,434,640)
2026-08-25 10:14:00,727 - INFO - 📡 Fetching NSE:NIFTY50-INDEX @ 24138  expiry=26AUG  strikes=ATM±5
2026-08-25 10:14:05,024 - INFO - ⏱️ [Real-time Exit Loop] Checking open positions @ 10:14:05...
2026-08-25 10:14:07,134 - INFO - Retrieved live premium from Fyers API: LTP=4.9 for NSE:BANKNIFTY26AUG56800PE
2026-08-25 10:14:30,840 - INFO - 📊 Saved 22 snapshots for NSE:NIFTY50-INDEX  (oi range: 368,160–48,440,730)
2026-08-25 10:14:31,938 - INFO - 📡 Fetching NSE:NIFTYBANK-INDEX @ 57474  expiry=26AUG  strikes=ATM±5
2026-08-25 10:14:35,172 - INFO - ⏱️ [Real-time Exit Loop] Checking open positions @ 10:14:35...
2026-08-25 10:14:36,401 - INFO - 📊 EXECUTION AUDIT [SL_MODIFIED]: trade_id=trade_NSE_NIFTYBANK_INDEX_RelativeValue_NIFTY_BANKNIFTY_v1.0_1787632805, candidate_id=cand_NSE_NIFTYBANK_INDEX_RELVAL_57479.30_20260825_101005_RelativeValue_NIFTY_BANKNIFTY_v1.0, payload={'price': 57470.8, 'old_sl': 57507.729999999996, 'new_sl': 57506.43, 'old_tp': None, 'new_tp': 57366.80090976493, 'reason': 'TRAILING_SL'}
2026-08-25 10:14:36,443 - INFO - 🟡 UPDATE (TRAILING_SL) [RelativeValue_NIFTY_BANKNIFTY_v1.0|NIFTY_BANKNIFTY_v1.0]: NSE:NIFTYBANK-INDEX @ 57470.80 | SL→57506.43 TP→57366.80
2026-08-25 10:14:36,463 - INFO - 📊 EXECUTION AUDIT [CF_SL_MODIFIED]: trade_id=None, candidate_id=cand_NSE_NIFTYBANK_INDEX_VWAPRECLAIM_57479.30_20260825_101005_VWAP_Reclaim_v1.0, payload={'price': 57470.8, 'old_sl': 57526.63999999999, 'new_sl': 57525.34, 'old_tp': None, 'new_tp': 57123.0, 'reason': 'TRAILING_SL'}
2026-08-25 10:14:36,504 - INFO - 🟡 UPDATE (TRAILING_SL) [CFVWAP_Reclaim_v1.0|05_VWAP_Reclaim_v1.0]: NSE:NIFTYBANK-INDEX @ 57470.80 | SL→57525.34 TP→57123.00
2026-08-25 10:14:37,288 - INFO - Retrieved live premium from Fyers API: LTP=5.15 for NSE:BANKNIFTY26AUG56800PE
2026-08-25 10:15:01,811 - INFO - 📊 Saved 22 snapshots for NSE:NIFTYBANK-INDEX  (oi range: 143,490–3,429,390)
2026-08-25 10:15:02,918 - INFO - 📡 Fetching NSE:NIFTY50-INDEX @ 24140  expiry=26AUG  strikes=ATM±5
2026-08-25 10:15:05,319 - INFO - 🔔 [New Candle Closed] Running entry pipeline for candle 10:15 at 10:15:05...
2026-08-25 10:15:05,319 - INFO - --- 10:15:05 Market Pulse ---
2026-08-25 10:15:10,566 - INFO - 📊 EXECUTION AUDIT [SL_MODIFIED]: trade_id=trade_NSE_NIFTYBANK_INDEX_RelativeValue_NIFTY_BANKNIFTY_v1.0_1787632805, candidate_id=cand_NSE_NIFTYBANK_INDEX_RELVAL_57479.30_20260825_101005_RelativeValue_NIFTY_BANKNIFTY_v1.0, payload={'price': 57470.45, 'old_sl': 57506.43, 'new_sl': 57506.079999999994, 'old_tp': None, 'new_tp': 57366.80090976493, 'reason': 'TRAILING_SL'}
2026-08-25 10:15:10,611 - INFO - 🟡 UPDATE (TRAILING_SL) [RelativeValue_NIFTY_BANKNIFTY_v1.0|NIFTY_BANKNIFTY_v1.0]: NSE:NIFTYBANK-INDEX @ 57470.45 | SL→57506.08 TP→57366.80
2026-08-25 10:15:10,630 - INFO - 📊 EXECUTION AUDIT [CF_SL_MODIFIED]: trade_id=None, candidate_id=cand_NSE_NIFTYBANK_INDEX_VWAPRECLAIM_57479.30_20260825_101005_VWAP_Reclaim_v1.0, payload={'price': 57470.45, 'old_sl': 57525.34, 'new_sl': 57524.98999999999, 'old_tp': None, 'new_tp': 57123.0, 'reason': 'TRAILING_SL'}
2026-08-25 10:15:10,669 - INFO - 🟡 UPDATE (TRAILING_SL) [CFVWAP_Reclaim_v1.0|05_VWAP_Reclaim_v1.0]: NSE:NIFTYBANK-INDEX @ 57470.45 | SL→57524.99 TP→57123.00
2026-08-25 10:15:11,451 - INFO - Retrieved live premium from Fyers API: LTP=5.15 for NSE:BANKNIFTY26AUG56800PE
2026-08-25 10:15:14,688 - INFO - Resolved active expiry from DB: 26AUG (2026-08-25)
2026-08-25 10:15:14,688 - INFO - 👻 [Geometry_v1.0_Score35] CF CONFLUENCE_BOUNCE NSE:NIFTY50-INDEX BUY CALL | Rejected: ['LOW_RR:0.67']
2026-08-25 10:15:14,688 - INFO - 📊 EXECUTION AUDIT [SIGNAL_GENERATED]: trade_id=None, candidate_id=cand_NSE_NIFTY50_INDEX_CONFLUENCE_BOUNCE_24141.20_202608251015_Geometry_v1.0_Score35, payload={'symbol': 'NSE:NIFTY50-INDEX', 'candidate_id': 'cand_NSE_NIFTY50_INDEX_CONFLUENCE_BOUNCE_24141.20_202608251015_Geometry_v1.0_Score35', 'experiment_name': 'Geometry_v1.0_Score35', 'strategy_id': 'geometry', 'version': 'v1.0', 'signal': 'BUY CALL', 'strategy': 'CONFLUENCE_BOUNCE', 'price': 24141.2, 'stop_loss': 24131.5, 'take_profit': 24147.71, 'tp1': 24155.75, 'rr_ratio': 0.67, 'timestamp': '2026-08-25T10:15:05.319265+05:30', 'zone_band_low': 24141.59, 'zone_band_high': 24141.59, 'zone_direction': 'SUPPORT', 'zone_component_count': 1, 'accepted': False, 'rejection_reasons': ['LOW_RR:0.67'], 'stop_loss_distance': 9.7, 'atr': 19.4, 'confidence': 0.529, 'diagnostics': {'zone_score': 48.2, 'zone_explanation': 'TRENDLINE SUPPORT @ 24141.59 (±0.0pts, score=48)', 'dist_to_zone': 0.39, 'narrative_bias': 'CONTINUATION', 'bias_confidence': 0.6, 'zone_engine_confirmed': False}, 'features': {'regime_primary': 'GAP_DOWN', 'regime_vol_state': 'HIGH_VOL', 'market_regime': 'GAP_DOWN_HIGH_VOL'}}
2026-08-25 10:15:14,713 - INFO - Resolved active expiry from DB: 26AUG (2026-08-25)
2026-08-25 10:15:14,725 - INFO - Resolved index signal into option contract: OptionContract(symbol='NSE:NIFTY26AUG24150CE', strike=24150.0, expiry='26AUG', option_type='CE', premium=38.1, delta=0.5, bid=38.0, ask=38.1, volume=189118475, resolved_at=datetime.datetime(2026, 8, 25, 10, 15, 14, 725757))
2026-08-25 10:15:14,725 - INFO - ⚡ Option strike selection resolved index signal to contract NSE:NIFTY26AUG24150CE @ premium 38.1 (type: CE, strike: 24150.0)
2026-08-25 10:15:14,725 - INFO - 📊 EXECUTION AUDIT [STRIKE_SELECTED]: trade_id=None, candidate_id=cand_NSE_NIFTY50_INDEX_CONFLUENCE_BOUNCE_24141.20_202608251015_Geometry_v1.0_Score35, payload={'symbol': 'NSE:NIFTY26AUG24150CE', 'strike': 24150.0, 'expiry': '26AUG', 'type': 'CE'}
2026-08-25 10:15:14,735 - INFO - 📊 EXECUTION AUDIT [PREMIUM_RETRIEVED]: trade_id=None, candidate_id=cand_NSE_NIFTY50_INDEX_CONFLUENCE_BOUNCE_24141.20_202608251015_Geometry_v1.0_Score35, payload={'premium': 38.1, 'bid': 38.0, 'ask': 38.1}
2026-08-25 10:15:14,745 - INFO - 📊 EXECUTION AUDIT [CF_SUBMITTED]: trade_id=None, candidate_id=cand_NSE_NIFTY50_INDEX_CONFLUENCE_BOUNCE_24141.20_202608251015_Geometry_v1.0_Score35, payload={'price': 24141.2, 'sl': 24131.5, 'tp': 24147.71}
2026-08-25 10:15:14,756 - INFO - 📊 EXECUTION AUDIT [CF_FILLED]: trade_id=None, candidate_id=cand_NSE_NIFTY50_INDEX_CONFLUENCE_BOUNCE_24141.20_202608251015_Geometry_v1.0_Score35, payload={'price': 24141.2, 'sl': 24131.5, 'tp': 24147.71}
2026-08-25 10:15:14,766 - INFO - 💰 Position size [CONFLUENCE_BOUNCE|GAP_DOWN_HIGH_VOL|conf=1]: frac=0.002 → ₹5,000 (risk/unit=0.04%)
2026-08-25 10:15:14,788 - INFO - 🟢 ENTRY [CF|Geometry_v1.0_Score35|eometry_v1.0_Score35]: NSE:NIFTY50-INDEX BUY CALL @ 24141.20 | SL: 24131.50 TP: 24147.71
2026-08-25 10:15:16,266 - INFO - Resolved active expiry from DB: 26AUG (2026-08-25)
2026-08-25 10:15:16,268 - INFO - 👻 [EMA_Pullback_20_50_RVOL0.5] CF PULLBACK NSE:NIFTYBANK-INDEX BUY CALL | Rejected: ['LOW_EFFICIENCY']
2026-08-25 10:15:16,268 - INFO - 📊 EXECUTION AUDIT [SIGNAL_GENERATED]: trade_id=None, candidate_id=cand_NSE_NIFTYBANK_INDEX_EMAPULL_57478.30_20260825_101505_EMA_Pullback_20_50_RVOL0.5, payload={'symbol': 'NSE:NIFTYBANK-INDEX', 'signal': 'BUY CALL', 'strategy': 'PULLBACK', 'price': 57478.3, 'stop_loss': 57426.31, 'take_profit': 57830.3, 'tp1': 57556.28500000001, 'rr_ratio': 6.77, 'timestamp': '2026-08-25T10:15:05.319265+05:30', 'accepted': False, 'rejection_reasons': ['LOW_EFFICIENCY'], 'features': {'atr': 70.4, 'ema20': 57465.37, 'ema50': 57440.39, 'move_efficiency': 0.2817, 'move_efficiency_h1': 0.2531, 'wickiness': 0.6921, 'ema_bullish': True, 'rsi14': 57.59, 'rsi2': 0.0, 'distance_to_vwap': -0.0002, 'atr_percentile': 0.9905, 'dist_prev_high': -0.0068, 'dist_prev_low': -0.0051, 'adx': 11.5, 'adx_slope': -1.0184, 'gap_pct': -0.0077, 'regime_primary': 'GAP_DOWN', 'regime_vol_state': 'HIGH_VOL', 'market_regime': 'GAP_DOWN_HIGH_VOL'}, 'candidate_id': 'cand_NSE_NIFTYBANK_INDEX_EMAPULL_57478.30_20260825_101505_EMA_Pullback_20_50_RVOL0.5', 'confidence': 0.5, 'diagnostics': {'ema_distance': 0.00023, 'ema20': 57465.37, 'ema50': 57440.39, 'move_efficiency': 0.282, 'rvol': 86.83, 'atr': 70.4, 'atr_percentile': 0.991, 'distance_to_vwap': -0.0002}, 'experiment_name': 'EMA_Pullback_20_50_RVOL0.5', 'strategy_id': 'ema_pullback', 'version': 'v1.0'}
2026-08-25 10:15:16,289 - INFO - Resolved active expiry from DB: 26AUG (2026-08-25)
2026-08-25 10:15:16,301 - INFO - Resolved index signal into option contract: OptionContract(symbol='NSE:BANKNIFTY26AUG57500CE', strike=57500.0, expiry='26AUG', option_type='CE', premium=113.95, delta=0.5, bid=113.9, ask=114.2, volume=20249880, resolved_at=datetime.datetime(2026, 8, 25, 10, 15, 16, 301679))
2026-08-25 10:15:16,301 - INFO - ⚡ Option strike selection resolved index signal to contract NSE:BANKNIFTY26AUG57500CE @ premium 113.95 (type: CE, strike: 57500.0)
2026-08-25 10:15:16,301 - INFO - 📊 EXECUTION AUDIT [STRIKE_SELECTED]: trade_id=None, candidate_id=cand_NSE_NIFTYBANK_INDEX_EMAPULL_57478.30_20260825_101505_EMA_Pullback_20_50_RVOL0.5, payload={'symbol': 'NSE:BANKNIFTY26AUG57500CE', 'strike': 57500.0, 'expiry': '26AUG', 'type': 'CE'}
2026-08-25 10:15:16,312 - INFO - 📊 EXECUTION AUDIT [PREMIUM_RETRIEVED]: trade_id=None, candidate_id=cand_NSE_NIFTYBANK_INDEX_EMAPULL_57478.30_20260825_101505_EMA_Pullback_20_50_RVOL0.5, payload={'premium': 113.95, 'bid': 113.9, 'ask': 114.2}
2026-08-25 10:15:16,321 - INFO - 📊 EXECUTION AUDIT [CF_SUBMITTED]: trade_id=None, candidate_id=cand_NSE_NIFTYBANK_INDEX_EMAPULL_57478.30_20260825_101505_EMA_Pullback_20_50_RVOL0.5, payload={'price': 57478.3, 'sl': 57426.31, 'tp': 57830.3}
2026-08-25 10:15:16,333 - INFO - 📊 EXECUTION AUDIT [CF_FILLED]: trade_id=None, candidate_id=cand_NSE_NIFTYBANK_INDEX_EMAPULL_57478.30_20260825_101505_EMA_Pullback_20_50_RVOL0.5, payload={'price': 57478.3, 'sl': 57426.31, 'tp': 57830.3}
2026-08-25 10:15:16,344 - INFO - 💰 Position size [PULLBACK|GAP_DOWN_HIGH_VOL|conf=0]: frac=0.002 → ₹5,000 (risk/unit=0.09%)
2026-08-25 10:15:16,368 - INFO - 🟢 ENTRY [CF|EMA_Pullback_20_50_RVOL0.5|llback_20_50_RVOL0.5]: NSE:NIFTYBANK-INDEX BUY CALL @ 57478.30 | SL: 57426.31 TP: 57830.30
2026-08-25 10:15:34,344 - INFO - 📊 Saved 22 snapshots for NSE:NIFTY50-INDEX  (oi range: 368,485–48,659,195)
2026-08-25 10:15:35,373 - INFO - ⏱️ [Real-time Exit Loop] Checking open positions @ 10:15:35...
2026-08-25 10:15:35,443 - INFO - 📡 Fetching NSE:NIFTYBANK-INDEX @ 57460  expiry=26AUG  strikes=ATM±5
2026-08-25 10:15:36,610 - INFO - 📊 EXECUTION AUDIT [SL_MODIFIED]: trade_id=trade_NSE_NIFTYBANK_INDEX_RelativeValue_NIFTY_BANKNIFTY_v1.0_1787632805, candidate_id=cand_NSE_NIFTYBANK_INDEX_RELVAL_57479.30_20260825_101005_RelativeValue_NIFTY_BANKNIFTY_v1.0, payload={'price': 57459.7, 'old_sl': 57506.079999999994, 'new_sl': 57495.329999999994, 'old_tp': None, 'new_tp': 57366.80090976493, 'reason': 'TRAILING_SL'}
2026-08-25 10:15:36,658 - INFO - 🟡 UPDATE (TRAILING_SL) [RelativeValue_NIFTY_BANKNIFTY_v1.0|NIFTY_BANKNIFTY_v1.0]: NSE:NIFTYBANK-INDEX @ 57459.70 | SL→57495.33 TP→57366.80
2026-08-25 10:15:36,677 - INFO - 📊 EXECUTION AUDIT [CF_SL_MODIFIED]: trade_id=None, candidate_id=cand_NSE_NIFTYBANK_INDEX_TRENDLINE_RETEST_57544.30_202608250942_Geometry_v1.0_Score35, payload={'price': 57459.7, 'old_sl': 57559.23, 'new_sl': 57557.38, 'old_tp': None, 'new_tp': 57446.62, 'reason': 'TRAILING_SL'}
2026-08-25 10:15:36,714 - INFO - 🟡 UPDATE (TRAILING_SL) [CFGeometry_v1.0_Score35|eometry_v1.0_Score35]: NSE:NIFTYBANK-INDEX @ 57459.70 | SL→57557.38 TP→57446.62
2026-08-25 10:15:36,715 - INFO - 📊 EXECUTION AUDIT [CF_SL_MODIFIED]: trade_id=None, candidate_id=cand_NSE_NIFTYBANK_INDEX_TRENDLINE_RETEST_57544.30_202608250942_Geometry_v1.0_Score50, payload={'price': 57459.7, 'old_sl': 57559.23, 'new_sl': 57557.38, 'old_tp': None, 'new_tp': 57446.62, 'reason': 'TRAILING_SL'}
2026-08-25 10:15:36,751 - INFO - 🟡 UPDATE (TRAILING_SL) [CFGeometry_v1.0_Score50|eometry_v1.0_Score50]: NSE:NIFTYBANK-INDEX @ 57459.70 | SL→57557.38 TP→57446.62
2026-08-25 10:15:36,751 - INFO - 📊 EXECUTION AUDIT [CF_SL_MODIFIED]: trade_id=None, candidate_id=cand_NSE_NIFTYBANK_INDEX_VWAPRECLAIM_57479.30_20260825_101005_VWAP_Reclaim_v1.0, payload={'price': 57459.7, 'old_sl': 57524.98999999999, 'new_sl': 57514.23999999999, 'old_tp': None, 'new_tp': 57123.0, 'reason': 'TRAILING_SL'}
2026-08-25 10:15:36,787 - INFO - 🟡 UPDATE (TRAILING_SL) [CFVWAP_Reclaim_v1.0|05_VWAP_Reclaim_v1.0]: NSE:NIFTYBANK-INDEX @ 57459.70 | SL→57514.24 TP→57123.00
2026-08-25 10:15:37,482 - INFO - Retrieved live premium from Fyers API: LTP=5.45 for NSE:BANKNIFTY26AUG56800PE
2026-08-25 10:16:05,517 - INFO - ⏱️ [Real-time Exit Loop] Checking open positions @ 10:16:05...
2026-08-25 10:16:05,853 - INFO - 📊 Saved 22 snapshots for NSE:NIFTYBANK-INDEX  (oi range: 143,640–3,432,060)
2026-08-25 10:16:06,950 - INFO - 📡 Fetching NSE:NIFTY50-INDEX @ 24140  expiry=26AUG  strikes=ATM±5
2026-08-25 10:16:07,629 - INFO - Retrieved live premium from Fyers API: LTP=5.15 for NSE:BANKNIFTY26AUG56800PE
2026-08-25 10:16:07,718 - INFO - 🔴 CF COMBO EXIT (TARGET_R) [ExpiryAwareTheta_v1.0|xpiryAwareTheta_v1.0]: NSE:NIFTYBANK-INDEX IRON_CONDOR | PnL +0.27R | 75min
2026-08-25 10:16:35,685 - INFO - ⏱️ [Real-time Exit Loop] Checking open positions @ 10:16:35...
2026-08-25 10:16:36,849 - INFO - 📊 Saved 22 snapshots for NSE:NIFTY50-INDEX  (oi range: 369,330–48,699,365)
2026-08-25 10:16:37,937 - INFO - 📡 Fetching NSE:NIFTYBANK-INDEX @ 57461  expiry=26AUG  strikes=ATM±5
2026-08-25 10:17:05,368 - INFO - ⏱️ [Real-time Exit Loop] Checking open positions @ 10:17:05...
2026-08-25 10:17:06,569 - INFO - 📊 EXECUTION AUDIT [SL_MODIFIED]: trade_id=trade_NSE_NIFTYBANK_INDEX_RelativeValue_NIFTY_BANKNIFTY_v1.0_1787632805, candidate_id=cand_NSE_NIFTYBANK_INDEX_RELVAL_57479.30_20260825_101005_RelativeValue_NIFTY_BANKNIFTY_v1.0, payload={'price': 57458.05, 'old_sl': 57495.329999999994, 'new_sl': 57493.68, 'old_tp': None, 'new_tp': 57366.80090976493, 'reason': 'TRAILING_SL'}
2026-08-25 10:17:06,605 - INFO - 🟡 UPDATE (TRAILING_SL) [RelativeValue_NIFTY_BANKNIFTY_v1.0|NIFTY_BANKNIFTY_v1.0]: NSE:NIFTYBANK-INDEX @ 57458.05 | SL→57493.68 TP→57366.80
2026-08-25 10:17:06,622 - INFO - 📊 EXECUTION AUDIT [CF_SL_MODIFIED]: trade_id=None, candidate_id=cand_NSE_NIFTYBANK_INDEX_TRENDLINE_RETEST_57544.30_202608250942_Geometry_v1.0_Score35, payload={'price': 57458.05, 'old_sl': 57557.38, 'new_sl': 57555.73, 'old_tp': None, 'new_tp': 57446.62, 'reason': 'TRAILING_SL'}
2026-08-25 10:17:06,658 - INFO - 🟡 UPDATE (TRAILING_SL) [CFGeometry_v1.0_Score35|eometry_v1.0_Score35]: NSE:NIFTYBANK-INDEX @ 57458.05 | SL→57555.73 TP→57446.62
2026-08-25 10:17:06,658 - INFO - 📊 EXECUTION AUDIT [CF_SL_MODIFIED]: trade_id=None, candidate_id=cand_NSE_NIFTYBANK_INDEX_TRENDLINE_RETEST_57544.30_202608250942_Geometry_v1.0_Score50, payload={'price': 57458.05, 'old_sl': 57557.38, 'new_sl': 57555.73, 'old_tp': None, 'new_tp': 57446.62, 'reason': 'TRAILING_SL'}
2026-08-25 10:17:06,696 - INFO - 🟡 UPDATE (TRAILING_SL) [CFGeometry_v1.0_Score50|eometry_v1.0_Score50]: NSE:NIFTYBANK-INDEX @ 57458.05 | SL→57555.73 TP→57446.62
2026-08-25 10:17:06,696 - INFO - 📊 EXECUTION AUDIT [CF_SL_MODIFIED]: trade_id=None, candidate_id=cand_NSE_NIFTYBANK_INDEX_VWAPRECLAIM_57479.30_20260825_101005_VWAP_Reclaim_v1.0, payload={'price': 57458.05, 'old_sl': 57514.23999999999, 'new_sl': 57512.59, 'old_tp': None, 'new_tp': 57123.0, 'reason': 'TRAILING_SL'}
2026-08-25 10:17:06,729 - INFO - 🟡 UPDATE (TRAILING_SL) [CFVWAP_Reclaim_v1.0|05_VWAP_Reclaim_v1.0]: NSE:NIFTYBANK-INDEX @ 57458.05 | SL→57512.59 TP→57123.00
2026-08-25 10:17:07,695 - INFO - 📊 Saved 22 snapshots for NSE:NIFTYBANK-INDEX  (oi range: 141,450–3,450,600)
2026-08-25 10:17:08,807 - INFO - 📡 Fetching NSE:NIFTY50-INDEX @ 24138  expiry=26AUG  strikes=ATM±5
2026-08-25 10:17:35,190 - INFO - ⏱️ [Real-time Exit Loop] Checking open positions @ 10:17:35...
2026-08-25 10:17:36,379 - INFO - 📊 EXECUTION AUDIT [SL_MODIFIED]: trade_id=trade_NSE_NIFTY50_INDEX_OrderFlow_v1.0_1787632805, candidate_id=cand_NSE_NIFTY50_INDEX_LIQUIDITY_SWEEP_24135.05_20260825_101005_OrderFlow_v1.0, payload={'price': 24134.55, 'old_sl': 24156.033000000003, 'new_sl': 24155.533000000003, 'old_tp': None, 'new_tp': 24077.39, 'reason': 'TRAILING_SL'}
2026-08-25 10:17:36,416 - INFO - 🟡 UPDATE (TRAILING_SL) [OrderFlow_v1.0|01005_OrderFlow_v1.0]: NSE:NIFTY50-INDEX @ 24134.55 | SL→24155.53 TP→24077.39
2026-08-25 10:17:36,434 - INFO - 📊 EXECUTION AUDIT [SL_MODIFIED]: trade_id=trade_NSE_NIFTYBANK_INDEX_RelativeValue_NIFTY_BANKNIFTY_v1.0_1787632805, candidate_id=cand_NSE_NIFTYBANK_INDEX_RELVAL_57479.30_20260825_101005_RelativeValue_NIFTY_BANKNIFTY_v1.0, payload={'price': 57451.25, 'old_sl': 57493.68, 'new_sl': 57486.88, 'old_tp': None, 'new_tp': 57366.80090976493, 'reason': 'TRAILING_SL'}
2026-08-25 10:17:36,468 - INFO - 🟡 UPDATE (TRAILING_SL) [RelativeValue_NIFTY_BANKNIFTY_v1.0|NIFTY_BANKNIFTY_v1.0]: NSE:NIFTYBANK-INDEX @ 57451.25 | SL→57486.88 TP→57366.80
2026-08-25 10:17:36,485 - INFO - 📊 EXECUTION AUDIT [CF_SL_MODIFIED]: trade_id=None, candidate_id=cand_NSE_NIFTYBANK_INDEX_TRENDLINE_RETEST_57544.30_202608250942_Geometry_v1.0_Score35, payload={'price': 57451.25, 'old_sl': 57555.73, 'new_sl': 57548.93, 'old_tp': None, 'new_tp': 57446.62, 'reason': 'TRAILING_SL'}
2026-08-25 10:17:36,519 - INFO - 🟡 UPDATE (TRAILING_SL) [CFGeometry_v1.0_Score35|eometry_v1.0_Score35]: NSE:NIFTYBANK-INDEX @ 57451.25 | SL→57548.93 TP→57446.62
2026-08-25 10:17:36,519 - INFO - 📊 EXECUTION AUDIT [CF_SL_MODIFIED]: trade_id=None, candidate_id=cand_NSE_NIFTYBANK_INDEX_TRENDLINE_RETEST_57544.30_202608250942_Geometry_v1.0_Score50, payload={'price': 57451.25, 'old_sl': 57555.73, 'new_sl': 57548.93, 'old_tp': None, 'new_tp': 57446.62, 'reason': 'TRAILING_SL'}
2026-08-25 10:17:36,553 - INFO - 🟡 UPDATE (TRAILING_SL) [CFGeometry_v1.0_Score50|eometry_v1.0_Score50]: NSE:NIFTYBANK-INDEX @ 57451.25 | SL→57548.93 TP→57446.62
2026-08-25 10:17:36,553 - INFO - 📊 EXECUTION AUDIT [CF_EXITED]: trade_id=None, candidate_id=cand_NSE_NIFTYBANK_INDEX_BREAKOUT_57653.85_20260825_100500_Structural_v3.2_RVOL1.0, payload={'exit_price': 57451.25, 'exit_reason': 'TRAILING_SL', 'pnl_r': -0.17001281503630922, 'duration_minutes': 7.4932964166666665, 'bars_held': 1}
2026-08-25 10:17:36,587 - INFO - 🔴 EXIT (TRAILING_SL) [CFStructural_v3.2_RVOL1.0|uctural_v3.2_RVOL1.0]: NSE:NIFTYBANK-INDEX @ 57451.25 | PnL -0.17R | MFE 0.39R | Capture -44% | 1bars HoldEff -0.170R/bar
2026-08-25 10:17:36,587 - INFO - 📊 EXECUTION AUDIT [CF_EXITED]: trade_id=None, candidate_id=cand_NSE_NIFTYBANK_INDEX_BREAKOUT_57653.85_20260825_100500_Structural_v3.2_RVOL0.8, payload={'exit_price': 57451.25, 'exit_reason': 'TRAILING_SL', 'pnl_r': -0.17001281503630922, 'duration_minutes': 7.4932964166666665, 'bars_held': 1}
2026-08-25 10:17:36,619 - INFO - 🔴 EXIT (TRAILING_SL) [CFStructural_v3.2_RVOL0.8|uctural_v3.2_RVOL0.8]: NSE:NIFTYBANK-INDEX @ 57451.25 | PnL -0.17R | MFE 0.39R | Capture -44% | 1bars HoldEff -0.170R/bar
2026-08-25 10:17:36,619 - INFO - 📊 EXECUTION AUDIT [CF_EXITED]: trade_id=None, candidate_id=cand_NSE_NIFTYBANK_INDEX_BREAKOUT_57653.85_20260825_100500_Structural_v3.3_ExitMgmt, payload={'exit_price': 57451.25, 'exit_reason': 'STRUCTURE_INVALIDATED', 'pnl_r': -0.17001281503630922, 'duration_minutes': 7.4932964166666665, 'bars_held': 1}
2026-08-25 10:17:36,652 - INFO - 🔴 EXIT (STRUCTURE_INVALIDATED) [CFStructural_v3.3_ExitMgmt|ctural_v3.3_ExitMgmt]: NSE:NIFTYBANK-INDEX @ 57451.25 | PnL -0.17R | MFE 0.39R | Capture -44% | 1bars HoldEff -0.170R/bar
2026-08-25 10:17:36,652 - INFO - 📊 EXECUTION AUDIT [CF_SL_MODIFIED]: trade_id=None, candidate_id=cand_NSE_NIFTYBANK_INDEX_VWAPRECLAIM_57479.30_20260825_101005_VWAP_Reclaim_v1.0, payload={'price': 57451.25, 'old_sl': 57512.59, 'new_sl': 57505.78999999999, 'old_tp': None, 'new_tp': 57123.0, 'reason': 'TRAILING_SL'}
2026-08-25 10:17:36,686 - INFO - 🟡 UPDATE (TRAILING_SL) [CFVWAP_Reclaim_v1.0|05_VWAP_Reclaim_v1.0]: NSE:NIFTYBANK-INDEX @ 57451.25 | SL→57505.79 TP→57123.00
2026-08-25 10:17:38,857 - INFO - 📊 Saved 22 snapshots for NSE:NIFTY50-INDEX  (oi range: 370,695–48,828,585)
2026-08-25 10:17:39,970 - INFO - 📡 Fetching NSE:NIFTYBANK-INDEX @ 57447  expiry=26AUG  strikes=ATM±5
2026-08-25 10:18:05,236 - INFO - ⏱️ [Real-time Exit Loop] Checking open positions @ 10:18:05...
2026-08-25 10:33:05,297 - INFO - 📊 EXECUTION AUDIT [SL_MODIFIED]: trade_id=trade_NSE_NIFTYBANK_INDEX_RelativeValue_NIFTY_BANKNIFTY_v1.0_1787632805, candidate_id=cand_NSE_NIFTYBANK_INDEX_RELVAL_57479.30_20260825_101005_RelativeValue_NIFTY_BANKNIFTY_v1.0, payload={'price': 57442.3, 'old_sl': 57486.88, 'new_sl': 57477.93, 'old_tp': None, 'new_tp': 57366.80090976493, 'reason': 'TRAILING_SL'}
2026-08-25 10:33:05,336 - INFO - 🟡 UPDATE (TRAILING_SL) [RelativeValue_NIFTY_BANKNIFTY_v1.0|NIFTY_BANKNIFTY_v1.0]: NSE:NIFTYBANK-INDEX @ 57442.30 | SL→57477.93 TP→57366.80
2026-08-25 10:33:05,357 - INFO - 📊 EXECUTION AUDIT [CF_TP_EXPANDED]: trade_id=None, candidate_id=cand_NSE_NIFTYBANK_INDEX_TRENDLINE_RETEST_57544.30_202608250942_Geometry_v1.0_Score35, payload={'price': 57442.3, 'old_sl': 57548.93, 'new_sl': 57539.98, 'old_tp': 57446.62, 'new_tp': 57348.94, 'reason': 'TP_EXPANSION'}
2026-08-25 10:33:05,395 - INFO - 🟡 UPDATE (TP_EXPANSION) [CFGeometry_v1.0_Score35|eometry_v1.0_Score35]: NSE:NIFTYBANK-INDEX @ 57442.30 | SL→57539.98 TP→57348.94
2026-08-25 10:33:05,395 - INFO - 📊 EXECUTION AUDIT [CF_TP_EXPANDED]: trade_id=None, candidate_id=cand_NSE_NIFTYBANK_INDEX_TRENDLINE_RETEST_57544.30_202608250942_Geometry_v1.0_Score50, payload={'price': 57442.3, 'old_sl': 57548.93, 'new_sl': 57539.98, 'old_tp': 57446.62, 'new_tp': 57348.94, 'reason': 'TP_EXPANSION'}
2026-08-25 10:33:05,432 - INFO - 🟡 UPDATE (TP_EXPANSION) [CFGeometry_v1.0_Score50|eometry_v1.0_Score50]: NSE:NIFTYBANK-INDEX @ 57442.30 | SL→57539.98 TP→57348.94
2026-08-25 10:33:05,432 - INFO - 📊 EXECUTION AUDIT [CF_SL_MODIFIED]: trade_id=None, candidate_id=cand_NSE_NIFTYBANK_INDEX_VWAPRECLAIM_57479.30_20260825_101005_VWAP_Reclaim_v1.0, payload={'price': 57442.3, 'old_sl': 57505.78999999999, 'new_sl': 57496.84, 'old_tp': None, 'new_tp': 57123.0, 'reason': 'TRAILING_SL'}
2026-08-25 10:33:05,468 - INFO - 🟡 UPDATE (TRAILING_SL) [CFVWAP_Reclaim_v1.0|05_VWAP_Reclaim_v1.0]: NSE:NIFTYBANK-INDEX @ 57442.30 | SL→57496.84 TP→57123.00
2026-08-25 10:33:05,561 - INFO - Retrieved live premium from Fyers API: LTP=62.6 for NSE:NIFTY26AUG24100CE
2026-08-25 10:33:06,756 - INFO - Retrieved live premium from Fyers API: LTP=15.2 for NSE:NIFTY26AUG24200CE
2026-08-25 10:33:07,587 - INFO - Retrieved live premium from Fyers API: LTP=15.15 for NSE:NIFTY26AUG24200CE
2026-08-25 10:33:07,962 - INFO - 📊 Saved 22 snapshots for NSE:NIFTYBANK-INDEX  (oi range: 83,220–2,536,830)
2026-08-25 10:33:08,596 - INFO - Retrieved live premium from Fyers API: LTP=4.45 for NSE:NIFTY26AUG24300CE
2026-08-25 10:33:09,054 - INFO - 📡 Fetching NSE:NIFTY50-INDEX @ 24129  expiry=26AUG  strikes=ATM±5
2026-08-25 10:33:09,602 - INFO - Retrieved live premium from Fyers API: LTP=291.45 for NSE:BANKNIFTY26AUG57200CE
2026-08-25 10:33:10,625 - INFO - Retrieved live premium from Fyers API: LTP=142.8 for NSE:BANKNIFTY26AUG57400CE
2026-08-25 10:33:11,598 - INFO - Retrieved live premium from Fyers API: LTP=144.15 for NSE:BANKNIFTY26AUG57400CE
2026-08-25 10:33:12,610 - INFO - Retrieved live premium from Fyers API: LTP=56.65 for NSE:BANKNIFTY26AUG57600CE
2026-08-25 10:33:13,629 - INFO - Retrieved live premium from Fyers API: LTP=69.15 for NSE:NIFTY26AUG24200PE
2026-08-25 10:33:14,640 - INFO - Retrieved live premium from Fyers API: LTP=17.0 for NSE:NIFTY26AUG24100PE
2026-08-25 10:33:15,635 - INFO - Retrieved live premium from Fyers API: LTP=15.25 for NSE:NIFTY26AUG24200CE
2026-08-25 10:33:16,800 - INFO - Retrieved live premium from Fyers API: LTP=68.1 for NSE:NIFTY26AUG24200PE
2026-08-25 10:33:17,653 - INFO - Retrieved live premium from Fyers API: LTP=68.25 for NSE:NIFTY26AUG24200PE
2026-08-25 10:33:18,649 - INFO - Retrieved live premium from Fyers API: LTP=15.45 for NSE:NIFTY26AUG24200CE
2026-08-25 10:33:19,663 - INFO - Retrieved live premium from Fyers API: LTP=3.45 for NSE:NIFTY26AUG24000PE
2026-08-25 10:33:20,658 - INFO - Retrieved live premium from Fyers API: LTP=2.0 for NSE:NIFTY26AUG24400CE
2026-08-25 10:33:21,677 - INFO - Retrieved live premium from Fyers API: LTP=34.6 for NSE:NIFTY26AUG24150PE
2026-08-25 10:33:22,681 - INFO - Retrieved live premium from Fyers API: LTP=6.8 for NSE:NIFTY26AUG24050PE
2026-08-25 10:33:23,745 - INFO - Retrieved live premium from Fyers API: LTP=7.8 for NSE:NIFTY26AUG24250CE
2026-08-25 10:33:24,690 - INFO - Retrieved live premium from Fyers API: LTP=2.65 for NSE:NIFTY26AUG24350CE
2026-08-25 10:33:26,042 - INFO - Retrieved live premium from Fyers API: LTP=151.7 for NSE:BANKNIFTY26AUG57400CE
2026-08-25 10:33:26,964 - INFO - Retrieved live premium from Fyers API: LTP=72.55 for NSE:BANKNIFTY26AUG57400PE
2026-08-25 10:33:27,981 - INFO - Retrieved live premium from Fyers API: LTP=42.05 for NSE:BANKNIFTY26AUG57300PE
2026-08-25 10:33:28,771 - INFO - Retrieved live premium from Fyers API: LTP=13.9 for NSE:BANKNIFTY26AUG57100PE
2026-08-25 10:33:29,881 - INFO - Retrieved live premium from Fyers API: LTP=98.05 for NSE:BANKNIFTY26AUG57500CE
2026-08-25 10:33:31,120 - INFO - Retrieved live premium from Fyers API: LTP=35.3 for NSE:BANKNIFTY26AUG57700CE
2026-08-25 10:33:31,732 - INFO - Retrieved live premium from Fyers API: LTP=73.45 for NSE:BANKNIFTY26AUG57400PE
2026-08-25 10:33:32,742 - INFO - Retrieved live premium from Fyers API: LTP=152.85 for NSE:BANKNIFTY26AUG57400CE
2026-08-25 10:33:33,741 - INFO - Retrieved live premium from Fyers API: LTP=8.75 for NSE:BANKNIFTY26AUG57000PE
2026-08-25 10:33:34,746 - INFO - Retrieved live premium from Fyers API: LTP=21.2 for NSE:BANKNIFTY26AUG57800CE
2026-08-25 10:33:35,760 - INFO - Retrieved live premium from Fyers API: LTP=66.0 for NSE:NIFTY26AUG24200PE
2026-08-25 10:33:36,763 - INFO - Retrieved live premium from Fyers API: LTP=15.9 for NSE:NIFTY26AUG24200CE
2026-08-25 10:33:37,764 - INFO - Retrieved live premium from Fyers API: LTP=3.3 for NSE:NIFTY26AUG24000PE
2026-08-25 10:33:38,771 - INFO - Retrieved live premium from Fyers API: LTP=1.95 for NSE:NIFTY26AUG24400CE
2026-08-25 10:33:39,775 - INFO - Retrieved live premium from Fyers API: LTP=33.25 for NSE:NIFTY26AUG24150PE
2026-08-25 10:33:39,775 - INFO - 📊 Saved 22 snapshots for NSE:NIFTY50-INDEX  (oi range: 442,845–50,372,465)
2026-08-25 10:33:40,791 - INFO - Retrieved live premium from Fyers API: LTP=40.45 for NSE:BANKNIFTY26AUG57300PE
2026-08-25 10:33:40,884 - INFO - 📡 Fetching NSE:NIFTYBANK-INDEX @ 57462  expiry=26AUG  strikes=ATM±5
2026-08-25 10:33:41,794 - INFO - Retrieved live premium from Fyers API: LTP=13.65 for NSE:BANKNIFTY26AUG57100PE
2026-08-25 10:33:42,802 - INFO - Retrieved live premium from Fyers API: LTP=101.9 for NSE:BANKNIFTY26AUG57500CE
2026-08-25 10:33:43,802 - INFO - Retrieved live premium from Fyers API: LTP=37.05 for NSE:BANKNIFTY26AUG57700CE
2026-08-25 10:33:44,802 - INFO - Retrieved live premium from Fyers API: LTP=40.95 for NSE:BANKNIFTY26AUG57300PE
2026-08-25 10:33:45,815 - INFO - Retrieved live premium from Fyers API: LTP=13.8 for NSE:BANKNIFTY26AUG57100PE
2026-08-25 10:33:46,821 - INFO - Retrieved live premium from Fyers API: LTP=102.8 for NSE:BANKNIFTY26AUG57500CE
2026-08-25 10:33:47,813 - INFO - Retrieved live premium from Fyers API: LTP=37.45 for NSE:BANKNIFTY26AUG57700CE
2026-08-25 10:33:48,822 - INFO - Retrieved live premium from Fyers API: LTP=103.0 for NSE:BANKNIFTY26AUG57500CE
2026-08-25 10:33:49,823 - INFO - Retrieved live premium from Fyers API: LTP=37.3 for NSE:BANKNIFTY26AUG57700CE
2026-08-25 10:33:50,841 - INFO - Retrieved live premium from Fyers API: LTP=227.4 for NSE:BANKNIFTY26AUG57300CE
2026-08-25 10:36:22,859 - INFO - Retrieved live premium from Fyers API: LTP=90.3 for NSE:BANKNIFTY26AUG57500CE
2026-08-25 10:36:23,646 - INFO - Retrieved live premium from Fyers API: LTP=90.1 for NSE:BANKNIFTY26AUG57500CE
2026-08-25 10:36:24,822 - INFO - Retrieved live premium from Fyers API: LTP=31.85 for NSE:BANKNIFTY26AUG57700CE
2026-08-25 10:36:25,674 - INFO - Retrieved live premium from Fyers API: LTP=15.15 for NSE:NIFTY26AUG24200CE
2026-08-25 10:36:26,837 - INFO - Retrieved live premium from Fyers API: LTP=4.25 for NSE:NIFTY26AUG24300CE
2026-08-25 10:36:27,829 - INFO - Retrieved live premium from Fyers API: LTP=16.25 for NSE:NIFTY26AUG24100PE
2026-08-25 10:36:28,675 - INFO - Retrieved live premium from Fyers API: LTP=3.4 for NSE:NIFTY26AUG24000PE
2026-08-25 10:36:29,673 - INFO - Retrieved live premium from Fyers API: LTP=15.2 for NSE:NIFTY26AUG24200CE
2026-08-25 10:36:30,680 - INFO - Retrieved live premium from Fyers API: LTP=4.3 for NSE:NIFTY26AUG24300CE
2026-08-25 10:36:31,694 - INFO - Retrieved live premium from Fyers API: LTP=35.35 for NSE:NIFTY26AUG24150PE
2026-08-25 10:36:32,703 - INFO - Retrieved live premium from Fyers API: LTP=6.9 for NSE:NIFTY26AUG24050PE
2026-08-25 10:36:33,706 - INFO - Retrieved live premium from Fyers API: LTP=31.85 for NSE:BANKNIFTY26AUG57700CE
2026-08-25 10:36:34,726 - INFO - Retrieved live premium from Fyers API: LTP=46.6 for NSE:BANKNIFTY26AUG57300PE
2026-08-25 10:36:35,742 - INFO - Retrieved live premium from Fyers API: LTP=35.15 for NSE:NIFTY26AUG24150PE
2026-08-25 10:36:36,739 - INFO - Retrieved live premium from Fyers API: LTP=6.85 for NSE:NIFTY26AUG24050PE
2026-08-25 10:36:41,311 - INFO - 📊 Saved 22 snapshots for NSE:NIFTYBANK-INDEX  (oi range: 143,220–3,423,540)
2026-08-25 10:36:42,410 - INFO - 📡 Fetching NSE:NIFTY50-INDEX @ 24132  expiry=26AUG  strikes=ATM±5
2026-08-25 10:37:05,773 - INFO - 🔔 [New Candle Closed] Running entry pipeline for candle 10:35 at 10:37:05...
2026-08-25 10:37:05,774 - INFO - --- 10:37:05 Market Pulse ---
2026-08-25 10:38:06,126 - INFO - 📊 EXECUTION AUDIT [SL_MODIFIED]: trade_id=trade_NSE_NIFTY50_INDEX_OIWallReaction_v1.0_1787631155, candidate_id=cand_NSE_NIFTY50_INDEX_OI_WALL_BREAK_24172.80_20260825_094235_OIWallReaction_v1.0, payload={'price': 24131.15, 'old_sl': 24161.8465, 'new_sl': 24161.396500000003, 'old_tp': None, 'new_tp': 24111.87, 'reason': 'TRAILING_SL'}
2026-08-25 10:38:06,201 - INFO - 🟡 UPDATE (TRAILING_SL) [OIWallReaction_v1.0|_OIWallReaction_v1.0]: NSE:NIFTY50-INDEX @ 24131.15 | SL→24161.40 TP→24111.87
2026-08-25 10:38:06,245 - INFO - 📊 EXECUTION AUDIT [SL_MODIFIED]: trade_id=trade_NSE_NIFTY50_INDEX_GapRegime_v2.0_1787631905, candidate_id=cand_NSE_NIFTY50_INDEX_GAP_AND_GO_24138.10_20260825_095505_GapRegime_v2.0, payload={'price': 24131.15, 'old_sl': 24171.85, 'new_sl': 24171.4, 'old_tp': None, 'new_tp': 24051.3, 'reason': 'TRAILING_SL'}
2026-08-25 10:38:06,282 - INFO - 🟡 UPDATE (TRAILING_SL) [GapRegime_v2.0|95505_GapRegime_v2.0]: NSE:NIFTY50-INDEX @ 24131.15 | SL→24171.40 TP→24051.30
2026-08-25 10:38:06,301 - INFO - 📊 EXECUTION AUDIT [SL_MODIFIED]: trade_id=trade_NSE_NIFTY50_INDEX_OrderFlow_v1.0_1787632805, candidate_id=cand_NSE_NIFTY50_INDEX_LIQUIDITY_SWEEP_24135.05_20260825_101005_OrderFlow_v1.0, payload={'price': 24131.15, 'old_sl': 24155.533000000003, 'new_sl': 24152.133000000005, 'old_tp': None, 'new_tp': 24077.39, 'reason': 'TRAILING_SL'}
2026-08-25 10:38:06,336 - INFO - 🟡 UPDATE (TRAILING_SL) [OrderFlow_v1.0|01005_OrderFlow_v1.0]: NSE:NIFTY50-INDEX @ 24131.15 | SL→24152.13 TP→24077.39
2026-08-25 10:38:06,353 - INFO - 📊 EXECUTION AUDIT [SL_MODIFIED]: trade_id=trade_NSE_NIFTYBANK_INDEX_RelativeValue_NIFTY_BANKNIFTY_v1.0_1787632805, candidate_id=cand_NSE_NIFTYBANK_INDEX_RELVAL_57479.30_20260825_101005_RelativeValue_NIFTY_BANKNIFTY_v1.0, payload={'price': 57438.75, 'old_sl': 57477.93, 'new_sl': 57474.38, 'old_tp': None, 'new_tp': 57366.80090976493, 'reason': 'TRAILING_SL'}
2026-08-25 10:38:06,389 - INFO - 🟡 UPDATE (TRAILING_SL) [RelativeValue_NIFTY_BANKNIFTY_v1.0|NIFTY_BANKNIFTY_v1.0]: NSE:NIFTYBANK-INDEX @ 57438.75 | SL→57474.38 TP→57366.80
2026-08-25 10:38:06,406 - INFO - 📊 EXECUTION AUDIT [CF_SL_MODIFIED]: trade_id=None, candidate_id=cand_NSE_NIFTY50_INDEX_TRENDLINE_RETEST_24172.80_202608250942_Geometry_v1.0_Score35, payload={'price': 24131.15, 'old_sl': 24157.05, 'new_sl': 24156.600000000002, 'old_tp': None, 'new_tp': 24122.43, 'reason': 'TRAILING_SL'}
2026-08-25 10:38:06,440 - INFO - 🟡 UPDATE (TRAILING_SL) [CFGeometry_v1.0_Score35|eometry_v1.0_Score35]: NSE:NIFTY50-INDEX @ 24131.15 | SL→24156.60 TP→24122.43
2026-08-25 10:38:06,440 - INFO - 📊 EXECUTION AUDIT [CF_SL_MODIFIED]: trade_id=None, candidate_id=cand_NSE_NIFTY50_INDEX_TRENDLINE_RETEST_24172.80_202608250942_Geometry_v1.0_Score50, payload={'price': 24131.15, 'old_sl': 24157.05, 'new_sl': 24156.600000000002, 'old_tp': None, 'new_tp': 24122.43, 'reason': 'TRAILING_SL'}
2026-08-25 10:38:06,476 - INFO - 🟡 UPDATE (TRAILING_SL) [CFGeometry_v1.0_Score50|eometry_v1.0_Score50]: NSE:NIFTY50-INDEX @ 24131.15 | SL→24156.60 TP→24122.43
2026-08-25 10:38:06,476 - INFO - 📊 EXECUTION AUDIT [CF_SL_MODIFIED]: trade_id=None, candidate_id=cand_NSE_NIFTY50_INDEX_OI_WALL_FADE_24172.80_20260825_094235_OIWallReaction_v1.0, payload={'price': 24131.15, 'old_sl': 24161.8465, 'new_sl': 24161.396500000003, 'old_tp': None, 'new_tp': 24109.260499999997, 'reason': 'TRAILING_SL'}
2026-08-25 10:38:06,509 - INFO - 🟡 UPDATE (TRAILING_SL) [CFOIWallReaction_v1.0|_OIWallReaction_v1.0]: NSE:NIFTY50-INDEX @ 24131.15 | SL→24161.40 TP→24109.26
2026-08-25 10:38:06,509 - INFO - 📊 EXECUTION AUDIT [CF_SL_MODIFIED]: trade_id=None, candidate_id=cand_NSE_NIFTYBANK_INDEX_TRENDLINE_RETEST_57544.30_202608250942_Geometry_v1.0_Score35, payload={'price': 57438.75, 'old_sl': 57539.98, 'new_sl': 57536.43, 'old_tp': None, 'new_tp': 57348.94, 'reason': 'TRAILING_SL'}
2026-08-25 10:38:06,542 - INFO - 🟡 UPDATE (TRAILING_SL) [CFGeometry_v1.0_Score35|eometry_v1.0_Score35]: NSE:NIFTYBANK-INDEX @ 57438.75 | SL→57536.43 TP→57348.94
2026-08-25 10:38:06,543 - INFO - 📊 EXECUTION AUDIT [CF_SL_MODIFIED]: trade_id=None, candidate_id=cand_NSE_NIFTYBANK_INDEX_TRENDLINE_RETEST_57544.30_202608250942_Geometry_v1.0_Score50, payload={'price': 57438.75, 'old_sl': 57539.98, 'new_sl': 57536.43, 'old_tp': None, 'new_tp': 57348.94, 'reason': 'TRAILING_SL'}
2026-08-25 10:38:06,576 - INFO - 🟡 UPDATE (TRAILING_SL) [CFGeometry_v1.0_Score50|eometry_v1.0_Score50]: NSE:NIFTYBANK-INDEX @ 57438.75 | SL→57536.43 TP→57348.94
2026-08-25 10:38:06,577 - INFO - 📊 EXECUTION AUDIT [CF_SL_MODIFIED]: trade_id=None, candidate_id=cand_NSE_NIFTY50_INDEX_EMAPULL_24154.85_20260825_094505_EMA_Pullback_20_50_RVOL0.5, payload={'price': 24131.15, 'old_sl': 24162.494, 'new_sl': 24162.044, 'old_tp': None, 'new_tp': 24078.25, 'reason': 'TRAILING_SL'}
2026-08-25 10:38:06,609 - INFO - 🟡 UPDATE (TRAILING_SL) [CFEMA_Pullback_20_50_RVOL0.5|llback_20_50_RVOL0.5]: NSE:NIFTY50-INDEX @ 24131.15 | SL→24162.04 TP→24078.25
2026-08-25 10:38:06,610 - INFO - 📊 EXECUTION AUDIT [CF_EXITED]: trade_id=None, candidate_id=cand_NSE_NIFTY50_INDEX_VWAPREV_24135.05_20260825_101005_VWAP_Reversion_1.5ATR_RVOL1.0, payload={'exit_price': 24128.3, 'exit_reason': 'TRAILING_SL', 'pnl_r': -0.16172506738544473, 'duration_minutes': 27.0030199, 'bars_held': 2}
2026-08-25 10:38:06,647 - INFO - 🔴 EXIT (TRAILING_SL) [CFVWAP_Reversion_1.5ATR_RVOL1.0|rsion_1.5ATR_RVOL1.0]: NSE:NIFTY50-INDEX @ 24128.30 | PnL -0.16R | MFE 0.87R | Capture -19% | 2bars HoldEff -0.081R/bar
2026-08-25 10:38:06,647 - INFO - 📊 EXECUTION AUDIT [CF_SL_MODIFIED]: trade_id=None, candidate_id=cand_NSE_NIFTYBANK_INDEX_VWAPRECLAIM_57479.30_20260825_101005_VWAP_Reclaim_v1.0, payload={'price': 57438.75, 'old_sl': 57496.84, 'new_sl': 57493.28999999999, 'old_tp': None, 'new_tp': 57123.0, 'reason': 'TRAILING_SL'}
2026-08-25 10:38:06,680 - INFO - 🟡 UPDATE (TRAILING_SL) [CFVWAP_Reclaim_v1.0|05_VWAP_Reclaim_v1.0]: NSE:NIFTYBANK-INDEX @ 57438.75 | SL→57493.29 TP→57123.00
2026-08-25 10:38:06,681 - INFO - 📊 EXECUTION AUDIT [CF_EXITED]: trade_id=None, candidate_id=cand_NSE_NIFTY50_INDEX_CONFLUENCE_BOUNCE_24141.20_202608251015_Geometry_v1.0_Score35, payload={'exit_price': 24128.3, 'exit_reason': 'INITIAL_SL', 'pnl_r': -0.1837270341207349, 'duration_minutes': 22.007579033333332, 'bars_held': 1}
2026-08-25 10:38:06,715 - INFO - 🔴 EXIT (INITIAL_SL) [CFGeometry_v1.0_Score35|eometry_v1.0_Score35]: NSE:NIFTY50-INDEX @ 24128.30 | PnL -0.18R | MFE 0.00R | Capture N/A | 1bars HoldEff -0.184R/bar
2026-08-25 10:38:06,715 - INFO - 📊 EXECUTION AUDIT [CF_EXITED]: trade_id=None, candidate_id=cand_NSE_NIFTYBANK_INDEX_EMAPULL_57478.30_20260825_101505_EMA_Pullback_20_50_RVOL0.5, payload={'exit_price': 57416.0, 'exit_reason': 'INITIAL_SL', 'pnl_r': -0.2762697022767075, 'duration_minutes': 22.007579033333332, 'bars_held': 1}
2026-08-25 10:38:06,749 - INFO - 🔴 EXIT (INITIAL_SL) [CFEMA_Pullback_20_50_RVOL0.5|llback_20_50_RVOL0.5]: NSE:NIFTYBANK-INDEX @ 57416.00 | PnL -0.28R | MFE 0.00R | Capture N/A | 1bars HoldEff -0.276R/bar
2026-08-25 10:38:07,135 - INFO - Retrieved live premium from Fyers API: LTP=62.0 for NSE:NIFTY26AUG24100CE
2026-08-25 10:38:08,139 - INFO - Retrieved live premium from Fyers API: LTP=14.8 for NSE:NIFTY26AUG24200CE
2026-08-25 10:38:08,963 - INFO - 📊 Saved 22 snapshots for NSE:NIFTY50-INDEX  (oi range: 443,690–50,821,095)
2026-08-25 10:38:09,132 - INFO - Retrieved live premium from Fyers API: LTP=14.75 for NSE:NIFTY26AUG24200CE
2026-08-25 10:38:10,068 - INFO - 📡 Fetching NSE:NIFTYBANK-INDEX @ 57425  expiry=26AUG  strikes=ATM±5
2026-08-25 10:38:10,152 - INFO - Retrieved live premium from Fyers API: LTP=271.35 for NSE:BANKNIFTY26AUG57200CE
2026-08-25 10:38:11,156 - INFO - Retrieved live premium from Fyers API: LTP=128.35 for NSE:BANKNIFTY26AUG57400CE
2026-08-25 10:38:12,164 - INFO - Retrieved live premium from Fyers API: LTP=129.3 for NSE:BANKNIFTY26AUG57400CE
2026-08-25 10:38:13,184 - INFO - Retrieved live premium from Fyers API: LTP=48.95 for NSE:BANKNIFTY26AUG57600CE
2026-08-25 10:38:14,172 - INFO - Retrieved live premium from Fyers API: LTP=129.2 for NSE:BANKNIFTY26AUG57400CE
2026-08-25 10:38:15,330 - INFO - Retrieved live premium from Fyers API: LTP=90.6 for NSE:BANKNIFTY26AUG57400PE
2026-08-25 10:38:16,184 - INFO - Retrieved live premium from Fyers API: LTP=53.35 for NSE:BANKNIFTY26AUG57300PE
2026-08-25 10:38:17,189 - INFO - Retrieved live premium from Fyers API: LTP=17.45 for NSE:BANKNIFTY26AUG57100PE
2026-08-25 10:38:18,195 - INFO - Retrieved live premium from Fyers API: LTP=81.1 for NSE:BANKNIFTY26AUG57500CE
2026-08-25 10:38:19,201 - INFO - Retrieved live premium from Fyers API: LTP=28.5 for NSE:BANKNIFTY26AUG57700CE
2026-08-25 10:38:20,366 - INFO - Retrieved live premium from Fyers API: LTP=88.85 for NSE:BANKNIFTY26AUG57400PE
2026-08-25 10:38:21,217 - INFO - Retrieved live premium from Fyers API: LTP=128.7 for NSE:BANKNIFTY26AUG57400CE
2026-08-25 10:38:22,224 - INFO - Retrieved live premium from Fyers API: LTP=10.75 for NSE:BANKNIFTY26AUG57000PE
2026-08-25 10:38:23,232 - INFO - Retrieved live premium from Fyers API: LTP=17.25 for NSE:BANKNIFTY26AUG57800CE
2026-08-25 10:38:24,255 - INFO - Retrieved live premium from Fyers API: LTP=52.95 for NSE:BANKNIFTY26AUG57300PE
2026-08-25 10:38:25,276 - INFO - Retrieved live premium from Fyers API: LTP=17.75 for NSE:BANKNIFTY26AUG57100PE
2026-08-25 10:38:26,383 - INFO - Retrieved live premium from Fyers API: LTP=79.9 for NSE:BANKNIFTY26AUG57500CE
2026-08-25 10:38:27,403 - INFO - Retrieved live premium from Fyers API: LTP=28.15 for NSE:BANKNIFTY26AUG57700CE
2026-08-25 10:38:28,420 - INFO - Retrieved live premium from Fyers API: LTP=53.35 for NSE:BANKNIFTY26AUG57300PE
2026-08-25 10:38:29,527 - INFO - Retrieved live premium from Fyers API: LTP=17.55 for NSE:BANKNIFTY26AUG57100PE
2026-08-25 10:38:30,409 - INFO - Retrieved live premium from Fyers API: LTP=80.05 for NSE:BANKNIFTY26AUG57500CE
2026-08-25 10:38:31,649 - INFO - Retrieved live premium from Fyers API: LTP=28.6 for NSE:BANKNIFTY26AUG57700CE
2026-08-25 10:38:32,285 - INFO - Retrieved live premium from Fyers API: LTP=80.75 for NSE:BANKNIFTY26AUG57500CE
2026-08-25 10:38:33,290 - INFO - Retrieved live premium from Fyers API: LTP=28.2 for NSE:BANKNIFTY26AUG57700CE
2026-08-25 10:38:34,297 - INFO - Retrieved live premium from Fyers API: LTP=191.85 for NSE:BANKNIFTY26AUG57300CE
2026-08-25 10:38:35,459 - INFO - Retrieved live premium from Fyers API: LTP=80.0 for NSE:BANKNIFTY26AUG57500CE
2026-08-25 10:38:36,301 - INFO - Retrieved live premium from Fyers API: LTP=79.65 for NSE:BANKNIFTY26AUG57500CE
2026-08-25 10:38:37,302 - INFO - Retrieved live premium from Fyers API: LTP=27.9 for NSE:BANKNIFTY26AUG57700CE
2026-08-25 10:38:38,319 - INFO - Retrieved live premium from Fyers API: LTP=27.85 for NSE:BANKNIFTY26AUG57700CE
2026-08-25 10:38:39,321 - INFO - Retrieved live premium from Fyers API: LTP=55.0 for NSE:BANKNIFTY26AUG57300PE
2026-08-25 10:38:41,510 - WARNING - ⚡ [OI_Scalping_v1.0] errors: ['INSUFFICIENT_ATM_DATA'] (0.0ms)
2026-08-25 10:38:41,522 - INFO - Resolved active expiry from DB: 26AUG (2026-08-25)
2026-08-25 10:38:41,522 - WARNING - ⚡ [OI_Scalping_v1.0] errors: ['INSUFFICIENT_ATM_DATA']
2026-08-25 10:38:42,488 - INFO - 📊 Saved 22 snapshots for NSE:NIFTYBANK-INDEX  (oi range: 83,640–2,772,000)
2026-08-25 10:38:42,976 - WARNING - ⚡ [OI_Scalping_v1.0] errors: ['INSUFFICIENT_ATM_DATA'] (0.0ms)
2026-08-25 10:38:42,990 - INFO - Resolved active expiry from DB: 26AUG (2026-08-25)
2026-08-25 10:38:42,991 - INFO - 👻 [Geometry_v1.0_Score35] CF CONFLUENCE_BOUNCE NSE:NIFTYBANK-INDEX BUY CALL | Rejected: ['LOW_RR:0.2']
2026-08-25 10:38:42,991 - INFO - 📊 EXECUTION AUDIT [SIGNAL_GENERATED]: trade_id=None, candidate_id=cand_NSE_NIFTYBANK_INDEX_CONFLUENCE_BOUNCE_57444.70_202608251037_Geometry_v1.0_Score35, payload={'symbol': 'NSE:NIFTYBANK-INDEX', 'candidate_id': 'cand_NSE_NIFTYBANK_INDEX_CONFLUENCE_BOUNCE_57444.70_202608251037_Geometry_v1.0_Score35', 'experiment_name': 'Geometry_v1.0_Score35', 'strategy_id': 'geometry', 'version': 'v1.0', 'signal': 'BUY CALL', 'strategy': 'CONFLUENCE_BOUNCE', 'price': 57444.7, 'stop_loss': 57414.34, 'take_profit': 57450.79, 'tp1': 57490.24, 'rr_ratio': 0.2, 'timestamp': '2026-08-25T10:37:05.774007+05:30', 'zone_band_low': 57437.82, 'zone_band_high': 57456.6, 'zone_direction': 'SUPPORT', 'zone_component_count': 2, 'accepted': False, 'rejection_reasons': ['LOW_RR:0.2'], 'stop_loss_distance': 30.36, 'atr': 60.72, 'confidence': 0.499, 'diagnostics': {'zone_score': 43.2, 'zone_explanation': 'SUPPORT + TRENDLINE EMA50 @ 57444.51 (±9.4pts, score=43)', 'dist_to_zone': 0.0, 'narrative_bias': 'CONTINUATION', 'bias_confidence': 0.6, 'zone_engine_confirmed': False}, 'features': {'regime_primary': 'GAP_DOWN', 'regime_vol_state': 'HIGH_VOL', 'market_regime': 'GAP_DOWN_HIGH_VOL'}}
2026-08-25 10:38:43,013 - INFO - Resolved active expiry from DB: 26AUG (2026-08-25)
2026-08-25 10:38:43,027 - INFO - Resolved index signal into option contract: OptionContract(symbol='NSE:BANKNIFTY26AUG57400CE', strike=57400.0, expiry='26AUG', option_type='CE', premium=129.65, delta=0.5, bid=129.3, ask=129.6, volume=13874040, resolved_at=datetime.datetime(2026, 8, 25, 10, 38, 43, 27002))
2026-08-25 10:38:43,027 - INFO - ⚡ Option strike selection resolved index signal to contract NSE:BANKNIFTY26AUG57400CE @ premium 129.65 (type: CE, strike: 57400.0)
2026-08-25 10:38:43,027 - INFO - 📊 EXECUTION AUDIT [STRIKE_SELECTED]: trade_id=None, candidate_id=cand_NSE_NIFTYBANK_INDEX_CONFLUENCE_BOUNCE_57444.70_202608251037_Geometry_v1.0_Score35, payload={'symbol': 'NSE:BANKNIFTY26AUG57400CE', 'strike': 57400.0, 'expiry': '26AUG', 'type': 'CE'}
2026-08-25 10:38:43,039 - INFO - 📊 EXECUTION AUDIT [PREMIUM_RETRIEVED]: trade_id=None, candidate_id=cand_NSE_NIFTYBANK_INDEX_CONFLUENCE_BOUNCE_57444.70_202608251037_Geometry_v1.0_Score35, payload={'premium': 129.65, 'bid': 129.3, 'ask': 129.6}
2026-08-25 10:38:43,051 - INFO - 📊 EXECUTION AUDIT [CF_SUBMITTED]: trade_id=None, candidate_id=cand_NSE_NIFTYBANK_INDEX_CONFLUENCE_BOUNCE_57444.70_202608251037_Geometry_v1.0_Score35, payload={'price': 57444.7, 'sl': 57414.34, 'tp': 57450.79}
2026-08-25 10:38:43,063 - INFO - 📊 EXECUTION AUDIT [CF_FILLED]: trade_id=None, candidate_id=cand_NSE_NIFTYBANK_INDEX_CONFLUENCE_BOUNCE_57444.70_202608251037_Geometry_v1.0_Score35, payload={'price': 57444.7, 'sl': 57414.34, 'tp': 57450.79}
2026-08-25 10:38:43,075 - INFO - 💰 Position size [CONFLUENCE_BOUNCE|GAP_DOWN_HIGH_VOL|conf=0]: frac=0.002 → ₹5,000 (risk/unit=0.05%)
2026-08-25 10:38:43,101 - INFO - 🟢 ENTRY [CF|Geometry_v1.0_Score35|eometry_v1.0_Score35]: NSE:NIFTYBANK-INDEX BUY CALL @ 57444.70 | SL: 57414.34 TP: 57450.79
2026-08-25 10:38:43,101 - WARNING - ⚡ [OI_Scalping_v1.0] errors: ['INSUFFICIENT_ATM_DATA']
2026-08-25 10:38:43,102 - INFO - 👻 [ExpiryAwareTheta_v1.0] CF COMBO IRON_CONDOR NSE:NIFTYBANK-INDEX IRON_CONDOR | Rejected: ['HIGH_RVOL']
2026-08-25 10:38:43,116 - INFO - Resolved active expiry from DB: 26AUG (2026-08-25)
2026-08-25 10:38:43,238 - INFO - Retrieved live premium from Fyers API: LTP=5.05 for NSE:BANKNIFTY26AUG56800PE
2026-08-25 10:38:43,583 - INFO - 📡 Fetching NSE:NIFTY50-INDEX @ 24129  expiry=26AUG  strikes=ATM±5
2026-08-25 10:38:44,256 - INFO - Retrieved live premium from Fyers API: LTP=7.85 for NSE:BANKNIFTY26AUG58000CE
2026-08-25 10:38:44,257 - INFO - Resolved IRON_CONDOR for NSE:NIFTYBANK-INDEX: [('PE', 'SELL', 57300.0), ('PE', 'BUY', 56800.0), ('CE', 'SELL', 57500.0), ('CE', 'BUY', 58000.0)] net_premium=-119.75 max_loss=380.25
2026-08-25 10:38:44,314 - INFO - 🟢 CF COMBO ENTRY [ExpiryAwareTheta_v1.0|xpiryAwareTheta_v1.0]: NSE:NIFTYBANK-INDEX IRON_CONDOR | Net premium: -119.75 | Max loss: 380.25
2026-08-25 10:41:48,755 - INFO - 🔔 [New Candle Closed] Running entry pipeline for candle 10:40 at 10:41:48...
2026-08-25 10:41:48,755 - INFO - --- 10:41:48 Market Pulse ---
2026-08-25 10:41:53,883 - INFO - 📊 EXECUTION AUDIT [SL_MODIFIED]: trade_id=trade_NSE_NIFTY50_INDEX_OIWallReaction_v1.0_1787631155, candidate_id=cand_NSE_NIFTY50_INDEX_OI_WALL_BREAK_24172.80_20260825_094235_OIWallReaction_v1.0, payload={'price': 24127.8, 'old_sl': 24161.396500000003, 'new_sl': 24158.0465, 'old_tp': None, 'new_tp': 24111.87, 'reason': 'TRAILING_SL'}
2026-08-25 10:41:53,964 - INFO - 🟡 UPDATE (TRAILING_SL) [OIWallReaction_v1.0|_OIWallReaction_v1.0]: NSE:NIFTY50-INDEX @ 24127.80 | SL→24158.05 TP→24111.87
2026-08-25 10:41:54,014 - INFO - 📊 EXECUTION AUDIT [SL_MODIFIED]: trade_id=trade_NSE_NIFTY50_INDEX_GapRegime_v2.0_1787631905, candidate_id=cand_NSE_NIFTY50_INDEX_GAP_AND_GO_24138.10_20260825_095505_GapRegime_v2.0, payload={'price': 24127.8, 'old_sl': 24171.4, 'new_sl': 24168.05, 'old_tp': None, 'new_tp': 24051.3, 'reason': 'TRAILING_SL'}
2026-08-25 10:41:54,061 - INFO - 🟡 UPDATE (TRAILING_SL) [GapRegime_v2.0|95505_GapRegime_v2.0]: NSE:NIFTY50-INDEX @ 24127.80 | SL→24168.05 TP→24051.30
2026-08-25 10:41:54,083 - INFO - 📊 EXECUTION AUDIT [SL_MODIFIED]: trade_id=trade_NSE_NIFTY50_INDEX_OrderFlow_v1.0_1787632805, candidate_id=cand_NSE_NIFTY50_INDEX_LIQUIDITY_SWEEP_24135.05_20260825_101005_OrderFlow_v1.0, payload={'price': 24127.8, 'old_sl': 24152.133000000005, 'new_sl': 24148.783000000003, 'old_tp': None, 'new_tp': 24077.39, 'reason': 'TRAILING_SL'}
2026-08-25 10:41:54,127 - INFO - 🟡 UPDATE (TRAILING_SL) [OrderFlow_v1.0|01005_OrderFlow_v1.0]: NSE:NIFTY50-INDEX @ 24127.80 | SL→24148.78 TP→24077.39
2026-08-25 10:41:54,148 - INFO - 📊 EXECUTION AUDIT [SL_MODIFIED]: trade_id=trade_NSE_NIFTYBANK_INDEX_RelativeValue_NIFTY_BANKNIFTY_v1.0_1787632805, candidate_id=cand_NSE_NIFTYBANK_INDEX_RELVAL_57479.30_20260825_101005_RelativeValue_NIFTY_BANKNIFTY_v1.0, payload={'price': 57421.75, 'old_sl': 57474.38, 'new_sl': 57457.38, 'old_tp': None, 'new_tp': 57366.80090976493, 'reason': 'TRAILING_SL'}
2026-08-25 10:41:54,194 - INFO - 🟡 UPDATE (TRAILING_SL) [RelativeValue_NIFTY_BANKNIFTY_v1.0|NIFTY_BANKNIFTY_v1.0]: NSE:NIFTYBANK-INDEX @ 57421.75 | SL→57457.38 TP→57366.80
2026-08-25 10:41:54,212 - INFO - 📊 EXECUTION AUDIT [CF_SL_MODIFIED]: trade_id=None, candidate_id=cand_NSE_NIFTY50_INDEX_TRENDLINE_RETEST_24172.80_202608250942_Geometry_v1.0_Score35, payload={'price': 24127.8, 'old_sl': 24156.600000000002, 'new_sl': 24153.25, 'old_tp': None, 'new_tp': 24122.43, 'reason': 'TRAILING_SL'}
2026-08-25 10:41:54,252 - INFO - 🟡 UPDATE (TRAILING_SL) [CFGeometry_v1.0_Score35|eometry_v1.0_Score35]: NSE:NIFTY50-INDEX @ 24127.80 | SL→24153.25 TP→24122.43
2026-08-25 10:41:54,252 - INFO - 📊 EXECUTION AUDIT [CF_SL_MODIFIED]: trade_id=None, candidate_id=cand_NSE_NIFTY50_INDEX_TRENDLINE_RETEST_24172.80_202608250942_Geometry_v1.0_Score50, payload={'price': 24127.8, 'old_sl': 24156.600000000002, 'new_sl': 24153.25, 'old_tp': None, 'new_tp': 24122.43, 'reason': 'TRAILING_SL'}
2026-08-25 10:41:54,290 - INFO - 🟡 UPDATE (TRAILING_SL) [CFGeometry_v1.0_Score50|eometry_v1.0_Score50]: NSE:NIFTY50-INDEX @ 24127.80 | SL→24153.25 TP→24122.43
2026-08-25 10:41:54,290 - INFO - 📊 EXECUTION AUDIT [CF_SL_MODIFIED]: trade_id=None, candidate_id=cand_NSE_NIFTY50_INDEX_OI_WALL_FADE_24172.80_20260825_094235_OIWallReaction_v1.0, payload={'price': 24127.8, 'old_sl': 24161.396500000003, 'new_sl': 24158.0465, 'old_tp': None, 'new_tp': 24109.260499999997, 'reason': 'TRAILING_SL'}
2026-08-25 10:41:54,326 - INFO - 🟡 UPDATE (TRAILING_SL) [CFOIWallReaction_v1.0|_OIWallReaction_v1.0]: NSE:NIFTY50-INDEX @ 24127.80 | SL→24158.05 TP→24109.26
2026-08-25 10:41:54,326 - INFO - 📊 EXECUTION AUDIT [CF_SL_MODIFIED]: trade_id=None, candidate_id=cand_NSE_NIFTYBANK_INDEX_TRENDLINE_RETEST_57544.30_202608250942_Geometry_v1.0_Score35, payload={'price': 57421.75, 'old_sl': 57536.43, 'new_sl': 57519.43, 'old_tp': None, 'new_tp': 57348.94, 'reason': 'TRAILING_SL'}
2026-08-25 10:41:54,361 - INFO - 🟡 UPDATE (TRAILING_SL) [CFGeometry_v1.0_Score35|eometry_v1.0_Score35]: NSE:NIFTYBANK-INDEX @ 57421.75 | SL→57519.43 TP→57348.94
2026-08-25 10:41:54,361 - INFO - 📊 EXECUTION AUDIT [CF_SL_MODIFIED]: trade_id=None, candidate_id=cand_NSE_NIFTYBANK_INDEX_TRENDLINE_RETEST_57544.30_202608250942_Geometry_v1.0_Score50, payload={'price': 57421.75, 'old_sl': 57536.43, 'new_sl': 57519.43, 'old_tp': None, 'new_tp': 57348.94, 'reason': 'TRAILING_SL'}
2026-08-25 10:41:54,395 - INFO - 🟡 UPDATE (TRAILING_SL) [CFGeometry_v1.0_Score50|eometry_v1.0_Score50]: NSE:NIFTYBANK-INDEX @ 57421.75 | SL→57519.43 TP→57348.94
2026-08-25 10:41:54,396 - INFO - 📊 EXECUTION AUDIT [CF_SL_MODIFIED]: trade_id=None, candidate_id=cand_NSE_NIFTY50_INDEX_EMAPULL_24154.85_20260825_094505_EMA_Pullback_20_50_RVOL0.5, payload={'price': 24127.8, 'old_sl': 24162.044, 'new_sl': 24158.694, 'old_tp': None, 'new_tp': 24078.25, 'reason': 'TRAILING_SL'}
2026-08-25 10:41:54,432 - INFO - 🟡 UPDATE (TRAILING_SL) [CFEMA_Pullback_20_50_RVOL0.5|llback_20_50_RVOL0.5]: NSE:NIFTY50-INDEX @ 24127.80 | SL→24158.69 TP→24078.25
2026-08-25 10:41:54,433 - INFO - 📊 EXECUTION AUDIT [CF_SL_MODIFIED]: trade_id=None, candidate_id=cand_NSE_NIFTYBANK_INDEX_VWAPRECLAIM_57479.30_20260825_101005_VWAP_Reclaim_v1.0, payload={'price': 57421.75, 'old_sl': 57493.28999999999, 'new_sl': 57476.28999999999, 'old_tp': None, 'new_tp': 57123.0, 'reason': 'TRAILING_SL'}
2026-08-25 10:41:54,471 - INFO - 🟡 UPDATE (TRAILING_SL) [CFVWAP_Reclaim_v1.0|05_VWAP_Reclaim_v1.0]: NSE:NIFTYBANK-INDEX @ 57421.75 | SL→57476.29 TP→57123.00
2026-08-25 10:41:54,472 - INFO - 📊 EXECUTION AUDIT [CF_EXITED]: trade_id=None, candidate_id=cand_NSE_NIFTYBANK_INDEX_CONFLUENCE_BOUNCE_57444.70_202608251037_Geometry_v1.0_Score35, payload={'exit_price': 57414.34, 'exit_reason': 'INITIAL_SL', 'pnl_r': 0.030864197530864196, 'duration_minutes': 4.716363983333333, 'bars_held': 1}
2026-08-25 10:41:54,507 - INFO - 🔴 EXIT (INITIAL_SL) [CFGeometry_v1.0_Score35|eometry_v1.0_Score35]: NSE:NIFTYBANK-INDEX @ 57414.34 | PnL +0.03R | MFE 0.00R | Capture N/A | 1bars HoldEff +0.031R/bar
2026-08-25 10:41:54,874 - INFO - Retrieved live premium from Fyers API: LTP=60.75 for NSE:NIFTY26AUG24100CE
2026-08-25 10:41:56,295 - INFO - Retrieved live premium from Fyers API: LTP=14.3 for NSE:NIFTY26AUG24200CE
2026-08-25 10:41:56,784 - INFO - 📊 Saved 22 snapshots for NSE:NIFTY50-INDEX  (oi range: 453,570–50,930,815)
2026-08-25 10:41:56,982 - INFO - Retrieved live premium from Fyers API: LTP=14.3 for NSE:NIFTY26AUG24200CE
2026-08-25 10:41:58,004 - INFO - Retrieved live premium from Fyers API: LTP=4.2 for NSE:NIFTY26AUG24300CE
2026-08-25 10:41:58,006 - INFO - 📡 Fetching NSE:NIFTYBANK-INDEX @ 57429  expiry=26AUG  strikes=ATM±5
2026-08-25 10:41:59,006 - INFO - Retrieved live premium from Fyers API: LTP=275.05 for NSE:BANKNIFTY26AUG57200CE
2026-08-25 10:42:00,101 - INFO - Retrieved live premium from Fyers API: LTP=134.0 for NSE:BANKNIFTY26AUG57400CE
2026-08-25 10:42:00,982 - INFO - Retrieved live premium from Fyers API: LTP=134.55 for NSE:BANKNIFTY26AUG57400CE
2026-08-25 10:42:02,046 - INFO - Retrieved live premium from Fyers API: LTP=51.2 for NSE:BANKNIFTY26AUG57600CE
2026-08-25 10:42:02,912 - INFO - Retrieved live premium from Fyers API: LTP=71.2 for NSE:NIFTY26AUG24200PE
2026-08-25 10:42:03,915 - INFO - Retrieved live premium from Fyers API: LTP=17.4 for NSE:NIFTY26AUG24100PE
2026-08-25 10:42:05,077 - INFO - Retrieved live premium from Fyers API: LTP=14.5 for NSE:NIFTY26AUG24200CE
2026-08-25 10:42:06,141 - INFO - Retrieved live premium from Fyers API: LTP=70.8 for NSE:NIFTY26AUG24200PE
2026-08-25 10:42:07,037 - INFO - Retrieved live premium from Fyers API: LTP=70.75 for NSE:NIFTY26AUG24200PE
2026-08-25 10:42:08,098 - INFO - Retrieved live premium from Fyers API: LTP=14.6 for NSE:NIFTY26AUG24200CE
2026-08-25 10:42:08,931 - INFO - Retrieved live premium from Fyers API: LTP=3.6 for NSE:NIFTY26AUG24000PE
2026-08-25 10:42:09,941 - INFO - Retrieved live premium from Fyers API: LTP=1.85 for NSE:NIFTY26AUG24400CE
2026-08-25 10:42:10,949 - INFO - Retrieved live premium from Fyers API: LTP=36.8 for NSE:NIFTY26AUG24150PE
2026-08-25 10:42:11,960 - INFO - Retrieved live premium from Fyers API: LTP=7.2 for NSE:NIFTY26AUG24050PE
2026-08-25 10:42:12,946 - INFO - Retrieved live premium from Fyers API: LTP=7.05 for NSE:NIFTY26AUG24250CE
2026-08-25 10:42:14,140 - INFO - Retrieved live premium from Fyers API: LTP=2.45 for NSE:NIFTY26AUG24350CE
2026-08-25 10:42:14,953 - INFO - Retrieved live premium from Fyers API: LTP=133.7 for NSE:BANKNIFTY26AUG57400CE
2026-08-25 10:42:15,970 - INFO - Retrieved live premium from Fyers API: LTP=87.7 for NSE:BANKNIFTY26AUG57400PE
2026-08-25 10:42:16,982 - INFO - Retrieved live premium from Fyers API: LTP=52.2 for NSE:BANKNIFTY26AUG57300PE
2026-08-25 10:42:18,000 - INFO - Retrieved live premium from Fyers API: LTP=17.3 for NSE:BANKNIFTY26AUG57100PE
2026-08-25 10:42:19,008 - INFO - Retrieved live premium from Fyers API: LTP=83.95 for NSE:BANKNIFTY26AUG57500CE
2026-08-25 10:42:19,996 - INFO - Retrieved live premium from Fyers API: LTP=29.7 for NSE:BANKNIFTY26AUG57700CE
2026-08-25 10:42:21,001 - INFO - Retrieved live premium from Fyers API: LTP=87.1 for NSE:BANKNIFTY26AUG57400PE
2026-08-25 10:42:22,160 - INFO - Retrieved live premium from Fyers API: LTP=133.6 for NSE:BANKNIFTY26AUG57400CE
2026-08-25 10:42:23,016 - INFO - Retrieved live premium from Fyers API: LTP=10.55 for NSE:BANKNIFTY26AUG57000PE
2026-08-25 10:42:24,023 - INFO - Retrieved live premium from Fyers API: LTP=18.45 for NSE:BANKNIFTY26AUG57800CE
2026-08-25 10:42:25,008 - INFO - Retrieved live premium from Fyers API: LTP=70.4 for NSE:NIFTY26AUG24200PE
2026-08-25 10:42:26,028 - INFO - Retrieved live premium from Fyers API: LTP=14.6 for NSE:NIFTY26AUG24200CE
2026-08-25 10:42:27,046 - INFO - Retrieved live premium from Fyers API: LTP=3.65 for NSE:NIFTY26AUG24000PE
2026-08-25 10:42:28,059 - INFO - Retrieved live premium from Fyers API: LTP=1.9 for NSE:NIFTY26AUG24400CE
2026-08-25 10:42:28,614 - INFO - 📊 Saved 22 snapshots for NSE:NIFTYBANK-INDEX  (oi range: 83,730–2,811,630)
2026-08-25 10:42:29,066 - INFO - Retrieved live premium from Fyers API: LTP=35.85 for NSE:NIFTY26AUG24150PE
2026-08-25 10:42:29,878 - INFO - 📡 Fetching NSE:NIFTY50-INDEX @ 24131  expiry=26AUG  strikes=ATM±5
2026-08-25 10:42:30,063 - INFO - Retrieved live premium from Fyers API: LTP=7.0 for NSE:NIFTY26AUG24050PE
2026-08-25 10:42:31,075 - INFO - Retrieved live premium from Fyers API: LTP=7.15 for NSE:NIFTY26AUG24250CE
2026-08-25 10:42:32,074 - INFO - Retrieved live premium from Fyers API: LTP=2.45 for NSE:NIFTY26AUG24350CE
2026-08-25 10:42:33,090 - INFO - Retrieved live premium from Fyers API: LTP=36.2 for NSE:NIFTY26AUG24150PE
2026-08-25 10:42:34,249 - INFO - Retrieved live premium from Fyers API: LTP=7.15 for NSE:NIFTY26AUG24050PE
2026-08-25 10:42:35,263 - INFO - Retrieved live premium from Fyers API: LTP=7.15 for NSE:NIFTY26AUG24250CE
2026-08-25 10:42:36,109 - INFO - Retrieved live premium from Fyers API: LTP=2.5 for NSE:NIFTY26AUG24350CE
2026-08-25 10:42:37,127 - INFO - Retrieved live premium from Fyers API: LTP=69.0 for NSE:NIFTY26AUG24200PE
2026-08-25 10:42:38,128 - INFO - Retrieved live premium from Fyers API: LTP=14.95 for NSE:NIFTY26AUG24200CE
2026-08-25 10:42:39,143 - INFO - Retrieved live premium from Fyers API: LTP=3.55 for NSE:NIFTY26AUG24000PE
2026-08-25 10:42:40,133 - INFO - Retrieved live premium from Fyers API: LTP=1.9 for NSE:NIFTY26AUG24400CE
2026-08-25 10:42:41,154 - INFO - Retrieved live premium from Fyers API: LTP=35.9 for NSE:NIFTY26AUG24150PE
2026-08-25 10:42:42,165 - INFO - Retrieved live premium from Fyers API: LTP=7.05 for NSE:NIFTY26AUG24050PE
2026-08-25 10:42:43,177 - INFO - Retrieved live premium from Fyers API: LTP=7.3 for NSE:NIFTY26AUG24250CE
2026-08-25 10:42:44,171 - INFO - Retrieved live premium from Fyers API: LTP=2.55 for NSE:NIFTY26AUG24350CE
2026-08-25 10:42:45,172 - INFO - Retrieved live premium from Fyers API: LTP=7.35 for NSE:NIFTY26AUG24250CE
2026-08-25 10:42:46,355 - INFO - Retrieved live premium from Fyers API: LTP=6.85 for NSE:NIFTY26AUG24050PE
2026-08-25 10:42:47,198 - INFO - Retrieved live premium from Fyers API: LTP=104.4 for NSE:NIFTY26AUG24050CE
2026-08-25 10:42:48,192 - INFO - Retrieved live premium from Fyers API: LTP=32.1 for NSE:NIFTY26AUG24150CE
2026-08-25 10:42:49,200 - INFO - Retrieved live premium from Fyers API: LTP=31.9 for NSE:NIFTY26AUG24150CE
2026-08-25 10:42:50,192 - INFO - Retrieved live premium from Fyers API: LTP=7.4 for NSE:NIFTY26AUG24250CE
2026-08-25 10:42:51,220 - INFO - Retrieved live premium from Fyers API: LTP=15.3 for NSE:NIFTY26AUG24200CE
2026-08-25 10:42:52,200 - INFO - Retrieved live premium from Fyers API: LTP=4.35 for NSE:NIFTY26AUG24300CE
2026-08-25 10:42:53,210 - INFO - Retrieved live premium from Fyers API: LTP=16.3 for NSE:NIFTY26AUG24100PE
2026-08-25 10:42:54,200 - INFO - Retrieved live premium from Fyers API: LTP=3.55 for NSE:NIFTY26AUG24000PE
2026-08-25 10:42:55,383 - INFO - Retrieved live premium from Fyers API: LTP=15.0 for NSE:NIFTY26AUG24200CE
2026-08-25 10:42:56,247 - INFO - Retrieved live premium from Fyers API: LTP=4.3 for NSE:NIFTY26AUG24300CE
2026-08-25 10:42:57,242 - INFO - Retrieved live premium from Fyers API: LTP=36.75 for NSE:NIFTY26AUG24150PE
2026-08-25 10:42:58,248 - INFO - Retrieved live premium from Fyers API: LTP=7.2 for NSE:NIFTY26AUG24050PE
2026-08-25 10:42:59,247 - INFO - Retrieved live premium from Fyers API: LTP=36.5 for NSE:NIFTY26AUG24150PE
2026-08-25 10:42:59,436 - INFO - 📊 Saved 22 snapshots for NSE:NIFTY50-INDEX  (oi range: 464,425–50,945,505)
2026-08-25 10:43:00,256 - INFO - Retrieved live premium from Fyers API: LTP=7.15 for NSE:NIFTY26AUG24050PE
2026-08-25 10:43:00,548 - INFO - 📡 Fetching NSE:NIFTYBANK-INDEX @ 57441  expiry=26AUG  strikes=ATM±5
2026-08-25 10:43:01,274 - INFO - Retrieved live premium from Fyers API: LTP=4.9 for NSE:BANKNIFTY26AUG56800PE
2026-08-25 10:43:02,438 - INFO - Retrieved live premium from Fyers API: LTP=8.55 for NSE:BANKNIFTY26AUG58000CE
2026-08-25 10:43:04,640 - INFO - Resolved active expiry from DB: 26AUG (2026-08-25)
2026-08-25 10:43:06,048 - INFO - Resolved active expiry from DB: 26AUG (2026-08-25)
2026-08-25 11:16:58,663 - INFO - 📊 Saved 22 snapshots for NSE:NIFTYBANK-INDEX  (oi range: 83,700–2,535,360)
2026-08-25 11:16:59,759 - INFO - 📡 Fetching NSE:NIFTY50-INDEX @ 24146  expiry=26AUG  strikes=ATM±5
2026-08-25 11:17:00,683 - INFO - ⏱️ [Real-time Exit Loop] Checking open positions @ 11:17:00...
2026-08-25 11:17:01,926 - INFO - 📊 EXECUTION AUDIT [ORDER_EXITED]: trade_id=trade_NSE_NIFTYBANK_INDEX_RelativeValue_NIFTY_BANKNIFTY_v1.0_1787632805, candidate_id=cand_NSE_NIFTYBANK_INDEX_RELVAL_57479.30_20260825_101005_RelativeValue_NIFTY_BANKNIFTY_v1.0, payload={'exit_price': 57461.55, 'exit_reason': 'TRAILING_SL', 'pnl_r': 0.009664058904739965, 'duration_minutes': 66.91817198333334, 'bars_held': 3}
2026-08-25 11:17:01,969 - INFO - 🔴 EXIT (TRAILING_SL) [RelativeValue_NIFTY_BANKNIFTY_v1.0|NIFTY_BANKNIFTY_v1.0]: NSE:NIFTYBANK-INDEX @ 57461.55 | PnL +0.01R | MFE 1.62R | Capture 1% | 3bars HoldEff +0.003R/bar
2026-08-25 12:08:23,321 - INFO - 📊 Saved 22 snapshots for NSE:NIFTY50-INDEX  (oi range: 393,705–51,713,220)
2026-08-25 12:08:24,422 - INFO - 📡 Fetching NSE:NIFTYBANK-INDEX @ 57478  expiry=26AUG  strikes=ATM±5
2026-08-25 13:00:14,768 - INFO - 📊 Saved 22 snapshots for NSE:NIFTYBANK-INDEX  (oi range: 134,160–3,400,200)
2026-08-25 13:00:15,979 - INFO - 📡 Fetching NSE:NIFTY50-INDEX @ 24156  expiry=26AUG  strikes=ATM±5
2026-08-25 14:01:41,843 - INFO - 📊 Saved 22 snapshots for NSE:NIFTY50-INDEX  (oi range: 396,890–53,252,680)
2026-08-25 14:01:42,940 - INFO - 📡 Fetching NSE:NIFTYBANK-INDEX @ 57310  expiry=26AUG  strikes=ATM±5
2026-08-25 15:20:02,985 - WARNING - Depth request failed for NSE:BANKNIFTY26AUG57800PE: {'code': -1, 'message': 'Network connection failure before HTTP response', 's': 'error'}
2026-08-25 15:20:02,986 - WARNING - ⚠️  No depth for NSE:BANKNIFTY26AUG57800PE
2026-08-25 15:20:04,222 - INFO - 📊 Saved 21 snapshots for NSE:NIFTYBANK-INDEX  (oi range: 36,390–4,327,440)
2026-08-25 15:20:05,341 - INFO - 📡 Fetching NSE:NIFTY50-INDEX @ 24260  expiry=26AUG  strikes=ATM±5
2026-08-25 16:03:50,956 - WARNING - Depth request failed for NSE:NIFTY26AUG24250CE: {'code': -1, 'message': 'Network connection failure before HTTP response', 's': 'error'}
2026-08-25 16:03:50,956 - WARNING - ⚠️  No depth for NSE:NIFTY26AUG24250CE
2026-08-25 16:19:17,976 - INFO - 📊 Saved 21 snapshots for NSE:NIFTY50-INDEX  (oi range: 341,575–17,808,050)
2026-08-25 16:36:29,071 - INFO - 📡 Fetching NSE:NIFTYBANK-INDEX @ 57514  expiry=26AUG  strikes=ATM±5
2026-08-25 17:19:57,932 - WARNING - Depth request failed for NSE:BANKNIFTY26AUG57500PE: {'code': -1, 'message': 'Network connection failure before HTTP response', 's': 'error'}
2026-08-25 17:19:57,932 - WARNING - ⚠️  No depth for NSE:BANKNIFTY26AUG57500PE
2026-08-25 17:48:09,936 - INFO - 📊 Saved 21 snapshots for NSE:NIFTYBANK-INDEX  (oi range: 116,910–2,762,400)
