2026-09-01 09:41:12,719 - INFO - 🔔 [New Candle Closed] Running entry pipeline for candle 09:40 at 09:41:12...
2026-09-01 09:41:12,776 - INFO - 🗓️ Risk day rolled to 2026-09-01 — daily counters reset.
2026-09-01 09:41:12,778 - INFO - --- 09:41:12 Market Pulse ---
2026-09-01 09:41:12,865 - WARNING - No quotes data available for ['NSE:NIFTY50-INDEX', 'NSE:NIFTYBANK-INDEX'] (code=-1, message=Network connection failure before HTTP response)
2026-09-01 09:41:13,792 - ERROR - ❌ Historical data request failed for NSE:NIFTY50-INDEX (attempt 1/3): {'code': -1, 'message': 'Network connection failure before HTTP response', 's': 'error'}
2026-09-01 09:41:14,810 - ERROR - ❌ Historical data request failed for NSE:NIFTY50-INDEX (attempt 2/3): {'code': -1, 'message': 'Network connection failure before HTTP response', 's': 'error'}
2026-09-01 09:41:15,821 - ERROR - ❌ Historical data request failed for NSE:NIFTY50-INDEX (attempt 3/3): {'code': -1, 'message': 'Network connection failure before HTTP response', 's': 'error'}
2026-09-01 09:41:15,908 - ERROR - ❌ Historical data request failed for NSE:NIFTY50-INDEX (attempt 1/3): {'code': -1, 'message': 'Network connection failure before HTTP response', 's': 'error'}
2026-09-01 09:41:16,917 - ERROR - ❌ Historical data request failed for NSE:NIFTY50-INDEX (attempt 2/3): {'code': -1, 'message': 'Network connection failure before HTTP response', 's': 'error'}
2026-09-01 09:41:18,044 - ERROR - ❌ Historical data request failed for NSE:NIFTY50-INDEX (attempt 3/3): {'code': -16, 'message': 'Could not authenticate the user', 's': 'error'}
2026-09-01 09:41:18,335 - ERROR - ❌ Historical data request failed for NSE:NIFTY50-INDEX (attempt 1/3): {'code': -16, 'message': 'Could not authenticate the user', 's': 'error'}
2026-09-01 09:41:19,530 - ERROR - ❌ Historical data request failed for NSE:NIFTY50-INDEX (attempt 2/3): {'code': -16, 'message': 'Could not authenticate the user', 's': 'error'}
2026-09-01 09:41:20,638 - ERROR - ❌ Historical data request failed for NSE:NIFTY50-INDEX (attempt 3/3): {'code': -16, 'message': 'Could not authenticate the user', 's': 'error'}
2026-09-01 09:41:20,644 - WARNING - ⚠️ Could not fetch complete MTF data for NSE:NIFTY50-INDEX
2026-09-01 09:41:20,779 - ERROR - ❌ Historical data request failed for NSE:NIFTYBANK-INDEX (attempt 1/3): {'code': -16, 'message': 'Could not authenticate the user', 's': 'error'}
2026-09-01 09:42:23,757 - INFO - 🔑 Loaded access token from local JSON cache: /Users/kashishbaggafeast/Desktop/Bot/tokens/token_2026-09-01.json
2026-09-01 09:42:23,870 - INFO - ✅ Fyers client initialized successfully
2026-09-01 09:42:23,948 - INFO - ✅ PostgreSQL tables and migrations checked/initialized
2026-09-01 09:42:23,962 - INFO - ✅ Option snapshots & audits converted to hypertables, indexes generated
2026-09-01 09:42:24,010 - INFO - ✅ PostgreSQL / TimescaleDB fully initialized
2026-09-01 09:42:24,011 - INFO - 🔑 Loaded access token from local JSON cache: /Users/kashishbaggafeast/Desktop/Bot/tokens/token_2026-09-01.json
2026-09-01 09:42:24,128 - INFO - ✅ Fyers client initialized successfully
2026-09-01 09:42:24,129 - INFO - 📡 Option warehouse started in background thread (real OI capture)
2026-09-01 09:42:24,129 - INFO - 🚀 Option Warehouse (real OI) started for: ['NSE:NIFTY50-INDEX', 'NSE:NIFTYBANK-INDEX']  (interval=60s, depth=5 strikes)
2026-09-01 09:42:24,129 - INFO - [PreMarketCollector] Started
2026-09-01 09:42:24,129 - INFO - 🌅 Pre-market collector started in background thread
2026-09-01 09:42:24,131 - INFO - 🔑 Loaded access token from local JSON cache: /Users/kashishbaggafeast/Desktop/Bot/tokens/token_2026-09-01.json
2026-09-01 09:42:24,163 - INFO - ✅ TimeOfDayEngine initialized with 75 slots.
2026-09-01 09:42:24,164 - INFO - ✅ TimeOfDayEngine initialized with 75 slots.
2026-09-01 09:42:24,164 - INFO - 🏛️ Structural Decision Engine initialized | Phase 3.2 (Final Polish) Active
2026-09-01 09:42:24,164 - INFO - 🏛️ StructuralStrategy initialized [rvol>=1.0, zone_score>=50.0]
2026-09-01 09:42:24,178 - INFO - 📋 Registered experiment: Structural_v3.2_RVOL1.0 [structural@v3.2] hash=e94c3fcc1fbc618d git=2a5c1cd
2026-09-01 09:42:24,178 - INFO - 🏛️ Structural Decision Engine initialized | Phase 3.2 (Final Polish) Active
2026-09-01 09:42:24,178 - INFO - 🏛️ StructuralStrategy initialized [rvol>=0.8, zone_score>=50.0]
2026-09-01 09:42:24,189 - INFO - 📋 Registered experiment: Structural_v3.2_RVOL0.8 [structural@v3.2] hash=40874fb174f2baa6 git=2a5c1cd
2026-09-01 09:42:24,190 - INFO - 🏛️ Structural Decision Engine initialized | Phase 3.2 (Final Polish) Active
2026-09-01 09:42:24,190 - INFO - 🏛️ StructuralStrategy initialized [rvol>=1.0, zone_score>=50.0]
2026-09-01 09:42:24,201 - INFO - 📋 Registered experiment: Structural_v3.3_ExitMgmt [structural@v3.2] hash=e1769b03d05cde8f git=2a5c1cd
2026-09-01 09:42:24,210 - INFO - 📋 Registered experiment: EMA_Pullback_20_50_RVOL0.5 [ema_pullback@v1.0] hash=5a4bec1b92d6a585 git=2a5c1cd
2026-09-01 09:42:24,219 - INFO - 📋 Registered experiment: VWAP_Reversion_1.5ATR_RVOL1.0 [vwap_reversion@v1.0] hash=3d6d96cb21ff71cd git=2a5c1cd
2026-09-01 09:42:24,229 - INFO - 📋 Registered experiment: PrevDay_Extremes_RVOL1.2 [prev_day_extremes@v1.0] hash=952708070530c475 git=2a5c1cd
2026-09-01 09:42:24,237 - INFO - 📋 Registered experiment: ATR_Squeeze_RVOL1.5 [atr_squeeze@v1.0] hash=a7e6c9da59c6194f git=2a5c1cd
2026-09-01 09:42:24,238 - INFO - 📐 GeometryStrategy initialized [score>=35.0, tol=0.2%, RR>=1.5, trendline_break=True]
2026-09-01 09:42:24,246 - INFO - 📋 Registered experiment: Geometry_v1.0_Score35 [geometry@v1.0] hash=b459af5a6ce8e15c git=2a5c1cd
2026-09-01 09:42:24,246 - INFO - 📐 GeometryStrategy initialized [score>=50.0, tol=0.2%, RR>=1.8, trendline_break=True]
2026-09-01 09:42:24,254 - INFO - 📋 Registered experiment: Geometry_v1.0_Score50 [geometry@v1.0] hash=431ce308e16d5c85 git=2a5c1cd
2026-09-01 09:42:24,254 - INFO - 💧 OrderFlowStrategy initialized [sweep>=0.6, imbalance>=0.55]
2026-09-01 09:42:24,259 - INFO - ✅ Fyers client initialized successfully
2026-09-01 09:42:24,264 - INFO - 📋 Registered experiment: OrderFlow_v1.0 [order_flow@v1.0] hash=be581b5e26fdcef5 git=2a5c1cd
2026-09-01 09:42:24,273 - INFO - 📋 Registered experiment: VWAP_Reclaim_v1.0 [vwap_reclaim@v1.0] hash=5b56271e96b1fee9 git=2a5c1cd
2026-09-01 09:42:24,281 - INFO - 📋 Registered experiment: CPR_v1.0 [cpr@v1.0] hash=0d2ee99831362dc3 git=2a5c1cd
2026-09-01 09:42:24,291 - INFO - 📋 Registered experiment: GapRegime_v2.0 [gap@v2.0] hash=e1db9a178e20acab git=2a5c1cd
2026-09-01 09:42:24,295 - INFO - [PreMarketCollector] NSE:NIFTY50-INDEX prev OHLC: {'pdh': 24128.7, 'pdl': 24046.9, 'prev_close': 24056.7}
2026-09-01 09:42:24,301 - INFO - 📋 Registered experiment: ORB_60m_IB_RVOL1.2 [orb@v1.0] hash=fb43c099fbb7b444 git=2a5c1cd
2026-09-01 09:42:24,310 - INFO - 📋 Registered experiment: VerticalSpread_v1.0 [vertical_spread@v1.0] hash=ebcc2ee58dde4134 git=2a5c1cd
2026-09-01 09:42:24,315 - INFO - [PreMarketCollector] NSE:NIFTYBANK-INDEX prev OHLC: {'pdh': 57469.75, 'pdl': 57238.5, 'prev_close': 57302.4}
2026-09-01 09:42:24,315 - WARNING - [PreMarketCollector] NSE:NIFTY50-INDEX — no indicative price captured; is_available=False
2026-09-01 09:42:24,315 - WARNING - [PreMarketCollector] NSE:NIFTYBANK-INDEX — no indicative price captured; is_available=False
2026-09-01 09:42:24,320 - INFO - 📋 Registered experiment: Straddle_v1.0_VolCompression [straddle_strangle@v1.0] hash=5f6294f74dfd83c4 git=2a5c1cd
2026-09-01 09:42:24,329 - INFO - 📋 Registered experiment: Strangle_v1.0_VolCompression [straddle_strangle@v1.0] hash=f9e42ca23b1aa8eb git=2a5c1cd
2026-09-01 09:42:24,339 - INFO - 📋 Registered experiment: CreditSpread_v1.0_PCRFade [credit_spread@v1.0] hash=28f34815d97f20bf git=2a5c1cd
2026-09-01 09:42:24,339 - INFO - 🧱 OIWallReactionStrategy initialized [breakout_rvol>=1.3, RR>=1.5]
2026-09-01 09:42:24,348 - INFO - 📋 Registered experiment: OIWallReaction_v1.0 [oi_wall_reaction@v1.0] hash=526ec437e2cc75d7 git=2a5c1cd
2026-09-01 09:42:24,348 - INFO - 🔄 PCRExtremeReversalStrategy initialized [zone_score>=40.0, RR>=1.5]
2026-09-01 09:42:24,356 - INFO - 📋 Registered experiment: PCRExtremeReversal_v1.0 [pcr_extreme_reversal@v1.0] hash=9abdaaa8dd3a448c git=2a5c1cd
2026-09-01 09:42:24,365 - INFO - 📋 Registered experiment: IronCondor_v1.0 [iron_condor@v1.0] hash=d7485d3f6100b041 git=2a5c1cd
2026-09-01 09:42:24,373 - INFO - 📋 Registered experiment: Butterfly_v1.0 [butterfly@v1.0] hash=f5ba21b7b93fb04a git=2a5c1cd
2026-09-01 09:42:24,381 - INFO - 📋 Registered experiment: IronButterfly_v1.0 [iron_butterfly@v1.0] hash=dccda407150f7815 git=2a5c1cd
2026-09-01 09:42:24,388 - INFO - 📋 Registered experiment: OI_Scalping_v1.0 [oi_scalping@v1.0] hash=914bd729f0ba1e61 git=2a5c1cd
2026-09-01 09:42:24,396 - INFO - 📋 Registered experiment: Consolidation_Breakout_v1.0 [consolidation_breakout@v1.0] hash=04b6e8359925fde8 git=2a5c1cd
2026-09-01 09:42:24,403 - INFO - 📋 Registered experiment: Consolidation_Breakout_Tight_v1.0 [consolidation_breakout@v1.0] hash=7582782e4da6d9c7 git=2a5c1cd
2026-09-01 09:42:24,410 - INFO - 📋 Registered experiment: RSI2_MeanReversion_v1.0 [rsi2_mean_reversion@v1.0] hash=53f7fa4994f8b458 git=2a5c1cd
2026-09-01 09:42:24,417 - INFO - 📋 Registered experiment: ExpiryAwareTheta_v1.0 [expiry_aware_theta@v1.0] hash=f74844b7423269a9 git=2a5c1cd
2026-09-01 09:42:24,423 - INFO - 📋 Registered experiment: RelativeValue_NIFTY_BANKNIFTY_v1.0 [relative_value_nifty_banknifty@v1.0] hash=53beca865e66d404 git=2a5c1cd
2026-09-01 09:42:24,430 - INFO - 📋 Registered experiment: MomentumBurst_5m_v1.0_RVOL2.0 [momentum_burst_5m@v1.0] hash=dc95c8f6a7f2479d git=2a5c1cd
2026-09-01 09:42:24,437 - INFO - 📋 Registered experiment: HtfPullback_v1.0_Tol0.6pct [htf_pullback_reversal@v1.0] hash=9318c6fd8f9c8b62 git=2a5c1cd
2026-09-01 09:42:24,467 - INFO - 📋 Experiment saved: Structural_v3.2_RVOL1.0 [hash=e94c3fcc1fbc618d git=2a5c1cd]
2026-09-01 09:42:24,488 - INFO - 📋 Experiment saved: Structural_v3.2_RVOL0.8 [hash=40874fb174f2baa6 git=2a5c1cd]
2026-09-01 09:42:24,488 - INFO - [PreMarketCollector] ✅ NSE:NIFTY50-INDEX opening data: direction=DOWN volume=18537180
2026-09-01 09:42:24,501 - INFO - 📋 Experiment saved: Structural_v3.3_ExitMgmt [hash=e1769b03d05cde8f git=2a5c1cd]
2026-09-01 09:42:24,512 - INFO - 📋 Experiment saved: EMA_Pullback_20_50_RVOL0.5 [hash=5a4bec1b92d6a585 git=2a5c1cd]
2026-09-01 09:42:24,525 - INFO - 📋 Experiment saved: VWAP_Reversion_1.5ATR_RVOL1.0 [hash=3d6d96cb21ff71cd git=2a5c1cd]
2026-09-01 09:42:24,535 - INFO - 📋 Experiment saved: PrevDay_Extremes_RVOL1.2 [hash=952708070530c475 git=2a5c1cd]
2026-09-01 09:42:24,546 - INFO - 📋 Experiment saved: ATR_Squeeze_RVOL1.5 [hash=a7e6c9da59c6194f git=2a5c1cd]
2026-09-01 09:42:24,557 - INFO - 📋 Experiment saved: Geometry_v1.0_Score35 [hash=b459af5a6ce8e15c git=2a5c1cd]
2026-09-01 09:42:24,567 - INFO - 📋 Experiment saved: Geometry_v1.0_Score50 [hash=431ce308e16d5c85 git=2a5c1cd]
2026-09-01 09:42:24,578 - INFO - 📋 Experiment saved: OrderFlow_v1.0 [hash=be581b5e26fdcef5 git=2a5c1cd]
2026-09-01 09:42:24,588 - INFO - 📋 Experiment saved: VWAP_Reclaim_v1.0 [hash=5b56271e96b1fee9 git=2a5c1cd]
2026-09-01 09:42:24,599 - INFO - 📋 Experiment saved: CPR_v1.0 [hash=0d2ee99831362dc3 git=2a5c1cd]
2026-09-01 09:42:24,609 - INFO - 📋 Experiment saved: GapRegime_v2.0 [hash=e1db9a178e20acab git=2a5c1cd]
2026-09-01 09:42:24,619 - INFO - 📋 Experiment saved: ORB_60m_IB_RVOL1.2 [hash=fb43c099fbb7b444 git=2a5c1cd]
2026-09-01 09:42:24,629 - INFO - 📋 Experiment saved: VerticalSpread_v1.0 [hash=ebcc2ee58dde4134 git=2a5c1cd]
2026-09-01 09:42:24,639 - INFO - 📋 Experiment saved: Straddle_v1.0_VolCompression [hash=5f6294f74dfd83c4 git=2a5c1cd]
2026-09-01 09:42:24,648 - INFO - 📋 Experiment saved: Strangle_v1.0_VolCompression [hash=f9e42ca23b1aa8eb git=2a5c1cd]
2026-09-01 09:42:24,659 - INFO - 📋 Experiment saved: CreditSpread_v1.0_PCRFade [hash=28f34815d97f20bf git=2a5c1cd]
2026-09-01 09:42:24,669 - INFO - 📋 Experiment saved: OIWallReaction_v1.0 [hash=526ec437e2cc75d7 git=2a5c1cd]
2026-09-01 09:42:24,678 - INFO - 📋 Experiment saved: PCRExtremeReversal_v1.0 [hash=9abdaaa8dd3a448c git=2a5c1cd]
2026-09-01 09:42:24,689 - INFO - 📋 Experiment saved: IronCondor_v1.0 [hash=d7485d3f6100b041 git=2a5c1cd]
2026-09-01 09:42:24,698 - INFO - 📋 Experiment saved: Butterfly_v1.0 [hash=f5ba21b7b93fb04a git=2a5c1cd]
2026-09-01 09:42:24,708 - INFO - 📋 Experiment saved: IronButterfly_v1.0 [hash=dccda407150f7815 git=2a5c1cd]
2026-09-01 09:42:24,718 - INFO - 📋 Experiment saved: OI_Scalping_v1.0 [hash=914bd729f0ba1e61 git=2a5c1cd]
2026-09-01 09:42:24,728 - INFO - 📋 Experiment saved: Consolidation_Breakout_v1.0 [hash=04b6e8359925fde8 git=2a5c1cd]
2026-09-01 09:42:24,740 - INFO - 📋 Experiment saved: Consolidation_Breakout_Tight_v1.0 [hash=7582782e4da6d9c7 git=2a5c1cd]
2026-09-01 09:42:24,749 - INFO - 📋 Experiment saved: RSI2_MeanReversion_v1.0 [hash=53f7fa4994f8b458 git=2a5c1cd]
2026-09-01 09:42:24,760 - INFO - 📋 Experiment saved: ExpiryAwareTheta_v1.0 [hash=f74844b7423269a9 git=2a5c1cd]
2026-09-01 09:42:24,770 - INFO - 📋 Experiment saved: RelativeValue_NIFTY_BANKNIFTY_v1.0 [hash=53beca865e66d404 git=2a5c1cd]
2026-09-01 09:42:24,782 - INFO - 📋 Experiment saved: MomentumBurst_5m_v1.0_RVOL2.0 [hash=dc95c8f6a7f2479d git=2a5c1cd]
2026-09-01 09:42:24,792 - INFO - 📋 Experiment saved: HtfPullback_v1.0_Tol0.6pct [hash=9318c6fd8f9c8b62 git=2a5c1cd]
2026-09-01 09:42:24,870 - INFO - 🏛️ Structural Paper Trader Initialized | Active Position Tracking Enabled
2026-09-01 09:42:24,871 - INFO - ⏱️ Aligning scheduler to 30-second grid offset by 5s. Sleeping 11s until 09:42:35 IST...
2026-09-01 09:42:25,241 - INFO - 📡 Fetching NSE:NIFTY50-INDEX @ 24042  expiry=26901  strikes=ATM±5
2026-09-01 09:42:25,510 - INFO - [PreMarketCollector] ✅ NSE:NIFTYBANK-INDEX opening data: direction=DOWN volume=12893471
2026-09-01 09:42:25,511 - INFO - [PreMarketCollector] Next cycle in 23.3h
2026-09-01 09:42:35,876 - INFO - ⏱️ Scheduler aligned and running. Evaluating positions every 30s, signals on new completed M5 candles.
2026-09-01 09:42:35,876 - INFO - 🔔 [Initial Run] Running full market loop at 09:42:35...
2026-09-01 09:42:35,877 - INFO - --- 09:42:35 Market Pulse ---
2026-09-01 09:42:41,665 - WARNING - ⚡ [CreditSpread_v1.0_PCRFade] errors: ['OPTIONS_DATA_STALE'] (0.0ms)
2026-09-01 09:42:41,665 - WARNING - ⚡ [OIWallReaction_v1.0] errors: ['OPTIONS_DATA_STALE'] (0.0ms)
2026-09-01 09:42:41,666 - WARNING - ⚡ [PCRExtremeReversal_v1.0] errors: ['OPTIONS_DATA_STALE'] (0.0ms)
2026-09-01 09:42:41,666 - WARNING - ⚡ [OI_Scalping_v1.0] errors: ['INSUFFICIENT_OI_DATA'] (0.0ms)
2026-09-01 09:42:41,679 - WARNING - [ExpiryResolver] Both DB and API failed for NSE:NIFTY50-INDEX. Falling back to dynamically computed expiry: 26908 (2026-09-08)
2026-09-01 09:42:41,679 - INFO - 👻 [EMA_Pullback_20_50_RVOL0.5] CF PULLBACK NSE:NIFTY50-INDEX BUY PUT | Rejected: ['LOW_EFFICIENCY']
2026-09-01 09:42:41,679 - INFO - 📊 EXECUTION AUDIT [SIGNAL_GENERATED]: trade_id=None, candidate_id=cand_NSE_NIFTY50_INDEX_EMAPULL_24040.85_20260901_094235_EMA_Pullback_20_50_RVOL0.5, payload={'symbol': 'NSE:NIFTY50-INDEX', 'signal': 'BUY PUT', 'strategy': 'PULLBACK', 'price': 24040.85, 'stop_loss': 24058.129999999997, 'take_profit': 23993.6, 'tp1': 24014.93, 'rr_ratio': 2.73, 'timestamp': '2026-09-01T09:42:35.877066+05:30', 'accepted': False, 'rejection_reasons': ['LOW_EFFICIENCY'], 'features': {'atr': 19.35, 'ema20': 24053.39, 'ema50': 24054.26, 'move_efficiency': 0.1812, 'move_efficiency_h1': 0.0652, 'wickiness': 0.4012, 'ema_bullish': False, 'rsi14': 47.35, 'rsi2': 8.15, 'distance_to_vwap': 0.0, 'atr_percentile': 0.9005, 'dist_prev_high': -0.0036, 'dist_prev_low': 0.002, 'adx': 17.38, 'adx_slope': 2.3878, 'gap_pct': -0.0001, 'regime_primary': 'WEAK_TREND_DOWN', 'regime_vol_state': 'HIGH_VOL', 'market_regime': 'WEAK_TREND_DOWN_HIGH_VOL'}, 'candidate_id': 'cand_NSE_NIFTY50_INDEX_EMAPULL_24040.85_20260901_094235_EMA_Pullback_20_50_RVOL0.5', 'confidence': 0.5, 'diagnostics': {'ema_distance': -0.00052, 'ema20': 24053.39, 'ema50': 24054.26, 'move_efficiency': 0.181, 'rvol': 2.98, 'atr': 19.35, 'atr_percentile': 0.9, 'distance_to_vwap': 0.0}, 'experiment_name': 'EMA_Pullback_20_50_RVOL0.5', 'strategy_id': 'ema_pullback', 'version': 'v1.0'}
2026-09-01 09:42:43,801 - INFO - Resolved active expiry from API: 26901
2026-09-01 09:42:44,809 - INFO - Retrieved live premium from Fyers API: LTP=40.6 for NSE:NIFTY2690124050PE
2026-09-01 09:42:44,809 - INFO - Resolved index signal into option contract: OptionContract(symbol='NSE:NIFTY2690124050PE', strike=24050.0, expiry='26901', option_type='PE', premium=40.6, delta=0.5, bid=40.95, ask=41.0, volume=172177850, resolved_at=datetime.datetime(2026, 9, 1, 9, 42, 44, 809450))
2026-09-01 09:42:44,809 - INFO - ⚡ Option strike selection resolved index signal to contract NSE:NIFTY2690124050PE @ premium 40.6 (type: PE, strike: 24050.0)
2026-09-01 09:42:44,809 - INFO - 📊 EXECUTION AUDIT [STRIKE_SELECTED]: trade_id=None, candidate_id=cand_NSE_NIFTY50_INDEX_EMAPULL_24040.85_20260901_094235_EMA_Pullback_20_50_RVOL0.5, payload={'symbol': 'NSE:NIFTY2690124050PE', 'strike': 24050.0, 'expiry': '26901', 'type': 'PE'}
2026-09-01 09:42:44,842 - INFO - 📊 EXECUTION AUDIT [PREMIUM_RETRIEVED]: trade_id=None, candidate_id=cand_NSE_NIFTY50_INDEX_EMAPULL_24040.85_20260901_094235_EMA_Pullback_20_50_RVOL0.5, payload={'premium': 40.6, 'bid': 40.95, 'ask': 41.0}
2026-09-01 09:42:44,862 - INFO - 📊 EXECUTION AUDIT [CF_SUBMITTED]: trade_id=None, candidate_id=cand_NSE_NIFTY50_INDEX_EMAPULL_24040.85_20260901_094235_EMA_Pullback_20_50_RVOL0.5, payload={'price': 24040.85, 'sl': 24058.129999999997, 'tp': 23993.6}
2026-09-01 09:42:44,879 - INFO - 📊 EXECUTION AUDIT [CF_FILLED]: trade_id=None, candidate_id=cand_NSE_NIFTY50_INDEX_EMAPULL_24040.85_20260901_094235_EMA_Pullback_20_50_RVOL0.5, payload={'price': 24040.85, 'sl': 24058.129999999997, 'tp': 23993.6}
2026-09-01 09:42:44,896 - INFO - 💰 Position size [PULLBACK|WEAK_TREND_DOWN_HIGH_VOL|conf=0]: frac=0.003 → ₹5,000 (risk/unit=0.07%)
2026-09-01 09:42:44,927 - INFO - 🟢 ENTRY [CF|EMA_Pullback_20_50_RVOL0.5|llback_20_50_RVOL0.5]: NSE:NIFTY50-INDEX BUY PUT @ 24040.85 | SL: 24058.13 TP: 23993.60
2026-09-01 09:42:44,928 - INFO - 👻 [CPR_v1.0] CF CPR_BREAKOUT NSE:NIFTY50-INDEX BUY PUT | Rejected: ['LOW_EFFICIENCY']
2026-09-01 09:42:44,928 - INFO - 📊 EXECUTION AUDIT [SIGNAL_GENERATED]: trade_id=None, candidate_id=cand_NSE_NIFTY50_INDEX_CPR_24040.85_20260901_094235_CPR_v1.0, payload={'symbol': 'NSE:NIFTY50-INDEX', 'signal': 'BUY PUT', 'strategy': 'CPR_BREAKOUT', 'price': 24040.85, 'stop_loss': 24066.96, 'take_profit': 23988.64, 'tp1': 24001.69, 'rr_ratio': 2.0, 'timestamp': '2026-09-01T09:42:35.877066+05:30', 'accepted': False, 'rejection_reasons': ['LOW_EFFICIENCY'], 'candidate_id': 'cand_NSE_NIFTY50_INDEX_CPR_24040.85_20260901_094235_CPR_v1.0', 'confidence': 0.5, 'diagnostics': {'pivot': 24067.57, 'tc': 24073.98, 'bc': 24061.15, 'cpr_width': 12.83, 'cpr_width_vs_atr': 0.663, 'virgin_cpr': False, 'rvol': 2.98, 'atr': 19.35, 'move_efficiency': 0.181}, 'experiment_name': 'CPR_v1.0', 'strategy_id': 'cpr', 'version': 'v1.0', 'features': {'regime_primary': 'WEAK_TREND_DOWN', 'regime_vol_state': 'HIGH_VOL', 'market_regime': 'WEAK_TREND_DOWN_HIGH_VOL'}}
2026-09-01 09:42:46,808 - INFO - Resolved active expiry from API: 26901
2026-09-01 09:42:47,824 - INFO - Retrieved live premium from Fyers API: LTP=41.0 for NSE:NIFTY2690124050PE
2026-09-01 09:42:47,825 - INFO - Resolved index signal into option contract: OptionContract(symbol='NSE:NIFTY2690124050PE', strike=24050.0, expiry='26901', option_type='PE', premium=41.0, delta=0.5, bid=40.85, ask=41.0, volume=172363685, resolved_at=datetime.datetime(2026, 9, 1, 9, 42, 47, 824968))
2026-09-01 09:42:47,825 - INFO - ⚡ Option strike selection resolved index signal to contract NSE:NIFTY2690124050PE @ premium 41.0 (type: PE, strike: 24050.0)
2026-09-01 09:42:47,825 - INFO - 📊 EXECUTION AUDIT [STRIKE_SELECTED]: trade_id=None, candidate_id=cand_NSE_NIFTY50_INDEX_CPR_24040.85_20260901_094235_CPR_v1.0, payload={'symbol': 'NSE:NIFTY2690124050PE', 'strike': 24050.0, 'expiry': '26901', 'type': 'PE'}
2026-09-01 09:42:47,859 - INFO - 📊 EXECUTION AUDIT [PREMIUM_RETRIEVED]: trade_id=None, candidate_id=cand_NSE_NIFTY50_INDEX_CPR_24040.85_20260901_094235_CPR_v1.0, payload={'premium': 41.0, 'bid': 40.85, 'ask': 41.0}
2026-09-01 09:42:47,882 - INFO - 📊 EXECUTION AUDIT [CF_SUBMITTED]: trade_id=None, candidate_id=cand_NSE_NIFTY50_INDEX_CPR_24040.85_20260901_094235_CPR_v1.0, payload={'price': 24040.85, 'sl': 24066.96, 'tp': 23988.64}
2026-09-01 09:42:47,901 - INFO - 📊 EXECUTION AUDIT [CF_FILLED]: trade_id=None, candidate_id=cand_NSE_NIFTY50_INDEX_CPR_24040.85_20260901_094235_CPR_v1.0, payload={'price': 24040.85, 'sl': 24066.96, 'tp': 23988.64}
2026-09-01 09:42:47,919 - INFO - 💰 Position size [CPR_BREAKOUT|WEAK_TREND_DOWN_HIGH_VOL|conf=0]: frac=0.003 → ₹5,000 (risk/unit=0.11%)
2026-09-01 09:42:47,949 - INFO - 🟢 ENTRY [CF|CPR_v1.0|0901_094235_CPR_v1.0]: NSE:NIFTY50-INDEX BUY PUT @ 24040.85 | SL: 24066.96 TP: 23988.64
2026-09-01 09:42:47,949 - INFO - 👻 [VerticalSpread_v1.0] CF COMBO BEAR_PUT_SPREAD NSE:NIFTY50-INDEX BEAR_PUT_SPREAD | Rejected: ['LOW_EFFICIENCY']
2026-09-01 09:42:49,832 - INFO - Resolved active expiry from API: 26901
2026-09-01 09:42:50,829 - INFO - Retrieved live premium from Fyers API: LTP=40.95 for NSE:NIFTY2690124050PE
2026-09-01 09:42:51,844 - INFO - Retrieved live premium from Fyers API: LTP=9.6 for NSE:NIFTY2690123950PE
2026-09-01 09:42:51,844 - INFO - Resolved BEAR_PUT_SPREAD for NSE:NIFTY50-INDEX: [('PE', 'BUY', 24050.0), ('PE', 'SELL', 23950.0)] net_premium=31.40 max_loss=31.40
2026-09-01 09:42:51,900 - INFO - 🟢 CF COMBO ENTRY [VerticalSpread_v1.0|_VerticalSpread_v1.0]: NSE:NIFTY50-INDEX BEAR_PUT_SPREAD | Net premium: 31.40 | Max loss: 31.40
2026-09-01 09:42:51,900 - INFO - 👻 [Straddle_v1.0_VolCompression] CF COMBO LONG_STRADDLE NSE:NIFTY50-INDEX LONG_STRADDLE | Rejected: ['NO_COMPRESSION:0.90']
2026-09-01 09:42:53,853 - INFO - Resolved active expiry from API: 26901
2026-09-01 09:42:54,858 - INFO - Retrieved live premium from Fyers API: LTP=38.65 for NSE:NIFTY2690124050CE
2026-09-01 09:42:55,857 - INFO - Retrieved live premium from Fyers API: LTP=40.9 for NSE:NIFTY2690124050PE
2026-09-01 09:42:55,858 - INFO - Resolved LONG_STRADDLE for NSE:NIFTY50-INDEX: [('CE', 'BUY', 24050.0), ('PE', 'BUY', 24050.0)] net_premium=79.55 max_loss=79.55
2026-09-01 09:42:55,914 - INFO - 🟢 CF COMBO ENTRY [Straddle_v1.0_VolCompression|_v1.0_VolCompression]: NSE:NIFTY50-INDEX LONG_STRADDLE | Net premium: 79.55 | Max loss: 79.55
2026-09-01 09:42:55,914 - INFO - 👻 [Strangle_v1.0_VolCompression] CF COMBO LONG_STRANGLE NSE:NIFTY50-INDEX LONG_STRANGLE | Rejected: ['NO_COMPRESSION:0.90']
2026-09-01 09:42:56,118 - INFO - 📊 Saved 22 snapshots for NSE:NIFTY50-INDEX  (oi range: 367,055–44,222,100)
2026-09-01 09:42:58,026 - INFO - Resolved active expiry from API: 26901
2026-09-01 09:42:58,086 - INFO - Resolved LONG_STRANGLE for NSE:NIFTY50-INDEX: [('CE', 'BUY', 24150.0), ('PE', 'BUY', 23950.0)] net_premium=20.15 max_loss=20.15
2026-09-01 09:42:58,118 - INFO - 🟢 CF COMBO ENTRY [Strangle_v1.0_VolCompression|_v1.0_VolCompression]: NSE:NIFTY50-INDEX LONG_STRANGLE | Net premium: 20.15 | Max loss: 20.15
2026-09-01 09:42:58,118 - WARNING - ⚡ [CreditSpread_v1.0_PCRFade] errors: ['OPTIONS_DATA_STALE']
2026-09-01 09:42:58,118 - WARNING - ⚡ [OIWallReaction_v1.0] errors: ['OPTIONS_DATA_STALE']
2026-09-01 09:42:58,118 - WARNING - ⚡ [PCRExtremeReversal_v1.0] errors: ['OPTIONS_DATA_STALE']
2026-09-01 09:42:58,118 - INFO - 👻 [IronCondor_v1.0] CF COMBO IRON_CONDOR NSE:NIFTY50-INDEX IRON_CONDOR | Rejected: ['HIGH_RVOL']
2026-09-01 09:42:58,132 - INFO - Resolved active expiry from DB: 26901 (2026-09-01)
2026-09-01 09:42:58,187 - INFO - Resolved IRON_CONDOR for NSE:NIFTY50-INDEX: [('PE', 'SELL', 24000.0), ('PE', 'BUY', 23900.0), ('CE', 'SELL', 24100.0), ('CE', 'BUY', 24200.0)] net_premium=-31.55 max_loss=68.45
2026-09-01 09:42:58,203 - INFO - 📡 Fetching NSE:NIFTYBANK-INDEX @ 57377  expiry=26SEP  strikes=ATM±5
2026-09-01 09:42:58,212 - INFO - 🟢 CF COMBO ENTRY [IronCondor_v1.0|4235_IronCondor_v1.0]: NSE:NIFTY50-INDEX IRON_CONDOR | Net premium: -31.55 | Max loss: 68.45
2026-09-01 09:42:58,212 - INFO - 👻 [Butterfly_v1.0] CF COMBO BUTTERFLY_SPREAD NSE:NIFTY50-INDEX BUTTERFLY_SPREAD | Rejected: ['HIGH_RVOL']
2026-09-01 09:42:58,223 - INFO - Resolved active expiry from DB: 26901 (2026-09-01)
2026-09-01 09:42:58,276 - INFO - Resolved BUTTERFLY_SPREAD for NSE:NIFTY50-INDEX: [('CE', 'BUY', 23950.0), ('CE', 'SELL', 24050.0), ('CE', 'SELL', 24050.0), ('CE', 'BUY', 24150.0)] net_premium=43.80 max_loss=43.80
2026-09-01 09:42:58,300 - INFO - 🟢 CF COMBO ENTRY [Butterfly_v1.0|94235_Butterfly_v1.0]: NSE:NIFTY50-INDEX BUTTERFLY_SPREAD | Net premium: 43.80 | Max loss: 43.80
2026-09-01 09:42:58,300 - INFO - 👻 [IronButterfly_v1.0] CF COMBO IRON_BUTTERFLY NSE:NIFTY50-INDEX IRON_BUTTERFLY | Rejected: ['HIGH_RVOL']
2026-09-01 09:42:58,311 - INFO - Resolved active expiry from DB: 26901 (2026-09-01)
2026-09-01 09:42:58,364 - INFO - Resolved IRON_BUTTERFLY for NSE:NIFTY50-INDEX: [('PE', 'SELL', 24050.0), ('CE', 'SELL', 24050.0), ('PE', 'BUY', 23850.0), ('CE', 'BUY', 24250.0)] net_premium=-72.90 max_loss=127.10
2026-09-01 09:42:58,387 - INFO - 🟢 CF COMBO ENTRY [IronButterfly_v1.0|5_IronButterfly_v1.0]: NSE:NIFTY50-INDEX IRON_BUTTERFLY | Net premium: -72.90 | Max loss: 127.10
2026-09-01 09:42:58,387 - WARNING - ⚡ [OI_Scalping_v1.0] errors: ['INSUFFICIENT_OI_DATA']
2026-09-01 09:42:58,387 - INFO - 👻 [ExpiryAwareTheta_v1.0] CF COMBO IRON_CONDOR NSE:NIFTY50-INDEX IRON_CONDOR | Rejected: ['HIGH_RVOL']
2026-09-01 09:42:58,399 - INFO - Resolved active expiry from DB: 26901 (2026-09-01)
2026-09-01 09:42:58,451 - INFO - Resolved IRON_CONDOR for NSE:NIFTY50-INDEX: [('PE', 'SELL', 24000.0), ('PE', 'BUY', 23900.0), ('CE', 'SELL', 24100.0), ('CE', 'BUY', 24200.0)] net_premium=-31.55 max_loss=68.45
2026-09-01 09:42:58,474 - INFO - 🟢 CF COMBO ENTRY [ExpiryAwareTheta_v1.0|xpiryAwareTheta_v1.0]: NSE:NIFTY50-INDEX IRON_CONDOR | Net premium: -31.55 | Max loss: 68.45
2026-09-01 09:43:00,044 - WARNING - ⚡ [CreditSpread_v1.0_PCRFade] errors: ['OPTIONS_DATA_STALE'] (0.0ms)
2026-09-01 09:43:00,044 - WARNING - ⚡ [OIWallReaction_v1.0] errors: ['OPTIONS_DATA_STALE'] (0.0ms)
2026-09-01 09:43:00,044 - WARNING - ⚡ [PCRExtremeReversal_v1.0] errors: ['OPTIONS_DATA_STALE'] (0.0ms)
2026-09-01 09:43:00,044 - WARNING - ⚡ [OI_Scalping_v1.0] errors: ['INSUFFICIENT_OI_DATA'] (0.0ms)
2026-09-01 09:43:00,057 - WARNING - [ExpiryResolver] Both DB and API failed for NSE:NIFTYBANK-INDEX. Falling back to dynamically computed expiry: 26SEP (2026-09-29)
2026-09-01 09:43:00,058 - INFO - 👻 [Structural_v3.2_RVOL1.0] CF BREAKOUT NSE:NIFTYBANK-INDEX BUY CALL | Rejected: ['BIAS_MISMATCH', 'LOW_EFFICIENCY']
2026-09-01 09:43:00,058 - INFO - 📊 EXECUTION AUDIT [SIGNAL_GENERATED]: trade_id=None, candidate_id=cand_NSE_NIFTYBANK_INDEX_BREAKOUT_57572.70_20260901_093500_Structural_v3.2_RVOL1.0, payload={'symbol': 'NSE:NIFTYBANK-INDEX', 'signal': 'BUY CALL', 'strategy': 'BREAKOUT', 'price': 57406.05, 'stop_loss': 57377.65535714286, 'take_profit': 57689.99642857143, 'tp1': 57448.64196428572, 'rr_ratio': 10.0, 'timestamp': '2026-09-01T09:35:00+05:30', 'accepted': False, 'rejection_reasons': ['BIAS_MISMATCH', 'LOW_EFFICIENCY'], 'features': {'date': '2026-09-01', 'strategy_name': 'Structural_v3', 'strategy_version': 'v3.2', 'feature_version': 'v1.1', 'market_regime': 'GAP_DOWN_HIGH_VOL', 'day_type': 'NORMAL_DAY', 'session_type': 'OPEN', 'daily_bias': 'NEUTRAL', 'hourly_bias': 'NEUTRAL', 'trend_strength': 0.0, 'rvol': 1.64, 'rvol_threshold': 1.0, 'atr': 56.79, 'distance_from_supply': 598.18, 'distance_from_demand': 178.52, 'nearest_supply_strength': 87.3, 'nearest_demand_strength': 67.9, 'distance_to_liquidity_pool': 178.51666666667006, 'liquidity_score': 16.4, 'indicator_snapshot': {'rvol_tod': 1.64, 'is_compressed': False, 'bos_count': 0}, 'move_efficiency': 0.0326, 'wickiness': 0.407, 'fft_score': 0.0, 'setup_type': 'BREAKOUT', 'candidate_id': 'cand_NSE_NIFTYBANK_INDEX_BREAKOUT_57572.70_20260901_093500', 'ema20': 57405.36, 'ema50': 57384.78, 'move_efficiency_h1': 0.0478, 'ema_bullish': True, 'rsi14': 50.53, 'rsi2': 22.25, 'distance_to_vwap': 0.0, 'atr_percentile': 0.8578, 'dist_prev_high': -0.0107, 'dist_prev_low': 0.0038, 'adx': 17.89, 'adx_slope': 1.1108, 'gap_pct': -0.008, 'regime_primary': 'GAP_DOWN', 'regime_vol_state': 'HIGH_VOL'}, 'candidate_id': 'cand_NSE_NIFTYBANK_INDEX_BREAKOUT_57572.70_20260901_093500_Structural_v3.2_RVOL1.0', 'experiment_name': 'Structural_v3.2_RVOL1.0', 'strategy_id': 'structural', 'version': 'v3.2'}
2026-09-01 09:43:03,205 - INFO - Resolved active expiry from API: 26SEP
2026-09-01 09:43:04,183 - INFO - Retrieved live premium from Fyers API: LTP=911.2 for NSE:BANKNIFTY26SEP57400CE
2026-09-01 09:43:04,184 - INFO - Resolved index signal into option contract: OptionContract(symbol='NSE:BANKNIFTY26SEP57400CE', strike=57400.0, expiry='26SEP', option_type='CE', premium=911.2, delta=0.5, bid=911.25, ask=913.1, volume=281160, resolved_at=datetime.datetime(2026, 9, 1, 9, 43, 4, 184180))
2026-09-01 09:43:04,184 - INFO - ⚡ Option strike selection resolved index signal to contract NSE:BANKNIFTY26SEP57400CE @ premium 911.2 (type: CE, strike: 57400.0)
2026-09-01 09:43:04,184 - INFO - 📊 EXECUTION AUDIT [STRIKE_SELECTED]: trade_id=None, candidate_id=cand_NSE_NIFTYBANK_INDEX_BREAKOUT_57572.70_20260901_093500_Structural_v3.2_RVOL1.0, payload={'symbol': 'NSE:BANKNIFTY26SEP57400CE', 'strike': 57400.0, 'expiry': '26SEP', 'type': 'CE'}
2026-09-01 09:43:04,220 - INFO - 📊 EXECUTION AUDIT [PREMIUM_RETRIEVED]: trade_id=None, candidate_id=cand_NSE_NIFTYBANK_INDEX_BREAKOUT_57572.70_20260901_093500_Structural_v3.2_RVOL1.0, payload={'premium': 911.2, 'bid': 911.25, 'ask': 913.1}
2026-09-01 09:43:04,241 - INFO - 📊 EXECUTION AUDIT [CF_SUBMITTED]: trade_id=None, candidate_id=cand_NSE_NIFTYBANK_INDEX_BREAKOUT_57572.70_20260901_093500_Structural_v3.2_RVOL1.0, payload={'price': 57406.05, 'sl': 57377.65535714286, 'tp': 57689.99642857143}
2026-09-01 09:43:04,260 - INFO - 📊 EXECUTION AUDIT [CF_FILLED]: trade_id=None, candidate_id=cand_NSE_NIFTYBANK_INDEX_BREAKOUT_57572.70_20260901_093500_Structural_v3.2_RVOL1.0, payload={'price': 57406.05, 'sl': 57377.65535714286, 'tp': 57689.99642857143}
2026-09-01 09:43:04,275 - INFO - 💰 Position size [BREAKOUT|GAP_DOWN_HIGH_VOL|conf=70]: frac=0.002 → ₹5,000 (risk/unit=0.05%)
2026-09-01 09:43:04,307 - INFO - 🟢 ENTRY [CF|Structural_v3.2_RVOL1.0|uctural_v3.2_RVOL1.0]: NSE:NIFTYBANK-INDEX BUY CALL @ 57406.05 | SL: 57377.66 TP: 57690.00
2026-09-01 09:43:04,307 - INFO - 👻 [Structural_v3.2_RVOL0.8] CF BREAKOUT NSE:NIFTYBANK-INDEX BUY CALL | Rejected: ['BIAS_MISMATCH', 'LOW_EFFICIENCY']
2026-09-01 09:43:04,307 - INFO - 📊 EXECUTION AUDIT [SIGNAL_GENERATED]: trade_id=None, candidate_id=cand_NSE_NIFTYBANK_INDEX_BREAKOUT_57572.70_20260901_093500_Structural_v3.2_RVOL0.8, payload={'symbol': 'NSE:NIFTYBANK-INDEX', 'signal': 'BUY CALL', 'strategy': 'BREAKOUT', 'price': 57406.05, 'stop_loss': 57377.65535714286, 'take_profit': 57689.99642857143, 'tp1': 57448.64196428572, 'rr_ratio': 10.0, 'timestamp': '2026-09-01T09:35:00+05:30', 'accepted': False, 'rejection_reasons': ['BIAS_MISMATCH', 'LOW_EFFICIENCY'], 'features': {'date': '2026-09-01', 'strategy_name': 'Structural_v3', 'strategy_version': 'v3.2', 'feature_version': 'v1.1', 'market_regime': 'GAP_DOWN_HIGH_VOL', 'day_type': 'NORMAL_DAY', 'session_type': 'OPEN', 'daily_bias': 'NEUTRAL', 'hourly_bias': 'NEUTRAL', 'trend_strength': 0.0, 'rvol': 1.64, 'rvol_threshold': 0.8, 'atr': 56.79, 'distance_from_supply': 598.18, 'distance_from_demand': 178.52, 'nearest_supply_strength': 87.3, 'nearest_demand_strength': 67.9, 'distance_to_liquidity_pool': 178.51666666667006, 'liquidity_score': 16.4, 'indicator_snapshot': {'rvol_tod': 1.64, 'is_compressed': False, 'bos_count': 0}, 'move_efficiency': 0.0326, 'wickiness': 0.407, 'fft_score': 0.0, 'setup_type': 'BREAKOUT', 'candidate_id': 'cand_NSE_NIFTYBANK_INDEX_BREAKOUT_57572.70_20260901_093500', 'ema20': 57405.36, 'ema50': 57384.78, 'move_efficiency_h1': 0.0478, 'ema_bullish': True, 'rsi14': 50.53, 'rsi2': 22.25, 'distance_to_vwap': 0.0, 'atr_percentile': 0.8578, 'dist_prev_high': -0.0107, 'dist_prev_low': 0.0038, 'adx': 17.89, 'adx_slope': 1.1108, 'gap_pct': -0.008, 'regime_primary': 'GAP_DOWN', 'regime_vol_state': 'HIGH_VOL'}, 'candidate_id': 'cand_NSE_NIFTYBANK_INDEX_BREAKOUT_57572.70_20260901_093500_Structural_v3.2_RVOL0.8', 'experiment_name': 'Structural_v3.2_RVOL0.8', 'strategy_id': 'structural', 'version': 'v3.2'}
2026-09-01 09:43:06,199 - INFO - Resolved active expiry from API: 26SEP
2026-09-01 09:43:07,357 - INFO - Retrieved live premium from Fyers API: LTP=911.25 for NSE:BANKNIFTY26SEP57400CE
2026-09-01 09:43:07,357 - INFO - Resolved index signal into option contract: OptionContract(symbol='NSE:BANKNIFTY26SEP57400CE', strike=57400.0, expiry='26SEP', option_type='CE', premium=911.25, delta=0.5, bid=912.0, ask=912.65, volume=281190, resolved_at=datetime.datetime(2026, 9, 1, 9, 43, 7, 357607))
2026-09-01 09:43:07,357 - INFO - ⚡ Option strike selection resolved index signal to contract NSE:BANKNIFTY26SEP57400CE @ premium 911.25 (type: CE, strike: 57400.0)
2026-09-01 09:43:07,358 - INFO - 📊 EXECUTION AUDIT [STRIKE_SELECTED]: trade_id=None, candidate_id=cand_NSE_NIFTYBANK_INDEX_BREAKOUT_57572.70_20260901_093500_Structural_v3.2_RVOL0.8, payload={'symbol': 'NSE:BANKNIFTY26SEP57400CE', 'strike': 57400.0, 'expiry': '26SEP', 'type': 'CE'}
2026-09-01 09:43:07,388 - INFO - 📊 EXECUTION AUDIT [PREMIUM_RETRIEVED]: trade_id=None, candidate_id=cand_NSE_NIFTYBANK_INDEX_BREAKOUT_57572.70_20260901_093500_Structural_v3.2_RVOL0.8, payload={'premium': 911.25, 'bid': 912.0, 'ask': 912.65}
2026-09-01 09:43:07,409 - INFO - 📊 EXECUTION AUDIT [CF_SUBMITTED]: trade_id=None, candidate_id=cand_NSE_NIFTYBANK_INDEX_BREAKOUT_57572.70_20260901_093500_Structural_v3.2_RVOL0.8, payload={'price': 57406.05, 'sl': 57377.65535714286, 'tp': 57689.99642857143}
2026-09-01 09:43:07,426 - INFO - 📊 EXECUTION AUDIT [CF_FILLED]: trade_id=None, candidate_id=cand_NSE_NIFTYBANK_INDEX_BREAKOUT_57572.70_20260901_093500_Structural_v3.2_RVOL0.8, payload={'price': 57406.05, 'sl': 57377.65535714286, 'tp': 57689.99642857143}
2026-09-01 09:43:07,440 - INFO - 💰 Position size [BREAKOUT|GAP_DOWN_HIGH_VOL|conf=70]: frac=0.002 → ₹5,000 (risk/unit=0.05%)
2026-09-01 09:43:07,468 - INFO - 🟢 ENTRY [CF|Structural_v3.2_RVOL0.8|uctural_v3.2_RVOL0.8]: NSE:NIFTYBANK-INDEX BUY CALL @ 57406.05 | SL: 57377.66 TP: 57690.00
2026-09-01 09:43:07,468 - INFO - 👻 [Structural_v3.3_ExitMgmt] CF BREAKOUT NSE:NIFTYBANK-INDEX BUY CALL | Rejected: ['BIAS_MISMATCH', 'LOW_EFFICIENCY']
2026-09-01 09:43:07,468 - INFO - 📊 EXECUTION AUDIT [SIGNAL_GENERATED]: trade_id=None, candidate_id=cand_NSE_NIFTYBANK_INDEX_BREAKOUT_57572.70_20260901_093500_Structural_v3.3_ExitMgmt, payload={'symbol': 'NSE:NIFTYBANK-INDEX', 'signal': 'BUY CALL', 'strategy': 'BREAKOUT', 'price': 57406.05, 'stop_loss': 57377.65535714286, 'take_profit': 57689.99642857143, 'tp1': 57448.64196428572, 'rr_ratio': 10.0, 'timestamp': '2026-09-01T09:35:00+05:30', 'accepted': False, 'rejection_reasons': ['BIAS_MISMATCH', 'LOW_EFFICIENCY'], 'features': {'date': '2026-09-01', 'strategy_name': 'Structural_v3', 'strategy_version': 'v3.2', 'feature_version': 'v1.1', 'market_regime': 'GAP_DOWN_HIGH_VOL', 'day_type': 'NORMAL_DAY', 'session_type': 'OPEN', 'daily_bias': 'NEUTRAL', 'hourly_bias': 'NEUTRAL', 'trend_strength': 0.0, 'rvol': 1.64, 'rvol_threshold': 1.0, 'atr': 56.79, 'distance_from_supply': 598.18, 'distance_from_demand': 178.52, 'nearest_supply_strength': 87.3, 'nearest_demand_strength': 67.9, 'distance_to_liquidity_pool': 178.51666666667006, 'liquidity_score': 16.4, 'indicator_snapshot': {'rvol_tod': 1.64, 'is_compressed': False, 'bos_count': 0}, 'move_efficiency': 0.0326, 'wickiness': 0.407, 'fft_score': 0.0, 'setup_type': 'BREAKOUT', 'candidate_id': 'cand_NSE_NIFTYBANK_INDEX_BREAKOUT_57572.70_20260901_093500', 'ema20': 57405.36, 'ema50': 57384.78, 'move_efficiency_h1': 0.0478, 'ema_bullish': True, 'rsi14': 50.53, 'rsi2': 22.25, 'distance_to_vwap': 0.0, 'atr_percentile': 0.8578, 'dist_prev_high': -0.0107, 'dist_prev_low': 0.0038, 'adx': 17.89, 'adx_slope': 1.1108, 'gap_pct': -0.008, 'regime_primary': 'GAP_DOWN', 'regime_vol_state': 'HIGH_VOL'}, 'candidate_id': 'cand_NSE_NIFTYBANK_INDEX_BREAKOUT_57572.70_20260901_093500_Structural_v3.3_ExitMgmt', 'experiment_name': 'Structural_v3.3_ExitMgmt', 'strategy_id': 'structural', 'version': 'v3.2'}
2026-09-01 09:43:09,203 - INFO - Resolved active expiry from API: 26SEP
2026-09-01 09:43:10,208 - INFO - Retrieved live premium from Fyers API: LTP=912.0 for NSE:BANKNIFTY26SEP57400CE
2026-09-01 09:43:10,208 - INFO - Resolved index signal into option contract: OptionContract(symbol='NSE:BANKNIFTY26SEP57400CE', strike=57400.0, expiry='26SEP', option_type='CE', premium=912.0, delta=0.5, bid=912.0, ask=912.55, volume=281190, resolved_at=datetime.datetime(2026, 9, 1, 9, 43, 10, 208579))
2026-09-01 09:43:10,208 - INFO - ⚡ Option strike selection resolved index signal to contract NSE:BANKNIFTY26SEP57400CE @ premium 912.0 (type: CE, strike: 57400.0)
2026-09-01 09:43:10,208 - INFO - 📊 EXECUTION AUDIT [STRIKE_SELECTED]: trade_id=None, candidate_id=cand_NSE_NIFTYBANK_INDEX_BREAKOUT_57572.70_20260901_093500_Structural_v3.3_ExitMgmt, payload={'symbol': 'NSE:BANKNIFTY26SEP57400CE', 'strike': 57400.0, 'expiry': '26SEP', 'type': 'CE'}
2026-09-01 09:43:10,241 - INFO - 📊 EXECUTION AUDIT [PREMIUM_RETRIEVED]: trade_id=None, candidate_id=cand_NSE_NIFTYBANK_INDEX_BREAKOUT_57572.70_20260901_093500_Structural_v3.3_ExitMgmt, payload={'premium': 912.0, 'bid': 912.0, 'ask': 912.55}
2026-09-01 09:43:10,261 - INFO - 📊 EXECUTION AUDIT [CF_SUBMITTED]: trade_id=None, candidate_id=cand_NSE_NIFTYBANK_INDEX_BREAKOUT_57572.70_20260901_093500_Structural_v3.3_ExitMgmt, payload={'price': 57406.05, 'sl': 57377.65535714286, 'tp': 57689.99642857143}
2026-09-01 09:43:10,278 - INFO - 📊 EXECUTION AUDIT [CF_FILLED]: trade_id=None, candidate_id=cand_NSE_NIFTYBANK_INDEX_BREAKOUT_57572.70_20260901_093500_Structural_v3.3_ExitMgmt, payload={'price': 57406.05, 'sl': 57377.65535714286, 'tp': 57689.99642857143}
2026-09-01 09:43:10,292 - INFO - 💰 Position size [BREAKOUT|GAP_DOWN_HIGH_VOL|conf=70]: frac=0.002 → ₹5,000 (risk/unit=0.05%)
2026-09-01 09:43:10,321 - INFO - 🟢 ENTRY [CF|Structural_v3.3_ExitMgmt|ctural_v3.3_ExitMgmt]: NSE:NIFTYBANK-INDEX BUY CALL @ 57406.05 | SL: 57377.66 TP: 57690.00
2026-09-01 09:43:10,321 - INFO - 👻 [Geometry_v1.0_Score35] CF CONFLUENCE_BOUNCE NSE:NIFTYBANK-INDEX BUY PUT | Rejected: ['NARRATIVE_BIAS_BULLISH', 'LOW_RR:0.61']
2026-09-01 09:43:10,321 - INFO - 📊 EXECUTION AUDIT [SIGNAL_GENERATED]: trade_id=None, candidate_id=cand_NSE_NIFTYBANK_INDEX_CONFLUENCE_BOUNCE_57406.05_202609010942_Geometry_v1.0_Score35, payload={'symbol': 'NSE:NIFTYBANK-INDEX', 'candidate_id': 'cand_NSE_NIFTYBANK_INDEX_CONFLUENCE_BOUNCE_57406.05_202609010942_Geometry_v1.0_Score35', 'experiment_name': 'Geometry_v1.0_Score35', 'strategy_id': 'geometry', 'version': 'v1.0', 'signal': 'BUY PUT', 'strategy': 'CONFLUENCE_BOUNCE', 'price': 57406.05, 'stop_loss': 57434.44, 'take_profit': 57388.87, 'tp1': 57363.46, 'rr_ratio': 0.61, 'timestamp': '2026-09-01T09:42:35.877066+05:30', 'zone_band_low': 57404.75, 'zone_band_high': 57404.75, 'zone_direction': 'RESISTANCE', 'zone_component_count': 1, 'accepted': False, 'rejection_reasons': ['NARRATIVE_BIAS_BULLISH', 'LOW_RR:0.61'], 'stop_loss_distance': 28.39, 'atr': 56.79, 'confidence': 0.63, 'diagnostics': {'zone_score': 53.8, 'zone_explanation': 'RESISTANCE @ 57404.75 (±0.0pts, score=53)', 'dist_to_zone': 1.3, 'narrative_bias': 'REVERSAL', 'bias_confidence': 0.769, 'zone_engine_confirmed': False}, 'features': {'regime_primary': 'GAP_DOWN', 'regime_vol_state': 'HIGH_VOL', 'market_regime': 'GAP_DOWN_HIGH_VOL'}}
2026-09-01 09:43:12,221 - INFO - Resolved active expiry from API: 26SEP
2026-09-01 09:43:13,230 - INFO - Retrieved live premium from Fyers API: LTP=583.3 for NSE:BANKNIFTY26SEP57400PE
2026-09-01 09:43:13,231 - INFO - Resolved index signal into option contract: OptionContract(symbol='NSE:BANKNIFTY26SEP57400PE', strike=57400.0, expiry='26SEP', option_type='PE', premium=583.3, delta=0.5, bid=581.4, ask=582.7, volume=308400, resolved_at=datetime.datetime(2026, 9, 1, 9, 43, 13, 231094))
2026-09-01 09:43:13,231 - INFO - ⚡ Option strike selection resolved index signal to contract NSE:BANKNIFTY26SEP57400PE @ premium 583.3 (type: PE, strike: 57400.0)
2026-09-01 09:43:13,231 - INFO - 📊 EXECUTION AUDIT [STRIKE_SELECTED]: trade_id=None, candidate_id=cand_NSE_NIFTYBANK_INDEX_CONFLUENCE_BOUNCE_57406.05_202609010942_Geometry_v1.0_Score35, payload={'symbol': 'NSE:BANKNIFTY26SEP57400PE', 'strike': 57400.0, 'expiry': '26SEP', 'type': 'PE'}
2026-09-01 09:43:13,264 - INFO - 📊 EXECUTION AUDIT [PREMIUM_RETRIEVED]: trade_id=None, candidate_id=cand_NSE_NIFTYBANK_INDEX_CONFLUENCE_BOUNCE_57406.05_202609010942_Geometry_v1.0_Score35, payload={'premium': 583.3, 'bid': 581.4, 'ask': 582.7}
2026-09-01 09:43:13,286 - INFO - 📊 EXECUTION AUDIT [CF_SUBMITTED]: trade_id=None, candidate_id=cand_NSE_NIFTYBANK_INDEX_CONFLUENCE_BOUNCE_57406.05_202609010942_Geometry_v1.0_Score35, payload={'price': 57406.05, 'sl': 57434.44, 'tp': 57388.87}
2026-09-01 09:43:13,304 - INFO - 📊 EXECUTION AUDIT [CF_FILLED]: trade_id=None, candidate_id=cand_NSE_NIFTYBANK_INDEX_CONFLUENCE_BOUNCE_57406.05_202609010942_Geometry_v1.0_Score35, payload={'price': 57406.05, 'sl': 57434.44, 'tp': 57388.87}
2026-09-01 09:43:13,320 - INFO - 💰 Position size [CONFLUENCE_BOUNCE|GAP_DOWN_HIGH_VOL|conf=1]: frac=0.002 → ₹5,000 (risk/unit=0.05%)
2026-09-01 09:43:13,351 - INFO - 🟢 ENTRY [CF|Geometry_v1.0_Score35|eometry_v1.0_Score35]: NSE:NIFTYBANK-INDEX BUY PUT @ 57406.05 | SL: 57434.44 TP: 57388.87
2026-09-01 09:43:13,351 - INFO - 👻 [Geometry_v1.0_Score50] CF CONFLUENCE_BOUNCE NSE:NIFTYBANK-INDEX BUY PUT | Rejected: ['NARRATIVE_BIAS_BULLISH', 'LOW_RR:0.61']
2026-09-01 09:43:13,351 - INFO - 📊 EXECUTION AUDIT [SIGNAL_GENERATED]: trade_id=None, candidate_id=cand_NSE_NIFTYBANK_INDEX_CONFLUENCE_BOUNCE_57406.05_202609010942_Geometry_v1.0_Score50, payload={'symbol': 'NSE:NIFTYBANK-INDEX', 'candidate_id': 'cand_NSE_NIFTYBANK_INDEX_CONFLUENCE_BOUNCE_57406.05_202609010942_Geometry_v1.0_Score50', 'experiment_name': 'Geometry_v1.0_Score50', 'strategy_id': 'geometry', 'version': 'v1.0', 'signal': 'BUY PUT', 'strategy': 'CONFLUENCE_BOUNCE', 'price': 57406.05, 'stop_loss': 57434.44, 'take_profit': 57388.87, 'tp1': 57363.46, 'rr_ratio': 0.61, 'timestamp': '2026-09-01T09:42:35.877066+05:30', 'zone_band_low': 57404.75, 'zone_band_high': 57404.75, 'zone_direction': 'RESISTANCE', 'zone_component_count': 1, 'accepted': False, 'rejection_reasons': ['NARRATIVE_BIAS_BULLISH', 'LOW_RR:0.61'], 'stop_loss_distance': 28.39, 'atr': 56.79, 'confidence': 0.63, 'diagnostics': {'zone_score': 53.8, 'zone_explanation': 'RESISTANCE @ 57404.75 (±0.0pts, score=53)', 'dist_to_zone': 1.3, 'narrative_bias': 'REVERSAL', 'bias_confidence': 0.769, 'zone_engine_confirmed': False}, 'features': {'regime_primary': 'GAP_DOWN', 'regime_vol_state': 'HIGH_VOL', 'market_regime': 'GAP_DOWN_HIGH_VOL'}}
2026-09-01 09:43:15,242 - INFO - Resolved active expiry from API: 26SEP
2026-09-01 09:43:16,235 - INFO - Retrieved live premium from Fyers API: LTP=581.4 for NSE:BANKNIFTY26SEP57400PE
2026-09-01 09:43:16,235 - INFO - Resolved index signal into option contract: OptionContract(symbol='NSE:BANKNIFTY26SEP57400PE', strike=57400.0, expiry='26SEP', option_type='PE', premium=581.4, delta=0.5, bid=581.2, ask=582.85, volume=308670, resolved_at=datetime.datetime(2026, 9, 1, 9, 43, 16, 235707))
2026-09-01 09:43:16,235 - INFO - ⚡ Option strike selection resolved index signal to contract NSE:BANKNIFTY26SEP57400PE @ premium 581.4 (type: PE, strike: 57400.0)
2026-09-01 09:43:16,236 - INFO - 📊 EXECUTION AUDIT [STRIKE_SELECTED]: trade_id=None, candidate_id=cand_NSE_NIFTYBANK_INDEX_CONFLUENCE_BOUNCE_57406.05_202609010942_Geometry_v1.0_Score50, payload={'symbol': 'NSE:BANKNIFTY26SEP57400PE', 'strike': 57400.0, 'expiry': '26SEP', 'type': 'PE'}
2026-09-01 09:43:16,267 - INFO - 📊 EXECUTION AUDIT [PREMIUM_RETRIEVED]: trade_id=None, candidate_id=cand_NSE_NIFTYBANK_INDEX_CONFLUENCE_BOUNCE_57406.05_202609010942_Geometry_v1.0_Score50, payload={'premium': 581.4, 'bid': 581.2, 'ask': 582.85}
2026-09-01 09:43:16,289 - INFO - 📊 EXECUTION AUDIT [CF_SUBMITTED]: trade_id=None, candidate_id=cand_NSE_NIFTYBANK_INDEX_CONFLUENCE_BOUNCE_57406.05_202609010942_Geometry_v1.0_Score50, payload={'price': 57406.05, 'sl': 57434.44, 'tp': 57388.87}
2026-09-01 09:43:16,308 - INFO - 📊 EXECUTION AUDIT [CF_FILLED]: trade_id=None, candidate_id=cand_NSE_NIFTYBANK_INDEX_CONFLUENCE_BOUNCE_57406.05_202609010942_Geometry_v1.0_Score50, payload={'price': 57406.05, 'sl': 57434.44, 'tp': 57388.87}
2026-09-01 09:43:16,325 - INFO - 💰 Position size [CONFLUENCE_BOUNCE|GAP_DOWN_HIGH_VOL|conf=1]: frac=0.002 → ₹5,000 (risk/unit=0.05%)
2026-09-01 09:43:16,358 - INFO - 🟢 ENTRY [CF|Geometry_v1.0_Score50|eometry_v1.0_Score50]: NSE:NIFTYBANK-INDEX BUY PUT @ 57406.05 | SL: 57434.44 TP: 57388.87
2026-09-01 09:43:16,359 - INFO - 👻 [GapRegime_v2.0] CF GAP_AND_GO NSE:NIFTYBANK-INDEX BUY PUT | Rejected: ['LOW_EFFICIENCY']
2026-09-01 09:43:16,359 - INFO - 📊 EXECUTION AUDIT [SIGNAL_GENERATED]: trade_id=None, candidate_id=cand_NSE_NIFTYBANK_INDEX_GAP_AND_GO_57406.05_20260901_094235_GapRegime_v2.0, payload={'symbol': 'NSE:NIFTYBANK-INDEX', 'signal': 'BUY PUT', 'strategy': 'GAP_AND_GO', 'price': 57406.05, 'stop_loss': 57568.82, 'take_profit': 57122.1, 'tp1': 57161.9, 'rr_ratio': 1.74, 'timestamp': '2026-09-01T09:42:35.877066+05:30', 'accepted': False, 'rejection_reasons': ['LOW_EFFICIENCY'], 'candidate_id': 'cand_NSE_NIFTYBANK_INDEX_GAP_AND_GO_57406.05_20260901_094235_GapRegime_v2.0', 'confidence': 0.5, 'diagnostics': {'gap_pct': -0.801, 'today_open': 57560.3, 'prev_close': 58024.95, 'minutes_since_open': 27.6, 'rvol': 1.64, 'atr': 56.79, 'move_efficiency': 0.033}, 'experiment_name': 'GapRegime_v2.0', 'strategy_id': 'gap', 'version': 'v2.0', 'features': {'regime_primary': 'GAP_DOWN', 'regime_vol_state': 'HIGH_VOL', 'market_regime': 'GAP_DOWN_HIGH_VOL'}}
2026-09-01 09:43:18,245 - INFO - Resolved active expiry from API: 26SEP
2026-09-01 09:43:19,251 - INFO - Retrieved live premium from Fyers API: LTP=582.75 for NSE:BANKNIFTY26SEP57400PE
2026-09-01 09:43:19,251 - INFO - Resolved index signal into option contract: OptionContract(symbol='NSE:BANKNIFTY26SEP57400PE', strike=57400.0, expiry='26SEP', option_type='PE', premium=582.75, delta=0.5, bid=581.0, ask=582.4, volume=308880, resolved_at=datetime.datetime(2026, 9, 1, 9, 43, 19, 251628))
2026-09-01 09:43:19,251 - INFO - ⚡ Option strike selection resolved index signal to contract NSE:BANKNIFTY26SEP57400PE @ premium 582.75 (type: PE, strike: 57400.0)
2026-09-01 09:43:19,252 - INFO - 📊 EXECUTION AUDIT [STRIKE_SELECTED]: trade_id=None, candidate_id=cand_NSE_NIFTYBANK_INDEX_GAP_AND_GO_57406.05_20260901_094235_GapRegime_v2.0, payload={'symbol': 'NSE:BANKNIFTY26SEP57400PE', 'strike': 57400.0, 'expiry': '26SEP', 'type': 'PE'}
2026-09-01 09:43:19,284 - INFO - 📊 EXECUTION AUDIT [PREMIUM_RETRIEVED]: trade_id=None, candidate_id=cand_NSE_NIFTYBANK_INDEX_GAP_AND_GO_57406.05_20260901_094235_GapRegime_v2.0, payload={'premium': 582.75, 'bid': 581.0, 'ask': 582.4}
2026-09-01 09:43:19,305 - INFO - 📊 EXECUTION AUDIT [CF_SUBMITTED]: trade_id=None, candidate_id=cand_NSE_NIFTYBANK_INDEX_GAP_AND_GO_57406.05_20260901_094235_GapRegime_v2.0, payload={'price': 57406.05, 'sl': 57568.82, 'tp': 57122.1}
2026-09-01 09:43:19,323 - INFO - 📊 EXECUTION AUDIT [CF_FILLED]: trade_id=None, candidate_id=cand_NSE_NIFTYBANK_INDEX_GAP_AND_GO_57406.05_20260901_094235_GapRegime_v2.0, payload={'price': 57406.05, 'sl': 57568.82, 'tp': 57122.1}
2026-09-01 09:43:19,339 - INFO - 💰 Position size [GAP_AND_GO|GAP_DOWN_HIGH_VOL|conf=0]: frac=0.002 → ₹5,000 (risk/unit=0.28%)
2026-09-01 09:43:19,368 - INFO - 🟢 ENTRY [CF|GapRegime_v2.0|94235_GapRegime_v2.0]: NSE:NIFTYBANK-INDEX BUY PUT @ 57406.05 | SL: 57568.82 TP: 57122.10
2026-09-01 09:43:19,368 - INFO - 👻 [VerticalSpread_v1.0] CF COMBO BULL_CALL_SPREAD NSE:NIFTYBANK-INDEX BULL_CALL_SPREAD | Rejected: ['LOW_EFFICIENCY']
2026-09-01 09:43:21,254 - INFO - Resolved active expiry from API: 26SEP
2026-09-01 09:43:22,268 - INFO - Retrieved live premium from Fyers API: LTP=912.0 for NSE:BANKNIFTY26SEP57400CE
2026-09-01 09:43:23,291 - INFO - Retrieved live premium from Fyers API: LTP=796.0 for NSE:BANKNIFTY26SEP57600CE
2026-09-01 09:43:23,292 - INFO - Resolved BULL_CALL_SPREAD for NSE:NIFTYBANK-INDEX: [('CE', 'BUY', 57400.0), ('CE', 'SELL', 57600.0)] net_premium=117.70 max_loss=117.70
2026-09-01 09:43:23,346 - INFO - 🟢 CF COMBO ENTRY [VerticalSpread_v1.0|_VerticalSpread_v1.0]: NSE:NIFTYBANK-INDEX BULL_CALL_SPREAD | Net premium: 117.70 | Max loss: 117.70
2026-09-01 09:43:23,347 - INFO - 👻 [Straddle_v1.0_VolCompression] CF COMBO LONG_STRADDLE NSE:NIFTYBANK-INDEX LONG_STRADDLE | Rejected: ['NO_COMPRESSION:0.86']
2026-09-01 09:43:25,278 - INFO - Resolved active expiry from API: 26SEP
2026-09-01 09:43:26,463 - INFO - Retrieved live premium from Fyers API: LTP=911.25 for NSE:BANKNIFTY26SEP57400CE
2026-09-01 09:43:27,281 - INFO - Retrieved live premium from Fyers API: LTP=585.75 for NSE:BANKNIFTY26SEP57400PE
2026-09-01 09:43:27,281 - INFO - Resolved LONG_STRADDLE for NSE:NIFTYBANK-INDEX: [('CE', 'BUY', 57400.0), ('PE', 'BUY', 57400.0)] net_premium=1497.90 max_loss=1497.90
2026-09-01 09:43:27,337 - INFO - 🟢 CF COMBO ENTRY [Straddle_v1.0_VolCompression|_v1.0_VolCompression]: NSE:NIFTYBANK-INDEX LONG_STRADDLE | Net premium: 1497.90 | Max loss: 1497.90
2026-09-01 09:43:27,337 - INFO - 👻 [Strangle_v1.0_VolCompression] CF COMBO LONG_STRANGLE NSE:NIFTYBANK-INDEX LONG_STRANGLE | Rejected: ['NO_COMPRESSION:0.86']
2026-09-01 09:43:28,558 - INFO - 📊 Saved 22 snapshots for NSE:NIFTYBANK-INDEX  (oi range: 4,860–1,976,070)
2026-09-01 09:43:29,291 - INFO - Resolved active expiry from API: 26SEP
2026-09-01 09:43:29,347 - INFO - Resolved LONG_STRANGLE for NSE:NIFTYBANK-INDEX: [('CE', 'BUY', 57600.0), ('PE', 'BUY', 57200.0)] net_premium=1308.10 max_loss=1308.10
2026-09-01 09:43:29,376 - INFO - 🟢 CF COMBO ENTRY [Strangle_v1.0_VolCompression|_v1.0_VolCompression]: NSE:NIFTYBANK-INDEX LONG_STRANGLE | Net premium: 1308.10 | Max loss: 1308.10
2026-09-01 09:43:29,376 - WARNING - ⚡ [CreditSpread_v1.0_PCRFade] errors: ['OPTIONS_DATA_STALE']
2026-09-01 09:43:29,376 - WARNING - ⚡ [OIWallReaction_v1.0] errors: ['OPTIONS_DATA_STALE']
2026-09-01 09:43:29,376 - WARNING - ⚡ [PCRExtremeReversal_v1.0] errors: ['OPTIONS_DATA_STALE']
2026-09-01 09:43:29,376 - INFO - 👻 [IronCondor_v1.0] CF COMBO IRON_CONDOR NSE:NIFTYBANK-INDEX IRON_CONDOR | Rejected: ['HIGH_RVOL']
2026-09-01 09:43:29,389 - INFO - Resolved active expiry from DB: 26SEP (2026-09-29)
2026-09-01 09:43:29,444 - INFO - Resolved IRON_CONDOR for NSE:NIFTYBANK-INDEX: [('PE', 'SELL', 57300.0), ('PE', 'BUY', 57100.0), ('CE', 'SELL', 57500.0), ('CE', 'BUY', 57700.0)] net_premium=-177.25 max_loss=22.75
2026-09-01 09:43:29,466 - INFO - 🟢 CF COMBO ENTRY [IronCondor_v1.0|4235_IronCondor_v1.0]: NSE:NIFTYBANK-INDEX IRON_CONDOR | Net premium: -177.25 | Max loss: 22.75
2026-09-01 09:43:29,466 - INFO - 👻 [Butterfly_v1.0] CF COMBO BUTTERFLY_SPREAD NSE:NIFTYBANK-INDEX BUTTERFLY_SPREAD | Rejected: ['HIGH_RVOL']
2026-09-01 09:43:29,478 - INFO - Resolved active expiry from DB: 26SEP (2026-09-29)
2026-09-01 09:43:29,531 - INFO - Resolved BUTTERFLY_SPREAD for NSE:NIFTYBANK-INDEX: [('CE', 'BUY', 57200.0), ('CE', 'SELL', 57400.0), ('CE', 'SELL', 57400.0), ('CE', 'BUY', 57600.0)] net_premium=7.75 max_loss=7.75
2026-09-01 09:43:29,554 - INFO - 🟢 CF COMBO ENTRY [Butterfly_v1.0|94235_Butterfly_v1.0]: NSE:NIFTYBANK-INDEX BUTTERFLY_SPREAD | Net premium: 7.75 | Max loss: 7.75
2026-09-01 09:43:29,554 - INFO - 👻 [IronButterfly_v1.0] CF COMBO IRON_BUTTERFLY NSE:NIFTYBANK-INDEX IRON_BUTTERFLY | Rejected: ['HIGH_RVOL']
2026-09-01 09:43:29,566 - INFO - Resolved active expiry from DB: 26SEP (2026-09-29)
2026-09-01 09:43:29,616 - INFO - Resolved IRON_BUTTERFLY for NSE:NIFTYBANK-INDEX: [('PE', 'SELL', 57400.0), ('CE', 'SELL', 57400.0), ('PE', 'BUY', 57000.0), ('CE', 'BUY', 57800.0)] net_premium=-363.00 max_loss=37.00
2026-09-01 09:43:29,638 - INFO - 🟢 CF COMBO ENTRY [IronButterfly_v1.0|5_IronButterfly_v1.0]: NSE:NIFTYBANK-INDEX IRON_BUTTERFLY | Net premium: -363.00 | Max loss: 37.00
2026-09-01 09:43:29,638 - WARNING - ⚡ [OI_Scalping_v1.0] errors: ['INSUFFICIENT_OI_DATA']
2026-09-01 09:43:29,638 - INFO - 👻 [ExpiryAwareTheta_v1.0] CF COMBO IRON_CONDOR NSE:NIFTYBANK-INDEX IRON_CONDOR | Rejected: ['HIGH_RVOL']
2026-09-01 09:43:29,649 - INFO - 📡 Fetching NSE:NIFTY50-INDEX @ 24038  expiry=26901  strikes=ATM±5
2026-09-01 09:43:29,651 - INFO - Resolved active expiry from DB: 26SEP (2026-09-29)
2026-09-01 09:43:29,703 - INFO - Resolved IRON_CONDOR for NSE:NIFTYBANK-INDEX: [('PE', 'SELL', 57300.0), ('PE', 'BUY', 57100.0), ('CE', 'SELL', 57500.0), ('CE', 'BUY', 57700.0)] net_premium=-177.25 max_loss=22.75
2026-09-01 09:43:29,727 - INFO - 🟢 CF COMBO ENTRY [ExpiryAwareTheta_v1.0|xpiryAwareTheta_v1.0]: NSE:NIFTYBANK-INDEX IRON_CONDOR | Net premium: -177.25 | Max loss: 22.75
2026-09-01 09:43:29,727 - INFO - ⏱️ [Real-time Exit Loop] Checking open positions @ 09:43:29...
2026-09-01 09:43:31,297 - INFO - 📊 EXECUTION AUDIT [CF_SL_MODIFIED]: trade_id=None, candidate_id=cand_NSE_NIFTY50_INDEX_EMAPULL_24040.85_20260901_094235_EMA_Pullback_20_50_RVOL0.5, payload={'price': 24039.75, 'old_sl': 24058.129999999997, 'new_sl': 24057.03, 'old_tp': None, 'new_tp': 23993.6, 'reason': 'TRAILING_SL'}
2026-09-01 09:43:31,372 - INFO - 🟡 UPDATE (TRAILING_SL) [CFEMA_Pullback_20_50_RVOL0.5|llback_20_50_RVOL0.5]: NSE:NIFTY50-INDEX @ 24039.75 | SL→24057.03 TP→23993.60
2026-09-01 09:43:31,372 - INFO - 📊 EXECUTION AUDIT [CF_SL_MODIFIED]: trade_id=None, candidate_id=cand_NSE_NIFTY50_INDEX_CPR_24040.85_20260901_094235_CPR_v1.0, payload={'price': 24039.75, 'old_sl': 24066.96, 'new_sl': 24065.86, 'old_tp': None, 'new_tp': 23988.64, 'reason': 'TRAILING_SL'}
2026-09-01 09:43:31,418 - INFO - 🟡 UPDATE (TRAILING_SL) [CFCPR_v1.0|0901_094235_CPR_v1.0]: NSE:NIFTY50-INDEX @ 24039.75 | SL→24065.86 TP→23988.64
2026-09-01 09:43:31,418 - INFO - 📊 EXECUTION AUDIT [CF_EXITED]: trade_id=None, candidate_id=cand_NSE_NIFTYBANK_INDEX_BREAKOUT_57572.70_20260901_093500_Structural_v3.3_ExitMgmt, payload={'exit_price': 57381.2, 'exit_reason': 'STRUCTURE_INVALIDATED', 'pnl_r': -0.0016437455481891404, 'duration_minutes': 0.8975091833333334, 'bars_held': 0}
2026-09-01 09:43:31,455 - INFO - 🔴 EXIT (STRUCTURE_INVALIDATED) [CFStructural_v3.3_ExitMgmt|ctural_v3.3_ExitMgmt]: NSE:NIFTYBANK-INDEX @ 57381.20 | PnL -0.00R | MFE 0.00R | Capture N/A | 0bars HoldEff -0.002R/bar
2026-09-01 09:43:31,456 - INFO - 📊 EXECUTION AUDIT [CF_TP_EXPANDED]: trade_id=None, candidate_id=cand_NSE_NIFTYBANK_INDEX_CONFLUENCE_BOUNCE_57406.05_202609010942_Geometry_v1.0_Score35, payload={'price': 57381.2, 'old_sl': 57434.44, 'new_sl': 57409.59, 'old_tp': 57388.87, 'new_tp': 57360.48, 'reason': 'TP_EXPANSION'}
2026-09-01 09:43:31,493 - INFO - 🟡 UPDATE (TP_EXPANSION) [CFGeometry_v1.0_Score35|eometry_v1.0_Score35]: NSE:NIFTYBANK-INDEX @ 57381.20 | SL→57409.59 TP→57360.48
2026-09-01 09:43:31,493 - INFO - 📊 EXECUTION AUDIT [CF_TP_EXPANDED]: trade_id=None, candidate_id=cand_NSE_NIFTYBANK_INDEX_CONFLUENCE_BOUNCE_57406.05_202609010942_Geometry_v1.0_Score50, payload={'price': 57381.2, 'old_sl': 57434.44, 'new_sl': 57409.59, 'old_tp': 57388.87, 'new_tp': 57360.48, 'reason': 'TP_EXPANSION'}
2026-09-01 09:43:31,528 - INFO - 🟡 UPDATE (TP_EXPANSION) [CFGeometry_v1.0_Score50|eometry_v1.0_Score50]: NSE:NIFTYBANK-INDEX @ 57381.20 | SL→57409.59 TP→57360.48
2026-09-01 09:43:31,528 - INFO - 📊 EXECUTION AUDIT [CF_SL_MODIFIED]: trade_id=None, candidate_id=cand_NSE_NIFTYBANK_INDEX_GAP_AND_GO_57406.05_20260901_094235_GapRegime_v2.0, payload={'price': 57381.2, 'old_sl': 57568.82, 'new_sl': 57543.969999999994, 'old_tp': None, 'new_tp': 57122.1, 'reason': 'TRAILING_SL'}
2026-09-01 09:43:31,563 - INFO - 🟡 UPDATE (TRAILING_SL) [CFGapRegime_v2.0|94235_GapRegime_v2.0]: NSE:NIFTYBANK-INDEX @ 57381.20 | SL→57543.97 TP→57122.10
2026-09-01 09:43:32,182 - INFO - 🔴 CF COMBO EXIT (STOP_R) [Butterfly_v1.0|94235_Butterfly_v1.0]: NSE:NIFTYBANK-INDEX BUTTERFLY_SPREAD | PnL -1.23R | 1min
2026-09-01 09:44:00,046 - INFO - 📊 Saved 22 snapshots for NSE:NIFTY50-INDEX  (oi range: 382,460–44,562,700)
2026-09-01 09:44:02,156 - INFO - 📡 Fetching NSE:NIFTYBANK-INDEX @ 57365  expiry=26SEP  strikes=ATM±5
2026-09-01 09:44:05,312 - INFO - ⏱️ [Real-time Exit Loop] Checking open positions @ 09:44:05...
2026-09-01 09:44:06,401 - INFO - 📊 EXECUTION AUDIT [CF_SL_MODIFIED]: trade_id=None, candidate_id=cand_NSE_NIFTY50_INDEX_EMAPULL_24040.85_20260901_094235_EMA_Pullback_20_50_RVOL0.5, payload={'price': 24032.35, 'old_sl': 24057.03, 'new_sl': 24049.629999999997, 'old_tp': None, 'new_tp': 23993.6, 'reason': 'TRAILING_SL'}
2026-09-01 09:44:06,464 - INFO - 🟡 UPDATE (TRAILING_SL) [CFEMA_Pullback_20_50_RVOL0.5|llback_20_50_RVOL0.5]: NSE:NIFTY50-INDEX @ 24032.35 | SL→24049.63 TP→23993.60
2026-09-01 09:44:06,465 - INFO - 📊 EXECUTION AUDIT [CF_SL_MODIFIED]: trade_id=None, candidate_id=cand_NSE_NIFTY50_INDEX_CPR_24040.85_20260901_094235_CPR_v1.0, payload={'price': 24032.35, 'old_sl': 24065.86, 'new_sl': 24058.46, 'old_tp': None, 'new_tp': 23988.64, 'reason': 'TRAILING_SL'}
2026-09-01 09:44:06,509 - INFO - 🟡 UPDATE (TRAILING_SL) [CFCPR_v1.0|0901_094235_CPR_v1.0]: NSE:NIFTY50-INDEX @ 24032.35 | SL→24058.46 TP→23988.64
2026-09-01 09:44:06,509 - INFO - 📊 EXECUTION AUDIT [CF_EXITED]: trade_id=None, candidate_id=cand_NSE_NIFTYBANK_INDEX_BREAKOUT_57572.70_20260901_093500_Structural_v3.2_RVOL1.0, payload={'exit_price': 57364.25, 'exit_reason': 'INITIAL_SL', 'pnl_r': -0.014346730916657564, 'duration_minutes': 1.4905891, 'bars_held': 0}
2026-09-01 09:44:06,545 - INFO - 🔴 EXIT (INITIAL_SL) [CFStructural_v3.2_RVOL1.0|uctural_v3.2_RVOL1.0]: NSE:NIFTYBANK-INDEX @ 57364.25 | PnL -0.01R | MFE 0.00R | Capture N/A | 0bars HoldEff -0.014R/bar
2026-09-01 09:44:06,545 - INFO - 📊 EXECUTION AUDIT [CF_EXITED]: trade_id=None, candidate_id=cand_NSE_NIFTYBANK_INDEX_BREAKOUT_57572.70_20260901_093500_Structural_v3.2_RVOL0.8, payload={'exit_price': 57364.25, 'exit_reason': 'INITIAL_SL', 'pnl_r': -0.013860735221607383, 'duration_minutes': 1.4905891, 'bars_held': 0}
2026-09-01 09:44:06,580 - INFO - 🔴 EXIT (INITIAL_SL) [CFStructural_v3.2_RVOL0.8|uctural_v3.2_RVOL0.8]: NSE:NIFTYBANK-INDEX @ 57364.25 | PnL -0.01R | MFE 0.00R | Capture N/A | 0bars HoldEff -0.014R/bar
2026-09-01 09:44:06,580 - INFO - 📊 EXECUTION AUDIT [CF_SL_MODIFIED]: trade_id=None, candidate_id=cand_NSE_NIFTYBANK_INDEX_CONFLUENCE_BOUNCE_57406.05_202609010942_Geometry_v1.0_Score35, payload={'price': 57364.25, 'old_sl': 57409.59, 'new_sl': 57392.64, 'old_tp': None, 'new_tp': 57360.48, 'reason': 'TRAILING_SL'}
2026-09-01 09:44:06,611 - INFO - 🟡 UPDATE (TRAILING_SL) [CFGeometry_v1.0_Score35|eometry_v1.0_Score35]: NSE:NIFTYBANK-INDEX @ 57364.25 | SL→57392.64 TP→57360.48
2026-09-01 09:44:06,612 - INFO - 📊 EXECUTION AUDIT [CF_SL_MODIFIED]: trade_id=None, candidate_id=cand_NSE_NIFTYBANK_INDEX_CONFLUENCE_BOUNCE_57406.05_202609010942_Geometry_v1.0_Score50, payload={'price': 57364.25, 'old_sl': 57409.59, 'new_sl': 57392.64, 'old_tp': None, 'new_tp': 57360.48, 'reason': 'TRAILING_SL'}
2026-09-01 09:44:06,643 - INFO - 🟡 UPDATE (TRAILING_SL) [CFGeometry_v1.0_Score50|eometry_v1.0_Score50]: NSE:NIFTYBANK-INDEX @ 57364.25 | SL→57392.64 TP→57360.48
2026-09-01 09:44:06,643 - INFO - 📊 EXECUTION AUDIT [CF_SL_MODIFIED]: trade_id=None, candidate_id=cand_NSE_NIFTYBANK_INDEX_GAP_AND_GO_57406.05_20260901_094235_GapRegime_v2.0, payload={'price': 57364.25, 'old_sl': 57543.969999999994, 'new_sl': 57527.02, 'old_tp': None, 'new_tp': 57122.1, 'reason': 'TRAILING_SL'}
2026-09-01 09:44:06,675 - INFO - 🟡 UPDATE (TRAILING_SL) [CFGapRegime_v2.0|94235_GapRegime_v2.0]: NSE:NIFTYBANK-INDEX @ 57364.25 | SL→57527.02 TP→57122.10
2026-09-01 09:44:32,013 - INFO - 📊 Saved 22 snapshots for NSE:NIFTYBANK-INDEX  (oi range: 4,860–1,972,410)
2026-09-01 09:44:33,115 - INFO - 📡 Fetching NSE:NIFTY50-INDEX @ 24029  expiry=26901  strikes=ATM±5
2026-09-01 09:44:35,393 - INFO - ⏱️ [Real-time Exit Loop] Checking open positions @ 09:44:35...
2026-09-01 09:44:36,500 - INFO - 📊 EXECUTION AUDIT [CF_SL_MODIFIED]: trade_id=None, candidate_id=cand_NSE_NIFTY50_INDEX_EMAPULL_24040.85_20260901_094235_EMA_Pullback_20_50_RVOL0.5, payload={'price': 24028.8, 'old_sl': 24049.629999999997, 'new_sl': 24046.079999999998, 'old_tp': None, 'new_tp': 23993.6, 'reason': 'TRAILING_SL'}
2026-09-01 09:44:36,580 - INFO - 🟡 UPDATE (TRAILING_SL) [CFEMA_Pullback_20_50_RVOL0.5|llback_20_50_RVOL0.5]: NSE:NIFTY50-INDEX @ 24028.80 | SL→24046.08 TP→23993.60
2026-09-01 09:44:36,580 - INFO - 📊 EXECUTION AUDIT [CF_SL_MODIFIED]: trade_id=None, candidate_id=cand_NSE_NIFTY50_INDEX_CPR_24040.85_20260901_094235_CPR_v1.0, payload={'price': 24028.8, 'old_sl': 24058.46, 'new_sl': 24054.91, 'old_tp': None, 'new_tp': 23988.64, 'reason': 'TRAILING_SL'}
2026-09-01 09:44:36,630 - INFO - 🟡 UPDATE (TRAILING_SL) [CFCPR_v1.0|0901_094235_CPR_v1.0]: NSE:NIFTY50-INDEX @ 24028.80 | SL→24054.91 TP→23988.64
2026-09-01 09:44:36,631 - INFO - 📊 EXECUTION AUDIT [CF_TP_EXPANDED]: trade_id=None, candidate_id=cand_NSE_NIFTYBANK_INDEX_CONFLUENCE_BOUNCE_57406.05_202609010942_Geometry_v1.0_Score35, payload={'price': 57354.5, 'old_sl': 57392.64, 'new_sl': 57382.89, 'old_tp': 57360.48, 'new_tp': 57332.090000000004, 'reason': 'TP_EXPANSION'}
2026-09-01 09:44:36,678 - INFO - 🟡 UPDATE (TP_EXPANSION) [CFGeometry_v1.0_Score35|eometry_v1.0_Score35]: NSE:NIFTYBANK-INDEX @ 57354.50 | SL→57382.89 TP→57332.09
2026-09-01 09:44:36,678 - INFO - 📊 EXECUTION AUDIT [CF_TP_EXPANDED]: trade_id=None, candidate_id=cand_NSE_NIFTYBANK_INDEX_CONFLUENCE_BOUNCE_57406.05_202609010942_Geometry_v1.0_Score50, payload={'price': 57354.5, 'old_sl': 57392.64, 'new_sl': 57382.89, 'old_tp': 57360.48, 'new_tp': 57332.090000000004, 'reason': 'TP_EXPANSION'}
2026-09-01 09:44:36,719 - INFO - 🟡 UPDATE (TP_EXPANSION) [CFGeometry_v1.0_Score50|eometry_v1.0_Score50]: NSE:NIFTYBANK-INDEX @ 57354.50 | SL→57382.89 TP→57332.09
2026-09-01 09:44:36,719 - INFO - 📊 EXECUTION AUDIT [CF_SL_MODIFIED]: trade_id=None, candidate_id=cand_NSE_NIFTYBANK_INDEX_GAP_AND_GO_57406.05_20260901_094235_GapRegime_v2.0, payload={'price': 57354.5, 'old_sl': 57527.02, 'new_sl': 57517.27, 'old_tp': None, 'new_tp': 57122.1, 'reason': 'TRAILING_SL'}
2026-09-01 09:44:36,756 - INFO - 🟡 UPDATE (TRAILING_SL) [CFGapRegime_v2.0|94235_GapRegime_v2.0]: NSE:NIFTYBANK-INDEX @ 57354.50 | SL→57517.27 TP→57122.10
2026-09-01 09:45:03,007 - INFO - 📊 Saved 22 snapshots for NSE:NIFTY50-INDEX  (oi range: 376,285–43,966,000)
2026-09-01 09:45:05,122 - INFO - 📡 Fetching NSE:NIFTYBANK-INDEX @ 57361  expiry=26SEP  strikes=ATM±5
2026-09-01 09:45:05,497 - INFO - 🔔 [New Candle Closed] Running entry pipeline for candle 09:45 at 09:45:05...
2026-09-01 09:45:05,497 - INFO - --- 09:45:05 Market Pulse ---
2026-09-01 09:45:10,614 - INFO - 📊 EXECUTION AUDIT [CF_EXITED]: trade_id=None, candidate_id=cand_NSE_NIFTY50_INDEX_EMAPULL_24040.85_20260901_094235_EMA_Pullback_20_50_RVOL0.5, payload={'exit_price': 24046.079999999998, 'exit_reason': 'TRAILING_SL', 'pnl_r': 0.12439024390243905, 'duration_minutes': 2.4936729333333334, 'bars_held': 1}
2026-09-01 09:45:10,690 - INFO - 🔴 EXIT (TRAILING_SL) [CFEMA_Pullback_20_50_RVOL0.5|llback_20_50_RVOL0.5]: NSE:NIFTY50-INDEX @ 24046.08 | PnL +0.12R | MFE 0.70R | Capture 18% | 1bars HoldEff +0.124R/bar
2026-09-01 09:45:10,690 - INFO - 📊 EXECUTION AUDIT [CF_EXITED]: trade_id=None, candidate_id=cand_NSE_NIFTYBANK_INDEX_CONFLUENCE_BOUNCE_57406.05_202609010942_Geometry_v1.0_Score35, payload={'exit_price': 57411.6, 'exit_reason': 'TRAILING_SL', 'pnl_r': 0.01947829071563396, 'duration_minutes': 2.4936729333333334, 'bars_held': 1}
2026-09-01 09:45:10,741 - INFO - 🔴 EXIT (TRAILING_SL) [CFGeometry_v1.0_Score35|eometry_v1.0_Score35]: NSE:NIFTYBANK-INDEX @ 57411.60 | PnL +0.02R | MFE 1.82R | Capture 1% | 1bars HoldEff +0.019R/bar
2026-09-01 09:45:10,742 - INFO - 📊 EXECUTION AUDIT [CF_EXITED]: trade_id=None, candidate_id=cand_NSE_NIFTYBANK_INDEX_CONFLUENCE_BOUNCE_57406.05_202609010942_Geometry_v1.0_Score50, payload={'exit_price': 57411.6, 'exit_reason': 'TRAILING_SL', 'pnl_r': 0.019215921763746986, 'duration_minutes': 2.4936729333333334, 'bars_held': 1}
2026-09-01 09:45:10,788 - INFO - 🔴 EXIT (TRAILING_SL) [CFGeometry_v1.0_Score50|eometry_v1.0_Score50]: NSE:NIFTYBANK-INDEX @ 57411.60 | PnL +0.02R | MFE 1.82R | Capture 1% | 1bars HoldEff +0.019R/bar
2026-09-01 09:45:13,207 - INFO - Resolved active expiry from DB: 26901 (2026-09-01)
2026-09-01 09:45:13,208 - INFO - 🚀 SIGNAL: NSE:NIFTY50-INDEX BUY PUT | [Geometry_v1.0_Score35]
2026-09-01 09:45:13,208 - INFO -    Entry: 24028.35 | SL: 24038.42 | TP: 23967.93 (RR: 6.0)
2026-09-01 09:45:13,208 - INFO - 📊 EXECUTION AUDIT [SIGNAL_GENERATED]: trade_id=trade_NSE_NIFTY50_INDEX_Geometry_v1.0_Score35_1788236105, candidate_id=cand_NSE_NIFTY50_INDEX_CONFLUENCE_BOUNCE_24028.35_202609010945_Geometry_v1.0_Score35, payload={'symbol': 'NSE:NIFTY50-INDEX', 'candidate_id': 'cand_NSE_NIFTY50_INDEX_CONFLUENCE_BOUNCE_24028.35_202609010945_Geometry_v1.0_Score35', 'experiment_name': 'Geometry_v1.0_Score35', 'strategy_id': 'geometry', 'version': 'v1.0', 'signal': 'BUY PUT', 'strategy': 'CONFLUENCE_BOUNCE', 'price': 24028.35, 'stop_loss': 24038.42, 'take_profit': 23967.93, 'tp1': 24013.24, 'rr_ratio': 6.0, 'timestamp': '2026-09-01T09:45:05.497442+05:30', 'zone_band_low': 24027.81, 'zone_band_high': 24029.65, 'zone_direction': 'RESISTANCE', 'zone_component_count': 1, 'accepted': True, 'rejection_reasons': [], 'stop_loss_distance': 10.07, 'atr': 20.14, 'confidence': 0.606, 'diagnostics': {'zone_score': 50.8, 'zone_explanation': 'RESISTANCE TRENDLINE @ 24028.63 (±0.9pts, score=50)', 'dist_to_zone': 0.0, 'narrative_bias': 'CONTINUATION', 'bias_confidence': 0.754, 'zone_engine_confirmed': False}, 'features': {'regime_primary': 'WEAK_TREND_DOWN', 'regime_vol_state': 'HIGH_VOL', 'market_regime': 'WEAK_TREND_DOWN_HIGH_VOL'}}
2026-09-01 09:45:13,229 - INFO - Resolved active expiry from DB: 26901 (2026-09-01)
2026-09-01 09:45:13,243 - INFO - Resolved index signal into option contract: OptionContract(symbol='NSE:NIFTY2690124050PE', strike=24050.0, expiry='26901', option_type='PE', premium=47.5, delta=0.5, bid=47.7, ask=47.85, volume=188360965, resolved_at=datetime.datetime(2026, 9, 1, 9, 45, 13, 243168))
2026-09-01 09:45:13,243 - INFO - ⚡ Option strike selection resolved index signal to contract NSE:NIFTY2690124050PE @ premium 47.5 (type: PE, strike: 24050.0)
2026-09-01 09:45:13,243 - INFO - 📊 EXECUTION AUDIT [STRIKE_SELECTED]: trade_id=trade_NSE_NIFTY50_INDEX_Geometry_v1.0_Score35_1788236105, candidate_id=cand_NSE_NIFTY50_INDEX_CONFLUENCE_BOUNCE_24028.35_202609010945_Geometry_v1.0_Score35, payload={'symbol': 'NSE:NIFTY2690124050PE', 'strike': 24050.0, 'expiry': '26901', 'type': 'PE'}
2026-09-01 09:45:13,253 - INFO - 📊 EXECUTION AUDIT [PREMIUM_RETRIEVED]: trade_id=trade_NSE_NIFTY50_INDEX_Geometry_v1.0_Score35_1788236105, candidate_id=cand_NSE_NIFTY50_INDEX_CONFLUENCE_BOUNCE_24028.35_202609010945_Geometry_v1.0_Score35, payload={'premium': 47.5, 'bid': 47.7, 'ask': 47.85}
2026-09-01 09:45:13,263 - INFO - 📊 EXECUTION AUDIT [ORDER_SUBMITTED]: trade_id=trade_NSE_NIFTY50_INDEX_Geometry_v1.0_Score35_1788236105, candidate_id=cand_NSE_NIFTY50_INDEX_CONFLUENCE_BOUNCE_24028.35_202609010945_Geometry_v1.0_Score35, payload={'price': 24028.35, 'sl': 24038.42, 'tp': 23967.93}
2026-09-01 09:45:13,272 - INFO - 📊 EXECUTION AUDIT [ORDER_FILLED]: trade_id=trade_NSE_NIFTY50_INDEX_Geometry_v1.0_Score35_1788236105, candidate_id=cand_NSE_NIFTY50_INDEX_CONFLUENCE_BOUNCE_24028.35_202609010945_Geometry_v1.0_Score35, payload={'price': 24028.35, 'sl': 24038.42, 'tp': 23967.93}
2026-09-01 09:45:13,283 - INFO - 💰 Position size [CONFLUENCE_BOUNCE|WEAK_TREND_DOWN_HIGH_VOL|conf=1]: frac=0.003 → ₹5,000 (risk/unit=0.04%)
2026-09-01 09:45:13,306 - INFO - 🟢 ENTRY [Geometry_v1.0_Score35|ore35_1788236105]: NSE:NIFTY50-INDEX BUY PUT @ 24028.35 | SL: 24038.42 TP: 23967.93
2026-09-01 09:45:13,306 - INFO - 🚀 SIGNAL: NSE:NIFTY50-INDEX BUY PUT | [Geometry_v1.0_Score50]
2026-09-01 09:45:13,306 - INFO -    Entry: 24028.35 | SL: 24038.42 | TP: 23967.93 (RR: 6.0)
2026-09-01 09:45:13,306 - INFO - 📊 EXECUTION AUDIT [SIGNAL_GENERATED]: trade_id=trade_NSE_NIFTY50_INDEX_Geometry_v1.0_Score50_1788236105, candidate_id=cand_NSE_NIFTY50_INDEX_CONFLUENCE_BOUNCE_24028.35_202609010945_Geometry_v1.0_Score50, payload={'symbol': 'NSE:NIFTY50-INDEX', 'candidate_id': 'cand_NSE_NIFTY50_INDEX_CONFLUENCE_BOUNCE_24028.35_202609010945_Geometry_v1.0_Score50', 'experiment_name': 'Geometry_v1.0_Score50', 'strategy_id': 'geometry', 'version': 'v1.0', 'signal': 'BUY PUT', 'strategy': 'CONFLUENCE_BOUNCE', 'price': 24028.35, 'stop_loss': 24038.42, 'take_profit': 23967.93, 'tp1': 24013.24, 'rr_ratio': 6.0, 'timestamp': '2026-09-01T09:45:05.497442+05:30', 'zone_band_low': 24027.81, 'zone_band_high': 24029.65, 'zone_direction': 'RESISTANCE', 'zone_component_count': 1, 'accepted': True, 'rejection_reasons': [], 'stop_loss_distance': 10.07, 'atr': 20.14, 'confidence': 0.606, 'diagnostics': {'zone_score': 50.8, 'zone_explanation': 'RESISTANCE TRENDLINE @ 24028.63 (±0.9pts, score=50)', 'dist_to_zone': 0.0, 'narrative_bias': 'CONTINUATION', 'bias_confidence': 0.754, 'zone_engine_confirmed': False}, 'features': {'regime_primary': 'WEAK_TREND_DOWN', 'regime_vol_state': 'HIGH_VOL', 'market_regime': 'WEAK_TREND_DOWN_HIGH_VOL'}}
2026-09-01 09:45:13,326 - INFO - Resolved active expiry from DB: 26901 (2026-09-01)
2026-09-01 09:45:13,338 - INFO - Resolved index signal into option contract: OptionContract(symbol='NSE:NIFTY2690124050PE', strike=24050.0, expiry='26901', option_type='PE', premium=47.5, delta=0.5, bid=47.7, ask=47.85, volume=188360965, resolved_at=datetime.datetime(2026, 9, 1, 9, 45, 13, 338927))
2026-09-01 09:45:13,339 - INFO - ⚡ Option strike selection resolved index signal to contract NSE:NIFTY2690124050PE @ premium 47.5 (type: PE, strike: 24050.0)
2026-09-01 09:45:13,339 - INFO - 📊 EXECUTION AUDIT [STRIKE_SELECTED]: trade_id=trade_NSE_NIFTY50_INDEX_Geometry_v1.0_Score50_1788236105, candidate_id=cand_NSE_NIFTY50_INDEX_CONFLUENCE_BOUNCE_24028.35_202609010945_Geometry_v1.0_Score50, payload={'symbol': 'NSE:NIFTY2690124050PE', 'strike': 24050.0, 'expiry': '26901', 'type': 'PE'}
2026-09-01 09:45:13,349 - INFO - 📊 EXECUTION AUDIT [PREMIUM_RETRIEVED]: trade_id=trade_NSE_NIFTY50_INDEX_Geometry_v1.0_Score50_1788236105, candidate_id=cand_NSE_NIFTY50_INDEX_CONFLUENCE_BOUNCE_24028.35_202609010945_Geometry_v1.0_Score50, payload={'premium': 47.5, 'bid': 47.7, 'ask': 47.85}
2026-09-01 09:45:13,358 - INFO - 📊 EXECUTION AUDIT [ORDER_SUBMITTED]: trade_id=trade_NSE_NIFTY50_INDEX_Geometry_v1.0_Score50_1788236105, candidate_id=cand_NSE_NIFTY50_INDEX_CONFLUENCE_BOUNCE_24028.35_202609010945_Geometry_v1.0_Score50, payload={'price': 24028.35, 'sl': 24038.42, 'tp': 23967.93}
2026-09-01 09:45:13,369 - INFO - 📊 EXECUTION AUDIT [ORDER_FILLED]: trade_id=trade_NSE_NIFTY50_INDEX_Geometry_v1.0_Score50_1788236105, candidate_id=cand_NSE_NIFTY50_INDEX_CONFLUENCE_BOUNCE_24028.35_202609010945_Geometry_v1.0_Score50, payload={'price': 24028.35, 'sl': 24038.42, 'tp': 23967.93}
2026-09-01 09:45:13,383 - INFO - 💰 Position size [CONFLUENCE_BOUNCE|WEAK_TREND_DOWN_HIGH_VOL|conf=1]: frac=0.003 → ₹5,000 (risk/unit=0.04%)
2026-09-01 09:45:13,407 - INFO - 🟢 ENTRY [Geometry_v1.0_Score50|ore50_1788236105]: NSE:NIFTY50-INDEX BUY PUT @ 24028.35 | SL: 24038.42 TP: 23967.93
2026-09-01 09:45:15,005 - WARNING - ⚡ [OI_Scalping_v1.0] errors: ['INSUFFICIENT_ATM_DATA'] (0.0ms)
2026-09-01 09:45:15,018 - INFO - Resolved active expiry from DB: 26SEP (2026-09-29)
2026-09-01 09:45:15,019 - INFO - 👻 [Structural_v3.2_RVOL1.0] CF BREAKOUT NSE:NIFTYBANK-INDEX BUY CALL | Rejected: ['BIAS_MISMATCH', 'LOW_EFFICIENCY']
2026-09-01 09:45:15,019 - INFO - 📊 EXECUTION AUDIT [SIGNAL_GENERATED]: trade_id=None, candidate_id=cand_NSE_NIFTYBANK_INDEX_BREAKOUT_57572.70_20260901_094000_Structural_v3.2_RVOL1.0, payload={'symbol': 'NSE:NIFTYBANK-INDEX', 'signal': 'BUY CALL', 'strategy': 'BREAKOUT', 'price': 57355.55, 'stop_loss': 57325.89285714286, 'take_profit': 57652.12142857143, 'tp1': 57400.03571428571, 'rr_ratio': 10.0, 'timestamp': '2026-09-01T09:40:00+05:30', 'accepted': False, 'rejection_reasons': ['BIAS_MISMATCH', 'LOW_EFFICIENCY'], 'features': {'date': '2026-09-01', 'strategy_name': 'Structural_v3', 'strategy_version': 'v3.2', 'feature_version': 'v1.1', 'market_regime': 'GAP_UP_HIGH_VOL', 'day_type': 'NORMAL_DAY', 'session_type': 'OPEN', 'daily_bias': 'NEUTRAL', 'hourly_bias': 'NEUTRAL', 'trend_strength': 0.0, 'rvol': 3.74, 'rvol_threshold': 1.0, 'atr': 59.31, 'distance_from_supply': 648.68, 'distance_from_demand': 128.02, 'nearest_supply_strength': 87.3, 'nearest_demand_strength': 67.9, 'distance_to_liquidity_pool': 128.01666666667006, 'liquidity_score': 37.400000000000006, 'indicator_snapshot': {'rvol_tod': 3.74, 'is_compressed': False, 'bos_count': 0}, 'move_efficiency': 0.1336, 'wickiness': 0.2943, 'fft_score': 0.0, 'setup_type': 'BREAKOUT', 'candidate_id': 'cand_NSE_NIFTYBANK_INDEX_BREAKOUT_57572.70_20260901_094000', 'ema20': 57400.62, 'ema50': 57383.64, 'move_efficiency_h1': 0.0326, 'ema_bullish': True, 'rsi14': 44.43, 'rsi2': 0.0, 'distance_to_vwap': 0.0, 'atr_percentile': 0.872, 'dist_prev_high': -0.002, 'dist_prev_low': 0.002, 'adx': 16.94, 'adx_slope': -0.2297, 'gap_pct': 0.0045, 'regime_primary': 'GAP_UP', 'regime_vol_state': 'HIGH_VOL'}, 'candidate_id': 'cand_NSE_NIFTYBANK_INDEX_BREAKOUT_57572.70_20260901_094000_Structural_v3.2_RVOL1.0', 'experiment_name': 'Structural_v3.2_RVOL1.0', 'strategy_id': 'structural', 'version': 'v3.2'}
2026-09-01 09:45:15,042 - INFO - Resolved active expiry from DB: 26SEP (2026-09-29)
2026-09-01 09:45:15,054 - INFO - Resolved index signal into option contract: OptionContract(symbol='NSE:BANKNIFTY26SEP57400CE', strike=57400.0, expiry='26SEP', option_type='CE', premium=901.0, delta=0.5, bid=900.0, ask=901.05, volume=289830, resolved_at=datetime.datetime(2026, 9, 1, 9, 45, 15, 54820))
2026-09-01 09:45:15,054 - INFO - ⚡ Option strike selection resolved index signal to contract NSE:BANKNIFTY26SEP57400CE @ premium 901.0 (type: CE, strike: 57400.0)
2026-09-01 09:45:15,055 - INFO - 📊 EXECUTION AUDIT [STRIKE_SELECTED]: trade_id=None, candidate_id=cand_NSE_NIFTYBANK_INDEX_BREAKOUT_57572.70_20260901_094000_Structural_v3.2_RVOL1.0, payload={'symbol': 'NSE:BANKNIFTY26SEP57400CE', 'strike': 57400.0, 'expiry': '26SEP', 'type': 'CE'}
2026-09-01 09:45:15,065 - INFO - 📊 EXECUTION AUDIT [PREMIUM_RETRIEVED]: trade_id=None, candidate_id=cand_NSE_NIFTYBANK_INDEX_BREAKOUT_57572.70_20260901_094000_Structural_v3.2_RVOL1.0, payload={'premium': 901.0, 'bid': 900.0, 'ask': 901.05}
2026-09-01 09:45:15,075 - INFO - 📊 EXECUTION AUDIT [CF_SUBMITTED]: trade_id=None, candidate_id=cand_NSE_NIFTYBANK_INDEX_BREAKOUT_57572.70_20260901_094000_Structural_v3.2_RVOL1.0, payload={'price': 57355.55, 'sl': 57325.89285714286, 'tp': 57652.12142857143}
2026-09-01 09:45:15,087 - INFO - 📊 EXECUTION AUDIT [CF_FILLED]: trade_id=None, candidate_id=cand_NSE_NIFTYBANK_INDEX_BREAKOUT_57572.70_20260901_094000_Structural_v3.2_RVOL1.0, payload={'price': 57355.55, 'sl': 57325.89285714286, 'tp': 57652.12142857143}
2026-09-01 09:45:15,097 - INFO - 💰 Position size [BREAKOUT|GAP_UP_HIGH_VOL|conf=70]: frac=0.002 → ₹5,000 (risk/unit=0.05%)
2026-09-01 09:45:15,120 - INFO - 🟢 ENTRY [CF|Structural_v3.2_RVOL1.0|uctural_v3.2_RVOL1.0]: NSE:NIFTYBANK-INDEX BUY CALL @ 57355.55 | SL: 57325.89 TP: 57652.12
2026-09-01 09:45:15,120 - INFO - 👻 [Structural_v3.2_RVOL0.8] CF BREAKOUT NSE:NIFTYBANK-INDEX BUY CALL | Rejected: ['BIAS_MISMATCH', 'LOW_EFFICIENCY']
2026-09-01 09:45:15,120 - INFO - 📊 EXECUTION AUDIT [SIGNAL_GENERATED]: trade_id=None, candidate_id=cand_NSE_NIFTYBANK_INDEX_BREAKOUT_57572.70_20260901_094000_Structural_v3.2_RVOL0.8, payload={'symbol': 'NSE:NIFTYBANK-INDEX', 'signal': 'BUY CALL', 'strategy': 'BREAKOUT', 'price': 57355.55, 'stop_loss': 57325.89285714286, 'take_profit': 57652.12142857143, 'tp1': 57400.03571428571, 'rr_ratio': 10.0, 'timestamp': '2026-09-01T09:40:00+05:30', 'accepted': False, 'rejection_reasons': ['BIAS_MISMATCH', 'LOW_EFFICIENCY'], 'features': {'date': '2026-09-01', 'strategy_name': 'Structural_v3', 'strategy_version': 'v3.2', 'feature_version': 'v1.1', 'market_regime': 'GAP_UP_HIGH_VOL', 'day_type': 'NORMAL_DAY', 'session_type': 'OPEN', 'daily_bias': 'NEUTRAL', 'hourly_bias': 'NEUTRAL', 'trend_strength': 0.0, 'rvol': 3.74, 'rvol_threshold': 0.8, 'atr': 59.31, 'distance_from_supply': 648.68, 'distance_from_demand': 128.02, 'nearest_supply_strength': 87.3, 'nearest_demand_strength': 67.9, 'distance_to_liquidity_pool': 128.01666666667006, 'liquidity_score': 37.400000000000006, 'indicator_snapshot': {'rvol_tod': 3.74, 'is_compressed': False, 'bos_count': 0}, 'move_efficiency': 0.1336, 'wickiness': 0.2943, 'fft_score': 0.0, 'setup_type': 'BREAKOUT', 'candidate_id': 'cand_NSE_NIFTYBANK_INDEX_BREAKOUT_57572.70_20260901_094000', 'ema20': 57400.62, 'ema50': 57383.64, 'move_efficiency_h1': 0.0326, 'ema_bullish': True, 'rsi14': 44.43, 'rsi2': 0.0, 'distance_to_vwap': 0.0, 'atr_percentile': 0.872, 'dist_prev_high': -0.002, 'dist_prev_low': 0.002, 'adx': 16.94, 'adx_slope': -0.2297, 'gap_pct': 0.0045, 'regime_primary': 'GAP_UP', 'regime_vol_state': 'HIGH_VOL'}, 'candidate_id': 'cand_NSE_NIFTYBANK_INDEX_BREAKOUT_57572.70_20260901_094000_Structural_v3.2_RVOL0.8', 'experiment_name': 'Structural_v3.2_RVOL0.8', 'strategy_id': 'structural', 'version': 'v3.2'}
2026-09-01 09:45:15,142 - INFO - Resolved active expiry from DB: 26SEP (2026-09-29)
2026-09-01 09:45:15,154 - INFO - Resolved index signal into option contract: OptionContract(symbol='NSE:BANKNIFTY26SEP57400CE', strike=57400.0, expiry='26SEP', option_type='CE', premium=901.0, delta=0.5, bid=900.0, ask=901.05, volume=289830, resolved_at=datetime.datetime(2026, 9, 1, 9, 45, 15, 154360))
2026-09-01 09:45:15,154 - INFO - ⚡ Option strike selection resolved index signal to contract NSE:BANKNIFTY26SEP57400CE @ premium 901.0 (type: CE, strike: 57400.0)
2026-09-01 09:45:15,154 - INFO - 📊 EXECUTION AUDIT [STRIKE_SELECTED]: trade_id=None, candidate_id=cand_NSE_NIFTYBANK_INDEX_BREAKOUT_57572.70_20260901_094000_Structural_v3.2_RVOL0.8, payload={'symbol': 'NSE:BANKNIFTY26SEP57400CE', 'strike': 57400.0, 'expiry': '26SEP', 'type': 'CE'}
2026-09-01 09:45:15,164 - INFO - 📊 EXECUTION AUDIT [PREMIUM_RETRIEVED]: trade_id=None, candidate_id=cand_NSE_NIFTYBANK_INDEX_BREAKOUT_57572.70_20260901_094000_Structural_v3.2_RVOL0.8, payload={'premium': 901.0, 'bid': 900.0, 'ask': 901.05}
2026-09-01 09:45:15,174 - INFO - 📊 EXECUTION AUDIT [CF_SUBMITTED]: trade_id=None, candidate_id=cand_NSE_NIFTYBANK_INDEX_BREAKOUT_57572.70_20260901_094000_Structural_v3.2_RVOL0.8, payload={'price': 57355.55, 'sl': 57325.89285714286, 'tp': 57652.12142857143}
2026-09-01 09:45:15,186 - INFO - 📊 EXECUTION AUDIT [CF_FILLED]: trade_id=None, candidate_id=cand_NSE_NIFTYBANK_INDEX_BREAKOUT_57572.70_20260901_094000_Structural_v3.2_RVOL0.8, payload={'price': 57355.55, 'sl': 57325.89285714286, 'tp': 57652.12142857143}
2026-09-01 09:45:15,198 - INFO - 💰 Position size [BREAKOUT|GAP_UP_HIGH_VOL|conf=70]: frac=0.002 → ₹5,000 (risk/unit=0.05%)
2026-09-01 09:45:15,220 - INFO - 🟢 ENTRY [CF|Structural_v3.2_RVOL0.8|uctural_v3.2_RVOL0.8]: NSE:NIFTYBANK-INDEX BUY CALL @ 57355.55 | SL: 57325.89 TP: 57652.12
2026-09-01 09:45:15,221 - INFO - 👻 [Structural_v3.3_ExitMgmt] CF BREAKOUT NSE:NIFTYBANK-INDEX BUY CALL | Rejected: ['BIAS_MISMATCH', 'LOW_EFFICIENCY']
2026-09-01 09:45:15,221 - INFO - 📊 EXECUTION AUDIT [SIGNAL_GENERATED]: trade_id=None, candidate_id=cand_NSE_NIFTYBANK_INDEX_BREAKOUT_57572.70_20260901_094000_Structural_v3.3_ExitMgmt, payload={'symbol': 'NSE:NIFTYBANK-INDEX', 'signal': 'BUY CALL', 'strategy': 'BREAKOUT', 'price': 57355.55, 'stop_loss': 57325.89285714286, 'take_profit': 57652.12142857143, 'tp1': 57400.03571428571, 'rr_ratio': 10.0, 'timestamp': '2026-09-01T09:40:00+05:30', 'accepted': False, 'rejection_reasons': ['BIAS_MISMATCH', 'LOW_EFFICIENCY'], 'features': {'date': '2026-09-01', 'strategy_name': 'Structural_v3', 'strategy_version': 'v3.2', 'feature_version': 'v1.1', 'market_regime': 'GAP_UP_HIGH_VOL', 'day_type': 'NORMAL_DAY', 'session_type': 'OPEN', 'daily_bias': 'NEUTRAL', 'hourly_bias': 'NEUTRAL', 'trend_strength': 0.0, 'rvol': 3.74, 'rvol_threshold': 1.0, 'atr': 59.31, 'distance_from_supply': 648.68, 'distance_from_demand': 128.02, 'nearest_supply_strength': 87.3, 'nearest_demand_strength': 67.9, 'distance_to_liquidity_pool': 128.01666666667006, 'liquidity_score': 37.400000000000006, 'indicator_snapshot': {'rvol_tod': 3.74, 'is_compressed': False, 'bos_count': 0}, 'move_efficiency': 0.1336, 'wickiness': 0.2943, 'fft_score': 0.0, 'setup_type': 'BREAKOUT', 'candidate_id': 'cand_NSE_NIFTYBANK_INDEX_BREAKOUT_57572.70_20260901_094000', 'ema20': 57400.62, 'ema50': 57383.64, 'move_efficiency_h1': 0.0326, 'ema_bullish': True, 'rsi14': 44.43, 'rsi2': 0.0, 'distance_to_vwap': 0.0, 'atr_percentile': 0.872, 'dist_prev_high': -0.002, 'dist_prev_low': 0.002, 'adx': 16.94, 'adx_slope': -0.2297, 'gap_pct': 0.0045, 'regime_primary': 'GAP_UP', 'regime_vol_state': 'HIGH_VOL'}, 'candidate_id': 'cand_NSE_NIFTYBANK_INDEX_BREAKOUT_57572.70_20260901_094000_Structural_v3.3_ExitMgmt', 'experiment_name': 'Structural_v3.3_ExitMgmt', 'strategy_id': 'structural', 'version': 'v3.2'}
2026-09-01 09:45:15,243 - INFO - Resolved active expiry from DB: 26SEP (2026-09-29)
2026-09-01 09:45:15,257 - INFO - Resolved index signal into option contract: OptionContract(symbol='NSE:BANKNIFTY26SEP57400CE', strike=57400.0, expiry='26SEP', option_type='CE', premium=901.0, delta=0.5, bid=900.0, ask=901.05, volume=289830, resolved_at=datetime.datetime(2026, 9, 1, 9, 45, 15, 257422))
2026-09-01 09:45:15,257 - INFO - ⚡ Option strike selection resolved index signal to contract NSE:BANKNIFTY26SEP57400CE @ premium 901.0 (type: CE, strike: 57400.0)
2026-09-01 09:45:15,257 - INFO - 📊 EXECUTION AUDIT [STRIKE_SELECTED]: trade_id=None, candidate_id=cand_NSE_NIFTYBANK_INDEX_BREAKOUT_57572.70_20260901_094000_Structural_v3.3_ExitMgmt, payload={'symbol': 'NSE:BANKNIFTY26SEP57400CE', 'strike': 57400.0, 'expiry': '26SEP', 'type': 'CE'}
2026-09-01 09:45:15,269 - INFO - 📊 EXECUTION AUDIT [PREMIUM_RETRIEVED]: trade_id=None, candidate_id=cand_NSE_NIFTYBANK_INDEX_BREAKOUT_57572.70_20260901_094000_Structural_v3.3_ExitMgmt, payload={'premium': 901.0, 'bid': 900.0, 'ask': 901.05}
2026-09-01 09:45:15,278 - INFO - 📊 EXECUTION AUDIT [CF_SUBMITTED]: trade_id=None, candidate_id=cand_NSE_NIFTYBANK_INDEX_BREAKOUT_57572.70_20260901_094000_Structural_v3.3_ExitMgmt, payload={'price': 57355.55, 'sl': 57325.89285714286, 'tp': 57652.12142857143}
2026-09-01 09:45:15,289 - INFO - 📊 EXECUTION AUDIT [CF_FILLED]: trade_id=None, candidate_id=cand_NSE_NIFTYBANK_INDEX_BREAKOUT_57572.70_20260901_094000_Structural_v3.3_ExitMgmt, payload={'price': 57355.55, 'sl': 57325.89285714286, 'tp': 57652.12142857143}
2026-09-01 09:45:15,301 - INFO - 💰 Position size [BREAKOUT|GAP_UP_HIGH_VOL|conf=70]: frac=0.002 → ₹5,000 (risk/unit=0.05%)
2026-09-01 09:45:15,323 - INFO - 🟢 ENTRY [CF|Structural_v3.3_ExitMgmt|ctural_v3.3_ExitMgmt]: NSE:NIFTYBANK-INDEX BUY CALL @ 57355.55 | SL: 57325.89 TP: 57652.12
2026-09-01 09:45:15,323 - INFO - 👻 [OrderFlow_v1.0] CF LIQUIDITY_SWEEP NSE:NIFTYBANK-INDEX BUY PUT | Rejected: ['LOW_RR:0.22']
2026-09-01 09:45:15,323 - INFO - 📊 EXECUTION AUDIT [SIGNAL_GENERATED]: trade_id=None, candidate_id=cand_NSE_NIFTYBANK_INDEX_LIQUIDITY_SWEEP_57355.55_20260901_094505_OrderFlow_v1.0, payload={'symbol': 'NSE:NIFTYBANK-INDEX', 'candidate_id': 'cand_NSE_NIFTYBANK_INDEX_LIQUIDITY_SWEEP_57355.55_20260901_094505_OrderFlow_v1.0', 'signal': 'BUY PUT', 'price': 57355.55, 'stop_loss': 57439.3965, 'take_profit': 57336.85, 'tp1': 57229.78025, 'rr_ratio': 0.22, 'strategy': 'LIQUIDITY_SWEEP', 'confidence': 0.665, 'accepted': False, 'rejection_reasons': ['LOW_RR:0.22'], 'timestamp': datetime.datetime(2026, 9, 1, 9, 45, 5, 497442, tzinfo=zoneinfo.ZoneInfo(key='Asia/Kolkata')), 'diagnostics': {'swept_level': 57430.5, 'swept_object': 'LIQUIDITY_POOL', 'volume_multiplier': 1.64, 'rejection_wick_size': 12.6}, 'experiment_name': 'OrderFlow_v1.0', 'strategy_id': 'order_flow', 'version': 'v1.0', 'features': {'regime_primary': 'GAP_UP', 'regime_vol_state': 'HIGH_VOL', 'market_regime': 'GAP_UP_HIGH_VOL'}}
2026-09-01 09:45:15,347 - INFO - Resolved active expiry from DB: 26SEP (2026-09-29)
2026-09-01 09:45:15,361 - INFO - Resolved index signal into option contract: OptionContract(symbol='NSE:BANKNIFTY26SEP57400PE', strike=57400.0, expiry='26SEP', option_type='PE', premium=595.05, delta=0.5, bid=593.55, ask=595.25, volume=322170, resolved_at=datetime.datetime(2026, 9, 1, 9, 45, 15, 361224))
2026-09-01 09:45:15,361 - INFO - ⚡ Option strike selection resolved index signal to contract NSE:BANKNIFTY26SEP57400PE @ premium 595.05 (type: PE, strike: 57400.0)
2026-09-01 09:45:15,361 - INFO - 📊 EXECUTION AUDIT [STRIKE_SELECTED]: trade_id=None, candidate_id=cand_NSE_NIFTYBANK_INDEX_LIQUIDITY_SWEEP_57355.55_20260901_094505_OrderFlow_v1.0, payload={'symbol': 'NSE:BANKNIFTY26SEP57400PE', 'strike': 57400.0, 'expiry': '26SEP', 'type': 'PE'}
2026-09-01 09:45:15,372 - INFO - 📊 EXECUTION AUDIT [PREMIUM_RETRIEVED]: trade_id=None, candidate_id=cand_NSE_NIFTYBANK_INDEX_LIQUIDITY_SWEEP_57355.55_20260901_094505_OrderFlow_v1.0, payload={'premium': 595.05, 'bid': 593.55, 'ask': 595.25}
2026-09-01 09:45:15,381 - INFO - 📊 EXECUTION AUDIT [CF_SUBMITTED]: trade_id=None, candidate_id=cand_NSE_NIFTYBANK_INDEX_LIQUIDITY_SWEEP_57355.55_20260901_094505_OrderFlow_v1.0, payload={'price': 57355.55, 'sl': 57439.3965, 'tp': 57336.85}
2026-09-01 09:45:15,391 - INFO - 📊 EXECUTION AUDIT [CF_FILLED]: trade_id=None, candidate_id=cand_NSE_NIFTYBANK_INDEX_LIQUIDITY_SWEEP_57355.55_20260901_094505_OrderFlow_v1.0, payload={'price': 57355.55, 'sl': 57439.3965, 'tp': 57336.85}
2026-09-01 09:45:15,401 - INFO - 💰 Position size [LIQUIDITY_SWEEP|GAP_UP_HIGH_VOL|conf=1]: frac=0.002 → ₹5,000 (risk/unit=0.15%)
2026-09-01 09:45:15,424 - INFO - 🟢 ENTRY [CF|OrderFlow_v1.0|94505_OrderFlow_v1.0]: NSE:NIFTYBANK-INDEX BUY PUT @ 57355.55 | SL: 57439.40 TP: 57336.85
2026-09-01 09:45:15,424 - INFO - 👻 [GapRegime_v2.0] CF GAP_FILL NSE:NIFTYBANK-INDEX BUY PUT | Rejected: ['LOW_RR:0.25']
2026-09-01 09:45:15,424 - INFO - 📊 EXECUTION AUDIT [SIGNAL_GENERATED]: trade_id=None, candidate_id=cand_NSE_NIFTYBANK_INDEX_GAP_FILL_57355.55_20260901_094505_GapRegime_v2.0, payload={'symbol': 'NSE:NIFTYBANK-INDEX', 'signal': 'BUY PUT', 'strategy': 'GAP_FILL', 'price': 57355.55, 'stop_loss': 57569.2, 'take_profit': 57302.4, 'tp1': 57035.08, 'rr_ratio': 0.25, 'timestamp': '2026-09-01T09:45:05.497442+05:30', 'accepted': False, 'rejection_reasons': ['LOW_RR:0.25'], 'candidate_id': 'cand_NSE_NIFTYBANK_INDEX_GAP_FILL_57355.55_20260901_094505_GapRegime_v2.0', 'confidence': 0.5, 'diagnostics': {'gap_pct': 0.45, 'today_open': 57560.3, 'prev_close': 57302.4, 'minutes_since_open': 30.1, 'rvol': 3.74, 'atr': 59.31, 'move_efficiency': 0.134}, 'experiment_name': 'GapRegime_v2.0', 'strategy_id': 'gap', 'version': 'v2.0', 'features': {'regime_primary': 'GAP_UP', 'regime_vol_state': 'HIGH_VOL', 'market_regime': 'GAP_UP_HIGH_VOL'}}
2026-09-01 09:45:15,448 - INFO - Resolved active expiry from DB: 26SEP (2026-09-29)
2026-09-01 09:45:15,461 - INFO - Resolved index signal into option contract: OptionContract(symbol='NSE:BANKNIFTY26SEP57400PE', strike=57400.0, expiry='26SEP', option_type='PE', premium=595.05, delta=0.5, bid=593.55, ask=595.25, volume=322170, resolved_at=datetime.datetime(2026, 9, 1, 9, 45, 15, 461334))
2026-09-01 09:45:15,461 - INFO - ⚡ Option strike selection resolved index signal to contract NSE:BANKNIFTY26SEP57400PE @ premium 595.05 (type: PE, strike: 57400.0)
2026-09-01 09:45:15,461 - INFO - 📊 EXECUTION AUDIT [STRIKE_SELECTED]: trade_id=None, candidate_id=cand_NSE_NIFTYBANK_INDEX_GAP_FILL_57355.55_20260901_094505_GapRegime_v2.0, payload={'symbol': 'NSE:BANKNIFTY26SEP57400PE', 'strike': 57400.0, 'expiry': '26SEP', 'type': 'PE'}
2026-09-01 09:45:15,471 - INFO - 📊 EXECUTION AUDIT [PREMIUM_RETRIEVED]: trade_id=None, candidate_id=cand_NSE_NIFTYBANK_INDEX_GAP_FILL_57355.55_20260901_094505_GapRegime_v2.0, payload={'premium': 595.05, 'bid': 593.55, 'ask': 595.25}
2026-09-01 09:45:15,484 - INFO - 📊 EXECUTION AUDIT [CF_SUBMITTED]: trade_id=None, candidate_id=cand_NSE_NIFTYBANK_INDEX_GAP_FILL_57355.55_20260901_094505_GapRegime_v2.0, payload={'price': 57355.55, 'sl': 57569.2, 'tp': 57302.4}
2026-09-01 09:45:15,494 - INFO - 📊 EXECUTION AUDIT [CF_FILLED]: trade_id=None, candidate_id=cand_NSE_NIFTYBANK_INDEX_GAP_FILL_57355.55_20260901_094505_GapRegime_v2.0, payload={'price': 57355.55, 'sl': 57569.2, 'tp': 57302.4}
2026-09-01 09:45:15,504 - INFO - 💰 Position size [GAP_FILL|GAP_UP_HIGH_VOL|conf=0]: frac=0.002 → ₹5,000 (risk/unit=0.37%)
2026-09-01 09:45:15,528 - INFO - 🟢 ENTRY [CF|GapRegime_v2.0|94505_GapRegime_v2.0]: NSE:NIFTYBANK-INDEX BUY PUT @ 57355.55 | SL: 57569.20 TP: 57302.40
2026-09-01 09:45:15,528 - INFO - 👻 [OIWallReaction_v1.0] CF OI_WALL_BREAK NSE:NIFTYBANK-INDEX BUY PUT | Rejected: ['NARRATIVE_BIAS_BULLISH', 'LOW_RR:1.16']
2026-09-01 09:45:15,528 - INFO - 📊 EXECUTION AUDIT [SIGNAL_GENERATED]: trade_id=None, candidate_id=cand_NSE_NIFTYBANK_INDEX_OI_WALL_BREAK_57355.55_20260901_094505_OIWallReaction_v1.0, payload={'symbol': 'NSE:NIFTYBANK-INDEX', 'candidate_id': 'cand_NSE_NIFTYBANK_INDEX_OI_WALL_BREAK_57355.55_20260901_094505_OIWallReaction_v1.0', 'signal': 'BUY PUT', 'price': 57355.55, 'stop_loss': 57508.8965, 'take_profit': 57177.62, 'tp1': 57125.53025, 'rr_ratio': 1.16, 'strategy': 'OI_WALL_BREAK', 'confidence': 1.0, 'accepted': False, 'rejection_reasons': ['NARRATIVE_BIAS_BULLISH', 'LOW_RR:1.16'], 'timestamp': datetime.datetime(2026, 9, 1, 9, 45, 5, 497442, tzinfo=zoneinfo.ZoneInfo(key='Asia/Kolkata')), 'diagnostics': {'wall_strike': 57500.0, 'wall_oi': 1972410, 'wall_oi_change': 50430, 'wall_type': 'put', 'rvol': 3.74}, 'experiment_name': 'OIWallReaction_v1.0', 'strategy_id': 'oi_wall_reaction', 'version': 'v1.0', 'features': {'regime_primary': 'GAP_UP', 'regime_vol_state': 'HIGH_VOL', 'market_regime': 'GAP_UP_HIGH_VOL'}}
2026-09-01 09:45:15,549 - INFO - Resolved active expiry from DB: 26SEP (2026-09-29)
2026-09-01 09:45:15,562 - INFO - Resolved index signal into option contract: OptionContract(symbol='NSE:BANKNIFTY26SEP57400PE', strike=57400.0, expiry='26SEP', option_type='PE', premium=595.05, delta=0.5, bid=593.55, ask=595.25, volume=322170, resolved_at=datetime.datetime(2026, 9, 1, 9, 45, 15, 562201))
2026-09-01 09:45:15,562 - INFO - ⚡ Option strike selection resolved index signal to contract NSE:BANKNIFTY26SEP57400PE @ premium 595.05 (type: PE, strike: 57400.0)
2026-09-01 09:45:15,562 - INFO - 📊 EXECUTION AUDIT [STRIKE_SELECTED]: trade_id=None, candidate_id=cand_NSE_NIFTYBANK_INDEX_OI_WALL_BREAK_57355.55_20260901_094505_OIWallReaction_v1.0, payload={'symbol': 'NSE:BANKNIFTY26SEP57400PE', 'strike': 57400.0, 'expiry': '26SEP', 'type': 'PE'}
2026-09-01 09:45:15,573 - INFO - 📊 EXECUTION AUDIT [PREMIUM_RETRIEVED]: trade_id=None, candidate_id=cand_NSE_NIFTYBANK_INDEX_OI_WALL_BREAK_57355.55_20260901_094505_OIWallReaction_v1.0, payload={'premium': 595.05, 'bid': 593.55, 'ask': 595.25}
2026-09-01 09:45:15,583 - INFO - 📊 EXECUTION AUDIT [CF_SUBMITTED]: trade_id=None, candidate_id=cand_NSE_NIFTYBANK_INDEX_OI_WALL_BREAK_57355.55_20260901_094505_OIWallReaction_v1.0, payload={'price': 57355.55, 'sl': 57508.8965, 'tp': 57177.62}
2026-09-01 09:45:15,595 - INFO - 📊 EXECUTION AUDIT [CF_FILLED]: trade_id=None, candidate_id=cand_NSE_NIFTYBANK_INDEX_OI_WALL_BREAK_57355.55_20260901_094505_OIWallReaction_v1.0, payload={'price': 57355.55, 'sl': 57508.8965, 'tp': 57177.62}
2026-09-01 09:45:15,604 - INFO - 💰 Position size [OI_WALL_BREAK|GAP_UP_HIGH_VOL|conf=1]: frac=0.002 → ₹5,000 (risk/unit=0.27%)
2026-09-01 09:45:15,626 - INFO - 🟢 ENTRY [CF|OIWallReaction_v1.0|_OIWallReaction_v1.0]: NSE:NIFTYBANK-INDEX BUY PUT @ 57355.55 | SL: 57508.90 TP: 57177.62
2026-09-01 09:45:15,626 - INFO - 👻 [Butterfly_v1.0] CF COMBO BUTTERFLY_SPREAD NSE:NIFTYBANK-INDEX BUTTERFLY_SPREAD | Rejected: ['HIGH_RVOL', 'COOLDOWN_AFTER_LOSS']
2026-09-01 09:45:15,639 - INFO - Resolved active expiry from DB: 26SEP (2026-09-29)
2026-09-01 09:45:15,688 - INFO - Resolved BUTTERFLY_SPREAD for NSE:NIFTYBANK-INDEX: [('CE', 'BUY', 57200.0), ('CE', 'SELL', 57400.0), ('CE', 'SELL', 57400.0), ('CE', 'BUY', 57600.0)] net_premium=11.30 max_loss=11.30
2026-09-01 09:45:15,711 - INFO - 🟢 CF COMBO ENTRY [Butterfly_v1.0|94505_Butterfly_v1.0]: NSE:NIFTYBANK-INDEX BUTTERFLY_SPREAD | Net premium: 11.30 | Max loss: 11.30
2026-09-01 09:45:15,711 - WARNING - ⚡ [OI_Scalping_v1.0] errors: ['INSUFFICIENT_ATM_DATA']
2026-09-01 09:45:35,419 - INFO - 📊 Saved 22 snapshots for NSE:NIFTYBANK-INDEX  (oi range: 4,890–1,970,670)
2026-09-01 09:45:35,716 - INFO - ⏱️ [Real-time Exit Loop] Checking open positions @ 09:45:35...
2026-09-01 09:45:36,506 - INFO - 📡 Fetching NSE:NIFTY50-INDEX @ 24028  expiry=26901  strikes=ATM±5
2026-09-01 09:45:36,971 - INFO - 📊 EXECUTION AUDIT [SL_MODIFIED]: trade_id=trade_NSE_NIFTY50_INDEX_Geometry_v1.0_Score35_1788236105, candidate_id=cand_NSE_NIFTY50_INDEX_CONFLUENCE_BOUNCE_24028.35_202609010945_Geometry_v1.0_Score35, payload={'price': 24026.3, 'old_sl': 24038.42, 'new_sl': 24036.37, 'old_tp': None, 'new_tp': 23967.93, 'reason': 'TRAILING_SL'}
2026-09-01 09:45:37,051 - INFO - 🟡 UPDATE (TRAILING_SL) [Geometry_v1.0_Score35|eometry_v1.0_Score35]: NSE:NIFTY50-INDEX @ 24026.30 | SL→24036.37 TP→23967.93
2026-09-01 09:45:37,080 - INFO - 📊 EXECUTION AUDIT [SL_MODIFIED]: trade_id=trade_NSE_NIFTY50_INDEX_Geometry_v1.0_Score50_1788236105, candidate_id=cand_NSE_NIFTY50_INDEX_CONFLUENCE_BOUNCE_24028.35_202609010945_Geometry_v1.0_Score50, payload={'price': 24026.3, 'old_sl': 24038.42, 'new_sl': 24036.37, 'old_tp': None, 'new_tp': 23967.93, 'reason': 'TRAILING_SL'}
2026-09-01 09:45:37,128 - INFO - 🟡 UPDATE (TRAILING_SL) [Geometry_v1.0_Score50|eometry_v1.0_Score50]: NSE:NIFTY50-INDEX @ 24026.30 | SL→24036.37 TP→23967.93
2026-09-01 09:45:37,148 - INFO - 📊 EXECUTION AUDIT [CF_SL_MODIFIED]: trade_id=None, candidate_id=cand_NSE_NIFTY50_INDEX_CPR_24040.85_20260901_094235_CPR_v1.0, payload={'price': 24026.3, 'old_sl': 24054.91, 'new_sl': 24052.41, 'old_tp': None, 'new_tp': 23988.64, 'reason': 'TRAILING_SL'}
2026-09-01 09:45:37,182 - INFO - 🟡 UPDATE (TRAILING_SL) [CFCPR_v1.0|0901_094235_CPR_v1.0]: NSE:NIFTY50-INDEX @ 24026.30 | SL→24052.41 TP→23988.64
2026-09-01 09:45:37,183 - INFO - 📊 EXECUTION AUDIT [CF_SL_MODIFIED]: trade_id=None, candidate_id=cand_NSE_NIFTYBANK_INDEX_BREAKOUT_57572.70_20260901_094000_Structural_v3.2_RVOL1.0, payload={'price': 57358.1, 'old_sl': 57325.89285714286, 'new_sl': 57328.44285714286, 'old_tp': None, 'new_tp': 57652.12142857143, 'reason': 'TRAILING_SL'}
2026-09-01 09:45:37,220 - INFO - 🟡 UPDATE (TRAILING_SL) [CFStructural_v3.2_RVOL1.0|uctural_v3.2_RVOL1.0]: NSE:NIFTYBANK-INDEX @ 57358.10 | SL→57328.44 TP→57652.12
2026-09-01 09:45:37,220 - INFO - 📊 EXECUTION AUDIT [CF_SL_MODIFIED]: trade_id=None, candidate_id=cand_NSE_NIFTYBANK_INDEX_BREAKOUT_57572.70_20260901_094000_Structural_v3.2_RVOL0.8, payload={'price': 57358.1, 'old_sl': 57325.89285714286, 'new_sl': 57328.44285714286, 'old_tp': None, 'new_tp': 57652.12142857143, 'reason': 'TRAILING_SL'}
2026-09-01 09:45:37,254 - INFO - 🟡 UPDATE (TRAILING_SL) [CFStructural_v3.2_RVOL0.8|uctural_v3.2_RVOL0.8]: NSE:NIFTYBANK-INDEX @ 57358.10 | SL→57328.44 TP→57652.12
2026-09-01 09:45:38,067 - INFO - 🔴 CF COMBO EXIT (STOP_R) [Butterfly_v1.0|94505_Butterfly_v1.0]: NSE:NIFTYBANK-INDEX BUTTERFLY_SPREAD | PnL -0.76R | 1min
2026-09-01 09:46:05,073 - INFO - ⏱️ [Real-time Exit Loop] Checking open positions @ 09:46:05...
2026-09-01 09:46:06,168 - INFO - 📊 EXECUTION AUDIT [SL_MODIFIED]: trade_id=trade_NSE_NIFTY50_INDEX_Geometry_v1.0_Score35_1788236105, candidate_id=cand_NSE_NIFTY50_INDEX_CONFLUENCE_BOUNCE_24028.35_202609010945_Geometry_v1.0_Score35, payload={'price': 24025.95, 'old_sl': 24036.37, 'new_sl': 24036.02, 'old_tp': None, 'new_tp': 23967.93, 'reason': 'TRAILING_SL'}
2026-09-01 09:46:06,231 - INFO - 🟡 UPDATE (TRAILING_SL) [Geometry_v1.0_Score35|eometry_v1.0_Score35]: NSE:NIFTY50-INDEX @ 24025.95 | SL→24036.02 TP→23967.93
2026-09-01 09:46:06,255 - INFO - 📊 EXECUTION AUDIT [SL_MODIFIED]: trade_id=trade_NSE_NIFTY50_INDEX_Geometry_v1.0_Score50_1788236105, candidate_id=cand_NSE_NIFTY50_INDEX_CONFLUENCE_BOUNCE_24028.35_202609010945_Geometry_v1.0_Score50, payload={'price': 24025.95, 'old_sl': 24036.37, 'new_sl': 24036.02, 'old_tp': None, 'new_tp': 23967.93, 'reason': 'TRAILING_SL'}
2026-09-01 09:46:06,291 - INFO - 🟡 UPDATE (TRAILING_SL) [Geometry_v1.0_Score50|eometry_v1.0_Score50]: NSE:NIFTY50-INDEX @ 24025.95 | SL→24036.02 TP→23967.93
2026-09-01 09:46:06,310 - INFO - 📊 EXECUTION AUDIT [CF_SL_MODIFIED]: trade_id=None, candidate_id=cand_NSE_NIFTY50_INDEX_CPR_24040.85_20260901_094235_CPR_v1.0, payload={'price': 24025.95, 'old_sl': 24052.41, 'new_sl': 24052.06, 'old_tp': None, 'new_tp': 23988.64, 'reason': 'TRAILING_SL'}
2026-09-01 09:46:06,344 - INFO - 🟡 UPDATE (TRAILING_SL) [CFCPR_v1.0|0901_094235_CPR_v1.0]: NSE:NIFTY50-INDEX @ 24025.95 | SL→24052.06 TP→23988.64
2026-09-01 09:46:06,344 - INFO - 📊 EXECUTION AUDIT [CF_SL_MODIFIED]: trade_id=None, candidate_id=cand_NSE_NIFTYBANK_INDEX_BREAKOUT_57572.70_20260901_094000_Structural_v3.2_RVOL1.0, payload={'price': 57359.4, 'old_sl': 57328.44285714286, 'new_sl': 57329.74285714286, 'old_tp': None, 'new_tp': 57652.12142857143, 'reason': 'TRAILING_SL'}
2026-09-01 09:46:06,383 - INFO - 🟡 UPDATE (TRAILING_SL) [CFStructural_v3.2_RVOL1.0|uctural_v3.2_RVOL1.0]: NSE:NIFTYBANK-INDEX @ 57359.40 | SL→57329.74 TP→57652.12
2026-09-01 09:46:06,383 - INFO - 📊 EXECUTION AUDIT [CF_SL_MODIFIED]: trade_id=None, candidate_id=cand_NSE_NIFTYBANK_INDEX_BREAKOUT_57572.70_20260901_094000_Structural_v3.2_RVOL0.8, payload={'price': 57359.4, 'old_sl': 57328.44285714286, 'new_sl': 57329.74285714286, 'old_tp': None, 'new_tp': 57652.12142857143, 'reason': 'TRAILING_SL'}
2026-09-01 09:46:06,416 - INFO - 🟡 UPDATE (TRAILING_SL) [CFStructural_v3.2_RVOL0.8|uctural_v3.2_RVOL0.8]: NSE:NIFTYBANK-INDEX @ 57359.40 | SL→57329.74 TP→57652.12
2026-09-01 09:46:06,542 - INFO - 📊 Saved 22 snapshots for NSE:NIFTY50-INDEX  (oi range: 392,275–42,609,905)
2026-09-01 09:46:08,652 - INFO - 📡 Fetching NSE:NIFTYBANK-INDEX @ 57361  expiry=26SEP  strikes=ATM±5
2026-09-01 09:46:35,133 - INFO - ⏱️ [Real-time Exit Loop] Checking open positions @ 09:46:35...
2026-09-01 09:46:36,228 - INFO - 📊 EXECUTION AUDIT [SL_MODIFIED]: trade_id=trade_NSE_NIFTY50_INDEX_Geometry_v1.0_Score35_1788236105, candidate_id=cand_NSE_NIFTY50_INDEX_CONFLUENCE_BOUNCE_24028.35_202609010945_Geometry_v1.0_Score35, payload={'price': 24024.7, 'old_sl': 24036.02, 'new_sl': 24034.77, 'old_tp': None, 'new_tp': 23967.93, 'reason': 'TRAILING_SL'}
2026-09-01 09:46:36,289 - INFO - 🟡 UPDATE (TRAILING_SL) [Geometry_v1.0_Score35|eometry_v1.0_Score35]: NSE:NIFTY50-INDEX @ 24024.70 | SL→24034.77 TP→23967.93
2026-09-01 09:46:36,312 - INFO - 📊 EXECUTION AUDIT [SL_MODIFIED]: trade_id=trade_NSE_NIFTY50_INDEX_Geometry_v1.0_Score50_1788236105, candidate_id=cand_NSE_NIFTY50_INDEX_CONFLUENCE_BOUNCE_24028.35_202609010945_Geometry_v1.0_Score50, payload={'price': 24024.7, 'old_sl': 24036.02, 'new_sl': 24034.77, 'old_tp': None, 'new_tp': 23967.93, 'reason': 'TRAILING_SL'}
2026-09-01 09:46:36,351 - INFO - 🟡 UPDATE (TRAILING_SL) [Geometry_v1.0_Score50|eometry_v1.0_Score50]: NSE:NIFTY50-INDEX @ 24024.70 | SL→24034.77 TP→23967.93
2026-09-01 09:46:36,370 - INFO - 📊 EXECUTION AUDIT [CF_SL_MODIFIED]: trade_id=None, candidate_id=cand_NSE_NIFTY50_INDEX_CPR_24040.85_20260901_094235_CPR_v1.0, payload={'price': 24024.7, 'old_sl': 24052.06, 'new_sl': 24050.81, 'old_tp': None, 'new_tp': 23988.64, 'reason': 'TRAILING_SL'}
2026-09-01 09:46:36,406 - INFO - 🟡 UPDATE (TRAILING_SL) [CFCPR_v1.0|0901_094235_CPR_v1.0]: NSE:NIFTY50-INDEX @ 24024.70 | SL→24050.81 TP→23988.64
2026-09-01 09:46:36,406 - INFO - 📊 EXECUTION AUDIT [CF_SL_MODIFIED]: trade_id=None, candidate_id=cand_NSE_NIFTYBANK_INDEX_BREAKOUT_57572.70_20260901_094000_Structural_v3.2_RVOL1.0, payload={'price': 57363.7, 'old_sl': 57329.74285714286, 'new_sl': 57334.04285714286, 'old_tp': None, 'new_tp': 57652.12142857143, 'reason': 'TRAILING_SL'}
2026-09-01 09:46:36,442 - INFO - 🟡 UPDATE (TRAILING_SL) [CFStructural_v3.2_RVOL1.0|uctural_v3.2_RVOL1.0]: NSE:NIFTYBANK-INDEX @ 57363.70 | SL→57334.04 TP→57652.12
2026-09-01 09:46:36,442 - INFO - 📊 EXECUTION AUDIT [CF_SL_MODIFIED]: trade_id=None, candidate_id=cand_NSE_NIFTYBANK_INDEX_BREAKOUT_57572.70_20260901_094000_Structural_v3.2_RVOL0.8, payload={'price': 57363.7, 'old_sl': 57329.74285714286, 'new_sl': 57334.04285714286, 'old_tp': None, 'new_tp': 57652.12142857143, 'reason': 'TRAILING_SL'}
2026-09-01 09:46:36,480 - INFO - 🟡 UPDATE (TRAILING_SL) [CFStructural_v3.2_RVOL0.8|uctural_v3.2_RVOL0.8]: NSE:NIFTYBANK-INDEX @ 57363.70 | SL→57334.04 TP→57652.12
2026-09-01 09:46:38,444 - INFO - 📊 Saved 22 snapshots for NSE:NIFTYBANK-INDEX  (oi range: 4,920–1,975,230)
2026-09-01 09:46:39,563 - INFO - 📡 Fetching NSE:NIFTY50-INDEX @ 24025  expiry=26901  strikes=ATM±5
2026-09-01 09:47:05,220 - INFO - ⏱️ [Real-time Exit Loop] Checking open positions @ 09:47:05...
2026-09-01 09:47:06,319 - INFO - 📊 EXECUTION AUDIT [SL_MODIFIED]: trade_id=trade_NSE_NIFTY50_INDEX_Geometry_v1.0_Score35_1788236105, candidate_id=cand_NSE_NIFTY50_INDEX_CONFLUENCE_BOUNCE_24028.35_202609010945_Geometry_v1.0_Score35, payload={'price': 24018.05, 'old_sl': 24034.77, 'new_sl': 24028.12, 'old_tp': None, 'new_tp': 23967.93, 'reason': 'TRAILING_SL'}
2026-09-01 09:47:06,387 - INFO - 🟡 UPDATE (TRAILING_SL) [Geometry_v1.0_Score35|eometry_v1.0_Score35]: NSE:NIFTY50-INDEX @ 24018.05 | SL→24028.12 TP→23967.93
2026-09-01 09:47:06,413 - INFO - 📊 EXECUTION AUDIT [SL_MODIFIED]: trade_id=trade_NSE_NIFTY50_INDEX_Geometry_v1.0_Score50_1788236105, candidate_id=cand_NSE_NIFTY50_INDEX_CONFLUENCE_BOUNCE_24028.35_202609010945_Geometry_v1.0_Score50, payload={'price': 24018.05, 'old_sl': 24034.77, 'new_sl': 24028.12, 'old_tp': None, 'new_tp': 23967.93, 'reason': 'TRAILING_SL'}
2026-09-01 09:47:06,454 - INFO - 🟡 UPDATE (TRAILING_SL) [Geometry_v1.0_Score50|eometry_v1.0_Score50]: NSE:NIFTY50-INDEX @ 24018.05 | SL→24028.12 TP→23967.93
2026-09-01 09:47:06,472 - INFO - 📊 EXECUTION AUDIT [CF_SL_MODIFIED]: trade_id=None, candidate_id=cand_NSE_NIFTY50_INDEX_CPR_24040.85_20260901_094235_CPR_v1.0, payload={'price': 24018.05, 'old_sl': 24050.81, 'new_sl': 24044.16, 'old_tp': None, 'new_tp': 23988.64, 'reason': 'TRAILING_SL'}
2026-09-01 09:47:06,506 - INFO - 🟡 UPDATE (TRAILING_SL) [CFCPR_v1.0|0901_094235_CPR_v1.0]: NSE:NIFTY50-INDEX @ 24018.05 | SL→24044.16 TP→23988.64
2026-09-01 09:47:09,741 - INFO - 📊 Saved 22 snapshots for NSE:NIFTY50-INDEX  (oi range: 90,220–42,526,965)
2026-09-01 09:47:11,846 - INFO - 📡 Fetching NSE:NIFTYBANK-INDEX @ 57349  expiry=26SEP  strikes=ATM±5
2026-09-01 09:47:35,243 - INFO - ⏱️ [Real-time Exit Loop] Checking open positions @ 09:47:35...
2026-09-01 09:47:36,342 - INFO - 📊 EXECUTION AUDIT [SL_MODIFIED]: trade_id=trade_NSE_NIFTY50_INDEX_Geometry_v1.0_Score35_1788236105, candidate_id=cand_NSE_NIFTY50_INDEX_CONFLUENCE_BOUNCE_24028.35_202609010945_Geometry_v1.0_Score35, payload={'price': 24015.75, 'old_sl': 24028.12, 'new_sl': 24025.82, 'old_tp': None, 'new_tp': 23967.93, 'reason': 'TRAILING_SL'}
2026-09-01 09:47:36,405 - INFO - 🟡 UPDATE (TRAILING_SL) [Geometry_v1.0_Score35|eometry_v1.0_Score35]: NSE:NIFTY50-INDEX @ 24015.75 | SL→24025.82 TP→23967.93
2026-09-01 09:47:36,430 - INFO - 📊 EXECUTION AUDIT [SL_MODIFIED]: trade_id=trade_NSE_NIFTY50_INDEX_Geometry_v1.0_Score50_1788236105, candidate_id=cand_NSE_NIFTY50_INDEX_CONFLUENCE_BOUNCE_24028.35_202609010945_Geometry_v1.0_Score50, payload={'price': 24015.75, 'old_sl': 24028.12, 'new_sl': 24025.82, 'old_tp': None, 'new_tp': 23967.93, 'reason': 'TRAILING_SL'}
2026-09-01 09:47:36,469 - INFO - 🟡 UPDATE (TRAILING_SL) [Geometry_v1.0_Score50|eometry_v1.0_Score50]: NSE:NIFTY50-INDEX @ 24015.75 | SL→24025.82 TP→23967.93
2026-09-01 09:47:36,487 - INFO - 📊 EXECUTION AUDIT [CF_SL_MODIFIED]: trade_id=None, candidate_id=cand_NSE_NIFTY50_INDEX_CPR_24040.85_20260901_094235_CPR_v1.0, payload={'price': 24015.75, 'old_sl': 24044.16, 'new_sl': 24041.86, 'old_tp': None, 'new_tp': 23988.64, 'reason': 'TRAILING_SL'}
2026-09-01 09:47:36,521 - INFO - 🟡 UPDATE (TRAILING_SL) [CFCPR_v1.0|0901_094235_CPR_v1.0]: NSE:NIFTY50-INDEX @ 24015.75 | SL→24041.86 TP→23988.64
2026-09-01 09:47:36,521 - INFO - 📊 EXECUTION AUDIT [CF_SL_MODIFIED]: trade_id=None, candidate_id=cand_NSE_NIFTYBANK_INDEX_GAP_AND_GO_57406.05_20260901_094235_GapRegime_v2.0, payload={'price': 57348.9, 'old_sl': 57517.27, 'new_sl': 57511.67, 'old_tp': None, 'new_tp': 57122.1, 'reason': 'TRAILING_SL'}
2026-09-01 09:47:36,555 - INFO - 🟡 UPDATE (TRAILING_SL) [CFGapRegime_v2.0|94235_GapRegime_v2.0]: NSE:NIFTYBANK-INDEX @ 57348.90 | SL→57511.67 TP→57122.10
2026-09-01 09:47:36,555 - INFO - 📊 EXECUTION AUDIT [CF_SL_MODIFIED]: trade_id=None, candidate_id=cand_NSE_NIFTYBANK_INDEX_LIQUIDITY_SWEEP_57355.55_20260901_094505_OrderFlow_v1.0, payload={'price': 57348.9, 'old_sl': 57439.3965, 'new_sl': 57432.7465, 'old_tp': None, 'new_tp': 57336.85, 'reason': 'TRAILING_SL'}
2026-09-01 09:47:36,594 - INFO - 🟡 UPDATE (TRAILING_SL) [CFOrderFlow_v1.0|94505_OrderFlow_v1.0]: NSE:NIFTYBANK-INDEX @ 57348.90 | SL→57432.75 TP→57336.85
2026-09-01 09:47:36,594 - INFO - 📊 EXECUTION AUDIT [CF_SL_MODIFIED]: trade_id=None, candidate_id=cand_NSE_NIFTYBANK_INDEX_GAP_FILL_57355.55_20260901_094505_GapRegime_v2.0, payload={'price': 57348.9, 'old_sl': 57569.2, 'new_sl': 57562.549999999996, 'old_tp': None, 'new_tp': 57302.4, 'reason': 'TRAILING_SL'}
2026-09-01 09:47:36,623 - INFO - 🟡 UPDATE (TRAILING_SL) [CFGapRegime_v2.0|94505_GapRegime_v2.0]: NSE:NIFTYBANK-INDEX @ 57348.90 | SL→57562.55 TP→57302.40
2026-09-01 09:47:36,624 - INFO - 📊 EXECUTION AUDIT [CF_SL_MODIFIED]: trade_id=None, candidate_id=cand_NSE_NIFTYBANK_INDEX_OI_WALL_BREAK_57355.55_20260901_094505_OIWallReaction_v1.0, payload={'price': 57348.9, 'old_sl': 57508.8965, 'new_sl': 57502.2465, 'old_tp': None, 'new_tp': 57177.62, 'reason': 'TRAILING_SL'}
2026-09-01 09:47:36,654 - INFO - 🟡 UPDATE (TRAILING_SL) [CFOIWallReaction_v1.0|_OIWallReaction_v1.0]: NSE:NIFTYBANK-INDEX @ 57348.90 | SL→57502.25 TP→57177.62
2026-09-01 09:47:42,165 - INFO - 📊 Saved 22 snapshots for NSE:NIFTYBANK-INDEX  (oi range: 4,950–1,975,800)
2026-09-01 09:47:43,287 - INFO - 📡 Fetching NSE:NIFTY50-INDEX @ 24017  expiry=26901  strikes=ATM±5
2026-09-01 09:48:05,383 - INFO - ⏱️ [Real-time Exit Loop] Checking open positions @ 09:48:05...
2026-09-01 09:48:06,551 - INFO - 📊 EXECUTION AUDIT [CF_SL_MODIFIED]: trade_id=None, candidate_id=cand_NSE_NIFTYBANK_INDEX_GAP_AND_GO_57406.05_20260901_094235_GapRegime_v2.0, payload={'price': 57346.4, 'old_sl': 57511.67, 'new_sl': 57509.17, 'old_tp': None, 'new_tp': 57122.1, 'reason': 'TRAILING_SL'}
2026-09-01 09:48:06,589 - INFO - 🟡 UPDATE (TRAILING_SL) [CFGapRegime_v2.0|94235_GapRegime_v2.0]: NSE:NIFTYBANK-INDEX @ 57346.40 | SL→57509.17 TP→57122.10
2026-09-01 09:48:06,589 - INFO - 📊 EXECUTION AUDIT [CF_SL_MODIFIED]: trade_id=None, candidate_id=cand_NSE_NIFTYBANK_INDEX_LIQUIDITY_SWEEP_57355.55_20260901_094505_OrderFlow_v1.0, payload={'price': 57346.4, 'old_sl': 57432.7465, 'new_sl': 57430.2465, 'old_tp': None, 'new_tp': 57336.85, 'reason': 'TRAILING_SL'}
2026-09-01 09:48:06,624 - INFO - 🟡 UPDATE (TRAILING_SL) [CFOrderFlow_v1.0|94505_OrderFlow_v1.0]: NSE:NIFTYBANK-INDEX @ 57346.40 | SL→57430.25 TP→57336.85
2026-09-01 09:48:06,624 - INFO - 📊 EXECUTION AUDIT [CF_SL_MODIFIED]: trade_id=None, candidate_id=cand_NSE_NIFTYBANK_INDEX_GAP_FILL_57355.55_20260901_094505_GapRegime_v2.0, payload={'price': 57346.4, 'old_sl': 57562.549999999996, 'new_sl': 57560.049999999996, 'old_tp': None, 'new_tp': 57302.4, 'reason': 'TRAILING_SL'}
2026-09-01 09:48:06,661 - INFO - 🟡 UPDATE (TRAILING_SL) [CFGapRegime_v2.0|94505_GapRegime_v2.0]: NSE:NIFTYBANK-INDEX @ 57346.40 | SL→57560.05 TP→57302.40
2026-09-01 09:48:06,661 - INFO - 📊 EXECUTION AUDIT [CF_SL_MODIFIED]: trade_id=None, candidate_id=cand_NSE_NIFTYBANK_INDEX_OI_WALL_BREAK_57355.55_20260901_094505_OIWallReaction_v1.0, payload={'price': 57346.4, 'old_sl': 57502.2465, 'new_sl': 57499.7465, 'old_tp': None, 'new_tp': 57177.62, 'reason': 'TRAILING_SL'}
2026-09-01 09:48:06,696 - INFO - 🟡 UPDATE (TRAILING_SL) [CFOIWallReaction_v1.0|_OIWallReaction_v1.0]: NSE:NIFTYBANK-INDEX @ 57346.40 | SL→57499.75 TP→57177.62
2026-09-01 09:48:13,281 - INFO - 📊 Saved 22 snapshots for NSE:NIFTY50-INDEX  (oi range: 91,390–41,242,500)
2026-09-01 09:48:15,393 - INFO - 📡 Fetching NSE:NIFTYBANK-INDEX @ 57342  expiry=26SEP  strikes=ATM±5
2026-09-01 09:48:35,429 - INFO - ⏱️ [Real-time Exit Loop] Checking open positions @ 09:48:35...
2026-09-01 09:48:36,533 - INFO - 📊 EXECUTION AUDIT [SL_MODIFIED]: trade_id=trade_NSE_NIFTY50_INDEX_Geometry_v1.0_Score35_1788236105, candidate_id=cand_NSE_NIFTY50_INDEX_CONFLUENCE_BOUNCE_24028.35_202609010945_Geometry_v1.0_Score35, payload={'price': 24015.4, 'old_sl': 24025.82, 'new_sl': 24025.47, 'old_tp': None, 'new_tp': 23967.93, 'reason': 'TRAILING_SL'}
2026-09-01 09:48:36,596 - INFO - 🟡 UPDATE (TRAILING_SL) [Geometry_v1.0_Score35|eometry_v1.0_Score35]: NSE:NIFTY50-INDEX @ 24015.40 | SL→24025.47 TP→23967.93
2026-09-01 09:48:36,620 - INFO - 📊 EXECUTION AUDIT [SL_MODIFIED]: trade_id=trade_NSE_NIFTY50_INDEX_Geometry_v1.0_Score50_1788236105, candidate_id=cand_NSE_NIFTY50_INDEX_CONFLUENCE_BOUNCE_24028.35_202609010945_Geometry_v1.0_Score50, payload={'price': 24015.4, 'old_sl': 24025.82, 'new_sl': 24025.47, 'old_tp': None, 'new_tp': 23967.93, 'reason': 'TRAILING_SL'}
2026-09-01 09:48:36,658 - INFO - 🟡 UPDATE (TRAILING_SL) [Geometry_v1.0_Score50|eometry_v1.0_Score50]: NSE:NIFTY50-INDEX @ 24015.40 | SL→24025.47 TP→23967.93
2026-09-01 09:48:36,677 - INFO - 📊 EXECUTION AUDIT [CF_SL_MODIFIED]: trade_id=None, candidate_id=cand_NSE_NIFTY50_INDEX_CPR_24040.85_20260901_094235_CPR_v1.0, payload={'price': 24015.4, 'old_sl': 24041.86, 'new_sl': 24041.510000000002, 'old_tp': None, 'new_tp': 23988.64, 'reason': 'TRAILING_SL'}
2026-09-01 09:48:36,710 - INFO - 🟡 UPDATE (TRAILING_SL) [CFCPR_v1.0|0901_094235_CPR_v1.0]: NSE:NIFTY50-INDEX @ 24015.40 | SL→24041.51 TP→23988.64
2026-09-01 09:48:36,711 - INFO - 📊 EXECUTION AUDIT [CF_SL_MODIFIED]: trade_id=None, candidate_id=cand_NSE_NIFTYBANK_INDEX_GAP_AND_GO_57406.05_20260901_094235_GapRegime_v2.0, payload={'price': 57336.05, 'old_sl': 57509.17, 'new_sl': 57498.82, 'old_tp': None, 'new_tp': 57122.1, 'reason': 'TRAILING_SL'}
2026-09-01 09:48:36,748 - INFO - 🟡 UPDATE (TRAILING_SL) [CFGapRegime_v2.0|94235_GapRegime_v2.0]: NSE:NIFTYBANK-INDEX @ 57336.05 | SL→57498.82 TP→57122.10
2026-09-01 09:48:36,749 - INFO - 📊 EXECUTION AUDIT [CF_TP_EXPANDED]: trade_id=None, candidate_id=cand_NSE_NIFTYBANK_INDEX_LIQUIDITY_SWEEP_57355.55_20260901_094505_OrderFlow_v1.0, payload={'price': 57336.05, 'old_sl': 57430.2465, 'new_sl': 57419.8965, 'old_tp': 57336.85, 'new_tp': 57253.0035, 'reason': 'TP_EXPANSION'}
2026-09-01 09:48:36,781 - INFO - 🟡 UPDATE (TP_EXPANSION) [CFOrderFlow_v1.0|94505_OrderFlow_v1.0]: NSE:NIFTYBANK-INDEX @ 57336.05 | SL→57419.90 TP→57253.00
2026-09-01 09:48:36,781 - INFO - 📊 EXECUTION AUDIT [CF_SL_MODIFIED]: trade_id=None, candidate_id=cand_NSE_NIFTYBANK_INDEX_GAP_FILL_57355.55_20260901_094505_GapRegime_v2.0, payload={'price': 57336.05, 'old_sl': 57560.049999999996, 'new_sl': 57549.7, 'old_tp': None, 'new_tp': 57302.4, 'reason': 'TRAILING_SL'}
2026-09-01 09:48:36,818 - INFO - 🟡 UPDATE (TRAILING_SL) [CFGapRegime_v2.0|94505_GapRegime_v2.0]: NSE:NIFTYBANK-INDEX @ 57336.05 | SL→57549.70 TP→57302.40
2026-09-01 09:48:36,819 - INFO - 📊 EXECUTION AUDIT [CF_SL_MODIFIED]: trade_id=None, candidate_id=cand_NSE_NIFTYBANK_INDEX_OI_WALL_BREAK_57355.55_20260901_094505_OIWallReaction_v1.0, payload={'price': 57336.05, 'old_sl': 57499.7465, 'new_sl': 57489.3965, 'old_tp': None, 'new_tp': 57177.62, 'reason': 'TRAILING_SL'}
2026-09-01 09:48:36,852 - INFO - 🟡 UPDATE (TRAILING_SL) [CFOIWallReaction_v1.0|_OIWallReaction_v1.0]: NSE:NIFTYBANK-INDEX @ 57336.05 | SL→57489.40 TP→57177.62
2026-09-01 09:48:45,176 - INFO - 📊 Saved 22 snapshots for NSE:NIFTYBANK-INDEX  (oi range: 4,950–1,976,160)
2026-09-01 09:48:46,283 - INFO - 📡 Fetching NSE:NIFTY50-INDEX @ 24012  expiry=26901  strikes=ATM±5
2026-09-01 09:49:05,571 - INFO - ⏱️ [Real-time Exit Loop] Checking open positions @ 09:49:05...
2026-09-01 09:49:16,747 - INFO - 📊 Saved 22 snapshots for NSE:NIFTY50-INDEX  (oi range: 97,110–41,132,455)
2026-09-01 09:49:18,865 - INFO - 📡 Fetching NSE:NIFTYBANK-INDEX @ 57339  expiry=26SEP  strikes=ATM±5
2026-09-01 09:49:35,478 - INFO - ⏱️ [Real-time Exit Loop] Checking open positions @ 09:49:35...
2026-09-01 09:49:48,730 - INFO - 📊 Saved 22 snapshots for NSE:NIFTYBANK-INDEX  (oi range: 5,010–1,974,030)
2026-09-01 09:49:49,826 - INFO - 📡 Fetching NSE:NIFTY50-INDEX @ 24021  expiry=26901  strikes=ATM±5
2026-09-01 09:50:05,396 - INFO - 🔔 [New Candle Closed] Running entry pipeline for candle 09:50 at 09:50:05...
2026-09-01 09:50:05,397 - INFO - --- 09:50:05 Market Pulse ---
2026-09-01 09:50:10,529 - INFO - 📊 EXECUTION AUDIT [ORDER_EXITED]: trade_id=trade_NSE_NIFTY50_INDEX_Geometry_v1.0_Score35_1788236105, candidate_id=cand_NSE_NIFTY50_INDEX_CONFLUENCE_BOUNCE_24028.35_202609010945_Geometry_v1.0_Score35, payload={'exit_price': 24030.15, 'exit_reason': 'TRAILING_SL', 'pnl_r': 0.03657262277951933, 'duration_minutes': 4.998328816666667, 'bars_held': 1}
2026-09-01 09:50:10,607 - INFO - 🔴 EXIT (TRAILING_SL) [Geometry_v1.0_Score35|eometry_v1.0_Score35]: NSE:NIFTY50-INDEX @ 24030.15 | PnL +0.04R | MFE 1.29R | Capture 3% | 1bars HoldEff +0.037R/bar
2026-09-01 09:50:10,607 - INFO - 📊 EXECUTION AUDIT [ORDER_EXITED]: trade_id=trade_NSE_NIFTY50_INDEX_Geometry_v1.0_Score50_1788236105, candidate_id=cand_NSE_NIFTY50_INDEX_CONFLUENCE_BOUNCE_24028.35_202609010945_Geometry_v1.0_Score50, payload={'exit_price': 24030.15, 'exit_reason': 'TRAILING_SL', 'pnl_r': 0.03657262277951933, 'duration_minutes': 4.998328816666667, 'bars_held': 1}
2026-09-01 09:50:10,656 - INFO - 🔴 EXIT (TRAILING_SL) [Geometry_v1.0_Score50|eometry_v1.0_Score50]: NSE:NIFTY50-INDEX @ 24030.15 | PnL +0.04R | MFE 1.29R | Capture 3% | 1bars HoldEff +0.037R/bar
2026-09-01 09:50:10,656 - INFO - 📊 EXECUTION AUDIT [CF_EXITED]: trade_id=None, candidate_id=cand_NSE_NIFTYBANK_INDEX_BREAKOUT_57572.70_20260901_094000_Structural_v3.2_RVOL1.0, payload={'exit_price': 57334.04285714286, 'exit_reason': 'TRAILING_SL', 'pnl_r': 0.0021641418345264363, 'duration_minutes': 4.998328816666667, 'bars_held': 1}
2026-09-01 09:50:10,702 - INFO - 🔴 EXIT (TRAILING_SL) [CFStructural_v3.2_RVOL1.0|uctural_v3.2_RVOL1.0]: NSE:NIFTYBANK-INDEX @ 57334.04 | PnL +0.00R | MFE 0.27R | Capture 1% | 1bars HoldEff +0.002R/bar
2026-09-01 09:50:10,703 - INFO - 📊 EXECUTION AUDIT [CF_EXITED]: trade_id=None, candidate_id=cand_NSE_NIFTYBANK_INDEX_BREAKOUT_57572.70_20260901_094000_Structural_v3.2_RVOL0.8, payload={'exit_price': 57334.04285714286, 'exit_reason': 'TRAILING_SL', 'pnl_r': 0.0021641418345264363, 'duration_minutes': 4.998328816666667, 'bars_held': 1}
2026-09-01 09:50:10,742 - INFO - 🔴 EXIT (TRAILING_SL) [CFStructural_v3.2_RVOL0.8|uctural_v3.2_RVOL0.8]: NSE:NIFTYBANK-INDEX @ 57334.04 | PnL +0.00R | MFE 0.27R | Capture 1% | 1bars HoldEff +0.002R/bar
2026-09-01 09:50:10,742 - INFO - 📊 EXECUTION AUDIT [CF_EXITED]: trade_id=None, candidate_id=cand_NSE_NIFTYBANK_INDEX_BREAKOUT_57572.70_20260901_094000_Structural_v3.3_ExitMgmt, payload={'exit_price': 57325.89285714286, 'exit_reason': 'INITIAL_SL', 'pnl_r': 0.0021641418345264363, 'duration_minutes': 4.998328816666667, 'bars_held': 1}
2026-09-01 09:50:10,778 - INFO - 🔴 EXIT (INITIAL_SL) [CFStructural_v3.3_ExitMgmt|ctural_v3.3_ExitMgmt]: NSE:NIFTYBANK-INDEX @ 57325.89 | PnL +0.00R | MFE 0.27R | Capture 1% | 1bars HoldEff +0.002R/bar
2026-09-01 09:50:13,108 - INFO - Resolved active expiry from DB: 26901 (2026-09-01)
2026-09-01 09:50:13,108 - INFO - 👻 [CreditSpread_v1.0_PCRFade] CF COMBO BEAR_CALL_SPREAD NSE:NIFTY50-INDEX BEAR_CALL_SPREAD | Rejected: ['HIGH_RVOL']
2026-09-01 09:50:13,120 - INFO - Resolved active expiry from DB: 26901 (2026-09-01)
2026-09-01 09:50:13,146 - INFO - Resolved BEAR_CALL_SPREAD for NSE:NIFTY50-INDEX: [('CE', 'SELL', 24050.0), ('CE', 'BUY', 24150.0)] net_premium=-22.25 max_loss=77.75
2026-09-01 09:50:13,167 - INFO - 🟢 CF COMBO ENTRY [CreditSpread_v1.0_PCRFade|tSpread_v1.0_PCRFade]: NSE:NIFTY50-INDEX BEAR_CALL_SPREAD | Net premium: -22.25 | Max loss: 77.75
2026-09-01 09:50:14,659 - INFO - Resolved active expiry from DB: 26SEP (2026-09-29)
2026-09-01 09:50:14,660 - INFO - 👻 [Structural_v3.2_RVOL1.0] CF BREAKOUT NSE:NIFTYBANK-INDEX BUY CALL | Rejected: ['BIAS_MISMATCH', 'LOW_EFFICIENCY']
2026-09-01 09:50:14,660 - INFO - 📊 EXECUTION AUDIT [SIGNAL_GENERATED]: trade_id=None, candidate_id=cand_NSE_NIFTYBANK_INDEX_BREAKOUT_57572.70_20260901_094500_Structural_v3.2_RVOL1.0, payload={'symbol': 'NSE:NIFTYBANK-INDEX', 'signal': 'BUY CALL', 'strategy': 'BREAKOUT', 'price': 57362.6, 'stop_loss': 57332.09642857143, 'take_profit': 57667.635714285716, 'tp1': 57408.35535714285, 'rr_ratio': 10.0, 'timestamp': '2026-09-01T09:45:00+05:30', 'accepted': False, 'rejection_reasons': ['BIAS_MISMATCH', 'LOW_EFFICIENCY'], 'features': {'date': '2026-09-01', 'strategy_name': 'Structural_v3', 'strategy_version': 'v3.2', 'feature_version': 'v1.1', 'market_regime': 'GAP_UP_HIGH_VOL', 'day_type': 'NORMAL_DAY', 'session_type': 'MID', 'daily_bias': 'NEUTRAL', 'hourly_bias': 'NEUTRAL', 'trend_strength': 0.0, 'rvol': 5.9, 'rvol_threshold': 1.0, 'atr': 61.01, 'distance_from_supply': 641.63, 'distance_from_demand': 135.07, 'nearest_supply_strength': 87.3, 'nearest_demand_strength': 68.6, 'distance_to_liquidity_pool': 135.0666666666657, 'liquidity_score': 59.0, 'indicator_snapshot': {'rvol_tod': 5.9, 'is_compressed': False, 'bos_count': 0}, 'move_efficiency': 0.0819, 'wickiness': 0.4685, 'fft_score': 0.0, 'setup_type': 'BREAKOUT', 'candidate_id': 'cand_NSE_NIFTYBANK_INDEX_BREAKOUT_57572.70_20260901_094500', 'ema20': 57397.0, 'ema50': 57382.81, 'move_efficiency_h1': 0.0403, 'ema_bullish': True, 'rsi14': 43.16, 'rsi2': 12.25, 'distance_to_vwap': 0.0, 'atr_percentile': 0.8768, 'dist_prev_high': -0.0019, 'dist_prev_low': 0.0022, 'adx': 15.84, 'adx_slope': -1.7866, 'gap_pct': 0.0045, 'regime_primary': 'GAP_UP', 'regime_vol_state': 'HIGH_VOL'}, 'candidate_id': 'cand_NSE_NIFTYBANK_INDEX_BREAKOUT_57572.70_20260901_094500_Structural_v3.2_RVOL1.0', 'experiment_name': 'Structural_v3.2_RVOL1.0', 'strategy_id': 'structural', 'version': 'v3.2'}
2026-09-01 09:50:14,681 - INFO - Resolved active expiry from DB: 26SEP (2026-09-29)
2026-09-01 09:50:14,694 - INFO - Resolved index signal into option contract: OptionContract(symbol='NSE:BANKNIFTY26SEP57400CE', strike=57400.0, expiry='26SEP', option_type='CE', premium=907.05, delta=0.5, bid=905.05, ask=907.95, volume=319800, resolved_at=datetime.datetime(2026, 9, 1, 9, 50, 14, 694202))
2026-09-01 09:50:14,694 - INFO - ⚡ Option strike selection resolved index signal to contract NSE:BANKNIFTY26SEP57400CE @ premium 907.05 (type: CE, strike: 57400.0)
2026-09-01 09:50:14,694 - INFO - 📊 EXECUTION AUDIT [STRIKE_SELECTED]: trade_id=None, candidate_id=cand_NSE_NIFTYBANK_INDEX_BREAKOUT_57572.70_20260901_094500_Structural_v3.2_RVOL1.0, payload={'symbol': 'NSE:BANKNIFTY26SEP57400CE', 'strike': 57400.0, 'expiry': '26SEP', 'type': 'CE'}
2026-09-01 09:50:14,705 - INFO - 📊 EXECUTION AUDIT [PREMIUM_RETRIEVED]: trade_id=None, candidate_id=cand_NSE_NIFTYBANK_INDEX_BREAKOUT_57572.70_20260901_094500_Structural_v3.2_RVOL1.0, payload={'premium': 907.05, 'bid': 905.05, 'ask': 907.95}
2026-09-01 09:50:14,717 - INFO - 📊 EXECUTION AUDIT [CF_SUBMITTED]: trade_id=None, candidate_id=cand_NSE_NIFTYBANK_INDEX_BREAKOUT_57572.70_20260901_094500_Structural_v3.2_RVOL1.0, payload={'price': 57362.6, 'sl': 57332.09642857143, 'tp': 57667.635714285716}
2026-09-01 09:50:14,728 - INFO - 📊 EXECUTION AUDIT [CF_FILLED]: trade_id=None, candidate_id=cand_NSE_NIFTYBANK_INDEX_BREAKOUT_57572.70_20260901_094500_Structural_v3.2_RVOL1.0, payload={'price': 57362.6, 'sl': 57332.09642857143, 'tp': 57667.635714285716}
2026-09-01 09:50:14,739 - INFO - 💰 Position size [BREAKOUT|GAP_UP_HIGH_VOL|conf=70]: frac=0.002 → ₹5,000 (risk/unit=0.05%)
2026-09-01 09:50:14,763 - INFO - 🟢 ENTRY [CF|Structural_v3.2_RVOL1.0|uctural_v3.2_RVOL1.0]: NSE:NIFTYBANK-INDEX BUY CALL @ 57362.60 | SL: 57332.10 TP: 57667.64
2026-09-01 09:50:14,763 - INFO - 👻 [Structural_v3.2_RVOL0.8] CF BREAKOUT NSE:NIFTYBANK-INDEX BUY CALL | Rejected: ['BIAS_MISMATCH', 'LOW_EFFICIENCY']
2026-09-01 09:50:14,764 - INFO - 📊 EXECUTION AUDIT [SIGNAL_GENERATED]: trade_id=None, candidate_id=cand_NSE_NIFTYBANK_INDEX_BREAKOUT_57572.70_20260901_094500_Structural_v3.2_RVOL0.8, payload={'symbol': 'NSE:NIFTYBANK-INDEX', 'signal': 'BUY CALL', 'strategy': 'BREAKOUT', 'price': 57362.6, 'stop_loss': 57332.09642857143, 'take_profit': 57667.635714285716, 'tp1': 57408.35535714285, 'rr_ratio': 10.0, 'timestamp': '2026-09-01T09:45:00+05:30', 'accepted': False, 'rejection_reasons': ['BIAS_MISMATCH', 'LOW_EFFICIENCY'], 'features': {'date': '2026-09-01', 'strategy_name': 'Structural_v3', 'strategy_version': 'v3.2', 'feature_version': 'v1.1', 'market_regime': 'GAP_UP_HIGH_VOL', 'day_type': 'NORMAL_DAY', 'session_type': 'MID', 'daily_bias': 'NEUTRAL', 'hourly_bias': 'NEUTRAL', 'trend_strength': 0.0, 'rvol': 5.9, 'rvol_threshold': 0.8, 'atr': 61.01, 'distance_from_supply': 641.63, 'distance_from_demand': 135.07, 'nearest_supply_strength': 87.3, 'nearest_demand_strength': 68.6, 'distance_to_liquidity_pool': 135.0666666666657, 'liquidity_score': 59.0, 'indicator_snapshot': {'rvol_tod': 5.9, 'is_compressed': False, 'bos_count': 0}, 'move_efficiency': 0.0819, 'wickiness': 0.4685, 'fft_score': 0.0, 'setup_type': 'BREAKOUT', 'candidate_id': 'cand_NSE_NIFTYBANK_INDEX_BREAKOUT_57572.70_20260901_094500', 'ema20': 57397.0, 'ema50': 57382.81, 'move_efficiency_h1': 0.0403, 'ema_bullish': True, 'rsi14': 43.16, 'rsi2': 12.25, 'distance_to_vwap': 0.0, 'atr_percentile': 0.8768, 'dist_prev_high': -0.0019, 'dist_prev_low': 0.0022, 'adx': 15.84, 'adx_slope': -1.7866, 'gap_pct': 0.0045, 'regime_primary': 'GAP_UP', 'regime_vol_state': 'HIGH_VOL'}, 'candidate_id': 'cand_NSE_NIFTYBANK_INDEX_BREAKOUT_57572.70_20260901_094500_Structural_v3.2_RVOL0.8', 'experiment_name': 'Structural_v3.2_RVOL0.8', 'strategy_id': 'structural', 'version': 'v3.2'}
2026-09-01 09:50:14,788 - INFO - Resolved active expiry from DB: 26SEP (2026-09-29)
2026-09-01 09:50:14,803 - INFO - Resolved index signal into option contract: OptionContract(symbol='NSE:BANKNIFTY26SEP57400CE', strike=57400.0, expiry='26SEP', option_type='CE', premium=907.05, delta=0.5, bid=905.05, ask=907.95, volume=319800, resolved_at=datetime.datetime(2026, 9, 1, 9, 50, 14, 803396))
2026-09-01 09:50:14,803 - INFO - ⚡ Option strike selection resolved index signal to contract NSE:BANKNIFTY26SEP57400CE @ premium 907.05 (type: CE, strike: 57400.0)
2026-09-01 09:50:14,803 - INFO - 📊 EXECUTION AUDIT [STRIKE_SELECTED]: trade_id=None, candidate_id=cand_NSE_NIFTYBANK_INDEX_BREAKOUT_57572.70_20260901_094500_Structural_v3.2_RVOL0.8, payload={'symbol': 'NSE:BANKNIFTY26SEP57400CE', 'strike': 57400.0, 'expiry': '26SEP', 'type': 'CE'}
2026-09-01 09:50:14,815 - INFO - 📊 EXECUTION AUDIT [PREMIUM_RETRIEVED]: trade_id=None, candidate_id=cand_NSE_NIFTYBANK_INDEX_BREAKOUT_57572.70_20260901_094500_Structural_v3.2_RVOL0.8, payload={'premium': 907.05, 'bid': 905.05, 'ask': 907.95}
2026-09-01 09:50:14,825 - INFO - 📊 EXECUTION AUDIT [CF_SUBMITTED]: trade_id=None, candidate_id=cand_NSE_NIFTYBANK_INDEX_BREAKOUT_57572.70_20260901_094500_Structural_v3.2_RVOL0.8, payload={'price': 57362.6, 'sl': 57332.09642857143, 'tp': 57667.635714285716}
2026-09-01 09:50:14,837 - INFO - 📊 EXECUTION AUDIT [CF_FILLED]: trade_id=None, candidate_id=cand_NSE_NIFTYBANK_INDEX_BREAKOUT_57572.70_20260901_094500_Structural_v3.2_RVOL0.8, payload={'price': 57362.6, 'sl': 57332.09642857143, 'tp': 57667.635714285716}
2026-09-01 09:50:14,849 - INFO - 💰 Position size [BREAKOUT|GAP_UP_HIGH_VOL|conf=70]: frac=0.002 → ₹5,000 (risk/unit=0.05%)
2026-09-01 09:50:14,874 - INFO - 🟢 ENTRY [CF|Structural_v3.2_RVOL0.8|uctural_v3.2_RVOL0.8]: NSE:NIFTYBANK-INDEX BUY CALL @ 57362.60 | SL: 57332.10 TP: 57667.64
2026-09-01 09:50:14,874 - INFO - 👻 [Structural_v3.3_ExitMgmt] CF BREAKOUT NSE:NIFTYBANK-INDEX BUY CALL | Rejected: ['BIAS_MISMATCH', 'LOW_EFFICIENCY']
2026-09-01 09:50:14,874 - INFO - 📊 EXECUTION AUDIT [SIGNAL_GENERATED]: trade_id=None, candidate_id=cand_NSE_NIFTYBANK_INDEX_BREAKOUT_57572.70_20260901_094500_Structural_v3.3_ExitMgmt, payload={'symbol': 'NSE:NIFTYBANK-INDEX', 'signal': 'BUY CALL', 'strategy': 'BREAKOUT', 'price': 57362.6, 'stop_loss': 57332.09642857143, 'take_profit': 57667.635714285716, 'tp1': 57408.35535714285, 'rr_ratio': 10.0, 'timestamp': '2026-09-01T09:45:00+05:30', 'accepted': False, 'rejection_reasons': ['BIAS_MISMATCH', 'LOW_EFFICIENCY'], 'features': {'date': '2026-09-01', 'strategy_name': 'Structural_v3', 'strategy_version': 'v3.2', 'feature_version': 'v1.1', 'market_regime': 'GAP_UP_HIGH_VOL', 'day_type': 'NORMAL_DAY', 'session_type': 'MID', 'daily_bias': 'NEUTRAL', 'hourly_bias': 'NEUTRAL', 'trend_strength': 0.0, 'rvol': 5.9, 'rvol_threshold': 1.0, 'atr': 61.01, 'distance_from_supply': 641.63, 'distance_from_demand': 135.07, 'nearest_supply_strength': 87.3, 'nearest_demand_strength': 68.6, 'distance_to_liquidity_pool': 135.0666666666657, 'liquidity_score': 59.0, 'indicator_snapshot': {'rvol_tod': 5.9, 'is_compressed': False, 'bos_count': 0}, 'move_efficiency': 0.0819, 'wickiness': 0.4685, 'fft_score': 0.0, 'setup_type': 'BREAKOUT', 'candidate_id': 'cand_NSE_NIFTYBANK_INDEX_BREAKOUT_57572.70_20260901_094500', 'ema20': 57397.0, 'ema50': 57382.81, 'move_efficiency_h1': 0.0403, 'ema_bullish': True, 'rsi14': 43.16, 'rsi2': 12.25, 'distance_to_vwap': 0.0, 'atr_percentile': 0.8768, 'dist_prev_high': -0.0019, 'dist_prev_low': 0.0022, 'adx': 15.84, 'adx_slope': -1.7866, 'gap_pct': 0.0045, 'regime_primary': 'GAP_UP', 'regime_vol_state': 'HIGH_VOL'}, 'candidate_id': 'cand_NSE_NIFTYBANK_INDEX_BREAKOUT_57572.70_20260901_094500_Structural_v3.3_ExitMgmt', 'experiment_name': 'Structural_v3.3_ExitMgmt', 'strategy_id': 'structural', 'version': 'v3.2'}
2026-09-01 09:50:14,896 - INFO - Resolved active expiry from DB: 26SEP (2026-09-29)
2026-09-01 09:50:14,909 - INFO - Resolved index signal into option contract: OptionContract(symbol='NSE:BANKNIFTY26SEP57400CE', strike=57400.0, expiry='26SEP', option_type='CE', premium=907.05, delta=0.5, bid=905.05, ask=907.95, volume=319800, resolved_at=datetime.datetime(2026, 9, 1, 9, 50, 14, 909128))
2026-09-01 09:50:14,909 - INFO - ⚡ Option strike selection resolved index signal to contract NSE:BANKNIFTY26SEP57400CE @ premium 907.05 (type: CE, strike: 57400.0)
2026-09-01 09:50:14,909 - INFO - 📊 EXECUTION AUDIT [STRIKE_SELECTED]: trade_id=None, candidate_id=cand_NSE_NIFTYBANK_INDEX_BREAKOUT_57572.70_20260901_094500_Structural_v3.3_ExitMgmt, payload={'symbol': 'NSE:BANKNIFTY26SEP57400CE', 'strike': 57400.0, 'expiry': '26SEP', 'type': 'CE'}
2026-09-01 09:50:14,921 - INFO - 📊 EXECUTION AUDIT [PREMIUM_RETRIEVED]: trade_id=None, candidate_id=cand_NSE_NIFTYBANK_INDEX_BREAKOUT_57572.70_20260901_094500_Structural_v3.3_ExitMgmt, payload={'premium': 907.05, 'bid': 905.05, 'ask': 907.95}
2026-09-01 09:50:14,931 - INFO - 📊 EXECUTION AUDIT [CF_SUBMITTED]: trade_id=None, candidate_id=cand_NSE_NIFTYBANK_INDEX_BREAKOUT_57572.70_20260901_094500_Structural_v3.3_ExitMgmt, payload={'price': 57362.6, 'sl': 57332.09642857143, 'tp': 57667.635714285716}
2026-09-01 09:50:14,941 - INFO - 📊 EXECUTION AUDIT [CF_FILLED]: trade_id=None, candidate_id=cand_NSE_NIFTYBANK_INDEX_BREAKOUT_57572.70_20260901_094500_Structural_v3.3_ExitMgmt, payload={'price': 57362.6, 'sl': 57332.09642857143, 'tp': 57667.635714285716}
2026-09-01 09:50:14,953 - INFO - 💰 Position size [BREAKOUT|GAP_UP_HIGH_VOL|conf=70]: frac=0.002 → ₹5,000 (risk/unit=0.05%)
2026-09-01 09:50:14,978 - INFO - 🟢 ENTRY [CF|Structural_v3.3_ExitMgmt|ctural_v3.3_ExitMgmt]: NSE:NIFTYBANK-INDEX BUY CALL @ 57362.60 | SL: 57332.10 TP: 57667.64
2026-09-01 09:50:14,978 - INFO - 👻 [Butterfly_v1.0] CF COMBO BUTTERFLY_SPREAD NSE:NIFTYBANK-INDEX BUTTERFLY_SPREAD | Rejected: ['HIGH_RVOL', 'COOLDOWN_AFTER_LOSS']
2026-09-01 09:50:14,991 - INFO - Resolved active expiry from DB: 26SEP (2026-09-29)
2026-09-01 09:50:15,044 - INFO - Resolved BUTTERFLY_SPREAD for NSE:NIFTYBANK-INDEX: [('CE', 'BUY', 57200.0), ('CE', 'SELL', 57400.0), ('CE', 'SELL', 57400.0), ('CE', 'BUY', 57600.0)] net_premium=11.35 max_loss=11.35
2026-09-01 09:50:15,066 - INFO - 🟢 CF COMBO ENTRY [Butterfly_v1.0|95005_Butterfly_v1.0]: NSE:NIFTYBANK-INDEX BUTTERFLY_SPREAD | Net premium: 11.35 | Max loss: 11.35
2026-09-01 09:50:19,359 - INFO - 📊 Saved 22 snapshots for NSE:NIFTY50-INDEX  (oi range: 98,670–40,592,240)
2026-09-01 09:50:21,477 - INFO - 📡 Fetching NSE:NIFTYBANK-INDEX @ 57359  expiry=26SEP  strikes=ATM±5
2026-09-01 09:50:35,077 - INFO - ⏱️ [Real-time Exit Loop] Checking open positions @ 09:50:35...
2026-09-01 09:50:37,049 - INFO - 🔴 CF COMBO EXIT (STOP_R) [Butterfly_v1.0|95005_Butterfly_v1.0]: NSE:NIFTYBANK-INDEX BUTTERFLY_SPREAD | PnL -0.98R | 0min
2026-09-01 09:50:51,296 - INFO - 📊 Saved 22 snapshots for NSE:NIFTYBANK-INDEX  (oi range: 5,040–1,974,720)
2026-09-01 09:50:52,392 - INFO - 📡 Fetching NSE:NIFTY50-INDEX @ 24021  expiry=26901  strikes=ATM±5
2026-09-01 09:51:05,060 - INFO - ⏱️ [Real-time Exit Loop] Checking open positions @ 09:51:05...
2026-09-01 09:51:06,147 - INFO - 📊 EXECUTION AUDIT [CF_SL_MODIFIED]: trade_id=None, candidate_id=cand_NSE_NIFTYBANK_INDEX_BREAKOUT_57572.70_20260901_094500_Structural_v3.2_RVOL1.0, payload={'price': 57381.65, 'old_sl': 57332.09642857143, 'new_sl': 57351.14642857143, 'old_tp': None, 'new_tp': 57667.635714285716, 'reason': 'TRAILING_SL'}
2026-09-01 09:51:06,212 - INFO - 🟡 UPDATE (TRAILING_SL) [CFStructural_v3.2_RVOL1.0|uctural_v3.2_RVOL1.0]: NSE:NIFTYBANK-INDEX @ 57381.65 | SL→57351.15 TP→57667.64
2026-09-01 09:51:06,212 - INFO - 📊 EXECUTION AUDIT [CF_SL_MODIFIED]: trade_id=None, candidate_id=cand_NSE_NIFTYBANK_INDEX_BREAKOUT_57572.70_20260901_094500_Structural_v3.2_RVOL0.8, payload={'price': 57381.65, 'old_sl': 57332.09642857143, 'new_sl': 57351.14642857143, 'old_tp': None, 'new_tp': 57667.635714285716, 'reason': 'TRAILING_SL'}
2026-09-01 09:51:06,254 - INFO - 🟡 UPDATE (TRAILING_SL) [CFStructural_v3.2_RVOL0.8|uctural_v3.2_RVOL0.8]: NSE:NIFTYBANK-INDEX @ 57381.65 | SL→57351.15 TP→57667.64
2026-09-01 09:51:22,811 - INFO - 📊 Saved 22 snapshots for NSE:NIFTY50-INDEX  (oi range: 100,620–40,219,010)
2026-09-01 09:51:24,931 - INFO - 📡 Fetching NSE:NIFTYBANK-INDEX @ 57367  expiry=26SEP  strikes=ATM±5
2026-09-01 09:51:35,037 - INFO - ⏱️ [Real-time Exit Loop] Checking open positions @ 09:51:35...
2026-09-01 09:51:54,715 - INFO - 📊 Saved 22 snapshots for NSE:NIFTYBANK-INDEX  (oi range: 5,040–1,975,410)
2026-09-01 09:51:55,816 - INFO - 📡 Fetching NSE:NIFTY50-INDEX @ 24021  expiry=26901  strikes=ATM±5
2026-09-01 09:52:05,961 - INFO - ⏱️ [Real-time Exit Loop] Checking open positions @ 09:52:05...
2026-09-01 09:52:25,716 - INFO - 📊 Saved 22 snapshots for NSE:NIFTY50-INDEX  (oi range: 100,555–40,118,845)
2026-09-01 09:52:27,839 - INFO - 📡 Fetching NSE:NIFTYBANK-INDEX @ 57352  expiry=26SEP  strikes=ATM±5
2026-09-01 09:52:35,894 - INFO - ⏱️ [Real-time Exit Loop] Checking open positions @ 09:52:35...
2026-09-01 09:52:58,129 - INFO - 📊 Saved 22 snapshots for NSE:NIFTYBANK-INDEX  (oi range: 5,040–1,976,940)
2026-09-01 09:52:59,227 - INFO - 📡 Fetching NSE:NIFTY50-INDEX @ 24026  expiry=26901  strikes=ATM±5
2026-09-01 09:53:05,802 - INFO - ⏱️ [Real-time Exit Loop] Checking open positions @ 09:53:05...
2026-09-01 09:53:29,600 - INFO - 📊 Saved 22 snapshots for NSE:NIFTY50-INDEX  (oi range: 503,750–40,295,060)
2026-09-01 09:53:31,718 - INFO - 📡 Fetching NSE:NIFTYBANK-INDEX @ 57369  expiry=26SEP  strikes=ATM±5
2026-09-01 09:53:35,729 - INFO - ⏱️ [Real-time Exit Loop] Checking open positions @ 09:53:35...
2026-09-01 09:54:01,638 - INFO - 📊 Saved 22 snapshots for NSE:NIFTYBANK-INDEX  (oi range: 5,130–1,977,990)
2026-09-01 09:54:02,725 - INFO - 📡 Fetching NSE:NIFTY50-INDEX @ 24027  expiry=26901  strikes=ATM±5
2026-09-01 09:54:05,837 - INFO - ⏱️ [Real-time Exit Loop] Checking open positions @ 09:54:05...
2026-09-01 09:54:33,155 - INFO - 📊 Saved 22 snapshots for NSE:NIFTY50-INDEX  (oi range: 524,355–40,198,210)
2026-09-01 09:54:35,262 - INFO - 📡 Fetching NSE:NIFTYBANK-INDEX @ 57368  expiry=26SEP  strikes=ATM±5
2026-09-01 09:54:35,795 - INFO - ⏱️ [Real-time Exit Loop] Checking open positions @ 09:54:35...
2026-09-01 09:55:04,860 - INFO - 📊 Saved 22 snapshots for NSE:NIFTYBANK-INDEX  (oi range: 5,220–1,979,490)
2026-09-01 09:55:05,765 - INFO - 🔔 [New Candle Closed] Running entry pipeline for candle 09:55 at 09:55:05...
2026-09-01 09:55:05,765 - INFO - --- 09:55:05 Market Pulse ---
2026-09-01 09:55:05,954 - INFO - 📡 Fetching NSE:NIFTY50-INDEX @ 24023  expiry=26901  strikes=ATM±5
2026-09-01 09:55:10,899 - INFO - 📊 EXECUTION AUDIT [CF_EXITED]: trade_id=None, candidate_id=cand_NSE_NIFTYBANK_INDEX_BREAKOUT_57572.70_20260901_094500_Structural_v3.2_RVOL1.0, payload={'exit_price': 57351.14642857143, 'exit_reason': 'TRAILING_SL', 'pnl_r': -0.005727187620463732, 'duration_minutes': 5.006143016666667, 'bars_held': 1}
2026-09-01 09:55:10,953 - INFO - 🔴 EXIT (TRAILING_SL) [CFStructural_v3.2_RVOL1.0|uctural_v3.2_RVOL1.0]: NSE:NIFTYBANK-INDEX @ 57351.15 | PnL -0.01R | MFE 0.62R | Capture -1% | 1bars HoldEff -0.006R/bar
2026-09-01 09:55:10,953 - INFO - 📊 EXECUTION AUDIT [CF_EXITED]: trade_id=None, candidate_id=cand_NSE_NIFTYBANK_INDEX_BREAKOUT_57572.70_20260901_094500_Structural_v3.2_RVOL0.8, payload={'exit_price': 57351.14642857143, 'exit_reason': 'TRAILING_SL', 'pnl_r': -0.005727187620463732, 'duration_minutes': 5.006143016666667, 'bars_held': 1}
2026-09-01 09:55:10,990 - INFO - 🔴 EXIT (TRAILING_SL) [CFStructural_v3.2_RVOL0.8|uctural_v3.2_RVOL0.8]: NSE:NIFTYBANK-INDEX @ 57351.15 | PnL -0.01R | MFE 0.62R | Capture -1% | 1bars HoldEff -0.006R/bar
2026-09-01 09:55:13,323 - INFO - ⚡ [OI_Scalping_v1.0] warnings: ['IV_UNSOLVABLE — trade rejected in v1']
2026-09-01 09:55:13,337 - INFO - Resolved active expiry from DB: 26901 (2026-09-01)
2026-09-01 09:55:13,337 - INFO - ⚡ [OI_Scalping_v1.0] warnings: ['IV_UNSOLVABLE — trade rejected in v1']
2026-09-01 09:55:14,957 - INFO - Resolved active expiry from DB: 26SEP (2026-09-29)
2026-09-01 09:55:14,958 - INFO - 🚀 SIGNAL: NSE:NIFTYBANK-INDEX BUY CALL | [Structural_v3.2_RVOL1.0]
2026-09-01 09:55:14,958 - INFO -    Entry: 57361.15 | SL: 57330.385714285716 | TP: 57668.79285714286 (RR: 10.0)
2026-09-01 09:55:14,958 - INFO - 📊 EXECUTION AUDIT [SIGNAL_GENERATED]: trade_id=trade_NSE_NIFTYBANK_INDEX_Structural_v3.2_RVOL1.0_1788236705, candidate_id=cand_NSE_NIFTYBANK_INDEX_SWEEP_57227.53_20260901_095000_Structural_v3.2_RVOL1.0, payload={'symbol': 'NSE:NIFTYBANK-INDEX', 'signal': 'BUY CALL', 'strategy': 'SWEEP', 'price': 57361.15, 'stop_loss': 57330.385714285716, 'take_profit': 57668.79285714286, 'tp1': 57407.296428571426, 'rr_ratio': 10.0, 'timestamp': '2026-09-01T09:50:00+05:30', 'accepted': True, 'rejection_reasons': [], 'features': {'date': '2026-09-01', 'strategy_name': 'Structural_v3', 'strategy_version': 'v3.2', 'feature_version': 'v1.1', 'market_regime': 'GAP_UP_HIGH_VOL', 'day_type': 'NORMAL_DAY', 'session_type': 'MID', 'daily_bias': 'NEUTRAL', 'hourly_bias': 'NEUTRAL', 'trend_strength': 0.0, 'rvol': 1.82, 'rvol_threshold': 1.0, 'atr': 61.53, 'distance_from_supply': 643.08, 'distance_from_demand': 133.62, 'nearest_supply_strength': 87.3, 'nearest_demand_strength': 67.7, 'distance_to_liquidity_pool': 133.6166666666686, 'liquidity_score': 18.2, 'indicator_snapshot': {'rvol_tod': 1.82, 'is_compressed': False, 'bos_count': 0}, 'move_efficiency': 0.085, 'wickiness': 0.5674, 'fft_score': 0.0, 'setup_type': 'SWEEP', 'candidate_id': 'cand_NSE_NIFTYBANK_INDEX_SWEEP_57227.53_20260901_095000', 'ema20': 57393.58, 'ema50': 57381.96, 'move_efficiency_h1': 0.0367, 'ema_bullish': True, 'rsi14': 39.36, 'rsi2': 82.94, 'distance_to_vwap': -0.0012, 'atr_percentile': 0.8815, 'dist_prev_high': -0.0019, 'dist_prev_low': 0.0021, 'adx': 14.83, 'adx_slope': -3.0585, 'gap_pct': 0.0045, 'regime_primary': 'GAP_UP', 'regime_vol_state': 'HIGH_VOL'}, 'candidate_id': 'cand_NSE_NIFTYBANK_INDEX_SWEEP_57227.53_20260901_095000_Structural_v3.2_RVOL1.0', 'experiment_name': 'Structural_v3.2_RVOL1.0', 'strategy_id': 'structural', 'version': 'v3.2'}
2026-09-01 09:55:14,979 - INFO - Resolved active expiry from DB: 26SEP (2026-09-29)
2026-09-01 09:55:14,992 - INFO - Resolved index signal into option contract: OptionContract(symbol='NSE:BANKNIFTY26SEP57400CE', strike=57400.0, expiry='26SEP', option_type='CE', premium=907.2, delta=0.5, bid=904.75, ask=907.6, volume=346800, resolved_at=datetime.datetime(2026, 9, 1, 9, 55, 14, 992343))
2026-09-01 09:55:14,992 - INFO - ⚡ Option strike selection resolved index signal to contract NSE:BANKNIFTY26SEP57400CE @ premium 907.2 (type: CE, strike: 57400.0)
2026-09-01 09:55:14,992 - INFO - 📊 EXECUTION AUDIT [STRIKE_SELECTED]: trade_id=trade_NSE_NIFTYBANK_INDEX_Structural_v3.2_RVOL1.0_1788236705, candidate_id=cand_NSE_NIFTYBANK_INDEX_SWEEP_57227.53_20260901_095000_Structural_v3.2_RVOL1.0, payload={'symbol': 'NSE:BANKNIFTY26SEP57400CE', 'strike': 57400.0, 'expiry': '26SEP', 'type': 'CE'}
2026-09-01 09:55:15,005 - INFO - 📊 EXECUTION AUDIT [PREMIUM_RETRIEVED]: trade_id=trade_NSE_NIFTYBANK_INDEX_Structural_v3.2_RVOL1.0_1788236705, candidate_id=cand_NSE_NIFTYBANK_INDEX_SWEEP_57227.53_20260901_095000_Structural_v3.2_RVOL1.0, payload={'premium': 907.2, 'bid': 904.75, 'ask': 907.6}
2026-09-01 09:55:15,016 - INFO - 📊 EXECUTION AUDIT [ORDER_SUBMITTED]: trade_id=trade_NSE_NIFTYBANK_INDEX_Structural_v3.2_RVOL1.0_1788236705, candidate_id=cand_NSE_NIFTYBANK_INDEX_SWEEP_57227.53_20260901_095000_Structural_v3.2_RVOL1.0, payload={'price': 57361.15, 'sl': 57330.385714285716, 'tp': 57668.79285714286}
2026-09-01 09:55:15,028 - INFO - 📊 EXECUTION AUDIT [ORDER_FILLED]: trade_id=trade_NSE_NIFTYBANK_INDEX_Structural_v3.2_RVOL1.0_1788236705, candidate_id=cand_NSE_NIFTYBANK_INDEX_SWEEP_57227.53_20260901_095000_Structural_v3.2_RVOL1.0, payload={'price': 57361.15, 'sl': 57330.385714285716, 'tp': 57668.79285714286}
2026-09-01 09:55:15,039 - INFO - 💰 Position size [SWEEP|GAP_UP_HIGH_VOL|conf=70]: frac=0.002 → ₹5,000 (risk/unit=0.05%)
2026-09-01 09:55:15,064 - INFO - 🟢 ENTRY [Structural_v3.2_RVOL1.0|OL1.0_1788236705]: NSE:NIFTYBANK-INDEX BUY CALL @ 57361.15 | SL: 57330.39 TP: 57668.79
2026-09-01 09:55:15,064 - INFO - 🚀 SIGNAL: NSE:NIFTYBANK-INDEX BUY CALL | [Structural_v3.2_RVOL0.8]
2026-09-01 09:55:15,064 - INFO -    Entry: 57361.15 | SL: 57330.385714285716 | TP: 57668.79285714286 (RR: 10.0)
2026-09-01 09:55:15,064 - INFO - 📊 EXECUTION AUDIT [SIGNAL_GENERATED]: trade_id=trade_NSE_NIFTYBANK_INDEX_Structural_v3.2_RVOL0.8_1788236705, candidate_id=cand_NSE_NIFTYBANK_INDEX_SWEEP_57227.53_20260901_095000_Structural_v3.2_RVOL0.8, payload={'symbol': 'NSE:NIFTYBANK-INDEX', 'signal': 'BUY CALL', 'strategy': 'SWEEP', 'price': 57361.15, 'stop_loss': 57330.385714285716, 'take_profit': 57668.79285714286, 'tp1': 57407.296428571426, 'rr_ratio': 10.0, 'timestamp': '2026-09-01T09:50:00+05:30', 'accepted': True, 'rejection_reasons': [], 'features': {'date': '2026-09-01', 'strategy_name': 'Structural_v3', 'strategy_version': 'v3.2', 'feature_version': 'v1.1', 'market_regime': 'GAP_UP_HIGH_VOL', 'day_type': 'NORMAL_DAY', 'session_type': 'MID', 'daily_bias': 'NEUTRAL', 'hourly_bias': 'NEUTRAL', 'trend_strength': 0.0, 'rvol': 1.82, 'rvol_threshold': 0.8, 'atr': 61.53, 'distance_from_supply': 643.08, 'distance_from_demand': 133.62, 'nearest_supply_strength': 87.3, 'nearest_demand_strength': 67.7, 'distance_to_liquidity_pool': 133.6166666666686, 'liquidity_score': 18.2, 'indicator_snapshot': {'rvol_tod': 1.82, 'is_compressed': False, 'bos_count': 0}, 'move_efficiency': 0.085, 'wickiness': 0.5674, 'fft_score': 0.0, 'setup_type': 'SWEEP', 'candidate_id': 'cand_NSE_NIFTYBANK_INDEX_SWEEP_57227.53_20260901_095000', 'ema20': 57393.58, 'ema50': 57381.96, 'move_efficiency_h1': 0.0367, 'ema_bullish': True, 'rsi14': 39.36, 'rsi2': 82.94, 'distance_to_vwap': -0.0012, 'atr_percentile': 0.8815, 'dist_prev_high': -0.0019, 'dist_prev_low': 0.0021, 'adx': 14.83, 'adx_slope': -3.0585, 'gap_pct': 0.0045, 'regime_primary': 'GAP_UP', 'regime_vol_state': 'HIGH_VOL'}, 'candidate_id': 'cand_NSE_NIFTYBANK_INDEX_SWEEP_57227.53_20260901_095000_Structural_v3.2_RVOL0.8', 'experiment_name': 'Structural_v3.2_RVOL0.8', 'strategy_id': 'structural', 'version': 'v3.2'}
2026-09-01 09:55:15,091 - INFO - Resolved active expiry from DB: 26SEP (2026-09-29)
2026-09-01 09:55:15,106 - INFO - Resolved index signal into option contract: OptionContract(symbol='NSE:BANKNIFTY26SEP57400CE', strike=57400.0, expiry='26SEP', option_type='CE', premium=907.2, delta=0.5, bid=904.75, ask=907.6, volume=346800, resolved_at=datetime.datetime(2026, 9, 1, 9, 55, 15, 106093))
2026-09-01 09:55:15,106 - INFO - ⚡ Option strike selection resolved index signal to contract NSE:BANKNIFTY26SEP57400CE @ premium 907.2 (type: CE, strike: 57400.0)
2026-09-01 09:55:15,106 - INFO - 📊 EXECUTION AUDIT [STRIKE_SELECTED]: trade_id=trade_NSE_NIFTYBANK_INDEX_Structural_v3.2_RVOL0.8_1788236705, candidate_id=cand_NSE_NIFTYBANK_INDEX_SWEEP_57227.53_20260901_095000_Structural_v3.2_RVOL0.8, payload={'symbol': 'NSE:BANKNIFTY26SEP57400CE', 'strike': 57400.0, 'expiry': '26SEP', 'type': 'CE'}
2026-09-01 09:55:15,118 - INFO - 📊 EXECUTION AUDIT [PREMIUM_RETRIEVED]: trade_id=trade_NSE_NIFTYBANK_INDEX_Structural_v3.2_RVOL0.8_1788236705, candidate_id=cand_NSE_NIFTYBANK_INDEX_SWEEP_57227.53_20260901_095000_Structural_v3.2_RVOL0.8, payload={'premium': 907.2, 'bid': 904.75, 'ask': 907.6}
2026-09-01 09:55:15,129 - INFO - 📊 EXECUTION AUDIT [ORDER_SUBMITTED]: trade_id=trade_NSE_NIFTYBANK_INDEX_Structural_v3.2_RVOL0.8_1788236705, candidate_id=cand_NSE_NIFTYBANK_INDEX_SWEEP_57227.53_20260901_095000_Structural_v3.2_RVOL0.8, payload={'price': 57361.15, 'sl': 57330.385714285716, 'tp': 57668.79285714286}
2026-09-01 09:55:15,141 - INFO - 📊 EXECUTION AUDIT [ORDER_FILLED]: trade_id=trade_NSE_NIFTYBANK_INDEX_Structural_v3.2_RVOL0.8_1788236705, candidate_id=cand_NSE_NIFTYBANK_INDEX_SWEEP_57227.53_20260901_095000_Structural_v3.2_RVOL0.8, payload={'price': 57361.15, 'sl': 57330.385714285716, 'tp': 57668.79285714286}
2026-09-01 09:55:15,153 - INFO - 💰 Position size [SWEEP|GAP_UP_HIGH_VOL|conf=70]: frac=0.002 → ₹5,000 (risk/unit=0.05%)
2026-09-01 09:55:15,179 - INFO - 🟢 ENTRY [Structural_v3.2_RVOL0.8|OL0.8_1788236705]: NSE:NIFTYBANK-INDEX BUY CALL @ 57361.15 | SL: 57330.39 TP: 57668.79
2026-09-01 09:55:15,180 - INFO - 🧭 [Structural_v3.3_ExitMgmt] Regime router: NSE:NIFTYBANK-INDEX blocked from REAL capital (regime=GAP_UP_HIGH_VOL) — routed to CF
2026-09-01 09:55:15,180 - INFO - 👻 [Structural_v3.3_ExitMgmt] CF SWEEP NSE:NIFTYBANK-INDEX BUY CALL | Rejected: ['REGIME_MISMATCH']
2026-09-01 09:55:15,180 - INFO - 📊 EXECUTION AUDIT [SIGNAL_GENERATED]: trade_id=None, candidate_id=cand_NSE_NIFTYBANK_INDEX_SWEEP_57227.53_20260901_095000_Structural_v3.3_ExitMgmt, payload={'symbol': 'NSE:NIFTYBANK-INDEX', 'signal': 'BUY CALL', 'strategy': 'SWEEP', 'price': 57361.15, 'stop_loss': 57330.385714285716, 'take_profit': 57668.79285714286, 'tp1': 57407.296428571426, 'rr_ratio': 10.0, 'timestamp': '2026-09-01T09:50:00+05:30', 'accepted': True, 'rejection_reasons': ['REGIME_MISMATCH'], 'features': {'date': '2026-09-01', 'strategy_name': 'Structural_v3', 'strategy_version': 'v3.2', 'feature_version': 'v1.1', 'market_regime': 'GAP_UP_HIGH_VOL', 'day_type': 'NORMAL_DAY', 'session_type': 'MID', 'daily_bias': 'NEUTRAL', 'hourly_bias': 'NEUTRAL', 'trend_strength': 0.0, 'rvol': 1.82, 'rvol_threshold': 1.0, 'atr': 61.53, 'distance_from_supply': 643.08, 'distance_from_demand': 133.62, 'nearest_supply_strength': 87.3, 'nearest_demand_strength': 67.7, 'distance_to_liquidity_pool': 133.6166666666686, 'liquidity_score': 18.2, 'indicator_snapshot': {'rvol_tod': 1.82, 'is_compressed': False, 'bos_count': 0}, 'move_efficiency': 0.085, 'wickiness': 0.5674, 'fft_score': 0.0, 'setup_type': 'SWEEP', 'candidate_id': 'cand_NSE_NIFTYBANK_INDEX_SWEEP_57227.53_20260901_095000', 'ema20': 57393.58, 'ema50': 57381.96, 'move_efficiency_h1': 0.0367, 'ema_bullish': True, 'rsi14': 39.36, 'rsi2': 82.94, 'distance_to_vwap': -0.0012, 'atr_percentile': 0.8815, 'dist_prev_high': -0.0019, 'dist_prev_low': 0.0021, 'adx': 14.83, 'adx_slope': -3.0585, 'gap_pct': 0.0045, 'regime_primary': 'GAP_UP', 'regime_vol_state': 'HIGH_VOL'}, 'candidate_id': 'cand_NSE_NIFTYBANK_INDEX_SWEEP_57227.53_20260901_095000_Structural_v3.3_ExitMgmt', 'experiment_name': 'Structural_v3.3_ExitMgmt', 'strategy_id': 'structural', 'version': 'v3.2', 'regime_at_decision': 'GAP_UP_HIGH_VOL'}
2026-09-01 09:55:15,204 - INFO - Resolved active expiry from DB: 26SEP (2026-09-29)
2026-09-01 09:55:15,218 - INFO - Resolved index signal into option contract: OptionContract(symbol='NSE:BANKNIFTY26SEP57400CE', strike=57400.0, expiry='26SEP', option_type='CE', premium=907.2, delta=0.5, bid=904.75, ask=907.6, volume=346800, resolved_at=datetime.datetime(2026, 9, 1, 9, 55, 15, 218121))
2026-09-01 09:55:15,218 - INFO - ⚡ Option strike selection resolved index signal to contract NSE:BANKNIFTY26SEP57400CE @ premium 907.2 (type: CE, strike: 57400.0)
2026-09-01 09:55:15,218 - INFO - 📊 EXECUTION AUDIT [STRIKE_SELECTED]: trade_id=None, candidate_id=cand_NSE_NIFTYBANK_INDEX_SWEEP_57227.53_20260901_095000_Structural_v3.3_ExitMgmt, payload={'symbol': 'NSE:BANKNIFTY26SEP57400CE', 'strike': 57400.0, 'expiry': '26SEP', 'type': 'CE'}
2026-09-01 09:55:15,230 - INFO - 📊 EXECUTION AUDIT [PREMIUM_RETRIEVED]: trade_id=None, candidate_id=cand_NSE_NIFTYBANK_INDEX_SWEEP_57227.53_20260901_095000_Structural_v3.3_ExitMgmt, payload={'premium': 907.2, 'bid': 904.75, 'ask': 907.6}
2026-09-01 09:55:15,243 - INFO - 📊 EXECUTION AUDIT [CF_SUBMITTED]: trade_id=None, candidate_id=cand_NSE_NIFTYBANK_INDEX_SWEEP_57227.53_20260901_095000_Structural_v3.3_ExitMgmt, payload={'price': 57361.15, 'sl': 57330.385714285716, 'tp': 57668.79285714286}
2026-09-01 09:55:15,255 - INFO - 📊 EXECUTION AUDIT [CF_FILLED]: trade_id=None, candidate_id=cand_NSE_NIFTYBANK_INDEX_SWEEP_57227.53_20260901_095000_Structural_v3.3_ExitMgmt, payload={'price': 57361.15, 'sl': 57330.385714285716, 'tp': 57668.79285714286}
2026-09-01 09:55:15,267 - INFO - 💰 Position size [SWEEP|GAP_UP_HIGH_VOL|conf=70]: frac=0.002 → ₹5,000 (risk/unit=0.05%)
2026-09-01 09:55:15,295 - INFO - 🟢 ENTRY [CF|Structural_v3.3_ExitMgmt|ctural_v3.3_ExitMgmt]: NSE:NIFTYBANK-INDEX BUY CALL @ 57361.15 | SL: 57330.39 TP: 57668.79
2026-09-01 09:55:15,295 - INFO - 👻 [Butterfly_v1.0] CF COMBO BUTTERFLY_SPREAD NSE:NIFTYBANK-INDEX BUTTERFLY_SPREAD | Rejected: ['HIGH_RVOL', 'COOLDOWN_AFTER_LOSS']
2026-09-01 09:55:15,310 - INFO - Resolved active expiry from DB: 26SEP (2026-09-29)
2026-09-01 09:55:15,369 - INFO - Resolved BUTTERFLY_SPREAD for NSE:NIFTYBANK-INDEX: [('CE', 'BUY', 57200.0), ('CE', 'SELL', 57400.0), ('CE', 'SELL', 57400.0), ('CE', 'BUY', 57600.0)] net_premium=9.50 max_loss=9.50
2026-09-01 09:55:15,398 - INFO - 🟢 CF COMBO ENTRY [Butterfly_v1.0|95505_Butterfly_v1.0]: NSE:NIFTYBANK-INDEX BUTTERFLY_SPREAD | Net premium: 9.50 | Max loss: 9.50
2026-09-01 09:55:35,403 - INFO - ⏱️ [Real-time Exit Loop] Checking open positions @ 09:55:35...
2026-09-01 09:55:36,492 - INFO - 📊 EXECUTION AUDIT [SL_MODIFIED]: trade_id=trade_NSE_NIFTYBANK_INDEX_Structural_v3.2_RVOL1.0_1788236705, candidate_id=cand_NSE_NIFTYBANK_INDEX_SWEEP_57227.53_20260901_095000_Structural_v3.2_RVOL1.0, payload={'price': 57362.25, 'old_sl': 57330.385714285716, 'new_sl': 57331.485714285714, 'old_tp': None, 'new_tp': 57668.79285714286, 'reason': 'TRAILING_SL'}
2026-09-01 09:55:36,555 - INFO - 🟡 UPDATE (TRAILING_SL) [Structural_v3.2_RVOL1.0|uctural_v3.2_RVOL1.0]: NSE:NIFTYBANK-INDEX @ 57362.25 | SL→57331.49 TP→57668.79
2026-09-01 09:55:36,578 - INFO - 📊 EXECUTION AUDIT [SL_MODIFIED]: trade_id=trade_NSE_NIFTYBANK_INDEX_Structural_v3.2_RVOL0.8_1788236705, candidate_id=cand_NSE_NIFTYBANK_INDEX_SWEEP_57227.53_20260901_095000_Structural_v3.2_RVOL0.8, payload={'price': 57362.25, 'old_sl': 57330.385714285716, 'new_sl': 57331.485714285714, 'old_tp': None, 'new_tp': 57668.79285714286, 'reason': 'TRAILING_SL'}
2026-09-01 09:55:36,612 - INFO - 🟡 UPDATE (TRAILING_SL) [Structural_v3.2_RVOL0.8|uctural_v3.2_RVOL0.8]: NSE:NIFTYBANK-INDEX @ 57362.25 | SL→57331.49 TP→57668.79
2026-09-01 09:55:36,757 - INFO - 📊 Saved 22 snapshots for NSE:NIFTY50-INDEX  (oi range: 102,700–40,906,580)
2026-09-01 09:55:37,434 - INFO - 🔴 CF COMBO EXIT (STOP_R) [Butterfly_v1.0|95505_Butterfly_v1.0]: NSE:NIFTYBANK-INDEX BUTTERFLY_SPREAD | PnL -1.14R | 0min
2026-09-01 09:55:38,858 - INFO - 📡 Fetching NSE:NIFTYBANK-INDEX @ 57362  expiry=26SEP  strikes=ATM±5
2026-09-01 09:56:05,441 - INFO - ⏱️ [Real-time Exit Loop] Checking open positions @ 09:56:05...
2026-09-01 09:56:06,542 - INFO - 📊 EXECUTION AUDIT [SL_MODIFIED]: trade_id=trade_NSE_NIFTYBANK_INDEX_Structural_v3.2_RVOL1.0_1788236705, candidate_id=cand_NSE_NIFTYBANK_INDEX_SWEEP_57227.53_20260901_095000_Structural_v3.2_RVOL1.0, payload={'price': 57369.75, 'old_sl': 57331.485714285714, 'new_sl': 57338.985714285714, 'old_tp': None, 'new_tp': 57668.79285714286, 'reason': 'TRAILING_SL'}
2026-09-01 09:56:06,604 - INFO - 🟡 UPDATE (TRAILING_SL) [Structural_v3.2_RVOL1.0|uctural_v3.2_RVOL1.0]: NSE:NIFTYBANK-INDEX @ 57369.75 | SL→57338.99 TP→57668.79
2026-09-01 09:56:06,626 - INFO - 📊 EXECUTION AUDIT [SL_MODIFIED]: trade_id=trade_NSE_NIFTYBANK_INDEX_Structural_v3.2_RVOL0.8_1788236705, candidate_id=cand_NSE_NIFTYBANK_INDEX_SWEEP_57227.53_20260901_095000_Structural_v3.2_RVOL0.8, payload={'price': 57369.75, 'old_sl': 57331.485714285714, 'new_sl': 57338.985714285714, 'old_tp': None, 'new_tp': 57668.79285714286, 'reason': 'TRAILING_SL'}
2026-09-01 09:56:06,662 - INFO - 🟡 UPDATE (TRAILING_SL) [Structural_v3.2_RVOL0.8|uctural_v3.2_RVOL0.8]: NSE:NIFTYBANK-INDEX @ 57369.75 | SL→57338.99 TP→57668.79
2026-09-01 09:56:08,778 - INFO - 📊 Saved 22 snapshots for NSE:NIFTYBANK-INDEX  (oi range: 5,220–1,980,390)
2026-09-01 09:56:09,889 - INFO - 📡 Fetching NSE:NIFTY50-INDEX @ 24024  expiry=26901  strikes=ATM±5
2026-09-01 09:56:35,468 - INFO - ⏱️ [Real-time Exit Loop] Checking open positions @ 09:56:35...
2026-09-01 09:56:39,788 - INFO - 📊 Saved 22 snapshots for NSE:NIFTY50-INDEX  (oi range: 104,585–41,130,050)
2026-09-01 09:56:41,895 - INFO - 📡 Fetching NSE:NIFTYBANK-INDEX @ 57360  expiry=26SEP  strikes=ATM±5
2026-09-01 09:57:05,411 - INFO - ⏱️ [Real-time Exit Loop] Checking open positions @ 09:57:05...
2026-09-01 10:12:10,409 - INFO - 📊 Saved 22 snapshots for NSE:NIFTYBANK-INDEX  (oi range: 5,160–1,981,140)
2026-09-01 10:12:11,516 - INFO - 📡 Fetching NSE:NIFTY50-INDEX @ 24036  expiry=26901  strikes=ATM±5
2026-09-01 10:12:33,539 - INFO - 🔔 [New Candle Closed] Running entry pipeline for candle 10:10 at 10:12:33...
2026-09-01 10:12:33,539 - INFO - --- 10:12:33 Market Pulse ---
2026-09-01 10:12:38,668 - INFO - 📊 EXECUTION AUDIT [ORDER_EXITED]: trade_id=trade_NSE_NIFTYBANK_INDEX_Structural_v3.2_RVOL1.0_1788236705, candidate_id=cand_NSE_NIFTYBANK_INDEX_SWEEP_57227.53_20260901_095000_Structural_v3.2_RVOL1.0, payload={'exit_price': 57338.985714285714, 'exit_reason': 'TRAILING_SL', 'pnl_r': 0.001762891141472039, 'duration_minutes': 17.462899516666667, 'bars_held': 1}
2026-09-01 10:12:38,747 - INFO - 🔴 EXIT (TRAILING_SL) [Structural_v3.2_RVOL1.0|uctural_v3.2_RVOL1.0]: NSE:NIFTYBANK-INDEX @ 57338.99 | PnL +0.00R | MFE 1.30R | Capture 0% | 1bars HoldEff +0.002R/bar
2026-09-01 10:12:38,747 - INFO - 📊 EXECUTION AUDIT [ORDER_EXITED]: trade_id=trade_NSE_NIFTYBANK_INDEX_Structural_v3.2_RVOL0.8_1788236705, candidate_id=cand_NSE_NIFTYBANK_INDEX_SWEEP_57227.53_20260901_095000_Structural_v3.2_RVOL0.8, payload={'exit_price': 57338.985714285714, 'exit_reason': 'TRAILING_SL', 'pnl_r': 0.001762891141472039, 'duration_minutes': 17.462899516666667, 'bars_held': 1}
2026-09-01 10:12:38,799 - INFO - 🔴 EXIT (TRAILING_SL) [Structural_v3.2_RVOL0.8|uctural_v3.2_RVOL0.8]: NSE:NIFTYBANK-INDEX @ 57338.99 | PnL +0.00R | MFE 1.30R | Capture 0% | 1bars HoldEff +0.002R/bar
2026-09-01 10:12:39,663 - INFO - Retrieved live premium from Fyers API: LTP=44.6 for NSE:NIFTY2690124050PE
2026-09-01 10:12:40,675 - INFO - Retrieved live premium from Fyers API: LTP=10.25 for NSE:NIFTY2690123950PE
2026-09-01 10:12:41,680 - INFO - Retrieved live premium from Fyers API: LTP=33.5 for NSE:NIFTY2690124050CE
2026-09-01 10:12:42,693 - INFO - Retrieved live premium from Fyers API: LTP=44.6 for NSE:NIFTY2690124050PE
2026-09-01 10:12:43,005 - INFO - 📊 Saved 22 snapshots for NSE:NIFTY50-INDEX  (oi range: 737,620–44,345,145)
2026-09-01 10:12:43,697 - INFO - Retrieved live premium from Fyers API: LTP=8.95 for NSE:NIFTY2690124150CE
2026-09-01 10:12:44,681 - INFO - Retrieved live premium from Fyers API: LTP=912.0 for NSE:BANKNIFTY26SEP57400CE
2026-09-01 10:12:45,113 - INFO - 📡 Fetching NSE:NIFTYBANK-INDEX @ 57404  expiry=26SEP  strikes=ATM±5
2026-09-01 10:12:45,704 - INFO - Retrieved live premium from Fyers API: LTP=795.75 for NSE:BANKNIFTY26SEP57600CE
2026-09-01 10:12:46,875 - INFO - Retrieved live premium from Fyers API: LTP=912.0 for NSE:BANKNIFTY26SEP57400CE
2026-09-01 10:12:47,732 - INFO - Retrieved live premium from Fyers API: LTP=584.25 for NSE:BANKNIFTY26SEP57400PE
2026-09-01 10:12:48,728 - INFO - Retrieved live premium from Fyers API: LTP=797.05 for NSE:BANKNIFTY26SEP57600CE
2026-09-01 10:12:49,717 - INFO - Retrieved live premium from Fyers API: LTP=508.45 for NSE:BANKNIFTY26SEP57200PE
2026-09-01 10:12:50,758 - INFO - Retrieved live premium from Fyers API: LTP=545.4 for NSE:BANKNIFTY26SEP57300PE
2026-09-01 10:12:51,745 - INFO - Retrieved live premium from Fyers API: LTP=471.55 for NSE:BANKNIFTY26SEP57100PE
2026-09-01 10:12:52,756 - INFO - Retrieved live premium from Fyers API: LTP=853.8 for NSE:BANKNIFTY26SEP57500CE
2026-09-01 10:12:53,773 - INFO - Retrieved live premium from Fyers API: LTP=744.95 for NSE:BANKNIFTY26SEP57700CE
2026-09-01 10:12:54,759 - INFO - Retrieved live premium from Fyers API: LTP=584.25 for NSE:BANKNIFTY26SEP57400PE
2026-09-01 10:12:55,771 - INFO - Retrieved live premium from Fyers API: LTP=914.65 for NSE:BANKNIFTY26SEP57400CE
2026-09-01 10:12:56,776 - INFO - Retrieved live premium from Fyers API: LTP=439.45 for NSE:BANKNIFTY26SEP57000PE
2026-09-01 10:12:57,790 - INFO - Retrieved live premium from Fyers API: LTP=689.9 for NSE:BANKNIFTY26SEP57800CE
2026-09-01 10:12:58,808 - INFO - Retrieved live premium from Fyers API: LTP=545.75 for NSE:BANKNIFTY26SEP57300PE
2026-09-01 10:12:59,787 - INFO - Retrieved live premium from Fyers API: LTP=471.55 for NSE:BANKNIFTY26SEP57100PE
2026-09-01 10:13:00,806 - INFO - Retrieved live premium from Fyers API: LTP=853.75 for NSE:BANKNIFTY26SEP57500CE
2026-09-01 10:13:01,816 - INFO - Retrieved live premium from Fyers API: LTP=744.95 for NSE:BANKNIFTY26SEP57700CE
2026-09-01 10:13:03,560 - WARNING - ⚡ [OI_Scalping_v1.0] errors: ['INSUFFICIENT_ATM_DATA'] (0.0ms)
2026-09-01 10:13:03,572 - INFO - Resolved active expiry from DB: 26901 (2026-09-01)
2026-09-01 10:13:03,572 - INFO - 👻 [Structural_v3.2_RVOL1.0] CF BREAKOUT NSE:NIFTY50-INDEX BUY PUT | Rejected: ['BIAS_MISMATCH', 'LOW_EFFICIENCY', 'HIGH_WICKINESS']
2026-09-01 10:13:03,572 - INFO - 📊 EXECUTION AUDIT [SIGNAL_GENERATED]: trade_id=None, candidate_id=cand_NSE_NIFTY50_INDEX_BREAKOUT_24009.50_20260901_100500_Structural_v3.2_RVOL1.0, payload={'symbol': 'NSE:NIFTY50-INDEX', 'signal': 'BUY PUT', 'strategy': 'BREAKOUT', 'price': 24033.0, 'stop_loss': 24042.960714285713, 'take_profit': 23993.6, 'tp1': 24018.05892857143, 'rr_ratio': 3.96, 'timestamp': '2026-09-01T10:05:00+05:30', 'accepted': False, 'rejection_reasons': ['BIAS_MISMATCH', 'LOW_EFFICIENCY', 'HIGH_WICKINESS'], 'features': {'date': '2026-09-01', 'strategy_name': 'Structural_v3', 'strategy_version': 'v3.2', 'feature_version': 'v1.1', 'market_regime': 'RANGE_HIGH_VOL', 'day_type': 'NORMAL_DAY', 'session_type': 'MID', 'daily_bias': 'NEUTRAL', 'hourly_bias': 'NEUTRAL', 'trend_strength': 0.0, 'rvol': 1.94, 'rvol_threshold': 1.0, 'atr': 19.92, 'distance_from_supply': 345.6, 'distance_from_demand': 39.4, 'nearest_supply_strength': 102.1, 'nearest_demand_strength': 73.8, 'distance_to_liquidity_pool': 39.400000000001455, 'liquidity_score': 19.4, 'indicator_snapshot': {'rvol_tod': 1.94, 'is_compressed': True, 'bos_count': 0}, 'move_efficiency': 0.0667, 'wickiness': 0.6549, 'fft_score': 0.0, 'setup_type': 'BREAKOUT', 'candidate_id': 'cand_NSE_NIFTY50_INDEX_BREAKOUT_24009.50_20260901_100500', 'ema20': 24041.24, 'ema50': 24048.26, 'move_efficiency_h1': 0.0187, 'ema_bullish': False, 'rsi14': 35.13, 'rsi2': 50.0, 'distance_to_vwap': -0.0004, 'atr_percentile': 0.891, 'dist_prev_high': -0.004, 'dist_prev_low': -0.0006, 'adx': 12.49, 'adx_slope': -2.2563, 'gap_pct': 0.0009, 'regime_primary': 'RANGE', 'regime_vol_state': 'HIGH_VOL'}, 'candidate_id': 'cand_NSE_NIFTY50_INDEX_BREAKOUT_24009.50_20260901_100500_Structural_v3.2_RVOL1.0', 'experiment_name': 'Structural_v3.2_RVOL1.0', 'strategy_id': 'structural', 'version': 'v3.2'}
2026-09-01 10:13:03,595 - INFO - Resolved active expiry from DB: 26901 (2026-09-01)
2026-09-01 10:13:03,606 - INFO - Resolved index signal into option contract: OptionContract(symbol='NSE:NIFTY2690124050PE', strike=24050.0, expiry='26901', option_type='PE', premium=44.15, delta=0.5, bid=43.75, ask=43.9, volume=302561870, resolved_at=datetime.datetime(2026, 9, 1, 10, 13, 3, 606781))
2026-09-01 10:13:03,606 - INFO - ⚡ Option strike selection resolved index signal to contract NSE:NIFTY2690124050PE @ premium 44.15 (type: PE, strike: 24050.0)
2026-09-01 10:13:03,606 - INFO - 📊 EXECUTION AUDIT [STRIKE_SELECTED]: trade_id=None, candidate_id=cand_NSE_NIFTY50_INDEX_BREAKOUT_24009.50_20260901_100500_Structural_v3.2_RVOL1.0, payload={'symbol': 'NSE:NIFTY2690124050PE', 'strike': 24050.0, 'expiry': '26901', 'type': 'PE'}
2026-09-01 10:13:03,618 - INFO - 📊 EXECUTION AUDIT [PREMIUM_RETRIEVED]: trade_id=None, candidate_id=cand_NSE_NIFTY50_INDEX_BREAKOUT_24009.50_20260901_100500_Structural_v3.2_RVOL1.0, payload={'premium': 44.15, 'bid': 43.75, 'ask': 43.9}
2026-09-01 10:13:03,628 - INFO - 📊 EXECUTION AUDIT [CF_SUBMITTED]: trade_id=None, candidate_id=cand_NSE_NIFTY50_INDEX_BREAKOUT_24009.50_20260901_100500_Structural_v3.2_RVOL1.0, payload={'price': 24033.0, 'sl': 24042.960714285713, 'tp': 23993.6}
2026-09-01 10:13:03,639 - INFO - 📊 EXECUTION AUDIT [CF_FILLED]: trade_id=None, candidate_id=cand_NSE_NIFTY50_INDEX_BREAKOUT_24009.50_20260901_100500_Structural_v3.2_RVOL1.0, payload={'price': 24033.0, 'sl': 24042.960714285713, 'tp': 23993.6}
2026-09-01 10:13:03,650 - INFO - 💰 Position size [BREAKOUT|RANGE_HIGH_VOL|conf=70]: frac=0.003 → ₹5,000 (risk/unit=0.04%)
2026-09-01 10:13:03,671 - INFO - 🟢 ENTRY [CF|Structural_v3.2_RVOL1.0|uctural_v3.2_RVOL1.0]: NSE:NIFTY50-INDEX BUY PUT @ 24033.00 | SL: 24042.96 TP: 23993.60
2026-09-01 10:13:03,672 - INFO - 👻 [Structural_v3.2_RVOL0.8] CF BREAKOUT NSE:NIFTY50-INDEX BUY PUT | Rejected: ['BIAS_MISMATCH', 'LOW_EFFICIENCY', 'HIGH_WICKINESS']
2026-09-01 10:13:03,672 - INFO - 📊 EXECUTION AUDIT [SIGNAL_GENERATED]: trade_id=None, candidate_id=cand_NSE_NIFTY50_INDEX_BREAKOUT_24009.50_20260901_100500_Structural_v3.2_RVOL0.8, payload={'symbol': 'NSE:NIFTY50-INDEX', 'signal': 'BUY PUT', 'strategy': 'BREAKOUT', 'price': 24033.0, 'stop_loss': 24042.960714285713, 'take_profit': 23993.6, 'tp1': 24018.05892857143, 'rr_ratio': 3.96, 'timestamp': '2026-09-01T10:05:00+05:30', 'accepted': False, 'rejection_reasons': ['BIAS_MISMATCH', 'LOW_EFFICIENCY', 'HIGH_WICKINESS'], 'features': {'date': '2026-09-01', 'strategy_name': 'Structural_v3', 'strategy_version': 'v3.2', 'feature_version': 'v1.1', 'market_regime': 'RANGE_HIGH_VOL', 'day_type': 'NORMAL_DAY', 'session_type': 'MID', 'daily_bias': 'NEUTRAL', 'hourly_bias': 'NEUTRAL', 'trend_strength': 0.0, 'rvol': 1.94, 'rvol_threshold': 0.8, 'atr': 19.92, 'distance_from_supply': 345.6, 'distance_from_demand': 39.4, 'nearest_supply_strength': 102.1, 'nearest_demand_strength': 73.8, 'distance_to_liquidity_pool': 39.400000000001455, 'liquidity_score': 19.4, 'indicator_snapshot': {'rvol_tod': 1.94, 'is_compressed': True, 'bos_count': 0}, 'move_efficiency': 0.0667, 'wickiness': 0.6549, 'fft_score': 0.0, 'setup_type': 'BREAKOUT', 'candidate_id': 'cand_NSE_NIFTY50_INDEX_BREAKOUT_24009.50_20260901_100500', 'ema20': 24041.24, 'ema50': 24048.26, 'move_efficiency_h1': 0.0187, 'ema_bullish': False, 'rsi14': 35.13, 'rsi2': 50.0, 'distance_to_vwap': -0.0004, 'atr_percentile': 0.891, 'dist_prev_high': -0.004, 'dist_prev_low': -0.0006, 'adx': 12.49, 'adx_slope': -2.2563, 'gap_pct': 0.0009, 'regime_primary': 'RANGE', 'regime_vol_state': 'HIGH_VOL'}, 'candidate_id': 'cand_NSE_NIFTY50_INDEX_BREAKOUT_24009.50_20260901_100500_Structural_v3.2_RVOL0.8', 'experiment_name': 'Structural_v3.2_RVOL0.8', 'strategy_id': 'structural', 'version': 'v3.2'}
2026-09-01 10:13:03,696 - INFO - Resolved active expiry from DB: 26901 (2026-09-01)
2026-09-01 10:13:03,710 - INFO - Resolved index signal into option contract: OptionContract(symbol='NSE:NIFTY2690124050PE', strike=24050.0, expiry='26901', option_type='PE', premium=44.15, delta=0.5, bid=43.75, ask=43.9, volume=302561870, resolved_at=datetime.datetime(2026, 9, 1, 10, 13, 3, 709971))
2026-09-01 10:13:03,710 - INFO - ⚡ Option strike selection resolved index signal to contract NSE:NIFTY2690124050PE @ premium 44.15 (type: PE, strike: 24050.0)
2026-09-01 10:13:03,710 - INFO - 📊 EXECUTION AUDIT [STRIKE_SELECTED]: trade_id=None, candidate_id=cand_NSE_NIFTY50_INDEX_BREAKOUT_24009.50_20260901_100500_Structural_v3.2_RVOL0.8, payload={'symbol': 'NSE:NIFTY2690124050PE', 'strike': 24050.0, 'expiry': '26901', 'type': 'PE'}
2026-09-01 10:13:03,721 - INFO - 📊 EXECUTION AUDIT [PREMIUM_RETRIEVED]: trade_id=None, candidate_id=cand_NSE_NIFTY50_INDEX_BREAKOUT_24009.50_20260901_100500_Structural_v3.2_RVOL0.8, payload={'premium': 44.15, 'bid': 43.75, 'ask': 43.9}
2026-09-01 10:13:03,732 - INFO - 📊 EXECUTION AUDIT [CF_SUBMITTED]: trade_id=None, candidate_id=cand_NSE_NIFTY50_INDEX_BREAKOUT_24009.50_20260901_100500_Structural_v3.2_RVOL0.8, payload={'price': 24033.0, 'sl': 24042.960714285713, 'tp': 23993.6}
2026-09-01 10:13:03,745 - INFO - 📊 EXECUTION AUDIT [CF_FILLED]: trade_id=None, candidate_id=cand_NSE_NIFTY50_INDEX_BREAKOUT_24009.50_20260901_100500_Structural_v3.2_RVOL0.8, payload={'price': 24033.0, 'sl': 24042.960714285713, 'tp': 23993.6}
2026-09-01 10:13:03,757 - INFO - 💰 Position size [BREAKOUT|RANGE_HIGH_VOL|conf=70]: frac=0.003 → ₹5,000 (risk/unit=0.04%)
2026-09-01 10:13:03,780 - INFO - 🟢 ENTRY [CF|Structural_v3.2_RVOL0.8|uctural_v3.2_RVOL0.8]: NSE:NIFTY50-INDEX BUY PUT @ 24033.00 | SL: 24042.96 TP: 23993.60
2026-09-01 10:13:03,780 - INFO - 👻 [Structural_v3.3_ExitMgmt] CF BREAKOUT NSE:NIFTY50-INDEX BUY PUT | Rejected: ['BIAS_MISMATCH', 'LOW_EFFICIENCY', 'HIGH_WICKINESS']
2026-09-01 10:13:03,781 - INFO - 📊 EXECUTION AUDIT [SIGNAL_GENERATED]: trade_id=None, candidate_id=cand_NSE_NIFTY50_INDEX_BREAKOUT_24009.50_20260901_100500_Structural_v3.3_ExitMgmt, payload={'symbol': 'NSE:NIFTY50-INDEX', 'signal': 'BUY PUT', 'strategy': 'BREAKOUT', 'price': 24033.0, 'stop_loss': 24042.960714285713, 'take_profit': 23993.6, 'tp1': 24018.05892857143, 'rr_ratio': 3.96, 'timestamp': '2026-09-01T10:05:00+05:30', 'accepted': False, 'rejection_reasons': ['BIAS_MISMATCH', 'LOW_EFFICIENCY', 'HIGH_WICKINESS'], 'features': {'date': '2026-09-01', 'strategy_name': 'Structural_v3', 'strategy_version': 'v3.2', 'feature_version': 'v1.1', 'market_regime': 'RANGE_HIGH_VOL', 'day_type': 'NORMAL_DAY', 'session_type': 'MID', 'daily_bias': 'NEUTRAL', 'hourly_bias': 'NEUTRAL', 'trend_strength': 0.0, 'rvol': 1.94, 'rvol_threshold': 1.0, 'atr': 19.92, 'distance_from_supply': 345.6, 'distance_from_demand': 39.4, 'nearest_supply_strength': 102.1, 'nearest_demand_strength': 73.8, 'distance_to_liquidity_pool': 39.400000000001455, 'liquidity_score': 19.4, 'indicator_snapshot': {'rvol_tod': 1.94, 'is_compressed': True, 'bos_count': 0}, 'move_efficiency': 0.0667, 'wickiness': 0.6549, 'fft_score': 0.0, 'setup_type': 'BREAKOUT', 'candidate_id': 'cand_NSE_NIFTY50_INDEX_BREAKOUT_24009.50_20260901_100500', 'ema20': 24041.24, 'ema50': 24048.26, 'move_efficiency_h1': 0.0187, 'ema_bullish': False, 'rsi14': 35.13, 'rsi2': 50.0, 'distance_to_vwap': -0.0004, 'atr_percentile': 0.891, 'dist_prev_high': -0.004, 'dist_prev_low': -0.0006, 'adx': 12.49, 'adx_slope': -2.2563, 'gap_pct': 0.0009, 'regime_primary': 'RANGE', 'regime_vol_state': 'HIGH_VOL'}, 'candidate_id': 'cand_NSE_NIFTY50_INDEX_BREAKOUT_24009.50_20260901_100500_Structural_v3.3_ExitMgmt', 'experiment_name': 'Structural_v3.3_ExitMgmt', 'strategy_id': 'structural', 'version': 'v3.2'}
2026-09-01 10:13:03,803 - INFO - Resolved active expiry from DB: 26901 (2026-09-01)
2026-09-01 10:13:03,817 - INFO - Resolved index signal into option contract: OptionContract(symbol='NSE:NIFTY2690124050PE', strike=24050.0, expiry='26901', option_type='PE', premium=44.15, delta=0.5, bid=43.75, ask=43.9, volume=302561870, resolved_at=datetime.datetime(2026, 9, 1, 10, 13, 3, 817153))
2026-09-01 10:13:03,817 - INFO - ⚡ Option strike selection resolved index signal to contract NSE:NIFTY2690124050PE @ premium 44.15 (type: PE, strike: 24050.0)
2026-09-01 10:13:03,817 - INFO - 📊 EXECUTION AUDIT [STRIKE_SELECTED]: trade_id=None, candidate_id=cand_NSE_NIFTY50_INDEX_BREAKOUT_24009.50_20260901_100500_Structural_v3.3_ExitMgmt, payload={'symbol': 'NSE:NIFTY2690124050PE', 'strike': 24050.0, 'expiry': '26901', 'type': 'PE'}
2026-09-01 10:13:03,829 - INFO - 📊 EXECUTION AUDIT [PREMIUM_RETRIEVED]: trade_id=None, candidate_id=cand_NSE_NIFTY50_INDEX_BREAKOUT_24009.50_20260901_100500_Structural_v3.3_ExitMgmt, payload={'premium': 44.15, 'bid': 43.75, 'ask': 43.9}
2026-09-01 10:13:03,840 - INFO - 📊 EXECUTION AUDIT [CF_SUBMITTED]: trade_id=None, candidate_id=cand_NSE_NIFTY50_INDEX_BREAKOUT_24009.50_20260901_100500_Structural_v3.3_ExitMgmt, payload={'price': 24033.0, 'sl': 24042.960714285713, 'tp': 23993.6}
2026-09-01 10:13:03,852 - INFO - 📊 EXECUTION AUDIT [CF_FILLED]: trade_id=None, candidate_id=cand_NSE_NIFTY50_INDEX_BREAKOUT_24009.50_20260901_100500_Structural_v3.3_ExitMgmt, payload={'price': 24033.0, 'sl': 24042.960714285713, 'tp': 23993.6}
2026-09-01 10:13:03,863 - INFO - 💰 Position size [BREAKOUT|RANGE_HIGH_VOL|conf=70]: frac=0.003 → ₹5,000 (risk/unit=0.04%)
2026-09-01 10:13:03,887 - INFO - 🟢 ENTRY [CF|Structural_v3.3_ExitMgmt|ctural_v3.3_ExitMgmt]: NSE:NIFTY50-INDEX BUY PUT @ 24033.00 | SL: 24042.96 TP: 23993.60
2026-09-01 10:13:03,887 - WARNING - ⚡ [OI_Scalping_v1.0] errors: ['INSUFFICIENT_ATM_DATA']
2026-09-01 10:13:05,528 - WARNING - ⚡ [CreditSpread_v1.0_PCRFade] errors: ['OPTIONS_DATA_STALE'] (0.0ms)
2026-09-01 10:13:05,528 - WARNING - ⚡ [OIWallReaction_v1.0] errors: ['OPTIONS_DATA_STALE'] (0.0ms)
2026-09-01 10:13:05,528 - WARNING - ⚡ [PCRExtremeReversal_v1.0] errors: ['OPTIONS_DATA_STALE'] (0.0ms)
2026-09-01 10:13:05,528 - WARNING - ⚡ [OI_Scalping_v1.0] errors: ['INSUFFICIENT_OI_DATA'] (0.0ms)
2026-09-01 10:13:05,542 - INFO - Resolved active expiry from DB: 26SEP (2026-09-29)
2026-09-01 10:13:05,543 - INFO - 👻 [Geometry_v1.0_Score35] CF TRENDLINE_RETEST NSE:NIFTYBANK-INDEX BUY PUT | Rejected: ['LOW_RR:-0.34']
2026-09-01 10:13:05,543 - INFO - 📊 EXECUTION AUDIT [SIGNAL_GENERATED]: trade_id=None, candidate_id=cand_NSE_NIFTYBANK_INDEX_TRENDLINE_RETEST_57369.05_202609011012_Geometry_v1.0_Score35, payload={'symbol': 'NSE:NIFTYBANK-INDEX', 'candidate_id': 'cand_NSE_NIFTYBANK_INDEX_TRENDLINE_RETEST_57369.05_202609011012_Geometry_v1.0_Score35', 'experiment_name': 'Geometry_v1.0_Score35', 'strategy_id': 'geometry', 'version': 'v1.0', 'signal': 'BUY PUT', 'strategy': 'TRENDLINE_RETEST', 'price': 57369.05, 'stop_loss': 57406.79, 'take_profit': 57381.93, 'tp1': 57312.45, 'rr_ratio': -0.34, 'timestamp': '2026-09-01T10:12:33.539723+05:30', 'zone_band_low': None, 'zone_band_high': None, 'zone_direction': None, 'zone_component_count': 0, 'accepted': False, 'rejection_reasons': ['LOW_RR:-0.34'], 'stop_loss_distance': 37.74, 'atr': 62.91, 'confidence': 0.716, 'diagnostics': {'trendline_id': 'tl_39dbc6949016e89f', 'trendline_confidence': 0.779, 'trendline_r2': 0.997, 'trendline_touches': 18, 'trendline_price_at_now': 57320.66, 'dist_pct': 0.00084, 'narrative_bias': 'CONTINUATION', 'bias_confidence': 0.6}, 'features': {'regime_primary': 'GAP_UP', 'regime_vol_state': 'HIGH_VOL', 'market_regime': 'GAP_UP_HIGH_VOL'}}
2026-09-01 10:13:05,563 - INFO - Resolved active expiry from DB: 26SEP (2026-09-29)
2026-09-01 10:13:05,670 - INFO - Retrieved live premium from Fyers API: LTP=584.0 for NSE:BANKNIFTY26SEP57400PE
2026-09-01 10:13:05,671 - INFO - Resolved index signal into option contract: OptionContract(symbol='NSE:BANKNIFTY26SEP57400PE', strike=57400.0, expiry='26SEP', option_type='PE', premium=584.0, delta=0.5, bid=583.3, ask=584.9, volume=479220, resolved_at=datetime.datetime(2026, 9, 1, 10, 13, 5, 670973))
2026-09-01 10:13:05,671 - INFO - ⚡ Option strike selection resolved index signal to contract NSE:BANKNIFTY26SEP57400PE @ premium 584.0 (type: PE, strike: 57400.0)
2026-09-01 10:13:05,671 - INFO - 📊 EXECUTION AUDIT [STRIKE_SELECTED]: trade_id=None, candidate_id=cand_NSE_NIFTYBANK_INDEX_TRENDLINE_RETEST_57369.05_202609011012_Geometry_v1.0_Score35, payload={'symbol': 'NSE:BANKNIFTY26SEP57400PE', 'strike': 57400.0, 'expiry': '26SEP', 'type': 'PE'}
2026-09-01 10:13:05,687 - INFO - 📊 EXECUTION AUDIT [PREMIUM_RETRIEVED]: trade_id=None, candidate_id=cand_NSE_NIFTYBANK_INDEX_TRENDLINE_RETEST_57369.05_202609011012_Geometry_v1.0_Score35, payload={'premium': 584.0, 'bid': 583.3, 'ask': 584.9}
2026-09-01 10:13:05,702 - INFO - 📊 EXECUTION AUDIT [CF_SUBMITTED]: trade_id=None, candidate_id=cand_NSE_NIFTYBANK_INDEX_TRENDLINE_RETEST_57369.05_202609011012_Geometry_v1.0_Score35, payload={'price': 57369.05, 'sl': 57406.79, 'tp': 57381.93}
2026-09-01 10:13:05,717 - INFO - 📊 EXECUTION AUDIT [CF_FILLED]: trade_id=None, candidate_id=cand_NSE_NIFTYBANK_INDEX_TRENDLINE_RETEST_57369.05_202609011012_Geometry_v1.0_Score35, payload={'price': 57369.05, 'sl': 57406.79, 'tp': 57381.93}
2026-09-01 10:13:05,731 - INFO - 💰 Position size [TRENDLINE_RETEST|GAP_UP_HIGH_VOL|conf=1]: frac=0.002 → ₹5,000 (risk/unit=0.07%)
2026-09-01 10:13:05,761 - INFO - 🟢 ENTRY [CF|Geometry_v1.0_Score35|eometry_v1.0_Score35]: NSE:NIFTYBANK-INDEX BUY PUT @ 57369.05 | SL: 57406.79 TP: 57381.93
2026-09-01 10:13:05,762 - INFO - 👻 [Geometry_v1.0_Score50] CF TRENDLINE_RETEST NSE:NIFTYBANK-INDEX BUY PUT | Rejected: ['LOW_RR:-0.34']
2026-09-01 10:13:05,762 - INFO - 📊 EXECUTION AUDIT [SIGNAL_GENERATED]: trade_id=None, candidate_id=cand_NSE_NIFTYBANK_INDEX_TRENDLINE_RETEST_57369.05_202609011012_Geometry_v1.0_Score50, payload={'symbol': 'NSE:NIFTYBANK-INDEX', 'candidate_id': 'cand_NSE_NIFTYBANK_INDEX_TRENDLINE_RETEST_57369.05_202609011012_Geometry_v1.0_Score50', 'experiment_name': 'Geometry_v1.0_Score50', 'strategy_id': 'geometry', 'version': 'v1.0', 'signal': 'BUY PUT', 'strategy': 'TRENDLINE_RETEST', 'price': 57369.05, 'stop_loss': 57406.79, 'take_profit': 57381.93, 'tp1': 57312.45, 'rr_ratio': -0.34, 'timestamp': '2026-09-01T10:12:33.539723+05:30', 'zone_band_low': None, 'zone_band_high': None, 'zone_direction': None, 'zone_component_count': 0, 'accepted': False, 'rejection_reasons': ['LOW_RR:-0.34'], 'stop_loss_distance': 37.74, 'atr': 62.91, 'confidence': 0.716, 'diagnostics': {'trendline_id': 'tl_39dbc6949016e89f', 'trendline_confidence': 0.779, 'trendline_r2': 0.997, 'trendline_touches': 18, 'trendline_price_at_now': 57320.66, 'dist_pct': 0.00084, 'narrative_bias': 'CONTINUATION', 'bias_confidence': 0.6}, 'features': {'regime_primary': 'GAP_UP', 'regime_vol_state': 'HIGH_VOL', 'market_regime': 'GAP_UP_HIGH_VOL'}}
2026-09-01 10:13:05,791 - INFO - Resolved active expiry from DB: 26SEP (2026-09-29)
2026-09-01 10:13:06,846 - INFO - Retrieved live premium from Fyers API: LTP=585.15 for NSE:BANKNIFTY26SEP57400PE
2026-09-01 10:13:06,847 - INFO - Resolved index signal into option contract: OptionContract(symbol='NSE:BANKNIFTY26SEP57400PE', strike=57400.0, expiry='26SEP', option_type='PE', premium=585.15, delta=0.5, bid=583.6, ask=585.25, volume=479430, resolved_at=datetime.datetime(2026, 9, 1, 10, 13, 6, 847246))
2026-09-01 10:13:06,847 - INFO - ⚡ Option strike selection resolved index signal to contract NSE:BANKNIFTY26SEP57400PE @ premium 585.15 (type: PE, strike: 57400.0)
2026-09-01 10:13:06,848 - INFO - 📊 EXECUTION AUDIT [STRIKE_SELECTED]: trade_id=None, candidate_id=cand_NSE_NIFTYBANK_INDEX_TRENDLINE_RETEST_57369.05_202609011012_Geometry_v1.0_Score50, payload={'symbol': 'NSE:BANKNIFTY26SEP57400PE', 'strike': 57400.0, 'expiry': '26SEP', 'type': 'PE'}
2026-09-01 10:13:06,880 - INFO - 📊 EXECUTION AUDIT [PREMIUM_RETRIEVED]: trade_id=None, candidate_id=cand_NSE_NIFTYBANK_INDEX_TRENDLINE_RETEST_57369.05_202609011012_Geometry_v1.0_Score50, payload={'premium': 585.15, 'bid': 583.6, 'ask': 585.25}
2026-09-01 10:13:06,902 - INFO - 📊 EXECUTION AUDIT [CF_SUBMITTED]: trade_id=None, candidate_id=cand_NSE_NIFTYBANK_INDEX_TRENDLINE_RETEST_57369.05_202609011012_Geometry_v1.0_Score50, payload={'price': 57369.05, 'sl': 57406.79, 'tp': 57381.93}
2026-09-01 10:13:06,923 - INFO - 📊 EXECUTION AUDIT [CF_FILLED]: trade_id=None, candidate_id=cand_NSE_NIFTYBANK_INDEX_TRENDLINE_RETEST_57369.05_202609011012_Geometry_v1.0_Score50, payload={'price': 57369.05, 'sl': 57406.79, 'tp': 57381.93}
2026-09-01 10:13:06,941 - INFO - 💰 Position size [TRENDLINE_RETEST|GAP_UP_HIGH_VOL|conf=1]: frac=0.002 → ₹5,000 (risk/unit=0.07%)
2026-09-01 10:13:06,973 - INFO - 🟢 ENTRY [CF|Geometry_v1.0_Score50|eometry_v1.0_Score50]: NSE:NIFTYBANK-INDEX BUY PUT @ 57369.05 | SL: 57406.79 TP: 57381.93
2026-09-01 10:13:06,973 - WARNING - ⚡ [CreditSpread_v1.0_PCRFade] errors: ['OPTIONS_DATA_STALE']
2026-09-01 10:13:06,973 - WARNING - ⚡ [OIWallReaction_v1.0] errors: ['OPTIONS_DATA_STALE']
2026-09-01 10:13:06,973 - WARNING - ⚡ [PCRExtremeReversal_v1.0] errors: ['OPTIONS_DATA_STALE']
2026-09-01 10:13:06,974 - INFO - 👻 [Butterfly_v1.0] CF COMBO BUTTERFLY_SPREAD NSE:NIFTYBANK-INDEX BUTTERFLY_SPREAD | Rejected: ['HIGH_RVOL', 'COOLDOWN_AFTER_LOSS']
2026-09-01 10:13:06,989 - INFO - Resolved active expiry from DB: 26SEP (2026-09-29)
2026-09-01 10:13:07,693 - INFO - Retrieved live premium from Fyers API: LTP=1035.0 for NSE:BANKNIFTY26SEP57200CE
2026-09-01 10:13:08,690 - INFO - Retrieved live premium from Fyers API: LTP=914.65 for NSE:BANKNIFTY26SEP57400CE
2026-09-01 10:13:09,701 - INFO - Retrieved live premium from Fyers API: LTP=914.65 for NSE:BANKNIFTY26SEP57400CE
2026-09-01 10:13:10,719 - INFO - Retrieved live premium from Fyers API: LTP=797.05 for NSE:BANKNIFTY26SEP57600CE
2026-09-01 10:13:10,720 - INFO - Resolved BUTTERFLY_SPREAD for NSE:NIFTYBANK-INDEX: [('CE', 'BUY', 57200.0), ('CE', 'SELL', 57400.0), ('CE', 'SELL', 57400.0), ('CE', 'BUY', 57600.0)] net_premium=11.65 max_loss=11.65
2026-09-01 10:13:10,775 - INFO - 🟢 CF COMBO ENTRY [Butterfly_v1.0|01233_Butterfly_v1.0]: NSE:NIFTYBANK-INDEX BUTTERFLY_SPREAD | Net premium: 11.65 | Max loss: 11.65
2026-09-01 10:13:10,776 - WARNING - ⚡ [OI_Scalping_v1.0] errors: ['INSUFFICIENT_OI_DATA']
2026-09-01 10:13:15,413 - INFO - 📊 Saved 22 snapshots for NSE:NIFTYBANK-INDEX  (oi range: 5,640–1,983,150)
2026-09-01 10:13:16,519 - INFO - 📡 Fetching NSE:NIFTY50-INDEX @ 24036  expiry=26901  strikes=ATM±5
2026-09-01 10:13:35,776 - INFO - ⏱️ [Real-time Exit Loop] Checking open positions @ 10:13:35...
2026-09-01 10:13:37,754 - INFO - 🔴 CF COMBO EXIT (STOP_R) [Butterfly_v1.0|01233_Butterfly_v1.0]: NSE:NIFTYBANK-INDEX BUTTERFLY_SPREAD | PnL -0.98R | 1min
2026-09-01 10:13:46,472 - INFO - 📊 Saved 22 snapshots for NSE:NIFTY50-INDEX  (oi range: 716,170–44,272,345)
2026-09-01 10:13:48,593 - INFO - 📡 Fetching NSE:NIFTYBANK-INDEX @ 57393  expiry=26SEP  strikes=ATM±5
2026-09-01 10:14:05,764 - INFO - ⏱️ [Real-time Exit Loop] Checking open positions @ 10:14:05...
2026-09-01 10:14:18,409 - INFO - 📊 Saved 22 snapshots for NSE:NIFTYBANK-INDEX  (oi range: 5,580–1,982,850)
2026-09-01 10:14:19,514 - INFO - 📡 Fetching NSE:NIFTY50-INDEX @ 24039  expiry=26901  strikes=ATM±5
2026-09-01 10:14:35,708 - INFO - ⏱️ [Real-time Exit Loop] Checking open positions @ 10:14:35...
2026-09-01 10:14:36,803 - INFO - 📊 EXECUTION AUDIT [CF_EXITED]: trade_id=None, candidate_id=cand_NSE_NIFTYBANK_INDEX_TRENDLINE_RETEST_57369.05_202609011012_Geometry_v1.0_Score35, payload={'exit_price': 57407.05, 'exit_reason': 'INITIAL_SL', 'pnl_r': -0.025816378868182634, 'duration_minutes': 2.036146, 'bars_held': 0}
2026-09-01 10:14:36,867 - INFO - 🔴 EXIT (INITIAL_SL) [CFGeometry_v1.0_Score35|eometry_v1.0_Score35]: NSE:NIFTYBANK-INDEX @ 57407.05 | PnL -0.03R | MFE 0.00R | Capture N/A | 0bars HoldEff -0.026R/bar
2026-09-01 10:14:36,867 - INFO - 📊 EXECUTION AUDIT [CF_EXITED]: trade_id=None, candidate_id=cand_NSE_NIFTYBANK_INDEX_TRENDLINE_RETEST_57369.05_202609011012_Geometry_v1.0_Score50, payload={'exit_price': 57407.05, 'exit_reason': 'INITIAL_SL', 'pnl_r': -0.026398974797095336, 'duration_minutes': 2.036146, 'bars_held': 0}
2026-09-01 10:14:36,910 - INFO - 🔴 EXIT (INITIAL_SL) [CFGeometry_v1.0_Score50|eometry_v1.0_Score50]: NSE:NIFTYBANK-INDEX @ 57407.05 | PnL -0.03R | MFE 0.00R | Capture N/A | 0bars HoldEff -0.026R/bar
2026-09-01 10:14:49,360 - INFO - 📊 Saved 22 snapshots for NSE:NIFTY50-INDEX  (oi range: 698,165–44,617,755)
2026-09-01 10:14:51,471 - INFO - 📡 Fetching NSE:NIFTYBANK-INDEX @ 57415  expiry=26SEP  strikes=ATM±5
2026-09-01 10:30:03,948 - INFO - ⏱️ [Real-time Exit Loop] Checking open positions @ 10:30:03...
2026-09-01 10:30:05,062 - INFO - 📊 EXECUTION AUDIT [CF_EXITED]: trade_id=None, candidate_id=cand_NSE_NIFTY50_INDEX_CPR_24040.85_20260901_094235_CPR_v1.0, payload={'exit_price': 24062.2, 'exit_reason': 'TRAILING_SL', 'pnl_r': -0.2573170731707317, 'duration_minutes': 47.46784936666666, 'bars_held': 4}
2026-09-01 10:30:05,129 - INFO - 🔴 EXIT (TRAILING_SL) [CFCPR_v1.0|0901_094235_CPR_v1.0]: NSE:NIFTY50-INDEX @ 24062.20 | PnL -0.26R | MFE 0.97R | Capture -26% | 4bars HoldEff -0.064R/bar
2026-09-01 10:30:05,129 - INFO - 📊 EXECUTION AUDIT [CF_EXITED]: trade_id=None, candidate_id=cand_NSE_NIFTYBANK_INDEX_LIQUIDITY_SWEEP_57355.55_20260901_094505_OrderFlow_v1.0, payload={'exit_price': 57463.45, 'exit_reason': 'TRAILING_SL', 'pnl_r': -0.0665266694666107, 'duration_minutes': 44.974176433333334, 'bars_held': 3}
2026-09-01 10:30:05,170 - INFO - 🔴 EXIT (TRAILING_SL) [CFOrderFlow_v1.0|94505_OrderFlow_v1.0]: NSE:NIFTYBANK-INDEX @ 57463.45 | PnL -0.07R | MFE 0.23R | Capture -29% | 3bars HoldEff -0.022R/bar
2026-09-01 10:30:05,171 - INFO - 📊 EXECUTION AUDIT [CF_SL_MODIFIED]: trade_id=None, candidate_id=cand_NSE_NIFTYBANK_INDEX_BREAKOUT_57572.70_20260901_094500_Structural_v3.3_ExitMgmt, payload={'price': 57463.45, 'old_sl': 57332.09642857143, 'new_sl': 57369.085, 'old_tp': None, 'new_tp': 57667.635714285716, 'reason': 'TRAILING_SL'}
2026-09-01 10:30:05,204 - INFO - 🟡 UPDATE (TRAILING_SL) [CFStructural_v3.3_ExitMgmt|ctural_v3.3_ExitMgmt]: NSE:NIFTYBANK-INDEX @ 57463.45 | SL→57369.08 TP→57667.64
2026-09-01 10:30:05,204 - INFO - 📊 EXECUTION AUDIT [CF_SL_MODIFIED]: trade_id=None, candidate_id=cand_NSE_NIFTYBANK_INDEX_SWEEP_57227.53_20260901_095000_Structural_v3.3_ExitMgmt, payload={'price': 57463.45, 'old_sl': 57330.385714285716, 'new_sl': 57369.085, 'old_tp': None, 'new_tp': 57668.79285714286, 'reason': 'TRAILING_SL'}
2026-09-01 10:30:05,236 - INFO - 🟡 UPDATE (TRAILING_SL) [CFStructural_v3.3_ExitMgmt|ctural_v3.3_ExitMgmt]: NSE:NIFTYBANK-INDEX @ 57463.45 | SL→57369.08 TP→57668.79
2026-09-01 10:30:05,236 - INFO - 📊 EXECUTION AUDIT [CF_EXITED]: trade_id=None, candidate_id=cand_NSE_NIFTY50_INDEX_BREAKOUT_24009.50_20260901_100500_Structural_v3.2_RVOL1.0, payload={'exit_price': 24062.2, 'exit_reason': 'INITIAL_SL', 'pnl_r': -0.30637813211845105, 'duration_minutes': 17.506805083333333, 'bars_held': 0}
2026-09-01 10:30:05,269 - INFO - 🔴 EXIT (INITIAL_SL) [CFStructural_v3.2_RVOL1.0|uctural_v3.2_RVOL1.0]: NSE:NIFTY50-INDEX @ 24062.20 | PnL -0.31R | MFE 0.00R | Capture N/A | 0bars HoldEff -0.306R/bar
2026-09-01 10:30:05,270 - INFO - 📊 EXECUTION AUDIT [CF_EXITED]: trade_id=None, candidate_id=cand_NSE_NIFTY50_INDEX_BREAKOUT_24009.50_20260901_100500_Structural_v3.2_RVOL0.8, payload={'exit_price': 24062.2, 'exit_reason': 'INITIAL_SL', 'pnl_r': -0.30637813211845105, 'duration_minutes': 17.506805083333333, 'bars_held': 0}
2026-09-01 10:30:05,302 - INFO - 🔴 EXIT (INITIAL_SL) [CFStructural_v3.2_RVOL0.8|uctural_v3.2_RVOL0.8]: NSE:NIFTY50-INDEX @ 24062.20 | PnL -0.31R | MFE 0.00R | Capture N/A | 0bars HoldEff -0.306R/bar
2026-09-01 10:30:05,302 - INFO - 📊 EXECUTION AUDIT [CF_EXITED]: trade_id=None, candidate_id=cand_NSE_NIFTY50_INDEX_BREAKOUT_24009.50_20260901_100500_Structural_v3.3_ExitMgmt, payload={'exit_price': 24062.2, 'exit_reason': 'INITIAL_SL', 'pnl_r': -0.30637813211845105, 'duration_minutes': 17.506805083333333, 'bars_held': 0}
2026-09-01 10:30:05,338 - INFO - 🔴 EXIT (INITIAL_SL) [CFStructural_v3.3_ExitMgmt|ctural_v3.3_ExitMgmt]: NSE:NIFTY50-INDEX @ 24062.20 | PnL -0.31R | MFE 0.00R | Capture N/A | 0bars HoldEff -0.306R/bar
2026-09-01 10:30:06,063 - INFO - Retrieved live premium from Fyers API: LTP=30.4 for NSE:NIFTY2690124050PE
2026-09-01 10:30:07,086 - INFO - Retrieved live premium from Fyers API: LTP=6.85 for NSE:NIFTY2690123950PE
2026-09-01 10:30:08,077 - INFO - Retrieved live premium from Fyers API: LTP=44.05 for NSE:NIFTY2690124050CE
2026-09-01 10:30:09,084 - INFO - Retrieved live premium from Fyers API: LTP=30.7 for NSE:NIFTY2690124050PE
2026-09-01 10:30:10,093 - INFO - Retrieved live premium from Fyers API: LTP=11.35 for NSE:NIFTY2690124150CE
2026-09-01 10:30:11,099 - INFO - Retrieved live premium from Fyers API: LTP=6.9 for NSE:NIFTY2690123950PE
2026-09-01 10:30:12,119 - INFO - Retrieved live premium from Fyers API: LTP=14.65 for NSE:NIFTY2690124000PE
2026-09-01 10:30:13,127 - INFO - Retrieved live premium from Fyers API: LTP=3.45 for NSE:NIFTY2690123900PE
2026-09-01 10:30:14,319 - INFO - Retrieved live premium from Fyers API: LTP=23.9 for NSE:NIFTY2690124100CE
2026-09-01 10:30:15,389 - INFO - Retrieved live premium from Fyers API: LTP=6.4 for NSE:NIFTY2690124200CE
2026-09-01 10:30:16,416 - INFO - Retrieved live premium from Fyers API: LTP=123.6 for NSE:NIFTY2690123950CE
2026-09-01 10:30:17,441 - INFO - Retrieved live premium from Fyers API: LTP=46.45 for NSE:NIFTY2690124050CE
2026-09-01 10:30:18,285 - INFO - Retrieved live premium from Fyers API: LTP=46.2 for NSE:NIFTY2690124050CE
2026-09-01 10:30:19,346 - INFO - Retrieved live premium from Fyers API: LTP=12.1 for NSE:NIFTY2690124150CE
2026-09-01 10:30:20,229 - INFO - 📊 Saved 22 snapshots for NSE:NIFTYBANK-INDEX  (oi range: 5,580–2,000,310)
2026-09-01 10:30:20,407 - INFO - Retrieved live premium from Fyers API: LTP=29.7 for NSE:NIFTY2690124050PE
2026-09-01 10:30:21,180 - INFO - Retrieved live premium from Fyers API: LTP=45.6 for NSE:NIFTY2690124050CE
2026-09-01 10:30:21,340 - INFO - 📡 Fetching NSE:NIFTY50-INDEX @ 24065  expiry=26901  strikes=ATM±5
2026-09-01 10:30:22,174 - INFO - Retrieved live premium from Fyers API: LTP=1.95 for NSE:NIFTY2690123850PE
2026-09-01 10:30:23,186 - INFO - Retrieved live premium from Fyers API: LTP=3.65 for NSE:NIFTY2690124250CE
2026-09-01 10:30:24,187 - INFO - Retrieved live premium from Fyers API: LTP=14.55 for NSE:NIFTY2690124000PE
2026-09-01 10:30:25,195 - INFO - Retrieved live premium from Fyers API: LTP=3.35 for NSE:NIFTY2690123900PE
2026-09-01 10:30:26,199 - INFO - Retrieved live premium from Fyers API: LTP=25.3 for NSE:NIFTY2690124100CE
2026-09-01 10:30:27,204 - INFO - Retrieved live premium from Fyers API: LTP=6.75 for NSE:NIFTY2690124200CE
2026-09-01 10:30:28,230 - INFO - Retrieved live premium from Fyers API: LTP=940.35 for NSE:BANKNIFTY26SEP57400CE
2026-09-01 10:30:29,223 - INFO - Retrieved live premium from Fyers API: LTP=825.0 for NSE:BANKNIFTY26SEP57600CE
2026-09-01 10:30:30,217 - INFO - Retrieved live premium from Fyers API: LTP=942.6 for NSE:BANKNIFTY26SEP57400CE
2026-09-01 10:30:31,227 - INFO - Retrieved live premium from Fyers API: LTP=548.1 for NSE:BANKNIFTY26SEP57400PE
2026-09-01 10:30:32,411 - INFO - Retrieved live premium from Fyers API: LTP=825.0 for NSE:BANKNIFTY26SEP57600CE
2026-09-01 10:30:33,253 - INFO - Retrieved live premium from Fyers API: LTP=474.0 for NSE:BANKNIFTY26SEP57200PE
2026-09-01 10:30:34,260 - INFO - Retrieved live premium from Fyers API: LTP=508.95 for NSE:BANKNIFTY26SEP57300PE
2026-09-01 10:30:35,402 - INFO - Retrieved live premium from Fyers API: LTP=440.2 for NSE:BANKNIFTY26SEP57100PE
2026-09-01 10:30:36,262 - INFO - Retrieved live premium from Fyers API: LTP=880.0 for NSE:BANKNIFTY26SEP57500CE
2026-09-01 10:30:37,265 - INFO - Retrieved live premium from Fyers API: LTP=771.7 for NSE:BANKNIFTY26SEP57700CE
2026-09-01 10:30:38,432 - INFO - Retrieved live premium from Fyers API: LTP=545.0 for NSE:BANKNIFTY26SEP57400PE
2026-09-01 10:30:39,281 - INFO - Retrieved live premium from Fyers API: LTP=942.65 for NSE:BANKNIFTY26SEP57400CE
2026-09-01 10:30:40,434 - INFO - Retrieved live premium from Fyers API: LTP=406.15 for NSE:BANKNIFTY26SEP57000PE
2026-09-01 10:30:41,444 - INFO - Retrieved live premium from Fyers API: LTP=721.25 for NSE:BANKNIFTY26SEP57800CE
2026-09-01 10:30:42,287 - INFO - Retrieved live premium from Fyers API: LTP=505.9 for NSE:BANKNIFTY26SEP57300PE
2026-09-01 10:30:43,294 - INFO - Retrieved live premium from Fyers API: LTP=437.65 for NSE:BANKNIFTY26SEP57100PE
2026-09-01 10:30:44,296 - INFO - Retrieved live premium from Fyers API: LTP=882.1 for NSE:BANKNIFTY26SEP57500CE
2026-09-01 10:30:45,451 - INFO - Retrieved live premium from Fyers API: LTP=773.8 for NSE:BANKNIFTY26SEP57700CE
2026-09-01 10:30:46,306 - INFO - Retrieved live premium from Fyers API: LTP=49.2 for NSE:NIFTY2690124050CE
2026-09-01 10:30:47,311 - INFO - Retrieved live premium from Fyers API: LTP=12.95 for NSE:NIFTY2690124150CE
2026-09-01 10:30:51,023 - INFO - 📊 Saved 22 snapshots for NSE:NIFTY50-INDEX  (oi range: 533,260–51,449,385)
2026-09-01 10:30:53,130 - INFO - 📡 Fetching NSE:NIFTYBANK-INDEX @ 57497  expiry=26SEP  strikes=ATM±5
2026-09-01 10:31:05,356 - INFO - 🔔 [New Candle Closed] Running entry pipeline for candle 10:30 at 10:31:05...
2026-09-01 10:31:05,357 - INFO - --- 10:31:05 Market Pulse ---
2026-09-01 10:31:10,474 - INFO - 📊 EXECUTION AUDIT [CF_SL_MODIFIED]: trade_id=None, candidate_id=cand_NSE_NIFTYBANK_INDEX_BREAKOUT_57572.70_20260901_094500_Structural_v3.3_ExitMgmt, payload={'price': 57496.25, 'old_sl': 57369.085, 'new_sl': 57401.885, 'old_tp': None, 'new_tp': 57667.635714285716, 'reason': 'TRAILING_SL'}
2026-09-01 10:31:10,555 - INFO - 🟡 UPDATE (TRAILING_SL) [CFStructural_v3.3_ExitMgmt|ctural_v3.3_ExitMgmt]: NSE:NIFTYBANK-INDEX @ 57496.25 | SL→57401.89 TP→57667.64
2026-09-01 10:31:10,556 - INFO - 📊 EXECUTION AUDIT [CF_SL_MODIFIED]: trade_id=None, candidate_id=cand_NSE_NIFTYBANK_INDEX_SWEEP_57227.53_20260901_095000_Structural_v3.3_ExitMgmt, payload={'price': 57496.25, 'old_sl': 57369.085, 'new_sl': 57401.885, 'old_tp': None, 'new_tp': 57668.79285714286, 'reason': 'TRAILING_SL'}
2026-09-01 10:31:10,612 - INFO - 🟡 UPDATE (TRAILING_SL) [CFStructural_v3.3_ExitMgmt|ctural_v3.3_ExitMgmt]: NSE:NIFTYBANK-INDEX @ 57496.25 | SL→57401.89 TP→57668.79
2026-09-01 10:31:11,625 - INFO - Retrieved live premium from Fyers API: LTP=940.85 for NSE:BANKNIFTY26SEP57400CE
2026-09-01 10:31:12,486 - INFO - Retrieved live premium from Fyers API: LTP=822.65 for NSE:BANKNIFTY26SEP57600CE
2026-09-01 10:31:13,485 - INFO - Retrieved live premium from Fyers API: LTP=944.85 for NSE:BANKNIFTY26SEP57400CE
2026-09-01 10:31:14,500 - INFO - Retrieved live premium from Fyers API: LTP=549.75 for NSE:BANKNIFTY26SEP57400PE
2026-09-01 10:31:15,501 - INFO - Retrieved live premium from Fyers API: LTP=828.25 for NSE:BANKNIFTY26SEP57600CE
2026-09-01 10:31:16,646 - INFO - Retrieved live premium from Fyers API: LTP=476.4 for NSE:BANKNIFTY26SEP57200PE
2026-09-01 10:31:17,501 - INFO - Retrieved live premium from Fyers API: LTP=510.35 for NSE:BANKNIFTY26SEP57300PE
2026-09-01 10:31:18,497 - INFO - Retrieved live premium from Fyers API: LTP=437.2 for NSE:BANKNIFTY26SEP57100PE
2026-09-01 10:31:19,489 - INFO - Retrieved live premium from Fyers API: LTP=886.2 for NSE:BANKNIFTY26SEP57500CE
2026-09-01 10:31:20,522 - INFO - Retrieved live premium from Fyers API: LTP=775.6 for NSE:BANKNIFTY26SEP57700CE
2026-09-01 10:31:21,507 - INFO - Retrieved live premium from Fyers API: LTP=544.2 for NSE:BANKNIFTY26SEP57400PE
2026-09-01 10:31:22,535 - INFO - Retrieved live premium from Fyers API: LTP=951.3 for NSE:BANKNIFTY26SEP57400CE
2026-09-01 10:31:22,915 - INFO - 📊 Saved 22 snapshots for NSE:NIFTYBANK-INDEX  (oi range: 16,710–1,989,750)
2026-09-01 10:31:23,547 - INFO - Retrieved live premium from Fyers API: LTP=402.45 for NSE:BANKNIFTY26SEP57000PE
2026-09-01 10:31:24,972 - INFO - 📡 Fetching NSE:NIFTY50-INDEX @ 24069  expiry=26901  strikes=ATM±5
2026-09-01 10:31:25,439 - WARNING - ⚡ [OI_Scalping_v1.0] errors: ['INSUFFICIENT_ATM_DATA'] (0.0ms)
2026-09-01 10:31:25,450 - INFO - Resolved active expiry from DB: 26901 (2026-09-01)
2026-09-01 10:31:25,451 - INFO - 👻 [Structural_v3.2_RVOL1.0] CF BREAKOUT NSE:NIFTY50-INDEX BUY PUT | Rejected: ['BIAS_MISMATCH', 'LOW_EFFICIENCY', 'HIGH_WICKINESS']
2026-09-01 10:31:25,451 - INFO - 📊 EXECUTION AUDIT [SIGNAL_GENERATED]: trade_id=None, candidate_id=cand_NSE_NIFTY50_INDEX_BREAKOUT_24009.50_20260901_102500_Structural_v3.2_RVOL1.0, payload={'symbol': 'NSE:NIFTY50-INDEX', 'signal': 'BUY PUT', 'strategy': 'BREAKOUT', 'price': 24061.05, 'stop_loss': 24070.576785714286, 'take_profit': 23993.6, 'tp1': 24046.759821428568, 'rr_ratio': 7.08, 'timestamp': '2026-09-01T10:25:00+05:30', 'accepted': False, 'rejection_reasons': ['BIAS_MISMATCH', 'LOW_EFFICIENCY', 'HIGH_WICKINESS'], 'features': {'date': '2026-09-01', 'strategy_name': 'Structural_v3', 'strategy_version': 'v3.2', 'feature_version': 'v1.1', 'market_regime': 'RANGE_HIGH_VOL', 'day_type': 'NORMAL_DAY', 'session_type': 'MID', 'daily_bias': 'NEUTRAL', 'hourly_bias': 'NEUTRAL', 'trend_strength': 0.0, 'rvol': 1.92, 'rvol_threshold': 1.0, 'atr': 19.05, 'distance_from_supply': 317.55, 'distance_from_demand': 67.45, 'nearest_supply_strength': 101.9, 'nearest_demand_strength': 73.4, 'distance_to_liquidity_pool': 67.45000000000073, 'liquidity_score': 19.2, 'indicator_snapshot': {'rvol_tod': 1.92, 'is_compressed': True, 'bos_count': 0}, 'move_efficiency': 0.5687, 'wickiness': 0.6261, 'fft_score': 0.0, 'setup_type': 'BREAKOUT', 'candidate_id': 'cand_NSE_NIFTY50_INDEX_BREAKOUT_24009.50_20260901_102500', 'ema20': 24045.3, 'ema50': 24048.95, 'move_efficiency_h1': 0.0045, 'ema_bullish': False, 'rsi14': 57.99, 'rsi2': 89.45, 'distance_to_vwap': 0.0007, 'atr_percentile': 0.8483, 'dist_prev_high': -0.0028, 'dist_prev_low': 0.0006, 'adx': 14.14, 'adx_slope': 2.0111, 'gap_pct': 0.0009, 'regime_primary': 'RANGE', 'regime_vol_state': 'HIGH_VOL'}, 'candidate_id': 'cand_NSE_NIFTY50_INDEX_BREAKOUT_24009.50_20260901_102500_Structural_v3.2_RVOL1.0', 'experiment_name': 'Structural_v3.2_RVOL1.0', 'strategy_id': 'structural', 'version': 'v3.2'}
2026-09-01 10:31:25,471 - INFO - Resolved active expiry from DB: 26901 (2026-09-01)
2026-09-01 10:31:25,484 - INFO - Resolved index signal into option contract: OptionContract(symbol='NSE:NIFTY2690124050PE', strike=24050.0, expiry='26901', option_type='PE', premium=27.8, delta=0.5, bid=27.7, ask=27.8, volume=374924875, resolved_at=datetime.datetime(2026, 9, 1, 10, 31, 25, 484754))
2026-09-01 10:31:25,485 - INFO - ⚡ Option strike selection resolved index signal to contract NSE:NIFTY2690124050PE @ premium 27.8 (type: PE, strike: 24050.0)
2026-09-01 10:31:25,485 - INFO - 📊 EXECUTION AUDIT [STRIKE_SELECTED]: trade_id=None, candidate_id=cand_NSE_NIFTY50_INDEX_BREAKOUT_24009.50_20260901_102500_Structural_v3.2_RVOL1.0, payload={'symbol': 'NSE:NIFTY2690124050PE', 'strike': 24050.0, 'expiry': '26901', 'type': 'PE'}
2026-09-01 10:31:25,498 - INFO - 📊 EXECUTION AUDIT [PREMIUM_RETRIEVED]: trade_id=None, candidate_id=cand_NSE_NIFTY50_INDEX_BREAKOUT_24009.50_20260901_102500_Structural_v3.2_RVOL1.0, payload={'premium': 27.8, 'bid': 27.7, 'ask': 27.8}
2026-09-01 10:31:25,509 - INFO - 📊 EXECUTION AUDIT [CF_SUBMITTED]: trade_id=None, candidate_id=cand_NSE_NIFTY50_INDEX_BREAKOUT_24009.50_20260901_102500_Structural_v3.2_RVOL1.0, payload={'price': 24061.05, 'sl': 24070.576785714286, 'tp': 23993.6}
2026-09-01 10:31:25,521 - INFO - 📊 EXECUTION AUDIT [CF_FILLED]: trade_id=None, candidate_id=cand_NSE_NIFTY50_INDEX_BREAKOUT_24009.50_20260901_102500_Structural_v3.2_RVOL1.0, payload={'price': 24061.05, 'sl': 24070.576785714286, 'tp': 23993.6}
2026-09-01 10:31:25,533 - INFO - 💰 Position size [BREAKOUT|RANGE_HIGH_VOL|conf=70]: frac=0.003 → ₹5,000 (risk/unit=0.04%)
2026-09-01 10:31:25,557 - INFO - 🟢 ENTRY [CF|Structural_v3.2_RVOL1.0|uctural_v3.2_RVOL1.0]: NSE:NIFTY50-INDEX BUY PUT @ 24061.05 | SL: 24070.58 TP: 23993.60
2026-09-01 10:31:25,557 - INFO - 👻 [Structural_v3.2_RVOL0.8] CF BREAKOUT NSE:NIFTY50-INDEX BUY PUT | Rejected: ['BIAS_MISMATCH', 'LOW_EFFICIENCY', 'HIGH_WICKINESS']
2026-09-01 10:31:25,557 - INFO - 📊 EXECUTION AUDIT [SIGNAL_GENERATED]: trade_id=None, candidate_id=cand_NSE_NIFTY50_INDEX_BREAKOUT_24009.50_20260901_102500_Structural_v3.2_RVOL0.8, payload={'symbol': 'NSE:NIFTY50-INDEX', 'signal': 'BUY PUT', 'strategy': 'BREAKOUT', 'price': 24061.05, 'stop_loss': 24070.576785714286, 'take_profit': 23993.6, 'tp1': 24046.759821428568, 'rr_ratio': 7.08, 'timestamp': '2026-09-01T10:25:00+05:30', 'accepted': False, 'rejection_reasons': ['BIAS_MISMATCH', 'LOW_EFFICIENCY', 'HIGH_WICKINESS'], 'features': {'date': '2026-09-01', 'strategy_name': 'Structural_v3', 'strategy_version': 'v3.2', 'feature_version': 'v1.1', 'market_regime': 'RANGE_HIGH_VOL', 'day_type': 'NORMAL_DAY', 'session_type': 'MID', 'daily_bias': 'NEUTRAL', 'hourly_bias': 'NEUTRAL', 'trend_strength': 0.0, 'rvol': 1.92, 'rvol_threshold': 0.8, 'atr': 19.05, 'distance_from_supply': 317.55, 'distance_from_demand': 67.45, 'nearest_supply_strength': 101.9, 'nearest_demand_strength': 73.4, 'distance_to_liquidity_pool': 67.45000000000073, 'liquidity_score': 19.2, 'indicator_snapshot': {'rvol_tod': 1.92, 'is_compressed': True, 'bos_count': 0}, 'move_efficiency': 0.5687, 'wickiness': 0.6261, 'fft_score': 0.0, 'setup_type': 'BREAKOUT', 'candidate_id': 'cand_NSE_NIFTY50_INDEX_BREAKOUT_24009.50_20260901_102500', 'ema20': 24045.3, 'ema50': 24048.95, 'move_efficiency_h1': 0.0045, 'ema_bullish': False, 'rsi14': 57.99, 'rsi2': 89.45, 'distance_to_vwap': 0.0007, 'atr_percentile': 0.8483, 'dist_prev_high': -0.0028, 'dist_prev_low': 0.0006, 'adx': 14.14, 'adx_slope': 2.0111, 'gap_pct': 0.0009, 'regime_primary': 'RANGE', 'regime_vol_state': 'HIGH_VOL'}, 'candidate_id': 'cand_NSE_NIFTY50_INDEX_BREAKOUT_24009.50_20260901_102500_Structural_v3.2_RVOL0.8', 'experiment_name': 'Structural_v3.2_RVOL0.8', 'strategy_id': 'structural', 'version': 'v3.2'}
2026-09-01 10:31:25,578 - INFO - Resolved active expiry from DB: 26901 (2026-09-01)
2026-09-01 10:31:25,591 - INFO - Resolved index signal into option contract: OptionContract(symbol='NSE:NIFTY2690124050PE', strike=24050.0, expiry='26901', option_type='PE', premium=27.8, delta=0.5, bid=27.7, ask=27.8, volume=374924875, resolved_at=datetime.datetime(2026, 9, 1, 10, 31, 25, 591680))
2026-09-01 10:31:25,591 - INFO - ⚡ Option strike selection resolved index signal to contract NSE:NIFTY2690124050PE @ premium 27.8 (type: PE, strike: 24050.0)
2026-09-01 10:31:25,591 - INFO - 📊 EXECUTION AUDIT [STRIKE_SELECTED]: trade_id=None, candidate_id=cand_NSE_NIFTY50_INDEX_BREAKOUT_24009.50_20260901_102500_Structural_v3.2_RVOL0.8, payload={'symbol': 'NSE:NIFTY2690124050PE', 'strike': 24050.0, 'expiry': '26901', 'type': 'PE'}
2026-09-01 10:31:25,602 - INFO - 📊 EXECUTION AUDIT [PREMIUM_RETRIEVED]: trade_id=None, candidate_id=cand_NSE_NIFTY50_INDEX_BREAKOUT_24009.50_20260901_102500_Structural_v3.2_RVOL0.8, payload={'premium': 27.8, 'bid': 27.7, 'ask': 27.8}
2026-09-01 10:31:25,613 - INFO - 📊 EXECUTION AUDIT [CF_SUBMITTED]: trade_id=None, candidate_id=cand_NSE_NIFTY50_INDEX_BREAKOUT_24009.50_20260901_102500_Structural_v3.2_RVOL0.8, payload={'price': 24061.05, 'sl': 24070.576785714286, 'tp': 23993.6}
2026-09-01 10:31:25,624 - INFO - 📊 EXECUTION AUDIT [CF_FILLED]: trade_id=None, candidate_id=cand_NSE_NIFTY50_INDEX_BREAKOUT_24009.50_20260901_102500_Structural_v3.2_RVOL0.8, payload={'price': 24061.05, 'sl': 24070.576785714286, 'tp': 23993.6}
2026-09-01 10:31:25,633 - INFO - 💰 Position size [BREAKOUT|RANGE_HIGH_VOL|conf=70]: frac=0.003 → ₹5,000 (risk/unit=0.04%)
2026-09-01 10:31:25,656 - INFO - 🟢 ENTRY [CF|Structural_v3.2_RVOL0.8|uctural_v3.2_RVOL0.8]: NSE:NIFTY50-INDEX BUY PUT @ 24061.05 | SL: 24070.58 TP: 23993.60
2026-09-01 10:31:25,656 - INFO - 👻 [Structural_v3.3_ExitMgmt] CF BREAKOUT NSE:NIFTY50-INDEX BUY PUT | Rejected: ['BIAS_MISMATCH', 'LOW_EFFICIENCY', 'HIGH_WICKINESS']
2026-09-01 10:31:25,656 - INFO - 📊 EXECUTION AUDIT [SIGNAL_GENERATED]: trade_id=None, candidate_id=cand_NSE_NIFTY50_INDEX_BREAKOUT_24009.50_20260901_102500_Structural_v3.3_ExitMgmt, payload={'symbol': 'NSE:NIFTY50-INDEX', 'signal': 'BUY PUT', 'strategy': 'BREAKOUT', 'price': 24061.05, 'stop_loss': 24070.576785714286, 'take_profit': 23993.6, 'tp1': 24046.759821428568, 'rr_ratio': 7.08, 'timestamp': '2026-09-01T10:25:00+05:30', 'accepted': False, 'rejection_reasons': ['BIAS_MISMATCH', 'LOW_EFFICIENCY', 'HIGH_WICKINESS'], 'features': {'date': '2026-09-01', 'strategy_name': 'Structural_v3', 'strategy_version': 'v3.2', 'feature_version': 'v1.1', 'market_regime': 'RANGE_HIGH_VOL', 'day_type': 'NORMAL_DAY', 'session_type': 'MID', 'daily_bias': 'NEUTRAL', 'hourly_bias': 'NEUTRAL', 'trend_strength': 0.0, 'rvol': 1.92, 'rvol_threshold': 1.0, 'atr': 19.05, 'distance_from_supply': 317.55, 'distance_from_demand': 67.45, 'nearest_supply_strength': 101.9, 'nearest_demand_strength': 73.4, 'distance_to_liquidity_pool': 67.45000000000073, 'liquidity_score': 19.2, 'indicator_snapshot': {'rvol_tod': 1.92, 'is_compressed': True, 'bos_count': 0}, 'move_efficiency': 0.5687, 'wickiness': 0.6261, 'fft_score': 0.0, 'setup_type': 'BREAKOUT', 'candidate_id': 'cand_NSE_NIFTY50_INDEX_BREAKOUT_24009.50_20260901_102500', 'ema20': 24045.3, 'ema50': 24048.95, 'move_efficiency_h1': 0.0045, 'ema_bullish': False, 'rsi14': 57.99, 'rsi2': 89.45, 'distance_to_vwap': 0.0007, 'atr_percentile': 0.8483, 'dist_prev_high': -0.0028, 'dist_prev_low': 0.0006, 'adx': 14.14, 'adx_slope': 2.0111, 'gap_pct': 0.0009, 'regime_primary': 'RANGE', 'regime_vol_state': 'HIGH_VOL'}, 'candidate_id': 'cand_NSE_NIFTY50_INDEX_BREAKOUT_24009.50_20260901_102500_Structural_v3.3_ExitMgmt', 'experiment_name': 'Structural_v3.3_ExitMgmt', 'strategy_id': 'structural', 'version': 'v3.2'}
2026-09-01 10:31:25,677 - INFO - Resolved active expiry from DB: 26901 (2026-09-01)
2026-09-01 10:31:25,690 - INFO - Resolved index signal into option contract: OptionContract(symbol='NSE:NIFTY2690124050PE', strike=24050.0, expiry='26901', option_type='PE', premium=27.8, delta=0.5, bid=27.7, ask=27.8, volume=374924875, resolved_at=datetime.datetime(2026, 9, 1, 10, 31, 25, 690410))
2026-09-01 10:31:25,690 - INFO - ⚡ Option strike selection resolved index signal to contract NSE:NIFTY2690124050PE @ premium 27.8 (type: PE, strike: 24050.0)
2026-09-01 10:31:25,690 - INFO - 📊 EXECUTION AUDIT [STRIKE_SELECTED]: trade_id=None, candidate_id=cand_NSE_NIFTY50_INDEX_BREAKOUT_24009.50_20260901_102500_Structural_v3.3_ExitMgmt, payload={'symbol': 'NSE:NIFTY2690124050PE', 'strike': 24050.0, 'expiry': '26901', 'type': 'PE'}
2026-09-01 10:31:25,701 - INFO - 📊 EXECUTION AUDIT [PREMIUM_RETRIEVED]: trade_id=None, candidate_id=cand_NSE_NIFTY50_INDEX_BREAKOUT_24009.50_20260901_102500_Structural_v3.3_ExitMgmt, payload={'premium': 27.8, 'bid': 27.7, 'ask': 27.8}
2026-09-01 10:31:25,712 - INFO - 📊 EXECUTION AUDIT [CF_SUBMITTED]: trade_id=None, candidate_id=cand_NSE_NIFTY50_INDEX_BREAKOUT_24009.50_20260901_102500_Structural_v3.3_ExitMgmt, payload={'price': 24061.05, 'sl': 24070.576785714286, 'tp': 23993.6}
2026-09-01 10:31:25,723 - INFO - 📊 EXECUTION AUDIT [CF_FILLED]: trade_id=None, candidate_id=cand_NSE_NIFTY50_INDEX_BREAKOUT_24009.50_20260901_102500_Structural_v3.3_ExitMgmt, payload={'price': 24061.05, 'sl': 24070.576785714286, 'tp': 23993.6}
2026-09-01 10:31:25,733 - INFO - 💰 Position size [BREAKOUT|RANGE_HIGH_VOL|conf=70]: frac=0.003 → ₹5,000 (risk/unit=0.04%)
2026-09-01 10:31:25,754 - INFO - 🟢 ENTRY [CF|Structural_v3.3_ExitMgmt|ctural_v3.3_ExitMgmt]: NSE:NIFTY50-INDEX BUY PUT @ 24061.05 | SL: 24070.58 TP: 23993.60
2026-09-01 10:31:25,754 - INFO - 🧭 [VerticalSpread_v1.0] Regime router: NSE:NIFTY50-INDEX combo blocked from REAL capital (regime=RANGE_HIGH_VOL) — routed to CF
2026-09-01 10:31:25,768 - INFO - Resolved active expiry from DB: 26901 (2026-09-01)
2026-09-01 10:31:25,794 - INFO - Resolved BEAR_PUT_SPREAD for NSE:NIFTY50-INDEX: [('PE', 'BUY', 24050.0), ('PE', 'SELL', 23950.0)] net_premium=21.50 max_loss=21.50
2026-09-01 10:31:25,819 - INFO - 🟢 CF COMBO ENTRY [VerticalSpread_v1.0|_VerticalSpread_v1.0]: NSE:NIFTY50-INDEX BEAR_PUT_SPREAD | Net premium: 21.50 | Max loss: 21.50
2026-09-01 10:31:25,820 - WARNING - ⚡ [OI_Scalping_v1.0] errors: ['INSUFFICIENT_ATM_DATA']
2026-09-01 10:31:27,611 - WARNING - ⚡ [OI_Scalping_v1.0] errors: ['INSUFFICIENT_ATM_DATA'] (0.0ms)
2026-09-01 10:31:27,624 - INFO - Resolved active expiry from DB: 26SEP (2026-09-29)
2026-09-01 10:31:27,625 - INFO - 👻 [Structural_v3.2_RVOL1.0] CF BREAKOUT NSE:NIFTYBANK-INDEX BUY CALL | Rejected: ['BIAS_MISMATCH', 'LOW_EFFICIENCY']
2026-09-01 10:31:27,625 - INFO - 📊 EXECUTION AUDIT [SIGNAL_GENERATED]: trade_id=None, candidate_id=cand_NSE_NIFTYBANK_INDEX_BREAKOUT_57572.70_20260901_102500_Structural_v3.2_RVOL1.0, payload={'symbol': 'NSE:NIFTYBANK-INDEX', 'signal': 'BUY CALL', 'strategy': 'BREAKOUT', 'price': 57464.1, 'stop_loss': 57432.208928571425, 'take_profit': 57783.01071428571, 'tp1': 57511.93660714286, 'rr_ratio': 10.0, 'timestamp': '2026-09-01T10:25:00+05:30', 'accepted': False, 'rejection_reasons': ['BIAS_MISMATCH', 'LOW_EFFICIENCY'], 'features': {'date': '2026-09-01', 'strategy_name': 'Structural_v3', 'strategy_version': 'v3.2', 'feature_version': 'v1.1', 'market_regime': 'GAP_UP_HIGH_VOL', 'day_type': 'NORMAL_DAY', 'session_type': 'MID', 'daily_bias': 'NEUTRAL', 'hourly_bias': 'NEUTRAL', 'trend_strength': 0.0, 'rvol': 1.97, 'rvol_threshold': 1.0, 'atr': 63.78, 'distance_from_supply': 540.13, 'distance_from_demand': 236.57, 'nearest_supply_strength': 87.1, 'nearest_demand_strength': 69.2, 'distance_to_liquidity_pool': 236.5666666666657, 'liquidity_score': 19.7, 'indicator_snapshot': {'rvol_tod': 1.97, 'is_compressed': False, 'bos_count': 0}, 'move_efficiency': 0.5834, 'wickiness': 0.4561, 'fft_score': 0.0, 'setup_type': 'BREAKOUT', 'candidate_id': 'cand_NSE_NIFTYBANK_INDEX_BREAKOUT_57572.70_20260901_102500', 'ema20': 57408.32, 'ema50': 57390.79, 'move_efficiency_h1': 0.0542, 'ema_bullish': True, 'rsi14': 46.14, 'rsi2': 76.49, 'distance_to_vwap': 0.0007, 'atr_percentile': 0.8815, 'dist_prev_high': -0.0001, 'dist_prev_low': 0.0039, 'adx': 14.38, 'adx_slope': 1.8223, 'gap_pct': 0.0045, 'regime_primary': 'GAP_UP', 'regime_vol_state': 'HIGH_VOL'}, 'candidate_id': 'cand_NSE_NIFTYBANK_INDEX_BREAKOUT_57572.70_20260901_102500_Structural_v3.2_RVOL1.0', 'experiment_name': 'Structural_v3.2_RVOL1.0', 'strategy_id': 'structural', 'version': 'v3.2'}
2026-09-01 10:31:27,647 - INFO - Resolved active expiry from DB: 26SEP (2026-09-29)
2026-09-01 10:31:27,658 - INFO - Resolved index signal into option contract: OptionContract(symbol='NSE:BANKNIFTY26SEP57500CE', strike=57500.0, expiry='26SEP', option_type='CE', premium=878.65, delta=0.5, bid=878.6, ask=880.0, volume=1048530, resolved_at=datetime.datetime(2026, 9, 1, 10, 31, 27, 658656))
2026-09-01 10:31:27,658 - INFO - ⚡ Option strike selection resolved index signal to contract NSE:BANKNIFTY26SEP57500CE @ premium 878.65 (type: CE, strike: 57500.0)
2026-09-01 10:31:27,658 - INFO - 📊 EXECUTION AUDIT [STRIKE_SELECTED]: trade_id=None, candidate_id=cand_NSE_NIFTYBANK_INDEX_BREAKOUT_57572.70_20260901_102500_Structural_v3.2_RVOL1.0, payload={'symbol': 'NSE:BANKNIFTY26SEP57500CE', 'strike': 57500.0, 'expiry': '26SEP', 'type': 'CE'}
2026-09-01 10:31:27,670 - INFO - 📊 EXECUTION AUDIT [PREMIUM_RETRIEVED]: trade_id=None, candidate_id=cand_NSE_NIFTYBANK_INDEX_BREAKOUT_57572.70_20260901_102500_Structural_v3.2_RVOL1.0, payload={'premium': 878.65, 'bid': 878.6, 'ask': 880.0}
2026-09-01 10:31:27,681 - INFO - 📊 EXECUTION AUDIT [CF_SUBMITTED]: trade_id=None, candidate_id=cand_NSE_NIFTYBANK_INDEX_BREAKOUT_57572.70_20260901_102500_Structural_v3.2_RVOL1.0, payload={'price': 57464.1, 'sl': 57432.208928571425, 'tp': 57783.01071428571}
2026-09-01 10:31:27,692 - INFO - 📊 EXECUTION AUDIT [CF_FILLED]: trade_id=None, candidate_id=cand_NSE_NIFTYBANK_INDEX_BREAKOUT_57572.70_20260901_102500_Structural_v3.2_RVOL1.0, payload={'price': 57464.1, 'sl': 57432.208928571425, 'tp': 57783.01071428571}
2026-09-01 10:31:27,705 - INFO - 💰 Position size [BREAKOUT|GAP_UP_HIGH_VOL|conf=70]: frac=0.002 → ₹5,000 (risk/unit=0.06%)
2026-09-01 10:31:27,727 - INFO - 🟢 ENTRY [CF|Structural_v3.2_RVOL1.0|uctural_v3.2_RVOL1.0]: NSE:NIFTYBANK-INDEX BUY CALL @ 57464.10 | SL: 57432.21 TP: 57783.01
2026-09-01 10:31:27,727 - INFO - 👻 [Structural_v3.2_RVOL0.8] CF BREAKOUT NSE:NIFTYBANK-INDEX BUY CALL | Rejected: ['BIAS_MISMATCH', 'LOW_EFFICIENCY']
2026-09-01 10:31:27,727 - INFO - 📊 EXECUTION AUDIT [SIGNAL_GENERATED]: trade_id=None, candidate_id=cand_NSE_NIFTYBANK_INDEX_BREAKOUT_57572.70_20260901_102500_Structural_v3.2_RVOL0.8, payload={'symbol': 'NSE:NIFTYBANK-INDEX', 'signal': 'BUY CALL', 'strategy': 'BREAKOUT', 'price': 57464.1, 'stop_loss': 57432.208928571425, 'take_profit': 57783.01071428571, 'tp1': 57511.93660714286, 'rr_ratio': 10.0, 'timestamp': '2026-09-01T10:25:00+05:30', 'accepted': False, 'rejection_reasons': ['BIAS_MISMATCH', 'LOW_EFFICIENCY'], 'features': {'date': '2026-09-01', 'strategy_name': 'Structural_v3', 'strategy_version': 'v3.2', 'feature_version': 'v1.1', 'market_regime': 'GAP_UP_HIGH_VOL', 'day_type': 'NORMAL_DAY', 'session_type': 'MID', 'daily_bias': 'NEUTRAL', 'hourly_bias': 'NEUTRAL', 'trend_strength': 0.0, 'rvol': 1.97, 'rvol_threshold': 0.8, 'atr': 63.78, 'distance_from_supply': 540.13, 'distance_from_demand': 236.57, 'nearest_supply_strength': 87.1, 'nearest_demand_strength': 69.2, 'distance_to_liquidity_pool': 236.5666666666657, 'liquidity_score': 19.7, 'indicator_snapshot': {'rvol_tod': 1.97, 'is_compressed': False, 'bos_count': 0}, 'move_efficiency': 0.5834, 'wickiness': 0.4561, 'fft_score': 0.0, 'setup_type': 'BREAKOUT', 'candidate_id': 'cand_NSE_NIFTYBANK_INDEX_BREAKOUT_57572.70_20260901_102500', 'ema20': 57408.32, 'ema50': 57390.79, 'move_efficiency_h1': 0.0542, 'ema_bullish': True, 'rsi14': 46.14, 'rsi2': 76.49, 'distance_to_vwap': 0.0007, 'atr_percentile': 0.8815, 'dist_prev_high': -0.0001, 'dist_prev_low': 0.0039, 'adx': 14.38, 'adx_slope': 1.8223, 'gap_pct': 0.0045, 'regime_primary': 'GAP_UP', 'regime_vol_state': 'HIGH_VOL'}, 'candidate_id': 'cand_NSE_NIFTYBANK_INDEX_BREAKOUT_57572.70_20260901_102500_Structural_v3.2_RVOL0.8', 'experiment_name': 'Structural_v3.2_RVOL0.8', 'strategy_id': 'structural', 'version': 'v3.2'}
2026-09-01 10:31:27,753 - INFO - Resolved active expiry from DB: 26SEP (2026-09-29)
2026-09-01 10:31:27,768 - INFO - Resolved index signal into option contract: OptionContract(symbol='NSE:BANKNIFTY26SEP57500CE', strike=57500.0, expiry='26SEP', option_type='CE', premium=878.65, delta=0.5, bid=878.6, ask=880.0, volume=1048530, resolved_at=datetime.datetime(2026, 9, 1, 10, 31, 27, 768142))
2026-09-01 10:31:27,768 - INFO - ⚡ Option strike selection resolved index signal to contract NSE:BANKNIFTY26SEP57500CE @ premium 878.65 (type: CE, strike: 57500.0)
2026-09-01 10:31:27,768 - INFO - 📊 EXECUTION AUDIT [STRIKE_SELECTED]: trade_id=None, candidate_id=cand_NSE_NIFTYBANK_INDEX_BREAKOUT_57572.70_20260901_102500_Structural_v3.2_RVOL0.8, payload={'symbol': 'NSE:BANKNIFTY26SEP57500CE', 'strike': 57500.0, 'expiry': '26SEP', 'type': 'CE'}
2026-09-01 10:31:27,781 - INFO - 📊 EXECUTION AUDIT [PREMIUM_RETRIEVED]: trade_id=None, candidate_id=cand_NSE_NIFTYBANK_INDEX_BREAKOUT_57572.70_20260901_102500_Structural_v3.2_RVOL0.8, payload={'premium': 878.65, 'bid': 878.6, 'ask': 880.0}
2026-09-01 10:31:27,794 - INFO - 📊 EXECUTION AUDIT [CF_SUBMITTED]: trade_id=None, candidate_id=cand_NSE_NIFTYBANK_INDEX_BREAKOUT_57572.70_20260901_102500_Structural_v3.2_RVOL0.8, payload={'price': 57464.1, 'sl': 57432.208928571425, 'tp': 57783.01071428571}
2026-09-01 10:31:27,806 - INFO - 📊 EXECUTION AUDIT [CF_FILLED]: trade_id=None, candidate_id=cand_NSE_NIFTYBANK_INDEX_BREAKOUT_57572.70_20260901_102500_Structural_v3.2_RVOL0.8, payload={'price': 57464.1, 'sl': 57432.208928571425, 'tp': 57783.01071428571}
2026-09-01 10:31:27,818 - INFO - 💰 Position size [BREAKOUT|GAP_UP_HIGH_VOL|conf=70]: frac=0.002 → ₹5,000 (risk/unit=0.06%)
2026-09-01 10:31:27,845 - INFO - 🟢 ENTRY [CF|Structural_v3.2_RVOL0.8|uctural_v3.2_RVOL0.8]: NSE:NIFTYBANK-INDEX BUY CALL @ 57464.10 | SL: 57432.21 TP: 57783.01
2026-09-01 10:31:27,845 - INFO - 🧭 [VerticalSpread_v1.0] Regime router: NSE:NIFTYBANK-INDEX combo blocked from REAL capital (regime=GAP_UP_HIGH_VOL) — routed to CF
2026-09-01 10:31:27,860 - INFO - Resolved active expiry from DB: 26SEP (2026-09-29)
2026-09-01 10:31:27,889 - INFO - Resolved BULL_CALL_SPREAD for NSE:NIFTYBANK-INDEX: [('CE', 'BUY', 57500.0), ('CE', 'SELL', 57700.0)] net_premium=111.85 max_loss=111.85
2026-09-01 10:31:27,914 - INFO - 🟢 CF COMBO ENTRY [VerticalSpread_v1.0|_VerticalSpread_v1.0]: NSE:NIFTYBANK-INDEX BULL_CALL_SPREAD | Net premium: 111.85 | Max loss: 111.85
2026-09-01 10:31:27,914 - INFO - 👻 [Butterfly_v1.0] CF COMBO BUTTERFLY_SPREAD NSE:NIFTYBANK-INDEX BUTTERFLY_SPREAD | Rejected: ['HIGH_RVOL', 'HIGH_EFFICIENCY', 'COOLDOWN_AFTER_LOSS']
2026-09-01 10:31:27,927 - INFO - Resolved active expiry from DB: 26SEP (2026-09-29)
2026-09-01 10:31:27,985 - INFO - Resolved BUTTERFLY_SPREAD for NSE:NIFTYBANK-INDEX: [('CE', 'BUY', 57300.0), ('CE', 'SELL', 57500.0), ('CE', 'SELL', 57500.0), ('CE', 'BUY', 57700.0)] net_premium=21.25 max_loss=21.25
2026-09-01 10:31:28,011 - INFO - 🟢 CF COMBO ENTRY [Butterfly_v1.0|03105_Butterfly_v1.0]: NSE:NIFTYBANK-INDEX BUTTERFLY_SPREAD | Net premium: 21.25 | Max loss: 21.25
2026-09-01 10:31:28,011 - WARNING - ⚡ [OI_Scalping_v1.0] errors: ['INSUFFICIENT_ATM_DATA']
2026-09-01 10:31:35,021 - INFO - ⏱️ [Real-time Exit Loop] Checking open positions @ 10:31:35...
2026-09-01 10:31:36,129 - INFO - 📊 EXECUTION AUDIT [CF_EXITED]: trade_id=None, candidate_id=cand_NSE_NIFTYBANK_INDEX_GAP_AND_GO_57406.05_20260901_094235_GapRegime_v2.0, payload={'exit_price': 57504.4, 'exit_reason': 'TRAILING_SL', 'pnl_r': -0.07597870879120878, 'duration_minutes': 48.985732516666666, 'bars_held': 5}
2026-09-01 10:31:36,203 - INFO - 🔴 EXIT (TRAILING_SL) [CFGapRegime_v2.0|94235_GapRegime_v2.0]: NSE:NIFTYBANK-INDEX @ 57504.40 | PnL -0.08R | MFE 0.43R | Capture -18% | 5bars HoldEff -0.015R/bar
2026-09-01 10:31:36,204 - INFO - 📊 EXECUTION AUDIT [CF_EXITED]: trade_id=None, candidate_id=cand_NSE_NIFTYBANK_INDEX_OI_WALL_BREAK_57355.55_20260901_094505_OIWallReaction_v1.0, payload={'exit_price': 57504.4, 'exit_reason': 'TRAILING_SL', 'pnl_r': -0.09592608147837046, 'duration_minutes': 46.49205958333334, 'bars_held': 4}
2026-09-01 10:31:36,253 - INFO - 🔴 EXIT (TRAILING_SL) [CFOIWallReaction_v1.0|_OIWallReaction_v1.0]: NSE:NIFTYBANK-INDEX @ 57504.40 | PnL -0.10R | MFE 0.13R | Capture N/A | 4bars HoldEff -0.024R/bar
2026-09-01 10:31:36,254 - INFO - 📊 EXECUTION AUDIT [CF_SL_MODIFIED]: trade_id=None, candidate_id=cand_NSE_NIFTYBANK_INDEX_BREAKOUT_57572.70_20260901_094500_Structural_v3.3_ExitMgmt, payload={'price': 57504.4, 'old_sl': 57401.885, 'new_sl': 57408.73, 'old_tp': None, 'new_tp': 57667.635714285716, 'reason': 'TRAILING_SL'}
2026-09-01 10:31:36,295 - INFO - 🟡 UPDATE (TRAILING_SL) [CFStructural_v3.3_ExitMgmt|ctural_v3.3_ExitMgmt]: NSE:NIFTYBANK-INDEX @ 57504.40 | SL→57408.73 TP→57667.64
2026-09-01 10:31:36,296 - INFO - 📊 EXECUTION AUDIT [CF_SL_MODIFIED]: trade_id=None, candidate_id=cand_NSE_NIFTYBANK_INDEX_SWEEP_57227.53_20260901_095000_Structural_v3.3_ExitMgmt, payload={'price': 57504.4, 'old_sl': 57401.885, 'new_sl': 57408.73, 'old_tp': None, 'new_tp': 57668.79285714286, 'reason': 'TRAILING_SL'}
2026-09-01 10:31:36,333 - INFO - 🟡 UPDATE (TRAILING_SL) [CFStructural_v3.3_ExitMgmt|ctural_v3.3_ExitMgmt]: NSE:NIFTYBANK-INDEX @ 57504.40 | SL→57408.73 TP→57668.79
2026-09-01 10:31:36,333 - INFO - 📊 EXECUTION AUDIT [CF_SL_MODIFIED]: trade_id=None, candidate_id=cand_NSE_NIFTYBANK_INDEX_BREAKOUT_57572.70_20260901_102500_Structural_v3.2_RVOL1.0, payload={'price': 57504.4, 'old_sl': 57432.208928571425, 'new_sl': 57472.50892857143, 'old_tp': None, 'new_tp': 57783.01071428571, 'reason': 'TRAILING_SL'}
2026-09-01 10:31:36,370 - INFO - 🟡 UPDATE (TRAILING_SL) [CFStructural_v3.2_RVOL1.0|uctural_v3.2_RVOL1.0]: NSE:NIFTYBANK-INDEX @ 57504.40 | SL→57472.51 TP→57783.01
2026-09-01 10:31:36,370 - INFO - 📊 EXECUTION AUDIT [CF_SL_MODIFIED]: trade_id=None, candidate_id=cand_NSE_NIFTYBANK_INDEX_BREAKOUT_57572.70_20260901_102500_Structural_v3.2_RVOL0.8, payload={'price': 57504.4, 'old_sl': 57432.208928571425, 'new_sl': 57472.50892857143, 'old_tp': None, 'new_tp': 57783.01071428571, 'reason': 'TRAILING_SL'}
2026-09-01 10:31:36,406 - INFO - 🟡 UPDATE (TRAILING_SL) [CFStructural_v3.2_RVOL0.8|uctural_v3.2_RVOL0.8]: NSE:NIFTYBANK-INDEX @ 57504.40 | SL→57472.51 TP→57783.01
2026-09-01 10:31:54,634 - INFO - 📊 Saved 22 snapshots for NSE:NIFTY50-INDEX  (oi range: 497,250–52,079,885)
2026-09-01 10:31:56,750 - INFO - 📡 Fetching NSE:NIFTYBANK-INDEX @ 57492  expiry=26SEP  strikes=ATM±5
2026-09-01 10:32:05,292 - INFO - ⏱️ [Real-time Exit Loop] Checking open positions @ 10:32:05...
2026-09-01 10:32:26,289 - INFO - 📊 Saved 22 snapshots for NSE:NIFTYBANK-INDEX  (oi range: 16,560–1,983,630)
2026-09-01 10:32:27,388 - INFO - 📡 Fetching NSE:NIFTY50-INDEX @ 24070  expiry=26901  strikes=ATM±5
2026-09-01 10:32:35,310 - INFO - ⏱️ [Real-time Exit Loop] Checking open positions @ 10:32:35...
2026-09-01 10:32:36,406 - INFO - 📊 EXECUTION AUDIT [CF_EXITED]: trade_id=None, candidate_id=cand_NSE_NIFTY50_INDEX_BREAKOUT_24009.50_20260901_102500_Structural_v3.2_RVOL1.0, payload={'exit_price': 24071.15, 'exit_reason': 'INITIAL_SL', 'pnl_r': 0.008992805755395683, 'duration_minutes': 1.4992218000000002, 'bars_held': 0}
2026-09-01 10:32:36,482 - INFO - 🔴 EXIT (INITIAL_SL) [CFStructural_v3.2_RVOL1.0|uctural_v3.2_RVOL1.0]: NSE:NIFTY50-INDEX @ 24071.15 | PnL +0.01R | MFE 0.00R | Capture N/A | 0bars HoldEff +0.009R/bar
2026-09-01 10:32:36,483 - INFO - 📊 EXECUTION AUDIT [CF_EXITED]: trade_id=None, candidate_id=cand_NSE_NIFTY50_INDEX_BREAKOUT_24009.50_20260901_102500_Structural_v3.2_RVOL0.8, payload={'exit_price': 24071.15, 'exit_reason': 'INITIAL_SL', 'pnl_r': 0.008992805755395683, 'duration_minutes': 1.4992218000000002, 'bars_held': 0}
2026-09-01 10:32:36,534 - INFO - 🔴 EXIT (INITIAL_SL) [CFStructural_v3.2_RVOL0.8|uctural_v3.2_RVOL0.8]: NSE:NIFTY50-INDEX @ 24071.15 | PnL +0.01R | MFE 0.00R | Capture N/A | 0bars HoldEff +0.009R/bar
2026-09-01 10:32:36,534 - INFO - 📊 EXECUTION AUDIT [CF_EXITED]: trade_id=None, candidate_id=cand_NSE_NIFTY50_INDEX_BREAKOUT_24009.50_20260901_102500_Structural_v3.3_ExitMgmt, payload={'exit_price': 24071.15, 'exit_reason': 'INITIAL_SL', 'pnl_r': 0.008992805755395683, 'duration_minutes': 1.4992218000000002, 'bars_held': 0}
2026-09-01 10:32:36,582 - INFO - 🔴 EXIT (INITIAL_SL) [CFStructural_v3.3_ExitMgmt|ctural_v3.3_ExitMgmt]: NSE:NIFTY50-INDEX @ 24071.15 | PnL +0.01R | MFE 0.00R | Capture N/A | 0bars HoldEff +0.009R/bar
2026-09-01 10:32:37,505 - INFO - 🔴 CF COMBO EXIT (STOP_R) [Butterfly_v1.0|03105_Butterfly_v1.0]: NSE:NIFTYBANK-INDEX BUTTERFLY_SPREAD | PnL -0.73R | 1min
2026-09-01 10:32:57,286 - INFO - 📊 Saved 22 snapshots for NSE:NIFTY50-INDEX  (oi range: 489,320–52,020,800)
2026-09-01 10:32:59,397 - INFO - 📡 Fetching NSE:NIFTYBANK-INDEX @ 57494  expiry=26SEP  strikes=ATM±5
2026-09-01 10:33:05,515 - INFO - ⏱️ [Real-time Exit Loop] Checking open positions @ 10:33:05...
2026-09-01 10:33:30,283 - INFO - 📊 Saved 22 snapshots for NSE:NIFTYBANK-INDEX  (oi range: 16,950–1,980,210)
2026-09-01 10:33:31,380 - INFO - 📡 Fetching NSE:NIFTY50-INDEX @ 24070  expiry=26901  strikes=ATM±5
2026-09-01 10:33:35,531 - INFO - ⏱️ [Real-time Exit Loop] Checking open positions @ 10:33:35...
2026-09-01 10:34:01,370 - INFO - 📊 Saved 22 snapshots for NSE:NIFTY50-INDEX  (oi range: 485,225–52,521,235)
2026-09-01 10:34:03,484 - INFO - 📡 Fetching NSE:NIFTYBANK-INDEX @ 57470  expiry=26SEP  strikes=ATM±5
2026-09-01 10:34:05,559 - INFO - ⏱️ [Real-time Exit Loop] Checking open positions @ 10:34:05...
2026-09-01 10:34:06,663 - INFO - 📊 EXECUTION AUDIT [CF_EXITED]: trade_id=None, candidate_id=cand_NSE_NIFTYBANK_INDEX_BREAKOUT_57572.70_20260901_102500_Structural_v3.2_RVOL1.0, payload={'exit_price': 57471.95, 'exit_reason': 'TRAILING_SL', 'pnl_r': -0.013920454545454545, 'duration_minutes': 3.0033641833333333, 'bars_held': 0}
2026-09-01 10:34:06,721 - INFO - 🔴 EXIT (TRAILING_SL) [CFStructural_v3.2_RVOL1.0|uctural_v3.2_RVOL1.0]: NSE:NIFTYBANK-INDEX @ 57471.95 | PnL -0.01R | MFE 1.26R | Capture -1% | 0bars HoldEff -0.014R/bar
2026-09-01 10:34:06,721 - INFO - 📊 EXECUTION AUDIT [CF_EXITED]: trade_id=None, candidate_id=cand_NSE_NIFTYBANK_INDEX_BREAKOUT_57572.70_20260901_102500_Structural_v3.2_RVOL0.8, payload={'exit_price': 57471.95, 'exit_reason': 'TRAILING_SL', 'pnl_r': -0.013920454545454545, 'duration_minutes': 3.0033641833333333, 'bars_held': 0}
2026-09-01 10:34:06,761 - INFO - 🔴 EXIT (TRAILING_SL) [CFStructural_v3.2_RVOL0.8|uctural_v3.2_RVOL0.8]: NSE:NIFTYBANK-INDEX @ 57471.95 | PnL -0.01R | MFE 1.26R | Capture -1% | 0bars HoldEff -0.014R/bar
2026-09-01 10:34:34,227 - INFO - 📊 Saved 22 snapshots for NSE:NIFTYBANK-INDEX  (oi range: 16,950–1,980,900)
2026-09-01 10:34:35,327 - INFO - 📡 Fetching NSE:NIFTY50-INDEX @ 24066  expiry=26901  strikes=ATM±5
2026-09-01 10:34:35,657 - INFO - ⏱️ [Real-time Exit Loop] Checking open positions @ 10:34:35...
2026-09-01 10:35:05,169 - INFO - 📊 Saved 22 snapshots for NSE:NIFTY50-INDEX  (oi range: 478,920–52,818,025)
2026-09-01 10:35:05,666 - INFO - 🔔 [New Candle Closed] Running entry pipeline for candle 10:35 at 10:35:05...
2026-09-01 10:35:05,666 - INFO - --- 10:35:05 Market Pulse ---
2026-09-01 10:35:07,286 - INFO - 📡 Fetching NSE:NIFTYBANK-INDEX @ 57459  expiry=26SEP  strikes=ATM±5
2026-09-01 10:35:13,410 - INFO - Resolved active expiry from DB: 26901 (2026-09-01)
2026-09-01 10:35:13,410 - INFO - 👻 [Structural_v3.2_RVOL1.0] CF BREAKOUT NSE:NIFTY50-INDEX BUY PUT | Rejected: ['BIAS_MISMATCH', 'HIGH_WICKINESS']
2026-09-01 10:35:13,410 - INFO - 📊 EXECUTION AUDIT [SIGNAL_GENERATED]: trade_id=None, candidate_id=cand_NSE_NIFTY50_INDEX_BREAKOUT_24009.50_20260901_103000_Structural_v3.2_RVOL1.0, payload={'symbol': 'NSE:NIFTY50-INDEX', 'signal': 'BUY PUT', 'strategy': 'BREAKOUT', 'price': 24064.75, 'stop_loss': 24074.05, 'take_profit': 23993.6, 'tp1': 24050.800000000003, 'rr_ratio': 7.65, 'timestamp': '2026-09-01T10:30:00+05:30', 'accepted': False, 'rejection_reasons': ['BIAS_MISMATCH', 'HIGH_WICKINESS'], 'features': {'date': '2026-09-01', 'strategy_name': 'Structural_v3', 'strategy_version': 'v3.2', 'feature_version': 'v1.1', 'market_regime': 'WEAK_TREND_DOWN_HIGH_VOL', 'day_type': 'NORMAL_DAY', 'session_type': 'MID', 'daily_bias': 'NEUTRAL', 'hourly_bias': 'NEUTRAL', 'trend_strength': 0.0, 'rvol': 2.67, 'rvol_threshold': 1.0, 'atr': 18.6, 'distance_from_supply': 313.85, 'distance_from_demand': 71.15, 'nearest_supply_strength': 101.9, 'nearest_demand_strength': 73.3, 'distance_to_liquidity_pool': 71.15000000000146, 'liquidity_score': 26.7, 'indicator_snapshot': {'rvol_tod': 2.67, 'is_compressed': True, 'bos_count': 0}, 'move_efficiency': 0.8057, 'wickiness': 0.6117, 'fft_score': 0.0, 'setup_type': 'BREAKOUT', 'candidate_id': 'cand_NSE_NIFTY50_INDEX_BREAKOUT_24009.50_20260901_103000', 'ema20': 24047.16, 'ema50': 24049.57, 'move_efficiency_h1': 0.085, 'ema_bullish': False, 'rsi14': 60.17, 'rsi2': 71.84, 'distance_to_vwap': 0.0009, 'atr_percentile': 0.8152, 'dist_prev_high': -0.0027, 'dist_prev_low': 0.0007, 'adx': 15.19, 'adx_slope': 2.5949, 'gap_pct': 0.0009, 'regime_primary': 'WEAK_TREND_DOWN', 'regime_vol_state': 'HIGH_VOL'}, 'candidate_id': 'cand_NSE_NIFTY50_INDEX_BREAKOUT_24009.50_20260901_103000_Structural_v3.2_RVOL1.0', 'experiment_name': 'Structural_v3.2_RVOL1.0', 'strategy_id': 'structural', 'version': 'v3.2'}
2026-09-01 10:35:13,432 - INFO - Resolved active expiry from DB: 26901 (2026-09-01)
2026-09-01 10:35:13,446 - INFO - Resolved index signal into option contract: OptionContract(symbol='NSE:NIFTY2690124050PE', strike=24050.0, expiry='26901', option_type='PE', premium=29.25, delta=0.5, bid=29.25, ask=29.3, volume=392363725, resolved_at=datetime.datetime(2026, 9, 1, 10, 35, 13, 445960))
2026-09-01 10:35:13,446 - INFO - ⚡ Option strike selection resolved index signal to contract NSE:NIFTY2690124050PE @ premium 29.25 (type: PE, strike: 24050.0)
2026-09-01 10:35:13,446 - INFO - 📊 EXECUTION AUDIT [STRIKE_SELECTED]: trade_id=None, candidate_id=cand_NSE_NIFTY50_INDEX_BREAKOUT_24009.50_20260901_103000_Structural_v3.2_RVOL1.0, payload={'symbol': 'NSE:NIFTY2690124050PE', 'strike': 24050.0, 'expiry': '26901', 'type': 'PE'}
2026-09-01 10:35:13,458 - INFO - 📊 EXECUTION AUDIT [PREMIUM_RETRIEVED]: trade_id=None, candidate_id=cand_NSE_NIFTY50_INDEX_BREAKOUT_24009.50_20260901_103000_Structural_v3.2_RVOL1.0, payload={'premium': 29.25, 'bid': 29.25, 'ask': 29.3}
2026-09-01 10:35:13,471 - INFO - 📊 EXECUTION AUDIT [CF_SUBMITTED]: trade_id=None, candidate_id=cand_NSE_NIFTY50_INDEX_BREAKOUT_24009.50_20260901_103000_Structural_v3.2_RVOL1.0, payload={'price': 24064.75, 'sl': 24074.05, 'tp': 23993.6}
2026-09-01 10:35:13,482 - INFO - 📊 EXECUTION AUDIT [CF_FILLED]: trade_id=None, candidate_id=cand_NSE_NIFTY50_INDEX_BREAKOUT_24009.50_20260901_103000_Structural_v3.2_RVOL1.0, payload={'price': 24064.75, 'sl': 24074.05, 'tp': 23993.6}
2026-09-01 10:35:13,493 - INFO - 💰 Position size [BREAKOUT|WEAK_TREND_DOWN_HIGH_VOL|conf=70]: frac=0.004 → ₹5,000 (risk/unit=0.04%)
2026-09-01 10:35:13,517 - INFO - 🟢 ENTRY [CF|Structural_v3.2_RVOL1.0|uctural_v3.2_RVOL1.0]: NSE:NIFTY50-INDEX BUY PUT @ 24064.75 | SL: 24074.05 TP: 23993.60
2026-09-01 10:35:13,517 - INFO - 👻 [Structural_v3.2_RVOL0.8] CF BREAKOUT NSE:NIFTY50-INDEX BUY PUT | Rejected: ['BIAS_MISMATCH', 'HIGH_WICKINESS']
2026-09-01 10:35:13,517 - INFO - 📊 EXECUTION AUDIT [SIGNAL_GENERATED]: trade_id=None, candidate_id=cand_NSE_NIFTY50_INDEX_BREAKOUT_24009.50_20260901_103000_Structural_v3.2_RVOL0.8, payload={'symbol': 'NSE:NIFTY50-INDEX', 'signal': 'BUY PUT', 'strategy': 'BREAKOUT', 'price': 24064.75, 'stop_loss': 24074.05, 'take_profit': 23993.6, 'tp1': 24050.800000000003, 'rr_ratio': 7.65, 'timestamp': '2026-09-01T10:30:00+05:30', 'accepted': False, 'rejection_reasons': ['BIAS_MISMATCH', 'HIGH_WICKINESS'], 'features': {'date': '2026-09-01', 'strategy_name': 'Structural_v3', 'strategy_version': 'v3.2', 'feature_version': 'v1.1', 'market_regime': 'WEAK_TREND_DOWN_HIGH_VOL', 'day_type': 'NORMAL_DAY', 'session_type': 'MID', 'daily_bias': 'NEUTRAL', 'hourly_bias': 'NEUTRAL', 'trend_strength': 0.0, 'rvol': 2.67, 'rvol_threshold': 0.8, 'atr': 18.6, 'distance_from_supply': 313.85, 'distance_from_demand': 71.15, 'nearest_supply_strength': 101.9, 'nearest_demand_strength': 73.3, 'distance_to_liquidity_pool': 71.15000000000146, 'liquidity_score': 26.7, 'indicator_snapshot': {'rvol_tod': 2.67, 'is_compressed': True, 'bos_count': 0}, 'move_efficiency': 0.8057, 'wickiness': 0.6117, 'fft_score': 0.0, 'setup_type': 'BREAKOUT', 'candidate_id': 'cand_NSE_NIFTY50_INDEX_BREAKOUT_24009.50_20260901_103000', 'ema20': 24047.16, 'ema50': 24049.57, 'move_efficiency_h1': 0.085, 'ema_bullish': False, 'rsi14': 60.17, 'rsi2': 71.84, 'distance_to_vwap': 0.0009, 'atr_percentile': 0.8152, 'dist_prev_high': -0.0027, 'dist_prev_low': 0.0007, 'adx': 15.19, 'adx_slope': 2.5949, 'gap_pct': 0.0009, 'regime_primary': 'WEAK_TREND_DOWN', 'regime_vol_state': 'HIGH_VOL'}, 'candidate_id': 'cand_NSE_NIFTY50_INDEX_BREAKOUT_24009.50_20260901_103000_Structural_v3.2_RVOL0.8', 'experiment_name': 'Structural_v3.2_RVOL0.8', 'strategy_id': 'structural', 'version': 'v3.2'}
2026-09-01 10:35:13,543 - INFO - Resolved active expiry from DB: 26901 (2026-09-01)
2026-09-01 10:35:13,558 - INFO - Resolved index signal into option contract: OptionContract(symbol='NSE:NIFTY2690124050PE', strike=24050.0, expiry='26901', option_type='PE', premium=29.25, delta=0.5, bid=29.25, ask=29.3, volume=392363725, resolved_at=datetime.datetime(2026, 9, 1, 10, 35, 13, 558563))
2026-09-01 10:35:13,558 - INFO - ⚡ Option strike selection resolved index signal to contract NSE:NIFTY2690124050PE @ premium 29.25 (type: PE, strike: 24050.0)
2026-09-01 10:35:13,558 - INFO - 📊 EXECUTION AUDIT [STRIKE_SELECTED]: trade_id=None, candidate_id=cand_NSE_NIFTY50_INDEX_BREAKOUT_24009.50_20260901_103000_Structural_v3.2_RVOL0.8, payload={'symbol': 'NSE:NIFTY2690124050PE', 'strike': 24050.0, 'expiry': '26901', 'type': 'PE'}
2026-09-01 10:35:13,572 - INFO - 📊 EXECUTION AUDIT [PREMIUM_RETRIEVED]: trade_id=None, candidate_id=cand_NSE_NIFTY50_INDEX_BREAKOUT_24009.50_20260901_103000_Structural_v3.2_RVOL0.8, payload={'premium': 29.25, 'bid': 29.25, 'ask': 29.3}
2026-09-01 10:35:13,584 - INFO - 📊 EXECUTION AUDIT [CF_SUBMITTED]: trade_id=None, candidate_id=cand_NSE_NIFTY50_INDEX_BREAKOUT_24009.50_20260901_103000_Structural_v3.2_RVOL0.8, payload={'price': 24064.75, 'sl': 24074.05, 'tp': 23993.6}
2026-09-01 10:35:13,598 - INFO - 📊 EXECUTION AUDIT [CF_FILLED]: trade_id=None, candidate_id=cand_NSE_NIFTY50_INDEX_BREAKOUT_24009.50_20260901_103000_Structural_v3.2_RVOL0.8, payload={'price': 24064.75, 'sl': 24074.05, 'tp': 23993.6}
2026-09-01 10:35:13,611 - INFO - 💰 Position size [BREAKOUT|WEAK_TREND_DOWN_HIGH_VOL|conf=70]: frac=0.004 → ₹5,000 (risk/unit=0.04%)
2026-09-01 10:35:13,639 - INFO - 🟢 ENTRY [CF|Structural_v3.2_RVOL0.8|uctural_v3.2_RVOL0.8]: NSE:NIFTY50-INDEX BUY PUT @ 24064.75 | SL: 24074.05 TP: 23993.60
2026-09-01 10:35:13,640 - INFO - 👻 [Structural_v3.3_ExitMgmt] CF BREAKOUT NSE:NIFTY50-INDEX BUY PUT | Rejected: ['BIAS_MISMATCH', 'HIGH_WICKINESS']
2026-09-01 10:35:13,640 - INFO - 📊 EXECUTION AUDIT [SIGNAL_GENERATED]: trade_id=None, candidate_id=cand_NSE_NIFTY50_INDEX_BREAKOUT_24009.50_20260901_103000_Structural_v3.3_ExitMgmt, payload={'symbol': 'NSE:NIFTY50-INDEX', 'signal': 'BUY PUT', 'strategy': 'BREAKOUT', 'price': 24064.75, 'stop_loss': 24074.05, 'take_profit': 23993.6, 'tp1': 24050.800000000003, 'rr_ratio': 7.65, 'timestamp': '2026-09-01T10:30:00+05:30', 'accepted': False, 'rejection_reasons': ['BIAS_MISMATCH', 'HIGH_WICKINESS'], 'features': {'date': '2026-09-01', 'strategy_name': 'Structural_v3', 'strategy_version': 'v3.2', 'feature_version': 'v1.1', 'market_regime': 'WEAK_TREND_DOWN_HIGH_VOL', 'day_type': 'NORMAL_DAY', 'session_type': 'MID', 'daily_bias': 'NEUTRAL', 'hourly_bias': 'NEUTRAL', 'trend_strength': 0.0, 'rvol': 2.67, 'rvol_threshold': 1.0, 'atr': 18.6, 'distance_from_supply': 313.85, 'distance_from_demand': 71.15, 'nearest_supply_strength': 101.9, 'nearest_demand_strength': 73.3, 'distance_to_liquidity_pool': 71.15000000000146, 'liquidity_score': 26.7, 'indicator_snapshot': {'rvol_tod': 2.67, 'is_compressed': True, 'bos_count': 0}, 'move_efficiency': 0.8057, 'wickiness': 0.6117, 'fft_score': 0.0, 'setup_type': 'BREAKOUT', 'candidate_id': 'cand_NSE_NIFTY50_INDEX_BREAKOUT_24009.50_20260901_103000', 'ema20': 24047.16, 'ema50': 24049.57, 'move_efficiency_h1': 0.085, 'ema_bullish': False, 'rsi14': 60.17, 'rsi2': 71.84, 'distance_to_vwap': 0.0009, 'atr_percentile': 0.8152, 'dist_prev_high': -0.0027, 'dist_prev_low': 0.0007, 'adx': 15.19, 'adx_slope': 2.5949, 'gap_pct': 0.0009, 'regime_primary': 'WEAK_TREND_DOWN', 'regime_vol_state': 'HIGH_VOL'}, 'candidate_id': 'cand_NSE_NIFTY50_INDEX_BREAKOUT_24009.50_20260901_103000_Structural_v3.3_ExitMgmt', 'experiment_name': 'Structural_v3.3_ExitMgmt', 'strategy_id': 'structural', 'version': 'v3.2'}
2026-09-01 10:35:13,666 - INFO - Resolved active expiry from DB: 26901 (2026-09-01)
2026-09-01 10:35:13,682 - INFO - Resolved index signal into option contract: OptionContract(symbol='NSE:NIFTY2690124050PE', strike=24050.0, expiry='26901', option_type='PE', premium=29.25, delta=0.5, bid=29.25, ask=29.3, volume=392363725, resolved_at=datetime.datetime(2026, 9, 1, 10, 35, 13, 682866))
2026-09-01 10:35:13,683 - INFO - ⚡ Option strike selection resolved index signal to contract NSE:NIFTY2690124050PE @ premium 29.25 (type: PE, strike: 24050.0)
2026-09-01 10:35:13,683 - INFO - 📊 EXECUTION AUDIT [STRIKE_SELECTED]: trade_id=None, candidate_id=cand_NSE_NIFTY50_INDEX_BREAKOUT_24009.50_20260901_103000_Structural_v3.3_ExitMgmt, payload={'symbol': 'NSE:NIFTY2690124050PE', 'strike': 24050.0, 'expiry': '26901', 'type': 'PE'}
2026-09-01 10:35:13,697 - INFO - 📊 EXECUTION AUDIT [PREMIUM_RETRIEVED]: trade_id=None, candidate_id=cand_NSE_NIFTY50_INDEX_BREAKOUT_24009.50_20260901_103000_Structural_v3.3_ExitMgmt, payload={'premium': 29.25, 'bid': 29.25, 'ask': 29.3}
2026-09-01 10:35:13,711 - INFO - 📊 EXECUTION AUDIT [CF_SUBMITTED]: trade_id=None, candidate_id=cand_NSE_NIFTY50_INDEX_BREAKOUT_24009.50_20260901_103000_Structural_v3.3_ExitMgmt, payload={'price': 24064.75, 'sl': 24074.05, 'tp': 23993.6}
2026-09-01 10:35:13,725 - INFO - 📊 EXECUTION AUDIT [CF_FILLED]: trade_id=None, candidate_id=cand_NSE_NIFTY50_INDEX_BREAKOUT_24009.50_20260901_103000_Structural_v3.3_ExitMgmt, payload={'price': 24064.75, 'sl': 24074.05, 'tp': 23993.6}
2026-09-01 10:35:13,740 - INFO - 💰 Position size [BREAKOUT|WEAK_TREND_DOWN_HIGH_VOL|conf=70]: frac=0.004 → ₹5,000 (risk/unit=0.04%)
2026-09-01 10:35:13,769 - INFO - 🟢 ENTRY [CF|Structural_v3.3_ExitMgmt|ctural_v3.3_ExitMgmt]: NSE:NIFTY50-INDEX BUY PUT @ 24064.75 | SL: 24074.05 TP: 23993.60
2026-09-01 10:35:13,769 - INFO - 🚀 COMBO SIGNAL: NSE:NIFTY50-INDEX BEAR_PUT_SPREAD | [VerticalSpread_v1.0]
2026-09-01 10:35:13,783 - INFO - Resolved active expiry from DB: 26901 (2026-09-01)
2026-09-01 10:35:13,813 - INFO - Resolved BEAR_PUT_SPREAD for NSE:NIFTY50-INDEX: [('PE', 'BUY', 24050.0), ('PE', 'SELL', 23950.0)] net_premium=22.95 max_loss=22.95
2026-09-01 10:35:13,813 - INFO - 💰 Combo lots [BEAR_PUT_SPREAD|WEAK_TREND_DOWN_HIGH_VOL|conf=1]: budget=₹319 / max_loss=22.95 → 13 lots
2026-09-01 10:35:13,837 - INFO - 🟢 COMBO ENTRY [VerticalSpread_v1.0|_VerticalSpread_v1.0]: NSE:NIFTY50-INDEX BEAR_PUT_SPREAD | Net premium: 22.95 | Max loss: 22.95
2026-09-01 10:35:15,747 - INFO - Resolved active expiry from DB: 26SEP (2026-09-29)
2026-09-01 10:35:15,748 - INFO - 👻 [Structural_v3.2_RVOL1.0] CF BREAKOUT NSE:NIFTYBANK-INDEX BUY CALL | Rejected: ['BIAS_MISMATCH', 'LOW_EFFICIENCY', 'HIGH_WICKINESS']
2026-09-01 10:35:15,748 - INFO - 📊 EXECUTION AUDIT [SIGNAL_GENERATED]: trade_id=None, candidate_id=cand_NSE_NIFTYBANK_INDEX_BREAKOUT_57572.70_20260901_103000_Structural_v3.2_RVOL1.0, payload={'symbol': 'NSE:NIFTYBANK-INDEX', 'signal': 'BUY CALL', 'strategy': 'BREAKOUT', 'price': 57459.9, 'stop_loss': 57430.99464285714, 'take_profit': 57748.95357142857, 'tp1': 57503.25803571429, 'rr_ratio': 10.0, 'timestamp': '2026-09-01T10:30:00+05:30', 'accepted': False, 'rejection_reasons': ['BIAS_MISMATCH', 'LOW_EFFICIENCY', 'HIGH_WICKINESS'], 'features': {'date': '2026-09-01', 'strategy_name': 'Structural_v3', 'strategy_version': 'v3.2', 'feature_version': 'v1.1', 'market_regime': 'GAP_UP_HIGH_VOL', 'day_type': 'NORMAL_DAY', 'session_type': 'MID', 'daily_bias': 'NEUTRAL', 'hourly_bias': 'NEUTRAL', 'trend_strength': 0.0, 'rvol': 3.97, 'rvol_threshold': 1.0, 'atr': 57.81, 'distance_from_supply': 544.33, 'distance_from_demand': 232.37, 'nearest_supply_strength': 87.1, 'nearest_demand_strength': 69.1, 'distance_to_liquidity_pool': 232.3666666666686, 'liquidity_score': 39.7, 'indicator_snapshot': {'rvol_tod': 3.97, 'is_compressed': False, 'bos_count': 0}, 'move_efficiency': 0.5311, 'wickiness': 0.5226, 'fft_score': 0.0, 'setup_type': 'BREAKOUT', 'candidate_id': 'cand_NSE_NIFTYBANK_INDEX_BREAKOUT_57572.70_20260901_103000', 'ema20': 57413.23, 'ema50': 57393.49, 'move_efficiency_h1': 0.0233, 'ema_bullish': True, 'rsi14': 61.89, 'rsi2': 0.0, 'distance_to_vwap': 0.0006, 'atr_percentile': 0.8199, 'dist_prev_high': -0.0002, 'dist_prev_low': 0.0039, 'adx': 15.53, 'adx_slope': 2.7542, 'gap_pct': 0.0045, 'regime_primary': 'GAP_UP', 'regime_vol_state': 'HIGH_VOL'}, 'candidate_id': 'cand_NSE_NIFTYBANK_INDEX_BREAKOUT_57572.70_20260901_103000_Structural_v3.2_RVOL1.0', 'experiment_name': 'Structural_v3.2_RVOL1.0', 'strategy_id': 'structural', 'version': 'v3.2'}
2026-09-01 10:35:15,771 - INFO - Resolved active expiry from DB: 26SEP (2026-09-29)
2026-09-01 10:35:15,787 - INFO - Resolved index signal into option contract: OptionContract(symbol='NSE:BANKNIFTY26SEP57500CE', strike=57500.0, expiry='26SEP', option_type='CE', premium=869.95, delta=0.5, bid=867.7, ask=869.8, volume=1091850, resolved_at=datetime.datetime(2026, 9, 1, 10, 35, 15, 787273))
2026-09-01 10:35:15,787 - INFO - ⚡ Option strike selection resolved index signal to contract NSE:BANKNIFTY26SEP57500CE @ premium 869.95 (type: CE, strike: 57500.0)
2026-09-01 10:35:15,787 - INFO - 📊 EXECUTION AUDIT [STRIKE_SELECTED]: trade_id=None, candidate_id=cand_NSE_NIFTYBANK_INDEX_BREAKOUT_57572.70_20260901_103000_Structural_v3.2_RVOL1.0, payload={'symbol': 'NSE:BANKNIFTY26SEP57500CE', 'strike': 57500.0, 'expiry': '26SEP', 'type': 'CE'}
2026-09-01 10:35:15,801 - INFO - 📊 EXECUTION AUDIT [PREMIUM_RETRIEVED]: trade_id=None, candidate_id=cand_NSE_NIFTYBANK_INDEX_BREAKOUT_57572.70_20260901_103000_Structural_v3.2_RVOL1.0, payload={'premium': 869.95, 'bid': 867.7, 'ask': 869.8}
2026-09-01 10:35:15,813 - INFO - 📊 EXECUTION AUDIT [CF_SUBMITTED]: trade_id=None, candidate_id=cand_NSE_NIFTYBANK_INDEX_BREAKOUT_57572.70_20260901_103000_Structural_v3.2_RVOL1.0, payload={'price': 57459.9, 'sl': 57430.99464285714, 'tp': 57748.95357142857}
2026-09-01 10:35:15,824 - INFO - 📊 EXECUTION AUDIT [CF_FILLED]: trade_id=None, candidate_id=cand_NSE_NIFTYBANK_INDEX_BREAKOUT_57572.70_20260901_103000_Structural_v3.2_RVOL1.0, payload={'price': 57459.9, 'sl': 57430.99464285714, 'tp': 57748.95357142857}
2026-09-01 10:35:15,836 - INFO - 💰 Position size [BREAKOUT|GAP_UP_HIGH_VOL|conf=70]: frac=0.002 → ₹5,000 (risk/unit=0.05%)
2026-09-01 10:35:15,862 - INFO - 🟢 ENTRY [CF|Structural_v3.2_RVOL1.0|uctural_v3.2_RVOL1.0]: NSE:NIFTYBANK-INDEX BUY CALL @ 57459.90 | SL: 57430.99 TP: 57748.95
2026-09-01 10:35:15,863 - INFO - 👻 [Structural_v3.2_RVOL0.8] CF BREAKOUT NSE:NIFTYBANK-INDEX BUY CALL | Rejected: ['BIAS_MISMATCH', 'LOW_EFFICIENCY', 'HIGH_WICKINESS']
2026-09-01 10:35:15,863 - INFO - 📊 EXECUTION AUDIT [SIGNAL_GENERATED]: trade_id=None, candidate_id=cand_NSE_NIFTYBANK_INDEX_BREAKOUT_57572.70_20260901_103000_Structural_v3.2_RVOL0.8, payload={'symbol': 'NSE:NIFTYBANK-INDEX', 'signal': 'BUY CALL', 'strategy': 'BREAKOUT', 'price': 57459.9, 'stop_loss': 57430.99464285714, 'take_profit': 57748.95357142857, 'tp1': 57503.25803571429, 'rr_ratio': 10.0, 'timestamp': '2026-09-01T10:30:00+05:30', 'accepted': False, 'rejection_reasons': ['BIAS_MISMATCH', 'LOW_EFFICIENCY', 'HIGH_WICKINESS'], 'features': {'date': '2026-09-01', 'strategy_name': 'Structural_v3', 'strategy_version': 'v3.2', 'feature_version': 'v1.1', 'market_regime': 'GAP_UP_HIGH_VOL', 'day_type': 'NORMAL_DAY', 'session_type': 'MID', 'daily_bias': 'NEUTRAL', 'hourly_bias': 'NEUTRAL', 'trend_strength': 0.0, 'rvol': 3.97, 'rvol_threshold': 0.8, 'atr': 57.81, 'distance_from_supply': 544.33, 'distance_from_demand': 232.37, 'nearest_supply_strength': 87.1, 'nearest_demand_strength': 69.1, 'distance_to_liquidity_pool': 232.3666666666686, 'liquidity_score': 39.7, 'indicator_snapshot': {'rvol_tod': 3.97, 'is_compressed': False, 'bos_count': 0}, 'move_efficiency': 0.5311, 'wickiness': 0.5226, 'fft_score': 0.0, 'setup_type': 'BREAKOUT', 'candidate_id': 'cand_NSE_NIFTYBANK_INDEX_BREAKOUT_57572.70_20260901_103000', 'ema20': 57413.23, 'ema50': 57393.49, 'move_efficiency_h1': 0.0233, 'ema_bullish': True, 'rsi14': 61.89, 'rsi2': 0.0, 'distance_to_vwap': 0.0006, 'atr_percentile': 0.8199, 'dist_prev_high': -0.0002, 'dist_prev_low': 0.0039, 'adx': 15.53, 'adx_slope': 2.7542, 'gap_pct': 0.0045, 'regime_primary': 'GAP_UP', 'regime_vol_state': 'HIGH_VOL'}, 'candidate_id': 'cand_NSE_NIFTYBANK_INDEX_BREAKOUT_57572.70_20260901_103000_Structural_v3.2_RVOL0.8', 'experiment_name': 'Structural_v3.2_RVOL0.8', 'strategy_id': 'structural', 'version': 'v3.2'}
2026-09-01 10:35:15,888 - INFO - Resolved active expiry from DB: 26SEP (2026-09-29)
2026-09-01 10:35:15,903 - INFO - Resolved index signal into option contract: OptionContract(symbol='NSE:BANKNIFTY26SEP57500CE', strike=57500.0, expiry='26SEP', option_type='CE', premium=869.95, delta=0.5, bid=867.7, ask=869.8, volume=1091850, resolved_at=datetime.datetime(2026, 9, 1, 10, 35, 15, 903614))
2026-09-01 10:35:15,903 - INFO - ⚡ Option strike selection resolved index signal to contract NSE:BANKNIFTY26SEP57500CE @ premium 869.95 (type: CE, strike: 57500.0)
2026-09-01 10:35:15,903 - INFO - 📊 EXECUTION AUDIT [STRIKE_SELECTED]: trade_id=None, candidate_id=cand_NSE_NIFTYBANK_INDEX_BREAKOUT_57572.70_20260901_103000_Structural_v3.2_RVOL0.8, payload={'symbol': 'NSE:BANKNIFTY26SEP57500CE', 'strike': 57500.0, 'expiry': '26SEP', 'type': 'CE'}
2026-09-01 10:35:15,917 - INFO - 📊 EXECUTION AUDIT [PREMIUM_RETRIEVED]: trade_id=None, candidate_id=cand_NSE_NIFTYBANK_INDEX_BREAKOUT_57572.70_20260901_103000_Structural_v3.2_RVOL0.8, payload={'premium': 869.95, 'bid': 867.7, 'ask': 869.8}
2026-09-01 10:35:15,931 - INFO - 📊 EXECUTION AUDIT [CF_SUBMITTED]: trade_id=None, candidate_id=cand_NSE_NIFTYBANK_INDEX_BREAKOUT_57572.70_20260901_103000_Structural_v3.2_RVOL0.8, payload={'price': 57459.9, 'sl': 57430.99464285714, 'tp': 57748.95357142857}
2026-09-01 10:35:15,944 - INFO - 📊 EXECUTION AUDIT [CF_FILLED]: trade_id=None, candidate_id=cand_NSE_NIFTYBANK_INDEX_BREAKOUT_57572.70_20260901_103000_Structural_v3.2_RVOL0.8, payload={'price': 57459.9, 'sl': 57430.99464285714, 'tp': 57748.95357142857}
2026-09-01 10:35:15,956 - INFO - 💰 Position size [BREAKOUT|GAP_UP_HIGH_VOL|conf=70]: frac=0.002 → ₹5,000 (risk/unit=0.05%)
2026-09-01 10:35:15,985 - INFO - 🟢 ENTRY [CF|Structural_v3.2_RVOL0.8|uctural_v3.2_RVOL0.8]: NSE:NIFTYBANK-INDEX BUY CALL @ 57459.90 | SL: 57430.99 TP: 57748.95
2026-09-01 10:35:15,985 - INFO - 👻 [Butterfly_v1.0] CF COMBO BUTTERFLY_SPREAD NSE:NIFTYBANK-INDEX BUTTERFLY_SPREAD | Rejected: ['HIGH_RVOL', 'COOLDOWN_AFTER_LOSS']
2026-09-01 10:35:15,999 - INFO - Resolved active expiry from DB: 26SEP (2026-09-29)
2026-09-01 10:35:16,065 - INFO - Resolved BUTTERFLY_SPREAD for NSE:NIFTYBANK-INDEX: [('CE', 'BUY', 57300.0), ('CE', 'SELL', 57500.0), ('CE', 'SELL', 57500.0), ('CE', 'BUY', 57700.0)] net_premium=16.05 max_loss=16.05
2026-09-01 10:35:16,092 - INFO - 🟢 CF COMBO ENTRY [Butterfly_v1.0|03505_Butterfly_v1.0]: NSE:NIFTYBANK-INDEX BUTTERFLY_SPREAD | Net premium: 16.05 | Max loss: 16.05
2026-09-01 10:35:35,103 - INFO - ⏱️ [Real-time Exit Loop] Checking open positions @ 10:35:35...
2026-09-01 10:35:36,369 - INFO - 📊 EXECUTION AUDIT [CF_SL_MODIFIED]: trade_id=None, candidate_id=cand_NSE_NIFTY50_INDEX_BREAKOUT_24009.50_20260901_103000_Structural_v3.2_RVOL1.0, payload={'price': 24062.45, 'old_sl': 24074.05, 'new_sl': 24071.75, 'old_tp': None, 'new_tp': 23993.6, 'reason': 'TRAILING_SL'}
2026-09-01 10:35:36,425 - INFO - 🟡 UPDATE (TRAILING_SL) [CFStructural_v3.2_RVOL1.0|uctural_v3.2_RVOL1.0]: NSE:NIFTY50-INDEX @ 24062.45 | SL→24071.75 TP→23993.60
2026-09-01 10:35:36,425 - INFO - 📊 EXECUTION AUDIT [CF_SL_MODIFIED]: trade_id=None, candidate_id=cand_NSE_NIFTY50_INDEX_BREAKOUT_24009.50_20260901_103000_Structural_v3.2_RVOL0.8, payload={'price': 24062.45, 'old_sl': 24074.05, 'new_sl': 24071.75, 'old_tp': None, 'new_tp': 23993.6, 'reason': 'TRAILING_SL'}
2026-09-01 10:35:36,462 - INFO - 🟡 UPDATE (TRAILING_SL) [CFStructural_v3.2_RVOL0.8|uctural_v3.2_RVOL0.8]: NSE:NIFTY50-INDEX @ 24062.45 | SL→24071.75 TP→23993.60
2026-09-01 10:35:36,462 - INFO - 📊 EXECUTION AUDIT [CF_SL_MODIFIED]: trade_id=None, candidate_id=cand_NSE_NIFTYBANK_INDEX_BREAKOUT_57572.70_20260901_103000_Structural_v3.2_RVOL1.0, payload={'price': 57463.6, 'old_sl': 57430.99464285714, 'new_sl': 57434.69464285714, 'old_tp': None, 'new_tp': 57748.95357142857, 'reason': 'TRAILING_SL'}
2026-09-01 10:35:36,507 - INFO - 🟡 UPDATE (TRAILING_SL) [CFStructural_v3.2_RVOL1.0|uctural_v3.2_RVOL1.0]: NSE:NIFTYBANK-INDEX @ 57463.60 | SL→57434.69 TP→57748.95
2026-09-01 10:35:36,507 - INFO - 📊 EXECUTION AUDIT [CF_SL_MODIFIED]: trade_id=None, candidate_id=cand_NSE_NIFTYBANK_INDEX_BREAKOUT_57572.70_20260901_103000_Structural_v3.2_RVOL0.8, payload={'price': 57463.6, 'old_sl': 57430.99464285714, 'new_sl': 57434.69464285714, 'old_tp': None, 'new_tp': 57748.95357142857, 'reason': 'TRAILING_SL'}
2026-09-01 10:35:36,547 - INFO - 🟡 UPDATE (TRAILING_SL) [CFStructural_v3.2_RVOL0.8|uctural_v3.2_RVOL0.8]: NSE:NIFTYBANK-INDEX @ 57463.60 | SL→57434.69 TP→57748.95
2026-09-01 10:35:37,623 - INFO - 🔴 CF COMBO EXIT (STOP_R) [Butterfly_v1.0|03505_Butterfly_v1.0]: NSE:NIFTYBANK-INDEX BUTTERFLY_SPREAD | PnL -0.56R | 0min
2026-09-01 10:35:40,861 - INFO - 📊 Saved 22 snapshots for NSE:NIFTYBANK-INDEX  (oi range: 16,980–1,984,200)
2026-09-01 10:35:42,121 - INFO - 📡 Fetching NSE:NIFTY50-INDEX @ 24065  expiry=26901  strikes=ATM±5
2026-09-01 10:36:05,624 - INFO - ⏱️ [Real-time Exit Loop] Checking open positions @ 10:36:05...
2026-09-01 10:36:06,706 - INFO - 📊 EXECUTION AUDIT [CF_SL_MODIFIED]: trade_id=None, candidate_id=cand_NSE_NIFTY50_INDEX_BREAKOUT_24009.50_20260901_103000_Structural_v3.2_RVOL1.0, payload={'price': 24060.95, 'old_sl': 24071.75, 'new_sl': 24070.25, 'old_tp': None, 'new_tp': 23993.6, 'reason': 'TRAILING_SL'}
2026-09-01 10:36:06,752 - INFO - 🟡 UPDATE (TRAILING_SL) [CFStructural_v3.2_RVOL1.0|uctural_v3.2_RVOL1.0]: NSE:NIFTY50-INDEX @ 24060.95 | SL→24070.25 TP→23993.60
2026-09-01 10:36:06,752 - INFO - 📊 EXECUTION AUDIT [CF_SL_MODIFIED]: trade_id=None, candidate_id=cand_NSE_NIFTY50_INDEX_BREAKOUT_24009.50_20260901_103000_Structural_v3.2_RVOL0.8, payload={'price': 24060.95, 'old_sl': 24071.75, 'new_sl': 24070.25, 'old_tp': None, 'new_tp': 23993.6, 'reason': 'TRAILING_SL'}
2026-09-01 10:36:06,786 - INFO - 🟡 UPDATE (TRAILING_SL) [CFStructural_v3.2_RVOL0.8|uctural_v3.2_RVOL0.8]: NSE:NIFTY50-INDEX @ 24060.95 | SL→24070.25 TP→23993.60
2026-09-01 10:36:11,859 - INFO - 📊 Saved 22 snapshots for NSE:NIFTY50-INDEX  (oi range: 476,580–53,218,360)
2026-09-01 10:36:13,974 - INFO - 📡 Fetching NSE:NIFTYBANK-INDEX @ 57445  expiry=26SEP  strikes=ATM±5
2026-09-01 10:36:35,780 - INFO - ⏱️ [Real-time Exit Loop] Checking open positions @ 10:36:35...
2026-09-01 10:36:44,126 - INFO - 📊 Saved 22 snapshots for NSE:NIFTYBANK-INDEX  (oi range: 5,040–1,986,270)
2026-09-01 10:36:45,230 - INFO - 📡 Fetching NSE:NIFTY50-INDEX @ 24063  expiry=26901  strikes=ATM±5
2026-09-01 10:37:05,840 - INFO - ⏱️ [Real-time Exit Loop] Checking open positions @ 10:37:05...
2026-09-01 10:37:15,188 - INFO - 📊 Saved 22 snapshots for NSE:NIFTY50-INDEX  (oi range: 471,900–53,776,710)
2026-09-01 10:37:17,306 - INFO - 📡 Fetching NSE:NIFTYBANK-INDEX @ 57460  expiry=26SEP  strikes=ATM±5
2026-09-01 10:37:35,934 - INFO - ⏱️ [Real-time Exit Loop] Checking open positions @ 10:37:35...
2026-09-01 10:37:47,383 - INFO - 📊 Saved 22 snapshots for NSE:NIFTYBANK-INDEX  (oi range: 16,950–1,987,980)
2026-09-01 10:37:48,501 - INFO - 📡 Fetching NSE:NIFTY50-INDEX @ 24071  expiry=26901  strikes=ATM±5
2026-09-01 10:38:05,001 - INFO - ⏱️ [Real-time Exit Loop] Checking open positions @ 10:38:05...
2026-09-01 10:38:06,084 - INFO - 📊 EXECUTION AUDIT [CF_SL_MODIFIED]: trade_id=None, candidate_id=cand_NSE_NIFTYBANK_INDEX_BREAKOUT_57572.70_20260901_103000_Structural_v3.2_RVOL1.0, payload={'price': 57467.45, 'old_sl': 57434.69464285714, 'new_sl': 57438.54464285714, 'old_tp': None, 'new_tp': 57748.95357142857, 'reason': 'TRAILING_SL'}
2026-09-01 10:38:06,131 - INFO - 🟡 UPDATE (TRAILING_SL) [CFStructural_v3.2_RVOL1.0|uctural_v3.2_RVOL1.0]: NSE:NIFTYBANK-INDEX @ 57467.45 | SL→57438.54 TP→57748.95
2026-09-01 10:38:06,131 - INFO - 📊 EXECUTION AUDIT [CF_SL_MODIFIED]: trade_id=None, candidate_id=cand_NSE_NIFTYBANK_INDEX_BREAKOUT_57572.70_20260901_103000_Structural_v3.2_RVOL0.8, payload={'price': 57467.45, 'old_sl': 57434.69464285714, 'new_sl': 57438.54464285714, 'old_tp': None, 'new_tp': 57748.95357142857, 'reason': 'TRAILING_SL'}
2026-09-01 10:38:06,164 - INFO - 🟡 UPDATE (TRAILING_SL) [CFStructural_v3.2_RVOL0.8|uctural_v3.2_RVOL0.8]: NSE:NIFTYBANK-INDEX @ 57467.45 | SL→57438.54 TP→57748.95
2026-09-01 10:38:18,030 - INFO - 📊 Saved 22 snapshots for NSE:NIFTY50-INDEX  (oi range: 483,015–53,990,755)
2026-09-01 10:38:20,145 - INFO - 📡 Fetching NSE:NIFTYBANK-INDEX @ 57468  expiry=26SEP  strikes=ATM±5
2026-09-01 10:38:35,136 - INFO - ⏱️ [Real-time Exit Loop] Checking open positions @ 10:38:35...
2026-09-01 10:38:36,228 - INFO - 📊 EXECUTION AUDIT [CF_SL_MODIFIED]: trade_id=None, candidate_id=cand_NSE_NIFTYBANK_INDEX_BREAKOUT_57572.70_20260901_103000_Structural_v3.2_RVOL1.0, payload={'price': 57470.55, 'old_sl': 57438.54464285714, 'new_sl': 57441.64464285714, 'old_tp': None, 'new_tp': 57748.95357142857, 'reason': 'TRAILING_SL'}
2026-09-01 10:38:36,275 - INFO - 🟡 UPDATE (TRAILING_SL) [CFStructural_v3.2_RVOL1.0|uctural_v3.2_RVOL1.0]: NSE:NIFTYBANK-INDEX @ 57470.55 | SL→57441.64 TP→57748.95
2026-09-01 10:38:36,275 - INFO - 📊 EXECUTION AUDIT [CF_SL_MODIFIED]: trade_id=None, candidate_id=cand_NSE_NIFTYBANK_INDEX_BREAKOUT_57572.70_20260901_103000_Structural_v3.2_RVOL0.8, payload={'price': 57470.55, 'old_sl': 57438.54464285714, 'new_sl': 57441.64464285714, 'old_tp': None, 'new_tp': 57748.95357142857, 'reason': 'TRAILING_SL'}
2026-09-01 10:38:36,309 - INFO - 🟡 UPDATE (TRAILING_SL) [CFStructural_v3.2_RVOL0.8|uctural_v3.2_RVOL0.8]: NSE:NIFTYBANK-INDEX @ 57470.55 | SL→57441.64 TP→57748.95
2026-09-01 10:38:50,000 - INFO - 📊 Saved 22 snapshots for NSE:NIFTYBANK-INDEX  (oi range: 16,920–1,989,510)
2026-09-01 10:38:51,099 - INFO - 📡 Fetching NSE:NIFTY50-INDEX @ 24069  expiry=26901  strikes=ATM±5
2026-09-01 10:39:05,282 - INFO - ⏱️ [Real-time Exit Loop] Checking open positions @ 10:39:05...
2026-09-01 10:39:06,539 - INFO - 📊 EXECUTION AUDIT [CF_SL_MODIFIED]: trade_id=None, candidate_id=cand_NSE_NIFTYBANK_INDEX_BREAKOUT_57572.70_20260901_103000_Structural_v3.2_RVOL1.0, payload={'price': 57471.9, 'old_sl': 57441.64464285714, 'new_sl': 57442.99464285714, 'old_tp': None, 'new_tp': 57748.95357142857, 'reason': 'TRAILING_SL'}
2026-09-01 10:39:06,596 - INFO - 🟡 UPDATE (TRAILING_SL) [CFStructural_v3.2_RVOL1.0|uctural_v3.2_RVOL1.0]: NSE:NIFTYBANK-INDEX @ 57471.90 | SL→57442.99 TP→57748.95
2026-09-01 10:39:06,596 - INFO - 📊 EXECUTION AUDIT [CF_SL_MODIFIED]: trade_id=None, candidate_id=cand_NSE_NIFTYBANK_INDEX_BREAKOUT_57572.70_20260901_103000_Structural_v3.2_RVOL0.8, payload={'price': 57471.9, 'old_sl': 57441.64464285714, 'new_sl': 57442.99464285714, 'old_tp': None, 'new_tp': 57748.95357142857, 'reason': 'TRAILING_SL'}
2026-09-01 10:39:06,637 - INFO - 🟡 UPDATE (TRAILING_SL) [CFStructural_v3.2_RVOL0.8|uctural_v3.2_RVOL0.8]: NSE:NIFTYBANK-INDEX @ 57471.90 | SL→57442.99 TP→57748.95
2026-09-01 10:39:21,388 - INFO - 📊 Saved 22 snapshots for NSE:NIFTY50-INDEX  (oi range: 483,730–53,765,790)
2026-09-01 10:39:23,500 - INFO - 📡 Fetching NSE:NIFTYBANK-INDEX @ 57478  expiry=26SEP  strikes=ATM±5
2026-09-01 10:39:35,666 - INFO - ⏱️ [Real-time Exit Loop] Checking open positions @ 10:39:35...
2026-09-01 10:39:53,225 - INFO - 📊 Saved 22 snapshots for NSE:NIFTYBANK-INDEX  (oi range: 16,950–1,986,930)
2026-09-01 10:39:54,317 - INFO - 📡 Fetching NSE:NIFTY50-INDEX @ 24068  expiry=26901  strikes=ATM±5
2026-09-01 10:40:05,701 - INFO - 🔔 [New Candle Closed] Running entry pipeline for candle 10:40 at 10:40:05...
2026-09-01 10:40:05,701 - INFO - --- 10:40:05 Market Pulse ---
2026-09-01 10:40:10,990 - INFO - 📊 EXECUTION AUDIT [CF_EXITED]: trade_id=None, candidate_id=cand_NSE_NIFTY50_INDEX_BREAKOUT_24009.50_20260901_103000_Structural_v3.2_RVOL1.0, payload={'exit_price': 24070.25, 'exit_reason': 'TRAILING_SL', 'pnl_r': -0.052901023890785, 'duration_minutes': 5.00058265, 'bars_held': 1}
2026-09-01 10:40:11,045 - INFO - 🔴 EXIT (TRAILING_SL) [CFStructural_v3.2_RVOL1.0|uctural_v3.2_RVOL1.0]: NSE:NIFTY50-INDEX @ 24070.25 | PnL -0.05R | MFE 0.41R | Capture -13% | 1bars HoldEff -0.053R/bar
2026-09-01 10:40:11,045 - INFO - 📊 EXECUTION AUDIT [CF_EXITED]: trade_id=None, candidate_id=cand_NSE_NIFTY50_INDEX_BREAKOUT_24009.50_20260901_103000_Structural_v3.2_RVOL0.8, payload={'exit_price': 24070.25, 'exit_reason': 'TRAILING_SL', 'pnl_r': -0.052901023890785, 'duration_minutes': 5.00058265, 'bars_held': 1}
2026-09-01 10:40:11,085 - INFO - 🔴 EXIT (TRAILING_SL) [CFStructural_v3.2_RVOL0.8|uctural_v3.2_RVOL0.8]: NSE:NIFTY50-INDEX @ 24070.25 | PnL -0.05R | MFE 0.41R | Capture -13% | 1bars HoldEff -0.053R/bar
2026-09-01 10:40:11,085 - INFO - 📊 EXECUTION AUDIT [CF_EXITED]: trade_id=None, candidate_id=cand_NSE_NIFTYBANK_INDEX_BREAKOUT_57572.70_20260901_103000_Structural_v3.2_RVOL1.0, payload={'exit_price': 57442.99464285714, 'exit_reason': 'TRAILING_SL', 'pnl_r': -0.009140032191308269, 'duration_minutes': 5.00058265, 'bars_held': 1}
2026-09-01 10:40:11,124 - INFO - 🔴 EXIT (TRAILING_SL) [CFStructural_v3.2_RVOL1.0|uctural_v3.2_RVOL1.0]: NSE:NIFTYBANK-INDEX @ 57442.99 | PnL -0.01R | MFE 0.42R | Capture -2% | 1bars HoldEff -0.009R/bar
2026-09-01 10:40:11,124 - INFO - 📊 EXECUTION AUDIT [CF_EXITED]: trade_id=None, candidate_id=cand_NSE_NIFTYBANK_INDEX_BREAKOUT_57572.70_20260901_103000_Structural_v3.2_RVOL0.8, payload={'exit_price': 57442.99464285714, 'exit_reason': 'TRAILING_SL', 'pnl_r': -0.009140032191308269, 'duration_minutes': 5.00058265, 'bars_held': 1}
2026-09-01 10:40:11,163 - INFO - 🔴 EXIT (TRAILING_SL) [CFStructural_v3.2_RVOL0.8|uctural_v3.2_RVOL0.8]: NSE:NIFTYBANK-INDEX @ 57442.99 | PnL -0.01R | MFE 0.42R | Capture -2% | 1bars HoldEff -0.009R/bar
2026-09-01 10:40:13,870 - INFO - Resolved active expiry from DB: 26901 (2026-09-01)
2026-09-01 10:40:13,871 - INFO - 👻 [Structural_v3.2_RVOL1.0] CF BREAKOUT NSE:NIFTY50-INDEX BUY PUT | Rejected: ['BIAS_MISMATCH', 'HIGH_WICKINESS']
2026-09-01 10:40:13,871 - INFO - 📊 EXECUTION AUDIT [SIGNAL_GENERATED]: trade_id=None, candidate_id=cand_NSE_NIFTY50_INDEX_BREAKOUT_24009.50_20260901_103500_Structural_v3.2_RVOL1.0, payload={'symbol': 'NSE:NIFTY50-INDEX', 'signal': 'BUY PUT', 'strategy': 'BREAKOUT', 'price': 24068.55, 'stop_loss': 24077.192857142858, 'take_profit': 23993.6, 'tp1': 24055.585714285713, 'rr_ratio': 8.67, 'timestamp': '2026-09-01T10:35:00+05:30', 'accepted': False, 'rejection_reasons': ['BIAS_MISMATCH', 'HIGH_WICKINESS'], 'features': {'date': '2026-09-01', 'strategy_name': 'Structural_v3', 'strategy_version': 'v3.2', 'feature_version': 'v1.1', 'market_regime': 'WEAK_TREND_DOWN_NORMAL', 'day_type': 'NORMAL_DAY', 'session_type': 'MID', 'daily_bias': 'NEUTRAL', 'hourly_bias': 'NEUTRAL', 'trend_strength': 0.0, 'rvol': 2.13, 'rvol_threshold': 1.0, 'atr': 17.29, 'distance_from_supply': 310.05, 'distance_from_demand': 74.95, 'nearest_supply_strength': 101.9, 'nearest_demand_strength': 73.3, 'distance_to_liquidity_pool': 74.95000000000073, 'liquidity_score': 21.299999999999997, 'indicator_snapshot': {'rvol_tod': 2.13, 'is_compressed': True, 'bos_count': 0}, 'move_efficiency': 0.8158, 'wickiness': 0.6458, 'fft_score': 0.0, 'setup_type': 'BREAKOUT', 'candidate_id': 'cand_NSE_NIFTY50_INDEX_BREAKOUT_24009.50_20260901_103500', 'ema20': 24049.19, 'ema50': 24050.31, 'move_efficiency_h1': 0.1171, 'ema_bullish': False, 'rsi14': 52.19, 'rsi2': 50.0, 'distance_to_vwap': 0.001, 'atr_percentile': 0.7867, 'dist_prev_high': -0.0025, 'dist_prev_low': 0.0009, 'adx': 16.05, 'adx_slope': 2.7051, 'gap_pct': 0.0009, 'regime_primary': 'WEAK_TREND_DOWN', 'regime_vol_state': 'NORMAL'}, 'candidate_id': 'cand_NSE_NIFTY50_INDEX_BREAKOUT_24009.50_20260901_103500_Structural_v3.2_RVOL1.0', 'experiment_name': 'Structural_v3.2_RVOL1.0', 'strategy_id': 'structural', 'version': 'v3.2'}
2026-09-01 10:40:13,893 - INFO - Resolved active expiry from DB: 26901 (2026-09-01)
2026-09-01 10:40:13,907 - INFO - Resolved index signal into option contract: OptionContract(symbol='NSE:NIFTY2690124050PE', strike=24050.0, expiry='26901', option_type='PE', premium=27.75, delta=0.5, bid=27.9, ask=27.95, volume=408299580, resolved_at=datetime.datetime(2026, 9, 1, 10, 40, 13, 907853))
2026-09-01 10:40:13,908 - INFO - ⚡ Option strike selection resolved index signal to contract NSE:NIFTY2690124050PE @ premium 27.75 (type: PE, strike: 24050.0)
2026-09-01 10:40:13,908 - INFO - 📊 EXECUTION AUDIT [STRIKE_SELECTED]: trade_id=None, candidate_id=cand_NSE_NIFTY50_INDEX_BREAKOUT_24009.50_20260901_103500_Structural_v3.2_RVOL1.0, payload={'symbol': 'NSE:NIFTY2690124050PE', 'strike': 24050.0, 'expiry': '26901', 'type': 'PE'}
2026-09-01 10:40:13,920 - INFO - 📊 EXECUTION AUDIT [PREMIUM_RETRIEVED]: trade_id=None, candidate_id=cand_NSE_NIFTY50_INDEX_BREAKOUT_24009.50_20260901_103500_Structural_v3.2_RVOL1.0, payload={'premium': 27.75, 'bid': 27.9, 'ask': 27.95}
2026-09-01 10:40:13,931 - INFO - 📊 EXECUTION AUDIT [CF_SUBMITTED]: trade_id=None, candidate_id=cand_NSE_NIFTY50_INDEX_BREAKOUT_24009.50_20260901_103500_Structural_v3.2_RVOL1.0, payload={'price': 24068.55, 'sl': 24077.192857142858, 'tp': 23993.6}
2026-09-01 10:40:13,944 - INFO - 📊 EXECUTION AUDIT [CF_FILLED]: trade_id=None, candidate_id=cand_NSE_NIFTY50_INDEX_BREAKOUT_24009.50_20260901_103500_Structural_v3.2_RVOL1.0, payload={'price': 24068.55, 'sl': 24077.192857142858, 'tp': 23993.6}
2026-09-01 10:40:13,957 - INFO - 💰 Position size [BREAKOUT|WEAK_TREND_DOWN_NORMAL|conf=70]: frac=0.005 → ₹5,000 (risk/unit=0.04%)
2026-09-01 10:40:13,984 - INFO - 🟢 ENTRY [CF|Structural_v3.2_RVOL1.0|uctural_v3.2_RVOL1.0]: NSE:NIFTY50-INDEX BUY PUT @ 24068.55 | SL: 24077.19 TP: 23993.60
2026-09-01 10:40:13,984 - INFO - 👻 [Structural_v3.2_RVOL0.8] CF BREAKOUT NSE:NIFTY50-INDEX BUY PUT | Rejected: ['BIAS_MISMATCH', 'HIGH_WICKINESS']
2026-09-01 10:40:13,984 - INFO - 📊 EXECUTION AUDIT [SIGNAL_GENERATED]: trade_id=None, candidate_id=cand_NSE_NIFTY50_INDEX_BREAKOUT_24009.50_20260901_103500_Structural_v3.2_RVOL0.8, payload={'symbol': 'NSE:NIFTY50-INDEX', 'signal': 'BUY PUT', 'strategy': 'BREAKOUT', 'price': 24068.55, 'stop_loss': 24077.192857142858, 'take_profit': 23993.6, 'tp1': 24055.585714285713, 'rr_ratio': 8.67, 'timestamp': '2026-09-01T10:35:00+05:30', 'accepted': False, 'rejection_reasons': ['BIAS_MISMATCH', 'HIGH_WICKINESS'], 'features': {'date': '2026-09-01', 'strategy_name': 'Structural_v3', 'strategy_version': 'v3.2', 'feature_version': 'v1.1', 'market_regime': 'WEAK_TREND_DOWN_NORMAL', 'day_type': 'NORMAL_DAY', 'session_type': 'MID', 'daily_bias': 'NEUTRAL', 'hourly_bias': 'NEUTRAL', 'trend_strength': 0.0, 'rvol': 2.13, 'rvol_threshold': 0.8, 'atr': 17.29, 'distance_from_supply': 310.05, 'distance_from_demand': 74.95, 'nearest_supply_strength': 101.9, 'nearest_demand_strength': 73.3, 'distance_to_liquidity_pool': 74.95000000000073, 'liquidity_score': 21.299999999999997, 'indicator_snapshot': {'rvol_tod': 2.13, 'is_compressed': True, 'bos_count': 0}, 'move_efficiency': 0.8158, 'wickiness': 0.6458, 'fft_score': 0.0, 'setup_type': 'BREAKOUT', 'candidate_id': 'cand_NSE_NIFTY50_INDEX_BREAKOUT_24009.50_20260901_103500', 'ema20': 24049.19, 'ema50': 24050.31, 'move_efficiency_h1': 0.1171, 'ema_bullish': False, 'rsi14': 52.19, 'rsi2': 50.0, 'distance_to_vwap': 0.001, 'atr_percentile': 0.7867, 'dist_prev_high': -0.0025, 'dist_prev_low': 0.0009, 'adx': 16.05, 'adx_slope': 2.7051, 'gap_pct': 0.0009, 'regime_primary': 'WEAK_TREND_DOWN', 'regime_vol_state': 'NORMAL'}, 'candidate_id': 'cand_NSE_NIFTY50_INDEX_BREAKOUT_24009.50_20260901_103500_Structural_v3.2_RVOL0.8', 'experiment_name': 'Structural_v3.2_RVOL0.8', 'strategy_id': 'structural', 'version': 'v3.2'}
2026-09-01 10:40:14,011 - INFO - Resolved active expiry from DB: 26901 (2026-09-01)
2026-09-01 10:40:14,026 - INFO - Resolved index signal into option contract: OptionContract(symbol='NSE:NIFTY2690124050PE', strike=24050.0, expiry='26901', option_type='PE', premium=27.75, delta=0.5, bid=27.9, ask=27.95, volume=408299580, resolved_at=datetime.datetime(2026, 9, 1, 10, 40, 14, 26593))
2026-09-01 10:40:14,026 - INFO - ⚡ Option strike selection resolved index signal to contract NSE:NIFTY2690124050PE @ premium 27.75 (type: PE, strike: 24050.0)
2026-09-01 10:40:14,026 - INFO - 📊 EXECUTION AUDIT [STRIKE_SELECTED]: trade_id=None, candidate_id=cand_NSE_NIFTY50_INDEX_BREAKOUT_24009.50_20260901_103500_Structural_v3.2_RVOL0.8, payload={'symbol': 'NSE:NIFTY2690124050PE', 'strike': 24050.0, 'expiry': '26901', 'type': 'PE'}
2026-09-01 10:40:14,038 - INFO - 📊 EXECUTION AUDIT [PREMIUM_RETRIEVED]: trade_id=None, candidate_id=cand_NSE_NIFTY50_INDEX_BREAKOUT_24009.50_20260901_103500_Structural_v3.2_RVOL0.8, payload={'premium': 27.75, 'bid': 27.9, 'ask': 27.95}
2026-09-01 10:40:14,051 - INFO - 📊 EXECUTION AUDIT [CF_SUBMITTED]: trade_id=None, candidate_id=cand_NSE_NIFTY50_INDEX_BREAKOUT_24009.50_20260901_103500_Structural_v3.2_RVOL0.8, payload={'price': 24068.55, 'sl': 24077.192857142858, 'tp': 23993.6}
2026-09-01 10:40:14,062 - INFO - 📊 EXECUTION AUDIT [CF_FILLED]: trade_id=None, candidate_id=cand_NSE_NIFTY50_INDEX_BREAKOUT_24009.50_20260901_103500_Structural_v3.2_RVOL0.8, payload={'price': 24068.55, 'sl': 24077.192857142858, 'tp': 23993.6}
2026-09-01 10:40:14,074 - INFO - 💰 Position size [BREAKOUT|WEAK_TREND_DOWN_NORMAL|conf=70]: frac=0.005 → ₹5,000 (risk/unit=0.04%)
2026-09-01 10:40:14,099 - INFO - 🟢 ENTRY [CF|Structural_v3.2_RVOL0.8|uctural_v3.2_RVOL0.8]: NSE:NIFTY50-INDEX BUY PUT @ 24068.55 | SL: 24077.19 TP: 23993.60
2026-09-01 10:40:15,885 - INFO - Resolved active expiry from DB: 26SEP (2026-09-29)
2026-09-01 10:40:15,886 - INFO - 👻 [Structural_v3.2_RVOL1.0] CF BREAKOUT NSE:NIFTYBANK-INDEX BUY CALL | Rejected: ['BIAS_MISMATCH', 'LOW_EFFICIENCY', 'HIGH_WICKINESS']
2026-09-01 10:40:15,886 - INFO - 📊 EXECUTION AUDIT [SIGNAL_GENERATED]: trade_id=None, candidate_id=cand_NSE_NIFTYBANK_INDEX_BREAKOUT_57572.70_20260901_103500_Structural_v3.2_RVOL1.0, payload={'symbol': 'NSE:NIFTYBANK-INDEX', 'signal': 'BUY CALL', 'strategy': 'BREAKOUT', 'price': 57460.6, 'stop_loss': 57434.146428571425, 'take_profit': 57725.13571428571, 'tp1': 57500.28035714286, 'rr_ratio': 10.0, 'timestamp': '2026-09-01T10:35:00+05:30', 'accepted': False, 'rejection_reasons': ['BIAS_MISMATCH', 'LOW_EFFICIENCY', 'HIGH_WICKINESS'], 'features': {'date': '2026-09-01', 'strategy_name': 'Structural_v3', 'strategy_version': 'v3.2', 'feature_version': 'v1.1', 'market_regime': 'GAP_UP_NORMAL', 'day_type': 'NORMAL_DAY', 'session_type': 'MID', 'daily_bias': 'NEUTRAL', 'hourly_bias': 'NEUTRAL', 'trend_strength': 0.0, 'rvol': 2.71, 'rvol_threshold': 1.0, 'atr': 52.91, 'distance_from_supply': 543.63, 'distance_from_demand': 233.07, 'nearest_supply_strength': 87.1, 'nearest_demand_strength': 69.0, 'distance_to_liquidity_pool': 233.0666666666657, 'liquidity_score': 27.1, 'indicator_snapshot': {'rvol_tod': 2.71, 'is_compressed': False, 'bos_count': 0}, 'move_efficiency': 0.5451, 'wickiness': 0.6449, 'fft_score': 0.0, 'setup_type': 'BREAKOUT', 'candidate_id': 'cand_NSE_NIFTYBANK_INDEX_BREAKOUT_57572.70_20260901_103500', 'ema20': 57417.74, 'ema50': 57396.13, 'move_efficiency_h1': 0.0232, 'ema_bullish': True, 'rsi14': 53.34, 'rsi2': 14.29, 'distance_to_vwap': 0.0006, 'atr_percentile': 0.7251, 'dist_prev_high': -0.0002, 'dist_prev_low': 0.0039, 'adx': 16.09, 'adx_slope': 2.5195, 'gap_pct': 0.0045, 'regime_primary': 'GAP_UP', 'regime_vol_state': 'NORMAL'}, 'candidate_id': 'cand_NSE_NIFTYBANK_INDEX_BREAKOUT_57572.70_20260901_103500_Structural_v3.2_RVOL1.0', 'experiment_name': 'Structural_v3.2_RVOL1.0', 'strategy_id': 'structural', 'version': 'v3.2'}
2026-09-01 10:40:15,909 - INFO - Resolved active expiry from DB: 26SEP (2026-09-29)
2026-09-01 10:40:15,921 - INFO - Resolved index signal into option contract: OptionContract(symbol='NSE:BANKNIFTY26SEP57500CE', strike=57500.0, expiry='26SEP', option_type='CE', premium=867.45, delta=0.5, bid=865.2, ask=867.55, volume=1118550, resolved_at=datetime.datetime(2026, 9, 1, 10, 40, 15, 921461))
2026-09-01 10:40:15,921 - INFO - ⚡ Option strike selection resolved index signal to contract NSE:BANKNIFTY26SEP57500CE @ premium 867.45 (type: CE, strike: 57500.0)
2026-09-01 10:40:15,921 - INFO - 📊 EXECUTION AUDIT [STRIKE_SELECTED]: trade_id=None, candidate_id=cand_NSE_NIFTYBANK_INDEX_BREAKOUT_57572.70_20260901_103500_Structural_v3.2_RVOL1.0, payload={'symbol': 'NSE:BANKNIFTY26SEP57500CE', 'strike': 57500.0, 'expiry': '26SEP', 'type': 'CE'}
2026-09-01 10:40:15,931 - INFO - 📊 EXECUTION AUDIT [PREMIUM_RETRIEVED]: trade_id=None, candidate_id=cand_NSE_NIFTYBANK_INDEX_BREAKOUT_57572.70_20260901_103500_Structural_v3.2_RVOL1.0, payload={'premium': 867.45, 'bid': 865.2, 'ask': 867.55}
2026-09-01 10:40:15,945 - INFO - 📊 EXECUTION AUDIT [CF_SUBMITTED]: trade_id=None, candidate_id=cand_NSE_NIFTYBANK_INDEX_BREAKOUT_57572.70_20260901_103500_Structural_v3.2_RVOL1.0, payload={'price': 57460.6, 'sl': 57434.146428571425, 'tp': 57725.13571428571}
2026-09-01 10:40:15,959 - INFO - 📊 EXECUTION AUDIT [CF_FILLED]: trade_id=None, candidate_id=cand_NSE_NIFTYBANK_INDEX_BREAKOUT_57572.70_20260901_103500_Structural_v3.2_RVOL1.0, payload={'price': 57460.6, 'sl': 57434.146428571425, 'tp': 57725.13571428571}
2026-09-01 10:40:15,971 - INFO - 💰 Position size [BREAKOUT|GAP_UP_NORMAL|conf=70]: frac=0.003 → ₹5,000 (risk/unit=0.05%)
2026-09-01 10:40:15,997 - INFO - 🟢 ENTRY [CF|Structural_v3.2_RVOL1.0|uctural_v3.2_RVOL1.0]: NSE:NIFTYBANK-INDEX BUY CALL @ 57460.60 | SL: 57434.15 TP: 57725.14
2026-09-01 10:40:15,998 - INFO - 👻 [Structural_v3.2_RVOL0.8] CF BREAKOUT NSE:NIFTYBANK-INDEX BUY CALL | Rejected: ['BIAS_MISMATCH', 'LOW_EFFICIENCY', 'HIGH_WICKINESS']
2026-09-01 10:40:15,998 - INFO - 📊 EXECUTION AUDIT [SIGNAL_GENERATED]: trade_id=None, candidate_id=cand_NSE_NIFTYBANK_INDEX_BREAKOUT_57572.70_20260901_103500_Structural_v3.2_RVOL0.8, payload={'symbol': 'NSE:NIFTYBANK-INDEX', 'signal': 'BUY CALL', 'strategy': 'BREAKOUT', 'price': 57460.6, 'stop_loss': 57434.146428571425, 'take_profit': 57725.13571428571, 'tp1': 57500.28035714286, 'rr_ratio': 10.0, 'timestamp': '2026-09-01T10:35:00+05:30', 'accepted': False, 'rejection_reasons': ['BIAS_MISMATCH', 'LOW_EFFICIENCY', 'HIGH_WICKINESS'], 'features': {'date': '2026-09-01', 'strategy_name': 'Structural_v3', 'strategy_version': 'v3.2', 'feature_version': 'v1.1', 'market_regime': 'GAP_UP_NORMAL', 'day_type': 'NORMAL_DAY', 'session_type': 'MID', 'daily_bias': 'NEUTRAL', 'hourly_bias': 'NEUTRAL', 'trend_strength': 0.0, 'rvol': 2.71, 'rvol_threshold': 0.8, 'atr': 52.91, 'distance_from_supply': 543.63, 'distance_from_demand': 233.07, 'nearest_supply_strength': 87.1, 'nearest_demand_strength': 69.0, 'distance_to_liquidity_pool': 233.0666666666657, 'liquidity_score': 27.1, 'indicator_snapshot': {'rvol_tod': 2.71, 'is_compressed': False, 'bos_count': 0}, 'move_efficiency': 0.5451, 'wickiness': 0.6449, 'fft_score': 0.0, 'setup_type': 'BREAKOUT', 'candidate_id': 'cand_NSE_NIFTYBANK_INDEX_BREAKOUT_57572.70_20260901_103500', 'ema20': 57417.74, 'ema50': 57396.13, 'move_efficiency_h1': 0.0232, 'ema_bullish': True, 'rsi14': 53.34, 'rsi2': 14.29, 'distance_to_vwap': 0.0006, 'atr_percentile': 0.7251, 'dist_prev_high': -0.0002, 'dist_prev_low': 0.0039, 'adx': 16.09, 'adx_slope': 2.5195, 'gap_pct': 0.0045, 'regime_primary': 'GAP_UP', 'regime_vol_state': 'NORMAL'}, 'candidate_id': 'cand_NSE_NIFTYBANK_INDEX_BREAKOUT_57572.70_20260901_103500_Structural_v3.2_RVOL0.8', 'experiment_name': 'Structural_v3.2_RVOL0.8', 'strategy_id': 'structural', 'version': 'v3.2'}
2026-09-01 10:40:16,023 - INFO - Resolved active expiry from DB: 26SEP (2026-09-29)
2026-09-01 10:40:16,038 - INFO - Resolved index signal into option contract: OptionContract(symbol='NSE:BANKNIFTY26SEP57500CE', strike=57500.0, expiry='26SEP', option_type='CE', premium=867.45, delta=0.5, bid=865.2, ask=867.55, volume=1118550, resolved_at=datetime.datetime(2026, 9, 1, 10, 40, 16, 38234))
2026-09-01 10:40:16,038 - INFO - ⚡ Option strike selection resolved index signal to contract NSE:BANKNIFTY26SEP57500CE @ premium 867.45 (type: CE, strike: 57500.0)
2026-09-01 10:40:16,038 - INFO - 📊 EXECUTION AUDIT [STRIKE_SELECTED]: trade_id=None, candidate_id=cand_NSE_NIFTYBANK_INDEX_BREAKOUT_57572.70_20260901_103500_Structural_v3.2_RVOL0.8, payload={'symbol': 'NSE:BANKNIFTY26SEP57500CE', 'strike': 57500.0, 'expiry': '26SEP', 'type': 'CE'}
2026-09-01 10:40:16,050 - INFO - 📊 EXECUTION AUDIT [PREMIUM_RETRIEVED]: trade_id=None, candidate_id=cand_NSE_NIFTYBANK_INDEX_BREAKOUT_57572.70_20260901_103500_Structural_v3.2_RVOL0.8, payload={'premium': 867.45, 'bid': 865.2, 'ask': 867.55}
2026-09-01 10:40:16,063 - INFO - 📊 EXECUTION AUDIT [CF_SUBMITTED]: trade_id=None, candidate_id=cand_NSE_NIFTYBANK_INDEX_BREAKOUT_57572.70_20260901_103500_Structural_v3.2_RVOL0.8, payload={'price': 57460.6, 'sl': 57434.146428571425, 'tp': 57725.13571428571}
2026-09-01 10:40:16,076 - INFO - 📊 EXECUTION AUDIT [CF_FILLED]: trade_id=None, candidate_id=cand_NSE_NIFTYBANK_INDEX_BREAKOUT_57572.70_20260901_103500_Structural_v3.2_RVOL0.8, payload={'price': 57460.6, 'sl': 57434.146428571425, 'tp': 57725.13571428571}
2026-09-01 10:40:16,088 - INFO - 💰 Position size [BREAKOUT|GAP_UP_NORMAL|conf=70]: frac=0.003 → ₹5,000 (risk/unit=0.05%)
2026-09-01 10:40:16,114 - INFO - 🟢 ENTRY [CF|Structural_v3.2_RVOL0.8|uctural_v3.2_RVOL0.8]: NSE:NIFTYBANK-INDEX BUY CALL @ 57460.60 | SL: 57434.15 TP: 57725.14
2026-09-01 10:40:16,114 - INFO - 🚀 SIGNAL: NSE:NIFTYBANK-INDEX BUY PUT | [PrevDay_Extremes_RVOL1.2]
2026-09-01 10:40:16,114 - INFO -    Entry: 57460.6 | SL: 57493.6365 | TP: 57227.53333333333 (RR: 7.05)
2026-09-01 10:40:16,114 - INFO - 📊 EXECUTION AUDIT [SIGNAL_GENERATED]: trade_id=trade_NSE_NIFTYBANK_INDEX_PrevDay_Extremes_RVOL1.2_1788239405, candidate_id=cand_NSE_NIFTYBANK_INDEX_PDHL_REVERSAL_57460.60_20260901_104005_PrevDay_Extremes_RVOL1.2, payload={'symbol': 'NSE:NIFTYBANK-INDEX', 'signal': 'BUY PUT', 'strategy': 'REVERSAL', 'price': 57460.6, 'stop_loss': 57493.6365, 'take_profit': 57227.53333333333, 'tp1': 57411.045249999996, 'rr_ratio': 7.05, 'timestamp': '2026-09-01T10:40:05.701499+05:30', 'accepted': True, 'rejection_reasons': [], 'features': {'atr': 52.91, 'ema20': 57417.74, 'ema50': 57396.13, 'move_efficiency': 0.5451, 'move_efficiency_h1': 0.0232, 'wickiness': 0.6449, 'ema_bullish': True, 'rsi14': 53.34, 'rsi2': 14.29, 'distance_to_vwap': 0.0006, 'atr_percentile': 0.7251, 'dist_prev_high': -0.0002, 'dist_prev_low': 0.0039, 'adx': 16.09, 'adx_slope': 2.5195, 'gap_pct': 0.0045, 'regime_primary': 'GAP_UP', 'regime_vol_state': 'NORMAL', 'market_regime': 'GAP_UP_NORMAL'}, 'candidate_id': 'cand_NSE_NIFTYBANK_INDEX_PDHL_REVERSAL_57460.60_20260901_104005_PrevDay_Extremes_RVOL1.2', 'confidence': 0.79, 'diagnostics': {'dist_prev_high': -0.0002, 'dist_prev_low': 0.0039, 'prev_high': 57472.09, 'prev_low': 57237.37, 'setup_type': 'REVERSAL', 'rvol': 2.71, 'atr': 52.91, 'atr_percentile': 0.725}, 'experiment_name': 'PrevDay_Extremes_RVOL1.2', 'strategy_id': 'prev_day_extremes', 'version': 'v1.0'}
2026-09-01 10:40:16,140 - INFO - Resolved active expiry from DB: 26SEP (2026-09-29)
2026-09-01 10:40:16,155 - INFO - Resolved index signal into option contract: OptionContract(symbol='NSE:BANKNIFTY26SEP57500PE', strike=57500.0, expiry='26SEP', option_type='PE', premium=596.0, delta=0.5, bid=594.35, ask=596.0, volume=1013490, resolved_at=datetime.datetime(2026, 9, 1, 10, 40, 16, 155553))
2026-09-01 10:40:16,155 - INFO - ⚡ Option strike selection resolved index signal to contract NSE:BANKNIFTY26SEP57500PE @ premium 596.0 (type: PE, strike: 57500.0)
2026-09-01 10:40:16,155 - INFO - 📊 EXECUTION AUDIT [STRIKE_SELECTED]: trade_id=trade_NSE_NIFTYBANK_INDEX_PrevDay_Extremes_RVOL1.2_1788239405, candidate_id=cand_NSE_NIFTYBANK_INDEX_PDHL_REVERSAL_57460.60_20260901_104005_PrevDay_Extremes_RVOL1.2, payload={'symbol': 'NSE:BANKNIFTY26SEP57500PE', 'strike': 57500.0, 'expiry': '26SEP', 'type': 'PE'}
2026-09-01 10:40:16,168 - INFO - 📊 EXECUTION AUDIT [PREMIUM_RETRIEVED]: trade_id=trade_NSE_NIFTYBANK_INDEX_PrevDay_Extremes_RVOL1.2_1788239405, candidate_id=cand_NSE_NIFTYBANK_INDEX_PDHL_REVERSAL_57460.60_20260901_104005_PrevDay_Extremes_RVOL1.2, payload={'premium': 596.0, 'bid': 594.35, 'ask': 596.0}
2026-09-01 10:40:16,180 - INFO - 📊 EXECUTION AUDIT [ORDER_SUBMITTED]: trade_id=trade_NSE_NIFTYBANK_INDEX_PrevDay_Extremes_RVOL1.2_1788239405, candidate_id=cand_NSE_NIFTYBANK_INDEX_PDHL_REVERSAL_57460.60_20260901_104005_PrevDay_Extremes_RVOL1.2, payload={'price': 57460.6, 'sl': 57493.6365, 'tp': 57227.53333333333}
2026-09-01 10:40:16,193 - INFO - 📊 EXECUTION AUDIT [ORDER_FILLED]: trade_id=trade_NSE_NIFTYBANK_INDEX_PrevDay_Extremes_RVOL1.2_1788239405, candidate_id=cand_NSE_NIFTYBANK_INDEX_PDHL_REVERSAL_57460.60_20260901_104005_PrevDay_Extremes_RVOL1.2, payload={'price': 57460.6, 'sl': 57493.6365, 'tp': 57227.53333333333}
2026-09-01 10:40:16,207 - INFO - 💰 Position size [REVERSAL|GAP_UP_NORMAL|conf=1]: frac=0.002 → ₹5,000 (risk/unit=0.06%)
2026-09-01 10:40:16,234 - INFO - 🟢 ENTRY [PrevDay_Extremes_RVOL1.2|OL1.2_1788239405]: NSE:NIFTYBANK-INDEX BUY PUT @ 57460.60 | SL: 57493.64 TP: 57227.53
2026-09-01 10:40:16,234 - INFO - 👻 [Butterfly_v1.0] CF COMBO BUTTERFLY_SPREAD NSE:NIFTYBANK-INDEX BUTTERFLY_SPREAD | Rejected: ['HIGH_RVOL', 'COOLDOWN_AFTER_LOSS']
2026-09-01 10:40:16,248 - INFO - Resolved active expiry from DB: 26SEP (2026-09-29)
2026-09-01 10:40:16,308 - INFO - Resolved BUTTERFLY_SPREAD for NSE:NIFTYBANK-INDEX: [('CE', 'BUY', 57300.0), ('CE', 'SELL', 57500.0), ('CE', 'SELL', 57500.0), ('CE', 'BUY', 57700.0)] net_premium=18.10 max_loss=18.10
2026-09-01 10:40:16,335 - INFO - 🟢 CF COMBO ENTRY [Butterfly_v1.0|04005_Butterfly_v1.0]: NSE:NIFTYBANK-INDEX BUTTERFLY_SPREAD | Net premium: 18.10 | Max loss: 18.10
2026-09-01 10:40:25,888 - INFO - 📊 Saved 22 snapshots for NSE:NIFTY50-INDEX  (oi range: 481,715–53,793,285)
2026-09-01 10:40:28,004 - INFO - 📡 Fetching NSE:NIFTYBANK-INDEX @ 57466  expiry=26SEP  strikes=ATM±5
2026-09-01 10:40:35,335 - INFO - ⏱️ [Real-time Exit Loop] Checking open positions @ 10:40:35...
2026-09-01 10:40:36,430 - INFO - 📊 EXECUTION AUDIT [SL_MODIFIED]: trade_id=trade_NSE_NIFTYBANK_INDEX_PrevDay_Extremes_RVOL1.2_1788239405, candidate_id=cand_NSE_NIFTYBANK_INDEX_PDHL_REVERSAL_57460.60_20260901_104005_PrevDay_Extremes_RVOL1.2, payload={'price': 57456.5, 'old_sl': 57493.6365, 'new_sl': 57489.5365, 'old_tp': None, 'new_tp': 57227.53333333333, 'reason': 'TRAILING_SL'}
2026-09-01 10:40:36,485 - INFO - 🟡 UPDATE (TRAILING_SL) [PrevDay_Extremes_RVOL1.2|Day_Extremes_RVOL1.2]: NSE:NIFTYBANK-INDEX @ 57456.50 | SL→57489.54 TP→57227.53
2026-09-01 10:40:36,507 - INFO - 📊 EXECUTION AUDIT [CF_SL_MODIFIED]: trade_id=None, candidate_id=cand_NSE_NIFTY50_INDEX_BREAKOUT_24009.50_20260901_103500_Structural_v3.2_RVOL1.0, payload={'price': 24068.3, 'old_sl': 24077.192857142858, 'new_sl': 24076.942857142858, 'old_tp': None, 'new_tp': 23993.6, 'reason': 'TRAILING_SL'}
2026-09-01 10:40:36,547 - INFO - 🟡 UPDATE (TRAILING_SL) [CFStructural_v3.2_RVOL1.0|uctural_v3.2_RVOL1.0]: NSE:NIFTY50-INDEX @ 24068.30 | SL→24076.94 TP→23993.60
2026-09-01 10:40:36,548 - INFO - 📊 EXECUTION AUDIT [CF_SL_MODIFIED]: trade_id=None, candidate_id=cand_NSE_NIFTY50_INDEX_BREAKOUT_24009.50_20260901_103500_Structural_v3.2_RVOL0.8, payload={'price': 24068.3, 'old_sl': 24077.192857142858, 'new_sl': 24076.942857142858, 'old_tp': None, 'new_tp': 23993.6, 'reason': 'TRAILING_SL'}
2026-09-01 10:40:36,587 - INFO - 🟡 UPDATE (TRAILING_SL) [CFStructural_v3.2_RVOL0.8|uctural_v3.2_RVOL0.8]: NSE:NIFTY50-INDEX @ 24068.30 | SL→24076.94 TP→23993.60
2026-09-01 10:40:37,636 - INFO - 🔴 CF COMBO EXIT (STOP_R) [Butterfly_v1.0|04005_Butterfly_v1.0]: NSE:NIFTYBANK-INDEX BUTTERFLY_SPREAD | PnL -0.60R | 0min
2026-09-01 10:40:57,856 - INFO - 📊 Saved 22 snapshots for NSE:NIFTYBANK-INDEX  (oi range: 16,950–1,988,430)
2026-09-01 10:40:58,958 - INFO - 📡 Fetching NSE:NIFTY50-INDEX @ 24066  expiry=26901  strikes=ATM±5
2026-09-01 10:41:05,636 - INFO - ⏱️ [Real-time Exit Loop] Checking open positions @ 10:41:05...
2026-09-01 10:41:06,739 - INFO - 📊 EXECUTION AUDIT [SL_MODIFIED]: trade_id=trade_NSE_NIFTYBANK_INDEX_PrevDay_Extremes_RVOL1.2_1788239405, candidate_id=cand_NSE_NIFTYBANK_INDEX_PDHL_REVERSAL_57460.60_20260901_104005_PrevDay_Extremes_RVOL1.2, payload={'price': 57451.15, 'old_sl': 57489.5365, 'new_sl': 57484.1865, 'old_tp': None, 'new_tp': 57227.53333333333, 'reason': 'TRAILING_SL'}
2026-09-01 10:41:06,795 - INFO - 🟡 UPDATE (TRAILING_SL) [PrevDay_Extremes_RVOL1.2|Day_Extremes_RVOL1.2]: NSE:NIFTYBANK-INDEX @ 57451.15 | SL→57484.19 TP→57227.53
2026-09-01 10:41:06,819 - INFO - 📊 EXECUTION AUDIT [CF_SL_MODIFIED]: trade_id=None, candidate_id=cand_NSE_NIFTY50_INDEX_BREAKOUT_24009.50_20260901_103500_Structural_v3.2_RVOL1.0, payload={'price': 24064.1, 'old_sl': 24076.942857142858, 'new_sl': 24072.742857142857, 'old_tp': None, 'new_tp': 23993.6, 'reason': 'TRAILING_SL'}
2026-09-01 10:41:06,862 - INFO - 🟡 UPDATE (TRAILING_SL) [CFStructural_v3.2_RVOL1.0|uctural_v3.2_RVOL1.0]: NSE:NIFTY50-INDEX @ 24064.10 | SL→24072.74 TP→23993.60
2026-09-01 10:41:06,862 - INFO - 📊 EXECUTION AUDIT [CF_SL_MODIFIED]: trade_id=None, candidate_id=cand_NSE_NIFTY50_INDEX_BREAKOUT_24009.50_20260901_103500_Structural_v3.2_RVOL0.8, payload={'price': 24064.1, 'old_sl': 24076.942857142858, 'new_sl': 24072.742857142857, 'old_tp': None, 'new_tp': 23993.6, 'reason': 'TRAILING_SL'}
2026-09-01 10:41:06,900 - INFO - 🟡 UPDATE (TRAILING_SL) [CFStructural_v3.2_RVOL0.8|uctural_v3.2_RVOL0.8]: NSE:NIFTY50-INDEX @ 24064.10 | SL→24072.74 TP→23993.60
2026-09-01 10:41:30,235 - INFO - 📊 Saved 22 snapshots for NSE:NIFTY50-INDEX  (oi range: 475,280–53,989,325)
2026-09-01 10:41:32,352 - INFO - 📡 Fetching NSE:NIFTYBANK-INDEX @ 57436  expiry=26SEP  strikes=ATM±5
2026-09-01 10:41:35,871 - INFO - ⏱️ [Real-time Exit Loop] Checking open positions @ 10:41:35...
2026-09-01 10:41:36,968 - INFO - 📊 EXECUTION AUDIT [SL_MODIFIED]: trade_id=trade_NSE_NIFTYBANK_INDEX_PrevDay_Extremes_RVOL1.2_1788239405, candidate_id=cand_NSE_NIFTYBANK_INDEX_PDHL_REVERSAL_57460.60_20260901_104005_PrevDay_Extremes_RVOL1.2, payload={'price': 57424.6, 'old_sl': 57484.1865, 'new_sl': 57457.6365, 'old_tp': None, 'new_tp': 57227.53333333333, 'reason': 'TRAILING_SL'}
2026-09-01 10:41:37,028 - INFO - 🟡 UPDATE (TRAILING_SL) [PrevDay_Extremes_RVOL1.2|Day_Extremes_RVOL1.2]: NSE:NIFTYBANK-INDEX @ 57424.60 | SL→57457.64 TP→57227.53
2026-09-01 10:41:37,048 - INFO - 📊 EXECUTION AUDIT [CF_SL_MODIFIED]: trade_id=None, candidate_id=cand_NSE_NIFTY50_INDEX_BREAKOUT_24009.50_20260901_103500_Structural_v3.2_RVOL1.0, payload={'price': 24060.2, 'old_sl': 24072.742857142857, 'new_sl': 24068.84285714286, 'old_tp': None, 'new_tp': 23993.6, 'reason': 'TRAILING_SL'}
2026-09-01 10:41:37,092 - INFO - 🟡 UPDATE (TRAILING_SL) [CFStructural_v3.2_RVOL1.0|uctural_v3.2_RVOL1.0]: NSE:NIFTY50-INDEX @ 24060.20 | SL→24068.84 TP→23993.60
2026-09-01 10:41:37,092 - INFO - 📊 EXECUTION AUDIT [CF_SL_MODIFIED]: trade_id=None, candidate_id=cand_NSE_NIFTY50_INDEX_BREAKOUT_24009.50_20260901_103500_Structural_v3.2_RVOL0.8, payload={'price': 24060.2, 'old_sl': 24072.742857142857, 'new_sl': 24068.84285714286, 'old_tp': None, 'new_tp': 23993.6, 'reason': 'TRAILING_SL'}
2026-09-01 10:41:37,136 - INFO - 🟡 UPDATE (TRAILING_SL) [CFStructural_v3.2_RVOL0.8|uctural_v3.2_RVOL0.8]: NSE:NIFTY50-INDEX @ 24060.20 | SL→24068.84 TP→23993.60
2026-09-01 10:41:37,136 - INFO - 📊 EXECUTION AUDIT [CF_EXITED]: trade_id=None, candidate_id=cand_NSE_NIFTYBANK_INDEX_BREAKOUT_57572.70_20260901_103500_Structural_v3.2_RVOL1.0, payload={'exit_price': 57424.6, 'exit_reason': 'INITIAL_SL', 'pnl_r': -0.014869459973488534, 'duration_minutes': 1.50283315, 'bars_held': 0}
2026-09-01 10:41:37,175 - INFO - 🔴 EXIT (INITIAL_SL) [CFStructural_v3.2_RVOL1.0|uctural_v3.2_RVOL1.0]: NSE:NIFTYBANK-INDEX @ 57424.60 | PnL -0.01R | MFE 0.00R | Capture N/A | 0bars HoldEff -0.015R/bar
2026-09-01 10:41:37,175 - INFO - 📊 EXECUTION AUDIT [CF_EXITED]: trade_id=None, candidate_id=cand_NSE_NIFTYBANK_INDEX_BREAKOUT_57572.70_20260901_103500_Structural_v3.2_RVOL0.8, payload={'exit_price': 57424.6, 'exit_reason': 'INITIAL_SL', 'pnl_r': -0.014869459973488534, 'duration_minutes': 1.50283315, 'bars_held': 0}
2026-09-01 10:41:37,214 - INFO - 🔴 EXIT (INITIAL_SL) [CFStructural_v3.2_RVOL0.8|uctural_v3.2_RVOL0.8]: NSE:NIFTYBANK-INDEX @ 57424.60 | PnL -0.01R | MFE 0.00R | Capture N/A | 0bars HoldEff -0.015R/bar
2026-09-01 10:42:02,078 - INFO - 📊 Saved 22 snapshots for NSE:NIFTYBANK-INDEX  (oi range: 5,160–1,989,480)
2026-09-01 10:42:03,183 - INFO - 📡 Fetching NSE:NIFTY50-INDEX @ 24060  expiry=26901  strikes=ATM±5
2026-09-01 10:42:05,166 - INFO - ⏱️ [Real-time Exit Loop] Checking open positions @ 10:42:05...
2026-09-01 10:42:06,259 - INFO - 📊 EXECUTION AUDIT [SL_MODIFIED]: trade_id=trade_NSE_NIFTYBANK_INDEX_PrevDay_Extremes_RVOL1.2_1788239405, candidate_id=cand_NSE_NIFTYBANK_INDEX_PDHL_REVERSAL_57460.60_20260901_104005_PrevDay_Extremes_RVOL1.2, payload={'price': 57414.4, 'old_sl': 57457.6365, 'new_sl': 57447.4365, 'old_tp': None, 'new_tp': 57227.53333333333, 'reason': 'TRAILING_SL'}
2026-09-01 10:42:06,311 - INFO - 🟡 UPDATE (TRAILING_SL) [PrevDay_Extremes_RVOL1.2|Day_Extremes_RVOL1.2]: NSE:NIFTYBANK-INDEX @ 57414.40 | SL→57447.44 TP→57227.53
2026-09-01 10:42:32,903 - INFO - 📊 Saved 22 snapshots for NSE:NIFTY50-INDEX  (oi range: 473,460–54,119,065)
2026-09-01 10:42:35,005 - INFO - 📡 Fetching NSE:NIFTYBANK-INDEX @ 57430  expiry=26SEP  strikes=ATM±5
2026-09-01 10:42:35,237 - INFO - ⏱️ [Real-time Exit Loop] Checking open positions @ 10:42:35...
2026-09-01 10:43:04,458 - INFO - 📊 Saved 22 snapshots for NSE:NIFTYBANK-INDEX  (oi range: 5,190–1,991,400)
2026-09-01 10:43:05,256 - INFO - ⏱️ [Real-time Exit Loop] Checking open positions @ 10:43:05...
2026-09-01 10:43:05,555 - INFO - 📡 Fetching NSE:NIFTY50-INDEX @ 24065  expiry=26901  strikes=ATM±5
2026-09-01 10:43:35,361 - INFO - ⏱️ [Real-time Exit Loop] Checking open positions @ 10:43:35...
2026-09-01 10:43:35,803 - INFO - 📊 Saved 22 snapshots for NSE:NIFTY50-INDEX  (oi range: 474,955–54,875,405)
2026-09-01 10:43:38,076 - INFO - 📡 Fetching NSE:NIFTYBANK-INDEX @ 57438  expiry=26SEP  strikes=ATM±5
2026-09-01 10:44:05,372 - INFO - ⏱️ [Real-time Exit Loop] Checking open positions @ 10:44:05...
2026-09-01 10:44:07,734 - INFO - 📊 Saved 22 snapshots for NSE:NIFTYBANK-INDEX  (oi range: 5,190–1,993,980)
2026-09-01 10:44:08,838 - INFO - 📡 Fetching NSE:NIFTY50-INDEX @ 24068  expiry=26901  strikes=ATM±5
2026-09-01 10:44:35,424 - INFO - ⏱️ [Real-time Exit Loop] Checking open positions @ 10:44:35...
2026-09-01 10:44:38,964 - INFO - 📊 Saved 22 snapshots for NSE:NIFTY50-INDEX  (oi range: 476,060–54,655,055)
2026-09-01 10:44:41,239 - INFO - 📡 Fetching NSE:NIFTYBANK-INDEX @ 57433  expiry=26SEP  strikes=ATM±5
2026-09-01 10:45:05,475 - INFO - 🔔 [New Candle Closed] Running entry pipeline for candle 10:45 at 10:45:05...
2026-09-01 10:45:05,476 - INFO - --- 10:45:05 Market Pulse ---
2026-09-01 10:45:10,613 - INFO - 📊 EXECUTION AUDIT [ORDER_EXITED]: trade_id=trade_NSE_NIFTYBANK_INDEX_PrevDay_Extremes_RVOL1.2_1788239405, candidate_id=cand_NSE_NIFTYBANK_INDEX_PDHL_REVERSAL_57460.60_20260901_104005_PrevDay_Extremes_RVOL1.2, payload={'exit_price': 57461.2, 'exit_reason': 'TRAILING_SL', 'pnl_r': 0.012500000000000077, 'duration_minutes': 4.9962429166666675, 'bars_held': 1}
2026-09-01 10:45:10,691 - INFO - 🔴 EXIT (TRAILING_SL) [PrevDay_Extremes_RVOL1.2|Day_Extremes_RVOL1.2]: NSE:NIFTYBANK-INDEX @ 57461.20 | PnL +0.01R | MFE 1.40R | Capture 1% | 1bars HoldEff +0.013R/bar
2026-09-01 10:45:10,691 - INFO - 📊 EXECUTION AUDIT [CF_EXITED]: trade_id=None, candidate_id=cand_NSE_NIFTY50_INDEX_BREAKOUT_24009.50_20260901_103500_Structural_v3.2_RVOL1.0, payload={'exit_price': 24069.1, 'exit_reason': 'TRAILING_SL', 'pnl_r': 0.055456171735241526, 'duration_minutes': 4.9962429166666675, 'bars_held': 1}
2026-09-01 10:45:10,736 - INFO - 🔴 EXIT (TRAILING_SL) [CFStructural_v3.2_RVOL1.0|uctural_v3.2_RVOL1.0]: NSE:NIFTY50-INDEX @ 24069.10 | PnL +0.06R | MFE 0.97R | Capture 6% | 1bars HoldEff +0.056R/bar
2026-09-01 10:45:10,737 - INFO - 📊 EXECUTION AUDIT [CF_EXITED]: trade_id=None, candidate_id=cand_NSE_NIFTY50_INDEX_BREAKOUT_24009.50_20260901_103500_Structural_v3.2_RVOL0.8, payload={'exit_price': 24069.1, 'exit_reason': 'TRAILING_SL', 'pnl_r': 0.055456171735241526, 'duration_minutes': 4.9962429166666675, 'bars_held': 1}
2026-09-01 10:45:10,782 - INFO - 🔴 EXIT (TRAILING_SL) [CFStructural_v3.2_RVOL0.8|uctural_v3.2_RVOL0.8]: NSE:NIFTY50-INDEX @ 24069.10 | PnL +0.06R | MFE 0.97R | Capture 6% | 1bars HoldEff +0.056R/bar
2026-09-01 10:45:10,827 - INFO - 📊 Saved 22 snapshots for NSE:NIFTYBANK-INDEX  (oi range: 5,190–1,992,960)
2026-09-01 10:45:12,908 - INFO - 📡 Fetching NSE:NIFTY50-INDEX @ 24065  expiry=26901  strikes=ATM±5
2026-09-01 10:45:13,344 - INFO - Resolved active expiry from DB: 26901 (2026-09-01)
2026-09-01 10:45:13,345 - INFO - 👻 [Structural_v3.2_RVOL1.0] CF BREAKOUT NSE:NIFTY50-INDEX BUY PUT | Rejected: ['BIAS_MISMATCH', 'HIGH_WICKINESS']
2026-09-01 10:45:13,345 - INFO - 📊 EXECUTION AUDIT [SIGNAL_GENERATED]: trade_id=None, candidate_id=cand_NSE_NIFTY50_INDEX_BREAKOUT_24009.50_20260901_104000_Structural_v3.2_RVOL1.0, payload={'symbol': 'NSE:NIFTY50-INDEX', 'signal': 'BUY PUT', 'strategy': 'BREAKOUT', 'price': 24064.95, 'stop_loss': 24073.39285714286, 'take_profit': 23993.6, 'tp1': 24052.285714285714, 'rr_ratio': 8.45, 'timestamp': '2026-09-01T10:40:00+05:30', 'accepted': False, 'rejection_reasons': ['BIAS_MISMATCH', 'HIGH_WICKINESS'], 'features': {'date': '2026-09-01', 'strategy_name': 'Structural_v3', 'strategy_version': 'v3.2', 'feature_version': 'v1.1', 'market_regime': 'WEAK_TREND_DOWN_NORMAL', 'day_type': 'NORMAL_DAY', 'session_type': 'MID', 'daily_bias': 'NEUTRAL', 'hourly_bias': 'NEUTRAL', 'trend_strength': 0.0, 'rvol': 1.94, 'rvol_threshold': 1.0, 'atr': 16.89, 'distance_from_supply': 313.65, 'distance_from_demand': 71.35, 'nearest_supply_strength': 101.9, 'nearest_demand_strength': 73.2, 'distance_to_liquidity_pool': 71.35000000000218, 'liquidity_score': 19.4, 'indicator_snapshot': {'rvol_tod': 1.94, 'is_compressed': True, 'bos_count': 0}, 'move_efficiency': 0.8222, 'wickiness': 0.7205, 'fft_score': 0.0, 'setup_type': 'BREAKOUT', 'candidate_id': 'cand_NSE_NIFTY50_INDEX_BREAKOUT_24009.50_20260901_104000', 'ema20': 24050.69, 'ema50': 24050.89, 'move_efficiency_h1': 0.0003, 'ema_bullish': False, 'rsi14': 49.41, 'rsi2': 51.35, 'distance_to_vwap': 0.0008, 'atr_percentile': 0.782, 'dist_prev_high': -0.0026, 'dist_prev_low': 0.0008, 'adx': 16.83, 'adx_slope': 2.6917, 'gap_pct': 0.0009, 'regime_primary': 'WEAK_TREND_DOWN', 'regime_vol_state': 'NORMAL'}, 'candidate_id': 'cand_NSE_NIFTY50_INDEX_BREAKOUT_24009.50_20260901_104000_Structural_v3.2_RVOL1.0', 'experiment_name': 'Structural_v3.2_RVOL1.0', 'strategy_id': 'structural', 'version': 'v3.2'}
2026-09-01 10:45:13,365 - INFO - Resolved active expiry from DB: 26901 (2026-09-01)
2026-09-01 10:45:13,376 - INFO - Resolved index signal into option contract: OptionContract(symbol='NSE:NIFTY2690124050PE', strike=24050.0, expiry='26901', option_type='PE', premium=29.25, delta=0.5, bid=29.15, ask=29.25, volume=424029450, resolved_at=datetime.datetime(2026, 9, 1, 10, 45, 13, 376588))
2026-09-01 10:45:13,376 - INFO - ⚡ Option strike selection resolved index signal to contract NSE:NIFTY2690124050PE @ premium 29.25 (type: PE, strike: 24050.0)
2026-09-01 10:45:13,376 - INFO - 📊 EXECUTION AUDIT [STRIKE_SELECTED]: trade_id=None, candidate_id=cand_NSE_NIFTY50_INDEX_BREAKOUT_24009.50_20260901_104000_Structural_v3.2_RVOL1.0, payload={'symbol': 'NSE:NIFTY2690124050PE', 'strike': 24050.0, 'expiry': '26901', 'type': 'PE'}
2026-09-01 10:45:13,388 - INFO - 📊 EXECUTION AUDIT [PREMIUM_RETRIEVED]: trade_id=None, candidate_id=cand_NSE_NIFTY50_INDEX_BREAKOUT_24009.50_20260901_104000_Structural_v3.2_RVOL1.0, payload={'premium': 29.25, 'bid': 29.15, 'ask': 29.25}
2026-09-01 10:45:13,399 - INFO - 📊 EXECUTION AUDIT [CF_SUBMITTED]: trade_id=None, candidate_id=cand_NSE_NIFTY50_INDEX_BREAKOUT_24009.50_20260901_104000_Structural_v3.2_RVOL1.0, payload={'price': 24064.95, 'sl': 24073.39285714286, 'tp': 23993.6}
2026-09-01 10:45:13,409 - INFO - 📊 EXECUTION AUDIT [CF_FILLED]: trade_id=None, candidate_id=cand_NSE_NIFTY50_INDEX_BREAKOUT_24009.50_20260901_104000_Structural_v3.2_RVOL1.0, payload={'price': 24064.95, 'sl': 24073.39285714286, 'tp': 23993.6}
2026-09-01 10:45:13,418 - INFO - 💰 Position size [BREAKOUT|WEAK_TREND_DOWN_NORMAL|conf=70]: frac=0.005 → ₹5,000 (risk/unit=0.04%)
2026-09-01 10:45:13,443 - INFO - 🟢 ENTRY [CF|Structural_v3.2_RVOL1.0|uctural_v3.2_RVOL1.0]: NSE:NIFTY50-INDEX BUY PUT @ 24064.95 | SL: 24073.39 TP: 23993.60
2026-09-01 10:45:13,443 - INFO - 👻 [Structural_v3.2_RVOL0.8] CF BREAKOUT NSE:NIFTY50-INDEX BUY PUT | Rejected: ['BIAS_MISMATCH', 'HIGH_WICKINESS']
2026-09-01 10:45:13,443 - INFO - 📊 EXECUTION AUDIT [SIGNAL_GENERATED]: trade_id=None, candidate_id=cand_NSE_NIFTY50_INDEX_BREAKOUT_24009.50_20260901_104000_Structural_v3.2_RVOL0.8, payload={'symbol': 'NSE:NIFTY50-INDEX', 'signal': 'BUY PUT', 'strategy': 'BREAKOUT', 'price': 24064.95, 'stop_loss': 24073.39285714286, 'take_profit': 23993.6, 'tp1': 24052.285714285714, 'rr_ratio': 8.45, 'timestamp': '2026-09-01T10:40:00+05:30', 'accepted': False, 'rejection_reasons': ['BIAS_MISMATCH', 'HIGH_WICKINESS'], 'features': {'date': '2026-09-01', 'strategy_name': 'Structural_v3', 'strategy_version': 'v3.2', 'feature_version': 'v1.1', 'market_regime': 'WEAK_TREND_DOWN_NORMAL', 'day_type': 'NORMAL_DAY', 'session_type': 'MID', 'daily_bias': 'NEUTRAL', 'hourly_bias': 'NEUTRAL', 'trend_strength': 0.0, 'rvol': 1.94, 'rvol_threshold': 0.8, 'atr': 16.89, 'distance_from_supply': 313.65, 'distance_from_demand': 71.35, 'nearest_supply_strength': 101.9, 'nearest_demand_strength': 73.2, 'distance_to_liquidity_pool': 71.35000000000218, 'liquidity_score': 19.4, 'indicator_snapshot': {'rvol_tod': 1.94, 'is_compressed': True, 'bos_count': 0}, 'move_efficiency': 0.8222, 'wickiness': 0.7205, 'fft_score': 0.0, 'setup_type': 'BREAKOUT', 'candidate_id': 'cand_NSE_NIFTY50_INDEX_BREAKOUT_24009.50_20260901_104000', 'ema20': 24050.69, 'ema50': 24050.89, 'move_efficiency_h1': 0.0003, 'ema_bullish': False, 'rsi14': 49.41, 'rsi2': 51.35, 'distance_to_vwap': 0.0008, 'atr_percentile': 0.782, 'dist_prev_high': -0.0026, 'dist_prev_low': 0.0008, 'adx': 16.83, 'adx_slope': 2.6917, 'gap_pct': 0.0009, 'regime_primary': 'WEAK_TREND_DOWN', 'regime_vol_state': 'NORMAL'}, 'candidate_id': 'cand_NSE_NIFTY50_INDEX_BREAKOUT_24009.50_20260901_104000_Structural_v3.2_RVOL0.8', 'experiment_name': 'Structural_v3.2_RVOL0.8', 'strategy_id': 'structural', 'version': 'v3.2'}
2026-09-01 10:45:13,467 - INFO - Resolved active expiry from DB: 26901 (2026-09-01)
2026-09-01 10:45:13,481 - INFO - Resolved index signal into option contract: OptionContract(symbol='NSE:NIFTY2690124050PE', strike=24050.0, expiry='26901', option_type='PE', premium=29.25, delta=0.5, bid=29.15, ask=29.25, volume=424029450, resolved_at=datetime.datetime(2026, 9, 1, 10, 45, 13, 481038))
2026-09-01 10:45:13,481 - INFO - ⚡ Option strike selection resolved index signal to contract NSE:NIFTY2690124050PE @ premium 29.25 (type: PE, strike: 24050.0)
2026-09-01 10:45:13,481 - INFO - 📊 EXECUTION AUDIT [STRIKE_SELECTED]: trade_id=None, candidate_id=cand_NSE_NIFTY50_INDEX_BREAKOUT_24009.50_20260901_104000_Structural_v3.2_RVOL0.8, payload={'symbol': 'NSE:NIFTY2690124050PE', 'strike': 24050.0, 'expiry': '26901', 'type': 'PE'}
2026-09-01 10:45:13,492 - INFO - 📊 EXECUTION AUDIT [PREMIUM_RETRIEVED]: trade_id=None, candidate_id=cand_NSE_NIFTY50_INDEX_BREAKOUT_24009.50_20260901_104000_Structural_v3.2_RVOL0.8, payload={'premium': 29.25, 'bid': 29.15, 'ask': 29.25}
2026-09-01 10:45:13,504 - INFO - 📊 EXECUTION AUDIT [CF_SUBMITTED]: trade_id=None, candidate_id=cand_NSE_NIFTY50_INDEX_BREAKOUT_24009.50_20260901_104000_Structural_v3.2_RVOL0.8, payload={'price': 24064.95, 'sl': 24073.39285714286, 'tp': 23993.6}
2026-09-01 10:45:13,515 - INFO - 📊 EXECUTION AUDIT [CF_FILLED]: trade_id=None, candidate_id=cand_NSE_NIFTY50_INDEX_BREAKOUT_24009.50_20260901_104000_Structural_v3.2_RVOL0.8, payload={'price': 24064.95, 'sl': 24073.39285714286, 'tp': 23993.6}
2026-09-01 10:45:13,526 - INFO - 💰 Position size [BREAKOUT|WEAK_TREND_DOWN_NORMAL|conf=70]: frac=0.005 → ₹5,000 (risk/unit=0.04%)
2026-09-01 10:45:13,551 - INFO - 🟢 ENTRY [CF|Structural_v3.2_RVOL0.8|uctural_v3.2_RVOL0.8]: NSE:NIFTY50-INDEX BUY PUT @ 24064.95 | SL: 24073.39 TP: 23993.60
2026-09-01 10:45:13,551 - INFO - 🚀 SIGNAL: NSE:NIFTY50-INDEX BUY PUT | [CPR_v1.0]
2026-09-01 10:45:13,551 - INFO -    Entry: 24064.95 | SL: 24073.4 | TP: 23993.6 (RR: 8.45)
2026-09-01 10:45:13,551 - INFO - 📊 EXECUTION AUDIT [SIGNAL_GENERATED]: trade_id=trade_NSE_NIFTY50_INDEX_CPR_v1.0_1788239705, candidate_id=cand_NSE_NIFTY50_INDEX_CPR_24064.95_20260901_104505_CPR_v1.0, payload={'symbol': 'NSE:NIFTY50-INDEX', 'signal': 'BUY PUT', 'strategy': 'CPR_BREAKOUT', 'price': 24064.95, 'stop_loss': 24073.4, 'take_profit': 23993.6, 'tp1': 24052.28, 'rr_ratio': 8.45, 'timestamp': '2026-09-01T10:45:05.476074+05:30', 'accepted': True, 'rejection_reasons': [], 'candidate_id': 'cand_NSE_NIFTY50_INDEX_CPR_24064.95_20260901_104505_CPR_v1.0', 'confidence': 0.84, 'diagnostics': {'pivot': 24077.43, 'tc': 24087.8, 'bc': 24067.07, 'cpr_width': 20.73, 'cpr_width_vs_atr': 1.228, 'virgin_cpr': False, 'rvol': 1.94, 'atr': 16.89, 'move_efficiency': 0.822}, 'experiment_name': 'CPR_v1.0', 'strategy_id': 'cpr', 'version': 'v1.0', 'features': {'regime_primary': 'WEAK_TREND_DOWN', 'regime_vol_state': 'NORMAL', 'market_regime': 'WEAK_TREND_DOWN_NORMAL'}}
2026-09-01 10:45:13,575 - INFO - Resolved active expiry from DB: 26901 (2026-09-01)
2026-09-01 10:45:13,588 - INFO - Resolved index signal into option contract: OptionContract(symbol='NSE:NIFTY2690124050PE', strike=24050.0, expiry='26901', option_type='PE', premium=29.25, delta=0.5, bid=29.15, ask=29.25, volume=424029450, resolved_at=datetime.datetime(2026, 9, 1, 10, 45, 13, 588254))
2026-09-01 10:45:13,588 - INFO - ⚡ Option strike selection resolved index signal to contract NSE:NIFTY2690124050PE @ premium 29.25 (type: PE, strike: 24050.0)
2026-09-01 10:45:13,588 - INFO - 📊 EXECUTION AUDIT [STRIKE_SELECTED]: trade_id=trade_NSE_NIFTY50_INDEX_CPR_v1.0_1788239705, candidate_id=cand_NSE_NIFTY50_INDEX_CPR_24064.95_20260901_104505_CPR_v1.0, payload={'symbol': 'NSE:NIFTY2690124050PE', 'strike': 24050.0, 'expiry': '26901', 'type': 'PE'}
2026-09-01 10:45:13,599 - INFO - 📊 EXECUTION AUDIT [PREMIUM_RETRIEVED]: trade_id=trade_NSE_NIFTY50_INDEX_CPR_v1.0_1788239705, candidate_id=cand_NSE_NIFTY50_INDEX_CPR_24064.95_20260901_104505_CPR_v1.0, payload={'premium': 29.25, 'bid': 29.15, 'ask': 29.25}
2026-09-01 10:45:13,609 - INFO - 📊 EXECUTION AUDIT [ORDER_SUBMITTED]: trade_id=trade_NSE_NIFTY50_INDEX_CPR_v1.0_1788239705, candidate_id=cand_NSE_NIFTY50_INDEX_CPR_24064.95_20260901_104505_CPR_v1.0, payload={'price': 24064.95, 'sl': 24073.4, 'tp': 23993.6}
2026-09-01 10:45:13,621 - INFO - 📊 EXECUTION AUDIT [ORDER_FILLED]: trade_id=trade_NSE_NIFTY50_INDEX_CPR_v1.0_1788239705, candidate_id=cand_NSE_NIFTY50_INDEX_CPR_24064.95_20260901_104505_CPR_v1.0, payload={'price': 24064.95, 'sl': 24073.4, 'tp': 23993.6}
2026-09-01 10:45:13,631 - INFO - 💰 Position size [CPR_BREAKOUT|WEAK_TREND_DOWN_NORMAL|conf=1]: frac=0.004 → ₹5,000 (risk/unit=0.04%)
2026-09-01 10:45:13,655 - INFO - 🟢 ENTRY [CPR_v1.0|_v1.0_1788239705]: NSE:NIFTY50-INDEX BUY PUT @ 24064.95 | SL: 24073.40 TP: 23993.60
2026-09-01 10:45:15,273 - INFO - Resolved active expiry from DB: 26SEP (2026-09-29)
2026-09-01 10:45:15,275 - INFO - 👻 [Structural_v3.2_RVOL1.0] CF BREAKOUT NSE:NIFTYBANK-INDEX BUY CALL | Rejected: ['BIAS_MISMATCH', 'LOW_EFFICIENCY', 'HIGH_WICKINESS']
2026-09-01 10:45:15,275 - INFO - 📊 EXECUTION AUDIT [SIGNAL_GENERATED]: trade_id=None, candidate_id=cand_NSE_NIFTYBANK_INDEX_BREAKOUT_57572.70_20260901_104000_Structural_v3.2_RVOL1.0, payload={'symbol': 'NSE:NIFTYBANK-INDEX', 'signal': 'BUY CALL', 'strategy': 'BREAKOUT', 'price': 57438.4, 'stop_loss': 57412.15, 'take_profit': 57700.899999999994, 'tp1': 57477.775, 'rr_ratio': 10.0, 'timestamp': '2026-09-01T10:40:00+05:30', 'accepted': False, 'rejection_reasons': ['BIAS_MISMATCH', 'LOW_EFFICIENCY', 'HIGH_WICKINESS'], 'features': {'date': '2026-09-01', 'strategy_name': 'Structural_v3', 'strategy_version': 'v3.2', 'feature_version': 'v1.1', 'market_regime': 'GAP_UP_NORMAL', 'day_type': 'NORMAL_DAY', 'session_type': 'MID', 'daily_bias': 'NEUTRAL', 'hourly_bias': 'NEUTRAL', 'trend_strength': 0.0, 'rvol': 2.19, 'rvol_threshold': 1.0, 'atr': 52.5, 'distance_from_supply': 565.83, 'distance_from_demand': 210.87, 'nearest_supply_strength': 87.1, 'nearest_demand_strength': 68.9, 'distance_to_liquidity_pool': 210.8666666666686, 'liquidity_score': 21.9, 'indicator_snapshot': {'rvol_tod': 2.19, 'is_compressed': False, 'bos_count': 0}, 'move_efficiency': 0.3914, 'wickiness': 0.6758, 'fft_score': 0.0, 'setup_type': 'BREAKOUT', 'candidate_id': 'cand_NSE_NIFTYBANK_INDEX_BREAKOUT_57572.70_20260901_104000', 'ema20': 57419.71, 'ema50': 57397.78, 'move_efficiency_h1': 0.0307, 'ema_bullish': True, 'rsi14': 47.48, 'rsi2': 3.06, 'distance_to_vwap': 0.0002, 'atr_percentile': 0.7014, 'dist_prev_high': -0.0005, 'dist_prev_low': 0.0035, 'adx': 16.04, 'adx_slope': 1.6589, 'gap_pct': 0.0045, 'regime_primary': 'GAP_UP', 'regime_vol_state': 'NORMAL'}, 'candidate_id': 'cand_NSE_NIFTYBANK_INDEX_BREAKOUT_57572.70_20260901_104000_Structural_v3.2_RVOL1.0', 'experiment_name': 'Structural_v3.2_RVOL1.0', 'strategy_id': 'structural', 'version': 'v3.2'}
2026-09-01 10:45:15,294 - INFO - Resolved active expiry from DB: 26SEP (2026-09-29)
2026-09-01 10:45:15,308 - INFO - Resolved index signal into option contract: OptionContract(symbol='NSE:BANKNIFTY26SEP57400CE', strike=57400.0, expiry='26SEP', option_type='CE', premium=919.85, delta=0.5, bid=917.4, ask=919.95, volume=586260, resolved_at=datetime.datetime(2026, 9, 1, 10, 45, 15, 308801))
2026-09-01 10:45:15,309 - INFO - ⚡ Option strike selection resolved index signal to contract NSE:BANKNIFTY26SEP57400CE @ premium 919.85 (type: CE, strike: 57400.0)
2026-09-01 10:45:15,309 - INFO - 📊 EXECUTION AUDIT [STRIKE_SELECTED]: trade_id=None, candidate_id=cand_NSE_NIFTYBANK_INDEX_BREAKOUT_57572.70_20260901_104000_Structural_v3.2_RVOL1.0, payload={'symbol': 'NSE:BANKNIFTY26SEP57400CE', 'strike': 57400.0, 'expiry': '26SEP', 'type': 'CE'}
2026-09-01 10:45:15,320 - INFO - 📊 EXECUTION AUDIT [PREMIUM_RETRIEVED]: trade_id=None, candidate_id=cand_NSE_NIFTYBANK_INDEX_BREAKOUT_57572.70_20260901_104000_Structural_v3.2_RVOL1.0, payload={'premium': 919.85, 'bid': 917.4, 'ask': 919.95}
2026-09-01 10:45:15,332 - INFO - 📊 EXECUTION AUDIT [CF_SUBMITTED]: trade_id=None, candidate_id=cand_NSE_NIFTYBANK_INDEX_BREAKOUT_57572.70_20260901_104000_Structural_v3.2_RVOL1.0, payload={'price': 57438.4, 'sl': 57412.15, 'tp': 57700.899999999994}
2026-09-01 10:45:15,342 - INFO - 📊 EXECUTION AUDIT [CF_FILLED]: trade_id=None, candidate_id=cand_NSE_NIFTYBANK_INDEX_BREAKOUT_57572.70_20260901_104000_Structural_v3.2_RVOL1.0, payload={'price': 57438.4, 'sl': 57412.15, 'tp': 57700.899999999994}
2026-09-01 10:45:15,353 - INFO - 💰 Position size [BREAKOUT|GAP_UP_NORMAL|conf=70]: frac=0.003 → ₹5,000 (risk/unit=0.05%)
2026-09-01 10:45:15,376 - INFO - 🟢 ENTRY [CF|Structural_v3.2_RVOL1.0|uctural_v3.2_RVOL1.0]: NSE:NIFTYBANK-INDEX BUY CALL @ 57438.40 | SL: 57412.15 TP: 57700.90
2026-09-01 10:45:15,376 - INFO - 👻 [Structural_v3.2_RVOL0.8] CF BREAKOUT NSE:NIFTYBANK-INDEX BUY CALL | Rejected: ['BIAS_MISMATCH', 'LOW_EFFICIENCY', 'HIGH_WICKINESS']
2026-09-01 10:45:15,376 - INFO - 📊 EXECUTION AUDIT [SIGNAL_GENERATED]: trade_id=None, candidate_id=cand_NSE_NIFTYBANK_INDEX_BREAKOUT_57572.70_20260901_104000_Structural_v3.2_RVOL0.8, payload={'symbol': 'NSE:NIFTYBANK-INDEX', 'signal': 'BUY CALL', 'strategy': 'BREAKOUT', 'price': 57438.4, 'stop_loss': 57412.15, 'take_profit': 57700.899999999994, 'tp1': 57477.775, 'rr_ratio': 10.0, 'timestamp': '2026-09-01T10:40:00+05:30', 'accepted': False, 'rejection_reasons': ['BIAS_MISMATCH', 'LOW_EFFICIENCY', 'HIGH_WICKINESS'], 'features': {'date': '2026-09-01', 'strategy_name': 'Structural_v3', 'strategy_version': 'v3.2', 'feature_version': 'v1.1', 'market_regime': 'GAP_UP_NORMAL', 'day_type': 'NORMAL_DAY', 'session_type': 'MID', 'daily_bias': 'NEUTRAL', 'hourly_bias': 'NEUTRAL', 'trend_strength': 0.0, 'rvol': 2.19, 'rvol_threshold': 0.8, 'atr': 52.5, 'distance_from_supply': 565.83, 'distance_from_demand': 210.87, 'nearest_supply_strength': 87.1, 'nearest_demand_strength': 68.9, 'distance_to_liquidity_pool': 210.8666666666686, 'liquidity_score': 21.9, 'indicator_snapshot': {'rvol_tod': 2.19, 'is_compressed': False, 'bos_count': 0}, 'move_efficiency': 0.3914, 'wickiness': 0.6758, 'fft_score': 0.0, 'setup_type': 'BREAKOUT', 'candidate_id': 'cand_NSE_NIFTYBANK_INDEX_BREAKOUT_57572.70_20260901_104000', 'ema20': 57419.71, 'ema50': 57397.78, 'move_efficiency_h1': 0.0307, 'ema_bullish': True, 'rsi14': 47.48, 'rsi2': 3.06, 'distance_to_vwap': 0.0002, 'atr_percentile': 0.7014, 'dist_prev_high': -0.0005, 'dist_prev_low': 0.0035, 'adx': 16.04, 'adx_slope': 1.6589, 'gap_pct': 0.0045, 'regime_primary': 'GAP_UP', 'regime_vol_state': 'NORMAL'}, 'candidate_id': 'cand_NSE_NIFTYBANK_INDEX_BREAKOUT_57572.70_20260901_104000_Structural_v3.2_RVOL0.8', 'experiment_name': 'Structural_v3.2_RVOL0.8', 'strategy_id': 'structural', 'version': 'v3.2'}
2026-09-01 10:45:15,400 - INFO - Resolved active expiry from DB: 26SEP (2026-09-29)
2026-09-01 10:45:15,413 - INFO - Resolved index signal into option contract: OptionContract(symbol='NSE:BANKNIFTY26SEP57400CE', strike=57400.0, expiry='26SEP', option_type='CE', premium=919.85, delta=0.5, bid=917.4, ask=919.95, volume=586260, resolved_at=datetime.datetime(2026, 9, 1, 10, 45, 15, 413906))
2026-09-01 10:45:15,414 - INFO - ⚡ Option strike selection resolved index signal to contract NSE:BANKNIFTY26SEP57400CE @ premium 919.85 (type: CE, strike: 57400.0)
2026-09-01 10:45:15,414 - INFO - 📊 EXECUTION AUDIT [STRIKE_SELECTED]: trade_id=None, candidate_id=cand_NSE_NIFTYBANK_INDEX_BREAKOUT_57572.70_20260901_104000_Structural_v3.2_RVOL0.8, payload={'symbol': 'NSE:BANKNIFTY26SEP57400CE', 'strike': 57400.0, 'expiry': '26SEP', 'type': 'CE'}
2026-09-01 10:45:15,426 - INFO - 📊 EXECUTION AUDIT [PREMIUM_RETRIEVED]: trade_id=None, candidate_id=cand_NSE_NIFTYBANK_INDEX_BREAKOUT_57572.70_20260901_104000_Structural_v3.2_RVOL0.8, payload={'premium': 919.85, 'bid': 917.4, 'ask': 919.95}
2026-09-01 10:45:15,437 - INFO - 📊 EXECUTION AUDIT [CF_SUBMITTED]: trade_id=None, candidate_id=cand_NSE_NIFTYBANK_INDEX_BREAKOUT_57572.70_20260901_104000_Structural_v3.2_RVOL0.8, payload={'price': 57438.4, 'sl': 57412.15, 'tp': 57700.899999999994}
2026-09-01 10:45:15,450 - INFO - 📊 EXECUTION AUDIT [CF_FILLED]: trade_id=None, candidate_id=cand_NSE_NIFTYBANK_INDEX_BREAKOUT_57572.70_20260901_104000_Structural_v3.2_RVOL0.8, payload={'price': 57438.4, 'sl': 57412.15, 'tp': 57700.899999999994}
2026-09-01 10:45:15,461 - INFO - 💰 Position size [BREAKOUT|GAP_UP_NORMAL|conf=70]: frac=0.003 → ₹5,000 (risk/unit=0.05%)
2026-09-01 10:45:15,485 - INFO - 🟢 ENTRY [CF|Structural_v3.2_RVOL0.8|uctural_v3.2_RVOL0.8]: NSE:NIFTYBANK-INDEX BUY CALL @ 57438.40 | SL: 57412.15 TP: 57700.90
2026-09-01 10:45:15,486 - INFO - 👻 [Geometry_v1.0_Score35] CF TRENDLINE_RETEST NSE:NIFTYBANK-INDEX BUY PUT | Rejected: ['LOW_RR:0.41']
2026-09-01 10:45:15,486 - INFO - 📊 EXECUTION AUDIT [SIGNAL_GENERATED]: trade_id=None, candidate_id=cand_NSE_NIFTYBANK_INDEX_TRENDLINE_RETEST_57438.40_202609011045_Geometry_v1.0_Score35, payload={'symbol': 'NSE:NIFTYBANK-INDEX', 'candidate_id': 'cand_NSE_NIFTYBANK_INDEX_TRENDLINE_RETEST_57438.40_202609011045_Geometry_v1.0_Score35', 'experiment_name': 'Geometry_v1.0_Score35', 'strategy_id': 'geometry', 'version': 'v1.0', 'signal': 'BUY PUT', 'strategy': 'TRENDLINE_RETEST', 'price': 57438.4, 'stop_loss': 57474.62, 'take_profit': 57423.59, 'tp1': 57384.06, 'rr_ratio': 0.41, 'timestamp': '2026-09-01T10:45:05.476074+05:30', 'zone_band_low': None, 'zone_band_high': None, 'zone_direction': None, 'zone_component_count': 0, 'accepted': False, 'rejection_reasons': ['LOW_RR:0.41'], 'stop_loss_distance': 36.22, 'atr': 52.5, 'confidence': 0.714, 'diagnostics': {'trendline_id': 'tl_265bd058ce453846', 'trendline_confidence': 0.775, 'trendline_r2': 0.999, 'trendline_touches': 23, 'trendline_price_at_now': 57442.17, 'dist_pct': 7e-05, 'narrative_bias': 'CONTINUATION', 'bias_confidence': 0.6}, 'features': {'regime_primary': 'GAP_UP', 'regime_vol_state': 'NORMAL', 'market_regime': 'GAP_UP_NORMAL'}}
2026-09-01 10:45:15,509 - INFO - Resolved active expiry from DB: 26SEP (2026-09-29)
2026-09-01 10:45:15,523 - INFO - Resolved index signal into option contract: OptionContract(symbol='NSE:BANKNIFTY26SEP57400PE', strike=57400.0, expiry='26SEP', option_type='PE', premium=564.25, delta=0.5, bid=562.9, ask=564.35, volume=596310, resolved_at=datetime.datetime(2026, 9, 1, 10, 45, 15, 523175))
2026-09-01 10:45:15,523 - INFO - ⚡ Option strike selection resolved index signal to contract NSE:BANKNIFTY26SEP57400PE @ premium 564.25 (type: PE, strike: 57400.0)
2026-09-01 10:45:15,523 - INFO - 📊 EXECUTION AUDIT [STRIKE_SELECTED]: trade_id=None, candidate_id=cand_NSE_NIFTYBANK_INDEX_TRENDLINE_RETEST_57438.40_202609011045_Geometry_v1.0_Score35, payload={'symbol': 'NSE:BANKNIFTY26SEP57400PE', 'strike': 57400.0, 'expiry': '26SEP', 'type': 'PE'}
2026-09-01 10:45:15,534 - INFO - 📊 EXECUTION AUDIT [PREMIUM_RETRIEVED]: trade_id=None, candidate_id=cand_NSE_NIFTYBANK_INDEX_TRENDLINE_RETEST_57438.40_202609011045_Geometry_v1.0_Score35, payload={'premium': 564.25, 'bid': 562.9, 'ask': 564.35}
2026-09-01 10:45:15,546 - INFO - 📊 EXECUTION AUDIT [CF_SUBMITTED]: trade_id=None, candidate_id=cand_NSE_NIFTYBANK_INDEX_TRENDLINE_RETEST_57438.40_202609011045_Geometry_v1.0_Score35, payload={'price': 57438.4, 'sl': 57474.62, 'tp': 57423.59}
2026-09-01 10:45:15,557 - INFO - 📊 EXECUTION AUDIT [CF_FILLED]: trade_id=None, candidate_id=cand_NSE_NIFTYBANK_INDEX_TRENDLINE_RETEST_57438.40_202609011045_Geometry_v1.0_Score35, payload={'price': 57438.4, 'sl': 57474.62, 'tp': 57423.59}
2026-09-01 10:45:15,568 - INFO - 💰 Position size [TRENDLINE_RETEST|GAP_UP_NORMAL|conf=1]: frac=0.002 → ₹5,000 (risk/unit=0.06%)
2026-09-01 10:45:15,594 - INFO - 🟢 ENTRY [CF|Geometry_v1.0_Score35|eometry_v1.0_Score35]: NSE:NIFTYBANK-INDEX BUY PUT @ 57438.40 | SL: 57474.62 TP: 57423.59
2026-09-01 10:45:15,594 - INFO - 👻 [Geometry_v1.0_Score50] CF TRENDLINE_RETEST NSE:NIFTYBANK-INDEX BUY PUT | Rejected: ['LOW_RR:0.41']
2026-09-01 10:45:15,594 - INFO - 📊 EXECUTION AUDIT [SIGNAL_GENERATED]: trade_id=None, candidate_id=cand_NSE_NIFTYBANK_INDEX_TRENDLINE_RETEST_57438.40_202609011045_Geometry_v1.0_Score50, payload={'symbol': 'NSE:NIFTYBANK-INDEX', 'candidate_id': 'cand_NSE_NIFTYBANK_INDEX_TRENDLINE_RETEST_57438.40_202609011045_Geometry_v1.0_Score50', 'experiment_name': 'Geometry_v1.0_Score50', 'strategy_id': 'geometry', 'version': 'v1.0', 'signal': 'BUY PUT', 'strategy': 'TRENDLINE_RETEST', 'price': 57438.4, 'stop_loss': 57474.62, 'take_profit': 57423.59, 'tp1': 57384.06, 'rr_ratio': 0.41, 'timestamp': '2026-09-01T10:45:05.476074+05:30', 'zone_band_low': None, 'zone_band_high': None, 'zone_direction': None, 'zone_component_count': 0, 'accepted': False, 'rejection_reasons': ['LOW_RR:0.41'], 'stop_loss_distance': 36.22, 'atr': 52.5, 'confidence': 0.714, 'diagnostics': {'trendline_id': 'tl_265bd058ce453846', 'trendline_confidence': 0.775, 'trendline_r2': 0.999, 'trendline_touches': 23, 'trendline_price_at_now': 57442.17, 'dist_pct': 7e-05, 'narrative_bias': 'CONTINUATION', 'bias_confidence': 0.6}, 'features': {'regime_primary': 'GAP_UP', 'regime_vol_state': 'NORMAL', 'market_regime': 'GAP_UP_NORMAL'}}
2026-09-01 10:45:15,616 - INFO - Resolved active expiry from DB: 26SEP (2026-09-29)
2026-09-01 10:45:15,630 - INFO - Resolved index signal into option contract: OptionContract(symbol='NSE:BANKNIFTY26SEP57400PE', strike=57400.0, expiry='26SEP', option_type='PE', premium=564.25, delta=0.5, bid=562.9, ask=564.35, volume=596310, resolved_at=datetime.datetime(2026, 9, 1, 10, 45, 15, 630778))
2026-09-01 10:45:15,630 - INFO - ⚡ Option strike selection resolved index signal to contract NSE:BANKNIFTY26SEP57400PE @ premium 564.25 (type: PE, strike: 57400.0)
2026-09-01 10:45:15,631 - INFO - 📊 EXECUTION AUDIT [STRIKE_SELECTED]: trade_id=None, candidate_id=cand_NSE_NIFTYBANK_INDEX_TRENDLINE_RETEST_57438.40_202609011045_Geometry_v1.0_Score50, payload={'symbol': 'NSE:BANKNIFTY26SEP57400PE', 'strike': 57400.0, 'expiry': '26SEP', 'type': 'PE'}
2026-09-01 10:45:15,641 - INFO - 📊 EXECUTION AUDIT [PREMIUM_RETRIEVED]: trade_id=None, candidate_id=cand_NSE_NIFTYBANK_INDEX_TRENDLINE_RETEST_57438.40_202609011045_Geometry_v1.0_Score50, payload={'premium': 564.25, 'bid': 562.9, 'ask': 564.35}
2026-09-01 10:45:15,652 - INFO - 📊 EXECUTION AUDIT [CF_SUBMITTED]: trade_id=None, candidate_id=cand_NSE_NIFTYBANK_INDEX_TRENDLINE_RETEST_57438.40_202609011045_Geometry_v1.0_Score50, payload={'price': 57438.4, 'sl': 57474.62, 'tp': 57423.59}
2026-09-01 10:45:15,664 - INFO - 📊 EXECUTION AUDIT [CF_FILLED]: trade_id=None, candidate_id=cand_NSE_NIFTYBANK_INDEX_TRENDLINE_RETEST_57438.40_202609011045_Geometry_v1.0_Score50, payload={'price': 57438.4, 'sl': 57474.62, 'tp': 57423.59}
2026-09-01 10:45:15,674 - INFO - 💰 Position size [TRENDLINE_RETEST|GAP_UP_NORMAL|conf=1]: frac=0.002 → ₹5,000 (risk/unit=0.06%)
2026-09-01 10:45:15,699 - INFO - 🟢 ENTRY [CF|Geometry_v1.0_Score50|eometry_v1.0_Score50]: NSE:NIFTYBANK-INDEX BUY PUT @ 57438.40 | SL: 57474.62 TP: 57423.59
2026-09-01 10:45:15,699 - INFO - 👻 [Butterfly_v1.0] CF COMBO BUTTERFLY_SPREAD NSE:NIFTYBANK-INDEX BUTTERFLY_SPREAD | Rejected: ['HIGH_RVOL', 'COOLDOWN_AFTER_LOSS']
2026-09-01 10:45:15,711 - INFO - Resolved active expiry from DB: 26SEP (2026-09-29)
2026-09-01 10:45:15,769 - INFO - Resolved BUTTERFLY_SPREAD for NSE:NIFTYBANK-INDEX: [('CE', 'BUY', 57200.0), ('CE', 'SELL', 57400.0), ('CE', 'SELL', 57400.0), ('CE', 'BUY', 57600.0)] net_premium=11.20 max_loss=11.20
2026-09-01 10:45:15,796 - INFO - 🟢 CF COMBO ENTRY [Butterfly_v1.0|04505_Butterfly_v1.0]: NSE:NIFTYBANK-INDEX BUTTERFLY_SPREAD | Net premium: 11.20 | Max loss: 11.20
2026-09-01 10:45:35,807 - INFO - ⏱️ [Real-time Exit Loop] Checking open positions @ 10:45:35...
2026-09-01 10:45:36,904 - INFO - 📊 EXECUTION AUDIT [SL_MODIFIED]: trade_id=trade_NSE_NIFTY50_INDEX_CPR_v1.0_1788239705, candidate_id=cand_NSE_NIFTY50_INDEX_CPR_24064.95_20260901_104505_CPR_v1.0, payload={'price': 24064.15, 'old_sl': 24073.4, 'new_sl': 24072.600000000002, 'old_tp': None, 'new_tp': 23993.6, 'reason': 'TRAILING_SL'}
2026-09-01 10:45:36,967 - INFO - 🟡 UPDATE (TRAILING_SL) [CPR_v1.0|0901_104505_CPR_v1.0]: NSE:NIFTY50-INDEX @ 24064.15 | SL→24072.60 TP→23993.60
2026-09-01 10:45:36,989 - INFO - 📊 EXECUTION AUDIT [CF_SL_MODIFIED]: trade_id=None, candidate_id=cand_NSE_NIFTY50_INDEX_BREAKOUT_24009.50_20260901_104000_Structural_v3.2_RVOL1.0, payload={'price': 24064.15, 'old_sl': 24073.39285714286, 'new_sl': 24072.59285714286, 'old_tp': None, 'new_tp': 23993.6, 'reason': 'TRAILING_SL'}
2026-09-01 10:45:37,023 - INFO - 🟡 UPDATE (TRAILING_SL) [CFStructural_v3.2_RVOL1.0|uctural_v3.2_RVOL1.0]: NSE:NIFTY50-INDEX @ 24064.15 | SL→24072.59 TP→23993.60
2026-09-01 10:45:37,023 - INFO - 📊 EXECUTION AUDIT [CF_SL_MODIFIED]: trade_id=None, candidate_id=cand_NSE_NIFTY50_INDEX_BREAKOUT_24009.50_20260901_104000_Structural_v3.2_RVOL0.8, payload={'price': 24064.15, 'old_sl': 24073.39285714286, 'new_sl': 24072.59285714286, 'old_tp': None, 'new_tp': 23993.6, 'reason': 'TRAILING_SL'}
2026-09-01 10:45:37,058 - INFO - 🟡 UPDATE (TRAILING_SL) [CFStructural_v3.2_RVOL0.8|uctural_v3.2_RVOL0.8]: NSE:NIFTY50-INDEX @ 24064.15 | SL→24072.59 TP→23993.60
2026-09-01 10:45:37,059 - INFO - 📊 EXECUTION AUDIT [CF_SL_MODIFIED]: trade_id=None, candidate_id=cand_NSE_NIFTYBANK_INDEX_TRENDLINE_RETEST_57438.40_202609011045_Geometry_v1.0_Score35, payload={'price': 57436.0, 'old_sl': 57474.62, 'new_sl': 57472.22, 'old_tp': None, 'new_tp': 57423.59, 'reason': 'TRAILING_SL'}
2026-09-01 10:45:37,097 - INFO - 🟡 UPDATE (TRAILING_SL) [CFGeometry_v1.0_Score35|eometry_v1.0_Score35]: NSE:NIFTYBANK-INDEX @ 57436.00 | SL→57472.22 TP→57423.59
2026-09-01 10:45:37,097 - INFO - 📊 EXECUTION AUDIT [CF_SL_MODIFIED]: trade_id=None, candidate_id=cand_NSE_NIFTYBANK_INDEX_TRENDLINE_RETEST_57438.40_202609011045_Geometry_v1.0_Score50, payload={'price': 57436.0, 'old_sl': 57474.62, 'new_sl': 57472.22, 'old_tp': None, 'new_tp': 57423.59, 'reason': 'TRAILING_SL'}
2026-09-01 10:45:37,133 - INFO - 🟡 UPDATE (TRAILING_SL) [CFGeometry_v1.0_Score50|eometry_v1.0_Score50]: NSE:NIFTYBANK-INDEX @ 57436.00 | SL→57472.22 TP→57423.59
2026-09-01 10:45:38,097 - INFO - 🔴 CF COMBO EXIT (STOP_R) [Butterfly_v1.0|04505_Butterfly_v1.0]: NSE:NIFTYBANK-INDEX BUTTERFLY_SPREAD | PnL -0.95R | 1min
2026-09-01 10:45:43,495 - INFO - 📊 Saved 22 snapshots for NSE:NIFTY50-INDEX  (oi range: 479,635–54,470,390)
2026-09-01 10:45:45,614 - INFO - 📡 Fetching NSE:NIFTYBANK-INDEX @ 57440  expiry=26SEP  strikes=ATM±5
2026-09-01 10:46:05,106 - INFO - ⏱️ [Real-time Exit Loop] Checking open positions @ 10:46:05...
2026-09-01 10:46:06,210 - INFO - 📊 EXECUTION AUDIT [SL_MODIFIED]: trade_id=trade_NSE_NIFTY50_INDEX_CPR_v1.0_1788239705, candidate_id=cand_NSE_NIFTY50_INDEX_CPR_24064.95_20260901_104505_CPR_v1.0, payload={'price': 24064.05, 'old_sl': 24072.600000000002, 'new_sl': 24072.5, 'old_tp': None, 'new_tp': 23993.6, 'reason': 'TRAILING_SL'}
2026-09-01 10:46:06,271 - INFO - 🟡 UPDATE (TRAILING_SL) [CPR_v1.0|0901_104505_CPR_v1.0]: NSE:NIFTY50-INDEX @ 24064.05 | SL→24072.50 TP→23993.60
2026-09-01 10:46:06,296 - INFO - 📊 EXECUTION AUDIT [CF_SL_MODIFIED]: trade_id=None, candidate_id=cand_NSE_NIFTY50_INDEX_BREAKOUT_24009.50_20260901_104000_Structural_v3.2_RVOL1.0, payload={'price': 24064.05, 'old_sl': 24072.59285714286, 'new_sl': 24072.492857142857, 'old_tp': None, 'new_tp': 23993.6, 'reason': 'TRAILING_SL'}
2026-09-01 10:46:06,330 - INFO - 🟡 UPDATE (TRAILING_SL) [CFStructural_v3.2_RVOL1.0|uctural_v3.2_RVOL1.0]: NSE:NIFTY50-INDEX @ 24064.05 | SL→24072.49 TP→23993.60
2026-09-01 10:46:06,330 - INFO - 📊 EXECUTION AUDIT [CF_SL_MODIFIED]: trade_id=None, candidate_id=cand_NSE_NIFTY50_INDEX_BREAKOUT_24009.50_20260901_104000_Structural_v3.2_RVOL0.8, payload={'price': 24064.05, 'old_sl': 24072.59285714286, 'new_sl': 24072.492857142857, 'old_tp': None, 'new_tp': 23993.6, 'reason': 'TRAILING_SL'}
2026-09-01 10:46:06,366 - INFO - 🟡 UPDATE (TRAILING_SL) [CFStructural_v3.2_RVOL0.8|uctural_v3.2_RVOL0.8]: NSE:NIFTY50-INDEX @ 24064.05 | SL→24072.49 TP→23993.60
2026-09-01 10:46:06,366 - INFO - 📊 EXECUTION AUDIT [CF_SL_MODIFIED]: trade_id=None, candidate_id=cand_NSE_NIFTYBANK_INDEX_BREAKOUT_57572.70_20260901_104000_Structural_v3.2_RVOL1.0, payload={'price': 57438.6, 'old_sl': 57412.15, 'new_sl': 57412.35, 'old_tp': None, 'new_tp': 57700.899999999994, 'reason': 'TRAILING_SL'}
2026-09-01 10:46:06,401 - INFO - 🟡 UPDATE (TRAILING_SL) [CFStructural_v3.2_RVOL1.0|uctural_v3.2_RVOL1.0]: NSE:NIFTYBANK-INDEX @ 57438.60 | SL→57412.35 TP→57700.90
2026-09-01 10:46:06,402 - INFO - 📊 EXECUTION AUDIT [CF_SL_MODIFIED]: trade_id=None, candidate_id=cand_NSE_NIFTYBANK_INDEX_BREAKOUT_57572.70_20260901_104000_Structural_v3.2_RVOL0.8, payload={'price': 57438.6, 'old_sl': 57412.15, 'new_sl': 57412.35, 'old_tp': None, 'new_tp': 57700.899999999994, 'reason': 'TRAILING_SL'}
2026-09-01 10:46:06,437 - INFO - 🟡 UPDATE (TRAILING_SL) [CFStructural_v3.2_RVOL0.8|uctural_v3.2_RVOL0.8]: NSE:NIFTYBANK-INDEX @ 57438.60 | SL→57412.35 TP→57700.90
2026-09-01 10:46:15,990 - INFO - 📊 Saved 22 snapshots for NSE:NIFTYBANK-INDEX  (oi range: 5,190–1,993,200)
2026-09-01 10:46:17,087 - INFO - 📡 Fetching NSE:NIFTY50-INDEX @ 24067  expiry=26901  strikes=ATM±5
2026-09-01 10:46:35,349 - INFO - ⏱️ [Real-time Exit Loop] Checking open positions @ 10:46:35...
2026-09-01 10:46:36,455 - INFO - 📊 EXECUTION AUDIT [SL_MODIFIED]: trade_id=trade_NSE_NIFTY50_INDEX_CPR_v1.0_1788239705, candidate_id=cand_NSE_NIFTY50_INDEX_CPR_24064.95_20260901_104505_CPR_v1.0, payload={'price': 24063.1, 'old_sl': 24072.5, 'new_sl': 24071.55, 'old_tp': None, 'new_tp': 23993.6, 'reason': 'TRAILING_SL'}
2026-09-01 10:46:36,519 - INFO - 🟡 UPDATE (TRAILING_SL) [CPR_v1.0|0901_104505_CPR_v1.0]: NSE:NIFTY50-INDEX @ 24063.10 | SL→24071.55 TP→23993.60
2026-09-01 10:46:36,543 - INFO - 📊 EXECUTION AUDIT [CF_SL_MODIFIED]: trade_id=None, candidate_id=cand_NSE_NIFTY50_INDEX_BREAKOUT_24009.50_20260901_104000_Structural_v3.2_RVOL1.0, payload={'price': 24063.1, 'old_sl': 24072.492857142857, 'new_sl': 24071.542857142857, 'old_tp': None, 'new_tp': 23993.6, 'reason': 'TRAILING_SL'}
2026-09-01 10:46:36,578 - INFO - 🟡 UPDATE (TRAILING_SL) [CFStructural_v3.2_RVOL1.0|uctural_v3.2_RVOL1.0]: NSE:NIFTY50-INDEX @ 24063.10 | SL→24071.54 TP→23993.60
2026-09-01 10:46:36,578 - INFO - 📊 EXECUTION AUDIT [CF_SL_MODIFIED]: trade_id=None, candidate_id=cand_NSE_NIFTY50_INDEX_BREAKOUT_24009.50_20260901_104000_Structural_v3.2_RVOL0.8, payload={'price': 24063.1, 'old_sl': 24072.492857142857, 'new_sl': 24071.542857142857, 'old_tp': None, 'new_tp': 23993.6, 'reason': 'TRAILING_SL'}
2026-09-01 10:46:36,613 - INFO - 🟡 UPDATE (TRAILING_SL) [CFStructural_v3.2_RVOL0.8|uctural_v3.2_RVOL0.8]: NSE:NIFTY50-INDEX @ 24063.10 | SL→24071.54 TP→23993.60
2026-09-01 10:46:36,613 - INFO - 📊 EXECUTION AUDIT [CF_SL_MODIFIED]: trade_id=None, candidate_id=cand_NSE_NIFTYBANK_INDEX_BREAKOUT_57572.70_20260901_104000_Structural_v3.2_RVOL1.0, payload={'price': 57442.3, 'old_sl': 57412.35, 'new_sl': 57416.05, 'old_tp': None, 'new_tp': 57700.899999999994, 'reason': 'TRAILING_SL'}
2026-09-01 10:46:36,651 - INFO - 🟡 UPDATE (TRAILING_SL) [CFStructural_v3.2_RVOL1.0|uctural_v3.2_RVOL1.0]: NSE:NIFTYBANK-INDEX @ 57442.30 | SL→57416.05 TP→57700.90
2026-09-01 10:46:36,651 - INFO - 📊 EXECUTION AUDIT [CF_SL_MODIFIED]: trade_id=None, candidate_id=cand_NSE_NIFTYBANK_INDEX_BREAKOUT_57572.70_20260901_104000_Structural_v3.2_RVOL0.8, payload={'price': 57442.3, 'old_sl': 57412.35, 'new_sl': 57416.05, 'old_tp': None, 'new_tp': 57700.899999999994, 'reason': 'TRAILING_SL'}
2026-09-01 10:46:36,689 - INFO - 🟡 UPDATE (TRAILING_SL) [CFStructural_v3.2_RVOL0.8|uctural_v3.2_RVOL0.8]: NSE:NIFTYBANK-INDEX @ 57442.30 | SL→57416.05 TP→57700.90
2026-09-01 10:46:47,175 - INFO - 📊 Saved 22 snapshots for NSE:NIFTY50-INDEX  (oi range: 485,875–54,573,415)
2026-09-01 10:46:49,463 - INFO - 📡 Fetching NSE:NIFTYBANK-INDEX @ 57444  expiry=26SEP  strikes=ATM±5
2026-09-01 10:47:05,590 - INFO - ⏱️ [Real-time Exit Loop] Checking open positions @ 10:47:05...
2026-09-01 10:47:06,732 - INFO - 📊 EXECUTION AUDIT [CF_SL_MODIFIED]: trade_id=None, candidate_id=cand_NSE_NIFTYBANK_INDEX_BREAKOUT_57572.70_20260901_104000_Structural_v3.2_RVOL1.0, payload={'price': 57448.3, 'old_sl': 57416.05, 'new_sl': 57422.05, 'old_tp': None, 'new_tp': 57700.899999999994, 'reason': 'TRAILING_SL'}
2026-09-01 10:47:06,775 - INFO - 🟡 UPDATE (TRAILING_SL) [CFStructural_v3.2_RVOL1.0|uctural_v3.2_RVOL1.0]: NSE:NIFTYBANK-INDEX @ 57448.30 | SL→57422.05 TP→57700.90
2026-09-01 10:47:06,775 - INFO - 📊 EXECUTION AUDIT [CF_SL_MODIFIED]: trade_id=None, candidate_id=cand_NSE_NIFTYBANK_INDEX_BREAKOUT_57572.70_20260901_104000_Structural_v3.2_RVOL0.8, payload={'price': 57448.3, 'old_sl': 57416.05, 'new_sl': 57422.05, 'old_tp': None, 'new_tp': 57700.899999999994, 'reason': 'TRAILING_SL'}
2026-09-01 10:47:06,810 - INFO - 🟡 UPDATE (TRAILING_SL) [CFStructural_v3.2_RVOL0.8|uctural_v3.2_RVOL0.8]: NSE:NIFTYBANK-INDEX @ 57448.30 | SL→57422.05 TP→57700.90
2026-09-01 10:47:19,296 - INFO - 📊 Saved 22 snapshots for NSE:NIFTYBANK-INDEX  (oi range: 5,190–1,994,070)
2026-09-01 10:47:20,414 - INFO - 📡 Fetching NSE:NIFTY50-INDEX @ 24067  expiry=26901  strikes=ATM±5
2026-09-01 10:47:35,684 - INFO - ⏱️ [Real-time Exit Loop] Checking open positions @ 10:47:35...
2026-09-01 10:47:36,822 - INFO - 📊 EXECUTION AUDIT [CF_SL_MODIFIED]: trade_id=None, candidate_id=cand_NSE_NIFTYBANK_INDEX_BREAKOUT_57572.70_20260901_104000_Structural_v3.2_RVOL1.0, payload={'price': 57452.3, 'old_sl': 57422.05, 'new_sl': 57426.05, 'old_tp': None, 'new_tp': 57700.899999999994, 'reason': 'TRAILING_SL'}
2026-09-01 10:47:36,865 - INFO - 🟡 UPDATE (TRAILING_SL) [CFStructural_v3.2_RVOL1.0|uctural_v3.2_RVOL1.0]: NSE:NIFTYBANK-INDEX @ 57452.30 | SL→57426.05 TP→57700.90
2026-09-01 10:47:36,865 - INFO - 📊 EXECUTION AUDIT [CF_SL_MODIFIED]: trade_id=None, candidate_id=cand_NSE_NIFTYBANK_INDEX_BREAKOUT_57572.70_20260901_104000_Structural_v3.2_RVOL0.8, payload={'price': 57452.3, 'old_sl': 57422.05, 'new_sl': 57426.05, 'old_tp': None, 'new_tp': 57700.899999999994, 'reason': 'TRAILING_SL'}
2026-09-01 10:47:36,900 - INFO - 🟡 UPDATE (TRAILING_SL) [CFStructural_v3.2_RVOL0.8|uctural_v3.2_RVOL0.8]: NSE:NIFTYBANK-INDEX @ 57452.30 | SL→57426.05 TP→57700.90
2026-09-01 10:47:50,570 - INFO - 📊 Saved 22 snapshots for NSE:NIFTY50-INDEX  (oi range: 488,995–55,301,025)
2026-09-01 10:47:52,678 - INFO - 📡 Fetching NSE:NIFTYBANK-INDEX @ 57450  expiry=26SEP  strikes=ATM±5
2026-09-01 10:48:05,783 - INFO - ⏱️ [Real-time Exit Loop] Checking open positions @ 10:48:05...
2026-09-01 10:48:06,919 - INFO - 📊 EXECUTION AUDIT [CF_SL_MODIFIED]: trade_id=None, candidate_id=cand_NSE_NIFTYBANK_INDEX_BREAKOUT_57572.70_20260901_104000_Structural_v3.2_RVOL1.0, payload={'price': 57457.4, 'old_sl': 57426.05, 'new_sl': 57431.15, 'old_tp': None, 'new_tp': 57700.899999999994, 'reason': 'TRAILING_SL'}
2026-09-01 10:48:06,963 - INFO - 🟡 UPDATE (TRAILING_SL) [CFStructural_v3.2_RVOL1.0|uctural_v3.2_RVOL1.0]: NSE:NIFTYBANK-INDEX @ 57457.40 | SL→57431.15 TP→57700.90
2026-09-01 10:48:06,963 - INFO - 📊 EXECUTION AUDIT [CF_SL_MODIFIED]: trade_id=None, candidate_id=cand_NSE_NIFTYBANK_INDEX_BREAKOUT_57572.70_20260901_104000_Structural_v3.2_RVOL0.8, payload={'price': 57457.4, 'old_sl': 57426.05, 'new_sl': 57431.15, 'old_tp': None, 'new_tp': 57700.899999999994, 'reason': 'TRAILING_SL'}
2026-09-01 10:48:06,999 - INFO - 🟡 UPDATE (TRAILING_SL) [CFStructural_v3.2_RVOL0.8|uctural_v3.2_RVOL0.8]: NSE:NIFTYBANK-INDEX @ 57457.40 | SL→57431.15 TP→57700.90
2026-09-01 10:48:22,933 - INFO - 📊 Saved 22 snapshots for NSE:NIFTYBANK-INDEX  (oi range: 5,190–1,994,160)
2026-09-01 10:48:24,033 - INFO - 📡 Fetching NSE:NIFTY50-INDEX @ 24069  expiry=26901  strikes=ATM±5
2026-09-01 10:48:35,913 - INFO - ⏱️ [Real-time Exit Loop] Checking open positions @ 10:48:35...
2026-09-01 10:48:53,848 - INFO - 📊 Saved 22 snapshots for NSE:NIFTY50-INDEX  (oi range: 489,320–55,125,720)
2026-09-01 10:48:55,962 - INFO - 📡 Fetching NSE:NIFTYBANK-INDEX @ 57450  expiry=26SEP  strikes=ATM±5
2026-09-01 10:49:05,950 - INFO - ⏱️ [Real-time Exit Loop] Checking open positions @ 10:49:05...
2026-09-01 10:49:25,944 - INFO - 📊 Saved 22 snapshots for NSE:NIFTYBANK-INDEX  (oi range: 17,070–1,994,130)
2026-09-01 10:49:27,053 - INFO - 📡 Fetching NSE:NIFTY50-INDEX @ 24067  expiry=26901  strikes=ATM±5
2026-09-01 10:49:35,030 - INFO - ⏱️ [Real-time Exit Loop] Checking open positions @ 10:49:35...
2026-09-01 10:49:56,972 - INFO - 📊 Saved 22 snapshots for NSE:NIFTY50-INDEX  (oi range: 487,695–55,374,215)
2026-09-01 10:49:59,076 - INFO - 📡 Fetching NSE:NIFTYBANK-INDEX @ 57457  expiry=26SEP  strikes=ATM±5
2026-09-01 10:50:05,094 - INFO - 🔔 [New Candle Closed] Running entry pipeline for candle 10:50 at 10:50:05...
2026-09-01 10:50:05,095 - INFO - --- 10:50:05 Market Pulse ---
2026-09-01 10:50:10,276 - INFO - 📊 EXECUTION AUDIT [CF_EXITED]: trade_id=None, candidate_id=cand_NSE_NIFTYBANK_INDEX_BREAKOUT_57572.70_20260901_104000_Structural_v3.2_RVOL1.0, payload={'exit_price': 57431.15, 'exit_reason': 'TRAILING_SL', 'pnl_r': 0.010978857546605695, 'duration_minutes': 4.9936512833333335, 'bars_held': 1}
2026-09-01 10:50:10,335 - INFO - 🔴 EXIT (TRAILING_SL) [CFStructural_v3.2_RVOL1.0|uctural_v3.2_RVOL1.0]: NSE:NIFTYBANK-INDEX @ 57431.15 | PnL +0.01R | MFE 0.72R | Capture 2% | 1bars HoldEff +0.011R/bar
2026-09-01 10:50:10,335 - INFO - 📊 EXECUTION AUDIT [CF_EXITED]: trade_id=None, candidate_id=cand_NSE_NIFTYBANK_INDEX_BREAKOUT_57572.70_20260901_104000_Structural_v3.2_RVOL0.8, payload={'exit_price': 57431.15, 'exit_reason': 'TRAILING_SL', 'pnl_r': 0.010978857546605695, 'duration_minutes': 4.9936512833333335, 'bars_held': 1}
2026-09-01 10:50:10,383 - INFO - 🔴 EXIT (TRAILING_SL) [CFStructural_v3.2_RVOL0.8|uctural_v3.2_RVOL0.8]: NSE:NIFTYBANK-INDEX @ 57431.15 | PnL +0.01R | MFE 0.72R | Capture 2% | 1bars HoldEff +0.011R/bar
2026-09-01 10:50:13,032 - INFO - Resolved active expiry from DB: 26901 (2026-09-01)
2026-09-01 10:50:14,577 - INFO - Resolved active expiry from DB: 26SEP (2026-09-29)
2026-09-01 10:50:14,578 - INFO - 👻 [Geometry_v1.0_Score35] CF CONFLUENCE_BOUNCE NSE:NIFTYBANK-INDEX BUY CALL | Rejected: ['LOW_RR:0.33']
2026-09-01 10:50:14,578 - INFO - 📊 EXECUTION AUDIT [SIGNAL_GENERATED]: trade_id=None, candidate_id=cand_NSE_NIFTYBANK_INDEX_CONFLUENCE_BOUNCE_57461.35_202609011050_Geometry_v1.0_Score35, payload={'symbol': 'NSE:NIFTYBANK-INDEX', 'candidate_id': 'cand_NSE_NIFTYBANK_INDEX_CONFLUENCE_BOUNCE_57461.35_202609011050_Geometry_v1.0_Score35', 'experiment_name': 'Geometry_v1.0_Score35', 'strategy_id': 'geometry', 'version': 'v1.0', 'signal': 'BUY CALL', 'strategy': 'CONFLUENCE_BOUNCE', 'price': 57461.35, 'stop_loss': 57436.14, 'take_profit': 57469.75, 'tp1': 57499.16, 'rr_ratio': 0.33, 'timestamp': '2026-09-01T10:50:05.095151+05:30', 'zone_band_low': 57466.25, 'zone_band_high': 57466.25, 'zone_direction': 'SUPPORT', 'zone_component_count': 1, 'accepted': False, 'rejection_reasons': ['LOW_RR:0.33'], 'stop_loss_distance': 25.21, 'atr': 50.41, 'confidence': 0.47, 'diagnostics': {'zone_score': 38.4, 'zone_explanation': 'SUPPORT @ 57466.25 (±0.0pts, score=38)', 'dist_to_zone': 4.9, 'narrative_bias': 'CONTINUATION', 'bias_confidence': 0.6, 'zone_engine_confirmed': False}, 'features': {'regime_primary': 'GAP_UP', 'regime_vol_state': 'NORMAL', 'market_regime': 'GAP_UP_NORMAL'}}
2026-09-01 10:50:14,599 - INFO - Resolved active expiry from DB: 26SEP (2026-09-29)
2026-09-01 10:50:14,613 - INFO - Resolved index signal into option contract: OptionContract(symbol='NSE:BANKNIFTY26SEP57500CE', strike=57500.0, expiry='26SEP', option_type='CE', premium=862.25, delta=0.5, bid=860.85, ask=863.55, volume=1160700, resolved_at=datetime.datetime(2026, 9, 1, 10, 50, 14, 613427))
2026-09-01 10:50:14,613 - INFO - ⚡ Option strike selection resolved index signal to contract NSE:BANKNIFTY26SEP57500CE @ premium 862.25 (type: CE, strike: 57500.0)
2026-09-01 10:50:14,613 - INFO - 📊 EXECUTION AUDIT [STRIKE_SELECTED]: trade_id=None, candidate_id=cand_NSE_NIFTYBANK_INDEX_CONFLUENCE_BOUNCE_57461.35_202609011050_Geometry_v1.0_Score35, payload={'symbol': 'NSE:BANKNIFTY26SEP57500CE', 'strike': 57500.0, 'expiry': '26SEP', 'type': 'CE'}
2026-09-01 10:50:14,625 - INFO - 📊 EXECUTION AUDIT [PREMIUM_RETRIEVED]: trade_id=None, candidate_id=cand_NSE_NIFTYBANK_INDEX_CONFLUENCE_BOUNCE_57461.35_202609011050_Geometry_v1.0_Score35, payload={'premium': 862.25, 'bid': 860.85, 'ask': 863.55}
2026-09-01 10:50:14,636 - INFO - 📊 EXECUTION AUDIT [CF_SUBMITTED]: trade_id=None, candidate_id=cand_NSE_NIFTYBANK_INDEX_CONFLUENCE_BOUNCE_57461.35_202609011050_Geometry_v1.0_Score35, payload={'price': 57461.35, 'sl': 57436.14, 'tp': 57469.75}
2026-09-01 10:50:14,648 - INFO - 📊 EXECUTION AUDIT [CF_FILLED]: trade_id=None, candidate_id=cand_NSE_NIFTYBANK_INDEX_CONFLUENCE_BOUNCE_57461.35_202609011050_Geometry_v1.0_Score35, payload={'price': 57461.35, 'sl': 57436.14, 'tp': 57469.75}
2026-09-01 10:50:14,659 - INFO - 💰 Position size [CONFLUENCE_BOUNCE|GAP_UP_NORMAL|conf=0]: frac=0.002 → ₹5,000 (risk/unit=0.04%)
2026-09-01 10:50:14,682 - INFO - 🟢 ENTRY [CF|Geometry_v1.0_Score35|eometry_v1.0_Score35]: NSE:NIFTYBANK-INDEX BUY CALL @ 57461.35 | SL: 57436.14 TP: 57469.75
2026-09-01 10:50:14,683 - INFO - 👻 [Butterfly_v1.0] CF COMBO BUTTERFLY_SPREAD NSE:NIFTYBANK-INDEX BUTTERFLY_SPREAD | Rejected: ['HIGH_RVOL', 'COOLDOWN_AFTER_LOSS']
2026-09-01 10:50:14,695 - INFO - Resolved active expiry from DB: 26SEP (2026-09-29)
2026-09-01 10:50:14,748 - INFO - Resolved BUTTERFLY_SPREAD for NSE:NIFTYBANK-INDEX: [('CE', 'BUY', 57300.0), ('CE', 'SELL', 57500.0), ('CE', 'SELL', 57500.0), ('CE', 'BUY', 57700.0)] net_premium=16.80 max_loss=16.80
2026-09-01 10:50:14,773 - INFO - 🟢 CF COMBO ENTRY [Butterfly_v1.0|05005_Butterfly_v1.0]: NSE:NIFTYBANK-INDEX BUTTERFLY_SPREAD | Net premium: 16.80 | Max loss: 16.80
2026-09-01 10:50:29,781 - INFO - 📊 Saved 22 snapshots for NSE:NIFTYBANK-INDEX  (oi range: 17,070–1,993,890)
2026-09-01 10:50:31,042 - INFO - 📡 Fetching NSE:NIFTY50-INDEX @ 24068  expiry=26901  strikes=ATM±5
2026-09-01 10:50:35,783 - INFO - ⏱️ [Real-time Exit Loop] Checking open positions @ 10:50:35...
2026-09-01 10:50:37,916 - INFO - 🔴 CF COMBO EXIT (STOP_R) [Butterfly_v1.0|05005_Butterfly_v1.0]: NSE:NIFTYBANK-INDEX BUTTERFLY_SPREAD | PnL -0.54R | 1min
2026-09-01 10:51:19,857 - INFO - 📊 Saved 22 snapshots for NSE:NIFTY50-INDEX  (oi range: 489,450–55,430,895)
2026-09-01 10:51:21,968 - INFO - 📡 Fetching NSE:NIFTYBANK-INDEX @ 57485  expiry=26SEP  strikes=ATM±5
2026-09-01 10:51:25,063 - INFO - ⏱️ [Real-time Exit Loop] Checking open positions @ 10:51:25...
2026-09-01 10:51:26,160 - INFO - 📊 EXECUTION AUDIT [ORDER_EXITED]: trade_id=trade_NSE_NIFTY50_INDEX_CPR_v1.0_1788239705, candidate_id=cand_NSE_NIFTY50_INDEX_CPR_24064.95_20260901_104505_CPR_v1.0, payload={'exit_price': 24076.05, 'exit_reason': 'TRAILING_SL', 'pnl_r': -0.12649572649572646, 'duration_minutes': 6.326446766666667, 'bars_held': 1}
2026-09-01 10:51:26,242 - INFO - 🔴 EXIT (TRAILING_SL) [CPR_v1.0|0901_104505_CPR_v1.0]: NSE:NIFTY50-INDEX @ 24076.05 | PnL -0.13R | MFE 0.22R | Capture -58% | 1bars HoldEff -0.127R/bar
2026-09-01 10:51:26,243 - INFO - 📊 EXECUTION AUDIT [CF_EXITED]: trade_id=None, candidate_id=cand_NSE_NIFTY50_INDEX_BREAKOUT_24009.50_20260901_103000_Structural_v3.3_ExitMgmt, payload={'exit_price': 24076.05, 'exit_reason': 'INITIAL_SL', 'pnl_r': -0.12798634812286688, 'duration_minutes': 16.323272333333332, 'bars_held': 3}
2026-09-01 10:51:26,291 - INFO - 🔴 EXIT (INITIAL_SL) [CFStructural_v3.3_ExitMgmt|ctural_v3.3_ExitMgmt]: NSE:NIFTY50-INDEX @ 24076.05 | PnL -0.13R | MFE 0.49R | Capture -26% | 3bars HoldEff -0.043R/bar
2026-09-01 10:51:26,291 - INFO - 📊 EXECUTION AUDIT [CF_EXITED]: trade_id=None, candidate_id=cand_NSE_NIFTY50_INDEX_BREAKOUT_24009.50_20260901_104000_Structural_v3.2_RVOL1.0, payload={'exit_price': 24076.05, 'exit_reason': 'TRAILING_SL', 'pnl_r': -0.12649572649572646, 'duration_minutes': 6.326446766666667, 'bars_held': 1}
2026-09-01 10:51:26,339 - INFO - 🔴 EXIT (TRAILING_SL) [CFStructural_v3.2_RVOL1.0|uctural_v3.2_RVOL1.0]: NSE:NIFTY50-INDEX @ 24076.05 | PnL -0.13R | MFE 0.22R | Capture -58% | 1bars HoldEff -0.127R/bar
2026-09-01 10:51:26,339 - INFO - 📊 EXECUTION AUDIT [CF_EXITED]: trade_id=None, candidate_id=cand_NSE_NIFTY50_INDEX_BREAKOUT_24009.50_20260901_104000_Structural_v3.2_RVOL0.8, payload={'exit_price': 24076.05, 'exit_reason': 'TRAILING_SL', 'pnl_r': -0.12649572649572646, 'duration_minutes': 6.326446766666667, 'bars_held': 1}
2026-09-01 10:51:26,382 - INFO - 🔴 EXIT (TRAILING_SL) [CFStructural_v3.2_RVOL0.8|uctural_v3.2_RVOL0.8]: NSE:NIFTY50-INDEX @ 24076.05 | PnL -0.13R | MFE 0.22R | Capture -58% | 1bars HoldEff -0.127R/bar
2026-09-01 10:51:26,383 - INFO - 📊 EXECUTION AUDIT [CF_EXITED]: trade_id=None, candidate_id=cand_NSE_NIFTYBANK_INDEX_TRENDLINE_RETEST_57438.40_202609011045_Geometry_v1.0_Score35, payload={'exit_price': 57481.95, 'exit_reason': 'TRAILING_SL', 'pnl_r': -0.04110924071941179, 'duration_minutes': 6.326446766666667, 'bars_held': 1}
2026-09-01 10:51:26,423 - INFO - 🔴 EXIT (TRAILING_SL) [CFGeometry_v1.0_Score35|eometry_v1.0_Score35]: NSE:NIFTYBANK-INDEX @ 57481.95 | PnL -0.04R | MFE 0.07R | Capture N/A | 1bars HoldEff -0.041R/bar
2026-09-01 10:51:26,423 - INFO - 📊 EXECUTION AUDIT [CF_EXITED]: trade_id=None, candidate_id=cand_NSE_NIFTYBANK_INDEX_TRENDLINE_RETEST_57438.40_202609011045_Geometry_v1.0_Score50, payload={'exit_price': 57481.95, 'exit_reason': 'TRAILING_SL', 'pnl_r': -0.04110924071941179, 'duration_minutes': 6.326446766666667, 'bars_held': 1}
2026-09-01 10:51:26,461 - INFO - 🔴 EXIT (TRAILING_SL) [CFGeometry_v1.0_Score50|eometry_v1.0_Score50]: NSE:NIFTYBANK-INDEX @ 57481.95 | PnL -0.04R | MFE 0.07R | Capture N/A | 1bars HoldEff -0.041R/bar
2026-09-01 10:51:26,461 - INFO - 📊 EXECUTION AUDIT [CF_TP_EXPANDED]: trade_id=None, candidate_id=cand_NSE_NIFTYBANK_INDEX_CONFLUENCE_BOUNCE_57461.35_202609011050_Geometry_v1.0_Score35, payload={'price': 57481.95, 'old_sl': 57436.14, 'new_sl': 57456.74, 'old_tp': 57469.75, 'new_tp': 57494.96, 'reason': 'TP_EXPANSION'}
2026-09-01 10:51:26,499 - INFO - 🟡 UPDATE (TP_EXPANSION) [CFGeometry_v1.0_Score35|eometry_v1.0_Score35]: NSE:NIFTYBANK-INDEX @ 57481.95 | SL→57456.74 TP→57494.96
2026-09-01 10:51:35,414 - INFO - ⏱️ [Real-time Exit Loop] Checking open positions @ 10:51:35...
2026-09-01 11:41:57,820 - INFO - 📊 Saved 22 snapshots for NSE:NIFTYBANK-INDEX  (oi range: 17,070–1,993,380)
2026-09-01 11:41:58,923 - INFO - 📡 Fetching NSE:NIFTY50-INDEX @ 24116  expiry=26901  strikes=ATM±5
2026-09-01 11:48:25,109 - INFO - 🔔 [New Candle Closed] Running entry pipeline for candle 11:45 at 11:48:25...
2026-09-01 11:48:25,109 - INFO - --- 11:48:25 Market Pulse ---
2026-09-01 11:48:30,246 - INFO - 📊 EXECUTION AUDIT [CF_EXITED]: trade_id=None, candidate_id=cand_NSE_NIFTYBANK_INDEX_GAP_FILL_57355.55_20260901_094505_GapRegime_v2.0, payload={'exit_price': 57648.65, 'exit_reason': 'TRAILING_SL', 'pnl_r': -0.22830743385132293, 'duration_minutes': 123.32686996666666, 'bars_held': 9}
2026-09-01 11:48:30,318 - INFO - 🔴 EXIT (TRAILING_SL) [CFGapRegime_v2.0|94505_GapRegime_v2.0]: NSE:NIFTYBANK-INDEX @ 57648.65 | PnL -0.23R | MFE 0.09R | Capture N/A | 9bars HoldEff -0.025R/bar
2026-09-01 11:48:30,319 - INFO - 📊 EXECUTION AUDIT [CF_SL_MODIFIED]: trade_id=None, candidate_id=cand_NSE_NIFTYBANK_INDEX_BREAKOUT_57572.70_20260901_094500_Structural_v3.3_ExitMgmt, payload={'price': 57640.2, 'old_sl': 57408.73, 'new_sl': 57564.585, 'old_tp': None, 'new_tp': 57667.635714285716, 'reason': 'TRAILING_SL'}
2026-09-01 11:48:30,374 - INFO - 🟡 UPDATE (TRAILING_SL) [CFStructural_v3.3_ExitMgmt|ctural_v3.3_ExitMgmt]: NSE:NIFTYBANK-INDEX @ 57640.20 | SL→57564.58 TP→57667.64
2026-09-01 11:48:30,375 - INFO - 📊 EXECUTION AUDIT [CF_SL_MODIFIED]: trade_id=None, candidate_id=cand_NSE_NIFTYBANK_INDEX_SWEEP_57227.53_20260901_095000_Structural_v3.3_ExitMgmt, payload={'price': 57640.2, 'old_sl': 57408.73, 'new_sl': 57564.585, 'old_tp': None, 'new_tp': 57668.79285714286, 'reason': 'TRAILING_SL'}
2026-09-01 11:48:30,424 - INFO - 🟡 UPDATE (TRAILING_SL) [CFStructural_v3.3_ExitMgmt|ctural_v3.3_ExitMgmt]: NSE:NIFTYBANK-INDEX @ 57640.20 | SL→57564.58 TP→57668.79
2026-09-01 11:48:30,425 - INFO - 📊 EXECUTION AUDIT [CF_TP_EXPANDED]: trade_id=None, candidate_id=cand_NSE_NIFTYBANK_INDEX_CONFLUENCE_BOUNCE_57461.35_202609011050_Geometry_v1.0_Score35, payload={'price': 57640.2, 'old_sl': 57456.74, 'new_sl': 57614.99, 'old_tp': 57494.96, 'new_tp': 57520.17, 'reason': 'TP_EXPANSION'}
2026-09-01 11:48:30,466 - INFO - 🟡 UPDATE (TP_EXPANSION) [CFGeometry_v1.0_Score35|eometry_v1.0_Score35]: NSE:NIFTYBANK-INDEX @ 57640.20 | SL→57614.99 TP→57520.17
2026-09-01 11:48:31,247 - INFO - Retrieved live premium from Fyers API: LTP=15.15 for NSE:NIFTY2690124050PE
2026-09-01 11:48:32,268 - INFO - Retrieved live premium from Fyers API: LTP=4.4 for NSE:NIFTY2690123950PE
2026-09-01 11:48:33,270 - INFO - Retrieved live premium from Fyers API: LTP=15.3 for NSE:NIFTY2690124050PE
2026-09-01 11:48:34,272 - INFO - Retrieved live premium from Fyers API: LTP=4.4 for NSE:NIFTY2690123950PE
2026-09-01 11:48:34,325 - INFO - 🔴 CF COMBO EXIT (STOP_R) [VerticalSpread_v1.0|_VerticalSpread_v1.0]: NSE:NIFTY50-INDEX BEAR_PUT_SPREAD | PnL -0.66R | 126min
2026-09-01 11:48:35,282 - INFO - Retrieved live premium from Fyers API: LTP=86.65 for NSE:NIFTY2690124050CE
2026-09-01 11:48:36,423 - INFO - Retrieved live premium from Fyers API: LTP=15.25 for NSE:NIFTY2690124050PE
2026-09-01 11:48:37,292 - INFO - Retrieved live premium from Fyers API: LTP=27.1 for NSE:NIFTY2690124150CE
2026-09-01 11:48:38,290 - INFO - Retrieved live premium from Fyers API: LTP=4.35 for NSE:NIFTY2690123950PE
2026-09-01 12:05:52,133 - WARNING - No quotes data available for ['NSE:NIFTY2690124000PE'] (code=-1, message=Network connection failure before HTTP response)
2026-09-01 12:05:52,133 - WARNING - ⚠️ Could not refresh leg NSE:NIFTY2690124000PE: Could not resolve a real premium for NSE:NIFTY2690124000PE (DB warehouse miss/stale AND live quote failed) — using last known premium
2026-09-01 12:05:52,298 - INFO - Retrieved live premium from Fyers API: LTP=1.95 for NSE:NIFTY2690123900PE
2026-09-01 12:05:53,301 - INFO - Retrieved live premium from Fyers API: LTP=54.35 for NSE:NIFTY2690124100CE
2026-09-01 12:05:54,447 - INFO - Retrieved live premium from Fyers API: LTP=13.35 for NSE:NIFTY2690124200CE
2026-09-01 12:05:55,298 - INFO - Retrieved live premium from Fyers API: LTP=182.2 for NSE:NIFTY2690123950CE
2026-09-01 12:05:56,248 - INFO - 📊 Saved 22 snapshots for NSE:NIFTY50-INDEX  (oi range: 276,575–56,723,030)
2026-09-01 12:05:56,294 - INFO - Retrieved live premium from Fyers API: LTP=92.85 for NSE:NIFTY2690124050CE
2026-09-01 12:05:58,179 - INFO - Retrieved live premium from Fyers API: LTP=92.9 for NSE:NIFTY2690124050CE
2026-09-01 12:05:59,028 - INFO - Retrieved live premium from Fyers API: LTP=28.65 for NSE:NIFTY2690124150CE
2026-09-01 12:05:59,059 - INFO - 📡 Fetching NSE:NIFTYBANK-INDEX @ 57630  expiry=26SEP  strikes=ATM±5
2026-09-01 12:06:00,003 - INFO - Retrieved live premium from Fyers API: LTP=11.95 for NSE:NIFTY2690124050PE
2026-09-01 12:06:01,009 - INFO - Retrieved live premium from Fyers API: LTP=92.7 for NSE:NIFTY2690124050CE
2026-09-01 12:06:02,021 - INFO - Retrieved live premium from Fyers API: LTP=1.45 for NSE:NIFTY2690123850PE
2026-09-01 12:06:03,181 - INFO - Retrieved live premium from Fyers API: LTP=6.4 for NSE:NIFTY2690124250CE
2026-09-01 12:06:04,032 - INFO - Retrieved live premium from Fyers API: LTP=6.35 for NSE:NIFTY2690124000PE
2026-09-01 12:06:05,034 - INFO - Retrieved live premium from Fyers API: LTP=1.95 for NSE:NIFTY2690123900PE
2026-09-01 12:06:06,049 - INFO - Retrieved live premium from Fyers API: LTP=55.2 for NSE:NIFTY2690124100CE
2026-09-01 12:06:07,060 - INFO - Retrieved live premium from Fyers API: LTP=13.6 for NSE:NIFTY2690124200CE
2026-09-01 12:06:08,074 - INFO - Retrieved live premium from Fyers API: LTP=1033.2 for NSE:BANKNIFTY26SEP57400CE
2026-09-01 12:06:09,089 - INFO - Retrieved live premium from Fyers API: LTP=906.85 for NSE:BANKNIFTY26SEP57600CE
2026-09-01 12:06:10,084 - INFO - Retrieved live premium from Fyers API: LTP=1029.95 for NSE:BANKNIFTY26SEP57400CE
2026-09-01 12:23:30,224 - INFO - Retrieved live premium from Fyers API: LTP=469.4 for NSE:BANKNIFTY26SEP57400PE
2026-09-01 12:23:30,819 - INFO - Retrieved live premium from Fyers API: LTP=898.8 for NSE:BANKNIFTY26SEP57600CE
2026-09-01 12:23:31,994 - INFO - Retrieved live premium from Fyers API: LTP=403.1 for NSE:BANKNIFTY26SEP57200PE
2026-09-01 12:23:32,835 - INFO - Retrieved live premium from Fyers API: LTP=435.3 for NSE:BANKNIFTY26SEP57300PE
2026-09-01 12:23:33,863 - INFO - Retrieved live premium from Fyers API: LTP=372.55 for NSE:BANKNIFTY26SEP57100PE
2026-09-01 12:40:28,265 - INFO - Retrieved live premium from Fyers API: LTP=962.7 for NSE:BANKNIFTY26SEP57500CE
2026-09-01 12:40:28,569 - INFO - Retrieved live premium from Fyers API: LTP=845.55 for NSE:BANKNIFTY26SEP57700CE
2026-09-01 12:40:29,407 - INFO - Retrieved live premium from Fyers API: LTP=471.95 for NSE:BANKNIFTY26SEP57400PE
2026-09-01 12:40:30,424 - INFO - Retrieved live premium from Fyers API: LTP=1027.25 for NSE:BANKNIFTY26SEP57400CE
2026-09-01 12:40:31,449 - INFO - Retrieved live premium from Fyers API: LTP=350.0 for NSE:BANKNIFTY26SEP57000PE
2026-09-01 12:40:32,452 - INFO - Retrieved live premium from Fyers API: LTP=787.1 for NSE:BANKNIFTY26SEP57800CE
2026-09-01 12:40:34,414 - INFO - Retrieved live premium from Fyers API: LTP=440.0 for NSE:BANKNIFTY26SEP57300PE
2026-09-01 12:40:35,250 - INFO - Retrieved live premium from Fyers API: LTP=376.75 for NSE:BANKNIFTY26SEP57100PE
2026-09-01 12:40:36,232 - INFO - Retrieved live premium from Fyers API: LTP=961.0 for NSE:BANKNIFTY26SEP57500CE
2026-09-01 12:40:37,253 - INFO - Retrieved live premium from Fyers API: LTP=843.5 for NSE:BANKNIFTY26SEP57700CE
2026-09-01 12:40:38,248 - INFO - Retrieved live premium from Fyers API: LTP=78.3 for NSE:NIFTY2690124050CE
2026-09-01 12:40:39,278 - INFO - Retrieved live premium from Fyers API: LTP=19.65 for NSE:NIFTY2690124150CE
2026-09-01 12:40:40,282 - INFO - Retrieved live premium from Fyers API: LTP=12.9 for NSE:NIFTY2690124050PE
2026-09-01 12:40:41,291 - INFO - Retrieved live premium from Fyers API: LTP=3.45 for NSE:NIFTY2690123950PE
2026-09-01 12:40:42,430 - INFO - 📊 Saved 22 snapshots for NSE:NIFTYBANK-INDEX  (oi range: 15,810–2,066,910)
2026-09-01 12:40:42,448 - INFO - Retrieved live premium from Fyers API: LTP=962.2 for NSE:BANKNIFTY26SEP57500CE
2026-09-01 12:40:43,306 - INFO - Retrieved live premium from Fyers API: LTP=842.85 for NSE:BANKNIFTY26SEP57700CE
2026-09-01 12:40:43,533 - INFO - 📡 Fetching NSE:NIFTY50-INDEX @ 24111  expiry=26901  strikes=ATM±5
2026-09-01 12:49:23,892 - WARNING - ⚡ [CreditSpread_v1.0_PCRFade] errors: ['OPTIONS_DATA_STALE'] (0.0ms)
2026-09-01 12:49:23,892 - WARNING - ⚡ [OIWallReaction_v1.0] errors: ['OPTIONS_DATA_STALE'] (0.0ms)
2026-09-01 12:49:23,892 - WARNING - ⚡ [PCRExtremeReversal_v1.0] errors: ['OPTIONS_DATA_STALE'] (0.0ms)
2026-09-01 12:49:23,892 - WARNING - ⚡ [OI_Scalping_v1.0] errors: ['INSUFFICIENT_OI_DATA'] (0.0ms)
2026-09-01 12:49:23,904 - INFO - Resolved active expiry from DB: 26901 (2026-09-01)
2026-09-01 12:49:23,904 - INFO - 👻 [Structural_v3.2_RVOL1.0] CF BREAKOUT NSE:NIFTY50-INDEX BUY PUT | Rejected: ['BIAS_MISMATCH', 'LOW_EFFICIENCY', 'HIGH_WICKINESS']
2026-09-01 12:49:23,904 - INFO - 📊 EXECUTION AUDIT [SIGNAL_GENERATED]: trade_id=None, candidate_id=cand_NSE_NIFTY50_INDEX_BREAKOUT_24009.50_20260901_114000_Structural_v3.2_RVOL1.0, payload={'symbol': 'NSE:NIFTY50-INDEX', 'signal': 'BUY PUT', 'strategy': 'BREAKOUT', 'price': 24119.0, 'stop_loss': 24127.323214285716, 'take_profit': 24035.767857142855, 'tp1': 24106.515178571426, 'rr_ratio': 10.0, 'timestamp': '2026-09-01T11:40:00+05:30', 'accepted': False, 'rejection_reasons': ['BIAS_MISMATCH', 'LOW_EFFICIENCY', 'HIGH_WICKINESS'], 'features': {'date': '2026-09-01', 'strategy_name': 'Structural_v3', 'strategy_version': 'v3.2', 'feature_version': 'v1.1', 'market_regime': 'STRONG_TREND_UP_NORMAL', 'day_type': 'NORMAL_DAY', 'session_type': 'MID', 'daily_bias': 'NEUTRAL', 'hourly_bias': 'NEUTRAL', 'trend_strength': 0.0, 'rvol': 1.95, 'rvol_threshold': 1.0, 'atr': 16.65, 'distance_from_supply': 259.6, 'distance_from_demand': 125.4, 'nearest_supply_strength': 101.7, 'nearest_demand_strength': 72.2, 'distance_to_liquidity_pool': 125.40000000000146, 'liquidity_score': 19.5, 'indicator_snapshot': {'rvol_tod': 1.95, 'is_compressed': False, 'bos_count': 0}, 'move_efficiency': 0.4856, 'wickiness': 0.6005, 'fft_score': 0.0, 'setup_type': 'BREAKOUT', 'candidate_id': 'cand_NSE_NIFTY50_INDEX_BREAKOUT_24009.50_20260901_114000', 'ema20': 24091.34, 'ema50': 24071.78, 'move_efficiency_h1': 0.5924, 'ema_bullish': True, 'rsi14': 74.43, 'rsi2': 34.88, 'distance_to_vwap': 0.0022, 'atr_percentile': 0.7773, 'dist_prev_high': -0.0004, 'dist_prev_low': 0.003, 'adx': 35.16, 'adx_slope': 3.2074, 'gap_pct': 0.0009, 'regime_primary': 'STRONG_TREND_UP', 'regime_vol_state': 'NORMAL'}, 'candidate_id': 'cand_NSE_NIFTY50_INDEX_BREAKOUT_24009.50_20260901_114000_Structural_v3.2_RVOL1.0', 'experiment_name': 'Structural_v3.2_RVOL1.0', 'strategy_id': 'structural', 'version': 'v3.2'}
2026-09-01 12:49:23,923 - INFO - Resolved active expiry from DB: 26901 (2026-09-01)
2026-09-01 12:49:24,023 - INFO - Retrieved live premium from Fyers API: LTP=27.45 for NSE:NIFTY2690124100PE
2026-09-01 12:49:24,023 - INFO - Resolved index signal into option contract: OptionContract(symbol='NSE:NIFTY2690124100PE', strike=24100.0, expiry='26901', option_type='PE', premium=27.45, delta=0.5, bid=27.35, ask=27.45, volume=799221800, resolved_at=datetime.datetime(2026, 9, 1, 12, 49, 24, 23833))
2026-09-01 12:49:24,023 - INFO - ⚡ Option strike selection resolved index signal to contract NSE:NIFTY2690124100PE @ premium 27.45 (type: PE, strike: 24100.0)
2026-09-01 12:49:24,024 - INFO - 📊 EXECUTION AUDIT [STRIKE_SELECTED]: trade_id=None, candidate_id=cand_NSE_NIFTY50_INDEX_BREAKOUT_24009.50_20260901_114000_Structural_v3.2_RVOL1.0, payload={'symbol': 'NSE:NIFTY2690124100PE', 'strike': 24100.0, 'expiry': '26901', 'type': 'PE'}
2026-09-01 12:49:24,039 - INFO - 📊 EXECUTION AUDIT [PREMIUM_RETRIEVED]: trade_id=None, candidate_id=cand_NSE_NIFTY50_INDEX_BREAKOUT_24009.50_20260901_114000_Structural_v3.2_RVOL1.0, payload={'premium': 27.45, 'bid': 27.35, 'ask': 27.45}
2026-09-01 12:49:24,053 - INFO - 📊 EXECUTION AUDIT [CF_SUBMITTED]: trade_id=None, candidate_id=cand_NSE_NIFTY50_INDEX_BREAKOUT_24009.50_20260901_114000_Structural_v3.2_RVOL1.0, payload={'price': 24119.0, 'sl': 24127.323214285716, 'tp': 24035.767857142855}
2026-09-01 12:49:24,067 - INFO - 📊 EXECUTION AUDIT [CF_FILLED]: trade_id=None, candidate_id=cand_NSE_NIFTY50_INDEX_BREAKOUT_24009.50_20260901_114000_Structural_v3.2_RVOL1.0, payload={'price': 24119.0, 'sl': 24127.323214285716, 'tp': 24035.767857142855}
2026-09-01 12:49:24,081 - INFO - 💰 Position size [BREAKOUT|STRONG_TREND_UP_NORMAL|conf=70]: frac=0.006 → ₹5,000 (risk/unit=0.03%)
2026-09-01 12:49:24,109 - INFO - 🟢 ENTRY [CF|Structural_v3.2_RVOL1.0|uctural_v3.2_RVOL1.0]: NSE:NIFTY50-INDEX BUY PUT @ 24119.00 | SL: 24127.32 TP: 24035.77
2026-09-01 12:49:24,109 - INFO - 👻 [Structural_v3.2_RVOL0.8] CF BREAKOUT NSE:NIFTY50-INDEX BUY PUT | Rejected: ['BIAS_MISMATCH', 'LOW_EFFICIENCY', 'HIGH_WICKINESS']
2026-09-01 12:49:24,109 - INFO - 📊 EXECUTION AUDIT [SIGNAL_GENERATED]: trade_id=None, candidate_id=cand_NSE_NIFTY50_INDEX_BREAKOUT_24009.50_20260901_114000_Structural_v3.2_RVOL0.8, payload={'symbol': 'NSE:NIFTY50-INDEX', 'signal': 'BUY PUT', 'strategy': 'BREAKOUT', 'price': 24119.0, 'stop_loss': 24127.323214285716, 'take_profit': 24035.767857142855, 'tp1': 24106.515178571426, 'rr_ratio': 10.0, 'timestamp': '2026-09-01T11:40:00+05:30', 'accepted': False, 'rejection_reasons': ['BIAS_MISMATCH', 'LOW_EFFICIENCY', 'HIGH_WICKINESS'], 'features': {'date': '2026-09-01', 'strategy_name': 'Structural_v3', 'strategy_version': 'v3.2', 'feature_version': 'v1.1', 'market_regime': 'STRONG_TREND_UP_NORMAL', 'day_type': 'NORMAL_DAY', 'session_type': 'MID', 'daily_bias': 'NEUTRAL', 'hourly_bias': 'NEUTRAL', 'trend_strength': 0.0, 'rvol': 1.95, 'rvol_threshold': 0.8, 'atr': 16.65, 'distance_from_supply': 259.6, 'distance_from_demand': 125.4, 'nearest_supply_strength': 101.7, 'nearest_demand_strength': 72.2, 'distance_to_liquidity_pool': 125.40000000000146, 'liquidity_score': 19.5, 'indicator_snapshot': {'rvol_tod': 1.95, 'is_compressed': False, 'bos_count': 0}, 'move_efficiency': 0.4856, 'wickiness': 0.6005, 'fft_score': 0.0, 'setup_type': 'BREAKOUT', 'candidate_id': 'cand_NSE_NIFTY50_INDEX_BREAKOUT_24009.50_20260901_114000', 'ema20': 24091.34, 'ema50': 24071.78, 'move_efficiency_h1': 0.5924, 'ema_bullish': True, 'rsi14': 74.43, 'rsi2': 34.88, 'distance_to_vwap': 0.0022, 'atr_percentile': 0.7773, 'dist_prev_high': -0.0004, 'dist_prev_low': 0.003, 'adx': 35.16, 'adx_slope': 3.2074, 'gap_pct': 0.0009, 'regime_primary': 'STRONG_TREND_UP', 'regime_vol_state': 'NORMAL'}, 'candidate_id': 'cand_NSE_NIFTY50_INDEX_BREAKOUT_24009.50_20260901_114000_Structural_v3.2_RVOL0.8', 'experiment_name': 'Structural_v3.2_RVOL0.8', 'strategy_id': 'structural', 'version': 'v3.2'}
2026-09-01 12:49:24,138 - INFO - Resolved active expiry from DB: 26901 (2026-09-01)
2026-09-01 12:49:25,022 - INFO - Retrieved live premium from Fyers API: LTP=27.25 for NSE:NIFTY2690124100PE
2026-09-01 12:49:25,022 - INFO - Resolved index signal into option contract: OptionContract(symbol='NSE:NIFTY2690124100PE', strike=24100.0, expiry='26901', option_type='PE', premium=27.25, delta=0.5, bid=27.2, ask=27.3, volume=799246760, resolved_at=datetime.datetime(2026, 9, 1, 12, 49, 25, 22747))
2026-09-01 12:49:25,022 - INFO - ⚡ Option strike selection resolved index signal to contract NSE:NIFTY2690124100PE @ premium 27.25 (type: PE, strike: 24100.0)
2026-09-01 12:49:25,022 - INFO - 📊 EXECUTION AUDIT [STRIKE_SELECTED]: trade_id=None, candidate_id=cand_NSE_NIFTY50_INDEX_BREAKOUT_24009.50_20260901_114000_Structural_v3.2_RVOL0.8, payload={'symbol': 'NSE:NIFTY2690124100PE', 'strike': 24100.0, 'expiry': '26901', 'type': 'PE'}
2026-09-01 12:49:25,052 - INFO - 📊 EXECUTION AUDIT [PREMIUM_RETRIEVED]: trade_id=None, candidate_id=cand_NSE_NIFTY50_INDEX_BREAKOUT_24009.50_20260901_114000_Structural_v3.2_RVOL0.8, payload={'premium': 27.25, 'bid': 27.2, 'ask': 27.3}
2026-09-01 12:49:25,071 - INFO - 📊 EXECUTION AUDIT [CF_SUBMITTED]: trade_id=None, candidate_id=cand_NSE_NIFTY50_INDEX_BREAKOUT_24009.50_20260901_114000_Structural_v3.2_RVOL0.8, payload={'price': 24119.0, 'sl': 24127.323214285716, 'tp': 24035.767857142855}
2026-09-01 12:49:25,088 - INFO - 📊 EXECUTION AUDIT [CF_FILLED]: trade_id=None, candidate_id=cand_NSE_NIFTY50_INDEX_BREAKOUT_24009.50_20260901_114000_Structural_v3.2_RVOL0.8, payload={'price': 24119.0, 'sl': 24127.323214285716, 'tp': 24035.767857142855}
2026-09-01 12:49:25,102 - INFO - 💰 Position size [BREAKOUT|STRONG_TREND_UP_NORMAL|conf=70]: frac=0.006 → ₹5,000 (risk/unit=0.03%)
2026-09-01 12:49:25,131 - INFO - 🟢 ENTRY [CF|Structural_v3.2_RVOL0.8|uctural_v3.2_RVOL0.8]: NSE:NIFTY50-INDEX BUY PUT @ 24119.00 | SL: 24127.32 TP: 24035.77
2026-09-01 12:49:25,131 - INFO - 👻 [Structural_v3.3_ExitMgmt] CF BREAKOUT NSE:NIFTY50-INDEX BUY PUT | Rejected: ['BIAS_MISMATCH', 'LOW_EFFICIENCY', 'HIGH_WICKINESS']
2026-09-01 12:49:25,132 - INFO - 📊 EXECUTION AUDIT [SIGNAL_GENERATED]: trade_id=None, candidate_id=cand_NSE_NIFTY50_INDEX_BREAKOUT_24009.50_20260901_114000_Structural_v3.3_ExitMgmt, payload={'symbol': 'NSE:NIFTY50-INDEX', 'signal': 'BUY PUT', 'strategy': 'BREAKOUT', 'price': 24119.0, 'stop_loss': 24127.323214285716, 'take_profit': 24035.767857142855, 'tp1': 24106.515178571426, 'rr_ratio': 10.0, 'timestamp': '2026-09-01T11:40:00+05:30', 'accepted': False, 'rejection_reasons': ['BIAS_MISMATCH', 'LOW_EFFICIENCY', 'HIGH_WICKINESS'], 'features': {'date': '2026-09-01', 'strategy_name': 'Structural_v3', 'strategy_version': 'v3.2', 'feature_version': 'v1.1', 'market_regime': 'STRONG_TREND_UP_NORMAL', 'day_type': 'NORMAL_DAY', 'session_type': 'MID', 'daily_bias': 'NEUTRAL', 'hourly_bias': 'NEUTRAL', 'trend_strength': 0.0, 'rvol': 1.95, 'rvol_threshold': 1.0, 'atr': 16.65, 'distance_from_supply': 259.6, 'distance_from_demand': 125.4, 'nearest_supply_strength': 101.7, 'nearest_demand_strength': 72.2, 'distance_to_liquidity_pool': 125.40000000000146, 'liquidity_score': 19.5, 'indicator_snapshot': {'rvol_tod': 1.95, 'is_compressed': False, 'bos_count': 0}, 'move_efficiency': 0.4856, 'wickiness': 0.6005, 'fft_score': 0.0, 'setup_type': 'BREAKOUT', 'candidate_id': 'cand_NSE_NIFTY50_INDEX_BREAKOUT_24009.50_20260901_114000', 'ema20': 24091.34, 'ema50': 24071.78, 'move_efficiency_h1': 0.5924, 'ema_bullish': True, 'rsi14': 74.43, 'rsi2': 34.88, 'distance_to_vwap': 0.0022, 'atr_percentile': 0.7773, 'dist_prev_high': -0.0004, 'dist_prev_low': 0.003, 'adx': 35.16, 'adx_slope': 3.2074, 'gap_pct': 0.0009, 'regime_primary': 'STRONG_TREND_UP', 'regime_vol_state': 'NORMAL'}, 'candidate_id': 'cand_NSE_NIFTY50_INDEX_BREAKOUT_24009.50_20260901_114000_Structural_v3.3_ExitMgmt', 'experiment_name': 'Structural_v3.3_ExitMgmt', 'strategy_id': 'structural', 'version': 'v3.2'}
2026-09-01 12:49:25,158 - INFO - Resolved active expiry from DB: 26901 (2026-09-01)
2026-09-01 12:49:26,037 - INFO - Retrieved live premium from Fyers API: LTP=27.2 for NSE:NIFTY2690124100PE
2026-09-01 12:49:26,040 - INFO - Resolved index signal into option contract: OptionContract(symbol='NSE:NIFTY2690124100PE', strike=24100.0, expiry='26901', option_type='PE', premium=27.2, delta=0.5, bid=27.2, ask=27.3, volume=799326255, resolved_at=datetime.datetime(2026, 9, 1, 12, 49, 26, 40093))
2026-09-01 12:49:26,040 - INFO - ⚡ Option strike selection resolved index signal to contract NSE:NIFTY2690124100PE @ premium 27.2 (type: PE, strike: 24100.0)
2026-09-01 12:49:26,040 - INFO - 📊 EXECUTION AUDIT [STRIKE_SELECTED]: trade_id=None, candidate_id=cand_NSE_NIFTY50_INDEX_BREAKOUT_24009.50_20260901_114000_Structural_v3.3_ExitMgmt, payload={'symbol': 'NSE:NIFTY2690124100PE', 'strike': 24100.0, 'expiry': '26901', 'type': 'PE'}
2026-09-01 12:49:26,075 - INFO - 📊 EXECUTION AUDIT [PREMIUM_RETRIEVED]: trade_id=None, candidate_id=cand_NSE_NIFTY50_INDEX_BREAKOUT_24009.50_20260901_114000_Structural_v3.3_ExitMgmt, payload={'premium': 27.2, 'bid': 27.2, 'ask': 27.3}
2026-09-01 12:49:26,096 - INFO - 📊 EXECUTION AUDIT [CF_SUBMITTED]: trade_id=None, candidate_id=cand_NSE_NIFTY50_INDEX_BREAKOUT_24009.50_20260901_114000_Structural_v3.3_ExitMgmt, payload={'price': 24119.0, 'sl': 24127.323214285716, 'tp': 24035.767857142855}
2026-09-01 12:49:26,115 - INFO - 📊 EXECUTION AUDIT [CF_FILLED]: trade_id=None, candidate_id=cand_NSE_NIFTY50_INDEX_BREAKOUT_24009.50_20260901_114000_Structural_v3.3_ExitMgmt, payload={'price': 24119.0, 'sl': 24127.323214285716, 'tp': 24035.767857142855}
2026-09-01 12:49:26,133 - INFO - 💰 Position size [BREAKOUT|STRONG_TREND_UP_NORMAL|conf=70]: frac=0.006 → ₹5,000 (risk/unit=0.03%)
2026-09-01 12:49:26,167 - INFO - 🟢 ENTRY [CF|Structural_v3.3_ExitMgmt|ctural_v3.3_ExitMgmt]: NSE:NIFTY50-INDEX BUY PUT @ 24119.00 | SL: 24127.32 TP: 24035.77
2026-09-01 12:49:26,168 - INFO - 👻 [VerticalSpread_v1.0] CF COMBO BULL_CALL_SPREAD NSE:NIFTY50-INDEX BULL_CALL_SPREAD | Rejected: ['LOW_EFFICIENCY']
2026-09-01 12:49:26,187 - INFO - Resolved active expiry from DB: 26901 (2026-09-01)
2026-09-01 12:49:27,047 - INFO - Retrieved live premium from Fyers API: LTP=40.95 for NSE:NIFTY2690124100CE
2026-09-01 12:49:28,080 - INFO - Retrieved live premium from Fyers API: LTP=8.2 for NSE:NIFTY2690124200CE
2026-09-01 12:49:28,081 - INFO - Resolved BULL_CALL_SPREAD for NSE:NIFTY50-INDEX: [('CE', 'BUY', 24100.0), ('CE', 'SELL', 24200.0)] net_premium=32.75 max_loss=32.75
2026-09-01 12:49:28,136 - INFO - 🟢 CF COMBO ENTRY [VerticalSpread_v1.0|_VerticalSpread_v1.0]: NSE:NIFTY50-INDEX BULL_CALL_SPREAD | Net premium: 32.75 | Max loss: 32.75
2026-09-01 12:49:28,137 - WARNING - ⚡ [CreditSpread_v1.0_PCRFade] errors: ['OPTIONS_DATA_STALE']
2026-09-01 12:49:28,137 - WARNING - ⚡ [OIWallReaction_v1.0] errors: ['OPTIONS_DATA_STALE']
2026-09-01 12:49:28,137 - WARNING - ⚡ [PCRExtremeReversal_v1.0] errors: ['OPTIONS_DATA_STALE']
2026-09-01 12:49:28,137 - WARNING - ⚡ [OI_Scalping_v1.0] errors: ['INSUFFICIENT_OI_DATA']
2026-09-01 12:49:29,725 - WARNING - ⚡ [OI_Scalping_v1.0] errors: ['INSUFFICIENT_OI_DATA'] (0.0ms)
2026-09-01 12:49:29,736 - INFO - Resolved active expiry from DB: 26SEP (2026-09-29)
2026-09-01 12:49:29,738 - INFO - 👻 [OIWallReaction_v1.0] CF OI_WALL_BREAK NSE:NIFTYBANK-INDEX BUY CALL | Rejected: ['LOW_RR:1.12']
2026-09-01 12:49:29,738 - INFO - 📊 EXECUTION AUDIT [SIGNAL_GENERATED]: trade_id=None, candidate_id=cand_NSE_NIFTYBANK_INDEX_OI_WALL_BREAK_57651.50_20260901_114825_OIWallReaction_v1.0, payload={'symbol': 'NSE:NIFTYBANK-INDEX', 'candidate_id': 'cand_NSE_NIFTYBANK_INDEX_OI_WALL_BREAK_57651.50_20260901_114825_OIWallReaction_v1.0', 'signal': 'BUY CALL', 'price': 57651.5, 'stop_loss': 57490.9835, 'take_profit': 57831.83, 'tp1': 57892.27475, 'rr_ratio': 1.12, 'strategy': 'OI_WALL_BREAK', 'confidence': 1.0, 'accepted': False, 'rejection_reasons': ['LOW_RR:1.12'], 'timestamp': datetime.datetime(2026, 9, 1, 11, 48, 25, 109640, tzinfo=zoneinfo.ZoneInfo(key='Asia/Kolkata')), 'diagnostics': {'wall_strike': 57500.0, 'wall_oi': 1887690, 'wall_oi_change': 4560, 'wall_type': 'call', 'rvol': 2.75}, 'experiment_name': 'OIWallReaction_v1.0', 'strategy_id': 'oi_wall_reaction', 'version': 'v1.0', 'features': {'regime_primary': 'GAP_UP', 'regime_vol_state': 'HIGH_VOL', 'market_regime': 'GAP_UP_HIGH_VOL'}}
2026-09-01 12:49:29,757 - INFO - Resolved active expiry from DB: 26SEP (2026-09-29)
2026-09-01 12:49:29,857 - INFO - Retrieved live premium from Fyers API: LTP=860.85 for NSE:BANKNIFTY26SEP57700CE
2026-09-01 12:49:29,858 - INFO - Resolved index signal into option contract: OptionContract(symbol='NSE:BANKNIFTY26SEP57700CE', strike=57700.0, expiry='26SEP', option_type='CE', premium=860.85, delta=0.5, bid=859.0, ask=861.1, volume=748560, resolved_at=datetime.datetime(2026, 9, 1, 12, 49, 29, 858145))
2026-09-01 12:49:29,858 - INFO - ⚡ Option strike selection resolved index signal to contract NSE:BANKNIFTY26SEP57700CE @ premium 860.85 (type: CE, strike: 57700.0)
2026-09-01 12:49:29,858 - INFO - 📊 EXECUTION AUDIT [STRIKE_SELECTED]: trade_id=None, candidate_id=cand_NSE_NIFTYBANK_INDEX_OI_WALL_BREAK_57651.50_20260901_114825_OIWallReaction_v1.0, payload={'symbol': 'NSE:BANKNIFTY26SEP57700CE', 'strike': 57700.0, 'expiry': '26SEP', 'type': 'CE'}
2026-09-01 12:49:29,875 - INFO - 📊 EXECUTION AUDIT [PREMIUM_RETRIEVED]: trade_id=None, candidate_id=cand_NSE_NIFTYBANK_INDEX_OI_WALL_BREAK_57651.50_20260901_114825_OIWallReaction_v1.0, payload={'premium': 860.85, 'bid': 859.0, 'ask': 861.1}
2026-09-01 12:49:29,891 - INFO - 📊 EXECUTION AUDIT [CF_SUBMITTED]: trade_id=None, candidate_id=cand_NSE_NIFTYBANK_INDEX_OI_WALL_BREAK_57651.50_20260901_114825_OIWallReaction_v1.0, payload={'price': 57651.5, 'sl': 57490.9835, 'tp': 57831.83}
2026-09-01 12:49:29,906 - INFO - 📊 EXECUTION AUDIT [CF_FILLED]: trade_id=None, candidate_id=cand_NSE_NIFTYBANK_INDEX_OI_WALL_BREAK_57651.50_20260901_114825_OIWallReaction_v1.0, payload={'price': 57651.5, 'sl': 57490.9835, 'tp': 57831.83}
2026-09-01 12:49:29,920 - INFO - 💰 Position size [OI_WALL_BREAK|GAP_UP_HIGH_VOL|conf=1]: frac=0.002 → ₹5,000 (risk/unit=0.28%)
2026-09-01 12:49:29,948 - INFO - 🟢 ENTRY [CF|OIWallReaction_v1.0|_OIWallReaction_v1.0]: NSE:NIFTYBANK-INDEX BUY CALL @ 57651.50 | SL: 57490.98 TP: 57831.83
2026-09-01 12:49:29,948 - INFO - 👻 [Butterfly_v1.0] CF COMBO BUTTERFLY_SPREAD NSE:NIFTYBANK-INDEX BUTTERFLY_SPREAD | Rejected: ['HIGH_RVOL']
2026-09-01 12:49:29,961 - INFO - Resolved active expiry from DB: 26SEP (2026-09-29)
2026-09-01 12:49:30,903 - INFO - Retrieved live premium from Fyers API: LTP=978.05 for NSE:BANKNIFTY26SEP57500CE
2026-09-01 12:49:31,890 - INFO - Retrieved live premium from Fyers API: LTP=860.85 for NSE:BANKNIFTY26SEP57700CE
2026-09-01 12:49:32,886 - INFO - Retrieved live premium from Fyers API: LTP=860.85 for NSE:BANKNIFTY26SEP57700CE
2026-09-01 12:49:33,902 - INFO - Retrieved live premium from Fyers API: LTP=744.9 for NSE:BANKNIFTY26SEP57900CE
2026-09-01 12:49:33,903 - INFO - Resolved BUTTERFLY_SPREAD for NSE:NIFTYBANK-INDEX: [('CE', 'BUY', 57500.0), ('CE', 'SELL', 57700.0), ('CE', 'SELL', 57700.0), ('CE', 'BUY', 57900.0)] net_premium=7.30 max_loss=7.30
2026-09-01 12:49:33,955 - INFO - 🟢 CF COMBO ENTRY [Butterfly_v1.0|14825_Butterfly_v1.0]: NSE:NIFTYBANK-INDEX BUTTERFLY_SPREAD | Net premium: 7.30 | Max loss: 7.30
2026-09-01 12:49:33,956 - WARNING - ⚡ [OI_Scalping_v1.0] errors: ['INSUFFICIENT_OI_DATA']
2026-09-01 13:41:06,195 - INFO - 📊 Saved 22 snapshots for NSE:NIFTY50-INDEX  (oi range: 262,925–56,726,930)
2026-09-01 13:41:08,318 - INFO - 📡 Fetching NSE:NIFTYBANK-INDEX @ 57346  expiry=26SEP  strikes=ATM±5
2026-09-01 13:50:29,997 - INFO - 🔔 [New Candle Closed] Running entry pipeline for candle 13:50 at 13:50:29...
2026-09-01 13:50:29,998 - INFO - --- 13:50:29 Market Pulse ---
2026-09-01 13:50:35,147 - INFO - 📊 EXECUTION AUDIT [CF_EXITED]: trade_id=None, candidate_id=cand_NSE_NIFTYBANK_INDEX_BREAKOUT_57572.70_20260901_094500_Structural_v3.3_ExitMgmt, payload={'exit_price': 57363.7, 'exit_reason': 'TRAILING_SL', 'pnl_r': -0.06933201167465174, 'duration_minutes': 240.41002468333332, 'bars_held': 9}
2026-09-01 13:50:35,222 - INFO - 🔴 EXIT (TRAILING_SL) [CFStructural_v3.3_ExitMgmt|ctural_v3.3_ExitMgmt]: NSE:NIFTYBANK-INDEX @ 57363.70 | PnL -0.07R | MFE 9.10R | Capture -1% | 9bars HoldEff -0.008R/bar
2026-09-01 13:50:35,222 - INFO - 📊 EXECUTION AUDIT [CF_EXITED]: trade_id=None, candidate_id=cand_NSE_NIFTYBANK_INDEX_SWEEP_57227.53_20260901_095000_Structural_v3.3_ExitMgmt, payload={'exit_price': 57363.7, 'exit_reason': 'TRAILING_SL', 'pnl_r': -0.06897311591009257, 'duration_minutes': 235.40388166666668, 'bars_held': 8}
2026-09-01 13:50:35,268 - INFO - 🔴 EXIT (TRAILING_SL) [CFStructural_v3.3_ExitMgmt|ctural_v3.3_ExitMgmt]: NSE:NIFTYBANK-INDEX @ 57363.70 | PnL -0.07R | MFE 9.07R | Capture -1% | 8bars HoldEff -0.009R/bar
2026-09-01 13:50:35,268 - INFO - 📊 EXECUTION AUDIT [CF_EXITED]: trade_id=None, candidate_id=cand_NSE_NIFTYBANK_INDEX_CONFLUENCE_BOUNCE_57461.35_202609011050_Geometry_v1.0_Score35, payload={'exit_price': 57363.7, 'exit_reason': 'TRAILING_SL', 'pnl_r': -0.08748769613803481, 'duration_minutes': 180.41505835, 'bars_held': 2}
2026-09-01 13:50:35,311 - INFO - 🔴 EXIT (TRAILING_SL) [CFGeometry_v1.0_Score35|eometry_v1.0_Score35]: NSE:NIFTYBANK-INDEX @ 57363.70 | PnL -0.09R | MFE 7.09R | Capture -1% | 2bars HoldEff -0.044R/bar
2026-09-01 13:50:35,311 - INFO - 📊 EXECUTION AUDIT [CF_TP_EXPANDED]: trade_id=None, candidate_id=cand_NSE_NIFTY50_INDEX_BREAKOUT_24009.50_20260901_114000_Structural_v3.2_RVOL1.0, payload={'price': 24016.5, 'old_sl': 24127.323214285716, 'new_sl': 24024.823214285716, 'old_tp': 24035.767857142855, 'new_tp': 24027.44464285714, 'reason': 'TP_EXPANSION'}
2026-09-01 13:50:35,352 - INFO - 🟡 UPDATE (TP_EXPANSION) [CFStructural_v3.2_RVOL1.0|uctural_v3.2_RVOL1.0]: NSE:NIFTY50-INDEX @ 24016.50 | SL→24024.82 TP→24027.44
2026-09-01 13:50:35,352 - INFO - 📊 EXECUTION AUDIT [CF_TP_EXPANDED]: trade_id=None, candidate_id=cand_NSE_NIFTY50_INDEX_BREAKOUT_24009.50_20260901_114000_Structural_v3.2_RVOL0.8, payload={'price': 24016.5, 'old_sl': 24127.323214285716, 'new_sl': 24024.823214285716, 'old_tp': 24035.767857142855, 'new_tp': 24027.44464285714, 'reason': 'TP_EXPANSION'}
2026-09-01 13:50:35,392 - INFO - 🟡 UPDATE (TP_EXPANSION) [CFStructural_v3.2_RVOL0.8|uctural_v3.2_RVOL0.8]: NSE:NIFTY50-INDEX @ 24016.50 | SL→24024.82 TP→24027.44
2026-09-01 13:50:35,392 - INFO - 📊 EXECUTION AUDIT [CF_EXITED]: trade_id=None, candidate_id=cand_NSE_NIFTY50_INDEX_BREAKOUT_24009.50_20260901_114000_Structural_v3.3_ExitMgmt, payload={'exit_price': 24016.5, 'exit_reason': 'TP_EXPANSION_CAPPED', 'pnl_r': 2.2014652014652016, 'duration_minutes': 122.08148353333333, 'bars_held': 1}
2026-09-01 13:50:35,431 - INFO - 🔴 EXIT (TP_EXPANSION_CAPPED) [CFStructural_v3.3_ExitMgmt|ctural_v3.3_ExitMgmt]: NSE:NIFTY50-INDEX @ 24016.50 | PnL +2.20R | MFE 12.31R | Capture 18% | 1bars HoldEff +2.201R/bar
2026-09-01 13:50:35,432 - INFO - 📊 EXECUTION AUDIT [CF_EXITED]: trade_id=None, candidate_id=cand_NSE_NIFTYBANK_INDEX_OI_WALL_BREAK_57651.50_20260901_114825_OIWallReaction_v1.0, payload={'exit_price': 57363.7, 'exit_reason': 'INITIAL_SL', 'pnl_r': -0.20450586459180123, 'duration_minutes': 122.08148353333333, 'bars_held': 1}
2026-09-01 13:50:35,472 - INFO - 🔴 EXIT (INITIAL_SL) [CFOIWallReaction_v1.0|_OIWallReaction_v1.0]: NSE:NIFTYBANK-INDEX @ 57363.70 | PnL -0.20R | MFE 0.00R | Capture N/A | 1bars HoldEff -0.204R/bar
2026-09-01 13:50:36,127 - INFO - Retrieved live premium from Fyers API: LTP=52.5 for NSE:NIFTY2690124050PE
2026-09-01 13:50:37,305 - INFO - Retrieved live premium from Fyers API: LTP=11.8 for NSE:NIFTY2690123950PE
2026-09-01 13:50:38,165 - INFO - Retrieved live premium from Fyers API: LTP=16.7 for NSE:NIFTY2690124050CE
2026-09-01 13:50:39,168 - INFO - Retrieved live premium from Fyers API: LTP=54.15 for NSE:NIFTY2690124050PE
2026-09-01 14:07:54,220 - INFO - Retrieved live premium from Fyers API: LTP=3.0 for NSE:NIFTY2690124150CE
2026-09-01 14:07:54,410 - INFO - Retrieved live premium from Fyers API: LTP=21.15 for NSE:NIFTY2690123950PE
2026-09-01 14:07:55,410 - INFO - Retrieved live premium from Fyers API: LTP=43.95 for NSE:NIFTY2690124000PE
2026-09-01 14:07:56,391 - INFO - Retrieved live premium from Fyers API: LTP=9.25 for NSE:NIFTY2690123900PE
2026-09-01 14:07:57,585 - INFO - Retrieved live premium from Fyers API: LTP=5.0 for NSE:NIFTY2690124100CE
2026-09-01 14:07:58,413 - INFO - Retrieved live premium from Fyers API: LTP=2.25 for NSE:NIFTY2690124200CE
2026-09-01 14:08:00,143 - INFO - Retrieved live premium from Fyers API: LTP=50.8 for NSE:NIFTY2690123950CE
2026-09-01 14:08:01,079 - INFO - Retrieved live premium from Fyers API: LTP=9.9 for NSE:NIFTY2690124050CE
2026-09-01 14:08:02,066 - INFO - Retrieved live premium from Fyers API: LTP=9.9 for NSE:NIFTY2690124050CE
2026-09-01 14:08:03,083 - INFO - Retrieved live premium from Fyers API: LTP=3.0 for NSE:NIFTY2690124150CE
2026-09-01 14:08:04,080 - INFO - Retrieved live premium from Fyers API: LTP=81.5 for NSE:NIFTY2690124050PE
2026-09-01 14:08:05,095 - INFO - Retrieved live premium from Fyers API: LTP=9.8 for NSE:NIFTY2690124050CE
2026-09-01 14:08:06,100 - INFO - Retrieved live premium from Fyers API: LTP=4.25 for NSE:NIFTY2690123850PE
2026-09-01 14:08:07,123 - INFO - Retrieved live premium from Fyers API: LTP=1.8 for NSE:NIFTY2690124250CE
2026-09-01 14:08:08,127 - INFO - Retrieved live premium from Fyers API: LTP=46.05 for NSE:NIFTY2690124000PE
2026-09-01 14:08:09,137 - INFO - Retrieved live premium from Fyers API: LTP=9.45 for NSE:NIFTY2690123900PE
2026-09-01 14:08:10,141 - INFO - Retrieved live premium from Fyers API: LTP=4.95 for NSE:NIFTY2690124100CE
2026-09-01 14:08:11,155 - INFO - Retrieved live premium from Fyers API: LTP=2.25 for NSE:NIFTY2690124200CE
2026-09-01 14:30:36,163 - INFO - Retrieved live premium from Fyers API: LTP=825.25 for NSE:BANKNIFTY26SEP57400CE
2026-09-01 14:30:36,333 - INFO - Retrieved live premium from Fyers API: LTP=719.45 for NSE:BANKNIFTY26SEP57600CE
2026-09-01 14:30:37,300 - INFO - Retrieved live premium from Fyers API: LTP=826.6 for NSE:BANKNIFTY26SEP57400CE
2026-09-01 14:30:38,326 - INFO - Retrieved live premium from Fyers API: LTP=676.35 for NSE:BANKNIFTY26SEP57400PE
2026-09-01 14:30:39,341 - INFO - Retrieved live premium from Fyers API: LTP=717.6 for NSE:BANKNIFTY26SEP57600CE
2026-09-01 14:30:40,324 - INFO - Retrieved live premium from Fyers API: LTP=593.4 for NSE:BANKNIFTY26SEP57200PE
2026-09-01 14:30:41,342 - INFO - Retrieved live premium from Fyers API: LTP=634.5 for NSE:BANKNIFTY26SEP57300PE
2026-09-01 14:30:42,345 - INFO - Retrieved live premium from Fyers API: LTP=554.45 for NSE:BANKNIFTY26SEP57100PE
2026-09-01 14:30:43,522 - INFO - Retrieved live premium from Fyers API: LTP=768.95 for NSE:BANKNIFTY26SEP57500CE
2026-09-01 14:30:44,367 - INFO - Retrieved live premium from Fyers API: LTP=669.5 for NSE:BANKNIFTY26SEP57700CE
2026-09-01 14:30:45,549 - INFO - Retrieved live premium from Fyers API: LTP=676.35 for NSE:BANKNIFTY26SEP57400PE
2026-09-01 14:30:46,381 - INFO - Retrieved live premium from Fyers API: LTP=823.35 for NSE:BANKNIFTY26SEP57400CE
2026-09-01 14:30:47,375 - INFO - Retrieved live premium from Fyers API: LTP=517.0 for NSE:BANKNIFTY26SEP57000PE
2026-09-01 14:30:48,398 - INFO - Retrieved live premium from Fyers API: LTP=620.85 for NSE:BANKNIFTY26SEP57800CE
2026-09-01 14:30:49,575 - INFO - Retrieved live premium from Fyers API: LTP=630.35 for NSE:BANKNIFTY26SEP57300PE
2026-09-01 14:30:50,401 - INFO - Retrieved live premium from Fyers API: LTP=549.5 for NSE:BANKNIFTY26SEP57100PE
2026-09-01 14:30:51,422 - INFO - Retrieved live premium from Fyers API: LTP=769.45 for NSE:BANKNIFTY26SEP57500CE
2026-09-01 14:30:52,424 - INFO - Retrieved live premium from Fyers API: LTP=666.35 for NSE:BANKNIFTY26SEP57700CE
2026-09-01 14:30:53,625 - INFO - Retrieved live premium from Fyers API: LTP=10.5 for NSE:NIFTY2690124050CE
2026-09-01 14:47:52,432 - INFO - Retrieved live premium from Fyers API: LTP=2.95 for NSE:NIFTY2690124150CE
2026-09-01 14:47:52,607 - INFO - Retrieved live premium from Fyers API: LTP=81.1 for NSE:NIFTY2690124050PE
2026-09-01 14:47:53,605 - INFO - Retrieved live premium from Fyers API: LTP=21.65 for NSE:NIFTY2690123950PE
2026-09-01 14:47:53,663 - INFO - 🔴 CF COMBO EXIT (TARGET_R) [VerticalSpread_v1.0|_VerticalSpread_v1.0]: NSE:NIFTY50-INDEX BEAR_PUT_SPREAD | PnL +1.76R | 199min
2026-09-01 14:47:54,622 - INFO - Retrieved live premium from Fyers API: LTP=776.3 for NSE:BANKNIFTY26SEP57500CE
2026-09-01 14:47:55,621 - INFO - Retrieved live premium from Fyers API: LTP=672.8 for NSE:BANKNIFTY26SEP57700CE
2026-09-01 14:47:56,625 - INFO - Retrieved live premium from Fyers API: LTP=5.7 for NSE:NIFTY2690124100CE
2026-09-01 14:47:58,279 - INFO - Retrieved live premium from Fyers API: LTP=1.95 for NSE:NIFTY2690124200CE
2026-09-01 14:47:58,332 - INFO - 🔴 CF COMBO EXIT (STOP_R) [VerticalSpread_v1.0|_VerticalSpread_v1.0]: NSE:NIFTY50-INDEX BULL_CALL_SPREAD | PnL -0.89R | 122min
2026-09-01 14:47:59,500 - INFO - Retrieved live premium from Fyers API: LTP=772.25 for NSE:BANKNIFTY26SEP57500CE
2026-09-01 14:48:00,429 - INFO - Retrieved live premium from Fyers API: LTP=674.35 for NSE:BANKNIFTY26SEP57700CE
2026-09-01 14:48:01,260 - INFO - Retrieved live premium from Fyers API: LTP=674.35 for NSE:BANKNIFTY26SEP57700CE
2026-09-01 14:48:02,269 - INFO - Retrieved live premium from Fyers API: LTP=580.45 for NSE:BANKNIFTY26SEP57900CE
2026-09-01 14:48:02,327 - INFO - 🔴 CF COMBO EXIT (STOP_R) [Butterfly_v1.0|14825_Butterfly_v1.0]: NSE:NIFTYBANK-INDEX BUTTERFLY_SPREAD | PnL -0.51R | 122min
2026-09-01 14:48:03,983 - WARNING - ⚡ [CreditSpread_v1.0_PCRFade] errors: ['OPTIONS_DATA_STALE'] (0.0ms)
2026-09-01 14:48:03,983 - WARNING - ⚡ [OIWallReaction_v1.0] errors: ['OPTIONS_DATA_STALE'] (0.0ms)
2026-09-01 14:48:03,983 - WARNING - ⚡ [PCRExtremeReversal_v1.0] errors: ['OPTIONS_DATA_STALE'] (0.0ms)
2026-09-01 14:48:03,983 - WARNING - ⚡ [OI_Scalping_v1.0] errors: ['INSUFFICIENT_OI_DATA'] (0.0ms)
2026-09-01 14:48:03,996 - INFO - Resolved active expiry from DB: 26901 (2026-09-01)
2026-09-01 14:48:03,996 - INFO - 🚀 SIGNAL: NSE:NIFTY50-INDEX BUY CALL | [Structural_v3.2_RVOL1.0]
2026-09-01 14:48:03,997 - INFO -    Entry: 24019.25 | SL: 24011.491071428572 | TP: 24096.839285714286 (RR: 10.0)
2026-09-01 14:48:03,997 - INFO - 📊 EXECUTION AUDIT [SIGNAL_GENERATED]: trade_id=trade_NSE_NIFTY50_INDEX_Structural_v3.2_RVOL1.0_1788250829, candidate_id=cand_NSE_NIFTY50_INDEX_SWEEP_23993.60_20260901_134500_Structural_v3.2_RVOL1.0, payload={'symbol': 'NSE:NIFTY50-INDEX', 'signal': 'BUY CALL', 'strategy': 'SWEEP', 'price': 24019.25, 'stop_loss': 24011.491071428572, 'take_profit': 24096.839285714286, 'tp1': 24030.88839285714, 'rr_ratio': 10.0, 'timestamp': '2026-09-01T13:45:00+05:30', 'accepted': True, 'rejection_reasons': [], 'features': {'date': '2026-09-01', 'strategy_name': 'Structural_v3', 'strategy_version': 'v3.2', 'feature_version': 'v1.1', 'market_regime': 'STRONG_TREND_DOWN_NORMAL', 'day_type': 'RANGE_DAY', 'session_type': 'MID', 'daily_bias': 'NEUTRAL', 'hourly_bias': 'NEUTRAL', 'trend_strength': 0.0, 'rvol': 1.31, 'rvol_threshold': 1.0, 'atr': 15.52, 'distance_from_supply': 359.35, 'distance_from_demand': 25.65, 'nearest_supply_strength': 101.3, 'nearest_demand_strength': 74.3, 'distance_to_liquidity_pool': 25.650000000001455, 'liquidity_score': 13.100000000000001, 'indicator_snapshot': {'rvol_tod': 1.31, 'is_compressed': False, 'bos_count': 0}, 'move_efficiency': 0.6432, 'wickiness': 0.3623, 'fft_score': 0.0, 'setup_type': 'SWEEP', 'candidate_id': 'cand_NSE_NIFTY50_INDEX_SWEEP_23993.60_20260901_134500', 'ema20': 24067.96, 'ema50': 24075.86, 'move_efficiency_h1': 0.5064, 'ema_bullish': False, 'rsi14': 16.25, 'rsi2': 0.0, 'distance_to_vwap': -0.0022, 'atr_percentile': 0.6493, 'dist_prev_high': -0.0045, 'dist_prev_low': -0.0011, 'adx': 32.27, 'adx_slope': 4.2304, 'gap_pct': 0.0009, 'regime_primary': 'STRONG_TREND_DOWN', 'regime_vol_state': 'NORMAL'}, 'candidate_id': 'cand_NSE_NIFTY50_INDEX_SWEEP_23993.60_20260901_134500_Structural_v3.2_RVOL1.0', 'experiment_name': 'Structural_v3.2_RVOL1.0', 'strategy_id': 'structural', 'version': 'v3.2'}
2026-09-01 14:48:04,016 - INFO - Resolved active expiry from DB: 26901 (2026-09-01)
2026-09-01 14:48:04,118 - INFO - Retrieved live premium from Fyers API: LTP=25.6 for NSE:NIFTY2690124000CE
2026-09-01 14:48:04,118 - INFO - Resolved index signal into option contract: OptionContract(symbol='NSE:NIFTY2690124000CE', strike=24000.0, expiry='26901', option_type='CE', premium=25.6, delta=0.5, bid=25.65, ask=25.7, volume=968794840, resolved_at=datetime.datetime(2026, 9, 1, 14, 48, 4, 118465))
2026-09-01 14:48:04,118 - INFO - ⚡ Option strike selection resolved index signal to contract NSE:NIFTY2690124000CE @ premium 25.6 (type: CE, strike: 24000.0)
2026-09-01 14:48:04,118 - INFO - 📊 EXECUTION AUDIT [STRIKE_SELECTED]: trade_id=trade_NSE_NIFTY50_INDEX_Structural_v3.2_RVOL1.0_1788250829, candidate_id=cand_NSE_NIFTY50_INDEX_SWEEP_23993.60_20260901_134500_Structural_v3.2_RVOL1.0, payload={'symbol': 'NSE:NIFTY2690124000CE', 'strike': 24000.0, 'expiry': '26901', 'type': 'CE'}
2026-09-01 14:48:04,134 - INFO - 📊 EXECUTION AUDIT [PREMIUM_RETRIEVED]: trade_id=trade_NSE_NIFTY50_INDEX_Structural_v3.2_RVOL1.0_1788250829, candidate_id=cand_NSE_NIFTY50_INDEX_SWEEP_23993.60_20260901_134500_Structural_v3.2_RVOL1.0, payload={'premium': 25.6, 'bid': 25.65, 'ask': 25.7}
2026-09-01 14:48:04,148 - INFO - 📊 EXECUTION AUDIT [ORDER_SUBMITTED]: trade_id=trade_NSE_NIFTY50_INDEX_Structural_v3.2_RVOL1.0_1788250829, candidate_id=cand_NSE_NIFTY50_INDEX_SWEEP_23993.60_20260901_134500_Structural_v3.2_RVOL1.0, payload={'price': 24019.25, 'sl': 24011.491071428572, 'tp': 24096.839285714286}
2026-09-01 14:48:04,162 - INFO - 📊 EXECUTION AUDIT [ORDER_FILLED]: trade_id=trade_NSE_NIFTY50_INDEX_Structural_v3.2_RVOL1.0_1788250829, candidate_id=cand_NSE_NIFTY50_INDEX_SWEEP_23993.60_20260901_134500_Structural_v3.2_RVOL1.0, payload={'price': 24019.25, 'sl': 24011.491071428572, 'tp': 24096.839285714286}
2026-09-01 14:48:04,176 - INFO - 💰 Position size [SWEEP|STRONG_TREND_DOWN_NORMAL|conf=70]: frac=0.006 → ₹5,000 (risk/unit=0.03%)
2026-09-01 14:48:04,206 - INFO - 🟢 ENTRY [Structural_v3.2_RVOL1.0|OL1.0_1788250829]: NSE:NIFTY50-INDEX BUY CALL @ 24019.25 | SL: 24011.49 TP: 24096.84
2026-09-01 14:48:04,206 - INFO - 🚀 SIGNAL: NSE:NIFTY50-INDEX BUY CALL | [Structural_v3.2_RVOL0.8]
2026-09-01 14:48:04,206 - INFO -    Entry: 24019.25 | SL: 24011.491071428572 | TP: 24096.839285714286 (RR: 10.0)
2026-09-01 14:48:04,206 - INFO - 📊 EXECUTION AUDIT [SIGNAL_GENERATED]: trade_id=trade_NSE_NIFTY50_INDEX_Structural_v3.2_RVOL0.8_1788250829, candidate_id=cand_NSE_NIFTY50_INDEX_SWEEP_23993.60_20260901_134500_Structural_v3.2_RVOL0.8, payload={'symbol': 'NSE:NIFTY50-INDEX', 'signal': 'BUY CALL', 'strategy': 'SWEEP', 'price': 24019.25, 'stop_loss': 24011.491071428572, 'take_profit': 24096.839285714286, 'tp1': 24030.88839285714, 'rr_ratio': 10.0, 'timestamp': '2026-09-01T13:45:00+05:30', 'accepted': True, 'rejection_reasons': [], 'features': {'date': '2026-09-01', 'strategy_name': 'Structural_v3', 'strategy_version': 'v3.2', 'feature_version': 'v1.1', 'market_regime': 'STRONG_TREND_DOWN_NORMAL', 'day_type': 'RANGE_DAY', 'session_type': 'MID', 'daily_bias': 'NEUTRAL', 'hourly_bias': 'NEUTRAL', 'trend_strength': 0.0, 'rvol': 1.31, 'rvol_threshold': 0.8, 'atr': 15.52, 'distance_from_supply': 359.35, 'distance_from_demand': 25.65, 'nearest_supply_strength': 101.3, 'nearest_demand_strength': 74.3, 'distance_to_liquidity_pool': 25.650000000001455, 'liquidity_score': 13.100000000000001, 'indicator_snapshot': {'rvol_tod': 1.31, 'is_compressed': False, 'bos_count': 0}, 'move_efficiency': 0.6432, 'wickiness': 0.3623, 'fft_score': 0.0, 'setup_type': 'SWEEP', 'candidate_id': 'cand_NSE_NIFTY50_INDEX_SWEEP_23993.60_20260901_134500', 'ema20': 24067.96, 'ema50': 24075.86, 'move_efficiency_h1': 0.5064, 'ema_bullish': False, 'rsi14': 16.25, 'rsi2': 0.0, 'distance_to_vwap': -0.0022, 'atr_percentile': 0.6493, 'dist_prev_high': -0.0045, 'dist_prev_low': -0.0011, 'adx': 32.27, 'adx_slope': 4.2304, 'gap_pct': 0.0009, 'regime_primary': 'STRONG_TREND_DOWN', 'regime_vol_state': 'NORMAL'}, 'candidate_id': 'cand_NSE_NIFTY50_INDEX_SWEEP_23993.60_20260901_134500_Structural_v3.2_RVOL0.8', 'experiment_name': 'Structural_v3.2_RVOL0.8', 'strategy_id': 'structural', 'version': 'v3.2'}
2026-09-01 14:48:04,232 - INFO - Resolved active expiry from DB: 26901 (2026-09-01)
2026-09-01 14:48:05,153 - INFO - Retrieved live premium from Fyers API: LTP=25.5 for NSE:NIFTY2690124000CE
2026-09-01 14:48:05,154 - INFO - Resolved index signal into option contract: OptionContract(symbol='NSE:NIFTY2690124000CE', strike=24000.0, expiry='26901', option_type='CE', premium=25.5, delta=0.5, bid=25.4, ask=25.5, volume=968872645, resolved_at=datetime.datetime(2026, 9, 1, 14, 48, 5, 154412))
2026-09-01 14:48:05,154 - INFO - ⚡ Option strike selection resolved index signal to contract NSE:NIFTY2690124000CE @ premium 25.5 (type: CE, strike: 24000.0)
2026-09-01 14:48:05,155 - INFO - 📊 EXECUTION AUDIT [STRIKE_SELECTED]: trade_id=trade_NSE_NIFTY50_INDEX_Structural_v3.2_RVOL0.8_1788250829, candidate_id=cand_NSE_NIFTY50_INDEX_SWEEP_23993.60_20260901_134500_Structural_v3.2_RVOL0.8, payload={'symbol': 'NSE:NIFTY2690124000CE', 'strike': 24000.0, 'expiry': '26901', 'type': 'CE'}
2026-09-01 14:48:05,187 - INFO - 📊 EXECUTION AUDIT [PREMIUM_RETRIEVED]: trade_id=trade_NSE_NIFTY50_INDEX_Structural_v3.2_RVOL0.8_1788250829, candidate_id=cand_NSE_NIFTY50_INDEX_SWEEP_23993.60_20260901_134500_Structural_v3.2_RVOL0.8, payload={'premium': 25.5, 'bid': 25.4, 'ask': 25.5}
2026-09-01 14:48:05,211 - INFO - 📊 EXECUTION AUDIT [ORDER_SUBMITTED]: trade_id=trade_NSE_NIFTY50_INDEX_Structural_v3.2_RVOL0.8_1788250829, candidate_id=cand_NSE_NIFTY50_INDEX_SWEEP_23993.60_20260901_134500_Structural_v3.2_RVOL0.8, payload={'price': 24019.25, 'sl': 24011.491071428572, 'tp': 24096.839285714286}
2026-09-01 14:48:05,231 - INFO - 📊 EXECUTION AUDIT [ORDER_FILLED]: trade_id=trade_NSE_NIFTY50_INDEX_Structural_v3.2_RVOL0.8_1788250829, candidate_id=cand_NSE_NIFTY50_INDEX_SWEEP_23993.60_20260901_134500_Structural_v3.2_RVOL0.8, payload={'price': 24019.25, 'sl': 24011.491071428572, 'tp': 24096.839285714286}
2026-09-01 14:48:05,249 - INFO - 💰 Position size [SWEEP|STRONG_TREND_DOWN_NORMAL|conf=70]: frac=0.006 → ₹5,000 (risk/unit=0.03%)
2026-09-01 14:48:05,285 - INFO - 🟢 ENTRY [Structural_v3.2_RVOL0.8|OL0.8_1788250829]: NSE:NIFTY50-INDEX BUY CALL @ 24019.25 | SL: 24011.49 TP: 24096.84
2026-09-01 14:48:05,286 - INFO - 🧭 [Structural_v3.3_ExitMgmt] Regime router: NSE:NIFTY50-INDEX blocked from REAL capital (regime=STRONG_TREND_DOWN_NORMAL) — routed to CF
2026-09-01 14:48:05,286 - INFO - 👻 [Structural_v3.3_ExitMgmt] CF SWEEP NSE:NIFTY50-INDEX BUY CALL | Rejected: ['REGIME_MISMATCH']
2026-09-01 14:48:05,286 - INFO - 📊 EXECUTION AUDIT [SIGNAL_GENERATED]: trade_id=None, candidate_id=cand_NSE_NIFTY50_INDEX_SWEEP_23993.60_20260901_134500_Structural_v3.3_ExitMgmt, payload={'symbol': 'NSE:NIFTY50-INDEX', 'signal': 'BUY CALL', 'strategy': 'SWEEP', 'price': 24019.25, 'stop_loss': 24011.491071428572, 'take_profit': 24096.839285714286, 'tp1': 24030.88839285714, 'rr_ratio': 10.0, 'timestamp': '2026-09-01T13:45:00+05:30', 'accepted': True, 'rejection_reasons': ['REGIME_MISMATCH'], 'features': {'date': '2026-09-01', 'strategy_name': 'Structural_v3', 'strategy_version': 'v3.2', 'feature_version': 'v1.1', 'market_regime': 'STRONG_TREND_DOWN_NORMAL', 'day_type': 'RANGE_DAY', 'session_type': 'MID', 'daily_bias': 'NEUTRAL', 'hourly_bias': 'NEUTRAL', 'trend_strength': 0.0, 'rvol': 1.31, 'rvol_threshold': 1.0, 'atr': 15.52, 'distance_from_supply': 359.35, 'distance_from_demand': 25.65, 'nearest_supply_strength': 101.3, 'nearest_demand_strength': 74.3, 'distance_to_liquidity_pool': 25.650000000001455, 'liquidity_score': 13.100000000000001, 'indicator_snapshot': {'rvol_tod': 1.31, 'is_compressed': False, 'bos_count': 0}, 'move_efficiency': 0.6432, 'wickiness': 0.3623, 'fft_score': 0.0, 'setup_type': 'SWEEP', 'candidate_id': 'cand_NSE_NIFTY50_INDEX_SWEEP_23993.60_20260901_134500', 'ema20': 24067.96, 'ema50': 24075.86, 'move_efficiency_h1': 0.5064, 'ema_bullish': False, 'rsi14': 16.25, 'rsi2': 0.0, 'distance_to_vwap': -0.0022, 'atr_percentile': 0.6493, 'dist_prev_high': -0.0045, 'dist_prev_low': -0.0011, 'adx': 32.27, 'adx_slope': 4.2304, 'gap_pct': 0.0009, 'regime_primary': 'STRONG_TREND_DOWN', 'regime_vol_state': 'NORMAL'}, 'candidate_id': 'cand_NSE_NIFTY50_INDEX_SWEEP_23993.60_20260901_134500_Structural_v3.3_ExitMgmt', 'experiment_name': 'Structural_v3.3_ExitMgmt', 'strategy_id': 'structural', 'version': 'v3.2', 'regime_at_decision': 'STRONG_TREND_DOWN_NORMAL'}
2026-09-01 14:48:05,317 - INFO - Resolved active expiry from DB: 26901 (2026-09-01)
2026-09-01 14:48:06,139 - INFO - Retrieved live premium from Fyers API: LTP=25.1 for NSE:NIFTY2690124000CE
2026-09-01 14:48:06,140 - INFO - Resolved index signal into option contract: OptionContract(symbol='NSE:NIFTY2690124000CE', strike=24000.0, expiry='26901', option_type='CE', premium=25.1, delta=0.5, bid=25.4, ask=25.5, volume=968872645, resolved_at=datetime.datetime(2026, 9, 1, 14, 48, 6, 140078))
2026-09-01 14:48:06,140 - INFO - ⚡ Option strike selection resolved index signal to contract NSE:NIFTY2690124000CE @ premium 25.1 (type: CE, strike: 24000.0)
2026-09-01 14:48:06,140 - INFO - 📊 EXECUTION AUDIT [STRIKE_SELECTED]: trade_id=None, candidate_id=cand_NSE_NIFTY50_INDEX_SWEEP_23993.60_20260901_134500_Structural_v3.3_ExitMgmt, payload={'symbol': 'NSE:NIFTY2690124000CE', 'strike': 24000.0, 'expiry': '26901', 'type': 'CE'}
2026-09-01 14:48:06,171 - INFO - 📊 EXECUTION AUDIT [PREMIUM_RETRIEVED]: trade_id=None, candidate_id=cand_NSE_NIFTY50_INDEX_SWEEP_23993.60_20260901_134500_Structural_v3.3_ExitMgmt, payload={'premium': 25.1, 'bid': 25.4, 'ask': 25.5}
2026-09-01 14:48:06,194 - INFO - 📊 EXECUTION AUDIT [CF_SUBMITTED]: trade_id=None, candidate_id=cand_NSE_NIFTY50_INDEX_SWEEP_23993.60_20260901_134500_Structural_v3.3_ExitMgmt, payload={'price': 24019.25, 'sl': 24011.491071428572, 'tp': 24096.839285714286}
2026-09-01 14:48:06,212 - INFO - 📊 EXECUTION AUDIT [CF_FILLED]: trade_id=None, candidate_id=cand_NSE_NIFTY50_INDEX_SWEEP_23993.60_20260901_134500_Structural_v3.3_ExitMgmt, payload={'price': 24019.25, 'sl': 24011.491071428572, 'tp': 24096.839285714286}
2026-09-01 14:48:06,229 - INFO - 💰 Position size [SWEEP|STRONG_TREND_DOWN_NORMAL|conf=70]: frac=0.006 → ₹5,000 (risk/unit=0.03%)
2026-09-01 14:48:06,270 - INFO - 🟢 ENTRY [CF|Structural_v3.3_ExitMgmt|ctural_v3.3_ExitMgmt]: NSE:NIFTY50-INDEX BUY CALL @ 24019.25 | SL: 24011.49 TP: 24096.84
2026-09-01 14:48:06,270 - INFO - 🧭 [VWAP_Reversion_1.5ATR_RVOL1.0] Regime router: NSE:NIFTY50-INDEX blocked from REAL capital (regime=STRONG_TREND_DOWN_NORMAL) — routed to CF
2026-09-01 14:48:06,270 - INFO - 👻 [VWAP_Reversion_1.5ATR_RVOL1.0] CF REVERSION NSE:NIFTY50-INDEX BUY CALL | Rejected: ['REGIME_MISMATCH']
2026-09-01 14:48:06,270 - INFO - 📊 EXECUTION AUDIT [SIGNAL_GENERATED]: trade_id=None, candidate_id=cand_NSE_NIFTY50_INDEX_VWAPREV_24019.25_20260901_135029_VWAP_Reversion_1.5ATR_RVOL1.0, payload={'symbol': 'NSE:NIFTY50-INDEX', 'signal': 'BUY CALL', 'strategy': 'REVERSION', 'price': 24019.25, 'stop_loss': 24011.49, 'take_profit': 24072.20885949088, 'tp1': 24030.89, 'rr_ratio': 6.82, 'timestamp': '2026-09-01T13:50:29.998652+05:30', 'accepted': True, 'rejection_reasons': ['REGIME_MISMATCH'], 'features': {'atr': 15.52, 'ema20': 24067.96, 'ema50': 24075.86, 'move_efficiency': 0.6432, 'move_efficiency_h1': 0.5064, 'wickiness': 0.3623, 'ema_bullish': False, 'rsi14': 16.25, 'rsi2': 0.0, 'distance_to_vwap': -0.0022, 'atr_percentile': 0.6493, 'dist_prev_high': -0.0045, 'dist_prev_low': -0.0011, 'adx': 32.27, 'adx_slope': 4.2304, 'gap_pct': 0.0009, 'regime_primary': 'STRONG_TREND_DOWN', 'regime_vol_state': 'NORMAL', 'market_regime': 'STRONG_TREND_DOWN_NORMAL'}, 'candidate_id': 'cand_NSE_NIFTY50_INDEX_VWAPREV_24019.25_20260901_135029_VWAP_Reversion_1.5ATR_RVOL1.0', 'confidence': 0.88, 'diagnostics': {'distance_to_vwap': -0.0022, 'abs_distance': 52.96, 'vwap_price': 24072.21, 'stretch_threshold': 23.28, 'rvol': 1.31, 'atr': 15.52, 'atr_percentile': 0.649, 'move_efficiency': 0.643}, 'experiment_name': 'VWAP_Reversion_1.5ATR_RVOL1.0', 'strategy_id': 'vwap_reversion', 'version': 'v1.0', 'regime_at_decision': 'STRONG_TREND_DOWN_NORMAL'}
2026-09-01 14:48:06,300 - INFO - Resolved active expiry from DB: 26901 (2026-09-01)
2026-09-01 14:48:07,140 - INFO - Retrieved live premium from Fyers API: LTP=24.9 for NSE:NIFTY2690124000CE
2026-09-01 14:48:07,141 - INFO - Resolved index signal into option contract: OptionContract(symbol='NSE:NIFTY2690124000CE', strike=24000.0, expiry='26901', option_type='CE', premium=24.9, delta=0.5, bid=24.9, ask=24.95, volume=969102550, resolved_at=datetime.datetime(2026, 9, 1, 14, 48, 7, 141415))
2026-09-01 14:48:07,141 - INFO - ⚡ Option strike selection resolved index signal to contract NSE:NIFTY2690124000CE @ premium 24.9 (type: CE, strike: 24000.0)
2026-09-01 14:48:07,141 - INFO - 📊 EXECUTION AUDIT [STRIKE_SELECTED]: trade_id=None, candidate_id=cand_NSE_NIFTY50_INDEX_VWAPREV_24019.25_20260901_135029_VWAP_Reversion_1.5ATR_RVOL1.0, payload={'symbol': 'NSE:NIFTY2690124000CE', 'strike': 24000.0, 'expiry': '26901', 'type': 'CE'}
2026-09-01 14:48:07,173 - INFO - 📊 EXECUTION AUDIT [PREMIUM_RETRIEVED]: trade_id=None, candidate_id=cand_NSE_NIFTY50_INDEX_VWAPREV_24019.25_20260901_135029_VWAP_Reversion_1.5ATR_RVOL1.0, payload={'premium': 24.9, 'bid': 24.9, 'ask': 24.95}
2026-09-01 14:48:07,197 - INFO - 📊 EXECUTION AUDIT [CF_SUBMITTED]: trade_id=None, candidate_id=cand_NSE_NIFTY50_INDEX_VWAPREV_24019.25_20260901_135029_VWAP_Reversion_1.5ATR_RVOL1.0, payload={'price': 24019.25, 'sl': 24011.49, 'tp': 24072.20885949088}
2026-09-01 14:48:07,217 - INFO - 📊 EXECUTION AUDIT [CF_FILLED]: trade_id=None, candidate_id=cand_NSE_NIFTY50_INDEX_VWAPREV_24019.25_20260901_135029_VWAP_Reversion_1.5ATR_RVOL1.0, payload={'price': 24019.25, 'sl': 24011.49, 'tp': 24072.20885949088}
2026-09-01 14:48:07,235 - INFO - 💰 Position size [REVERSION|STRONG_TREND_DOWN_NORMAL|conf=1]: frac=0.004 → ₹5,000 (risk/unit=0.03%)
2026-09-01 14:48:07,269 - INFO - 🟢 ENTRY [CF|VWAP_Reversion_1.5ATR_RVOL1.0|rsion_1.5ATR_RVOL1.0]: NSE:NIFTY50-INDEX BUY CALL @ 24019.25 | SL: 24011.49 TP: 24072.21
2026-09-01 14:48:07,269 - INFO - 👻 [Geometry_v1.0_Score35] CF TRENDLINE_RETEST NSE:NIFTY50-INDEX BUY PUT | Rejected: ['LOW_RR:0.43']
2026-09-01 14:48:07,269 - INFO - 📊 EXECUTION AUDIT [SIGNAL_GENERATED]: trade_id=None, candidate_id=cand_NSE_NIFTY50_INDEX_TRENDLINE_RETEST_24019.25_202609011350_Geometry_v1.0_Score35, payload={'symbol': 'NSE:NIFTY50-INDEX', 'candidate_id': 'cand_NSE_NIFTY50_INDEX_TRENDLINE_RETEST_24019.25_202609011350_Geometry_v1.0_Score35', 'experiment_name': 'Geometry_v1.0_Score35', 'strategy_id': 'geometry', 'version': 'v1.0', 'signal': 'BUY PUT', 'strategy': 'TRENDLINE_RETEST', 'price': 24019.25, 'stop_loss': 24037.28, 'take_profit': 24011.42, 'tp1': 23992.21, 'rr_ratio': 0.43, 'timestamp': '2026-09-01T13:50:29.998652+05:30', 'zone_band_low': None, 'zone_band_high': None, 'zone_direction': None, 'zone_component_count': 0, 'accepted': False, 'rejection_reasons': ['LOW_RR:0.43'], 'stop_loss_distance': 18.03, 'atr': 15.52, 'confidence': 0.705, 'diagnostics': {'trendline_id': 'tl_953ed447b8c59726', 'trendline_confidence': 0.761, 'trendline_r2': 0.985, 'trendline_touches': 48, 'trendline_price_at_now': 24011.41, 'dist_pct': 0.00033, 'narrative_bias': 'CONTINUATION', 'bias_confidence': 0.6}, 'features': {'regime_primary': 'STRONG_TREND_DOWN', 'regime_vol_state': 'NORMAL', 'market_regime': 'STRONG_TREND_DOWN_NORMAL'}}
2026-09-01 14:48:07,302 - INFO - Resolved active expiry from DB: 26901 (2026-09-01)
2026-09-01 14:48:08,145 - INFO - Retrieved live premium from Fyers API: LTP=46.95 for NSE:NIFTY2690124000PE
2026-09-01 14:48:08,146 - INFO - Resolved index signal into option contract: OptionContract(symbol='NSE:NIFTY2690124000PE', strike=24000.0, expiry='26901', option_type='PE', premium=46.95, delta=0.5, bid=46.85, ask=47.0, volume=1910078235, resolved_at=datetime.datetime(2026, 9, 1, 14, 48, 8, 146021))
2026-09-01 14:48:08,146 - INFO - ⚡ Option strike selection resolved index signal to contract NSE:NIFTY2690124000PE @ premium 46.95 (type: PE, strike: 24000.0)
2026-09-01 14:48:08,146 - INFO - 📊 EXECUTION AUDIT [STRIKE_SELECTED]: trade_id=None, candidate_id=cand_NSE_NIFTY50_INDEX_TRENDLINE_RETEST_24019.25_202609011350_Geometry_v1.0_Score35, payload={'symbol': 'NSE:NIFTY2690124000PE', 'strike': 24000.0, 'expiry': '26901', 'type': 'PE'}
2026-09-01 14:48:08,179 - INFO - 📊 EXECUTION AUDIT [PREMIUM_RETRIEVED]: trade_id=None, candidate_id=cand_NSE_NIFTY50_INDEX_TRENDLINE_RETEST_24019.25_202609011350_Geometry_v1.0_Score35, payload={'premium': 46.95, 'bid': 46.85, 'ask': 47.0}
2026-09-01 14:48:08,210 - INFO - 📊 EXECUTION AUDIT [CF_SUBMITTED]: trade_id=None, candidate_id=cand_NSE_NIFTY50_INDEX_TRENDLINE_RETEST_24019.25_202609011350_Geometry_v1.0_Score35, payload={'price': 24019.25, 'sl': 24037.28, 'tp': 24011.42}
2026-09-01 14:48:08,227 - INFO - 📊 EXECUTION AUDIT [CF_FILLED]: trade_id=None, candidate_id=cand_NSE_NIFTY50_INDEX_TRENDLINE_RETEST_24019.25_202609011350_Geometry_v1.0_Score35, payload={'price': 24019.25, 'sl': 24037.28, 'tp': 24011.42}
2026-09-01 14:48:08,244 - INFO - 💰 Position size [TRENDLINE_RETEST|STRONG_TREND_DOWN_NORMAL|conf=1]: frac=0.004 → ₹5,000 (risk/unit=0.08%)
2026-09-01 14:48:08,276 - INFO - 🟢 ENTRY [CF|Geometry_v1.0_Score35|eometry_v1.0_Score35]: NSE:NIFTY50-INDEX BUY PUT @ 24019.25 | SL: 24037.28 TP: 24011.42
2026-09-01 14:48:08,276 - INFO - 👻 [Geometry_v1.0_Score50] CF TRENDLINE_RETEST NSE:NIFTY50-INDEX BUY PUT | Rejected: ['LOW_RR:0.43']
2026-09-01 14:48:08,276 - INFO - 📊 EXECUTION AUDIT [SIGNAL_GENERATED]: trade_id=None, candidate_id=cand_NSE_NIFTY50_INDEX_TRENDLINE_RETEST_24019.25_202609011350_Geometry_v1.0_Score50, payload={'symbol': 'NSE:NIFTY50-INDEX', 'candidate_id': 'cand_NSE_NIFTY50_INDEX_TRENDLINE_RETEST_24019.25_202609011350_Geometry_v1.0_Score50', 'experiment_name': 'Geometry_v1.0_Score50', 'strategy_id': 'geometry', 'version': 'v1.0', 'signal': 'BUY PUT', 'strategy': 'TRENDLINE_RETEST', 'price': 24019.25, 'stop_loss': 24037.28, 'take_profit': 24011.42, 'tp1': 23992.21, 'rr_ratio': 0.43, 'timestamp': '2026-09-01T13:50:29.998652+05:30', 'zone_band_low': None, 'zone_band_high': None, 'zone_direction': None, 'zone_component_count': 0, 'accepted': False, 'rejection_reasons': ['LOW_RR:0.43'], 'stop_loss_distance': 18.03, 'atr': 15.52, 'confidence': 0.705, 'diagnostics': {'trendline_id': 'tl_953ed447b8c59726', 'trendline_confidence': 0.761, 'trendline_r2': 0.985, 'trendline_touches': 48, 'trendline_price_at_now': 24011.41, 'dist_pct': 0.00033, 'narrative_bias': 'CONTINUATION', 'bias_confidence': 0.6}, 'features': {'regime_primary': 'STRONG_TREND_DOWN', 'regime_vol_state': 'NORMAL', 'market_regime': 'STRONG_TREND_DOWN_NORMAL'}}
2026-09-01 14:48:08,302 - INFO - Resolved active expiry from DB: 26901 (2026-09-01)
2026-09-01 14:48:09,336 - INFO - Retrieved live premium from Fyers API: LTP=46.8 for NSE:NIFTY2690124000PE
2026-09-01 14:48:09,337 - INFO - Resolved index signal into option contract: OptionContract(symbol='NSE:NIFTY2690124000PE', strike=24000.0, expiry='26901', option_type='PE', premium=46.8, delta=0.5, bid=46.85, ask=47.0, volume=1910078235, resolved_at=datetime.datetime(2026, 9, 1, 14, 48, 9, 336992))
2026-09-01 14:48:09,337 - INFO - ⚡ Option strike selection resolved index signal to contract NSE:NIFTY2690124000PE @ premium 46.8 (type: PE, strike: 24000.0)
2026-09-01 14:48:09,337 - INFO - 📊 EXECUTION AUDIT [STRIKE_SELECTED]: trade_id=None, candidate_id=cand_NSE_NIFTY50_INDEX_TRENDLINE_RETEST_24019.25_202609011350_Geometry_v1.0_Score50, payload={'symbol': 'NSE:NIFTY2690124000PE', 'strike': 24000.0, 'expiry': '26901', 'type': 'PE'}
2026-09-01 14:48:09,368 - INFO - 📊 EXECUTION AUDIT [PREMIUM_RETRIEVED]: trade_id=None, candidate_id=cand_NSE_NIFTY50_INDEX_TRENDLINE_RETEST_24019.25_202609011350_Geometry_v1.0_Score50, payload={'premium': 46.8, 'bid': 46.85, 'ask': 47.0}
2026-09-01 14:48:09,391 - INFO - 📊 EXECUTION AUDIT [CF_SUBMITTED]: trade_id=None, candidate_id=cand_NSE_NIFTY50_INDEX_TRENDLINE_RETEST_24019.25_202609011350_Geometry_v1.0_Score50, payload={'price': 24019.25, 'sl': 24037.28, 'tp': 24011.42}
2026-09-01 14:48:09,407 - INFO - 📊 EXECUTION AUDIT [CF_FILLED]: trade_id=None, candidate_id=cand_NSE_NIFTY50_INDEX_TRENDLINE_RETEST_24019.25_202609011350_Geometry_v1.0_Score50, payload={'price': 24019.25, 'sl': 24037.28, 'tp': 24011.42}
2026-09-01 14:48:09,424 - INFO - 💰 Position size [TRENDLINE_RETEST|STRONG_TREND_DOWN_NORMAL|conf=1]: frac=0.004 → ₹5,000 (risk/unit=0.08%)
2026-09-01 14:48:09,455 - INFO - 🟢 ENTRY [CF|Geometry_v1.0_Score50|eometry_v1.0_Score50]: NSE:NIFTY50-INDEX BUY PUT @ 24019.25 | SL: 24037.28 TP: 24011.42
2026-09-01 14:48:09,455 - WARNING - ⚡ [CreditSpread_v1.0_PCRFade] errors: ['OPTIONS_DATA_STALE']
2026-09-01 14:48:09,455 - WARNING - ⚡ [OIWallReaction_v1.0] errors: ['OPTIONS_DATA_STALE']
2026-09-01 14:48:09,455 - WARNING - ⚡ [PCRExtremeReversal_v1.0] errors: ['OPTIONS_DATA_STALE']
2026-09-01 14:48:09,455 - WARNING - ⚡ [OI_Scalping_v1.0] errors: ['INSUFFICIENT_OI_DATA']
2026-09-01 14:51:23,422 - WARNING - ⚡ [CreditSpread_v1.0_PCRFade] errors: ['OPTIONS_DATA_STALE'] (0.0ms)
2026-09-01 14:51:23,422 - WARNING - ⚡ [OIWallReaction_v1.0] errors: ['OPTIONS_DATA_STALE'] (0.0ms)
2026-09-01 14:51:23,422 - WARNING - ⚡ [PCRExtremeReversal_v1.0] errors: ['OPTIONS_DATA_STALE'] (0.0ms)
2026-09-01 14:51:23,422 - WARNING - ⚡ [OI_Scalping_v1.0] errors: ['INSUFFICIENT_OI_DATA'] (0.0ms)
2026-09-01 14:51:23,434 - INFO - Resolved active expiry from DB: 26SEP (2026-09-29)
2026-09-01 14:51:23,435 - INFO - 👻 [Geometry_v1.0_Score35] CF TRENDLINE_RETEST NSE:NIFTYBANK-INDEX BUY PUT | Rejected: ['LOW_RR:0.02']
2026-09-01 14:51:23,435 - INFO - 📊 EXECUTION AUDIT [SIGNAL_GENERATED]: trade_id=None, candidate_id=cand_NSE_NIFTYBANK_INDEX_TRENDLINE_RETEST_57310.90_202609011350_Geometry_v1.0_Score35, payload={'symbol': 'NSE:NIFTYBANK-INDEX', 'candidate_id': 'cand_NSE_NIFTYBANK_INDEX_TRENDLINE_RETEST_57310.90_202609011350_Geometry_v1.0_Score35', 'experiment_name': 'Geometry_v1.0_Score35', 'strategy_id': 'geometry', 'version': 'v1.0', 'signal': 'BUY PUT', 'strategy': 'TRENDLINE_RETEST', 'price': 57310.9, 'stop_loss': 57372.71, 'take_profit': 57309.53, 'tp1': 57218.19, 'rr_ratio': 0.02, 'timestamp': '2026-09-01T13:50:29.998652+05:30', 'zone_band_low': None, 'zone_band_high': None, 'zone_direction': None, 'zone_component_count': 0, 'accepted': False, 'rejection_reasons': ['LOW_RR:0.02'], 'stop_loss_distance': 61.81, 'atr': 49.7, 'confidence': 0.764, 'diagnostics': {'trendline_id': 'tl_4c972f088400d831', 'trendline_confidence': 0.764, 'trendline_r2': 0.98, 'trendline_touches': 18, 'trendline_price_at_now': 57407.08, 'dist_pct': 0.00168, 'narrative_bias': 'NEUTRAL', 'bias_confidence': 0.764}, 'features': {'regime_primary': 'GAP_UP', 'regime_vol_state': 'NORMAL', 'market_regime': 'GAP_UP_NORMAL'}}
2026-09-01 14:51:23,456 - INFO - Resolved active expiry from DB: 26SEP (2026-09-29)
2026-09-01 14:51:23,577 - INFO - Retrieved live premium from Fyers API: LTP=620.0 for NSE:BANKNIFTY26SEP57300PE
2026-09-01 14:51:23,577 - INFO - Resolved index signal into option contract: OptionContract(symbol='NSE:BANKNIFTY26SEP57300PE', strike=57300.0, expiry='26SEP', option_type='PE', premium=620.0, delta=0.5, bid=620.0, ask=620.95, volume=966390, resolved_at=datetime.datetime(2026, 9, 1, 14, 51, 23, 577648))
2026-09-01 14:51:23,577 - INFO - ⚡ Option strike selection resolved index signal to contract NSE:BANKNIFTY26SEP57300PE @ premium 620.0 (type: PE, strike: 57300.0)
2026-09-01 14:51:23,577 - INFO - 📊 EXECUTION AUDIT [STRIKE_SELECTED]: trade_id=None, candidate_id=cand_NSE_NIFTYBANK_INDEX_TRENDLINE_RETEST_57310.90_202609011350_Geometry_v1.0_Score35, payload={'symbol': 'NSE:BANKNIFTY26SEP57300PE', 'strike': 57300.0, 'expiry': '26SEP', 'type': 'PE'}
2026-09-01 14:51:23,595 - INFO - 📊 EXECUTION AUDIT [PREMIUM_RETRIEVED]: trade_id=None, candidate_id=cand_NSE_NIFTYBANK_INDEX_TRENDLINE_RETEST_57310.90_202609011350_Geometry_v1.0_Score35, payload={'premium': 620.0, 'bid': 620.0, 'ask': 620.95}
2026-09-01 14:51:23,612 - INFO - 📊 EXECUTION AUDIT [CF_SUBMITTED]: trade_id=None, candidate_id=cand_NSE_NIFTYBANK_INDEX_TRENDLINE_RETEST_57310.90_202609011350_Geometry_v1.0_Score35, payload={'price': 57310.9, 'sl': 57372.71, 'tp': 57309.53}
2026-09-01 14:51:23,625 - INFO - 📊 EXECUTION AUDIT [CF_FILLED]: trade_id=None, candidate_id=cand_NSE_NIFTYBANK_INDEX_TRENDLINE_RETEST_57310.90_202609011350_Geometry_v1.0_Score35, payload={'price': 57310.9, 'sl': 57372.71, 'tp': 57309.53}
2026-09-01 14:51:23,639 - INFO - 💰 Position size [TRENDLINE_RETEST|GAP_UP_NORMAL|conf=1]: frac=0.002 → ₹5,000 (risk/unit=0.11%)
2026-09-01 14:51:23,667 - INFO - 🟢 ENTRY [CF|Geometry_v1.0_Score35|eometry_v1.0_Score35]: NSE:NIFTYBANK-INDEX BUY PUT @ 57310.90 | SL: 57372.71 TP: 57309.53
2026-09-01 14:51:23,667 - INFO - 👻 [Geometry_v1.0_Score50] CF TRENDLINE_RETEST NSE:NIFTYBANK-INDEX BUY PUT | Rejected: ['LOW_RR:0.02']
2026-09-01 14:51:23,667 - INFO - 📊 EXECUTION AUDIT [SIGNAL_GENERATED]: trade_id=None, candidate_id=cand_NSE_NIFTYBANK_INDEX_TRENDLINE_RETEST_57310.90_202609011350_Geometry_v1.0_Score50, payload={'symbol': 'NSE:NIFTYBANK-INDEX', 'candidate_id': 'cand_NSE_NIFTYBANK_INDEX_TRENDLINE_RETEST_57310.90_202609011350_Geometry_v1.0_Score50', 'experiment_name': 'Geometry_v1.0_Score50', 'strategy_id': 'geometry', 'version': 'v1.0', 'signal': 'BUY PUT', 'strategy': 'TRENDLINE_RETEST', 'price': 57310.9, 'stop_loss': 57372.71, 'take_profit': 57309.53, 'tp1': 57218.19, 'rr_ratio': 0.02, 'timestamp': '2026-09-01T13:50:29.998652+05:30', 'zone_band_low': None, 'zone_band_high': None, 'zone_direction': None, 'zone_component_count': 0, 'accepted': False, 'rejection_reasons': ['LOW_RR:0.02'], 'stop_loss_distance': 61.81, 'atr': 49.7, 'confidence': 0.764, 'diagnostics': {'trendline_id': 'tl_4c972f088400d831', 'trendline_confidence': 0.764, 'trendline_r2': 0.98, 'trendline_touches': 18, 'trendline_price_at_now': 57407.08, 'dist_pct': 0.00168, 'narrative_bias': 'NEUTRAL', 'bias_confidence': 0.764}, 'features': {'regime_primary': 'GAP_UP', 'regime_vol_state': 'NORMAL', 'market_regime': 'GAP_UP_NORMAL'}}
2026-09-01 14:51:23,688 - INFO - Resolved active expiry from DB: 26SEP (2026-09-29)
2026-09-01 14:51:24,584 - INFO - Retrieved live premium from Fyers API: LTP=619.1 for NSE:BANKNIFTY26SEP57300PE
2026-09-01 14:51:24,585 - INFO - Resolved index signal into option contract: OptionContract(symbol='NSE:BANKNIFTY26SEP57300PE', strike=57300.0, expiry='26SEP', option_type='PE', premium=619.1, delta=0.5, bid=618.2, ask=619.05, volume=966540, resolved_at=datetime.datetime(2026, 9, 1, 14, 51, 24, 585053))
2026-09-01 14:51:24,585 - INFO - ⚡ Option strike selection resolved index signal to contract NSE:BANKNIFTY26SEP57300PE @ premium 619.1 (type: PE, strike: 57300.0)
2026-09-01 14:51:24,585 - INFO - 📊 EXECUTION AUDIT [STRIKE_SELECTED]: trade_id=None, candidate_id=cand_NSE_NIFTYBANK_INDEX_TRENDLINE_RETEST_57310.90_202609011350_Geometry_v1.0_Score50, payload={'symbol': 'NSE:BANKNIFTY26SEP57300PE', 'strike': 57300.0, 'expiry': '26SEP', 'type': 'PE'}
2026-09-01 14:51:24,614 - INFO - 📊 EXECUTION AUDIT [PREMIUM_RETRIEVED]: trade_id=None, candidate_id=cand_NSE_NIFTYBANK_INDEX_TRENDLINE_RETEST_57310.90_202609011350_Geometry_v1.0_Score50, payload={'premium': 619.1, 'bid': 618.2, 'ask': 619.05}
2026-09-01 14:51:24,635 - INFO - 📊 EXECUTION AUDIT [CF_SUBMITTED]: trade_id=None, candidate_id=cand_NSE_NIFTYBANK_INDEX_TRENDLINE_RETEST_57310.90_202609011350_Geometry_v1.0_Score50, payload={'price': 57310.9, 'sl': 57372.71, 'tp': 57309.53}
2026-09-01 14:51:24,653 - INFO - 📊 EXECUTION AUDIT [CF_FILLED]: trade_id=None, candidate_id=cand_NSE_NIFTYBANK_INDEX_TRENDLINE_RETEST_57310.90_202609011350_Geometry_v1.0_Score50, payload={'price': 57310.9, 'sl': 57372.71, 'tp': 57309.53}
2026-09-01 14:51:24,669 - INFO - 💰 Position size [TRENDLINE_RETEST|GAP_UP_NORMAL|conf=1]: frac=0.002 → ₹5,000 (risk/unit=0.11%)
2026-09-01 14:51:24,702 - INFO - 🟢 ENTRY [CF|Geometry_v1.0_Score50|eometry_v1.0_Score50]: NSE:NIFTYBANK-INDEX BUY PUT @ 57310.90 | SL: 57372.71 TP: 57309.53
2026-09-01 14:51:24,702 - INFO - 🚀 SIGNAL: NSE:NIFTYBANK-INDEX BUY PUT | [CPR_v1.0]
2026-09-01 14:51:24,702 - INFO -    Entry: 57310.9 | SL: 57335.75 | TP: 57227.53 (RR: 3.35)
2026-09-01 14:51:24,702 - INFO - 📊 EXECUTION AUDIT [SIGNAL_GENERATED]: trade_id=trade_NSE_NIFTYBANK_INDEX_CPR_v1.0_1788250829, candidate_id=cand_NSE_NIFTYBANK_INDEX_CPR_57310.90_20260901_135029_CPR_v1.0, payload={'symbol': 'NSE:NIFTYBANK-INDEX', 'signal': 'BUY PUT', 'strategy': 'CPR_BREAKOUT', 'price': 57310.9, 'stop_loss': 57335.75, 'take_profit': 57227.53, 'tp1': 57273.62, 'rr_ratio': 3.35, 'timestamp': '2026-09-01T13:50:29.998652+05:30', 'accepted': True, 'rejection_reasons': [], 'candidate_id': 'cand_NSE_NIFTYBANK_INDEX_CPR_57310.90_20260901_135029_CPR_v1.0', 'confidence': 0.87, 'diagnostics': {'pivot': 57336.88, 'tc': 57354.12, 'bc': 57319.64, 'cpr_width': 34.48, 'cpr_width_vs_atr': 0.694, 'virgin_cpr': False, 'rvol': 2.18, 'atr': 49.7, 'move_efficiency': 0.783}, 'experiment_name': 'CPR_v1.0', 'strategy_id': 'cpr', 'version': 'v1.0', 'features': {'regime_primary': 'GAP_UP', 'regime_vol_state': 'NORMAL', 'market_regime': 'GAP_UP_NORMAL'}}
2026-09-01 14:51:24,731 - INFO - Resolved active expiry from DB: 26SEP (2026-09-29)
2026-09-01 14:51:25,597 - INFO - Retrieved live premium from Fyers API: LTP=618.2 for NSE:BANKNIFTY26SEP57300PE
2026-09-01 14:51:25,598 - INFO - Resolved index signal into option contract: OptionContract(symbol='NSE:BANKNIFTY26SEP57300PE', strike=57300.0, expiry='26SEP', option_type='PE', premium=618.2, delta=0.5, bid=618.2, ask=618.95, volume=966690, resolved_at=datetime.datetime(2026, 9, 1, 14, 51, 25, 597995))
2026-09-01 14:51:25,598 - INFO - ⚡ Option strike selection resolved index signal to contract NSE:BANKNIFTY26SEP57300PE @ premium 618.2 (type: PE, strike: 57300.0)
2026-09-01 14:51:25,598 - INFO - 📊 EXECUTION AUDIT [STRIKE_SELECTED]: trade_id=trade_NSE_NIFTYBANK_INDEX_CPR_v1.0_1788250829, candidate_id=cand_NSE_NIFTYBANK_INDEX_CPR_57310.90_20260901_135029_CPR_v1.0, payload={'symbol': 'NSE:BANKNIFTY26SEP57300PE', 'strike': 57300.0, 'expiry': '26SEP', 'type': 'PE'}
2026-09-01 14:51:25,630 - INFO - 📊 EXECUTION AUDIT [PREMIUM_RETRIEVED]: trade_id=trade_NSE_NIFTYBANK_INDEX_CPR_v1.0_1788250829, candidate_id=cand_NSE_NIFTYBANK_INDEX_CPR_57310.90_20260901_135029_CPR_v1.0, payload={'premium': 618.2, 'bid': 618.2, 'ask': 618.95}
2026-09-01 14:51:25,653 - INFO - 📊 EXECUTION AUDIT [ORDER_SUBMITTED]: trade_id=trade_NSE_NIFTYBANK_INDEX_CPR_v1.0_1788250829, candidate_id=cand_NSE_NIFTYBANK_INDEX_CPR_57310.90_20260901_135029_CPR_v1.0, payload={'price': 57310.9, 'sl': 57335.75, 'tp': 57227.53}
2026-09-01 14:51:25,673 - INFO - 📊 EXECUTION AUDIT [ORDER_FILLED]: trade_id=trade_NSE_NIFTYBANK_INDEX_CPR_v1.0_1788250829, candidate_id=cand_NSE_NIFTYBANK_INDEX_CPR_57310.90_20260901_135029_CPR_v1.0, payload={'price': 57310.9, 'sl': 57335.75, 'tp': 57227.53}
2026-09-01 14:51:25,691 - INFO - 💰 Position size [CPR_BREAKOUT|GAP_UP_NORMAL|conf=1]: frac=0.002 → ₹5,000 (risk/unit=0.04%)
2026-09-01 14:51:25,728 - INFO - 🟢 ENTRY [CPR_v1.0|_v1.0_1788250829]: NSE:NIFTYBANK-INDEX BUY PUT @ 57310.90 | SL: 57335.75 TP: 57227.53
2026-09-01 14:51:25,728 - INFO - 🚀 SIGNAL: NSE:NIFTYBANK-INDEX BUY PUT | [ORB_60m_IB_RVOL1.2]
2026-09-01 14:51:25,728 - INFO -    Entry: 57310.9 | SL: 57335.75 | TP: 57227.53333333333 (RR: 3.35)
2026-09-01 14:51:25,728 - INFO - 📊 EXECUTION AUDIT [SIGNAL_GENERATED]: trade_id=trade_NSE_NIFTYBANK_INDEX_ORB_60m_IB_RVOL1.2_1788250829, candidate_id=cand_NSE_NIFTYBANK_INDEX_ORB_60M_57310.90_20260901_135029_ORB_60m_IB_RVOL1.2, payload={'symbol': 'NSE:NIFTYBANK-INDEX', 'signal': 'BUY PUT', 'strategy': 'ORB_60M', 'price': 57310.9, 'stop_loss': 57335.75, 'take_profit': 57227.53333333333, 'tp1': 57273.625, 'rr_ratio': 3.35, 'timestamp': '2026-09-01T13:50:29.998652+05:30', 'accepted': True, 'rejection_reasons': [], 'features': {'atr': 49.7, 'ema20': 57491.94, 'ema50': 57510.53, 'move_efficiency': 0.7833, 'move_efficiency_h1': 0.6225, 'wickiness': 0.3567, 'ema_bullish': False, 'rsi14': 16.18, 'rsi2': 0.0, 'distance_to_vwap': -0.0032, 'atr_percentile': 0.654, 'dist_prev_high': -0.0028, 'dist_prev_low': 0.0013, 'adx': 33.22, 'adx_slope': 5.3909, 'gap_pct': 0.0045, 'regime_primary': 'GAP_UP', 'regime_vol_state': 'NORMAL', 'market_regime': 'GAP_UP_NORMAL'}, 'candidate_id': 'cand_NSE_NIFTYBANK_INDEX_ORB_60M_57310.90_20260901_135029_ORB_60m_IB_RVOL1.2', 'confidence': 0.95, 'diagnostics': {'orb_high': 57572.7, 'orb_low': 57316.6, 'orb_minutes': 60, 'rvol': 2.18, 'atr': 49.7, 'atr_percentile': 0.654, 'move_efficiency': 0.783}, 'experiment_name': 'ORB_60m_IB_RVOL1.2', 'strategy_id': 'orb', 'version': 'v1.0'}
2026-09-01 14:51:25,758 - INFO - Resolved active expiry from DB: 26SEP (2026-09-29)
2026-09-01 14:51:26,597 - INFO - Retrieved live premium from Fyers API: LTP=618.2 for NSE:BANKNIFTY26SEP57300PE
2026-09-01 14:51:26,598 - INFO - Resolved index signal into option contract: OptionContract(symbol='NSE:BANKNIFTY26SEP57300PE', strike=57300.0, expiry='26SEP', option_type='PE', premium=618.2, delta=0.5, bid=616.5, ask=618.35, volume=966720, resolved_at=datetime.datetime(2026, 9, 1, 14, 51, 26, 598061))
2026-09-01 14:51:26,598 - INFO - ⚡ Option strike selection resolved index signal to contract NSE:BANKNIFTY26SEP57300PE @ premium 618.2 (type: PE, strike: 57300.0)
2026-09-01 14:51:26,598 - INFO - 📊 EXECUTION AUDIT [STRIKE_SELECTED]: trade_id=trade_NSE_NIFTYBANK_INDEX_ORB_60m_IB_RVOL1.2_1788250829, candidate_id=cand_NSE_NIFTYBANK_INDEX_ORB_60M_57310.90_20260901_135029_ORB_60m_IB_RVOL1.2, payload={'symbol': 'NSE:BANKNIFTY26SEP57300PE', 'strike': 57300.0, 'expiry': '26SEP', 'type': 'PE'}
2026-09-01 14:51:26,629 - INFO - 📊 EXECUTION AUDIT [PREMIUM_RETRIEVED]: trade_id=trade_NSE_NIFTYBANK_INDEX_ORB_60m_IB_RVOL1.2_1788250829, candidate_id=cand_NSE_NIFTYBANK_INDEX_ORB_60M_57310.90_20260901_135029_ORB_60m_IB_RVOL1.2, payload={'premium': 618.2, 'bid': 616.5, 'ask': 618.35}
2026-09-01 14:51:26,651 - INFO - 📊 EXECUTION AUDIT [ORDER_SUBMITTED]: trade_id=trade_NSE_NIFTYBANK_INDEX_ORB_60m_IB_RVOL1.2_1788250829, candidate_id=cand_NSE_NIFTYBANK_INDEX_ORB_60M_57310.90_20260901_135029_ORB_60m_IB_RVOL1.2, payload={'price': 57310.9, 'sl': 57335.75, 'tp': 57227.53333333333}
2026-09-01 14:51:26,669 - INFO - 📊 EXECUTION AUDIT [ORDER_FILLED]: trade_id=trade_NSE_NIFTYBANK_INDEX_ORB_60m_IB_RVOL1.2_1788250829, candidate_id=cand_NSE_NIFTYBANK_INDEX_ORB_60M_57310.90_20260901_135029_ORB_60m_IB_RVOL1.2, payload={'price': 57310.9, 'sl': 57335.75, 'tp': 57227.53333333333}
2026-09-01 14:51:26,686 - INFO - 💰 Position size [ORB_60M|GAP_UP_NORMAL|conf=1]: frac=0.002 → ₹5,000 (risk/unit=0.04%)
2026-09-01 14:51:26,720 - INFO - 🟢 ENTRY [ORB_60m_IB_RVOL1.2|OL1.2_1788250829]: NSE:NIFTYBANK-INDEX BUY PUT @ 57310.90 | SL: 57335.75 TP: 57227.53
2026-09-01 14:51:26,721 - INFO - 🧭 [VerticalSpread_v1.0] Regime router: NSE:NIFTYBANK-INDEX combo blocked from REAL capital (regime=GAP_UP_NORMAL) — routed to CF
2026-09-01 14:51:26,737 - INFO - Resolved active expiry from DB: 26SEP (2026-09-29)
2026-09-01 14:51:27,765 - INFO - Retrieved live premium from Fyers API: LTP=618.2 for NSE:BANKNIFTY26SEP57300PE
2026-09-01 14:51:28,630 - INFO - Retrieved live premium from Fyers API: LTP=538.0 for NSE:BANKNIFTY26SEP57100PE
2026-09-01 14:51:28,631 - INFO - Resolved BEAR_PUT_SPREAD for NSE:NIFTYBANK-INDEX: [('PE', 'BUY', 57300.0), ('PE', 'SELL', 57100.0)] net_premium=82.10 max_loss=82.10
2026-09-01 14:51:28,680 - INFO - 🟢 CF COMBO ENTRY [VerticalSpread_v1.0|_VerticalSpread_v1.0]: NSE:NIFTYBANK-INDEX BEAR_PUT_SPREAD | Net premium: 82.10 | Max loss: 82.10
2026-09-01 14:51:28,680 - WARNING - ⚡ [CreditSpread_v1.0_PCRFade] errors: ['OPTIONS_DATA_STALE']
2026-09-01 14:51:28,680 - WARNING - ⚡ [OIWallReaction_v1.0] errors: ['OPTIONS_DATA_STALE']
2026-09-01 14:51:28,680 - WARNING - ⚡ [PCRExtremeReversal_v1.0] errors: ['OPTIONS_DATA_STALE']
2026-09-01 14:51:28,680 - INFO - 👻 [Butterfly_v1.0] CF COMBO BUTTERFLY_SPREAD NSE:NIFTYBANK-INDEX BUTTERFLY_SPREAD | Rejected: ['HIGH_RVOL', 'HIGH_EFFICIENCY', 'COOLDOWN_AFTER_LOSS']
2026-09-01 14:51:28,694 - INFO - Resolved active expiry from DB: 26SEP (2026-09-29)
2026-09-01 14:51:29,633 - INFO - Retrieved live premium from Fyers API: LTP=1007.0 for NSE:BANKNIFTY26SEP57100CE
2026-09-01 15:06:48,279 - INFO - Retrieved live premium from Fyers API: LTP=894.9 for NSE:BANKNIFTY26SEP57300CE
2026-09-01 15:06:49,252 - INFO - Retrieved live premium from Fyers API: LTP=895.65 for NSE:BANKNIFTY26SEP57300CE
2026-09-01 15:06:50,261 - INFO - Retrieved live premium from Fyers API: LTP=777.4 for NSE:BANKNIFTY26SEP57500CE
2026-09-01 15:06:50,262 - INFO - Resolved BUTTERFLY_SPREAD for NSE:NIFTYBANK-INDEX: [('CE', 'BUY', 57100.0), ('CE', 'SELL', 57300.0), ('CE', 'SELL', 57300.0), ('CE', 'BUY', 57500.0)] net_premium=9.40 max_loss=9.40
2026-09-01 15:06:50,318 - INFO - 🟢 CF COMBO ENTRY [Butterfly_v1.0|35029_Butterfly_v1.0]: NSE:NIFTYBANK-INDEX BUTTERFLY_SPREAD | Net premium: 9.40 | Max loss: 9.40
2026-09-01 15:06:50,318 - WARNING - ⚡ [OI_Scalping_v1.0] errors: ['INSUFFICIENT_OI_DATA']
2026-09-01 15:07:06,089 - INFO - 🔔 [New Candle Closed] Running entry pipeline for candle 15:05 at 15:07:06...
2026-09-01 15:07:06,089 - INFO - --- 15:07:06 Market Pulse ---
2026-09-01 15:22:22,805 - INFO - 📊 EXECUTION AUDIT [ORDER_EXITED]: trade_id=trade_NSE_NIFTY50_INDEX_Structural_v3.2_RVOL1.0_1788250829, candidate_id=cand_NSE_NIFTY50_INDEX_SWEEP_23993.60_20260901_134500_Structural_v3.2_RVOL1.0, payload={'exit_price': 23980.55, 'exit_reason': 'INITIAL_SL', 'pnl_r': 1.5875486381322954, 'duration_minutes': 76.60151335, 'bars_held': 1}
2026-09-01 15:22:22,889 - INFO - 🔴 EXIT (INITIAL_SL) [Structural_v3.2_RVOL1.0|uctural_v3.2_RVOL1.0]: NSE:NIFTY50-INDEX @ 23980.55 | PnL +1.59R | MFE 0.00R | Capture N/A | 1bars HoldEff +1.587R/bar
2026-09-01 15:22:22,889 - INFO - 📊 EXECUTION AUDIT [ORDER_EXITED]: trade_id=trade_NSE_NIFTY50_INDEX_Structural_v3.2_RVOL0.8_1788250829, candidate_id=cand_NSE_NIFTY50_INDEX_SWEEP_23993.60_20260901_134500_Structural_v3.2_RVOL0.8, payload={'exit_price': 23980.55, 'exit_reason': 'INITIAL_SL', 'pnl_r': 1.607843137254902, 'duration_minutes': 76.60151335, 'bars_held': 1}
2026-09-01 15:22:22,937 - INFO - 🔴 EXIT (INITIAL_SL) [Structural_v3.2_RVOL0.8|uctural_v3.2_RVOL0.8]: NSE:NIFTY50-INDEX @ 23980.55 | PnL +1.61R | MFE 0.00R | Capture N/A | 1bars HoldEff +1.608R/bar
2026-09-01 15:22:22,937 - INFO - 📊 EXECUTION AUDIT [SL_MODIFIED]: trade_id=trade_NSE_NIFTYBANK_INDEX_CPR_v1.0_1788250829, candidate_id=cand_NSE_NIFTYBANK_INDEX_CPR_57310.90_20260901_135029_CPR_v1.0, payload={'price': 57243.2, 'old_sl': 57335.75, 'new_sl': 57268.049999999996, 'old_tp': None, 'new_tp': 57227.53, 'reason': 'TRAILING_SL'}
2026-09-01 15:22:22,981 - INFO - 🟡 UPDATE (TRAILING_SL) [CPR_v1.0|0901_135029_CPR_v1.0]: NSE:NIFTYBANK-INDEX @ 57243.20 | SL→57268.05 TP→57227.53
2026-09-01 15:22:23,004 - INFO - 📊 EXECUTION AUDIT [SL_MODIFIED]: trade_id=trade_NSE_NIFTYBANK_INDEX_ORB_60m_IB_RVOL1.2_1788250829, candidate_id=cand_NSE_NIFTYBANK_INDEX_ORB_60M_57310.90_20260901_135029_ORB_60m_IB_RVOL1.2, payload={'price': 57243.2, 'old_sl': 57335.75, 'new_sl': 57268.049999999996, 'old_tp': None, 'new_tp': 57227.53333333333, 'reason': 'TRAILING_SL'}
2026-09-01 15:22:23,046 - INFO - 🟡 UPDATE (TRAILING_SL) [ORB_60m_IB_RVOL1.2|9_ORB_60m_IB_RVOL1.2]: NSE:NIFTYBANK-INDEX @ 57243.20 | SL→57268.05 TP→57227.53
2026-09-01 15:22:23,067 - INFO - 📊 EXECUTION AUDIT [CF_TP_EXPANDED]: trade_id=None, candidate_id=cand_NSE_NIFTY50_INDEX_BREAKOUT_24009.50_20260901_114000_Structural_v3.2_RVOL1.0, payload={'price': 23982.1, 'old_sl': 24024.823214285716, 'new_sl': 23990.423214285714, 'old_tp': 24027.44464285714, 'new_tp': 24019.121428571423, 'reason': 'TP_EXPANSION'}
2026-09-01 15:22:23,110 - INFO - 🟡 UPDATE (TP_EXPANSION) [CFStructural_v3.2_RVOL1.0|uctural_v3.2_RVOL1.0]: NSE:NIFTY50-INDEX @ 23982.10 | SL→23990.42 TP→24019.12
2026-09-01 15:22:23,111 - INFO - 📊 EXECUTION AUDIT [CF_TP_EXPANDED]: trade_id=None, candidate_id=cand_NSE_NIFTY50_INDEX_BREAKOUT_24009.50_20260901_114000_Structural_v3.2_RVOL0.8, payload={'price': 23982.1, 'old_sl': 24024.823214285716, 'new_sl': 23990.423214285714, 'old_tp': 24027.44464285714, 'new_tp': 24019.121428571423, 'reason': 'TP_EXPANSION'}
2026-09-01 15:22:23,149 - INFO - 🟡 UPDATE (TP_EXPANSION) [CFStructural_v3.2_RVOL0.8|uctural_v3.2_RVOL0.8]: NSE:NIFTY50-INDEX @ 23982.10 | SL→23990.42 TP→24019.12
2026-09-01 15:22:23,149 - INFO - 📊 EXECUTION AUDIT [CF_EXITED]: trade_id=None, candidate_id=cand_NSE_NIFTY50_INDEX_SWEEP_23993.60_20260901_134500_Structural_v3.3_ExitMgmt, payload={'exit_price': 23980.55, 'exit_reason': 'INITIAL_SL', 'pnl_r': 1.607843137254902, 'duration_minutes': 76.60151335, 'bars_held': 1}
2026-09-01 15:22:23,188 - INFO - 🔴 EXIT (INITIAL_SL) [CFStructural_v3.3_ExitMgmt|ctural_v3.3_ExitMgmt]: NSE:NIFTY50-INDEX @ 23980.55 | PnL +1.61R | MFE 0.00R | Capture N/A | 1bars HoldEff +1.608R/bar
2026-09-01 15:22:23,188 - INFO - 📊 EXECUTION AUDIT [CF_EXITED]: trade_id=None, candidate_id=cand_NSE_NIFTY50_INDEX_VWAPREV_24019.25_20260901_135029_VWAP_Reversion_1.5ATR_RVOL1.0, payload={'exit_price': 23980.55, 'exit_reason': 'INITIAL_SL', 'pnl_r': 1.6653306613226453, 'duration_minutes': 76.60151335, 'bars_held': 1}
2026-09-01 15:22:23,229 - INFO - 🔴 EXIT (INITIAL_SL) [CFVWAP_Reversion_1.5ATR_RVOL1.0|rsion_1.5ATR_RVOL1.0]: NSE:NIFTY50-INDEX @ 23980.55 | PnL +1.67R | MFE 0.00R | Capture N/A | 1bars HoldEff +1.665R/bar
2026-09-01 15:22:23,230 - INFO - 📊 EXECUTION AUDIT [CF_TP_EXPANDED]: trade_id=None, candidate_id=cand_NSE_NIFTY50_INDEX_TRENDLINE_RETEST_24019.25_202609011350_Geometry_v1.0_Score35, payload={'price': 23982.1, 'old_sl': 24037.28, 'new_sl': 24000.129999999997, 'old_tp': 24011.42, 'new_tp': 23993.39, 'reason': 'TP_EXPANSION'}
2026-09-01 15:22:23,268 - INFO - 🟡 UPDATE (TP_EXPANSION) [CFGeometry_v1.0_Score35|eometry_v1.0_Score35]: NSE:NIFTY50-INDEX @ 23982.10 | SL→24000.13 TP→23993.39
2026-09-01 15:22:23,269 - INFO - 📊 EXECUTION AUDIT [CF_TP_EXPANDED]: trade_id=None, candidate_id=cand_NSE_NIFTY50_INDEX_TRENDLINE_RETEST_24019.25_202609011350_Geometry_v1.0_Score50, payload={'price': 23982.1, 'old_sl': 24037.28, 'new_sl': 24000.129999999997, 'old_tp': 24011.42, 'new_tp': 23993.39, 'reason': 'TP_EXPANSION'}
2026-09-01 15:22:23,308 - INFO - 🟡 UPDATE (TP_EXPANSION) [CFGeometry_v1.0_Score50|eometry_v1.0_Score50]: NSE:NIFTY50-INDEX @ 23982.10 | SL→24000.13 TP→23993.39
2026-09-01 15:22:23,309 - INFO - 📊 EXECUTION AUDIT [CF_TP_EXPANDED]: trade_id=None, candidate_id=cand_NSE_NIFTYBANK_INDEX_TRENDLINE_RETEST_57310.90_202609011350_Geometry_v1.0_Score35, payload={'price': 57243.2, 'old_sl': 57372.71, 'new_sl': 57305.009999999995, 'old_tp': 57309.53, 'new_tp': 57247.72, 'reason': 'TP_EXPANSION'}
2026-09-01 15:22:23,348 - INFO - 🟡 UPDATE (TP_EXPANSION) [CFGeometry_v1.0_Score35|eometry_v1.0_Score35]: NSE:NIFTYBANK-INDEX @ 57243.20 | SL→57305.01 TP→57247.72
2026-09-01 15:22:23,349 - INFO - 📊 EXECUTION AUDIT [CF_TP_EXPANDED]: trade_id=None, candidate_id=cand_NSE_NIFTYBANK_INDEX_TRENDLINE_RETEST_57310.90_202609011350_Geometry_v1.0_Score50, payload={'price': 57243.2, 'old_sl': 57372.71, 'new_sl': 57305.009999999995, 'old_tp': 57309.53, 'new_tp': 57247.72, 'reason': 'TP_EXPANSION'}
2026-09-01 15:22:23,389 - INFO - 🟡 UPDATE (TP_EXPANSION) [CFGeometry_v1.0_Score50|eometry_v1.0_Score50]: NSE:NIFTYBANK-INDEX @ 57243.20 | SL→57305.01 TP→57247.72
2026-09-01 15:39:26,216 - INFO - Retrieved live premium from Fyers API: LTP=0.05 for NSE:NIFTY2690124050PE
2026-09-01 15:39:26,379 - INFO - Retrieved live premium from Fyers API: LTP=0.05 for NSE:NIFTY2690123950PE
2026-09-01 15:39:26,422 - INFO - 🔴 COMBO EXIT (STOP_R) [VerticalSpread_v1.0|_VerticalSpread_v1.0]: NSE:NIFTY50-INDEX BEAR_PUT_SPREAD | PnL -1.00R | 272min
2026-09-01 15:39:27,357 - INFO - Retrieved live premium from Fyers API: LTP=5.75 for NSE:NIFTY2690124050CE
2026-09-01 15:39:28,371 - INFO - Retrieved live premium from Fyers API: LTP=0.05 for NSE:NIFTY2690124050PE
2026-09-01 15:39:28,428 - INFO - 🔴 CF COMBO EXIT (STOP_R) [Straddle_v1.0_VolCompression|_v1.0_VolCompression]: NSE:NIFTY50-INDEX LONG_STRADDLE | PnL -0.93R | 325min
2026-09-01 15:39:29,389 - INFO - Retrieved live premium from Fyers API: LTP=0.05 for NSE:NIFTY2690124150CE
2026-09-01 15:39:30,392 - INFO - Retrieved live premium from Fyers API: LTP=0.05 for NSE:NIFTY2690123950PE
2026-09-01 15:39:30,454 - INFO - 🔴 CF COMBO EXIT (STOP_R) [Strangle_v1.0_VolCompression|_v1.0_VolCompression]: NSE:NIFTY50-INDEX LONG_STRANGLE | PnL -0.99R | 325min
2026-09-01 15:52:23,310 - INFO - Retrieved live premium from Fyers API: LTP=0.05 for NSE:NIFTY2690124000PE
2026-09-01 15:52:24,136 - INFO - Retrieved live premium from Fyers API: LTP=0.05 for NSE:NIFTY2690123900PE
2026-09-01 15:52:25,117 - INFO - Retrieved live premium from Fyers API: LTP=0.05 for NSE:NIFTY2690124100CE
2026-09-01 15:52:26,289 - INFO - Retrieved live premium from Fyers API: LTP=0.05 for NSE:NIFTY2690124200CE
2026-09-01 15:52:26,346 - INFO - 🔴 CF COMBO EXIT (TARGET_R) [IronCondor_v1.0|4235_IronCondor_v1.0]: NSE:NIFTY50-INDEX IRON_CONDOR | PnL +0.46R | 325min
2026-09-01 15:52:27,133 - INFO - Retrieved live premium from Fyers API: LTP=105.65 for NSE:NIFTY2690123950CE
2026-09-01 15:52:28,145 - INFO - Retrieved live premium from Fyers API: LTP=5.75 for NSE:NIFTY2690124050CE
2026-09-01 15:52:29,152 - INFO - Retrieved live premium from Fyers API: LTP=5.75 for NSE:NIFTY2690124050CE
2026-09-01 16:08:08,245 - INFO - Retrieved live premium from Fyers API: LTP=0.05 for NSE:NIFTY2690124150CE
2026-09-01 16:08:08,432 - INFO - Retrieved live premium from Fyers API: LTP=0.05 for NSE:NIFTY2690124050PE
2026-09-01 16:08:09,436 - INFO - Retrieved live premium from Fyers API: LTP=5.75 for NSE:NIFTY2690124050CE
2026-09-01 16:08:10,421 - INFO - Retrieved live premium from Fyers API: LTP=0.05 for NSE:NIFTY2690123850PE
2026-09-01 16:08:11,430 - INFO - Retrieved live premium from Fyers API: LTP=0.05 for NSE:NIFTY2690124250CE
2026-09-01 16:08:11,488 - INFO - 🔴 CF COMBO EXIT (TARGET_R) [IronButterfly_v1.0|5_IronButterfly_v1.0]: NSE:NIFTY50-INDEX IRON_BUTTERFLY | PnL +0.53R | 325min
2026-09-01 16:08:12,420 - INFO - Retrieved live premium from Fyers API: LTP=0.05 for NSE:NIFTY2690124000PE
2026-09-01 16:25:12,301 - INFO - Retrieved live premium from Fyers API: LTP=0.05 for NSE:NIFTY2690123900PE
2026-09-01 16:25:13,124 - INFO - Retrieved live premium from Fyers API: LTP=0.05 for NSE:NIFTY2690124100CE
2026-09-01 16:25:14,136 - INFO - Retrieved live premium from Fyers API: LTP=0.05 for NSE:NIFTY2690124200CE
2026-09-01 16:25:14,194 - INFO - 🔴 CF COMBO EXIT (TARGET_R) [ExpiryAwareTheta_v1.0|xpiryAwareTheta_v1.0]: NSE:NIFTY50-INDEX IRON_CONDOR | PnL +0.46R | 325min
2026-09-01 16:25:15,148 - INFO - Retrieved live premium from Fyers API: LTP=822.15 for NSE:BANKNIFTY26SEP57400CE
2026-09-01 16:25:16,145 - INFO - Retrieved live premium from Fyers API: LTP=719.65 for NSE:BANKNIFTY26SEP57600CE
2026-09-01 16:25:18,286 - INFO - Retrieved live premium from Fyers API: LTP=822.15 for NSE:BANKNIFTY26SEP57400CE
2026-09-01 16:25:18,895 - INFO - Retrieved live premium from Fyers API: LTP=663.8 for NSE:BANKNIFTY26SEP57400PE
2026-09-01 16:25:19,889 - INFO - Retrieved live premium from Fyers API: LTP=719.65 for NSE:BANKNIFTY26SEP57600CE
2026-09-01 16:25:21,075 - INFO - Retrieved live premium from Fyers API: LTP=580.0 for NSE:BANKNIFTY26SEP57200PE
2026-09-01 16:25:21,909 - INFO - Retrieved live premium from Fyers API: LTP=622.35 for NSE:BANKNIFTY26SEP57300PE
2026-09-01 16:25:22,915 - INFO - Retrieved live premium from Fyers API: LTP=536.4 for NSE:BANKNIFTY26SEP57100PE
2026-09-01 16:25:23,930 - INFO - Retrieved live premium from Fyers API: LTP=760.0 for NSE:BANKNIFTY26SEP57500CE
2026-09-01 16:25:25,095 - INFO - Retrieved live premium from Fyers API: LTP=675.95 for NSE:BANKNIFTY26SEP57700CE
2026-09-01 16:25:25,953 - INFO - Retrieved live premium from Fyers API: LTP=663.8 for NSE:BANKNIFTY26SEP57400PE
2026-09-01 16:25:27,107 - INFO - Retrieved live premium from Fyers API: LTP=822.15 for NSE:BANKNIFTY26SEP57400CE
2026-09-01 16:25:27,949 - INFO - Retrieved live premium from Fyers API: LTP=504.0 for NSE:BANKNIFTY26SEP57000PE
2026-09-01 16:25:28,956 - INFO - Retrieved live premium from Fyers API: LTP=628.0 for NSE:BANKNIFTY26SEP57800CE
2026-09-01 16:25:29,951 - INFO - Retrieved live premium from Fyers API: LTP=622.35 for NSE:BANKNIFTY26SEP57300PE
2026-09-01 16:25:30,980 - INFO - Retrieved live premium from Fyers API: LTP=536.4 for NSE:BANKNIFTY26SEP57100PE
2026-09-01 16:25:31,971 - INFO - Retrieved live premium from Fyers API: LTP=760.0 for NSE:BANKNIFTY26SEP57500CE
2026-09-01 16:25:33,002 - INFO - Retrieved live premium from Fyers API: LTP=675.95 for NSE:BANKNIFTY26SEP57700CE
2026-09-01 16:25:34,002 - INFO - Retrieved live premium from Fyers API: LTP=5.75 for NSE:NIFTY2690124050CE
2026-09-01 16:25:35,009 - INFO - Retrieved live premium from Fyers API: LTP=0.05 for NSE:NIFTY2690124150CE
2026-09-01 16:25:36,023 - INFO - Retrieved live premium from Fyers API: LTP=760.0 for NSE:BANKNIFTY26SEP57500CE
2026-09-01 16:25:37,030 - INFO - Retrieved live premium from Fyers API: LTP=675.95 for NSE:BANKNIFTY26SEP57700CE
2026-09-01 16:25:38,050 - INFO - Retrieved live premium from Fyers API: LTP=622.35 for NSE:BANKNIFTY26SEP57300PE
2026-09-01 16:25:39,075 - INFO - Retrieved live premium from Fyers API: LTP=536.4 for NSE:BANKNIFTY26SEP57100PE
2026-09-01 16:25:40,341 - INFO - Retrieved live premium from Fyers API: LTP=1010.9 for NSE:BANKNIFTY26SEP57100CE
2026-09-01 16:42:35,359 - INFO - Retrieved live premium from Fyers API: LTP=888.0 for NSE:BANKNIFTY26SEP57300CE
2026-09-01 16:42:35,921 - INFO - Retrieved live premium from Fyers API: LTP=888.0 for NSE:BANKNIFTY26SEP57300CE
2026-09-01 16:42:36,932 - INFO - Retrieved live premium from Fyers API: LTP=760.0 for NSE:BANKNIFTY26SEP57500CE
2026-09-01 16:42:36,989 - INFO - 🔴 CF COMBO EXIT (STOP_R) [Butterfly_v1.0|35029_Butterfly_v1.0]: NSE:NIFTYBANK-INDEX BUTTERFLY_SPREAD | PnL -2.29R | 77min
2026-09-01 16:42:38,714 - WARNING - ⚡ [CreditSpread_v1.0_PCRFade] errors: ['OPTIONS_DATA_STALE'] (0.0ms)
2026-09-01 16:42:38,714 - WARNING - ⚡ [OIWallReaction_v1.0] errors: ['OPTIONS_DATA_STALE'] (0.0ms)
2026-09-01 16:42:38,714 - WARNING - ⚡ [PCRExtremeReversal_v1.0] errors: ['OPTIONS_DATA_STALE'] (0.0ms)
2026-09-01 16:42:38,714 - WARNING - ⚡ [OI_Scalping_v1.0] errors: ['INSUFFICIENT_OI_DATA'] (0.0ms)
2026-09-01 16:42:38,725 - INFO - Resolved active expiry from DB: 26901 (2026-09-01)
2026-09-01 16:42:38,726 - INFO - 👻 [VerticalSpread_v1.0] CF COMBO BEAR_PUT_SPREAD NSE:NIFTY50-INDEX BEAR_PUT_SPREAD | Rejected: ['LOW_EFFICIENCY', 'LATE_SESSION']
2026-09-01 16:42:38,736 - INFO - Resolved active expiry from DB: 26901 (2026-09-01)
2026-09-01 16:42:38,844 - INFO - Retrieved live premium from Fyers API: LTP=0.05 for NSE:NIFTY2690124000PE
2026-09-01 16:42:41,254 - INFO - Retrieved live premium from Fyers API: LTP=0.05 for NSE:NIFTY2690123900PE
2026-09-01 16:42:41,255 - INFO - Resolved BEAR_PUT_SPREAD for NSE:NIFTY50-INDEX: [('PE', 'BUY', 24000.0), ('PE', 'SELL', 23900.0)] net_premium=0.00 max_loss=0.00
2026-09-01 16:42:41,310 - INFO - 🟢 CF COMBO ENTRY [VerticalSpread_v1.0|_VerticalSpread_v1.0]: NSE:NIFTY50-INDEX BEAR_PUT_SPREAD | Net premium: 0.00 | Max loss: 0.00
2026-09-01 16:42:41,310 - INFO - 👻 [Straddle_v1.0_VolCompression] CF COMBO LONG_STRADDLE NSE:NIFTY50-INDEX LONG_STRADDLE | Rejected: ['NO_COMPRESSION:0.76', 'LATE_SESSION']
2026-09-01 16:42:41,330 - INFO - Resolved active expiry from DB: 26901 (2026-09-01)
2026-09-01 16:42:41,477 - INFO - Retrieved live premium from Fyers API: LTP=55.65 for NSE:NIFTY2690124000CE
2026-09-01 16:42:42,476 - INFO - Retrieved live premium from Fyers API: LTP=0.05 for NSE:NIFTY2690124000PE
2026-09-01 16:42:42,476 - INFO - Resolved LONG_STRADDLE for NSE:NIFTY50-INDEX: [('CE', 'BUY', 24000.0), ('PE', 'BUY', 24000.0)] net_premium=55.80 max_loss=55.80
2026-09-01 16:42:42,530 - INFO - 🟢 CF COMBO ENTRY [Straddle_v1.0_VolCompression|_v1.0_VolCompression]: NSE:NIFTY50-INDEX LONG_STRADDLE | Net premium: 55.80 | Max loss: 55.80
2026-09-01 16:42:42,530 - INFO - 👻 [Strangle_v1.0_VolCompression] CF COMBO LONG_STRANGLE NSE:NIFTY50-INDEX LONG_STRANGLE | Rejected: ['NO_COMPRESSION:0.76', 'LATE_SESSION']
2026-09-01 16:42:42,551 - INFO - Resolved active expiry from DB: 26901 (2026-09-01)
2026-09-01 16:42:43,466 - INFO - Retrieved live premium from Fyers API: LTP=0.05 for NSE:NIFTY2690124100CE
2026-09-01 16:42:44,476 - INFO - Retrieved live premium from Fyers API: LTP=0.05 for NSE:NIFTY2690123900PE
2026-09-01 16:42:44,477 - INFO - Resolved LONG_STRANGLE for NSE:NIFTY50-INDEX: [('CE', 'BUY', 24100.0), ('PE', 'BUY', 23900.0)] net_premium=0.10 max_loss=0.10
2026-09-01 16:42:44,531 - INFO - 🟢 CF COMBO ENTRY [Strangle_v1.0_VolCompression|_v1.0_VolCompression]: NSE:NIFTY50-INDEX LONG_STRANGLE | Net premium: 0.10 | Max loss: 0.10
2026-09-01 16:42:44,531 - WARNING - ⚡ [CreditSpread_v1.0_PCRFade] errors: ['OPTIONS_DATA_STALE']
2026-09-01 16:42:44,531 - WARNING - ⚡ [OIWallReaction_v1.0] errors: ['OPTIONS_DATA_STALE']
2026-09-01 16:42:44,531 - WARNING - ⚡ [PCRExtremeReversal_v1.0] errors: ['OPTIONS_DATA_STALE']
2026-09-01 16:42:44,531 - INFO - 👻 [IronCondor_v1.0] CF COMBO IRON_CONDOR NSE:NIFTY50-INDEX IRON_CONDOR | Rejected: ['HIGH_RVOL', 'LATE_SESSION']
2026-09-01 16:42:44,552 - INFO - Resolved active expiry from DB: 26901 (2026-09-01)
2026-09-01 16:42:45,490 - INFO - Retrieved live premium from Fyers API: LTP=0.05 for NSE:NIFTY2690123950PE
2026-09-01 16:42:46,489 - INFO - Retrieved live premium from Fyers API: LTP=0.05 for NSE:NIFTY2690123850PE
2026-09-01 16:42:47,503 - INFO - Retrieved live premium from Fyers API: LTP=5.75 for NSE:NIFTY2690124050CE
2026-09-01 16:42:48,517 - INFO - Retrieved live premium from Fyers API: LTP=0.05 for NSE:NIFTY2690124150CE
2026-09-01 16:42:48,517 - INFO - Resolved IRON_CONDOR for NSE:NIFTY50-INDEX: [('PE', 'SELL', 23950.0), ('PE', 'BUY', 23850.0), ('CE', 'SELL', 24050.0), ('CE', 'BUY', 24150.0)] net_premium=-5.70 max_loss=94.30
2026-09-01 16:42:48,572 - INFO - 🟢 CF COMBO ENTRY [IronCondor_v1.0|0706_IronCondor_v1.0]: NSE:NIFTY50-INDEX IRON_CONDOR | Net premium: -5.70 | Max loss: 94.30
2026-09-01 16:42:48,572 - INFO - 👻 [IronButterfly_v1.0] CF COMBO IRON_BUTTERFLY NSE:NIFTY50-INDEX IRON_BUTTERFLY | Rejected: ['HIGH_RVOL', 'LATE_SESSION']
2026-09-01 16:42:48,591 - INFO - Resolved active expiry from DB: 26901 (2026-09-01)
2026-09-01 16:42:49,509 - INFO - Retrieved live premium from Fyers API: LTP=0.05 for NSE:NIFTY2690124000PE
2026-09-01 16:42:50,521 - INFO - Retrieved live premium from Fyers API: LTP=55.65 for NSE:NIFTY2690124000CE
2026-09-01 16:42:51,534 - INFO - Retrieved live premium from Fyers API: LTP=0.05 for NSE:NIFTY2690123800PE
2026-09-01 16:42:52,527 - INFO - Retrieved live premium from Fyers API: LTP=0.05 for NSE:NIFTY2690124200CE
2026-09-01 16:42:52,527 - INFO - Resolved IRON_BUTTERFLY for NSE:NIFTY50-INDEX: [('PE', 'SELL', 24000.0), ('CE', 'SELL', 24000.0), ('PE', 'BUY', 23800.0), ('CE', 'BUY', 24200.0)] net_premium=-55.60 max_loss=144.40
2026-09-01 16:42:52,584 - INFO - 🟢 CF COMBO ENTRY [IronButterfly_v1.0|6_IronButterfly_v1.0]: NSE:NIFTY50-INDEX IRON_BUTTERFLY | Net premium: -55.60 | Max loss: 144.40
2026-09-01 16:42:52,584 - WARNING - ⚡ [OI_Scalping_v1.0] errors: ['INSUFFICIENT_OI_DATA']
2026-09-01 16:42:52,584 - INFO - 👻 [ExpiryAwareTheta_v1.0] CF COMBO IRON_CONDOR NSE:NIFTY50-INDEX IRON_CONDOR | Rejected: ['HIGH_RVOL', 'LATE_SESSION']
2026-09-01 16:42:52,604 - INFO - Resolved active expiry from DB: 26901 (2026-09-01)
2026-09-01 16:53:23,445 - INFO - Retrieved live premium from Fyers API: LTP=0.05 for NSE:NIFTY2690123950PE
2026-09-01 16:53:24,423 - INFO - Retrieved live premium from Fyers API: LTP=0.05 for NSE:NIFTY2690123700PE
2026-09-01 16:53:25,432 - INFO - Retrieved live premium from Fyers API: LTP=5.75 for NSE:NIFTY2690124050CE
2026-09-01 16:53:26,418 - INFO - Retrieved live premium from Fyers API: LTP=0.05 for NSE:NIFTY2690124300CE
2026-09-01 16:53:26,419 - INFO - Resolved IRON_CONDOR for NSE:NIFTY50-INDEX: [('PE', 'SELL', 23950.0), ('PE', 'BUY', 23700.0), ('CE', 'SELL', 24050.0), ('CE', 'BUY', 24300.0)] net_premium=-5.65 max_loss=244.35
2026-09-01 16:53:26,474 - INFO - 🟢 CF COMBO ENTRY [ExpiryAwareTheta_v1.0|xpiryAwareTheta_v1.0]: NSE:NIFTY50-INDEX IRON_CONDOR | Net premium: -5.65 | Max loss: 244.35
2026-09-01 16:53:27,658 - INFO - ⚡ [Structural_v3.2_RVOL1.0] warnings: ['VERY_LOW_RVOL:0.41']
2026-09-01 16:53:27,677 - INFO - ⚡ [Structural_v3.2_RVOL0.8] warnings: ['VERY_LOW_RVOL:0.41']
2026-09-01 16:53:27,694 - INFO - ⚡ [Structural_v3.3_ExitMgmt] warnings: ['VERY_LOW_RVOL:0.41']
2026-09-01 16:53:27,697 - WARNING - ⚡ [CreditSpread_v1.0_PCRFade] errors: ['OPTIONS_DATA_STALE'] (0.0ms)
2026-09-01 16:53:27,697 - WARNING - ⚡ [OIWallReaction_v1.0] errors: ['OPTIONS_DATA_STALE'] (0.0ms)
2026-09-01 16:53:27,697 - WARNING - ⚡ [PCRExtremeReversal_v1.0] errors: ['OPTIONS_DATA_STALE'] (0.0ms)
2026-09-01 16:53:27,697 - WARNING - ⚡ [OI_Scalping_v1.0] errors: ['INSUFFICIENT_OI_DATA'] (0.0ms)
2026-09-01 16:53:27,709 - INFO - Resolved active expiry from DB: 26SEP (2026-09-29)
2026-09-01 16:53:27,710 - INFO - ⚡ [Structural_v3.2_RVOL1.0] warnings: ['VERY_LOW_RVOL:0.41']
2026-09-01 16:53:27,710 - INFO - 👻 [Structural_v3.2_RVOL1.0] CF BREAKOUT NSE:NIFTYBANK-INDEX BUY CALL | Rejected: ['LOW_RVOL', 'BIAS_MISMATCH', 'LOW_EFFICIENCY', 'HIGH_WICKINESS']
2026-09-01 16:53:27,710 - INFO - 📊 EXECUTION AUDIT [SIGNAL_GENERATED]: trade_id=None, candidate_id=cand_NSE_NIFTYBANK_INDEX_BREAKOUT_57289.00_20260901_151500_Structural_v3.2_RVOL1.0, payload={'symbol': 'NSE:NIFTYBANK-INDEX', 'signal': 'BUY CALL', 'strategy': 'BREAKOUT', 'price': 57264.15, 'stop_loss': 57239.62857142857, 'take_profit': 57509.36428571429, 'tp1': 57300.93214285715, 'rr_ratio': 10.0, 'timestamp': '2026-09-01T15:15:00+05:30', 'accepted': False, 'rejection_reasons': ['LOW_RVOL', 'BIAS_MISMATCH', 'LOW_EFFICIENCY', 'HIGH_WICKINESS'], 'features': {'date': '2026-09-01', 'strategy_name': 'Structural_v3', 'strategy_version': 'v3.2', 'feature_version': 'v1.1', 'market_regime': 'GAP_UP_NORMAL', 'day_type': 'NORMAL_DAY', 'session_type': 'CLOSE', 'daily_bias': 'NEUTRAL', 'hourly_bias': 'NEUTRAL', 'trend_strength': 0.0, 'rvol': 0.41, 'rvol_threshold': 1.0, 'atr': 49.04, 'distance_from_supply': 746.98, 'distance_from_demand': 36.62, 'nearest_supply_strength': 81.4, 'nearest_demand_strength': 69.7, 'distance_to_liquidity_pool': 36.61666666666861, 'liquidity_score': 4.1, 'indicator_snapshot': {'rvol_tod': 0.41, 'is_compressed': False, 'bos_count': 0}, 'move_efficiency': 0.145, 'wickiness': 0.7737, 'fft_score': 0.0, 'setup_type': 'BREAKOUT', 'candidate_id': 'cand_NSE_NIFTYBANK_INDEX_BREAKOUT_57289.00_20260901_151500', 'ema20': 57279.41, 'ema50': 57367.75, 'move_efficiency_h1': 0.3665, 'ema_bullish': False, 'rsi14': 76.7, 'rsi2': 50.0, 'distance_to_vwap': -0.0023, 'atr_percentile': 0.6215, 'dist_prev_high': -0.0036, 'dist_prev_low': 0.0004, 'adx': 40.17, 'adx_slope': -1.3135, 'gap_pct': 0.0045, 'regime_primary': 'GAP_UP', 'regime_vol_state': 'NORMAL'}, 'candidate_id': 'cand_NSE_NIFTYBANK_INDEX_BREAKOUT_57289.00_20260901_151500_Structural_v3.2_RVOL1.0', 'experiment_name': 'Structural_v3.2_RVOL1.0', 'strategy_id': 'structural', 'version': 'v3.2'}
2026-09-01 16:53:27,735 - INFO - Resolved active expiry from DB: 26SEP (2026-09-29)
2026-09-01 16:53:27,840 - INFO - Retrieved live premium from Fyers API: LTP=888.0 for NSE:BANKNIFTY26SEP57300CE
2026-09-01 16:53:27,841 - INFO - Resolved index signal into option contract: OptionContract(symbol='NSE:BANKNIFTY26SEP57300CE', strike=57300.0, expiry='26SEP', option_type='CE', premium=888.0, delta=0.5, bid=880.1, ask=889.0, volume=891660, resolved_at=datetime.datetime(2026, 9, 1, 16, 53, 27, 840961))
2026-09-01 16:53:27,841 - INFO - ⚡ Option strike selection resolved index signal to contract NSE:BANKNIFTY26SEP57300CE @ premium 888.0 (type: CE, strike: 57300.0)
2026-09-01 16:53:27,841 - INFO - 📊 EXECUTION AUDIT [STRIKE_SELECTED]: trade_id=None, candidate_id=cand_NSE_NIFTYBANK_INDEX_BREAKOUT_57289.00_20260901_151500_Structural_v3.2_RVOL1.0, payload={'symbol': 'NSE:BANKNIFTY26SEP57300CE', 'strike': 57300.0, 'expiry': '26SEP', 'type': 'CE'}
2026-09-01 16:53:27,857 - INFO - 📊 EXECUTION AUDIT [PREMIUM_RETRIEVED]: trade_id=None, candidate_id=cand_NSE_NIFTYBANK_INDEX_BREAKOUT_57289.00_20260901_151500_Structural_v3.2_RVOL1.0, payload={'premium': 888.0, 'bid': 880.1, 'ask': 889.0}
2026-09-01 16:53:27,870 - INFO - 📊 EXECUTION AUDIT [CF_SUBMITTED]: trade_id=None, candidate_id=cand_NSE_NIFTYBANK_INDEX_BREAKOUT_57289.00_20260901_151500_Structural_v3.2_RVOL1.0, payload={'price': 57264.15, 'sl': 57239.62857142857, 'tp': 57509.36428571429}
2026-09-01 16:53:27,882 - INFO - 📊 EXECUTION AUDIT [CF_FILLED]: trade_id=None, candidate_id=cand_NSE_NIFTYBANK_INDEX_BREAKOUT_57289.00_20260901_151500_Structural_v3.2_RVOL1.0, payload={'price': 57264.15, 'sl': 57239.62857142857, 'tp': 57509.36428571429}
2026-09-01 16:53:27,894 - INFO - 💰 Position size [BREAKOUT|GAP_UP_NORMAL|conf=70]: frac=0.003 → ₹5,000 (risk/unit=0.04%)
2026-09-01 16:53:27,917 - INFO - 🟢 ENTRY [CF|Structural_v3.2_RVOL1.0|uctural_v3.2_RVOL1.0]: NSE:NIFTYBANK-INDEX BUY CALL @ 57264.15 | SL: 57239.63 TP: 57509.36
2026-09-01 16:53:27,917 - INFO - ⚡ [Structural_v3.2_RVOL0.8] warnings: ['VERY_LOW_RVOL:0.41']
2026-09-01 16:53:27,917 - INFO - 👻 [Structural_v3.2_RVOL0.8] CF BREAKOUT NSE:NIFTYBANK-INDEX BUY CALL | Rejected: ['LOW_RVOL', 'BIAS_MISMATCH', 'LOW_EFFICIENCY', 'HIGH_WICKINESS']
2026-09-01 16:53:27,917 - INFO - 📊 EXECUTION AUDIT [SIGNAL_GENERATED]: trade_id=None, candidate_id=cand_NSE_NIFTYBANK_INDEX_BREAKOUT_57289.00_20260901_151500_Structural_v3.2_RVOL0.8, payload={'symbol': 'NSE:NIFTYBANK-INDEX', 'signal': 'BUY CALL', 'strategy': 'BREAKOUT', 'price': 57264.15, 'stop_loss': 57239.62857142857, 'take_profit': 57509.36428571429, 'tp1': 57300.93214285715, 'rr_ratio': 10.0, 'timestamp': '2026-09-01T15:15:00+05:30', 'accepted': False, 'rejection_reasons': ['LOW_RVOL', 'BIAS_MISMATCH', 'LOW_EFFICIENCY', 'HIGH_WICKINESS'], 'features': {'date': '2026-09-01', 'strategy_name': 'Structural_v3', 'strategy_version': 'v3.2', 'feature_version': 'v1.1', 'market_regime': 'GAP_UP_NORMAL', 'day_type': 'NORMAL_DAY', 'session_type': 'CLOSE', 'daily_bias': 'NEUTRAL', 'hourly_bias': 'NEUTRAL', 'trend_strength': 0.0, 'rvol': 0.41, 'rvol_threshold': 0.8, 'atr': 49.04, 'distance_from_supply': 746.98, 'distance_from_demand': 36.62, 'nearest_supply_strength': 81.4, 'nearest_demand_strength': 69.7, 'distance_to_liquidity_pool': 36.61666666666861, 'liquidity_score': 4.1, 'indicator_snapshot': {'rvol_tod': 0.41, 'is_compressed': False, 'bos_count': 0}, 'move_efficiency': 0.145, 'wickiness': 0.7737, 'fft_score': 0.0, 'setup_type': 'BREAKOUT', 'candidate_id': 'cand_NSE_NIFTYBANK_INDEX_BREAKOUT_57289.00_20260901_151500', 'ema20': 57279.41, 'ema50': 57367.75, 'move_efficiency_h1': 0.3665, 'ema_bullish': False, 'rsi14': 76.7, 'rsi2': 50.0, 'distance_to_vwap': -0.0023, 'atr_percentile': 0.6215, 'dist_prev_high': -0.0036, 'dist_prev_low': 0.0004, 'adx': 40.17, 'adx_slope': -1.3135, 'gap_pct': 0.0045, 'regime_primary': 'GAP_UP', 'regime_vol_state': 'NORMAL'}, 'candidate_id': 'cand_NSE_NIFTYBANK_INDEX_BREAKOUT_57289.00_20260901_151500_Structural_v3.2_RVOL0.8', 'experiment_name': 'Structural_v3.2_RVOL0.8', 'strategy_id': 'structural', 'version': 'v3.2'}
2026-09-01 16:53:27,939 - INFO - Resolved active expiry from DB: 26SEP (2026-09-29)
2026-09-01 16:53:28,843 - INFO - Retrieved live premium from Fyers API: LTP=888.0 for NSE:BANKNIFTY26SEP57300CE
2026-09-01 16:53:28,843 - INFO - Resolved index signal into option contract: OptionContract(symbol='NSE:BANKNIFTY26SEP57300CE', strike=57300.0, expiry='26SEP', option_type='CE', premium=888.0, delta=0.5, bid=880.1, ask=889.0, volume=891660, resolved_at=datetime.datetime(2026, 9, 1, 16, 53, 28, 843890))
2026-09-01 16:53:28,843 - INFO - ⚡ Option strike selection resolved index signal to contract NSE:BANKNIFTY26SEP57300CE @ premium 888.0 (type: CE, strike: 57300.0)
2026-09-01 16:53:28,844 - INFO - 📊 EXECUTION AUDIT [STRIKE_SELECTED]: trade_id=None, candidate_id=cand_NSE_NIFTYBANK_INDEX_BREAKOUT_57289.00_20260901_151500_Structural_v3.2_RVOL0.8, payload={'symbol': 'NSE:BANKNIFTY26SEP57300CE', 'strike': 57300.0, 'expiry': '26SEP', 'type': 'CE'}
2026-09-01 16:53:28,869 - INFO - 📊 EXECUTION AUDIT [PREMIUM_RETRIEVED]: trade_id=None, candidate_id=cand_NSE_NIFTYBANK_INDEX_BREAKOUT_57289.00_20260901_151500_Structural_v3.2_RVOL0.8, payload={'premium': 888.0, 'bid': 880.1, 'ask': 889.0}
2026-09-01 16:53:28,885 - INFO - 📊 EXECUTION AUDIT [CF_SUBMITTED]: trade_id=None, candidate_id=cand_NSE_NIFTYBANK_INDEX_BREAKOUT_57289.00_20260901_151500_Structural_v3.2_RVOL0.8, payload={'price': 57264.15, 'sl': 57239.62857142857, 'tp': 57509.36428571429}
2026-09-01 16:53:28,900 - INFO - 📊 EXECUTION AUDIT [CF_FILLED]: trade_id=None, candidate_id=cand_NSE_NIFTYBANK_INDEX_BREAKOUT_57289.00_20260901_151500_Structural_v3.2_RVOL0.8, payload={'price': 57264.15, 'sl': 57239.62857142857, 'tp': 57509.36428571429}
2026-09-01 16:53:28,912 - INFO - 💰 Position size [BREAKOUT|GAP_UP_NORMAL|conf=70]: frac=0.003 → ₹5,000 (risk/unit=0.04%)
2026-09-01 16:53:28,940 - INFO - 🟢 ENTRY [CF|Structural_v3.2_RVOL0.8|uctural_v3.2_RVOL0.8]: NSE:NIFTYBANK-INDEX BUY CALL @ 57264.15 | SL: 57239.63 TP: 57509.36
2026-09-01 16:53:28,940 - INFO - ⚡ [Structural_v3.3_ExitMgmt] warnings: ['VERY_LOW_RVOL:0.41']
2026-09-01 16:53:28,940 - INFO - 👻 [Structural_v3.3_ExitMgmt] CF BREAKOUT NSE:NIFTYBANK-INDEX BUY CALL | Rejected: ['LOW_RVOL', 'BIAS_MISMATCH', 'LOW_EFFICIENCY', 'HIGH_WICKINESS']
2026-09-01 16:53:28,940 - INFO - 📊 EXECUTION AUDIT [SIGNAL_GENERATED]: trade_id=None, candidate_id=cand_NSE_NIFTYBANK_INDEX_BREAKOUT_57289.00_20260901_151500_Structural_v3.3_ExitMgmt, payload={'symbol': 'NSE:NIFTYBANK-INDEX', 'signal': 'BUY CALL', 'strategy': 'BREAKOUT', 'price': 57264.15, 'stop_loss': 57239.62857142857, 'take_profit': 57509.36428571429, 'tp1': 57300.93214285715, 'rr_ratio': 10.0, 'timestamp': '2026-09-01T15:15:00+05:30', 'accepted': False, 'rejection_reasons': ['LOW_RVOL', 'BIAS_MISMATCH', 'LOW_EFFICIENCY', 'HIGH_WICKINESS'], 'features': {'date': '2026-09-01', 'strategy_name': 'Structural_v3', 'strategy_version': 'v3.2', 'feature_version': 'v1.1', 'market_regime': 'GAP_UP_NORMAL', 'day_type': 'NORMAL_DAY', 'session_type': 'CLOSE', 'daily_bias': 'NEUTRAL', 'hourly_bias': 'NEUTRAL', 'trend_strength': 0.0, 'rvol': 0.41, 'rvol_threshold': 1.0, 'atr': 49.04, 'distance_from_supply': 746.98, 'distance_from_demand': 36.62, 'nearest_supply_strength': 81.4, 'nearest_demand_strength': 69.7, 'distance_to_liquidity_pool': 36.61666666666861, 'liquidity_score': 4.1, 'indicator_snapshot': {'rvol_tod': 0.41, 'is_compressed': False, 'bos_count': 0}, 'move_efficiency': 0.145, 'wickiness': 0.7737, 'fft_score': 0.0, 'setup_type': 'BREAKOUT', 'candidate_id': 'cand_NSE_NIFTYBANK_INDEX_BREAKOUT_57289.00_20260901_151500', 'ema20': 57279.41, 'ema50': 57367.75, 'move_efficiency_h1': 0.3665, 'ema_bullish': False, 'rsi14': 76.7, 'rsi2': 50.0, 'distance_to_vwap': -0.0023, 'atr_percentile': 0.6215, 'dist_prev_high': -0.0036, 'dist_prev_low': 0.0004, 'adx': 40.17, 'adx_slope': -1.3135, 'gap_pct': 0.0045, 'regime_primary': 'GAP_UP', 'regime_vol_state': 'NORMAL'}, 'candidate_id': 'cand_NSE_NIFTYBANK_INDEX_BREAKOUT_57289.00_20260901_151500_Structural_v3.3_ExitMgmt', 'experiment_name': 'Structural_v3.3_ExitMgmt', 'strategy_id': 'structural', 'version': 'v3.2'}
2026-09-01 16:53:28,964 - INFO - Resolved active expiry from DB: 26SEP (2026-09-29)
2026-09-01 16:53:29,877 - INFO - Retrieved live premium from Fyers API: LTP=888.0 for NSE:BANKNIFTY26SEP57300CE
2026-09-01 16:53:29,877 - INFO - Resolved index signal into option contract: OptionContract(symbol='NSE:BANKNIFTY26SEP57300CE', strike=57300.0, expiry='26SEP', option_type='CE', premium=888.0, delta=0.5, bid=880.1, ask=889.0, volume=891660, resolved_at=datetime.datetime(2026, 9, 1, 16, 53, 29, 877801))
2026-09-01 16:53:29,878 - INFO - ⚡ Option strike selection resolved index signal to contract NSE:BANKNIFTY26SEP57300CE @ premium 888.0 (type: CE, strike: 57300.0)
2026-09-01 16:53:29,878 - INFO - 📊 EXECUTION AUDIT [STRIKE_SELECTED]: trade_id=None, candidate_id=cand_NSE_NIFTYBANK_INDEX_BREAKOUT_57289.00_20260901_151500_Structural_v3.3_ExitMgmt, payload={'symbol': 'NSE:BANKNIFTY26SEP57300CE', 'strike': 57300.0, 'expiry': '26SEP', 'type': 'CE'}
2026-09-01 16:53:29,910 - INFO - 📊 EXECUTION AUDIT [PREMIUM_RETRIEVED]: trade_id=None, candidate_id=cand_NSE_NIFTYBANK_INDEX_BREAKOUT_57289.00_20260901_151500_Structural_v3.3_ExitMgmt, payload={'premium': 888.0, 'bid': 880.1, 'ask': 889.0}
2026-09-01 16:53:29,932 - INFO - 📊 EXECUTION AUDIT [CF_SUBMITTED]: trade_id=None, candidate_id=cand_NSE_NIFTYBANK_INDEX_BREAKOUT_57289.00_20260901_151500_Structural_v3.3_ExitMgmt, payload={'price': 57264.15, 'sl': 57239.62857142857, 'tp': 57509.36428571429}
2026-09-01 16:53:29,951 - INFO - 📊 EXECUTION AUDIT [CF_FILLED]: trade_id=None, candidate_id=cand_NSE_NIFTYBANK_INDEX_BREAKOUT_57289.00_20260901_151500_Structural_v3.3_ExitMgmt, payload={'price': 57264.15, 'sl': 57239.62857142857, 'tp': 57509.36428571429}
2026-09-01 16:53:29,969 - INFO - 💰 Position size [BREAKOUT|GAP_UP_NORMAL|conf=70]: frac=0.003 → ₹5,000 (risk/unit=0.04%)
2026-09-01 16:53:30,004 - INFO - 🟢 ENTRY [CF|Structural_v3.3_ExitMgmt|ctural_v3.3_ExitMgmt]: NSE:NIFTYBANK-INDEX BUY CALL @ 57264.15 | SL: 57239.63 TP: 57509.36
2026-09-01 16:53:30,004 - WARNING - ⚡ [CreditSpread_v1.0_PCRFade] errors: ['OPTIONS_DATA_STALE']
2026-09-01 16:53:30,004 - WARNING - ⚡ [OIWallReaction_v1.0] errors: ['OPTIONS_DATA_STALE']
2026-09-01 16:53:30,004 - WARNING - ⚡ [PCRExtremeReversal_v1.0] errors: ['OPTIONS_DATA_STALE']
2026-09-01 16:53:30,004 - INFO - 👻 [Butterfly_v1.0] CF COMBO BUTTERFLY_SPREAD NSE:NIFTYBANK-INDEX BUTTERFLY_SPREAD | Rejected: ['LATE_SESSION', 'COOLDOWN_AFTER_LOSS']
2026-09-01 16:53:30,019 - INFO - Resolved active expiry from DB: 26SEP (2026-09-29)
2026-09-01 16:53:30,879 - INFO - Retrieved live premium from Fyers API: LTP=1010.9 for NSE:BANKNIFTY26SEP57100CE
2026-09-01 16:53:31,886 - INFO - Retrieved live premium from Fyers API: LTP=888.0 for NSE:BANKNIFTY26SEP57300CE
2026-09-01 16:53:32,877 - INFO - Retrieved live premium from Fyers API: LTP=888.0 for NSE:BANKNIFTY26SEP57300CE
2026-09-01 16:53:33,881 - INFO - Retrieved live premium from Fyers API: LTP=760.0 for NSE:BANKNIFTY26SEP57500CE
2026-09-01 16:53:33,881 - INFO - Resolved BUTTERFLY_SPREAD for NSE:NIFTYBANK-INDEX: [('CE', 'BUY', 57100.0), ('CE', 'SELL', 57300.0), ('CE', 'SELL', 57300.0), ('CE', 'BUY', 57500.0)] net_premium=24.80 max_loss=24.80
2026-09-01 16:53:33,923 - INFO - 🟢 CF COMBO ENTRY [Butterfly_v1.0|50706_Butterfly_v1.0]: NSE:NIFTYBANK-INDEX BUTTERFLY_SPREAD | Net premium: 24.80 | Max loss: 24.80
2026-09-01 16:53:33,924 - WARNING - ⚡ [OI_Scalping_v1.0] errors: ['INSUFFICIENT_OI_DATA']
2026-09-01 17:09:27,543 - INFO - 🔔 [New Candle Closed] Running entry pipeline for candle 17:05 at 17:09:27...
2026-09-01 17:44:07,903 - INFO - 🔔 [New Candle Closed] Running entry pipeline for candle 17:40 at 17:44:07...
2026-09-01 17:54:25,072 - INFO - 🔔 [New Candle Closed] Running entry pipeline for candle 17:50 at 17:54:25...
2026-09-01 18:10:48,407 - INFO - 🔔 [New Candle Closed] Running entry pipeline for candle 18:10 at 18:10:48...
2026-09-01 18:45:12,640 - INFO - 🔔 [New Candle Closed] Running entry pipeline for candle 18:45 at 18:45:12...
2026-09-01 19:12:48,515 - INFO - 🔔 [New Candle Closed] Running entry pipeline for candle 19:10 at 19:12:48...
2026-09-01 19:43:44,659 - INFO - 🔔 [New Candle Closed] Running entry pipeline for candle 19:40 at 19:43:44...
2026-09-01 20:12:55,839 - INFO - 🔔 [New Candle Closed] Running entry pipeline for candle 20:10 at 20:12:55...
