2026-09-03 09:17:06,112 - INFO - 🔑 Loaded access token from local JSON cache: /Users/kashishbaggafeast/Desktop/Bot/tokens/token_2026-09-03.json
2026-09-03 09:17:06,241 - INFO - ✅ Fyers client initialized successfully
2026-09-03 09:17:06,289 - INFO - ✅ PostgreSQL tables and migrations checked/initialized
2026-09-03 09:17:06,300 - INFO - ✅ Option snapshots & audits converted to hypertables, indexes generated
2026-09-03 09:17:06,338 - INFO - ✅ PostgreSQL / TimescaleDB fully initialized
2026-09-03 09:17:06,339 - INFO - 🔑 Loaded access token from local JSON cache: /Users/kashishbaggafeast/Desktop/Bot/tokens/token_2026-09-03.json
2026-09-03 09:17:06,447 - INFO - ✅ Fyers client initialized successfully
2026-09-03 09:17:06,448 - INFO - 📡 Option warehouse started in background thread (real OI capture)
2026-09-03 09:17:06,448 - INFO - 🚀 Option Warehouse (real OI) started for: ['NSE:NIFTY50-INDEX', 'NSE:NIFTYBANK-INDEX']  (interval=60s, depth=5 strikes)
2026-09-03 09:17:06,449 - INFO - [PreMarketCollector] Started
2026-09-03 09:17:06,449 - INFO - 🌅 Pre-market collector started in background thread
2026-09-03 09:17:06,451 - INFO - 🔑 Loaded access token from local JSON cache: /Users/kashishbaggafeast/Desktop/Bot/tokens/token_2026-09-03.json
2026-09-03 09:17:06,481 - INFO - ✅ TimeOfDayEngine initialized with 75 slots.
2026-09-03 09:17:06,481 - INFO - ✅ TimeOfDayEngine initialized with 75 slots.
2026-09-03 09:17:06,481 - INFO - 🏛️ Structural Decision Engine initialized | Phase 3.2 (Final Polish) Active
2026-09-03 09:17:06,481 - INFO - 🏛️ StructuralStrategy initialized [rvol>=1.0, zone_score>=50.0]
2026-09-03 09:17:06,536 - INFO - 📋 Registered experiment: Structural_v3.2_RVOL1.0 [structural@v3.2] hash=e94c3fcc1fbc618d git=c282b82
2026-09-03 09:17:06,548 - INFO - 🏛️ Structural Decision Engine initialized | Phase 3.2 (Final Polish) Active
2026-09-03 09:17:06,548 - INFO - 🏛️ StructuralStrategy initialized [rvol>=0.8, zone_score>=50.0]
2026-09-03 09:17:06,561 - INFO - 📋 Registered experiment: Structural_v3.2_RVOL0.8 [structural@v3.2] hash=40874fb174f2baa6 git=c282b82
2026-09-03 09:17:06,561 - INFO - 🏛️ Structural Decision Engine initialized | Phase 3.2 (Final Polish) Active
2026-09-03 09:17:06,561 - INFO - 🏛️ StructuralStrategy initialized [rvol>=1.0, zone_score>=50.0]
2026-09-03 09:17:06,575 - INFO - 📋 Registered experiment: Structural_v3.3_ExitMgmt [structural@v3.2] hash=e1769b03d05cde8f git=c282b82
2026-09-03 09:17:06,583 - INFO - 📋 Registered experiment: EMA_Pullback_20_50_RVOL0.5 [ema_pullback@v1.0] hash=5a4bec1b92d6a585 git=c282b82
2026-09-03 09:17:06,592 - INFO - 📋 Registered experiment: VWAP_Reversion_1.5ATR_RVOL1.0 [vwap_reversion@v1.0] hash=3d6d96cb21ff71cd git=c282b82
2026-09-03 09:17:06,600 - INFO - 📋 Registered experiment: PrevDay_Extremes_RVOL1.2 [prev_day_extremes@v1.0] hash=952708070530c475 git=c282b82
2026-09-03 09:17:06,603 - INFO - ✅ Fyers client initialized successfully
2026-09-03 09:17:06,612 - INFO - 📋 Registered experiment: ATR_Squeeze_RVOL1.5 [atr_squeeze@v1.0] hash=a7e6c9da59c6194f git=c282b82
2026-09-03 09:17:06,612 - INFO - 📐 GeometryStrategy initialized [score>=35.0, tol=0.2%, RR>=1.5, trendline_break=True]
2026-09-03 09:17:06,622 - INFO - 📋 Registered experiment: Geometry_v1.0_Score35 [geometry@v1.0] hash=b459af5a6ce8e15c git=c282b82
2026-09-03 09:17:06,622 - INFO - 📐 GeometryStrategy initialized [score>=50.0, tol=0.2%, RR>=1.8, trendline_break=True]
2026-09-03 09:17:06,631 - INFO - 📋 Registered experiment: Geometry_v1.0_Score50 [geometry@v1.0] hash=431ce308e16d5c85 git=c282b82
2026-09-03 09:17:06,631 - INFO - 💧 OrderFlowStrategy initialized [sweep>=0.6, imbalance>=0.55]
2026-09-03 09:17:06,639 - INFO - 📋 Registered experiment: OrderFlow_v1.0 [order_flow@v1.0] hash=be581b5e26fdcef5 git=c282b82
2026-09-03 09:17:06,647 - INFO - 📋 Registered experiment: VWAP_Reclaim_v1.0 [vwap_reclaim@v1.0] hash=5b56271e96b1fee9 git=c282b82
2026-09-03 09:17:06,654 - INFO - 📋 Registered experiment: CPR_v1.0 [cpr@v1.0] hash=0d2ee99831362dc3 git=c282b82
2026-09-03 09:17:06,662 - INFO - 📋 Registered experiment: GapRegime_v2.0 [gap@v2.0] hash=e1db9a178e20acab git=c282b82
2026-09-03 09:17:06,669 - INFO - 📋 Registered experiment: ORB_60m_IB_RVOL1.2 [orb@v1.0] hash=fb43c099fbb7b444 git=c282b82
2026-09-03 09:17:06,676 - INFO - 📋 Registered experiment: VerticalSpread_v1.0 [vertical_spread@v1.0] hash=ebcc2ee58dde4134 git=c282b82
2026-09-03 09:17:06,682 - INFO - 📋 Registered experiment: Straddle_v1.0_VolCompression [straddle_strangle@v1.0] hash=5f6294f74dfd83c4 git=c282b82
2026-09-03 09:17:06,689 - INFO - 📋 Registered experiment: Strangle_v1.0_VolCompression [straddle_strangle@v1.0] hash=f9e42ca23b1aa8eb git=c282b82
2026-09-03 09:17:06,696 - INFO - 📋 Registered experiment: CreditSpread_v1.0_PCRFade [credit_spread@v1.0] hash=28f34815d97f20bf git=c282b82
2026-09-03 09:17:06,696 - INFO - 🧱 OIWallReactionStrategy initialized [breakout_rvol>=1.3, RR>=1.5]
2026-09-03 09:17:06,702 - INFO - 📋 Registered experiment: OIWallReaction_v1.0 [oi_wall_reaction@v1.0] hash=526ec437e2cc75d7 git=c282b82
2026-09-03 09:17:06,703 - INFO - 🔄 PCRExtremeReversalStrategy initialized [zone_score>=40.0, RR>=1.5]
2026-09-03 09:17:06,714 - INFO - 📋 Registered experiment: PCRExtremeReversal_v1.0 [pcr_extreme_reversal@v1.0] hash=9abdaaa8dd3a448c git=c282b82
2026-09-03 09:17:06,722 - INFO - 📋 Registered experiment: IronCondor_v1.0 [iron_condor@v1.0] hash=d7485d3f6100b041 git=c282b82
2026-09-03 09:17:06,729 - INFO - 📋 Registered experiment: Butterfly_v1.0 [butterfly@v1.0] hash=f5ba21b7b93fb04a git=c282b82
2026-09-03 09:17:06,736 - INFO - 📋 Registered experiment: IronButterfly_v1.0 [iron_butterfly@v1.0] hash=dccda407150f7815 git=c282b82
2026-09-03 09:17:06,744 - INFO - 📋 Registered experiment: OI_Scalping_v1.0 [oi_scalping@v1.0] hash=914bd729f0ba1e61 git=c282b82
2026-09-03 09:17:06,750 - INFO - [PreMarketCollector] NSE:NIFTY50-INDEX prev OHLC: {'pdh': 23914.45, 'pdl': 23786.8, 'prev_close': 23914.45}
2026-09-03 09:17:06,753 - INFO - 📋 Registered experiment: Consolidation_Breakout_v1.0 [consolidation_breakout@v1.0] hash=04b6e8359925fde8 git=c282b82
2026-09-03 09:17:06,761 - INFO - 📋 Registered experiment: Consolidation_Breakout_Tight_v1.0 [consolidation_breakout@v1.0] hash=7582782e4da6d9c7 git=c282b82
2026-09-03 09:17:06,770 - INFO - 📋 Registered experiment: RSI2_MeanReversion_v1.0 [rsi2_mean_reversion@v1.0] hash=53f7fa4994f8b458 git=c282b82
2026-09-03 09:17:06,778 - INFO - 📋 Registered experiment: ExpiryAwareTheta_v1.0 [expiry_aware_theta@v1.0] hash=f74844b7423269a9 git=c282b82
2026-09-03 09:17:06,785 - INFO - 📋 Registered experiment: RelativeValue_NIFTY_BANKNIFTY_v1.0 [relative_value_nifty_banknifty@v1.0] hash=53beca865e66d404 git=c282b82
2026-09-03 09:17:06,793 - INFO - 📋 Registered experiment: MomentumBurst_5m_v1.0_RVOL2.0 [momentum_burst_5m@v1.0] hash=dc95c8f6a7f2479d git=c282b82
2026-09-03 09:17:06,800 - INFO - 📋 Registered experiment: HtfPullback_v1.0_Tol0.6pct [htf_pullback_reversal@v1.0] hash=9318c6fd8f9c8b62 git=c282b82
2026-09-03 09:17:06,813 - INFO - 📋 Experiment saved: Structural_v3.2_RVOL1.0 [hash=e94c3fcc1fbc618d git=c282b82]
2026-09-03 09:17:06,824 - INFO - 📋 Experiment saved: Structural_v3.2_RVOL0.8 [hash=40874fb174f2baa6 git=c282b82]
2026-09-03 09:17:06,837 - INFO - 📋 Experiment saved: Structural_v3.3_ExitMgmt [hash=e1769b03d05cde8f git=c282b82]
2026-09-03 09:17:06,848 - INFO - 📋 Experiment saved: EMA_Pullback_20_50_RVOL0.5 [hash=5a4bec1b92d6a585 git=c282b82]
2026-09-03 09:17:06,858 - INFO - 📋 Experiment saved: VWAP_Reversion_1.5ATR_RVOL1.0 [hash=3d6d96cb21ff71cd git=c282b82]
2026-09-03 09:17:06,869 - INFO - 📋 Experiment saved: PrevDay_Extremes_RVOL1.2 [hash=952708070530c475 git=c282b82]
2026-09-03 09:17:06,879 - INFO - 📋 Experiment saved: ATR_Squeeze_RVOL1.5 [hash=a7e6c9da59c6194f git=c282b82]
2026-09-03 09:17:06,889 - INFO - 📋 Experiment saved: Geometry_v1.0_Score35 [hash=b459af5a6ce8e15c git=c282b82]
2026-09-03 09:17:06,900 - INFO - 📋 Experiment saved: Geometry_v1.0_Score50 [hash=431ce308e16d5c85 git=c282b82]
2026-09-03 09:17:06,910 - INFO - 📋 Experiment saved: OrderFlow_v1.0 [hash=be581b5e26fdcef5 git=c282b82]
2026-09-03 09:17:06,920 - INFO - 📋 Experiment saved: VWAP_Reclaim_v1.0 [hash=5b56271e96b1fee9 git=c282b82]
2026-09-03 09:17:06,929 - INFO - 📋 Experiment saved: CPR_v1.0 [hash=0d2ee99831362dc3 git=c282b82]
2026-09-03 09:17:06,939 - INFO - 📋 Experiment saved: GapRegime_v2.0 [hash=e1db9a178e20acab git=c282b82]
2026-09-03 09:17:06,948 - INFO - 📋 Experiment saved: ORB_60m_IB_RVOL1.2 [hash=fb43c099fbb7b444 git=c282b82]
2026-09-03 09:17:06,959 - INFO - 📋 Experiment saved: VerticalSpread_v1.0 [hash=ebcc2ee58dde4134 git=c282b82]
2026-09-03 09:17:06,969 - INFO - 📋 Experiment saved: Straddle_v1.0_VolCompression [hash=5f6294f74dfd83c4 git=c282b82]
2026-09-03 09:17:06,978 - INFO - 📋 Experiment saved: Strangle_v1.0_VolCompression [hash=f9e42ca23b1aa8eb git=c282b82]
2026-09-03 09:17:06,989 - INFO - 📋 Experiment saved: CreditSpread_v1.0_PCRFade [hash=28f34815d97f20bf git=c282b82]
2026-09-03 09:17:06,999 - INFO - 📋 Experiment saved: OIWallReaction_v1.0 [hash=526ec437e2cc75d7 git=c282b82]
2026-09-03 09:17:07,009 - INFO - 📋 Experiment saved: PCRExtremeReversal_v1.0 [hash=9abdaaa8dd3a448c git=c282b82]
2026-09-03 09:17:07,019 - INFO - 📋 Experiment saved: IronCondor_v1.0 [hash=d7485d3f6100b041 git=c282b82]
2026-09-03 09:17:07,028 - INFO - 📋 Experiment saved: Butterfly_v1.0 [hash=f5ba21b7b93fb04a git=c282b82]
2026-09-03 09:17:07,038 - INFO - 📋 Experiment saved: IronButterfly_v1.0 [hash=dccda407150f7815 git=c282b82]
2026-09-03 09:17:07,047 - INFO - 📋 Experiment saved: OI_Scalping_v1.0 [hash=914bd729f0ba1e61 git=c282b82]
2026-09-03 09:17:07,058 - INFO - 📋 Experiment saved: Consolidation_Breakout_v1.0 [hash=04b6e8359925fde8 git=c282b82]
2026-09-03 09:17:07,067 - INFO - 📋 Experiment saved: Consolidation_Breakout_Tight_v1.0 [hash=7582782e4da6d9c7 git=c282b82]
2026-09-03 09:17:07,079 - INFO - 📋 Experiment saved: RSI2_MeanReversion_v1.0 [hash=53f7fa4994f8b458 git=c282b82]
2026-09-03 09:17:07,089 - INFO - 📋 Experiment saved: ExpiryAwareTheta_v1.0 [hash=f74844b7423269a9 git=c282b82]
2026-09-03 09:17:07,099 - INFO - 📋 Experiment saved: RelativeValue_NIFTY_BANKNIFTY_v1.0 [hash=53beca865e66d404 git=c282b82]
2026-09-03 09:17:07,109 - INFO - 📋 Experiment saved: MomentumBurst_5m_v1.0_RVOL2.0 [hash=dc95c8f6a7f2479d git=c282b82]
2026-09-03 09:17:07,120 - INFO - 📋 Experiment saved: HtfPullback_v1.0_Tol0.6pct [hash=9318c6fd8f9c8b62 git=c282b82]
2026-09-03 09:17:07,195 - INFO - 🏛️ Structural Paper Trader Initialized | Active Position Tracking Enabled
2026-09-03 09:17:07,195 - INFO - ⏱️ Aligning scheduler to 30-second grid offset by 5s. Sleeping 28s until 09:17:35 IST...
2026-09-03 09:17:07,558 - INFO - 📡 Fetching NSE:NIFTY50-INDEX @ 23983  expiry=26908  strikes=ATM±5
2026-09-03 09:17:07,766 - INFO - [PreMarketCollector] NSE:NIFTYBANK-INDEX prev OHLC: {'pdh': 57221.1, 'pdl': 56823.2, 'prev_close': 57172.0}
2026-09-03 09:17:07,767 - WARNING - [PreMarketCollector] NSE:NIFTY50-INDEX — no indicative price captured; is_available=False
2026-09-03 09:17:07,767 - WARNING - [PreMarketCollector] NSE:NIFTYBANK-INDEX — no indicative price captured; is_available=False
2026-09-03 09:17:07,767 - INFO - [PreMarketCollector] Sleeping 172s until 09:20 IST (opening data)
2026-09-03 09:17:35,200 - INFO - ⏱️ Scheduler aligned and running. Evaluating positions every 30s, signals on new completed M5 candles.
2026-09-03 09:17:35,201 - INFO - 🔔 [Initial Run] Running full market loop at 09:17:35...
2026-09-03 09:17:35,201 - INFO - --- 09:17:35 Market Pulse ---
2026-09-03 09:17:37,133 - INFO - 📊 Saved 22 snapshots for NSE:NIFTY50-INDEX  (oi range: 352,170–9,807,980)
2026-09-03 09:17:39,224 - INFO - 📡 Fetching NSE:NIFTYBANK-INDEX @ 57649  expiry=26SEP  strikes=ATM±5
2026-09-03 09:17:42,843 - INFO - ⚡ [Structural_v3.2_RVOL1.0] warnings: ['VERY_LOW_RVOL:0.09']
2026-09-03 09:17:42,857 - INFO - ⚡ [Structural_v3.2_RVOL0.8] warnings: ['VERY_LOW_RVOL:0.09']
2026-09-03 09:17:42,872 - INFO - ⚡ [Structural_v3.3_ExitMgmt] warnings: ['VERY_LOW_RVOL:0.09']
2026-09-03 09:17:42,875 - WARNING - ⚡ [OI_Scalping_v1.0] errors: ['INSUFFICIENT_ATM_DATA'] (0.0ms)
2026-09-03 09:17:42,888 - INFO - Resolved active expiry from DB: 26908 (2026-09-08)
2026-09-03 09:17:42,889 - INFO - ⚡ [Structural_v3.2_RVOL1.0] warnings: ['VERY_LOW_RVOL:0.09']
2026-09-03 09:17:42,889 - INFO - ⚡ [Structural_v3.2_RVOL0.8] warnings: ['VERY_LOW_RVOL:0.09']
2026-09-03 09:17:42,889 - INFO - ⚡ [Structural_v3.3_ExitMgmt] warnings: ['VERY_LOW_RVOL:0.09']
2026-09-03 09:17:42,889 - INFO - 👻 [VerticalSpread_v1.0] CF COMBO BULL_CALL_SPREAD NSE:NIFTY50-INDEX BULL_CALL_SPREAD | Rejected: ['LOW_RVOL', 'LOW_EFFICIENCY']
2026-09-03 09:17:42,899 - INFO - Resolved active expiry from DB: 26908 (2026-09-08)
2026-09-03 09:17:42,924 - INFO - Resolved BULL_CALL_SPREAD for NSE:NIFTY50-INDEX: [('CE', 'BUY', 23900.0), ('CE', 'SELL', 24000.0)] net_premium=63.35 max_loss=63.35
2026-09-03 09:17:42,945 - INFO - 🟢 CF COMBO ENTRY [VerticalSpread_v1.0|_VerticalSpread_v1.0]: NSE:NIFTY50-INDEX BULL_CALL_SPREAD | Net premium: 63.35 | Max loss: 63.35
2026-09-03 09:17:42,945 - INFO - 👻 [Straddle_v1.0_VolCompression] CF COMBO LONG_STRADDLE NSE:NIFTY50-INDEX LONG_STRADDLE | Rejected: ['NO_COMPRESSION:0.58']
2026-09-03 09:17:42,955 - INFO - Resolved active expiry from DB: 26908 (2026-09-08)
2026-09-03 09:17:42,980 - INFO - Resolved LONG_STRADDLE for NSE:NIFTY50-INDEX: [('CE', 'BUY', 23900.0), ('PE', 'BUY', 23900.0)] net_premium=239.75 max_loss=239.75
2026-09-03 09:17:43,001 - INFO - 🟢 CF COMBO ENTRY [Straddle_v1.0_VolCompression|_v1.0_VolCompression]: NSE:NIFTY50-INDEX LONG_STRADDLE | Net premium: 239.75 | Max loss: 239.75
2026-09-03 09:17:43,001 - INFO - 👻 [Strangle_v1.0_VolCompression] CF COMBO LONG_STRANGLE NSE:NIFTY50-INDEX LONG_STRANGLE | Rejected: ['NO_COMPRESSION:0.58']
2026-09-03 09:17:43,016 - INFO - Resolved active expiry from DB: 26908 (2026-09-08)
2026-09-03 09:17:43,043 - INFO - Resolved LONG_STRANGLE for NSE:NIFTY50-INDEX: [('CE', 'BUY', 24000.0), ('PE', 'BUY', 23800.0)] net_premium=152.10 max_loss=152.10
2026-09-03 09:17:43,063 - INFO - 🟢 CF COMBO ENTRY [Strangle_v1.0_VolCompression|_v1.0_VolCompression]: NSE:NIFTY50-INDEX LONG_STRANGLE | Net premium: 152.10 | Max loss: 152.10
2026-09-03 09:17:43,063 - INFO - 🧭 [CreditSpread_v1.0_PCRFade] Regime router: NSE:NIFTY50-INDEX combo blocked from REAL capital (regime=GAP_DOWN_NORMAL) — routed to CF
2026-09-03 09:17:43,077 - INFO - Resolved active expiry from DB: 26908 (2026-09-08)
2026-09-03 09:17:43,104 - INFO - Resolved BEAR_CALL_SPREAD for NSE:NIFTY50-INDEX: [('CE', 'SELL', 23950.0), ('CE', 'BUY', 24050.0)] net_premium=-57.05 max_loss=42.95
2026-09-03 09:17:43,126 - INFO - 🟢 CF COMBO ENTRY [CreditSpread_v1.0_PCRFade|tSpread_v1.0_PCRFade]: NSE:NIFTY50-INDEX BEAR_CALL_SPREAD | Net premium: -57.05 | Max loss: 42.95
2026-09-03 09:17:43,126 - INFO - 🧭 [IronCondor_v1.0] Regime router: NSE:NIFTY50-INDEX combo blocked from REAL capital (regime=GAP_DOWN_NORMAL) — routed to CF
2026-09-03 09:17:43,137 - INFO - Resolved active expiry from DB: 26908 (2026-09-08)
2026-09-03 09:17:43,189 - INFO - Resolved IRON_CONDOR for NSE:NIFTY50-INDEX: [('PE', 'SELL', 23850.0), ('PE', 'BUY', 23750.0), ('CE', 'SELL', 23950.0), ('CE', 'BUY', 24050.0)] net_premium=-74.50 max_loss=25.50
2026-09-03 09:17:43,213 - INFO - 🟢 CF COMBO ENTRY [IronCondor_v1.0|1735_IronCondor_v1.0]: NSE:NIFTY50-INDEX IRON_CONDOR | Net premium: -74.50 | Max loss: 25.50
2026-09-03 09:17:43,213 - INFO - 🚀 COMBO SIGNAL: NSE:NIFTY50-INDEX BUTTERFLY_SPREAD | [Butterfly_v1.0]
2026-09-03 09:17:43,225 - INFO - Resolved active expiry from DB: 26908 (2026-09-08)
2026-09-03 09:17:43,277 - INFO - Resolved BUTTERFLY_SPREAD for NSE:NIFTY50-INDEX: [('CE', 'BUY', 23800.0), ('CE', 'SELL', 23900.0), ('CE', 'SELL', 23900.0), ('CE', 'BUY', 24000.0)] net_premium=18.15 max_loss=18.15
2026-09-03 09:17:43,277 - INFO - 💰 Combo lots [BUTTERFLY_SPREAD|GAP_DOWN_NORMAL|conf=1]: budget=₹188 / max_loss=18.15 → 10 lots
2026-09-03 09:17:43,299 - INFO - 🟢 COMBO ENTRY [Butterfly_v1.0|91735_Butterfly_v1.0]: NSE:NIFTY50-INDEX BUTTERFLY_SPREAD | Net premium: 18.15 | Max loss: 18.15
2026-09-03 09:17:43,299 - INFO - 🧭 [IronButterfly_v1.0] Regime router: NSE:NIFTY50-INDEX combo blocked from REAL capital (regime=GAP_DOWN_NORMAL) — routed to CF
2026-09-03 09:17:43,309 - INFO - Resolved active expiry from DB: 26908 (2026-09-08)
2026-09-03 09:17:43,433 - INFO - Retrieved live premium from Fyers API: LTP=20.25 for NSE:NIFTY2690823700PE
2026-09-03 09:17:43,452 - INFO - Resolved IRON_BUTTERFLY for NSE:NIFTY50-INDEX: [('PE', 'SELL', 23900.0), ('CE', 'SELL', 23900.0), ('PE', 'BUY', 23700.0), ('CE', 'BUY', 24100.0)] net_premium=-147.15 max_loss=52.85
2026-09-03 09:17:43,481 - INFO - 🟢 CF COMBO ENTRY [IronButterfly_v1.0|5_IronButterfly_v1.0]: NSE:NIFTY50-INDEX IRON_BUTTERFLY | Net premium: -147.15 | Max loss: 52.85
2026-09-03 09:17:43,481 - WARNING - ⚡ [OI_Scalping_v1.0] errors: ['INSUFFICIENT_ATM_DATA']
2026-09-03 09:17:43,481 - INFO - 🧭 [ExpiryAwareTheta_v1.0] Regime router: NSE:NIFTY50-INDEX combo blocked from REAL capital (regime=GAP_DOWN_NORMAL) — routed to CF
2026-09-03 09:17:43,496 - INFO - Resolved active expiry from DB: 26908 (2026-09-08)
2026-09-03 09:17:43,554 - INFO - Resolved IRON_CONDOR for NSE:NIFTY50-INDEX: [('PE', 'SELL', 23850.0), ('PE', 'BUY', 23750.0), ('CE', 'SELL', 23950.0), ('CE', 'BUY', 24050.0)] net_premium=-74.50 max_loss=25.50
2026-09-03 09:17:43,577 - INFO - 🟢 CF COMBO ENTRY [ExpiryAwareTheta_v1.0|xpiryAwareTheta_v1.0]: NSE:NIFTY50-INDEX IRON_CONDOR | Net premium: -74.50 | Max loss: 25.50
2026-09-03 09:17:44,959 - INFO - ⚡ [Structural_v3.2_RVOL1.0] warnings: ['VERY_LOW_RVOL:0.17']
2026-09-03 09:17:44,976 - INFO - ⚡ [Structural_v3.2_RVOL0.8] warnings: ['VERY_LOW_RVOL:0.17']
2026-09-03 09:17:44,992 - INFO - ⚡ [Structural_v3.3_ExitMgmt] warnings: ['VERY_LOW_RVOL:0.17']
2026-09-03 09:17:44,995 - WARNING - ⚡ [CreditSpread_v1.0_PCRFade] errors: ['OPTIONS_DATA_STALE'] (0.0ms)
2026-09-03 09:17:44,995 - WARNING - ⚡ [OIWallReaction_v1.0] errors: ['OPTIONS_DATA_STALE'] (0.0ms)
2026-09-03 09:17:44,995 - WARNING - ⚡ [PCRExtremeReversal_v1.0] errors: ['OPTIONS_DATA_STALE'] (0.0ms)
2026-09-03 09:17:44,995 - WARNING - ⚡ [OI_Scalping_v1.0] errors: ['INSUFFICIENT_OI_DATA'] (0.0ms)
2026-09-03 09:17:45,008 - WARNING - [ExpiryResolver] Both DB and API failed for NSE:NIFTYBANK-INDEX. Falling back to dynamically computed expiry: 26SEP (2026-09-29)
2026-09-03 09:17:45,009 - INFO - ⚡ [Structural_v3.2_RVOL1.0] warnings: ['VERY_LOW_RVOL:0.17']
2026-09-03 09:17:45,009 - INFO - 👻 [Structural_v3.2_RVOL1.0] CF BREAKOUT NSE:NIFTYBANK-INDEX BUY PUT | Rejected: ['LOW_RVOL', 'BIAS_MISMATCH', 'LOW_EFFICIENCY']
2026-09-03 09:17:45,009 - INFO - 📊 EXECUTION AUDIT [SIGNAL_GENERATED]: trade_id=None, candidate_id=cand_NSE_NIFTYBANK_INDEX_BREAKOUT_57023.95_20260902_152500_Structural_v3.2_RVOL1.0, payload={'symbol': 'NSE:NIFTYBANK-INDEX', 'signal': 'BUY PUT', 'strategy': 'BREAKOUT', 'price': 57172.0, 'stop_loss': 57194.15714285714, 'take_profit': 56950.42857142857, 'tp1': 57138.76428571429, 'rr_ratio': 10.0, 'timestamp': '2026-09-02T15:25:00+05:30', 'accepted': False, 'rejection_reasons': ['LOW_RVOL', 'BIAS_MISMATCH', 'LOW_EFFICIENCY'], 'features': {'date': '2026-09-02', 'strategy_name': 'Structural_v3', 'strategy_version': 'v3.2', 'feature_version': 'v1.1', 'market_regime': 'GAP_DOWN_NORMAL', 'day_type': 'NORMAL_DAY', 'session_type': 'CLOSE', 'daily_bias': 'NEUTRAL', 'hourly_bias': 'NEUTRAL', 'trend_strength': 0.0, 'rvol': 0.17, 'rvol_threshold': 1.0, 'atr': 44.31, 'distance_from_supply': 832.23, 'distance_from_demand': 348.8, 'nearest_supply_strength': 84.3, 'nearest_demand_strength': 83.5, 'distance_to_liquidity_pool': 348.8000000000029, 'liquidity_score': 1.7000000000000002, 'indicator_snapshot': {'rvol_tod': 0.17, 'is_compressed': False, 'bos_count': 0}, 'move_efficiency': 0.3487, 'wickiness': 0.2887, 'fft_score': 0.0, 'setup_type': 'BREAKOUT', 'candidate_id': 'cand_NSE_NIFTYBANK_INDEX_BREAKOUT_57023.95_20260902_152500', 'ema20': 57091.09, 'ema50': 57094.39, 'move_efficiency_h1': 0.1857, 'ema_bullish': False, 'rsi14': 57.16, 'rsi2': 50.0, 'distance_to_vwap': 0.0019, 'atr_percentile': 0.2406, 'dist_prev_high': -0.0085, 'dist_prev_low': -0.0051, 'adx': 13.71, 'adx_slope': 1.7158, 'gap_pct': -0.0113, 'regime_primary': 'GAP_DOWN', 'regime_vol_state': 'NORMAL'}, 'candidate_id': 'cand_NSE_NIFTYBANK_INDEX_BREAKOUT_57023.95_20260902_152500_Structural_v3.2_RVOL1.0', 'experiment_name': 'Structural_v3.2_RVOL1.0', 'strategy_id': 'structural', 'version': 'v3.2'}
2026-09-03 09:17:48,134 - INFO - Resolved active expiry from API: 26SEP
2026-09-03 09:17:49,135 - INFO - Retrieved live premium from Fyers API: LTP=398.35 for NSE:BANKNIFTY26SEP57200PE
2026-09-03 09:17:49,136 - INFO - Resolved index signal into option contract: OptionContract(symbol='NSE:BANKNIFTY26SEP57200PE', strike=57200.0, expiry='26SEP', option_type='PE', premium=398.35, delta=0.5, bid=395.3, ask=395.95, volume=38070, resolved_at=datetime.datetime(2026, 9, 3, 9, 17, 49, 136599))
2026-09-03 09:17:49,137 - INFO - ⚡ Option strike selection resolved index signal to contract NSE:BANKNIFTY26SEP57200PE @ premium 398.35 (type: PE, strike: 57200.0)
2026-09-03 09:17:49,137 - INFO - 📊 EXECUTION AUDIT [STRIKE_SELECTED]: trade_id=None, candidate_id=cand_NSE_NIFTYBANK_INDEX_BREAKOUT_57023.95_20260902_152500_Structural_v3.2_RVOL1.0, payload={'symbol': 'NSE:BANKNIFTY26SEP57200PE', 'strike': 57200.0, 'expiry': '26SEP', 'type': 'PE'}
2026-09-03 09:17:49,173 - INFO - 📊 EXECUTION AUDIT [PREMIUM_RETRIEVED]: trade_id=None, candidate_id=cand_NSE_NIFTYBANK_INDEX_BREAKOUT_57023.95_20260902_152500_Structural_v3.2_RVOL1.0, payload={'premium': 398.35, 'bid': 395.3, 'ask': 395.95}
2026-09-03 09:17:49,193 - INFO - 📊 EXECUTION AUDIT [CF_SUBMITTED]: trade_id=None, candidate_id=cand_NSE_NIFTYBANK_INDEX_BREAKOUT_57023.95_20260902_152500_Structural_v3.2_RVOL1.0, payload={'price': 57172.0, 'sl': 57194.15714285714, 'tp': 56950.42857142857}
2026-09-03 09:17:49,208 - INFO - 📊 EXECUTION AUDIT [CF_FILLED]: trade_id=None, candidate_id=cand_NSE_NIFTYBANK_INDEX_BREAKOUT_57023.95_20260902_152500_Structural_v3.2_RVOL1.0, payload={'price': 57172.0, 'sl': 57194.15714285714, 'tp': 56950.42857142857}
2026-09-03 09:17:49,223 - INFO - 💰 Position size [BREAKOUT|GAP_DOWN_NORMAL|conf=70]: frac=0.003 → ₹5,000 (risk/unit=0.04%)
2026-09-03 09:17:49,276 - INFO - 🟢 ENTRY [CF|Structural_v3.2_RVOL1.0|uctural_v3.2_RVOL1.0]: NSE:NIFTYBANK-INDEX BUY PUT @ 57172.00 | SL: 57194.16 TP: 56950.43
2026-09-03 09:17:49,276 - INFO - ⚡ [Structural_v3.2_RVOL0.8] warnings: ['VERY_LOW_RVOL:0.17']
2026-09-03 09:17:49,276 - INFO - 👻 [Structural_v3.2_RVOL0.8] CF BREAKOUT NSE:NIFTYBANK-INDEX BUY PUT | Rejected: ['LOW_RVOL', 'BIAS_MISMATCH', 'LOW_EFFICIENCY']
2026-09-03 09:17:49,277 - INFO - 📊 EXECUTION AUDIT [SIGNAL_GENERATED]: trade_id=None, candidate_id=cand_NSE_NIFTYBANK_INDEX_BREAKOUT_57023.95_20260902_152500_Structural_v3.2_RVOL0.8, payload={'symbol': 'NSE:NIFTYBANK-INDEX', 'signal': 'BUY PUT', 'strategy': 'BREAKOUT', 'price': 57172.0, 'stop_loss': 57194.15714285714, 'take_profit': 56950.42857142857, 'tp1': 57138.76428571429, 'rr_ratio': 10.0, 'timestamp': '2026-09-02T15:25:00+05:30', 'accepted': False, 'rejection_reasons': ['LOW_RVOL', 'BIAS_MISMATCH', 'LOW_EFFICIENCY'], 'features': {'date': '2026-09-02', 'strategy_name': 'Structural_v3', 'strategy_version': 'v3.2', 'feature_version': 'v1.1', 'market_regime': 'GAP_DOWN_NORMAL', 'day_type': 'NORMAL_DAY', 'session_type': 'CLOSE', 'daily_bias': 'NEUTRAL', 'hourly_bias': 'NEUTRAL', 'trend_strength': 0.0, 'rvol': 0.17, 'rvol_threshold': 0.8, 'atr': 44.31, 'distance_from_supply': 832.23, 'distance_from_demand': 348.8, 'nearest_supply_strength': 84.3, 'nearest_demand_strength': 83.5, 'distance_to_liquidity_pool': 348.8000000000029, 'liquidity_score': 1.7000000000000002, 'indicator_snapshot': {'rvol_tod': 0.17, 'is_compressed': False, 'bos_count': 0}, 'move_efficiency': 0.3487, 'wickiness': 0.2887, 'fft_score': 0.0, 'setup_type': 'BREAKOUT', 'candidate_id': 'cand_NSE_NIFTYBANK_INDEX_BREAKOUT_57023.95_20260902_152500', 'ema20': 57091.09, 'ema50': 57094.39, 'move_efficiency_h1': 0.1857, 'ema_bullish': False, 'rsi14': 57.16, 'rsi2': 50.0, 'distance_to_vwap': 0.0019, 'atr_percentile': 0.2406, 'dist_prev_high': -0.0085, 'dist_prev_low': -0.0051, 'adx': 13.71, 'adx_slope': 1.7158, 'gap_pct': -0.0113, 'regime_primary': 'GAP_DOWN', 'regime_vol_state': 'NORMAL'}, 'candidate_id': 'cand_NSE_NIFTYBANK_INDEX_BREAKOUT_57023.95_20260902_152500_Structural_v3.2_RVOL0.8', 'experiment_name': 'Structural_v3.2_RVOL0.8', 'strategy_id': 'structural', 'version': 'v3.2'}
2026-09-03 09:17:51,151 - INFO - Resolved active expiry from API: 26SEP
2026-09-03 09:17:52,148 - INFO - Retrieved live premium from Fyers API: LTP=403.55 for NSE:BANKNIFTY26SEP57200PE
2026-09-03 09:17:52,148 - INFO - Resolved index signal into option contract: OptionContract(symbol='NSE:BANKNIFTY26SEP57200PE', strike=57200.0, expiry='26SEP', option_type='PE', premium=403.55, delta=0.5, bid=401.45, ask=403.05, volume=38280, resolved_at=datetime.datetime(2026, 9, 3, 9, 17, 52, 148494))
2026-09-03 09:17:52,148 - INFO - ⚡ Option strike selection resolved index signal to contract NSE:BANKNIFTY26SEP57200PE @ premium 403.55 (type: PE, strike: 57200.0)
2026-09-03 09:17:52,148 - INFO - 📊 EXECUTION AUDIT [STRIKE_SELECTED]: trade_id=None, candidate_id=cand_NSE_NIFTYBANK_INDEX_BREAKOUT_57023.95_20260902_152500_Structural_v3.2_RVOL0.8, payload={'symbol': 'NSE:BANKNIFTY26SEP57200PE', 'strike': 57200.0, 'expiry': '26SEP', 'type': 'PE'}
2026-09-03 09:17:52,180 - INFO - 📊 EXECUTION AUDIT [PREMIUM_RETRIEVED]: trade_id=None, candidate_id=cand_NSE_NIFTYBANK_INDEX_BREAKOUT_57023.95_20260902_152500_Structural_v3.2_RVOL0.8, payload={'premium': 403.55, 'bid': 401.45, 'ask': 403.05}
2026-09-03 09:17:52,200 - INFO - 📊 EXECUTION AUDIT [CF_SUBMITTED]: trade_id=None, candidate_id=cand_NSE_NIFTYBANK_INDEX_BREAKOUT_57023.95_20260902_152500_Structural_v3.2_RVOL0.8, payload={'price': 57172.0, 'sl': 57194.15714285714, 'tp': 56950.42857142857}
2026-09-03 09:17:52,217 - INFO - 📊 EXECUTION AUDIT [CF_FILLED]: trade_id=None, candidate_id=cand_NSE_NIFTYBANK_INDEX_BREAKOUT_57023.95_20260902_152500_Structural_v3.2_RVOL0.8, payload={'price': 57172.0, 'sl': 57194.15714285714, 'tp': 56950.42857142857}
2026-09-03 09:17:52,231 - INFO - 💰 Position size [BREAKOUT|GAP_DOWN_NORMAL|conf=70]: frac=0.003 → ₹5,000 (risk/unit=0.04%)
2026-09-03 09:17:52,257 - INFO - 🟢 ENTRY [CF|Structural_v3.2_RVOL0.8|uctural_v3.2_RVOL0.8]: NSE:NIFTYBANK-INDEX BUY PUT @ 57172.00 | SL: 57194.16 TP: 56950.43
2026-09-03 09:17:52,257 - INFO - ⚡ [Structural_v3.3_ExitMgmt] warnings: ['VERY_LOW_RVOL:0.17']
2026-09-03 09:17:52,257 - INFO - 👻 [Structural_v3.3_ExitMgmt] CF BREAKOUT NSE:NIFTYBANK-INDEX BUY PUT | Rejected: ['LOW_RVOL', 'BIAS_MISMATCH', 'LOW_EFFICIENCY']
2026-09-03 09:17:52,257 - INFO - 📊 EXECUTION AUDIT [SIGNAL_GENERATED]: trade_id=None, candidate_id=cand_NSE_NIFTYBANK_INDEX_BREAKOUT_57023.95_20260902_152500_Structural_v3.3_ExitMgmt, payload={'symbol': 'NSE:NIFTYBANK-INDEX', 'signal': 'BUY PUT', 'strategy': 'BREAKOUT', 'price': 57172.0, 'stop_loss': 57194.15714285714, 'take_profit': 56950.42857142857, 'tp1': 57138.76428571429, 'rr_ratio': 10.0, 'timestamp': '2026-09-02T15:25:00+05:30', 'accepted': False, 'rejection_reasons': ['LOW_RVOL', 'BIAS_MISMATCH', 'LOW_EFFICIENCY'], 'features': {'date': '2026-09-02', 'strategy_name': 'Structural_v3', 'strategy_version': 'v3.2', 'feature_version': 'v1.1', 'market_regime': 'GAP_DOWN_NORMAL', 'day_type': 'NORMAL_DAY', 'session_type': 'CLOSE', 'daily_bias': 'NEUTRAL', 'hourly_bias': 'NEUTRAL', 'trend_strength': 0.0, 'rvol': 0.17, 'rvol_threshold': 1.0, 'atr': 44.31, 'distance_from_supply': 832.23, 'distance_from_demand': 348.8, 'nearest_supply_strength': 84.3, 'nearest_demand_strength': 83.5, 'distance_to_liquidity_pool': 348.8000000000029, 'liquidity_score': 1.7000000000000002, 'indicator_snapshot': {'rvol_tod': 0.17, 'is_compressed': False, 'bos_count': 0}, 'move_efficiency': 0.3487, 'wickiness': 0.2887, 'fft_score': 0.0, 'setup_type': 'BREAKOUT', 'candidate_id': 'cand_NSE_NIFTYBANK_INDEX_BREAKOUT_57023.95_20260902_152500', 'ema20': 57091.09, 'ema50': 57094.39, 'move_efficiency_h1': 0.1857, 'ema_bullish': False, 'rsi14': 57.16, 'rsi2': 50.0, 'distance_to_vwap': 0.0019, 'atr_percentile': 0.2406, 'dist_prev_high': -0.0085, 'dist_prev_low': -0.0051, 'adx': 13.71, 'adx_slope': 1.7158, 'gap_pct': -0.0113, 'regime_primary': 'GAP_DOWN', 'regime_vol_state': 'NORMAL'}, 'candidate_id': 'cand_NSE_NIFTYBANK_INDEX_BREAKOUT_57023.95_20260902_152500_Structural_v3.3_ExitMgmt', 'experiment_name': 'Structural_v3.3_ExitMgmt', 'strategy_id': 'structural', 'version': 'v3.2'}
2026-09-03 09:17:54,155 - INFO - Resolved active expiry from API: 26SEP
2026-09-03 09:17:55,162 - INFO - Retrieved live premium from Fyers API: LTP=402.45 for NSE:BANKNIFTY26SEP57200PE
2026-09-03 09:17:55,163 - INFO - Resolved index signal into option contract: OptionContract(symbol='NSE:BANKNIFTY26SEP57200PE', strike=57200.0, expiry='26SEP', option_type='PE', premium=402.45, delta=0.5, bid=401.15, ask=402.45, volume=40200, resolved_at=datetime.datetime(2026, 9, 3, 9, 17, 55, 163017))
2026-09-03 09:17:55,163 - INFO - ⚡ Option strike selection resolved index signal to contract NSE:BANKNIFTY26SEP57200PE @ premium 402.45 (type: PE, strike: 57200.0)
2026-09-03 09:17:55,163 - INFO - 📊 EXECUTION AUDIT [STRIKE_SELECTED]: trade_id=None, candidate_id=cand_NSE_NIFTYBANK_INDEX_BREAKOUT_57023.95_20260902_152500_Structural_v3.3_ExitMgmt, payload={'symbol': 'NSE:BANKNIFTY26SEP57200PE', 'strike': 57200.0, 'expiry': '26SEP', 'type': 'PE'}
2026-09-03 09:17:55,195 - INFO - 📊 EXECUTION AUDIT [PREMIUM_RETRIEVED]: trade_id=None, candidate_id=cand_NSE_NIFTYBANK_INDEX_BREAKOUT_57023.95_20260902_152500_Structural_v3.3_ExitMgmt, payload={'premium': 402.45, 'bid': 401.15, 'ask': 402.45}
2026-09-03 09:17:55,215 - INFO - 📊 EXECUTION AUDIT [CF_SUBMITTED]: trade_id=None, candidate_id=cand_NSE_NIFTYBANK_INDEX_BREAKOUT_57023.95_20260902_152500_Structural_v3.3_ExitMgmt, payload={'price': 57172.0, 'sl': 57194.15714285714, 'tp': 56950.42857142857}
2026-09-03 09:17:55,231 - INFO - 📊 EXECUTION AUDIT [CF_FILLED]: trade_id=None, candidate_id=cand_NSE_NIFTYBANK_INDEX_BREAKOUT_57023.95_20260902_152500_Structural_v3.3_ExitMgmt, payload={'price': 57172.0, 'sl': 57194.15714285714, 'tp': 56950.42857142857}
2026-09-03 09:17:55,246 - INFO - 💰 Position size [BREAKOUT|GAP_DOWN_NORMAL|conf=70]: frac=0.003 → ₹5,000 (risk/unit=0.04%)
2026-09-03 09:17:55,273 - INFO - 🟢 ENTRY [CF|Structural_v3.3_ExitMgmt|ctural_v3.3_ExitMgmt]: NSE:NIFTYBANK-INDEX BUY PUT @ 57172.00 | SL: 57194.16 TP: 56950.43
2026-09-03 09:17:55,273 - INFO - 👻 [VerticalSpread_v1.0] CF COMBO BEAR_PUT_SPREAD NSE:NIFTYBANK-INDEX BEAR_PUT_SPREAD | Rejected: ['LOW_RVOL', 'LOW_EFFICIENCY']
2026-09-03 09:17:57,188 - INFO - Resolved active expiry from API: 26SEP
2026-09-03 09:17:58,177 - INFO - Retrieved live premium from Fyers API: LTP=403.75 for NSE:BANKNIFTY26SEP57200PE
2026-09-03 09:17:59,184 - INFO - Retrieved live premium from Fyers API: LTP=347.15 for NSE:BANKNIFTY26SEP57000PE
2026-09-03 09:17:59,185 - INFO - Resolved BEAR_PUT_SPREAD for NSE:NIFTYBANK-INDEX: [('PE', 'BUY', 57200.0), ('PE', 'SELL', 57000.0)] net_premium=56.80 max_loss=56.80
2026-09-03 09:17:59,241 - INFO - 🟢 CF COMBO ENTRY [VerticalSpread_v1.0|_VerticalSpread_v1.0]: NSE:NIFTYBANK-INDEX BEAR_PUT_SPREAD | Net premium: 56.80 | Max loss: 56.80
2026-09-03 09:17:59,241 - INFO - 👻 [Straddle_v1.0_VolCompression] CF COMBO LONG_STRADDLE NSE:NIFTYBANK-INDEX LONG_STRADDLE | Rejected: ['NO_COMPRESSION:0.24']
2026-09-03 09:18:01,190 - INFO - Resolved active expiry from API: 26SEP
2026-09-03 09:18:02,188 - INFO - Retrieved live premium from Fyers API: LTP=1117.25 for NSE:BANKNIFTY26SEP57200CE
2026-09-03 09:18:03,193 - INFO - Retrieved live premium from Fyers API: LTP=403.2 for NSE:BANKNIFTY26SEP57200PE
2026-09-03 09:18:03,194 - INFO - Resolved LONG_STRADDLE for NSE:NIFTYBANK-INDEX: [('CE', 'BUY', 57200.0), ('PE', 'BUY', 57200.0)] net_premium=1527.60 max_loss=1527.60
2026-09-03 09:18:03,247 - INFO - 🟢 CF COMBO ENTRY [Straddle_v1.0_VolCompression|_v1.0_VolCompression]: NSE:NIFTYBANK-INDEX LONG_STRADDLE | Net premium: 1527.60 | Max loss: 1527.60
2026-09-03 09:18:03,248 - INFO - 👻 [Strangle_v1.0_VolCompression] CF COMBO LONG_STRANGLE NSE:NIFTYBANK-INDEX LONG_STRANGLE | Rejected: ['NO_COMPRESSION:0.24']
2026-09-03 09:18:05,210 - INFO - Resolved active expiry from API: 26SEP
2026-09-03 09:18:06,212 - INFO - Retrieved live premium from Fyers API: LTP=989.3 for NSE:BANKNIFTY26SEP57400CE
2026-09-03 09:18:07,208 - INFO - Retrieved live premium from Fyers API: LTP=345.25 for NSE:BANKNIFTY26SEP57000PE
2026-09-03 09:18:07,209 - INFO - Resolved LONG_STRANGLE for NSE:NIFTYBANK-INDEX: [('CE', 'BUY', 57400.0), ('PE', 'BUY', 57000.0)] net_premium=1340.60 max_loss=1340.60
2026-09-03 09:18:07,263 - INFO - 🟢 CF COMBO ENTRY [Strangle_v1.0_VolCompression|_v1.0_VolCompression]: NSE:NIFTYBANK-INDEX LONG_STRANGLE | Net premium: 1340.60 | Max loss: 1340.60
2026-09-03 09:18:07,263 - WARNING - ⚡ [CreditSpread_v1.0_PCRFade] errors: ['OPTIONS_DATA_STALE']
2026-09-03 09:18:07,263 - WARNING - ⚡ [OIWallReaction_v1.0] errors: ['OPTIONS_DATA_STALE']
2026-09-03 09:18:07,263 - WARNING - ⚡ [PCRExtremeReversal_v1.0] errors: ['OPTIONS_DATA_STALE']
2026-09-03 09:18:07,264 - INFO - 🧭 [IronCondor_v1.0] Regime router: NSE:NIFTYBANK-INDEX combo blocked from REAL capital (regime=GAP_DOWN_NORMAL) — routed to CF
2026-09-03 09:18:09,006 - INFO - 📊 Saved 22 snapshots for NSE:NIFTYBANK-INDEX  (oi range: 59,850–1,941,000)
2026-09-03 09:18:09,217 - INFO - Resolved active expiry from API: 26SEP
2026-09-03 09:18:10,113 - INFO - 📡 Fetching NSE:NIFTY50-INDEX @ 23977  expiry=26908  strikes=ATM±5
2026-09-03 09:18:10,218 - INFO - Retrieved live premium from Fyers API: LTP=322.25 for NSE:BANKNIFTY26SEP56900PE
2026-09-03 09:18:10,283 - INFO - Resolved IRON_CONDOR for NSE:NIFTYBANK-INDEX: [('PE', 'SELL', 57100.0), ('PE', 'BUY', 56900.0), ('CE', 'SELL', 57300.0), ('CE', 'BUY', 57500.0)] net_premium=-175.15 max_loss=24.85
2026-09-03 09:18:10,319 - INFO - 🟢 CF COMBO ENTRY [IronCondor_v1.0|1735_IronCondor_v1.0]: NSE:NIFTYBANK-INDEX IRON_CONDOR | Net premium: -175.15 | Max loss: 24.85
2026-09-03 09:18:10,319 - INFO - 🚀 COMBO SIGNAL: NSE:NIFTYBANK-INDEX BUTTERFLY_SPREAD | [Butterfly_v1.0]
2026-09-03 09:18:10,334 - INFO - Resolved active expiry from DB: 26SEP (2026-09-29)
2026-09-03 09:18:11,244 - INFO - Retrieved live premium from Fyers API: LTP=1250.0 for NSE:BANKNIFTY26SEP57000CE
2026-09-03 09:18:11,310 - INFO - Resolved BUTTERFLY_SPREAD for NSE:NIFTYBANK-INDEX: [('CE', 'BUY', 57000.0), ('CE', 'SELL', 57200.0), ('CE', 'SELL', 57200.0), ('CE', 'BUY', 57400.0)] net_premium=-9.80 max_loss=-9.80
2026-09-03 09:18:11,310 - WARNING - max_loss_per_lot <= 0, cannot size combo lots
2026-09-03 09:18:11,310 - INFO - ⛔ [Butterfly_v1.0] Combo entry on NSE:NIFTYBANK-INDEX skipped — capital/group exposure exhausted
2026-09-03 09:18:11,310 - INFO - 🧭 [IronButterfly_v1.0] Regime router: NSE:NIFTYBANK-INDEX combo blocked from REAL capital (regime=GAP_DOWN_NORMAL) — routed to CF
2026-09-03 09:18:11,325 - INFO - Resolved active expiry from DB: 26SEP (2026-09-29)
2026-09-03 09:18:12,256 - INFO - Retrieved live premium from Fyers API: LTP=299.7 for NSE:BANKNIFTY26SEP56800PE
2026-09-03 09:18:12,292 - INFO - Resolved IRON_BUTTERFLY for NSE:NIFTYBANK-INDEX: [('PE', 'SELL', 57200.0), ('CE', 'SELL', 57200.0), ('PE', 'BUY', 56800.0), ('CE', 'BUY', 57600.0)] net_premium=-356.10 max_loss=43.90
2026-09-03 09:18:12,330 - INFO - 🟢 CF COMBO ENTRY [IronButterfly_v1.0|5_IronButterfly_v1.0]: NSE:NIFTYBANK-INDEX IRON_BUTTERFLY | Net premium: -356.10 | Max loss: 43.90
2026-09-03 09:18:12,331 - WARNING - ⚡ [OI_Scalping_v1.0] errors: ['INSUFFICIENT_OI_DATA']
2026-09-03 09:18:12,331 - INFO - 🧭 [ExpiryAwareTheta_v1.0] Regime router: NSE:NIFTYBANK-INDEX combo blocked from REAL capital (regime=GAP_DOWN_NORMAL) — routed to CF
2026-09-03 09:18:12,347 - INFO - Resolved active expiry from DB: 26SEP (2026-09-29)
2026-09-03 09:18:13,270 - INFO - Retrieved live premium from Fyers API: LTP=323.65 for NSE:BANKNIFTY26SEP56900PE
2026-09-03 09:18:13,331 - INFO - Resolved IRON_CONDOR for NSE:NIFTYBANK-INDEX: [('PE', 'SELL', 57100.0), ('PE', 'BUY', 56900.0), ('CE', 'SELL', 57300.0), ('CE', 'BUY', 57500.0)] net_premium=-171.50 max_loss=28.50
2026-09-03 09:18:13,358 - INFO - 🟢 CF COMBO ENTRY [ExpiryAwareTheta_v1.0|xpiryAwareTheta_v1.0]: NSE:NIFTYBANK-INDEX IRON_CONDOR | Net premium: -171.50 | Max loss: 28.50
2026-09-03 09:18:13,359 - INFO - ⏱️ [Real-time Exit Loop] Checking open positions @ 09:18:13...
2026-09-03 09:18:15,267 - INFO - 📊 EXECUTION AUDIT [CF_EXITED]: trade_id=None, candidate_id=cand_NSE_NIFTYBANK_INDEX_BREAKOUT_57023.95_20260902_152500_Structural_v3.2_RVOL1.0, payload={'exit_price': 57609.8, 'exit_reason': 'INITIAL_SL', 'pnl_r': 0.03207475691375171, 'duration_minutes': 0.6359600333333333, 'bars_held': 0}
2026-09-03 09:18:15,344 - INFO - 🔴 EXIT (INITIAL_SL) [CFStructural_v3.2_RVOL1.0|uctural_v3.2_RVOL1.0]: NSE:NIFTYBANK-INDEX @ 57609.80 | PnL +0.03R | MFE 0.00R | Capture N/A | 0bars HoldEff +0.032R/bar
2026-09-03 09:18:15,344 - INFO - 📊 EXECUTION AUDIT [CF_EXITED]: trade_id=None, candidate_id=cand_NSE_NIFTYBANK_INDEX_BREAKOUT_57023.95_20260902_152500_Structural_v3.2_RVOL0.8, payload={'exit_price': 57609.8, 'exit_reason': 'INITIAL_SL', 'pnl_r': 0.013894057809204729, 'duration_minutes': 0.6359600333333333, 'bars_held': 0}
2026-09-03 09:18:15,390 - INFO - 🔴 EXIT (INITIAL_SL) [CFStructural_v3.2_RVOL0.8|uctural_v3.2_RVOL0.8]: NSE:NIFTYBANK-INDEX @ 57609.80 | PnL +0.01R | MFE 0.00R | Capture N/A | 0bars HoldEff +0.014R/bar
2026-09-03 09:18:15,391 - INFO - 📊 EXECUTION AUDIT [CF_EXITED]: trade_id=None, candidate_id=cand_NSE_NIFTYBANK_INDEX_BREAKOUT_57023.95_20260902_152500_Structural_v3.3_ExitMgmt, payload={'exit_price': 57609.8, 'exit_reason': 'INITIAL_SL', 'pnl_r': 0.015405640452230062, 'duration_minutes': 0.6359600333333333, 'bars_held': 0}
2026-09-03 09:18:15,432 - INFO - 🔴 EXIT (INITIAL_SL) [CFStructural_v3.3_ExitMgmt|ctural_v3.3_ExitMgmt]: NSE:NIFTYBANK-INDEX @ 57609.80 | PnL +0.02R | MFE 0.00R | Capture N/A | 0bars HoldEff +0.015R/bar
2026-09-03 09:18:16,262 - INFO - Retrieved live premium from Fyers API: LTP=20.8 for NSE:NIFTY2690823700PE
2026-09-03 09:18:17,275 - INFO - Retrieved live premium from Fyers API: LTP=349.85 for NSE:BANKNIFTY26SEP57000PE
2026-09-03 09:18:18,286 - INFO - Retrieved live premium from Fyers API: LTP=350.9 for NSE:BANKNIFTY26SEP57000PE
2026-09-03 09:18:19,276 - INFO - Retrieved live premium from Fyers API: LTP=323.15 for NSE:BANKNIFTY26SEP56900PE
2026-09-03 09:18:20,284 - INFO - Retrieved live premium from Fyers API: LTP=300.1 for NSE:BANKNIFTY26SEP56800PE
2026-09-03 09:18:21,275 - INFO - Retrieved live premium from Fyers API: LTP=320.55 for NSE:BANKNIFTY26SEP56900PE
2026-09-03 09:18:35,329 - INFO - ⏱️ [Real-time Exit Loop] Checking open positions @ 09:18:35...
2026-09-03 09:18:36,440 - INFO - Retrieved live premium from Fyers API: LTP=20.8 for NSE:NIFTY2690823700PE
2026-09-03 09:18:37,431 - INFO - Retrieved live premium from Fyers API: LTP=353.85 for NSE:BANKNIFTY26SEP57000PE
2026-09-03 09:18:38,431 - INFO - Retrieved live premium from Fyers API: LTP=355.0 for NSE:BANKNIFTY26SEP57000PE
2026-09-03 09:18:39,472 - INFO - Retrieved live premium from Fyers API: LTP=328.0 for NSE:BANKNIFTY26SEP56900PE
2026-09-03 09:18:39,911 - INFO - 📊 Saved 22 snapshots for NSE:NIFTY50-INDEX  (oi range: 350,415–10,003,565)
2026-09-03 09:18:40,470 - INFO - Retrieved live premium from Fyers API: LTP=304.55 for NSE:BANKNIFTY26SEP56800PE
2026-09-03 09:18:41,445 - INFO - Retrieved live premium from Fyers API: LTP=330.1 for NSE:BANKNIFTY26SEP56900PE
2026-09-03 09:18:42,039 - INFO - 📡 Fetching NSE:NIFTYBANK-INDEX @ 57599  expiry=26SEP  strikes=ATM±5
2026-09-03 09:19:05,518 - INFO - ⏱️ [Real-time Exit Loop] Checking open positions @ 09:19:05...
2026-09-03 09:19:05,751 - INFO - 🔴 COMBO EXIT (STOP_R) [Butterfly_v1.0|91735_Butterfly_v1.0]: NSE:NIFTY50-INDEX BUTTERFLY_SPREAD | PnL -0.53R | 2min
2026-09-03 09:19:06,610 - INFO - Retrieved live premium from Fyers API: LTP=23.15 for NSE:NIFTY2690823700PE
2026-09-03 09:19:07,605 - INFO - Retrieved live premium from Fyers API: LTP=364.25 for NSE:BANKNIFTY26SEP57000PE
2026-09-03 09:19:08,629 - INFO - Retrieved live premium from Fyers API: LTP=365.1 for NSE:BANKNIFTY26SEP57000PE
2026-09-03 09:19:09,631 - INFO - Retrieved live premium from Fyers API: LTP=338.15 for NSE:BANKNIFTY26SEP56900PE
2026-09-03 09:19:10,628 - INFO - Retrieved live premium from Fyers API: LTP=313.2 for NSE:BANKNIFTY26SEP56800PE
2026-09-03 09:19:11,626 - INFO - Retrieved live premium from Fyers API: LTP=337.7 for NSE:BANKNIFTY26SEP56900PE
2026-09-03 09:19:11,682 - INFO - 📊 Saved 22 snapshots for NSE:NIFTYBANK-INDEX  (oi range: 58,680–1,932,390)
2026-09-03 09:19:12,787 - INFO - 📡 Fetching NSE:NIFTY50-INDEX @ 23966  expiry=26908  strikes=ATM±5
2026-09-03 09:19:35,703 - INFO - ⏱️ [Real-time Exit Loop] Checking open positions @ 09:19:35...
2026-09-03 09:19:36,799 - INFO - Retrieved live premium from Fyers API: LTP=22.3 for NSE:NIFTY2690823700PE
2026-09-03 09:19:37,812 - INFO - Retrieved live premium from Fyers API: LTP=363.05 for NSE:BANKNIFTY26SEP57000PE
2026-09-03 09:19:38,806 - INFO - Retrieved live premium from Fyers API: LTP=363.05 for NSE:BANKNIFTY26SEP57000PE
2026-09-03 09:19:39,820 - INFO - Retrieved live premium from Fyers API: LTP=335.85 for NSE:BANKNIFTY26SEP56900PE
2026-09-03 09:19:40,830 - INFO - Retrieved live premium from Fyers API: LTP=311.2 for NSE:BANKNIFTY26SEP56800PE
2026-09-03 09:19:41,817 - INFO - Retrieved live premium from Fyers API: LTP=335.85 for NSE:BANKNIFTY26SEP56900PE
2026-09-03 09:19:42,319 - INFO - 📊 Saved 22 snapshots for NSE:NIFTY50-INDEX  (oi range: 350,090–10,405,460)
2026-09-03 09:19:44,403 - INFO - 📡 Fetching NSE:NIFTYBANK-INDEX @ 57567  expiry=26SEP  strikes=ATM±5
2026-09-03 09:20:00,203 - INFO - [PreMarketCollector] ✅ NSE:NIFTY50-INDEX opening data: direction=DOWN volume=11165710
2026-09-03 09:20:01,236 - INFO - [PreMarketCollector] ✅ NSE:NIFTYBANK-INDEX opening data: direction=UP volume=10553871
2026-09-03 09:20:01,236 - INFO - [PreMarketCollector] Next cycle in 23.6h
2026-09-03 09:20:05,910 - INFO - 🔔 [New Candle Closed] Running entry pipeline for candle 09:20 at 09:20:05...
2026-09-03 09:20:05,910 - INFO - --- 09:20:05 Market Pulse ---
2026-09-03 09:20:11,018 - INFO - Retrieved live premium from Fyers API: LTP=363.55 for NSE:BANKNIFTY26SEP57000PE
2026-09-03 09:20:12,041 - INFO - Retrieved live premium from Fyers API: LTP=363.55 for NSE:BANKNIFTY26SEP57000PE
2026-09-03 09:20:13,036 - INFO - Retrieved live premium from Fyers API: LTP=335.85 for NSE:BANKNIFTY26SEP56900PE
2026-09-03 09:20:13,918 - INFO - 📊 Saved 22 snapshots for NSE:NIFTYBANK-INDEX  (oi range: 58,680–1,931,760)
2026-09-03 09:20:14,017 - INFO - Retrieved live premium from Fyers API: LTP=310.0 for NSE:BANKNIFTY26SEP56800PE
2026-09-03 09:20:15,018 - INFO - 📡 Fetching NSE:NIFTY50-INDEX @ 23976  expiry=26908  strikes=ATM±5
2026-09-03 09:20:15,037 - INFO - Retrieved live premium from Fyers API: LTP=335.0 for NSE:BANKNIFTY26SEP56900PE
2026-09-03 09:20:16,642 - INFO - Resolved active expiry from DB: 26908 (2026-09-08)
2026-09-03 09:20:16,643 - INFO - 👻 [Geometry_v1.0_Score35] CF TRENDLINE_RETEST NSE:NIFTY50-INDEX BUY PUT | Rejected: ['LOW_RR:0.0']
2026-09-03 09:20:16,643 - INFO - 📊 EXECUTION AUDIT [SIGNAL_GENERATED]: trade_id=None, candidate_id=cand_NSE_NIFTY50_INDEX_TRENDLINE_RETEST_23968.65_202609030920_Geometry_v1.0_Score35, payload={'symbol': 'NSE:NIFTY50-INDEX', 'candidate_id': 'cand_NSE_NIFTY50_INDEX_TRENDLINE_RETEST_23968.65_202609030920_Geometry_v1.0_Score35', 'experiment_name': 'Geometry_v1.0_Score35', 'strategy_id': 'geometry', 'version': 'v1.0', 'signal': 'BUY PUT', 'strategy': 'TRENDLINE_RETEST', 'price': 23968.65, 'stop_loss': 24028.95, 'take_profit': 23968.65, 'tp1': 23878.2, 'rr_ratio': 0.0, 'timestamp': '2026-09-03T09:20:05.910667+05:30', 'zone_band_low': None, 'zone_band_high': None, 'zone_direction': None, 'zone_component_count': 0, 'accepted': False, 'rejection_reasons': ['LOW_RR:0.0'], 'stop_loss_distance': 60.3, 'atr': 23.66, 'confidence': 0.972, 'diagnostics': {'trendline_id': 'tl_6fb3d98f8bd1d189', 'trendline_confidence': 1.172, 'trendline_r2': 0.996, 'trendline_touches': 13, 'trendline_price_at_now': 23945.11, 'dist_pct': 0.00098, 'narrative_bias': 'CONTINUATION', 'bias_confidence': 0.6}, 'features': {'regime_primary': 'STRONG_TREND_UP', 'regime_vol_state': 'HIGH_VOL', 'market_regime': 'STRONG_TREND_UP_HIGH_VOL'}}
2026-09-03 09:20:16,664 - INFO - Resolved active expiry from DB: 26908 (2026-09-08)
2026-09-03 09:20:16,677 - INFO - Resolved index signal into option contract: OptionContract(symbol='NSE:NIFTY2690823950PE', strike=23950.0, expiry='26908', option_type='PE', premium=78.65, delta=0.5, bid=78.85, ask=79.05, volume=5316545, resolved_at=datetime.datetime(2026, 9, 3, 9, 20, 16, 677174))
2026-09-03 09:20:16,677 - INFO - ⚡ Option strike selection resolved index signal to contract NSE:NIFTY2690823950PE @ premium 78.65 (type: PE, strike: 23950.0)
2026-09-03 09:20:16,677 - INFO - 📊 EXECUTION AUDIT [STRIKE_SELECTED]: trade_id=None, candidate_id=cand_NSE_NIFTY50_INDEX_TRENDLINE_RETEST_23968.65_202609030920_Geometry_v1.0_Score35, payload={'symbol': 'NSE:NIFTY2690823950PE', 'strike': 23950.0, 'expiry': '26908', 'type': 'PE'}
2026-09-03 09:20:16,689 - INFO - 📊 EXECUTION AUDIT [PREMIUM_RETRIEVED]: trade_id=None, candidate_id=cand_NSE_NIFTY50_INDEX_TRENDLINE_RETEST_23968.65_202609030920_Geometry_v1.0_Score35, payload={'premium': 78.65, 'bid': 78.85, 'ask': 79.05}
2026-09-03 09:20:16,699 - INFO - 📊 EXECUTION AUDIT [CF_SUBMITTED]: trade_id=None, candidate_id=cand_NSE_NIFTY50_INDEX_TRENDLINE_RETEST_23968.65_202609030920_Geometry_v1.0_Score35, payload={'price': 23968.65, 'sl': 24028.95, 'tp': 23968.65}
2026-09-03 09:20:16,709 - INFO - 📊 EXECUTION AUDIT [CF_FILLED]: trade_id=None, candidate_id=cand_NSE_NIFTY50_INDEX_TRENDLINE_RETEST_23968.65_202609030920_Geometry_v1.0_Score35, payload={'price': 23968.65, 'sl': 24028.95, 'tp': 23968.65}
2026-09-03 09:20:16,719 - INFO - 💰 Position size [TRENDLINE_RETEST|STRONG_TREND_UP_HIGH_VOL|conf=1]: frac=0.004 → ₹5,000 (risk/unit=0.25%)
2026-09-03 09:20:16,740 - INFO - 🟢 ENTRY [CF|Geometry_v1.0_Score35|eometry_v1.0_Score35]: NSE:NIFTY50-INDEX BUY PUT @ 23968.65 | SL: 24028.95 TP: 23968.65
2026-09-03 09:20:16,740 - INFO - 👻 [Geometry_v1.0_Score50] CF TRENDLINE_RETEST NSE:NIFTY50-INDEX BUY PUT | Rejected: ['LOW_RR:0.0']
2026-09-03 09:20:16,740 - INFO - 📊 EXECUTION AUDIT [SIGNAL_GENERATED]: trade_id=None, candidate_id=cand_NSE_NIFTY50_INDEX_TRENDLINE_RETEST_23968.65_202609030920_Geometry_v1.0_Score50, payload={'symbol': 'NSE:NIFTY50-INDEX', 'candidate_id': 'cand_NSE_NIFTY50_INDEX_TRENDLINE_RETEST_23968.65_202609030920_Geometry_v1.0_Score50', 'experiment_name': 'Geometry_v1.0_Score50', 'strategy_id': 'geometry', 'version': 'v1.0', 'signal': 'BUY PUT', 'strategy': 'TRENDLINE_RETEST', 'price': 23968.65, 'stop_loss': 24028.95, 'take_profit': 23968.65, 'tp1': 23878.2, 'rr_ratio': 0.0, 'timestamp': '2026-09-03T09:20:05.910667+05:30', 'zone_band_low': None, 'zone_band_high': None, 'zone_direction': None, 'zone_component_count': 0, 'accepted': False, 'rejection_reasons': ['LOW_RR:0.0'], 'stop_loss_distance': 60.3, 'atr': 23.66, 'confidence': 0.972, 'diagnostics': {'trendline_id': 'tl_6fb3d98f8bd1d189', 'trendline_confidence': 1.172, 'trendline_r2': 0.996, 'trendline_touches': 13, 'trendline_price_at_now': 23945.11, 'dist_pct': 0.00098, 'narrative_bias': 'CONTINUATION', 'bias_confidence': 0.6}, 'features': {'regime_primary': 'STRONG_TREND_UP', 'regime_vol_state': 'HIGH_VOL', 'market_regime': 'STRONG_TREND_UP_HIGH_VOL'}}
2026-09-03 09:20:16,764 - INFO - Resolved active expiry from DB: 26908 (2026-09-08)
2026-09-03 09:20:16,778 - INFO - Resolved index signal into option contract: OptionContract(symbol='NSE:NIFTY2690823950PE', strike=23950.0, expiry='26908', option_type='PE', premium=78.65, delta=0.5, bid=78.85, ask=79.05, volume=5316545, resolved_at=datetime.datetime(2026, 9, 3, 9, 20, 16, 778080))
2026-09-03 09:20:16,778 - INFO - ⚡ Option strike selection resolved index signal to contract NSE:NIFTY2690823950PE @ premium 78.65 (type: PE, strike: 23950.0)
2026-09-03 09:20:16,778 - INFO - 📊 EXECUTION AUDIT [STRIKE_SELECTED]: trade_id=None, candidate_id=cand_NSE_NIFTY50_INDEX_TRENDLINE_RETEST_23968.65_202609030920_Geometry_v1.0_Score50, payload={'symbol': 'NSE:NIFTY2690823950PE', 'strike': 23950.0, 'expiry': '26908', 'type': 'PE'}
2026-09-03 09:20:16,789 - INFO - 📊 EXECUTION AUDIT [PREMIUM_RETRIEVED]: trade_id=None, candidate_id=cand_NSE_NIFTY50_INDEX_TRENDLINE_RETEST_23968.65_202609030920_Geometry_v1.0_Score50, payload={'premium': 78.65, 'bid': 78.85, 'ask': 79.05}
2026-09-03 09:20:16,799 - INFO - 📊 EXECUTION AUDIT [CF_SUBMITTED]: trade_id=None, candidate_id=cand_NSE_NIFTY50_INDEX_TRENDLINE_RETEST_23968.65_202609030920_Geometry_v1.0_Score50, payload={'price': 23968.65, 'sl': 24028.95, 'tp': 23968.65}
2026-09-03 09:20:16,809 - INFO - 📊 EXECUTION AUDIT [CF_FILLED]: trade_id=None, candidate_id=cand_NSE_NIFTY50_INDEX_TRENDLINE_RETEST_23968.65_202609030920_Geometry_v1.0_Score50, payload={'price': 23968.65, 'sl': 24028.95, 'tp': 23968.65}
2026-09-03 09:20:16,821 - INFO - 💰 Position size [TRENDLINE_RETEST|STRONG_TREND_UP_HIGH_VOL|conf=1]: frac=0.004 → ₹5,000 (risk/unit=0.25%)
2026-09-03 09:20:16,842 - INFO - 🟢 ENTRY [CF|Geometry_v1.0_Score50|eometry_v1.0_Score50]: NSE:NIFTY50-INDEX BUY PUT @ 23968.65 | SL: 24028.95 TP: 23968.65
2026-09-03 09:20:16,843 - INFO - 🧭 [CreditSpread_v1.0_PCRFade] Regime router: NSE:NIFTY50-INDEX combo blocked from REAL capital (regime=STRONG_TREND_UP_HIGH_VOL) — routed to CF
2026-09-03 09:20:16,853 - INFO - Resolved active expiry from DB: 26908 (2026-09-08)
2026-09-03 09:20:16,878 - INFO - Resolved BEAR_CALL_SPREAD for NSE:NIFTY50-INDEX: [('CE', 'SELL', 24000.0), ('CE', 'BUY', 24100.0)] net_premium=-46.70 max_loss=53.30
2026-09-03 09:20:16,898 - INFO - 🟢 CF COMBO ENTRY [CreditSpread_v1.0_PCRFade|tSpread_v1.0_PCRFade]: NSE:NIFTY50-INDEX BEAR_CALL_SPREAD | Net premium: -46.70 | Max loss: 53.30
2026-09-03 09:20:16,898 - INFO - 🧭 [IronCondor_v1.0] Regime router: NSE:NIFTY50-INDEX combo blocked from REAL capital (regime=STRONG_TREND_UP_HIGH_VOL) — routed to CF
2026-09-03 09:20:16,909 - INFO - Resolved active expiry from DB: 26908 (2026-09-08)
2026-09-03 09:20:16,964 - INFO - Resolved IRON_CONDOR for NSE:NIFTY50-INDEX: [('PE', 'SELL', 23900.0), ('PE', 'BUY', 23800.0), ('CE', 'SELL', 24000.0), ('CE', 'BUY', 24100.0)] net_premium=-71.30 max_loss=28.70
2026-09-03 09:20:16,987 - INFO - 🟢 CF COMBO ENTRY [IronCondor_v1.0|2005_IronCondor_v1.0]: NSE:NIFTY50-INDEX IRON_CONDOR | Net premium: -71.30 | Max loss: 28.70
2026-09-03 09:20:16,987 - INFO - 👻 [Butterfly_v1.0] CF COMBO BUTTERFLY_SPREAD NSE:NIFTY50-INDEX BUTTERFLY_SPREAD | Rejected: ['COOLDOWN_AFTER_LOSS']
2026-09-03 09:20:17,000 - INFO - Resolved active expiry from DB: 26908 (2026-09-08)
2026-09-03 09:20:17,051 - INFO - Resolved BUTTERFLY_SPREAD for NSE:NIFTY50-INDEX: [('CE', 'BUY', 23850.0), ('CE', 'SELL', 23950.0), ('CE', 'SELL', 23950.0), ('CE', 'BUY', 24050.0)] net_premium=15.05 max_loss=15.05
2026-09-03 09:20:17,074 - INFO - 🟢 CF COMBO ENTRY [Butterfly_v1.0|92005_Butterfly_v1.0]: NSE:NIFTY50-INDEX BUTTERFLY_SPREAD | Net premium: 15.05 | Max loss: 15.05
2026-09-03 09:20:17,075 - INFO - 🧭 [IronButterfly_v1.0] Regime router: NSE:NIFTY50-INDEX combo blocked from REAL capital (regime=STRONG_TREND_UP_HIGH_VOL) — routed to CF
2026-09-03 09:20:17,088 - INFO - Resolved active expiry from DB: 26908 (2026-09-08)
2026-09-03 09:20:17,143 - INFO - Resolved IRON_BUTTERFLY for NSE:NIFTY50-INDEX: [('PE', 'SELL', 23950.0), ('CE', 'SELL', 23950.0), ('PE', 'BUY', 23750.0), ('CE', 'BUY', 24150.0)] net_premium=-144.95 max_loss=55.05
2026-09-03 09:20:17,167 - INFO - 🟢 CF COMBO ENTRY [IronButterfly_v1.0|5_IronButterfly_v1.0]: NSE:NIFTY50-INDEX IRON_BUTTERFLY | Net premium: -144.95 | Max loss: 55.05
2026-09-03 09:20:17,168 - INFO - 🧭 [ExpiryAwareTheta_v1.0] Regime router: NSE:NIFTY50-INDEX combo blocked from REAL capital (regime=STRONG_TREND_UP_HIGH_VOL) — routed to CF
2026-09-03 09:20:17,181 - INFO - Resolved active expiry from DB: 26908 (2026-09-08)
2026-09-03 09:20:17,237 - INFO - Resolved IRON_CONDOR for NSE:NIFTY50-INDEX: [('PE', 'SELL', 23900.0), ('PE', 'BUY', 23800.0), ('CE', 'SELL', 24000.0), ('CE', 'BUY', 24100.0)] net_premium=-71.30 max_loss=28.70
2026-09-03 09:20:17,262 - INFO - 🟢 CF COMBO ENTRY [ExpiryAwareTheta_v1.0|xpiryAwareTheta_v1.0]: NSE:NIFTY50-INDEX IRON_CONDOR | Net premium: -71.30 | Max loss: 28.70
2026-09-03 09:20:18,707 - INFO - Resolved active expiry from DB: 26SEP (2026-09-29)
2026-09-03 09:20:18,708 - INFO - 👻 [Structural_v3.2_RVOL1.0] CF BREAKOUT NSE:NIFTYBANK-INDEX BUY PUT | Rejected: ['LOW_RVOL', 'BIAS_MISMATCH']
2026-09-03 09:20:18,708 - INFO - 📊 EXECUTION AUDIT [SIGNAL_GENERATED]: trade_id=None, candidate_id=cand_NSE_NIFTYBANK_INDEX_BREAKOUT_57023.95_20260903_091500_Structural_v3.2_RVOL1.0, payload={'symbol': 'NSE:NIFTYBANK-INDEX', 'signal': 'BUY PUT', 'strategy': 'BREAKOUT', 'price': 57577.15, 'stop_loss': 57614.89464285714, 'take_profit': 57199.703571428574, 'tp1': 57520.53303571429, 'rr_ratio': 10.0, 'timestamp': '2026-09-03T09:15:00+05:30', 'accepted': False, 'rejection_reasons': ['LOW_RVOL', 'BIAS_MISMATCH'], 'features': {'date': '2026-09-03', 'strategy_name': 'Structural_v3', 'strategy_version': 'v3.2', 'feature_version': 'v1.1', 'market_regime': 'GAP_UP_HIGH_VOL', 'day_type': 'NORMAL_DAY', 'session_type': 'OPEN', 'daily_bias': 'NEUTRAL', 'hourly_bias': 'NEUTRAL', 'trend_strength': 0.0, 'rvol': 0.79, 'rvol_threshold': 1.0, 'atr': 75.49, 'distance_from_supply': 427.08, 'distance_from_demand': 753.95, 'nearest_supply_strength': 84.3, 'nearest_demand_strength': 71.5, 'distance_to_liquidity_pool': 753.9500000000044, 'liquidity_score': 7.9, 'indicator_snapshot': {'rvol_tod': 0.79, 'is_compressed': False, 'bos_count': 0}, 'move_efficiency': 0.7421, 'wickiness': 0.4616, 'fft_score': 0.0, 'setup_type': 'BREAKOUT', 'candidate_id': 'cand_NSE_NIFTYBANK_INDEX_BREAKOUT_57023.95_20260903_091500', 'ema20': 57137.38, 'ema50': 57113.32, 'move_efficiency_h1': 0.5925, 'ema_bullish': True, 'rsi14': 83.95, 'rsi2': 50.0, 'distance_to_vwap': 0.0, 'atr_percentile': 0.8545, 'dist_prev_high': 0.0062, 'dist_prev_low': 0.0133, 'adx': 18.22, 'adx_slope': 6.242, 'gap_pct': 0.0057, 'regime_primary': 'GAP_UP', 'regime_vol_state': 'HIGH_VOL'}, 'candidate_id': 'cand_NSE_NIFTYBANK_INDEX_BREAKOUT_57023.95_20260903_091500_Structural_v3.2_RVOL1.0', 'experiment_name': 'Structural_v3.2_RVOL1.0', 'strategy_id': 'structural', 'version': 'v3.2'}
2026-09-03 09:20:18,729 - INFO - Resolved active expiry from DB: 26SEP (2026-09-29)
2026-09-03 09:20:18,741 - INFO - Resolved index signal into option contract: OptionContract(symbol='NSE:BANKNIFTY26SEP57600PE', strike=57600.0, expiry='26SEP', option_type='PE', premium=564.85, delta=0.5, bid=569.0, ask=570.55, volume=107370, resolved_at=datetime.datetime(2026, 9, 3, 9, 20, 18, 741798))
2026-09-03 09:20:18,741 - INFO - ⚡ Option strike selection resolved index signal to contract NSE:BANKNIFTY26SEP57600PE @ premium 564.85 (type: PE, strike: 57600.0)
2026-09-03 09:20:18,741 - INFO - 📊 EXECUTION AUDIT [STRIKE_SELECTED]: trade_id=None, candidate_id=cand_NSE_NIFTYBANK_INDEX_BREAKOUT_57023.95_20260903_091500_Structural_v3.2_RVOL1.0, payload={'symbol': 'NSE:BANKNIFTY26SEP57600PE', 'strike': 57600.0, 'expiry': '26SEP', 'type': 'PE'}
2026-09-03 09:20:18,752 - INFO - 📊 EXECUTION AUDIT [PREMIUM_RETRIEVED]: trade_id=None, candidate_id=cand_NSE_NIFTYBANK_INDEX_BREAKOUT_57023.95_20260903_091500_Structural_v3.2_RVOL1.0, payload={'premium': 564.85, 'bid': 569.0, 'ask': 570.55}
2026-09-03 09:20:18,762 - INFO - 📊 EXECUTION AUDIT [CF_SUBMITTED]: trade_id=None, candidate_id=cand_NSE_NIFTYBANK_INDEX_BREAKOUT_57023.95_20260903_091500_Structural_v3.2_RVOL1.0, payload={'price': 57577.15, 'sl': 57614.89464285714, 'tp': 57199.703571428574}
2026-09-03 09:20:18,772 - INFO - 📊 EXECUTION AUDIT [CF_FILLED]: trade_id=None, candidate_id=cand_NSE_NIFTYBANK_INDEX_BREAKOUT_57023.95_20260903_091500_Structural_v3.2_RVOL1.0, payload={'price': 57577.15, 'sl': 57614.89464285714, 'tp': 57199.703571428574}
2026-09-03 09:20:18,782 - INFO - 💰 Position size [BREAKOUT|GAP_UP_HIGH_VOL|conf=70]: frac=0.002 → ₹5,000 (risk/unit=0.07%)
2026-09-03 09:20:18,803 - INFO - 🟢 ENTRY [CF|Structural_v3.2_RVOL1.0|uctural_v3.2_RVOL1.0]: NSE:NIFTYBANK-INDEX BUY PUT @ 57577.15 | SL: 57614.89 TP: 57199.70
2026-09-03 09:20:18,803 - INFO - 👻 [Structural_v3.2_RVOL0.8] CF BREAKOUT NSE:NIFTYBANK-INDEX BUY PUT | Rejected: ['LOW_RVOL', 'BIAS_MISMATCH']
2026-09-03 09:20:18,803 - INFO - 📊 EXECUTION AUDIT [SIGNAL_GENERATED]: trade_id=None, candidate_id=cand_NSE_NIFTYBANK_INDEX_BREAKOUT_57023.95_20260903_091500_Structural_v3.2_RVOL0.8, payload={'symbol': 'NSE:NIFTYBANK-INDEX', 'signal': 'BUY PUT', 'strategy': 'BREAKOUT', 'price': 57577.15, 'stop_loss': 57614.89464285714, 'take_profit': 57199.703571428574, 'tp1': 57520.53303571429, 'rr_ratio': 10.0, 'timestamp': '2026-09-03T09:15:00+05:30', 'accepted': False, 'rejection_reasons': ['LOW_RVOL', 'BIAS_MISMATCH'], 'features': {'date': '2026-09-03', 'strategy_name': 'Structural_v3', 'strategy_version': 'v3.2', 'feature_version': 'v1.1', 'market_regime': 'GAP_UP_HIGH_VOL', 'day_type': 'NORMAL_DAY', 'session_type': 'OPEN', 'daily_bias': 'NEUTRAL', 'hourly_bias': 'NEUTRAL', 'trend_strength': 0.0, 'rvol': 0.79, 'rvol_threshold': 0.8, 'atr': 75.49, 'distance_from_supply': 427.08, 'distance_from_demand': 753.95, 'nearest_supply_strength': 84.3, 'nearest_demand_strength': 71.5, 'distance_to_liquidity_pool': 753.9500000000044, 'liquidity_score': 7.9, 'indicator_snapshot': {'rvol_tod': 0.79, 'is_compressed': False, 'bos_count': 0}, 'move_efficiency': 0.7421, 'wickiness': 0.4616, 'fft_score': 0.0, 'setup_type': 'BREAKOUT', 'candidate_id': 'cand_NSE_NIFTYBANK_INDEX_BREAKOUT_57023.95_20260903_091500', 'ema20': 57137.38, 'ema50': 57113.32, 'move_efficiency_h1': 0.5925, 'ema_bullish': True, 'rsi14': 83.95, 'rsi2': 50.0, 'distance_to_vwap': 0.0, 'atr_percentile': 0.8545, 'dist_prev_high': 0.0062, 'dist_prev_low': 0.0133, 'adx': 18.22, 'adx_slope': 6.242, 'gap_pct': 0.0057, 'regime_primary': 'GAP_UP', 'regime_vol_state': 'HIGH_VOL'}, 'candidate_id': 'cand_NSE_NIFTYBANK_INDEX_BREAKOUT_57023.95_20260903_091500_Structural_v3.2_RVOL0.8', 'experiment_name': 'Structural_v3.2_RVOL0.8', 'strategy_id': 'structural', 'version': 'v3.2'}
2026-09-03 09:20:18,826 - INFO - Resolved active expiry from DB: 26SEP (2026-09-29)
2026-09-03 09:20:18,841 - INFO - Resolved index signal into option contract: OptionContract(symbol='NSE:BANKNIFTY26SEP57600PE', strike=57600.0, expiry='26SEP', option_type='PE', premium=564.85, delta=0.5, bid=569.0, ask=570.55, volume=107370, resolved_at=datetime.datetime(2026, 9, 3, 9, 20, 18, 840960))
2026-09-03 09:20:18,841 - INFO - ⚡ Option strike selection resolved index signal to contract NSE:BANKNIFTY26SEP57600PE @ premium 564.85 (type: PE, strike: 57600.0)
2026-09-03 09:20:18,841 - INFO - 📊 EXECUTION AUDIT [STRIKE_SELECTED]: trade_id=None, candidate_id=cand_NSE_NIFTYBANK_INDEX_BREAKOUT_57023.95_20260903_091500_Structural_v3.2_RVOL0.8, payload={'symbol': 'NSE:BANKNIFTY26SEP57600PE', 'strike': 57600.0, 'expiry': '26SEP', 'type': 'PE'}
2026-09-03 09:20:18,853 - INFO - 📊 EXECUTION AUDIT [PREMIUM_RETRIEVED]: trade_id=None, candidate_id=cand_NSE_NIFTYBANK_INDEX_BREAKOUT_57023.95_20260903_091500_Structural_v3.2_RVOL0.8, payload={'premium': 564.85, 'bid': 569.0, 'ask': 570.55}
2026-09-03 09:20:18,864 - INFO - 📊 EXECUTION AUDIT [CF_SUBMITTED]: trade_id=None, candidate_id=cand_NSE_NIFTYBANK_INDEX_BREAKOUT_57023.95_20260903_091500_Structural_v3.2_RVOL0.8, payload={'price': 57577.15, 'sl': 57614.89464285714, 'tp': 57199.703571428574}
2026-09-03 09:20:18,875 - INFO - 📊 EXECUTION AUDIT [CF_FILLED]: trade_id=None, candidate_id=cand_NSE_NIFTYBANK_INDEX_BREAKOUT_57023.95_20260903_091500_Structural_v3.2_RVOL0.8, payload={'price': 57577.15, 'sl': 57614.89464285714, 'tp': 57199.703571428574}
2026-09-03 09:20:18,885 - INFO - 💰 Position size [BREAKOUT|GAP_UP_HIGH_VOL|conf=70]: frac=0.002 → ₹5,000 (risk/unit=0.07%)
2026-09-03 09:20:18,908 - INFO - 🟢 ENTRY [CF|Structural_v3.2_RVOL0.8|uctural_v3.2_RVOL0.8]: NSE:NIFTYBANK-INDEX BUY PUT @ 57577.15 | SL: 57614.89 TP: 57199.70
2026-09-03 09:20:18,908 - INFO - 👻 [Structural_v3.3_ExitMgmt] CF BREAKOUT NSE:NIFTYBANK-INDEX BUY PUT | Rejected: ['LOW_RVOL', 'BIAS_MISMATCH']
2026-09-03 09:20:18,908 - INFO - 📊 EXECUTION AUDIT [SIGNAL_GENERATED]: trade_id=None, candidate_id=cand_NSE_NIFTYBANK_INDEX_BREAKOUT_57023.95_20260903_091500_Structural_v3.3_ExitMgmt, payload={'symbol': 'NSE:NIFTYBANK-INDEX', 'signal': 'BUY PUT', 'strategy': 'BREAKOUT', 'price': 57577.15, 'stop_loss': 57614.89464285714, 'take_profit': 57199.703571428574, 'tp1': 57520.53303571429, 'rr_ratio': 10.0, 'timestamp': '2026-09-03T09:15:00+05:30', 'accepted': False, 'rejection_reasons': ['LOW_RVOL', 'BIAS_MISMATCH'], 'features': {'date': '2026-09-03', 'strategy_name': 'Structural_v3', 'strategy_version': 'v3.2', 'feature_version': 'v1.1', 'market_regime': 'GAP_UP_HIGH_VOL', 'day_type': 'NORMAL_DAY', 'session_type': 'OPEN', 'daily_bias': 'NEUTRAL', 'hourly_bias': 'NEUTRAL', 'trend_strength': 0.0, 'rvol': 0.79, 'rvol_threshold': 1.0, 'atr': 75.49, 'distance_from_supply': 427.08, 'distance_from_demand': 753.95, 'nearest_supply_strength': 84.3, 'nearest_demand_strength': 71.5, 'distance_to_liquidity_pool': 753.9500000000044, 'liquidity_score': 7.9, 'indicator_snapshot': {'rvol_tod': 0.79, 'is_compressed': False, 'bos_count': 0}, 'move_efficiency': 0.7421, 'wickiness': 0.4616, 'fft_score': 0.0, 'setup_type': 'BREAKOUT', 'candidate_id': 'cand_NSE_NIFTYBANK_INDEX_BREAKOUT_57023.95_20260903_091500', 'ema20': 57137.38, 'ema50': 57113.32, 'move_efficiency_h1': 0.5925, 'ema_bullish': True, 'rsi14': 83.95, 'rsi2': 50.0, 'distance_to_vwap': 0.0, 'atr_percentile': 0.8545, 'dist_prev_high': 0.0062, 'dist_prev_low': 0.0133, 'adx': 18.22, 'adx_slope': 6.242, 'gap_pct': 0.0057, 'regime_primary': 'GAP_UP', 'regime_vol_state': 'HIGH_VOL'}, 'candidate_id': 'cand_NSE_NIFTYBANK_INDEX_BREAKOUT_57023.95_20260903_091500_Structural_v3.3_ExitMgmt', 'experiment_name': 'Structural_v3.3_ExitMgmt', 'strategy_id': 'structural', 'version': 'v3.2'}
2026-09-03 09:20:18,929 - INFO - Resolved active expiry from DB: 26SEP (2026-09-29)
2026-09-03 09:20:18,942 - INFO - Resolved index signal into option contract: OptionContract(symbol='NSE:BANKNIFTY26SEP57600PE', strike=57600.0, expiry='26SEP', option_type='PE', premium=564.85, delta=0.5, bid=569.0, ask=570.55, volume=107370, resolved_at=datetime.datetime(2026, 9, 3, 9, 20, 18, 942077))
2026-09-03 09:20:18,942 - INFO - ⚡ Option strike selection resolved index signal to contract NSE:BANKNIFTY26SEP57600PE @ premium 564.85 (type: PE, strike: 57600.0)
2026-09-03 09:20:18,942 - INFO - 📊 EXECUTION AUDIT [STRIKE_SELECTED]: trade_id=None, candidate_id=cand_NSE_NIFTYBANK_INDEX_BREAKOUT_57023.95_20260903_091500_Structural_v3.3_ExitMgmt, payload={'symbol': 'NSE:BANKNIFTY26SEP57600PE', 'strike': 57600.0, 'expiry': '26SEP', 'type': 'PE'}
2026-09-03 09:20:18,955 - INFO - 📊 EXECUTION AUDIT [PREMIUM_RETRIEVED]: trade_id=None, candidate_id=cand_NSE_NIFTYBANK_INDEX_BREAKOUT_57023.95_20260903_091500_Structural_v3.3_ExitMgmt, payload={'premium': 564.85, 'bid': 569.0, 'ask': 570.55}
2026-09-03 09:20:18,965 - INFO - 📊 EXECUTION AUDIT [CF_SUBMITTED]: trade_id=None, candidate_id=cand_NSE_NIFTYBANK_INDEX_BREAKOUT_57023.95_20260903_091500_Structural_v3.3_ExitMgmt, payload={'price': 57577.15, 'sl': 57614.89464285714, 'tp': 57199.703571428574}
2026-09-03 09:20:18,976 - INFO - 📊 EXECUTION AUDIT [CF_FILLED]: trade_id=None, candidate_id=cand_NSE_NIFTYBANK_INDEX_BREAKOUT_57023.95_20260903_091500_Structural_v3.3_ExitMgmt, payload={'price': 57577.15, 'sl': 57614.89464285714, 'tp': 57199.703571428574}
2026-09-03 09:20:18,988 - INFO - 💰 Position size [BREAKOUT|GAP_UP_HIGH_VOL|conf=70]: frac=0.002 → ₹5,000 (risk/unit=0.07%)
2026-09-03 09:20:19,011 - INFO - 🟢 ENTRY [CF|Structural_v3.3_ExitMgmt|ctural_v3.3_ExitMgmt]: NSE:NIFTYBANK-INDEX BUY PUT @ 57577.15 | SL: 57614.89 TP: 57199.70
2026-09-03 09:20:19,011 - INFO - 👻 [PrevDay_Extremes_RVOL1.2] CF BREAKOUT NSE:NIFTYBANK-INDEX BUY CALL | Rejected: ['LOW_RVOL', 'BIAS_MISMATCH', 'LOW_RR']
2026-09-03 09:20:19,011 - INFO - 📊 EXECUTION AUDIT [SIGNAL_GENERATED]: trade_id=None, candidate_id=cand_NSE_NIFTYBANK_INDEX_PDHL_BREAKOUT_57577.15_20260903_092005_PrevDay_Extremes_RVOL1.2, payload={'symbol': 'NSE:NIFTYBANK-INDEX', 'signal': 'BUY CALL', 'strategy': 'BREAKOUT', 'price': 57577.15, 'stop_loss': 57199.7242979527, 'take_profit': 57954.6, 'tp1': 58143.288553070954, 'rr_ratio': 1.0, 'timestamp': '2026-09-03T09:20:05.910667+05:30', 'accepted': False, 'rejection_reasons': ['LOW_RVOL', 'BIAS_MISMATCH', 'LOW_RR'], 'features': {'atr': 75.49, 'ema20': 57137.38, 'ema50': 57113.32, 'move_efficiency': 0.7421, 'move_efficiency_h1': 0.5925, 'wickiness': 0.4616, 'ema_bullish': True, 'rsi14': 83.95, 'rsi2': 50.0, 'distance_to_vwap': 0.0, 'atr_percentile': 0.8545, 'dist_prev_high': 0.0062, 'dist_prev_low': 0.0133, 'adx': 18.22, 'adx_slope': 6.242, 'gap_pct': 0.0057, 'regime_primary': 'GAP_UP', 'regime_vol_state': 'HIGH_VOL', 'market_regime': 'GAP_UP_HIGH_VOL'}, 'candidate_id': 'cand_NSE_NIFTYBANK_INDEX_PDHL_BREAKOUT_57577.15_20260903_092005_PrevDay_Extremes_RVOL1.2', 'confidence': 0.5, 'diagnostics': {'dist_prev_high': 0.0062, 'dist_prev_low': 0.0133, 'prev_high': 57222.37, 'prev_low': 56821.43, 'setup_type': 'BREAKOUT', 'rvol': 0.79, 'atr': 75.49, 'atr_percentile': 0.855}, 'experiment_name': 'PrevDay_Extremes_RVOL1.2', 'strategy_id': 'prev_day_extremes', 'version': 'v1.0'}
2026-09-03 09:20:19,034 - INFO - Resolved active expiry from DB: 26SEP (2026-09-29)
2026-09-03 09:20:19,050 - INFO - Resolved index signal into option contract: OptionContract(symbol='NSE:BANKNIFTY26SEP57600CE', strike=57600.0, expiry='26SEP', option_type='CE', premium=844.0, delta=0.5, bid=840.95, ask=844.0, volume=117450, resolved_at=datetime.datetime(2026, 9, 3, 9, 20, 19, 50461))
2026-09-03 09:20:19,050 - INFO - ⚡ Option strike selection resolved index signal to contract NSE:BANKNIFTY26SEP57600CE @ premium 844.0 (type: CE, strike: 57600.0)
2026-09-03 09:20:19,050 - INFO - 📊 EXECUTION AUDIT [STRIKE_SELECTED]: trade_id=None, candidate_id=cand_NSE_NIFTYBANK_INDEX_PDHL_BREAKOUT_57577.15_20260903_092005_PrevDay_Extremes_RVOL1.2, payload={'symbol': 'NSE:BANKNIFTY26SEP57600CE', 'strike': 57600.0, 'expiry': '26SEP', 'type': 'CE'}
2026-09-03 09:20:19,060 - INFO - 📊 EXECUTION AUDIT [PREMIUM_RETRIEVED]: trade_id=None, candidate_id=cand_NSE_NIFTYBANK_INDEX_PDHL_BREAKOUT_57577.15_20260903_092005_PrevDay_Extremes_RVOL1.2, payload={'premium': 844.0, 'bid': 840.95, 'ask': 844.0}
2026-09-03 09:20:19,071 - INFO - 📊 EXECUTION AUDIT [CF_SUBMITTED]: trade_id=None, candidate_id=cand_NSE_NIFTYBANK_INDEX_PDHL_BREAKOUT_57577.15_20260903_092005_PrevDay_Extremes_RVOL1.2, payload={'price': 57577.15, 'sl': 57199.7242979527, 'tp': 57954.6}
2026-09-03 09:20:19,081 - INFO - 📊 EXECUTION AUDIT [CF_FILLED]: trade_id=None, candidate_id=cand_NSE_NIFTYBANK_INDEX_PDHL_BREAKOUT_57577.15_20260903_092005_PrevDay_Extremes_RVOL1.2, payload={'price': 57577.15, 'sl': 57199.7242979527, 'tp': 57954.6}
2026-09-03 09:20:19,091 - INFO - 💰 Position size [BREAKOUT|GAP_UP_HIGH_VOL|conf=0]: frac=0.002 → ₹5,000 (risk/unit=0.66%)
2026-09-03 09:20:19,114 - INFO - 🟢 ENTRY [CF|PrevDay_Extremes_RVOL1.2|Day_Extremes_RVOL1.2]: NSE:NIFTYBANK-INDEX BUY CALL @ 57577.15 | SL: 57199.72 TP: 57954.60
2026-09-03 09:20:19,114 - INFO - 👻 [VerticalSpread_v1.0] CF COMBO BULL_CALL_SPREAD NSE:NIFTYBANK-INDEX BULL_CALL_SPREAD | Rejected: ['LOW_RVOL']
2026-09-03 09:20:19,124 - INFO - Resolved active expiry from DB: 26SEP (2026-09-29)
2026-09-03 09:20:19,155 - INFO - Resolved BULL_CALL_SPREAD for NSE:NIFTYBANK-INDEX: [('CE', 'BUY', 57600.0), ('CE', 'SELL', 57800.0)] net_premium=119.30 max_loss=119.30
2026-09-03 09:20:19,177 - INFO - 🟢 CF COMBO ENTRY [VerticalSpread_v1.0|_VerticalSpread_v1.0]: NSE:NIFTYBANK-INDEX BULL_CALL_SPREAD | Net premium: 119.30 | Max loss: 119.30
2026-09-03 09:20:19,177 - INFO - 👻 [OIWallReaction_v1.0] CF OI_WALL_FADE NSE:NIFTYBANK-INDEX BUY CALL | Rejected: ['LOW_RR:0.87']
2026-09-03 09:20:19,178 - INFO - 📊 EXECUTION AUDIT [SIGNAL_GENERATED]: trade_id=None, candidate_id=cand_NSE_NIFTYBANK_INDEX_OI_WALL_FADE_57577.15_20260903_092005_OIWallReaction_v1.0, payload={'symbol': 'NSE:NIFTYBANK-INDEX', 'candidate_id': 'cand_NSE_NIFTYBANK_INDEX_OI_WALL_FADE_57577.15_20260903_092005_OIWallReaction_v1.0', 'signal': 'BUY CALL', 'price': 57577.15, 'stop_loss': 57488.6765, 'take_profit': 57500.0, 'tp1': 57709.86025, 'rr_ratio': 0.87, 'strategy': 'OI_WALL_FADE', 'confidence': 1.0, 'accepted': False, 'rejection_reasons': ['LOW_RR:0.87'], 'timestamp': datetime.datetime(2026, 9, 3, 9, 20, 5, 910667, tzinfo=zoneinfo.ZoneInfo(key='Asia/Kolkata')), 'diagnostics': {'wall_strike': 57500.0, 'wall_oi': 1917930, 'wall_oi_change': -15690, 'wall_type': 'put'}, 'experiment_name': 'OIWallReaction_v1.0', 'strategy_id': 'oi_wall_reaction', 'version': 'v1.0', 'features': {'regime_primary': 'GAP_UP', 'regime_vol_state': 'HIGH_VOL', 'market_regime': 'GAP_UP_HIGH_VOL'}}
2026-09-03 09:20:19,201 - INFO - Resolved active expiry from DB: 26SEP (2026-09-29)
2026-09-03 09:20:19,215 - INFO - Resolved index signal into option contract: OptionContract(symbol='NSE:BANKNIFTY26SEP57600CE', strike=57600.0, expiry='26SEP', option_type='CE', premium=844.0, delta=0.5, bid=840.95, ask=844.0, volume=117450, resolved_at=datetime.datetime(2026, 9, 3, 9, 20, 19, 215648))
2026-09-03 09:20:19,215 - INFO - ⚡ Option strike selection resolved index signal to contract NSE:BANKNIFTY26SEP57600CE @ premium 844.0 (type: CE, strike: 57600.0)
2026-09-03 09:20:19,215 - INFO - 📊 EXECUTION AUDIT [STRIKE_SELECTED]: trade_id=None, candidate_id=cand_NSE_NIFTYBANK_INDEX_OI_WALL_FADE_57577.15_20260903_092005_OIWallReaction_v1.0, payload={'symbol': 'NSE:BANKNIFTY26SEP57600CE', 'strike': 57600.0, 'expiry': '26SEP', 'type': 'CE'}
2026-09-03 09:20:19,226 - INFO - 📊 EXECUTION AUDIT [PREMIUM_RETRIEVED]: trade_id=None, candidate_id=cand_NSE_NIFTYBANK_INDEX_OI_WALL_FADE_57577.15_20260903_092005_OIWallReaction_v1.0, payload={'premium': 844.0, 'bid': 840.95, 'ask': 844.0}
2026-09-03 09:20:19,237 - INFO - 📊 EXECUTION AUDIT [CF_SUBMITTED]: trade_id=None, candidate_id=cand_NSE_NIFTYBANK_INDEX_OI_WALL_FADE_57577.15_20260903_092005_OIWallReaction_v1.0, payload={'price': 57577.15, 'sl': 57488.6765, 'tp': 57500.0}
2026-09-03 09:20:19,248 - INFO - 📊 EXECUTION AUDIT [CF_FILLED]: trade_id=None, candidate_id=cand_NSE_NIFTYBANK_INDEX_OI_WALL_FADE_57577.15_20260903_092005_OIWallReaction_v1.0, payload={'price': 57577.15, 'sl': 57488.6765, 'tp': 57500.0}
2026-09-03 09:20:19,258 - INFO - 💰 Position size [OI_WALL_FADE|GAP_UP_HIGH_VOL|conf=1]: frac=0.002 → ₹5,000 (risk/unit=0.15%)
2026-09-03 09:20:19,283 - INFO - 🟢 ENTRY [CF|OIWallReaction_v1.0|_OIWallReaction_v1.0]: NSE:NIFTYBANK-INDEX BUY CALL @ 57577.15 | SL: 57488.68 TP: 57500.00
2026-09-03 09:20:19,284 - INFO - 👻 [Butterfly_v1.0] CF COMBO BUTTERFLY_SPREAD NSE:NIFTYBANK-INDEX BUTTERFLY_SPREAD | Rejected: ['HIGH_EFFICIENCY']
2026-09-03 09:20:19,296 - INFO - Resolved active expiry from DB: 26SEP (2026-09-29)
2026-09-03 09:20:19,349 - INFO - Resolved BUTTERFLY_SPREAD for NSE:NIFTYBANK-INDEX: [('CE', 'BUY', 57400.0), ('CE', 'SELL', 57600.0), ('CE', 'SELL', 57600.0), ('CE', 'BUY', 57800.0)] net_premium=2.20 max_loss=2.20
2026-09-03 09:20:19,373 - INFO - 🟢 CF COMBO ENTRY [Butterfly_v1.0|92005_Butterfly_v1.0]: NSE:NIFTYBANK-INDEX BUTTERFLY_SPREAD | Net premium: 2.20 | Max loss: 2.20
2026-09-03 09:20:19,373 - INFO - 🚀 SIGNAL: NSE:NIFTYBANK-INDEX BUY PUT | [RelativeValue_NIFTY_BANKNIFTY_v1.0]
2026-09-03 09:20:19,373 - INFO -    Entry: 57577.15 | SL: 57614.895000000004 | TP: 57432.45498250416 (RR: 3.83)
2026-09-03 09:20:19,374 - INFO - 📊 EXECUTION AUDIT [SIGNAL_GENERATED]: trade_id=trade_NSE_NIFTYBANK_INDEX_RelativeValue_NIFTY_BANKNIFTY_v1.0_1788407405, candidate_id=cand_NSE_NIFTYBANK_INDEX_RELVAL_57577.15_20260903_092005_RelativeValue_NIFTY_BANKNIFTY_v1.0, payload={'symbol': 'NSE:NIFTYBANK-INDEX', 'signal': 'BUY PUT', 'strategy': 'RATIO_DIVERGENCE', 'price': 57577.15, 'stop_loss': 57614.895000000004, 'take_profit': 57432.45498250416, 'tp1': 57520.5325, 'rr_ratio': 3.83, 'timestamp': '2026-09-03T09:20:05.910667+05:30', 'accepted': True, 'rejection_reasons': [], 'features': {'atr': 75.49, 'ema20': 57137.38, 'ema50': 57113.32, 'move_efficiency': 0.7421, 'move_efficiency_h1': 0.5925, 'wickiness': 0.4616, 'ema_bullish': True, 'rsi14': 83.95, 'rsi2': 50.0, 'distance_to_vwap': 0.0, 'atr_percentile': 0.8545, 'dist_prev_high': 0.0062, 'dist_prev_low': 0.0133, 'adx': 18.22, 'adx_slope': 6.242, 'gap_pct': 0.0057, 'regime_primary': 'GAP_UP', 'regime_vol_state': 'HIGH_VOL', 'market_regime': 'GAP_UP_HIGH_VOL'}, 'candidate_id': 'cand_NSE_NIFTYBANK_INDEX_RELVAL_57577.15_20260903_092005_RelativeValue_NIFTY_BANKNIFTY_v1.0', 'confidence': 0.78, 'diagnostics': {'ratio_now': 0.4163, 'ratio_rolling_mean': 0.418, 'ratio_rolling_std': 0.000367, 'z_score': -4.76, 'atr': 75.49, 'rr_ratio': 3.83, 'other_symbol': 'NSE:NIFTY50-INDEX'}, 'experiment_name': 'RelativeValue_NIFTY_BANKNIFTY_v1.0', 'strategy_id': 'relative_value_nifty_banknifty', 'version': 'v1.0'}
2026-09-03 09:20:19,400 - INFO - Resolved active expiry from DB: 26SEP (2026-09-29)
2026-09-03 09:20:19,412 - INFO - Resolved index signal into option contract: OptionContract(symbol='NSE:BANKNIFTY26SEP57600PE', strike=57600.0, expiry='26SEP', option_type='PE', premium=564.85, delta=0.5, bid=569.0, ask=570.55, volume=107370, resolved_at=datetime.datetime(2026, 9, 3, 9, 20, 19, 412702))
2026-09-03 09:20:19,412 - INFO - ⚡ Option strike selection resolved index signal to contract NSE:BANKNIFTY26SEP57600PE @ premium 564.85 (type: PE, strike: 57600.0)
2026-09-03 09:20:19,413 - INFO - 📊 EXECUTION AUDIT [STRIKE_SELECTED]: trade_id=trade_NSE_NIFTYBANK_INDEX_RelativeValue_NIFTY_BANKNIFTY_v1.0_1788407405, candidate_id=cand_NSE_NIFTYBANK_INDEX_RELVAL_57577.15_20260903_092005_RelativeValue_NIFTY_BANKNIFTY_v1.0, payload={'symbol': 'NSE:BANKNIFTY26SEP57600PE', 'strike': 57600.0, 'expiry': '26SEP', 'type': 'PE'}
2026-09-03 09:20:19,424 - INFO - 📊 EXECUTION AUDIT [PREMIUM_RETRIEVED]: trade_id=trade_NSE_NIFTYBANK_INDEX_RelativeValue_NIFTY_BANKNIFTY_v1.0_1788407405, candidate_id=cand_NSE_NIFTYBANK_INDEX_RELVAL_57577.15_20260903_092005_RelativeValue_NIFTY_BANKNIFTY_v1.0, payload={'premium': 564.85, 'bid': 569.0, 'ask': 570.55}
2026-09-03 09:20:19,436 - INFO - 📊 EXECUTION AUDIT [ORDER_SUBMITTED]: trade_id=trade_NSE_NIFTYBANK_INDEX_RelativeValue_NIFTY_BANKNIFTY_v1.0_1788407405, candidate_id=cand_NSE_NIFTYBANK_INDEX_RELVAL_57577.15_20260903_092005_RelativeValue_NIFTY_BANKNIFTY_v1.0, payload={'price': 57577.15, 'sl': 57614.895000000004, 'tp': 57432.45498250416}
2026-09-03 09:20:19,447 - INFO - 📊 EXECUTION AUDIT [ORDER_FILLED]: trade_id=trade_NSE_NIFTYBANK_INDEX_RelativeValue_NIFTY_BANKNIFTY_v1.0_1788407405, candidate_id=cand_NSE_NIFTYBANK_INDEX_RELVAL_57577.15_20260903_092005_RelativeValue_NIFTY_BANKNIFTY_v1.0, payload={'price': 57577.15, 'sl': 57614.895000000004, 'tp': 57432.45498250416}
2026-09-03 09:20:19,458 - INFO - 💰 Position size [RATIO_DIVERGENCE|GAP_UP_HIGH_VOL|conf=1]: frac=0.002 → ₹5,000 (risk/unit=0.07%)
2026-09-03 09:20:19,504 - INFO - 🟢 ENTRY [RelativeValue_NIFTY_BANKNIFTY_v1.0|_v1.0_1788407405]: NSE:NIFTYBANK-INDEX BUY PUT @ 57577.15 | SL: 57614.90 TP: 57432.45
2026-09-03 09:20:35,508 - INFO - ⏱️ [Real-time Exit Loop] Checking open positions @ 09:20:35...
2026-09-03 09:20:36,614 - INFO - 📊 EXECUTION AUDIT [SL_MODIFIED]: trade_id=trade_NSE_NIFTYBANK_INDEX_RelativeValue_NIFTY_BANKNIFTY_v1.0_1788407405, candidate_id=cand_NSE_NIFTYBANK_INDEX_RELVAL_57577.15_20260903_092005_RelativeValue_NIFTY_BANKNIFTY_v1.0, payload={'price': 57555.25, 'old_sl': 57614.895000000004, 'new_sl': 57592.995, 'old_tp': None, 'new_tp': 57432.45498250416, 'reason': 'TRAILING_SL'}
2026-09-03 09:20:36,677 - INFO - 🟡 UPDATE (TRAILING_SL) [RelativeValue_NIFTY_BANKNIFTY_v1.0|NIFTY_BANKNIFTY_v1.0]: NSE:NIFTYBANK-INDEX @ 57555.25 | SL→57593.00 TP→57432.45
2026-09-03 09:20:36,701 - INFO - 📊 EXECUTION AUDIT [CF_SL_MODIFIED]: trade_id=None, candidate_id=cand_NSE_NIFTYBANK_INDEX_BREAKOUT_57023.95_20260903_091500_Structural_v3.2_RVOL1.0, payload={'price': 57555.25, 'old_sl': 57614.89464285714, 'new_sl': 57592.99464285714, 'old_tp': None, 'new_tp': 57199.703571428574, 'reason': 'TRAILING_SL'}
2026-09-03 09:20:36,736 - INFO - 🟡 UPDATE (TRAILING_SL) [CFStructural_v3.2_RVOL1.0|uctural_v3.2_RVOL1.0]: NSE:NIFTYBANK-INDEX @ 57555.25 | SL→57592.99 TP→57199.70
2026-09-03 09:20:36,736 - INFO - 📊 EXECUTION AUDIT [CF_SL_MODIFIED]: trade_id=None, candidate_id=cand_NSE_NIFTYBANK_INDEX_BREAKOUT_57023.95_20260903_091500_Structural_v3.2_RVOL0.8, payload={'price': 57555.25, 'old_sl': 57614.89464285714, 'new_sl': 57592.99464285714, 'old_tp': None, 'new_tp': 57199.703571428574, 'reason': 'TRAILING_SL'}
2026-09-03 09:20:36,773 - INFO - 🟡 UPDATE (TRAILING_SL) [CFStructural_v3.2_RVOL0.8|uctural_v3.2_RVOL0.8]: NSE:NIFTYBANK-INDEX @ 57555.25 | SL→57592.99 TP→57199.70
2026-09-03 09:20:36,773 - INFO - 📊 EXECUTION AUDIT [CF_TP_EXPANDED]: trade_id=None, candidate_id=cand_NSE_NIFTYBANK_INDEX_OI_WALL_FADE_57577.15_20260903_092005_OIWallReaction_v1.0, payload={'price': 57555.25, 'old_sl': 57488.6765, 'new_sl': 57488.6765, 'old_tp': 57500.0, 'new_tp': 57588.4735, 'reason': 'TP_EXPANSION'}
2026-09-03 09:20:36,810 - INFO - 🟡 UPDATE (TP_EXPANSION) [CFOIWallReaction_v1.0|_OIWallReaction_v1.0]: NSE:NIFTYBANK-INDEX @ 57555.25 | SL→57488.68 TP→57588.47
2026-09-03 09:20:37,618 - INFO - Retrieved live premium from Fyers API: LTP=379.15 for NSE:BANKNIFTY26SEP57000PE
2026-09-03 09:20:38,616 - INFO - Retrieved live premium from Fyers API: LTP=379.2 for NSE:BANKNIFTY26SEP57000PE
2026-09-03 09:20:39,614 - INFO - Retrieved live premium from Fyers API: LTP=352.75 for NSE:BANKNIFTY26SEP56900PE
2026-09-03 09:20:40,614 - INFO - Retrieved live premium from Fyers API: LTP=326.3 for NSE:BANKNIFTY26SEP56800PE
2026-09-03 09:20:41,610 - INFO - Retrieved live premium from Fyers API: LTP=352.75 for NSE:BANKNIFTY26SEP56900PE
2026-09-03 09:20:42,096 - INFO - 🔴 CF COMBO EXIT (STOP_R) [Butterfly_v1.0|92005_Butterfly_v1.0]: NSE:NIFTYBANK-INDEX BUTTERFLY_SPREAD | PnL -5.04R | 0min
2026-09-03 09:20:44,508 - INFO - 📊 Saved 22 snapshots for NSE:NIFTY50-INDEX  (oi range: 348,855–10,460,775)
2026-09-03 09:20:46,606 - INFO - 📡 Fetching NSE:NIFTYBANK-INDEX @ 57552  expiry=26SEP  strikes=ATM±5
2026-09-03 09:21:05,099 - INFO - ⏱️ [Real-time Exit Loop] Checking open positions @ 09:21:05...
2026-09-03 09:21:07,205 - INFO - Retrieved live premium from Fyers API: LTP=370.5 for NSE:BANKNIFTY26SEP57000PE
2026-09-03 09:21:08,222 - INFO - Retrieved live premium from Fyers API: LTP=368.55 for NSE:BANKNIFTY26SEP57000PE
2026-09-03 09:21:09,236 - INFO - Retrieved live premium from Fyers API: LTP=340.15 for NSE:BANKNIFTY26SEP56900PE
2026-09-03 09:21:10,236 - INFO - Retrieved live premium from Fyers API: LTP=316.9 for NSE:BANKNIFTY26SEP56800PE
2026-09-03 09:21:11,243 - INFO - Retrieved live premium from Fyers API: LTP=340.15 for NSE:BANKNIFTY26SEP56900PE
2026-09-03 09:21:16,488 - INFO - 📊 Saved 22 snapshots for NSE:NIFTYBANK-INDEX  (oi range: 59,310–1,928,760)
2026-09-03 09:21:17,606 - INFO - 📡 Fetching NSE:NIFTY50-INDEX @ 23988  expiry=26908  strikes=ATM±5
2026-09-03 09:21:35,665 - INFO - ⏱️ [Real-time Exit Loop] Checking open positions @ 09:21:35...
2026-09-03 09:21:36,826 - INFO - 📊 EXECUTION AUDIT [CF_SL_MODIFIED]: trade_id=None, candidate_id=cand_NSE_NIFTYBANK_INDEX_PDHL_BREAKOUT_57577.15_20260903_092005_PrevDay_Extremes_RVOL1.2, payload={'price': 57588.6, 'old_sl': 57199.7242979527, 'new_sl': 57211.1742979527, 'old_tp': None, 'new_tp': 57954.6, 'reason': 'TRAILING_SL'}
2026-09-03 09:21:36,870 - INFO - 🟡 UPDATE (TRAILING_SL) [CFPrevDay_Extremes_RVOL1.2|Day_Extremes_RVOL1.2]: NSE:NIFTYBANK-INDEX @ 57588.60 | SL→57211.17 TP→57954.60
2026-09-03 09:21:36,870 - INFO - 📊 EXECUTION AUDIT [CF_TP_EXPANDED]: trade_id=None, candidate_id=cand_NSE_NIFTYBANK_INDEX_OI_WALL_FADE_57577.15_20260903_092005_OIWallReaction_v1.0, payload={'price': 57588.6, 'old_sl': 57488.6765, 'new_sl': 57500.1265, 'old_tp': 57588.4735, 'new_tp': 57676.947, 'reason': 'TP_EXPANSION'}
2026-09-03 09:21:36,905 - INFO - 🟡 UPDATE (TP_EXPANSION) [CFOIWallReaction_v1.0|_OIWallReaction_v1.0]: NSE:NIFTYBANK-INDEX @ 57588.60 | SL→57500.13 TP→57676.95
2026-09-03 09:21:37,785 - INFO - Retrieved live premium from Fyers API: LTP=20.95 for NSE:NIFTY2690823700PE
2026-09-03 09:21:38,766 - INFO - Retrieved live premium from Fyers API: LTP=370.85 for NSE:BANKNIFTY26SEP57000PE
2026-09-03 09:21:39,794 - INFO - Retrieved live premium from Fyers API: LTP=370.05 for NSE:BANKNIFTY26SEP57000PE
2026-09-03 09:21:40,822 - INFO - Retrieved live premium from Fyers API: LTP=342.1 for NSE:BANKNIFTY26SEP56900PE
2026-09-03 09:21:41,814 - INFO - Retrieved live premium from Fyers API: LTP=317.3 for NSE:BANKNIFTY26SEP56800PE
2026-09-03 09:21:42,818 - INFO - Retrieved live premium from Fyers API: LTP=342.8 for NSE:BANKNIFTY26SEP56900PE
2026-09-03 09:21:47,563 - INFO - 📊 Saved 22 snapshots for NSE:NIFTY50-INDEX  (oi range: 356,590–10,575,370)
2026-09-03 09:21:49,690 - INFO - 📡 Fetching NSE:NIFTYBANK-INDEX @ 57590  expiry=26SEP  strikes=ATM±5
2026-09-03 09:22:05,263 - INFO - ⏱️ [Real-time Exit Loop] Checking open positions @ 09:22:05...
2026-09-03 09:22:07,387 - INFO - Retrieved live premium from Fyers API: LTP=22.7 for NSE:NIFTY2690823700PE
2026-09-03 09:22:08,382 - INFO - Retrieved live premium from Fyers API: LTP=370.8 for NSE:BANKNIFTY26SEP57000PE
2026-09-03 09:22:09,392 - INFO - Retrieved live premium from Fyers API: LTP=371.15 for NSE:BANKNIFTY26SEP57000PE
2026-09-03 09:22:10,397 - INFO - Retrieved live premium from Fyers API: LTP=341.95 for NSE:BANKNIFTY26SEP56900PE
2026-09-03 09:22:11,386 - INFO - Retrieved live premium from Fyers API: LTP=317.2 for NSE:BANKNIFTY26SEP56800PE
2026-09-03 09:22:12,374 - INFO - Retrieved live premium from Fyers API: LTP=341.95 for NSE:BANKNIFTY26SEP56900PE
2026-09-03 09:22:19,501 - INFO - 📊 Saved 22 snapshots for NSE:NIFTYBANK-INDEX  (oi range: 59,130–1,930,200)
2026-09-03 09:22:20,628 - INFO - 📡 Fetching NSE:NIFTY50-INDEX @ 23975  expiry=26908  strikes=ATM±5
2026-09-03 09:22:35,830 - INFO - ⏱️ [Real-time Exit Loop] Checking open positions @ 09:22:35...
2026-09-03 09:22:36,938 - INFO - 📊 EXECUTION AUDIT [ORDER_EXITED]: trade_id=trade_NSE_NIFTYBANK_INDEX_RelativeValue_NIFTY_BANKNIFTY_v1.0_1788407405, candidate_id=cand_NSE_NIFTYBANK_INDEX_RELVAL_57577.15_20260903_092005_RelativeValue_NIFTY_BANKNIFTY_v1.0, payload={'exit_price': 57617.55, 'exit_reason': 'TRAILING_SL', 'pnl_r': -0.010516168609236702, 'duration_minutes': 2.4986679166666668, 'bars_held': 0}
2026-09-03 09:22:37,003 - INFO - 🔴 EXIT (TRAILING_SL) [RelativeValue_NIFTY_BANKNIFTY_v1.0|NIFTY_BANKNIFTY_v1.0]: NSE:NIFTYBANK-INDEX @ 57617.55 | PnL -0.01R | MFE 0.58R | Capture -2% | 0bars HoldEff -0.011R/bar
2026-09-03 09:22:37,004 - INFO - 📊 EXECUTION AUDIT [CF_EXITED]: trade_id=None, candidate_id=cand_NSE_NIFTYBANK_INDEX_BREAKOUT_57023.95_20260903_091500_Structural_v3.2_RVOL1.0, payload={'exit_price': 57617.55, 'exit_reason': 'TRAILING_SL', 'pnl_r': -0.010516168609236702, 'duration_minutes': 2.4986679166666668, 'bars_held': 0}
2026-09-03 09:22:37,044 - INFO - 🔴 EXIT (TRAILING_SL) [CFStructural_v3.2_RVOL1.0|uctural_v3.2_RVOL1.0]: NSE:NIFTYBANK-INDEX @ 57617.55 | PnL -0.01R | MFE 0.58R | Capture -2% | 0bars HoldEff -0.011R/bar
2026-09-03 09:22:37,044 - INFO - 📊 EXECUTION AUDIT [CF_EXITED]: trade_id=None, candidate_id=cand_NSE_NIFTYBANK_INDEX_BREAKOUT_57023.95_20260903_091500_Structural_v3.2_RVOL0.8, payload={'exit_price': 57617.55, 'exit_reason': 'TRAILING_SL', 'pnl_r': -0.010516168609236702, 'duration_minutes': 2.4986679166666668, 'bars_held': 0}
2026-09-03 09:22:37,082 - INFO - 🔴 EXIT (TRAILING_SL) [CFStructural_v3.2_RVOL0.8|uctural_v3.2_RVOL0.8]: NSE:NIFTYBANK-INDEX @ 57617.55 | PnL -0.01R | MFE 0.58R | Capture -2% | 0bars HoldEff -0.011R/bar
2026-09-03 09:22:37,083 - INFO - 📊 EXECUTION AUDIT [CF_EXITED]: trade_id=None, candidate_id=cand_NSE_NIFTYBANK_INDEX_BREAKOUT_57023.95_20260903_091500_Structural_v3.3_ExitMgmt, payload={'exit_price': 57617.55, 'exit_reason': 'INITIAL_SL', 'pnl_r': -0.010516168609236702, 'duration_minutes': 2.4986679166666668, 'bars_held': 0}
2026-09-03 09:22:37,117 - INFO - 🔴 EXIT (INITIAL_SL) [CFStructural_v3.3_ExitMgmt|ctural_v3.3_ExitMgmt]: NSE:NIFTYBANK-INDEX @ 57617.55 | PnL -0.01R | MFE 0.58R | Capture -2% | 0bars HoldEff -0.011R/bar
2026-09-03 09:22:37,118 - INFO - 📊 EXECUTION AUDIT [CF_SL_MODIFIED]: trade_id=None, candidate_id=cand_NSE_NIFTYBANK_INDEX_PDHL_BREAKOUT_57577.15_20260903_092005_PrevDay_Extremes_RVOL1.2, payload={'price': 57617.55, 'old_sl': 57211.1742979527, 'new_sl': 57240.1242979527, 'old_tp': None, 'new_tp': 57954.6, 'reason': 'TRAILING_SL'}
2026-09-03 09:22:37,149 - INFO - 🟡 UPDATE (TRAILING_SL) [CFPrevDay_Extremes_RVOL1.2|Day_Extremes_RVOL1.2]: NSE:NIFTYBANK-INDEX @ 57617.55 | SL→57240.12 TP→57954.60
2026-09-03 09:22:37,149 - INFO - 📊 EXECUTION AUDIT [CF_SL_MODIFIED]: trade_id=None, candidate_id=cand_NSE_NIFTYBANK_INDEX_OI_WALL_FADE_57577.15_20260903_092005_OIWallReaction_v1.0, payload={'price': 57617.55, 'old_sl': 57500.1265, 'new_sl': 57529.0765, 'old_tp': None, 'new_tp': 57676.947, 'reason': 'TRAILING_SL'}
2026-09-03 09:22:37,179 - INFO - 🟡 UPDATE (TRAILING_SL) [CFOIWallReaction_v1.0|_OIWallReaction_v1.0]: NSE:NIFTYBANK-INDEX @ 57617.55 | SL→57529.08 TP→57676.95
2026-09-03 09:22:37,938 - INFO - Retrieved live premium from Fyers API: LTP=22.55 for NSE:NIFTY2690823700PE
2026-09-03 09:22:38,955 - INFO - Retrieved live premium from Fyers API: LTP=364.55 for NSE:BANKNIFTY26SEP57000PE
2026-09-03 09:22:39,981 - INFO - Retrieved live premium from Fyers API: LTP=365.25 for NSE:BANKNIFTY26SEP57000PE
2026-09-03 09:22:40,976 - INFO - Retrieved live premium from Fyers API: LTP=336.1 for NSE:BANKNIFTY26SEP56900PE
2026-09-03 09:22:41,934 - INFO - Retrieved live premium from Fyers API: LTP=312.0 for NSE:BANKNIFTY26SEP56800PE
2026-09-03 09:22:42,979 - INFO - Retrieved live premium from Fyers API: LTP=336.1 for NSE:BANKNIFTY26SEP56900PE
2026-09-03 09:22:50,494 - INFO - 📊 Saved 22 snapshots for NSE:NIFTY50-INDEX  (oi range: 358,020–10,637,185)
2026-09-03 09:22:52,622 - INFO - 📡 Fetching NSE:NIFTYBANK-INDEX @ 57615  expiry=26SEP  strikes=ATM±5
2026-09-03 09:23:05,416 - INFO - ⏱️ [Real-time Exit Loop] Checking open positions @ 09:23:05...
2026-09-03 09:23:06,507 - INFO - 📊 EXECUTION AUDIT [CF_SL_MODIFIED]: trade_id=None, candidate_id=cand_NSE_NIFTYBANK_INDEX_PDHL_BREAKOUT_57577.15_20260903_092005_PrevDay_Extremes_RVOL1.2, payload={'price': 57618.05, 'old_sl': 57240.1242979527, 'new_sl': 57240.6242979527, 'old_tp': None, 'new_tp': 57954.6, 'reason': 'TRAILING_SL'}
2026-09-03 09:23:06,568 - INFO - 🟡 UPDATE (TRAILING_SL) [CFPrevDay_Extremes_RVOL1.2|Day_Extremes_RVOL1.2]: NSE:NIFTYBANK-INDEX @ 57618.05 | SL→57240.62 TP→57954.60
2026-09-03 09:23:06,569 - INFO - 📊 EXECUTION AUDIT [CF_SL_MODIFIED]: trade_id=None, candidate_id=cand_NSE_NIFTYBANK_INDEX_OI_WALL_FADE_57577.15_20260903_092005_OIWallReaction_v1.0, payload={'price': 57618.05, 'old_sl': 57529.0765, 'new_sl': 57529.5765, 'old_tp': None, 'new_tp': 57676.947, 'reason': 'TRAILING_SL'}
2026-09-03 09:23:06,610 - INFO - 🟡 UPDATE (TRAILING_SL) [CFOIWallReaction_v1.0|_OIWallReaction_v1.0]: NSE:NIFTYBANK-INDEX @ 57618.05 | SL→57529.58 TP→57676.95
2026-09-03 09:23:07,516 - INFO - Retrieved live premium from Fyers API: LTP=22.3 for NSE:NIFTY2690823700PE
2026-09-03 09:23:08,526 - INFO - Retrieved live premium from Fyers API: LTP=363.0 for NSE:BANKNIFTY26SEP57000PE
2026-09-03 09:23:09,511 - INFO - Retrieved live premium from Fyers API: LTP=363.2 for NSE:BANKNIFTY26SEP57000PE
2026-09-03 09:23:10,524 - INFO - Retrieved live premium from Fyers API: LTP=336.55 for NSE:BANKNIFTY26SEP56900PE
2026-09-03 09:23:11,523 - INFO - Retrieved live premium from Fyers API: LTP=311.3 for NSE:BANKNIFTY26SEP56800PE
2026-09-03 09:23:12,533 - INFO - Retrieved live premium from Fyers API: LTP=336.55 for NSE:BANKNIFTY26SEP56900PE
2026-09-03 09:23:22,088 - INFO - 📊 Saved 22 snapshots for NSE:NIFTYBANK-INDEX  (oi range: 59,070–1,934,310)
2026-09-03 09:23:23,182 - INFO - 📡 Fetching NSE:NIFTY50-INDEX @ 23976  expiry=26908  strikes=ATM±5
2026-09-03 09:23:35,999 - INFO - ⏱️ [Real-time Exit Loop] Checking open positions @ 09:23:35...
2026-09-03 09:23:37,121 - INFO - 📊 EXECUTION AUDIT [CF_SL_MODIFIED]: trade_id=None, candidate_id=cand_NSE_NIFTYBANK_INDEX_PDHL_BREAKOUT_57577.15_20260903_092005_PrevDay_Extremes_RVOL1.2, payload={'price': 57625.55, 'old_sl': 57240.6242979527, 'new_sl': 57248.1242979527, 'old_tp': None, 'new_tp': 57954.6, 'reason': 'TRAILING_SL'}
2026-09-03 09:23:37,185 - INFO - 🟡 UPDATE (TRAILING_SL) [CFPrevDay_Extremes_RVOL1.2|Day_Extremes_RVOL1.2]: NSE:NIFTYBANK-INDEX @ 57625.55 | SL→57248.12 TP→57954.60
2026-09-03 09:23:37,185 - INFO - 📊 EXECUTION AUDIT [CF_SL_MODIFIED]: trade_id=None, candidate_id=cand_NSE_NIFTYBANK_INDEX_OI_WALL_FADE_57577.15_20260903_092005_OIWallReaction_v1.0, payload={'price': 57625.55, 'old_sl': 57529.5765, 'new_sl': 57537.0765, 'old_tp': None, 'new_tp': 57676.947, 'reason': 'TRAILING_SL'}
2026-09-03 09:23:37,227 - INFO - 🟡 UPDATE (TRAILING_SL) [CFOIWallReaction_v1.0|_OIWallReaction_v1.0]: NSE:NIFTYBANK-INDEX @ 57625.55 | SL→57537.08 TP→57676.95
2026-09-03 09:23:38,124 - INFO - Retrieved live premium from Fyers API: LTP=23.05 for NSE:NIFTY2690823700PE
2026-09-03 09:23:39,119 - INFO - Retrieved live premium from Fyers API: LTP=362.55 for NSE:BANKNIFTY26SEP57000PE
2026-09-03 09:23:40,137 - INFO - Retrieved live premium from Fyers API: LTP=363.05 for NSE:BANKNIFTY26SEP57000PE
2026-09-03 09:23:41,138 - INFO - Retrieved live premium from Fyers API: LTP=335.7 for NSE:BANKNIFTY26SEP56900PE
2026-09-03 09:23:42,126 - INFO - Retrieved live premium from Fyers API: LTP=310.0 for NSE:BANKNIFTY26SEP56800PE
2026-09-03 09:23:43,125 - INFO - Retrieved live premium from Fyers API: LTP=335.0 for NSE:BANKNIFTY26SEP56900PE
2026-09-03 09:23:52,963 - INFO - 📊 Saved 22 snapshots for NSE:NIFTY50-INDEX  (oi range: 355,225–10,668,320)
2026-09-03 09:23:55,072 - INFO - 📡 Fetching NSE:NIFTYBANK-INDEX @ 57620  expiry=26SEP  strikes=ATM±5
2026-09-03 09:24:05,579 - INFO - ⏱️ [Real-time Exit Loop] Checking open positions @ 09:24:05...
2026-09-03 09:24:06,664 - INFO - 📊 EXECUTION AUDIT [CF_TP_EXPANDED]: trade_id=None, candidate_id=cand_NSE_NIFTY50_INDEX_TRENDLINE_RETEST_23968.65_202609030920_Geometry_v1.0_Score35, payload={'price': 23962.55, 'old_sl': 24028.95, 'new_sl': 24022.85, 'old_tp': 23968.65, 'new_tp': 23908.350000000002, 'reason': 'TP_EXPANSION'}
2026-09-03 09:24:06,712 - INFO - 🟡 UPDATE (TP_EXPANSION) [CFGeometry_v1.0_Score35|eometry_v1.0_Score35]: NSE:NIFTY50-INDEX @ 23962.55 | SL→24022.85 TP→23908.35
2026-09-03 09:24:06,712 - INFO - 📊 EXECUTION AUDIT [CF_TP_EXPANDED]: trade_id=None, candidate_id=cand_NSE_NIFTY50_INDEX_TRENDLINE_RETEST_23968.65_202609030920_Geometry_v1.0_Score50, payload={'price': 23962.55, 'old_sl': 24028.95, 'new_sl': 24022.85, 'old_tp': 23968.65, 'new_tp': 23908.350000000002, 'reason': 'TP_EXPANSION'}
2026-09-03 09:24:06,751 - INFO - 🟡 UPDATE (TP_EXPANSION) [CFGeometry_v1.0_Score50|eometry_v1.0_Score50]: NSE:NIFTY50-INDEX @ 23962.55 | SL→24022.85 TP→23908.35
2026-09-03 09:24:07,691 - INFO - Retrieved live premium from Fyers API: LTP=24.2 for NSE:NIFTY2690823700PE
2026-09-03 09:24:08,698 - INFO - Retrieved live premium from Fyers API: LTP=366.7 for NSE:BANKNIFTY26SEP57000PE
2026-09-03 09:24:09,692 - INFO - Retrieved live premium from Fyers API: LTP=368.35 for NSE:BANKNIFTY26SEP57000PE
2026-09-03 09:24:10,699 - INFO - Retrieved live premium from Fyers API: LTP=339.35 for NSE:BANKNIFTY26SEP56900PE
2026-09-03 09:24:11,706 - INFO - Retrieved live premium from Fyers API: LTP=315.2 for NSE:BANKNIFTY26SEP56800PE
2026-09-03 09:24:12,718 - INFO - Retrieved live premium from Fyers API: LTP=339.35 for NSE:BANKNIFTY26SEP56900PE
2026-09-03 09:24:24,508 - INFO - 📊 Saved 22 snapshots for NSE:NIFTYBANK-INDEX  (oi range: 59,490–1,939,380)
2026-09-03 09:24:25,644 - INFO - 📡 Fetching NSE:NIFTY50-INDEX @ 23964  expiry=26908  strikes=ATM±5
2026-09-03 09:24:35,192 - INFO - ⏱️ [Real-time Exit Loop] Checking open positions @ 09:24:35...
2026-09-03 09:24:36,297 - INFO - 📊 EXECUTION AUDIT [CF_SL_MODIFIED]: trade_id=None, candidate_id=cand_NSE_NIFTY50_INDEX_TRENDLINE_RETEST_23968.65_202609030920_Geometry_v1.0_Score35, payload={'price': 23962.05, 'old_sl': 24022.85, 'new_sl': 24022.35, 'old_tp': None, 'new_tp': 23908.350000000002, 'reason': 'TRAILING_SL'}
2026-09-03 09:24:36,364 - INFO - 🟡 UPDATE (TRAILING_SL) [CFGeometry_v1.0_Score35|eometry_v1.0_Score35]: NSE:NIFTY50-INDEX @ 23962.05 | SL→24022.35 TP→23908.35
2026-09-03 09:24:36,364 - INFO - 📊 EXECUTION AUDIT [CF_SL_MODIFIED]: trade_id=None, candidate_id=cand_NSE_NIFTY50_INDEX_TRENDLINE_RETEST_23968.65_202609030920_Geometry_v1.0_Score50, payload={'price': 23962.05, 'old_sl': 24022.85, 'new_sl': 24022.35, 'old_tp': None, 'new_tp': 23908.350000000002, 'reason': 'TRAILING_SL'}
2026-09-03 09:24:36,409 - INFO - 🟡 UPDATE (TRAILING_SL) [CFGeometry_v1.0_Score50|eometry_v1.0_Score50]: NSE:NIFTY50-INDEX @ 23962.05 | SL→24022.35 TP→23908.35
2026-09-03 09:24:37,311 - INFO - Retrieved live premium from Fyers API: LTP=24.5 for NSE:NIFTY2690823700PE
2026-09-03 09:24:38,320 - INFO - Retrieved live premium from Fyers API: LTP=366.6 for NSE:BANKNIFTY26SEP57000PE
2026-09-03 09:24:39,311 - INFO - Retrieved live premium from Fyers API: LTP=365.8 for NSE:BANKNIFTY26SEP57000PE
2026-09-03 09:24:40,333 - INFO - Retrieved live premium from Fyers API: LTP=338.15 for NSE:BANKNIFTY26SEP56900PE
2026-09-03 09:24:41,319 - INFO - Retrieved live premium from Fyers API: LTP=314.6 for NSE:BANKNIFTY26SEP56800PE
2026-09-03 09:24:42,347 - INFO - Retrieved live premium from Fyers API: LTP=340.1 for NSE:BANKNIFTY26SEP56900PE
2026-09-03 09:24:55,457 - INFO - 📊 Saved 22 snapshots for NSE:NIFTY50-INDEX  (oi range: 356,980–11,070,540)
2026-09-03 09:24:57,594 - INFO - 📡 Fetching NSE:NIFTYBANK-INDEX @ 57610  expiry=26SEP  strikes=ATM±5
2026-09-03 09:25:05,799 - INFO - 🔔 [New Candle Closed] Running entry pipeline for candle 09:25 at 09:25:05...
2026-09-03 09:25:05,800 - INFO - --- 09:25:05 Market Pulse ---
2026-09-03 09:25:10,952 - INFO - 📊 EXECUTION AUDIT [CF_SL_MODIFIED]: trade_id=None, candidate_id=cand_NSE_NIFTY50_INDEX_TRENDLINE_RETEST_23968.65_202609030920_Geometry_v1.0_Score35, payload={'price': 23957.25, 'old_sl': 24022.35, 'new_sl': 24017.55, 'old_tp': None, 'new_tp': 23908.350000000002, 'reason': 'TRAILING_SL'}
2026-09-03 09:25:11,021 - INFO - 🟡 UPDATE (TRAILING_SL) [CFGeometry_v1.0_Score35|eometry_v1.0_Score35]: NSE:NIFTY50-INDEX @ 23957.25 | SL→24017.55 TP→23908.35
2026-09-03 09:25:11,022 - INFO - 📊 EXECUTION AUDIT [CF_SL_MODIFIED]: trade_id=None, candidate_id=cand_NSE_NIFTY50_INDEX_TRENDLINE_RETEST_23968.65_202609030920_Geometry_v1.0_Score50, payload={'price': 23957.25, 'old_sl': 24022.35, 'new_sl': 24017.55, 'old_tp': None, 'new_tp': 23908.350000000002, 'reason': 'TRAILING_SL'}
2026-09-03 09:25:11,061 - INFO - 🟡 UPDATE (TRAILING_SL) [CFGeometry_v1.0_Score50|eometry_v1.0_Score50]: NSE:NIFTY50-INDEX @ 23957.25 | SL→24017.55 TP→23908.35
2026-09-03 09:25:11,941 - INFO - Retrieved live premium from Fyers API: LTP=365.25 for NSE:BANKNIFTY26SEP57000PE
2026-09-03 09:25:12,977 - INFO - Retrieved live premium from Fyers API: LTP=365.15 for NSE:BANKNIFTY26SEP57000PE
2026-09-03 09:25:13,977 - INFO - Retrieved live premium from Fyers API: LTP=338.2 for NSE:BANKNIFTY26SEP56900PE
2026-09-03 09:25:14,980 - INFO - Retrieved live premium from Fyers API: LTP=311.4 for NSE:BANKNIFTY26SEP56800PE
2026-09-03 09:25:16,000 - INFO - Retrieved live premium from Fyers API: LTP=336.0 for NSE:BANKNIFTY26SEP56900PE
2026-09-03 09:25:17,986 - INFO - Resolved active expiry from DB: 26908 (2026-09-08)
2026-09-03 09:25:17,987 - INFO - 🧭 [CreditSpread_v1.0_PCRFade] Regime router: NSE:NIFTY50-INDEX combo blocked from REAL capital (regime=STRONG_TREND_UP_HIGH_VOL) — routed to CF
2026-09-03 09:25:17,998 - INFO - Resolved active expiry from DB: 26908 (2026-09-08)
2026-09-03 09:25:18,026 - INFO - Resolved BEAR_CALL_SPREAD for NSE:NIFTY50-INDEX: [('CE', 'SELL', 24000.0), ('CE', 'BUY', 24100.0)] net_premium=-46.30 max_loss=53.70
2026-09-03 09:25:18,047 - INFO - 🟢 CF COMBO ENTRY [CreditSpread_v1.0_PCRFade|tSpread_v1.0_PCRFade]: NSE:NIFTY50-INDEX BEAR_CALL_SPREAD | Net premium: -46.30 | Max loss: 53.70
2026-09-03 09:25:18,047 - INFO - 🧭 [IronCondor_v1.0] Regime router: NSE:NIFTY50-INDEX combo blocked from REAL capital (regime=STRONG_TREND_UP_HIGH_VOL) — routed to CF
2026-09-03 09:25:18,058 - INFO - Resolved active expiry from DB: 26908 (2026-09-08)
2026-09-03 09:25:18,109 - INFO - Resolved IRON_CONDOR for NSE:NIFTY50-INDEX: [('PE', 'SELL', 23900.0), ('PE', 'BUY', 23800.0), ('CE', 'SELL', 24000.0), ('CE', 'BUY', 24100.0)] net_premium=-71.75 max_loss=28.25
2026-09-03 09:25:18,132 - INFO - 🟢 CF COMBO ENTRY [IronCondor_v1.0|2505_IronCondor_v1.0]: NSE:NIFTY50-INDEX IRON_CONDOR | Net premium: -71.75 | Max loss: 28.25
2026-09-03 09:25:18,132 - INFO - 🧭 [ExpiryAwareTheta_v1.0] Regime router: NSE:NIFTY50-INDEX combo blocked from REAL capital (regime=STRONG_TREND_UP_HIGH_VOL) — routed to CF
2026-09-03 09:25:18,144 - INFO - Resolved active expiry from DB: 26908 (2026-09-08)
2026-09-03 09:25:18,199 - INFO - Resolved IRON_CONDOR for NSE:NIFTY50-INDEX: [('PE', 'SELL', 23900.0), ('PE', 'BUY', 23800.0), ('CE', 'SELL', 24000.0), ('CE', 'BUY', 24100.0)] net_premium=-71.75 max_loss=28.25
2026-09-03 09:25:18,221 - INFO - 🟢 CF COMBO ENTRY [ExpiryAwareTheta_v1.0|xpiryAwareTheta_v1.0]: NSE:NIFTY50-INDEX IRON_CONDOR | Net premium: -71.75 | Max loss: 28.25
2026-09-03 09:25:19,601 - INFO - Resolved active expiry from DB: 26SEP (2026-09-29)
2026-09-03 09:25:19,602 - INFO - 👻 [Structural_v3.2_RVOL1.0] CF BREAKOUT NSE:NIFTYBANK-INDEX BUY PUT | Rejected: ['BIAS_MISMATCH']
2026-09-03 09:25:19,602 - INFO - 📊 EXECUTION AUDIT [SIGNAL_GENERATED]: trade_id=None, candidate_id=cand_NSE_NIFTYBANK_INDEX_BREAKOUT_57023.95_20260903_092000_Structural_v3.2_RVOL1.0, payload={'symbol': 'NSE:NIFTYBANK-INDEX', 'signal': 'BUY PUT', 'strategy': 'BREAKOUT', 'price': 57610.95, 'stop_loss': 57650.475, 'take_profit': 57215.7, 'tp1': 57551.66249999999, 'rr_ratio': 10.0, 'timestamp': '2026-09-03T09:20:00+05:30', 'accepted': False, 'rejection_reasons': ['BIAS_MISMATCH'], 'features': {'date': '2026-09-03', 'strategy_name': 'Structural_v3', 'strategy_version': 'v3.2', 'feature_version': 'v1.1', 'market_regime': 'GAP_UP_HIGH_VOL', 'day_type': 'NORMAL_DAY', 'session_type': 'OPEN', 'daily_bias': 'NEUTRAL', 'hourly_bias': 'NEUTRAL', 'trend_strength': 0.0, 'rvol': 1.18, 'rvol_threshold': 1.0, 'atr': 79.05, 'distance_from_supply': 393.28, 'distance_from_demand': 787.75, 'nearest_supply_strength': 84.3, 'nearest_demand_strength': 71.4, 'distance_to_liquidity_pool': 787.75, 'liquidity_score': 11.799999999999999, 'indicator_snapshot': {'rvol_tod': 1.18, 'is_compressed': False, 'bos_count': 0}, 'move_efficiency': 0.8886, 'wickiness': 0.4693, 'fft_score': 0.0, 'setup_type': 'BREAKOUT', 'candidate_id': 'cand_NSE_NIFTYBANK_INDEX_BREAKOUT_57023.95_20260903_092000', 'ema20': 57182.48, 'ema50': 57132.83, 'move_efficiency_h1': 0.5994, 'ema_bullish': True, 'rsi14': 84.27, 'rsi2': 50.0, 'distance_to_vwap': 0.0, 'atr_percentile': 0.8551, 'dist_prev_high': 0.0068, 'dist_prev_low': 0.0139, 'adx': 22.41, 'adx_slope': 10.4449, 'gap_pct': 0.0057, 'regime_primary': 'GAP_UP', 'regime_vol_state': 'HIGH_VOL'}, 'candidate_id': 'cand_NSE_NIFTYBANK_INDEX_BREAKOUT_57023.95_20260903_092000_Structural_v3.2_RVOL1.0', 'experiment_name': 'Structural_v3.2_RVOL1.0', 'strategy_id': 'structural', 'version': 'v3.2'}
2026-09-03 09:25:19,624 - INFO - Resolved active expiry from DB: 26SEP (2026-09-29)
2026-09-03 09:25:19,636 - INFO - Resolved index signal into option contract: OptionContract(symbol='NSE:BANKNIFTY26SEP57600PE', strike=57600.0, expiry='26SEP', option_type='PE', premium=571.15, delta=0.5, bid=570.0, ask=571.0, volume=168270, resolved_at=datetime.datetime(2026, 9, 3, 9, 25, 19, 636736))
2026-09-03 09:25:19,636 - INFO - ⚡ Option strike selection resolved index signal to contract NSE:BANKNIFTY26SEP57600PE @ premium 571.15 (type: PE, strike: 57600.0)
2026-09-03 09:25:19,636 - INFO - 📊 EXECUTION AUDIT [STRIKE_SELECTED]: trade_id=None, candidate_id=cand_NSE_NIFTYBANK_INDEX_BREAKOUT_57023.95_20260903_092000_Structural_v3.2_RVOL1.0, payload={'symbol': 'NSE:BANKNIFTY26SEP57600PE', 'strike': 57600.0, 'expiry': '26SEP', 'type': 'PE'}
2026-09-03 09:25:19,646 - INFO - 📊 EXECUTION AUDIT [PREMIUM_RETRIEVED]: trade_id=None, candidate_id=cand_NSE_NIFTYBANK_INDEX_BREAKOUT_57023.95_20260903_092000_Structural_v3.2_RVOL1.0, payload={'premium': 571.15, 'bid': 570.0, 'ask': 571.0}
2026-09-03 09:25:19,657 - INFO - 📊 EXECUTION AUDIT [CF_SUBMITTED]: trade_id=None, candidate_id=cand_NSE_NIFTYBANK_INDEX_BREAKOUT_57023.95_20260903_092000_Structural_v3.2_RVOL1.0, payload={'price': 57610.95, 'sl': 57650.475, 'tp': 57215.7}
2026-09-03 09:25:19,666 - INFO - 📊 EXECUTION AUDIT [CF_FILLED]: trade_id=None, candidate_id=cand_NSE_NIFTYBANK_INDEX_BREAKOUT_57023.95_20260903_092000_Structural_v3.2_RVOL1.0, payload={'price': 57610.95, 'sl': 57650.475, 'tp': 57215.7}
2026-09-03 09:25:19,676 - INFO - 💰 Position size [BREAKOUT|GAP_UP_HIGH_VOL|conf=70]: frac=0.002 → ₹5,000 (risk/unit=0.07%)
2026-09-03 09:25:19,702 - INFO - 🟢 ENTRY [CF|Structural_v3.2_RVOL1.0|uctural_v3.2_RVOL1.0]: NSE:NIFTYBANK-INDEX BUY PUT @ 57610.95 | SL: 57650.47 TP: 57215.70
2026-09-03 09:25:19,703 - INFO - 👻 [Structural_v3.2_RVOL0.8] CF BREAKOUT NSE:NIFTYBANK-INDEX BUY PUT | Rejected: ['BIAS_MISMATCH']
2026-09-03 09:25:19,703 - INFO - 📊 EXECUTION AUDIT [SIGNAL_GENERATED]: trade_id=None, candidate_id=cand_NSE_NIFTYBANK_INDEX_BREAKOUT_57023.95_20260903_092000_Structural_v3.2_RVOL0.8, payload={'symbol': 'NSE:NIFTYBANK-INDEX', 'signal': 'BUY PUT', 'strategy': 'BREAKOUT', 'price': 57610.95, 'stop_loss': 57650.475, 'take_profit': 57215.7, 'tp1': 57551.66249999999, 'rr_ratio': 10.0, 'timestamp': '2026-09-03T09:20:00+05:30', 'accepted': False, 'rejection_reasons': ['BIAS_MISMATCH'], 'features': {'date': '2026-09-03', 'strategy_name': 'Structural_v3', 'strategy_version': 'v3.2', 'feature_version': 'v1.1', 'market_regime': 'GAP_UP_HIGH_VOL', 'day_type': 'NORMAL_DAY', 'session_type': 'OPEN', 'daily_bias': 'NEUTRAL', 'hourly_bias': 'NEUTRAL', 'trend_strength': 0.0, 'rvol': 1.18, 'rvol_threshold': 0.8, 'atr': 79.05, 'distance_from_supply': 393.28, 'distance_from_demand': 787.75, 'nearest_supply_strength': 84.3, 'nearest_demand_strength': 71.4, 'distance_to_liquidity_pool': 787.75, 'liquidity_score': 11.799999999999999, 'indicator_snapshot': {'rvol_tod': 1.18, 'is_compressed': False, 'bos_count': 0}, 'move_efficiency': 0.8886, 'wickiness': 0.4693, 'fft_score': 0.0, 'setup_type': 'BREAKOUT', 'candidate_id': 'cand_NSE_NIFTYBANK_INDEX_BREAKOUT_57023.95_20260903_092000', 'ema20': 57182.48, 'ema50': 57132.83, 'move_efficiency_h1': 0.5994, 'ema_bullish': True, 'rsi14': 84.27, 'rsi2': 50.0, 'distance_to_vwap': 0.0, 'atr_percentile': 0.8551, 'dist_prev_high': 0.0068, 'dist_prev_low': 0.0139, 'adx': 22.41, 'adx_slope': 10.4449, 'gap_pct': 0.0057, 'regime_primary': 'GAP_UP', 'regime_vol_state': 'HIGH_VOL'}, 'candidate_id': 'cand_NSE_NIFTYBANK_INDEX_BREAKOUT_57023.95_20260903_092000_Structural_v3.2_RVOL0.8', 'experiment_name': 'Structural_v3.2_RVOL0.8', 'strategy_id': 'structural', 'version': 'v3.2'}
2026-09-03 09:25:19,725 - INFO - Resolved active expiry from DB: 26SEP (2026-09-29)
2026-09-03 09:25:19,738 - INFO - Resolved index signal into option contract: OptionContract(symbol='NSE:BANKNIFTY26SEP57600PE', strike=57600.0, expiry='26SEP', option_type='PE', premium=571.15, delta=0.5, bid=570.0, ask=571.0, volume=168270, resolved_at=datetime.datetime(2026, 9, 3, 9, 25, 19, 738840))
2026-09-03 09:25:19,738 - INFO - ⚡ Option strike selection resolved index signal to contract NSE:BANKNIFTY26SEP57600PE @ premium 571.15 (type: PE, strike: 57600.0)
2026-09-03 09:25:19,739 - INFO - 📊 EXECUTION AUDIT [STRIKE_SELECTED]: trade_id=None, candidate_id=cand_NSE_NIFTYBANK_INDEX_BREAKOUT_57023.95_20260903_092000_Structural_v3.2_RVOL0.8, payload={'symbol': 'NSE:BANKNIFTY26SEP57600PE', 'strike': 57600.0, 'expiry': '26SEP', 'type': 'PE'}
2026-09-03 09:25:19,748 - INFO - 📊 EXECUTION AUDIT [PREMIUM_RETRIEVED]: trade_id=None, candidate_id=cand_NSE_NIFTYBANK_INDEX_BREAKOUT_57023.95_20260903_092000_Structural_v3.2_RVOL0.8, payload={'premium': 571.15, 'bid': 570.0, 'ask': 571.0}
2026-09-03 09:25:19,758 - INFO - 📊 EXECUTION AUDIT [CF_SUBMITTED]: trade_id=None, candidate_id=cand_NSE_NIFTYBANK_INDEX_BREAKOUT_57023.95_20260903_092000_Structural_v3.2_RVOL0.8, payload={'price': 57610.95, 'sl': 57650.475, 'tp': 57215.7}
2026-09-03 09:25:19,767 - INFO - 📊 EXECUTION AUDIT [CF_FILLED]: trade_id=None, candidate_id=cand_NSE_NIFTYBANK_INDEX_BREAKOUT_57023.95_20260903_092000_Structural_v3.2_RVOL0.8, payload={'price': 57610.95, 'sl': 57650.475, 'tp': 57215.7}
2026-09-03 09:25:19,778 - INFO - 💰 Position size [BREAKOUT|GAP_UP_HIGH_VOL|conf=70]: frac=0.002 → ₹5,000 (risk/unit=0.07%)
2026-09-03 09:25:19,800 - INFO - 🟢 ENTRY [CF|Structural_v3.2_RVOL0.8|uctural_v3.2_RVOL0.8]: NSE:NIFTYBANK-INDEX BUY PUT @ 57610.95 | SL: 57650.47 TP: 57215.70
2026-09-03 09:25:19,801 - INFO - 👻 [Structural_v3.3_ExitMgmt] CF BREAKOUT NSE:NIFTYBANK-INDEX BUY PUT | Rejected: ['BIAS_MISMATCH']
2026-09-03 09:25:19,801 - INFO - 📊 EXECUTION AUDIT [SIGNAL_GENERATED]: trade_id=None, candidate_id=cand_NSE_NIFTYBANK_INDEX_BREAKOUT_57023.95_20260903_092000_Structural_v3.3_ExitMgmt, payload={'symbol': 'NSE:NIFTYBANK-INDEX', 'signal': 'BUY PUT', 'strategy': 'BREAKOUT', 'price': 57610.95, 'stop_loss': 57650.475, 'take_profit': 57215.7, 'tp1': 57551.66249999999, 'rr_ratio': 10.0, 'timestamp': '2026-09-03T09:20:00+05:30', 'accepted': False, 'rejection_reasons': ['BIAS_MISMATCH'], 'features': {'date': '2026-09-03', 'strategy_name': 'Structural_v3', 'strategy_version': 'v3.2', 'feature_version': 'v1.1', 'market_regime': 'GAP_UP_HIGH_VOL', 'day_type': 'NORMAL_DAY', 'session_type': 'OPEN', 'daily_bias': 'NEUTRAL', 'hourly_bias': 'NEUTRAL', 'trend_strength': 0.0, 'rvol': 1.18, 'rvol_threshold': 1.0, 'atr': 79.05, 'distance_from_supply': 393.28, 'distance_from_demand': 787.75, 'nearest_supply_strength': 84.3, 'nearest_demand_strength': 71.4, 'distance_to_liquidity_pool': 787.75, 'liquidity_score': 11.799999999999999, 'indicator_snapshot': {'rvol_tod': 1.18, 'is_compressed': False, 'bos_count': 0}, 'move_efficiency': 0.8886, 'wickiness': 0.4693, 'fft_score': 0.0, 'setup_type': 'BREAKOUT', 'candidate_id': 'cand_NSE_NIFTYBANK_INDEX_BREAKOUT_57023.95_20260903_092000', 'ema20': 57182.48, 'ema50': 57132.83, 'move_efficiency_h1': 0.5994, 'ema_bullish': True, 'rsi14': 84.27, 'rsi2': 50.0, 'distance_to_vwap': 0.0, 'atr_percentile': 0.8551, 'dist_prev_high': 0.0068, 'dist_prev_low': 0.0139, 'adx': 22.41, 'adx_slope': 10.4449, 'gap_pct': 0.0057, 'regime_primary': 'GAP_UP', 'regime_vol_state': 'HIGH_VOL'}, 'candidate_id': 'cand_NSE_NIFTYBANK_INDEX_BREAKOUT_57023.95_20260903_092000_Structural_v3.3_ExitMgmt', 'experiment_name': 'Structural_v3.3_ExitMgmt', 'strategy_id': 'structural', 'version': 'v3.2'}
2026-09-03 09:25:19,826 - INFO - Resolved active expiry from DB: 26SEP (2026-09-29)
2026-09-03 09:25:19,840 - INFO - Resolved index signal into option contract: OptionContract(symbol='NSE:BANKNIFTY26SEP57600PE', strike=57600.0, expiry='26SEP', option_type='PE', premium=571.15, delta=0.5, bid=570.0, ask=571.0, volume=168270, resolved_at=datetime.datetime(2026, 9, 3, 9, 25, 19, 840531))
2026-09-03 09:25:19,840 - INFO - ⚡ Option strike selection resolved index signal to contract NSE:BANKNIFTY26SEP57600PE @ premium 571.15 (type: PE, strike: 57600.0)
2026-09-03 09:25:19,840 - INFO - 📊 EXECUTION AUDIT [STRIKE_SELECTED]: trade_id=None, candidate_id=cand_NSE_NIFTYBANK_INDEX_BREAKOUT_57023.95_20260903_092000_Structural_v3.3_ExitMgmt, payload={'symbol': 'NSE:BANKNIFTY26SEP57600PE', 'strike': 57600.0, 'expiry': '26SEP', 'type': 'PE'}
2026-09-03 09:25:19,851 - INFO - 📊 EXECUTION AUDIT [PREMIUM_RETRIEVED]: trade_id=None, candidate_id=cand_NSE_NIFTYBANK_INDEX_BREAKOUT_57023.95_20260903_092000_Structural_v3.3_ExitMgmt, payload={'premium': 571.15, 'bid': 570.0, 'ask': 571.0}
2026-09-03 09:25:19,860 - INFO - 📊 EXECUTION AUDIT [CF_SUBMITTED]: trade_id=None, candidate_id=cand_NSE_NIFTYBANK_INDEX_BREAKOUT_57023.95_20260903_092000_Structural_v3.3_ExitMgmt, payload={'price': 57610.95, 'sl': 57650.475, 'tp': 57215.7}
2026-09-03 09:25:19,873 - INFO - 📊 EXECUTION AUDIT [CF_FILLED]: trade_id=None, candidate_id=cand_NSE_NIFTYBANK_INDEX_BREAKOUT_57023.95_20260903_092000_Structural_v3.3_ExitMgmt, payload={'price': 57610.95, 'sl': 57650.475, 'tp': 57215.7}
2026-09-03 09:25:19,886 - INFO - 💰 Position size [BREAKOUT|GAP_UP_HIGH_VOL|conf=70]: frac=0.002 → ₹5,000 (risk/unit=0.07%)
2026-09-03 09:25:19,910 - INFO - 🟢 ENTRY [CF|Structural_v3.3_ExitMgmt|ctural_v3.3_ExitMgmt]: NSE:NIFTYBANK-INDEX BUY PUT @ 57610.95 | SL: 57650.47 TP: 57215.70
2026-09-03 09:25:19,910 - INFO - 🚀 SIGNAL: NSE:NIFTYBANK-INDEX BUY CALL | [GapRegime_v2.0]
2026-09-03 09:25:19,910 - INFO -    Entry: 57610.95 | SL: 57485.99 | TP: 58004.23 (RR: 3.15)
2026-09-03 09:25:19,911 - INFO - 📊 EXECUTION AUDIT [SIGNAL_GENERATED]: trade_id=trade_NSE_NIFTYBANK_INDEX_GapRegime_v2.0_1788407705, candidate_id=cand_NSE_NIFTYBANK_INDEX_GAP_AND_GO_57610.95_20260903_092505_GapRegime_v2.0, payload={'symbol': 'NSE:NIFTYBANK-INDEX', 'signal': 'BUY CALL', 'strategy': 'GAP_AND_GO', 'price': 57610.95, 'stop_loss': 57485.99, 'take_profit': 58004.23, 'tp1': 57798.39, 'rr_ratio': 3.15, 'timestamp': '2026-09-03T09:25:05.800295+05:30', 'accepted': True, 'rejection_reasons': [], 'candidate_id': 'cand_NSE_NIFTYBANK_INDEX_GAP_AND_GO_57610.95_20260903_092505_GapRegime_v2.0', 'confidence': 0.87, 'diagnostics': {'gap_pct': 0.57, 'today_open': 57497.85, 'prev_close': 57172.0, 'minutes_since_open': 10.1, 'rvol': 1.18, 'atr': 79.05, 'move_efficiency': 0.889}, 'experiment_name': 'GapRegime_v2.0', 'strategy_id': 'gap', 'version': 'v2.0', 'features': {'regime_primary': 'GAP_UP', 'regime_vol_state': 'HIGH_VOL', 'market_regime': 'GAP_UP_HIGH_VOL'}}
2026-09-03 09:25:19,933 - INFO - Resolved active expiry from DB: 26SEP (2026-09-29)
2026-09-03 09:25:19,946 - INFO - Resolved index signal into option contract: OptionContract(symbol='NSE:BANKNIFTY26SEP57600CE', strike=57600.0, expiry='26SEP', option_type='CE', premium=850.0, delta=0.5, bid=850.05, ask=852.2, volume=194790, resolved_at=datetime.datetime(2026, 9, 3, 9, 25, 19, 946300))
2026-09-03 09:25:19,946 - INFO - ⚡ Option strike selection resolved index signal to contract NSE:BANKNIFTY26SEP57600CE @ premium 850.0 (type: CE, strike: 57600.0)
2026-09-03 09:25:19,946 - INFO - 📊 EXECUTION AUDIT [STRIKE_SELECTED]: trade_id=trade_NSE_NIFTYBANK_INDEX_GapRegime_v2.0_1788407705, candidate_id=cand_NSE_NIFTYBANK_INDEX_GAP_AND_GO_57610.95_20260903_092505_GapRegime_v2.0, payload={'symbol': 'NSE:BANKNIFTY26SEP57600CE', 'strike': 57600.0, 'expiry': '26SEP', 'type': 'CE'}
2026-09-03 09:25:19,957 - INFO - 📊 EXECUTION AUDIT [PREMIUM_RETRIEVED]: trade_id=trade_NSE_NIFTYBANK_INDEX_GapRegime_v2.0_1788407705, candidate_id=cand_NSE_NIFTYBANK_INDEX_GAP_AND_GO_57610.95_20260903_092505_GapRegime_v2.0, payload={'premium': 850.0, 'bid': 850.05, 'ask': 852.2}
2026-09-03 09:25:19,969 - INFO - 📊 EXECUTION AUDIT [ORDER_SUBMITTED]: trade_id=trade_NSE_NIFTYBANK_INDEX_GapRegime_v2.0_1788407705, candidate_id=cand_NSE_NIFTYBANK_INDEX_GAP_AND_GO_57610.95_20260903_092505_GapRegime_v2.0, payload={'price': 57610.95, 'sl': 57485.99, 'tp': 58004.23}
2026-09-03 09:25:19,980 - INFO - 📊 EXECUTION AUDIT [ORDER_FILLED]: trade_id=trade_NSE_NIFTYBANK_INDEX_GapRegime_v2.0_1788407705, candidate_id=cand_NSE_NIFTYBANK_INDEX_GAP_AND_GO_57610.95_20260903_092505_GapRegime_v2.0, payload={'price': 57610.95, 'sl': 57485.99, 'tp': 58004.23}
2026-09-03 09:25:19,992 - INFO - 💰 Position size [GAP_AND_GO|GAP_UP_HIGH_VOL|conf=1]: frac=0.002 → ₹5,000 (risk/unit=0.22%)
2026-09-03 09:25:20,017 - INFO - 🟢 ENTRY [GapRegime_v2.0|_v2.0_1788407705]: NSE:NIFTYBANK-INDEX BUY CALL @ 57610.95 | SL: 57485.99 TP: 58004.23
2026-09-03 09:25:20,017 - INFO - 🧭 [VerticalSpread_v1.0] Regime router: NSE:NIFTYBANK-INDEX combo blocked from REAL capital (regime=GAP_UP_HIGH_VOL) — routed to CF
2026-09-03 09:25:20,028 - INFO - Resolved active expiry from DB: 26SEP (2026-09-29)
2026-09-03 09:25:20,055 - INFO - Resolved BULL_CALL_SPREAD for NSE:NIFTYBANK-INDEX: [('CE', 'BUY', 57600.0), ('CE', 'SELL', 57800.0)] net_premium=115.45 max_loss=115.45
2026-09-03 09:25:20,075 - INFO - 🟢 CF COMBO ENTRY [VerticalSpread_v1.0|_VerticalSpread_v1.0]: NSE:NIFTYBANK-INDEX BULL_CALL_SPREAD | Net premium: 115.45 | Max loss: 115.45
2026-09-03 09:25:20,076 - INFO - 👻 [Butterfly_v1.0] CF COMBO BUTTERFLY_SPREAD NSE:NIFTYBANK-INDEX BUTTERFLY_SPREAD | Rejected: ['HIGH_EFFICIENCY', 'COOLDOWN_AFTER_LOSS']
2026-09-03 09:25:20,087 - INFO - Resolved active expiry from DB: 26SEP (2026-09-29)
2026-09-03 09:25:20,144 - INFO - Resolved BUTTERFLY_SPREAD for NSE:NIFTYBANK-INDEX: [('CE', 'BUY', 57400.0), ('CE', 'SELL', 57600.0), ('CE', 'SELL', 57600.0), ('CE', 'BUY', 57800.0)] net_premium=15.85 max_loss=15.85
2026-09-03 09:25:20,167 - INFO - 🟢 CF COMBO ENTRY [Butterfly_v1.0|92505_Butterfly_v1.0]: NSE:NIFTYBANK-INDEX BUTTERFLY_SPREAD | Net premium: 15.85 | Max loss: 15.85
2026-09-03 09:25:20,168 - INFO - 🚀 SIGNAL: NSE:NIFTYBANK-INDEX BUY PUT | [RelativeValue_NIFTY_BANKNIFTY_v1.0]
2026-09-03 09:25:20,168 - INFO -    Entry: 57610.95 | SL: 57650.475 | TP: 57432.34576782864 (RR: 4.52)
2026-09-03 09:25:20,168 - INFO - 📊 EXECUTION AUDIT [SIGNAL_GENERATED]: trade_id=trade_NSE_NIFTYBANK_INDEX_RelativeValue_NIFTY_BANKNIFTY_v1.0_1788407705, candidate_id=cand_NSE_NIFTYBANK_INDEX_RELVAL_57610.95_20260903_092505_RelativeValue_NIFTY_BANKNIFTY_v1.0, payload={'symbol': 'NSE:NIFTYBANK-INDEX', 'signal': 'BUY PUT', 'strategy': 'RATIO_DIVERGENCE', 'price': 57610.95, 'stop_loss': 57650.475, 'take_profit': 57432.34576782864, 'tp1': 57551.66249999999, 'rr_ratio': 4.52, 'timestamp': '2026-09-03T09:25:05.800295+05:30', 'accepted': True, 'rejection_reasons': [], 'features': {'atr': 79.05, 'ema20': 57182.48, 'ema50': 57132.83, 'move_efficiency': 0.8886, 'move_efficiency_h1': 0.5994, 'wickiness': 0.4693, 'ema_bullish': True, 'rsi14': 84.27, 'rsi2': 50.0, 'distance_to_vwap': 0.0, 'atr_percentile': 0.8551, 'dist_prev_high': 0.0068, 'dist_prev_low': 0.0139, 'adx': 22.41, 'adx_slope': 10.4449, 'gap_pct': 0.0057, 'regime_primary': 'GAP_UP', 'regime_vol_state': 'HIGH_VOL', 'market_regime': 'GAP_UP_HIGH_VOL'}, 'candidate_id': 'cand_NSE_NIFTYBANK_INDEX_RELVAL_57610.95_20260903_092505_RelativeValue_NIFTY_BANKNIFTY_v1.0', 'confidence': 0.77, 'diagnostics': {'ratio_now': 0.4159, 'ratio_rolling_mean': 0.418, 'ratio_rolling_std': 0.000459, 'z_score': -4.7, 'atr': 79.05, 'rr_ratio': 4.52, 'other_symbol': 'NSE:NIFTY50-INDEX'}, 'experiment_name': 'RelativeValue_NIFTY_BANKNIFTY_v1.0', 'strategy_id': 'relative_value_nifty_banknifty', 'version': 'v1.0'}
2026-09-03 09:25:20,189 - INFO - Resolved active expiry from DB: 26SEP (2026-09-29)
2026-09-03 09:25:20,203 - INFO - Resolved index signal into option contract: OptionContract(symbol='NSE:BANKNIFTY26SEP57600PE', strike=57600.0, expiry='26SEP', option_type='PE', premium=571.15, delta=0.5, bid=570.0, ask=571.0, volume=168270, resolved_at=datetime.datetime(2026, 9, 3, 9, 25, 20, 203220))
2026-09-03 09:25:20,203 - INFO - ⚡ Option strike selection resolved index signal to contract NSE:BANKNIFTY26SEP57600PE @ premium 571.15 (type: PE, strike: 57600.0)
2026-09-03 09:25:20,203 - INFO - 📊 EXECUTION AUDIT [STRIKE_SELECTED]: trade_id=trade_NSE_NIFTYBANK_INDEX_RelativeValue_NIFTY_BANKNIFTY_v1.0_1788407705, candidate_id=cand_NSE_NIFTYBANK_INDEX_RELVAL_57610.95_20260903_092505_RelativeValue_NIFTY_BANKNIFTY_v1.0, payload={'symbol': 'NSE:BANKNIFTY26SEP57600PE', 'strike': 57600.0, 'expiry': '26SEP', 'type': 'PE'}
2026-09-03 09:25:20,214 - INFO - 📊 EXECUTION AUDIT [PREMIUM_RETRIEVED]: trade_id=trade_NSE_NIFTYBANK_INDEX_RelativeValue_NIFTY_BANKNIFTY_v1.0_1788407705, candidate_id=cand_NSE_NIFTYBANK_INDEX_RELVAL_57610.95_20260903_092505_RelativeValue_NIFTY_BANKNIFTY_v1.0, payload={'premium': 571.15, 'bid': 570.0, 'ask': 571.0}
2026-09-03 09:25:20,225 - INFO - 📊 EXECUTION AUDIT [ORDER_SUBMITTED]: trade_id=trade_NSE_NIFTYBANK_INDEX_RelativeValue_NIFTY_BANKNIFTY_v1.0_1788407705, candidate_id=cand_NSE_NIFTYBANK_INDEX_RELVAL_57610.95_20260903_092505_RelativeValue_NIFTY_BANKNIFTY_v1.0, payload={'price': 57610.95, 'sl': 57650.475, 'tp': 57432.34576782864}
2026-09-03 09:25:20,235 - INFO - 📊 EXECUTION AUDIT [ORDER_FILLED]: trade_id=trade_NSE_NIFTYBANK_INDEX_RelativeValue_NIFTY_BANKNIFTY_v1.0_1788407705, candidate_id=cand_NSE_NIFTYBANK_INDEX_RELVAL_57610.95_20260903_092505_RelativeValue_NIFTY_BANKNIFTY_v1.0, payload={'price': 57610.95, 'sl': 57650.475, 'tp': 57432.34576782864}
2026-09-03 09:25:20,245 - INFO - 💰 Position size [RATIO_DIVERGENCE|GAP_UP_HIGH_VOL|conf=1]: frac=0.002 → ₹5,000 (risk/unit=0.07%)
2026-09-03 09:25:20,269 - INFO - 🟢 ENTRY [RelativeValue_NIFTY_BANKNIFTY_v1.0|_v1.0_1788407705]: NSE:NIFTYBANK-INDEX BUY PUT @ 57610.95 | SL: 57650.47 TP: 57432.35
2026-09-03 09:25:28,174 - INFO - 📊 Saved 22 snapshots for NSE:NIFTYBANK-INDEX  (oi range: 59,610–1,944,600)
2026-09-03 09:25:29,285 - INFO - 📡 Fetching NSE:NIFTY50-INDEX @ 23963  expiry=26908  strikes=ATM±5
2026-09-03 09:25:35,279 - INFO - ⏱️ [Real-time Exit Loop] Checking open positions @ 09:25:35...
2026-09-03 09:25:36,406 - INFO - 📊 EXECUTION AUDIT [SL_MODIFIED]: trade_id=trade_NSE_NIFTYBANK_INDEX_GapRegime_v2.0_1788407705, candidate_id=cand_NSE_NIFTYBANK_INDEX_GAP_AND_GO_57610.95_20260903_092505_GapRegime_v2.0, payload={'price': 57618.45, 'old_sl': 57485.99, 'new_sl': 57493.49, 'old_tp': None, 'new_tp': 58004.23, 'reason': 'TRAILING_SL'}
2026-09-03 09:25:36,480 - INFO - 🟡 UPDATE (TRAILING_SL) [GapRegime_v2.0|92505_GapRegime_v2.0]: NSE:NIFTYBANK-INDEX @ 57618.45 | SL→57493.49 TP→58004.23
2026-09-03 09:25:37,400 - INFO - Retrieved live premium from Fyers API: LTP=364.45 for NSE:BANKNIFTY26SEP57000PE
2026-09-03 09:25:38,418 - INFO - Retrieved live premium from Fyers API: LTP=364.3 for NSE:BANKNIFTY26SEP57000PE
2026-09-03 09:25:39,415 - INFO - Retrieved live premium from Fyers API: LTP=336.5 for NSE:BANKNIFTY26SEP56900PE
2026-09-03 09:25:40,426 - INFO - Retrieved live premium from Fyers API: LTP=312.95 for NSE:BANKNIFTY26SEP56800PE
2026-09-03 09:25:41,434 - INFO - Retrieved live premium from Fyers API: LTP=339.5 for NSE:BANKNIFTY26SEP56900PE
2026-09-03 09:25:42,165 - INFO - 🔴 CF COMBO EXIT (STOP_R) [Butterfly_v1.0|92505_Butterfly_v1.0]: NSE:NIFTYBANK-INDEX BUTTERFLY_SPREAD | PnL -0.91R | 0min
2026-09-03 09:25:59,127 - INFO - 📊 Saved 22 snapshots for NSE:NIFTY50-INDEX  (oi range: 356,135–11,367,005)
2026-09-03 09:26:01,262 - INFO - 📡 Fetching NSE:NIFTYBANK-INDEX @ 57593  expiry=26SEP  strikes=ATM±5
2026-09-03 09:26:05,175 - INFO - ⏱️ [Real-time Exit Loop] Checking open positions @ 09:26:05...
2026-09-03 09:26:06,339 - INFO - 📊 EXECUTION AUDIT [SL_MODIFIED]: trade_id=trade_NSE_NIFTYBANK_INDEX_RelativeValue_NIFTY_BANKNIFTY_v1.0_1788407705, candidate_id=cand_NSE_NIFTYBANK_INDEX_RELVAL_57610.95_20260903_092505_RelativeValue_NIFTY_BANKNIFTY_v1.0, payload={'price': 57603.5, 'old_sl': 57650.475, 'new_sl': 57643.025, 'old_tp': None, 'new_tp': 57432.34576782864, 'reason': 'TRAILING_SL'}
2026-09-03 09:26:06,397 - INFO - 🟡 UPDATE (TRAILING_SL) [RelativeValue_NIFTY_BANKNIFTY_v1.0|NIFTY_BANKNIFTY_v1.0]: NSE:NIFTYBANK-INDEX @ 57603.50 | SL→57643.03 TP→57432.35
2026-09-03 09:26:06,421 - INFO - 📊 EXECUTION AUDIT [CF_SL_MODIFIED]: trade_id=None, candidate_id=cand_NSE_NIFTYBANK_INDEX_BREAKOUT_57023.95_20260903_092000_Structural_v3.2_RVOL1.0, payload={'price': 57603.5, 'old_sl': 57650.475, 'new_sl': 57643.025, 'old_tp': None, 'new_tp': 57215.7, 'reason': 'TRAILING_SL'}
2026-09-03 09:26:06,461 - INFO - 🟡 UPDATE (TRAILING_SL) [CFStructural_v3.2_RVOL1.0|uctural_v3.2_RVOL1.0]: NSE:NIFTYBANK-INDEX @ 57603.50 | SL→57643.03 TP→57215.70
2026-09-03 09:26:06,461 - INFO - 📊 EXECUTION AUDIT [CF_SL_MODIFIED]: trade_id=None, candidate_id=cand_NSE_NIFTYBANK_INDEX_BREAKOUT_57023.95_20260903_092000_Structural_v3.2_RVOL0.8, payload={'price': 57603.5, 'old_sl': 57650.475, 'new_sl': 57643.025, 'old_tp': None, 'new_tp': 57215.7, 'reason': 'TRAILING_SL'}
2026-09-03 09:26:06,499 - INFO - 🟡 UPDATE (TRAILING_SL) [CFStructural_v3.2_RVOL0.8|uctural_v3.2_RVOL0.8]: NSE:NIFTYBANK-INDEX @ 57603.50 | SL→57643.03 TP→57215.70
2026-09-03 09:26:07,318 - INFO - Retrieved live premium from Fyers API: LTP=365.9 for NSE:BANKNIFTY26SEP57000PE
2026-09-03 09:26:08,319 - INFO - Retrieved live premium from Fyers API: LTP=366.8 for NSE:BANKNIFTY26SEP57000PE
2026-09-03 09:26:09,333 - INFO - Retrieved live premium from Fyers API: LTP=339.1 for NSE:BANKNIFTY26SEP56900PE
2026-09-03 09:26:10,331 - INFO - Retrieved live premium from Fyers API: LTP=313.75 for NSE:BANKNIFTY26SEP56800PE
2026-09-03 09:26:11,330 - INFO - Retrieved live premium from Fyers API: LTP=339.1 for NSE:BANKNIFTY26SEP56900PE
2026-09-03 09:26:30,942 - INFO - 📊 Saved 22 snapshots for NSE:NIFTYBANK-INDEX  (oi range: 59,910–1,949,340)
2026-09-03 09:26:32,038 - INFO - 📡 Fetching NSE:NIFTY50-INDEX @ 23968  expiry=26908  strikes=ATM±5
2026-09-03 09:26:36,001 - INFO - ⏱️ [Real-time Exit Loop] Checking open positions @ 09:26:36...
2026-09-03 09:26:37,128 - INFO - 📊 EXECUTION AUDIT [SL_MODIFIED]: trade_id=trade_NSE_NIFTYBANK_INDEX_RelativeValue_NIFTY_BANKNIFTY_v1.0_1788407705, candidate_id=cand_NSE_NIFTYBANK_INDEX_RELVAL_57610.95_20260903_092505_RelativeValue_NIFTY_BANKNIFTY_v1.0, payload={'price': 57590.05, 'old_sl': 57643.025, 'new_sl': 57629.575000000004, 'old_tp': None, 'new_tp': 57432.34576782864, 'reason': 'TRAILING_SL'}
2026-09-03 09:26:37,173 - INFO - 🟡 UPDATE (TRAILING_SL) [RelativeValue_NIFTY_BANKNIFTY_v1.0|NIFTY_BANKNIFTY_v1.0]: NSE:NIFTYBANK-INDEX @ 57590.05 | SL→57629.58 TP→57432.35
2026-09-03 09:26:37,194 - INFO - 📊 EXECUTION AUDIT [CF_SL_MODIFIED]: trade_id=None, candidate_id=cand_NSE_NIFTYBANK_INDEX_BREAKOUT_57023.95_20260903_092000_Structural_v3.2_RVOL1.0, payload={'price': 57590.05, 'old_sl': 57643.025, 'new_sl': 57629.575000000004, 'old_tp': None, 'new_tp': 57215.7, 'reason': 'TRAILING_SL'}
2026-09-03 09:26:37,234 - INFO - 🟡 UPDATE (TRAILING_SL) [CFStructural_v3.2_RVOL1.0|uctural_v3.2_RVOL1.0]: NSE:NIFTYBANK-INDEX @ 57590.05 | SL→57629.58 TP→57215.70
2026-09-03 09:26:37,234 - INFO - 📊 EXECUTION AUDIT [CF_SL_MODIFIED]: trade_id=None, candidate_id=cand_NSE_NIFTYBANK_INDEX_BREAKOUT_57023.95_20260903_092000_Structural_v3.2_RVOL0.8, payload={'price': 57590.05, 'old_sl': 57643.025, 'new_sl': 57629.575000000004, 'old_tp': None, 'new_tp': 57215.7, 'reason': 'TRAILING_SL'}
2026-09-03 09:26:37,271 - INFO - 🟡 UPDATE (TRAILING_SL) [CFStructural_v3.2_RVOL0.8|uctural_v3.2_RVOL0.8]: NSE:NIFTYBANK-INDEX @ 57590.05 | SL→57629.58 TP→57215.70
2026-09-03 09:26:38,123 - INFO - Retrieved live premium from Fyers API: LTP=371.45 for NSE:BANKNIFTY26SEP57000PE
2026-09-03 09:26:39,108 - INFO - Retrieved live premium from Fyers API: LTP=373.3 for NSE:BANKNIFTY26SEP57000PE
2026-09-03 09:26:40,117 - INFO - Retrieved live premium from Fyers API: LTP=345.8 for NSE:BANKNIFTY26SEP56900PE
2026-09-03 09:26:41,131 - INFO - Retrieved live premium from Fyers API: LTP=319.7 for NSE:BANKNIFTY26SEP56800PE
2026-09-03 09:26:42,141 - INFO - Retrieved live premium from Fyers API: LTP=345.0 for NSE:BANKNIFTY26SEP56900PE
2026-09-03 09:27:01,552 - INFO - 📊 Saved 22 snapshots for NSE:NIFTY50-INDEX  (oi range: 360,620–11,573,770)
2026-09-03 09:27:03,663 - INFO - 📡 Fetching NSE:NIFTYBANK-INDEX @ 57568  expiry=26SEP  strikes=ATM±5
2026-09-03 09:27:05,807 - INFO - ⏱️ [Real-time Exit Loop] Checking open positions @ 09:27:05...
2026-09-03 09:27:06,959 - INFO - 📊 EXECUTION AUDIT [SL_MODIFIED]: trade_id=trade_NSE_NIFTYBANK_INDEX_RelativeValue_NIFTY_BANKNIFTY_v1.0_1788407705, candidate_id=cand_NSE_NIFTYBANK_INDEX_RELVAL_57610.95_20260903_092505_RelativeValue_NIFTY_BANKNIFTY_v1.0, payload={'price': 57566.7, 'old_sl': 57629.575000000004, 'new_sl': 57606.225, 'old_tp': None, 'new_tp': 57432.34576782864, 'reason': 'TRAILING_SL'}
2026-09-03 09:27:07,009 - INFO - 🟡 UPDATE (TRAILING_SL) [RelativeValue_NIFTY_BANKNIFTY_v1.0|NIFTY_BANKNIFTY_v1.0]: NSE:NIFTYBANK-INDEX @ 57566.70 | SL→57606.22 TP→57432.35
2026-09-03 09:27:07,031 - INFO - 📊 EXECUTION AUDIT [CF_SL_MODIFIED]: trade_id=None, candidate_id=cand_NSE_NIFTYBANK_INDEX_BREAKOUT_57023.95_20260903_092000_Structural_v3.2_RVOL1.0, payload={'price': 57566.7, 'old_sl': 57629.575000000004, 'new_sl': 57606.225, 'old_tp': None, 'new_tp': 57215.7, 'reason': 'TRAILING_SL'}
2026-09-03 09:27:07,076 - INFO - 🟡 UPDATE (TRAILING_SL) [CFStructural_v3.2_RVOL1.0|uctural_v3.2_RVOL1.0]: NSE:NIFTYBANK-INDEX @ 57566.70 | SL→57606.22 TP→57215.70
2026-09-03 09:27:07,076 - INFO - 📊 EXECUTION AUDIT [CF_SL_MODIFIED]: trade_id=None, candidate_id=cand_NSE_NIFTYBANK_INDEX_BREAKOUT_57023.95_20260903_092000_Structural_v3.2_RVOL0.8, payload={'price': 57566.7, 'old_sl': 57629.575000000004, 'new_sl': 57606.225, 'old_tp': None, 'new_tp': 57215.7, 'reason': 'TRAILING_SL'}
2026-09-03 09:27:07,114 - INFO - 🟡 UPDATE (TRAILING_SL) [CFStructural_v3.2_RVOL0.8|uctural_v3.2_RVOL0.8]: NSE:NIFTYBANK-INDEX @ 57566.70 | SL→57606.22 TP→57215.70
2026-09-03 09:27:07,922 - INFO - Retrieved live premium from Fyers API: LTP=374.85 for NSE:BANKNIFTY26SEP57000PE
2026-09-03 09:27:08,978 - INFO - Retrieved live premium from Fyers API: LTP=373.9 for NSE:BANKNIFTY26SEP57000PE
2026-09-03 09:27:09,944 - INFO - Retrieved live premium from Fyers API: LTP=346.75 for NSE:BANKNIFTY26SEP56900PE
2026-09-03 09:27:10,957 - INFO - Retrieved live premium from Fyers API: LTP=322.15 for NSE:BANKNIFTY26SEP56800PE
2026-09-03 09:27:11,950 - INFO - Retrieved live premium from Fyers API: LTP=346.75 for NSE:BANKNIFTY26SEP56900PE
2026-09-03 09:27:33,164 - INFO - 📊 Saved 22 snapshots for NSE:NIFTYBANK-INDEX  (oi range: 60,270–1,949,010)
2026-09-03 09:27:34,261 - INFO - 📡 Fetching NSE:NIFTY50-INDEX @ 23962  expiry=26908  strikes=ATM±5
2026-09-03 09:27:35,649 - INFO - ⏱️ [Real-time Exit Loop] Checking open positions @ 09:27:35...
2026-09-03 09:27:36,789 - INFO - 📊 EXECUTION AUDIT [SL_MODIFIED]: trade_id=trade_NSE_NIFTYBANK_INDEX_RelativeValue_NIFTY_BANKNIFTY_v1.0_1788407705, candidate_id=cand_NSE_NIFTYBANK_INDEX_RELVAL_57610.95_20260903_092505_RelativeValue_NIFTY_BANKNIFTY_v1.0, payload={'price': 57564.25, 'old_sl': 57606.225, 'new_sl': 57603.775, 'old_tp': None, 'new_tp': 57432.34576782864, 'reason': 'TRAILING_SL'}
2026-09-03 09:27:36,832 - INFO - 🟡 UPDATE (TRAILING_SL) [RelativeValue_NIFTY_BANKNIFTY_v1.0|NIFTY_BANKNIFTY_v1.0]: NSE:NIFTYBANK-INDEX @ 57564.25 | SL→57603.78 TP→57432.35
2026-09-03 09:27:36,852 - INFO - 📊 EXECUTION AUDIT [CF_SL_MODIFIED]: trade_id=None, candidate_id=cand_NSE_NIFTYBANK_INDEX_BREAKOUT_57023.95_20260903_092000_Structural_v3.2_RVOL1.0, payload={'price': 57564.25, 'old_sl': 57606.225, 'new_sl': 57603.775, 'old_tp': None, 'new_tp': 57215.7, 'reason': 'TRAILING_SL'}
2026-09-03 09:27:36,893 - INFO - 🟡 UPDATE (TRAILING_SL) [CFStructural_v3.2_RVOL1.0|uctural_v3.2_RVOL1.0]: NSE:NIFTYBANK-INDEX @ 57564.25 | SL→57603.78 TP→57215.70
2026-09-03 09:27:36,894 - INFO - 📊 EXECUTION AUDIT [CF_SL_MODIFIED]: trade_id=None, candidate_id=cand_NSE_NIFTYBANK_INDEX_BREAKOUT_57023.95_20260903_092000_Structural_v3.2_RVOL0.8, payload={'price': 57564.25, 'old_sl': 57606.225, 'new_sl': 57603.775, 'old_tp': None, 'new_tp': 57215.7, 'reason': 'TRAILING_SL'}
2026-09-03 09:27:36,930 - INFO - 🟡 UPDATE (TRAILING_SL) [CFStructural_v3.2_RVOL0.8|uctural_v3.2_RVOL0.8]: NSE:NIFTYBANK-INDEX @ 57564.25 | SL→57603.78 TP→57215.70
2026-09-03 09:27:37,749 - INFO - Retrieved live premium from Fyers API: LTP=376.7 for NSE:BANKNIFTY26SEP57000PE
2026-09-03 09:27:38,767 - INFO - Retrieved live premium from Fyers API: LTP=375.15 for NSE:BANKNIFTY26SEP57000PE
2026-09-03 09:27:39,758 - INFO - Retrieved live premium from Fyers API: LTP=350.2 for NSE:BANKNIFTY26SEP56900PE
2026-09-03 09:27:40,770 - INFO - Retrieved live premium from Fyers API: LTP=323.85 for NSE:BANKNIFTY26SEP56800PE
2026-09-03 09:27:41,769 - INFO - Retrieved live premium from Fyers API: LTP=350.2 for NSE:BANKNIFTY26SEP56900PE
2026-09-03 09:28:03,997 - INFO - 📊 Saved 22 snapshots for NSE:NIFTY50-INDEX  (oi range: 361,530–11,560,250)
2026-09-03 09:28:05,441 - INFO - ⏱️ [Real-time Exit Loop] Checking open positions @ 09:28:05...
2026-09-03 09:28:06,120 - INFO - 📡 Fetching NSE:NIFTYBANK-INDEX @ 57585  expiry=26SEP  strikes=ATM±5
2026-09-03 09:28:07,574 - INFO - Retrieved live premium from Fyers API: LTP=373.95 for NSE:BANKNIFTY26SEP57000PE
2026-09-03 09:28:08,576 - INFO - Retrieved live premium from Fyers API: LTP=373.95 for NSE:BANKNIFTY26SEP57000PE
2026-09-03 09:28:09,568 - INFO - Retrieved live premium from Fyers API: LTP=348.0 for NSE:BANKNIFTY26SEP56900PE
2026-09-03 09:28:10,571 - INFO - Retrieved live premium from Fyers API: LTP=321.25 for NSE:BANKNIFTY26SEP56800PE
2026-09-03 09:28:11,581 - INFO - Retrieved live premium from Fyers API: LTP=348.0 for NSE:BANKNIFTY26SEP56900PE
2026-09-03 09:28:35,250 - INFO - ⏱️ [Real-time Exit Loop] Checking open positions @ 09:28:35...
2026-09-03 09:28:35,959 - INFO - 📊 Saved 22 snapshots for NSE:NIFTYBANK-INDEX  (oi range: 62,700–1,948,110)
2026-09-03 09:28:37,110 - INFO - 📡 Fetching NSE:NIFTY50-INDEX @ 23974  expiry=26908  strikes=ATM±5
2026-09-03 09:28:37,386 - INFO - Retrieved live premium from Fyers API: LTP=370.2 for NSE:BANKNIFTY26SEP57000PE
2026-09-03 09:28:38,398 - INFO - Retrieved live premium from Fyers API: LTP=370.2 for NSE:BANKNIFTY26SEP57000PE
2026-09-03 09:28:39,390 - INFO - Retrieved live premium from Fyers API: LTP=344.0 for NSE:BANKNIFTY26SEP56900PE
2026-09-03 09:28:40,401 - INFO - Retrieved live premium from Fyers API: LTP=318.0 for NSE:BANKNIFTY26SEP56800PE
2026-09-03 09:28:41,380 - INFO - Retrieved live premium from Fyers API: LTP=344.0 for NSE:BANKNIFTY26SEP56900PE
2026-09-03 09:29:05,018 - INFO - ⏱️ [Real-time Exit Loop] Checking open positions @ 09:29:05...
2026-09-03 09:29:06,999 - INFO - 📊 Saved 22 snapshots for NSE:NIFTY50-INDEX  (oi range: 367,640–11,336,845)
2026-09-03 09:29:07,149 - INFO - Retrieved live premium from Fyers API: LTP=373.0 for NSE:BANKNIFTY26SEP57000PE
2026-09-03 09:29:08,159 - INFO - Retrieved live premium from Fyers API: LTP=373.0 for NSE:BANKNIFTY26SEP57000PE
2026-09-03 09:29:09,136 - INFO - 📡 Fetching NSE:NIFTYBANK-INDEX @ 57568  expiry=26SEP  strikes=ATM±5
2026-09-03 09:29:09,141 - INFO - Retrieved live premium from Fyers API: LTP=344.85 for NSE:BANKNIFTY26SEP56900PE
2026-09-03 09:29:10,149 - INFO - Retrieved live premium from Fyers API: LTP=320.65 for NSE:BANKNIFTY26SEP56800PE
2026-09-03 09:29:11,140 - INFO - Retrieved live premium from Fyers API: LTP=344.85 for NSE:BANKNIFTY26SEP56900PE
2026-09-03 09:39:40,217 - INFO - 🔔 [New Candle Closed] Running entry pipeline for candle 09:35 at 09:39:40...
2026-09-03 09:39:40,218 - INFO - --- 09:39:40 Market Pulse ---
2026-09-03 09:39:43,435 - INFO - 📊 Saved 22 snapshots for NSE:NIFTYBANK-INDEX  (oi range: 62,670–1,943,400)
2026-09-03 09:39:44,780 - INFO - 📡 Fetching NSE:NIFTY50-INDEX @ 24002  expiry=26908  strikes=ATM±5
2026-09-03 09:39:45,488 - INFO - 📊 EXECUTION AUDIT [SL_MODIFIED]: trade_id=trade_NSE_NIFTYBANK_INDEX_GapRegime_v2.0_1788407705, candidate_id=cand_NSE_NIFTYBANK_INDEX_GAP_AND_GO_57610.95_20260903_092505_GapRegime_v2.0, payload={'price': 57676.45, 'old_sl': 57493.49, 'new_sl': 57551.49, 'old_tp': None, 'new_tp': 58004.23, 'reason': 'TRAILING_SL'}
2026-09-03 09:39:45,563 - INFO - 🟡 UPDATE (TRAILING_SL) [GapRegime_v2.0|92505_GapRegime_v2.0]: NSE:NIFTYBANK-INDEX @ 57676.45 | SL→57551.49 TP→58004.23
2026-09-03 09:39:45,591 - INFO - 📊 EXECUTION AUDIT [ORDER_EXITED]: trade_id=trade_NSE_NIFTYBANK_INDEX_RelativeValue_NIFTY_BANKNIFTY_v1.0_1788407705, candidate_id=cand_NSE_NIFTYBANK_INDEX_RELVAL_57610.95_20260903_092505_RelativeValue_NIFTY_BANKNIFTY_v1.0, payload={'exit_price': 57603.775, 'exit_reason': 'TRAILING_SL', 'pnl_r': -0.050788091068301226, 'duration_minutes': 14.573643016666667, 'bars_held': 1}
2026-09-03 09:39:45,634 - INFO - 🔴 EXIT (TRAILING_SL) [RelativeValue_NIFTY_BANKNIFTY_v1.0|NIFTY_BANKNIFTY_v1.0]: NSE:NIFTYBANK-INDEX @ 57603.78 | PnL -0.05R | MFE 1.18R | Capture -4% | 1bars HoldEff -0.051R/bar
2026-09-03 09:39:45,634 - INFO - 📊 EXECUTION AUDIT [CF_SL_MODIFIED]: trade_id=None, candidate_id=cand_NSE_NIFTYBANK_INDEX_PDHL_BREAKOUT_57577.15_20260903_092005_PrevDay_Extremes_RVOL1.2, payload={'price': 57676.45, 'old_sl': 57248.1242979527, 'new_sl': 57299.024297952696, 'old_tp': None, 'new_tp': 57954.6, 'reason': 'TRAILING_SL'}
2026-09-03 09:39:45,671 - INFO - 🟡 UPDATE (TRAILING_SL) [CFPrevDay_Extremes_RVOL1.2|Day_Extremes_RVOL1.2]: NSE:NIFTYBANK-INDEX @ 57676.45 | SL→57299.02 TP→57954.60
2026-09-03 09:39:45,671 - INFO - 📊 EXECUTION AUDIT [CF_SL_MODIFIED]: trade_id=None, candidate_id=cand_NSE_NIFTYBANK_INDEX_OI_WALL_FADE_57577.15_20260903_092005_OIWallReaction_v1.0, payload={'price': 57676.45, 'old_sl': 57537.0765, 'new_sl': 57587.9765, 'old_tp': None, 'new_tp': 57676.947, 'reason': 'TRAILING_SL'}
2026-09-03 09:39:45,708 - INFO - 🟡 UPDATE (TRAILING_SL) [CFOIWallReaction_v1.0|_OIWallReaction_v1.0]: NSE:NIFTYBANK-INDEX @ 57676.45 | SL→57587.98 TP→57676.95
2026-09-03 09:39:45,708 - INFO - 📊 EXECUTION AUDIT [CF_EXITED]: trade_id=None, candidate_id=cand_NSE_NIFTYBANK_INDEX_BREAKOUT_57023.95_20260903_092000_Structural_v3.2_RVOL1.0, payload={'exit_price': 57603.775, 'exit_reason': 'TRAILING_SL', 'pnl_r': -0.050788091068301226, 'duration_minutes': 14.573643016666667, 'bars_held': 1}
2026-09-03 09:39:45,743 - INFO - 🔴 EXIT (TRAILING_SL) [CFStructural_v3.2_RVOL1.0|uctural_v3.2_RVOL1.0]: NSE:NIFTYBANK-INDEX @ 57603.78 | PnL -0.05R | MFE 1.18R | Capture -4% | 1bars HoldEff -0.051R/bar
2026-09-03 09:39:45,743 - INFO - 📊 EXECUTION AUDIT [CF_EXITED]: trade_id=None, candidate_id=cand_NSE_NIFTYBANK_INDEX_BREAKOUT_57023.95_20260903_092000_Structural_v3.2_RVOL0.8, payload={'exit_price': 57603.775, 'exit_reason': 'TRAILING_SL', 'pnl_r': -0.050788091068301226, 'duration_minutes': 14.573643016666667, 'bars_held': 1}
2026-09-03 09:39:45,778 - INFO - 🔴 EXIT (TRAILING_SL) [CFStructural_v3.2_RVOL0.8|uctural_v3.2_RVOL0.8]: NSE:NIFTYBANK-INDEX @ 57603.78 | PnL -0.05R | MFE 1.18R | Capture -4% | 1bars HoldEff -0.051R/bar
2026-09-03 09:39:45,778 - INFO - 📊 EXECUTION AUDIT [CF_EXITED]: trade_id=None, candidate_id=cand_NSE_NIFTYBANK_INDEX_BREAKOUT_57023.95_20260903_092000_Structural_v3.3_ExitMgmt, payload={'exit_price': 57650.475, 'exit_reason': 'INITIAL_SL', 'pnl_r': -0.050788091068301226, 'duration_minutes': 14.573643016666667, 'bars_held': 1}
2026-09-03 09:39:45,811 - INFO - 🔴 EXIT (INITIAL_SL) [CFStructural_v3.3_ExitMgmt|ctural_v3.3_ExitMgmt]: NSE:NIFTYBANK-INDEX @ 57650.47 | PnL -0.05R | MFE 1.18R | Capture -4% | 1bars HoldEff -0.051R/bar
2026-09-03 09:39:46,336 - INFO - Retrieved live premium from Fyers API: LTP=199.5 for NSE:NIFTY2690823900CE
2026-09-03 09:39:47,382 - INFO - Retrieved live premium from Fyers API: LTP=132.85 for NSE:NIFTY2690824000CE
2026-09-03 09:39:48,363 - INFO - Retrieved live premium from Fyers API: LTP=199.7 for NSE:NIFTY2690823900CE
2026-09-03 09:39:49,378 - INFO - Retrieved live premium from Fyers API: LTP=53.95 for NSE:NIFTY2690823900PE
2026-09-03 09:39:50,406 - INFO - Retrieved live premium from Fyers API: LTP=133.7 for NSE:NIFTY2690824000CE
2026-09-03 09:39:51,377 - INFO - Retrieved live premium from Fyers API: LTP=32.4 for NSE:NIFTY2690823800PE
2026-09-03 09:39:52,414 - INFO - Retrieved live premium from Fyers API: LTP=166.0 for NSE:NIFTY2690823950CE
2026-09-03 09:39:53,417 - INFO - Retrieved live premium from Fyers API: LTP=105.9 for NSE:NIFTY2690824050CE
2026-09-03 09:39:54,427 - INFO - Retrieved live premium from Fyers API: LTP=41.4 for NSE:NIFTY2690823850PE
2026-09-03 09:39:55,432 - INFO - Retrieved live premium from Fyers API: LTP=25.35 for NSE:NIFTY2690823750PE
2026-09-03 09:39:56,437 - INFO - Retrieved live premium from Fyers API: LTP=166.7 for NSE:NIFTY2690823950CE
2026-09-03 09:39:57,444 - INFO - Retrieved live premium from Fyers API: LTP=107.05 for NSE:NIFTY2690824050CE
2026-09-03 09:39:58,453 - INFO - Retrieved live premium from Fyers API: LTP=53.1 for NSE:NIFTY2690823900PE
2026-09-03 09:39:59,477 - INFO - Retrieved live premium from Fyers API: LTP=202.25 for NSE:NIFTY2690823900CE
2026-09-03 09:40:00,481 - INFO - Retrieved live premium from Fyers API: LTP=19.6 for NSE:NIFTY2690823700PE
2026-09-03 09:40:01,477 - INFO - Retrieved live premium from Fyers API: LTP=82.55 for NSE:NIFTY2690824100CE
2026-09-03 09:40:02,497 - INFO - Retrieved live premium from Fyers API: LTP=40.8 for NSE:NIFTY2690823850PE
2026-09-03 09:40:03,499 - INFO - Retrieved live premium from Fyers API: LTP=24.95 for NSE:NIFTY2690823750PE
2026-09-03 09:40:04,501 - INFO - Retrieved live premium from Fyers API: LTP=167.95 for NSE:NIFTY2690823950CE
2026-09-03 09:50:12,571 - WARNING - No quotes data available for ['NSE:NIFTY2690824050CE'] (code=-1, message=Network connection failure before HTTP response)
2026-09-03 09:50:12,572 - WARNING - ⚠️ Could not refresh leg NSE:NIFTY2690824050CE: Could not resolve a real premium for NSE:NIFTY2690824050CE (DB warehouse miss/stale AND live quote failed) — using last known premium
2026-09-03 09:50:12,746 - INFO - Retrieved live premium from Fyers API: LTP=389.0 for NSE:BANKNIFTY26SEP57200PE
2026-09-03 09:50:13,758 - INFO - Retrieved live premium from Fyers API: LTP=334.15 for NSE:BANKNIFTY26SEP57000PE
2026-09-03 09:50:14,768 - INFO - Retrieved live premium from Fyers API: LTP=1164.1 for NSE:BANKNIFTY26SEP57200CE
2026-09-03 09:50:15,769 - INFO - Retrieved live premium from Fyers API: LTP=389.8 for NSE:BANKNIFTY26SEP57200PE
2026-09-03 09:50:16,782 - INFO - Retrieved live premium from Fyers API: LTP=1028.55 for NSE:BANKNIFTY26SEP57400CE
2026-09-03 09:50:17,787 - INFO - Retrieved live premium from Fyers API: LTP=334.6 for NSE:BANKNIFTY26SEP57000PE
2026-09-03 09:50:18,757 - INFO - Retrieved live premium from Fyers API: LTP=362.75 for NSE:BANKNIFTY26SEP57100PE
2026-09-03 09:50:19,794 - INFO - Retrieved live premium from Fyers API: LTP=310.0 for NSE:BANKNIFTY26SEP56900PE
2026-09-03 09:50:20,528 - INFO - 📊 Saved 22 snapshots for NSE:NIFTY50-INDEX  (oi range: 372,645–10,933,455)
2026-09-03 09:50:20,777 - INFO - Retrieved live premium from Fyers API: LTP=1094.7 for NSE:BANKNIFTY26SEP57300CE
2026-09-03 09:50:21,800 - INFO - Retrieved live premium from Fyers API: LTP=964.5 for NSE:BANKNIFTY26SEP57500CE
2026-09-03 09:50:22,664 - INFO - 📡 Fetching NSE:NIFTYBANK-INDEX @ 57694  expiry=26SEP  strikes=ATM±5
2026-09-03 09:50:22,815 - INFO - Retrieved live premium from Fyers API: LTP=389.8 for NSE:BANKNIFTY26SEP57200PE
2026-09-03 09:50:23,814 - INFO - Retrieved live premium from Fyers API: LTP=1164.7 for NSE:BANKNIFTY26SEP57200CE
2026-09-03 09:50:24,822 - INFO - Retrieved live premium from Fyers API: LTP=286.9 for NSE:BANKNIFTY26SEP56800PE
2026-09-03 09:50:25,836 - INFO - Retrieved live premium from Fyers API: LTP=906.2 for NSE:BANKNIFTY26SEP57600CE
2026-09-03 09:50:26,825 - INFO - Retrieved live premium from Fyers API: LTP=363.0 for NSE:BANKNIFTY26SEP57100PE
2026-09-03 09:50:27,855 - INFO - Retrieved live premium from Fyers API: LTP=309.0 for NSE:BANKNIFTY26SEP56900PE
2026-09-03 09:50:28,836 - INFO - Retrieved live premium from Fyers API: LTP=1096.3 for NSE:BANKNIFTY26SEP57300CE
2026-09-03 09:50:29,874 - INFO - Retrieved live premium from Fyers API: LTP=964.0 for NSE:BANKNIFTY26SEP57500CE
2026-09-03 09:50:30,849 - INFO - Retrieved live premium from Fyers API: LTP=141.45 for NSE:NIFTY2690824000CE
2026-09-03 09:50:31,864 - INFO - Retrieved live premium from Fyers API: LTP=86.95 for NSE:NIFTY2690824100CE
2026-09-03 09:50:32,899 - INFO - Retrieved live premium from Fyers API: LTP=51.9 for NSE:NIFTY2690823900PE
2026-09-03 09:50:34,013 - INFO - Retrieved live premium from Fyers API: LTP=32.05 for NSE:NIFTY2690823800PE
2026-09-03 09:50:35,038 - INFO - Retrieved live premium from Fyers API: LTP=140.95 for NSE:NIFTY2690824000CE
2026-09-03 09:50:36,054 - INFO - Retrieved live premium from Fyers API: LTP=86.3 for NSE:NIFTY2690824100CE
2026-09-03 09:50:37,087 - INFO - Retrieved live premium from Fyers API: LTP=247.85 for NSE:NIFTY2690823850CE
2026-09-03 09:50:38,145 - INFO - Retrieved live premium from Fyers API: LTP=173.2 for NSE:NIFTY2690823950CE
2026-09-03 09:50:39,208 - INFO - Retrieved live premium from Fyers API: LTP=173.5 for NSE:NIFTY2690823950CE
2026-09-03 09:50:39,939 - INFO - Retrieved live premium from Fyers API: LTP=111.5 for NSE:NIFTY2690824050CE
2026-09-03 09:50:40,928 - INFO - Retrieved live premium from Fyers API: LTP=66.45 for NSE:NIFTY2690823950PE
2026-09-03 09:50:41,955 - INFO - Retrieved live premium from Fyers API: LTP=173.0 for NSE:NIFTY2690823950CE
2026-09-03 09:50:42,937 - INFO - Retrieved live premium from Fyers API: LTP=24.9 for NSE:NIFTY2690823750PE
2026-09-03 09:50:43,935 - INFO - Retrieved live premium from Fyers API: LTP=64.45 for NSE:NIFTY2690824150CE
2026-09-03 09:50:44,958 - INFO - Retrieved live premium from Fyers API: LTP=51.95 for NSE:NIFTY2690823900PE
2026-09-03 09:50:45,970 - INFO - Retrieved live premium from Fyers API: LTP=32.05 for NSE:NIFTY2690823800PE
2026-09-03 09:50:46,950 - INFO - Retrieved live premium from Fyers API: LTP=141.45 for NSE:NIFTY2690824000CE
2026-09-03 09:50:47,993 - INFO - Retrieved live premium from Fyers API: LTP=86.9 for NSE:NIFTY2690824100CE
2026-09-03 09:50:49,001 - INFO - Retrieved live premium from Fyers API: LTP=900.0 for NSE:BANKNIFTY26SEP57600CE
2026-09-03 09:50:50,004 - INFO - Retrieved live premium from Fyers API: LTP=783.15 for NSE:BANKNIFTY26SEP57800CE
2026-09-03 09:50:50,992 - INFO - Retrieved live premium from Fyers API: LTP=142.0 for NSE:NIFTY2690824000CE
2026-09-03 09:50:52,023 - INFO - Retrieved live premium from Fyers API: LTP=88.0 for NSE:NIFTY2690824100CE
2026-09-03 09:50:53,006 - INFO - Retrieved live premium from Fyers API: LTP=50.85 for NSE:NIFTY2690823900PE
2026-09-03 09:50:53,198 - INFO - 📊 Saved 22 snapshots for NSE:NIFTYBANK-INDEX  (oi range: 87,060–1,973,460)
2026-09-03 09:50:54,019 - INFO - Retrieved live premium from Fyers API: LTP=31.75 for NSE:NIFTY2690823800PE
2026-09-03 09:50:54,312 - INFO - 📡 Fetching NSE:NIFTY50-INDEX @ 24014  expiry=26908  strikes=ATM±5
2026-09-03 09:50:55,022 - INFO - Retrieved live premium from Fyers API: LTP=143.0 for NSE:NIFTY2690824000CE
2026-09-03 09:50:56,019 - INFO - Retrieved live premium from Fyers API: LTP=87.65 for NSE:NIFTY2690824100CE
2026-09-03 09:50:57,035 - INFO - Retrieved live premium from Fyers API: LTP=51.25 for NSE:NIFTY2690823900PE
2026-09-03 09:50:58,047 - INFO - Retrieved live premium from Fyers API: LTP=31.85 for NSE:NIFTY2690823800PE
2026-09-03 09:50:59,054 - INFO - Retrieved live premium from Fyers API: LTP=142.15 for NSE:NIFTY2690824000CE
2026-09-03 09:51:00,056 - INFO - Retrieved live premium from Fyers API: LTP=87.8 for NSE:NIFTY2690824100CE
2026-09-03 09:51:01,636 - WARNING - ⚡ [OI_Scalping_v1.0] errors: ['INSUFFICIENT_OI_DATA'] (0.0ms)
2026-09-03 09:51:01,648 - INFO - Resolved active expiry from DB: 26908 (2026-09-08)
2026-09-03 09:51:01,648 - INFO - 👻 [Geometry_v1.0_Score35] CF CONFLUENCE_BOUNCE NSE:NIFTY50-INDEX BUY CALL | Rejected: ['LOW_RR:0.2']
2026-09-03 09:51:01,648 - INFO - 📊 EXECUTION AUDIT [SIGNAL_GENERATED]: trade_id=None, candidate_id=cand_NSE_NIFTY50_INDEX_CONFLUENCE_BOUNCE_23994.15_202609030939_Geometry_v1.0_Score35, payload={'symbol': 'NSE:NIFTY50-INDEX', 'candidate_id': 'cand_NSE_NIFTY50_INDEX_CONFLUENCE_BOUNCE_23994.15_202609030939_Geometry_v1.0_Score35', 'experiment_name': 'Geometry_v1.0_Score35', 'strategy_id': 'geometry', 'version': 'v1.0', 'signal': 'BUY CALL', 'strategy': 'CONFLUENCE_BOUNCE', 'price': 23994.15, 'stop_loss': 23981.53, 'take_profit': 23996.63, 'tp1': 24013.08, 'rr_ratio': 0.2, 'timestamp': '2026-09-03T09:39:40.218876+05:30', 'zone_band_low': 23994.15, 'zone_band_high': 23994.15, 'zone_direction': 'SUPPORT', 'zone_component_count': 1, 'accepted': False, 'rejection_reasons': ['LOW_RR:0.2'], 'stop_loss_distance': 12.62, 'atr': 25.24, 'confidence': 0.524, 'diagnostics': {'zone_score': 47.4, 'zone_explanation': 'VWAP @ 23994.15 (±0.0pts, score=47)', 'dist_to_zone': 0.0, 'narrative_bias': 'CONTINUATION', 'bias_confidence': 0.6, 'zone_engine_confirmed': False}, 'features': {'regime_primary': 'STRONG_TREND_UP', 'regime_vol_state': 'HIGH_VOL', 'market_regime': 'STRONG_TREND_UP_HIGH_VOL'}}
2026-09-03 09:51:01,671 - INFO - Resolved active expiry from DB: 26908 (2026-09-08)
2026-09-03 09:51:01,771 - INFO - Retrieved live premium from Fyers API: LTP=142.6 for NSE:NIFTY2690824000CE
2026-09-03 09:51:01,771 - INFO - Resolved index signal into option contract: OptionContract(symbol='NSE:NIFTY2690824000CE', strike=24000.0, expiry='26908', option_type='CE', premium=142.6, delta=0.5, bid=142.05, ask=142.35, volume=51615525, resolved_at=datetime.datetime(2026, 9, 3, 9, 51, 1, 771752))
2026-09-03 09:51:01,772 - INFO - ⚡ Option strike selection resolved index signal to contract NSE:NIFTY2690824000CE @ premium 142.6 (type: CE, strike: 24000.0)
2026-09-03 09:51:01,772 - INFO - 📊 EXECUTION AUDIT [STRIKE_SELECTED]: trade_id=None, candidate_id=cand_NSE_NIFTY50_INDEX_CONFLUENCE_BOUNCE_23994.15_202609030939_Geometry_v1.0_Score35, payload={'symbol': 'NSE:NIFTY2690824000CE', 'strike': 24000.0, 'expiry': '26908', 'type': 'CE'}
2026-09-03 09:51:01,788 - INFO - 📊 EXECUTION AUDIT [PREMIUM_RETRIEVED]: trade_id=None, candidate_id=cand_NSE_NIFTY50_INDEX_CONFLUENCE_BOUNCE_23994.15_202609030939_Geometry_v1.0_Score35, payload={'premium': 142.6, 'bid': 142.05, 'ask': 142.35}
2026-09-03 09:51:01,803 - INFO - 📊 EXECUTION AUDIT [CF_SUBMITTED]: trade_id=None, candidate_id=cand_NSE_NIFTY50_INDEX_CONFLUENCE_BOUNCE_23994.15_202609030939_Geometry_v1.0_Score35, payload={'price': 23994.15, 'sl': 23981.53, 'tp': 23996.63}
2026-09-03 09:51:01,816 - INFO - 📊 EXECUTION AUDIT [CF_FILLED]: trade_id=None, candidate_id=cand_NSE_NIFTY50_INDEX_CONFLUENCE_BOUNCE_23994.15_202609030939_Geometry_v1.0_Score35, payload={'price': 23994.15, 'sl': 23981.53, 'tp': 23996.63}
2026-09-03 09:51:01,831 - INFO - 💰 Position size [CONFLUENCE_BOUNCE|STRONG_TREND_UP_HIGH_VOL|conf=1]: frac=0.004 → ₹5,000 (risk/unit=0.05%)
2026-09-03 09:51:01,860 - INFO - 🟢 ENTRY [CF|Geometry_v1.0_Score35|eometry_v1.0_Score35]: NSE:NIFTY50-INDEX BUY CALL @ 23994.15 | SL: 23981.53 TP: 23996.63
2026-09-03 09:51:01,861 - INFO - 🚀 SIGNAL: NSE:NIFTY50-INDEX BUY CALL | [OIWallReaction_v1.0]
2026-09-03 09:51:01,861 - INFO -    Entry: 23994.15 | SL: 23981.530000000002 | TP: 24069.870000000003 (RR: 6.0)
2026-09-03 09:51:01,861 - INFO - 📊 EXECUTION AUDIT [SIGNAL_GENERATED]: trade_id=trade_NSE_NIFTY50_INDEX_OIWallReaction_v1.0_1788408580, candidate_id=cand_NSE_NIFTY50_INDEX_OI_WALL_FADE_23994.15_20260903_093940_OIWallReaction_v1.0, payload={'symbol': 'NSE:NIFTY50-INDEX', 'candidate_id': 'cand_NSE_NIFTY50_INDEX_OI_WALL_FADE_23994.15_20260903_093940_OIWallReaction_v1.0', 'signal': 'BUY CALL', 'price': 23994.15, 'stop_loss': 23981.530000000002, 'take_profit': 24069.870000000003, 'tp1': 24013.08, 'rr_ratio': 6.0, 'strategy': 'OI_WALL_FADE', 'confidence': 1.0, 'accepted': True, 'rejection_reasons': [], 'timestamp': datetime.datetime(2026, 9, 3, 9, 39, 40, 218876, tzinfo=zoneinfo.ZoneInfo(key='Asia/Kolkata')), 'diagnostics': {'wall_strike': 24000.0, 'wall_oi': 10706735, 'wall_oi_change': 6419465, 'wall_type': 'put'}, 'experiment_name': 'OIWallReaction_v1.0', 'strategy_id': 'oi_wall_reaction', 'version': 'v1.0', 'features': {'regime_primary': 'STRONG_TREND_UP', 'regime_vol_state': 'HIGH_VOL', 'market_regime': 'STRONG_TREND_UP_HIGH_VOL'}}
2026-09-03 09:51:01,890 - INFO - Resolved active expiry from DB: 26908 (2026-09-08)
2026-09-03 09:51:02,799 - INFO - Retrieved live premium from Fyers API: LTP=142.75 for NSE:NIFTY2690824000CE
2026-09-03 09:51:02,800 - INFO - Resolved index signal into option contract: OptionContract(symbol='NSE:NIFTY2690824000CE', strike=24000.0, expiry='26908', option_type='CE', premium=142.75, delta=0.5, bid=142.5, ask=142.75, volume=51621505, resolved_at=datetime.datetime(2026, 9, 3, 9, 51, 2, 800026))
2026-09-03 09:51:02,800 - INFO - ⚡ Option strike selection resolved index signal to contract NSE:NIFTY2690824000CE @ premium 142.75 (type: CE, strike: 24000.0)
2026-09-03 09:51:02,800 - INFO - 📊 EXECUTION AUDIT [STRIKE_SELECTED]: trade_id=trade_NSE_NIFTY50_INDEX_OIWallReaction_v1.0_1788408580, candidate_id=cand_NSE_NIFTY50_INDEX_OI_WALL_FADE_23994.15_20260903_093940_OIWallReaction_v1.0, payload={'symbol': 'NSE:NIFTY2690824000CE', 'strike': 24000.0, 'expiry': '26908', 'type': 'CE'}
2026-09-03 09:51:02,831 - INFO - 📊 EXECUTION AUDIT [PREMIUM_RETRIEVED]: trade_id=trade_NSE_NIFTY50_INDEX_OIWallReaction_v1.0_1788408580, candidate_id=cand_NSE_NIFTY50_INDEX_OI_WALL_FADE_23994.15_20260903_093940_OIWallReaction_v1.0, payload={'premium': 142.75, 'bid': 142.5, 'ask': 142.75}
2026-09-03 09:51:02,851 - INFO - 📊 EXECUTION AUDIT [ORDER_SUBMITTED]: trade_id=trade_NSE_NIFTY50_INDEX_OIWallReaction_v1.0_1788408580, candidate_id=cand_NSE_NIFTY50_INDEX_OI_WALL_FADE_23994.15_20260903_093940_OIWallReaction_v1.0, payload={'price': 23994.15, 'sl': 23981.530000000002, 'tp': 24069.870000000003}
2026-09-03 09:51:02,869 - INFO - 📊 EXECUTION AUDIT [ORDER_FILLED]: trade_id=trade_NSE_NIFTY50_INDEX_OIWallReaction_v1.0_1788408580, candidate_id=cand_NSE_NIFTY50_INDEX_OI_WALL_FADE_23994.15_20260903_093940_OIWallReaction_v1.0, payload={'price': 23994.15, 'sl': 23981.530000000002, 'tp': 24069.870000000003}
2026-09-03 09:51:02,886 - INFO - 💰 Position size [OI_WALL_FADE|STRONG_TREND_UP_HIGH_VOL|conf=1]: frac=0.004 → ₹5,000 (risk/unit=0.05%)
2026-09-03 09:51:02,920 - INFO - 🟢 ENTRY [OIWallReaction_v1.0|_v1.0_1788408580]: NSE:NIFTY50-INDEX BUY CALL @ 23994.15 | SL: 23981.53 TP: 24069.87
2026-09-03 09:51:02,920 - WARNING - ⚡ [OI_Scalping_v1.0] errors: ['INSUFFICIENT_OI_DATA']
2026-09-03 09:51:04,288 - WARNING - ⚡ [OI_Scalping_v1.0] errors: ['INSUFFICIENT_ATM_DATA'] (0.0ms)
2026-09-03 09:51:04,300 - INFO - Resolved active expiry from DB: 26SEP (2026-09-29)
2026-09-03 09:51:04,302 - INFO - 👻 [Structural_v3.2_RVOL1.0] CF BREAKOUT NSE:NIFTYBANK-INDEX BUY PUT | Rejected: ['LOW_RVOL', 'BIAS_MISMATCH']
2026-09-03 09:51:04,302 - INFO - 📊 EXECUTION AUDIT [SIGNAL_GENERATED]: trade_id=None, candidate_id=cand_NSE_NIFTYBANK_INDEX_BREAKOUT_57023.95_20260903_093000_Structural_v3.2_RVOL1.0, payload={'symbol': 'NSE:NIFTYBANK-INDEX', 'signal': 'BUY PUT', 'strategy': 'BREAKOUT', 'price': 57652.65, 'stop_loss': 57695.298214285714, 'take_profit': 57226.167857142864, 'tp1': 57588.67767857143, 'rr_ratio': 10.0, 'timestamp': '2026-09-03T09:30:00+05:30', 'accepted': False, 'rejection_reasons': ['LOW_RVOL', 'BIAS_MISMATCH'], 'features': {'date': '2026-09-03', 'strategy_name': 'Structural_v3', 'strategy_version': 'v3.2', 'feature_version': 'v1.1', 'market_regime': 'GAP_UP_HIGH_VOL', 'day_type': 'NORMAL_DAY', 'session_type': 'OPEN', 'daily_bias': 'NEUTRAL', 'hourly_bias': 'NEUTRAL', 'trend_strength': 0.0, 'rvol': 0.74, 'rvol_threshold': 1.0, 'atr': 85.3, 'distance_from_supply': 351.58, 'distance_from_demand': 829.45, 'nearest_supply_strength': 84.3, 'nearest_demand_strength': 71.2, 'distance_to_liquidity_pool': 829.4500000000044, 'liquidity_score': 7.4, 'indicator_snapshot': {'rvol_tod': 0.74, 'is_compressed': False, 'bos_count': 0}, 'move_efficiency': 0.8855, 'wickiness': 0.4245, 'fft_score': 0.0, 'setup_type': 'BREAKOUT', 'candidate_id': 'cand_NSE_NIFTYBANK_INDEX_BREAKOUT_57023.95_20260903_093000', 'ema20': 57260.76, 'ema50': 57169.74, 'move_efficiency_h1': 0.5644, 'ema_bullish': True, 'rsi14': 81.18, 'rsi2': 67.22, 'distance_to_vwap': 0.0, 'atr_percentile': 0.8611, 'dist_prev_high': 0.0075, 'dist_prev_low': 0.0146, 'adx': 30.02, 'adx_slope': 11.8044, 'gap_pct': 0.0057, 'regime_primary': 'GAP_UP', 'regime_vol_state': 'HIGH_VOL'}, 'candidate_id': 'cand_NSE_NIFTYBANK_INDEX_BREAKOUT_57023.95_20260903_093000_Structural_v3.2_RVOL1.0', 'experiment_name': 'Structural_v3.2_RVOL1.0', 'strategy_id': 'structural', 'version': 'v3.2'}
2026-09-03 09:51:04,323 - INFO - Resolved active expiry from DB: 26SEP (2026-09-29)
2026-09-03 09:51:04,334 - INFO - Resolved index signal into option contract: OptionContract(symbol='NSE:BANKNIFTY26SEP57700PE', strike=57700.0, expiry='26SEP', option_type='PE', premium=567.4, delta=0.5, bid=567.4, ask=568.6, volume=320910, resolved_at=datetime.datetime(2026, 9, 3, 9, 51, 4, 334871))
2026-09-03 09:51:04,335 - INFO - ⚡ Option strike selection resolved index signal to contract NSE:BANKNIFTY26SEP57700PE @ premium 567.4 (type: PE, strike: 57700.0)
2026-09-03 09:51:04,335 - INFO - 📊 EXECUTION AUDIT [STRIKE_SELECTED]: trade_id=None, candidate_id=cand_NSE_NIFTYBANK_INDEX_BREAKOUT_57023.95_20260903_093000_Structural_v3.2_RVOL1.0, payload={'symbol': 'NSE:BANKNIFTY26SEP57700PE', 'strike': 57700.0, 'expiry': '26SEP', 'type': 'PE'}
2026-09-03 09:51:04,346 - INFO - 📊 EXECUTION AUDIT [PREMIUM_RETRIEVED]: trade_id=None, candidate_id=cand_NSE_NIFTYBANK_INDEX_BREAKOUT_57023.95_20260903_093000_Structural_v3.2_RVOL1.0, payload={'premium': 567.4, 'bid': 567.4, 'ask': 568.6}
2026-09-03 09:51:04,356 - INFO - 📊 EXECUTION AUDIT [CF_SUBMITTED]: trade_id=None, candidate_id=cand_NSE_NIFTYBANK_INDEX_BREAKOUT_57023.95_20260903_093000_Structural_v3.2_RVOL1.0, payload={'price': 57652.65, 'sl': 57695.298214285714, 'tp': 57226.167857142864}
2026-09-03 09:51:04,367 - INFO - 📊 EXECUTION AUDIT [CF_FILLED]: trade_id=None, candidate_id=cand_NSE_NIFTYBANK_INDEX_BREAKOUT_57023.95_20260903_093000_Structural_v3.2_RVOL1.0, payload={'price': 57652.65, 'sl': 57695.298214285714, 'tp': 57226.167857142864}
2026-09-03 09:51:04,377 - INFO - 💰 Position size [BREAKOUT|GAP_UP_HIGH_VOL|conf=70]: frac=0.002 → ₹5,000 (risk/unit=0.07%)
2026-09-03 09:51:04,398 - INFO - 🟢 ENTRY [CF|Structural_v3.2_RVOL1.0|uctural_v3.2_RVOL1.0]: NSE:NIFTYBANK-INDEX BUY PUT @ 57652.65 | SL: 57695.30 TP: 57226.17
2026-09-03 09:51:04,398 - INFO - 👻 [Structural_v3.2_RVOL0.8] CF BREAKOUT NSE:NIFTYBANK-INDEX BUY PUT | Rejected: ['LOW_RVOL', 'BIAS_MISMATCH']
2026-09-03 09:51:04,398 - INFO - 📊 EXECUTION AUDIT [SIGNAL_GENERATED]: trade_id=None, candidate_id=cand_NSE_NIFTYBANK_INDEX_BREAKOUT_57023.95_20260903_093000_Structural_v3.2_RVOL0.8, payload={'symbol': 'NSE:NIFTYBANK-INDEX', 'signal': 'BUY PUT', 'strategy': 'BREAKOUT', 'price': 57652.65, 'stop_loss': 57695.298214285714, 'take_profit': 57226.167857142864, 'tp1': 57588.67767857143, 'rr_ratio': 10.0, 'timestamp': '2026-09-03T09:30:00+05:30', 'accepted': False, 'rejection_reasons': ['LOW_RVOL', 'BIAS_MISMATCH'], 'features': {'date': '2026-09-03', 'strategy_name': 'Structural_v3', 'strategy_version': 'v3.2', 'feature_version': 'v1.1', 'market_regime': 'GAP_UP_HIGH_VOL', 'day_type': 'NORMAL_DAY', 'session_type': 'OPEN', 'daily_bias': 'NEUTRAL', 'hourly_bias': 'NEUTRAL', 'trend_strength': 0.0, 'rvol': 0.74, 'rvol_threshold': 0.8, 'atr': 85.3, 'distance_from_supply': 351.58, 'distance_from_demand': 829.45, 'nearest_supply_strength': 84.3, 'nearest_demand_strength': 71.2, 'distance_to_liquidity_pool': 829.4500000000044, 'liquidity_score': 7.4, 'indicator_snapshot': {'rvol_tod': 0.74, 'is_compressed': False, 'bos_count': 0}, 'move_efficiency': 0.8855, 'wickiness': 0.4245, 'fft_score': 0.0, 'setup_type': 'BREAKOUT', 'candidate_id': 'cand_NSE_NIFTYBANK_INDEX_BREAKOUT_57023.95_20260903_093000', 'ema20': 57260.76, 'ema50': 57169.74, 'move_efficiency_h1': 0.5644, 'ema_bullish': True, 'rsi14': 81.18, 'rsi2': 67.22, 'distance_to_vwap': 0.0, 'atr_percentile': 0.8611, 'dist_prev_high': 0.0075, 'dist_prev_low': 0.0146, 'adx': 30.02, 'adx_slope': 11.8044, 'gap_pct': 0.0057, 'regime_primary': 'GAP_UP', 'regime_vol_state': 'HIGH_VOL'}, 'candidate_id': 'cand_NSE_NIFTYBANK_INDEX_BREAKOUT_57023.95_20260903_093000_Structural_v3.2_RVOL0.8', 'experiment_name': 'Structural_v3.2_RVOL0.8', 'strategy_id': 'structural', 'version': 'v3.2'}
2026-09-03 09:51:04,421 - INFO - Resolved active expiry from DB: 26SEP (2026-09-29)
2026-09-03 09:51:04,434 - INFO - Resolved index signal into option contract: OptionContract(symbol='NSE:BANKNIFTY26SEP57700PE', strike=57700.0, expiry='26SEP', option_type='PE', premium=567.4, delta=0.5, bid=567.4, ask=568.6, volume=320910, resolved_at=datetime.datetime(2026, 9, 3, 9, 51, 4, 434772))
2026-09-03 09:51:04,434 - INFO - ⚡ Option strike selection resolved index signal to contract NSE:BANKNIFTY26SEP57700PE @ premium 567.4 (type: PE, strike: 57700.0)
2026-09-03 09:51:04,435 - INFO - 📊 EXECUTION AUDIT [STRIKE_SELECTED]: trade_id=None, candidate_id=cand_NSE_NIFTYBANK_INDEX_BREAKOUT_57023.95_20260903_093000_Structural_v3.2_RVOL0.8, payload={'symbol': 'NSE:BANKNIFTY26SEP57700PE', 'strike': 57700.0, 'expiry': '26SEP', 'type': 'PE'}
2026-09-03 09:51:04,446 - INFO - 📊 EXECUTION AUDIT [PREMIUM_RETRIEVED]: trade_id=None, candidate_id=cand_NSE_NIFTYBANK_INDEX_BREAKOUT_57023.95_20260903_093000_Structural_v3.2_RVOL0.8, payload={'premium': 567.4, 'bid': 567.4, 'ask': 568.6}
2026-09-03 09:51:04,457 - INFO - 📊 EXECUTION AUDIT [CF_SUBMITTED]: trade_id=None, candidate_id=cand_NSE_NIFTYBANK_INDEX_BREAKOUT_57023.95_20260903_093000_Structural_v3.2_RVOL0.8, payload={'price': 57652.65, 'sl': 57695.298214285714, 'tp': 57226.167857142864}
2026-09-03 09:51:04,467 - INFO - 📊 EXECUTION AUDIT [CF_FILLED]: trade_id=None, candidate_id=cand_NSE_NIFTYBANK_INDEX_BREAKOUT_57023.95_20260903_093000_Structural_v3.2_RVOL0.8, payload={'price': 57652.65, 'sl': 57695.298214285714, 'tp': 57226.167857142864}
2026-09-03 09:51:04,480 - INFO - 💰 Position size [BREAKOUT|GAP_UP_HIGH_VOL|conf=70]: frac=0.002 → ₹5,000 (risk/unit=0.07%)
2026-09-03 09:51:04,504 - INFO - 🟢 ENTRY [CF|Structural_v3.2_RVOL0.8|uctural_v3.2_RVOL0.8]: NSE:NIFTYBANK-INDEX BUY PUT @ 57652.65 | SL: 57695.30 TP: 57226.17
2026-09-03 09:51:04,504 - INFO - 👻 [Structural_v3.3_ExitMgmt] CF BREAKOUT NSE:NIFTYBANK-INDEX BUY PUT | Rejected: ['LOW_RVOL', 'BIAS_MISMATCH']
2026-09-03 09:51:04,504 - INFO - 📊 EXECUTION AUDIT [SIGNAL_GENERATED]: trade_id=None, candidate_id=cand_NSE_NIFTYBANK_INDEX_BREAKOUT_57023.95_20260903_093000_Structural_v3.3_ExitMgmt, payload={'symbol': 'NSE:NIFTYBANK-INDEX', 'signal': 'BUY PUT', 'strategy': 'BREAKOUT', 'price': 57652.65, 'stop_loss': 57695.298214285714, 'take_profit': 57226.167857142864, 'tp1': 57588.67767857143, 'rr_ratio': 10.0, 'timestamp': '2026-09-03T09:30:00+05:30', 'accepted': False, 'rejection_reasons': ['LOW_RVOL', 'BIAS_MISMATCH'], 'features': {'date': '2026-09-03', 'strategy_name': 'Structural_v3', 'strategy_version': 'v3.2', 'feature_version': 'v1.1', 'market_regime': 'GAP_UP_HIGH_VOL', 'day_type': 'NORMAL_DAY', 'session_type': 'OPEN', 'daily_bias': 'NEUTRAL', 'hourly_bias': 'NEUTRAL', 'trend_strength': 0.0, 'rvol': 0.74, 'rvol_threshold': 1.0, 'atr': 85.3, 'distance_from_supply': 351.58, 'distance_from_demand': 829.45, 'nearest_supply_strength': 84.3, 'nearest_demand_strength': 71.2, 'distance_to_liquidity_pool': 829.4500000000044, 'liquidity_score': 7.4, 'indicator_snapshot': {'rvol_tod': 0.74, 'is_compressed': False, 'bos_count': 0}, 'move_efficiency': 0.8855, 'wickiness': 0.4245, 'fft_score': 0.0, 'setup_type': 'BREAKOUT', 'candidate_id': 'cand_NSE_NIFTYBANK_INDEX_BREAKOUT_57023.95_20260903_093000', 'ema20': 57260.76, 'ema50': 57169.74, 'move_efficiency_h1': 0.5644, 'ema_bullish': True, 'rsi14': 81.18, 'rsi2': 67.22, 'distance_to_vwap': 0.0, 'atr_percentile': 0.8611, 'dist_prev_high': 0.0075, 'dist_prev_low': 0.0146, 'adx': 30.02, 'adx_slope': 11.8044, 'gap_pct': 0.0057, 'regime_primary': 'GAP_UP', 'regime_vol_state': 'HIGH_VOL'}, 'candidate_id': 'cand_NSE_NIFTYBANK_INDEX_BREAKOUT_57023.95_20260903_093000_Structural_v3.3_ExitMgmt', 'experiment_name': 'Structural_v3.3_ExitMgmt', 'strategy_id': 'structural', 'version': 'v3.2'}
2026-09-03 09:51:04,528 - INFO - Resolved active expiry from DB: 26SEP (2026-09-29)
2026-09-03 09:51:04,542 - INFO - Resolved index signal into option contract: OptionContract(symbol='NSE:BANKNIFTY26SEP57700PE', strike=57700.0, expiry='26SEP', option_type='PE', premium=567.4, delta=0.5, bid=567.4, ask=568.6, volume=320910, resolved_at=datetime.datetime(2026, 9, 3, 9, 51, 4, 542370))
2026-09-03 09:51:04,542 - INFO - ⚡ Option strike selection resolved index signal to contract NSE:BANKNIFTY26SEP57700PE @ premium 567.4 (type: PE, strike: 57700.0)
2026-09-03 09:51:04,542 - INFO - 📊 EXECUTION AUDIT [STRIKE_SELECTED]: trade_id=None, candidate_id=cand_NSE_NIFTYBANK_INDEX_BREAKOUT_57023.95_20260903_093000_Structural_v3.3_ExitMgmt, payload={'symbol': 'NSE:BANKNIFTY26SEP57700PE', 'strike': 57700.0, 'expiry': '26SEP', 'type': 'PE'}
2026-09-03 09:51:04,553 - INFO - 📊 EXECUTION AUDIT [PREMIUM_RETRIEVED]: trade_id=None, candidate_id=cand_NSE_NIFTYBANK_INDEX_BREAKOUT_57023.95_20260903_093000_Structural_v3.3_ExitMgmt, payload={'premium': 567.4, 'bid': 567.4, 'ask': 568.6}
2026-09-03 09:51:04,564 - INFO - 📊 EXECUTION AUDIT [CF_SUBMITTED]: trade_id=None, candidate_id=cand_NSE_NIFTYBANK_INDEX_BREAKOUT_57023.95_20260903_093000_Structural_v3.3_ExitMgmt, payload={'price': 57652.65, 'sl': 57695.298214285714, 'tp': 57226.167857142864}
2026-09-03 09:51:04,577 - INFO - 📊 EXECUTION AUDIT [CF_FILLED]: trade_id=None, candidate_id=cand_NSE_NIFTYBANK_INDEX_BREAKOUT_57023.95_20260903_093000_Structural_v3.3_ExitMgmt, payload={'price': 57652.65, 'sl': 57695.298214285714, 'tp': 57226.167857142864}
2026-09-03 09:51:04,588 - INFO - 💰 Position size [BREAKOUT|GAP_UP_HIGH_VOL|conf=70]: frac=0.002 → ₹5,000 (risk/unit=0.07%)
2026-09-03 09:51:04,613 - INFO - 🟢 ENTRY [CF|Structural_v3.3_ExitMgmt|ctural_v3.3_ExitMgmt]: NSE:NIFTYBANK-INDEX BUY PUT @ 57652.65 | SL: 57695.30 TP: 57226.17
2026-09-03 09:51:04,613 - INFO - 👻 [Geometry_v1.0_Score35] CF CONFLUENCE_BOUNCE NSE:NIFTYBANK-INDEX BUY CALL | Rejected: ['LOW_RR:0.36']
2026-09-03 09:51:04,613 - INFO - 📊 EXECUTION AUDIT [SIGNAL_GENERATED]: trade_id=None, candidate_id=cand_NSE_NIFTYBANK_INDEX_CONFLUENCE_BOUNCE_57652.65_202609030939_Geometry_v1.0_Score35, payload={'symbol': 'NSE:NIFTYBANK-INDEX', 'candidate_id': 'cand_NSE_NIFTYBANK_INDEX_CONFLUENCE_BOUNCE_57652.65_202609030939_Geometry_v1.0_Score35', 'experiment_name': 'Geometry_v1.0_Score35', 'strategy_id': 'geometry', 'version': 'v1.0', 'signal': 'BUY CALL', 'strategy': 'CONFLUENCE_BOUNCE', 'price': 57652.65, 'stop_loss': 57610.0, 'take_profit': 57668.2, 'tp1': 57716.62, 'rr_ratio': 0.36, 'timestamp': '2026-09-03T09:39:40.218876+05:30', 'zone_band_low': 57650, 'zone_band_high': 57652.65, 'zone_direction': 'SUPPORT', 'zone_component_count': 1, 'accepted': False, 'rejection_reasons': ['LOW_RR:0.36'], 'stop_loss_distance': 42.65, 'atr': 85.3, 'confidence': 0.507, 'diagnostics': {'zone_score': 44.5, 'zone_explanation': 'ROUND NUMBER VWAP @ 57651.43 (±1.3pts, score=44)', 'dist_to_zone': 0.0, 'narrative_bias': 'CONTINUATION', 'bias_confidence': 0.6, 'zone_engine_confirmed': False}, 'features': {'regime_primary': 'GAP_UP', 'regime_vol_state': 'HIGH_VOL', 'market_regime': 'GAP_UP_HIGH_VOL'}}
2026-09-03 09:51:04,637 - INFO - Resolved active expiry from DB: 26SEP (2026-09-29)
2026-09-03 09:51:04,651 - INFO - Resolved index signal into option contract: OptionContract(symbol='NSE:BANKNIFTY26SEP57700CE', strike=57700.0, expiry='26SEP', option_type='CE', premium=840.05, delta=0.5, bid=840.0, ask=842.2, volume=329850, resolved_at=datetime.datetime(2026, 9, 3, 9, 51, 4, 651493))
2026-09-03 09:51:04,651 - INFO - ⚡ Option strike selection resolved index signal to contract NSE:BANKNIFTY26SEP57700CE @ premium 840.05 (type: CE, strike: 57700.0)
2026-09-03 09:51:04,651 - INFO - 📊 EXECUTION AUDIT [STRIKE_SELECTED]: trade_id=None, candidate_id=cand_NSE_NIFTYBANK_INDEX_CONFLUENCE_BOUNCE_57652.65_202609030939_Geometry_v1.0_Score35, payload={'symbol': 'NSE:BANKNIFTY26SEP57700CE', 'strike': 57700.0, 'expiry': '26SEP', 'type': 'CE'}
2026-09-03 09:51:04,664 - INFO - 📊 EXECUTION AUDIT [PREMIUM_RETRIEVED]: trade_id=None, candidate_id=cand_NSE_NIFTYBANK_INDEX_CONFLUENCE_BOUNCE_57652.65_202609030939_Geometry_v1.0_Score35, payload={'premium': 840.05, 'bid': 840.0, 'ask': 842.2}
2026-09-03 09:51:04,677 - INFO - 📊 EXECUTION AUDIT [CF_SUBMITTED]: trade_id=None, candidate_id=cand_NSE_NIFTYBANK_INDEX_CONFLUENCE_BOUNCE_57652.65_202609030939_Geometry_v1.0_Score35, payload={'price': 57652.65, 'sl': 57610.0, 'tp': 57668.2}
2026-09-03 09:51:04,689 - INFO - 📊 EXECUTION AUDIT [CF_FILLED]: trade_id=None, candidate_id=cand_NSE_NIFTYBANK_INDEX_CONFLUENCE_BOUNCE_57652.65_202609030939_Geometry_v1.0_Score35, payload={'price': 57652.65, 'sl': 57610.0, 'tp': 57668.2}
2026-09-03 09:51:04,703 - INFO - 💰 Position size [CONFLUENCE_BOUNCE|GAP_UP_HIGH_VOL|conf=1]: frac=0.002 → ₹5,000 (risk/unit=0.07%)
2026-09-03 09:51:04,727 - INFO - 🟢 ENTRY [CF|Geometry_v1.0_Score35|eometry_v1.0_Score35]: NSE:NIFTYBANK-INDEX BUY CALL @ 57652.65 | SL: 57610.00 TP: 57668.20
2026-09-03 09:51:04,727 - INFO - 👻 [OrderFlow_v1.0] CF LIQUIDITY_SWEEP NSE:NIFTYBANK-INDEX BUY CALL | Rejected: ['LOW_RR:0.22']
2026-09-03 09:51:04,727 - INFO - 📊 EXECUTION AUDIT [SIGNAL_GENERATED]: trade_id=None, candidate_id=cand_NSE_NIFTYBANK_INDEX_LIQUIDITY_SWEEP_57652.65_20260903_093940_OrderFlow_v1.0, payload={'symbol': 'NSE:NIFTYBANK-INDEX', 'candidate_id': 'cand_NSE_NIFTYBANK_INDEX_LIQUIDITY_SWEEP_57652.65_20260903_093940_OrderFlow_v1.0', 'signal': 'BUY CALL', 'price': 57652.65, 'stop_loss': 57580.505000000005, 'take_profit': 57668.2, 'tp1': 57760.86749999999, 'rr_ratio': 0.22, 'strategy': 'LIQUIDITY_SWEEP', 'confidence': 0.615, 'accepted': False, 'rejection_reasons': ['LOW_RR:0.22'], 'timestamp': datetime.datetime(2026, 9, 3, 9, 39, 40, 218876, tzinfo=zoneinfo.ZoneInfo(key='Asia/Kolkata')), 'diagnostics': {'swept_level': 57593.3, 'swept_object': 'LIQUIDITY_POOL', 'volume_multiplier': 1.18, 'rejection_wick_size': 34.95}, 'experiment_name': 'OrderFlow_v1.0', 'strategy_id': 'order_flow', 'version': 'v1.0', 'features': {'regime_primary': 'GAP_UP', 'regime_vol_state': 'HIGH_VOL', 'market_regime': 'GAP_UP_HIGH_VOL'}}
2026-09-03 09:51:04,753 - INFO - Resolved active expiry from DB: 26SEP (2026-09-29)
2026-09-03 09:51:04,767 - INFO - Resolved index signal into option contract: OptionContract(symbol='NSE:BANKNIFTY26SEP57700CE', strike=57700.0, expiry='26SEP', option_type='CE', premium=840.05, delta=0.5, bid=840.0, ask=842.2, volume=329850, resolved_at=datetime.datetime(2026, 9, 3, 9, 51, 4, 767409))
2026-09-03 09:51:04,767 - INFO - ⚡ Option strike selection resolved index signal to contract NSE:BANKNIFTY26SEP57700CE @ premium 840.05 (type: CE, strike: 57700.0)
2026-09-03 09:51:04,767 - INFO - 📊 EXECUTION AUDIT [STRIKE_SELECTED]: trade_id=None, candidate_id=cand_NSE_NIFTYBANK_INDEX_LIQUIDITY_SWEEP_57652.65_20260903_093940_OrderFlow_v1.0, payload={'symbol': 'NSE:BANKNIFTY26SEP57700CE', 'strike': 57700.0, 'expiry': '26SEP', 'type': 'CE'}
2026-09-03 09:51:04,779 - INFO - 📊 EXECUTION AUDIT [PREMIUM_RETRIEVED]: trade_id=None, candidate_id=cand_NSE_NIFTYBANK_INDEX_LIQUIDITY_SWEEP_57652.65_20260903_093940_OrderFlow_v1.0, payload={'premium': 840.05, 'bid': 840.0, 'ask': 842.2}
2026-09-03 09:51:04,791 - INFO - 📊 EXECUTION AUDIT [CF_SUBMITTED]: trade_id=None, candidate_id=cand_NSE_NIFTYBANK_INDEX_LIQUIDITY_SWEEP_57652.65_20260903_093940_OrderFlow_v1.0, payload={'price': 57652.65, 'sl': 57580.505000000005, 'tp': 57668.2}
2026-09-03 09:51:04,803 - INFO - 📊 EXECUTION AUDIT [CF_FILLED]: trade_id=None, candidate_id=cand_NSE_NIFTYBANK_INDEX_LIQUIDITY_SWEEP_57652.65_20260903_093940_OrderFlow_v1.0, payload={'price': 57652.65, 'sl': 57580.505000000005, 'tp': 57668.2}
2026-09-03 09:51:04,818 - INFO - 💰 Position size [LIQUIDITY_SWEEP|GAP_UP_HIGH_VOL|conf=1]: frac=0.002 → ₹5,000 (risk/unit=0.13%)
2026-09-03 09:51:04,843 - INFO - 🟢 ENTRY [CF|OrderFlow_v1.0|93940_OrderFlow_v1.0]: NSE:NIFTYBANK-INDEX BUY CALL @ 57652.65 | SL: 57580.51 TP: 57668.20
2026-09-03 09:51:04,843 - INFO - 👻 [GapRegime_v2.0] CF GAP_AND_GO NSE:NIFTYBANK-INDEX BUY CALL | Rejected: ['LOW_RVOL']
2026-09-03 09:51:04,844 - INFO - 📊 EXECUTION AUDIT [SIGNAL_GENERATED]: trade_id=None, candidate_id=cand_NSE_NIFTYBANK_INDEX_GAP_AND_GO_57652.65_20260903_093940_GapRegime_v2.0, payload={'symbol': 'NSE:NIFTYBANK-INDEX', 'signal': 'BUY CALL', 'strategy': 'GAP_AND_GO', 'price': 57652.65, 'stop_loss': 57485.06, 'take_profit': 58004.23, 'tp1': 57904.04, 'rr_ratio': 2.1, 'timestamp': '2026-09-03T09:39:40.218876+05:30', 'accepted': False, 'rejection_reasons': ['LOW_RVOL'], 'candidate_id': 'cand_NSE_NIFTYBANK_INDEX_GAP_AND_GO_57652.65_20260903_093940_GapRegime_v2.0', 'confidence': 0.5, 'diagnostics': {'gap_pct': 0.57, 'today_open': 57497.85, 'prev_close': 57172.0, 'minutes_since_open': 24.7, 'rvol': 0.74, 'atr': 85.3, 'move_efficiency': 0.885}, 'experiment_name': 'GapRegime_v2.0', 'strategy_id': 'gap', 'version': 'v2.0', 'features': {'regime_primary': 'GAP_UP', 'regime_vol_state': 'HIGH_VOL', 'market_regime': 'GAP_UP_HIGH_VOL'}}
2026-09-03 09:51:04,868 - INFO - Resolved active expiry from DB: 26SEP (2026-09-29)
2026-09-03 09:51:04,884 - INFO - Resolved index signal into option contract: OptionContract(symbol='NSE:BANKNIFTY26SEP57700CE', strike=57700.0, expiry='26SEP', option_type='CE', premium=840.05, delta=0.5, bid=840.0, ask=842.2, volume=329850, resolved_at=datetime.datetime(2026, 9, 3, 9, 51, 4, 884662))
2026-09-03 09:51:04,885 - INFO - ⚡ Option strike selection resolved index signal to contract NSE:BANKNIFTY26SEP57700CE @ premium 840.05 (type: CE, strike: 57700.0)
2026-09-03 09:51:04,885 - INFO - 📊 EXECUTION AUDIT [STRIKE_SELECTED]: trade_id=None, candidate_id=cand_NSE_NIFTYBANK_INDEX_GAP_AND_GO_57652.65_20260903_093940_GapRegime_v2.0, payload={'symbol': 'NSE:BANKNIFTY26SEP57700CE', 'strike': 57700.0, 'expiry': '26SEP', 'type': 'CE'}
2026-09-03 09:51:04,897 - INFO - 📊 EXECUTION AUDIT [PREMIUM_RETRIEVED]: trade_id=None, candidate_id=cand_NSE_NIFTYBANK_INDEX_GAP_AND_GO_57652.65_20260903_093940_GapRegime_v2.0, payload={'premium': 840.05, 'bid': 840.0, 'ask': 842.2}
2026-09-03 09:51:04,909 - INFO - 📊 EXECUTION AUDIT [CF_SUBMITTED]: trade_id=None, candidate_id=cand_NSE_NIFTYBANK_INDEX_GAP_AND_GO_57652.65_20260903_093940_GapRegime_v2.0, payload={'price': 57652.65, 'sl': 57485.06, 'tp': 58004.23}
2026-09-03 09:51:04,921 - INFO - 📊 EXECUTION AUDIT [CF_FILLED]: trade_id=None, candidate_id=cand_NSE_NIFTYBANK_INDEX_GAP_AND_GO_57652.65_20260903_093940_GapRegime_v2.0, payload={'price': 57652.65, 'sl': 57485.06, 'tp': 58004.23}
2026-09-03 09:51:04,933 - INFO - 💰 Position size [GAP_AND_GO|GAP_UP_HIGH_VOL|conf=0]: frac=0.002 → ₹5,000 (risk/unit=0.29%)
2026-09-03 09:51:04,958 - INFO - 🟢 ENTRY [CF|GapRegime_v2.0|93940_GapRegime_v2.0]: NSE:NIFTYBANK-INDEX BUY CALL @ 57652.65 | SL: 57485.06 TP: 58004.23
2026-09-03 09:51:04,958 - INFO - 👻 [Butterfly_v1.0] CF COMBO BUTTERFLY_SPREAD NSE:NIFTYBANK-INDEX BUTTERFLY_SPREAD | Rejected: ['HIGH_EFFICIENCY', 'COOLDOWN_AFTER_LOSS']
2026-09-03 09:51:04,971 - INFO - Resolved active expiry from DB: 26SEP (2026-09-29)
2026-09-03 09:51:05,028 - INFO - Resolved BUTTERFLY_SPREAD for NSE:NIFTYBANK-INDEX: [('CE', 'BUY', 57500.0), ('CE', 'SELL', 57700.0), ('CE', 'SELL', 57700.0), ('CE', 'BUY', 57900.0)] net_premium=12.20 max_loss=12.20
2026-09-03 09:51:05,051 - INFO - 🟢 CF COMBO ENTRY [Butterfly_v1.0|93940_Butterfly_v1.0]: NSE:NIFTYBANK-INDEX BUTTERFLY_SPREAD | Net premium: 12.20 | Max loss: 12.20
2026-09-03 09:51:05,051 - WARNING - ⚡ [OI_Scalping_v1.0] errors: ['INSUFFICIENT_ATM_DATA']
2026-09-03 09:51:05,052 - INFO - 🚀 SIGNAL: NSE:NIFTYBANK-INDEX BUY PUT | [RelativeValue_NIFTY_BANKNIFTY_v1.0]
2026-09-03 09:51:05,052 - INFO -    Entry: 57652.65 | SL: 57695.3 | TP: 57504.636406111975 (RR: 3.47)
2026-09-03 09:51:05,052 - INFO - 📊 EXECUTION AUDIT [SIGNAL_GENERATED]: trade_id=trade_NSE_NIFTYBANK_INDEX_RelativeValue_NIFTY_BANKNIFTY_v1.0_1788408580, candidate_id=cand_NSE_NIFTYBANK_INDEX_RELVAL_57652.65_20260903_093940_RelativeValue_NIFTY_BANKNIFTY_v1.0, payload={'symbol': 'NSE:NIFTYBANK-INDEX', 'signal': 'BUY PUT', 'strategy': 'RATIO_DIVERGENCE', 'price': 57652.65, 'stop_loss': 57695.3, 'take_profit': 57504.636406111975, 'tp1': 57588.675, 'rr_ratio': 3.47, 'timestamp': '2026-09-03T09:39:40.218876+05:30', 'accepted': True, 'rejection_reasons': [], 'features': {'atr': 85.3, 'ema20': 57260.76, 'ema50': 57169.74, 'move_efficiency': 0.8855, 'move_efficiency_h1': 0.5644, 'wickiness': 0.4245, 'ema_bullish': True, 'rsi14': 81.18, 'rsi2': 67.22, 'distance_to_vwap': 0.0, 'atr_percentile': 0.8611, 'dist_prev_high': 0.0075, 'dist_prev_low': 0.0146, 'adx': 30.02, 'adx_slope': 11.8044, 'gap_pct': 0.0057, 'regime_primary': 'GAP_UP', 'regime_vol_state': 'HIGH_VOL', 'market_regime': 'GAP_UP_HIGH_VOL'}, 'candidate_id': 'cand_NSE_NIFTYBANK_INDEX_RELVAL_57652.65_20260903_093940_RelativeValue_NIFTY_BANKNIFTY_v1.0', 'confidence': 0.63, 'diagnostics': {'ratio_now': 0.4162, 'ratio_rolling_mean': 0.418, 'ratio_rolling_std': 0.00054, 'z_score': -3.31, 'atr': 85.3, 'rr_ratio': 3.47, 'other_symbol': 'NSE:NIFTY50-INDEX'}, 'experiment_name': 'RelativeValue_NIFTY_BANKNIFTY_v1.0', 'strategy_id': 'relative_value_nifty_banknifty', 'version': 'v1.0'}
2026-09-03 09:51:05,075 - INFO - Resolved active expiry from DB: 26SEP (2026-09-29)
2026-09-03 09:51:05,088 - INFO - Resolved index signal into option contract: OptionContract(symbol='NSE:BANKNIFTY26SEP57700PE', strike=57700.0, expiry='26SEP', option_type='PE', premium=567.4, delta=0.5, bid=567.4, ask=568.6, volume=320910, resolved_at=datetime.datetime(2026, 9, 3, 9, 51, 5, 88744))
2026-09-03 09:51:05,088 - INFO - ⚡ Option strike selection resolved index signal to contract NSE:BANKNIFTY26SEP57700PE @ premium 567.4 (type: PE, strike: 57700.0)
2026-09-03 09:51:05,089 - INFO - 📊 EXECUTION AUDIT [STRIKE_SELECTED]: trade_id=trade_NSE_NIFTYBANK_INDEX_RelativeValue_NIFTY_BANKNIFTY_v1.0_1788408580, candidate_id=cand_NSE_NIFTYBANK_INDEX_RELVAL_57652.65_20260903_093940_RelativeValue_NIFTY_BANKNIFTY_v1.0, payload={'symbol': 'NSE:BANKNIFTY26SEP57700PE', 'strike': 57700.0, 'expiry': '26SEP', 'type': 'PE'}
2026-09-03 09:51:05,102 - INFO - 📊 EXECUTION AUDIT [PREMIUM_RETRIEVED]: trade_id=trade_NSE_NIFTYBANK_INDEX_RelativeValue_NIFTY_BANKNIFTY_v1.0_1788408580, candidate_id=cand_NSE_NIFTYBANK_INDEX_RELVAL_57652.65_20260903_093940_RelativeValue_NIFTY_BANKNIFTY_v1.0, payload={'premium': 567.4, 'bid': 567.4, 'ask': 568.6}
2026-09-03 09:51:05,112 - INFO - 📊 EXECUTION AUDIT [ORDER_SUBMITTED]: trade_id=trade_NSE_NIFTYBANK_INDEX_RelativeValue_NIFTY_BANKNIFTY_v1.0_1788408580, candidate_id=cand_NSE_NIFTYBANK_INDEX_RELVAL_57652.65_20260903_093940_RelativeValue_NIFTY_BANKNIFTY_v1.0, payload={'price': 57652.65, 'sl': 57695.3, 'tp': 57504.636406111975}
2026-09-03 09:51:05,120 - INFO - 📊 EXECUTION AUDIT [ORDER_FILLED]: trade_id=trade_NSE_NIFTYBANK_INDEX_RelativeValue_NIFTY_BANKNIFTY_v1.0_1788408580, candidate_id=cand_NSE_NIFTYBANK_INDEX_RELVAL_57652.65_20260903_093940_RelativeValue_NIFTY_BANKNIFTY_v1.0, payload={'price': 57652.65, 'sl': 57695.3, 'tp': 57504.636406111975}
2026-09-03 09:51:05,131 - INFO - 💰 Position size [RATIO_DIVERGENCE|GAP_UP_HIGH_VOL|conf=1]: frac=0.002 → ₹5,000 (risk/unit=0.07%)
2026-09-03 09:51:05,155 - INFO - 🟢 ENTRY [RelativeValue_NIFTY_BANKNIFTY_v1.0|_v1.0_1788408580]: NSE:NIFTYBANK-INDEX BUY PUT @ 57652.65 | SL: 57695.30 TP: 57504.64
2026-09-03 09:51:24,661 - INFO - 📊 Saved 22 snapshots for NSE:NIFTY50-INDEX  (oi range: 352,430–14,072,500)
2026-09-03 09:51:26,783 - INFO - 📡 Fetching NSE:NIFTYBANK-INDEX @ 57707  expiry=26SEP  strikes=ATM±5
2026-09-03 09:51:35,157 - INFO - 🔔 [New Candle Closed] Running entry pipeline for candle 09:50 at 09:51:35...
2026-09-03 09:51:35,157 - INFO - --- 09:51:35 Market Pulse ---
2026-09-03 09:51:40,322 - INFO - 📊 EXECUTION AUDIT [SL_MODIFIED]: trade_id=trade_NSE_NIFTYBANK_INDEX_GapRegime_v2.0_1788407705, candidate_id=cand_NSE_NIFTYBANK_INDEX_GAP_AND_GO_57610.95_20260903_092505_GapRegime_v2.0, payload={'price': 57716.3, 'old_sl': 57551.49, 'new_sl': 57591.340000000004, 'old_tp': None, 'new_tp': 58004.23, 'reason': 'TRAILING_SL'}
2026-09-03 09:51:40,402 - INFO - 🟡 UPDATE (TRAILING_SL) [GapRegime_v2.0|92505_GapRegime_v2.0]: NSE:NIFTYBANK-INDEX @ 57716.30 | SL→57591.34 TP→58004.23
2026-09-03 09:51:40,430 - INFO - 📊 EXECUTION AUDIT [SL_MODIFIED]: trade_id=trade_NSE_NIFTY50_INDEX_OIWallReaction_v1.0_1788408580, candidate_id=cand_NSE_NIFTY50_INDEX_OI_WALL_FADE_23994.15_20260903_093940_OIWallReaction_v1.0, payload={'price': 24016.15, 'old_sl': 23981.530000000002, 'new_sl': 24003.530000000002, 'old_tp': None, 'new_tp': 24069.870000000003, 'reason': 'TRAILING_SL'}
2026-09-03 09:51:40,476 - INFO - 🟡 UPDATE (TRAILING_SL) [OIWallReaction_v1.0|_OIWallReaction_v1.0]: NSE:NIFTY50-INDEX @ 24016.15 | SL→24003.53 TP→24069.87
2026-09-03 09:51:40,497 - INFO - 📊 EXECUTION AUDIT [ORDER_EXITED]: trade_id=trade_NSE_NIFTYBANK_INDEX_RelativeValue_NIFTY_BANKNIFTY_v1.0_1788408580, candidate_id=cand_NSE_NIFTYBANK_INDEX_RELVAL_57652.65_20260903_093940_RelativeValue_NIFTY_BANKNIFTY_v1.0, payload={'exit_price': 57715.85, 'exit_reason': 'INITIAL_SL', 'pnl_r': -0.023918396060499513, 'duration_minutes': 11.9156437, 'bars_held': 1}
2026-09-03 09:51:40,537 - INFO - 🔴 EXIT (INITIAL_SL) [RelativeValue_NIFTY_BANKNIFTY_v1.0|NIFTY_BANKNIFTY_v1.0]: NSE:NIFTYBANK-INDEX @ 57715.85 | PnL -0.02R | MFE 0.00R | Capture N/A | 1bars HoldEff -0.024R/bar
2026-09-03 09:51:40,537 - INFO - 📊 EXECUTION AUDIT [CF_EXITED]: trade_id=None, candidate_id=cand_NSE_NIFTY50_INDEX_TRENDLINE_RETEST_23968.65_202609030920_Geometry_v1.0_Score35, payload={'exit_price': 24018.4, 'exit_reason': 'TRAILING_SL', 'pnl_r': -0.18216318785578736, 'duration_minutes': 31.487447183333334, 'bars_held': 3}
2026-09-03 09:51:40,576 - INFO - 🔴 EXIT (TRAILING_SL) [CFGeometry_v1.0_Score35|eometry_v1.0_Score35]: NSE:NIFTY50-INDEX @ 24018.40 | PnL -0.18R | MFE 0.19R | Capture -96% | 3bars HoldEff -0.061R/bar
2026-09-03 09:51:40,577 - INFO - 📊 EXECUTION AUDIT [CF_EXITED]: trade_id=None, candidate_id=cand_NSE_NIFTY50_INDEX_TRENDLINE_RETEST_23968.65_202609030920_Geometry_v1.0_Score50, payload={'exit_price': 24018.4, 'exit_reason': 'TRAILING_SL', 'pnl_r': -0.18216318785578736, 'duration_minutes': 31.487447183333334, 'bars_held': 3}
2026-09-03 09:51:40,614 - INFO - 🔴 EXIT (TRAILING_SL) [CFGeometry_v1.0_Score50|eometry_v1.0_Score50]: NSE:NIFTY50-INDEX @ 24018.40 | PnL -0.18R | MFE 0.19R | Capture -96% | 3bars HoldEff -0.061R/bar
2026-09-03 09:51:40,615 - INFO - 📊 EXECUTION AUDIT [CF_SL_MODIFIED]: trade_id=None, candidate_id=cand_NSE_NIFTYBANK_INDEX_PDHL_BREAKOUT_57577.15_20260903_092005_PrevDay_Extremes_RVOL1.2, payload={'price': 57716.3, 'old_sl': 57299.024297952696, 'new_sl': 57338.8742979527, 'old_tp': None, 'new_tp': 57954.6, 'reason': 'TRAILING_SL'}
2026-09-03 09:51:40,654 - INFO - 🟡 UPDATE (TRAILING_SL) [CFPrevDay_Extremes_RVOL1.2|Day_Extremes_RVOL1.2]: NSE:NIFTYBANK-INDEX @ 57716.30 | SL→57338.87 TP→57954.60
2026-09-03 09:51:40,655 - INFO - 📊 EXECUTION AUDIT [CF_TP_EXPANDED]: trade_id=None, candidate_id=cand_NSE_NIFTYBANK_INDEX_OI_WALL_FADE_57577.15_20260903_092005_OIWallReaction_v1.0, payload={'price': 57716.3, 'old_sl': 57587.9765, 'new_sl': 57627.8265, 'old_tp': 57676.947, 'new_tp': 57765.4205, 'reason': 'TP_EXPANSION'}
2026-09-03 09:51:40,693 - INFO - 🟡 UPDATE (TP_EXPANSION) [CFOIWallReaction_v1.0|_OIWallReaction_v1.0]: NSE:NIFTYBANK-INDEX @ 57716.30 | SL→57627.83 TP→57765.42
2026-09-03 09:51:40,693 - INFO - 📊 EXECUTION AUDIT [CF_TP_EXPANDED]: trade_id=None, candidate_id=cand_NSE_NIFTY50_INDEX_CONFLUENCE_BOUNCE_23994.15_202609030939_Geometry_v1.0_Score35, payload={'price': 24016.15, 'old_sl': 23981.53, 'new_sl': 24003.53, 'old_tp': 23996.63, 'new_tp': 24009.250000000004, 'reason': 'TP_EXPANSION'}
2026-09-03 09:51:40,731 - INFO - 🟡 UPDATE (TP_EXPANSION) [CFGeometry_v1.0_Score35|eometry_v1.0_Score35]: NSE:NIFTY50-INDEX @ 24016.15 | SL→24003.53 TP→24009.25
2026-09-03 09:51:40,731 - INFO - 📊 EXECUTION AUDIT [CF_EXITED]: trade_id=None, candidate_id=cand_NSE_NIFTYBANK_INDEX_BREAKOUT_57023.95_20260903_093000_Structural_v3.2_RVOL1.0, payload={'exit_price': 57715.85, 'exit_reason': 'INITIAL_SL', 'pnl_r': -0.023918396060499513, 'duration_minutes': 11.9156437, 'bars_held': 1}
2026-09-03 09:51:40,768 - INFO - 🔴 EXIT (INITIAL_SL) [CFStructural_v3.2_RVOL1.0|uctural_v3.2_RVOL1.0]: NSE:NIFTYBANK-INDEX @ 57715.85 | PnL -0.02R | MFE 0.00R | Capture N/A | 1bars HoldEff -0.024R/bar
2026-09-03 09:51:40,768 - INFO - 📊 EXECUTION AUDIT [CF_EXITED]: trade_id=None, candidate_id=cand_NSE_NIFTYBANK_INDEX_BREAKOUT_57023.95_20260903_093000_Structural_v3.2_RVOL0.8, payload={'exit_price': 57715.85, 'exit_reason': 'INITIAL_SL', 'pnl_r': -0.023918396060499513, 'duration_minutes': 11.9156437, 'bars_held': 1}
2026-09-03 09:51:40,804 - INFO - 🔴 EXIT (INITIAL_SL) [CFStructural_v3.2_RVOL0.8|uctural_v3.2_RVOL0.8]: NSE:NIFTYBANK-INDEX @ 57715.85 | PnL -0.02R | MFE 0.00R | Capture N/A | 1bars HoldEff -0.024R/bar
2026-09-03 09:51:40,804 - INFO - 📊 EXECUTION AUDIT [CF_EXITED]: trade_id=None, candidate_id=cand_NSE_NIFTYBANK_INDEX_BREAKOUT_57023.95_20260903_093000_Structural_v3.3_ExitMgmt, payload={'exit_price': 57715.85, 'exit_reason': 'INITIAL_SL', 'pnl_r': -0.023918396060499513, 'duration_minutes': 11.9156437, 'bars_held': 1}
2026-09-03 09:51:40,840 - INFO - 🔴 EXIT (INITIAL_SL) [CFStructural_v3.3_ExitMgmt|ctural_v3.3_ExitMgmt]: NSE:NIFTYBANK-INDEX @ 57715.85 | PnL -0.02R | MFE 0.00R | Capture N/A | 1bars HoldEff -0.024R/bar
2026-09-03 09:51:40,840 - INFO - 📊 EXECUTION AUDIT [CF_TP_EXPANDED]: trade_id=None, candidate_id=cand_NSE_NIFTYBANK_INDEX_CONFLUENCE_BOUNCE_57652.65_202609030939_Geometry_v1.0_Score35, payload={'price': 57716.3, 'old_sl': 57610.0, 'new_sl': 57673.65, 'old_tp': 57668.2, 'new_tp': 57710.85, 'reason': 'TP_EXPANSION'}
2026-09-03 09:51:40,878 - INFO - 🟡 UPDATE (TP_EXPANSION) [CFGeometry_v1.0_Score35|eometry_v1.0_Score35]: NSE:NIFTYBANK-INDEX @ 57716.30 | SL→57673.65 TP→57710.85
2026-09-03 09:51:40,879 - INFO - 📊 EXECUTION AUDIT [CF_TP_EXPANDED]: trade_id=None, candidate_id=cand_NSE_NIFTYBANK_INDEX_LIQUIDITY_SWEEP_57652.65_20260903_093940_OrderFlow_v1.0, payload={'price': 57716.3, 'old_sl': 57580.505000000005, 'new_sl': 57644.155000000006, 'old_tp': 57668.2, 'new_tp': 57740.344999999994, 'reason': 'TP_EXPANSION'}
2026-09-03 09:51:40,912 - INFO - 🟡 UPDATE (TP_EXPANSION) [CFOrderFlow_v1.0|93940_OrderFlow_v1.0]: NSE:NIFTYBANK-INDEX @ 57716.30 | SL→57644.16 TP→57740.34
2026-09-03 09:51:40,912 - INFO - 📊 EXECUTION AUDIT [CF_SL_MODIFIED]: trade_id=None, candidate_id=cand_NSE_NIFTYBANK_INDEX_GAP_AND_GO_57652.65_20260903_093940_GapRegime_v2.0, payload={'price': 57716.3, 'old_sl': 57485.06, 'new_sl': 57548.71, 'old_tp': None, 'new_tp': 58004.23, 'reason': 'TRAILING_SL'}
2026-09-03 09:51:40,945 - INFO - 🟡 UPDATE (TRAILING_SL) [CFGapRegime_v2.0|93940_GapRegime_v2.0]: NSE:NIFTYBANK-INDEX @ 57716.30 | SL→57548.71 TP→58004.23
2026-09-03 09:51:41,307 - INFO - Retrieved live premium from Fyers API: LTP=19.4 for NSE:NIFTY2690823700PE
2026-09-03 09:51:42,313 - INFO - Retrieved live premium from Fyers API: LTP=328.3 for NSE:BANKNIFTY26SEP57000PE
2026-09-03 09:51:43,315 - INFO - Retrieved live premium from Fyers API: LTP=329.3 for NSE:BANKNIFTY26SEP57000PE
2026-09-03 09:51:44,320 - INFO - Retrieved live premium from Fyers API: LTP=354.05 for NSE:BANKNIFTY26SEP57100PE
2026-09-03 09:51:45,333 - INFO - Retrieved live premium from Fyers API: LTP=304.8 for NSE:BANKNIFTY26SEP56900PE
2026-09-03 09:51:46,362 - INFO - Retrieved live premium from Fyers API: LTP=280.05 for NSE:BANKNIFTY26SEP56800PE
2026-09-03 09:51:47,372 - INFO - Retrieved live premium from Fyers API: LTP=354.05 for NSE:BANKNIFTY26SEP57100PE
2026-09-03 09:51:48,373 - INFO - Retrieved live premium from Fyers API: LTP=304.35 for NSE:BANKNIFTY26SEP56900PE
2026-09-03 09:51:49,136 - INFO - 🔴 CF COMBO EXIT (STOP_R) [Butterfly_v1.0|93940_Butterfly_v1.0]: NSE:NIFTYBANK-INDEX BUTTERFLY_SPREAD | PnL -0.70R | 12min
2026-09-03 09:51:50,674 - WARNING - ⚡ [OI_Scalping_v1.0] errors: ['INSUFFICIENT_ATM_DATA'] (0.0ms)
2026-09-03 09:51:50,686 - INFO - Resolved active expiry from DB: 26908 (2026-09-08)
2026-09-03 09:51:50,686 - WARNING - ⚡ [OI_Scalping_v1.0] errors: ['INSUFFICIENT_ATM_DATA']
2026-09-03 09:51:52,018 - WARNING - ⚡ [OI_Scalping_v1.0] errors: ['INSUFFICIENT_ATM_DATA'] (0.0ms)
2026-09-03 09:51:52,030 - INFO - Resolved active expiry from DB: 26SEP (2026-09-29)
2026-09-03 09:51:52,031 - INFO - 👻 [Structural_v3.2_RVOL1.0] CF BREAKOUT NSE:NIFTYBANK-INDEX BUY PUT | Rejected: ['BIAS_MISMATCH']
2026-09-03 09:51:52,031 - INFO - 📊 EXECUTION AUDIT [SIGNAL_GENERATED]: trade_id=None, candidate_id=cand_NSE_NIFTYBANK_INDEX_BREAKOUT_57023.95_20260903_094500_Structural_v3.2_RVOL1.0, payload={'symbol': 'NSE:NIFTYBANK-INDEX', 'signal': 'BUY PUT', 'strategy': 'BREAKOUT', 'price': 57703.55, 'stop_loss': 57746.61964285714, 'take_profit': 57272.853571428575, 'tp1': 57638.945535714294, 'rr_ratio': 10.0, 'timestamp': '2026-09-03T09:45:00+05:30', 'accepted': False, 'rejection_reasons': ['BIAS_MISMATCH'], 'features': {'date': '2026-09-03', 'strategy_name': 'Structural_v3', 'strategy_version': 'v3.2', 'feature_version': 'v1.1', 'market_regime': 'GAP_UP_HIGH_VOL', 'day_type': 'NORMAL_DAY', 'session_type': 'MID', 'daily_bias': 'NEUTRAL', 'hourly_bias': 'NEUTRAL', 'trend_strength': 0.0, 'rvol': 1.45, 'rvol_threshold': 1.0, 'atr': 86.14, 'distance_from_supply': 300.68, 'distance_from_demand': 880.35, 'nearest_supply_strength': 84.3, 'nearest_demand_strength': 71.0, 'distance_to_liquidity_pool': 880.3500000000058, 'liquidity_score': 14.5, 'indicator_snapshot': {'rvol_tod': 1.45, 'is_compressed': False, 'bos_count': 0}, 'move_efficiency': 0.8616, 'wickiness': 0.4871, 'fft_score': 0.0, 'setup_type': 'BREAKOUT', 'candidate_id': 'cand_NSE_NIFTYBANK_INDEX_BREAKOUT_57023.95_20260903_094500', 'ema20': 57374.27, 'ema50': 57229.46, 'move_efficiency_h1': 0.5375, 'ema_bullish': True, 'rsi14': 89.56, 'rsi2': 79.39, 'distance_to_vwap': 0.0, 'atr_percentile': 0.863, 'dist_prev_high': 0.0084, 'dist_prev_low': 0.0155, 'adx': 40.05, 'adx_slope': 10.0301, 'gap_pct': 0.0057, 'regime_primary': 'GAP_UP', 'regime_vol_state': 'HIGH_VOL'}, 'candidate_id': 'cand_NSE_NIFTYBANK_INDEX_BREAKOUT_57023.95_20260903_094500_Structural_v3.2_RVOL1.0', 'experiment_name': 'Structural_v3.2_RVOL1.0', 'strategy_id': 'structural', 'version': 'v3.2'}
2026-09-03 09:51:52,051 - INFO - Resolved active expiry from DB: 26SEP (2026-09-29)
2026-09-03 09:51:52,063 - INFO - Resolved index signal into option contract: OptionContract(symbol='NSE:BANKNIFTY26SEP57700PE', strike=57700.0, expiry='26SEP', option_type='PE', premium=567.4, delta=0.5, bid=567.4, ask=568.6, volume=320910, resolved_at=datetime.datetime(2026, 9, 3, 9, 51, 52, 63118))
2026-09-03 09:51:52,063 - INFO - ⚡ Option strike selection resolved index signal to contract NSE:BANKNIFTY26SEP57700PE @ premium 567.4 (type: PE, strike: 57700.0)
2026-09-03 09:51:52,063 - INFO - 📊 EXECUTION AUDIT [STRIKE_SELECTED]: trade_id=None, candidate_id=cand_NSE_NIFTYBANK_INDEX_BREAKOUT_57023.95_20260903_094500_Structural_v3.2_RVOL1.0, payload={'symbol': 'NSE:BANKNIFTY26SEP57700PE', 'strike': 57700.0, 'expiry': '26SEP', 'type': 'PE'}
2026-09-03 09:51:52,072 - INFO - 📊 EXECUTION AUDIT [PREMIUM_RETRIEVED]: trade_id=None, candidate_id=cand_NSE_NIFTYBANK_INDEX_BREAKOUT_57023.95_20260903_094500_Structural_v3.2_RVOL1.0, payload={'premium': 567.4, 'bid': 567.4, 'ask': 568.6}
2026-09-03 09:51:52,083 - INFO - 📊 EXECUTION AUDIT [CF_SUBMITTED]: trade_id=None, candidate_id=cand_NSE_NIFTYBANK_INDEX_BREAKOUT_57023.95_20260903_094500_Structural_v3.2_RVOL1.0, payload={'price': 57703.55, 'sl': 57746.61964285714, 'tp': 57272.853571428575}
2026-09-03 09:51:52,095 - INFO - 📊 EXECUTION AUDIT [CF_FILLED]: trade_id=None, candidate_id=cand_NSE_NIFTYBANK_INDEX_BREAKOUT_57023.95_20260903_094500_Structural_v3.2_RVOL1.0, payload={'price': 57703.55, 'sl': 57746.61964285714, 'tp': 57272.853571428575}
2026-09-03 09:51:52,106 - INFO - 💰 Position size [BREAKOUT|GAP_UP_HIGH_VOL|conf=70]: frac=0.002 → ₹5,000 (risk/unit=0.07%)
2026-09-03 09:51:52,133 - INFO - 🟢 ENTRY [CF|Structural_v3.2_RVOL1.0|uctural_v3.2_RVOL1.0]: NSE:NIFTYBANK-INDEX BUY PUT @ 57703.55 | SL: 57746.62 TP: 57272.85
2026-09-03 09:51:52,133 - INFO - 👻 [Structural_v3.2_RVOL0.8] CF BREAKOUT NSE:NIFTYBANK-INDEX BUY PUT | Rejected: ['BIAS_MISMATCH']
2026-09-03 09:51:52,133 - INFO - 📊 EXECUTION AUDIT [SIGNAL_GENERATED]: trade_id=None, candidate_id=cand_NSE_NIFTYBANK_INDEX_BREAKOUT_57023.95_20260903_094500_Structural_v3.2_RVOL0.8, payload={'symbol': 'NSE:NIFTYBANK-INDEX', 'signal': 'BUY PUT', 'strategy': 'BREAKOUT', 'price': 57703.55, 'stop_loss': 57746.61964285714, 'take_profit': 57272.853571428575, 'tp1': 57638.945535714294, 'rr_ratio': 10.0, 'timestamp': '2026-09-03T09:45:00+05:30', 'accepted': False, 'rejection_reasons': ['BIAS_MISMATCH'], 'features': {'date': '2026-09-03', 'strategy_name': 'Structural_v3', 'strategy_version': 'v3.2', 'feature_version': 'v1.1', 'market_regime': 'GAP_UP_HIGH_VOL', 'day_type': 'NORMAL_DAY', 'session_type': 'MID', 'daily_bias': 'NEUTRAL', 'hourly_bias': 'NEUTRAL', 'trend_strength': 0.0, 'rvol': 1.45, 'rvol_threshold': 0.8, 'atr': 86.14, 'distance_from_supply': 300.68, 'distance_from_demand': 880.35, 'nearest_supply_strength': 84.3, 'nearest_demand_strength': 71.0, 'distance_to_liquidity_pool': 880.3500000000058, 'liquidity_score': 14.5, 'indicator_snapshot': {'rvol_tod': 1.45, 'is_compressed': False, 'bos_count': 0}, 'move_efficiency': 0.8616, 'wickiness': 0.4871, 'fft_score': 0.0, 'setup_type': 'BREAKOUT', 'candidate_id': 'cand_NSE_NIFTYBANK_INDEX_BREAKOUT_57023.95_20260903_094500', 'ema20': 57374.27, 'ema50': 57229.46, 'move_efficiency_h1': 0.5375, 'ema_bullish': True, 'rsi14': 89.56, 'rsi2': 79.39, 'distance_to_vwap': 0.0, 'atr_percentile': 0.863, 'dist_prev_high': 0.0084, 'dist_prev_low': 0.0155, 'adx': 40.05, 'adx_slope': 10.0301, 'gap_pct': 0.0057, 'regime_primary': 'GAP_UP', 'regime_vol_state': 'HIGH_VOL'}, 'candidate_id': 'cand_NSE_NIFTYBANK_INDEX_BREAKOUT_57023.95_20260903_094500_Structural_v3.2_RVOL0.8', 'experiment_name': 'Structural_v3.2_RVOL0.8', 'strategy_id': 'structural', 'version': 'v3.2'}
2026-09-03 09:51:52,160 - INFO - Resolved active expiry from DB: 26SEP (2026-09-29)
2026-09-03 09:51:52,174 - INFO - Resolved index signal into option contract: OptionContract(symbol='NSE:BANKNIFTY26SEP57700PE', strike=57700.0, expiry='26SEP', option_type='PE', premium=567.4, delta=0.5, bid=567.4, ask=568.6, volume=320910, resolved_at=datetime.datetime(2026, 9, 3, 9, 51, 52, 174752))
2026-09-03 09:51:52,174 - INFO - ⚡ Option strike selection resolved index signal to contract NSE:BANKNIFTY26SEP57700PE @ premium 567.4 (type: PE, strike: 57700.0)
2026-09-03 09:51:52,175 - INFO - 📊 EXECUTION AUDIT [STRIKE_SELECTED]: trade_id=None, candidate_id=cand_NSE_NIFTYBANK_INDEX_BREAKOUT_57023.95_20260903_094500_Structural_v3.2_RVOL0.8, payload={'symbol': 'NSE:BANKNIFTY26SEP57700PE', 'strike': 57700.0, 'expiry': '26SEP', 'type': 'PE'}
2026-09-03 09:51:52,187 - INFO - 📊 EXECUTION AUDIT [PREMIUM_RETRIEVED]: trade_id=None, candidate_id=cand_NSE_NIFTYBANK_INDEX_BREAKOUT_57023.95_20260903_094500_Structural_v3.2_RVOL0.8, payload={'premium': 567.4, 'bid': 567.4, 'ask': 568.6}
2026-09-03 09:51:52,198 - INFO - 📊 EXECUTION AUDIT [CF_SUBMITTED]: trade_id=None, candidate_id=cand_NSE_NIFTYBANK_INDEX_BREAKOUT_57023.95_20260903_094500_Structural_v3.2_RVOL0.8, payload={'price': 57703.55, 'sl': 57746.61964285714, 'tp': 57272.853571428575}
2026-09-03 09:51:52,209 - INFO - 📊 EXECUTION AUDIT [CF_FILLED]: trade_id=None, candidate_id=cand_NSE_NIFTYBANK_INDEX_BREAKOUT_57023.95_20260903_094500_Structural_v3.2_RVOL0.8, payload={'price': 57703.55, 'sl': 57746.61964285714, 'tp': 57272.853571428575}
2026-09-03 09:51:52,222 - INFO - 💰 Position size [BREAKOUT|GAP_UP_HIGH_VOL|conf=70]: frac=0.002 → ₹5,000 (risk/unit=0.07%)
2026-09-03 09:51:52,251 - INFO - 🟢 ENTRY [CF|Structural_v3.2_RVOL0.8|uctural_v3.2_RVOL0.8]: NSE:NIFTYBANK-INDEX BUY PUT @ 57703.55 | SL: 57746.62 TP: 57272.85
2026-09-03 09:51:52,251 - INFO - 👻 [Structural_v3.3_ExitMgmt] CF BREAKOUT NSE:NIFTYBANK-INDEX BUY PUT | Rejected: ['BIAS_MISMATCH']
2026-09-03 09:51:52,252 - INFO - 📊 EXECUTION AUDIT [SIGNAL_GENERATED]: trade_id=None, candidate_id=cand_NSE_NIFTYBANK_INDEX_BREAKOUT_57023.95_20260903_094500_Structural_v3.3_ExitMgmt, payload={'symbol': 'NSE:NIFTYBANK-INDEX', 'signal': 'BUY PUT', 'strategy': 'BREAKOUT', 'price': 57703.55, 'stop_loss': 57746.61964285714, 'take_profit': 57272.853571428575, 'tp1': 57638.945535714294, 'rr_ratio': 10.0, 'timestamp': '2026-09-03T09:45:00+05:30', 'accepted': False, 'rejection_reasons': ['BIAS_MISMATCH'], 'features': {'date': '2026-09-03', 'strategy_name': 'Structural_v3', 'strategy_version': 'v3.2', 'feature_version': 'v1.1', 'market_regime': 'GAP_UP_HIGH_VOL', 'day_type': 'NORMAL_DAY', 'session_type': 'MID', 'daily_bias': 'NEUTRAL', 'hourly_bias': 'NEUTRAL', 'trend_strength': 0.0, 'rvol': 1.45, 'rvol_threshold': 1.0, 'atr': 86.14, 'distance_from_supply': 300.68, 'distance_from_demand': 880.35, 'nearest_supply_strength': 84.3, 'nearest_demand_strength': 71.0, 'distance_to_liquidity_pool': 880.3500000000058, 'liquidity_score': 14.5, 'indicator_snapshot': {'rvol_tod': 1.45, 'is_compressed': False, 'bos_count': 0}, 'move_efficiency': 0.8616, 'wickiness': 0.4871, 'fft_score': 0.0, 'setup_type': 'BREAKOUT', 'candidate_id': 'cand_NSE_NIFTYBANK_INDEX_BREAKOUT_57023.95_20260903_094500', 'ema20': 57374.27, 'ema50': 57229.46, 'move_efficiency_h1': 0.5375, 'ema_bullish': True, 'rsi14': 89.56, 'rsi2': 79.39, 'distance_to_vwap': 0.0, 'atr_percentile': 0.863, 'dist_prev_high': 0.0084, 'dist_prev_low': 0.0155, 'adx': 40.05, 'adx_slope': 10.0301, 'gap_pct': 0.0057, 'regime_primary': 'GAP_UP', 'regime_vol_state': 'HIGH_VOL'}, 'candidate_id': 'cand_NSE_NIFTYBANK_INDEX_BREAKOUT_57023.95_20260903_094500_Structural_v3.3_ExitMgmt', 'experiment_name': 'Structural_v3.3_ExitMgmt', 'strategy_id': 'structural', 'version': 'v3.2'}
2026-09-03 09:51:52,277 - INFO - Resolved active expiry from DB: 26SEP (2026-09-29)
2026-09-03 09:51:52,293 - INFO - Resolved index signal into option contract: OptionContract(symbol='NSE:BANKNIFTY26SEP57700PE', strike=57700.0, expiry='26SEP', option_type='PE', premium=567.4, delta=0.5, bid=567.4, ask=568.6, volume=320910, resolved_at=datetime.datetime(2026, 9, 3, 9, 51, 52, 292971))
2026-09-03 09:51:52,293 - INFO - ⚡ Option strike selection resolved index signal to contract NSE:BANKNIFTY26SEP57700PE @ premium 567.4 (type: PE, strike: 57700.0)
2026-09-03 09:51:52,293 - INFO - 📊 EXECUTION AUDIT [STRIKE_SELECTED]: trade_id=None, candidate_id=cand_NSE_NIFTYBANK_INDEX_BREAKOUT_57023.95_20260903_094500_Structural_v3.3_ExitMgmt, payload={'symbol': 'NSE:BANKNIFTY26SEP57700PE', 'strike': 57700.0, 'expiry': '26SEP', 'type': 'PE'}
2026-09-03 09:51:52,305 - INFO - 📊 EXECUTION AUDIT [PREMIUM_RETRIEVED]: trade_id=None, candidate_id=cand_NSE_NIFTYBANK_INDEX_BREAKOUT_57023.95_20260903_094500_Structural_v3.3_ExitMgmt, payload={'premium': 567.4, 'bid': 567.4, 'ask': 568.6}
2026-09-03 09:51:52,317 - INFO - 📊 EXECUTION AUDIT [CF_SUBMITTED]: trade_id=None, candidate_id=cand_NSE_NIFTYBANK_INDEX_BREAKOUT_57023.95_20260903_094500_Structural_v3.3_ExitMgmt, payload={'price': 57703.55, 'sl': 57746.61964285714, 'tp': 57272.853571428575}
2026-09-03 09:51:52,329 - INFO - 📊 EXECUTION AUDIT [CF_FILLED]: trade_id=None, candidate_id=cand_NSE_NIFTYBANK_INDEX_BREAKOUT_57023.95_20260903_094500_Structural_v3.3_ExitMgmt, payload={'price': 57703.55, 'sl': 57746.61964285714, 'tp': 57272.853571428575}
2026-09-03 09:51:52,341 - INFO - 💰 Position size [BREAKOUT|GAP_UP_HIGH_VOL|conf=70]: frac=0.002 → ₹5,000 (risk/unit=0.07%)
2026-09-03 09:51:52,366 - INFO - 🟢 ENTRY [CF|Structural_v3.3_ExitMgmt|ctural_v3.3_ExitMgmt]: NSE:NIFTYBANK-INDEX BUY PUT @ 57703.55 | SL: 57746.62 TP: 57272.85
2026-09-03 09:51:52,366 - INFO - 🧭 [VerticalSpread_v1.0] Regime router: NSE:NIFTYBANK-INDEX combo blocked from REAL capital (regime=GAP_UP_HIGH_VOL) — routed to CF
2026-09-03 09:51:52,379 - INFO - Resolved active expiry from DB: 26SEP (2026-09-29)
2026-09-03 09:51:52,408 - INFO - Resolved BULL_CALL_SPREAD for NSE:NIFTYBANK-INDEX: [('CE', 'BUY', 57700.0), ('CE', 'SELL', 57900.0)] net_premium=116.05 max_loss=116.05
2026-09-03 09:51:52,434 - INFO - 🟢 CF COMBO ENTRY [VerticalSpread_v1.0|_VerticalSpread_v1.0]: NSE:NIFTYBANK-INDEX BULL_CALL_SPREAD | Net premium: 116.05 | Max loss: 116.05
2026-09-03 09:51:52,434 - INFO - 👻 [Butterfly_v1.0] CF COMBO BUTTERFLY_SPREAD NSE:NIFTYBANK-INDEX BUTTERFLY_SPREAD | Rejected: ['HIGH_RVOL', 'HIGH_EFFICIENCY', 'COOLDOWN_AFTER_LOSS']
2026-09-03 09:51:52,447 - INFO - Resolved active expiry from DB: 26SEP (2026-09-29)
2026-09-03 09:51:52,507 - INFO - Resolved BUTTERFLY_SPREAD for NSE:NIFTYBANK-INDEX: [('CE', 'BUY', 57500.0), ('CE', 'SELL', 57700.0), ('CE', 'SELL', 57700.0), ('CE', 'BUY', 57900.0)] net_premium=12.20 max_loss=12.20
2026-09-03 09:51:52,531 - INFO - 🟢 CF COMBO ENTRY [Butterfly_v1.0|95135_Butterfly_v1.0]: NSE:NIFTYBANK-INDEX BUTTERFLY_SPREAD | Net premium: 12.20 | Max loss: 12.20
2026-09-03 09:51:52,532 - WARNING - ⚡ [OI_Scalping_v1.0] errors: ['INSUFFICIENT_ATM_DATA']
2026-09-03 09:51:52,532 - INFO - 🚀 SIGNAL: NSE:NIFTYBANK-INDEX BUY PUT | [RelativeValue_NIFTY_BANKNIFTY_v1.0]
2026-09-03 09:51:52,532 - INFO -    Entry: 57703.55 | SL: 57746.62 | TP: 57562.25394011667 (RR: 3.28)
2026-09-03 09:51:52,532 - INFO - 📊 EXECUTION AUDIT [SIGNAL_GENERATED]: trade_id=trade_NSE_NIFTYBANK_INDEX_RelativeValue_NIFTY_BANKNIFTY_v1.0_1788409295, candidate_id=cand_NSE_NIFTYBANK_INDEX_RELVAL_57703.55_20260903_095135_RelativeValue_NIFTY_BANKNIFTY_v1.0, payload={'symbol': 'NSE:NIFTYBANK-INDEX', 'signal': 'BUY PUT', 'strategy': 'RATIO_DIVERGENCE', 'price': 57703.55, 'stop_loss': 57746.62, 'take_profit': 57562.25394011667, 'tp1': 57638.94500000001, 'rr_ratio': 3.28, 'timestamp': '2026-09-03T09:51:35.157498+05:30', 'accepted': True, 'rejection_reasons': [], 'features': {'atr': 86.14, 'ema20': 57374.27, 'ema50': 57229.46, 'move_efficiency': 0.8616, 'move_efficiency_h1': 0.5375, 'wickiness': 0.4871, 'ema_bullish': True, 'rsi14': 89.56, 'rsi2': 79.39, 'distance_to_vwap': 0.0, 'atr_percentile': 0.863, 'dist_prev_high': 0.0084, 'dist_prev_low': 0.0155, 'adx': 40.05, 'adx_slope': 10.0301, 'gap_pct': 0.0057, 'regime_primary': 'GAP_UP', 'regime_vol_state': 'HIGH_VOL', 'market_regime': 'GAP_UP_HIGH_VOL'}, 'candidate_id': 'cand_NSE_NIFTYBANK_INDEX_RELVAL_57703.55_20260903_095135_RelativeValue_NIFTY_BANKNIFTY_v1.0', 'confidence': 0.56, 'diagnostics': {'ratio_now': 0.4162, 'ratio_rolling_mean': 0.4179, 'ratio_rolling_std': 0.000666, 'z_score': -2.56, 'atr': 86.14, 'rr_ratio': 3.28, 'other_symbol': 'NSE:NIFTY50-INDEX'}, 'experiment_name': 'RelativeValue_NIFTY_BANKNIFTY_v1.0', 'strategy_id': 'relative_value_nifty_banknifty', 'version': 'v1.0'}
2026-09-03 09:51:52,553 - INFO - Resolved active expiry from DB: 26SEP (2026-09-29)
2026-09-03 09:51:52,564 - INFO - Resolved index signal into option contract: OptionContract(symbol='NSE:BANKNIFTY26SEP57700PE', strike=57700.0, expiry='26SEP', option_type='PE', premium=567.4, delta=0.5, bid=567.4, ask=568.6, volume=320910, resolved_at=datetime.datetime(2026, 9, 3, 9, 51, 52, 564805))
2026-09-03 09:51:52,564 - INFO - ⚡ Option strike selection resolved index signal to contract NSE:BANKNIFTY26SEP57700PE @ premium 567.4 (type: PE, strike: 57700.0)
2026-09-03 09:51:52,564 - INFO - 📊 EXECUTION AUDIT [STRIKE_SELECTED]: trade_id=trade_NSE_NIFTYBANK_INDEX_RelativeValue_NIFTY_BANKNIFTY_v1.0_1788409295, candidate_id=cand_NSE_NIFTYBANK_INDEX_RELVAL_57703.55_20260903_095135_RelativeValue_NIFTY_BANKNIFTY_v1.0, payload={'symbol': 'NSE:BANKNIFTY26SEP57700PE', 'strike': 57700.0, 'expiry': '26SEP', 'type': 'PE'}
2026-09-03 09:51:52,573 - INFO - 📊 EXECUTION AUDIT [PREMIUM_RETRIEVED]: trade_id=trade_NSE_NIFTYBANK_INDEX_RelativeValue_NIFTY_BANKNIFTY_v1.0_1788409295, candidate_id=cand_NSE_NIFTYBANK_INDEX_RELVAL_57703.55_20260903_095135_RelativeValue_NIFTY_BANKNIFTY_v1.0, payload={'premium': 567.4, 'bid': 567.4, 'ask': 568.6}
2026-09-03 09:51:52,583 - INFO - 📊 EXECUTION AUDIT [ORDER_SUBMITTED]: trade_id=trade_NSE_NIFTYBANK_INDEX_RelativeValue_NIFTY_BANKNIFTY_v1.0_1788409295, candidate_id=cand_NSE_NIFTYBANK_INDEX_RELVAL_57703.55_20260903_095135_RelativeValue_NIFTY_BANKNIFTY_v1.0, payload={'price': 57703.55, 'sl': 57746.62, 'tp': 57562.25394011667}
2026-09-03 09:51:52,592 - INFO - 📊 EXECUTION AUDIT [ORDER_FILLED]: trade_id=trade_NSE_NIFTYBANK_INDEX_RelativeValue_NIFTY_BANKNIFTY_v1.0_1788409295, candidate_id=cand_NSE_NIFTYBANK_INDEX_RELVAL_57703.55_20260903_095135_RelativeValue_NIFTY_BANKNIFTY_v1.0, payload={'price': 57703.55, 'sl': 57746.62, 'tp': 57562.25394011667}
2026-09-03 09:51:52,600 - INFO - 💰 Position size [RATIO_DIVERGENCE|GAP_UP_HIGH_VOL|conf=1]: frac=0.002 → ₹5,000 (risk/unit=0.07%)
2026-09-03 09:51:52,623 - INFO - 🟢 ENTRY [RelativeValue_NIFTY_BANKNIFTY_v1.0|_v1.0_1788409295]: NSE:NIFTYBANK-INDEX BUY PUT @ 57703.55 | SL: 57746.62 TP: 57562.25
2026-09-03 09:51:56,719 - INFO - 📊 Saved 22 snapshots for NSE:NIFTYBANK-INDEX  (oi range: 87,060–1,976,790)
2026-09-03 09:51:57,830 - INFO - 📡 Fetching NSE:NIFTY50-INDEX @ 24013  expiry=26908  strikes=ATM±5
2026-09-03 09:52:05,631 - INFO - ⏱️ [Real-time Exit Loop] Checking open positions @ 09:52:05...
2026-09-03 09:52:06,723 - INFO - 📊 EXECUTION AUDIT [SL_MODIFIED]: trade_id=trade_NSE_NIFTYBANK_INDEX_GapRegime_v2.0_1788407705, candidate_id=cand_NSE_NIFTYBANK_INDEX_GAP_AND_GO_57610.95_20260903_092505_GapRegime_v2.0, payload={'price': 57718.55, 'old_sl': 57591.340000000004, 'new_sl': 57593.590000000004, 'old_tp': None, 'new_tp': 58004.23, 'reason': 'TRAILING_SL'}
2026-09-03 09:52:06,786 - INFO - 🟡 UPDATE (TRAILING_SL) [GapRegime_v2.0|92505_GapRegime_v2.0]: NSE:NIFTYBANK-INDEX @ 57718.55 | SL→57593.59 TP→58004.23
2026-09-03 09:52:06,847 - INFO - 📊 EXECUTION AUDIT [CF_SL_MODIFIED]: trade_id=None, candidate_id=cand_NSE_NIFTYBANK_INDEX_PDHL_BREAKOUT_57577.15_20260903_092005_PrevDay_Extremes_RVOL1.2, payload={'price': 57718.55, 'old_sl': 57338.8742979527, 'new_sl': 57341.1242979527, 'old_tp': None, 'new_tp': 57954.6, 'reason': 'TRAILING_SL'}
2026-09-03 09:52:06,879 - INFO - 🟡 UPDATE (TRAILING_SL) [CFPrevDay_Extremes_RVOL1.2|Day_Extremes_RVOL1.2]: NSE:NIFTYBANK-INDEX @ 57718.55 | SL→57341.12 TP→57954.60
2026-09-03 09:52:06,879 - INFO - 📊 EXECUTION AUDIT [CF_SL_MODIFIED]: trade_id=None, candidate_id=cand_NSE_NIFTYBANK_INDEX_OI_WALL_FADE_57577.15_20260903_092005_OIWallReaction_v1.0, payload={'price': 57718.55, 'old_sl': 57627.8265, 'new_sl': 57630.0765, 'old_tp': None, 'new_tp': 57765.4205, 'reason': 'TRAILING_SL'}
2026-09-03 09:52:06,912 - INFO - 🟡 UPDATE (TRAILING_SL) [CFOIWallReaction_v1.0|_OIWallReaction_v1.0]: NSE:NIFTYBANK-INDEX @ 57718.55 | SL→57630.08 TP→57765.42
2026-09-03 09:52:06,912 - INFO - 📊 EXECUTION AUDIT [CF_TP_EXPANDED]: trade_id=None, candidate_id=cand_NSE_NIFTY50_INDEX_CONFLUENCE_BOUNCE_23994.15_202609030939_Geometry_v1.0_Score35, payload={'price': 24011.65, 'old_sl': 24003.53, 'new_sl': 24003.53, 'old_tp': 24009.250000000004, 'new_tp': 24021.870000000006, 'reason': 'TP_EXPANSION'}
2026-09-03 09:52:06,945 - INFO - 🟡 UPDATE (TP_EXPANSION) [CFGeometry_v1.0_Score35|eometry_v1.0_Score35]: NSE:NIFTY50-INDEX @ 24011.65 | SL→24003.53 TP→24021.87
2026-09-03 09:52:06,945 - INFO - 📊 EXECUTION AUDIT [CF_TP_EXPANDED]: trade_id=None, candidate_id=cand_NSE_NIFTYBANK_INDEX_CONFLUENCE_BOUNCE_57652.65_202609030939_Geometry_v1.0_Score35, payload={'price': 57718.55, 'old_sl': 57673.65, 'new_sl': 57675.9, 'old_tp': 57710.85, 'new_tp': 57753.5, 'reason': 'TP_EXPANSION'}
2026-09-03 09:52:06,979 - INFO - 🟡 UPDATE (TP_EXPANSION) [CFGeometry_v1.0_Score35|eometry_v1.0_Score35]: NSE:NIFTYBANK-INDEX @ 57718.55 | SL→57675.90 TP→57753.50
2026-09-03 09:52:06,980 - INFO - 📊 EXECUTION AUDIT [CF_SL_MODIFIED]: trade_id=None, candidate_id=cand_NSE_NIFTYBANK_INDEX_LIQUIDITY_SWEEP_57652.65_20260903_093940_OrderFlow_v1.0, payload={'price': 57718.55, 'old_sl': 57644.155000000006, 'new_sl': 57646.405000000006, 'old_tp': None, 'new_tp': 57740.344999999994, 'reason': 'TRAILING_SL'}
2026-09-03 09:52:07,013 - INFO - 🟡 UPDATE (TRAILING_SL) [CFOrderFlow_v1.0|93940_OrderFlow_v1.0]: NSE:NIFTYBANK-INDEX @ 57718.55 | SL→57646.41 TP→57740.34
2026-09-03 09:52:07,014 - INFO - 📊 EXECUTION AUDIT [CF_SL_MODIFIED]: trade_id=None, candidate_id=cand_NSE_NIFTYBANK_INDEX_GAP_AND_GO_57652.65_20260903_093940_GapRegime_v2.0, payload={'price': 57718.55, 'old_sl': 57548.71, 'new_sl': 57550.96, 'old_tp': None, 'new_tp': 58004.23, 'reason': 'TRAILING_SL'}
2026-09-03 09:52:07,048 - INFO - 🟡 UPDATE (TRAILING_SL) [CFGapRegime_v2.0|93940_GapRegime_v2.0]: NSE:NIFTYBANK-INDEX @ 57718.55 | SL→57550.96 TP→58004.23
2026-09-03 09:52:07,740 - INFO - Retrieved live premium from Fyers API: LTP=19.55 for NSE:NIFTY2690823700PE
2026-09-03 09:52:08,750 - INFO - Retrieved live premium from Fyers API: LTP=328.25 for NSE:BANKNIFTY26SEP57000PE
2026-09-03 09:52:09,759 - INFO - Retrieved live premium from Fyers API: LTP=328.65 for NSE:BANKNIFTY26SEP57000PE
2026-09-03 09:52:10,769 - INFO - Retrieved live premium from Fyers API: LTP=353.4 for NSE:BANKNIFTY26SEP57100PE
2026-09-03 09:52:11,759 - INFO - Retrieved live premium from Fyers API: LTP=303.9 for NSE:BANKNIFTY26SEP56900PE
2026-09-03 09:52:12,782 - INFO - Retrieved live premium from Fyers API: LTP=279.9 for NSE:BANKNIFTY26SEP56800PE
2026-09-03 09:52:13,788 - INFO - Retrieved live premium from Fyers API: LTP=354.2 for NSE:BANKNIFTY26SEP57100PE
2026-09-03 09:52:14,793 - INFO - Retrieved live premium from Fyers API: LTP=303.9 for NSE:BANKNIFTY26SEP56900PE
2026-09-03 09:52:15,601 - INFO - 🔴 CF COMBO EXIT (STOP_R) [Butterfly_v1.0|95135_Butterfly_v1.0]: NSE:NIFTYBANK-INDEX BUTTERFLY_SPREAD | PnL -0.83R | 1min
2026-09-03 09:52:27,341 - INFO - 📊 Saved 22 snapshots for NSE:NIFTY50-INDEX  (oi range: 352,885–14,276,080)
2026-09-03 09:52:29,458 - INFO - 📡 Fetching NSE:NIFTYBANK-INDEX @ 57717  expiry=26SEP  strikes=ATM±5
2026-09-03 09:52:35,611 - INFO - ⏱️ [Real-time Exit Loop] Checking open positions @ 09:52:35...
2026-09-03 09:52:37,708 - INFO - Retrieved live premium from Fyers API: LTP=19.55 for NSE:NIFTY2690823700PE
2026-09-03 09:52:38,726 - INFO - Retrieved live premium from Fyers API: LTP=326.95 for NSE:BANKNIFTY26SEP57000PE
2026-09-03 09:52:39,713 - INFO - Retrieved live premium from Fyers API: LTP=327.85 for NSE:BANKNIFTY26SEP57000PE
2026-09-03 09:52:40,737 - INFO - Retrieved live premium from Fyers API: LTP=354.05 for NSE:BANKNIFTY26SEP57100PE
2026-09-03 09:52:41,736 - INFO - Retrieved live premium from Fyers API: LTP=302.9 for NSE:BANKNIFTY26SEP56900PE
2026-09-03 09:52:42,733 - INFO - Retrieved live premium from Fyers API: LTP=279.35 for NSE:BANKNIFTY26SEP56800PE
2026-09-03 09:52:43,736 - INFO - Retrieved live premium from Fyers API: LTP=353.55 for NSE:BANKNIFTY26SEP57100PE
2026-09-03 09:52:44,746 - INFO - Retrieved live premium from Fyers API: LTP=302.9 for NSE:BANKNIFTY26SEP56900PE
2026-09-03 09:52:59,124 - INFO - 📊 Saved 22 snapshots for NSE:NIFTYBANK-INDEX  (oi range: 88,590–1,981,620)
2026-09-03 09:53:00,220 - INFO - 📡 Fetching NSE:NIFTY50-INDEX @ 24012  expiry=26908  strikes=ATM±5
2026-09-03 09:53:05,485 - INFO - ⏱️ [Real-time Exit Loop] Checking open positions @ 09:53:05...
2026-09-03 09:53:06,583 - INFO - 📊 EXECUTION AUDIT [SL_MODIFIED]: trade_id=trade_NSE_NIFTYBANK_INDEX_GapRegime_v2.0_1788407705, candidate_id=cand_NSE_NIFTYBANK_INDEX_GAP_AND_GO_57610.95_20260903_092505_GapRegime_v2.0, payload={'price': 57720.8, 'old_sl': 57593.590000000004, 'new_sl': 57595.840000000004, 'old_tp': None, 'new_tp': 58004.23, 'reason': 'TRAILING_SL'}
2026-09-03 09:53:06,662 - INFO - 🟡 UPDATE (TRAILING_SL) [GapRegime_v2.0|92505_GapRegime_v2.0]: NSE:NIFTYBANK-INDEX @ 57720.80 | SL→57595.84 TP→58004.23
2026-09-03 09:53:06,730 - INFO - 📊 EXECUTION AUDIT [CF_SL_MODIFIED]: trade_id=None, candidate_id=cand_NSE_NIFTYBANK_INDEX_PDHL_BREAKOUT_57577.15_20260903_092005_PrevDay_Extremes_RVOL1.2, payload={'price': 57720.8, 'old_sl': 57341.1242979527, 'new_sl': 57343.3742979527, 'old_tp': None, 'new_tp': 57954.6, 'reason': 'TRAILING_SL'}
2026-09-03 09:53:06,775 - INFO - 🟡 UPDATE (TRAILING_SL) [CFPrevDay_Extremes_RVOL1.2|Day_Extremes_RVOL1.2]: NSE:NIFTYBANK-INDEX @ 57720.80 | SL→57343.37 TP→57954.60
2026-09-03 09:53:06,775 - INFO - 📊 EXECUTION AUDIT [CF_SL_MODIFIED]: trade_id=None, candidate_id=cand_NSE_NIFTYBANK_INDEX_OI_WALL_FADE_57577.15_20260903_092005_OIWallReaction_v1.0, payload={'price': 57720.8, 'old_sl': 57630.0765, 'new_sl': 57632.3265, 'old_tp': None, 'new_tp': 57765.4205, 'reason': 'TRAILING_SL'}
2026-09-03 09:53:06,813 - INFO - 🟡 UPDATE (TRAILING_SL) [CFOIWallReaction_v1.0|_OIWallReaction_v1.0]: NSE:NIFTYBANK-INDEX @ 57720.80 | SL→57632.33 TP→57765.42
2026-09-03 09:53:06,813 - INFO - 📊 EXECUTION AUDIT [CF_SL_MODIFIED]: trade_id=None, candidate_id=cand_NSE_NIFTYBANK_INDEX_CONFLUENCE_BOUNCE_57652.65_202609030939_Geometry_v1.0_Score35, payload={'price': 57720.8, 'old_sl': 57675.9, 'new_sl': 57678.15, 'old_tp': None, 'new_tp': 57753.5, 'reason': 'TRAILING_SL'}
2026-09-03 09:53:06,855 - INFO - 🟡 UPDATE (TRAILING_SL) [CFGeometry_v1.0_Score35|eometry_v1.0_Score35]: NSE:NIFTYBANK-INDEX @ 57720.80 | SL→57678.15 TP→57753.50
2026-09-03 09:53:06,856 - INFO - 📊 EXECUTION AUDIT [CF_SL_MODIFIED]: trade_id=None, candidate_id=cand_NSE_NIFTYBANK_INDEX_LIQUIDITY_SWEEP_57652.65_20260903_093940_OrderFlow_v1.0, payload={'price': 57720.8, 'old_sl': 57646.405000000006, 'new_sl': 57648.655000000006, 'old_tp': None, 'new_tp': 57740.344999999994, 'reason': 'TRAILING_SL'}
2026-09-03 09:53:06,895 - INFO - 🟡 UPDATE (TRAILING_SL) [CFOrderFlow_v1.0|93940_OrderFlow_v1.0]: NSE:NIFTYBANK-INDEX @ 57720.80 | SL→57648.66 TP→57740.34
2026-09-03 09:53:06,895 - INFO - 📊 EXECUTION AUDIT [CF_SL_MODIFIED]: trade_id=None, candidate_id=cand_NSE_NIFTYBANK_INDEX_GAP_AND_GO_57652.65_20260903_093940_GapRegime_v2.0, payload={'price': 57720.8, 'old_sl': 57550.96, 'new_sl': 57553.21, 'old_tp': None, 'new_tp': 58004.23, 'reason': 'TRAILING_SL'}
2026-09-03 09:53:06,932 - INFO - 🟡 UPDATE (TRAILING_SL) [CFGapRegime_v2.0|93940_GapRegime_v2.0]: NSE:NIFTYBANK-INDEX @ 57720.80 | SL→57553.21 TP→58004.23
2026-09-03 09:53:07,622 - INFO - Retrieved live premium from Fyers API: LTP=19.6 for NSE:NIFTY2690823700PE
2026-09-03 09:53:08,628 - INFO - Retrieved live premium from Fyers API: LTP=327.8 for NSE:BANKNIFTY26SEP57000PE
2026-09-03 09:53:09,619 - INFO - Retrieved live premium from Fyers API: LTP=328.2 for NSE:BANKNIFTY26SEP57000PE
2026-09-03 09:53:10,642 - INFO - Retrieved live premium from Fyers API: LTP=354.5 for NSE:BANKNIFTY26SEP57100PE
2026-09-03 09:53:11,647 - INFO - Retrieved live premium from Fyers API: LTP=304.25 for NSE:BANKNIFTY26SEP56900PE
2026-09-03 09:53:12,654 - INFO - Retrieved live premium from Fyers API: LTP=280.7 for NSE:BANKNIFTY26SEP56800PE
2026-09-03 09:53:13,655 - INFO - Retrieved live premium from Fyers API: LTP=354.5 for NSE:BANKNIFTY26SEP57100PE
2026-09-03 09:53:14,667 - INFO - Retrieved live premium from Fyers API: LTP=304.25 for NSE:BANKNIFTY26SEP56900PE
2026-09-03 09:53:30,066 - INFO - 📊 Saved 22 snapshots for NSE:NIFTY50-INDEX  (oi range: 351,455–14,339,780)
2026-09-03 09:53:32,194 - INFO - 📡 Fetching NSE:NIFTYBANK-INDEX @ 57706  expiry=26SEP  strikes=ATM±5
2026-09-03 09:53:35,373 - INFO - ⏱️ [Real-time Exit Loop] Checking open positions @ 09:53:35...
2026-09-03 09:53:36,564 - INFO - 📊 EXECUTION AUDIT [SL_MODIFIED]: trade_id=trade_NSE_NIFTYBANK_INDEX_RelativeValue_NIFTY_BANKNIFTY_v1.0_1788409295, candidate_id=cand_NSE_NIFTYBANK_INDEX_RELVAL_57703.55_20260903_095135_RelativeValue_NIFTY_BANKNIFTY_v1.0, payload={'price': 57699.75, 'old_sl': 57746.62, 'new_sl': 57742.82, 'old_tp': None, 'new_tp': 57562.25394011667, 'reason': 'TRAILING_SL'}
2026-09-03 09:53:36,610 - INFO - 🟡 UPDATE (TRAILING_SL) [RelativeValue_NIFTY_BANKNIFTY_v1.0|NIFTY_BANKNIFTY_v1.0]: NSE:NIFTYBANK-INDEX @ 57699.75 | SL→57742.82 TP→57562.25
2026-09-03 09:53:36,631 - INFO - 📊 EXECUTION AUDIT [CF_SL_MODIFIED]: trade_id=None, candidate_id=cand_NSE_NIFTYBANK_INDEX_BREAKOUT_57023.95_20260903_094500_Structural_v3.2_RVOL1.0, payload={'price': 57699.75, 'old_sl': 57746.61964285714, 'new_sl': 57742.81964285714, 'old_tp': None, 'new_tp': 57272.853571428575, 'reason': 'TRAILING_SL'}
2026-09-03 09:53:36,672 - INFO - 🟡 UPDATE (TRAILING_SL) [CFStructural_v3.2_RVOL1.0|uctural_v3.2_RVOL1.0]: NSE:NIFTYBANK-INDEX @ 57699.75 | SL→57742.82 TP→57272.85
2026-09-03 09:53:36,672 - INFO - 📊 EXECUTION AUDIT [CF_SL_MODIFIED]: trade_id=None, candidate_id=cand_NSE_NIFTYBANK_INDEX_BREAKOUT_57023.95_20260903_094500_Structural_v3.2_RVOL0.8, payload={'price': 57699.75, 'old_sl': 57746.61964285714, 'new_sl': 57742.81964285714, 'old_tp': None, 'new_tp': 57272.853571428575, 'reason': 'TRAILING_SL'}
2026-09-03 09:53:36,712 - INFO - 🟡 UPDATE (TRAILING_SL) [CFStructural_v3.2_RVOL0.8|uctural_v3.2_RVOL0.8]: NSE:NIFTYBANK-INDEX @ 57699.75 | SL→57742.82 TP→57272.85
2026-09-03 09:53:37,531 - INFO - Retrieved live premium from Fyers API: LTP=19.9 for NSE:NIFTY2690823700PE
2026-09-03 09:53:38,492 - INFO - Retrieved live premium from Fyers API: LTP=334.15 for NSE:BANKNIFTY26SEP57000PE
2026-09-03 09:53:39,488 - INFO - Retrieved live premium from Fyers API: LTP=334.15 for NSE:BANKNIFTY26SEP57000PE
2026-09-03 09:53:40,519 - INFO - Retrieved live premium from Fyers API: LTP=361.0 for NSE:BANKNIFTY26SEP57100PE
2026-09-03 09:53:41,509 - INFO - Retrieved live premium from Fyers API: LTP=304.7 for NSE:BANKNIFTY26SEP56900PE
2026-09-03 09:53:42,515 - INFO - Retrieved live premium from Fyers API: LTP=285.0 for NSE:BANKNIFTY26SEP56800PE
2026-09-03 09:53:43,507 - INFO - Retrieved live premium from Fyers API: LTP=360.6 for NSE:BANKNIFTY26SEP57100PE
2026-09-03 09:53:44,540 - INFO - Retrieved live premium from Fyers API: LTP=304.7 for NSE:BANKNIFTY26SEP56900PE
2026-09-03 09:54:02,043 - INFO - 📊 Saved 22 snapshots for NSE:NIFTYBANK-INDEX  (oi range: 89,280–1,981,230)
2026-09-03 09:54:03,136 - INFO - 📡 Fetching NSE:NIFTY50-INDEX @ 24009  expiry=26908  strikes=ATM±5
2026-09-03 09:54:05,258 - INFO - ⏱️ [Real-time Exit Loop] Checking open positions @ 09:54:05...
2026-09-03 09:54:06,454 - INFO - 📊 EXECUTION AUDIT [SL_MODIFIED]: trade_id=trade_NSE_NIFTYBANK_INDEX_RelativeValue_NIFTY_BANKNIFTY_v1.0_1788409295, candidate_id=cand_NSE_NIFTYBANK_INDEX_RELVAL_57703.55_20260903_095135_RelativeValue_NIFTY_BANKNIFTY_v1.0, payload={'price': 57691.2, 'old_sl': 57742.82, 'new_sl': 57734.27, 'old_tp': None, 'new_tp': 57562.25394011667, 'reason': 'TRAILING_SL'}
2026-09-03 09:54:06,506 - INFO - 🟡 UPDATE (TRAILING_SL) [RelativeValue_NIFTY_BANKNIFTY_v1.0|NIFTY_BANKNIFTY_v1.0]: NSE:NIFTYBANK-INDEX @ 57691.20 | SL→57734.27 TP→57562.25
2026-09-03 09:54:06,528 - INFO - 📊 EXECUTION AUDIT [CF_SL_MODIFIED]: trade_id=None, candidate_id=cand_NSE_NIFTYBANK_INDEX_BREAKOUT_57023.95_20260903_094500_Structural_v3.2_RVOL1.0, payload={'price': 57691.2, 'old_sl': 57742.81964285714, 'new_sl': 57734.269642857136, 'old_tp': None, 'new_tp': 57272.853571428575, 'reason': 'TRAILING_SL'}
2026-09-03 09:54:06,569 - INFO - 🟡 UPDATE (TRAILING_SL) [CFStructural_v3.2_RVOL1.0|uctural_v3.2_RVOL1.0]: NSE:NIFTYBANK-INDEX @ 57691.20 | SL→57734.27 TP→57272.85
2026-09-03 09:54:06,569 - INFO - 📊 EXECUTION AUDIT [CF_SL_MODIFIED]: trade_id=None, candidate_id=cand_NSE_NIFTYBANK_INDEX_BREAKOUT_57023.95_20260903_094500_Structural_v3.2_RVOL0.8, payload={'price': 57691.2, 'old_sl': 57742.81964285714, 'new_sl': 57734.269642857136, 'old_tp': None, 'new_tp': 57272.853571428575, 'reason': 'TRAILING_SL'}
2026-09-03 09:54:06,610 - INFO - 🟡 UPDATE (TRAILING_SL) [CFStructural_v3.2_RVOL0.8|uctural_v3.2_RVOL0.8]: NSE:NIFTYBANK-INDEX @ 57691.20 | SL→57734.27 TP→57272.85
2026-09-03 09:54:07,369 - INFO - Retrieved live premium from Fyers API: LTP=19.95 for NSE:NIFTY2690823700PE
2026-09-03 09:54:08,371 - INFO - Retrieved live premium from Fyers API: LTP=335.75 for NSE:BANKNIFTY26SEP57000PE
2026-09-03 09:54:09,372 - INFO - Retrieved live premium from Fyers API: LTP=335.1 for NSE:BANKNIFTY26SEP57000PE
2026-09-03 09:54:10,379 - INFO - Retrieved live premium from Fyers API: LTP=362.15 for NSE:BANKNIFTY26SEP57100PE
2026-09-03 09:54:11,399 - INFO - Retrieved live premium from Fyers API: LTP=310.7 for NSE:BANKNIFTY26SEP56900PE
2026-09-03 09:54:12,401 - INFO - Retrieved live premium from Fyers API: LTP=287.7 for NSE:BANKNIFTY26SEP56800PE
2026-09-03 09:54:13,409 - INFO - Retrieved live premium from Fyers API: LTP=363.0 for NSE:BANKNIFTY26SEP57100PE
2026-09-03 09:54:14,412 - INFO - Retrieved live premium from Fyers API: LTP=310.7 for NSE:BANKNIFTY26SEP56900PE
2026-09-03 09:54:32,642 - INFO - 📊 Saved 22 snapshots for NSE:NIFTY50-INDEX  (oi range: 352,170–14,381,380)
2026-09-03 09:54:34,763 - INFO - 📡 Fetching NSE:NIFTYBANK-INDEX @ 57686  expiry=26SEP  strikes=ATM±5
2026-09-03 09:54:35,145 - INFO - ⏱️ [Real-time Exit Loop] Checking open positions @ 09:54:35...
2026-09-03 09:54:36,337 - INFO - 📊 EXECUTION AUDIT [SL_MODIFIED]: trade_id=trade_NSE_NIFTYBANK_INDEX_RelativeValue_NIFTY_BANKNIFTY_v1.0_1788409295, candidate_id=cand_NSE_NIFTYBANK_INDEX_RELVAL_57703.55_20260903_095135_RelativeValue_NIFTY_BANKNIFTY_v1.0, payload={'price': 57682.8, 'old_sl': 57734.27, 'new_sl': 57725.87, 'old_tp': None, 'new_tp': 57562.25394011667, 'reason': 'TRAILING_SL'}
2026-09-03 09:54:36,385 - INFO - 🟡 UPDATE (TRAILING_SL) [RelativeValue_NIFTY_BANKNIFTY_v1.0|NIFTY_BANKNIFTY_v1.0]: NSE:NIFTYBANK-INDEX @ 57682.80 | SL→57725.87 TP→57562.25
2026-09-03 09:54:36,406 - INFO - 📊 EXECUTION AUDIT [CF_SL_MODIFIED]: trade_id=None, candidate_id=cand_NSE_NIFTYBANK_INDEX_BREAKOUT_57023.95_20260903_094500_Structural_v3.2_RVOL1.0, payload={'price': 57682.8, 'old_sl': 57734.269642857136, 'new_sl': 57725.86964285714, 'old_tp': None, 'new_tp': 57272.853571428575, 'reason': 'TRAILING_SL'}
2026-09-03 09:54:36,451 - INFO - 🟡 UPDATE (TRAILING_SL) [CFStructural_v3.2_RVOL1.0|uctural_v3.2_RVOL1.0]: NSE:NIFTYBANK-INDEX @ 57682.80 | SL→57725.87 TP→57272.85
2026-09-03 09:54:36,452 - INFO - 📊 EXECUTION AUDIT [CF_SL_MODIFIED]: trade_id=None, candidate_id=cand_NSE_NIFTYBANK_INDEX_BREAKOUT_57023.95_20260903_094500_Structural_v3.2_RVOL0.8, payload={'price': 57682.8, 'old_sl': 57734.269642857136, 'new_sl': 57725.86964285714, 'old_tp': None, 'new_tp': 57272.853571428575, 'reason': 'TRAILING_SL'}
2026-09-03 09:54:36,490 - INFO - 🟡 UPDATE (TRAILING_SL) [CFStructural_v3.2_RVOL0.8|uctural_v3.2_RVOL0.8]: NSE:NIFTYBANK-INDEX @ 57682.80 | SL→57725.87 TP→57272.85
2026-09-03 09:54:37,264 - INFO - Retrieved live premium from Fyers API: LTP=20.05 for NSE:NIFTY2690823700PE
2026-09-03 09:54:38,279 - INFO - Retrieved live premium from Fyers API: LTP=336.9 for NSE:BANKNIFTY26SEP57000PE
2026-09-03 09:54:39,283 - INFO - Retrieved live premium from Fyers API: LTP=336.85 for NSE:BANKNIFTY26SEP57000PE
2026-09-03 09:54:40,294 - INFO - Retrieved live premium from Fyers API: LTP=363.0 for NSE:BANKNIFTY26SEP57100PE
2026-09-03 09:54:41,284 - INFO - Retrieved live premium from Fyers API: LTP=311.1 for NSE:BANKNIFTY26SEP56900PE
2026-09-03 09:54:42,298 - INFO - Retrieved live premium from Fyers API: LTP=288.1 for NSE:BANKNIFTY26SEP56800PE
2026-09-03 09:54:43,316 - INFO - Retrieved live premium from Fyers API: LTP=363.0 for NSE:BANKNIFTY26SEP57100PE
2026-09-03 09:54:44,314 - INFO - Retrieved live premium from Fyers API: LTP=311.1 for NSE:BANKNIFTY26SEP56900PE
2026-09-03 09:55:04,294 - INFO - 📊 Saved 22 snapshots for NSE:NIFTYBANK-INDEX  (oi range: 89,340–1,982,520)
2026-09-03 09:55:05,093 - INFO - 🔔 [New Candle Closed] Running entry pipeline for candle 09:55 at 09:55:05...
2026-09-03 09:55:05,093 - INFO - --- 09:55:05 Market Pulse ---
2026-09-03 09:55:05,389 - INFO - 📡 Fetching NSE:NIFTY50-INDEX @ 24007  expiry=26908  strikes=ATM±5
2026-09-03 09:55:10,317 - INFO - 📊 EXECUTION AUDIT [ORDER_EXITED]: trade_id=trade_NSE_NIFTYBANK_INDEX_RelativeValue_NIFTY_BANKNIFTY_v1.0_1788409295, candidate_id=cand_NSE_NIFTYBANK_INDEX_RELVAL_57703.55_20260903_095135_RelativeValue_NIFTY_BANKNIFTY_v1.0, payload={'exit_price': 57725.87, 'exit_reason': 'TRAILING_SL', 'pnl_r': -0.0020225114315863125, 'duration_minutes': 3.498934183333333, 'bars_held': 1}
2026-09-03 09:55:10,354 - INFO - 🔴 EXIT (TRAILING_SL) [RelativeValue_NIFTY_BANKNIFTY_v1.0|NIFTY_BANKNIFTY_v1.0]: NSE:NIFTYBANK-INDEX @ 57725.87 | PnL -0.00R | MFE 0.61R | Capture -0% | 1bars HoldEff -0.002R/bar
2026-09-03 09:55:10,354 - INFO - 📊 EXECUTION AUDIT [CF_EXITED]: trade_id=None, candidate_id=cand_NSE_NIFTYBANK_INDEX_CONFLUENCE_BOUNCE_57652.65_202609030939_Geometry_v1.0_Score35, payload={'exit_price': 57678.15, 'exit_reason': 'TRAILING_SL', 'pnl_r': -0.01240797910235104, 'duration_minutes': 15.414577883333333, 'bars_held': 2}
2026-09-03 09:55:10,386 - INFO - 🔴 EXIT (TRAILING_SL) [CFGeometry_v1.0_Score35|eometry_v1.0_Score35]: NSE:NIFTYBANK-INDEX @ 57678.15 | PnL -0.01R | MFE 1.60R | Capture -1% | 2bars HoldEff -0.006R/bar
2026-09-03 09:55:10,386 - INFO - 📊 EXECUTION AUDIT [CF_EXITED]: trade_id=None, candidate_id=cand_NSE_NIFTYBANK_INDEX_BREAKOUT_57023.95_20260903_094500_Structural_v3.2_RVOL1.0, payload={'exit_price': 57725.86964285714, 'exit_reason': 'TRAILING_SL', 'pnl_r': -0.0020225114315863125, 'duration_minutes': 3.498934183333333, 'bars_held': 1}
2026-09-03 09:55:10,414 - INFO - 🔴 EXIT (TRAILING_SL) [CFStructural_v3.2_RVOL1.0|uctural_v3.2_RVOL1.0]: NSE:NIFTYBANK-INDEX @ 57725.87 | PnL -0.00R | MFE 0.61R | Capture -0% | 1bars HoldEff -0.002R/bar
2026-09-03 09:55:10,414 - INFO - 📊 EXECUTION AUDIT [CF_EXITED]: trade_id=None, candidate_id=cand_NSE_NIFTYBANK_INDEX_BREAKOUT_57023.95_20260903_094500_Structural_v3.2_RVOL0.8, payload={'exit_price': 57725.86964285714, 'exit_reason': 'TRAILING_SL', 'pnl_r': -0.0020225114315863125, 'duration_minutes': 3.498934183333333, 'bars_held': 1}
2026-09-03 09:55:10,446 - INFO - 🔴 EXIT (TRAILING_SL) [CFStructural_v3.2_RVOL0.8|uctural_v3.2_RVOL0.8]: NSE:NIFTYBANK-INDEX @ 57725.87 | PnL -0.00R | MFE 0.61R | Capture -0% | 1bars HoldEff -0.002R/bar
2026-09-03 09:55:11,225 - INFO - Retrieved live premium from Fyers API: LTP=19.95 for NSE:NIFTY2690823700PE
2026-09-03 09:55:12,225 - INFO - Retrieved live premium from Fyers API: LTP=337.6 for NSE:BANKNIFTY26SEP57000PE
2026-09-03 09:55:13,247 - INFO - Retrieved live premium from Fyers API: LTP=337.0 for NSE:BANKNIFTY26SEP57000PE
2026-09-03 09:55:14,244 - INFO - Retrieved live premium from Fyers API: LTP=364.15 for NSE:BANKNIFTY26SEP57100PE
2026-09-03 09:55:15,267 - INFO - Retrieved live premium from Fyers API: LTP=312.0 for NSE:BANKNIFTY26SEP56900PE
2026-09-03 09:55:16,276 - INFO - Retrieved live premium from Fyers API: LTP=287.7 for NSE:BANKNIFTY26SEP56800PE
2026-09-03 09:55:17,290 - INFO - Retrieved live premium from Fyers API: LTP=363.4 for NSE:BANKNIFTY26SEP57100PE
2026-09-03 09:55:18,277 - INFO - Retrieved live premium from Fyers API: LTP=312.0 for NSE:BANKNIFTY26SEP56900PE
2026-09-03 09:55:20,551 - INFO - Resolved active expiry from DB: 26908 (2026-09-08)
2026-09-03 09:55:20,551 - INFO - 👻 [Geometry_v1.0_Score35] CF TRENDLINE_RETEST NSE:NIFTY50-INDEX BUY PUT | Rejected: ['LOW_RR:0.4']
2026-09-03 09:55:20,551 - INFO - 📊 EXECUTION AUDIT [SIGNAL_GENERATED]: trade_id=None, candidate_id=cand_NSE_NIFTY50_INDEX_TRENDLINE_RETEST_24005.50_202609030955_Geometry_v1.0_Score35, payload={'symbol': 'NSE:NIFTY50-INDEX', 'candidate_id': 'cand_NSE_NIFTY50_INDEX_TRENDLINE_RETEST_24005.50_202609030955_Geometry_v1.0_Score35', 'experiment_name': 'Geometry_v1.0_Score35', 'strategy_id': 'geometry', 'version': 'v1.0', 'signal': 'BUY PUT', 'strategy': 'TRENDLINE_RETEST', 'price': 24005.5, 'stop_loss': 24021.8, 'take_profit': 23998.9, 'tp1': 23981.05, 'rr_ratio': 0.4, 'timestamp': '2026-09-03T09:55:05.093549+05:30', 'zone_band_low': None, 'zone_band_high': None, 'zone_direction': None, 'zone_component_count': 0, 'accepted': False, 'rejection_reasons': ['LOW_RR:0.4'], 'stop_loss_distance': 16.3, 'atr': 23.66, 'confidence': 0.934, 'diagnostics': {'trendline_id': 'tl_8f7758a1614206b4', 'trendline_confidence': 1.114, 'trendline_r2': 0.99, 'trendline_touches': 33, 'trendline_price_at_now': 23939.5, 'dist_pct': 0.00275, 'narrative_bias': 'CONTINUATION', 'bias_confidence': 0.6}, 'features': {'regime_primary': 'STRONG_TREND_UP', 'regime_vol_state': 'HIGH_VOL', 'market_regime': 'STRONG_TREND_UP_HIGH_VOL'}}
2026-09-03 09:55:20,570 - INFO - Resolved active expiry from DB: 26908 (2026-09-08)
2026-09-03 09:55:20,584 - INFO - Resolved index signal into option contract: OptionContract(symbol='NSE:NIFTY2690824000PE', strike=24000.0, expiry='26908', option_type='PE', premium=84.2, delta=0.5, bid=84.25, ask=84.45, volume=45932185, resolved_at=datetime.datetime(2026, 9, 3, 9, 55, 20, 584089))
2026-09-03 09:55:20,584 - INFO - ⚡ Option strike selection resolved index signal to contract NSE:NIFTY2690824000PE @ premium 84.2 (type: PE, strike: 24000.0)
2026-09-03 09:55:20,584 - INFO - 📊 EXECUTION AUDIT [STRIKE_SELECTED]: trade_id=None, candidate_id=cand_NSE_NIFTY50_INDEX_TRENDLINE_RETEST_24005.50_202609030955_Geometry_v1.0_Score35, payload={'symbol': 'NSE:NIFTY2690824000PE', 'strike': 24000.0, 'expiry': '26908', 'type': 'PE'}
2026-09-03 09:55:20,593 - INFO - 📊 EXECUTION AUDIT [PREMIUM_RETRIEVED]: trade_id=None, candidate_id=cand_NSE_NIFTY50_INDEX_TRENDLINE_RETEST_24005.50_202609030955_Geometry_v1.0_Score35, payload={'premium': 84.2, 'bid': 84.25, 'ask': 84.45}
2026-09-03 09:55:20,604 - INFO - 📊 EXECUTION AUDIT [CF_SUBMITTED]: trade_id=None, candidate_id=cand_NSE_NIFTY50_INDEX_TRENDLINE_RETEST_24005.50_202609030955_Geometry_v1.0_Score35, payload={'price': 24005.5, 'sl': 24021.8, 'tp': 23998.9}
2026-09-03 09:55:20,613 - INFO - 📊 EXECUTION AUDIT [CF_FILLED]: trade_id=None, candidate_id=cand_NSE_NIFTY50_INDEX_TRENDLINE_RETEST_24005.50_202609030955_Geometry_v1.0_Score35, payload={'price': 24005.5, 'sl': 24021.8, 'tp': 23998.9}
2026-09-03 09:55:20,622 - INFO - 💰 Position size [TRENDLINE_RETEST|STRONG_TREND_UP_HIGH_VOL|conf=1]: frac=0.004 → ₹5,000 (risk/unit=0.07%)
2026-09-03 09:55:20,641 - INFO - 🟢 ENTRY [CF|Geometry_v1.0_Score35|eometry_v1.0_Score35]: NSE:NIFTY50-INDEX BUY PUT @ 24005.50 | SL: 24021.80 TP: 23998.90
2026-09-03 09:55:20,642 - INFO - 👻 [Geometry_v1.0_Score50] CF TRENDLINE_RETEST NSE:NIFTY50-INDEX BUY PUT | Rejected: ['LOW_RR:0.4']
2026-09-03 09:55:20,642 - INFO - 📊 EXECUTION AUDIT [SIGNAL_GENERATED]: trade_id=None, candidate_id=cand_NSE_NIFTY50_INDEX_TRENDLINE_RETEST_24005.50_202609030955_Geometry_v1.0_Score50, payload={'symbol': 'NSE:NIFTY50-INDEX', 'candidate_id': 'cand_NSE_NIFTY50_INDEX_TRENDLINE_RETEST_24005.50_202609030955_Geometry_v1.0_Score50', 'experiment_name': 'Geometry_v1.0_Score50', 'strategy_id': 'geometry', 'version': 'v1.0', 'signal': 'BUY PUT', 'strategy': 'TRENDLINE_RETEST', 'price': 24005.5, 'stop_loss': 24021.8, 'take_profit': 23998.9, 'tp1': 23981.05, 'rr_ratio': 0.4, 'timestamp': '2026-09-03T09:55:05.093549+05:30', 'zone_band_low': None, 'zone_band_high': None, 'zone_direction': None, 'zone_component_count': 0, 'accepted': False, 'rejection_reasons': ['LOW_RR:0.4'], 'stop_loss_distance': 16.3, 'atr': 23.66, 'confidence': 0.934, 'diagnostics': {'trendline_id': 'tl_8f7758a1614206b4', 'trendline_confidence': 1.114, 'trendline_r2': 0.99, 'trendline_touches': 33, 'trendline_price_at_now': 23939.5, 'dist_pct': 0.00275, 'narrative_bias': 'CONTINUATION', 'bias_confidence': 0.6}, 'features': {'regime_primary': 'STRONG_TREND_UP', 'regime_vol_state': 'HIGH_VOL', 'market_regime': 'STRONG_TREND_UP_HIGH_VOL'}}
2026-09-03 09:55:20,661 - INFO - Resolved active expiry from DB: 26908 (2026-09-08)
2026-09-03 09:55:20,672 - INFO - Resolved index signal into option contract: OptionContract(symbol='NSE:NIFTY2690824000PE', strike=24000.0, expiry='26908', option_type='PE', premium=84.2, delta=0.5, bid=84.25, ask=84.45, volume=45932185, resolved_at=datetime.datetime(2026, 9, 3, 9, 55, 20, 672898))
2026-09-03 09:55:20,672 - INFO - ⚡ Option strike selection resolved index signal to contract NSE:NIFTY2690824000PE @ premium 84.2 (type: PE, strike: 24000.0)
2026-09-03 09:55:20,673 - INFO - 📊 EXECUTION AUDIT [STRIKE_SELECTED]: trade_id=None, candidate_id=cand_NSE_NIFTY50_INDEX_TRENDLINE_RETEST_24005.50_202609030955_Geometry_v1.0_Score50, payload={'symbol': 'NSE:NIFTY2690824000PE', 'strike': 24000.0, 'expiry': '26908', 'type': 'PE'}
2026-09-03 09:55:20,683 - INFO - 📊 EXECUTION AUDIT [PREMIUM_RETRIEVED]: trade_id=None, candidate_id=cand_NSE_NIFTY50_INDEX_TRENDLINE_RETEST_24005.50_202609030955_Geometry_v1.0_Score50, payload={'premium': 84.2, 'bid': 84.25, 'ask': 84.45}
2026-09-03 09:55:20,691 - INFO - 📊 EXECUTION AUDIT [CF_SUBMITTED]: trade_id=None, candidate_id=cand_NSE_NIFTY50_INDEX_TRENDLINE_RETEST_24005.50_202609030955_Geometry_v1.0_Score50, payload={'price': 24005.5, 'sl': 24021.8, 'tp': 23998.9}
2026-09-03 09:55:20,701 - INFO - 📊 EXECUTION AUDIT [CF_FILLED]: trade_id=None, candidate_id=cand_NSE_NIFTY50_INDEX_TRENDLINE_RETEST_24005.50_202609030955_Geometry_v1.0_Score50, payload={'price': 24005.5, 'sl': 24021.8, 'tp': 23998.9}
2026-09-03 09:55:20,710 - INFO - 💰 Position size [TRENDLINE_RETEST|STRONG_TREND_UP_HIGH_VOL|conf=1]: frac=0.004 → ₹5,000 (risk/unit=0.07%)
2026-09-03 09:55:20,730 - INFO - 🟢 ENTRY [CF|Geometry_v1.0_Score50|eometry_v1.0_Score50]: NSE:NIFTY50-INDEX BUY PUT @ 24005.50 | SL: 24021.80 TP: 23998.90
2026-09-03 09:55:22,119 - INFO - Resolved active expiry from DB: 26SEP (2026-09-29)
2026-09-03 09:55:22,120 - INFO - 👻 [Structural_v3.2_RVOL1.0] CF BREAKOUT NSE:NIFTYBANK-INDEX BUY PUT | Rejected: ['BIAS_MISMATCH']
2026-09-03 09:55:22,120 - INFO - 📊 EXECUTION AUDIT [SIGNAL_GENERATED]: trade_id=None, candidate_id=cand_NSE_NIFTYBANK_INDEX_BREAKOUT_57023.95_20260903_095000_Structural_v3.2_RVOL1.0, payload={'symbol': 'NSE:NIFTYBANK-INDEX', 'signal': 'BUY PUT', 'strategy': 'BREAKOUT', 'price': 57674.3, 'stop_loss': 57717.31607142858, 'take_profit': 57244.13928571429, 'tp1': 57609.77589285714, 'rr_ratio': 10.0, 'timestamp': '2026-09-03T09:50:00+05:30', 'accepted': False, 'rejection_reasons': ['BIAS_MISMATCH'], 'features': {'date': '2026-09-03', 'strategy_name': 'Structural_v3', 'strategy_version': 'v3.2', 'feature_version': 'v1.1', 'market_regime': 'GAP_UP_HIGH_VOL', 'day_type': 'NORMAL_DAY', 'session_type': 'MID', 'daily_bias': 'NEUTRAL', 'hourly_bias': 'NEUTRAL', 'trend_strength': 0.0, 'rvol': 1.51, 'rvol_threshold': 1.0, 'atr': 86.03, 'distance_from_supply': 329.93, 'distance_from_demand': 851.1, 'nearest_supply_strength': 84.3, 'nearest_demand_strength': 71.0, 'distance_to_liquidity_pool': 851.1000000000058, 'liquidity_score': 15.1, 'indicator_snapshot': {'rvol_tod': 1.51, 'is_compressed': False, 'bos_count': 0}, 'move_efficiency': 0.7884, 'wickiness': 0.4891, 'fft_score': 0.0, 'setup_type': 'BREAKOUT', 'candidate_id': 'cand_NSE_NIFTYBANK_INDEX_BREAKOUT_57023.95_20260903_095000', 'ema20': 57402.84, 'ema50': 57246.91, 'move_efficiency_h1': 0.5175, 'ema_bullish': True, 'rsi14': 88.78, 'rsi2': 0.0, 'distance_to_vwap': 0.0009, 'atr_percentile': 0.8591, 'dist_prev_high': 0.0079, 'dist_prev_low': 0.015, 'adx': 42.32, 'adx_slope': 8.8011, 'gap_pct': 0.0057, 'regime_primary': 'GAP_UP', 'regime_vol_state': 'HIGH_VOL'}, 'candidate_id': 'cand_NSE_NIFTYBANK_INDEX_BREAKOUT_57023.95_20260903_095000_Structural_v3.2_RVOL1.0', 'experiment_name': 'Structural_v3.2_RVOL1.0', 'strategy_id': 'structural', 'version': 'v3.2'}
2026-09-03 09:55:22,141 - INFO - Resolved active expiry from DB: 26SEP (2026-09-29)
2026-09-03 09:55:22,155 - INFO - Resolved index signal into option contract: OptionContract(symbol='NSE:BANKNIFTY26SEP57700PE', strike=57700.0, expiry='26SEP', option_type='PE', premium=566.1, delta=0.5, bid=565.15, ask=566.1, volume=388860, resolved_at=datetime.datetime(2026, 9, 3, 9, 55, 22, 155851))
2026-09-03 09:55:22,156 - INFO - ⚡ Option strike selection resolved index signal to contract NSE:BANKNIFTY26SEP57700PE @ premium 566.1 (type: PE, strike: 57700.0)
2026-09-03 09:55:22,156 - INFO - 📊 EXECUTION AUDIT [STRIKE_SELECTED]: trade_id=None, candidate_id=cand_NSE_NIFTYBANK_INDEX_BREAKOUT_57023.95_20260903_095000_Structural_v3.2_RVOL1.0, payload={'symbol': 'NSE:BANKNIFTY26SEP57700PE', 'strike': 57700.0, 'expiry': '26SEP', 'type': 'PE'}
2026-09-03 09:55:22,167 - INFO - 📊 EXECUTION AUDIT [PREMIUM_RETRIEVED]: trade_id=None, candidate_id=cand_NSE_NIFTYBANK_INDEX_BREAKOUT_57023.95_20260903_095000_Structural_v3.2_RVOL1.0, payload={'premium': 566.1, 'bid': 565.15, 'ask': 566.1}
2026-09-03 09:55:22,176 - INFO - 📊 EXECUTION AUDIT [CF_SUBMITTED]: trade_id=None, candidate_id=cand_NSE_NIFTYBANK_INDEX_BREAKOUT_57023.95_20260903_095000_Structural_v3.2_RVOL1.0, payload={'price': 57674.3, 'sl': 57717.31607142858, 'tp': 57244.13928571429}
2026-09-03 09:55:22,187 - INFO - 📊 EXECUTION AUDIT [CF_FILLED]: trade_id=None, candidate_id=cand_NSE_NIFTYBANK_INDEX_BREAKOUT_57023.95_20260903_095000_Structural_v3.2_RVOL1.0, payload={'price': 57674.3, 'sl': 57717.31607142858, 'tp': 57244.13928571429}
2026-09-03 09:55:22,197 - INFO - 💰 Position size [BREAKOUT|GAP_UP_HIGH_VOL|conf=70]: frac=0.002 → ₹5,000 (risk/unit=0.07%)
2026-09-03 09:55:22,220 - INFO - 🟢 ENTRY [CF|Structural_v3.2_RVOL1.0|uctural_v3.2_RVOL1.0]: NSE:NIFTYBANK-INDEX BUY PUT @ 57674.30 | SL: 57717.32 TP: 57244.14
2026-09-03 09:55:22,220 - INFO - 👻 [Structural_v3.2_RVOL0.8] CF BREAKOUT NSE:NIFTYBANK-INDEX BUY PUT | Rejected: ['BIAS_MISMATCH']
2026-09-03 09:55:22,221 - INFO - 📊 EXECUTION AUDIT [SIGNAL_GENERATED]: trade_id=None, candidate_id=cand_NSE_NIFTYBANK_INDEX_BREAKOUT_57023.95_20260903_095000_Structural_v3.2_RVOL0.8, payload={'symbol': 'NSE:NIFTYBANK-INDEX', 'signal': 'BUY PUT', 'strategy': 'BREAKOUT', 'price': 57674.3, 'stop_loss': 57717.31607142858, 'take_profit': 57244.13928571429, 'tp1': 57609.77589285714, 'rr_ratio': 10.0, 'timestamp': '2026-09-03T09:50:00+05:30', 'accepted': False, 'rejection_reasons': ['BIAS_MISMATCH'], 'features': {'date': '2026-09-03', 'strategy_name': 'Structural_v3', 'strategy_version': 'v3.2', 'feature_version': 'v1.1', 'market_regime': 'GAP_UP_HIGH_VOL', 'day_type': 'NORMAL_DAY', 'session_type': 'MID', 'daily_bias': 'NEUTRAL', 'hourly_bias': 'NEUTRAL', 'trend_strength': 0.0, 'rvol': 1.51, 'rvol_threshold': 0.8, 'atr': 86.03, 'distance_from_supply': 329.93, 'distance_from_demand': 851.1, 'nearest_supply_strength': 84.3, 'nearest_demand_strength': 71.0, 'distance_to_liquidity_pool': 851.1000000000058, 'liquidity_score': 15.1, 'indicator_snapshot': {'rvol_tod': 1.51, 'is_compressed': False, 'bos_count': 0}, 'move_efficiency': 0.7884, 'wickiness': 0.4891, 'fft_score': 0.0, 'setup_type': 'BREAKOUT', 'candidate_id': 'cand_NSE_NIFTYBANK_INDEX_BREAKOUT_57023.95_20260903_095000', 'ema20': 57402.84, 'ema50': 57246.91, 'move_efficiency_h1': 0.5175, 'ema_bullish': True, 'rsi14': 88.78, 'rsi2': 0.0, 'distance_to_vwap': 0.0009, 'atr_percentile': 0.8591, 'dist_prev_high': 0.0079, 'dist_prev_low': 0.015, 'adx': 42.32, 'adx_slope': 8.8011, 'gap_pct': 0.0057, 'regime_primary': 'GAP_UP', 'regime_vol_state': 'HIGH_VOL'}, 'candidate_id': 'cand_NSE_NIFTYBANK_INDEX_BREAKOUT_57023.95_20260903_095000_Structural_v3.2_RVOL0.8', 'experiment_name': 'Structural_v3.2_RVOL0.8', 'strategy_id': 'structural', 'version': 'v3.2'}
2026-09-03 09:55:22,245 - INFO - Resolved active expiry from DB: 26SEP (2026-09-29)
2026-09-03 09:55:22,258 - INFO - Resolved index signal into option contract: OptionContract(symbol='NSE:BANKNIFTY26SEP57700PE', strike=57700.0, expiry='26SEP', option_type='PE', premium=566.1, delta=0.5, bid=565.15, ask=566.1, volume=388860, resolved_at=datetime.datetime(2026, 9, 3, 9, 55, 22, 258748))
2026-09-03 09:55:22,258 - INFO - ⚡ Option strike selection resolved index signal to contract NSE:BANKNIFTY26SEP57700PE @ premium 566.1 (type: PE, strike: 57700.0)
2026-09-03 09:55:22,259 - INFO - 📊 EXECUTION AUDIT [STRIKE_SELECTED]: trade_id=None, candidate_id=cand_NSE_NIFTYBANK_INDEX_BREAKOUT_57023.95_20260903_095000_Structural_v3.2_RVOL0.8, payload={'symbol': 'NSE:BANKNIFTY26SEP57700PE', 'strike': 57700.0, 'expiry': '26SEP', 'type': 'PE'}
2026-09-03 09:55:22,270 - INFO - 📊 EXECUTION AUDIT [PREMIUM_RETRIEVED]: trade_id=None, candidate_id=cand_NSE_NIFTYBANK_INDEX_BREAKOUT_57023.95_20260903_095000_Structural_v3.2_RVOL0.8, payload={'premium': 566.1, 'bid': 565.15, 'ask': 566.1}
2026-09-03 09:55:22,284 - INFO - 📊 EXECUTION AUDIT [CF_SUBMITTED]: trade_id=None, candidate_id=cand_NSE_NIFTYBANK_INDEX_BREAKOUT_57023.95_20260903_095000_Structural_v3.2_RVOL0.8, payload={'price': 57674.3, 'sl': 57717.31607142858, 'tp': 57244.13928571429}
2026-09-03 09:55:22,295 - INFO - 📊 EXECUTION AUDIT [CF_FILLED]: trade_id=None, candidate_id=cand_NSE_NIFTYBANK_INDEX_BREAKOUT_57023.95_20260903_095000_Structural_v3.2_RVOL0.8, payload={'price': 57674.3, 'sl': 57717.31607142858, 'tp': 57244.13928571429}
2026-09-03 09:55:22,307 - INFO - 💰 Position size [BREAKOUT|GAP_UP_HIGH_VOL|conf=70]: frac=0.002 → ₹5,000 (risk/unit=0.07%)
2026-09-03 09:55:22,331 - INFO - 🟢 ENTRY [CF|Structural_v3.2_RVOL0.8|uctural_v3.2_RVOL0.8]: NSE:NIFTYBANK-INDEX BUY PUT @ 57674.30 | SL: 57717.32 TP: 57244.14
2026-09-03 09:55:22,331 - INFO - 👻 [Geometry_v1.0_Score35] CF CONFLUENCE_BOUNCE NSE:NIFTYBANK-INDEX BUY PUT | Rejected: ['LOW_RR:0.91']
2026-09-03 09:55:22,331 - INFO - 📊 EXECUTION AUDIT [SIGNAL_GENERATED]: trade_id=None, candidate_id=cand_NSE_NIFTYBANK_INDEX_CONFLUENCE_BOUNCE_57674.30_202609030955_Geometry_v1.0_Score35, payload={'symbol': 'NSE:NIFTYBANK-INDEX', 'candidate_id': 'cand_NSE_NIFTYBANK_INDEX_CONFLUENCE_BOUNCE_57674.30_202609030955_Geometry_v1.0_Score35', 'experiment_name': 'Geometry_v1.0_Score35', 'strategy_id': 'geometry', 'version': 'v1.0', 'signal': 'BUY PUT', 'strategy': 'CONFLUENCE_BOUNCE', 'price': 57674.3, 'stop_loss': 57717.32, 'take_profit': 57635.16, 'tp1': 57609.78, 'rr_ratio': 0.91, 'timestamp': '2026-09-03T09:55:05.093549+05:30', 'zone_band_low': 57668.2, 'zone_band_high': 57668.2, 'zone_direction': 'RESISTANCE', 'zone_component_count': 1, 'accepted': False, 'rejection_reasons': ['LOW_RR:0.91'], 'stop_loss_distance': 43.01, 'atr': 86.03, 'confidence': 0.505, 'diagnostics': {'zone_score': 44.2, 'zone_explanation': 'RESISTANCE @ 57668.2 (±0.0pts, score=44)', 'dist_to_zone': 6.1, 'narrative_bias': 'CONTINUATION', 'bias_confidence': 0.6, 'zone_engine_confirmed': False}, 'features': {'regime_primary': 'GAP_UP', 'regime_vol_state': 'HIGH_VOL', 'market_regime': 'GAP_UP_HIGH_VOL'}}
2026-09-03 09:55:22,355 - INFO - Resolved active expiry from DB: 26SEP (2026-09-29)
2026-09-03 09:55:22,370 - INFO - Resolved index signal into option contract: OptionContract(symbol='NSE:BANKNIFTY26SEP57700PE', strike=57700.0, expiry='26SEP', option_type='PE', premium=566.1, delta=0.5, bid=565.15, ask=566.1, volume=388860, resolved_at=datetime.datetime(2026, 9, 3, 9, 55, 22, 370442))
2026-09-03 09:55:22,370 - INFO - ⚡ Option strike selection resolved index signal to contract NSE:BANKNIFTY26SEP57700PE @ premium 566.1 (type: PE, strike: 57700.0)
2026-09-03 09:55:22,370 - INFO - 📊 EXECUTION AUDIT [STRIKE_SELECTED]: trade_id=None, candidate_id=cand_NSE_NIFTYBANK_INDEX_CONFLUENCE_BOUNCE_57674.30_202609030955_Geometry_v1.0_Score35, payload={'symbol': 'NSE:BANKNIFTY26SEP57700PE', 'strike': 57700.0, 'expiry': '26SEP', 'type': 'PE'}
2026-09-03 09:55:22,383 - INFO - 📊 EXECUTION AUDIT [PREMIUM_RETRIEVED]: trade_id=None, candidate_id=cand_NSE_NIFTYBANK_INDEX_CONFLUENCE_BOUNCE_57674.30_202609030955_Geometry_v1.0_Score35, payload={'premium': 566.1, 'bid': 565.15, 'ask': 566.1}
2026-09-03 09:55:22,395 - INFO - 📊 EXECUTION AUDIT [CF_SUBMITTED]: trade_id=None, candidate_id=cand_NSE_NIFTYBANK_INDEX_CONFLUENCE_BOUNCE_57674.30_202609030955_Geometry_v1.0_Score35, payload={'price': 57674.3, 'sl': 57717.32, 'tp': 57635.16}
2026-09-03 09:55:22,407 - INFO - 📊 EXECUTION AUDIT [CF_FILLED]: trade_id=None, candidate_id=cand_NSE_NIFTYBANK_INDEX_CONFLUENCE_BOUNCE_57674.30_202609030955_Geometry_v1.0_Score35, payload={'price': 57674.3, 'sl': 57717.32, 'tp': 57635.16}
2026-09-03 09:55:22,418 - INFO - 💰 Position size [CONFLUENCE_BOUNCE|GAP_UP_HIGH_VOL|conf=1]: frac=0.002 → ₹5,000 (risk/unit=0.07%)
2026-09-03 09:55:22,441 - INFO - 🟢 ENTRY [CF|Geometry_v1.0_Score35|eometry_v1.0_Score35]: NSE:NIFTYBANK-INDEX BUY PUT @ 57674.30 | SL: 57717.32 TP: 57635.16
2026-09-03 09:55:22,441 - INFO - 🧭 [VerticalSpread_v1.0] Regime router: NSE:NIFTYBANK-INDEX combo blocked from REAL capital (regime=GAP_UP_HIGH_VOL) — routed to CF
2026-09-03 09:55:22,452 - INFO - Resolved active expiry from DB: 26SEP (2026-09-29)
2026-09-03 09:55:22,479 - INFO - Resolved BULL_CALL_SPREAD for NSE:NIFTYBANK-INDEX: [('CE', 'BUY', 57700.0), ('CE', 'SELL', 57900.0)] net_premium=116.95 max_loss=116.95
2026-09-03 09:55:22,502 - INFO - 🟢 CF COMBO ENTRY [VerticalSpread_v1.0|_VerticalSpread_v1.0]: NSE:NIFTYBANK-INDEX BULL_CALL_SPREAD | Net premium: 116.95 | Max loss: 116.95
2026-09-03 09:55:22,502 - INFO - 👻 [Butterfly_v1.0] CF COMBO BUTTERFLY_SPREAD NSE:NIFTYBANK-INDEX BUTTERFLY_SPREAD | Rejected: ['HIGH_RVOL', 'HIGH_EFFICIENCY', 'COOLDOWN_AFTER_LOSS']
2026-09-03 09:55:22,515 - INFO - Resolved active expiry from DB: 26SEP (2026-09-29)
2026-09-03 09:55:22,571 - INFO - Resolved BUTTERFLY_SPREAD for NSE:NIFTYBANK-INDEX: [('CE', 'BUY', 57500.0), ('CE', 'SELL', 57700.0), ('CE', 'SELL', 57700.0), ('CE', 'BUY', 57900.0)] net_premium=11.00 max_loss=11.00
2026-09-03 09:55:22,597 - INFO - 🟢 CF COMBO ENTRY [Butterfly_v1.0|95505_Butterfly_v1.0]: NSE:NIFTYBANK-INDEX BUTTERFLY_SPREAD | Net premium: 11.00 | Max loss: 11.00
2026-09-03 09:55:22,597 - INFO - 🚀 SIGNAL: NSE:NIFTYBANK-INDEX BUY PUT | [RelativeValue_NIFTY_BANKNIFTY_v1.0]
2026-09-03 09:55:22,597 - INFO -    Entry: 57674.3 | SL: 57717.315 | TP: 57538.03055956708 (RR: 3.17)
2026-09-03 09:55:22,597 - INFO - 📊 EXECUTION AUDIT [SIGNAL_GENERATED]: trade_id=trade_NSE_NIFTYBANK_INDEX_RelativeValue_NIFTY_BANKNIFTY_v1.0_1788409505, candidate_id=cand_NSE_NIFTYBANK_INDEX_RELVAL_57674.30_20260903_095505_RelativeValue_NIFTY_BANKNIFTY_v1.0, payload={'symbol': 'NSE:NIFTYBANK-INDEX', 'signal': 'BUY PUT', 'strategy': 'RATIO_DIVERGENCE', 'price': 57674.3, 'stop_loss': 57717.315, 'take_profit': 57538.03055956708, 'tp1': 57609.777500000004, 'rr_ratio': 3.17, 'timestamp': '2026-09-03T09:55:05.093549+05:30', 'accepted': True, 'rejection_reasons': [], 'features': {'atr': 86.03, 'ema20': 57402.84, 'ema50': 57246.91, 'move_efficiency': 0.7884, 'move_efficiency_h1': 0.5175, 'wickiness': 0.4891, 'ema_bullish': True, 'rsi14': 88.78, 'rsi2': 0.0, 'distance_to_vwap': 0.0009, 'atr_percentile': 0.8591, 'dist_prev_high': 0.0079, 'dist_prev_low': 0.015, 'adx': 42.32, 'adx_slope': 8.8011, 'gap_pct': 0.0057, 'regime_primary': 'GAP_UP', 'regime_vol_state': 'HIGH_VOL', 'market_regime': 'GAP_UP_HIGH_VOL'}, 'candidate_id': 'cand_NSE_NIFTYBANK_INDEX_RELVAL_57674.30_20260903_095505_RelativeValue_NIFTY_BANKNIFTY_v1.0', 'confidence': 0.53, 'diagnostics': {'ratio_now': 0.4162, 'ratio_rolling_mean': 0.4179, 'ratio_rolling_std': 0.0007, 'z_score': -2.35, 'atr': 86.03, 'rr_ratio': 3.17, 'other_symbol': 'NSE:NIFTY50-INDEX'}, 'experiment_name': 'RelativeValue_NIFTY_BANKNIFTY_v1.0', 'strategy_id': 'relative_value_nifty_banknifty', 'version': 'v1.0'}
2026-09-03 09:55:22,624 - INFO - Resolved active expiry from DB: 26SEP (2026-09-29)
2026-09-03 09:55:22,638 - INFO - Resolved index signal into option contract: OptionContract(symbol='NSE:BANKNIFTY26SEP57700PE', strike=57700.0, expiry='26SEP', option_type='PE', premium=566.1, delta=0.5, bid=565.15, ask=566.1, volume=388860, resolved_at=datetime.datetime(2026, 9, 3, 9, 55, 22, 638612))
2026-09-03 09:55:22,638 - INFO - ⚡ Option strike selection resolved index signal to contract NSE:BANKNIFTY26SEP57700PE @ premium 566.1 (type: PE, strike: 57700.0)
2026-09-03 09:55:22,638 - INFO - 📊 EXECUTION AUDIT [STRIKE_SELECTED]: trade_id=trade_NSE_NIFTYBANK_INDEX_RelativeValue_NIFTY_BANKNIFTY_v1.0_1788409505, candidate_id=cand_NSE_NIFTYBANK_INDEX_RELVAL_57674.30_20260903_095505_RelativeValue_NIFTY_BANKNIFTY_v1.0, payload={'symbol': 'NSE:BANKNIFTY26SEP57700PE', 'strike': 57700.0, 'expiry': '26SEP', 'type': 'PE'}
2026-09-03 09:55:22,651 - INFO - 📊 EXECUTION AUDIT [PREMIUM_RETRIEVED]: trade_id=trade_NSE_NIFTYBANK_INDEX_RelativeValue_NIFTY_BANKNIFTY_v1.0_1788409505, candidate_id=cand_NSE_NIFTYBANK_INDEX_RELVAL_57674.30_20260903_095505_RelativeValue_NIFTY_BANKNIFTY_v1.0, payload={'premium': 566.1, 'bid': 565.15, 'ask': 566.1}
2026-09-03 09:55:22,665 - INFO - 📊 EXECUTION AUDIT [ORDER_SUBMITTED]: trade_id=trade_NSE_NIFTYBANK_INDEX_RelativeValue_NIFTY_BANKNIFTY_v1.0_1788409505, candidate_id=cand_NSE_NIFTYBANK_INDEX_RELVAL_57674.30_20260903_095505_RelativeValue_NIFTY_BANKNIFTY_v1.0, payload={'price': 57674.3, 'sl': 57717.315, 'tp': 57538.03055956708}
2026-09-03 09:55:22,676 - INFO - 📊 EXECUTION AUDIT [ORDER_FILLED]: trade_id=trade_NSE_NIFTYBANK_INDEX_RelativeValue_NIFTY_BANKNIFTY_v1.0_1788409505, candidate_id=cand_NSE_NIFTYBANK_INDEX_RELVAL_57674.30_20260903_095505_RelativeValue_NIFTY_BANKNIFTY_v1.0, payload={'price': 57674.3, 'sl': 57717.315, 'tp': 57538.03055956708}
2026-09-03 09:55:22,689 - INFO - 💰 Position size [RATIO_DIVERGENCE|GAP_UP_HIGH_VOL|conf=1]: frac=0.002 → ₹5,000 (risk/unit=0.07%)
2026-09-03 09:55:22,716 - INFO - 🟢 ENTRY [RelativeValue_NIFTY_BANKNIFTY_v1.0|_v1.0_1788409505]: NSE:NIFTYBANK-INDEX BUY PUT @ 57674.30 | SL: 57717.32 TP: 57538.03
2026-09-03 09:55:35,717 - INFO - ⏱️ [Real-time Exit Loop] Checking open positions @ 09:55:35...
2026-09-03 09:55:35,926 - INFO - 📊 Saved 22 snapshots for NSE:NIFTY50-INDEX  (oi range: 352,430–14,489,020)
2026-09-03 09:55:37,844 - INFO - Retrieved live premium from Fyers API: LTP=19.9 for NSE:NIFTY2690823700PE
2026-09-03 09:55:38,049 - INFO - 📡 Fetching NSE:NIFTYBANK-INDEX @ 57682  expiry=26SEP  strikes=ATM±5
2026-09-03 09:55:38,852 - INFO - Retrieved live premium from Fyers API: LTP=335.9 for NSE:BANKNIFTY26SEP57000PE
2026-09-03 09:55:39,864 - INFO - Retrieved live premium from Fyers API: LTP=335.9 for NSE:BANKNIFTY26SEP57000PE
2026-09-03 09:55:40,872 - INFO - Retrieved live premium from Fyers API: LTP=362.45 for NSE:BANKNIFTY26SEP57100PE
2026-09-03 09:55:41,863 - INFO - Retrieved live premium from Fyers API: LTP=312.0 for NSE:BANKNIFTY26SEP56900PE
2026-09-03 09:55:42,884 - INFO - Retrieved live premium from Fyers API: LTP=287.85 for NSE:BANKNIFTY26SEP56800PE
2026-09-03 09:55:43,885 - INFO - Retrieved live premium from Fyers API: LTP=362.45 for NSE:BANKNIFTY26SEP57100PE
2026-09-03 09:55:44,898 - INFO - Retrieved live premium from Fyers API: LTP=312.0 for NSE:BANKNIFTY26SEP56900PE
2026-09-03 09:55:45,761 - INFO - 🔴 CF COMBO EXIT (STOP_R) [Butterfly_v1.0|95505_Butterfly_v1.0]: NSE:NIFTYBANK-INDEX BUTTERFLY_SPREAD | PnL -0.89R | 1min
2026-09-03 09:56:05,772 - INFO - ⏱️ [Real-time Exit Loop] Checking open positions @ 09:56:05...
2026-09-03 09:56:07,908 - INFO - Retrieved live premium from Fyers API: LTP=19.65 for NSE:NIFTY2690823700PE
2026-09-03 09:56:07,988 - INFO - 📊 Saved 22 snapshots for NSE:NIFTYBANK-INDEX  (oi range: 89,370–1,983,510)
2026-09-03 09:56:08,889 - INFO - Retrieved live premium from Fyers API: LTP=335.1 for NSE:BANKNIFTY26SEP57000PE
2026-09-03 09:56:09,095 - INFO - 📡 Fetching NSE:NIFTY50-INDEX @ 24009  expiry=26908  strikes=ATM±5
2026-09-03 09:56:09,927 - INFO - Retrieved live premium from Fyers API: LTP=335.1 for NSE:BANKNIFTY26SEP57000PE
2026-09-03 09:56:10,928 - INFO - Retrieved live premium from Fyers API: LTP=363.1 for NSE:BANKNIFTY26SEP57100PE
2026-09-03 09:56:11,918 - INFO - Retrieved live premium from Fyers API: LTP=311.75 for NSE:BANKNIFTY26SEP56900PE
2026-09-03 09:56:12,936 - INFO - Retrieved live premium from Fyers API: LTP=285.9 for NSE:BANKNIFTY26SEP56800PE
2026-09-03 09:56:13,969 - INFO - Retrieved live premium from Fyers API: LTP=363.1 for NSE:BANKNIFTY26SEP57100PE
2026-09-03 09:56:14,934 - INFO - Retrieved live premium from Fyers API: LTP=311.75 for NSE:BANKNIFTY26SEP56900PE
2026-09-03 09:56:35,646 - INFO - ⏱️ [Real-time Exit Loop] Checking open positions @ 09:56:35...
2026-09-03 09:56:36,801 - INFO - 📊 EXECUTION AUDIT [ORDER_EXITED]: trade_id=trade_NSE_NIFTY50_INDEX_OIWallReaction_v1.0_1788408580, candidate_id=cand_NSE_NIFTY50_INDEX_OI_WALL_FADE_23994.15_20260903_093940_OIWallReaction_v1.0, payload={'exit_price': 24001.65, 'exit_reason': 'TRAILING_SL', 'pnl_r': -0.0297723292469352, 'duration_minutes': 16.923795616666666, 'bars_held': 2}
2026-09-03 09:56:36,845 - INFO - 🔴 EXIT (TRAILING_SL) [OIWallReaction_v1.0|_OIWallReaction_v1.0]: NSE:NIFTY50-INDEX @ 24001.65 | PnL -0.03R | MFE 1.74R | Capture -2% | 2bars HoldEff -0.015R/bar
2026-09-03 09:56:36,845 - INFO - 📊 EXECUTION AUDIT [SL_MODIFIED]: trade_id=trade_NSE_NIFTYBANK_INDEX_RelativeValue_NIFTY_BANKNIFTY_v1.0_1788409505, candidate_id=cand_NSE_NIFTYBANK_INDEX_RELVAL_57674.30_20260903_095505_RelativeValue_NIFTY_BANKNIFTY_v1.0, payload={'price': 57656.1, 'old_sl': 57717.315, 'new_sl': 57699.115, 'old_tp': None, 'new_tp': 57538.03055956708, 'reason': 'TRAILING_SL'}
2026-09-03 09:56:36,877 - INFO - 🟡 UPDATE (TRAILING_SL) [RelativeValue_NIFTY_BANKNIFTY_v1.0|NIFTY_BANKNIFTY_v1.0]: NSE:NIFTYBANK-INDEX @ 57656.10 | SL→57699.11 TP→57538.03
2026-09-03 09:56:36,898 - INFO - 📊 EXECUTION AUDIT [CF_EXITED]: trade_id=None, candidate_id=cand_NSE_NIFTY50_INDEX_CONFLUENCE_BOUNCE_23994.15_202609030939_Geometry_v1.0_Score35, payload={'exit_price': 24001.65, 'exit_reason': 'TRAILING_SL', 'pnl_r': -0.02704601334738317, 'duration_minutes': 16.923795616666666, 'bars_held': 2}
2026-09-03 09:56:36,937 - INFO - 🔴 EXIT (TRAILING_SL) [CFGeometry_v1.0_Score35|eometry_v1.0_Score35]: NSE:NIFTY50-INDEX @ 24001.65 | PnL -0.03R | MFE 1.74R | Capture -2% | 2bars HoldEff -0.013R/bar
2026-09-03 09:56:36,938 - INFO - 📊 EXECUTION AUDIT [CF_SL_MODIFIED]: trade_id=None, candidate_id=cand_NSE_NIFTY50_INDEX_TRENDLINE_RETEST_24005.50_202609030955_Geometry_v1.0_Score35, payload={'price': 24001.65, 'old_sl': 24021.8, 'new_sl': 24017.95, 'old_tp': None, 'new_tp': 23998.9, 'reason': 'TRAILING_SL'}
2026-09-03 09:56:36,976 - INFO - 🟡 UPDATE (TRAILING_SL) [CFGeometry_v1.0_Score35|eometry_v1.0_Score35]: NSE:NIFTY50-INDEX @ 24001.65 | SL→24017.95 TP→23998.90
2026-09-03 09:56:36,976 - INFO - 📊 EXECUTION AUDIT [CF_SL_MODIFIED]: trade_id=None, candidate_id=cand_NSE_NIFTY50_INDEX_TRENDLINE_RETEST_24005.50_202609030955_Geometry_v1.0_Score50, payload={'price': 24001.65, 'old_sl': 24021.8, 'new_sl': 24017.95, 'old_tp': None, 'new_tp': 23998.9, 'reason': 'TRAILING_SL'}
2026-09-03 09:56:37,015 - INFO - 🟡 UPDATE (TRAILING_SL) [CFGeometry_v1.0_Score50|eometry_v1.0_Score50]: NSE:NIFTY50-INDEX @ 24001.65 | SL→24017.95 TP→23998.90
2026-09-03 09:56:37,015 - INFO - 📊 EXECUTION AUDIT [CF_SL_MODIFIED]: trade_id=None, candidate_id=cand_NSE_NIFTYBANK_INDEX_BREAKOUT_57023.95_20260903_095000_Structural_v3.2_RVOL1.0, payload={'price': 57656.1, 'old_sl': 57717.31607142858, 'new_sl': 57699.11607142857, 'old_tp': None, 'new_tp': 57244.13928571429, 'reason': 'TRAILING_SL'}
2026-09-03 09:56:37,055 - INFO - 🟡 UPDATE (TRAILING_SL) [CFStructural_v3.2_RVOL1.0|uctural_v3.2_RVOL1.0]: NSE:NIFTYBANK-INDEX @ 57656.10 | SL→57699.12 TP→57244.14
2026-09-03 09:56:37,056 - INFO - 📊 EXECUTION AUDIT [CF_SL_MODIFIED]: trade_id=None, candidate_id=cand_NSE_NIFTYBANK_INDEX_BREAKOUT_57023.95_20260903_095000_Structural_v3.2_RVOL0.8, payload={'price': 57656.1, 'old_sl': 57717.31607142858, 'new_sl': 57699.11607142857, 'old_tp': None, 'new_tp': 57244.13928571429, 'reason': 'TRAILING_SL'}
2026-09-03 09:56:37,095 - INFO - 🟡 UPDATE (TRAILING_SL) [CFStructural_v3.2_RVOL0.8|uctural_v3.2_RVOL0.8]: NSE:NIFTYBANK-INDEX @ 57656.10 | SL→57699.12 TP→57244.14
2026-09-03 09:56:37,095 - INFO - 📊 EXECUTION AUDIT [CF_SL_MODIFIED]: trade_id=None, candidate_id=cand_NSE_NIFTYBANK_INDEX_CONFLUENCE_BOUNCE_57674.30_202609030955_Geometry_v1.0_Score35, payload={'price': 57656.1, 'old_sl': 57717.32, 'new_sl': 57699.119999999995, 'old_tp': None, 'new_tp': 57635.16, 'reason': 'TRAILING_SL'}
2026-09-03 09:56:37,134 - INFO - 🟡 UPDATE (TRAILING_SL) [CFGeometry_v1.0_Score35|eometry_v1.0_Score35]: NSE:NIFTYBANK-INDEX @ 57656.10 | SL→57699.12 TP→57635.16
2026-09-03 09:56:37,771 - INFO - Retrieved live premium from Fyers API: LTP=20.1 for NSE:NIFTY2690823700PE
2026-09-03 09:56:38,781 - INFO - Retrieved live premium from Fyers API: LTP=337.95 for NSE:BANKNIFTY26SEP57000PE
2026-09-03 09:56:38,892 - INFO - 📊 Saved 22 snapshots for NSE:NIFTY50-INDEX  (oi range: 352,235–14,478,815)
2026-09-03 09:56:39,772 - INFO - Retrieved live premium from Fyers API: LTP=337.95 for NSE:BANKNIFTY26SEP57000PE
2026-09-03 09:56:40,811 - INFO - Retrieved live premium from Fyers API: LTP=363.45 for NSE:BANKNIFTY26SEP57100PE
2026-09-03 09:56:40,999 - INFO - 📡 Fetching NSE:NIFTYBANK-INDEX @ 57654  expiry=26SEP  strikes=ATM±5
2026-09-03 09:56:41,795 - INFO - Retrieved live premium from Fyers API: LTP=312.25 for NSE:BANKNIFTY26SEP56900PE
2026-09-03 09:56:42,797 - INFO - Retrieved live premium from Fyers API: LTP=288.75 for NSE:BANKNIFTY26SEP56800PE
2026-09-03 09:56:43,827 - INFO - Retrieved live premium from Fyers API: LTP=365.4 for NSE:BANKNIFTY26SEP57100PE
2026-09-03 09:56:44,811 - INFO - Retrieved live premium from Fyers API: LTP=312.25 for NSE:BANKNIFTY26SEP56900PE
2026-09-03 09:57:05,600 - INFO - ⏱️ [Real-time Exit Loop] Checking open positions @ 09:57:05...
2026-09-03 09:57:06,765 - INFO - 📊 EXECUTION AUDIT [SL_MODIFIED]: trade_id=trade_NSE_NIFTYBANK_INDEX_RelativeValue_NIFTY_BANKNIFTY_v1.0_1788409505, candidate_id=cand_NSE_NIFTYBANK_INDEX_RELVAL_57674.30_20260903_095505_RelativeValue_NIFTY_BANKNIFTY_v1.0, payload={'price': 57653.05, 'old_sl': 57699.115, 'new_sl': 57696.065, 'old_tp': None, 'new_tp': 57538.03055956708, 'reason': 'TRAILING_SL'}
2026-09-03 09:57:06,807 - INFO - 🟡 UPDATE (TRAILING_SL) [RelativeValue_NIFTY_BANKNIFTY_v1.0|NIFTY_BANKNIFTY_v1.0]: NSE:NIFTYBANK-INDEX @ 57653.05 | SL→57696.07 TP→57538.03
2026-09-03 09:57:06,828 - INFO - 📊 EXECUTION AUDIT [CF_SL_MODIFIED]: trade_id=None, candidate_id=cand_NSE_NIFTYBANK_INDEX_BREAKOUT_57023.95_20260903_095000_Structural_v3.2_RVOL1.0, payload={'price': 57653.05, 'old_sl': 57699.11607142857, 'new_sl': 57696.06607142858, 'old_tp': None, 'new_tp': 57244.13928571429, 'reason': 'TRAILING_SL'}
2026-09-03 09:57:06,866 - INFO - 🟡 UPDATE (TRAILING_SL) [CFStructural_v3.2_RVOL1.0|uctural_v3.2_RVOL1.0]: NSE:NIFTYBANK-INDEX @ 57653.05 | SL→57696.07 TP→57244.14
2026-09-03 09:57:06,866 - INFO - 📊 EXECUTION AUDIT [CF_SL_MODIFIED]: trade_id=None, candidate_id=cand_NSE_NIFTYBANK_INDEX_BREAKOUT_57023.95_20260903_095000_Structural_v3.2_RVOL0.8, payload={'price': 57653.05, 'old_sl': 57699.11607142857, 'new_sl': 57696.06607142858, 'old_tp': None, 'new_tp': 57244.13928571429, 'reason': 'TRAILING_SL'}
2026-09-03 09:57:06,905 - INFO - 🟡 UPDATE (TRAILING_SL) [CFStructural_v3.2_RVOL0.8|uctural_v3.2_RVOL0.8]: NSE:NIFTYBANK-INDEX @ 57653.05 | SL→57696.07 TP→57244.14
2026-09-03 09:57:06,905 - INFO - 📊 EXECUTION AUDIT [CF_SL_MODIFIED]: trade_id=None, candidate_id=cand_NSE_NIFTYBANK_INDEX_CONFLUENCE_BOUNCE_57674.30_202609030955_Geometry_v1.0_Score35, payload={'price': 57653.05, 'old_sl': 57699.119999999995, 'new_sl': 57696.07, 'old_tp': None, 'new_tp': 57635.16, 'reason': 'TRAILING_SL'}
2026-09-03 09:57:06,941 - INFO - 🟡 UPDATE (TRAILING_SL) [CFGeometry_v1.0_Score35|eometry_v1.0_Score35]: NSE:NIFTYBANK-INDEX @ 57653.05 | SL→57696.07 TP→57635.16
2026-09-03 09:57:07,722 - INFO - Retrieved live premium from Fyers API: LTP=20.15 for NSE:NIFTY2690823700PE
2026-09-03 09:57:08,756 - INFO - Retrieved live premium from Fyers API: LTP=339.95 for NSE:BANKNIFTY26SEP57000PE
2026-09-03 09:57:09,730 - INFO - Retrieved live premium from Fyers API: LTP=339.0 for NSE:BANKNIFTY26SEP57000PE
2026-09-03 09:57:10,767 - INFO - Retrieved live premium from Fyers API: LTP=366.3 for NSE:BANKNIFTY26SEP57100PE
2026-09-03 09:57:10,806 - INFO - 📊 Saved 22 snapshots for NSE:NIFTYBANK-INDEX  (oi range: 89,850–1,979,400)
2026-09-03 09:57:11,755 - INFO - Retrieved live premium from Fyers API: LTP=313.05 for NSE:BANKNIFTY26SEP56900PE
2026-09-03 09:57:11,898 - INFO - 📡 Fetching NSE:NIFTY50-INDEX @ 24003  expiry=26908  strikes=ATM±5
2026-09-03 09:57:12,763 - INFO - Retrieved live premium from Fyers API: LTP=288.75 for NSE:BANKNIFTY26SEP56800PE
2026-09-03 09:57:13,791 - INFO - Retrieved live premium from Fyers API: LTP=365.0 for NSE:BANKNIFTY26SEP57100PE
2026-09-03 09:57:14,786 - INFO - Retrieved live premium from Fyers API: LTP=312.0 for NSE:BANKNIFTY26SEP56900PE
2026-09-03 09:57:35,541 - INFO - ⏱️ [Real-time Exit Loop] Checking open positions @ 09:57:35...
2026-09-03 09:57:37,671 - INFO - Retrieved live premium from Fyers API: LTP=19.8 for NSE:NIFTY2690823700PE
2026-09-03 09:57:38,688 - INFO - Retrieved live premium from Fyers API: LTP=333.1 for NSE:BANKNIFTY26SEP57000PE
2026-09-03 09:57:39,684 - INFO - Retrieved live premium from Fyers API: LTP=333.1 for NSE:BANKNIFTY26SEP57000PE
2026-09-03 09:57:40,692 - INFO - Retrieved live premium from Fyers API: LTP=359.2 for NSE:BANKNIFTY26SEP57100PE
2026-09-03 09:57:41,694 - INFO - Retrieved live premium from Fyers API: LTP=308.5 for NSE:BANKNIFTY26SEP56900PE
2026-09-03 09:57:41,713 - INFO - 📊 Saved 22 snapshots for NSE:NIFTY50-INDEX  (oi range: 351,455–14,391,715)
2026-09-03 09:57:42,698 - INFO - Retrieved live premium from Fyers API: LTP=285.0 for NSE:BANKNIFTY26SEP56800PE
2026-09-03 09:57:43,717 - INFO - Retrieved live premium from Fyers API: LTP=359.2 for NSE:BANKNIFTY26SEP57100PE
2026-09-03 09:57:43,816 - INFO - 📡 Fetching NSE:NIFTYBANK-INDEX @ 57672  expiry=26SEP  strikes=ATM±5
2026-09-03 09:57:44,706 - INFO - Retrieved live premium from Fyers API: LTP=308.5 for NSE:BANKNIFTY26SEP56900PE
2026-09-03 09:58:05,478 - INFO - ⏱️ [Real-time Exit Loop] Checking open positions @ 09:58:05...
2026-09-03 09:58:07,588 - INFO - Retrieved live premium from Fyers API: LTP=19.95 for NSE:NIFTY2690823700PE
2026-09-03 09:58:08,575 - INFO - Retrieved live premium from Fyers API: LTP=334.0 for NSE:BANKNIFTY26SEP57000PE
2026-09-03 09:58:09,638 - INFO - Retrieved live premium from Fyers API: LTP=334.0 for NSE:BANKNIFTY26SEP57000PE
2026-09-03 09:58:10,631 - INFO - Retrieved live premium from Fyers API: LTP=359.2 for NSE:BANKNIFTY26SEP57100PE
2026-09-03 09:58:11,618 - INFO - Retrieved live premium from Fyers API: LTP=308.45 for NSE:BANKNIFTY26SEP56900PE
2026-09-03 09:58:12,650 - INFO - Retrieved live premium from Fyers API: LTP=285.0 for NSE:BANKNIFTY26SEP56800PE
2026-09-03 09:58:13,648 - INFO - 📊 Saved 22 snapshots for NSE:NIFTYBANK-INDEX  (oi range: 90,000–1,981,710)
2026-09-03 09:58:13,653 - INFO - Retrieved live premium from Fyers API: LTP=359.2 for NSE:BANKNIFTY26SEP57100PE
2026-09-03 09:58:14,667 - INFO - Retrieved live premium from Fyers API: LTP=308.45 for NSE:BANKNIFTY26SEP56900PE
2026-09-03 09:58:14,760 - INFO - 📡 Fetching NSE:NIFTY50-INDEX @ 24005  expiry=26908  strikes=ATM±5
2026-09-03 09:58:35,425 - INFO - ⏱️ [Real-time Exit Loop] Checking open positions @ 09:58:35...
2026-09-03 09:58:37,512 - INFO - Retrieved live premium from Fyers API: LTP=19.75 for NSE:NIFTY2690823700PE
2026-09-03 09:58:38,518 - INFO - Retrieved live premium from Fyers API: LTP=332.3 for NSE:BANKNIFTY26SEP57000PE
2026-09-03 09:58:39,529 - INFO - Retrieved live premium from Fyers API: LTP=332.6 for NSE:BANKNIFTY26SEP57000PE
2026-09-03 09:58:40,527 - INFO - Retrieved live premium from Fyers API: LTP=359.2 for NSE:BANKNIFTY26SEP57100PE
2026-09-03 09:58:41,535 - INFO - Retrieved live premium from Fyers API: LTP=308.0 for NSE:BANKNIFTY26SEP56900PE
2026-09-03 09:58:42,544 - INFO - Retrieved live premium from Fyers API: LTP=284.45 for NSE:BANKNIFTY26SEP56800PE
2026-09-03 09:58:43,557 - INFO - Retrieved live premium from Fyers API: LTP=359.2 for NSE:BANKNIFTY26SEP57100PE
2026-09-03 09:58:44,231 - INFO - 📊 Saved 22 snapshots for NSE:NIFTY50-INDEX  (oi range: 353,470–14,398,930)
2026-09-03 09:58:44,556 - INFO - Retrieved live premium from Fyers API: LTP=308.0 for NSE:BANKNIFTY26SEP56900PE
2026-09-03 09:58:46,330 - INFO - 📡 Fetching NSE:NIFTYBANK-INDEX @ 57680  expiry=26SEP  strikes=ATM±5
2026-09-03 09:59:05,312 - INFO - ⏱️ [Real-time Exit Loop] Checking open positions @ 09:59:05...
2026-09-03 09:59:07,437 - INFO - Retrieved live premium from Fyers API: LTP=19.6 for NSE:NIFTY2690823700PE
2026-09-03 09:59:08,437 - INFO - Retrieved live premium from Fyers API: LTP=334.0 for NSE:BANKNIFTY26SEP57000PE
2026-09-03 09:59:09,441 - INFO - Retrieved live premium from Fyers API: LTP=334.0 for NSE:BANKNIFTY26SEP57000PE
2026-09-03 09:59:10,450 - INFO - Retrieved live premium from Fyers API: LTP=360.5 for NSE:BANKNIFTY26SEP57100PE
2026-09-03 09:59:11,435 - INFO - Retrieved live premium from Fyers API: LTP=309.35 for NSE:BANKNIFTY26SEP56900PE
2026-09-03 09:59:12,448 - INFO - Retrieved live premium from Fyers API: LTP=285.25 for NSE:BANKNIFTY26SEP56800PE
2026-09-03 09:59:13,452 - INFO - Retrieved live premium from Fyers API: LTP=360.5 for NSE:BANKNIFTY26SEP57100PE
2026-09-03 09:59:14,468 - INFO - Retrieved live premium from Fyers API: LTP=309.35 for NSE:BANKNIFTY26SEP56900PE
2026-09-03 09:59:16,012 - INFO - 📊 Saved 22 snapshots for NSE:NIFTYBANK-INDEX  (oi range: 90,000–1,981,950)
2026-09-03 09:59:17,119 - INFO - 📡 Fetching NSE:NIFTY50-INDEX @ 24008  expiry=26908  strikes=ATM±5
2026-09-03 09:59:35,191 - INFO - ⏱️ [Real-time Exit Loop] Checking open positions @ 09:59:35...
2026-09-03 09:59:37,316 - INFO - Retrieved live premium from Fyers API: LTP=19.95 for NSE:NIFTY2690823700PE
2026-09-03 09:59:38,323 - INFO - Retrieved live premium from Fyers API: LTP=335.8 for NSE:BANKNIFTY26SEP57000PE
2026-09-03 09:59:39,313 - INFO - Retrieved live premium from Fyers API: LTP=335.8 for NSE:BANKNIFTY26SEP57000PE
2026-09-03 09:59:40,331 - INFO - Retrieved live premium from Fyers API: LTP=362.5 for NSE:BANKNIFTY26SEP57100PE
2026-09-03 09:59:41,324 - INFO - Retrieved live premium from Fyers API: LTP=309.35 for NSE:BANKNIFTY26SEP56900PE
2026-09-03 09:59:42,342 - INFO - Retrieved live premium from Fyers API: LTP=287.4 for NSE:BANKNIFTY26SEP56800PE
2026-09-03 09:59:43,343 - INFO - Retrieved live premium from Fyers API: LTP=362.5 for NSE:BANKNIFTY26SEP57100PE
2026-09-03 09:59:44,337 - INFO - Retrieved live premium from Fyers API: LTP=309.35 for NSE:BANKNIFTY26SEP56900PE
2026-09-03 09:59:46,722 - INFO - 📊 Saved 22 snapshots for NSE:NIFTY50-INDEX  (oi range: 353,730–14,397,240)
2026-09-03 09:59:48,827 - INFO - 📡 Fetching NSE:NIFTYBANK-INDEX @ 57677  expiry=26SEP  strikes=ATM±5
2026-09-03 10:00:05,108 - INFO - 🔔 [New Candle Closed] Running entry pipeline for candle 10:00 at 10:00:05...
2026-09-03 10:00:05,109 - INFO - --- 10:00:05 Market Pulse ---
2026-09-03 10:00:10,321 - INFO - 📊 EXECUTION AUDIT [CF_EXITED]: trade_id=None, candidate_id=cand_NSE_NIFTYBANK_INDEX_LIQUIDITY_SWEEP_57652.65_20260903_093940_OrderFlow_v1.0, payload={'exit_price': 57648.655000000006, 'exit_reason': 'TRAILING_SL', 'pnl_r': -0.004808834006174386, 'duration_minutes': 20.4148391, 'bars_held': 3}
2026-09-03 10:00:10,366 - INFO - 🔴 EXIT (TRAILING_SL) [CFOrderFlow_v1.0|93940_OrderFlow_v1.0]: NSE:NIFTYBANK-INDEX @ 57648.66 | PnL -0.00R | MFE 0.94R | Capture -1% | 3bars HoldEff -0.002R/bar
2026-09-03 10:00:11,224 - INFO - Retrieved live premium from Fyers API: LTP=20.0 for NSE:NIFTY2690823700PE
2026-09-03 10:00:12,253 - INFO - Retrieved live premium from Fyers API: LTP=333.0 for NSE:BANKNIFTY26SEP57000PE
2026-09-03 10:00:13,244 - INFO - Retrieved live premium from Fyers API: LTP=333.0 for NSE:BANKNIFTY26SEP57000PE
2026-09-03 10:00:14,256 - INFO - Retrieved live premium from Fyers API: LTP=359.2 for NSE:BANKNIFTY26SEP57100PE
2026-09-03 10:00:15,254 - INFO - Retrieved live premium from Fyers API: LTP=308.0 for NSE:BANKNIFTY26SEP56900PE
2026-09-03 10:00:16,246 - INFO - Retrieved live premium from Fyers API: LTP=282.5 for NSE:BANKNIFTY26SEP56800PE
2026-09-03 10:00:17,262 - INFO - Retrieved live premium from Fyers API: LTP=359.2 for NSE:BANKNIFTY26SEP57100PE
2026-09-03 10:00:18,147 - INFO - 📊 Saved 22 snapshots for NSE:NIFTYBANK-INDEX  (oi range: 89,850–1,984,020)
2026-09-03 10:00:18,267 - INFO - Retrieved live premium from Fyers API: LTP=308.0 for NSE:BANKNIFTY26SEP56900PE
2026-09-03 10:00:19,234 - INFO - 📡 Fetching NSE:NIFTY50-INDEX @ 24001  expiry=26908  strikes=ATM±5
2026-09-03 10:00:20,651 - INFO - Resolved active expiry from DB: 26908 (2026-09-08)
2026-09-03 10:00:22,065 - INFO - Resolved active expiry from DB: 26SEP (2026-09-29)
2026-09-03 10:00:22,067 - INFO - 🧭 [VerticalSpread_v1.0] Regime router: NSE:NIFTYBANK-INDEX combo blocked from REAL capital (regime=GAP_UP_HIGH_VOL) — routed to CF
2026-09-03 10:00:22,077 - INFO - Resolved active expiry from DB: 26SEP (2026-09-29)
2026-09-03 10:00:22,108 - INFO - Resolved BULL_CALL_SPREAD for NSE:NIFTYBANK-INDEX: [('CE', 'BUY', 57700.0), ('CE', 'SELL', 57900.0)] net_premium=115.55 max_loss=115.55
2026-09-03 10:00:22,133 - INFO - 🟢 CF COMBO ENTRY [VerticalSpread_v1.0|_VerticalSpread_v1.0]: NSE:NIFTYBANK-INDEX BULL_CALL_SPREAD | Net premium: 115.55 | Max loss: 115.55
2026-09-03 10:00:22,133 - INFO - 👻 [Butterfly_v1.0] CF COMBO BUTTERFLY_SPREAD NSE:NIFTYBANK-INDEX BUTTERFLY_SPREAD | Rejected: ['HIGH_RVOL', 'HIGH_EFFICIENCY', 'COOLDOWN_AFTER_LOSS']
2026-09-03 10:00:22,146 - INFO - Resolved active expiry from DB: 26SEP (2026-09-29)
2026-09-03 10:00:22,207 - INFO - Resolved BUTTERFLY_SPREAD for NSE:NIFTYBANK-INDEX: [('CE', 'BUY', 57500.0), ('CE', 'SELL', 57700.0), ('CE', 'SELL', 57700.0), ('CE', 'BUY', 57900.0)] net_premium=14.15 max_loss=14.15
2026-09-03 10:00:22,232 - INFO - 🟢 CF COMBO ENTRY [Butterfly_v1.0|00005_Butterfly_v1.0]: NSE:NIFTYBANK-INDEX BUTTERFLY_SPREAD | Net premium: 14.15 | Max loss: 14.15
2026-09-03 10:00:35,240 - INFO - ⏱️ [Real-time Exit Loop] Checking open positions @ 10:00:35...
2026-09-03 10:00:36,364 - INFO - 📊 EXECUTION AUDIT [ORDER_EXITED]: trade_id=trade_NSE_NIFTYBANK_INDEX_RelativeValue_NIFTY_BANKNIFTY_v1.0_1788409505, candidate_id=cand_NSE_NIFTYBANK_INDEX_RELVAL_57674.30_20260903_095505_RelativeValue_NIFTY_BANKNIFTY_v1.0, payload={'exit_price': 57698.55, 'exit_reason': 'TRAILING_SL', 'pnl_r': -0.019607843137254943, 'duration_minutes': 5.502451616666666, 'bars_held': 1}
2026-09-03 10:00:36,400 - INFO - 🔴 EXIT (TRAILING_SL) [RelativeValue_NIFTY_BANKNIFTY_v1.0|NIFTY_BANKNIFTY_v1.0]: NSE:NIFTYBANK-INDEX @ 57698.55 | PnL -0.02R | MFE 0.49R | Capture -4% | 1bars HoldEff -0.020R/bar
2026-09-03 10:00:36,400 - INFO - 📊 EXECUTION AUDIT [CF_TP_EXPANDED]: trade_id=None, candidate_id=cand_NSE_NIFTY50_INDEX_TRENDLINE_RETEST_24005.50_202609030955_Geometry_v1.0_Score35, payload={'price': 23998.15, 'old_sl': 24017.95, 'new_sl': 24014.45, 'old_tp': 23998.9, 'new_tp': 23982.600000000002, 'reason': 'TP_EXPANSION'}
2026-09-03 10:00:36,437 - INFO - 🟡 UPDATE (TP_EXPANSION) [CFGeometry_v1.0_Score35|eometry_v1.0_Score35]: NSE:NIFTY50-INDEX @ 23998.15 | SL→24014.45 TP→23982.60
2026-09-03 10:00:36,437 - INFO - 📊 EXECUTION AUDIT [CF_TP_EXPANDED]: trade_id=None, candidate_id=cand_NSE_NIFTY50_INDEX_TRENDLINE_RETEST_24005.50_202609030955_Geometry_v1.0_Score50, payload={'price': 23998.15, 'old_sl': 24017.95, 'new_sl': 24014.45, 'old_tp': 23998.9, 'new_tp': 23982.600000000002, 'reason': 'TP_EXPANSION'}
2026-09-03 10:00:36,475 - INFO - 🟡 UPDATE (TP_EXPANSION) [CFGeometry_v1.0_Score50|eometry_v1.0_Score50]: NSE:NIFTY50-INDEX @ 23998.15 | SL→24014.45 TP→23982.60
2026-09-03 10:00:36,476 - INFO - 📊 EXECUTION AUDIT [CF_EXITED]: trade_id=None, candidate_id=cand_NSE_NIFTYBANK_INDEX_BREAKOUT_57023.95_20260903_095000_Structural_v3.2_RVOL1.0, payload={'exit_price': 57698.55, 'exit_reason': 'TRAILING_SL', 'pnl_r': -0.019607843137254943, 'duration_minutes': 5.502451616666666, 'bars_held': 1}
2026-09-03 10:00:36,512 - INFO - 🔴 EXIT (TRAILING_SL) [CFStructural_v3.2_RVOL1.0|uctural_v3.2_RVOL1.0]: NSE:NIFTYBANK-INDEX @ 57698.55 | PnL -0.02R | MFE 0.49R | Capture -4% | 1bars HoldEff -0.020R/bar
2026-09-03 10:00:36,512 - INFO - 📊 EXECUTION AUDIT [CF_EXITED]: trade_id=None, candidate_id=cand_NSE_NIFTYBANK_INDEX_BREAKOUT_57023.95_20260903_095000_Structural_v3.2_RVOL0.8, payload={'exit_price': 57698.55, 'exit_reason': 'TRAILING_SL', 'pnl_r': -0.019607843137254943, 'duration_minutes': 5.502451616666666, 'bars_held': 1}
2026-09-03 10:00:36,553 - INFO - 🔴 EXIT (TRAILING_SL) [CFStructural_v3.2_RVOL0.8|uctural_v3.2_RVOL0.8]: NSE:NIFTYBANK-INDEX @ 57698.55 | PnL -0.02R | MFE 0.49R | Capture -4% | 1bars HoldEff -0.020R/bar
2026-09-03 10:00:36,553 - INFO - 📊 EXECUTION AUDIT [CF_EXITED]: trade_id=None, candidate_id=cand_NSE_NIFTYBANK_INDEX_CONFLUENCE_BOUNCE_57674.30_202609030955_Geometry_v1.0_Score35, payload={'exit_price': 57698.55, 'exit_reason': 'TRAILING_SL', 'pnl_r': -0.019607843137254943, 'duration_minutes': 5.502451616666666, 'bars_held': 1}
2026-09-03 10:00:36,591 - INFO - 🔴 EXIT (TRAILING_SL) [CFGeometry_v1.0_Score35|eometry_v1.0_Score35]: NSE:NIFTYBANK-INDEX @ 57698.55 | PnL -0.02R | MFE 0.49R | Capture -4% | 1bars HoldEff -0.020R/bar
2026-09-03 10:00:37,336 - INFO - Retrieved live premium from Fyers API: LTP=20.05 for NSE:NIFTY2690823700PE
2026-09-03 10:00:38,354 - INFO - Retrieved live premium from Fyers API: LTP=329.25 for NSE:BANKNIFTY26SEP57000PE
2026-09-03 10:00:39,383 - INFO - Retrieved live premium from Fyers API: LTP=329.25 for NSE:BANKNIFTY26SEP57000PE
2026-09-03 10:00:40,388 - INFO - Retrieved live premium from Fyers API: LTP=355.8 for NSE:BANKNIFTY26SEP57100PE
2026-09-03 10:00:41,396 - INFO - Retrieved live premium from Fyers API: LTP=303.7 for NSE:BANKNIFTY26SEP56900PE
2026-09-03 10:00:42,394 - INFO - Retrieved live premium from Fyers API: LTP=279.6 for NSE:BANKNIFTY26SEP56800PE
2026-09-03 10:00:43,402 - INFO - Retrieved live premium from Fyers API: LTP=353.35 for NSE:BANKNIFTY26SEP57100PE
2026-09-03 10:00:44,406 - INFO - Retrieved live premium from Fyers API: LTP=303.7 for NSE:BANKNIFTY26SEP56900PE
2026-09-03 10:00:45,319 - INFO - 🔴 CF COMBO EXIT (STOP_R) [Butterfly_v1.0|00005_Butterfly_v1.0]: NSE:NIFTYBANK-INDEX BUTTERFLY_SPREAD | PnL -0.57R | 1min
2026-09-03 10:00:48,742 - INFO - 📊 Saved 22 snapshots for NSE:NIFTY50-INDEX  (oi range: 354,120–14,361,620)
2026-09-03 10:00:50,859 - INFO - 📡 Fetching NSE:NIFTYBANK-INDEX @ 57699  expiry=26SEP  strikes=ATM±5
2026-09-03 10:01:05,320 - INFO - ⏱️ [Real-time Exit Loop] Checking open positions @ 10:01:05...
2026-09-03 10:01:07,422 - INFO - Retrieved live premium from Fyers API: LTP=19.9 for NSE:NIFTY2690823700PE
2026-09-03 10:01:08,459 - INFO - Retrieved live premium from Fyers API: LTP=328.05 for NSE:BANKNIFTY26SEP57000PE
2026-09-03 10:01:09,469 - INFO - Retrieved live premium from Fyers API: LTP=328.0 for NSE:BANKNIFTY26SEP57000PE
2026-09-03 10:01:10,458 - INFO - Retrieved live premium from Fyers API: LTP=353.25 for NSE:BANKNIFTY26SEP57100PE
2026-09-03 10:01:11,455 - INFO - Retrieved live premium from Fyers API: LTP=303.75 for NSE:BANKNIFTY26SEP56900PE
2026-09-03 10:01:12,456 - INFO - Retrieved live premium from Fyers API: LTP=280.0 for NSE:BANKNIFTY26SEP56800PE
2026-09-03 10:01:13,473 - INFO - Retrieved live premium from Fyers API: LTP=353.25 for NSE:BANKNIFTY26SEP57100PE
2026-09-03 10:01:14,465 - INFO - Retrieved live premium from Fyers API: LTP=302.1 for NSE:BANKNIFTY26SEP56900PE
2026-09-03 10:01:20,512 - INFO - 📊 Saved 22 snapshots for NSE:NIFTYBANK-INDEX  (oi range: 89,850–1,985,640)
2026-09-03 10:01:21,605 - INFO - 📡 Fetching NSE:NIFTY50-INDEX @ 24000  expiry=26908  strikes=ATM±5
2026-09-03 10:01:35,271 - INFO - ⏱️ [Real-time Exit Loop] Checking open positions @ 10:01:35...
2026-09-03 10:01:37,369 - INFO - Retrieved live premium from Fyers API: LTP=20.1 for NSE:NIFTY2690823700PE
2026-09-03 10:01:38,378 - INFO - Retrieved live premium from Fyers API: LTP=327.6 for NSE:BANKNIFTY26SEP57000PE
2026-09-03 10:01:39,373 - INFO - Retrieved live premium from Fyers API: LTP=327.6 for NSE:BANKNIFTY26SEP57000PE
2026-09-03 10:01:40,381 - INFO - Retrieved live premium from Fyers API: LTP=352.55 for NSE:BANKNIFTY26SEP57100PE
2026-09-03 10:01:41,375 - INFO - Retrieved live premium from Fyers API: LTP=301.25 for NSE:BANKNIFTY26SEP56900PE
2026-09-03 10:01:42,394 - INFO - Retrieved live premium from Fyers API: LTP=278.7 for NSE:BANKNIFTY26SEP56800PE
2026-09-03 10:01:43,396 - INFO - Retrieved live premium from Fyers API: LTP=352.5 for NSE:BANKNIFTY26SEP57100PE
2026-09-03 10:01:44,405 - INFO - Retrieved live premium from Fyers API: LTP=302.3 for NSE:BANKNIFTY26SEP56900PE
2026-09-03 10:01:51,040 - INFO - 📊 Saved 22 snapshots for NSE:NIFTY50-INDEX  (oi range: 352,820–14,332,435)
2026-09-03 10:01:53,137 - INFO - 📡 Fetching NSE:NIFTYBANK-INDEX @ 57701  expiry=26SEP  strikes=ATM±5
2026-09-03 10:02:05,215 - INFO - ⏱️ [Real-time Exit Loop] Checking open positions @ 10:02:05...
2026-09-03 10:02:07,316 - INFO - Retrieved live premium from Fyers API: LTP=20.0 for NSE:NIFTY2690823700PE
2026-09-03 10:02:08,337 - INFO - Retrieved live premium from Fyers API: LTP=326.55 for NSE:BANKNIFTY26SEP57000PE
2026-09-03 10:02:09,327 - INFO - Retrieved live premium from Fyers API: LTP=326.55 for NSE:BANKNIFTY26SEP57000PE
2026-09-03 10:02:10,327 - INFO - Retrieved live premium from Fyers API: LTP=351.75 for NSE:BANKNIFTY26SEP57100PE
2026-09-03 10:02:11,324 - INFO - Retrieved live premium from Fyers API: LTP=301.0 for NSE:BANKNIFTY26SEP56900PE
2026-09-03 10:02:12,342 - INFO - Retrieved live premium from Fyers API: LTP=278.75 for NSE:BANKNIFTY26SEP56800PE
2026-09-03 10:02:13,351 - INFO - Retrieved live premium from Fyers API: LTP=351.8 for NSE:BANKNIFTY26SEP57100PE
2026-09-03 10:02:14,350 - INFO - Retrieved live premium from Fyers API: LTP=301.0 for NSE:BANKNIFTY26SEP56900PE
2026-09-03 10:02:22,593 - INFO - 📊 Saved 22 snapshots for NSE:NIFTYBANK-INDEX  (oi range: 90,030–1,987,080)
2026-09-03 10:02:23,696 - INFO - 📡 Fetching NSE:NIFTY50-INDEX @ 24002  expiry=26908  strikes=ATM±5
2026-09-03 10:02:35,159 - INFO - ⏱️ [Real-time Exit Loop] Checking open positions @ 10:02:35...
2026-09-03 10:02:37,270 - INFO - Retrieved live premium from Fyers API: LTP=20.05 for NSE:NIFTY2690823700PE
2026-09-03 10:02:38,285 - INFO - Retrieved live premium from Fyers API: LTP=328.6 for NSE:BANKNIFTY26SEP57000PE
2026-09-03 10:02:39,267 - INFO - Retrieved live premium from Fyers API: LTP=328.5 for NSE:BANKNIFTY26SEP57000PE
2026-09-03 10:02:40,290 - INFO - Retrieved live premium from Fyers API: LTP=354.75 for NSE:BANKNIFTY26SEP57100PE
2026-09-03 10:02:41,300 - INFO - Retrieved live premium from Fyers API: LTP=301.75 for NSE:BANKNIFTY26SEP56900PE
2026-09-03 10:02:42,326 - INFO - Retrieved live premium from Fyers API: LTP=279.35 for NSE:BANKNIFTY26SEP56800PE
2026-09-03 10:02:43,301 - INFO - Retrieved live premium from Fyers API: LTP=354.75 for NSE:BANKNIFTY26SEP57100PE
2026-09-03 10:02:44,332 - INFO - Retrieved live premium from Fyers API: LTP=301.75 for NSE:BANKNIFTY26SEP56900PE
2026-09-03 10:02:53,501 - INFO - 📊 Saved 22 snapshots for NSE:NIFTY50-INDEX  (oi range: 353,080–14,230,125)
2026-09-03 10:02:55,621 - INFO - 📡 Fetching NSE:NIFTYBANK-INDEX @ 57705  expiry=26SEP  strikes=ATM±5
2026-09-03 10:03:05,131 - INFO - ⏱️ [Real-time Exit Loop] Checking open positions @ 10:03:05...
2026-09-03 10:03:07,238 - INFO - Retrieved live premium from Fyers API: LTP=19.9 for NSE:NIFTY2690823700PE
2026-09-03 10:03:08,257 - INFO - Retrieved live premium from Fyers API: LTP=327.6 for NSE:BANKNIFTY26SEP57000PE
2026-09-03 10:03:09,257 - INFO - Retrieved live premium from Fyers API: LTP=328.0 for NSE:BANKNIFTY26SEP57000PE
2026-09-03 10:03:10,265 - INFO - Retrieved live premium from Fyers API: LTP=354.45 for NSE:BANKNIFTY26SEP57100PE
2026-09-03 10:03:11,266 - INFO - Retrieved live premium from Fyers API: LTP=301.75 for NSE:BANKNIFTY26SEP56900PE
2026-09-03 10:03:12,281 - INFO - Retrieved live premium from Fyers API: LTP=279.95 for NSE:BANKNIFTY26SEP56800PE
2026-09-03 10:03:13,275 - INFO - Retrieved live premium from Fyers API: LTP=354.45 for NSE:BANKNIFTY26SEP57100PE
2026-09-03 10:03:14,293 - INFO - Retrieved live premium from Fyers API: LTP=301.75 for NSE:BANKNIFTY26SEP56900PE
2026-09-03 10:03:25,376 - INFO - 📊 Saved 22 snapshots for NSE:NIFTYBANK-INDEX  (oi range: 90,060–1,986,840)
2026-09-03 10:03:26,498 - INFO - 📡 Fetching NSE:NIFTY50-INDEX @ 23998  expiry=26908  strikes=ATM±5
2026-09-03 10:03:35,127 - INFO - ⏱️ [Real-time Exit Loop] Checking open positions @ 10:03:35...
2026-09-03 10:03:36,267 - INFO - 📊 EXECUTION AUDIT [CF_SL_MODIFIED]: trade_id=None, candidate_id=cand_NSE_NIFTY50_INDEX_TRENDLINE_RETEST_24005.50_202609030955_Geometry_v1.0_Score35, payload={'price': 23997.35, 'old_sl': 24014.45, 'new_sl': 24013.649999999998, 'old_tp': None, 'new_tp': 23982.600000000002, 'reason': 'TRAILING_SL'}
2026-09-03 10:03:36,310 - INFO - 🟡 UPDATE (TRAILING_SL) [CFGeometry_v1.0_Score35|eometry_v1.0_Score35]: NSE:NIFTY50-INDEX @ 23997.35 | SL→24013.65 TP→23982.60
2026-09-03 10:03:36,310 - INFO - 📊 EXECUTION AUDIT [CF_SL_MODIFIED]: trade_id=None, candidate_id=cand_NSE_NIFTY50_INDEX_TRENDLINE_RETEST_24005.50_202609030955_Geometry_v1.0_Score50, payload={'price': 23997.35, 'old_sl': 24014.45, 'new_sl': 24013.649999999998, 'old_tp': None, 'new_tp': 23982.600000000002, 'reason': 'TRAILING_SL'}
2026-09-03 10:03:36,351 - INFO - 🟡 UPDATE (TRAILING_SL) [CFGeometry_v1.0_Score50|eometry_v1.0_Score50]: NSE:NIFTY50-INDEX @ 23997.35 | SL→24013.65 TP→23982.60
2026-09-03 10:03:37,238 - INFO - Retrieved live premium from Fyers API: LTP=20.0 for NSE:NIFTY2690823700PE
2026-09-03 10:03:38,260 - INFO - Retrieved live premium from Fyers API: LTP=330.0 for NSE:BANKNIFTY26SEP57000PE
2026-09-03 10:03:39,276 - INFO - Retrieved live premium from Fyers API: LTP=330.0 for NSE:BANKNIFTY26SEP57000PE
2026-09-03 10:03:40,274 - INFO - Retrieved live premium from Fyers API: LTP=355.05 for NSE:BANKNIFTY26SEP57100PE
2026-09-03 10:03:41,277 - INFO - Retrieved live premium from Fyers API: LTP=301.75 for NSE:BANKNIFTY26SEP56900PE
2026-09-03 10:03:42,283 - INFO - Retrieved live premium from Fyers API: LTP=279.95 for NSE:BANKNIFTY26SEP56800PE
2026-09-03 10:03:43,293 - INFO - Retrieved live premium from Fyers API: LTP=355.05 for NSE:BANKNIFTY26SEP57100PE
2026-09-03 10:03:44,281 - INFO - Retrieved live premium from Fyers API: LTP=301.75 for NSE:BANKNIFTY26SEP56900PE
2026-09-03 10:03:56,188 - INFO - 📊 Saved 22 snapshots for NSE:NIFTY50-INDEX  (oi range: 354,120–14,239,745)
2026-09-03 10:03:58,318 - INFO - 📡 Fetching NSE:NIFTYBANK-INDEX @ 57700  expiry=26SEP  strikes=ATM±5
2026-09-03 10:04:05,128 - INFO - ⏱️ [Real-time Exit Loop] Checking open positions @ 10:04:05...
2026-09-03 10:04:07,277 - INFO - Retrieved live premium from Fyers API: LTP=19.75 for NSE:NIFTY2690823700PE
2026-09-03 10:04:08,277 - INFO - Retrieved live premium from Fyers API: LTP=327.7 for NSE:BANKNIFTY26SEP57000PE
2026-09-03 10:04:09,261 - INFO - Retrieved live premium from Fyers API: LTP=327.7 for NSE:BANKNIFTY26SEP57000PE
2026-09-03 10:04:10,276 - INFO - Retrieved live premium from Fyers API: LTP=354.45 for NSE:BANKNIFTY26SEP57100PE
2026-09-03 10:04:11,276 - INFO - Retrieved live premium from Fyers API: LTP=303.35 for NSE:BANKNIFTY26SEP56900PE
2026-09-03 10:04:12,282 - INFO - Retrieved live premium from Fyers API: LTP=279.95 for NSE:BANKNIFTY26SEP56800PE
2026-09-03 10:04:13,296 - INFO - Retrieved live premium from Fyers API: LTP=353.45 for NSE:BANKNIFTY26SEP57100PE
2026-09-03 10:04:14,317 - INFO - Retrieved live premium from Fyers API: LTP=303.35 for NSE:BANKNIFTY26SEP56900PE
2026-09-03 10:04:28,040 - INFO - 📊 Saved 22 snapshots for NSE:NIFTYBANK-INDEX  (oi range: 89,970–1,985,880)
2026-09-03 10:04:29,147 - INFO - 📡 Fetching NSE:NIFTY50-INDEX @ 24005  expiry=26908  strikes=ATM±5
2026-09-03 10:04:35,191 - INFO - ⏱️ [Real-time Exit Loop] Checking open positions @ 10:04:35...
2026-09-03 10:04:37,309 - INFO - Retrieved live premium from Fyers API: LTP=20.0 for NSE:NIFTY2690823700PE
2026-09-03 10:04:38,334 - INFO - Retrieved live premium from Fyers API: LTP=328.2 for NSE:BANKNIFTY26SEP57000PE
2026-09-03 10:04:39,309 - INFO - Retrieved live premium from Fyers API: LTP=329.1 for NSE:BANKNIFTY26SEP57000PE
2026-09-03 10:04:40,325 - INFO - Retrieved live premium from Fyers API: LTP=353.05 for NSE:BANKNIFTY26SEP57100PE
2026-09-03 10:04:41,324 - INFO - Retrieved live premium from Fyers API: LTP=302.85 for NSE:BANKNIFTY26SEP56900PE
2026-09-03 10:04:42,314 - INFO - Retrieved live premium from Fyers API: LTP=280.9 for NSE:BANKNIFTY26SEP56800PE
2026-09-03 10:04:43,343 - INFO - Retrieved live premium from Fyers API: LTP=355.2 for NSE:BANKNIFTY26SEP57100PE
2026-09-03 10:04:44,359 - INFO - Retrieved live premium from Fyers API: LTP=302.8 for NSE:BANKNIFTY26SEP56900PE
2026-09-03 10:04:59,883 - INFO - 📊 Saved 22 snapshots for NSE:NIFTY50-INDEX  (oi range: 354,185–14,234,610)
2026-09-03 10:05:02,010 - INFO - 📡 Fetching NSE:NIFTYBANK-INDEX @ 57715  expiry=26SEP  strikes=ATM±5
2026-09-03 10:05:05,212 - INFO - 🔔 [New Candle Closed] Running entry pipeline for candle 10:05 at 10:05:05...
2026-09-03 10:05:05,212 - INFO - --- 10:05:05 Market Pulse ---
2026-09-03 10:05:11,359 - INFO - Retrieved live premium from Fyers API: LTP=19.8 for NSE:NIFTY2690823700PE
2026-09-03 10:05:12,354 - INFO - Retrieved live premium from Fyers API: LTP=326.95 for NSE:BANKNIFTY26SEP57000PE
2026-09-03 10:05:13,358 - INFO - Retrieved live premium from Fyers API: LTP=326.95 for NSE:BANKNIFTY26SEP57000PE
2026-09-03 10:05:14,378 - INFO - Retrieved live premium from Fyers API: LTP=353.15 for NSE:BANKNIFTY26SEP57100PE
2026-09-03 10:05:15,375 - INFO - Retrieved live premium from Fyers API: LTP=303.55 for NSE:BANKNIFTY26SEP56900PE
2026-09-03 10:05:16,389 - INFO - Retrieved live premium from Fyers API: LTP=278.4 for NSE:BANKNIFTY26SEP56800PE
2026-09-03 10:05:17,378 - INFO - Retrieved live premium from Fyers API: LTP=353.15 for NSE:BANKNIFTY26SEP57100PE
2026-09-03 10:05:18,400 - INFO - Retrieved live premium from Fyers API: LTP=303.55 for NSE:BANKNIFTY26SEP56900PE
2026-09-03 10:05:21,279 - INFO - Resolved active expiry from DB: 26908 (2026-09-08)
2026-09-03 10:05:21,279 - INFO - 👻 [Structural_v3.2_RVOL1.0] CF BREAKOUT NSE:NIFTY50-INDEX BUY PUT | Rejected: ['LOW_RVOL', 'BIAS_MISMATCH', 'LOW_EFFICIENCY', 'HIGH_WICKINESS']
2026-09-03 10:05:21,280 - INFO - 📊 EXECUTION AUDIT [SIGNAL_GENERATED]: trade_id=None, candidate_id=cand_NSE_NIFTY50_INDEX_BREAKOUT_23851.90_20260903_100000_Structural_v3.2_RVOL1.0, payload={'symbol': 'NSE:NIFTY50-INDEX', 'signal': 'BUY PUT', 'strategy': 'BREAKOUT', 'price': 24005.05, 'stop_loss': 24016.821428571428, 'take_profit': 23887.335714285713, 'tp1': 23987.392857142855, 'rr_ratio': 10.0, 'timestamp': '2026-09-03T10:00:00+05:30', 'accepted': False, 'rejection_reasons': ['LOW_RVOL', 'BIAS_MISMATCH', 'LOW_EFFICIENCY', 'HIGH_WICKINESS'], 'features': {'date': '2026-09-03', 'strategy_name': 'Structural_v3', 'strategy_version': 'v3.2', 'feature_version': 'v1.1', 'market_regime': 'STRONG_TREND_UP_HIGH_VOL', 'day_type': 'NORMAL_DAY', 'session_type': 'MID', 'daily_bias': 'NEUTRAL', 'hourly_bias': 'NEUTRAL', 'trend_strength': 0.0, 'rvol': 0.78, 'rvol_threshold': 1.0, 'atr': 23.54, 'distance_from_supply': 373.55, 'distance_from_demand': 197.5, 'nearest_supply_strength': 101.3, 'nearest_demand_strength': 73.9, 'distance_to_liquidity_pool': 197.5, 'liquidity_score': 7.800000000000001, 'indicator_snapshot': {'rvol_tod': 0.78, 'is_compressed': True, 'bos_count': 0}, 'move_efficiency': 0.4223, 'wickiness': 0.598, 'fft_score': 0.0, 'setup_type': 'BREAKOUT', 'candidate_id': 'cand_NSE_NIFTY50_INDEX_BREAKOUT_23851.90_20260903_100000', 'ema20': 23956.4, 'ema50': 23917.28, 'move_efficiency_h1': 0.4511, 'ema_bullish': True, 'rsi14': 86.84, 'rsi2': 45.16, 'distance_to_vwap': 0.0006, 'atr_percentile': 0.8739, 'dist_prev_high': 0.0038, 'dist_prev_low': 0.0092, 'adx': 44.44, 'adx_slope': 4.2295, 'gap_pct': 0.0035, 'regime_primary': 'STRONG_TREND_UP', 'regime_vol_state': 'HIGH_VOL'}, 'candidate_id': 'cand_NSE_NIFTY50_INDEX_BREAKOUT_23851.90_20260903_100000_Structural_v3.2_RVOL1.0', 'experiment_name': 'Structural_v3.2_RVOL1.0', 'strategy_id': 'structural', 'version': 'v3.2'}
2026-09-03 10:05:21,307 - INFO - Resolved active expiry from DB: 26908 (2026-09-08)
2026-09-03 10:05:21,323 - INFO - Resolved index signal into option contract: OptionContract(symbol='NSE:NIFTY2690824000PE', strike=24000.0, expiry='26908', option_type='PE', premium=86.85, delta=0.5, bid=86.85, ask=87.05, volume=54441725, resolved_at=datetime.datetime(2026, 9, 3, 10, 5, 21, 323439))
2026-09-03 10:05:21,323 - INFO - ⚡ Option strike selection resolved index signal to contract NSE:NIFTY2690824000PE @ premium 86.85 (type: PE, strike: 24000.0)
2026-09-03 10:05:21,323 - INFO - 📊 EXECUTION AUDIT [STRIKE_SELECTED]: trade_id=None, candidate_id=cand_NSE_NIFTY50_INDEX_BREAKOUT_23851.90_20260903_100000_Structural_v3.2_RVOL1.0, payload={'symbol': 'NSE:NIFTY2690824000PE', 'strike': 24000.0, 'expiry': '26908', 'type': 'PE'}
2026-09-03 10:05:21,336 - INFO - 📊 EXECUTION AUDIT [PREMIUM_RETRIEVED]: trade_id=None, candidate_id=cand_NSE_NIFTY50_INDEX_BREAKOUT_23851.90_20260903_100000_Structural_v3.2_RVOL1.0, payload={'premium': 86.85, 'bid': 86.85, 'ask': 87.05}
2026-09-03 10:05:21,350 - INFO - 📊 EXECUTION AUDIT [CF_SUBMITTED]: trade_id=None, candidate_id=cand_NSE_NIFTY50_INDEX_BREAKOUT_23851.90_20260903_100000_Structural_v3.2_RVOL1.0, payload={'price': 24005.05, 'sl': 24016.821428571428, 'tp': 23887.335714285713}
2026-09-03 10:05:21,365 - INFO - 📊 EXECUTION AUDIT [CF_FILLED]: trade_id=None, candidate_id=cand_NSE_NIFTY50_INDEX_BREAKOUT_23851.90_20260903_100000_Structural_v3.2_RVOL1.0, payload={'price': 24005.05, 'sl': 24016.821428571428, 'tp': 23887.335714285713}
2026-09-03 10:05:21,379 - INFO - 💰 Position size [BREAKOUT|STRONG_TREND_UP_HIGH_VOL|conf=70]: frac=0.005 → ₹5,000 (risk/unit=0.05%)
2026-09-03 10:05:21,410 - INFO - 🟢 ENTRY [CF|Structural_v3.2_RVOL1.0|uctural_v3.2_RVOL1.0]: NSE:NIFTY50-INDEX BUY PUT @ 24005.05 | SL: 24016.82 TP: 23887.34
2026-09-03 10:05:21,411 - INFO - 👻 [Structural_v3.2_RVOL0.8] CF BREAKOUT NSE:NIFTY50-INDEX BUY PUT | Rejected: ['LOW_RVOL', 'BIAS_MISMATCH', 'LOW_EFFICIENCY', 'HIGH_WICKINESS']
2026-09-03 10:05:21,411 - INFO - 📊 EXECUTION AUDIT [SIGNAL_GENERATED]: trade_id=None, candidate_id=cand_NSE_NIFTY50_INDEX_BREAKOUT_23851.90_20260903_100000_Structural_v3.2_RVOL0.8, payload={'symbol': 'NSE:NIFTY50-INDEX', 'signal': 'BUY PUT', 'strategy': 'BREAKOUT', 'price': 24005.05, 'stop_loss': 24016.821428571428, 'take_profit': 23887.335714285713, 'tp1': 23987.392857142855, 'rr_ratio': 10.0, 'timestamp': '2026-09-03T10:00:00+05:30', 'accepted': False, 'rejection_reasons': ['LOW_RVOL', 'BIAS_MISMATCH', 'LOW_EFFICIENCY', 'HIGH_WICKINESS'], 'features': {'date': '2026-09-03', 'strategy_name': 'Structural_v3', 'strategy_version': 'v3.2', 'feature_version': 'v1.1', 'market_regime': 'STRONG_TREND_UP_HIGH_VOL', 'day_type': 'NORMAL_DAY', 'session_type': 'MID', 'daily_bias': 'NEUTRAL', 'hourly_bias': 'NEUTRAL', 'trend_strength': 0.0, 'rvol': 0.78, 'rvol_threshold': 0.8, 'atr': 23.54, 'distance_from_supply': 373.55, 'distance_from_demand': 197.5, 'nearest_supply_strength': 101.3, 'nearest_demand_strength': 73.9, 'distance_to_liquidity_pool': 197.5, 'liquidity_score': 7.800000000000001, 'indicator_snapshot': {'rvol_tod': 0.78, 'is_compressed': True, 'bos_count': 0}, 'move_efficiency': 0.4223, 'wickiness': 0.598, 'fft_score': 0.0, 'setup_type': 'BREAKOUT', 'candidate_id': 'cand_NSE_NIFTY50_INDEX_BREAKOUT_23851.90_20260903_100000', 'ema20': 23956.4, 'ema50': 23917.28, 'move_efficiency_h1': 0.4511, 'ema_bullish': True, 'rsi14': 86.84, 'rsi2': 45.16, 'distance_to_vwap': 0.0006, 'atr_percentile': 0.8739, 'dist_prev_high': 0.0038, 'dist_prev_low': 0.0092, 'adx': 44.44, 'adx_slope': 4.2295, 'gap_pct': 0.0035, 'regime_primary': 'STRONG_TREND_UP', 'regime_vol_state': 'HIGH_VOL'}, 'candidate_id': 'cand_NSE_NIFTY50_INDEX_BREAKOUT_23851.90_20260903_100000_Structural_v3.2_RVOL0.8', 'experiment_name': 'Structural_v3.2_RVOL0.8', 'strategy_id': 'structural', 'version': 'v3.2'}
2026-09-03 10:05:21,441 - INFO - Resolved active expiry from DB: 26908 (2026-09-08)
2026-09-03 10:05:21,458 - INFO - Resolved index signal into option contract: OptionContract(symbol='NSE:NIFTY2690824000PE', strike=24000.0, expiry='26908', option_type='PE', premium=86.85, delta=0.5, bid=86.85, ask=87.05, volume=54441725, resolved_at=datetime.datetime(2026, 9, 3, 10, 5, 21, 458824))
2026-09-03 10:05:21,459 - INFO - ⚡ Option strike selection resolved index signal to contract NSE:NIFTY2690824000PE @ premium 86.85 (type: PE, strike: 24000.0)
2026-09-03 10:05:21,459 - INFO - 📊 EXECUTION AUDIT [STRIKE_SELECTED]: trade_id=None, candidate_id=cand_NSE_NIFTY50_INDEX_BREAKOUT_23851.90_20260903_100000_Structural_v3.2_RVOL0.8, payload={'symbol': 'NSE:NIFTY2690824000PE', 'strike': 24000.0, 'expiry': '26908', 'type': 'PE'}
2026-09-03 10:05:21,475 - INFO - 📊 EXECUTION AUDIT [PREMIUM_RETRIEVED]: trade_id=None, candidate_id=cand_NSE_NIFTY50_INDEX_BREAKOUT_23851.90_20260903_100000_Structural_v3.2_RVOL0.8, payload={'premium': 86.85, 'bid': 86.85, 'ask': 87.05}
2026-09-03 10:05:21,489 - INFO - 📊 EXECUTION AUDIT [CF_SUBMITTED]: trade_id=None, candidate_id=cand_NSE_NIFTY50_INDEX_BREAKOUT_23851.90_20260903_100000_Structural_v3.2_RVOL0.8, payload={'price': 24005.05, 'sl': 24016.821428571428, 'tp': 23887.335714285713}
2026-09-03 10:05:21,505 - INFO - 📊 EXECUTION AUDIT [CF_FILLED]: trade_id=None, candidate_id=cand_NSE_NIFTY50_INDEX_BREAKOUT_23851.90_20260903_100000_Structural_v3.2_RVOL0.8, payload={'price': 24005.05, 'sl': 24016.821428571428, 'tp': 23887.335714285713}
2026-09-03 10:05:21,520 - INFO - 💰 Position size [BREAKOUT|STRONG_TREND_UP_HIGH_VOL|conf=70]: frac=0.005 → ₹5,000 (risk/unit=0.05%)
2026-09-03 10:05:21,550 - INFO - 🟢 ENTRY [CF|Structural_v3.2_RVOL0.8|uctural_v3.2_RVOL0.8]: NSE:NIFTY50-INDEX BUY PUT @ 24005.05 | SL: 24016.82 TP: 23887.34
2026-09-03 10:05:21,550 - INFO - 👻 [Structural_v3.3_ExitMgmt] CF BREAKOUT NSE:NIFTY50-INDEX BUY PUT | Rejected: ['LOW_RVOL', 'BIAS_MISMATCH', 'LOW_EFFICIENCY', 'HIGH_WICKINESS']
2026-09-03 10:05:21,551 - INFO - 📊 EXECUTION AUDIT [SIGNAL_GENERATED]: trade_id=None, candidate_id=cand_NSE_NIFTY50_INDEX_BREAKOUT_23851.90_20260903_100000_Structural_v3.3_ExitMgmt, payload={'symbol': 'NSE:NIFTY50-INDEX', 'signal': 'BUY PUT', 'strategy': 'BREAKOUT', 'price': 24005.05, 'stop_loss': 24016.821428571428, 'take_profit': 23887.335714285713, 'tp1': 23987.392857142855, 'rr_ratio': 10.0, 'timestamp': '2026-09-03T10:00:00+05:30', 'accepted': False, 'rejection_reasons': ['LOW_RVOL', 'BIAS_MISMATCH', 'LOW_EFFICIENCY', 'HIGH_WICKINESS'], 'features': {'date': '2026-09-03', 'strategy_name': 'Structural_v3', 'strategy_version': 'v3.2', 'feature_version': 'v1.1', 'market_regime': 'STRONG_TREND_UP_HIGH_VOL', 'day_type': 'NORMAL_DAY', 'session_type': 'MID', 'daily_bias': 'NEUTRAL', 'hourly_bias': 'NEUTRAL', 'trend_strength': 0.0, 'rvol': 0.78, 'rvol_threshold': 1.0, 'atr': 23.54, 'distance_from_supply': 373.55, 'distance_from_demand': 197.5, 'nearest_supply_strength': 101.3, 'nearest_demand_strength': 73.9, 'distance_to_liquidity_pool': 197.5, 'liquidity_score': 7.800000000000001, 'indicator_snapshot': {'rvol_tod': 0.78, 'is_compressed': True, 'bos_count': 0}, 'move_efficiency': 0.4223, 'wickiness': 0.598, 'fft_score': 0.0, 'setup_type': 'BREAKOUT', 'candidate_id': 'cand_NSE_NIFTY50_INDEX_BREAKOUT_23851.90_20260903_100000', 'ema20': 23956.4, 'ema50': 23917.28, 'move_efficiency_h1': 0.4511, 'ema_bullish': True, 'rsi14': 86.84, 'rsi2': 45.16, 'distance_to_vwap': 0.0006, 'atr_percentile': 0.8739, 'dist_prev_high': 0.0038, 'dist_prev_low': 0.0092, 'adx': 44.44, 'adx_slope': 4.2295, 'gap_pct': 0.0035, 'regime_primary': 'STRONG_TREND_UP', 'regime_vol_state': 'HIGH_VOL'}, 'candidate_id': 'cand_NSE_NIFTY50_INDEX_BREAKOUT_23851.90_20260903_100000_Structural_v3.3_ExitMgmt', 'experiment_name': 'Structural_v3.3_ExitMgmt', 'strategy_id': 'structural', 'version': 'v3.2'}
2026-09-03 10:05:21,582 - INFO - Resolved active expiry from DB: 26908 (2026-09-08)
2026-09-03 10:05:21,601 - INFO - Resolved index signal into option contract: OptionContract(symbol='NSE:NIFTY2690824000PE', strike=24000.0, expiry='26908', option_type='PE', premium=86.85, delta=0.5, bid=86.85, ask=87.05, volume=54441725, resolved_at=datetime.datetime(2026, 9, 3, 10, 5, 21, 601062))
2026-09-03 10:05:21,601 - INFO - ⚡ Option strike selection resolved index signal to contract NSE:NIFTY2690824000PE @ premium 86.85 (type: PE, strike: 24000.0)
2026-09-03 10:05:21,601 - INFO - 📊 EXECUTION AUDIT [STRIKE_SELECTED]: trade_id=None, candidate_id=cand_NSE_NIFTY50_INDEX_BREAKOUT_23851.90_20260903_100000_Structural_v3.3_ExitMgmt, payload={'symbol': 'NSE:NIFTY2690824000PE', 'strike': 24000.0, 'expiry': '26908', 'type': 'PE'}
2026-09-03 10:05:21,615 - INFO - 📊 EXECUTION AUDIT [PREMIUM_RETRIEVED]: trade_id=None, candidate_id=cand_NSE_NIFTY50_INDEX_BREAKOUT_23851.90_20260903_100000_Structural_v3.3_ExitMgmt, payload={'premium': 86.85, 'bid': 86.85, 'ask': 87.05}
2026-09-03 10:05:21,629 - INFO - 📊 EXECUTION AUDIT [CF_SUBMITTED]: trade_id=None, candidate_id=cand_NSE_NIFTY50_INDEX_BREAKOUT_23851.90_20260903_100000_Structural_v3.3_ExitMgmt, payload={'price': 24005.05, 'sl': 24016.821428571428, 'tp': 23887.335714285713}
2026-09-03 10:05:21,642 - INFO - 📊 EXECUTION AUDIT [CF_FILLED]: trade_id=None, candidate_id=cand_NSE_NIFTY50_INDEX_BREAKOUT_23851.90_20260903_100000_Structural_v3.3_ExitMgmt, payload={'price': 24005.05, 'sl': 24016.821428571428, 'tp': 23887.335714285713}
2026-09-03 10:05:21,657 - INFO - 💰 Position size [BREAKOUT|STRONG_TREND_UP_HIGH_VOL|conf=70]: frac=0.005 → ₹5,000 (risk/unit=0.05%)
2026-09-03 10:05:21,689 - INFO - 🟢 ENTRY [CF|Structural_v3.3_ExitMgmt|ctural_v3.3_ExitMgmt]: NSE:NIFTY50-INDEX BUY PUT @ 24005.05 | SL: 24016.82 TP: 23887.34
2026-09-03 10:05:21,689 - INFO - 🧭 [CreditSpread_v1.0_PCRFade] Regime router: NSE:NIFTY50-INDEX combo blocked from REAL capital (regime=STRONG_TREND_UP_HIGH_VOL) — routed to CF
2026-09-03 10:05:21,705 - INFO - Resolved active expiry from DB: 26908 (2026-09-08)
2026-09-03 10:05:21,743 - INFO - Resolved BEAR_CALL_SPREAD for NSE:NIFTY50-INDEX: [('CE', 'SELL', 24050.0), ('CE', 'BUY', 24150.0)] net_premium=-44.80 max_loss=55.20
2026-09-03 10:05:21,772 - INFO - 🟢 CF COMBO ENTRY [CreditSpread_v1.0_PCRFade|tSpread_v1.0_PCRFade]: NSE:NIFTY50-INDEX BEAR_CALL_SPREAD | Net premium: -44.80 | Max loss: 55.20
2026-09-03 10:05:21,772 - INFO - 🧭 [IronCondor_v1.0] Regime router: NSE:NIFTY50-INDEX combo blocked from REAL capital (regime=STRONG_TREND_UP_HIGH_VOL) — routed to CF
2026-09-03 10:05:21,786 - INFO - Resolved active expiry from DB: 26908 (2026-09-08)
2026-09-03 10:05:21,859 - INFO - Resolved IRON_CONDOR for NSE:NIFTY50-INDEX: [('PE', 'SELL', 23950.0), ('PE', 'BUY', 23850.0), ('CE', 'SELL', 24050.0), ('CE', 'BUY', 24150.0)] net_premium=-71.50 max_loss=28.50
2026-09-03 10:05:21,886 - INFO - 🟢 CF COMBO ENTRY [IronCondor_v1.0|0505_IronCondor_v1.0]: NSE:NIFTY50-INDEX IRON_CONDOR | Net premium: -71.50 | Max loss: 28.50
2026-09-03 10:05:21,887 - INFO - 🚀 COMBO SIGNAL: NSE:NIFTY50-INDEX BUTTERFLY_SPREAD | [Butterfly_v1.0]
2026-09-03 10:05:21,902 - INFO - Resolved active expiry from DB: 26908 (2026-09-08)
2026-09-03 10:05:21,968 - INFO - Resolved BUTTERFLY_SPREAD for NSE:NIFTY50-INDEX: [('CE', 'BUY', 23900.0), ('CE', 'SELL', 24000.0), ('CE', 'SELL', 24000.0), ('CE', 'BUY', 24100.0)] net_premium=15.70 max_loss=15.70
2026-09-03 10:05:21,969 - INFO - 💰 Combo lots [BUTTERFLY_SPREAD|STRONG_TREND_UP_HIGH_VOL|conf=1]: budget=₹351 / max_loss=15.70 → 22 lots
2026-09-03 10:05:22,000 - INFO - 🟢 COMBO ENTRY [Butterfly_v1.0|00505_Butterfly_v1.0]: NSE:NIFTY50-INDEX BUTTERFLY_SPREAD | Net premium: 15.70 | Max loss: 15.70
2026-09-03 10:05:22,000 - INFO - 🧭 [IronButterfly_v1.0] Regime router: NSE:NIFTY50-INDEX combo blocked from REAL capital (regime=STRONG_TREND_UP_HIGH_VOL) — routed to CF
2026-09-03 10:05:22,017 - INFO - Resolved active expiry from DB: 26908 (2026-09-08)
2026-09-03 10:05:22,086 - INFO - Resolved IRON_BUTTERFLY for NSE:NIFTY50-INDEX: [('PE', 'SELL', 24000.0), ('CE', 'SELL', 24000.0), ('PE', 'BUY', 23800.0), ('CE', 'BUY', 24200.0)] net_premium=-143.15 max_loss=56.85
2026-09-03 10:05:22,118 - INFO - 🟢 CF COMBO ENTRY [IronButterfly_v1.0|5_IronButterfly_v1.0]: NSE:NIFTY50-INDEX IRON_BUTTERFLY | Net premium: -143.15 | Max loss: 56.85
2026-09-03 10:05:22,118 - INFO - 🧭 [ExpiryAwareTheta_v1.0] Regime router: NSE:NIFTY50-INDEX combo blocked from REAL capital (regime=STRONG_TREND_UP_HIGH_VOL) — routed to CF
2026-09-03 10:05:22,134 - INFO - Resolved active expiry from DB: 26908 (2026-09-08)
2026-09-03 10:05:22,202 - INFO - Resolved IRON_CONDOR for NSE:NIFTY50-INDEX: [('PE', 'SELL', 23950.0), ('PE', 'BUY', 23850.0), ('CE', 'SELL', 24050.0), ('CE', 'BUY', 24150.0)] net_premium=-71.50 max_loss=28.50
2026-09-03 10:05:22,228 - INFO - 🟢 CF COMBO ENTRY [ExpiryAwareTheta_v1.0|xpiryAwareTheta_v1.0]: NSE:NIFTY50-INDEX IRON_CONDOR | Net premium: -71.50 | Max loss: 28.50
2026-09-03 10:05:24,008 - INFO - Resolved active expiry from DB: 26SEP (2026-09-29)
2026-09-03 10:05:24,010 - INFO - 🧭 [IronCondor_v1.0] Regime router: NSE:NIFTYBANK-INDEX combo blocked from REAL capital (regime=GAP_UP_HIGH_VOL) — routed to CF
2026-09-03 10:05:24,024 - INFO - Resolved active expiry from DB: 26SEP (2026-09-29)
2026-09-03 10:05:24,086 - INFO - Resolved IRON_CONDOR for NSE:NIFTYBANK-INDEX: [('PE', 'SELL', 57600.0), ('PE', 'BUY', 57400.0), ('CE', 'SELL', 57800.0), ('CE', 'BUY', 58000.0)] net_premium=-179.55 max_loss=20.45
2026-09-03 10:05:24,114 - INFO - 🟢 CF COMBO ENTRY [IronCondor_v1.0|0505_IronCondor_v1.0]: NSE:NIFTYBANK-INDEX IRON_CONDOR | Net premium: -179.55 | Max loss: 20.45
2026-09-03 10:05:24,114 - INFO - 👻 [Butterfly_v1.0] CF COMBO BUTTERFLY_SPREAD NSE:NIFTYBANK-INDEX BUTTERFLY_SPREAD | Rejected: ['COOLDOWN_AFTER_LOSS']
2026-09-03 10:05:24,131 - INFO - Resolved active expiry from DB: 26SEP (2026-09-29)
2026-09-03 10:05:24,199 - INFO - Resolved BUTTERFLY_SPREAD for NSE:NIFTYBANK-INDEX: [('CE', 'BUY', 57500.0), ('CE', 'SELL', 57700.0), ('CE', 'SELL', 57700.0), ('CE', 'BUY', 57900.0)] net_premium=11.20 max_loss=11.20
2026-09-03 10:05:24,227 - INFO - 🟢 CF COMBO ENTRY [Butterfly_v1.0|00505_Butterfly_v1.0]: NSE:NIFTYBANK-INDEX BUTTERFLY_SPREAD | Net premium: 11.20 | Max loss: 11.20
2026-09-03 10:05:24,227 - INFO - 🧭 [IronButterfly_v1.0] Regime router: NSE:NIFTYBANK-INDEX combo blocked from REAL capital (regime=GAP_UP_HIGH_VOL) — routed to CF
2026-09-03 10:05:24,241 - INFO - Resolved active expiry from DB: 26SEP (2026-09-29)
2026-09-03 10:05:24,309 - INFO - Resolved IRON_BUTTERFLY for NSE:NIFTYBANK-INDEX: [('PE', 'SELL', 57700.0), ('CE', 'SELL', 57700.0), ('PE', 'BUY', 57300.0), ('CE', 'BUY', 58100.0)] net_premium=-358.65 max_loss=41.35
2026-09-03 10:05:24,338 - INFO - 🟢 CF COMBO ENTRY [IronButterfly_v1.0|5_IronButterfly_v1.0]: NSE:NIFTYBANK-INDEX IRON_BUTTERFLY | Net premium: -358.65 | Max loss: 41.35
2026-09-03 10:05:24,339 - INFO - 🧭 [ExpiryAwareTheta_v1.0] Regime router: NSE:NIFTYBANK-INDEX combo blocked from REAL capital (regime=GAP_UP_HIGH_VOL) — routed to CF
2026-09-03 10:05:24,356 - INFO - Resolved active expiry from DB: 26SEP (2026-09-29)
2026-09-03 10:05:24,425 - INFO - Resolved IRON_CONDOR for NSE:NIFTYBANK-INDEX: [('PE', 'SELL', 57600.0), ('PE', 'BUY', 57400.0), ('CE', 'SELL', 57800.0), ('CE', 'BUY', 58000.0)] net_premium=-179.55 max_loss=20.45
2026-09-03 10:05:24,454 - INFO - 🟢 CF COMBO ENTRY [ExpiryAwareTheta_v1.0|xpiryAwareTheta_v1.0]: NSE:NIFTYBANK-INDEX IRON_CONDOR | Net premium: -179.55 | Max loss: 20.45
2026-09-03 10:05:24,454 - INFO - 🚀 SIGNAL: NSE:NIFTYBANK-INDEX BUY PUT | [RelativeValue_NIFTY_BANKNIFTY_v1.0]
2026-09-03 10:05:24,454 - INFO -    Entry: 57714.9 | SL: 57758.315 | TP: 57558.690147919304 (RR: 3.6)
2026-09-03 10:05:24,454 - INFO - 📊 EXECUTION AUDIT [SIGNAL_GENERATED]: trade_id=trade_NSE_NIFTYBANK_INDEX_RelativeValue_NIFTY_BANKNIFTY_v1.0_1788410105, candidate_id=cand_NSE_NIFTYBANK_INDEX_RELVAL_57714.90_20260903_100505_RelativeValue_NIFTY_BANKNIFTY_v1.0, payload={'symbol': 'NSE:NIFTYBANK-INDEX', 'signal': 'BUY PUT', 'strategy': 'RATIO_DIVERGENCE', 'price': 57714.9, 'stop_loss': 57758.315, 'take_profit': 57558.690147919304, 'tp1': 57649.7775, 'rr_ratio': 3.6, 'timestamp': '2026-09-03T10:05:05.212512+05:30', 'accepted': True, 'rejection_reasons': [], 'features': {'atr': 86.83, 'ema20': 57457.37, 'ema50': 57281.98, 'move_efficiency': 0.4666, 'move_efficiency_h1': 0.6186, 'wickiness': 0.5412, 'ema_bullish': True, 'rsi14': 90.19, 'rsi2': 50.0, 'distance_to_vwap': 0.0014, 'atr_percentile': 0.8604, 'dist_prev_high': 0.0086, 'dist_prev_low': 0.0157, 'adx': 45.42, 'adx_slope': 5.3655, 'gap_pct': 0.0057, 'regime_primary': 'GAP_UP', 'regime_vol_state': 'HIGH_VOL', 'market_regime': 'GAP_UP_HIGH_VOL'}, 'candidate_id': 'cand_NSE_NIFTYBANK_INDEX_RELVAL_57714.90_20260903_100505_RelativeValue_NIFTY_BANKNIFTY_v1.0', 'confidence': 0.54, 'diagnostics': {'ratio_now': 0.4159, 'ratio_rolling_mean': 0.4178, 'ratio_rolling_std': 0.000775, 'z_score': -2.43, 'atr': 86.83, 'rr_ratio': 3.6, 'other_symbol': 'NSE:NIFTY50-INDEX'}, 'experiment_name': 'RelativeValue_NIFTY_BANKNIFTY_v1.0', 'strategy_id': 'relative_value_nifty_banknifty', 'version': 'v1.0'}
2026-09-03 10:05:24,483 - INFO - Resolved active expiry from DB: 26SEP (2026-09-29)
2026-09-03 10:05:24,500 - INFO - Resolved index signal into option contract: OptionContract(symbol='NSE:BANKNIFTY26SEP57700PE', strike=57700.0, expiry='26SEP', option_type='PE', premium=555.5, delta=0.5, bid=554.1, ask=555.8, volume=450540, resolved_at=datetime.datetime(2026, 9, 3, 10, 5, 24, 500348))
2026-09-03 10:05:24,500 - INFO - ⚡ Option strike selection resolved index signal to contract NSE:BANKNIFTY26SEP57700PE @ premium 555.5 (type: PE, strike: 57700.0)
2026-09-03 10:05:24,500 - INFO - 📊 EXECUTION AUDIT [STRIKE_SELECTED]: trade_id=trade_NSE_NIFTYBANK_INDEX_RelativeValue_NIFTY_BANKNIFTY_v1.0_1788410105, candidate_id=cand_NSE_NIFTYBANK_INDEX_RELVAL_57714.90_20260903_100505_RelativeValue_NIFTY_BANKNIFTY_v1.0, payload={'symbol': 'NSE:BANKNIFTY26SEP57700PE', 'strike': 57700.0, 'expiry': '26SEP', 'type': 'PE'}
2026-09-03 10:05:24,513 - INFO - 📊 EXECUTION AUDIT [PREMIUM_RETRIEVED]: trade_id=trade_NSE_NIFTYBANK_INDEX_RelativeValue_NIFTY_BANKNIFTY_v1.0_1788410105, candidate_id=cand_NSE_NIFTYBANK_INDEX_RELVAL_57714.90_20260903_100505_RelativeValue_NIFTY_BANKNIFTY_v1.0, payload={'premium': 555.5, 'bid': 554.1, 'ask': 555.8}
2026-09-03 10:05:24,525 - INFO - 📊 EXECUTION AUDIT [ORDER_SUBMITTED]: trade_id=trade_NSE_NIFTYBANK_INDEX_RelativeValue_NIFTY_BANKNIFTY_v1.0_1788410105, candidate_id=cand_NSE_NIFTYBANK_INDEX_RELVAL_57714.90_20260903_100505_RelativeValue_NIFTY_BANKNIFTY_v1.0, payload={'price': 57714.9, 'sl': 57758.315, 'tp': 57558.690147919304}
2026-09-03 10:05:24,538 - INFO - 📊 EXECUTION AUDIT [ORDER_FILLED]: trade_id=trade_NSE_NIFTYBANK_INDEX_RelativeValue_NIFTY_BANKNIFTY_v1.0_1788410105, candidate_id=cand_NSE_NIFTYBANK_INDEX_RELVAL_57714.90_20260903_100505_RelativeValue_NIFTY_BANKNIFTY_v1.0, payload={'price': 57714.9, 'sl': 57758.315, 'tp': 57558.690147919304}
2026-09-03 10:05:24,552 - INFO - 💰 Position size [RATIO_DIVERGENCE|GAP_UP_HIGH_VOL|conf=1]: frac=0.002 → ₹5,000 (risk/unit=0.08%)
2026-09-03 10:05:24,582 - INFO - 🟢 ENTRY [RelativeValue_NIFTY_BANKNIFTY_v1.0|_v1.0_1788410105]: NSE:NIFTYBANK-INDEX BUY PUT @ 57714.90 | SL: 57758.32 TP: 57558.69
2026-09-03 10:05:32,370 - INFO - 📊 Saved 22 snapshots for NSE:NIFTYBANK-INDEX  (oi range: 90,030–1,986,240)
2026-09-03 10:05:33,455 - INFO - 📡 Fetching NSE:NIFTY50-INDEX @ 24003  expiry=26908  strikes=ATM±5
2026-09-03 10:05:35,593 - INFO - ⏱️ [Real-time Exit Loop] Checking open positions @ 10:05:35...
2026-09-03 10:05:36,726 - INFO - 📊 EXECUTION AUDIT [SL_MODIFIED]: trade_id=trade_NSE_NIFTYBANK_INDEX_RelativeValue_NIFTY_BANKNIFTY_v1.0_1788410105, candidate_id=cand_NSE_NIFTYBANK_INDEX_RELVAL_57714.90_20260903_100505_RelativeValue_NIFTY_BANKNIFTY_v1.0, payload={'price': 57710.65, 'old_sl': 57758.315, 'new_sl': 57754.065, 'old_tp': None, 'new_tp': 57558.690147919304, 'reason': 'TRAILING_SL'}
2026-09-03 10:05:36,768 - INFO - 🟡 UPDATE (TRAILING_SL) [RelativeValue_NIFTY_BANKNIFTY_v1.0|NIFTY_BANKNIFTY_v1.0]: NSE:NIFTYBANK-INDEX @ 57710.65 | SL→57754.07 TP→57558.69
2026-09-03 10:05:36,793 - INFO - 📊 EXECUTION AUDIT [CF_SL_MODIFIED]: trade_id=None, candidate_id=cand_NSE_NIFTY50_INDEX_BREAKOUT_23851.90_20260903_100000_Structural_v3.2_RVOL1.0, payload={'price': 24003.5, 'old_sl': 24016.821428571428, 'new_sl': 24015.27142857143, 'old_tp': None, 'new_tp': 23887.335714285713, 'reason': 'TRAILING_SL'}
2026-09-03 10:05:36,840 - INFO - 🟡 UPDATE (TRAILING_SL) [CFStructural_v3.2_RVOL1.0|uctural_v3.2_RVOL1.0]: NSE:NIFTY50-INDEX @ 24003.50 | SL→24015.27 TP→23887.34
2026-09-03 10:05:36,840 - INFO - 📊 EXECUTION AUDIT [CF_SL_MODIFIED]: trade_id=None, candidate_id=cand_NSE_NIFTY50_INDEX_BREAKOUT_23851.90_20260903_100000_Structural_v3.2_RVOL0.8, payload={'price': 24003.5, 'old_sl': 24016.821428571428, 'new_sl': 24015.27142857143, 'old_tp': None, 'new_tp': 23887.335714285713, 'reason': 'TRAILING_SL'}
2026-09-03 10:05:36,884 - INFO - 🟡 UPDATE (TRAILING_SL) [CFStructural_v3.2_RVOL0.8|uctural_v3.2_RVOL0.8]: NSE:NIFTY50-INDEX @ 24003.50 | SL→24015.27 TP→23887.34
2026-09-03 10:05:37,695 - INFO - Retrieved live premium from Fyers API: LTP=19.6 for NSE:NIFTY2690823700PE
2026-09-03 10:05:38,694 - INFO - Retrieved live premium from Fyers API: LTP=329.2 for NSE:BANKNIFTY26SEP57000PE
2026-09-03 10:05:39,697 - INFO - Retrieved live premium from Fyers API: LTP=329.2 for NSE:BANKNIFTY26SEP57000PE
2026-09-03 10:05:40,716 - INFO - Retrieved live premium from Fyers API: LTP=354.75 for NSE:BANKNIFTY26SEP57100PE
2026-09-03 10:05:41,716 - INFO - Retrieved live premium from Fyers API: LTP=303.55 for NSE:BANKNIFTY26SEP56900PE
2026-09-03 10:05:42,710 - INFO - Retrieved live premium from Fyers API: LTP=280.45 for NSE:BANKNIFTY26SEP56800PE
2026-09-03 10:05:43,726 - INFO - Retrieved live premium from Fyers API: LTP=354.75 for NSE:BANKNIFTY26SEP57100PE
2026-09-03 10:05:44,726 - INFO - Retrieved live premium from Fyers API: LTP=303.55 for NSE:BANKNIFTY26SEP56900PE
2026-09-03 10:05:46,099 - INFO - 🔴 CF COMBO EXIT (STOP_R) [Butterfly_v1.0|00505_Butterfly_v1.0]: NSE:NIFTYBANK-INDEX BUTTERFLY_SPREAD | PnL -0.89R | 1min
2026-09-03 10:06:02,877 - INFO - 📊 Saved 22 snapshots for NSE:NIFTY50-INDEX  (oi range: 354,380–14,206,530)
2026-09-03 10:06:04,988 - INFO - 📡 Fetching NSE:NIFTYBANK-INDEX @ 57699  expiry=26SEP  strikes=ATM±5
2026-09-03 10:06:05,284 - INFO - ⏱️ [Real-time Exit Loop] Checking open positions @ 10:06:05...
2026-09-03 10:06:06,410 - INFO - 📊 EXECUTION AUDIT [SL_MODIFIED]: trade_id=trade_NSE_NIFTYBANK_INDEX_RelativeValue_NIFTY_BANKNIFTY_v1.0_1788410105, candidate_id=cand_NSE_NIFTYBANK_INDEX_RELVAL_57714.90_20260903_100505_RelativeValue_NIFTY_BANKNIFTY_v1.0, payload={'price': 57700.95, 'old_sl': 57754.065, 'new_sl': 57744.365, 'old_tp': None, 'new_tp': 57558.690147919304, 'reason': 'TRAILING_SL'}
2026-09-03 10:06:06,456 - INFO - 🟡 UPDATE (TRAILING_SL) [RelativeValue_NIFTY_BANKNIFTY_v1.0|NIFTY_BANKNIFTY_v1.0]: NSE:NIFTYBANK-INDEX @ 57700.95 | SL→57744.36 TP→57558.69
2026-09-03 10:06:07,385 - INFO - Retrieved live premium from Fyers API: LTP=19.7 for NSE:NIFTY2690823700PE
2026-09-03 10:06:08,398 - INFO - Retrieved live premium from Fyers API: LTP=329.7 for NSE:BANKNIFTY26SEP57000PE
2026-09-03 10:06:09,401 - INFO - Retrieved live premium from Fyers API: LTP=330.95 for NSE:BANKNIFTY26SEP57000PE
2026-09-03 10:06:10,413 - INFO - Retrieved live premium from Fyers API: LTP=357.0 for NSE:BANKNIFTY26SEP57100PE
2026-09-03 10:06:11,404 - INFO - Retrieved live premium from Fyers API: LTP=305.0 for NSE:BANKNIFTY26SEP56900PE
2026-09-03 10:06:12,419 - INFO - Retrieved live premium from Fyers API: LTP=280.5 for NSE:BANKNIFTY26SEP56800PE
2026-09-03 10:06:13,421 - INFO - Retrieved live premium from Fyers API: LTP=357.0 for NSE:BANKNIFTY26SEP57100PE
2026-09-03 10:06:14,429 - INFO - Retrieved live premium from Fyers API: LTP=305.0 for NSE:BANKNIFTY26SEP56900PE
2026-09-03 10:06:34,392 - INFO - 📊 Saved 22 snapshots for NSE:NIFTYBANK-INDEX  (oi range: 90,150–1,986,570)
2026-09-03 10:06:35,502 - INFO - 📡 Fetching NSE:NIFTY50-INDEX @ 24003  expiry=26908  strikes=ATM±5
2026-09-03 10:06:35,996 - INFO - ⏱️ [Real-time Exit Loop] Checking open positions @ 10:06:35...
2026-09-03 10:06:37,141 - INFO - 📊 EXECUTION AUDIT [SL_MODIFIED]: trade_id=trade_NSE_NIFTYBANK_INDEX_RelativeValue_NIFTY_BANKNIFTY_v1.0_1788410105, candidate_id=cand_NSE_NIFTYBANK_INDEX_RELVAL_57714.90_20260903_100505_RelativeValue_NIFTY_BANKNIFTY_v1.0, payload={'price': 57682.8, 'old_sl': 57744.365, 'new_sl': 57726.215000000004, 'old_tp': None, 'new_tp': 57558.690147919304, 'reason': 'TRAILING_SL'}
2026-09-03 10:06:37,185 - INFO - 🟡 UPDATE (TRAILING_SL) [RelativeValue_NIFTY_BANKNIFTY_v1.0|NIFTY_BANKNIFTY_v1.0]: NSE:NIFTYBANK-INDEX @ 57682.80 | SL→57726.22 TP→57558.69
2026-09-03 10:06:37,206 - INFO - 📊 EXECUTION AUDIT [CF_SL_MODIFIED]: trade_id=None, candidate_id=cand_NSE_NIFTY50_INDEX_BREAKOUT_23851.90_20260903_100000_Structural_v3.2_RVOL1.0, payload={'price': 24003.0, 'old_sl': 24015.27142857143, 'new_sl': 24014.77142857143, 'old_tp': None, 'new_tp': 23887.335714285713, 'reason': 'TRAILING_SL'}
2026-09-03 10:06:37,251 - INFO - 🟡 UPDATE (TRAILING_SL) [CFStructural_v3.2_RVOL1.0|uctural_v3.2_RVOL1.0]: NSE:NIFTY50-INDEX @ 24003.00 | SL→24014.77 TP→23887.34
2026-09-03 10:06:37,251 - INFO - 📊 EXECUTION AUDIT [CF_SL_MODIFIED]: trade_id=None, candidate_id=cand_NSE_NIFTY50_INDEX_BREAKOUT_23851.90_20260903_100000_Structural_v3.2_RVOL0.8, payload={'price': 24003.0, 'old_sl': 24015.27142857143, 'new_sl': 24014.77142857143, 'old_tp': None, 'new_tp': 23887.335714285713, 'reason': 'TRAILING_SL'}
2026-09-03 10:06:37,292 - INFO - 🟡 UPDATE (TRAILING_SL) [CFStructural_v3.2_RVOL0.8|uctural_v3.2_RVOL0.8]: NSE:NIFTY50-INDEX @ 24003.00 | SL→24014.77 TP→23887.34
2026-09-03 10:06:38,135 - INFO - Retrieved live premium from Fyers API: LTP=20.0 for NSE:NIFTY2690823700PE
2026-09-03 10:06:39,121 - INFO - Retrieved live premium from Fyers API: LTP=333.7 for NSE:BANKNIFTY26SEP57000PE
2026-09-03 10:06:40,136 - INFO - Retrieved live premium from Fyers API: LTP=332.75 for NSE:BANKNIFTY26SEP57000PE
2026-09-03 10:06:41,111 - INFO - Retrieved live premium from Fyers API: LTP=359.2 for NSE:BANKNIFTY26SEP57100PE
2026-09-03 10:06:42,138 - INFO - Retrieved live premium from Fyers API: LTP=306.45 for NSE:BANKNIFTY26SEP56900PE
2026-09-03 10:06:43,160 - INFO - Retrieved live premium from Fyers API: LTP=282.15 for NSE:BANKNIFTY26SEP56800PE
2026-09-03 10:06:44,168 - INFO - Retrieved live premium from Fyers API: LTP=358.95 for NSE:BANKNIFTY26SEP57100PE
2026-09-03 10:06:45,160 - INFO - Retrieved live premium from Fyers API: LTP=307.8 for NSE:BANKNIFTY26SEP56900PE
2026-09-03 10:07:05,137 - INFO - 📊 Saved 22 snapshots for NSE:NIFTY50-INDEX  (oi range: 354,250–14,233,440)
2026-09-03 10:07:05,794 - INFO - ⏱️ [Real-time Exit Loop] Checking open positions @ 10:07:05...
2026-09-03 10:07:06,918 - INFO - 📊 EXECUTION AUDIT [SL_MODIFIED]: trade_id=trade_NSE_NIFTYBANK_INDEX_RelativeValue_NIFTY_BANKNIFTY_v1.0_1788410105, candidate_id=cand_NSE_NIFTYBANK_INDEX_RELVAL_57714.90_20260903_100505_RelativeValue_NIFTY_BANKNIFTY_v1.0, payload={'price': 57668.3, 'old_sl': 57726.215000000004, 'new_sl': 57711.715000000004, 'old_tp': None, 'new_tp': 57558.690147919304, 'reason': 'TRAILING_SL'}
2026-09-03 10:07:06,960 - INFO - 🟡 UPDATE (TRAILING_SL) [RelativeValue_NIFTY_BANKNIFTY_v1.0|NIFTY_BANKNIFTY_v1.0]: NSE:NIFTYBANK-INDEX @ 57668.30 | SL→57711.72 TP→57558.69
2026-09-03 10:07:06,983 - INFO - 📊 EXECUTION AUDIT [CF_SL_MODIFIED]: trade_id=None, candidate_id=cand_NSE_NIFTY50_INDEX_TRENDLINE_RETEST_24005.50_202609030955_Geometry_v1.0_Score35, payload={'price': 23994.9, 'old_sl': 24013.649999999998, 'new_sl': 24011.2, 'old_tp': None, 'new_tp': 23982.600000000002, 'reason': 'TRAILING_SL'}
2026-09-03 10:07:07,025 - INFO - 🟡 UPDATE (TRAILING_SL) [CFGeometry_v1.0_Score35|eometry_v1.0_Score35]: NSE:NIFTY50-INDEX @ 23994.90 | SL→24011.20 TP→23982.60
2026-09-03 10:07:07,025 - INFO - 📊 EXECUTION AUDIT [CF_SL_MODIFIED]: trade_id=None, candidate_id=cand_NSE_NIFTY50_INDEX_TRENDLINE_RETEST_24005.50_202609030955_Geometry_v1.0_Score50, payload={'price': 23994.9, 'old_sl': 24013.649999999998, 'new_sl': 24011.2, 'old_tp': None, 'new_tp': 23982.600000000002, 'reason': 'TRAILING_SL'}
2026-09-03 10:07:07,069 - INFO - 🟡 UPDATE (TRAILING_SL) [CFGeometry_v1.0_Score50|eometry_v1.0_Score50]: NSE:NIFTY50-INDEX @ 23994.90 | SL→24011.20 TP→23982.60
2026-09-03 10:07:07,069 - INFO - 📊 EXECUTION AUDIT [CF_SL_MODIFIED]: trade_id=None, candidate_id=cand_NSE_NIFTY50_INDEX_BREAKOUT_23851.90_20260903_100000_Structural_v3.2_RVOL1.0, payload={'price': 23994.9, 'old_sl': 24014.77142857143, 'new_sl': 24006.67142857143, 'old_tp': None, 'new_tp': 23887.335714285713, 'reason': 'TRAILING_SL'}
2026-09-03 10:07:07,111 - INFO - 🟡 UPDATE (TRAILING_SL) [CFStructural_v3.2_RVOL1.0|uctural_v3.2_RVOL1.0]: NSE:NIFTY50-INDEX @ 23994.90 | SL→24006.67 TP→23887.34
2026-09-03 10:07:07,111 - INFO - 📊 EXECUTION AUDIT [CF_SL_MODIFIED]: trade_id=None, candidate_id=cand_NSE_NIFTY50_INDEX_BREAKOUT_23851.90_20260903_100000_Structural_v3.2_RVOL0.8, payload={'price': 23994.9, 'old_sl': 24014.77142857143, 'new_sl': 24006.67142857143, 'old_tp': None, 'new_tp': 23887.335714285713, 'reason': 'TRAILING_SL'}
2026-09-03 10:07:07,156 - INFO - 🟡 UPDATE (TRAILING_SL) [CFStructural_v3.2_RVOL0.8|uctural_v3.2_RVOL0.8]: NSE:NIFTY50-INDEX @ 23994.90 | SL→24006.67 TP→23887.34
2026-09-03 10:07:07,226 - INFO - 📡 Fetching NSE:NIFTYBANK-INDEX @ 57672  expiry=26SEP  strikes=ATM±5
2026-09-03 10:07:07,897 - INFO - Retrieved live premium from Fyers API: LTP=20.4 for NSE:NIFTY2690823700PE
2026-09-03 10:07:08,894 - INFO - Retrieved live premium from Fyers API: LTP=334.75 for NSE:BANKNIFTY26SEP57000PE
2026-09-03 10:07:09,905 - INFO - Retrieved live premium from Fyers API: LTP=334.75 for NSE:BANKNIFTY26SEP57000PE
2026-09-03 10:07:10,895 - INFO - Retrieved live premium from Fyers API: LTP=360.85 for NSE:BANKNIFTY26SEP57100PE
2026-09-03 10:07:11,913 - INFO - Retrieved live premium from Fyers API: LTP=307.8 for NSE:BANKNIFTY26SEP56900PE
2026-09-03 10:07:12,911 - INFO - Retrieved live premium from Fyers API: LTP=286.0 for NSE:BANKNIFTY26SEP56800PE
2026-09-03 10:07:13,924 - INFO - Retrieved live premium from Fyers API: LTP=360.85 for NSE:BANKNIFTY26SEP57100PE
2026-09-03 10:07:14,922 - INFO - Retrieved live premium from Fyers API: LTP=307.8 for NSE:BANKNIFTY26SEP56900PE
2026-09-03 10:07:35,512 - INFO - ⏱️ [Real-time Exit Loop] Checking open positions @ 10:07:35...
2026-09-03 10:07:36,635 - INFO - 📊 Saved 22 snapshots for NSE:NIFTYBANK-INDEX  (oi range: 90,180–1,986,840)
2026-09-03 10:07:37,609 - INFO - Retrieved live premium from Fyers API: LTP=20.2 for NSE:NIFTY2690823700PE
2026-09-03 10:07:37,714 - INFO - 📡 Fetching NSE:NIFTY50-INDEX @ 23997  expiry=26908  strikes=ATM±5
2026-09-03 10:07:38,618 - INFO - Retrieved live premium from Fyers API: LTP=333.95 for NSE:BANKNIFTY26SEP57000PE
2026-09-03 10:07:39,620 - INFO - Retrieved live premium from Fyers API: LTP=334.55 for NSE:BANKNIFTY26SEP57000PE
2026-09-03 10:07:40,635 - INFO - Retrieved live premium from Fyers API: LTP=361.5 for NSE:BANKNIFTY26SEP57100PE
2026-09-03 10:07:41,625 - INFO - Retrieved live premium from Fyers API: LTP=308.75 for NSE:BANKNIFTY26SEP56900PE
2026-09-03 10:07:42,645 - INFO - Retrieved live premium from Fyers API: LTP=286.65 for NSE:BANKNIFTY26SEP56800PE
2026-09-03 10:07:43,651 - INFO - Retrieved live premium from Fyers API: LTP=361.5 for NSE:BANKNIFTY26SEP57100PE
2026-09-03 10:07:44,674 - INFO - Retrieved live premium from Fyers API: LTP=308.75 for NSE:BANKNIFTY26SEP56900PE
2026-09-03 10:08:05,228 - INFO - ⏱️ [Real-time Exit Loop] Checking open positions @ 10:08:05...
2026-09-03 10:08:07,062 - INFO - 📊 Saved 22 snapshots for NSE:NIFTY50-INDEX  (oi range: 354,705–14,094,925)
2026-09-03 10:08:07,333 - INFO - Retrieved live premium from Fyers API: LTP=19.85 for NSE:NIFTY2690823700PE
2026-09-03 10:08:08,333 - INFO - Retrieved live premium from Fyers API: LTP=333.15 for NSE:BANKNIFTY26SEP57000PE
2026-09-03 10:08:09,166 - INFO - 📡 Fetching NSE:NIFTYBANK-INDEX @ 57682  expiry=26SEP  strikes=ATM±5
2026-09-03 10:08:09,329 - INFO - Retrieved live premium from Fyers API: LTP=333.15 for NSE:BANKNIFTY26SEP57000PE
2026-09-03 10:08:10,333 - INFO - Retrieved live premium from Fyers API: LTP=360.0 for NSE:BANKNIFTY26SEP57100PE
2026-09-03 10:08:11,343 - INFO - Retrieved live premium from Fyers API: LTP=308.75 for NSE:BANKNIFTY26SEP56900PE
2026-09-03 10:08:12,353 - INFO - Retrieved live premium from Fyers API: LTP=286.65 for NSE:BANKNIFTY26SEP56800PE
2026-09-03 10:08:13,353 - INFO - Retrieved live premium from Fyers API: LTP=360.0 for NSE:BANKNIFTY26SEP57100PE
2026-09-03 10:08:14,367 - INFO - Retrieved live premium from Fyers API: LTP=306.85 for NSE:BANKNIFTY26SEP56900PE
2026-09-03 10:08:35,901 - INFO - ⏱️ [Real-time Exit Loop] Checking open positions @ 10:08:35...
2026-09-03 10:08:38,001 - INFO - Retrieved live premium from Fyers API: LTP=19.75 for NSE:NIFTY2690823700PE
2026-09-03 10:08:38,569 - INFO - 📊 Saved 22 snapshots for NSE:NIFTYBANK-INDEX  (oi range: 90,060–1,987,350)
2026-09-03 10:08:39,014 - INFO - Retrieved live premium from Fyers API: LTP=332.65 for NSE:BANKNIFTY26SEP57000PE
2026-09-03 10:08:39,675 - INFO - 📡 Fetching NSE:NIFTY50-INDEX @ 24003  expiry=26908  strikes=ATM±5
2026-09-03 10:08:40,014 - INFO - Retrieved live premium from Fyers API: LTP=332.65 for NSE:BANKNIFTY26SEP57000PE
2026-09-03 10:08:41,022 - INFO - Retrieved live premium from Fyers API: LTP=359.8 for NSE:BANKNIFTY26SEP57100PE
2026-09-03 10:08:42,002 - INFO - Retrieved live premium from Fyers API: LTP=306.85 for NSE:BANKNIFTY26SEP56900PE
2026-09-03 10:08:43,031 - INFO - Retrieved live premium from Fyers API: LTP=284.35 for NSE:BANKNIFTY26SEP56800PE
2026-09-03 10:08:44,045 - INFO - Retrieved live premium from Fyers API: LTP=360.1 for NSE:BANKNIFTY26SEP57100PE
2026-09-03 10:08:45,043 - INFO - Retrieved live premium from Fyers API: LTP=306.85 for NSE:BANKNIFTY26SEP56900PE
2026-09-03 10:09:05,617 - INFO - ⏱️ [Real-time Exit Loop] Checking open positions @ 10:09:05...
2026-09-03 10:09:07,718 - INFO - Retrieved live premium from Fyers API: LTP=19.6 for NSE:NIFTY2690823700PE
2026-09-03 10:09:08,718 - INFO - Retrieved live premium from Fyers API: LTP=334.0 for NSE:BANKNIFTY26SEP57000PE
2026-09-03 10:09:09,068 - INFO - 📊 Saved 22 snapshots for NSE:NIFTY50-INDEX  (oi range: 354,640–14,080,105)
2026-09-03 10:09:09,732 - INFO - Retrieved live premium from Fyers API: LTP=334.0 for NSE:BANKNIFTY26SEP57000PE
2026-09-03 10:09:10,723 - INFO - Retrieved live premium from Fyers API: LTP=359.55 for NSE:BANKNIFTY26SEP57100PE
2026-09-03 10:09:11,150 - INFO - 📡 Fetching NSE:NIFTYBANK-INDEX @ 57687  expiry=26SEP  strikes=ATM±5
2026-09-03 10:09:11,718 - INFO - Retrieved live premium from Fyers API: LTP=306.85 for NSE:BANKNIFTY26SEP56900PE
2026-09-03 10:09:12,753 - INFO - Retrieved live premium from Fyers API: LTP=284.75 for NSE:BANKNIFTY26SEP56800PE
2026-09-03 10:09:13,766 - INFO - Retrieved live premium from Fyers API: LTP=360.9 for NSE:BANKNIFTY26SEP57100PE
2026-09-03 10:09:14,753 - INFO - Retrieved live premium from Fyers API: LTP=306.85 for NSE:BANKNIFTY26SEP56900PE
2026-09-03 10:09:35,281 - INFO - ⏱️ [Real-time Exit Loop] Checking open positions @ 10:09:35...
2026-09-03 10:09:37,386 - INFO - Retrieved live premium from Fyers API: LTP=19.65 for NSE:NIFTY2690823700PE
2026-09-03 10:09:38,404 - INFO - Retrieved live premium from Fyers API: LTP=334.95 for NSE:BANKNIFTY26SEP57000PE
2026-09-03 10:09:39,404 - INFO - Retrieved live premium from Fyers API: LTP=334.95 for NSE:BANKNIFTY26SEP57000PE
2026-09-03 10:09:40,404 - INFO - Retrieved live premium from Fyers API: LTP=359.4 for NSE:BANKNIFTY26SEP57100PE
2026-09-03 10:09:40,940 - INFO - 📊 Saved 22 snapshots for NSE:NIFTYBANK-INDEX  (oi range: 90,240–1,987,140)
2026-09-03 10:09:41,399 - INFO - Retrieved live premium from Fyers API: LTP=306.85 for NSE:BANKNIFTY26SEP56900PE
2026-09-03 10:09:42,031 - INFO - 📡 Fetching NSE:NIFTY50-INDEX @ 24002  expiry=26908  strikes=ATM±5
2026-09-03 10:09:42,405 - INFO - Retrieved live premium from Fyers API: LTP=285.55 for NSE:BANKNIFTY26SEP56800PE
2026-09-03 10:09:43,429 - INFO - Retrieved live premium from Fyers API: LTP=359.4 for NSE:BANKNIFTY26SEP57100PE
2026-09-03 10:09:44,401 - INFO - Retrieved live premium from Fyers API: LTP=306.85 for NSE:BANKNIFTY26SEP56900PE
2026-09-03 10:10:05,979 - INFO - 🔔 [New Candle Closed] Running entry pipeline for candle 10:10 at 10:10:05...
2026-09-03 10:10:05,980 - INFO - --- 10:10:05 Market Pulse ---
2026-09-03 10:10:11,151 - INFO - 📊 EXECUTION AUDIT [ORDER_EXITED]: trade_id=trade_NSE_NIFTYBANK_INDEX_RelativeValue_NIFTY_BANKNIFTY_v1.0_1788410105, candidate_id=cand_NSE_NIFTYBANK_INDEX_RELVAL_57714.90_20260903_100505_RelativeValue_NIFTY_BANKNIFTY_v1.0, payload={'exit_price': 57716.3, 'exit_reason': 'TRAILING_SL', 'pnl_r': 0.015743073047858942, 'duration_minutes': 5.01279975, 'bars_held': 1}
2026-09-03 10:10:11,194 - INFO - 🔴 EXIT (TRAILING_SL) [RelativeValue_NIFTY_BANKNIFTY_v1.0|NIFTY_BANKNIFTY_v1.0]: NSE:NIFTYBANK-INDEX @ 57716.30 | PnL +0.02R | MFE 1.07R | Capture 1% | 1bars HoldEff +0.016R/bar
2026-09-03 10:10:11,194 - INFO - 📊 EXECUTION AUDIT [CF_EXITED]: trade_id=None, candidate_id=cand_NSE_NIFTY50_INDEX_BREAKOUT_23851.90_20260903_100000_Structural_v3.2_RVOL1.0, payload={'exit_price': 24006.67142857143, 'exit_reason': 'TRAILING_SL', 'pnl_r': -0.0005743825387707887, 'duration_minutes': 5.01279975, 'bars_held': 1}
2026-09-03 10:10:11,236 - INFO - 🔴 EXIT (TRAILING_SL) [CFStructural_v3.2_RVOL1.0|uctural_v3.2_RVOL1.0]: NSE:NIFTY50-INDEX @ 24006.67 | PnL -0.00R | MFE 0.86R | Capture -0% | 1bars HoldEff -0.001R/bar
2026-09-03 10:10:11,236 - INFO - 📊 EXECUTION AUDIT [CF_EXITED]: trade_id=None, candidate_id=cand_NSE_NIFTY50_INDEX_BREAKOUT_23851.90_20260903_100000_Structural_v3.2_RVOL0.8, payload={'exit_price': 24006.67142857143, 'exit_reason': 'TRAILING_SL', 'pnl_r': -0.0005743825387707887, 'duration_minutes': 5.01279975, 'bars_held': 1}
2026-09-03 10:10:11,277 - INFO - 🔴 EXIT (TRAILING_SL) [CFStructural_v3.2_RVOL0.8|uctural_v3.2_RVOL0.8]: NSE:NIFTY50-INDEX @ 24006.67 | PnL -0.00R | MFE 0.86R | Capture -0% | 1bars HoldEff -0.001R/bar
2026-09-03 10:10:12,027 - INFO - 📊 Saved 22 snapshots for NSE:NIFTY50-INDEX  (oi range: 354,705–14,065,155)
2026-09-03 10:10:12,139 - INFO - Retrieved live premium from Fyers API: LTP=19.8 for NSE:NIFTY2690823700PE
2026-09-03 10:10:13,141 - INFO - Retrieved live premium from Fyers API: LTP=334.3 for NSE:BANKNIFTY26SEP57000PE
2026-09-03 10:10:14,144 - INFO - 📡 Fetching NSE:NIFTYBANK-INDEX @ 57674  expiry=26SEP  strikes=ATM±5
2026-09-03 10:10:14,168 - INFO - Retrieved live premium from Fyers API: LTP=334.3 for NSE:BANKNIFTY26SEP57000PE
2026-09-03 10:10:15,151 - INFO - Retrieved live premium from Fyers API: LTP=362.2 for NSE:BANKNIFTY26SEP57100PE
2026-09-03 10:10:16,180 - INFO - Retrieved live premium from Fyers API: LTP=308.25 for NSE:BANKNIFTY26SEP56900PE
2026-09-03 10:10:17,181 - INFO - Retrieved live premium from Fyers API: LTP=285.5 for NSE:BANKNIFTY26SEP56800PE
2026-09-03 10:10:18,176 - INFO - Retrieved live premium from Fyers API: LTP=362.2 for NSE:BANKNIFTY26SEP57100PE
2026-09-03 10:10:19,196 - INFO - Retrieved live premium from Fyers API: LTP=308.25 for NSE:BANKNIFTY26SEP56900PE
2026-09-03 10:10:23,237 - INFO - Resolved active expiry from DB: 26908 (2026-09-08)
2026-09-03 10:10:23,238 - INFO - 👻 [Structural_v3.2_RVOL1.0] CF BREAKOUT NSE:NIFTY50-INDEX BUY PUT | Rejected: ['LOW_RVOL', 'BIAS_MISMATCH', 'LOW_EFFICIENCY', 'HIGH_WICKINESS']
2026-09-03 10:10:23,238 - INFO - 📊 EXECUTION AUDIT [SIGNAL_GENERATED]: trade_id=None, candidate_id=cand_NSE_NIFTY50_INDEX_BREAKOUT_23851.90_20260903_100500_Structural_v3.2_RVOL1.0, payload={'symbol': 'NSE:NIFTY50-INDEX', 'signal': 'BUY PUT', 'strategy': 'BREAKOUT', 'price': 24002.45, 'stop_loss': 24013.84642857143, 'take_profit': 23888.485714285714, 'tp1': 23985.355357142857, 'rr_ratio': 10.0, 'timestamp': '2026-09-03T10:05:00+05:30', 'accepted': False, 'rejection_reasons': ['LOW_RVOL', 'BIAS_MISMATCH', 'LOW_EFFICIENCY', 'HIGH_WICKINESS'], 'features': {'date': '2026-09-03', 'strategy_name': 'Structural_v3', 'strategy_version': 'v3.2', 'feature_version': 'v1.1', 'market_regime': 'STRONG_TREND_UP_HIGH_VOL', 'day_type': 'NORMAL_DAY', 'session_type': 'MID', 'daily_bias': 'NEUTRAL', 'hourly_bias': 'NEUTRAL', 'trend_strength': 0.0, 'rvol': 0.87, 'rvol_threshold': 1.0, 'atr': 22.79, 'distance_from_supply': 376.15, 'distance_from_demand': 194.9, 'nearest_supply_strength': 101.3, 'nearest_demand_strength': 73.8, 'distance_to_liquidity_pool': 194.90000000000146, 'liquidity_score': 8.7, 'indicator_snapshot': {'rvol_tod': 0.87, 'is_compressed': True, 'bos_count': 0}, 'move_efficiency': 0.5758, 'wickiness': 0.7061, 'fft_score': 0.0, 'setup_type': 'BREAKOUT', 'candidate_id': 'cand_NSE_NIFTY50_INDEX_BREAKOUT_23851.90_20260903_100500', 'ema20': 23960.78, 'ema50': 23920.62, 'move_efficiency_h1': 0.4142, 'ema_bullish': True, 'rsi14': 83.94, 'rsi2': 0.0, 'distance_to_vwap': 0.0004, 'atr_percentile': 0.8475, 'dist_prev_high': 0.0037, 'dist_prev_low': 0.0091, 'adx': 44.98, 'adx_slope': 2.9367, 'gap_pct': 0.0035, 'regime_primary': 'STRONG_TREND_UP', 'regime_vol_state': 'HIGH_VOL'}, 'candidate_id': 'cand_NSE_NIFTY50_INDEX_BREAKOUT_23851.90_20260903_100500_Structural_v3.2_RVOL1.0', 'experiment_name': 'Structural_v3.2_RVOL1.0', 'strategy_id': 'structural', 'version': 'v3.2'}
2026-09-03 10:10:23,269 - INFO - Resolved active expiry from DB: 26908 (2026-09-08)
2026-09-03 10:10:23,286 - INFO - Resolved index signal into option contract: OptionContract(symbol='NSE:NIFTY2690824000PE', strike=24000.0, expiry='26908', option_type='PE', premium=86.5, delta=0.5, bid=86.35, ask=86.5, volume=58135350, resolved_at=datetime.datetime(2026, 9, 3, 10, 10, 23, 286525))
2026-09-03 10:10:23,286 - INFO - ⚡ Option strike selection resolved index signal to contract NSE:NIFTY2690824000PE @ premium 86.5 (type: PE, strike: 24000.0)
2026-09-03 10:10:23,286 - INFO - 📊 EXECUTION AUDIT [STRIKE_SELECTED]: trade_id=None, candidate_id=cand_NSE_NIFTY50_INDEX_BREAKOUT_23851.90_20260903_100500_Structural_v3.2_RVOL1.0, payload={'symbol': 'NSE:NIFTY2690824000PE', 'strike': 24000.0, 'expiry': '26908', 'type': 'PE'}
2026-09-03 10:10:23,300 - INFO - 📊 EXECUTION AUDIT [PREMIUM_RETRIEVED]: trade_id=None, candidate_id=cand_NSE_NIFTY50_INDEX_BREAKOUT_23851.90_20260903_100500_Structural_v3.2_RVOL1.0, payload={'premium': 86.5, 'bid': 86.35, 'ask': 86.5}
2026-09-03 10:10:23,316 - INFO - 📊 EXECUTION AUDIT [CF_SUBMITTED]: trade_id=None, candidate_id=cand_NSE_NIFTY50_INDEX_BREAKOUT_23851.90_20260903_100500_Structural_v3.2_RVOL1.0, payload={'price': 24002.45, 'sl': 24013.84642857143, 'tp': 23888.485714285714}
2026-09-03 10:10:23,330 - INFO - 📊 EXECUTION AUDIT [CF_FILLED]: trade_id=None, candidate_id=cand_NSE_NIFTY50_INDEX_BREAKOUT_23851.90_20260903_100500_Structural_v3.2_RVOL1.0, payload={'price': 24002.45, 'sl': 24013.84642857143, 'tp': 23888.485714285714}
2026-09-03 10:10:23,344 - INFO - 💰 Position size [BREAKOUT|STRONG_TREND_UP_HIGH_VOL|conf=70]: frac=0.005 → ₹5,000 (risk/unit=0.05%)
2026-09-03 10:10:23,376 - INFO - 🟢 ENTRY [CF|Structural_v3.2_RVOL1.0|uctural_v3.2_RVOL1.0]: NSE:NIFTY50-INDEX BUY PUT @ 24002.45 | SL: 24013.85 TP: 23888.49
2026-09-03 10:10:23,376 - INFO - 👻 [Structural_v3.2_RVOL0.8] CF BREAKOUT NSE:NIFTY50-INDEX BUY PUT | Rejected: ['BIAS_MISMATCH', 'LOW_EFFICIENCY', 'HIGH_WICKINESS']
2026-09-03 10:10:23,376 - INFO - 📊 EXECUTION AUDIT [SIGNAL_GENERATED]: trade_id=None, candidate_id=cand_NSE_NIFTY50_INDEX_BREAKOUT_23851.90_20260903_100500_Structural_v3.2_RVOL0.8, payload={'symbol': 'NSE:NIFTY50-INDEX', 'signal': 'BUY PUT', 'strategy': 'BREAKOUT', 'price': 24002.45, 'stop_loss': 24013.84642857143, 'take_profit': 23888.485714285714, 'tp1': 23985.355357142857, 'rr_ratio': 10.0, 'timestamp': '2026-09-03T10:05:00+05:30', 'accepted': False, 'rejection_reasons': ['BIAS_MISMATCH', 'LOW_EFFICIENCY', 'HIGH_WICKINESS'], 'features': {'date': '2026-09-03', 'strategy_name': 'Structural_v3', 'strategy_version': 'v3.2', 'feature_version': 'v1.1', 'market_regime': 'STRONG_TREND_UP_HIGH_VOL', 'day_type': 'NORMAL_DAY', 'session_type': 'MID', 'daily_bias': 'NEUTRAL', 'hourly_bias': 'NEUTRAL', 'trend_strength': 0.0, 'rvol': 0.87, 'rvol_threshold': 0.8, 'atr': 22.79, 'distance_from_supply': 376.15, 'distance_from_demand': 194.9, 'nearest_supply_strength': 101.3, 'nearest_demand_strength': 73.8, 'distance_to_liquidity_pool': 194.90000000000146, 'liquidity_score': 8.7, 'indicator_snapshot': {'rvol_tod': 0.87, 'is_compressed': True, 'bos_count': 0}, 'move_efficiency': 0.5758, 'wickiness': 0.7061, 'fft_score': 0.0, 'setup_type': 'BREAKOUT', 'candidate_id': 'cand_NSE_NIFTY50_INDEX_BREAKOUT_23851.90_20260903_100500', 'ema20': 23960.78, 'ema50': 23920.62, 'move_efficiency_h1': 0.4142, 'ema_bullish': True, 'rsi14': 83.94, 'rsi2': 0.0, 'distance_to_vwap': 0.0004, 'atr_percentile': 0.8475, 'dist_prev_high': 0.0037, 'dist_prev_low': 0.0091, 'adx': 44.98, 'adx_slope': 2.9367, 'gap_pct': 0.0035, 'regime_primary': 'STRONG_TREND_UP', 'regime_vol_state': 'HIGH_VOL'}, 'candidate_id': 'cand_NSE_NIFTY50_INDEX_BREAKOUT_23851.90_20260903_100500_Structural_v3.2_RVOL0.8', 'experiment_name': 'Structural_v3.2_RVOL0.8', 'strategy_id': 'structural', 'version': 'v3.2'}
2026-09-03 10:10:23,407 - INFO - Resolved active expiry from DB: 26908 (2026-09-08)
2026-09-03 10:10:23,427 - INFO - Resolved index signal into option contract: OptionContract(symbol='NSE:NIFTY2690824000PE', strike=24000.0, expiry='26908', option_type='PE', premium=86.5, delta=0.5, bid=86.35, ask=86.5, volume=58135350, resolved_at=datetime.datetime(2026, 9, 3, 10, 10, 23, 427893))
2026-09-03 10:10:23,428 - INFO - ⚡ Option strike selection resolved index signal to contract NSE:NIFTY2690824000PE @ premium 86.5 (type: PE, strike: 24000.0)
2026-09-03 10:10:23,428 - INFO - 📊 EXECUTION AUDIT [STRIKE_SELECTED]: trade_id=None, candidate_id=cand_NSE_NIFTY50_INDEX_BREAKOUT_23851.90_20260903_100500_Structural_v3.2_RVOL0.8, payload={'symbol': 'NSE:NIFTY2690824000PE', 'strike': 24000.0, 'expiry': '26908', 'type': 'PE'}
2026-09-03 10:10:23,444 - INFO - 📊 EXECUTION AUDIT [PREMIUM_RETRIEVED]: trade_id=None, candidate_id=cand_NSE_NIFTY50_INDEX_BREAKOUT_23851.90_20260903_100500_Structural_v3.2_RVOL0.8, payload={'premium': 86.5, 'bid': 86.35, 'ask': 86.5}
2026-09-03 10:10:23,460 - INFO - 📊 EXECUTION AUDIT [CF_SUBMITTED]: trade_id=None, candidate_id=cand_NSE_NIFTY50_INDEX_BREAKOUT_23851.90_20260903_100500_Structural_v3.2_RVOL0.8, payload={'price': 24002.45, 'sl': 24013.84642857143, 'tp': 23888.485714285714}
2026-09-03 10:10:23,476 - INFO - 📊 EXECUTION AUDIT [CF_FILLED]: trade_id=None, candidate_id=cand_NSE_NIFTY50_INDEX_BREAKOUT_23851.90_20260903_100500_Structural_v3.2_RVOL0.8, payload={'price': 24002.45, 'sl': 24013.84642857143, 'tp': 23888.485714285714}
2026-09-03 10:10:23,492 - INFO - 💰 Position size [BREAKOUT|STRONG_TREND_UP_HIGH_VOL|conf=70]: frac=0.005 → ₹5,000 (risk/unit=0.05%)
2026-09-03 10:10:23,525 - INFO - 🟢 ENTRY [CF|Structural_v3.2_RVOL0.8|uctural_v3.2_RVOL0.8]: NSE:NIFTY50-INDEX BUY PUT @ 24002.45 | SL: 24013.85 TP: 23888.49
2026-09-03 10:10:25,451 - INFO - Resolved active expiry from DB: 26SEP (2026-09-29)
2026-09-03 10:10:25,453 - INFO - 🧭 [IronCondor_v1.0] Regime router: NSE:NIFTYBANK-INDEX combo blocked from REAL capital (regime=GAP_UP_HIGH_VOL) — routed to CF
2026-09-03 10:10:25,469 - INFO - Resolved active expiry from DB: 26SEP (2026-09-29)
2026-09-03 10:10:25,539 - INFO - Resolved IRON_CONDOR for NSE:NIFTYBANK-INDEX: [('PE', 'SELL', 57600.0), ('PE', 'BUY', 57400.0), ('CE', 'SELL', 57800.0), ('CE', 'BUY', 58000.0)] net_premium=-180.25 max_loss=19.75
2026-09-03 10:10:25,567 - INFO - 🟢 CF COMBO ENTRY [IronCondor_v1.0|1005_IronCondor_v1.0]: NSE:NIFTYBANK-INDEX IRON_CONDOR | Net premium: -180.25 | Max loss: 19.75
2026-09-03 10:10:25,568 - INFO - 👻 [Butterfly_v1.0] CF COMBO BUTTERFLY_SPREAD NSE:NIFTYBANK-INDEX BUTTERFLY_SPREAD | Rejected: ['COOLDOWN_AFTER_LOSS']
2026-09-03 10:10:25,583 - INFO - Resolved active expiry from DB: 26SEP (2026-09-29)
2026-09-03 10:10:25,658 - INFO - Resolved BUTTERFLY_SPREAD for NSE:NIFTYBANK-INDEX: [('CE', 'BUY', 57500.0), ('CE', 'SELL', 57700.0), ('CE', 'SELL', 57700.0), ('CE', 'BUY', 57900.0)] net_premium=9.00 max_loss=9.00
2026-09-03 10:10:25,690 - INFO - 🟢 CF COMBO ENTRY [Butterfly_v1.0|01005_Butterfly_v1.0]: NSE:NIFTYBANK-INDEX BUTTERFLY_SPREAD | Net premium: 9.00 | Max loss: 9.00
2026-09-03 10:10:25,690 - INFO - 🧭 [IronButterfly_v1.0] Regime router: NSE:NIFTYBANK-INDEX combo blocked from REAL capital (regime=GAP_UP_HIGH_VOL) — routed to CF
2026-09-03 10:10:25,708 - INFO - Resolved active expiry from DB: 26SEP (2026-09-29)
2026-09-03 10:10:25,783 - INFO - Resolved IRON_BUTTERFLY for NSE:NIFTYBANK-INDEX: [('PE', 'SELL', 57700.0), ('CE', 'SELL', 57700.0), ('PE', 'BUY', 57300.0), ('CE', 'BUY', 58100.0)] net_premium=-361.30 max_loss=38.70
2026-09-03 10:10:25,813 - INFO - 🟢 CF COMBO ENTRY [IronButterfly_v1.0|5_IronButterfly_v1.0]: NSE:NIFTYBANK-INDEX IRON_BUTTERFLY | Net premium: -361.30 | Max loss: 38.70
2026-09-03 10:10:25,814 - INFO - 🧭 [ExpiryAwareTheta_v1.0] Regime router: NSE:NIFTYBANK-INDEX combo blocked from REAL capital (regime=GAP_UP_HIGH_VOL) — routed to CF
2026-09-03 10:10:25,832 - INFO - Resolved active expiry from DB: 26SEP (2026-09-29)
2026-09-03 10:10:25,912 - INFO - Resolved IRON_CONDOR for NSE:NIFTYBANK-INDEX: [('PE', 'SELL', 57600.0), ('PE', 'BUY', 57400.0), ('CE', 'SELL', 57800.0), ('CE', 'BUY', 58000.0)] net_premium=-180.25 max_loss=19.75
2026-09-03 10:10:25,948 - INFO - 🟢 CF COMBO ENTRY [ExpiryAwareTheta_v1.0|xpiryAwareTheta_v1.0]: NSE:NIFTYBANK-INDEX IRON_CONDOR | Net premium: -180.25 | Max loss: 19.75
2026-09-03 10:10:25,948 - INFO - 🚀 SIGNAL: NSE:NIFTYBANK-INDEX BUY PUT | [RelativeValue_NIFTY_BANKNIFTY_v1.0]
2026-09-03 10:10:25,948 - INFO -    Entry: 57678.7 | SL: 57722.46 | TP: 57542.91970959717 (RR: 3.1)
2026-09-03 10:10:25,948 - INFO - 📊 EXECUTION AUDIT [SIGNAL_GENERATED]: trade_id=trade_NSE_NIFTYBANK_INDEX_RelativeValue_NIFTY_BANKNIFTY_v1.0_1788410405, candidate_id=cand_NSE_NIFTYBANK_INDEX_RELVAL_57678.70_20260903_101005_RelativeValue_NIFTY_BANKNIFTY_v1.0, payload={'symbol': 'NSE:NIFTYBANK-INDEX', 'signal': 'BUY PUT', 'strategy': 'RATIO_DIVERGENCE', 'price': 57678.7, 'stop_loss': 57722.46, 'take_profit': 57542.91970959717, 'tp1': 57613.06, 'rr_ratio': 3.1, 'timestamp': '2026-09-03T10:10:05.980497+05:30', 'accepted': True, 'rejection_reasons': [], 'features': {'atr': 87.52, 'ema20': 57478.45, 'ema50': 57297.54, 'move_efficiency': 0.2276, 'move_efficiency_h1': 0.5562, 'wickiness': 0.5131, 'ema_bullish': True, 'rsi14': 86.0, 'rsi2': 40.07, 'distance_to_vwap': 0.0008, 'atr_percentile': 0.861, 'dist_prev_high': 0.008, 'dist_prev_low': 0.0151, 'adx': 46.39, 'adx_slope': 4.0641, 'gap_pct': 0.0057, 'regime_primary': 'GAP_UP', 'regime_vol_state': 'HIGH_VOL', 'market_regime': 'GAP_UP_HIGH_VOL'}, 'candidate_id': 'cand_NSE_NIFTYBANK_INDEX_RELVAL_57678.70_20260903_101005_RelativeValue_NIFTY_BANKNIFTY_v1.0', 'confidence': 0.5, 'diagnostics': {'ratio_now': 0.4161, 'ratio_rolling_mean': 0.4178, 'ratio_rolling_std': 0.000804, 'z_score': -2.04, 'atr': 87.52, 'rr_ratio': 3.1, 'other_symbol': 'NSE:NIFTY50-INDEX'}, 'experiment_name': 'RelativeValue_NIFTY_BANKNIFTY_v1.0', 'strategy_id': 'relative_value_nifty_banknifty', 'version': 'v1.0'}
2026-09-03 10:10:25,980 - INFO - Resolved active expiry from DB: 26SEP (2026-09-29)
2026-09-03 10:10:26,000 - INFO - Resolved index signal into option contract: OptionContract(symbol='NSE:BANKNIFTY26SEP57700PE', strike=57700.0, expiry='26SEP', option_type='PE', premium=564.3, delta=0.5, bid=563.15, ask=564.65, volume=473070, resolved_at=datetime.datetime(2026, 9, 3, 10, 10, 26, 352))
2026-09-03 10:10:26,000 - INFO - ⚡ Option strike selection resolved index signal to contract NSE:BANKNIFTY26SEP57700PE @ premium 564.3 (type: PE, strike: 57700.0)
2026-09-03 10:10:26,000 - INFO - 📊 EXECUTION AUDIT [STRIKE_SELECTED]: trade_id=trade_NSE_NIFTYBANK_INDEX_RelativeValue_NIFTY_BANKNIFTY_v1.0_1788410405, candidate_id=cand_NSE_NIFTYBANK_INDEX_RELVAL_57678.70_20260903_101005_RelativeValue_NIFTY_BANKNIFTY_v1.0, payload={'symbol': 'NSE:BANKNIFTY26SEP57700PE', 'strike': 57700.0, 'expiry': '26SEP', 'type': 'PE'}
2026-09-03 10:10:26,016 - INFO - 📊 EXECUTION AUDIT [PREMIUM_RETRIEVED]: trade_id=trade_NSE_NIFTYBANK_INDEX_RelativeValue_NIFTY_BANKNIFTY_v1.0_1788410405, candidate_id=cand_NSE_NIFTYBANK_INDEX_RELVAL_57678.70_20260903_101005_RelativeValue_NIFTY_BANKNIFTY_v1.0, payload={'premium': 564.3, 'bid': 563.15, 'ask': 564.65}
2026-09-03 10:10:26,030 - INFO - 📊 EXECUTION AUDIT [ORDER_SUBMITTED]: trade_id=trade_NSE_NIFTYBANK_INDEX_RelativeValue_NIFTY_BANKNIFTY_v1.0_1788410405, candidate_id=cand_NSE_NIFTYBANK_INDEX_RELVAL_57678.70_20260903_101005_RelativeValue_NIFTY_BANKNIFTY_v1.0, payload={'price': 57678.7, 'sl': 57722.46, 'tp': 57542.91970959717}
2026-09-03 10:10:26,046 - INFO - 📊 EXECUTION AUDIT [ORDER_FILLED]: trade_id=trade_NSE_NIFTYBANK_INDEX_RelativeValue_NIFTY_BANKNIFTY_v1.0_1788410405, candidate_id=cand_NSE_NIFTYBANK_INDEX_RELVAL_57678.70_20260903_101005_RelativeValue_NIFTY_BANKNIFTY_v1.0, payload={'price': 57678.7, 'sl': 57722.46, 'tp': 57542.91970959717}
2026-09-03 10:10:26,062 - INFO - 💰 Position size [RATIO_DIVERGENCE|GAP_UP_HIGH_VOL|conf=0]: frac=0.002 → ₹5,000 (risk/unit=0.08%)
2026-09-03 10:10:26,095 - INFO - 🟢 ENTRY [RelativeValue_NIFTY_BANKNIFTY_v1.0|_v1.0_1788410405]: NSE:NIFTYBANK-INDEX BUY PUT @ 57678.70 | SL: 57722.46 TP: 57542.92
2026-09-03 10:10:35,101 - INFO - ⏱️ [Real-time Exit Loop] Checking open positions @ 10:10:35...
2026-09-03 10:10:37,206 - INFO - Retrieved live premium from Fyers API: LTP=19.65 for NSE:NIFTY2690823700PE
2026-09-03 10:10:38,217 - INFO - Retrieved live premium from Fyers API: LTP=334.25 for NSE:BANKNIFTY26SEP57000PE
2026-09-03 10:10:39,229 - INFO - Retrieved live premium from Fyers API: LTP=334.25 for NSE:BANKNIFTY26SEP57000PE
2026-09-03 10:10:40,222 - INFO - Retrieved live premium from Fyers API: LTP=360.7 for NSE:BANKNIFTY26SEP57100PE
2026-09-03 10:10:41,225 - INFO - Retrieved live premium from Fyers API: LTP=307.7 for NSE:BANKNIFTY26SEP56900PE
2026-09-03 10:10:42,254 - INFO - Retrieved live premium from Fyers API: LTP=286.85 for NSE:BANKNIFTY26SEP56800PE
2026-09-03 10:10:43,255 - INFO - Retrieved live premium from Fyers API: LTP=360.7 for NSE:BANKNIFTY26SEP57100PE
2026-09-03 10:10:44,265 - INFO - Retrieved live premium from Fyers API: LTP=307.7 for NSE:BANKNIFTY26SEP56900PE
2026-09-03 10:10:44,328 - INFO - 📊 Saved 22 snapshots for NSE:NIFTYBANK-INDEX  (oi range: 90,270–1,984,530)
2026-09-03 10:10:45,450 - INFO - 📡 Fetching NSE:NIFTY50-INDEX @ 24005  expiry=26908  strikes=ATM±5
2026-09-03 10:10:46,048 - INFO - 🔴 CF COMBO EXIT (STOP_R) [Butterfly_v1.0|01005_Butterfly_v1.0]: NSE:NIFTYBANK-INDEX BUTTERFLY_SPREAD | PnL -0.53R | 0min
2026-09-03 10:11:05,249 - INFO - ⏱️ [Real-time Exit Loop] Checking open positions @ 10:11:05...
2026-09-03 10:11:07,368 - INFO - Retrieved live premium from Fyers API: LTP=19.65 for NSE:NIFTY2690823700PE
2026-09-03 10:11:08,370 - INFO - Retrieved live premium from Fyers API: LTP=334.2 for NSE:BANKNIFTY26SEP57000PE
2026-09-03 10:11:09,379 - INFO - Retrieved live premium from Fyers API: LTP=334.2 for NSE:BANKNIFTY26SEP57000PE
2026-09-03 10:11:10,350 - INFO - Retrieved live premium from Fyers API: LTP=358.05 for NSE:BANKNIFTY26SEP57100PE
2026-09-03 10:11:11,356 - INFO - Retrieved live premium from Fyers API: LTP=307.7 for NSE:BANKNIFTY26SEP56900PE
2026-09-03 10:11:12,400 - INFO - Retrieved live premium from Fyers API: LTP=286.85 for NSE:BANKNIFTY26SEP56800PE
2026-09-03 10:11:13,367 - INFO - Retrieved live premium from Fyers API: LTP=358.0 for NSE:BANKNIFTY26SEP57100PE
2026-09-03 10:11:14,382 - INFO - Retrieved live premium from Fyers API: LTP=307.7 for NSE:BANKNIFTY26SEP56900PE
2026-09-03 10:11:15,208 - INFO - 📊 Saved 22 snapshots for NSE:NIFTY50-INDEX  (oi range: 353,340–14,027,910)
2026-09-03 10:11:17,307 - INFO - 📡 Fetching NSE:NIFTYBANK-INDEX @ 57699  expiry=26SEP  strikes=ATM±5
2026-09-03 10:11:35,225 - INFO - ⏱️ [Real-time Exit Loop] Checking open positions @ 10:11:35...
2026-09-03 10:11:36,365 - INFO - 📊 EXECUTION AUDIT [CF_SL_MODIFIED]: trade_id=None, candidate_id=cand_NSE_NIFTY50_INDEX_BREAKOUT_23851.90_20260903_100500_Structural_v3.2_RVOL1.0, payload={'price': 24002.4, 'old_sl': 24013.84642857143, 'new_sl': 24013.79642857143, 'old_tp': None, 'new_tp': 23888.485714285714, 'reason': 'TRAILING_SL'}
2026-09-03 10:11:36,402 - INFO - 🟡 UPDATE (TRAILING_SL) [CFStructural_v3.2_RVOL1.0|uctural_v3.2_RVOL1.0]: NSE:NIFTY50-INDEX @ 24002.40 | SL→24013.80 TP→23888.49
2026-09-03 10:11:36,403 - INFO - 📊 EXECUTION AUDIT [CF_SL_MODIFIED]: trade_id=None, candidate_id=cand_NSE_NIFTY50_INDEX_BREAKOUT_23851.90_20260903_100500_Structural_v3.2_RVOL0.8, payload={'price': 24002.4, 'old_sl': 24013.84642857143, 'new_sl': 24013.79642857143, 'old_tp': None, 'new_tp': 23888.485714285714, 'reason': 'TRAILING_SL'}
2026-09-03 10:11:36,442 - INFO - 🟡 UPDATE (TRAILING_SL) [CFStructural_v3.2_RVOL0.8|uctural_v3.2_RVOL0.8]: NSE:NIFTY50-INDEX @ 24002.40 | SL→24013.80 TP→23888.49
2026-09-03 10:11:37,339 - INFO - Retrieved live premium from Fyers API: LTP=19.65 for NSE:NIFTY2690823700PE
2026-09-03 10:11:38,331 - INFO - Retrieved live premium from Fyers API: LTP=333.85 for NSE:BANKNIFTY26SEP57000PE
2026-09-03 10:11:39,326 - INFO - Retrieved live premium from Fyers API: LTP=334.0 for NSE:BANKNIFTY26SEP57000PE
2026-09-03 10:11:40,354 - INFO - Retrieved live premium from Fyers API: LTP=358.15 for NSE:BANKNIFTY26SEP57100PE
2026-09-03 10:11:41,352 - INFO - Retrieved live premium from Fyers API: LTP=305.1 for NSE:BANKNIFTY26SEP56900PE
2026-09-03 10:11:42,360 - INFO - Retrieved live premium from Fyers API: LTP=283.0 for NSE:BANKNIFTY26SEP56800PE
2026-09-03 10:11:43,377 - INFO - Retrieved live premium from Fyers API: LTP=358.15 for NSE:BANKNIFTY26SEP57100PE
2026-09-03 10:11:44,389 - INFO - Retrieved live premium from Fyers API: LTP=305.1 for NSE:BANKNIFTY26SEP56900PE
2026-09-03 10:11:47,088 - INFO - 📊 Saved 22 snapshots for NSE:NIFTYBANK-INDEX  (oi range: 90,270–1,983,660)
2026-09-03 10:11:48,178 - INFO - 📡 Fetching NSE:NIFTY50-INDEX @ 24004  expiry=26908  strikes=ATM±5
2026-09-03 10:12:05,226 - INFO - ⏱️ [Real-time Exit Loop] Checking open positions @ 10:12:05...
2026-09-03 10:12:06,366 - INFO - 📊 EXECUTION AUDIT [SL_MODIFIED]: trade_id=trade_NSE_NIFTYBANK_INDEX_RelativeValue_NIFTY_BANKNIFTY_v1.0_1788410405, candidate_id=cand_NSE_NIFTYBANK_INDEX_RELVAL_57678.70_20260903_101005_RelativeValue_NIFTY_BANKNIFTY_v1.0, payload={'price': 57675.65, 'old_sl': 57722.46, 'new_sl': 57719.41, 'old_tp': None, 'new_tp': 57542.91970959717, 'reason': 'TRAILING_SL'}
2026-09-03 10:12:06,408 - INFO - 🟡 UPDATE (TRAILING_SL) [RelativeValue_NIFTY_BANKNIFTY_v1.0|NIFTY_BANKNIFTY_v1.0]: NSE:NIFTYBANK-INDEX @ 57675.65 | SL→57719.41 TP→57542.92
2026-09-03 10:12:07,339 - INFO - Retrieved live premium from Fyers API: LTP=19.7 for NSE:NIFTY2690823700PE
2026-09-03 10:12:08,350 - INFO - Retrieved live premium from Fyers API: LTP=336.0 for NSE:BANKNIFTY26SEP57000PE
2026-09-03 10:12:09,363 - INFO - Retrieved live premium from Fyers API: LTP=336.0 for NSE:BANKNIFTY26SEP57000PE
2026-09-03 10:12:10,361 - INFO - Retrieved live premium from Fyers API: LTP=362.0 for NSE:BANKNIFTY26SEP57100PE
2026-09-03 10:12:11,367 - INFO - Retrieved live premium from Fyers API: LTP=309.45 for NSE:BANKNIFTY26SEP56900PE
2026-09-03 10:12:12,375 - INFO - Retrieved live premium from Fyers API: LTP=283.0 for NSE:BANKNIFTY26SEP56800PE
2026-09-03 10:12:13,380 - INFO - Retrieved live premium from Fyers API: LTP=362.0 for NSE:BANKNIFTY26SEP57100PE
2026-09-03 10:12:14,383 - INFO - Retrieved live premium from Fyers API: LTP=309.45 for NSE:BANKNIFTY26SEP56900PE
2026-09-03 10:12:18,077 - INFO - 📊 Saved 22 snapshots for NSE:NIFTY50-INDEX  (oi range: 353,535–13,993,720)
2026-09-03 10:12:20,191 - INFO - 📡 Fetching NSE:NIFTYBANK-INDEX @ 57676  expiry=26SEP  strikes=ATM±5
2026-09-03 10:12:35,228 - INFO - ⏱️ [Real-time Exit Loop] Checking open positions @ 10:12:35...
2026-09-03 10:12:36,369 - INFO - 📊 EXECUTION AUDIT [SL_MODIFIED]: trade_id=trade_NSE_NIFTYBANK_INDEX_RelativeValue_NIFTY_BANKNIFTY_v1.0_1788410405, candidate_id=cand_NSE_NIFTYBANK_INDEX_RELVAL_57678.70_20260903_101005_RelativeValue_NIFTY_BANKNIFTY_v1.0, payload={'price': 57665.6, 'old_sl': 57719.41, 'new_sl': 57709.36, 'old_tp': None, 'new_tp': 57542.91970959717, 'reason': 'TRAILING_SL'}
2026-09-03 10:12:36,410 - INFO - 🟡 UPDATE (TRAILING_SL) [RelativeValue_NIFTY_BANKNIFTY_v1.0|NIFTY_BANKNIFTY_v1.0]: NSE:NIFTYBANK-INDEX @ 57665.60 | SL→57709.36 TP→57542.92
2026-09-03 10:12:36,431 - INFO - 📊 EXECUTION AUDIT [CF_SL_MODIFIED]: trade_id=None, candidate_id=cand_NSE_NIFTY50_INDEX_BREAKOUT_23851.90_20260903_100500_Structural_v3.2_RVOL1.0, payload={'price': 24000.35, 'old_sl': 24013.79642857143, 'new_sl': 24011.746428571427, 'old_tp': None, 'new_tp': 23888.485714285714, 'reason': 'TRAILING_SL'}
2026-09-03 10:12:36,474 - INFO - 🟡 UPDATE (TRAILING_SL) [CFStructural_v3.2_RVOL1.0|uctural_v3.2_RVOL1.0]: NSE:NIFTY50-INDEX @ 24000.35 | SL→24011.75 TP→23888.49
2026-09-03 10:12:36,475 - INFO - 📊 EXECUTION AUDIT [CF_SL_MODIFIED]: trade_id=None, candidate_id=cand_NSE_NIFTY50_INDEX_BREAKOUT_23851.90_20260903_100500_Structural_v3.2_RVOL0.8, payload={'price': 24000.35, 'old_sl': 24013.79642857143, 'new_sl': 24011.746428571427, 'old_tp': None, 'new_tp': 23888.485714285714, 'reason': 'TRAILING_SL'}
2026-09-03 10:12:36,516 - INFO - 🟡 UPDATE (TRAILING_SL) [CFStructural_v3.2_RVOL0.8|uctural_v3.2_RVOL0.8]: NSE:NIFTY50-INDEX @ 24000.35 | SL→24011.75 TP→23888.49
2026-09-03 10:12:37,354 - INFO - Retrieved live premium from Fyers API: LTP=19.85 for NSE:NIFTY2690823700PE
2026-09-03 10:12:38,353 - INFO - Retrieved live premium from Fyers API: LTP=335.85 for NSE:BANKNIFTY26SEP57000PE
2026-09-03 10:12:39,356 - INFO - Retrieved live premium from Fyers API: LTP=335.85 for NSE:BANKNIFTY26SEP57000PE
2026-09-03 10:12:40,353 - INFO - Retrieved live premium from Fyers API: LTP=362.8 for NSE:BANKNIFTY26SEP57100PE
2026-09-03 10:12:41,366 - INFO - Retrieved live premium from Fyers API: LTP=311.0 for NSE:BANKNIFTY26SEP56900PE
2026-09-03 10:12:42,371 - INFO - Retrieved live premium from Fyers API: LTP=287.6 for NSE:BANKNIFTY26SEP56800PE
2026-09-03 10:12:43,360 - INFO - Retrieved live premium from Fyers API: LTP=363.7 for NSE:BANKNIFTY26SEP57100PE
2026-09-03 10:12:44,383 - INFO - Retrieved live premium from Fyers API: LTP=310.8 for NSE:BANKNIFTY26SEP56900PE
2026-09-03 10:12:50,237 - INFO - 📊 Saved 22 snapshots for NSE:NIFTYBANK-INDEX  (oi range: 90,270–1,983,870)
2026-09-03 10:12:51,346 - INFO - 📡 Fetching NSE:NIFTY50-INDEX @ 24001  expiry=26908  strikes=ATM±5
2026-09-03 10:13:05,200 - INFO - ⏱️ [Real-time Exit Loop] Checking open positions @ 10:13:05...
2026-09-03 10:13:06,329 - INFO - 📊 EXECUTION AUDIT [SL_MODIFIED]: trade_id=trade_NSE_NIFTYBANK_INDEX_RelativeValue_NIFTY_BANKNIFTY_v1.0_1788410405, candidate_id=cand_NSE_NIFTYBANK_INDEX_RELVAL_57678.70_20260903_101005_RelativeValue_NIFTY_BANKNIFTY_v1.0, payload={'price': 57663.05, 'old_sl': 57709.36, 'new_sl': 57706.810000000005, 'old_tp': None, 'new_tp': 57542.91970959717, 'reason': 'TRAILING_SL'}
2026-09-03 10:13:06,368 - INFO - 🟡 UPDATE (TRAILING_SL) [RelativeValue_NIFTY_BANKNIFTY_v1.0|NIFTY_BANKNIFTY_v1.0]: NSE:NIFTYBANK-INDEX @ 57663.05 | SL→57706.81 TP→57542.92
2026-09-03 10:13:07,308 - INFO - Retrieved live premium from Fyers API: LTP=19.8 for NSE:NIFTY2690823700PE
2026-09-03 10:13:08,316 - INFO - Retrieved live premium from Fyers API: LTP=338.0 for NSE:BANKNIFTY26SEP57000PE
2026-09-03 10:13:09,307 - INFO - Retrieved live premium from Fyers API: LTP=338.0 for NSE:BANKNIFTY26SEP57000PE
2026-09-03 10:13:10,327 - INFO - Retrieved live premium from Fyers API: LTP=363.7 for NSE:BANKNIFTY26SEP57100PE
2026-09-03 10:13:11,323 - INFO - Retrieved live premium from Fyers API: LTP=311.2 for NSE:BANKNIFTY26SEP56900PE
2026-09-03 10:13:12,315 - INFO - Retrieved live premium from Fyers API: LTP=287.55 for NSE:BANKNIFTY26SEP56800PE
2026-09-03 10:13:13,343 - INFO - Retrieved live premium from Fyers API: LTP=363.7 for NSE:BANKNIFTY26SEP57100PE
2026-09-03 10:13:14,338 - INFO - Retrieved live premium from Fyers API: LTP=311.2 for NSE:BANKNIFTY26SEP56900PE
2026-09-03 10:13:20,781 - INFO - 📊 Saved 22 snapshots for NSE:NIFTY50-INDEX  (oi range: 352,885–14,027,520)
2026-09-03 10:13:22,890 - INFO - 📡 Fetching NSE:NIFTYBANK-INDEX @ 57657  expiry=26SEP  strikes=ATM±5
2026-09-03 10:13:35,157 - INFO - ⏱️ [Real-time Exit Loop] Checking open positions @ 10:13:35...
2026-09-03 10:13:36,291 - INFO - 📊 EXECUTION AUDIT [SL_MODIFIED]: trade_id=trade_NSE_NIFTYBANK_INDEX_RelativeValue_NIFTY_BANKNIFTY_v1.0_1788410405, candidate_id=cand_NSE_NIFTYBANK_INDEX_RELVAL_57678.70_20260903_101005_RelativeValue_NIFTY_BANKNIFTY_v1.0, payload={'price': 57657.5, 'old_sl': 57706.810000000005, 'new_sl': 57701.26, 'old_tp': None, 'new_tp': 57542.91970959717, 'reason': 'TRAILING_SL'}
2026-09-03 10:13:36,331 - INFO - 🟡 UPDATE (TRAILING_SL) [RelativeValue_NIFTY_BANKNIFTY_v1.0|NIFTY_BANKNIFTY_v1.0]: NSE:NIFTYBANK-INDEX @ 57657.50 | SL→57701.26 TP→57542.92
2026-09-03 10:13:36,352 - INFO - 📊 EXECUTION AUDIT [CF_SL_MODIFIED]: trade_id=None, candidate_id=cand_NSE_NIFTY50_INDEX_BREAKOUT_23851.90_20260903_100500_Structural_v3.2_RVOL1.0, payload={'price': 23997.0, 'old_sl': 24011.746428571427, 'new_sl': 24008.39642857143, 'old_tp': None, 'new_tp': 23888.485714285714, 'reason': 'TRAILING_SL'}
2026-09-03 10:13:36,396 - INFO - 🟡 UPDATE (TRAILING_SL) [CFStructural_v3.2_RVOL1.0|uctural_v3.2_RVOL1.0]: NSE:NIFTY50-INDEX @ 23997.00 | SL→24008.40 TP→23888.49
2026-09-03 10:13:36,397 - INFO - 📊 EXECUTION AUDIT [CF_SL_MODIFIED]: trade_id=None, candidate_id=cand_NSE_NIFTY50_INDEX_BREAKOUT_23851.90_20260903_100500_Structural_v3.2_RVOL0.8, payload={'price': 23997.0, 'old_sl': 24011.746428571427, 'new_sl': 24008.39642857143, 'old_tp': None, 'new_tp': 23888.485714285714, 'reason': 'TRAILING_SL'}
2026-09-03 10:13:36,444 - INFO - 🟡 UPDATE (TRAILING_SL) [CFStructural_v3.2_RVOL0.8|uctural_v3.2_RVOL0.8]: NSE:NIFTY50-INDEX @ 23997.00 | SL→24008.40 TP→23888.49
2026-09-03 10:13:37,257 - INFO - Retrieved live premium from Fyers API: LTP=20.05 for NSE:NIFTY2690823700PE
2026-09-03 10:13:38,270 - INFO - Retrieved live premium from Fyers API: LTP=337.9 for NSE:BANKNIFTY26SEP57000PE
2026-09-03 10:13:39,275 - INFO - Retrieved live premium from Fyers API: LTP=337.9 for NSE:BANKNIFTY26SEP57000PE
2026-09-03 10:13:40,275 - INFO - Retrieved live premium from Fyers API: LTP=363.7 for NSE:BANKNIFTY26SEP57100PE
2026-09-03 10:13:41,259 - INFO - Retrieved live premium from Fyers API: LTP=312.5 for NSE:BANKNIFTY26SEP56900PE
2026-09-03 10:13:42,265 - INFO - Retrieved live premium from Fyers API: LTP=289.45 for NSE:BANKNIFTY26SEP56800PE
2026-09-03 10:13:43,295 - INFO - Retrieved live premium from Fyers API: LTP=363.7 for NSE:BANKNIFTY26SEP57100PE
2026-09-03 10:13:44,296 - INFO - Retrieved live premium from Fyers API: LTP=312.5 for NSE:BANKNIFTY26SEP56900PE
2026-09-03 10:13:52,413 - INFO - 📊 Saved 22 snapshots for NSE:NIFTYBANK-INDEX  (oi range: 89,970–1,982,760)
2026-09-03 10:13:53,517 - INFO - 📡 Fetching NSE:NIFTY50-INDEX @ 23997  expiry=26908  strikes=ATM±5
2026-09-03 10:14:05,137 - INFO - ⏱️ [Real-time Exit Loop] Checking open positions @ 10:14:05...
2026-09-03 10:14:07,256 - INFO - Retrieved live premium from Fyers API: LTP=19.95 for NSE:NIFTY2690823700PE
2026-09-03 10:14:08,270 - INFO - Retrieved live premium from Fyers API: LTP=334.9 for NSE:BANKNIFTY26SEP57000PE
2026-09-03 10:14:09,277 - INFO - Retrieved live premium from Fyers API: LTP=334.9 for NSE:BANKNIFTY26SEP57000PE
2026-09-03 10:14:10,283 - INFO - Retrieved live premium from Fyers API: LTP=360.5 for NSE:BANKNIFTY26SEP57100PE
2026-09-03 10:14:11,291 - INFO - Retrieved live premium from Fyers API: LTP=310.6 for NSE:BANKNIFTY26SEP56900PE
2026-09-03 10:14:12,283 - INFO - Retrieved live premium from Fyers API: LTP=286.95 for NSE:BANKNIFTY26SEP56800PE
2026-09-03 10:14:13,314 - INFO - Retrieved live premium from Fyers API: LTP=360.5 for NSE:BANKNIFTY26SEP57100PE
2026-09-03 10:14:14,310 - INFO - Retrieved live premium from Fyers API: LTP=310.6 for NSE:BANKNIFTY26SEP56900PE
2026-09-03 10:14:23,202 - INFO - 📊 Saved 22 snapshots for NSE:NIFTY50-INDEX  (oi range: 352,625–14,027,975)
2026-09-03 10:14:25,301 - INFO - 📡 Fetching NSE:NIFTYBANK-INDEX @ 57663  expiry=26SEP  strikes=ATM±5
2026-09-03 10:14:35,132 - INFO - ⏱️ [Real-time Exit Loop] Checking open positions @ 10:14:35...
2026-09-03 10:14:37,226 - INFO - Retrieved live premium from Fyers API: LTP=19.9 for NSE:NIFTY2690823700PE
2026-09-03 10:14:38,236 - INFO - Retrieved live premium from Fyers API: LTP=337.0 for NSE:BANKNIFTY26SEP57000PE
2026-09-03 10:14:39,257 - INFO - Retrieved live premium from Fyers API: LTP=336.05 for NSE:BANKNIFTY26SEP57000PE
2026-09-03 10:14:40,254 - INFO - Retrieved live premium from Fyers API: LTP=361.65 for NSE:BANKNIFTY26SEP57100PE
2026-09-03 10:14:41,243 - INFO - Retrieved live premium from Fyers API: LTP=310.35 for NSE:BANKNIFTY26SEP56900PE
2026-09-03 10:14:42,263 - INFO - Retrieved live premium from Fyers API: LTP=286.95 for NSE:BANKNIFTY26SEP56800PE
2026-09-03 10:14:43,272 - INFO - Retrieved live premium from Fyers API: LTP=361.65 for NSE:BANKNIFTY26SEP57100PE
2026-09-03 10:14:44,278 - INFO - Retrieved live premium from Fyers API: LTP=310.35 for NSE:BANKNIFTY26SEP56900PE
2026-09-03 10:14:54,782 - INFO - 📊 Saved 22 snapshots for NSE:NIFTYBANK-INDEX  (oi range: 89,970–1,983,150)
2026-09-03 10:14:55,871 - INFO - 📡 Fetching NSE:NIFTY50-INDEX @ 23993  expiry=26908  strikes=ATM±5
2026-09-03 10:15:05,257 - INFO - 🔔 [New Candle Closed] Running entry pipeline for candle 10:15 at 10:15:05...
2026-09-03 10:15:05,257 - INFO - --- 10:15:05 Market Pulse ---
2026-09-03 10:15:12,429 - INFO - 📊 EXECUTION AUDIT [ORDER_EXITED]: trade_id=trade_NSE_NIFTYBANK_INDEX_RelativeValue_NIFTY_BANKNIFTY_v1.0_1788410405, candidate_id=cand_NSE_NIFTYBANK_INDEX_RELVAL_57678.70_20260903_101005_RelativeValue_NIFTY_BANKNIFTY_v1.0, payload={'exit_price': 57701.26, 'exit_reason': 'TRAILING_SL', 'pnl_r': 0.013016913132028731, 'duration_minutes': 4.987951116666666, 'bars_held': 1}
2026-09-03 10:15:12,482 - INFO - 🔴 EXIT (TRAILING_SL) [RelativeValue_NIFTY_BANKNIFTY_v1.0|NIFTY_BANKNIFTY_v1.0]: NSE:NIFTYBANK-INDEX @ 57701.26 | PnL +0.01R | MFE 0.54R | Capture 2% | 1bars HoldEff +0.013R/bar
2026-09-03 10:15:12,482 - INFO - 📊 EXECUTION AUDIT [CF_SL_MODIFIED]: trade_id=None, candidate_id=cand_NSE_NIFTY50_INDEX_TRENDLINE_RETEST_24005.50_202609030955_Geometry_v1.0_Score35, payload={'price': 23990.95, 'old_sl': 24011.2, 'new_sl': 24007.25, 'old_tp': None, 'new_tp': 23982.600000000002, 'reason': 'TRAILING_SL'}
2026-09-03 10:15:12,527 - INFO - 🟡 UPDATE (TRAILING_SL) [CFGeometry_v1.0_Score35|eometry_v1.0_Score35]: NSE:NIFTY50-INDEX @ 23990.95 | SL→24007.25 TP→23982.60
2026-09-03 10:15:12,527 - INFO - 📊 EXECUTION AUDIT [CF_SL_MODIFIED]: trade_id=None, candidate_id=cand_NSE_NIFTY50_INDEX_TRENDLINE_RETEST_24005.50_202609030955_Geometry_v1.0_Score50, payload={'price': 23990.95, 'old_sl': 24011.2, 'new_sl': 24007.25, 'old_tp': None, 'new_tp': 23982.600000000002, 'reason': 'TRAILING_SL'}
2026-09-03 10:15:12,574 - INFO - 🟡 UPDATE (TRAILING_SL) [CFGeometry_v1.0_Score50|eometry_v1.0_Score50]: NSE:NIFTY50-INDEX @ 23990.95 | SL→24007.25 TP→23982.60
2026-09-03 10:15:12,574 - INFO - 📊 EXECUTION AUDIT [CF_SL_MODIFIED]: trade_id=None, candidate_id=cand_NSE_NIFTY50_INDEX_BREAKOUT_23851.90_20260903_100500_Structural_v3.2_RVOL1.0, payload={'price': 23990.95, 'old_sl': 24008.39642857143, 'new_sl': 24002.34642857143, 'old_tp': None, 'new_tp': 23888.485714285714, 'reason': 'TRAILING_SL'}
2026-09-03 10:15:12,617 - INFO - 🟡 UPDATE (TRAILING_SL) [CFStructural_v3.2_RVOL1.0|uctural_v3.2_RVOL1.0]: NSE:NIFTY50-INDEX @ 23990.95 | SL→24002.35 TP→23888.49
2026-09-03 10:15:12,618 - INFO - 📊 EXECUTION AUDIT [CF_SL_MODIFIED]: trade_id=None, candidate_id=cand_NSE_NIFTY50_INDEX_BREAKOUT_23851.90_20260903_100500_Structural_v3.2_RVOL0.8, payload={'price': 23990.95, 'old_sl': 24008.39642857143, 'new_sl': 24002.34642857143, 'old_tp': None, 'new_tp': 23888.485714285714, 'reason': 'TRAILING_SL'}
2026-09-03 10:15:12,657 - INFO - 🟡 UPDATE (TRAILING_SL) [CFStructural_v3.2_RVOL0.8|uctural_v3.2_RVOL0.8]: NSE:NIFTY50-INDEX @ 23990.95 | SL→24002.35 TP→23888.49
2026-09-03 10:15:13,390 - INFO - Retrieved live premium from Fyers API: LTP=20.25 for NSE:NIFTY2690823700PE
2026-09-03 10:15:14,392 - INFO - Retrieved live premium from Fyers API: LTP=339.3 for NSE:BANKNIFTY26SEP57000PE
2026-09-03 10:15:15,417 - INFO - Retrieved live premium from Fyers API: LTP=339.3 for NSE:BANKNIFTY26SEP57000PE
2026-09-03 10:15:16,388 - INFO - Retrieved live premium from Fyers API: LTP=365.0 for NSE:BANKNIFTY26SEP57100PE
2026-09-03 10:15:17,394 - INFO - Retrieved live premium from Fyers API: LTP=313.15 for NSE:BANKNIFTY26SEP56900PE
2026-09-03 10:15:18,412 - INFO - Retrieved live premium from Fyers API: LTP=289.95 for NSE:BANKNIFTY26SEP56800PE
2026-09-03 10:15:19,412 - INFO - Retrieved live premium from Fyers API: LTP=365.0 for NSE:BANKNIFTY26SEP57100PE
2026-09-03 10:15:20,415 - INFO - Retrieved live premium from Fyers API: LTP=313.15 for NSE:BANKNIFTY26SEP56900PE
2026-09-03 10:15:24,719 - INFO - Resolved active expiry from DB: 26908 (2026-09-08)
2026-09-03 10:15:24,720 - INFO - 🧭 [CreditSpread_v1.0_PCRFade] Regime router: NSE:NIFTY50-INDEX combo blocked from REAL capital (regime=STRONG_TREND_UP_HIGH_VOL) — routed to CF
2026-09-03 10:15:24,735 - INFO - Resolved active expiry from DB: 26908 (2026-09-08)
2026-09-03 10:15:24,771 - INFO - Resolved BEAR_CALL_SPREAD for NSE:NIFTY50-INDEX: [('CE', 'SELL', 24050.0), ('CE', 'BUY', 24150.0)] net_premium=-44.65 max_loss=55.35
2026-09-03 10:15:24,802 - INFO - 🟢 CF COMBO ENTRY [CreditSpread_v1.0_PCRFade|tSpread_v1.0_PCRFade]: NSE:NIFTY50-INDEX BEAR_CALL_SPREAD | Net premium: -44.65 | Max loss: 55.35
2026-09-03 10:15:24,802 - INFO - 🧭 [IronCondor_v1.0] Regime router: NSE:NIFTY50-INDEX combo blocked from REAL capital (regime=STRONG_TREND_UP_HIGH_VOL) — routed to CF
2026-09-03 10:15:24,818 - INFO - Resolved active expiry from DB: 26908 (2026-09-08)
2026-09-03 10:15:24,894 - INFO - Resolved IRON_CONDOR for NSE:NIFTY50-INDEX: [('PE', 'SELL', 23950.0), ('PE', 'BUY', 23850.0), ('CE', 'SELL', 24050.0), ('CE', 'BUY', 24150.0)] net_premium=-71.90 max_loss=28.10
2026-09-03 10:15:24,928 - INFO - 🟢 CF COMBO ENTRY [IronCondor_v1.0|1505_IronCondor_v1.0]: NSE:NIFTY50-INDEX IRON_CONDOR | Net premium: -71.90 | Max loss: 28.10
2026-09-03 10:15:24,928 - INFO - 🧭 [IronButterfly_v1.0] Regime router: NSE:NIFTY50-INDEX combo blocked from REAL capital (regime=STRONG_TREND_UP_HIGH_VOL) — routed to CF
2026-09-03 10:15:24,946 - INFO - Resolved active expiry from DB: 26908 (2026-09-08)
2026-09-03 10:15:25,025 - INFO - Resolved IRON_BUTTERFLY for NSE:NIFTY50-INDEX: [('PE', 'SELL', 24000.0), ('CE', 'SELL', 24000.0), ('PE', 'BUY', 23800.0), ('CE', 'BUY', 24200.0)] net_premium=-142.85 max_loss=57.15
2026-09-03 10:15:25,055 - INFO - 🟢 CF COMBO ENTRY [IronButterfly_v1.0|5_IronButterfly_v1.0]: NSE:NIFTY50-INDEX IRON_BUTTERFLY | Net premium: -142.85 | Max loss: 57.15
2026-09-03 10:15:25,055 - INFO - 🧭 [ExpiryAwareTheta_v1.0] Regime router: NSE:NIFTY50-INDEX combo blocked from REAL capital (regime=STRONG_TREND_UP_HIGH_VOL) — routed to CF
2026-09-03 10:15:25,072 - INFO - Resolved active expiry from DB: 26908 (2026-09-08)
2026-09-03 10:15:25,145 - INFO - Resolved IRON_CONDOR for NSE:NIFTY50-INDEX: [('PE', 'SELL', 23950.0), ('PE', 'BUY', 23850.0), ('CE', 'SELL', 24050.0), ('CE', 'BUY', 24150.0)] net_premium=-71.90 max_loss=28.10
2026-09-03 10:15:25,175 - INFO - 🟢 CF COMBO ENTRY [ExpiryAwareTheta_v1.0|xpiryAwareTheta_v1.0]: NSE:NIFTY50-INDEX IRON_CONDOR | Net premium: -71.90 | Max loss: 28.10
2026-09-03 10:15:25,796 - INFO - 📊 Saved 22 snapshots for NSE:NIFTY50-INDEX  (oi range: 352,170–14,130,610)
2026-09-03 10:15:27,160 - INFO - Resolved active expiry from DB: 26SEP (2026-09-29)
2026-09-03 10:15:27,161 - INFO - 👻 [Structural_v3.2_RVOL1.0] CF BREAKOUT NSE:NIFTYBANK-INDEX BUY CALL | Rejected: ['LOW_RVOL', 'BIAS_MISMATCH', 'LOW_EFFICIENCY']
2026-09-03 10:15:27,162 - INFO - 📊 EXECUTION AUDIT [SIGNAL_GENERATED]: trade_id=None, candidate_id=cand_NSE_NIFTYBANK_INDEX_BREAKOUT_57753.60_20260903_101000_Structural_v3.2_RVOL1.0, payload={'symbol': 'NSE:NIFTYBANK-INDEX', 'signal': 'BUY CALL', 'strategy': 'BREAKOUT', 'price': 57654.8, 'stop_loss': 57609.076785714286, 'take_profit': 58004.225000000006, 'tp1': 57723.38482142858, 'rr_ratio': 7.64, 'timestamp': '2026-09-03T10:10:00+05:30', 'accepted': False, 'rejection_reasons': ['LOW_RVOL', 'BIAS_MISMATCH', 'LOW_EFFICIENCY'], 'features': {'date': '2026-09-03', 'strategy_name': 'Structural_v3', 'strategy_version': 'v3.2', 'feature_version': 'v1.1', 'market_regime': 'GAP_UP_HIGH_VOL', 'day_type': 'NORMAL_DAY', 'session_type': 'MID', 'daily_bias': 'NEUTRAL', 'hourly_bias': 'NEUTRAL', 'trend_strength': 0.0, 'rvol': 0.89, 'rvol_threshold': 1.0, 'atr': 91.45, 'distance_from_supply': 349.43, 'distance_from_demand': 831.6, 'nearest_supply_strength': 84.0, 'nearest_demand_strength': 70.1, 'distance_to_liquidity_pool': 831.6000000000058, 'liquidity_score': 8.9, 'indicator_snapshot': {'rvol_tod': 0.89, 'is_compressed': False, 'bos_count': 0}, 'move_efficiency': 0.2964, 'wickiness': 0.4625, 'fft_score': 0.0, 'setup_type': 'BREAKOUT', 'candidate_id': 'cand_NSE_NIFTYBANK_INDEX_BREAKOUT_57753.60_20260903_101000', 'ema20': 57495.24, 'ema50': 57311.55, 'move_efficiency_h1': 0.5072, 'ema_bullish': True, 'rsi14': 83.57, 'rsi2': 0.0, 'distance_to_vwap': 0.0003, 'atr_percentile': 0.8661, 'dist_prev_high': 0.0076, 'dist_prev_low': 0.0146, 'adx': 47.06, 'adx_slope': 3.1888, 'gap_pct': 0.0057, 'regime_primary': 'GAP_UP', 'regime_vol_state': 'HIGH_VOL'}, 'candidate_id': 'cand_NSE_NIFTYBANK_INDEX_BREAKOUT_57753.60_20260903_101000_Structural_v3.2_RVOL1.0', 'experiment_name': 'Structural_v3.2_RVOL1.0', 'strategy_id': 'structural', 'version': 'v3.2'}
2026-09-03 10:15:27,192 - INFO - Resolved active expiry from DB: 26SEP (2026-09-29)
2026-09-03 10:15:27,210 - INFO - Resolved index signal into option contract: OptionContract(symbol='NSE:BANKNIFTY26SEP57700CE', strike=57700.0, expiry='26SEP', option_type='CE', premium=840.0, delta=0.5, bid=837.85, ask=839.7, volume=430530, resolved_at=datetime.datetime(2026, 9, 3, 10, 15, 27, 210520))
2026-09-03 10:15:27,210 - INFO - ⚡ Option strike selection resolved index signal to contract NSE:BANKNIFTY26SEP57700CE @ premium 840.0 (type: CE, strike: 57700.0)
2026-09-03 10:15:27,210 - INFO - 📊 EXECUTION AUDIT [STRIKE_SELECTED]: trade_id=None, candidate_id=cand_NSE_NIFTYBANK_INDEX_BREAKOUT_57753.60_20260903_101000_Structural_v3.2_RVOL1.0, payload={'symbol': 'NSE:BANKNIFTY26SEP57700CE', 'strike': 57700.0, 'expiry': '26SEP', 'type': 'CE'}
2026-09-03 10:15:27,225 - INFO - 📊 EXECUTION AUDIT [PREMIUM_RETRIEVED]: trade_id=None, candidate_id=cand_NSE_NIFTYBANK_INDEX_BREAKOUT_57753.60_20260903_101000_Structural_v3.2_RVOL1.0, payload={'premium': 840.0, 'bid': 837.85, 'ask': 839.7}
2026-09-03 10:15:27,239 - INFO - 📊 EXECUTION AUDIT [CF_SUBMITTED]: trade_id=None, candidate_id=cand_NSE_NIFTYBANK_INDEX_BREAKOUT_57753.60_20260903_101000_Structural_v3.2_RVOL1.0, payload={'price': 57654.8, 'sl': 57609.076785714286, 'tp': 58004.225000000006}
2026-09-03 10:15:27,256 - INFO - 📊 EXECUTION AUDIT [CF_FILLED]: trade_id=None, candidate_id=cand_NSE_NIFTYBANK_INDEX_BREAKOUT_57753.60_20260903_101000_Structural_v3.2_RVOL1.0, payload={'price': 57654.8, 'sl': 57609.076785714286, 'tp': 58004.225000000006}
2026-09-03 10:15:27,271 - INFO - 💰 Position size [BREAKOUT|GAP_UP_HIGH_VOL|conf=70]: frac=0.002 → ₹5,000 (risk/unit=0.08%)
2026-09-03 10:15:27,303 - INFO - 🟢 ENTRY [CF|Structural_v3.2_RVOL1.0|uctural_v3.2_RVOL1.0]: NSE:NIFTYBANK-INDEX BUY CALL @ 57654.80 | SL: 57609.08 TP: 58004.23
2026-09-03 10:15:27,303 - INFO - 👻 [Structural_v3.2_RVOL0.8] CF BREAKOUT NSE:NIFTYBANK-INDEX BUY CALL | Rejected: ['BIAS_MISMATCH', 'LOW_EFFICIENCY']
2026-09-03 10:15:27,303 - INFO - 📊 EXECUTION AUDIT [SIGNAL_GENERATED]: trade_id=None, candidate_id=cand_NSE_NIFTYBANK_INDEX_BREAKOUT_57753.60_20260903_101000_Structural_v3.2_RVOL0.8, payload={'symbol': 'NSE:NIFTYBANK-INDEX', 'signal': 'BUY CALL', 'strategy': 'BREAKOUT', 'price': 57654.8, 'stop_loss': 57609.076785714286, 'take_profit': 58004.225000000006, 'tp1': 57723.38482142858, 'rr_ratio': 7.64, 'timestamp': '2026-09-03T10:10:00+05:30', 'accepted': False, 'rejection_reasons': ['BIAS_MISMATCH', 'LOW_EFFICIENCY'], 'features': {'date': '2026-09-03', 'strategy_name': 'Structural_v3', 'strategy_version': 'v3.2', 'feature_version': 'v1.1', 'market_regime': 'GAP_UP_HIGH_VOL', 'day_type': 'NORMAL_DAY', 'session_type': 'MID', 'daily_bias': 'NEUTRAL', 'hourly_bias': 'NEUTRAL', 'trend_strength': 0.0, 'rvol': 0.89, 'rvol_threshold': 0.8, 'atr': 91.45, 'distance_from_supply': 349.43, 'distance_from_demand': 831.6, 'nearest_supply_strength': 84.0, 'nearest_demand_strength': 70.1, 'distance_to_liquidity_pool': 831.6000000000058, 'liquidity_score': 8.9, 'indicator_snapshot': {'rvol_tod': 0.89, 'is_compressed': False, 'bos_count': 0}, 'move_efficiency': 0.2964, 'wickiness': 0.4625, 'fft_score': 0.0, 'setup_type': 'BREAKOUT', 'candidate_id': 'cand_NSE_NIFTYBANK_INDEX_BREAKOUT_57753.60_20260903_101000', 'ema20': 57495.24, 'ema50': 57311.55, 'move_efficiency_h1': 0.5072, 'ema_bullish': True, 'rsi14': 83.57, 'rsi2': 0.0, 'distance_to_vwap': 0.0003, 'atr_percentile': 0.8661, 'dist_prev_high': 0.0076, 'dist_prev_low': 0.0146, 'adx': 47.06, 'adx_slope': 3.1888, 'gap_pct': 0.0057, 'regime_primary': 'GAP_UP', 'regime_vol_state': 'HIGH_VOL'}, 'candidate_id': 'cand_NSE_NIFTYBANK_INDEX_BREAKOUT_57753.60_20260903_101000_Structural_v3.2_RVOL0.8', 'experiment_name': 'Structural_v3.2_RVOL0.8', 'strategy_id': 'structural', 'version': 'v3.2'}
2026-09-03 10:15:27,339 - INFO - Resolved active expiry from DB: 26SEP (2026-09-29)
2026-09-03 10:15:27,358 - INFO - Resolved index signal into option contract: OptionContract(symbol='NSE:BANKNIFTY26SEP57700CE', strike=57700.0, expiry='26SEP', option_type='CE', premium=840.0, delta=0.5, bid=837.85, ask=839.7, volume=430530, resolved_at=datetime.datetime(2026, 9, 3, 10, 15, 27, 358747))
2026-09-03 10:15:27,358 - INFO - ⚡ Option strike selection resolved index signal to contract NSE:BANKNIFTY26SEP57700CE @ premium 840.0 (type: CE, strike: 57700.0)
2026-09-03 10:15:27,359 - INFO - 📊 EXECUTION AUDIT [STRIKE_SELECTED]: trade_id=None, candidate_id=cand_NSE_NIFTYBANK_INDEX_BREAKOUT_57753.60_20260903_101000_Structural_v3.2_RVOL0.8, payload={'symbol': 'NSE:BANKNIFTY26SEP57700CE', 'strike': 57700.0, 'expiry': '26SEP', 'type': 'CE'}
2026-09-03 10:15:27,374 - INFO - 📊 EXECUTION AUDIT [PREMIUM_RETRIEVED]: trade_id=None, candidate_id=cand_NSE_NIFTYBANK_INDEX_BREAKOUT_57753.60_20260903_101000_Structural_v3.2_RVOL0.8, payload={'premium': 840.0, 'bid': 837.85, 'ask': 839.7}
2026-09-03 10:15:27,389 - INFO - 📊 EXECUTION AUDIT [CF_SUBMITTED]: trade_id=None, candidate_id=cand_NSE_NIFTYBANK_INDEX_BREAKOUT_57753.60_20260903_101000_Structural_v3.2_RVOL0.8, payload={'price': 57654.8, 'sl': 57609.076785714286, 'tp': 58004.225000000006}
2026-09-03 10:15:27,404 - INFO - 📊 EXECUTION AUDIT [CF_FILLED]: trade_id=None, candidate_id=cand_NSE_NIFTYBANK_INDEX_BREAKOUT_57753.60_20260903_101000_Structural_v3.2_RVOL0.8, payload={'price': 57654.8, 'sl': 57609.076785714286, 'tp': 58004.225000000006}
2026-09-03 10:15:27,420 - INFO - 💰 Position size [BREAKOUT|GAP_UP_HIGH_VOL|conf=70]: frac=0.002 → ₹5,000 (risk/unit=0.08%)
2026-09-03 10:15:27,452 - INFO - 🟢 ENTRY [CF|Structural_v3.2_RVOL0.8|uctural_v3.2_RVOL0.8]: NSE:NIFTYBANK-INDEX BUY CALL @ 57654.80 | SL: 57609.08 TP: 58004.23
2026-09-03 10:15:27,452 - INFO - 👻 [Structural_v3.3_ExitMgmt] CF BREAKOUT NSE:NIFTYBANK-INDEX BUY CALL | Rejected: ['LOW_RVOL', 'BIAS_MISMATCH', 'LOW_EFFICIENCY']
2026-09-03 10:15:27,453 - INFO - 📊 EXECUTION AUDIT [SIGNAL_GENERATED]: trade_id=None, candidate_id=cand_NSE_NIFTYBANK_INDEX_BREAKOUT_57753.60_20260903_101000_Structural_v3.3_ExitMgmt, payload={'symbol': 'NSE:NIFTYBANK-INDEX', 'signal': 'BUY CALL', 'strategy': 'BREAKOUT', 'price': 57654.8, 'stop_loss': 57609.076785714286, 'take_profit': 58004.225000000006, 'tp1': 57723.38482142858, 'rr_ratio': 7.64, 'timestamp': '2026-09-03T10:10:00+05:30', 'accepted': False, 'rejection_reasons': ['LOW_RVOL', 'BIAS_MISMATCH', 'LOW_EFFICIENCY'], 'features': {'date': '2026-09-03', 'strategy_name': 'Structural_v3', 'strategy_version': 'v3.2', 'feature_version': 'v1.1', 'market_regime': 'GAP_UP_HIGH_VOL', 'day_type': 'NORMAL_DAY', 'session_type': 'MID', 'daily_bias': 'NEUTRAL', 'hourly_bias': 'NEUTRAL', 'trend_strength': 0.0, 'rvol': 0.89, 'rvol_threshold': 1.0, 'atr': 91.45, 'distance_from_supply': 349.43, 'distance_from_demand': 831.6, 'nearest_supply_strength': 84.0, 'nearest_demand_strength': 70.1, 'distance_to_liquidity_pool': 831.6000000000058, 'liquidity_score': 8.9, 'indicator_snapshot': {'rvol_tod': 0.89, 'is_compressed': False, 'bos_count': 0}, 'move_efficiency': 0.2964, 'wickiness': 0.4625, 'fft_score': 0.0, 'setup_type': 'BREAKOUT', 'candidate_id': 'cand_NSE_NIFTYBANK_INDEX_BREAKOUT_57753.60_20260903_101000', 'ema20': 57495.24, 'ema50': 57311.55, 'move_efficiency_h1': 0.5072, 'ema_bullish': True, 'rsi14': 83.57, 'rsi2': 0.0, 'distance_to_vwap': 0.0003, 'atr_percentile': 0.8661, 'dist_prev_high': 0.0076, 'dist_prev_low': 0.0146, 'adx': 47.06, 'adx_slope': 3.1888, 'gap_pct': 0.0057, 'regime_primary': 'GAP_UP', 'regime_vol_state': 'HIGH_VOL'}, 'candidate_id': 'cand_NSE_NIFTYBANK_INDEX_BREAKOUT_57753.60_20260903_101000_Structural_v3.3_ExitMgmt', 'experiment_name': 'Structural_v3.3_ExitMgmt', 'strategy_id': 'structural', 'version': 'v3.2'}
2026-09-03 10:15:27,484 - INFO - Resolved active expiry from DB: 26SEP (2026-09-29)
2026-09-03 10:15:27,503 - INFO - Resolved index signal into option contract: OptionContract(symbol='NSE:BANKNIFTY26SEP57700CE', strike=57700.0, expiry='26SEP', option_type='CE', premium=840.0, delta=0.5, bid=837.85, ask=839.7, volume=430530, resolved_at=datetime.datetime(2026, 9, 3, 10, 15, 27, 503416))
2026-09-03 10:15:27,503 - INFO - ⚡ Option strike selection resolved index signal to contract NSE:BANKNIFTY26SEP57700CE @ premium 840.0 (type: CE, strike: 57700.0)
2026-09-03 10:15:27,503 - INFO - 📊 EXECUTION AUDIT [STRIKE_SELECTED]: trade_id=None, candidate_id=cand_NSE_NIFTYBANK_INDEX_BREAKOUT_57753.60_20260903_101000_Structural_v3.3_ExitMgmt, payload={'symbol': 'NSE:BANKNIFTY26SEP57700CE', 'strike': 57700.0, 'expiry': '26SEP', 'type': 'CE'}
2026-09-03 10:15:27,520 - INFO - 📊 EXECUTION AUDIT [PREMIUM_RETRIEVED]: trade_id=None, candidate_id=cand_NSE_NIFTYBANK_INDEX_BREAKOUT_57753.60_20260903_101000_Structural_v3.3_ExitMgmt, payload={'premium': 840.0, 'bid': 837.85, 'ask': 839.7}
2026-09-03 10:15:27,534 - INFO - 📊 EXECUTION AUDIT [CF_SUBMITTED]: trade_id=None, candidate_id=cand_NSE_NIFTYBANK_INDEX_BREAKOUT_57753.60_20260903_101000_Structural_v3.3_ExitMgmt, payload={'price': 57654.8, 'sl': 57609.076785714286, 'tp': 58004.225000000006}
2026-09-03 10:15:27,551 - INFO - 📊 EXECUTION AUDIT [CF_FILLED]: trade_id=None, candidate_id=cand_NSE_NIFTYBANK_INDEX_BREAKOUT_57753.60_20260903_101000_Structural_v3.3_ExitMgmt, payload={'price': 57654.8, 'sl': 57609.076785714286, 'tp': 58004.225000000006}
2026-09-03 10:15:27,566 - INFO - 💰 Position size [BREAKOUT|GAP_UP_HIGH_VOL|conf=70]: frac=0.002 → ₹5,000 (risk/unit=0.08%)
2026-09-03 10:15:27,602 - INFO - 🟢 ENTRY [CF|Structural_v3.3_ExitMgmt|ctural_v3.3_ExitMgmt]: NSE:NIFTYBANK-INDEX BUY CALL @ 57654.80 | SL: 57609.08 TP: 58004.23
2026-09-03 10:15:27,602 - INFO - 🧭 [IronCondor_v1.0] Regime router: NSE:NIFTYBANK-INDEX combo blocked from REAL capital (regime=GAP_UP_HIGH_VOL) — routed to CF
2026-09-03 10:15:27,620 - INFO - Resolved active expiry from DB: 26SEP (2026-09-29)
2026-09-03 10:15:27,699 - INFO - Resolved IRON_CONDOR for NSE:NIFTYBANK-INDEX: [('PE', 'SELL', 57600.0), ('PE', 'BUY', 57400.0), ('CE', 'SELL', 57800.0), ('CE', 'BUY', 58000.0)] net_premium=-178.60 max_loss=21.40
2026-09-03 10:15:27,727 - INFO - 🟢 CF COMBO ENTRY [IronCondor_v1.0|1505_IronCondor_v1.0]: NSE:NIFTYBANK-INDEX IRON_CONDOR | Net premium: -178.60 | Max loss: 21.40
2026-09-03 10:15:27,727 - INFO - 👻 [Butterfly_v1.0] CF COMBO BUTTERFLY_SPREAD NSE:NIFTYBANK-INDEX BUTTERFLY_SPREAD | Rejected: ['COOLDOWN_AFTER_LOSS']
2026-09-03 10:15:27,742 - INFO - Resolved active expiry from DB: 26SEP (2026-09-29)
2026-09-03 10:15:27,816 - INFO - Resolved BUTTERFLY_SPREAD for NSE:NIFTYBANK-INDEX: [('CE', 'BUY', 57500.0), ('CE', 'SELL', 57700.0), ('CE', 'SELL', 57700.0), ('CE', 'BUY', 57900.0)] net_premium=6.15 max_loss=6.15
2026-09-03 10:15:27,851 - INFO - 🟢 CF COMBO ENTRY [Butterfly_v1.0|01505_Butterfly_v1.0]: NSE:NIFTYBANK-INDEX BUTTERFLY_SPREAD | Net premium: 6.15 | Max loss: 6.15
2026-09-03 10:15:27,852 - INFO - 🧭 [IronButterfly_v1.0] Regime router: NSE:NIFTYBANK-INDEX combo blocked from REAL capital (regime=GAP_UP_HIGH_VOL) — routed to CF
2026-09-03 10:15:27,868 - INFO - Resolved active expiry from DB: 26SEP (2026-09-29)
2026-09-03 10:15:27,902 - INFO - 📡 Fetching NSE:NIFTYBANK-INDEX @ 57656  expiry=26SEP  strikes=ATM±5
2026-09-03 10:15:27,943 - INFO - Resolved IRON_BUTTERFLY for NSE:NIFTYBANK-INDEX: [('PE', 'SELL', 57700.0), ('CE', 'SELL', 57700.0), ('PE', 'BUY', 57300.0), ('CE', 'BUY', 58100.0)] net_premium=-360.30 max_loss=39.70
2026-09-03 10:15:27,972 - INFO - 🟢 CF COMBO ENTRY [IronButterfly_v1.0|5_IronButterfly_v1.0]: NSE:NIFTYBANK-INDEX IRON_BUTTERFLY | Net premium: -360.30 | Max loss: 39.70
2026-09-03 10:15:27,972 - INFO - 🧭 [ExpiryAwareTheta_v1.0] Regime router: NSE:NIFTYBANK-INDEX combo blocked from REAL capital (regime=GAP_UP_HIGH_VOL) — routed to CF
2026-09-03 10:15:27,989 - INFO - Resolved active expiry from DB: 26SEP (2026-09-29)
2026-09-03 10:15:28,065 - INFO - Resolved IRON_CONDOR for NSE:NIFTYBANK-INDEX: [('PE', 'SELL', 57600.0), ('PE', 'BUY', 57400.0), ('CE', 'SELL', 57800.0), ('CE', 'BUY', 58000.0)] net_premium=-178.60 max_loss=21.40
2026-09-03 10:15:28,097 - INFO - 🟢 CF COMBO ENTRY [ExpiryAwareTheta_v1.0|xpiryAwareTheta_v1.0]: NSE:NIFTYBANK-INDEX IRON_CONDOR | Net premium: -178.60 | Max loss: 21.40
2026-09-03 10:15:35,100 - INFO - ⏱️ [Real-time Exit Loop] Checking open positions @ 10:15:35...
2026-09-03 10:15:36,238 - INFO - 📊 EXECUTION AUDIT [CF_SL_MODIFIED]: trade_id=None, candidate_id=cand_NSE_NIFTYBANK_INDEX_BREAKOUT_57753.60_20260903_101000_Structural_v3.2_RVOL1.0, payload={'price': 57656.7, 'old_sl': 57609.076785714286, 'new_sl': 57610.97678571428, 'old_tp': None, 'new_tp': 58004.225000000006, 'reason': 'TRAILING_SL'}
2026-09-03 10:15:36,280 - INFO - 🟡 UPDATE (TRAILING_SL) [CFStructural_v3.2_RVOL1.0|uctural_v3.2_RVOL1.0]: NSE:NIFTYBANK-INDEX @ 57656.70 | SL→57610.98 TP→58004.23
2026-09-03 10:15:36,280 - INFO - 📊 EXECUTION AUDIT [CF_SL_MODIFIED]: trade_id=None, candidate_id=cand_NSE_NIFTYBANK_INDEX_BREAKOUT_57753.60_20260903_101000_Structural_v3.2_RVOL0.8, payload={'price': 57656.7, 'old_sl': 57609.076785714286, 'new_sl': 57610.97678571428, 'old_tp': None, 'new_tp': 58004.225000000006, 'reason': 'TRAILING_SL'}
2026-09-03 10:15:36,320 - INFO - 🟡 UPDATE (TRAILING_SL) [CFStructural_v3.2_RVOL0.8|uctural_v3.2_RVOL0.8]: NSE:NIFTYBANK-INDEX @ 57656.70 | SL→57610.98 TP→58004.23
2026-09-03 10:15:37,193 - INFO - Retrieved live premium from Fyers API: LTP=20.15 for NSE:NIFTY2690823700PE
2026-09-03 10:15:38,208 - INFO - Retrieved live premium from Fyers API: LTP=338.15 for NSE:BANKNIFTY26SEP57000PE
2026-09-03 10:15:39,229 - INFO - Retrieved live premium from Fyers API: LTP=338.15 for NSE:BANKNIFTY26SEP57000PE
2026-09-03 10:15:40,208 - INFO - Retrieved live premium from Fyers API: LTP=365.0 for NSE:BANKNIFTY26SEP57100PE
2026-09-03 10:15:41,219 - INFO - Retrieved live premium from Fyers API: LTP=313.65 for NSE:BANKNIFTY26SEP56900PE
2026-09-03 10:15:42,212 - INFO - Retrieved live premium from Fyers API: LTP=289.95 for NSE:BANKNIFTY26SEP56800PE
2026-09-03 10:15:43,219 - INFO - Retrieved live premium from Fyers API: LTP=365.0 for NSE:BANKNIFTY26SEP57100PE
2026-09-03 10:15:44,238 - INFO - Retrieved live premium from Fyers API: LTP=313.65 for NSE:BANKNIFTY26SEP56900PE
2026-09-03 10:15:46,616 - INFO - 🔴 CF COMBO EXIT (STOP_R) [Butterfly_v1.0|01505_Butterfly_v1.0]: NSE:NIFTYBANK-INDEX BUTTERFLY_SPREAD | PnL -1.13R | 0min
2026-09-03 10:15:57,406 - INFO - 📊 Saved 22 snapshots for NSE:NIFTYBANK-INDEX  (oi range: 90,000–1,982,970)
2026-09-03 10:15:58,503 - INFO - 📡 Fetching NSE:NIFTY50-INDEX @ 23991  expiry=26908  strikes=ATM±5
2026-09-03 10:16:05,809 - INFO - ⏱️ [Real-time Exit Loop] Checking open positions @ 10:16:05...
2026-09-03 10:16:06,935 - INFO - 📊 EXECUTION AUDIT [CF_SL_MODIFIED]: trade_id=None, candidate_id=cand_NSE_NIFTYBANK_INDEX_BREAKOUT_57753.60_20260903_101000_Structural_v3.2_RVOL1.0, payload={'price': 57669.9, 'old_sl': 57610.97678571428, 'new_sl': 57624.176785714284, 'old_tp': None, 'new_tp': 58004.225000000006, 'reason': 'TRAILING_SL'}
2026-09-03 10:16:06,980 - INFO - 🟡 UPDATE (TRAILING_SL) [CFStructural_v3.2_RVOL1.0|uctural_v3.2_RVOL1.0]: NSE:NIFTYBANK-INDEX @ 57669.90 | SL→57624.18 TP→58004.23
2026-09-03 10:16:06,981 - INFO - 📊 EXECUTION AUDIT [CF_SL_MODIFIED]: trade_id=None, candidate_id=cand_NSE_NIFTYBANK_INDEX_BREAKOUT_57753.60_20260903_101000_Structural_v3.2_RVOL0.8, payload={'price': 57669.9, 'old_sl': 57610.97678571428, 'new_sl': 57624.176785714284, 'old_tp': None, 'new_tp': 58004.225000000006, 'reason': 'TRAILING_SL'}
2026-09-03 10:16:07,021 - INFO - 🟡 UPDATE (TRAILING_SL) [CFStructural_v3.2_RVOL0.8|uctural_v3.2_RVOL0.8]: NSE:NIFTYBANK-INDEX @ 57669.90 | SL→57624.18 TP→58004.23
2026-09-03 10:16:07,904 - INFO - Retrieved live premium from Fyers API: LTP=20.1 for NSE:NIFTY2690823700PE
2026-09-03 10:16:08,908 - INFO - Retrieved live premium from Fyers API: LTP=337.45 for NSE:BANKNIFTY26SEP57000PE
2026-09-03 10:16:09,913 - INFO - Retrieved live premium from Fyers API: LTP=338.4 for NSE:BANKNIFTY26SEP57000PE
2026-09-03 10:16:10,919 - INFO - Retrieved live premium from Fyers API: LTP=363.6 for NSE:BANKNIFTY26SEP57100PE
2026-09-03 10:16:11,930 - INFO - Retrieved live premium from Fyers API: LTP=310.85 for NSE:BANKNIFTY26SEP56900PE
2026-09-03 10:16:12,931 - INFO - Retrieved live premium from Fyers API: LTP=286.9 for NSE:BANKNIFTY26SEP56800PE
2026-09-03 10:16:13,937 - INFO - Retrieved live premium from Fyers API: LTP=363.6 for NSE:BANKNIFTY26SEP57100PE
2026-09-03 10:16:14,948 - INFO - Retrieved live premium from Fyers API: LTP=312.15 for NSE:BANKNIFTY26SEP56900PE
2026-09-03 10:16:27,865 - INFO - 📊 Saved 22 snapshots for NSE:NIFTY50-INDEX  (oi range: 352,170–14,161,030)
2026-09-03 10:16:29,967 - INFO - 📡 Fetching NSE:NIFTYBANK-INDEX @ 57666  expiry=26SEP  strikes=ATM±5
2026-09-03 10:16:35,666 - INFO - ⏱️ [Real-time Exit Loop] Checking open positions @ 10:16:35...
2026-09-03 10:16:37,764 - INFO - Retrieved live premium from Fyers API: LTP=20.05 for NSE:NIFTY2690823700PE
2026-09-03 10:16:38,755 - INFO - Retrieved live premium from Fyers API: LTP=337.95 for NSE:BANKNIFTY26SEP57000PE
2026-09-03 10:16:39,813 - INFO - Retrieved live premium from Fyers API: LTP=337.95 for NSE:BANKNIFTY26SEP57000PE
2026-09-03 10:16:40,780 - INFO - Retrieved live premium from Fyers API: LTP=364.5 for NSE:BANKNIFTY26SEP57100PE
2026-09-03 10:16:41,812 - INFO - Retrieved live premium from Fyers API: LTP=312.9 for NSE:BANKNIFTY26SEP56900PE
2026-09-03 10:16:42,787 - INFO - Retrieved live premium from Fyers API: LTP=289.0 for NSE:BANKNIFTY26SEP56800PE
2026-09-03 10:16:43,788 - INFO - Retrieved live premium from Fyers API: LTP=364.5 for NSE:BANKNIFTY26SEP57100PE
2026-09-03 10:16:44,796 - INFO - Retrieved live premium from Fyers API: LTP=312.9 for NSE:BANKNIFTY26SEP56900PE
2026-09-03 10:16:59,363 - INFO - 📊 Saved 22 snapshots for NSE:NIFTYBANK-INDEX  (oi range: 89,820–1,983,870)
2026-09-03 10:17:00,474 - INFO - 📡 Fetching NSE:NIFTY50-INDEX @ 23992  expiry=26908  strikes=ATM±5
2026-09-03 10:17:05,292 - INFO - ⏱️ [Real-time Exit Loop] Checking open positions @ 10:17:05...
2026-09-03 10:17:07,456 - INFO - Retrieved live premium from Fyers API: LTP=20.05 for NSE:NIFTY2690823700PE
2026-09-03 10:17:08,454 - INFO - Retrieved live premium from Fyers API: LTP=338.35 for NSE:BANKNIFTY26SEP57000PE
2026-09-03 10:17:09,428 - INFO - Retrieved live premium from Fyers API: LTP=338.35 for NSE:BANKNIFTY26SEP57000PE
2026-09-03 10:17:10,429 - INFO - Retrieved live premium from Fyers API: LTP=365.3 for NSE:BANKNIFTY26SEP57100PE
2026-09-03 10:17:11,443 - INFO - Retrieved live premium from Fyers API: LTP=312.9 for NSE:BANKNIFTY26SEP56900PE
2026-09-03 10:17:12,445 - INFO - Retrieved live premium from Fyers API: LTP=289.4 for NSE:BANKNIFTY26SEP56800PE
2026-09-03 10:17:13,429 - INFO - Retrieved live premium from Fyers API: LTP=365.3 for NSE:BANKNIFTY26SEP57100PE
2026-09-03 10:17:14,435 - INFO - Retrieved live premium from Fyers API: LTP=312.9 for NSE:BANKNIFTY26SEP56900PE
2026-09-03 10:17:30,319 - INFO - 📊 Saved 22 snapshots for NSE:NIFTY50-INDEX  (oi range: 353,015–14,191,970)
2026-09-03 10:17:32,433 - INFO - 📡 Fetching NSE:NIFTYBANK-INDEX @ 57661  expiry=26SEP  strikes=ATM±5
2026-09-03 10:17:35,878 - INFO - ⏱️ [Real-time Exit Loop] Checking open positions @ 10:17:35...
2026-09-03 10:17:37,994 - INFO - Retrieved live premium from Fyers API: LTP=19.95 for NSE:NIFTY2690823700PE
2026-09-03 10:17:38,990 - INFO - Retrieved live premium from Fyers API: LTP=338.5 for NSE:BANKNIFTY26SEP57000PE
2026-09-03 10:17:40,014 - INFO - Retrieved live premium from Fyers API: LTP=338.5 for NSE:BANKNIFTY26SEP57000PE
2026-09-03 10:17:41,025 - INFO - Retrieved live premium from Fyers API: LTP=364.0 for NSE:BANKNIFTY26SEP57100PE
2026-09-03 10:17:42,056 - INFO - Retrieved live premium from Fyers API: LTP=313.3 for NSE:BANKNIFTY26SEP56900PE
2026-09-03 10:17:43,042 - INFO - Retrieved live premium from Fyers API: LTP=287.85 for NSE:BANKNIFTY26SEP56800PE
2026-09-03 10:17:44,053 - INFO - Retrieved live premium from Fyers API: LTP=364.0 for NSE:BANKNIFTY26SEP57100PE
2026-09-03 10:17:45,052 - INFO - Retrieved live premium from Fyers API: LTP=313.3 for NSE:BANKNIFTY26SEP56900PE
2026-09-03 10:18:01,971 - INFO - 📊 Saved 22 snapshots for NSE:NIFTYBANK-INDEX  (oi range: 89,880–1,983,840)
2026-09-03 10:18:03,084 - INFO - 📡 Fetching NSE:NIFTY50-INDEX @ 23992  expiry=26908  strikes=ATM±5
2026-09-03 10:18:05,542 - INFO - ⏱️ [Real-time Exit Loop] Checking open positions @ 10:18:05...
2026-09-03 10:18:06,670 - INFO - 📊 EXECUTION AUDIT [CF_SL_MODIFIED]: trade_id=None, candidate_id=cand_NSE_NIFTYBANK_INDEX_BREAKOUT_57753.60_20260903_101000_Structural_v3.2_RVOL1.0, payload={'price': 57675.45, 'old_sl': 57624.176785714284, 'new_sl': 57629.72678571428, 'old_tp': None, 'new_tp': 58004.225000000006, 'reason': 'TRAILING_SL'}
2026-09-03 10:18:06,716 - INFO - 🟡 UPDATE (TRAILING_SL) [CFStructural_v3.2_RVOL1.0|uctural_v3.2_RVOL1.0]: NSE:NIFTYBANK-INDEX @ 57675.45 | SL→57629.73 TP→58004.23
2026-09-03 10:18:06,716 - INFO - 📊 EXECUTION AUDIT [CF_SL_MODIFIED]: trade_id=None, candidate_id=cand_NSE_NIFTYBANK_INDEX_BREAKOUT_57753.60_20260903_101000_Structural_v3.2_RVOL0.8, payload={'price': 57675.45, 'old_sl': 57624.176785714284, 'new_sl': 57629.72678571428, 'old_tp': None, 'new_tp': 58004.225000000006, 'reason': 'TRAILING_SL'}
2026-09-03 10:18:06,759 - INFO - 🟡 UPDATE (TRAILING_SL) [CFStructural_v3.2_RVOL0.8|uctural_v3.2_RVOL0.8]: NSE:NIFTYBANK-INDEX @ 57675.45 | SL→57629.73 TP→58004.23
2026-09-03 10:18:07,642 - INFO - Retrieved live premium from Fyers API: LTP=19.9 for NSE:NIFTY2690823700PE
2026-09-03 10:18:08,649 - INFO - Retrieved live premium from Fyers API: LTP=335.0 for NSE:BANKNIFTY26SEP57000PE
2026-09-03 10:18:09,666 - INFO - Retrieved live premium from Fyers API: LTP=335.0 for NSE:BANKNIFTY26SEP57000PE
2026-09-03 10:18:10,668 - INFO - Retrieved live premium from Fyers API: LTP=361.5 for NSE:BANKNIFTY26SEP57100PE
2026-09-03 10:18:11,667 - INFO - Retrieved live premium from Fyers API: LTP=310.0 for NSE:BANKNIFTY26SEP56900PE
2026-09-03 10:18:12,665 - INFO - Retrieved live premium from Fyers API: LTP=286.7 for NSE:BANKNIFTY26SEP56800PE
2026-09-03 10:18:13,672 - INFO - Retrieved live premium from Fyers API: LTP=361.5 for NSE:BANKNIFTY26SEP57100PE
2026-09-03 10:18:14,661 - INFO - Retrieved live premium from Fyers API: LTP=310.0 for NSE:BANKNIFTY26SEP56900PE
2026-09-03 10:18:32,605 - INFO - 📊 Saved 22 snapshots for NSE:NIFTY50-INDEX  (oi range: 353,015–13,987,545)
2026-09-03 10:18:34,701 - INFO - 📡 Fetching NSE:NIFTYBANK-INDEX @ 57672  expiry=26SEP  strikes=ATM±5
2026-09-03 10:18:35,104 - INFO - ⏱️ [Real-time Exit Loop] Checking open positions @ 10:18:35...
2026-09-03 10:18:37,200 - INFO - Retrieved live premium from Fyers API: LTP=19.95 for NSE:NIFTY2690823700PE
2026-09-03 10:18:38,219 - INFO - Retrieved live premium from Fyers API: LTP=337.0 for NSE:BANKNIFTY26SEP57000PE
2026-09-03 10:18:39,218 - INFO - Retrieved live premium from Fyers API: LTP=336.2 for NSE:BANKNIFTY26SEP57000PE
2026-09-03 10:18:40,232 - INFO - Retrieved live premium from Fyers API: LTP=362.8 for NSE:BANKNIFTY26SEP57100PE
2026-09-03 10:18:41,236 - INFO - Retrieved live premium from Fyers API: LTP=308.65 for NSE:BANKNIFTY26SEP56900PE
2026-09-03 10:18:42,243 - INFO - Retrieved live premium from Fyers API: LTP=286.7 for NSE:BANKNIFTY26SEP56800PE
2026-09-03 10:18:43,258 - INFO - Retrieved live premium from Fyers API: LTP=362.8 for NSE:BANKNIFTY26SEP57100PE
2026-09-03 10:18:44,254 - INFO - Retrieved live premium from Fyers API: LTP=308.65 for NSE:BANKNIFTY26SEP56900PE
2026-09-03 10:19:04,406 - INFO - 📊 Saved 22 snapshots for NSE:NIFTYBANK-INDEX  (oi range: 89,880–1,983,390)
2026-09-03 10:19:05,529 - INFO - 📡 Fetching NSE:NIFTY50-INDEX @ 23993  expiry=26908  strikes=ATM±5
2026-09-03 10:19:05,730 - INFO - ⏱️ [Real-time Exit Loop] Checking open positions @ 10:19:05...
2026-09-03 10:19:06,856 - INFO - 📊 EXECUTION AUDIT [CF_SL_MODIFIED]: trade_id=None, candidate_id=cand_NSE_NIFTYBANK_INDEX_BREAKOUT_57753.60_20260903_101000_Structural_v3.2_RVOL1.0, payload={'price': 57681.15, 'old_sl': 57629.72678571428, 'new_sl': 57635.426785714284, 'old_tp': None, 'new_tp': 58004.225000000006, 'reason': 'TRAILING_SL'}
2026-09-03 10:19:06,902 - INFO - 🟡 UPDATE (TRAILING_SL) [CFStructural_v3.2_RVOL1.0|uctural_v3.2_RVOL1.0]: NSE:NIFTYBANK-INDEX @ 57681.15 | SL→57635.43 TP→58004.23
2026-09-03 10:19:06,902 - INFO - 📊 EXECUTION AUDIT [CF_SL_MODIFIED]: trade_id=None, candidate_id=cand_NSE_NIFTYBANK_INDEX_BREAKOUT_57753.60_20260903_101000_Structural_v3.2_RVOL0.8, payload={'price': 57681.15, 'old_sl': 57629.72678571428, 'new_sl': 57635.426785714284, 'old_tp': None, 'new_tp': 58004.225000000006, 'reason': 'TRAILING_SL'}
2026-09-03 10:19:06,946 - INFO - 🟡 UPDATE (TRAILING_SL) [CFStructural_v3.2_RVOL0.8|uctural_v3.2_RVOL0.8]: NSE:NIFTYBANK-INDEX @ 57681.15 | SL→57635.43 TP→58004.23
2026-09-03 10:19:07,853 - INFO - Retrieved live premium from Fyers API: LTP=19.6 for NSE:NIFTY2690823700PE
2026-09-03 10:19:08,850 - INFO - Retrieved live premium from Fyers API: LTP=335.0 for NSE:BANKNIFTY26SEP57000PE
2026-09-03 10:19:09,887 - INFO - Retrieved live premium from Fyers API: LTP=335.0 for NSE:BANKNIFTY26SEP57000PE
2026-09-03 10:19:10,858 - INFO - Retrieved live premium from Fyers API: LTP=362.8 for NSE:BANKNIFTY26SEP57100PE
2026-09-03 10:19:11,831 - INFO - Retrieved live premium from Fyers API: LTP=308.65 for NSE:BANKNIFTY26SEP56900PE
2026-09-03 10:19:12,836 - INFO - Retrieved live premium from Fyers API: LTP=286.7 for NSE:BANKNIFTY26SEP56800PE
2026-09-03 10:19:13,872 - INFO - Retrieved live premium from Fyers API: LTP=362.8 for NSE:BANKNIFTY26SEP57100PE
2026-09-03 10:19:14,845 - INFO - Retrieved live premium from Fyers API: LTP=308.65 for NSE:BANKNIFTY26SEP56900PE
2026-09-03 10:19:35,361 - INFO - ⏱️ [Real-time Exit Loop] Checking open positions @ 10:19:35...
2026-09-03 10:19:35,363 - INFO - 📊 Saved 22 snapshots for NSE:NIFTY50-INDEX  (oi range: 354,640–14,030,575)
2026-09-03 10:19:36,507 - INFO - 📊 EXECUTION AUDIT [CF_SL_MODIFIED]: trade_id=None, candidate_id=cand_NSE_NIFTYBANK_INDEX_BREAKOUT_57753.60_20260903_101000_Structural_v3.2_RVOL1.0, payload={'price': 57696.7, 'old_sl': 57635.426785714284, 'new_sl': 57650.97678571428, 'old_tp': None, 'new_tp': 58004.225000000006, 'reason': 'TRAILING_SL'}
2026-09-03 10:19:36,544 - INFO - 🟡 UPDATE (TRAILING_SL) [CFStructural_v3.2_RVOL1.0|uctural_v3.2_RVOL1.0]: NSE:NIFTYBANK-INDEX @ 57696.70 | SL→57650.98 TP→58004.23
2026-09-03 10:19:36,544 - INFO - 📊 EXECUTION AUDIT [CF_SL_MODIFIED]: trade_id=None, candidate_id=cand_NSE_NIFTYBANK_INDEX_BREAKOUT_57753.60_20260903_101000_Structural_v3.2_RVOL0.8, payload={'price': 57696.7, 'old_sl': 57635.426785714284, 'new_sl': 57650.97678571428, 'old_tp': None, 'new_tp': 58004.225000000006, 'reason': 'TRAILING_SL'}
2026-09-03 10:19:36,582 - INFO - 🟡 UPDATE (TRAILING_SL) [CFStructural_v3.2_RVOL0.8|uctural_v3.2_RVOL0.8]: NSE:NIFTYBANK-INDEX @ 57696.70 | SL→57650.98 TP→58004.23
2026-09-03 10:19:37,486 - INFO - 📡 Fetching NSE:NIFTYBANK-INDEX @ 57697  expiry=26SEP  strikes=ATM±5
2026-09-03 10:19:37,495 - INFO - Retrieved live premium from Fyers API: LTP=19.5 for NSE:NIFTY2690823700PE
2026-09-03 10:19:38,479 - INFO - Retrieved live premium from Fyers API: LTP=333.45 for NSE:BANKNIFTY26SEP57000PE
2026-09-03 10:19:39,478 - INFO - Retrieved live premium from Fyers API: LTP=333.45 for NSE:BANKNIFTY26SEP57000PE
2026-09-03 10:19:40,515 - INFO - Retrieved live premium from Fyers API: LTP=360.0 for NSE:BANKNIFTY26SEP57100PE
2026-09-03 10:19:41,498 - INFO - Retrieved live premium from Fyers API: LTP=306.55 for NSE:BANKNIFTY26SEP56900PE
2026-09-03 10:19:42,527 - INFO - Retrieved live premium from Fyers API: LTP=281.45 for NSE:BANKNIFTY26SEP56800PE
2026-09-03 10:19:43,526 - INFO - Retrieved live premium from Fyers API: LTP=360.0 for NSE:BANKNIFTY26SEP57100PE
2026-09-03 10:19:44,516 - INFO - Retrieved live premium from Fyers API: LTP=306.55 for NSE:BANKNIFTY26SEP56900PE
2026-09-03 10:20:05,046 - INFO - 🔔 [New Candle Closed] Running entry pipeline for candle 10:20 at 10:20:05...
2026-09-03 10:20:05,046 - INFO - --- 10:20:05 Market Pulse ---
2026-09-03 10:20:07,276 - INFO - 📊 Saved 22 snapshots for NSE:NIFTYBANK-INDEX  (oi range: 89,670–1,983,810)
2026-09-03 10:20:08,389 - INFO - 📡 Fetching NSE:NIFTY50-INDEX @ 23999  expiry=26908  strikes=ATM±5
2026-09-03 10:20:10,225 - INFO - 📊 EXECUTION AUDIT [CF_EXITED]: trade_id=None, candidate_id=cand_NSE_NIFTYBANK_INDEX_BREAKOUT_57753.60_20260903_101000_Structural_v3.2_RVOL1.0, payload={'exit_price': 57650.97678571428, 'exit_reason': 'TRAILING_SL', 'pnl_r': 0.0011313564368225935, 'duration_minutes': 4.996489333333333, 'bars_held': 1}
2026-09-03 10:20:10,278 - INFO - 🔴 EXIT (TRAILING_SL) [CFStructural_v3.2_RVOL1.0|uctural_v3.2_RVOL1.0]: NSE:NIFTYBANK-INDEX @ 57650.98 | PnL +0.00R | MFE 0.92R | Capture 0% | 1bars HoldEff +0.001R/bar
2026-09-03 10:20:10,278 - INFO - 📊 EXECUTION AUDIT [CF_EXITED]: trade_id=None, candidate_id=cand_NSE_NIFTYBANK_INDEX_BREAKOUT_57753.60_20260903_101000_Structural_v3.2_RVOL0.8, payload={'exit_price': 57650.97678571428, 'exit_reason': 'TRAILING_SL', 'pnl_r': 0.0011313564368225935, 'duration_minutes': 4.996489333333333, 'bars_held': 1}
2026-09-03 10:20:10,333 - INFO - 🔴 EXIT (TRAILING_SL) [CFStructural_v3.2_RVOL0.8|uctural_v3.2_RVOL0.8]: NSE:NIFTYBANK-INDEX @ 57650.98 | PnL +0.00R | MFE 0.92R | Capture 0% | 1bars HoldEff +0.001R/bar
2026-09-03 10:20:11,198 - INFO - Retrieved live premium from Fyers API: LTP=19.85 for NSE:NIFTY2690823700PE
2026-09-03 10:20:12,216 - INFO - Retrieved live premium from Fyers API: LTP=334.25 for NSE:BANKNIFTY26SEP57000PE
2026-09-03 10:20:13,183 - INFO - Retrieved live premium from Fyers API: LTP=334.35 for NSE:BANKNIFTY26SEP57000PE
2026-09-03 10:20:14,208 - INFO - Retrieved live premium from Fyers API: LTP=360.8 for NSE:BANKNIFTY26SEP57100PE
2026-09-03 10:20:15,222 - INFO - Retrieved live premium from Fyers API: LTP=308.25 for NSE:BANKNIFTY26SEP56900PE
2026-09-03 10:20:16,213 - INFO - Retrieved live premium from Fyers API: LTP=285.4 for NSE:BANKNIFTY26SEP56800PE
2026-09-03 10:20:17,239 - INFO - Retrieved live premium from Fyers API: LTP=360.55 for NSE:BANKNIFTY26SEP57100PE
2026-09-03 10:20:18,233 - INFO - Retrieved live premium from Fyers API: LTP=307.95 for NSE:BANKNIFTY26SEP56900PE
2026-09-03 10:20:23,492 - INFO - Resolved active expiry from DB: 26908 (2026-09-08)
2026-09-03 10:20:23,493 - INFO - 🧭 [CreditSpread_v1.0_PCRFade] Regime router: NSE:NIFTY50-INDEX combo blocked from REAL capital (regime=STRONG_TREND_UP_HIGH_VOL) — routed to CF
2026-09-03 10:20:23,507 - INFO - Resolved active expiry from DB: 26908 (2026-09-08)
2026-09-03 10:20:23,542 - INFO - Resolved BEAR_CALL_SPREAD for NSE:NIFTY50-INDEX: [('CE', 'SELL', 24050.0), ('CE', 'BUY', 24150.0)] net_premium=-44.00 max_loss=56.00
2026-09-03 10:20:23,572 - INFO - 🟢 CF COMBO ENTRY [CreditSpread_v1.0_PCRFade|tSpread_v1.0_PCRFade]: NSE:NIFTY50-INDEX BEAR_CALL_SPREAD | Net premium: -44.00 | Max loss: 56.00
2026-09-03 10:20:23,572 - INFO - 🧭 [IronCondor_v1.0] Regime router: NSE:NIFTY50-INDEX combo blocked from REAL capital (regime=STRONG_TREND_UP_HIGH_VOL) — routed to CF
2026-09-03 10:20:23,589 - INFO - Resolved active expiry from DB: 26908 (2026-09-08)
2026-09-03 10:20:23,667 - INFO - Resolved IRON_CONDOR for NSE:NIFTY50-INDEX: [('PE', 'SELL', 23950.0), ('PE', 'BUY', 23850.0), ('CE', 'SELL', 24050.0), ('CE', 'BUY', 24150.0)] net_premium=-71.35 max_loss=28.65
2026-09-03 10:20:23,699 - INFO - 🟢 CF COMBO ENTRY [IronCondor_v1.0|2005_IronCondor_v1.0]: NSE:NIFTY50-INDEX IRON_CONDOR | Net premium: -71.35 | Max loss: 28.65
2026-09-03 10:20:23,699 - INFO - 🧭 [IronButterfly_v1.0] Regime router: NSE:NIFTY50-INDEX combo blocked from REAL capital (regime=STRONG_TREND_UP_HIGH_VOL) — routed to CF
2026-09-03 10:20:23,718 - INFO - Resolved active expiry from DB: 26908 (2026-09-08)
2026-09-03 10:20:23,788 - INFO - Resolved IRON_BUTTERFLY for NSE:NIFTY50-INDEX: [('PE', 'SELL', 24000.0), ('CE', 'SELL', 24000.0), ('PE', 'BUY', 23800.0), ('CE', 'BUY', 24200.0)] net_premium=-142.60 max_loss=57.40
2026-09-03 10:20:23,822 - INFO - 🟢 CF COMBO ENTRY [IronButterfly_v1.0|5_IronButterfly_v1.0]: NSE:NIFTY50-INDEX IRON_BUTTERFLY | Net premium: -142.60 | Max loss: 57.40
2026-09-03 10:20:23,822 - INFO - 🧭 [ExpiryAwareTheta_v1.0] Regime router: NSE:NIFTY50-INDEX combo blocked from REAL capital (regime=STRONG_TREND_UP_HIGH_VOL) — routed to CF
2026-09-03 10:20:23,838 - INFO - Resolved active expiry from DB: 26908 (2026-09-08)
2026-09-03 10:20:23,916 - INFO - Resolved IRON_CONDOR for NSE:NIFTY50-INDEX: [('PE', 'SELL', 23950.0), ('PE', 'BUY', 23850.0), ('CE', 'SELL', 24050.0), ('CE', 'BUY', 24150.0)] net_premium=-71.35 max_loss=28.65
2026-09-03 10:20:23,947 - INFO - 🟢 CF COMBO ENTRY [ExpiryAwareTheta_v1.0|xpiryAwareTheta_v1.0]: NSE:NIFTY50-INDEX IRON_CONDOR | Net premium: -71.35 | Max loss: 28.65
2026-09-03 10:20:25,963 - INFO - Resolved active expiry from DB: 26SEP (2026-09-29)
2026-09-03 10:20:25,965 - INFO - 👻 [Structural_v3.2_RVOL1.0] CF BREAKOUT NSE:NIFTYBANK-INDEX BUY CALL | Rejected: ['BIAS_MISMATCH', 'LOW_EFFICIENCY']
2026-09-03 10:20:25,966 - INFO - 📊 EXECUTION AUDIT [SIGNAL_GENERATED]: trade_id=None, candidate_id=cand_NSE_NIFTYBANK_INDEX_BREAKOUT_57753.60_20260903_101500_Structural_v3.2_RVOL1.0, payload={'symbol': 'NSE:NIFTYBANK-INDEX', 'signal': 'BUY CALL', 'strategy': 'BREAKOUT', 'price': 57688.55, 'stop_loss': 57641.00714285715, 'take_profit': 58004.225000000006, 'tp1': 57759.864285714284, 'rr_ratio': 6.64, 'timestamp': '2026-09-03T10:15:00+05:30', 'accepted': False, 'rejection_reasons': ['BIAS_MISMATCH', 'LOW_EFFICIENCY'], 'features': {'date': '2026-09-03', 'strategy_name': 'Structural_v3', 'strategy_version': 'v3.2', 'feature_version': 'v1.1', 'market_regime': 'GAP_UP_HIGH_VOL', 'day_type': 'NORMAL_DAY', 'session_type': 'MID', 'daily_bias': 'NEUTRAL', 'hourly_bias': 'NEUTRAL', 'trend_strength': 0.0, 'rvol': 1.36, 'rvol_threshold': 1.0, 'atr': 95.09, 'distance_from_supply': 315.68, 'distance_from_demand': 865.35, 'nearest_supply_strength': 84.0, 'nearest_demand_strength': 70.0, 'distance_to_liquidity_pool': 865.3500000000058, 'liquidity_score': 13.600000000000001, 'indicator_snapshot': {'rvol_tod': 1.36, 'is_compressed': False, 'bos_count': 0}, 'move_efficiency': 0.1533, 'wickiness': 0.4553, 'fft_score': 0.0, 'setup_type': 'BREAKOUT', 'candidate_id': 'cand_NSE_NIFTYBANK_INDEX_BREAKOUT_57753.60_20260903_101500', 'ema20': 57513.65, 'ema50': 57326.33, 'move_efficiency_h1': 0.5215, 'ema_bullish': True, 'rsi14': 84.2, 'rsi2': 58.54, 'distance_to_vwap': 0.0009, 'atr_percentile': 0.88, 'dist_prev_high': 0.0082, 'dist_prev_low': 0.0152, 'adx': 47.63, 'adx_slope': 2.2072, 'gap_pct': 0.0057, 'regime_primary': 'GAP_UP', 'regime_vol_state': 'HIGH_VOL'}, 'candidate_id': 'cand_NSE_NIFTYBANK_INDEX_BREAKOUT_57753.60_20260903_101500_Structural_v3.2_RVOL1.0', 'experiment_name': 'Structural_v3.2_RVOL1.0', 'strategy_id': 'structural', 'version': 'v3.2'}
2026-09-03 10:20:25,996 - INFO - Resolved active expiry from DB: 26SEP (2026-09-29)
2026-09-03 10:20:26,013 - INFO - Resolved index signal into option contract: OptionContract(symbol='NSE:BANKNIFTY26SEP57700CE', strike=57700.0, expiry='26SEP', option_type='CE', premium=840.0, delta=0.5, bid=837.55, ask=840.3, volume=440220, resolved_at=datetime.datetime(2026, 9, 3, 10, 20, 26, 13437))
2026-09-03 10:20:26,013 - INFO - ⚡ Option strike selection resolved index signal to contract NSE:BANKNIFTY26SEP57700CE @ premium 840.0 (type: CE, strike: 57700.0)
2026-09-03 10:20:26,013 - INFO - 📊 EXECUTION AUDIT [STRIKE_SELECTED]: trade_id=None, candidate_id=cand_NSE_NIFTYBANK_INDEX_BREAKOUT_57753.60_20260903_101500_Structural_v3.2_RVOL1.0, payload={'symbol': 'NSE:BANKNIFTY26SEP57700CE', 'strike': 57700.0, 'expiry': '26SEP', 'type': 'CE'}
2026-09-03 10:20:26,029 - INFO - 📊 EXECUTION AUDIT [PREMIUM_RETRIEVED]: trade_id=None, candidate_id=cand_NSE_NIFTYBANK_INDEX_BREAKOUT_57753.60_20260903_101500_Structural_v3.2_RVOL1.0, payload={'premium': 840.0, 'bid': 837.55, 'ask': 840.3}
2026-09-03 10:20:26,043 - INFO - 📊 EXECUTION AUDIT [CF_SUBMITTED]: trade_id=None, candidate_id=cand_NSE_NIFTYBANK_INDEX_BREAKOUT_57753.60_20260903_101500_Structural_v3.2_RVOL1.0, payload={'price': 57688.55, 'sl': 57641.00714285715, 'tp': 58004.225000000006}
2026-09-03 10:20:26,060 - INFO - 📊 EXECUTION AUDIT [CF_FILLED]: trade_id=None, candidate_id=cand_NSE_NIFTYBANK_INDEX_BREAKOUT_57753.60_20260903_101500_Structural_v3.2_RVOL1.0, payload={'price': 57688.55, 'sl': 57641.00714285715, 'tp': 58004.225000000006}
2026-09-03 10:20:26,075 - INFO - 💰 Position size [BREAKOUT|GAP_UP_HIGH_VOL|conf=70]: frac=0.002 → ₹5,000 (risk/unit=0.08%)
2026-09-03 10:20:26,109 - INFO - 🟢 ENTRY [CF|Structural_v3.2_RVOL1.0|uctural_v3.2_RVOL1.0]: NSE:NIFTYBANK-INDEX BUY CALL @ 57688.55 | SL: 57641.01 TP: 58004.23
2026-09-03 10:20:26,110 - INFO - 👻 [Structural_v3.2_RVOL0.8] CF BREAKOUT NSE:NIFTYBANK-INDEX BUY CALL | Rejected: ['BIAS_MISMATCH', 'LOW_EFFICIENCY']
2026-09-03 10:20:26,110 - INFO - 📊 EXECUTION AUDIT [SIGNAL_GENERATED]: trade_id=None, candidate_id=cand_NSE_NIFTYBANK_INDEX_BREAKOUT_57753.60_20260903_101500_Structural_v3.2_RVOL0.8, payload={'symbol': 'NSE:NIFTYBANK-INDEX', 'signal': 'BUY CALL', 'strategy': 'BREAKOUT', 'price': 57688.55, 'stop_loss': 57641.00714285715, 'take_profit': 58004.225000000006, 'tp1': 57759.864285714284, 'rr_ratio': 6.64, 'timestamp': '2026-09-03T10:15:00+05:30', 'accepted': False, 'rejection_reasons': ['BIAS_MISMATCH', 'LOW_EFFICIENCY'], 'features': {'date': '2026-09-03', 'strategy_name': 'Structural_v3', 'strategy_version': 'v3.2', 'feature_version': 'v1.1', 'market_regime': 'GAP_UP_HIGH_VOL', 'day_type': 'NORMAL_DAY', 'session_type': 'MID', 'daily_bias': 'NEUTRAL', 'hourly_bias': 'NEUTRAL', 'trend_strength': 0.0, 'rvol': 1.36, 'rvol_threshold': 0.8, 'atr': 95.09, 'distance_from_supply': 315.68, 'distance_from_demand': 865.35, 'nearest_supply_strength': 84.0, 'nearest_demand_strength': 70.0, 'distance_to_liquidity_pool': 865.3500000000058, 'liquidity_score': 13.600000000000001, 'indicator_snapshot': {'rvol_tod': 1.36, 'is_compressed': False, 'bos_count': 0}, 'move_efficiency': 0.1533, 'wickiness': 0.4553, 'fft_score': 0.0, 'setup_type': 'BREAKOUT', 'candidate_id': 'cand_NSE_NIFTYBANK_INDEX_BREAKOUT_57753.60_20260903_101500', 'ema20': 57513.65, 'ema50': 57326.33, 'move_efficiency_h1': 0.5215, 'ema_bullish': True, 'rsi14': 84.2, 'rsi2': 58.54, 'distance_to_vwap': 0.0009, 'atr_percentile': 0.88, 'dist_prev_high': 0.0082, 'dist_prev_low': 0.0152, 'adx': 47.63, 'adx_slope': 2.2072, 'gap_pct': 0.0057, 'regime_primary': 'GAP_UP', 'regime_vol_state': 'HIGH_VOL'}, 'candidate_id': 'cand_NSE_NIFTYBANK_INDEX_BREAKOUT_57753.60_20260903_101500_Structural_v3.2_RVOL0.8', 'experiment_name': 'Structural_v3.2_RVOL0.8', 'strategy_id': 'structural', 'version': 'v3.2'}
2026-09-03 10:20:26,144 - INFO - Resolved active expiry from DB: 26SEP (2026-09-29)
2026-09-03 10:20:26,163 - INFO - Resolved index signal into option contract: OptionContract(symbol='NSE:BANKNIFTY26SEP57700CE', strike=57700.0, expiry='26SEP', option_type='CE', premium=840.0, delta=0.5, bid=837.55, ask=840.3, volume=440220, resolved_at=datetime.datetime(2026, 9, 3, 10, 20, 26, 163712))
2026-09-03 10:20:26,163 - INFO - ⚡ Option strike selection resolved index signal to contract NSE:BANKNIFTY26SEP57700CE @ premium 840.0 (type: CE, strike: 57700.0)
2026-09-03 10:20:26,163 - INFO - 📊 EXECUTION AUDIT [STRIKE_SELECTED]: trade_id=None, candidate_id=cand_NSE_NIFTYBANK_INDEX_BREAKOUT_57753.60_20260903_101500_Structural_v3.2_RVOL0.8, payload={'symbol': 'NSE:BANKNIFTY26SEP57700CE', 'strike': 57700.0, 'expiry': '26SEP', 'type': 'CE'}
2026-09-03 10:20:26,178 - INFO - 📊 EXECUTION AUDIT [PREMIUM_RETRIEVED]: trade_id=None, candidate_id=cand_NSE_NIFTYBANK_INDEX_BREAKOUT_57753.60_20260903_101500_Structural_v3.2_RVOL0.8, payload={'premium': 840.0, 'bid': 837.55, 'ask': 840.3}
2026-09-03 10:20:26,193 - INFO - 📊 EXECUTION AUDIT [CF_SUBMITTED]: trade_id=None, candidate_id=cand_NSE_NIFTYBANK_INDEX_BREAKOUT_57753.60_20260903_101500_Structural_v3.2_RVOL0.8, payload={'price': 57688.55, 'sl': 57641.00714285715, 'tp': 58004.225000000006}
2026-09-03 10:20:26,208 - INFO - 📊 EXECUTION AUDIT [CF_FILLED]: trade_id=None, candidate_id=cand_NSE_NIFTYBANK_INDEX_BREAKOUT_57753.60_20260903_101500_Structural_v3.2_RVOL0.8, payload={'price': 57688.55, 'sl': 57641.00714285715, 'tp': 58004.225000000006}
2026-09-03 10:20:26,223 - INFO - 💰 Position size [BREAKOUT|GAP_UP_HIGH_VOL|conf=70]: frac=0.002 → ₹5,000 (risk/unit=0.08%)
2026-09-03 10:20:26,257 - INFO - 🟢 ENTRY [CF|Structural_v3.2_RVOL0.8|uctural_v3.2_RVOL0.8]: NSE:NIFTYBANK-INDEX BUY CALL @ 57688.55 | SL: 57641.01 TP: 58004.23
2026-09-03 10:20:26,257 - INFO - 👻 [Butterfly_v1.0] CF COMBO BUTTERFLY_SPREAD NSE:NIFTYBANK-INDEX BUTTERFLY_SPREAD | Rejected: ['HIGH_RVOL', 'COOLDOWN_AFTER_LOSS']
2026-09-03 10:20:26,273 - INFO - Resolved active expiry from DB: 26SEP (2026-09-29)
2026-09-03 10:20:26,347 - INFO - Resolved BUTTERFLY_SPREAD for NSE:NIFTYBANK-INDEX: [('CE', 'BUY', 57500.0), ('CE', 'SELL', 57700.0), ('CE', 'SELL', 57700.0), ('CE', 'BUY', 57900.0)] net_premium=15.65 max_loss=15.65
2026-09-03 10:20:26,376 - INFO - 🟢 CF COMBO ENTRY [Butterfly_v1.0|02005_Butterfly_v1.0]: NSE:NIFTYBANK-INDEX BUTTERFLY_SPREAD | Net premium: 15.65 | Max loss: 15.65
2026-09-03 10:20:26,376 - INFO - 🧭 [ExpiryAwareTheta_v1.0] Regime router: NSE:NIFTYBANK-INDEX combo blocked from REAL capital (regime=GAP_UP_HIGH_VOL) — routed to CF
2026-09-03 10:20:26,393 - INFO - Resolved active expiry from DB: 26SEP (2026-09-29)
2026-09-03 10:20:26,469 - INFO - Resolved IRON_CONDOR for NSE:NIFTYBANK-INDEX: [('PE', 'SELL', 57600.0), ('PE', 'BUY', 57400.0), ('CE', 'SELL', 57800.0), ('CE', 'BUY', 58000.0)] net_premium=-178.75 max_loss=21.25
2026-09-03 10:20:26,502 - INFO - 🟢 CF COMBO ENTRY [ExpiryAwareTheta_v1.0|xpiryAwareTheta_v1.0]: NSE:NIFTYBANK-INDEX IRON_CONDOR | Net premium: -178.75 | Max loss: 21.25
2026-09-03 10:20:35,504 - INFO - ⏱️ [Real-time Exit Loop] Checking open positions @ 10:20:35...
2026-09-03 10:20:36,639 - INFO - 📊 EXECUTION AUDIT [CF_SL_MODIFIED]: trade_id=None, candidate_id=cand_NSE_NIFTYBANK_INDEX_BREAKOUT_57753.60_20260903_101500_Structural_v3.2_RVOL1.0, payload={'price': 57692.75, 'old_sl': 57641.00714285715, 'new_sl': 57645.20714285714, 'old_tp': None, 'new_tp': 58004.225000000006, 'reason': 'TRAILING_SL'}
2026-09-03 10:20:36,678 - INFO - 🟡 UPDATE (TRAILING_SL) [CFStructural_v3.2_RVOL1.0|uctural_v3.2_RVOL1.0]: NSE:NIFTYBANK-INDEX @ 57692.75 | SL→57645.21 TP→58004.23
2026-09-03 10:20:36,678 - INFO - 📊 EXECUTION AUDIT [CF_SL_MODIFIED]: trade_id=None, candidate_id=cand_NSE_NIFTYBANK_INDEX_BREAKOUT_57753.60_20260903_101500_Structural_v3.2_RVOL0.8, payload={'price': 57692.75, 'old_sl': 57641.00714285715, 'new_sl': 57645.20714285714, 'old_tp': None, 'new_tp': 58004.225000000006, 'reason': 'TRAILING_SL'}
2026-09-03 10:20:36,716 - INFO - 🟡 UPDATE (TRAILING_SL) [CFStructural_v3.2_RVOL0.8|uctural_v3.2_RVOL0.8]: NSE:NIFTYBANK-INDEX @ 57692.75 | SL→57645.21 TP→58004.23
2026-09-03 10:20:37,589 - INFO - Retrieved live premium from Fyers API: LTP=19.65 for NSE:NIFTY2690823700PE
2026-09-03 10:20:38,241 - INFO - 📊 Saved 22 snapshots for NSE:NIFTY50-INDEX  (oi range: 354,445–13,830,765)
2026-09-03 10:20:38,612 - INFO - Retrieved live premium from Fyers API: LTP=333.6 for NSE:BANKNIFTY26SEP57000PE
2026-09-03 10:20:39,613 - INFO - Retrieved live premium from Fyers API: LTP=333.6 for NSE:BANKNIFTY26SEP57000PE
2026-09-03 10:20:40,342 - INFO - 📡 Fetching NSE:NIFTYBANK-INDEX @ 57692  expiry=26SEP  strikes=ATM±5
2026-09-03 10:20:40,624 - INFO - Retrieved live premium from Fyers API: LTP=360.55 for NSE:BANKNIFTY26SEP57100PE
2026-09-03 10:20:41,629 - INFO - Retrieved live premium from Fyers API: LTP=308.6 for NSE:BANKNIFTY26SEP56900PE
2026-09-03 10:20:42,649 - INFO - Retrieved live premium from Fyers API: LTP=284.65 for NSE:BANKNIFTY26SEP56800PE
2026-09-03 10:20:43,692 - INFO - Retrieved live premium from Fyers API: LTP=360.55 for NSE:BANKNIFTY26SEP57100PE
2026-09-03 10:20:44,659 - INFO - Retrieved live premium from Fyers API: LTP=308.6 for NSE:BANKNIFTY26SEP56900PE
2026-09-03 10:20:47,665 - INFO - 🔴 CF COMBO EXIT (STOP_R) [Butterfly_v1.0|02005_Butterfly_v1.0]: NSE:NIFTYBANK-INDEX BUTTERFLY_SPREAD | PnL -0.65R | 1min
2026-09-03 10:21:05,777 - INFO - ⏱️ [Real-time Exit Loop] Checking open positions @ 10:21:05...
2026-09-03 10:21:06,902 - INFO - 📊 EXECUTION AUDIT [CF_EXITED]: trade_id=None, candidate_id=cand_NSE_NIFTY50_INDEX_BREAKOUT_23851.90_20260903_100500_Structural_v3.2_RVOL1.0, payload={'exit_price': 24002.9, 'exit_reason': 'TRAILING_SL', 'pnl_r': 0.005780346820809248, 'duration_minutes': 10.9966186, 'bars_held': 2}
2026-09-03 10:21:06,937 - INFO - 🔴 EXIT (TRAILING_SL) [CFStructural_v3.2_RVOL1.0|uctural_v3.2_RVOL1.0]: NSE:NIFTY50-INDEX @ 24002.90 | PnL +0.01R | MFE 1.01R | Capture 1% | 2bars HoldEff +0.003R/bar
2026-09-03 10:21:06,938 - INFO - 📊 EXECUTION AUDIT [CF_EXITED]: trade_id=None, candidate_id=cand_NSE_NIFTY50_INDEX_BREAKOUT_23851.90_20260903_100500_Structural_v3.2_RVOL0.8, payload={'exit_price': 24002.9, 'exit_reason': 'TRAILING_SL', 'pnl_r': 0.005780346820809248, 'duration_minutes': 10.9966186, 'bars_held': 2}
2026-09-03 10:21:06,971 - INFO - 🔴 EXIT (TRAILING_SL) [CFStructural_v3.2_RVOL0.8|uctural_v3.2_RVOL0.8]: NSE:NIFTY50-INDEX @ 24002.90 | PnL +0.01R | MFE 1.01R | Capture 1% | 2bars HoldEff +0.003R/bar
2026-09-03 10:21:06,972 - INFO - 📊 EXECUTION AUDIT [CF_SL_MODIFIED]: trade_id=None, candidate_id=cand_NSE_NIFTYBANK_INDEX_BREAKOUT_57753.60_20260903_101500_Structural_v3.2_RVOL1.0, payload={'price': 57694.75, 'old_sl': 57645.20714285714, 'new_sl': 57647.20714285714, 'old_tp': None, 'new_tp': 58004.225000000006, 'reason': 'TRAILING_SL'}
2026-09-03 10:21:07,013 - INFO - 🟡 UPDATE (TRAILING_SL) [CFStructural_v3.2_RVOL1.0|uctural_v3.2_RVOL1.0]: NSE:NIFTYBANK-INDEX @ 57694.75 | SL→57647.21 TP→58004.23
2026-09-03 10:21:07,013 - INFO - 📊 EXECUTION AUDIT [CF_SL_MODIFIED]: trade_id=None, candidate_id=cand_NSE_NIFTYBANK_INDEX_BREAKOUT_57753.60_20260903_101500_Structural_v3.2_RVOL0.8, payload={'price': 57694.75, 'old_sl': 57645.20714285714, 'new_sl': 57647.20714285714, 'old_tp': None, 'new_tp': 58004.225000000006, 'reason': 'TRAILING_SL'}
2026-09-03 10:21:07,058 - INFO - 🟡 UPDATE (TRAILING_SL) [CFStructural_v3.2_RVOL0.8|uctural_v3.2_RVOL0.8]: NSE:NIFTYBANK-INDEX @ 57694.75 | SL→57647.21 TP→58004.23
2026-09-03 10:21:07,876 - INFO - Retrieved live premium from Fyers API: LTP=19.5 for NSE:NIFTY2690823700PE
2026-09-03 10:21:08,875 - INFO - Retrieved live premium from Fyers API: LTP=333.55 for NSE:BANKNIFTY26SEP57000PE
2026-09-03 10:21:09,704 - INFO - 📊 Saved 22 snapshots for NSE:NIFTYBANK-INDEX  (oi range: 89,670–1,983,660)
2026-09-03 10:21:09,869 - INFO - Retrieved live premium from Fyers API: LTP=333.55 for NSE:BANKNIFTY26SEP57000PE
2026-09-03 10:21:10,803 - INFO - 📡 Fetching NSE:NIFTY50-INDEX @ 24002  expiry=26908  strikes=ATM±5
2026-09-03 10:21:10,885 - INFO - Retrieved live premium from Fyers API: LTP=360.55 for NSE:BANKNIFTY26SEP57100PE
2026-09-03 10:21:11,880 - INFO - Retrieved live premium from Fyers API: LTP=309.5 for NSE:BANKNIFTY26SEP56900PE
2026-09-03 10:21:12,953 - INFO - Retrieved live premium from Fyers API: LTP=285.1 for NSE:BANKNIFTY26SEP56800PE
2026-09-03 10:21:13,903 - INFO - Retrieved live premium from Fyers API: LTP=360.55 for NSE:BANKNIFTY26SEP57100PE
2026-09-03 10:21:14,904 - INFO - Retrieved live premium from Fyers API: LTP=309.5 for NSE:BANKNIFTY26SEP56900PE
2026-09-03 10:21:35,784 - INFO - ⏱️ [Real-time Exit Loop] Checking open positions @ 10:21:35...
2026-09-03 10:21:36,908 - INFO - 📊 EXECUTION AUDIT [CF_SL_MODIFIED]: trade_id=None, candidate_id=cand_NSE_NIFTYBANK_INDEX_BREAKOUT_57753.60_20260903_101500_Structural_v3.2_RVOL1.0, payload={'price': 57695.4, 'old_sl': 57647.20714285714, 'new_sl': 57647.857142857145, 'old_tp': None, 'new_tp': 58004.225000000006, 'reason': 'TRAILING_SL'}
2026-09-03 10:21:36,944 - INFO - 🟡 UPDATE (TRAILING_SL) [CFStructural_v3.2_RVOL1.0|uctural_v3.2_RVOL1.0]: NSE:NIFTYBANK-INDEX @ 57695.40 | SL→57647.86 TP→58004.23
2026-09-03 10:21:36,944 - INFO - 📊 EXECUTION AUDIT [CF_SL_MODIFIED]: trade_id=None, candidate_id=cand_NSE_NIFTYBANK_INDEX_BREAKOUT_57753.60_20260903_101500_Structural_v3.2_RVOL0.8, payload={'price': 57695.4, 'old_sl': 57647.20714285714, 'new_sl': 57647.857142857145, 'old_tp': None, 'new_tp': 58004.225000000006, 'reason': 'TRAILING_SL'}
2026-09-03 10:21:36,983 - INFO - 🟡 UPDATE (TRAILING_SL) [CFStructural_v3.2_RVOL0.8|uctural_v3.2_RVOL0.8]: NSE:NIFTYBANK-INDEX @ 57695.40 | SL→57647.86 TP→58004.23
2026-09-03 10:21:37,877 - INFO - Retrieved live premium from Fyers API: LTP=19.35 for NSE:NIFTY2690823700PE
2026-09-03 10:21:38,922 - INFO - Retrieved live premium from Fyers API: LTP=333.9 for NSE:BANKNIFTY26SEP57000PE
2026-09-03 10:21:39,892 - INFO - Retrieved live premium from Fyers API: LTP=333.9 for NSE:BANKNIFTY26SEP57000PE
2026-09-03 10:21:40,221 - INFO - 📊 Saved 22 snapshots for NSE:NIFTY50-INDEX  (oi range: 354,510–13,830,635)
2026-09-03 10:21:40,893 - INFO - Retrieved live premium from Fyers API: LTP=360.55 for NSE:BANKNIFTY26SEP57100PE
2026-09-03 10:21:41,900 - INFO - Retrieved live premium from Fyers API: LTP=309.0 for NSE:BANKNIFTY26SEP56900PE
2026-09-03 10:21:42,313 - INFO - 📡 Fetching NSE:NIFTYBANK-INDEX @ 57699  expiry=26SEP  strikes=ATM±5
2026-09-03 10:21:42,914 - INFO - Retrieved live premium from Fyers API: LTP=285.1 for NSE:BANKNIFTY26SEP56800PE
2026-09-03 10:21:43,920 - INFO - Retrieved live premium from Fyers API: LTP=360.55 for NSE:BANKNIFTY26SEP57100PE
2026-09-03 10:21:44,918 - INFO - Retrieved live premium from Fyers API: LTP=309.0 for NSE:BANKNIFTY26SEP56900PE
2026-09-03 10:22:05,799 - INFO - ⏱️ [Real-time Exit Loop] Checking open positions @ 10:22:05...
2026-09-03 10:22:06,916 - INFO - 📊 EXECUTION AUDIT [CF_SL_MODIFIED]: trade_id=None, candidate_id=cand_NSE_NIFTYBANK_INDEX_BREAKOUT_57753.60_20260903_101500_Structural_v3.2_RVOL1.0, payload={'price': 57696.5, 'old_sl': 57647.857142857145, 'new_sl': 57648.95714285714, 'old_tp': None, 'new_tp': 58004.225000000006, 'reason': 'TRAILING_SL'}
2026-09-03 10:22:06,953 - INFO - 🟡 UPDATE (TRAILING_SL) [CFStructural_v3.2_RVOL1.0|uctural_v3.2_RVOL1.0]: NSE:NIFTYBANK-INDEX @ 57696.50 | SL→57648.96 TP→58004.23
2026-09-03 10:22:06,953 - INFO - 📊 EXECUTION AUDIT [CF_SL_MODIFIED]: trade_id=None, candidate_id=cand_NSE_NIFTYBANK_INDEX_BREAKOUT_57753.60_20260903_101500_Structural_v3.2_RVOL0.8, payload={'price': 57696.5, 'old_sl': 57647.857142857145, 'new_sl': 57648.95714285714, 'old_tp': None, 'new_tp': 58004.225000000006, 'reason': 'TRAILING_SL'}
2026-09-03 10:22:06,993 - INFO - 🟡 UPDATE (TRAILING_SL) [CFStructural_v3.2_RVOL0.8|uctural_v3.2_RVOL0.8]: NSE:NIFTYBANK-INDEX @ 57696.50 | SL→57648.96 TP→58004.23
2026-09-03 10:22:07,903 - INFO - Retrieved live premium from Fyers API: LTP=19.5 for NSE:NIFTY2690823700PE
2026-09-03 10:22:08,915 - INFO - Retrieved live premium from Fyers API: LTP=333.2 for NSE:BANKNIFTY26SEP57000PE
2026-09-03 10:22:09,912 - INFO - Retrieved live premium from Fyers API: LTP=333.6 for NSE:BANKNIFTY26SEP57000PE
2026-09-03 10:22:10,917 - INFO - Retrieved live premium from Fyers API: LTP=360.55 for NSE:BANKNIFTY26SEP57100PE
2026-09-03 10:22:11,752 - INFO - 📊 Saved 22 snapshots for NSE:NIFTYBANK-INDEX  (oi range: 89,790–1,984,620)
2026-09-03 10:22:11,905 - INFO - Retrieved live premium from Fyers API: LTP=308.0 for NSE:BANKNIFTY26SEP56900PE
2026-09-03 10:22:12,864 - INFO - 📡 Fetching NSE:NIFTY50-INDEX @ 24001  expiry=26908  strikes=ATM±5
2026-09-03 10:22:12,974 - INFO - Retrieved live premium from Fyers API: LTP=285.1 for NSE:BANKNIFTY26SEP56800PE
2026-09-03 10:22:13,928 - INFO - Retrieved live premium from Fyers API: LTP=360.55 for NSE:BANKNIFTY26SEP57100PE
2026-09-03 10:22:14,941 - INFO - Retrieved live premium from Fyers API: LTP=308.0 for NSE:BANKNIFTY26SEP56900PE
2026-09-03 10:22:35,946 - INFO - ⏱️ [Real-time Exit Loop] Checking open positions @ 10:22:35...
2026-09-03 10:22:37,061 - INFO - 📊 EXECUTION AUDIT [CF_SL_MODIFIED]: trade_id=None, candidate_id=cand_NSE_NIFTYBANK_INDEX_BREAKOUT_57753.60_20260903_101500_Structural_v3.2_RVOL1.0, payload={'price': 57703.15, 'old_sl': 57648.95714285714, 'new_sl': 57655.607142857145, 'old_tp': None, 'new_tp': 58004.225000000006, 'reason': 'TRAILING_SL'}
2026-09-03 10:22:37,097 - INFO - 🟡 UPDATE (TRAILING_SL) [CFStructural_v3.2_RVOL1.0|uctural_v3.2_RVOL1.0]: NSE:NIFTYBANK-INDEX @ 57703.15 | SL→57655.61 TP→58004.23
2026-09-03 10:22:37,097 - INFO - 📊 EXECUTION AUDIT [CF_SL_MODIFIED]: trade_id=None, candidate_id=cand_NSE_NIFTYBANK_INDEX_BREAKOUT_57753.60_20260903_101500_Structural_v3.2_RVOL0.8, payload={'price': 57703.15, 'old_sl': 57648.95714285714, 'new_sl': 57655.607142857145, 'old_tp': None, 'new_tp': 58004.225000000006, 'reason': 'TRAILING_SL'}
2026-09-03 10:22:37,133 - INFO - 🟡 UPDATE (TRAILING_SL) [CFStructural_v3.2_RVOL0.8|uctural_v3.2_RVOL0.8]: NSE:NIFTYBANK-INDEX @ 57703.15 | SL→57655.61 TP→58004.23
2026-09-03 10:22:38,047 - INFO - Retrieved live premium from Fyers API: LTP=19.75 for NSE:NIFTY2690823700PE
2026-09-03 10:22:39,068 - INFO - Retrieved live premium from Fyers API: LTP=331.8 for NSE:BANKNIFTY26SEP57000PE
2026-09-03 10:22:40,071 - INFO - Retrieved live premium from Fyers API: LTP=331.05 for NSE:BANKNIFTY26SEP57000PE
2026-09-03 10:22:41,073 - INFO - Retrieved live premium from Fyers API: LTP=360.55 for NSE:BANKNIFTY26SEP57100PE
2026-09-03 10:22:42,070 - INFO - Retrieved live premium from Fyers API: LTP=308.0 for NSE:BANKNIFTY26SEP56900PE
2026-09-03 10:22:42,332 - INFO - 📊 Saved 22 snapshots for NSE:NIFTY50-INDEX  (oi range: 356,720–13,751,530)
2026-09-03 10:22:43,078 - INFO - Retrieved live premium from Fyers API: LTP=285.1 for NSE:BANKNIFTY26SEP56800PE
2026-09-03 10:22:44,086 - INFO - Retrieved live premium from Fyers API: LTP=357.0 for NSE:BANKNIFTY26SEP57100PE
2026-09-03 10:22:44,505 - INFO - 📡 Fetching NSE:NIFTYBANK-INDEX @ 57706  expiry=26SEP  strikes=ATM±5
2026-09-03 10:22:45,086 - INFO - Retrieved live premium from Fyers API: LTP=308.0 for NSE:BANKNIFTY26SEP56900PE
2026-09-03 10:23:05,005 - INFO - ⏱️ [Real-time Exit Loop] Checking open positions @ 10:23:05...
2026-09-03 10:23:06,136 - INFO - 📊 EXECUTION AUDIT [CF_SL_MODIFIED]: trade_id=None, candidate_id=cand_NSE_NIFTYBANK_INDEX_BREAKOUT_57753.60_20260903_101500_Structural_v3.2_RVOL1.0, payload={'price': 57704.45, 'old_sl': 57655.607142857145, 'new_sl': 57656.90714285714, 'old_tp': None, 'new_tp': 58004.225000000006, 'reason': 'TRAILING_SL'}
2026-09-03 10:23:06,171 - INFO - 🟡 UPDATE (TRAILING_SL) [CFStructural_v3.2_RVOL1.0|uctural_v3.2_RVOL1.0]: NSE:NIFTYBANK-INDEX @ 57704.45 | SL→57656.91 TP→58004.23
2026-09-03 10:23:06,171 - INFO - 📊 EXECUTION AUDIT [CF_SL_MODIFIED]: trade_id=None, candidate_id=cand_NSE_NIFTYBANK_INDEX_BREAKOUT_57753.60_20260903_101500_Structural_v3.2_RVOL0.8, payload={'price': 57704.45, 'old_sl': 57655.607142857145, 'new_sl': 57656.90714285714, 'old_tp': None, 'new_tp': 58004.225000000006, 'reason': 'TRAILING_SL'}
2026-09-03 10:23:06,212 - INFO - 🟡 UPDATE (TRAILING_SL) [CFStructural_v3.2_RVOL0.8|uctural_v3.2_RVOL0.8]: NSE:NIFTYBANK-INDEX @ 57704.45 | SL→57656.91 TP→58004.23
2026-09-03 10:23:07,114 - INFO - Retrieved live premium from Fyers API: LTP=20.05 for NSE:NIFTY2690823700PE
2026-09-03 10:23:08,123 - INFO - Retrieved live premium from Fyers API: LTP=331.25 for NSE:BANKNIFTY26SEP57000PE
2026-09-03 10:23:09,147 - INFO - Retrieved live premium from Fyers API: LTP=331.6 for NSE:BANKNIFTY26SEP57000PE
2026-09-03 10:23:10,119 - INFO - Retrieved live premium from Fyers API: LTP=357.0 for NSE:BANKNIFTY26SEP57100PE
2026-09-03 10:23:11,115 - INFO - Retrieved live premium from Fyers API: LTP=305.0 for NSE:BANKNIFTY26SEP56900PE
2026-09-03 10:23:12,144 - INFO - Retrieved live premium from Fyers API: LTP=285.1 for NSE:BANKNIFTY26SEP56800PE
2026-09-03 10:23:13,141 - INFO - Retrieved live premium from Fyers API: LTP=357.0 for NSE:BANKNIFTY26SEP57100PE
2026-09-03 10:23:13,896 - INFO - 📊 Saved 22 snapshots for NSE:NIFTYBANK-INDEX  (oi range: 90,150–1,984,920)
2026-09-03 10:23:14,142 - INFO - Retrieved live premium from Fyers API: LTP=305.0 for NSE:BANKNIFTY26SEP56900PE
2026-09-03 10:23:14,981 - INFO - 📡 Fetching NSE:NIFTY50-INDEX @ 23996  expiry=26908  strikes=ATM±5
2026-09-03 10:23:35,356 - INFO - ⏱️ [Real-time Exit Loop] Checking open positions @ 10:23:35...
2026-09-03 10:23:36,478 - INFO - 📊 EXECUTION AUDIT [CF_SL_MODIFIED]: trade_id=None, candidate_id=cand_NSE_NIFTYBANK_INDEX_BREAKOUT_57753.60_20260903_101500_Structural_v3.2_RVOL1.0, payload={'price': 57707.7, 'old_sl': 57656.90714285714, 'new_sl': 57660.15714285714, 'old_tp': None, 'new_tp': 58004.225000000006, 'reason': 'TRAILING_SL'}
2026-09-03 10:23:36,516 - INFO - 🟡 UPDATE (TRAILING_SL) [CFStructural_v3.2_RVOL1.0|uctural_v3.2_RVOL1.0]: NSE:NIFTYBANK-INDEX @ 57707.70 | SL→57660.16 TP→58004.23
2026-09-03 10:23:36,516 - INFO - 📊 EXECUTION AUDIT [CF_SL_MODIFIED]: trade_id=None, candidate_id=cand_NSE_NIFTYBANK_INDEX_BREAKOUT_57753.60_20260903_101500_Structural_v3.2_RVOL0.8, payload={'price': 57707.7, 'old_sl': 57656.90714285714, 'new_sl': 57660.15714285714, 'old_tp': None, 'new_tp': 58004.225000000006, 'reason': 'TRAILING_SL'}
2026-09-03 10:23:36,557 - INFO - 🟡 UPDATE (TRAILING_SL) [CFStructural_v3.2_RVOL0.8|uctural_v3.2_RVOL0.8]: NSE:NIFTYBANK-INDEX @ 57707.70 | SL→57660.16 TP→58004.23
2026-09-03 10:23:37,474 - INFO - Retrieved live premium from Fyers API: LTP=19.95 for NSE:NIFTY2690823700PE
2026-09-03 10:23:38,534 - INFO - Retrieved live premium from Fyers API: LTP=328.8 for NSE:BANKNIFTY26SEP57000PE
2026-09-03 10:23:39,490 - INFO - Retrieved live premium from Fyers API: LTP=328.8 for NSE:BANKNIFTY26SEP57000PE
2026-09-03 10:23:40,503 - INFO - Retrieved live premium from Fyers API: LTP=355.0 for NSE:BANKNIFTY26SEP57100PE
2026-09-03 10:23:41,480 - INFO - Retrieved live premium from Fyers API: LTP=305.6 for NSE:BANKNIFTY26SEP56900PE
2026-09-03 10:23:42,508 - INFO - Retrieved live premium from Fyers API: LTP=279.4 for NSE:BANKNIFTY26SEP56800PE
2026-09-03 10:23:43,500 - INFO - Retrieved live premium from Fyers API: LTP=355.0 for NSE:BANKNIFTY26SEP57100PE
2026-09-03 10:23:44,516 - INFO - Retrieved live premium from Fyers API: LTP=305.6 for NSE:BANKNIFTY26SEP56900PE
2026-09-03 10:23:44,621 - INFO - 📊 Saved 22 snapshots for NSE:NIFTY50-INDEX  (oi range: 356,265–13,714,675)
2026-09-03 10:23:46,741 - INFO - 📡 Fetching NSE:NIFTYBANK-INDEX @ 57715  expiry=26SEP  strikes=ATM±5
2026-09-03 10:24:05,508 - INFO - ⏱️ [Real-time Exit Loop] Checking open positions @ 10:24:05...
2026-09-03 10:24:06,601 - INFO - 📊 EXECUTION AUDIT [SL_MODIFIED]: trade_id=trade_NSE_NIFTYBANK_INDEX_GapRegime_v2.0_1788407705, candidate_id=cand_NSE_NIFTYBANK_INDEX_GAP_AND_GO_57610.95_20260903_092505_GapRegime_v2.0, payload={'price': 57734.85, 'old_sl': 57595.840000000004, 'new_sl': 57609.89, 'old_tp': None, 'new_tp': 58004.23, 'reason': 'TRAILING_SL'}
2026-09-03 10:24:06,652 - INFO - 🟡 UPDATE (TRAILING_SL) [GapRegime_v2.0|92505_GapRegime_v2.0]: NSE:NIFTYBANK-INDEX @ 57734.85 | SL→57609.89 TP→58004.23
2026-09-03 10:24:06,671 - INFO - 📊 EXECUTION AUDIT [CF_SL_MODIFIED]: trade_id=None, candidate_id=cand_NSE_NIFTYBANK_INDEX_PDHL_BREAKOUT_57577.15_20260903_092005_PrevDay_Extremes_RVOL1.2, payload={'price': 57734.85, 'old_sl': 57343.3742979527, 'new_sl': 57357.4242979527, 'old_tp': None, 'new_tp': 57954.6, 'reason': 'TRAILING_SL'}
2026-09-03 10:24:06,712 - INFO - 🟡 UPDATE (TRAILING_SL) [CFPrevDay_Extremes_RVOL1.2|Day_Extremes_RVOL1.2]: NSE:NIFTYBANK-INDEX @ 57734.85 | SL→57357.42 TP→57954.60
2026-09-03 10:24:06,712 - INFO - 📊 EXECUTION AUDIT [CF_SL_MODIFIED]: trade_id=None, candidate_id=cand_NSE_NIFTYBANK_INDEX_OI_WALL_FADE_57577.15_20260903_092005_OIWallReaction_v1.0, payload={'price': 57734.85, 'old_sl': 57632.3265, 'new_sl': 57646.3765, 'old_tp': None, 'new_tp': 57765.4205, 'reason': 'TRAILING_SL'}
2026-09-03 10:24:06,753 - INFO - 🟡 UPDATE (TRAILING_SL) [CFOIWallReaction_v1.0|_OIWallReaction_v1.0]: NSE:NIFTYBANK-INDEX @ 57734.85 | SL→57646.38 TP→57765.42
2026-09-03 10:24:06,754 - INFO - 📊 EXECUTION AUDIT [CF_SL_MODIFIED]: trade_id=None, candidate_id=cand_NSE_NIFTYBANK_INDEX_GAP_AND_GO_57652.65_20260903_093940_GapRegime_v2.0, payload={'price': 57734.85, 'old_sl': 57553.21, 'new_sl': 57567.259999999995, 'old_tp': None, 'new_tp': 58004.23, 'reason': 'TRAILING_SL'}
2026-09-03 10:24:06,798 - INFO - 🟡 UPDATE (TRAILING_SL) [CFGapRegime_v2.0|93940_GapRegime_v2.0]: NSE:NIFTYBANK-INDEX @ 57734.85 | SL→57567.26 TP→58004.23
2026-09-03 10:24:06,798 - INFO - 📊 EXECUTION AUDIT [CF_SL_MODIFIED]: trade_id=None, candidate_id=cand_NSE_NIFTYBANK_INDEX_BREAKOUT_57753.60_20260903_101500_Structural_v3.2_RVOL1.0, payload={'price': 57734.85, 'old_sl': 57660.15714285714, 'new_sl': 57687.30714285714, 'old_tp': None, 'new_tp': 58004.225000000006, 'reason': 'TRAILING_SL'}
2026-09-03 10:24:06,842 - INFO - 🟡 UPDATE (TRAILING_SL) [CFStructural_v3.2_RVOL1.0|uctural_v3.2_RVOL1.0]: NSE:NIFTYBANK-INDEX @ 57734.85 | SL→57687.31 TP→58004.23
2026-09-03 10:24:06,842 - INFO - 📊 EXECUTION AUDIT [CF_SL_MODIFIED]: trade_id=None, candidate_id=cand_NSE_NIFTYBANK_INDEX_BREAKOUT_57753.60_20260903_101500_Structural_v3.2_RVOL0.8, payload={'price': 57734.85, 'old_sl': 57660.15714285714, 'new_sl': 57687.30714285714, 'old_tp': None, 'new_tp': 58004.225000000006, 'reason': 'TRAILING_SL'}
2026-09-03 10:24:06,893 - INFO - 🟡 UPDATE (TRAILING_SL) [CFStructural_v3.2_RVOL0.8|uctural_v3.2_RVOL0.8]: NSE:NIFTYBANK-INDEX @ 57734.85 | SL→57687.31 TP→58004.23
2026-09-03 10:24:07,613 - INFO - Retrieved live premium from Fyers API: LTP=20.0 for NSE:NIFTY2690823700PE
2026-09-03 10:24:08,634 - INFO - Retrieved live premium from Fyers API: LTP=326.95 for NSE:BANKNIFTY26SEP57000PE
2026-09-03 10:24:09,648 - INFO - Retrieved live premium from Fyers API: LTP=326.95 for NSE:BANKNIFTY26SEP57000PE
2026-09-03 10:24:10,686 - INFO - Retrieved live premium from Fyers API: LTP=353.2 for NSE:BANKNIFTY26SEP57100PE
2026-09-03 10:24:11,617 - INFO - Retrieved live premium from Fyers API: LTP=301.05 for NSE:BANKNIFTY26SEP56900PE
2026-09-03 10:24:12,640 - INFO - Retrieved live premium from Fyers API: LTP=279.35 for NSE:BANKNIFTY26SEP56800PE
2026-09-03 10:24:13,655 - INFO - Retrieved live premium from Fyers API: LTP=352.0 for NSE:BANKNIFTY26SEP57100PE
2026-09-03 10:24:14,676 - INFO - Retrieved live premium from Fyers API: LTP=301.05 for NSE:BANKNIFTY26SEP56900PE
2026-09-03 10:24:16,559 - INFO - 📊 Saved 22 snapshots for NSE:NIFTYBANK-INDEX  (oi range: 90,420–1,985,220)
2026-09-03 10:24:17,683 - INFO - 📡 Fetching NSE:NIFTY50-INDEX @ 23998  expiry=26908  strikes=ATM±5
2026-09-03 10:24:35,744 - INFO - ⏱️ [Real-time Exit Loop] Checking open positions @ 10:24:35...
2026-09-03 10:24:36,855 - INFO - 📊 EXECUTION AUDIT [SL_MODIFIED]: trade_id=trade_NSE_NIFTYBANK_INDEX_GapRegime_v2.0_1788407705, candidate_id=cand_NSE_NIFTYBANK_INDEX_GAP_AND_GO_57610.95_20260903_092505_GapRegime_v2.0, payload={'price': 57736.65, 'old_sl': 57609.89, 'new_sl': 57611.69, 'old_tp': None, 'new_tp': 58004.23, 'reason': 'TRAILING_SL'}
2026-09-03 10:24:36,903 - INFO - 🟡 UPDATE (TRAILING_SL) [GapRegime_v2.0|92505_GapRegime_v2.0]: NSE:NIFTYBANK-INDEX @ 57736.65 | SL→57611.69 TP→58004.23
2026-09-03 10:24:36,923 - INFO - 📊 EXECUTION AUDIT [CF_SL_MODIFIED]: trade_id=None, candidate_id=cand_NSE_NIFTYBANK_INDEX_PDHL_BREAKOUT_57577.15_20260903_092005_PrevDay_Extremes_RVOL1.2, payload={'price': 57736.65, 'old_sl': 57357.4242979527, 'new_sl': 57359.2242979527, 'old_tp': None, 'new_tp': 57954.6, 'reason': 'TRAILING_SL'}
2026-09-03 10:24:36,959 - INFO - 🟡 UPDATE (TRAILING_SL) [CFPrevDay_Extremes_RVOL1.2|Day_Extremes_RVOL1.2]: NSE:NIFTYBANK-INDEX @ 57736.65 | SL→57359.22 TP→57954.60
2026-09-03 10:24:36,959 - INFO - 📊 EXECUTION AUDIT [CF_SL_MODIFIED]: trade_id=None, candidate_id=cand_NSE_NIFTYBANK_INDEX_OI_WALL_FADE_57577.15_20260903_092005_OIWallReaction_v1.0, payload={'price': 57736.65, 'old_sl': 57646.3765, 'new_sl': 57648.1765, 'old_tp': None, 'new_tp': 57765.4205, 'reason': 'TRAILING_SL'}
2026-09-03 10:24:37,001 - INFO - 🟡 UPDATE (TRAILING_SL) [CFOIWallReaction_v1.0|_OIWallReaction_v1.0]: NSE:NIFTYBANK-INDEX @ 57736.65 | SL→57648.18 TP→57765.42
2026-09-03 10:24:37,002 - INFO - 📊 EXECUTION AUDIT [CF_SL_MODIFIED]: trade_id=None, candidate_id=cand_NSE_NIFTYBANK_INDEX_GAP_AND_GO_57652.65_20260903_093940_GapRegime_v2.0, payload={'price': 57736.65, 'old_sl': 57567.259999999995, 'new_sl': 57569.06, 'old_tp': None, 'new_tp': 58004.23, 'reason': 'TRAILING_SL'}
2026-09-03 10:24:37,045 - INFO - 🟡 UPDATE (TRAILING_SL) [CFGapRegime_v2.0|93940_GapRegime_v2.0]: NSE:NIFTYBANK-INDEX @ 57736.65 | SL→57569.06 TP→58004.23
2026-09-03 10:24:37,045 - INFO - 📊 EXECUTION AUDIT [CF_SL_MODIFIED]: trade_id=None, candidate_id=cand_NSE_NIFTYBANK_INDEX_BREAKOUT_57753.60_20260903_101500_Structural_v3.2_RVOL1.0, payload={'price': 57736.65, 'old_sl': 57687.30714285714, 'new_sl': 57689.107142857145, 'old_tp': None, 'new_tp': 58004.225000000006, 'reason': 'TRAILING_SL'}
2026-09-03 10:24:37,088 - INFO - 🟡 UPDATE (TRAILING_SL) [CFStructural_v3.2_RVOL1.0|uctural_v3.2_RVOL1.0]: NSE:NIFTYBANK-INDEX @ 57736.65 | SL→57689.11 TP→58004.23
2026-09-03 10:24:37,088 - INFO - 📊 EXECUTION AUDIT [CF_SL_MODIFIED]: trade_id=None, candidate_id=cand_NSE_NIFTYBANK_INDEX_BREAKOUT_57753.60_20260903_101500_Structural_v3.2_RVOL0.8, payload={'price': 57736.65, 'old_sl': 57687.30714285714, 'new_sl': 57689.107142857145, 'old_tp': None, 'new_tp': 58004.225000000006, 'reason': 'TRAILING_SL'}
2026-09-03 10:24:37,135 - INFO - 🟡 UPDATE (TRAILING_SL) [CFStructural_v3.2_RVOL0.8|uctural_v3.2_RVOL0.8]: NSE:NIFTYBANK-INDEX @ 57736.65 | SL→57689.11 TP→58004.23
2026-09-03 10:24:37,876 - INFO - Retrieved live premium from Fyers API: LTP=19.9 for NSE:NIFTY2690823700PE
2026-09-03 10:24:38,877 - INFO - Retrieved live premium from Fyers API: LTP=327.2 for NSE:BANKNIFTY26SEP57000PE
2026-09-03 10:24:39,878 - INFO - Retrieved live premium from Fyers API: LTP=327.2 for NSE:BANKNIFTY26SEP57000PE
2026-09-03 10:24:40,873 - INFO - Retrieved live premium from Fyers API: LTP=352.8 for NSE:BANKNIFTY26SEP57100PE
2026-09-03 10:24:41,886 - INFO - Retrieved live premium from Fyers API: LTP=301.05 for NSE:BANKNIFTY26SEP56900PE
2026-09-03 10:24:42,907 - INFO - Retrieved live premium from Fyers API: LTP=277.7 for NSE:BANKNIFTY26SEP56800PE
2026-09-03 10:24:43,903 - INFO - Retrieved live premium from Fyers API: LTP=352.8 for NSE:BANKNIFTY26SEP57100PE
2026-09-03 10:24:44,891 - INFO - Retrieved live premium from Fyers API: LTP=301.05 for NSE:BANKNIFTY26SEP56900PE
2026-09-03 10:24:47,391 - INFO - 📊 Saved 22 snapshots for NSE:NIFTY50-INDEX  (oi range: 356,330–13,762,970)
2026-09-03 10:24:49,543 - INFO - 📡 Fetching NSE:NIFTYBANK-INDEX @ 57735  expiry=26SEP  strikes=ATM±5
2026-09-03 10:25:05,830 - INFO - 🔔 [New Candle Closed] Running entry pipeline for candle 10:25 at 10:25:05...
2026-09-03 10:25:05,830 - INFO - --- 10:25:05 Market Pulse ---
2026-09-03 10:25:10,991 - INFO - 📊 EXECUTION AUDIT [CF_EXITED]: trade_id=None, candidate_id=cand_NSE_NIFTYBANK_INDEX_BREAKOUT_57753.60_20260903_101500_Structural_v3.2_RVOL1.0, payload={'exit_price': 57688.55, 'exit_reason': 'TRAILING_SL', 'pnl_r': 0.024158038795668295, 'duration_minutes': 5.013065933333333, 'bars_held': 1}
2026-09-03 10:25:11,036 - INFO - 🔴 EXIT (TRAILING_SL) [CFStructural_v3.2_RVOL1.0|uctural_v3.2_RVOL1.0]: NSE:NIFTYBANK-INDEX @ 57688.55 | PnL +0.02R | MFE 1.01R | Capture 2% | 1bars HoldEff +0.024R/bar
2026-09-03 10:25:11,037 - INFO - 📊 EXECUTION AUDIT [CF_EXITED]: trade_id=None, candidate_id=cand_NSE_NIFTYBANK_INDEX_BREAKOUT_57753.60_20260903_101500_Structural_v3.2_RVOL0.8, payload={'exit_price': 57688.55, 'exit_reason': 'TRAILING_SL', 'pnl_r': 0.024158038795668295, 'duration_minutes': 5.013065933333333, 'bars_held': 1}
2026-09-03 10:25:11,080 - INFO - 🔴 EXIT (TRAILING_SL) [CFStructural_v3.2_RVOL0.8|uctural_v3.2_RVOL0.8]: NSE:NIFTYBANK-INDEX @ 57688.55 | PnL +0.02R | MFE 1.01R | Capture 2% | 1bars HoldEff +0.024R/bar
2026-09-03 10:25:11,947 - INFO - Retrieved live premium from Fyers API: LTP=19.85 for NSE:NIFTY2690823700PE
2026-09-03 10:25:12,949 - INFO - Retrieved live premium from Fyers API: LTP=326.25 for NSE:BANKNIFTY26SEP57000PE
2026-09-03 10:25:13,930 - INFO - Retrieved live premium from Fyers API: LTP=326.25 for NSE:BANKNIFTY26SEP57000PE
2026-09-03 10:25:14,941 - INFO - Retrieved live premium from Fyers API: LTP=352.2 for NSE:BANKNIFTY26SEP57100PE
2026-09-03 10:25:15,950 - INFO - Retrieved live premium from Fyers API: LTP=302.05 for NSE:BANKNIFTY26SEP56900PE
2026-09-03 10:25:16,970 - INFO - Retrieved live premium from Fyers API: LTP=279.5 for NSE:BANKNIFTY26SEP56800PE
2026-09-03 10:25:17,947 - INFO - Retrieved live premium from Fyers API: LTP=352.2 for NSE:BANKNIFTY26SEP57100PE
2026-09-03 10:25:18,963 - INFO - Retrieved live premium from Fyers API: LTP=303.5 for NSE:BANKNIFTY26SEP56900PE
2026-09-03 10:25:19,035 - INFO - 📊 Saved 22 snapshots for NSE:NIFTYBANK-INDEX  (oi range: 90,240–1,988,130)
2026-09-03 10:25:20,116 - INFO - 📡 Fetching NSE:NIFTY50-INDEX @ 23997  expiry=26908  strikes=ATM±5
2026-09-03 10:25:24,296 - INFO - Resolved active expiry from DB: 26908 (2026-09-08)
2026-09-03 10:25:24,297 - INFO - 👻 [Structural_v3.2_RVOL1.0] CF BREAKOUT NSE:NIFTY50-INDEX BUY PUT | Rejected: ['LOW_RVOL', 'BIAS_MISMATCH', 'LOW_EFFICIENCY', 'HIGH_WICKINESS']
2026-09-03 10:25:24,297 - INFO - 📊 EXECUTION AUDIT [SIGNAL_GENERATED]: trade_id=None, candidate_id=cand_NSE_NIFTY50_INDEX_BREAKOUT_23851.90_20260903_102000_Structural_v3.2_RVOL1.0, payload={'symbol': 'NSE:NIFTY50-INDEX', 'signal': 'BUY PUT', 'strategy': 'BREAKOUT', 'price': 24000.85, 'stop_loss': 24012.54464285714, 'take_profit': 23883.90357142857, 'tp1': 23983.308035714283, 'rr_ratio': 10.0, 'timestamp': '2026-09-03T10:20:00+05:30', 'accepted': False, 'rejection_reasons': ['LOW_RVOL', 'BIAS_MISMATCH', 'LOW_EFFICIENCY', 'HIGH_WICKINESS'], 'features': {'date': '2026-09-03', 'strategy_name': 'Structural_v3', 'strategy_version': 'v3.2', 'feature_version': 'v1.1', 'market_regime': 'STRONG_TREND_UP_HIGH_VOL', 'day_type': 'NORMAL_DAY', 'session_type': 'MID', 'daily_bias': 'NEUTRAL', 'hourly_bias': 'NEUTRAL', 'trend_strength': 0.0, 'rvol': 0.91, 'rvol_threshold': 1.0, 'atr': 23.39, 'distance_from_supply': 377.75, 'distance_from_demand': 193.3, 'nearest_supply_strength': 100.9, 'nearest_demand_strength': 73.0, 'distance_to_liquidity_pool': 193.29999999999927, 'liquidity_score': 9.1, 'indicator_snapshot': {'rvol_tod': 0.91, 'is_compressed': True, 'bos_count': 0}, 'move_efficiency': 0.1043, 'wickiness': 0.647, 'fft_score': 0.0, 'setup_type': 'BREAKOUT', 'candidate_id': 'cand_NSE_NIFTY50_INDEX_BREAKOUT_23851.90_20260903_102000', 'ema20': 23970.19, 'ema50': 23929.25, 'move_efficiency_h1': 0.4219, 'ema_bullish': True, 'rsi14': 76.34, 'rsi2': 50.0, 'distance_to_vwap': 0.0003, 'atr_percentile': 0.8584, 'dist_prev_high': 0.0036, 'dist_prev_low': 0.009, 'adx': 46.1, 'adx_slope': 1.1157, 'gap_pct': 0.0035, 'regime_primary': 'STRONG_TREND_UP', 'regime_vol_state': 'HIGH_VOL'}, 'candidate_id': 'cand_NSE_NIFTY50_INDEX_BREAKOUT_23851.90_20260903_102000_Structural_v3.2_RVOL1.0', 'experiment_name': 'Structural_v3.2_RVOL1.0', 'strategy_id': 'structural', 'version': 'v3.2'}
2026-09-03 10:25:24,326 - INFO - Resolved active expiry from DB: 26908 (2026-09-08)
2026-09-03 10:25:24,344 - INFO - Resolved index signal into option contract: OptionContract(symbol='NSE:NIFTY2690824000PE', strike=24000.0, expiry='26908', option_type='PE', premium=88.75, delta=0.5, bid=88.5, ask=88.7, volume=66394705, resolved_at=datetime.datetime(2026, 9, 3, 10, 25, 24, 344734))
2026-09-03 10:25:24,344 - INFO - ⚡ Option strike selection resolved index signal to contract NSE:NIFTY2690824000PE @ premium 88.75 (type: PE, strike: 24000.0)
2026-09-03 10:25:24,345 - INFO - 📊 EXECUTION AUDIT [STRIKE_SELECTED]: trade_id=None, candidate_id=cand_NSE_NIFTY50_INDEX_BREAKOUT_23851.90_20260903_102000_Structural_v3.2_RVOL1.0, payload={'symbol': 'NSE:NIFTY2690824000PE', 'strike': 24000.0, 'expiry': '26908', 'type': 'PE'}
2026-09-03 10:25:24,359 - INFO - 📊 EXECUTION AUDIT [PREMIUM_RETRIEVED]: trade_id=None, candidate_id=cand_NSE_NIFTY50_INDEX_BREAKOUT_23851.90_20260903_102000_Structural_v3.2_RVOL1.0, payload={'premium': 88.75, 'bid': 88.5, 'ask': 88.7}
2026-09-03 10:25:24,373 - INFO - 📊 EXECUTION AUDIT [CF_SUBMITTED]: trade_id=None, candidate_id=cand_NSE_NIFTY50_INDEX_BREAKOUT_23851.90_20260903_102000_Structural_v3.2_RVOL1.0, payload={'price': 24000.85, 'sl': 24012.54464285714, 'tp': 23883.90357142857}
2026-09-03 10:25:24,388 - INFO - 📊 EXECUTION AUDIT [CF_FILLED]: trade_id=None, candidate_id=cand_NSE_NIFTY50_INDEX_BREAKOUT_23851.90_20260903_102000_Structural_v3.2_RVOL1.0, payload={'price': 24000.85, 'sl': 24012.54464285714, 'tp': 23883.90357142857}
2026-09-03 10:25:24,404 - INFO - 💰 Position size [BREAKOUT|STRONG_TREND_UP_HIGH_VOL|conf=70]: frac=0.005 → ₹5,000 (risk/unit=0.05%)
2026-09-03 10:25:24,437 - INFO - 🟢 ENTRY [CF|Structural_v3.2_RVOL1.0|uctural_v3.2_RVOL1.0]: NSE:NIFTY50-INDEX BUY PUT @ 24000.85 | SL: 24012.54 TP: 23883.90
2026-09-03 10:25:24,437 - INFO - 👻 [Structural_v3.2_RVOL0.8] CF BREAKOUT NSE:NIFTY50-INDEX BUY PUT | Rejected: ['BIAS_MISMATCH', 'LOW_EFFICIENCY', 'HIGH_WICKINESS']
2026-09-03 10:25:24,437 - INFO - 📊 EXECUTION AUDIT [SIGNAL_GENERATED]: trade_id=None, candidate_id=cand_NSE_NIFTY50_INDEX_BREAKOUT_23851.90_20260903_102000_Structural_v3.2_RVOL0.8, payload={'symbol': 'NSE:NIFTY50-INDEX', 'signal': 'BUY PUT', 'strategy': 'BREAKOUT', 'price': 24000.85, 'stop_loss': 24012.54464285714, 'take_profit': 23883.90357142857, 'tp1': 23983.308035714283, 'rr_ratio': 10.0, 'timestamp': '2026-09-03T10:20:00+05:30', 'accepted': False, 'rejection_reasons': ['BIAS_MISMATCH', 'LOW_EFFICIENCY', 'HIGH_WICKINESS'], 'features': {'date': '2026-09-03', 'strategy_name': 'Structural_v3', 'strategy_version': 'v3.2', 'feature_version': 'v1.1', 'market_regime': 'STRONG_TREND_UP_HIGH_VOL', 'day_type': 'NORMAL_DAY', 'session_type': 'MID', 'daily_bias': 'NEUTRAL', 'hourly_bias': 'NEUTRAL', 'trend_strength': 0.0, 'rvol': 0.91, 'rvol_threshold': 0.8, 'atr': 23.39, 'distance_from_supply': 377.75, 'distance_from_demand': 193.3, 'nearest_supply_strength': 100.9, 'nearest_demand_strength': 73.0, 'distance_to_liquidity_pool': 193.29999999999927, 'liquidity_score': 9.1, 'indicator_snapshot': {'rvol_tod': 0.91, 'is_compressed': True, 'bos_count': 0}, 'move_efficiency': 0.1043, 'wickiness': 0.647, 'fft_score': 0.0, 'setup_type': 'BREAKOUT', 'candidate_id': 'cand_NSE_NIFTY50_INDEX_BREAKOUT_23851.90_20260903_102000', 'ema20': 23970.19, 'ema50': 23929.25, 'move_efficiency_h1': 0.4219, 'ema_bullish': True, 'rsi14': 76.34, 'rsi2': 50.0, 'distance_to_vwap': 0.0003, 'atr_percentile': 0.8584, 'dist_prev_high': 0.0036, 'dist_prev_low': 0.009, 'adx': 46.1, 'adx_slope': 1.1157, 'gap_pct': 0.0035, 'regime_primary': 'STRONG_TREND_UP', 'regime_vol_state': 'HIGH_VOL'}, 'candidate_id': 'cand_NSE_NIFTY50_INDEX_BREAKOUT_23851.90_20260903_102000_Structural_v3.2_RVOL0.8', 'experiment_name': 'Structural_v3.2_RVOL0.8', 'strategy_id': 'structural', 'version': 'v3.2'}
2026-09-03 10:25:24,470 - INFO - Resolved active expiry from DB: 26908 (2026-09-08)
2026-09-03 10:25:24,489 - INFO - Resolved index signal into option contract: OptionContract(symbol='NSE:NIFTY2690824000PE', strike=24000.0, expiry='26908', option_type='PE', premium=88.75, delta=0.5, bid=88.5, ask=88.7, volume=66394705, resolved_at=datetime.datetime(2026, 9, 3, 10, 25, 24, 489493))
2026-09-03 10:25:24,489 - INFO - ⚡ Option strike selection resolved index signal to contract NSE:NIFTY2690824000PE @ premium 88.75 (type: PE, strike: 24000.0)
2026-09-03 10:25:24,489 - INFO - 📊 EXECUTION AUDIT [STRIKE_SELECTED]: trade_id=None, candidate_id=cand_NSE_NIFTY50_INDEX_BREAKOUT_23851.90_20260903_102000_Structural_v3.2_RVOL0.8, payload={'symbol': 'NSE:NIFTY2690824000PE', 'strike': 24000.0, 'expiry': '26908', 'type': 'PE'}
2026-09-03 10:25:24,504 - INFO - 📊 EXECUTION AUDIT [PREMIUM_RETRIEVED]: trade_id=None, candidate_id=cand_NSE_NIFTY50_INDEX_BREAKOUT_23851.90_20260903_102000_Structural_v3.2_RVOL0.8, payload={'premium': 88.75, 'bid': 88.5, 'ask': 88.7}
2026-09-03 10:25:24,518 - INFO - 📊 EXECUTION AUDIT [CF_SUBMITTED]: trade_id=None, candidate_id=cand_NSE_NIFTY50_INDEX_BREAKOUT_23851.90_20260903_102000_Structural_v3.2_RVOL0.8, payload={'price': 24000.85, 'sl': 24012.54464285714, 'tp': 23883.90357142857}
2026-09-03 10:25:24,533 - INFO - 📊 EXECUTION AUDIT [CF_FILLED]: trade_id=None, candidate_id=cand_NSE_NIFTY50_INDEX_BREAKOUT_23851.90_20260903_102000_Structural_v3.2_RVOL0.8, payload={'price': 24000.85, 'sl': 24012.54464285714, 'tp': 23883.90357142857}
2026-09-03 10:25:24,547 - INFO - 💰 Position size [BREAKOUT|STRONG_TREND_UP_HIGH_VOL|conf=70]: frac=0.005 → ₹5,000 (risk/unit=0.05%)
2026-09-03 10:25:24,580 - INFO - 🟢 ENTRY [CF|Structural_v3.2_RVOL0.8|uctural_v3.2_RVOL0.8]: NSE:NIFTY50-INDEX BUY PUT @ 24000.85 | SL: 24012.54 TP: 23883.90
2026-09-03 10:25:24,580 - INFO - 🧭 [CreditSpread_v1.0_PCRFade] Regime router: NSE:NIFTY50-INDEX combo blocked from REAL capital (regime=STRONG_TREND_UP_HIGH_VOL) — routed to CF
2026-09-03 10:25:24,598 - INFO - Resolved active expiry from DB: 26908 (2026-09-08)
2026-09-03 10:25:24,636 - INFO - Resolved BEAR_CALL_SPREAD for NSE:NIFTY50-INDEX: [('CE', 'SELL', 24050.0), ('CE', 'BUY', 24150.0)] net_premium=-44.75 max_loss=55.25
2026-09-03 10:25:24,670 - INFO - 🟢 CF COMBO ENTRY [CreditSpread_v1.0_PCRFade|tSpread_v1.0_PCRFade]: NSE:NIFTY50-INDEX BEAR_CALL_SPREAD | Net premium: -44.75 | Max loss: 55.25
2026-09-03 10:25:24,670 - INFO - 🧭 [IronCondor_v1.0] Regime router: NSE:NIFTY50-INDEX combo blocked from REAL capital (regime=STRONG_TREND_UP_HIGH_VOL) — routed to CF
2026-09-03 10:25:24,690 - INFO - Resolved active expiry from DB: 26908 (2026-09-08)
2026-09-03 10:25:24,764 - INFO - Resolved IRON_CONDOR for NSE:NIFTY50-INDEX: [('PE', 'SELL', 23950.0), ('PE', 'BUY', 23850.0), ('CE', 'SELL', 24050.0), ('CE', 'BUY', 24150.0)] net_premium=-72.20 max_loss=27.80
2026-09-03 10:25:24,793 - INFO - 🟢 CF COMBO ENTRY [IronCondor_v1.0|2505_IronCondor_v1.0]: NSE:NIFTY50-INDEX IRON_CONDOR | Net premium: -72.20 | Max loss: 27.80
2026-09-03 10:25:24,793 - INFO - 🧭 [IronButterfly_v1.0] Regime router: NSE:NIFTY50-INDEX combo blocked from REAL capital (regime=STRONG_TREND_UP_HIGH_VOL) — routed to CF
2026-09-03 10:25:24,808 - INFO - Resolved active expiry from DB: 26908 (2026-09-08)
2026-09-03 10:25:24,886 - INFO - Resolved IRON_BUTTERFLY for NSE:NIFTY50-INDEX: [('PE', 'SELL', 24000.0), ('CE', 'SELL', 24000.0), ('PE', 'BUY', 23800.0), ('CE', 'BUY', 24200.0)] net_premium=-143.05 max_loss=56.95
2026-09-03 10:25:24,916 - INFO - 🟢 CF COMBO ENTRY [IronButterfly_v1.0|5_IronButterfly_v1.0]: NSE:NIFTY50-INDEX IRON_BUTTERFLY | Net premium: -143.05 | Max loss: 56.95
2026-09-03 10:25:24,916 - INFO - 🧭 [ExpiryAwareTheta_v1.0] Regime router: NSE:NIFTY50-INDEX combo blocked from REAL capital (regime=STRONG_TREND_UP_HIGH_VOL) — routed to CF
2026-09-03 10:25:24,935 - INFO - Resolved active expiry from DB: 26908 (2026-09-08)
2026-09-03 10:25:25,010 - INFO - Resolved IRON_CONDOR for NSE:NIFTY50-INDEX: [('PE', 'SELL', 23950.0), ('PE', 'BUY', 23850.0), ('CE', 'SELL', 24050.0), ('CE', 'BUY', 24150.0)] net_premium=-72.20 max_loss=27.80
2026-09-03 10:25:25,039 - INFO - 🟢 CF COMBO ENTRY [ExpiryAwareTheta_v1.0|xpiryAwareTheta_v1.0]: NSE:NIFTY50-INDEX IRON_CONDOR | Net premium: -72.20 | Max loss: 27.80
2026-09-03 10:25:27,042 - INFO - Resolved active expiry from DB: 26SEP (2026-09-29)
2026-09-03 10:25:27,044 - INFO - 👻 [Structural_v3.2_RVOL1.0] CF BREAKOUT NSE:NIFTYBANK-INDEX BUY CALL | Rejected: ['BIAS_MISMATCH', 'LOW_EFFICIENCY']
2026-09-03 10:25:27,044 - INFO - 📊 EXECUTION AUDIT [SIGNAL_GENERATED]: trade_id=None, candidate_id=cand_NSE_NIFTYBANK_INDEX_BREAKOUT_57753.60_20260903_102000_Structural_v3.2_RVOL1.0, payload={'symbol': 'NSE:NIFTYBANK-INDEX', 'signal': 'BUY CALL', 'strategy': 'BREAKOUT', 'price': 57738.65, 'stop_loss': 57692.02678571429, 'take_profit': 58004.225000000006, 'tp1': 57808.584821428565, 'rr_ratio': 5.7, 'timestamp': '2026-09-03T10:20:00+05:30', 'accepted': False, 'rejection_reasons': ['BIAS_MISMATCH', 'LOW_EFFICIENCY'], 'features': {'date': '2026-09-03', 'strategy_name': 'Structural_v3', 'strategy_version': 'v3.2', 'feature_version': 'v1.1', 'market_regime': 'GAP_UP_HIGH_VOL', 'day_type': 'NORMAL_DAY', 'session_type': 'MID', 'daily_bias': 'NEUTRAL', 'hourly_bias': 'NEUTRAL', 'trend_strength': 0.0, 'rvol': 2.23, 'rvol_threshold': 1.0, 'atr': 93.25, 'distance_from_supply': 265.58, 'distance_from_demand': 915.45, 'nearest_supply_strength': 84.0, 'nearest_demand_strength': 70.0, 'distance_to_liquidity_pool': 915.4500000000044, 'liquidity_score': 22.3, 'indicator_snapshot': {'rvol_tod': 2.23, 'is_compressed': False, 'bos_count': 0}, 'move_efficiency': 0.2412, 'wickiness': 0.3372, 'fft_score': 0.0, 'setup_type': 'BREAKOUT', 'candidate_id': 'cand_NSE_NIFTYBANK_INDEX_BREAKOUT_57753.60_20260903_102000', 'ema20': 57535.08, 'ema50': 57342.5, 'move_efficiency_h1': 0.5987, 'ema_bullish': True, 'rsi14': 83.56, 'rsi2': 50.0, 'distance_to_vwap': 0.0017, 'atr_percentile': 0.8673, 'dist_prev_high': 0.009, 'dist_prev_low': 0.0161, 'adx': 48.43, 'adx_slope': 2.0425, 'gap_pct': 0.0057, 'regime_primary': 'GAP_UP', 'regime_vol_state': 'HIGH_VOL'}, 'candidate_id': 'cand_NSE_NIFTYBANK_INDEX_BREAKOUT_57753.60_20260903_102000_Structural_v3.2_RVOL1.0', 'experiment_name': 'Structural_v3.2_RVOL1.0', 'strategy_id': 'structural', 'version': 'v3.2'}
2026-09-03 10:25:27,074 - INFO - Resolved active expiry from DB: 26SEP (2026-09-29)
2026-09-03 10:25:27,093 - INFO - Resolved index signal into option contract: OptionContract(symbol='NSE:BANKNIFTY26SEP57700CE', strike=57700.0, expiry='26SEP', option_type='CE', premium=861.8, delta=0.5, bid=859.35, ask=861.8, volume=459930, resolved_at=datetime.datetime(2026, 9, 3, 10, 25, 27, 93220))
2026-09-03 10:25:27,093 - INFO - ⚡ Option strike selection resolved index signal to contract NSE:BANKNIFTY26SEP57700CE @ premium 861.8 (type: CE, strike: 57700.0)
2026-09-03 10:25:27,093 - INFO - 📊 EXECUTION AUDIT [STRIKE_SELECTED]: trade_id=None, candidate_id=cand_NSE_NIFTYBANK_INDEX_BREAKOUT_57753.60_20260903_102000_Structural_v3.2_RVOL1.0, payload={'symbol': 'NSE:BANKNIFTY26SEP57700CE', 'strike': 57700.0, 'expiry': '26SEP', 'type': 'CE'}
2026-09-03 10:25:27,108 - INFO - 📊 EXECUTION AUDIT [PREMIUM_RETRIEVED]: trade_id=None, candidate_id=cand_NSE_NIFTYBANK_INDEX_BREAKOUT_57753.60_20260903_102000_Structural_v3.2_RVOL1.0, payload={'premium': 861.8, 'bid': 859.35, 'ask': 861.8}
2026-09-03 10:25:27,123 - INFO - 📊 EXECUTION AUDIT [CF_SUBMITTED]: trade_id=None, candidate_id=cand_NSE_NIFTYBANK_INDEX_BREAKOUT_57753.60_20260903_102000_Structural_v3.2_RVOL1.0, payload={'price': 57738.65, 'sl': 57692.02678571429, 'tp': 58004.225000000006}
2026-09-03 10:25:27,136 - INFO - 📊 EXECUTION AUDIT [CF_FILLED]: trade_id=None, candidate_id=cand_NSE_NIFTYBANK_INDEX_BREAKOUT_57753.60_20260903_102000_Structural_v3.2_RVOL1.0, payload={'price': 57738.65, 'sl': 57692.02678571429, 'tp': 58004.225000000006}
2026-09-03 10:25:27,154 - INFO - 💰 Position size [BREAKOUT|GAP_UP_HIGH_VOL|conf=70]: frac=0.002 → ₹5,000 (risk/unit=0.08%)
2026-09-03 10:25:27,186 - INFO - 🟢 ENTRY [CF|Structural_v3.2_RVOL1.0|uctural_v3.2_RVOL1.0]: NSE:NIFTYBANK-INDEX BUY CALL @ 57738.65 | SL: 57692.03 TP: 58004.23
2026-09-03 10:25:27,186 - INFO - 👻 [Structural_v3.2_RVOL0.8] CF BREAKOUT NSE:NIFTYBANK-INDEX BUY CALL | Rejected: ['BIAS_MISMATCH', 'LOW_EFFICIENCY']
2026-09-03 10:25:27,186 - INFO - 📊 EXECUTION AUDIT [SIGNAL_GENERATED]: trade_id=None, candidate_id=cand_NSE_NIFTYBANK_INDEX_BREAKOUT_57753.60_20260903_102000_Structural_v3.2_RVOL0.8, payload={'symbol': 'NSE:NIFTYBANK-INDEX', 'signal': 'BUY CALL', 'strategy': 'BREAKOUT', 'price': 57738.65, 'stop_loss': 57692.02678571429, 'take_profit': 58004.225000000006, 'tp1': 57808.584821428565, 'rr_ratio': 5.7, 'timestamp': '2026-09-03T10:20:00+05:30', 'accepted': False, 'rejection_reasons': ['BIAS_MISMATCH', 'LOW_EFFICIENCY'], 'features': {'date': '2026-09-03', 'strategy_name': 'Structural_v3', 'strategy_version': 'v3.2', 'feature_version': 'v1.1', 'market_regime': 'GAP_UP_HIGH_VOL', 'day_type': 'NORMAL_DAY', 'session_type': 'MID', 'daily_bias': 'NEUTRAL', 'hourly_bias': 'NEUTRAL', 'trend_strength': 0.0, 'rvol': 2.23, 'rvol_threshold': 0.8, 'atr': 93.25, 'distance_from_supply': 265.58, 'distance_from_demand': 915.45, 'nearest_supply_strength': 84.0, 'nearest_demand_strength': 70.0, 'distance_to_liquidity_pool': 915.4500000000044, 'liquidity_score': 22.3, 'indicator_snapshot': {'rvol_tod': 2.23, 'is_compressed': False, 'bos_count': 0}, 'move_efficiency': 0.2412, 'wickiness': 0.3372, 'fft_score': 0.0, 'setup_type': 'BREAKOUT', 'candidate_id': 'cand_NSE_NIFTYBANK_INDEX_BREAKOUT_57753.60_20260903_102000', 'ema20': 57535.08, 'ema50': 57342.5, 'move_efficiency_h1': 0.5987, 'ema_bullish': True, 'rsi14': 83.56, 'rsi2': 50.0, 'distance_to_vwap': 0.0017, 'atr_percentile': 0.8673, 'dist_prev_high': 0.009, 'dist_prev_low': 0.0161, 'adx': 48.43, 'adx_slope': 2.0425, 'gap_pct': 0.0057, 'regime_primary': 'GAP_UP', 'regime_vol_state': 'HIGH_VOL'}, 'candidate_id': 'cand_NSE_NIFTYBANK_INDEX_BREAKOUT_57753.60_20260903_102000_Structural_v3.2_RVOL0.8', 'experiment_name': 'Structural_v3.2_RVOL0.8', 'strategy_id': 'structural', 'version': 'v3.2'}
2026-09-03 10:25:27,220 - INFO - Resolved active expiry from DB: 26SEP (2026-09-29)
2026-09-03 10:25:27,240 - INFO - Resolved index signal into option contract: OptionContract(symbol='NSE:BANKNIFTY26SEP57700CE', strike=57700.0, expiry='26SEP', option_type='CE', premium=861.8, delta=0.5, bid=859.35, ask=861.8, volume=459930, resolved_at=datetime.datetime(2026, 9, 3, 10, 25, 27, 240172))
2026-09-03 10:25:27,240 - INFO - ⚡ Option strike selection resolved index signal to contract NSE:BANKNIFTY26SEP57700CE @ premium 861.8 (type: CE, strike: 57700.0)
2026-09-03 10:25:27,240 - INFO - 📊 EXECUTION AUDIT [STRIKE_SELECTED]: trade_id=None, candidate_id=cand_NSE_NIFTYBANK_INDEX_BREAKOUT_57753.60_20260903_102000_Structural_v3.2_RVOL0.8, payload={'symbol': 'NSE:BANKNIFTY26SEP57700CE', 'strike': 57700.0, 'expiry': '26SEP', 'type': 'CE'}
2026-09-03 10:25:27,254 - INFO - 📊 EXECUTION AUDIT [PREMIUM_RETRIEVED]: trade_id=None, candidate_id=cand_NSE_NIFTYBANK_INDEX_BREAKOUT_57753.60_20260903_102000_Structural_v3.2_RVOL0.8, payload={'premium': 861.8, 'bid': 859.35, 'ask': 861.8}
2026-09-03 10:25:27,271 - INFO - 📊 EXECUTION AUDIT [CF_SUBMITTED]: trade_id=None, candidate_id=cand_NSE_NIFTYBANK_INDEX_BREAKOUT_57753.60_20260903_102000_Structural_v3.2_RVOL0.8, payload={'price': 57738.65, 'sl': 57692.02678571429, 'tp': 58004.225000000006}
2026-09-03 10:25:27,288 - INFO - 📊 EXECUTION AUDIT [CF_FILLED]: trade_id=None, candidate_id=cand_NSE_NIFTYBANK_INDEX_BREAKOUT_57753.60_20260903_102000_Structural_v3.2_RVOL0.8, payload={'price': 57738.65, 'sl': 57692.02678571429, 'tp': 58004.225000000006}
2026-09-03 10:25:27,304 - INFO - 💰 Position size [BREAKOUT|GAP_UP_HIGH_VOL|conf=70]: frac=0.002 → ₹5,000 (risk/unit=0.08%)
2026-09-03 10:25:27,337 - INFO - 🟢 ENTRY [CF|Structural_v3.2_RVOL0.8|uctural_v3.2_RVOL0.8]: NSE:NIFTYBANK-INDEX BUY CALL @ 57738.65 | SL: 57692.03 TP: 58004.23
2026-09-03 10:25:27,337 - INFO - 👻 [Butterfly_v1.0] CF COMBO BUTTERFLY_SPREAD NSE:NIFTYBANK-INDEX BUTTERFLY_SPREAD | Rejected: ['HIGH_RVOL', 'COOLDOWN_AFTER_LOSS']
2026-09-03 10:25:27,357 - INFO - Resolved active expiry from DB: 26SEP (2026-09-29)
2026-09-03 10:25:27,435 - INFO - Resolved BUTTERFLY_SPREAD for NSE:NIFTYBANK-INDEX: [('CE', 'BUY', 57500.0), ('CE', 'SELL', 57700.0), ('CE', 'SELL', 57700.0), ('CE', 'BUY', 57900.0)] net_premium=10.05 max_loss=10.05
2026-09-03 10:25:27,467 - INFO - 🟢 CF COMBO ENTRY [Butterfly_v1.0|02505_Butterfly_v1.0]: NSE:NIFTYBANK-INDEX BUTTERFLY_SPREAD | Net premium: 10.05 | Max loss: 10.05
2026-09-03 10:25:27,467 - INFO - 🚀 SIGNAL: NSE:NIFTYBANK-INDEX BUY PUT | [RelativeValue_NIFTY_BANKNIFTY_v1.0]
2026-09-03 10:25:27,467 - INFO -    Entry: 57738.65 | SL: 57785.275 | TP: 57573.006762927565 (RR: 3.55)
2026-09-03 10:25:27,467 - INFO - 📊 EXECUTION AUDIT [SIGNAL_GENERATED]: trade_id=trade_NSE_NIFTYBANK_INDEX_RelativeValue_NIFTY_BANKNIFTY_v1.0_1788411305, candidate_id=cand_NSE_NIFTYBANK_INDEX_RELVAL_57738.65_20260903_102505_RelativeValue_NIFTY_BANKNIFTY_v1.0, payload={'symbol': 'NSE:NIFTYBANK-INDEX', 'signal': 'BUY PUT', 'strategy': 'RATIO_DIVERGENCE', 'price': 57738.65, 'stop_loss': 57785.275, 'take_profit': 57573.006762927565, 'tp1': 57668.7125, 'rr_ratio': 3.55, 'timestamp': '2026-09-03T10:25:05.830880+05:30', 'accepted': True, 'rejection_reasons': [], 'features': {'atr': 93.25, 'ema20': 57535.08, 'ema50': 57342.5, 'move_efficiency': 0.2412, 'move_efficiency_h1': 0.5987, 'wickiness': 0.3372, 'ema_bullish': True, 'rsi14': 83.56, 'rsi2': 50.0, 'distance_to_vwap': 0.0017, 'atr_percentile': 0.8673, 'dist_prev_high': 0.009, 'dist_prev_low': 0.0161, 'adx': 48.43, 'adx_slope': 2.0425, 'gap_pct': 0.0057, 'regime_primary': 'GAP_UP', 'regime_vol_state': 'HIGH_VOL', 'market_regime': 'GAP_UP_HIGH_VOL'}, 'candidate_id': 'cand_NSE_NIFTYBANK_INDEX_RELVAL_57738.65_20260903_102505_RelativeValue_NIFTY_BANKNIFTY_v1.0', 'confidence': 0.52, 'diagnostics': {'ratio_now': 0.4157, 'ratio_rolling_mean': 0.4177, 'ratio_rolling_std': 0.000899, 'z_score': -2.22, 'atr': 93.25, 'rr_ratio': 3.55, 'other_symbol': 'NSE:NIFTY50-INDEX'}, 'experiment_name': 'RelativeValue_NIFTY_BANKNIFTY_v1.0', 'strategy_id': 'relative_value_nifty_banknifty', 'version': 'v1.0'}
2026-09-03 10:25:27,503 - INFO - Resolved active expiry from DB: 26SEP (2026-09-29)
2026-09-03 10:25:27,524 - INFO - Resolved index signal into option contract: OptionContract(symbol='NSE:BANKNIFTY26SEP57700PE', strike=57700.0, expiry='26SEP', option_type='PE', premium=553.55, delta=0.5, bid=552.0, ask=553.55, volume=549270, resolved_at=datetime.datetime(2026, 9, 3, 10, 25, 27, 524182))
2026-09-03 10:25:27,524 - INFO - ⚡ Option strike selection resolved index signal to contract NSE:BANKNIFTY26SEP57700PE @ premium 553.55 (type: PE, strike: 57700.0)
2026-09-03 10:25:27,524 - INFO - 📊 EXECUTION AUDIT [STRIKE_SELECTED]: trade_id=trade_NSE_NIFTYBANK_INDEX_RelativeValue_NIFTY_BANKNIFTY_v1.0_1788411305, candidate_id=cand_NSE_NIFTYBANK_INDEX_RELVAL_57738.65_20260903_102505_RelativeValue_NIFTY_BANKNIFTY_v1.0, payload={'symbol': 'NSE:BANKNIFTY26SEP57700PE', 'strike': 57700.0, 'expiry': '26SEP', 'type': 'PE'}
2026-09-03 10:25:27,540 - INFO - 📊 EXECUTION AUDIT [PREMIUM_RETRIEVED]: trade_id=trade_NSE_NIFTYBANK_INDEX_RelativeValue_NIFTY_BANKNIFTY_v1.0_1788411305, candidate_id=cand_NSE_NIFTYBANK_INDEX_RELVAL_57738.65_20260903_102505_RelativeValue_NIFTY_BANKNIFTY_v1.0, payload={'premium': 553.55, 'bid': 552.0, 'ask': 553.55}
2026-09-03 10:25:27,556 - INFO - 📊 EXECUTION AUDIT [ORDER_SUBMITTED]: trade_id=trade_NSE_NIFTYBANK_INDEX_RelativeValue_NIFTY_BANKNIFTY_v1.0_1788411305, candidate_id=cand_NSE_NIFTYBANK_INDEX_RELVAL_57738.65_20260903_102505_RelativeValue_NIFTY_BANKNIFTY_v1.0, payload={'price': 57738.65, 'sl': 57785.275, 'tp': 57573.006762927565}
2026-09-03 10:25:27,571 - INFO - 📊 EXECUTION AUDIT [ORDER_FILLED]: trade_id=trade_NSE_NIFTYBANK_INDEX_RelativeValue_NIFTY_BANKNIFTY_v1.0_1788411305, candidate_id=cand_NSE_NIFTYBANK_INDEX_RELVAL_57738.65_20260903_102505_RelativeValue_NIFTY_BANKNIFTY_v1.0, payload={'price': 57738.65, 'sl': 57785.275, 'tp': 57573.006762927565}
2026-09-03 10:25:27,587 - INFO - 💰 Position size [RATIO_DIVERGENCE|GAP_UP_HIGH_VOL|conf=1]: frac=0.002 → ₹5,000 (risk/unit=0.08%)
2026-09-03 10:25:27,619 - INFO - 🟢 ENTRY [RelativeValue_NIFTY_BANKNIFTY_v1.0|_v1.0_1788411305]: NSE:NIFTYBANK-INDEX BUY PUT @ 57738.65 | SL: 57785.28 TP: 57573.01
2026-09-03 10:25:35,629 - INFO - ⏱️ [Real-time Exit Loop] Checking open positions @ 10:25:35...
2026-09-03 10:25:36,758 - INFO - 📊 EXECUTION AUDIT [SL_MODIFIED]: trade_id=trade_NSE_NIFTYBANK_INDEX_RelativeValue_NIFTY_BANKNIFTY_v1.0_1788411305, candidate_id=cand_NSE_NIFTYBANK_INDEX_RELVAL_57738.65_20260903_102505_RelativeValue_NIFTY_BANKNIFTY_v1.0, payload={'price': 57725.45, 'old_sl': 57785.275, 'new_sl': 57772.075, 'old_tp': None, 'new_tp': 57573.006762927565, 'reason': 'TRAILING_SL'}
2026-09-03 10:25:36,798 - INFO - 🟡 UPDATE (TRAILING_SL) [RelativeValue_NIFTY_BANKNIFTY_v1.0|NIFTY_BANKNIFTY_v1.0]: NSE:NIFTYBANK-INDEX @ 57725.45 | SL→57772.07 TP→57573.01
2026-09-03 10:25:36,820 - INFO - 📊 EXECUTION AUDIT [CF_SL_MODIFIED]: trade_id=None, candidate_id=cand_NSE_NIFTY50_INDEX_BREAKOUT_23851.90_20260903_102000_Structural_v3.2_RVOL1.0, payload={'price': 23996.0, 'old_sl': 24012.54464285714, 'new_sl': 24007.694642857143, 'old_tp': None, 'new_tp': 23883.90357142857, 'reason': 'TRAILING_SL'}
2026-09-03 10:25:36,861 - INFO - 🟡 UPDATE (TRAILING_SL) [CFStructural_v3.2_RVOL1.0|uctural_v3.2_RVOL1.0]: NSE:NIFTY50-INDEX @ 23996.00 | SL→24007.69 TP→23883.90
2026-09-03 10:25:36,862 - INFO - 📊 EXECUTION AUDIT [CF_SL_MODIFIED]: trade_id=None, candidate_id=cand_NSE_NIFTY50_INDEX_BREAKOUT_23851.90_20260903_102000_Structural_v3.2_RVOL0.8, payload={'price': 23996.0, 'old_sl': 24012.54464285714, 'new_sl': 24007.694642857143, 'old_tp': None, 'new_tp': 23883.90357142857, 'reason': 'TRAILING_SL'}
2026-09-03 10:25:36,903 - INFO - 🟡 UPDATE (TRAILING_SL) [CFStructural_v3.2_RVOL0.8|uctural_v3.2_RVOL0.8]: NSE:NIFTY50-INDEX @ 23996.00 | SL→24007.69 TP→23883.90
2026-09-03 10:25:37,722 - INFO - Retrieved live premium from Fyers API: LTP=19.8 for NSE:NIFTY2690823700PE
2026-09-03 10:25:38,738 - INFO - Retrieved live premium from Fyers API: LTP=328.15 for NSE:BANKNIFTY26SEP57000PE
2026-09-03 10:25:39,785 - INFO - Retrieved live premium from Fyers API: LTP=329.2 for NSE:BANKNIFTY26SEP57000PE
2026-09-03 10:25:40,734 - INFO - Retrieved live premium from Fyers API: LTP=354.35 for NSE:BANKNIFTY26SEP57100PE
2026-09-03 10:25:41,745 - INFO - Retrieved live premium from Fyers API: LTP=303.0 for NSE:BANKNIFTY26SEP56900PE
2026-09-03 10:25:42,745 - INFO - Retrieved live premium from Fyers API: LTP=281.4 for NSE:BANKNIFTY26SEP56800PE
2026-09-03 10:25:43,758 - INFO - Retrieved live premium from Fyers API: LTP=354.35 for NSE:BANKNIFTY26SEP57100PE
2026-09-03 10:25:44,751 - INFO - Retrieved live premium from Fyers API: LTP=303.0 for NSE:BANKNIFTY26SEP56900PE
2026-09-03 10:25:48,137 - INFO - 🔴 CF COMBO EXIT (STOP_R) [Butterfly_v1.0|02505_Butterfly_v1.0]: NSE:NIFTYBANK-INDEX BUTTERFLY_SPREAD | PnL -1.00R | 0min
2026-09-03 10:25:49,729 - INFO - 📊 Saved 22 snapshots for NSE:NIFTY50-INDEX  (oi range: 356,265–13,778,830)
2026-09-03 10:25:51,841 - INFO - 📡 Fetching NSE:NIFTYBANK-INDEX @ 57709  expiry=26SEP  strikes=ATM±5
2026-09-03 10:26:05,142 - INFO - ⏱️ [Real-time Exit Loop] Checking open positions @ 10:26:05...
2026-09-03 10:26:06,277 - INFO - 📊 EXECUTION AUDIT [SL_MODIFIED]: trade_id=trade_NSE_NIFTYBANK_INDEX_RelativeValue_NIFTY_BANKNIFTY_v1.0_1788411305, candidate_id=cand_NSE_NIFTYBANK_INDEX_RELVAL_57738.65_20260903_102505_RelativeValue_NIFTY_BANKNIFTY_v1.0, payload={'price': 57703.8, 'old_sl': 57772.075, 'new_sl': 57750.425, 'old_tp': None, 'new_tp': 57573.006762927565, 'reason': 'TRAILING_SL'}
2026-09-03 10:26:06,315 - INFO - 🟡 UPDATE (TRAILING_SL) [RelativeValue_NIFTY_BANKNIFTY_v1.0|NIFTY_BANKNIFTY_v1.0]: NSE:NIFTYBANK-INDEX @ 57703.80 | SL→57750.43 TP→57573.01
2026-09-03 10:26:06,336 - INFO - 📊 EXECUTION AUDIT [CF_SL_MODIFIED]: trade_id=None, candidate_id=cand_NSE_NIFTY50_INDEX_BREAKOUT_23851.90_20260903_102000_Structural_v3.2_RVOL1.0, payload={'price': 23994.2, 'old_sl': 24007.694642857143, 'new_sl': 24005.894642857143, 'old_tp': None, 'new_tp': 23883.90357142857, 'reason': 'TRAILING_SL'}
2026-09-03 10:26:06,376 - INFO - 🟡 UPDATE (TRAILING_SL) [CFStructural_v3.2_RVOL1.0|uctural_v3.2_RVOL1.0]: NSE:NIFTY50-INDEX @ 23994.20 | SL→24005.89 TP→23883.90
2026-09-03 10:26:06,377 - INFO - 📊 EXECUTION AUDIT [CF_SL_MODIFIED]: trade_id=None, candidate_id=cand_NSE_NIFTY50_INDEX_BREAKOUT_23851.90_20260903_102000_Structural_v3.2_RVOL0.8, payload={'price': 23994.2, 'old_sl': 24007.694642857143, 'new_sl': 24005.894642857143, 'old_tp': None, 'new_tp': 23883.90357142857, 'reason': 'TRAILING_SL'}
2026-09-03 10:26:06,422 - INFO - 🟡 UPDATE (TRAILING_SL) [CFStructural_v3.2_RVOL0.8|uctural_v3.2_RVOL0.8]: NSE:NIFTY50-INDEX @ 23994.20 | SL→24005.89 TP→23883.90
2026-09-03 10:26:07,253 - INFO - Retrieved live premium from Fyers API: LTP=19.95 for NSE:NIFTY2690823700PE
2026-09-03 10:26:08,235 - INFO - Retrieved live premium from Fyers API: LTP=332.0 for NSE:BANKNIFTY26SEP57000PE
2026-09-03 10:26:09,261 - INFO - Retrieved live premium from Fyers API: LTP=332.6 for NSE:BANKNIFTY26SEP57000PE
2026-09-03 10:26:10,298 - INFO - Retrieved live premium from Fyers API: LTP=357.55 for NSE:BANKNIFTY26SEP57100PE
2026-09-03 10:26:11,240 - INFO - Retrieved live premium from Fyers API: LTP=303.0 for NSE:BANKNIFTY26SEP56900PE
2026-09-03 10:26:12,284 - INFO - Retrieved live premium from Fyers API: LTP=281.4 for NSE:BANKNIFTY26SEP56800PE
2026-09-03 10:26:13,268 - INFO - Retrieved live premium from Fyers API: LTP=357.55 for NSE:BANKNIFTY26SEP57100PE
2026-09-03 10:26:14,294 - INFO - Retrieved live premium from Fyers API: LTP=303.0 for NSE:BANKNIFTY26SEP56900PE
2026-09-03 10:26:21,493 - INFO - 📊 Saved 22 snapshots for NSE:NIFTYBANK-INDEX  (oi range: 90,450–1,992,540)
2026-09-03 10:26:22,597 - INFO - 📡 Fetching NSE:NIFTY50-INDEX @ 23990  expiry=26908  strikes=ATM±5
2026-09-03 10:26:35,640 - INFO - ⏱️ [Real-time Exit Loop] Checking open positions @ 10:26:35...
2026-09-03 10:26:36,774 - INFO - 📊 EXECUTION AUDIT [SL_MODIFIED]: trade_id=trade_NSE_NIFTYBANK_INDEX_RelativeValue_NIFTY_BANKNIFTY_v1.0_1788411305, candidate_id=cand_NSE_NIFTYBANK_INDEX_RELVAL_57738.65_20260903_102505_RelativeValue_NIFTY_BANKNIFTY_v1.0, payload={'price': 57697.25, 'old_sl': 57750.425, 'new_sl': 57743.875, 'old_tp': None, 'new_tp': 57573.006762927565, 'reason': 'TRAILING_SL'}
2026-09-03 10:26:36,811 - INFO - 🟡 UPDATE (TRAILING_SL) [RelativeValue_NIFTY_BANKNIFTY_v1.0|NIFTY_BANKNIFTY_v1.0]: NSE:NIFTYBANK-INDEX @ 57697.25 | SL→57743.88 TP→57573.01
2026-09-03 10:26:36,833 - INFO - 📊 EXECUTION AUDIT [CF_SL_MODIFIED]: trade_id=None, candidate_id=cand_NSE_NIFTY50_INDEX_BREAKOUT_23851.90_20260903_102000_Structural_v3.2_RVOL1.0, payload={'price': 23991.65, 'old_sl': 24005.894642857143, 'new_sl': 24003.344642857144, 'old_tp': None, 'new_tp': 23883.90357142857, 'reason': 'TRAILING_SL'}
2026-09-03 10:26:36,874 - INFO - 🟡 UPDATE (TRAILING_SL) [CFStructural_v3.2_RVOL1.0|uctural_v3.2_RVOL1.0]: NSE:NIFTY50-INDEX @ 23991.65 | SL→24003.34 TP→23883.90
2026-09-03 10:26:36,874 - INFO - 📊 EXECUTION AUDIT [CF_SL_MODIFIED]: trade_id=None, candidate_id=cand_NSE_NIFTY50_INDEX_BREAKOUT_23851.90_20260903_102000_Structural_v3.2_RVOL0.8, payload={'price': 23991.65, 'old_sl': 24005.894642857143, 'new_sl': 24003.344642857144, 'old_tp': None, 'new_tp': 23883.90357142857, 'reason': 'TRAILING_SL'}
2026-09-03 10:26:36,918 - INFO - 🟡 UPDATE (TRAILING_SL) [CFStructural_v3.2_RVOL0.8|uctural_v3.2_RVOL0.8]: NSE:NIFTY50-INDEX @ 23991.65 | SL→24003.34 TP→23883.90
2026-09-03 10:26:37,763 - INFO - Retrieved live premium from Fyers API: LTP=20.25 for NSE:NIFTY2690823700PE
2026-09-03 10:26:38,752 - INFO - Retrieved live premium from Fyers API: LTP=331.75 for NSE:BANKNIFTY26SEP57000PE
2026-09-03 10:26:39,771 - INFO - Retrieved live premium from Fyers API: LTP=332.75 for NSE:BANKNIFTY26SEP57000PE
2026-09-03 10:26:40,784 - INFO - Retrieved live premium from Fyers API: LTP=359.65 for NSE:BANKNIFTY26SEP57100PE
2026-09-03 10:26:41,768 - INFO - Retrieved live premium from Fyers API: LTP=307.1 for NSE:BANKNIFTY26SEP56900PE
2026-09-03 10:26:42,786 - INFO - Retrieved live premium from Fyers API: LTP=285.25 for NSE:BANKNIFTY26SEP56800PE
2026-09-03 10:26:43,812 - INFO - Retrieved live premium from Fyers API: LTP=359.15 for NSE:BANKNIFTY26SEP57100PE
2026-09-03 10:26:44,789 - INFO - Retrieved live premium from Fyers API: LTP=307.1 for NSE:BANKNIFTY26SEP56900PE
2026-09-03 10:26:52,279 - INFO - 📊 Saved 22 snapshots for NSE:NIFTY50-INDEX  (oi range: 356,330–13,683,670)
2026-09-03 10:26:54,384 - INFO - 📡 Fetching NSE:NIFTYBANK-INDEX @ 57688  expiry=26SEP  strikes=ATM±5
2026-09-03 10:27:05,135 - INFO - ⏱️ [Real-time Exit Loop] Checking open positions @ 10:27:05...
2026-09-03 10:27:06,249 - INFO - 📊 EXECUTION AUDIT [SL_MODIFIED]: trade_id=trade_NSE_NIFTYBANK_INDEX_RelativeValue_NIFTY_BANKNIFTY_v1.0_1788411305, candidate_id=cand_NSE_NIFTYBANK_INDEX_RELVAL_57738.65_20260903_102505_RelativeValue_NIFTY_BANKNIFTY_v1.0, payload={'price': 57680.1, 'old_sl': 57743.875, 'new_sl': 57726.725, 'old_tp': None, 'new_tp': 57573.006762927565, 'reason': 'TRAILING_SL'}
2026-09-03 10:27:06,284 - INFO - 🟡 UPDATE (TRAILING_SL) [RelativeValue_NIFTY_BANKNIFTY_v1.0|NIFTY_BANKNIFTY_v1.0]: NSE:NIFTYBANK-INDEX @ 57680.10 | SL→57726.72 TP→57573.01
2026-09-03 10:27:06,305 - INFO - 📊 EXECUTION AUDIT [CF_SL_MODIFIED]: trade_id=None, candidate_id=cand_NSE_NIFTY50_INDEX_TRENDLINE_RETEST_24005.50_202609030955_Geometry_v1.0_Score35, payload={'price': 23985.6, 'old_sl': 24007.25, 'new_sl': 24001.899999999998, 'old_tp': None, 'new_tp': 23982.600000000002, 'reason': 'TRAILING_SL'}
2026-09-03 10:27:06,346 - INFO - 🟡 UPDATE (TRAILING_SL) [CFGeometry_v1.0_Score35|eometry_v1.0_Score35]: NSE:NIFTY50-INDEX @ 23985.60 | SL→24001.90 TP→23982.60
2026-09-03 10:27:06,347 - INFO - 📊 EXECUTION AUDIT [CF_SL_MODIFIED]: trade_id=None, candidate_id=cand_NSE_NIFTY50_INDEX_TRENDLINE_RETEST_24005.50_202609030955_Geometry_v1.0_Score50, payload={'price': 23985.6, 'old_sl': 24007.25, 'new_sl': 24001.899999999998, 'old_tp': None, 'new_tp': 23982.600000000002, 'reason': 'TRAILING_SL'}
2026-09-03 10:27:06,389 - INFO - 🟡 UPDATE (TRAILING_SL) [CFGeometry_v1.0_Score50|eometry_v1.0_Score50]: NSE:NIFTY50-INDEX @ 23985.60 | SL→24001.90 TP→23982.60
2026-09-03 10:27:06,389 - INFO - 📊 EXECUTION AUDIT [CF_SL_MODIFIED]: trade_id=None, candidate_id=cand_NSE_NIFTY50_INDEX_BREAKOUT_23851.90_20260903_102000_Structural_v3.2_RVOL1.0, payload={'price': 23985.6, 'old_sl': 24003.344642857144, 'new_sl': 23997.29464285714, 'old_tp': None, 'new_tp': 23883.90357142857, 'reason': 'TRAILING_SL'}
2026-09-03 10:27:06,432 - INFO - 🟡 UPDATE (TRAILING_SL) [CFStructural_v3.2_RVOL1.0|uctural_v3.2_RVOL1.0]: NSE:NIFTY50-INDEX @ 23985.60 | SL→23997.29 TP→23883.90
2026-09-03 10:27:06,432 - INFO - 📊 EXECUTION AUDIT [CF_SL_MODIFIED]: trade_id=None, candidate_id=cand_NSE_NIFTY50_INDEX_BREAKOUT_23851.90_20260903_102000_Structural_v3.2_RVOL0.8, payload={'price': 23985.6, 'old_sl': 24003.344642857144, 'new_sl': 23997.29464285714, 'old_tp': None, 'new_tp': 23883.90357142857, 'reason': 'TRAILING_SL'}
2026-09-03 10:27:06,474 - INFO - 🟡 UPDATE (TRAILING_SL) [CFStructural_v3.2_RVOL0.8|uctural_v3.2_RVOL0.8]: NSE:NIFTY50-INDEX @ 23985.60 | SL→23997.29 TP→23883.90
2026-09-03 10:27:06,475 - INFO - 📊 EXECUTION AUDIT [CF_EXITED]: trade_id=None, candidate_id=cand_NSE_NIFTYBANK_INDEX_BREAKOUT_57753.60_20260903_102000_Structural_v3.2_RVOL1.0, payload={'exit_price': 57680.1, 'exit_reason': 'INITIAL_SL', 'pnl_r': -0.02732652587607328, 'duration_minutes': 1.9884028833333334, 'bars_held': 0}
2026-09-03 10:27:06,523 - INFO - 🔴 EXIT (INITIAL_SL) [CFStructural_v3.2_RVOL1.0|uctural_v3.2_RVOL1.0]: NSE:NIFTYBANK-INDEX @ 57680.10 | PnL -0.03R | MFE 0.00R | Capture N/A | 0bars HoldEff -0.027R/bar
2026-09-03 10:27:06,523 - INFO - 📊 EXECUTION AUDIT [CF_EXITED]: trade_id=None, candidate_id=cand_NSE_NIFTYBANK_INDEX_BREAKOUT_57753.60_20260903_102000_Structural_v3.2_RVOL0.8, payload={'exit_price': 57680.1, 'exit_reason': 'INITIAL_SL', 'pnl_r': -0.02732652587607328, 'duration_minutes': 1.9884028833333334, 'bars_held': 0}
2026-09-03 10:27:06,569 - INFO - 🔴 EXIT (INITIAL_SL) [CFStructural_v3.2_RVOL0.8|uctural_v3.2_RVOL0.8]: NSE:NIFTYBANK-INDEX @ 57680.10 | PnL -0.03R | MFE 0.00R | Capture N/A | 0bars HoldEff -0.027R/bar
2026-09-03 10:27:07,235 - INFO - Retrieved live premium from Fyers API: LTP=20.5 for NSE:NIFTY2690823700PE
2026-09-03 10:27:08,234 - INFO - Retrieved live premium from Fyers API: LTP=335.3 for NSE:BANKNIFTY26SEP57000PE
2026-09-03 10:27:09,249 - INFO - Retrieved live premium from Fyers API: LTP=334.75 for NSE:BANKNIFTY26SEP57000PE
2026-09-03 10:27:10,242 - INFO - Retrieved live premium from Fyers API: LTP=359.15 for NSE:BANKNIFTY26SEP57100PE
2026-09-03 10:27:11,239 - INFO - Retrieved live premium from Fyers API: LTP=310.0 for NSE:BANKNIFTY26SEP56900PE
2026-09-03 10:27:12,242 - INFO - Retrieved live premium from Fyers API: LTP=283.25 for NSE:BANKNIFTY26SEP56800PE
2026-09-03 10:27:13,248 - INFO - Retrieved live premium from Fyers API: LTP=362.8 for NSE:BANKNIFTY26SEP57100PE
2026-09-03 10:27:14,254 - INFO - Retrieved live premium from Fyers API: LTP=310.0 for NSE:BANKNIFTY26SEP56900PE
2026-09-03 10:27:23,800 - INFO - 📊 Saved 22 snapshots for NSE:NIFTYBANK-INDEX  (oi range: 90,540–1,993,230)
2026-09-03 10:27:24,895 - INFO - 📡 Fetching NSE:NIFTY50-INDEX @ 23988  expiry=26908  strikes=ATM±5
2026-09-03 10:27:35,518 - INFO - ⏱️ [Real-time Exit Loop] Checking open positions @ 10:27:35...
2026-09-03 10:27:37,611 - INFO - Retrieved live premium from Fyers API: LTP=20.45 for NSE:NIFTY2690823700PE
2026-09-03 10:27:38,615 - INFO - Retrieved live premium from Fyers API: LTP=334.95 for NSE:BANKNIFTY26SEP57000PE
2026-09-03 10:27:39,640 - INFO - Retrieved live premium from Fyers API: LTP=334.95 for NSE:BANKNIFTY26SEP57000PE
2026-09-03 10:27:40,649 - INFO - Retrieved live premium from Fyers API: LTP=362.7 for NSE:BANKNIFTY26SEP57100PE
2026-09-03 10:27:41,636 - INFO - Retrieved live premium from Fyers API: LTP=309.0 for NSE:BANKNIFTY26SEP56900PE
2026-09-03 10:27:42,643 - INFO - Retrieved live premium from Fyers API: LTP=285.15 for NSE:BANKNIFTY26SEP56800PE
2026-09-03 10:27:43,661 - INFO - Retrieved live premium from Fyers API: LTP=362.7 for NSE:BANKNIFTY26SEP57100PE
2026-09-03 10:27:44,658 - INFO - Retrieved live premium from Fyers API: LTP=309.0 for NSE:BANKNIFTY26SEP56900PE
2026-09-03 10:27:54,514 - INFO - 📊 Saved 22 snapshots for NSE:NIFTY50-INDEX  (oi range: 354,445–13,550,875)
2026-09-03 10:27:56,627 - INFO - 📡 Fetching NSE:NIFTYBANK-INDEX @ 57680  expiry=26SEP  strikes=ATM±5
2026-09-03 10:28:05,930 - INFO - ⏱️ [Real-time Exit Loop] Checking open positions @ 10:28:05...
2026-09-03 10:28:07,078 - INFO - 📊 EXECUTION AUDIT [SL_MODIFIED]: trade_id=trade_NSE_NIFTYBANK_INDEX_RelativeValue_NIFTY_BANKNIFTY_v1.0_1788411305, candidate_id=cand_NSE_NIFTYBANK_INDEX_RELVAL_57738.65_20260903_102505_RelativeValue_NIFTY_BANKNIFTY_v1.0, payload={'price': 57677.05, 'old_sl': 57726.725, 'new_sl': 57723.675, 'old_tp': None, 'new_tp': 57573.006762927565, 'reason': 'TRAILING_SL'}
2026-09-03 10:28:07,119 - INFO - 🟡 UPDATE (TRAILING_SL) [RelativeValue_NIFTY_BANKNIFTY_v1.0|NIFTY_BANKNIFTY_v1.0]: NSE:NIFTYBANK-INDEX @ 57677.05 | SL→57723.68 TP→57573.01
2026-09-03 10:28:08,066 - INFO - Retrieved live premium from Fyers API: LTP=20.25 for NSE:NIFTY2690823700PE
2026-09-03 10:28:09,049 - INFO - Retrieved live premium from Fyers API: LTP=335.8 for NSE:BANKNIFTY26SEP57000PE
2026-09-03 10:28:10,055 - INFO - Retrieved live premium from Fyers API: LTP=335.5 for NSE:BANKNIFTY26SEP57000PE
2026-09-03 10:28:11,045 - INFO - Retrieved live premium from Fyers API: LTP=362.6 for NSE:BANKNIFTY26SEP57100PE
2026-09-03 10:28:12,065 - INFO - Retrieved live premium from Fyers API: LTP=309.0 for NSE:BANKNIFTY26SEP56900PE
2026-09-03 10:28:13,080 - INFO - Retrieved live premium from Fyers API: LTP=285.15 for NSE:BANKNIFTY26SEP56800PE
2026-09-03 10:28:14,096 - INFO - Retrieved live premium from Fyers API: LTP=362.6 for NSE:BANKNIFTY26SEP57100PE
2026-09-03 10:28:15,102 - INFO - Retrieved live premium from Fyers API: LTP=309.0 for NSE:BANKNIFTY26SEP56900PE
2026-09-03 10:28:26,474 - INFO - 📊 Saved 22 snapshots for NSE:NIFTYBANK-INDEX  (oi range: 90,120–1,993,080)
2026-09-03 10:28:27,560 - INFO - 📡 Fetching NSE:NIFTY50-INDEX @ 23990  expiry=26908  strikes=ATM±5
2026-09-03 10:28:35,351 - INFO - ⏱️ [Real-time Exit Loop] Checking open positions @ 10:28:35...
2026-09-03 10:28:37,464 - INFO - Retrieved live premium from Fyers API: LTP=20.45 for NSE:NIFTY2690823700PE
2026-09-03 10:28:38,468 - INFO - Retrieved live premium from Fyers API: LTP=336.25 for NSE:BANKNIFTY26SEP57000PE
2026-09-03 10:28:39,481 - INFO - Retrieved live premium from Fyers API: LTP=336.25 for NSE:BANKNIFTY26SEP57000PE
2026-09-03 10:28:40,479 - INFO - Retrieved live premium from Fyers API: LTP=363.55 for NSE:BANKNIFTY26SEP57100PE
2026-09-03 10:28:41,500 - INFO - Retrieved live premium from Fyers API: LTP=309.0 for NSE:BANKNIFTY26SEP56900PE
2026-09-03 10:28:42,494 - INFO - Retrieved live premium from Fyers API: LTP=285.15 for NSE:BANKNIFTY26SEP56800PE
2026-09-03 10:28:43,510 - INFO - Retrieved live premium from Fyers API: LTP=363.55 for NSE:BANKNIFTY26SEP57100PE
2026-09-03 10:28:44,495 - INFO - Retrieved live premium from Fyers API: LTP=309.0 for NSE:BANKNIFTY26SEP56900PE
2026-09-03 10:28:57,376 - INFO - 📊 Saved 22 snapshots for NSE:NIFTY50-INDEX  (oi range: 354,640–13,680,615)
2026-09-03 10:28:59,495 - INFO - 📡 Fetching NSE:NIFTYBANK-INDEX @ 57666  expiry=26SEP  strikes=ATM±5
2026-09-03 10:29:05,760 - INFO - ⏱️ [Real-time Exit Loop] Checking open positions @ 10:29:05...
2026-09-03 10:29:06,916 - INFO - 📊 EXECUTION AUDIT [SL_MODIFIED]: trade_id=trade_NSE_NIFTYBANK_INDEX_RelativeValue_NIFTY_BANKNIFTY_v1.0_1788411305, candidate_id=cand_NSE_NIFTYBANK_INDEX_RELVAL_57738.65_20260903_102505_RelativeValue_NIFTY_BANKNIFTY_v1.0, payload={'price': 57661.25, 'old_sl': 57723.675, 'new_sl': 57707.875, 'old_tp': None, 'new_tp': 57573.006762927565, 'reason': 'TRAILING_SL'}
2026-09-03 10:29:06,957 - INFO - 🟡 UPDATE (TRAILING_SL) [RelativeValue_NIFTY_BANKNIFTY_v1.0|NIFTY_BANKNIFTY_v1.0]: NSE:NIFTYBANK-INDEX @ 57661.25 | SL→57707.88 TP→57573.01
2026-09-03 10:29:07,889 - INFO - Retrieved live premium from Fyers API: LTP=20.65 for NSE:NIFTY2690823700PE
2026-09-03 10:29:08,916 - INFO - Retrieved live premium from Fyers API: LTP=338.2 for NSE:BANKNIFTY26SEP57000PE
2026-09-03 10:29:09,868 - INFO - Retrieved live premium from Fyers API: LTP=338.5 for NSE:BANKNIFTY26SEP57000PE
2026-09-03 10:29:10,898 - INFO - Retrieved live premium from Fyers API: LTP=365.0 for NSE:BANKNIFTY26SEP57100PE
2026-09-03 10:29:11,906 - INFO - Retrieved live premium from Fyers API: LTP=311.9 for NSE:BANKNIFTY26SEP56900PE
2026-09-03 10:29:12,887 - INFO - Retrieved live premium from Fyers API: LTP=289.0 for NSE:BANKNIFTY26SEP56800PE
2026-09-03 10:29:13,922 - INFO - Retrieved live premium from Fyers API: LTP=365.0 for NSE:BANKNIFTY26SEP57100PE
2026-09-03 10:29:14,902 - INFO - Retrieved live premium from Fyers API: LTP=311.9 for NSE:BANKNIFTY26SEP56900PE
2026-09-03 10:29:29,219 - INFO - 📊 Saved 22 snapshots for NSE:NIFTYBANK-INDEX  (oi range: 90,240–1,992,300)
2026-09-03 10:29:30,324 - INFO - 📡 Fetching NSE:NIFTY50-INDEX @ 23986  expiry=26908  strikes=ATM±5
2026-09-03 10:29:35,215 - INFO - ⏱️ [Real-time Exit Loop] Checking open positions @ 10:29:35...
2026-09-03 10:29:37,349 - INFO - Retrieved live premium from Fyers API: LTP=20.9 for NSE:NIFTY2690823700PE
2026-09-03 10:29:38,343 - INFO - Retrieved live premium from Fyers API: LTP=338.8 for NSE:BANKNIFTY26SEP57000PE
2026-09-03 10:29:39,355 - INFO - Retrieved live premium from Fyers API: LTP=338.95 for NSE:BANKNIFTY26SEP57000PE
2026-09-03 10:29:40,366 - INFO - Retrieved live premium from Fyers API: LTP=365.85 for NSE:BANKNIFTY26SEP57100PE
2026-09-03 10:29:41,348 - INFO - Retrieved live premium from Fyers API: LTP=314.45 for NSE:BANKNIFTY26SEP56900PE
2026-09-03 10:29:42,370 - INFO - Retrieved live premium from Fyers API: LTP=289.1 for NSE:BANKNIFTY26SEP56800PE
2026-09-03 10:29:43,371 - INFO - Retrieved live premium from Fyers API: LTP=365.0 for NSE:BANKNIFTY26SEP57100PE
2026-09-03 10:29:44,370 - INFO - Retrieved live premium from Fyers API: LTP=312.05 for NSE:BANKNIFTY26SEP56900PE
2026-09-03 10:29:59,882 - INFO - 📊 Saved 22 snapshots for NSE:NIFTY50-INDEX  (oi range: 352,755–13,464,035)
2026-09-03 10:30:01,986 - INFO - 📡 Fetching NSE:NIFTYBANK-INDEX @ 57661  expiry=26SEP  strikes=ATM±5
2026-09-03 10:30:05,688 - INFO - 🔔 [New Candle Closed] Running entry pipeline for candle 10:30 at 10:30:05...
2026-09-03 10:30:05,688 - INFO - --- 10:30:05 Market Pulse ---
2026-09-03 10:30:10,845 - INFO - 📊 EXECUTION AUDIT [ORDER_EXITED]: trade_id=trade_NSE_NIFTYBANK_INDEX_RelativeValue_NIFTY_BANKNIFTY_v1.0_1788411305, candidate_id=cand_NSE_NIFTYBANK_INDEX_RELVAL_57738.65_20260903_102505_RelativeValue_NIFTY_BANKNIFTY_v1.0, payload={'exit_price': 57738.5, 'exit_reason': 'TRAILING_SL', 'pnl_r': 0.0312528226899107, 'duration_minutes': 4.997633250000001, 'bars_held': 1}
2026-09-03 10:30:10,887 - INFO - 🔴 EXIT (TRAILING_SL) [RelativeValue_NIFTY_BANKNIFTY_v1.0|NIFTY_BANKNIFTY_v1.0]: NSE:NIFTYBANK-INDEX @ 57738.50 | PnL +0.03R | MFE 1.66R | Capture 2% | 1bars HoldEff +0.031R/bar
2026-09-03 10:30:10,887 - INFO - 📊 EXECUTION AUDIT [CF_EXITED]: trade_id=None, candidate_id=cand_NSE_NIFTY50_INDEX_BREAKOUT_23851.90_20260903_102000_Structural_v3.2_RVOL1.0, payload={'exit_price': 24001.05, 'exit_reason': 'TRAILING_SL', 'pnl_r': 0.07046223224351747, 'duration_minutes': 4.997633250000001, 'bars_held': 1}
2026-09-03 10:30:10,928 - INFO - 🔴 EXIT (TRAILING_SL) [CFStructural_v3.2_RVOL1.0|uctural_v3.2_RVOL1.0]: NSE:NIFTY50-INDEX @ 24001.05 | PnL +0.07R | MFE 1.30R | Capture 5% | 1bars HoldEff +0.070R/bar
2026-09-03 10:30:10,928 - INFO - 📊 EXECUTION AUDIT [CF_EXITED]: trade_id=None, candidate_id=cand_NSE_NIFTY50_INDEX_BREAKOUT_23851.90_20260903_102000_Structural_v3.2_RVOL0.8, payload={'exit_price': 24001.05, 'exit_reason': 'TRAILING_SL', 'pnl_r': 0.07046223224351747, 'duration_minutes': 4.997633250000001, 'bars_held': 1}
2026-09-03 10:30:10,966 - INFO - 🔴 EXIT (TRAILING_SL) [CFStructural_v3.2_RVOL0.8|uctural_v3.2_RVOL0.8]: NSE:NIFTY50-INDEX @ 24001.05 | PnL +0.07R | MFE 1.30R | Capture 5% | 1bars HoldEff +0.070R/bar
2026-09-03 10:30:11,811 - INFO - Retrieved live premium from Fyers API: LTP=21.05 for NSE:NIFTY2690823700PE
2026-09-03 10:30:12,809 - INFO - Retrieved live premium from Fyers API: LTP=338.0 for NSE:BANKNIFTY26SEP57000PE
2026-09-03 10:30:13,826 - INFO - Retrieved live premium from Fyers API: LTP=338.0 for NSE:BANKNIFTY26SEP57000PE
2026-09-03 10:30:14,848 - INFO - Retrieved live premium from Fyers API: LTP=365.0 for NSE:BANKNIFTY26SEP57100PE
2026-09-03 10:30:15,847 - INFO - Retrieved live premium from Fyers API: LTP=311.5 for NSE:BANKNIFTY26SEP56900PE
2026-09-03 10:30:16,859 - INFO - Retrieved live premium from Fyers API: LTP=288.0 for NSE:BANKNIFTY26SEP56800PE
2026-09-03 10:30:17,861 - INFO - Retrieved live premium from Fyers API: LTP=365.0 for NSE:BANKNIFTY26SEP57100PE
2026-09-03 10:30:18,860 - INFO - Retrieved live premium from Fyers API: LTP=311.5 for NSE:BANKNIFTY26SEP56900PE
2026-09-03 10:30:24,343 - INFO - Resolved active expiry from DB: 26908 (2026-09-08)
2026-09-03 10:30:24,344 - INFO - 👻 [Structural_v3.2_RVOL1.0] CF BREAKOUT NSE:NIFTY50-INDEX BUY PUT | Rejected: ['LOW_RVOL', 'BIAS_MISMATCH', 'LOW_EFFICIENCY']
2026-09-03 10:30:24,344 - INFO - 📊 EXECUTION AUDIT [SIGNAL_GENERATED]: trade_id=None, candidate_id=cand_NSE_NIFTY50_INDEX_BREAKOUT_23851.90_20260903_102500_Structural_v3.2_RVOL1.0, payload={'symbol': 'NSE:NIFTY50-INDEX', 'signal': 'BUY PUT', 'strategy': 'BREAKOUT', 'price': 23984.7, 'stop_loss': 23993.032142857144, 'take_profit': 23901.378571428573, 'tp1': 23972.201785714286, 'rr_ratio': 10.0, 'timestamp': '2026-09-03T10:25:00+05:30', 'accepted': False, 'rejection_reasons': ['LOW_RVOL', 'BIAS_MISMATCH', 'LOW_EFFICIENCY'], 'features': {'date': '2026-09-03', 'strategy_name': 'Structural_v3', 'strategy_version': 'v3.2', 'feature_version': 'v1.1', 'market_regime': 'STRONG_TREND_UP_NORMAL', 'day_type': 'NORMAL_DAY', 'session_type': 'MID', 'daily_bias': 'NEUTRAL', 'hourly_bias': 'NEUTRAL', 'trend_strength': 0.0, 'rvol': 0.97, 'rvol_threshold': 1.0, 'atr': 16.66, 'distance_from_supply': 393.9, 'distance_from_demand': 177.15, 'nearest_supply_strength': 100.9, 'nearest_demand_strength': 71.1, 'distance_to_liquidity_pool': 177.15000000000146, 'liquidity_score': 9.7, 'indicator_snapshot': {'rvol_tod': 0.97, 'is_compressed': True, 'bos_count': 0}, 'move_efficiency': 0.5767, 'wickiness': 0.4859, 'fft_score': 0.0, 'setup_type': 'BREAKOUT', 'candidate_id': 'cand_NSE_NIFTY50_INDEX_BREAKOUT_23851.90_20260903_102500', 'ema20': 23971.58, 'ema50': 23931.42, 'move_efficiency_h1': 0.3141, 'ema_bullish': True, 'rsi14': 56.37, 'rsi2': 13.87, 'distance_to_vwap': -0.0003, 'atr_percentile': 0.5507, 'dist_prev_high': 0.0029, 'dist_prev_low': 0.0083, 'adx': 45.58, 'adx_slope': 0.0952, 'gap_pct': 0.0035, 'regime_primary': 'STRONG_TREND_UP', 'regime_vol_state': 'NORMAL'}, 'candidate_id': 'cand_NSE_NIFTY50_INDEX_BREAKOUT_23851.90_20260903_102500_Structural_v3.2_RVOL1.0', 'experiment_name': 'Structural_v3.2_RVOL1.0', 'strategy_id': 'structural', 'version': 'v3.2'}
2026-09-03 10:30:24,373 - INFO - Resolved active expiry from DB: 26908 (2026-09-08)
2026-09-03 10:30:24,391 - INFO - Resolved index signal into option contract: OptionContract(symbol='NSE:NIFTY2690824000PE', strike=24000.0, expiry='26908', option_type='PE', premium=94.6, delta=0.5, bid=94.3, ask=94.6, volume=71750120, resolved_at=datetime.datetime(2026, 9, 3, 10, 30, 24, 391160))
2026-09-03 10:30:24,391 - INFO - ⚡ Option strike selection resolved index signal to contract NSE:NIFTY2690824000PE @ premium 94.6 (type: PE, strike: 24000.0)
2026-09-03 10:30:24,391 - INFO - 📊 EXECUTION AUDIT [STRIKE_SELECTED]: trade_id=None, candidate_id=cand_NSE_NIFTY50_INDEX_BREAKOUT_23851.90_20260903_102500_Structural_v3.2_RVOL1.0, payload={'symbol': 'NSE:NIFTY2690824000PE', 'strike': 24000.0, 'expiry': '26908', 'type': 'PE'}
2026-09-03 10:30:24,405 - INFO - 📊 EXECUTION AUDIT [PREMIUM_RETRIEVED]: trade_id=None, candidate_id=cand_NSE_NIFTY50_INDEX_BREAKOUT_23851.90_20260903_102500_Structural_v3.2_RVOL1.0, payload={'premium': 94.6, 'bid': 94.3, 'ask': 94.6}
2026-09-03 10:30:24,420 - INFO - 📊 EXECUTION AUDIT [CF_SUBMITTED]: trade_id=None, candidate_id=cand_NSE_NIFTY50_INDEX_BREAKOUT_23851.90_20260903_102500_Structural_v3.2_RVOL1.0, payload={'price': 23984.7, 'sl': 23993.032142857144, 'tp': 23901.378571428573}
2026-09-03 10:30:24,435 - INFO - 📊 EXECUTION AUDIT [CF_FILLED]: trade_id=None, candidate_id=cand_NSE_NIFTY50_INDEX_BREAKOUT_23851.90_20260903_102500_Structural_v3.2_RVOL1.0, payload={'price': 23984.7, 'sl': 23993.032142857144, 'tp': 23901.378571428573}
2026-09-03 10:30:24,448 - INFO - 💰 Position size [BREAKOUT|STRONG_TREND_UP_NORMAL|conf=70]: frac=0.006 → ₹5,000 (risk/unit=0.03%)
2026-09-03 10:30:24,480 - INFO - 🟢 ENTRY [CF|Structural_v3.2_RVOL1.0|uctural_v3.2_RVOL1.0]: NSE:NIFTY50-INDEX BUY PUT @ 23984.70 | SL: 23993.03 TP: 23901.38
2026-09-03 10:30:24,480 - INFO - 👻 [Structural_v3.2_RVOL0.8] CF BREAKOUT NSE:NIFTY50-INDEX BUY PUT | Rejected: ['BIAS_MISMATCH', 'LOW_EFFICIENCY']
2026-09-03 10:30:24,480 - INFO - 📊 EXECUTION AUDIT [SIGNAL_GENERATED]: trade_id=None, candidate_id=cand_NSE_NIFTY50_INDEX_BREAKOUT_23851.90_20260903_102500_Structural_v3.2_RVOL0.8, payload={'symbol': 'NSE:NIFTY50-INDEX', 'signal': 'BUY PUT', 'strategy': 'BREAKOUT', 'price': 23984.7, 'stop_loss': 23993.032142857144, 'take_profit': 23901.378571428573, 'tp1': 23972.201785714286, 'rr_ratio': 10.0, 'timestamp': '2026-09-03T10:25:00+05:30', 'accepted': False, 'rejection_reasons': ['BIAS_MISMATCH', 'LOW_EFFICIENCY'], 'features': {'date': '2026-09-03', 'strategy_name': 'Structural_v3', 'strategy_version': 'v3.2', 'feature_version': 'v1.1', 'market_regime': 'STRONG_TREND_UP_NORMAL', 'day_type': 'NORMAL_DAY', 'session_type': 'MID', 'daily_bias': 'NEUTRAL', 'hourly_bias': 'NEUTRAL', 'trend_strength': 0.0, 'rvol': 0.97, 'rvol_threshold': 0.8, 'atr': 16.66, 'distance_from_supply': 393.9, 'distance_from_demand': 177.15, 'nearest_supply_strength': 100.9, 'nearest_demand_strength': 71.1, 'distance_to_liquidity_pool': 177.15000000000146, 'liquidity_score': 9.7, 'indicator_snapshot': {'rvol_tod': 0.97, 'is_compressed': True, 'bos_count': 0}, 'move_efficiency': 0.5767, 'wickiness': 0.4859, 'fft_score': 0.0, 'setup_type': 'BREAKOUT', 'candidate_id': 'cand_NSE_NIFTY50_INDEX_BREAKOUT_23851.90_20260903_102500', 'ema20': 23971.58, 'ema50': 23931.42, 'move_efficiency_h1': 0.3141, 'ema_bullish': True, 'rsi14': 56.37, 'rsi2': 13.87, 'distance_to_vwap': -0.0003, 'atr_percentile': 0.5507, 'dist_prev_high': 0.0029, 'dist_prev_low': 0.0083, 'adx': 45.58, 'adx_slope': 0.0952, 'gap_pct': 0.0035, 'regime_primary': 'STRONG_TREND_UP', 'regime_vol_state': 'NORMAL'}, 'candidate_id': 'cand_NSE_NIFTY50_INDEX_BREAKOUT_23851.90_20260903_102500_Structural_v3.2_RVOL0.8', 'experiment_name': 'Structural_v3.2_RVOL0.8', 'strategy_id': 'structural', 'version': 'v3.2'}
2026-09-03 10:30:24,513 - INFO - Resolved active expiry from DB: 26908 (2026-09-08)
2026-09-03 10:30:24,532 - INFO - Resolved index signal into option contract: OptionContract(symbol='NSE:NIFTY2690824000PE', strike=24000.0, expiry='26908', option_type='PE', premium=94.6, delta=0.5, bid=94.3, ask=94.6, volume=71750120, resolved_at=datetime.datetime(2026, 9, 3, 10, 30, 24, 532229))
2026-09-03 10:30:24,532 - INFO - ⚡ Option strike selection resolved index signal to contract NSE:NIFTY2690824000PE @ premium 94.6 (type: PE, strike: 24000.0)
2026-09-03 10:30:24,532 - INFO - 📊 EXECUTION AUDIT [STRIKE_SELECTED]: trade_id=None, candidate_id=cand_NSE_NIFTY50_INDEX_BREAKOUT_23851.90_20260903_102500_Structural_v3.2_RVOL0.8, payload={'symbol': 'NSE:NIFTY2690824000PE', 'strike': 24000.0, 'expiry': '26908', 'type': 'PE'}
2026-09-03 10:30:24,547 - INFO - 📊 EXECUTION AUDIT [PREMIUM_RETRIEVED]: trade_id=None, candidate_id=cand_NSE_NIFTY50_INDEX_BREAKOUT_23851.90_20260903_102500_Structural_v3.2_RVOL0.8, payload={'premium': 94.6, 'bid': 94.3, 'ask': 94.6}
2026-09-03 10:30:24,564 - INFO - 📊 EXECUTION AUDIT [CF_SUBMITTED]: trade_id=None, candidate_id=cand_NSE_NIFTY50_INDEX_BREAKOUT_23851.90_20260903_102500_Structural_v3.2_RVOL0.8, payload={'price': 23984.7, 'sl': 23993.032142857144, 'tp': 23901.378571428573}
2026-09-03 10:30:24,578 - INFO - 📊 EXECUTION AUDIT [CF_FILLED]: trade_id=None, candidate_id=cand_NSE_NIFTY50_INDEX_BREAKOUT_23851.90_20260903_102500_Structural_v3.2_RVOL0.8, payload={'price': 23984.7, 'sl': 23993.032142857144, 'tp': 23901.378571428573}
2026-09-03 10:30:24,592 - INFO - 💰 Position size [BREAKOUT|STRONG_TREND_UP_NORMAL|conf=70]: frac=0.006 → ₹5,000 (risk/unit=0.03%)
2026-09-03 10:30:24,623 - INFO - 🟢 ENTRY [CF|Structural_v3.2_RVOL0.8|uctural_v3.2_RVOL0.8]: NSE:NIFTY50-INDEX BUY PUT @ 23984.70 | SL: 23993.03 TP: 23901.38
2026-09-03 10:30:24,623 - INFO - 👻 [VWAP_Reclaim_v1.0] CF VWAP_RECLAIM NSE:NIFTY50-INDEX BUY PUT | Rejected: ['LOW_RVOL']
2026-09-03 10:30:24,623 - INFO - 📊 EXECUTION AUDIT [SIGNAL_GENERATED]: trade_id=None, candidate_id=cand_NSE_NIFTY50_INDEX_VWAPRECLAIM_23984.70_20260903_103005_VWAP_Reclaim_v1.0, payload={'symbol': 'NSE:NIFTY50-INDEX', 'signal': 'BUY PUT', 'strategy': 'VWAP_RECLAIM', 'price': 23984.7, 'stop_loss': 24003.55, 'take_profit': 23901.4, 'tp1': 23956.43, 'rr_ratio': 4.42, 'timestamp': '2026-09-03T10:30:05.688875+05:30', 'accepted': False, 'rejection_reasons': ['LOW_RVOL'], 'candidate_id': 'cand_NSE_NIFTY50_INDEX_VWAPRECLAIM_23984.70_20260903_103005_VWAP_Reclaim_v1.0', 'confidence': 0.5, 'diagnostics': {'vwap_price': 23991.9, 'distance_to_vwap': -0.0003, 'reclaim_buffer': 1.67, 'rvol': 0.97, 'atr': 16.66, 'move_efficiency': 0.577}, 'experiment_name': 'VWAP_Reclaim_v1.0', 'strategy_id': 'vwap_reclaim', 'version': 'v1.0', 'features': {'regime_primary': 'STRONG_TREND_UP', 'regime_vol_state': 'NORMAL', 'market_regime': 'STRONG_TREND_UP_NORMAL'}}
2026-09-03 10:30:24,654 - INFO - Resolved active expiry from DB: 26908 (2026-09-08)
2026-09-03 10:30:24,675 - INFO - Resolved index signal into option contract: OptionContract(symbol='NSE:NIFTY2690824000PE', strike=24000.0, expiry='26908', option_type='PE', premium=94.6, delta=0.5, bid=94.3, ask=94.6, volume=71750120, resolved_at=datetime.datetime(2026, 9, 3, 10, 30, 24, 675016))
2026-09-03 10:30:24,675 - INFO - ⚡ Option strike selection resolved index signal to contract NSE:NIFTY2690824000PE @ premium 94.6 (type: PE, strike: 24000.0)
2026-09-03 10:30:24,675 - INFO - 📊 EXECUTION AUDIT [STRIKE_SELECTED]: trade_id=None, candidate_id=cand_NSE_NIFTY50_INDEX_VWAPRECLAIM_23984.70_20260903_103005_VWAP_Reclaim_v1.0, payload={'symbol': 'NSE:NIFTY2690824000PE', 'strike': 24000.0, 'expiry': '26908', 'type': 'PE'}
2026-09-03 10:30:24,692 - INFO - 📊 EXECUTION AUDIT [PREMIUM_RETRIEVED]: trade_id=None, candidate_id=cand_NSE_NIFTY50_INDEX_VWAPRECLAIM_23984.70_20260903_103005_VWAP_Reclaim_v1.0, payload={'premium': 94.6, 'bid': 94.3, 'ask': 94.6}
2026-09-03 10:30:24,706 - INFO - 📊 EXECUTION AUDIT [CF_SUBMITTED]: trade_id=None, candidate_id=cand_NSE_NIFTY50_INDEX_VWAPRECLAIM_23984.70_20260903_103005_VWAP_Reclaim_v1.0, payload={'price': 23984.7, 'sl': 24003.55, 'tp': 23901.4}
2026-09-03 10:30:24,721 - INFO - 📊 EXECUTION AUDIT [CF_FILLED]: trade_id=None, candidate_id=cand_NSE_NIFTY50_INDEX_VWAPRECLAIM_23984.70_20260903_103005_VWAP_Reclaim_v1.0, payload={'price': 23984.7, 'sl': 24003.55, 'tp': 23901.4}
2026-09-03 10:30:24,736 - INFO - 💰 Position size [VWAP_RECLAIM|STRONG_TREND_UP_NORMAL|conf=0]: frac=0.004 → ₹5,000 (risk/unit=0.08%)
2026-09-03 10:30:24,769 - INFO - 🟢 ENTRY [CF|VWAP_Reclaim_v1.0|05_VWAP_Reclaim_v1.0]: NSE:NIFTY50-INDEX BUY PUT @ 23984.70 | SL: 24003.55 TP: 23901.40
2026-09-03 10:30:26,759 - INFO - Resolved active expiry from DB: 26SEP (2026-09-29)
2026-09-03 10:30:26,761 - INFO - 👻 [Structural_v3.2_RVOL1.0] CF BREAKOUT NSE:NIFTYBANK-INDEX BUY CALL | Rejected: ['BIAS_MISMATCH', 'LOW_EFFICIENCY']
2026-09-03 10:30:26,761 - INFO - 📊 EXECUTION AUDIT [SIGNAL_GENERATED]: trade_id=None, candidate_id=cand_NSE_NIFTYBANK_INDEX_BREAKOUT_57753.60_20260903_102500_Structural_v3.2_RVOL1.0, payload={'symbol': 'NSE:NIFTYBANK-INDEX', 'signal': 'BUY CALL', 'strategy': 'BREAKOUT', 'price': 57661.45, 'stop_loss': 57629.34285714285, 'take_profit': 57982.521428571425, 'tp1': 57709.610714285714, 'rr_ratio': 10.0, 'timestamp': '2026-09-03T10:25:00+05:30', 'accepted': False, 'rejection_reasons': ['BIAS_MISMATCH', 'LOW_EFFICIENCY'], 'features': {'date': '2026-09-03', 'strategy_name': 'Structural_v3', 'strategy_version': 'v3.2', 'feature_version': 'v1.1', 'market_regime': 'GAP_UP_NORMAL', 'day_type': 'NORMAL_DAY', 'session_type': 'MID', 'daily_bias': 'NEUTRAL', 'hourly_bias': 'NEUTRAL', 'trend_strength': 0.0, 'rvol': 1.24, 'rvol_threshold': 1.0, 'atr': 64.21, 'distance_from_supply': 342.78, 'distance_from_demand': 838.25, 'nearest_supply_strength': 84.0, 'nearest_demand_strength': 69.9, 'distance_to_liquidity_pool': 838.25, 'liquidity_score': 12.4, 'indicator_snapshot': {'rvol_tod': 1.24, 'is_compressed': False, 'bos_count': 0}, 'move_efficiency': 0.1725, 'wickiness': 0.2743, 'fft_score': 0.0, 'setup_type': 'BREAKOUT', 'candidate_id': 'cand_NSE_NIFTYBANK_INDEX_BREAKOUT_57753.60_20260903_102500', 'ema20': 57547.12, 'ema50': 57355.01, 'move_efficiency_h1': 0.4786, 'ema_bullish': True, 'rsi14': 58.16, 'rsi2': 39.36, 'distance_to_vwap': 0.0003, 'atr_percentile': 0.7753, 'dist_prev_high': 0.0077, 'dist_prev_low': 0.0148, 'adx': 48.57, 'adx_slope': 1.512, 'gap_pct': 0.0057, 'regime_primary': 'GAP_UP', 'regime_vol_state': 'NORMAL'}, 'candidate_id': 'cand_NSE_NIFTYBANK_INDEX_BREAKOUT_57753.60_20260903_102500_Structural_v3.2_RVOL1.0', 'experiment_name': 'Structural_v3.2_RVOL1.0', 'strategy_id': 'structural', 'version': 'v3.2'}
2026-09-03 10:30:26,789 - INFO - Resolved active expiry from DB: 26SEP (2026-09-29)
2026-09-03 10:30:26,807 - INFO - Resolved index signal into option contract: OptionContract(symbol='NSE:BANKNIFTY26SEP57700CE', strike=57700.0, expiry='26SEP', option_type='CE', premium=830.45, delta=0.5, bid=828.0, ask=830.25, volume=480960, resolved_at=datetime.datetime(2026, 9, 3, 10, 30, 26, 807541))
2026-09-03 10:30:26,807 - INFO - ⚡ Option strike selection resolved index signal to contract NSE:BANKNIFTY26SEP57700CE @ premium 830.45 (type: CE, strike: 57700.0)
2026-09-03 10:30:26,807 - INFO - 📊 EXECUTION AUDIT [STRIKE_SELECTED]: trade_id=None, candidate_id=cand_NSE_NIFTYBANK_INDEX_BREAKOUT_57753.60_20260903_102500_Structural_v3.2_RVOL1.0, payload={'symbol': 'NSE:BANKNIFTY26SEP57700CE', 'strike': 57700.0, 'expiry': '26SEP', 'type': 'CE'}
2026-09-03 10:30:26,821 - INFO - 📊 EXECUTION AUDIT [PREMIUM_RETRIEVED]: trade_id=None, candidate_id=cand_NSE_NIFTYBANK_INDEX_BREAKOUT_57753.60_20260903_102500_Structural_v3.2_RVOL1.0, payload={'premium': 830.45, 'bid': 828.0, 'ask': 830.25}
2026-09-03 10:30:26,835 - INFO - 📊 EXECUTION AUDIT [CF_SUBMITTED]: trade_id=None, candidate_id=cand_NSE_NIFTYBANK_INDEX_BREAKOUT_57753.60_20260903_102500_Structural_v3.2_RVOL1.0, payload={'price': 57661.45, 'sl': 57629.34285714285, 'tp': 57982.521428571425}
2026-09-03 10:30:26,851 - INFO - 📊 EXECUTION AUDIT [CF_FILLED]: trade_id=None, candidate_id=cand_NSE_NIFTYBANK_INDEX_BREAKOUT_57753.60_20260903_102500_Structural_v3.2_RVOL1.0, payload={'price': 57661.45, 'sl': 57629.34285714285, 'tp': 57982.521428571425}
2026-09-03 10:30:26,866 - INFO - 💰 Position size [BREAKOUT|GAP_UP_NORMAL|conf=70]: frac=0.003 → ₹5,000 (risk/unit=0.06%)
2026-09-03 10:30:26,896 - INFO - 🟢 ENTRY [CF|Structural_v3.2_RVOL1.0|uctural_v3.2_RVOL1.0]: NSE:NIFTYBANK-INDEX BUY CALL @ 57661.45 | SL: 57629.34 TP: 57982.52
2026-09-03 10:30:26,897 - INFO - 👻 [Structural_v3.2_RVOL0.8] CF BREAKOUT NSE:NIFTYBANK-INDEX BUY CALL | Rejected: ['BIAS_MISMATCH', 'LOW_EFFICIENCY']
2026-09-03 10:30:26,897 - INFO - 📊 EXECUTION AUDIT [SIGNAL_GENERATED]: trade_id=None, candidate_id=cand_NSE_NIFTYBANK_INDEX_BREAKOUT_57753.60_20260903_102500_Structural_v3.2_RVOL0.8, payload={'symbol': 'NSE:NIFTYBANK-INDEX', 'signal': 'BUY CALL', 'strategy': 'BREAKOUT', 'price': 57661.45, 'stop_loss': 57629.34285714285, 'take_profit': 57982.521428571425, 'tp1': 57709.610714285714, 'rr_ratio': 10.0, 'timestamp': '2026-09-03T10:25:00+05:30', 'accepted': False, 'rejection_reasons': ['BIAS_MISMATCH', 'LOW_EFFICIENCY'], 'features': {'date': '2026-09-03', 'strategy_name': 'Structural_v3', 'strategy_version': 'v3.2', 'feature_version': 'v1.1', 'market_regime': 'GAP_UP_NORMAL', 'day_type': 'NORMAL_DAY', 'session_type': 'MID', 'daily_bias': 'NEUTRAL', 'hourly_bias': 'NEUTRAL', 'trend_strength': 0.0, 'rvol': 1.24, 'rvol_threshold': 0.8, 'atr': 64.21, 'distance_from_supply': 342.78, 'distance_from_demand': 838.25, 'nearest_supply_strength': 84.0, 'nearest_demand_strength': 69.9, 'distance_to_liquidity_pool': 838.25, 'liquidity_score': 12.4, 'indicator_snapshot': {'rvol_tod': 1.24, 'is_compressed': False, 'bos_count': 0}, 'move_efficiency': 0.1725, 'wickiness': 0.2743, 'fft_score': 0.0, 'setup_type': 'BREAKOUT', 'candidate_id': 'cand_NSE_NIFTYBANK_INDEX_BREAKOUT_57753.60_20260903_102500', 'ema20': 57547.12, 'ema50': 57355.01, 'move_efficiency_h1': 0.4786, 'ema_bullish': True, 'rsi14': 58.16, 'rsi2': 39.36, 'distance_to_vwap': 0.0003, 'atr_percentile': 0.7753, 'dist_prev_high': 0.0077, 'dist_prev_low': 0.0148, 'adx': 48.57, 'adx_slope': 1.512, 'gap_pct': 0.0057, 'regime_primary': 'GAP_UP', 'regime_vol_state': 'NORMAL'}, 'candidate_id': 'cand_NSE_NIFTYBANK_INDEX_BREAKOUT_57753.60_20260903_102500_Structural_v3.2_RVOL0.8', 'experiment_name': 'Structural_v3.2_RVOL0.8', 'strategy_id': 'structural', 'version': 'v3.2'}
2026-09-03 10:30:26,930 - INFO - Resolved active expiry from DB: 26SEP (2026-09-29)
2026-09-03 10:30:26,947 - INFO - Resolved index signal into option contract: OptionContract(symbol='NSE:BANKNIFTY26SEP57700CE', strike=57700.0, expiry='26SEP', option_type='CE', premium=830.45, delta=0.5, bid=828.0, ask=830.25, volume=480960, resolved_at=datetime.datetime(2026, 9, 3, 10, 30, 26, 947363))
2026-09-03 10:30:26,947 - INFO - ⚡ Option strike selection resolved index signal to contract NSE:BANKNIFTY26SEP57700CE @ premium 830.45 (type: CE, strike: 57700.0)
2026-09-03 10:30:26,947 - INFO - 📊 EXECUTION AUDIT [STRIKE_SELECTED]: trade_id=None, candidate_id=cand_NSE_NIFTYBANK_INDEX_BREAKOUT_57753.60_20260903_102500_Structural_v3.2_RVOL0.8, payload={'symbol': 'NSE:BANKNIFTY26SEP57700CE', 'strike': 57700.0, 'expiry': '26SEP', 'type': 'CE'}
2026-09-03 10:30:26,962 - INFO - 📊 EXECUTION AUDIT [PREMIUM_RETRIEVED]: trade_id=None, candidate_id=cand_NSE_NIFTYBANK_INDEX_BREAKOUT_57753.60_20260903_102500_Structural_v3.2_RVOL0.8, payload={'premium': 830.45, 'bid': 828.0, 'ask': 830.25}
2026-09-03 10:30:26,979 - INFO - 📊 EXECUTION AUDIT [CF_SUBMITTED]: trade_id=None, candidate_id=cand_NSE_NIFTYBANK_INDEX_BREAKOUT_57753.60_20260903_102500_Structural_v3.2_RVOL0.8, payload={'price': 57661.45, 'sl': 57629.34285714285, 'tp': 57982.521428571425}
2026-09-03 10:30:26,994 - INFO - 📊 EXECUTION AUDIT [CF_FILLED]: trade_id=None, candidate_id=cand_NSE_NIFTYBANK_INDEX_BREAKOUT_57753.60_20260903_102500_Structural_v3.2_RVOL0.8, payload={'price': 57661.45, 'sl': 57629.34285714285, 'tp': 57982.521428571425}
2026-09-03 10:30:27,010 - INFO - 💰 Position size [BREAKOUT|GAP_UP_NORMAL|conf=70]: frac=0.003 → ₹5,000 (risk/unit=0.06%)
2026-09-03 10:30:27,043 - INFO - 🟢 ENTRY [CF|Structural_v3.2_RVOL0.8|uctural_v3.2_RVOL0.8]: NSE:NIFTYBANK-INDEX BUY CALL @ 57661.45 | SL: 57629.34 TP: 57982.52
2026-09-03 10:30:27,043 - INFO - 🧭 [IronCondor_v1.0] Regime router: NSE:NIFTYBANK-INDEX combo blocked from REAL capital (regime=GAP_UP_NORMAL) — routed to CF
2026-09-03 10:30:27,059 - INFO - Resolved active expiry from DB: 26SEP (2026-09-29)
2026-09-03 10:30:27,129 - INFO - Resolved IRON_CONDOR for NSE:NIFTYBANK-INDEX: [('PE', 'SELL', 57600.0), ('PE', 'BUY', 57400.0), ('CE', 'SELL', 57800.0), ('CE', 'BUY', 58000.0)] net_premium=-180.30 max_loss=19.70
2026-09-03 10:30:27,165 - INFO - 🟢 CF COMBO ENTRY [IronCondor_v1.0|3005_IronCondor_v1.0]: NSE:NIFTYBANK-INDEX IRON_CONDOR | Net premium: -180.30 | Max loss: 19.70
2026-09-03 10:30:27,165 - INFO - 👻 [Butterfly_v1.0] CF COMBO BUTTERFLY_SPREAD NSE:NIFTYBANK-INDEX BUTTERFLY_SPREAD | Rejected: ['COOLDOWN_AFTER_LOSS']
2026-09-03 10:30:27,183 - INFO - Resolved active expiry from DB: 26SEP (2026-09-29)
2026-09-03 10:30:27,255 - INFO - Resolved BUTTERFLY_SPREAD for NSE:NIFTYBANK-INDEX: [('CE', 'BUY', 57500.0), ('CE', 'SELL', 57700.0), ('CE', 'SELL', 57700.0), ('CE', 'BUY', 57900.0)] net_premium=12.40 max_loss=12.40
2026-09-03 10:30:27,287 - INFO - 🟢 CF COMBO ENTRY [Butterfly_v1.0|03005_Butterfly_v1.0]: NSE:NIFTYBANK-INDEX BUTTERFLY_SPREAD | Net premium: 12.40 | Max loss: 12.40
2026-09-03 10:30:27,287 - INFO - 🧭 [ExpiryAwareTheta_v1.0] Regime router: NSE:NIFTYBANK-INDEX combo blocked from REAL capital (regime=GAP_UP_NORMAL) — routed to CF
2026-09-03 10:30:27,303 - INFO - Resolved active expiry from DB: 26SEP (2026-09-29)
2026-09-03 10:30:27,375 - INFO - Resolved IRON_CONDOR for NSE:NIFTYBANK-INDEX: [('PE', 'SELL', 57600.0), ('PE', 'BUY', 57400.0), ('CE', 'SELL', 57800.0), ('CE', 'BUY', 58000.0)] net_premium=-180.30 max_loss=19.70
2026-09-03 10:30:27,404 - INFO - 🟢 CF COMBO ENTRY [ExpiryAwareTheta_v1.0|xpiryAwareTheta_v1.0]: NSE:NIFTYBANK-INDEX IRON_CONDOR | Net premium: -180.30 | Max loss: 19.70
2026-09-03 10:30:32,487 - INFO - 📊 Saved 22 snapshots for NSE:NIFTYBANK-INDEX  (oi range: 90,210–1,989,360)
2026-09-03 10:30:33,596 - INFO - 📡 Fetching NSE:NIFTY50-INDEX @ 23985  expiry=26908  strikes=ATM±5
2026-09-03 10:30:35,413 - INFO - ⏱️ [Real-time Exit Loop] Checking open positions @ 10:30:35...
2026-09-03 10:30:36,554 - INFO - 📊 EXECUTION AUDIT [CF_SL_MODIFIED]: trade_id=None, candidate_id=cand_NSE_NIFTY50_INDEX_TRENDLINE_RETEST_24005.50_202609030955_Geometry_v1.0_Score35, payload={'price': 23985.05, 'old_sl': 24001.899999999998, 'new_sl': 24001.35, 'old_tp': None, 'new_tp': 23982.600000000002, 'reason': 'TRAILING_SL'}
2026-09-03 10:30:36,596 - INFO - 🟡 UPDATE (TRAILING_SL) [CFGeometry_v1.0_Score35|eometry_v1.0_Score35]: NSE:NIFTY50-INDEX @ 23985.05 | SL→24001.35 TP→23982.60
2026-09-03 10:30:36,597 - INFO - 📊 EXECUTION AUDIT [CF_SL_MODIFIED]: trade_id=None, candidate_id=cand_NSE_NIFTY50_INDEX_TRENDLINE_RETEST_24005.50_202609030955_Geometry_v1.0_Score50, payload={'price': 23985.05, 'old_sl': 24001.899999999998, 'new_sl': 24001.35, 'old_tp': None, 'new_tp': 23982.600000000002, 'reason': 'TRAILING_SL'}
2026-09-03 10:30:36,636 - INFO - 🟡 UPDATE (TRAILING_SL) [CFGeometry_v1.0_Score50|eometry_v1.0_Score50]: NSE:NIFTY50-INDEX @ 23985.05 | SL→24001.35 TP→23982.60
2026-09-03 10:30:36,637 - INFO - 📊 EXECUTION AUDIT [CF_SL_MODIFIED]: trade_id=None, candidate_id=cand_NSE_NIFTY50_INDEX_BREAKOUT_23851.90_20260903_100000_Structural_v3.3_ExitMgmt, payload={'price': 23985.05, 'old_sl': 24016.821428571428, 'new_sl': 24010.04, 'old_tp': None, 'new_tp': 23887.335714285713, 'reason': 'TRAILING_SL'}
2026-09-03 10:30:36,679 - INFO - 🟡 UPDATE (TRAILING_SL) [CFStructural_v3.3_ExitMgmt|ctural_v3.3_ExitMgmt]: NSE:NIFTY50-INDEX @ 23985.05 | SL→24010.04 TP→23887.34
2026-09-03 10:30:37,516 - INFO - Retrieved live premium from Fyers API: LTP=21.1 for NSE:NIFTY2690823700PE
2026-09-03 10:30:38,521 - INFO - Retrieved live premium from Fyers API: LTP=340.0 for NSE:BANKNIFTY26SEP57000PE
2026-09-03 10:30:39,520 - INFO - Retrieved live premium from Fyers API: LTP=340.0 for NSE:BANKNIFTY26SEP57000PE
2026-09-03 10:30:40,535 - INFO - Retrieved live premium from Fyers API: LTP=367.05 for NSE:BANKNIFTY26SEP57100PE
2026-09-03 10:30:41,542 - INFO - Retrieved live premium from Fyers API: LTP=313.0 for NSE:BANKNIFTY26SEP56900PE
2026-09-03 10:30:42,558 - INFO - Retrieved live premium from Fyers API: LTP=289.7 for NSE:BANKNIFTY26SEP56800PE
2026-09-03 10:30:43,550 - INFO - Retrieved live premium from Fyers API: LTP=367.05 for NSE:BANKNIFTY26SEP57100PE
2026-09-03 10:30:44,554 - INFO - Retrieved live premium from Fyers API: LTP=313.0 for NSE:BANKNIFTY26SEP56900PE
2026-09-03 10:30:47,855 - INFO - 🔴 CF COMBO EXIT (STOP_R) [Butterfly_v1.0|03005_Butterfly_v1.0]: NSE:NIFTYBANK-INDEX BUTTERFLY_SPREAD | PnL -0.79R | 0min
2026-09-03 10:31:03,218 - INFO - 📊 Saved 22 snapshots for NSE:NIFTY50-INDEX  (oi range: 354,120–13,299,715)
2026-09-03 10:31:05,353 - INFO - 📡 Fetching NSE:NIFTYBANK-INDEX @ 57657  expiry=26SEP  strikes=ATM±5
2026-09-03 10:31:05,947 - INFO - ⏱️ [Real-time Exit Loop] Checking open positions @ 10:31:05...
2026-09-03 10:31:07,090 - INFO - 📊 EXECUTION AUDIT [CF_SL_MODIFIED]: trade_id=None, candidate_id=cand_NSE_NIFTYBANK_INDEX_BREAKOUT_57023.95_20260903_094500_Structural_v3.3_ExitMgmt, payload={'price': 57650.0, 'old_sl': 57746.61964285714, 'new_sl': 57746.315, 'old_tp': None, 'new_tp': 57272.853571428575, 'reason': 'TRAILING_SL'}
2026-09-03 10:31:07,136 - INFO - 🟡 UPDATE (TRAILING_SL) [CFStructural_v3.3_ExitMgmt|ctural_v3.3_ExitMgmt]: NSE:NIFTYBANK-INDEX @ 57650.00 | SL→57746.32 TP→57272.85
2026-09-03 10:31:07,136 - INFO - 📊 EXECUTION AUDIT [CF_SL_MODIFIED]: trade_id=None, candidate_id=cand_NSE_NIFTY50_INDEX_TRENDLINE_RETEST_24005.50_202609030955_Geometry_v1.0_Score35, payload={'price': 23984.8, 'old_sl': 24001.35, 'new_sl': 24001.1, 'old_tp': None, 'new_tp': 23982.600000000002, 'reason': 'TRAILING_SL'}
2026-09-03 10:31:07,176 - INFO - 🟡 UPDATE (TRAILING_SL) [CFGeometry_v1.0_Score35|eometry_v1.0_Score35]: NSE:NIFTY50-INDEX @ 23984.80 | SL→24001.10 TP→23982.60
2026-09-03 10:31:07,177 - INFO - 📊 EXECUTION AUDIT [CF_SL_MODIFIED]: trade_id=None, candidate_id=cand_NSE_NIFTY50_INDEX_TRENDLINE_RETEST_24005.50_202609030955_Geometry_v1.0_Score50, payload={'price': 23984.8, 'old_sl': 24001.35, 'new_sl': 24001.1, 'old_tp': None, 'new_tp': 23982.600000000002, 'reason': 'TRAILING_SL'}
2026-09-03 10:31:07,218 - INFO - 🟡 UPDATE (TRAILING_SL) [CFGeometry_v1.0_Score50|eometry_v1.0_Score50]: NSE:NIFTY50-INDEX @ 23984.80 | SL→24001.10 TP→23982.60
2026-09-03 10:31:07,218 - INFO - 📊 EXECUTION AUDIT [CF_SL_MODIFIED]: trade_id=None, candidate_id=cand_NSE_NIFTY50_INDEX_BREAKOUT_23851.90_20260903_100000_Structural_v3.3_ExitMgmt, payload={'price': 23984.8, 'old_sl': 24010.04, 'new_sl': 24009.79, 'old_tp': None, 'new_tp': 23887.335714285713, 'reason': 'TRAILING_SL'}
2026-09-03 10:31:07,259 - INFO - 🟡 UPDATE (TRAILING_SL) [CFStructural_v3.3_ExitMgmt|ctural_v3.3_ExitMgmt]: NSE:NIFTY50-INDEX @ 23984.80 | SL→24009.79 TP→23887.34
2026-09-03 10:31:08,065 - INFO - Retrieved live premium from Fyers API: LTP=20.95 for NSE:NIFTY2690823700PE
2026-09-03 10:31:09,061 - INFO - Retrieved live premium from Fyers API: LTP=339.65 for NSE:BANKNIFTY26SEP57000PE
2026-09-03 10:31:10,074 - INFO - Retrieved live premium from Fyers API: LTP=339.65 for NSE:BANKNIFTY26SEP57000PE
2026-09-03 10:31:11,055 - INFO - Retrieved live premium from Fyers API: LTP=365.0 for NSE:BANKNIFTY26SEP57100PE
2026-09-03 10:31:12,071 - INFO - Retrieved live premium from Fyers API: LTP=313.9 for NSE:BANKNIFTY26SEP56900PE
2026-09-03 10:31:13,089 - INFO - Retrieved live premium from Fyers API: LTP=289.7 for NSE:BANKNIFTY26SEP56800PE
2026-09-03 10:31:14,107 - INFO - Retrieved live premium from Fyers API: LTP=365.0 for NSE:BANKNIFTY26SEP57100PE
2026-09-03 10:31:15,102 - INFO - Retrieved live premium from Fyers API: LTP=313.9 for NSE:BANKNIFTY26SEP56900PE
2026-09-03 10:31:35,048 - INFO - 📊 Saved 22 snapshots for NSE:NIFTYBANK-INDEX  (oi range: 90,180–1,988,880)
2026-09-03 10:31:35,374 - INFO - ⏱️ [Real-time Exit Loop] Checking open positions @ 10:31:35...
2026-09-03 10:31:36,138 - INFO - 📡 Fetching NSE:NIFTY50-INDEX @ 23985  expiry=26908  strikes=ATM±5
2026-09-03 10:31:37,488 - INFO - Retrieved live premium from Fyers API: LTP=21.1 for NSE:NIFTY2690823700PE
2026-09-03 10:31:38,480 - INFO - Retrieved live premium from Fyers API: LTP=340.65 for NSE:BANKNIFTY26SEP57000PE
2026-09-03 10:31:39,505 - INFO - Retrieved live premium from Fyers API: LTP=340.65 for NSE:BANKNIFTY26SEP57000PE
2026-09-03 10:31:40,524 - INFO - Retrieved live premium from Fyers API: LTP=368.75 for NSE:BANKNIFTY26SEP57100PE
2026-09-03 10:31:41,511 - INFO - Retrieved live premium from Fyers API: LTP=315.0 for NSE:BANKNIFTY26SEP56900PE
2026-09-03 10:31:42,516 - INFO - Retrieved live premium from Fyers API: LTP=290.2 for NSE:BANKNIFTY26SEP56800PE
2026-09-03 10:31:43,504 - INFO - Retrieved live premium from Fyers API: LTP=368.75 for NSE:BANKNIFTY26SEP57100PE
2026-09-03 10:31:44,534 - INFO - Retrieved live premium from Fyers API: LTP=315.0 for NSE:BANKNIFTY26SEP56900PE
2026-09-03 10:32:05,778 - INFO - 📊 Saved 22 snapshots for NSE:NIFTY50-INDEX  (oi range: 354,575–13,498,355)
2026-09-03 10:32:05,814 - INFO - ⏱️ [Real-time Exit Loop] Checking open positions @ 10:32:05...
2026-09-03 10:32:06,939 - INFO - 📊 EXECUTION AUDIT [CF_EXITED]: trade_id=None, candidate_id=cand_NSE_NIFTYBANK_INDEX_OI_WALL_FADE_57577.15_20260903_092005_OIWallReaction_v1.0, payload={'exit_price': 57623.05, 'exit_reason': 'TRAILING_SL', 'pnl_r': 0.03222748815165882, 'duration_minutes': 71.99839475, 'bars_held': 11}
2026-09-03 10:32:06,979 - INFO - 🔴 EXIT (TRAILING_SL) [CFOIWallReaction_v1.0|_OIWallReaction_v1.0]: NSE:NIFTYBANK-INDEX @ 57623.05 | PnL +0.03R | MFE 1.80R | Capture 2% | 11bars HoldEff +0.003R/bar
2026-09-03 10:32:06,979 - INFO - 📊 EXECUTION AUDIT [CF_SL_MODIFIED]: trade_id=None, candidate_id=cand_NSE_NIFTYBANK_INDEX_BREAKOUT_57023.95_20260903_094500_Structural_v3.3_ExitMgmt, payload={'price': 57623.05, 'old_sl': 57746.315, 'new_sl': 57719.365000000005, 'old_tp': None, 'new_tp': 57272.853571428575, 'reason': 'TRAILING_SL'}
2026-09-03 10:32:07,015 - INFO - 🟡 UPDATE (TRAILING_SL) [CFStructural_v3.3_ExitMgmt|ctural_v3.3_ExitMgmt]: NSE:NIFTYBANK-INDEX @ 57623.05 | SL→57719.37 TP→57272.85
2026-09-03 10:32:07,016 - INFO - 📊 EXECUTION AUDIT [CF_TP_EXPANDED]: trade_id=None, candidate_id=cand_NSE_NIFTY50_INDEX_TRENDLINE_RETEST_24005.50_202609030955_Geometry_v1.0_Score35, payload={'price': 23979.55, 'old_sl': 24001.1, 'new_sl': 23995.85, 'old_tp': 23982.600000000002, 'new_tp': 23966.300000000003, 'reason': 'TP_EXPANSION'}
2026-09-03 10:32:07,053 - INFO - 🟡 UPDATE (TP_EXPANSION) [CFGeometry_v1.0_Score35|eometry_v1.0_Score35]: NSE:NIFTY50-INDEX @ 23979.55 | SL→23995.85 TP→23966.30
2026-09-03 10:32:07,053 - INFO - 📊 EXECUTION AUDIT [CF_TP_EXPANDED]: trade_id=None, candidate_id=cand_NSE_NIFTY50_INDEX_TRENDLINE_RETEST_24005.50_202609030955_Geometry_v1.0_Score50, payload={'price': 23979.55, 'old_sl': 24001.1, 'new_sl': 23995.85, 'old_tp': 23982.600000000002, 'new_tp': 23966.300000000003, 'reason': 'TP_EXPANSION'}
2026-09-03 10:32:07,097 - INFO - 🟡 UPDATE (TP_EXPANSION) [CFGeometry_v1.0_Score50|eometry_v1.0_Score50]: NSE:NIFTY50-INDEX @ 23979.55 | SL→23995.85 TP→23966.30
2026-09-03 10:32:07,097 - INFO - 📊 EXECUTION AUDIT [CF_SL_MODIFIED]: trade_id=None, candidate_id=cand_NSE_NIFTY50_INDEX_BREAKOUT_23851.90_20260903_100000_Structural_v3.3_ExitMgmt, payload={'price': 23979.55, 'old_sl': 24009.79, 'new_sl': 24004.54, 'old_tp': None, 'new_tp': 23887.335714285713, 'reason': 'TRAILING_SL'}
2026-09-03 10:32:07,139 - INFO - 🟡 UPDATE (TRAILING_SL) [CFStructural_v3.3_ExitMgmt|ctural_v3.3_ExitMgmt]: NSE:NIFTY50-INDEX @ 23979.55 | SL→24004.54 TP→23887.34
2026-09-03 10:32:07,139 - INFO - 📊 EXECUTION AUDIT [CF_EXITED]: trade_id=None, candidate_id=cand_NSE_NIFTYBANK_INDEX_BREAKOUT_57753.60_20260903_101000_Structural_v3.3_ExitMgmt, payload={'exit_price': 57623.05, 'exit_reason': 'STRUCTURE_INVALIDATED', 'pnl_r': -0.03179707038227944, 'duration_minutes': 17.009279799999998, 'bars_held': 3}
2026-09-03 10:32:07,181 - INFO - 🔴 EXIT (STRUCTURE_INVALIDATED) [CFStructural_v3.3_ExitMgmt|ctural_v3.3_ExitMgmt]: NSE:NIFTYBANK-INDEX @ 57623.05 | PnL -0.03R | MFE 1.79R | Capture -2% | 3bars HoldEff -0.011R/bar
2026-09-03 10:32:07,181 - INFO - 📊 EXECUTION AUDIT [CF_SL_MODIFIED]: trade_id=None, candidate_id=cand_NSE_NIFTY50_INDEX_BREAKOUT_23851.90_20260903_102500_Structural_v3.2_RVOL1.0, payload={'price': 23979.55, 'old_sl': 23993.032142857144, 'new_sl': 23987.882142857143, 'old_tp': None, 'new_tp': 23901.378571428573, 'reason': 'TRAILING_SL'}
2026-09-03 10:32:07,222 - INFO - 🟡 UPDATE (TRAILING_SL) [CFStructural_v3.2_RVOL1.0|uctural_v3.2_RVOL1.0]: NSE:NIFTY50-INDEX @ 23979.55 | SL→23987.88 TP→23901.38
2026-09-03 10:32:07,222 - INFO - 📊 EXECUTION AUDIT [CF_SL_MODIFIED]: trade_id=None, candidate_id=cand_NSE_NIFTY50_INDEX_BREAKOUT_23851.90_20260903_102500_Structural_v3.2_RVOL0.8, payload={'price': 23979.55, 'old_sl': 23993.032142857144, 'new_sl': 23987.882142857143, 'old_tp': None, 'new_tp': 23901.378571428573, 'reason': 'TRAILING_SL'}
2026-09-03 10:32:07,265 - INFO - 🟡 UPDATE (TRAILING_SL) [CFStructural_v3.2_RVOL0.8|uctural_v3.2_RVOL0.8]: NSE:NIFTY50-INDEX @ 23979.55 | SL→23987.88 TP→23901.38
2026-09-03 10:32:07,265 - INFO - 📊 EXECUTION AUDIT [CF_SL_MODIFIED]: trade_id=None, candidate_id=cand_NSE_NIFTY50_INDEX_VWAPRECLAIM_23984.70_20260903_103005_VWAP_Reclaim_v1.0, payload={'price': 23979.55, 'old_sl': 24003.55, 'new_sl': 23998.399999999998, 'old_tp': None, 'new_tp': 23901.4, 'reason': 'TRAILING_SL'}
2026-09-03 10:32:07,309 - INFO - 🟡 UPDATE (TRAILING_SL) [CFVWAP_Reclaim_v1.0|05_VWAP_Reclaim_v1.0]: NSE:NIFTY50-INDEX @ 23979.55 | SL→23998.40 TP→23901.40
2026-09-03 10:32:07,310 - INFO - 📊 EXECUTION AUDIT [CF_EXITED]: trade_id=None, candidate_id=cand_NSE_NIFTYBANK_INDEX_BREAKOUT_57753.60_20260903_102500_Structural_v3.2_RVOL1.0, payload={'exit_price': 57623.05, 'exit_reason': 'INITIAL_SL', 'pnl_r': -0.02077687443541102, 'duration_minutes': 2.0020912833333333, 'bars_held': 0}
2026-09-03 10:32:07,357 - INFO - 🔴 EXIT (INITIAL_SL) [CFStructural_v3.2_RVOL1.0|uctural_v3.2_RVOL1.0]: NSE:NIFTYBANK-INDEX @ 57623.05 | PnL -0.02R | MFE 0.00R | Capture N/A | 0bars HoldEff -0.021R/bar
2026-09-03 10:32:07,357 - INFO - 📊 EXECUTION AUDIT [CF_EXITED]: trade_id=None, candidate_id=cand_NSE_NIFTYBANK_INDEX_BREAKOUT_57753.60_20260903_102500_Structural_v3.2_RVOL0.8, payload={'exit_price': 57623.05, 'exit_reason': 'INITIAL_SL', 'pnl_r': -0.02077687443541102, 'duration_minutes': 2.0020912833333333, 'bars_held': 0}
2026-09-03 10:32:07,401 - INFO - 🔴 EXIT (INITIAL_SL) [CFStructural_v3.2_RVOL0.8|uctural_v3.2_RVOL0.8]: NSE:NIFTYBANK-INDEX @ 57623.05 | PnL -0.02R | MFE 0.00R | Capture N/A | 0bars HoldEff -0.021R/bar
2026-09-03 10:32:07,864 - INFO - 📡 Fetching NSE:NIFTYBANK-INDEX @ 57623  expiry=26SEP  strikes=ATM±5
2026-09-03 10:32:07,939 - INFO - Retrieved live premium from Fyers API: LTP=21.6 for NSE:NIFTY2690823700PE
2026-09-03 10:32:08,945 - INFO - Retrieved live premium from Fyers API: LTP=345.85 for NSE:BANKNIFTY26SEP57000PE
2026-09-03 10:32:09,963 - INFO - Retrieved live premium from Fyers API: LTP=345.85 for NSE:BANKNIFTY26SEP57000PE
2026-09-03 10:32:10,954 - INFO - Retrieved live premium from Fyers API: LTP=374.1 for NSE:BANKNIFTY26SEP57100PE
2026-09-03 10:32:11,966 - INFO - Retrieved live premium from Fyers API: LTP=319.0 for NSE:BANKNIFTY26SEP56900PE
2026-09-03 10:32:12,955 - INFO - Retrieved live premium from Fyers API: LTP=295.95 for NSE:BANKNIFTY26SEP56800PE
2026-09-03 10:32:13,970 - INFO - Retrieved live premium from Fyers API: LTP=373.8 for NSE:BANKNIFTY26SEP57100PE
2026-09-03 10:32:14,982 - INFO - Retrieved live premium from Fyers API: LTP=318.65 for NSE:BANKNIFTY26SEP56900PE
2026-09-03 10:32:35,359 - INFO - ⏱️ [Real-time Exit Loop] Checking open positions @ 10:32:35...
2026-09-03 10:32:37,225 - INFO - 📊 Saved 22 snapshots for NSE:NIFTYBANK-INDEX  (oi range: 58,230–1,986,390)
2026-09-03 10:32:37,453 - INFO - Retrieved live premium from Fyers API: LTP=21.1 for NSE:NIFTY2690823700PE
2026-09-03 10:32:38,322 - INFO - 📡 Fetching NSE:NIFTY50-INDEX @ 23982  expiry=26908  strikes=ATM±5
2026-09-03 10:32:38,464 - INFO - Retrieved live premium from Fyers API: LTP=343.15 for NSE:BANKNIFTY26SEP57000PE
2026-09-03 10:32:39,460 - INFO - Retrieved live premium from Fyers API: LTP=344.4 for NSE:BANKNIFTY26SEP57000PE
2026-09-03 10:32:40,466 - INFO - Retrieved live premium from Fyers API: LTP=316.65 for NSE:BANKNIFTY26SEP56900PE
2026-09-03 10:32:41,463 - INFO - Retrieved live premium from Fyers API: LTP=294.1 for NSE:BANKNIFTY26SEP56800PE
2026-09-03 10:32:42,476 - INFO - Retrieved live premium from Fyers API: LTP=316.65 for NSE:BANKNIFTY26SEP56900PE
2026-09-03 10:33:05,895 - INFO - ⏱️ [Real-time Exit Loop] Checking open positions @ 10:33:05...
2026-09-03 10:33:07,781 - INFO - 📊 Saved 22 snapshots for NSE:NIFTY50-INDEX  (oi range: 355,160–13,307,125)
2026-09-03 10:33:08,014 - INFO - Retrieved live premium from Fyers API: LTP=21.05 for NSE:NIFTY2690823700PE
2026-09-03 10:33:09,001 - INFO - Retrieved live premium from Fyers API: LTP=341.4 for NSE:BANKNIFTY26SEP57000PE
2026-09-03 10:33:09,901 - INFO - 📡 Fetching NSE:NIFTYBANK-INDEX @ 57634  expiry=26SEP  strikes=ATM±5
2026-09-03 10:33:10,018 - INFO - Retrieved live premium from Fyers API: LTP=341.4 for NSE:BANKNIFTY26SEP57000PE
2026-09-03 10:33:11,026 - INFO - Retrieved live premium from Fyers API: LTP=316.45 for NSE:BANKNIFTY26SEP56900PE
2026-09-03 10:33:12,012 - INFO - Retrieved live premium from Fyers API: LTP=291.05 for NSE:BANKNIFTY26SEP56800PE
2026-09-03 10:33:13,031 - INFO - Retrieved live premium from Fyers API: LTP=316.45 for NSE:BANKNIFTY26SEP56900PE
2026-09-03 10:33:35,435 - INFO - ⏱️ [Real-time Exit Loop] Checking open positions @ 10:33:35...
2026-09-03 10:33:37,544 - INFO - Retrieved live premium from Fyers API: LTP=21.0 for NSE:NIFTY2690823700PE
2026-09-03 10:33:38,556 - INFO - Retrieved live premium from Fyers API: LTP=344.2 for NSE:BANKNIFTY26SEP57000PE
2026-09-03 10:33:39,560 - INFO - Retrieved live premium from Fyers API: LTP=344.8 for NSE:BANKNIFTY26SEP57000PE
2026-09-03 10:33:39,643 - INFO - 📊 Saved 22 snapshots for NSE:NIFTYBANK-INDEX  (oi range: 58,020–1,986,390)
2026-09-03 10:33:40,565 - INFO - Retrieved live premium from Fyers API: LTP=316.55 for NSE:BANKNIFTY26SEP56900PE
2026-09-03 10:33:40,732 - INFO - 📡 Fetching NSE:NIFTY50-INDEX @ 23986  expiry=26908  strikes=ATM±5
2026-09-03 10:33:41,545 - INFO - Retrieved live premium from Fyers API: LTP=293.6 for NSE:BANKNIFTY26SEP56800PE
2026-09-03 10:33:42,578 - INFO - Retrieved live premium from Fyers API: LTP=316.95 for NSE:BANKNIFTY26SEP56900PE
2026-09-03 10:34:05,993 - INFO - ⏱️ [Real-time Exit Loop] Checking open positions @ 10:34:05...
2026-09-03 10:34:07,110 - INFO - 📊 EXECUTION AUDIT [CF_SL_MODIFIED]: trade_id=None, candidate_id=cand_NSE_NIFTYBANK_INDEX_BREAKOUT_57023.95_20260903_094500_Structural_v3.3_ExitMgmt, payload={'price': 57621.15, 'old_sl': 57719.365000000005, 'new_sl': 57717.465000000004, 'old_tp': None, 'new_tp': 57272.853571428575, 'reason': 'TRAILING_SL'}
2026-09-03 10:34:07,146 - INFO - 🟡 UPDATE (TRAILING_SL) [CFStructural_v3.3_ExitMgmt|ctural_v3.3_ExitMgmt]: NSE:NIFTYBANK-INDEX @ 57621.15 | SL→57717.47 TP→57272.85
2026-09-03 10:34:08,114 - INFO - Retrieved live premium from Fyers API: LTP=21.15 for NSE:NIFTY2690823700PE
2026-09-03 10:34:09,102 - INFO - Retrieved live premium from Fyers API: LTP=345.35 for NSE:BANKNIFTY26SEP57000PE
2026-09-03 10:34:10,130 - INFO - Retrieved live premium from Fyers API: LTP=345.35 for NSE:BANKNIFTY26SEP57000PE
2026-09-03 10:34:10,462 - INFO - 📊 Saved 22 snapshots for NSE:NIFTY50-INDEX  (oi range: 355,355–13,330,655)
2026-09-03 10:34:11,134 - INFO - Retrieved live premium from Fyers API: LTP=320.0 for NSE:BANKNIFTY26SEP56900PE
2026-09-03 10:34:12,126 - INFO - Retrieved live premium from Fyers API: LTP=295.0 for NSE:BANKNIFTY26SEP56800PE
2026-09-03 10:34:12,609 - INFO - 📡 Fetching NSE:NIFTYBANK-INDEX @ 57616  expiry=26SEP  strikes=ATM±5
2026-09-03 10:34:13,148 - INFO - Retrieved live premium from Fyers API: LTP=320.0 for NSE:BANKNIFTY26SEP56900PE
2026-09-03 10:34:35,477 - INFO - ⏱️ [Real-time Exit Loop] Checking open positions @ 10:34:35...
2026-09-03 10:34:36,592 - INFO - 📊 EXECUTION AUDIT [ORDER_EXITED]: trade_id=trade_NSE_NIFTYBANK_INDEX_GapRegime_v2.0_1788407705, candidate_id=cand_NSE_NIFTYBANK_INDEX_GAP_AND_GO_57610.95_20260903_092505_GapRegime_v2.0, payload={'exit_price': 57609.75, 'exit_reason': 'TRAILING_SL', 'pnl_r': 0.013846514902604969, 'duration_minutes': 69.49461386666667, 'bars_held': 10}
2026-09-03 10:34:36,640 - INFO - 🔴 EXIT (TRAILING_SL) [GapRegime_v2.0|92505_GapRegime_v2.0]: NSE:NIFTYBANK-INDEX @ 57609.75 | PnL +0.01R | MFE 1.01R | Capture 1% | 10bars HoldEff +0.001R/bar
2026-09-03 10:34:36,640 - INFO - 📊 EXECUTION AUDIT [CF_SL_MODIFIED]: trade_id=None, candidate_id=cand_NSE_NIFTYBANK_INDEX_BREAKOUT_57023.95_20260903_094500_Structural_v3.3_ExitMgmt, payload={'price': 57609.75, 'old_sl': 57717.465000000004, 'new_sl': 57706.065, 'old_tp': None, 'new_tp': 57272.853571428575, 'reason': 'TRAILING_SL'}
2026-09-03 10:34:36,680 - INFO - 🟡 UPDATE (TRAILING_SL) [CFStructural_v3.3_ExitMgmt|ctural_v3.3_ExitMgmt]: NSE:NIFTYBANK-INDEX @ 57609.75 | SL→57706.07 TP→57272.85
2026-09-03 10:34:37,593 - INFO - Retrieved live premium from Fyers API: LTP=21.4 for NSE:NIFTY2690823700PE
2026-09-03 10:34:38,630 - INFO - Retrieved live premium from Fyers API: LTP=347.65 for NSE:BANKNIFTY26SEP57000PE
2026-09-03 10:34:39,609 - INFO - Retrieved live premium from Fyers API: LTP=346.7 for NSE:BANKNIFTY26SEP57000PE
2026-09-03 10:34:40,619 - INFO - Retrieved live premium from Fyers API: LTP=321.25 for NSE:BANKNIFTY26SEP56900PE
2026-09-03 10:34:41,592 - INFO - Retrieved live premium from Fyers API: LTP=295.2 for NSE:BANKNIFTY26SEP56800PE
2026-09-03 10:34:42,334 - INFO - 📊 Saved 22 snapshots for NSE:NIFTYBANK-INDEX  (oi range: 58,020–1,982,580)
2026-09-03 10:34:42,614 - INFO - Retrieved live premium from Fyers API: LTP=321.25 for NSE:BANKNIFTY26SEP56900PE
2026-09-03 10:34:43,444 - INFO - 📡 Fetching NSE:NIFTY50-INDEX @ 23982  expiry=26908  strikes=ATM±5
2026-09-03 10:35:06,000 - INFO - 🔔 [New Candle Closed] Running entry pipeline for candle 10:35 at 10:35:06...
2026-09-03 10:35:06,000 - INFO - --- 10:35:06 Market Pulse ---
2026-09-03 10:35:11,132 - INFO - 📊 EXECUTION AUDIT [CF_SL_MODIFIED]: trade_id=None, candidate_id=cand_NSE_NIFTYBANK_INDEX_BREAKOUT_57023.95_20260903_094500_Structural_v3.3_ExitMgmt, payload={'price': 57606.5, 'old_sl': 57706.065, 'new_sl': 57702.815, 'old_tp': None, 'new_tp': 57272.853571428575, 'reason': 'TRAILING_SL'}
2026-09-03 10:35:11,190 - INFO - 🟡 UPDATE (TRAILING_SL) [CFStructural_v3.3_ExitMgmt|ctural_v3.3_ExitMgmt]: NSE:NIFTYBANK-INDEX @ 57606.50 | SL→57702.82 TP→57272.85
2026-09-03 10:35:11,190 - INFO - 📊 EXECUTION AUDIT [CF_SL_MODIFIED]: trade_id=None, candidate_id=cand_NSE_NIFTY50_INDEX_TRENDLINE_RETEST_24005.50_202609030955_Geometry_v1.0_Score35, payload={'price': 23977.65, 'old_sl': 23995.85, 'new_sl': 23993.95, 'old_tp': None, 'new_tp': 23966.300000000003, 'reason': 'TRAILING_SL'}
2026-09-03 10:35:11,235 - INFO - 🟡 UPDATE (TRAILING_SL) [CFGeometry_v1.0_Score35|eometry_v1.0_Score35]: NSE:NIFTY50-INDEX @ 23977.65 | SL→23993.95 TP→23966.30
2026-09-03 10:35:11,235 - INFO - 📊 EXECUTION AUDIT [CF_SL_MODIFIED]: trade_id=None, candidate_id=cand_NSE_NIFTY50_INDEX_TRENDLINE_RETEST_24005.50_202609030955_Geometry_v1.0_Score50, payload={'price': 23977.65, 'old_sl': 23995.85, 'new_sl': 23993.95, 'old_tp': None, 'new_tp': 23966.300000000003, 'reason': 'TRAILING_SL'}
2026-09-03 10:35:11,275 - INFO - 🟡 UPDATE (TRAILING_SL) [CFGeometry_v1.0_Score50|eometry_v1.0_Score50]: NSE:NIFTY50-INDEX @ 23977.65 | SL→23993.95 TP→23966.30
2026-09-03 10:35:11,275 - INFO - 📊 EXECUTION AUDIT [CF_SL_MODIFIED]: trade_id=None, candidate_id=cand_NSE_NIFTY50_INDEX_BREAKOUT_23851.90_20260903_100000_Structural_v3.3_ExitMgmt, payload={'price': 23977.65, 'old_sl': 24004.54, 'new_sl': 24002.640000000003, 'old_tp': None, 'new_tp': 23887.335714285713, 'reason': 'TRAILING_SL'}
2026-09-03 10:35:11,318 - INFO - 🟡 UPDATE (TRAILING_SL) [CFStructural_v3.3_ExitMgmt|ctural_v3.3_ExitMgmt]: NSE:NIFTY50-INDEX @ 23977.65 | SL→24002.64 TP→23887.34
2026-09-03 10:35:11,318 - INFO - 📊 EXECUTION AUDIT [CF_EXITED]: trade_id=None, candidate_id=cand_NSE_NIFTY50_INDEX_BREAKOUT_23851.90_20260903_102500_Structural_v3.2_RVOL1.0, payload={'exit_price': 23987.882142857143, 'exit_reason': 'TRAILING_SL', 'pnl_r': 0.04492600422832981, 'duration_minutes': 5.005195316666667, 'bars_held': 1}
2026-09-03 10:35:11,365 - INFO - 🔴 EXIT (TRAILING_SL) [CFStructural_v3.2_RVOL1.0|uctural_v3.2_RVOL1.0]: NSE:NIFTY50-INDEX @ 23987.88 | PnL +0.04R | MFE 0.85R | Capture 5% | 1bars HoldEff +0.045R/bar
2026-09-03 10:35:11,365 - INFO - 📊 EXECUTION AUDIT [CF_EXITED]: trade_id=None, candidate_id=cand_NSE_NIFTY50_INDEX_BREAKOUT_23851.90_20260903_102500_Structural_v3.2_RVOL0.8, payload={'exit_price': 23987.882142857143, 'exit_reason': 'TRAILING_SL', 'pnl_r': 0.04492600422832981, 'duration_minutes': 5.005195316666667, 'bars_held': 1}
2026-09-03 10:35:11,408 - INFO - 🔴 EXIT (TRAILING_SL) [CFStructural_v3.2_RVOL0.8|uctural_v3.2_RVOL0.8]: NSE:NIFTY50-INDEX @ 23987.88 | PnL +0.04R | MFE 0.85R | Capture 5% | 1bars HoldEff +0.045R/bar
2026-09-03 10:35:11,409 - INFO - 📊 EXECUTION AUDIT [CF_SL_MODIFIED]: trade_id=None, candidate_id=cand_NSE_NIFTY50_INDEX_VWAPRECLAIM_23984.70_20260903_103005_VWAP_Reclaim_v1.0, payload={'price': 23977.65, 'old_sl': 23998.399999999998, 'new_sl': 23996.5, 'old_tp': None, 'new_tp': 23901.4, 'reason': 'TRAILING_SL'}
2026-09-03 10:35:11,449 - INFO - 🟡 UPDATE (TRAILING_SL) [CFVWAP_Reclaim_v1.0|05_VWAP_Reclaim_v1.0]: NSE:NIFTY50-INDEX @ 23977.65 | SL→23996.50 TP→23901.40
2026-09-03 10:35:12,111 - INFO - Retrieved live premium from Fyers API: LTP=21.85 for NSE:NIFTY2690823700PE
2026-09-03 10:35:13,129 - INFO - Retrieved live premium from Fyers API: LTP=347.9 for NSE:BANKNIFTY26SEP57000PE
2026-09-03 10:35:13,141 - INFO - 📊 Saved 22 snapshots for NSE:NIFTY50-INDEX  (oi range: 355,030–13,392,730)
2026-09-03 10:35:14,129 - INFO - Retrieved live premium from Fyers API: LTP=347.9 for NSE:BANKNIFTY26SEP57000PE
2026-09-03 10:35:15,136 - INFO - Retrieved live premium from Fyers API: LTP=321.5 for NSE:BANKNIFTY26SEP56900PE
2026-09-03 10:35:15,266 - INFO - 📡 Fetching NSE:NIFTYBANK-INDEX @ 57608  expiry=26SEP  strikes=ATM±5
2026-09-03 10:35:16,146 - INFO - Retrieved live premium from Fyers API: LTP=297.45 for NSE:BANKNIFTY26SEP56800PE
2026-09-03 10:35:17,140 - INFO - Retrieved live premium from Fyers API: LTP=321.5 for NSE:BANKNIFTY26SEP56900PE
2026-09-03 10:35:22,915 - INFO - Resolved active expiry from DB: 26908 (2026-09-08)
2026-09-03 10:35:22,916 - INFO - 👻 [Structural_v3.2_RVOL1.0] CF BREAKOUT NSE:NIFTY50-INDEX BUY PUT | Rejected: ['LOW_RVOL', 'BIAS_MISMATCH']
2026-09-03 10:35:22,916 - INFO - 📊 EXECUTION AUDIT [SIGNAL_GENERATED]: trade_id=None, candidate_id=cand_NSE_NIFTY50_INDEX_BREAKOUT_23851.90_20260903_103000_Structural_v3.2_RVOL1.0, payload={'symbol': 'NSE:NIFTY50-INDEX', 'signal': 'BUY PUT', 'strategy': 'BREAKOUT', 'price': 23977.85, 'stop_loss': 23985.476785714283, 'take_profit': 23901.58214285714, 'tp1': 23966.40982142857, 'rr_ratio': 10.0, 'timestamp': '2026-09-03T10:30:00+05:30', 'accepted': False, 'rejection_reasons': ['LOW_RVOL', 'BIAS_MISMATCH'], 'features': {'date': '2026-09-03', 'strategy_name': 'Structural_v3', 'strategy_version': 'v3.2', 'feature_version': 'v1.1', 'market_regime': 'STRONG_TREND_UP_NORMAL', 'day_type': 'NORMAL_DAY', 'session_type': 'MID', 'daily_bias': 'NEUTRAL', 'hourly_bias': 'NEUTRAL', 'trend_strength': 0.0, 'rvol': 0.83, 'rvol_threshold': 1.0, 'atr': 15.25, 'distance_from_supply': 400.75, 'distance_from_demand': 170.3, 'nearest_supply_strength': 100.9, 'nearest_demand_strength': 71.0, 'distance_to_liquidity_pool': 170.29999999999927, 'liquidity_score': 8.299999999999999, 'indicator_snapshot': {'rvol_tod': 0.83, 'is_compressed': True, 'bos_count': 0}, 'move_efficiency': 0.6166, 'wickiness': 0.3569, 'fft_score': 0.0, 'setup_type': 'BREAKOUT', 'candidate_id': 'cand_NSE_NIFTY50_INDEX_BREAKOUT_23851.90_20260903_103000', 'ema20': 23972.17, 'ema50': 23933.24, 'move_efficiency_h1': 0.3552, 'ema_bullish': True, 'rsi14': 58.29, 'rsi2': 0.0, 'distance_to_vwap': -0.0006, 'atr_percentile': 0.3728, 'dist_prev_high': 0.0027, 'dist_prev_low': 0.008, 'adx': 44.53, 'adx_slope': -1.2251, 'gap_pct': 0.0035, 'regime_primary': 'STRONG_TREND_UP', 'regime_vol_state': 'NORMAL'}, 'candidate_id': 'cand_NSE_NIFTY50_INDEX_BREAKOUT_23851.90_20260903_103000_Structural_v3.2_RVOL1.0', 'experiment_name': 'Structural_v3.2_RVOL1.0', 'strategy_id': 'structural', 'version': 'v3.2'}
2026-09-03 10:35:22,944 - INFO - Resolved active expiry from DB: 26908 (2026-09-08)
2026-09-03 10:35:22,962 - INFO - Resolved index signal into option contract: OptionContract(symbol='NSE:NIFTY2690824000PE', strike=24000.0, expiry='26908', option_type='PE', premium=97.5, delta=0.5, bid=97.35, ask=97.5, volume=77495860, resolved_at=datetime.datetime(2026, 9, 3, 10, 35, 22, 962905))
2026-09-03 10:35:22,963 - INFO - ⚡ Option strike selection resolved index signal to contract NSE:NIFTY2690824000PE @ premium 97.5 (type: PE, strike: 24000.0)
2026-09-03 10:35:22,963 - INFO - 📊 EXECUTION AUDIT [STRIKE_SELECTED]: trade_id=None, candidate_id=cand_NSE_NIFTY50_INDEX_BREAKOUT_23851.90_20260903_103000_Structural_v3.2_RVOL1.0, payload={'symbol': 'NSE:NIFTY2690824000PE', 'strike': 24000.0, 'expiry': '26908', 'type': 'PE'}
2026-09-03 10:35:22,977 - INFO - 📊 EXECUTION AUDIT [PREMIUM_RETRIEVED]: trade_id=None, candidate_id=cand_NSE_NIFTY50_INDEX_BREAKOUT_23851.90_20260903_103000_Structural_v3.2_RVOL1.0, payload={'premium': 97.5, 'bid': 97.35, 'ask': 97.5}
2026-09-03 10:35:22,992 - INFO - 📊 EXECUTION AUDIT [CF_SUBMITTED]: trade_id=None, candidate_id=cand_NSE_NIFTY50_INDEX_BREAKOUT_23851.90_20260903_103000_Structural_v3.2_RVOL1.0, payload={'price': 23977.85, 'sl': 23985.476785714283, 'tp': 23901.58214285714}
2026-09-03 10:35:23,006 - INFO - 📊 EXECUTION AUDIT [CF_FILLED]: trade_id=None, candidate_id=cand_NSE_NIFTY50_INDEX_BREAKOUT_23851.90_20260903_103000_Structural_v3.2_RVOL1.0, payload={'price': 23977.85, 'sl': 23985.476785714283, 'tp': 23901.58214285714}
2026-09-03 10:35:23,020 - INFO - 💰 Position size [BREAKOUT|STRONG_TREND_UP_NORMAL|conf=70]: frac=0.006 → ₹5,000 (risk/unit=0.03%)
2026-09-03 10:35:23,053 - INFO - 🟢 ENTRY [CF|Structural_v3.2_RVOL1.0|uctural_v3.2_RVOL1.0]: NSE:NIFTY50-INDEX BUY PUT @ 23977.85 | SL: 23985.48 TP: 23901.58
2026-09-03 10:35:23,053 - INFO - 👻 [Structural_v3.2_RVOL0.8] CF BREAKOUT NSE:NIFTY50-INDEX BUY PUT | Rejected: ['BIAS_MISMATCH']
2026-09-03 10:35:23,053 - INFO - 📊 EXECUTION AUDIT [SIGNAL_GENERATED]: trade_id=None, candidate_id=cand_NSE_NIFTY50_INDEX_BREAKOUT_23851.90_20260903_103000_Structural_v3.2_RVOL0.8, payload={'symbol': 'NSE:NIFTY50-INDEX', 'signal': 'BUY PUT', 'strategy': 'BREAKOUT', 'price': 23977.85, 'stop_loss': 23985.476785714283, 'take_profit': 23901.58214285714, 'tp1': 23966.40982142857, 'rr_ratio': 10.0, 'timestamp': '2026-09-03T10:30:00+05:30', 'accepted': False, 'rejection_reasons': ['BIAS_MISMATCH'], 'features': {'date': '2026-09-03', 'strategy_name': 'Structural_v3', 'strategy_version': 'v3.2', 'feature_version': 'v1.1', 'market_regime': 'STRONG_TREND_UP_NORMAL', 'day_type': 'NORMAL_DAY', 'session_type': 'MID', 'daily_bias': 'NEUTRAL', 'hourly_bias': 'NEUTRAL', 'trend_strength': 0.0, 'rvol': 0.83, 'rvol_threshold': 0.8, 'atr': 15.25, 'distance_from_supply': 400.75, 'distance_from_demand': 170.3, 'nearest_supply_strength': 100.9, 'nearest_demand_strength': 71.0, 'distance_to_liquidity_pool': 170.29999999999927, 'liquidity_score': 8.299999999999999, 'indicator_snapshot': {'rvol_tod': 0.83, 'is_compressed': True, 'bos_count': 0}, 'move_efficiency': 0.6166, 'wickiness': 0.3569, 'fft_score': 0.0, 'setup_type': 'BREAKOUT', 'candidate_id': 'cand_NSE_NIFTY50_INDEX_BREAKOUT_23851.90_20260903_103000', 'ema20': 23972.17, 'ema50': 23933.24, 'move_efficiency_h1': 0.3552, 'ema_bullish': True, 'rsi14': 58.29, 'rsi2': 0.0, 'distance_to_vwap': -0.0006, 'atr_percentile': 0.3728, 'dist_prev_high': 0.0027, 'dist_prev_low': 0.008, 'adx': 44.53, 'adx_slope': -1.2251, 'gap_pct': 0.0035, 'regime_primary': 'STRONG_TREND_UP', 'regime_vol_state': 'NORMAL'}, 'candidate_id': 'cand_NSE_NIFTY50_INDEX_BREAKOUT_23851.90_20260903_103000_Structural_v3.2_RVOL0.8', 'experiment_name': 'Structural_v3.2_RVOL0.8', 'strategy_id': 'structural', 'version': 'v3.2'}
2026-09-03 10:35:23,085 - INFO - Resolved active expiry from DB: 26908 (2026-09-08)
2026-09-03 10:35:23,103 - INFO - Resolved index signal into option contract: OptionContract(symbol='NSE:NIFTY2690824000PE', strike=24000.0, expiry='26908', option_type='PE', premium=97.5, delta=0.5, bid=97.35, ask=97.5, volume=77495860, resolved_at=datetime.datetime(2026, 9, 3, 10, 35, 23, 103457))
2026-09-03 10:35:23,103 - INFO - ⚡ Option strike selection resolved index signal to contract NSE:NIFTY2690824000PE @ premium 97.5 (type: PE, strike: 24000.0)
2026-09-03 10:35:23,103 - INFO - 📊 EXECUTION AUDIT [STRIKE_SELECTED]: trade_id=None, candidate_id=cand_NSE_NIFTY50_INDEX_BREAKOUT_23851.90_20260903_103000_Structural_v3.2_RVOL0.8, payload={'symbol': 'NSE:NIFTY2690824000PE', 'strike': 24000.0, 'expiry': '26908', 'type': 'PE'}
2026-09-03 10:35:23,119 - INFO - 📊 EXECUTION AUDIT [PREMIUM_RETRIEVED]: trade_id=None, candidate_id=cand_NSE_NIFTY50_INDEX_BREAKOUT_23851.90_20260903_103000_Structural_v3.2_RVOL0.8, payload={'premium': 97.5, 'bid': 97.35, 'ask': 97.5}
2026-09-03 10:35:23,136 - INFO - 📊 EXECUTION AUDIT [CF_SUBMITTED]: trade_id=None, candidate_id=cand_NSE_NIFTY50_INDEX_BREAKOUT_23851.90_20260903_103000_Structural_v3.2_RVOL0.8, payload={'price': 23977.85, 'sl': 23985.476785714283, 'tp': 23901.58214285714}
2026-09-03 10:35:23,151 - INFO - 📊 EXECUTION AUDIT [CF_FILLED]: trade_id=None, candidate_id=cand_NSE_NIFTY50_INDEX_BREAKOUT_23851.90_20260903_103000_Structural_v3.2_RVOL0.8, payload={'price': 23977.85, 'sl': 23985.476785714283, 'tp': 23901.58214285714}
2026-09-03 10:35:23,166 - INFO - 💰 Position size [BREAKOUT|STRONG_TREND_UP_NORMAL|conf=70]: frac=0.006 → ₹5,000 (risk/unit=0.03%)
2026-09-03 10:35:23,197 - INFO - 🟢 ENTRY [CF|Structural_v3.2_RVOL0.8|uctural_v3.2_RVOL0.8]: NSE:NIFTY50-INDEX BUY PUT @ 23977.85 | SL: 23985.48 TP: 23901.58
2026-09-03 10:35:25,234 - INFO - Resolved active expiry from DB: 26SEP (2026-09-29)
2026-09-03 10:35:25,236 - INFO - 👻 [Structural_v3.2_RVOL1.0] CF BREAKOUT NSE:NIFTYBANK-INDEX BUY CALL | Rejected: ['BIAS_MISMATCH', 'LOW_EFFICIENCY']
2026-09-03 10:35:25,236 - INFO - 📊 EXECUTION AUDIT [SIGNAL_GENERATED]: trade_id=None, candidate_id=cand_NSE_NIFTYBANK_INDEX_BREAKOUT_57753.60_20260903_103000_Structural_v3.2_RVOL1.0, payload={'symbol': 'NSE:NIFTYBANK-INDEX', 'signal': 'BUY CALL', 'strategy': 'BREAKOUT', 'price': 57604.7, 'stop_loss': 57573.19821428571, 'take_profit': 57919.71785714285, 'tp1': 57651.952678571426, 'rr_ratio': 10.0, 'timestamp': '2026-09-03T10:30:00+05:30', 'accepted': False, 'rejection_reasons': ['BIAS_MISMATCH', 'LOW_EFFICIENCY'], 'features': {'date': '2026-09-03', 'strategy_name': 'Structural_v3', 'strategy_version': 'v3.2', 'feature_version': 'v1.1', 'market_regime': 'GAP_UP_NORMAL', 'day_type': 'NORMAL_DAY', 'session_type': 'MID', 'daily_bias': 'NEUTRAL', 'hourly_bias': 'NEUTRAL', 'trend_strength': 0.0, 'rvol': 1.1, 'rvol_threshold': 1.0, 'atr': 63.0, 'distance_from_supply': 399.53, 'distance_from_demand': 781.5, 'nearest_supply_strength': 84.0, 'nearest_demand_strength': 69.8, 'distance_to_liquidity_pool': 781.5, 'liquidity_score': 11.0, 'indicator_snapshot': {'rvol_tod': 1.1, 'is_compressed': False, 'bos_count': 0}, 'move_efficiency': 0.2843, 'wickiness': 0.2259, 'fft_score': 0.0, 'setup_type': 'BREAKOUT', 'candidate_id': 'cand_NSE_NIFTYBANK_INDEX_BREAKOUT_57753.60_20260903_103000', 'ema20': 57552.6, 'ema50': 57364.8, 'move_efficiency_h1': 0.4647, 'ema_bullish': True, 'rsi14': 49.42, 'rsi2': 0.0, 'distance_to_vwap': -0.0007, 'atr_percentile': 0.7544, 'dist_prev_high': 0.0067, 'dist_prev_low': 0.0138, 'adx': 47.54, 'adx_slope': -0.0916, 'gap_pct': 0.0057, 'regime_primary': 'GAP_UP', 'regime_vol_state': 'NORMAL'}, 'candidate_id': 'cand_NSE_NIFTYBANK_INDEX_BREAKOUT_57753.60_20260903_103000_Structural_v3.2_RVOL1.0', 'experiment_name': 'Structural_v3.2_RVOL1.0', 'strategy_id': 'structural', 'version': 'v3.2'}
2026-09-03 10:35:25,266 - INFO - Resolved active expiry from DB: 26SEP (2026-09-29)
2026-09-03 10:35:25,285 - INFO - Resolved index signal into option contract: OptionContract(symbol='NSE:BANKNIFTY26SEP57600CE', strike=57600.0, expiry='26SEP', option_type='CE', premium=866.65, delta=0.5, bid=865.0, ask=866.55, volume=604830, resolved_at=datetime.datetime(2026, 9, 3, 10, 35, 25, 285247))
2026-09-03 10:35:25,285 - INFO - ⚡ Option strike selection resolved index signal to contract NSE:BANKNIFTY26SEP57600CE @ premium 866.65 (type: CE, strike: 57600.0)
2026-09-03 10:35:25,285 - INFO - 📊 EXECUTION AUDIT [STRIKE_SELECTED]: trade_id=None, candidate_id=cand_NSE_NIFTYBANK_INDEX_BREAKOUT_57753.60_20260903_103000_Structural_v3.2_RVOL1.0, payload={'symbol': 'NSE:BANKNIFTY26SEP57600CE', 'strike': 57600.0, 'expiry': '26SEP', 'type': 'CE'}
2026-09-03 10:35:25,300 - INFO - 📊 EXECUTION AUDIT [PREMIUM_RETRIEVED]: trade_id=None, candidate_id=cand_NSE_NIFTYBANK_INDEX_BREAKOUT_57753.60_20260903_103000_Structural_v3.2_RVOL1.0, payload={'premium': 866.65, 'bid': 865.0, 'ask': 866.55}
2026-09-03 10:35:25,313 - INFO - 📊 EXECUTION AUDIT [CF_SUBMITTED]: trade_id=None, candidate_id=cand_NSE_NIFTYBANK_INDEX_BREAKOUT_57753.60_20260903_103000_Structural_v3.2_RVOL1.0, payload={'price': 57604.7, 'sl': 57573.19821428571, 'tp': 57919.71785714285}
2026-09-03 10:35:25,327 - INFO - 📊 EXECUTION AUDIT [CF_FILLED]: trade_id=None, candidate_id=cand_NSE_NIFTYBANK_INDEX_BREAKOUT_57753.60_20260903_103000_Structural_v3.2_RVOL1.0, payload={'price': 57604.7, 'sl': 57573.19821428571, 'tp': 57919.71785714285}
2026-09-03 10:35:25,340 - INFO - 💰 Position size [BREAKOUT|GAP_UP_NORMAL|conf=70]: frac=0.003 → ₹5,000 (risk/unit=0.05%)
2026-09-03 10:35:25,371 - INFO - 🟢 ENTRY [CF|Structural_v3.2_RVOL1.0|uctural_v3.2_RVOL1.0]: NSE:NIFTYBANK-INDEX BUY CALL @ 57604.70 | SL: 57573.20 TP: 57919.72
2026-09-03 10:35:25,371 - INFO - 👻 [Structural_v3.2_RVOL0.8] CF BREAKOUT NSE:NIFTYBANK-INDEX BUY CALL | Rejected: ['BIAS_MISMATCH', 'LOW_EFFICIENCY']
2026-09-03 10:35:25,371 - INFO - 📊 EXECUTION AUDIT [SIGNAL_GENERATED]: trade_id=None, candidate_id=cand_NSE_NIFTYBANK_INDEX_BREAKOUT_57753.60_20260903_103000_Structural_v3.2_RVOL0.8, payload={'symbol': 'NSE:NIFTYBANK-INDEX', 'signal': 'BUY CALL', 'strategy': 'BREAKOUT', 'price': 57604.7, 'stop_loss': 57573.19821428571, 'take_profit': 57919.71785714285, 'tp1': 57651.952678571426, 'rr_ratio': 10.0, 'timestamp': '2026-09-03T10:30:00+05:30', 'accepted': False, 'rejection_reasons': ['BIAS_MISMATCH', 'LOW_EFFICIENCY'], 'features': {'date': '2026-09-03', 'strategy_name': 'Structural_v3', 'strategy_version': 'v3.2', 'feature_version': 'v1.1', 'market_regime': 'GAP_UP_NORMAL', 'day_type': 'NORMAL_DAY', 'session_type': 'MID', 'daily_bias': 'NEUTRAL', 'hourly_bias': 'NEUTRAL', 'trend_strength': 0.0, 'rvol': 1.1, 'rvol_threshold': 0.8, 'atr': 63.0, 'distance_from_supply': 399.53, 'distance_from_demand': 781.5, 'nearest_supply_strength': 84.0, 'nearest_demand_strength': 69.8, 'distance_to_liquidity_pool': 781.5, 'liquidity_score': 11.0, 'indicator_snapshot': {'rvol_tod': 1.1, 'is_compressed': False, 'bos_count': 0}, 'move_efficiency': 0.2843, 'wickiness': 0.2259, 'fft_score': 0.0, 'setup_type': 'BREAKOUT', 'candidate_id': 'cand_NSE_NIFTYBANK_INDEX_BREAKOUT_57753.60_20260903_103000', 'ema20': 57552.6, 'ema50': 57364.8, 'move_efficiency_h1': 0.4647, 'ema_bullish': True, 'rsi14': 49.42, 'rsi2': 0.0, 'distance_to_vwap': -0.0007, 'atr_percentile': 0.7544, 'dist_prev_high': 0.0067, 'dist_prev_low': 0.0138, 'adx': 47.54, 'adx_slope': -0.0916, 'gap_pct': 0.0057, 'regime_primary': 'GAP_UP', 'regime_vol_state': 'NORMAL'}, 'candidate_id': 'cand_NSE_NIFTYBANK_INDEX_BREAKOUT_57753.60_20260903_103000_Structural_v3.2_RVOL0.8', 'experiment_name': 'Structural_v3.2_RVOL0.8', 'strategy_id': 'structural', 'version': 'v3.2'}
2026-09-03 10:35:25,402 - INFO - Resolved active expiry from DB: 26SEP (2026-09-29)
2026-09-03 10:35:25,419 - INFO - Resolved index signal into option contract: OptionContract(symbol='NSE:BANKNIFTY26SEP57600CE', strike=57600.0, expiry='26SEP', option_type='CE', premium=866.65, delta=0.5, bid=865.0, ask=866.55, volume=604830, resolved_at=datetime.datetime(2026, 9, 3, 10, 35, 25, 419647))
2026-09-03 10:35:25,419 - INFO - ⚡ Option strike selection resolved index signal to contract NSE:BANKNIFTY26SEP57600CE @ premium 866.65 (type: CE, strike: 57600.0)
2026-09-03 10:35:25,419 - INFO - 📊 EXECUTION AUDIT [STRIKE_SELECTED]: trade_id=None, candidate_id=cand_NSE_NIFTYBANK_INDEX_BREAKOUT_57753.60_20260903_103000_Structural_v3.2_RVOL0.8, payload={'symbol': 'NSE:BANKNIFTY26SEP57600CE', 'strike': 57600.0, 'expiry': '26SEP', 'type': 'CE'}
2026-09-03 10:35:25,433 - INFO - 📊 EXECUTION AUDIT [PREMIUM_RETRIEVED]: trade_id=None, candidate_id=cand_NSE_NIFTYBANK_INDEX_BREAKOUT_57753.60_20260903_103000_Structural_v3.2_RVOL0.8, payload={'premium': 866.65, 'bid': 865.0, 'ask': 866.55}
2026-09-03 10:35:25,449 - INFO - 📊 EXECUTION AUDIT [CF_SUBMITTED]: trade_id=None, candidate_id=cand_NSE_NIFTYBANK_INDEX_BREAKOUT_57753.60_20260903_103000_Structural_v3.2_RVOL0.8, payload={'price': 57604.7, 'sl': 57573.19821428571, 'tp': 57919.71785714285}
2026-09-03 10:35:25,463 - INFO - 📊 EXECUTION AUDIT [CF_FILLED]: trade_id=None, candidate_id=cand_NSE_NIFTYBANK_INDEX_BREAKOUT_57753.60_20260903_103000_Structural_v3.2_RVOL0.8, payload={'price': 57604.7, 'sl': 57573.19821428571, 'tp': 57919.71785714285}
2026-09-03 10:35:25,477 - INFO - 💰 Position size [BREAKOUT|GAP_UP_NORMAL|conf=70]: frac=0.003 → ₹5,000 (risk/unit=0.05%)
2026-09-03 10:35:25,507 - INFO - 🟢 ENTRY [CF|Structural_v3.2_RVOL0.8|uctural_v3.2_RVOL0.8]: NSE:NIFTYBANK-INDEX BUY CALL @ 57604.70 | SL: 57573.20 TP: 57919.72
2026-09-03 10:35:25,507 - INFO - 👻 [Structural_v3.3_ExitMgmt] CF BREAKOUT NSE:NIFTYBANK-INDEX BUY CALL | Rejected: ['BIAS_MISMATCH', 'LOW_EFFICIENCY']
2026-09-03 10:35:25,508 - INFO - 📊 EXECUTION AUDIT [SIGNAL_GENERATED]: trade_id=None, candidate_id=cand_NSE_NIFTYBANK_INDEX_BREAKOUT_57753.60_20260903_103000_Structural_v3.3_ExitMgmt, payload={'symbol': 'NSE:NIFTYBANK-INDEX', 'signal': 'BUY CALL', 'strategy': 'BREAKOUT', 'price': 57604.7, 'stop_loss': 57573.19821428571, 'take_profit': 57919.71785714285, 'tp1': 57651.952678571426, 'rr_ratio': 10.0, 'timestamp': '2026-09-03T10:30:00+05:30', 'accepted': False, 'rejection_reasons': ['BIAS_MISMATCH', 'LOW_EFFICIENCY'], 'features': {'date': '2026-09-03', 'strategy_name': 'Structural_v3', 'strategy_version': 'v3.2', 'feature_version': 'v1.1', 'market_regime': 'GAP_UP_NORMAL', 'day_type': 'NORMAL_DAY', 'session_type': 'MID', 'daily_bias': 'NEUTRAL', 'hourly_bias': 'NEUTRAL', 'trend_strength': 0.0, 'rvol': 1.1, 'rvol_threshold': 1.0, 'atr': 63.0, 'distance_from_supply': 399.53, 'distance_from_demand': 781.5, 'nearest_supply_strength': 84.0, 'nearest_demand_strength': 69.8, 'distance_to_liquidity_pool': 781.5, 'liquidity_score': 11.0, 'indicator_snapshot': {'rvol_tod': 1.1, 'is_compressed': False, 'bos_count': 0}, 'move_efficiency': 0.2843, 'wickiness': 0.2259, 'fft_score': 0.0, 'setup_type': 'BREAKOUT', 'candidate_id': 'cand_NSE_NIFTYBANK_INDEX_BREAKOUT_57753.60_20260903_103000', 'ema20': 57552.6, 'ema50': 57364.8, 'move_efficiency_h1': 0.4647, 'ema_bullish': True, 'rsi14': 49.42, 'rsi2': 0.0, 'distance_to_vwap': -0.0007, 'atr_percentile': 0.7544, 'dist_prev_high': 0.0067, 'dist_prev_low': 0.0138, 'adx': 47.54, 'adx_slope': -0.0916, 'gap_pct': 0.0057, 'regime_primary': 'GAP_UP', 'regime_vol_state': 'NORMAL'}, 'candidate_id': 'cand_NSE_NIFTYBANK_INDEX_BREAKOUT_57753.60_20260903_103000_Structural_v3.3_ExitMgmt', 'experiment_name': 'Structural_v3.3_ExitMgmt', 'strategy_id': 'structural', 'version': 'v3.2'}
2026-09-03 10:35:25,539 - INFO - Resolved active expiry from DB: 26SEP (2026-09-29)
2026-09-03 10:35:25,557 - INFO - Resolved index signal into option contract: OptionContract(symbol='NSE:BANKNIFTY26SEP57600CE', strike=57600.0, expiry='26SEP', option_type='CE', premium=866.65, delta=0.5, bid=865.0, ask=866.55, volume=604830, resolved_at=datetime.datetime(2026, 9, 3, 10, 35, 25, 557500))
2026-09-03 10:35:25,557 - INFO - ⚡ Option strike selection resolved index signal to contract NSE:BANKNIFTY26SEP57600CE @ premium 866.65 (type: CE, strike: 57600.0)
2026-09-03 10:35:25,557 - INFO - 📊 EXECUTION AUDIT [STRIKE_SELECTED]: trade_id=None, candidate_id=cand_NSE_NIFTYBANK_INDEX_BREAKOUT_57753.60_20260903_103000_Structural_v3.3_ExitMgmt, payload={'symbol': 'NSE:BANKNIFTY26SEP57600CE', 'strike': 57600.0, 'expiry': '26SEP', 'type': 'CE'}
2026-09-03 10:35:25,572 - INFO - 📊 EXECUTION AUDIT [PREMIUM_RETRIEVED]: trade_id=None, candidate_id=cand_NSE_NIFTYBANK_INDEX_BREAKOUT_57753.60_20260903_103000_Structural_v3.3_ExitMgmt, payload={'premium': 866.65, 'bid': 865.0, 'ask': 866.55}
2026-09-03 10:35:25,587 - INFO - 📊 EXECUTION AUDIT [CF_SUBMITTED]: trade_id=None, candidate_id=cand_NSE_NIFTYBANK_INDEX_BREAKOUT_57753.60_20260903_103000_Structural_v3.3_ExitMgmt, payload={'price': 57604.7, 'sl': 57573.19821428571, 'tp': 57919.71785714285}
2026-09-03 10:35:25,602 - INFO - 📊 EXECUTION AUDIT [CF_FILLED]: trade_id=None, candidate_id=cand_NSE_NIFTYBANK_INDEX_BREAKOUT_57753.60_20260903_103000_Structural_v3.3_ExitMgmt, payload={'price': 57604.7, 'sl': 57573.19821428571, 'tp': 57919.71785714285}
2026-09-03 10:35:25,616 - INFO - 💰 Position size [BREAKOUT|GAP_UP_NORMAL|conf=70]: frac=0.003 → ₹5,000 (risk/unit=0.05%)
2026-09-03 10:35:25,651 - INFO - 🟢 ENTRY [CF|Structural_v3.3_ExitMgmt|ctural_v3.3_ExitMgmt]: NSE:NIFTYBANK-INDEX BUY CALL @ 57604.70 | SL: 57573.20 TP: 57919.72
2026-09-03 10:35:25,651 - INFO - 👻 [VWAP_Reclaim_v1.0] CF VWAP_RECLAIM NSE:NIFTYBANK-INDEX BUY PUT | Rejected: ['LOW_EFFICIENCY']
2026-09-03 10:35:25,652 - INFO - 📊 EXECUTION AUDIT [SIGNAL_GENERATED]: trade_id=None, candidate_id=cand_NSE_NIFTYBANK_INDEX_VWAPRECLAIM_57604.70_20260903_103506_VWAP_Reclaim_v1.0, payload={'symbol': 'NSE:NIFTYBANK-INDEX', 'signal': 'BUY PUT', 'strategy': 'VWAP_RECLAIM', 'price': 57604.7, 'stop_loss': 57679.25, 'take_profit': 57289.7, 'tp1': 57492.87, 'rr_ratio': 4.23, 'timestamp': '2026-09-03T10:35:06.000594+05:30', 'accepted': False, 'rejection_reasons': ['LOW_EFFICIENCY'], 'candidate_id': 'cand_NSE_NIFTYBANK_INDEX_VWAPRECLAIM_57604.70_20260903_103506_VWAP_Reclaim_v1.0', 'confidence': 0.5, 'diagnostics': {'vwap_price': 57645.05, 'distance_to_vwap': -0.0007, 'reclaim_buffer': 6.3, 'rvol': 1.1, 'atr': 63.0, 'move_efficiency': 0.284}, 'experiment_name': 'VWAP_Reclaim_v1.0', 'strategy_id': 'vwap_reclaim', 'version': 'v1.0', 'features': {'regime_primary': 'GAP_UP', 'regime_vol_state': 'NORMAL', 'market_regime': 'GAP_UP_NORMAL'}}
2026-09-03 10:35:25,687 - INFO - Resolved active expiry from DB: 26SEP (2026-09-29)
2026-09-03 10:35:25,706 - INFO - Resolved index signal into option contract: OptionContract(symbol='NSE:BANKNIFTY26SEP57600PE', strike=57600.0, expiry='26SEP', option_type='PE', premium=544.65, delta=0.5, bid=544.3, ask=545.0, volume=686100, resolved_at=datetime.datetime(2026, 9, 3, 10, 35, 25, 706298))
2026-09-03 10:35:25,706 - INFO - ⚡ Option strike selection resolved index signal to contract NSE:BANKNIFTY26SEP57600PE @ premium 544.65 (type: PE, strike: 57600.0)
2026-09-03 10:35:25,706 - INFO - 📊 EXECUTION AUDIT [STRIKE_SELECTED]: trade_id=None, candidate_id=cand_NSE_NIFTYBANK_INDEX_VWAPRECLAIM_57604.70_20260903_103506_VWAP_Reclaim_v1.0, payload={'symbol': 'NSE:BANKNIFTY26SEP57600PE', 'strike': 57600.0, 'expiry': '26SEP', 'type': 'PE'}
2026-09-03 10:35:25,722 - INFO - 📊 EXECUTION AUDIT [PREMIUM_RETRIEVED]: trade_id=None, candidate_id=cand_NSE_NIFTYBANK_INDEX_VWAPRECLAIM_57604.70_20260903_103506_VWAP_Reclaim_v1.0, payload={'premium': 544.65, 'bid': 544.3, 'ask': 545.0}
2026-09-03 10:35:25,736 - INFO - 📊 EXECUTION AUDIT [CF_SUBMITTED]: trade_id=None, candidate_id=cand_NSE_NIFTYBANK_INDEX_VWAPRECLAIM_57604.70_20260903_103506_VWAP_Reclaim_v1.0, payload={'price': 57604.7, 'sl': 57679.25, 'tp': 57289.7}
2026-09-03 10:35:25,749 - INFO - 📊 EXECUTION AUDIT [CF_FILLED]: trade_id=None, candidate_id=cand_NSE_NIFTYBANK_INDEX_VWAPRECLAIM_57604.70_20260903_103506_VWAP_Reclaim_v1.0, payload={'price': 57604.7, 'sl': 57679.25, 'tp': 57289.7}
2026-09-03 10:35:25,764 - INFO - 💰 Position size [VWAP_RECLAIM|GAP_UP_NORMAL|conf=0]: frac=0.002 → ₹5,000 (risk/unit=0.13%)
2026-09-03 10:35:25,800 - INFO - 🟢 ENTRY [CF|VWAP_Reclaim_v1.0|06_VWAP_Reclaim_v1.0]: NSE:NIFTYBANK-INDEX BUY PUT @ 57604.70 | SL: 57679.25 TP: 57289.70
2026-09-03 10:35:25,800 - INFO - 🧭 [IronCondor_v1.0] Regime router: NSE:NIFTYBANK-INDEX combo blocked from REAL capital (regime=GAP_UP_NORMAL) — routed to CF
2026-09-03 10:35:25,822 - INFO - Resolved active expiry from DB: 26SEP (2026-09-29)
2026-09-03 10:35:25,895 - INFO - Resolved IRON_CONDOR for NSE:NIFTYBANK-INDEX: [('PE', 'SELL', 57500.0), ('PE', 'BUY', 57300.0), ('CE', 'SELL', 57700.0), ('CE', 'BUY', 57900.0)] net_premium=-180.25 max_loss=19.75
2026-09-03 10:35:25,925 - INFO - 🟢 CF COMBO ENTRY [IronCondor_v1.0|3506_IronCondor_v1.0]: NSE:NIFTYBANK-INDEX IRON_CONDOR | Net premium: -180.25 | Max loss: 19.75
2026-09-03 10:35:25,925 - INFO - 👻 [Butterfly_v1.0] CF COMBO BUTTERFLY_SPREAD NSE:NIFTYBANK-INDEX BUTTERFLY_SPREAD | Rejected: ['COOLDOWN_AFTER_LOSS']
2026-09-03 10:35:25,942 - INFO - Resolved active expiry from DB: 26SEP (2026-09-29)
2026-09-03 10:35:26,017 - INFO - Resolved BUTTERFLY_SPREAD for NSE:NIFTYBANK-INDEX: [('CE', 'BUY', 57400.0), ('CE', 'SELL', 57600.0), ('CE', 'SELL', 57600.0), ('CE', 'BUY', 57800.0)] net_premium=14.90 max_loss=14.90
2026-09-03 10:35:26,049 - INFO - 🟢 CF COMBO ENTRY [Butterfly_v1.0|03506_Butterfly_v1.0]: NSE:NIFTYBANK-INDEX BUTTERFLY_SPREAD | Net premium: 14.90 | Max loss: 14.90
2026-09-03 10:35:26,050 - INFO - 🧭 [IronButterfly_v1.0] Regime router: NSE:NIFTYBANK-INDEX combo blocked from REAL capital (regime=GAP_UP_NORMAL) — routed to CF
2026-09-03 10:35:26,064 - INFO - Resolved active expiry from DB: 26SEP (2026-09-29)
2026-09-03 10:35:26,141 - INFO - Resolved IRON_BUTTERFLY for NSE:NIFTYBANK-INDEX: [('PE', 'SELL', 57600.0), ('CE', 'SELL', 57600.0), ('PE', 'BUY', 57200.0), ('CE', 'BUY', 58000.0)] net_premium=-361.75 max_loss=38.25
2026-09-03 10:35:26,173 - INFO - 🟢 CF COMBO ENTRY [IronButterfly_v1.0|6_IronButterfly_v1.0]: NSE:NIFTYBANK-INDEX IRON_BUTTERFLY | Net premium: -361.75 | Max loss: 38.25
2026-09-03 10:35:26,174 - INFO - 🧭 [ExpiryAwareTheta_v1.0] Regime router: NSE:NIFTYBANK-INDEX combo blocked from REAL capital (regime=GAP_UP_NORMAL) — routed to CF
2026-09-03 10:35:26,190 - INFO - Resolved active expiry from DB: 26SEP (2026-09-29)
2026-09-03 10:35:26,261 - INFO - Resolved IRON_CONDOR for NSE:NIFTYBANK-INDEX: [('PE', 'SELL', 57500.0), ('PE', 'BUY', 57300.0), ('CE', 'SELL', 57700.0), ('CE', 'BUY', 57900.0)] net_premium=-180.25 max_loss=19.75
2026-09-03 10:35:26,293 - INFO - 🟢 CF COMBO ENTRY [ExpiryAwareTheta_v1.0|xpiryAwareTheta_v1.0]: NSE:NIFTYBANK-INDEX IRON_CONDOR | Net premium: -180.25 | Max loss: 19.75
2026-09-03 10:35:35,298 - INFO - ⏱️ [Real-time Exit Loop] Checking open positions @ 10:35:35...
2026-09-03 10:35:36,383 - INFO - 📊 EXECUTION AUDIT [CF_SL_MODIFIED]: trade_id=None, candidate_id=cand_NSE_NIFTYBANK_INDEX_BREAKOUT_57023.95_20260903_094500_Structural_v3.3_ExitMgmt, payload={'price': 57604.3, 'old_sl': 57702.815, 'new_sl': 57698.8, 'old_tp': None, 'new_tp': 57272.853571428575, 'reason': 'TRAILING_SL'}
2026-09-03 10:35:36,440 - INFO - 🟡 UPDATE (TRAILING_SL) [CFStructural_v3.3_ExitMgmt|ctural_v3.3_ExitMgmt]: NSE:NIFTYBANK-INDEX @ 57604.30 | SL→57698.80 TP→57272.85
2026-09-03 10:35:36,441 - INFO - 📊 EXECUTION AUDIT [CF_SL_MODIFIED]: trade_id=None, candidate_id=cand_NSE_NIFTY50_INDEX_TRENDLINE_RETEST_24005.50_202609030955_Geometry_v1.0_Score35, payload={'price': 23976.75, 'old_sl': 23993.95, 'new_sl': 23993.05, 'old_tp': None, 'new_tp': 23966.300000000003, 'reason': 'TRAILING_SL'}
2026-09-03 10:35:36,482 - INFO - 🟡 UPDATE (TRAILING_SL) [CFGeometry_v1.0_Score35|eometry_v1.0_Score35]: NSE:NIFTY50-INDEX @ 23976.75 | SL→23993.05 TP→23966.30
2026-09-03 10:35:36,482 - INFO - 📊 EXECUTION AUDIT [CF_SL_MODIFIED]: trade_id=None, candidate_id=cand_NSE_NIFTY50_INDEX_TRENDLINE_RETEST_24005.50_202609030955_Geometry_v1.0_Score50, payload={'price': 23976.75, 'old_sl': 23993.95, 'new_sl': 23993.05, 'old_tp': None, 'new_tp': 23966.300000000003, 'reason': 'TRAILING_SL'}
2026-09-03 10:35:36,529 - INFO - 🟡 UPDATE (TRAILING_SL) [CFGeometry_v1.0_Score50|eometry_v1.0_Score50]: NSE:NIFTY50-INDEX @ 23976.75 | SL→23993.05 TP→23966.30
2026-09-03 10:35:36,529 - INFO - 📊 EXECUTION AUDIT [CF_SL_MODIFIED]: trade_id=None, candidate_id=cand_NSE_NIFTY50_INDEX_BREAKOUT_23851.90_20260903_100000_Structural_v3.3_ExitMgmt, payload={'price': 23976.75, 'old_sl': 24002.640000000003, 'new_sl': 23999.625, 'old_tp': None, 'new_tp': 23887.335714285713, 'reason': 'TRAILING_SL'}
2026-09-03 10:35:36,571 - INFO - 🟡 UPDATE (TRAILING_SL) [CFStructural_v3.3_ExitMgmt|ctural_v3.3_ExitMgmt]: NSE:NIFTY50-INDEX @ 23976.75 | SL→23999.62 TP→23887.34
2026-09-03 10:35:36,571 - INFO - 📊 EXECUTION AUDIT [CF_SL_MODIFIED]: trade_id=None, candidate_id=cand_NSE_NIFTY50_INDEX_VWAPRECLAIM_23984.70_20260903_103005_VWAP_Reclaim_v1.0, payload={'price': 23976.75, 'old_sl': 23996.5, 'new_sl': 23995.6, 'old_tp': None, 'new_tp': 23901.4, 'reason': 'TRAILING_SL'}
2026-09-03 10:35:36,614 - INFO - 🟡 UPDATE (TRAILING_SL) [CFVWAP_Reclaim_v1.0|05_VWAP_Reclaim_v1.0]: NSE:NIFTY50-INDEX @ 23976.75 | SL→23995.60 TP→23901.40
2026-09-03 10:35:36,614 - INFO - 📊 EXECUTION AUDIT [CF_SL_MODIFIED]: trade_id=None, candidate_id=cand_NSE_NIFTY50_INDEX_BREAKOUT_23851.90_20260903_103000_Structural_v3.2_RVOL1.0, payload={'price': 23976.75, 'old_sl': 23985.476785714283, 'new_sl': 23984.376785714285, 'old_tp': None, 'new_tp': 23901.58214285714, 'reason': 'TRAILING_SL'}
2026-09-03 10:35:36,657 - INFO - 🟡 UPDATE (TRAILING_SL) [CFStructural_v3.2_RVOL1.0|uctural_v3.2_RVOL1.0]: NSE:NIFTY50-INDEX @ 23976.75 | SL→23984.38 TP→23901.58
2026-09-03 10:35:36,658 - INFO - 📊 EXECUTION AUDIT [CF_SL_MODIFIED]: trade_id=None, candidate_id=cand_NSE_NIFTY50_INDEX_BREAKOUT_23851.90_20260903_103000_Structural_v3.2_RVOL0.8, payload={'price': 23976.75, 'old_sl': 23985.476785714283, 'new_sl': 23984.376785714285, 'old_tp': None, 'new_tp': 23901.58214285714, 'reason': 'TRAILING_SL'}
2026-09-03 10:35:36,700 - INFO - 🟡 UPDATE (TRAILING_SL) [CFStructural_v3.2_RVOL0.8|uctural_v3.2_RVOL0.8]: NSE:NIFTY50-INDEX @ 23976.75 | SL→23984.38 TP→23901.58
2026-09-03 10:35:36,701 - INFO - 📊 EXECUTION AUDIT [CF_SL_MODIFIED]: trade_id=None, candidate_id=cand_NSE_NIFTYBANK_INDEX_VWAPRECLAIM_57604.70_20260903_103506_VWAP_Reclaim_v1.0, payload={'price': 57604.3, 'old_sl': 57679.25, 'new_sl': 57678.850000000006, 'old_tp': None, 'new_tp': 57289.7, 'reason': 'TRAILING_SL'}
2026-09-03 10:35:36,741 - INFO - 🟡 UPDATE (TRAILING_SL) [CFVWAP_Reclaim_v1.0|06_VWAP_Reclaim_v1.0]: NSE:NIFTYBANK-INDEX @ 57604.30 | SL→57678.85 TP→57289.70
2026-09-03 10:35:37,389 - INFO - Retrieved live premium from Fyers API: LTP=22.0 for NSE:NIFTY2690823700PE
2026-09-03 10:35:38,400 - INFO - Retrieved live premium from Fyers API: LTP=347.0 for NSE:BANKNIFTY26SEP57000PE
2026-09-03 10:35:39,409 - INFO - Retrieved live premium from Fyers API: LTP=347.0 for NSE:BANKNIFTY26SEP57000PE
2026-09-03 10:35:40,421 - INFO - Retrieved live premium from Fyers API: LTP=321.45 for NSE:BANKNIFTY26SEP56900PE
2026-09-03 10:35:41,438 - INFO - Retrieved live premium from Fyers API: LTP=297.2 for NSE:BANKNIFTY26SEP56800PE
2026-09-03 10:35:42,434 - INFO - Retrieved live premium from Fyers API: LTP=321.45 for NSE:BANKNIFTY26SEP56900PE
2026-09-03 10:35:45,151 - INFO - 📊 Saved 22 snapshots for NSE:NIFTYBANK-INDEX  (oi range: 57,840–1,979,550)
2026-09-03 10:35:46,020 - INFO - 🔴 CF COMBO EXIT (STOP_R) [Butterfly_v1.0|03506_Butterfly_v1.0]: NSE:NIFTYBANK-INDEX BUTTERFLY_SPREAD | PnL -0.85R | 0min
2026-09-03 10:35:46,234 - INFO - 📡 Fetching NSE:NIFTY50-INDEX @ 23976  expiry=26908  strikes=ATM±5
2026-09-03 10:36:05,204 - INFO - ⏱️ [Real-time Exit Loop] Checking open positions @ 10:36:05...
2026-09-03 10:36:06,301 - INFO - 📊 EXECUTION AUDIT [CF_SL_MODIFIED]: trade_id=None, candidate_id=cand_NSE_NIFTYBANK_INDEX_BREAKOUT_57753.60_20260903_103000_Structural_v3.2_RVOL1.0, payload={'price': 57609.55, 'old_sl': 57573.19821428571, 'new_sl': 57578.048214285714, 'old_tp': None, 'new_tp': 57919.71785714285, 'reason': 'TRAILING_SL'}
2026-09-03 10:36:06,349 - INFO - 🟡 UPDATE (TRAILING_SL) [CFStructural_v3.2_RVOL1.0|uctural_v3.2_RVOL1.0]: NSE:NIFTYBANK-INDEX @ 57609.55 | SL→57578.05 TP→57919.72
2026-09-03 10:36:06,349 - INFO - 📊 EXECUTION AUDIT [CF_SL_MODIFIED]: trade_id=None, candidate_id=cand_NSE_NIFTYBANK_INDEX_BREAKOUT_57753.60_20260903_103000_Structural_v3.2_RVOL0.8, payload={'price': 57609.55, 'old_sl': 57573.19821428571, 'new_sl': 57578.048214285714, 'old_tp': None, 'new_tp': 57919.71785714285, 'reason': 'TRAILING_SL'}
2026-09-03 10:36:06,384 - INFO - 🟡 UPDATE (TRAILING_SL) [CFStructural_v3.2_RVOL0.8|uctural_v3.2_RVOL0.8]: NSE:NIFTYBANK-INDEX @ 57609.55 | SL→57578.05 TP→57919.72
2026-09-03 10:36:07,310 - INFO - Retrieved live premium from Fyers API: LTP=22.15 for NSE:NIFTY2690823700PE
2026-09-03 10:36:08,315 - INFO - Retrieved live premium from Fyers API: LTP=348.0 for NSE:BANKNIFTY26SEP57000PE
2026-09-03 10:36:09,298 - INFO - Retrieved live premium from Fyers API: LTP=348.0 for NSE:BANKNIFTY26SEP57000PE
2026-09-03 10:36:10,331 - INFO - Retrieved live premium from Fyers API: LTP=320.75 for NSE:BANKNIFTY26SEP56900PE
2026-09-03 10:36:11,320 - INFO - Retrieved live premium from Fyers API: LTP=297.8 for NSE:BANKNIFTY26SEP56800PE
2026-09-03 10:36:12,340 - INFO - Retrieved live premium from Fyers API: LTP=320.85 for NSE:BANKNIFTY26SEP56900PE
2026-09-03 10:36:15,624 - INFO - 📊 Saved 22 snapshots for NSE:NIFTY50-INDEX  (oi range: 356,200–12,995,125)
2026-09-03 10:36:17,735 - INFO - 📡 Fetching NSE:NIFTYBANK-INDEX @ 57598  expiry=26SEP  strikes=ATM±5
2026-09-03 10:36:35,955 - INFO - ⏱️ [Real-time Exit Loop] Checking open positions @ 10:36:35...
2026-09-03 10:36:37,056 - INFO - 📊 EXECUTION AUDIT [CF_SL_MODIFIED]: trade_id=None, candidate_id=cand_NSE_NIFTYBANK_INDEX_BREAKOUT_57023.95_20260903_094500_Structural_v3.3_ExitMgmt, payload={'price': 57581.25, 'old_sl': 57698.8, 'new_sl': 57675.75, 'old_tp': None, 'new_tp': 57272.853571428575, 'reason': 'TRAILING_SL'}
2026-09-03 10:36:37,107 - INFO - 🟡 UPDATE (TRAILING_SL) [CFStructural_v3.3_ExitMgmt|ctural_v3.3_ExitMgmt]: NSE:NIFTYBANK-INDEX @ 57581.25 | SL→57675.75 TP→57272.85
2026-09-03 10:36:37,107 - INFO - 📊 EXECUTION AUDIT [CF_SL_MODIFIED]: trade_id=None, candidate_id=cand_NSE_NIFTY50_INDEX_TRENDLINE_RETEST_24005.50_202609030955_Geometry_v1.0_Score35, payload={'price': 23971.25, 'old_sl': 23993.05, 'new_sl': 23987.55, 'old_tp': None, 'new_tp': 23966.300000000003, 'reason': 'TRAILING_SL'}
2026-09-03 10:36:37,148 - INFO - 🟡 UPDATE (TRAILING_SL) [CFGeometry_v1.0_Score35|eometry_v1.0_Score35]: NSE:NIFTY50-INDEX @ 23971.25 | SL→23987.55 TP→23966.30
2026-09-03 10:36:37,148 - INFO - 📊 EXECUTION AUDIT [CF_SL_MODIFIED]: trade_id=None, candidate_id=cand_NSE_NIFTY50_INDEX_TRENDLINE_RETEST_24005.50_202609030955_Geometry_v1.0_Score50, payload={'price': 23971.25, 'old_sl': 23993.05, 'new_sl': 23987.55, 'old_tp': None, 'new_tp': 23966.300000000003, 'reason': 'TRAILING_SL'}
2026-09-03 10:36:37,188 - INFO - 🟡 UPDATE (TRAILING_SL) [CFGeometry_v1.0_Score50|eometry_v1.0_Score50]: NSE:NIFTY50-INDEX @ 23971.25 | SL→23987.55 TP→23966.30
2026-09-03 10:36:37,189 - INFO - 📊 EXECUTION AUDIT [CF_SL_MODIFIED]: trade_id=None, candidate_id=cand_NSE_NIFTY50_INDEX_BREAKOUT_23851.90_20260903_100000_Structural_v3.3_ExitMgmt, payload={'price': 23971.25, 'old_sl': 23999.625, 'new_sl': 23994.125, 'old_tp': None, 'new_tp': 23887.335714285713, 'reason': 'TRAILING_SL'}
2026-09-03 10:36:37,229 - INFO - 🟡 UPDATE (TRAILING_SL) [CFStructural_v3.3_ExitMgmt|ctural_v3.3_ExitMgmt]: NSE:NIFTY50-INDEX @ 23971.25 | SL→23994.12 TP→23887.34
2026-09-03 10:36:37,229 - INFO - 📊 EXECUTION AUDIT [CF_SL_MODIFIED]: trade_id=None, candidate_id=cand_NSE_NIFTY50_INDEX_VWAPRECLAIM_23984.70_20260903_103005_VWAP_Reclaim_v1.0, payload={'price': 23971.25, 'old_sl': 23995.6, 'new_sl': 23990.1, 'old_tp': None, 'new_tp': 23901.4, 'reason': 'TRAILING_SL'}
2026-09-03 10:36:37,271 - INFO - 🟡 UPDATE (TRAILING_SL) [CFVWAP_Reclaim_v1.0|05_VWAP_Reclaim_v1.0]: NSE:NIFTY50-INDEX @ 23971.25 | SL→23990.10 TP→23901.40
2026-09-03 10:36:37,271 - INFO - 📊 EXECUTION AUDIT [CF_SL_MODIFIED]: trade_id=None, candidate_id=cand_NSE_NIFTY50_INDEX_BREAKOUT_23851.90_20260903_103000_Structural_v3.2_RVOL1.0, payload={'price': 23971.25, 'old_sl': 23984.376785714285, 'new_sl': 23978.876785714285, 'old_tp': None, 'new_tp': 23901.58214285714, 'reason': 'TRAILING_SL'}
2026-09-03 10:36:37,313 - INFO - 🟡 UPDATE (TRAILING_SL) [CFStructural_v3.2_RVOL1.0|uctural_v3.2_RVOL1.0]: NSE:NIFTY50-INDEX @ 23971.25 | SL→23978.88 TP→23901.58
2026-09-03 10:36:37,313 - INFO - 📊 EXECUTION AUDIT [CF_SL_MODIFIED]: trade_id=None, candidate_id=cand_NSE_NIFTY50_INDEX_BREAKOUT_23851.90_20260903_103000_Structural_v3.2_RVOL0.8, payload={'price': 23971.25, 'old_sl': 23984.376785714285, 'new_sl': 23978.876785714285, 'old_tp': None, 'new_tp': 23901.58214285714, 'reason': 'TRAILING_SL'}
2026-09-03 10:36:37,359 - INFO - 🟡 UPDATE (TRAILING_SL) [CFStructural_v3.2_RVOL0.8|uctural_v3.2_RVOL0.8]: NSE:NIFTY50-INDEX @ 23971.25 | SL→23978.88 TP→23901.58
2026-09-03 10:36:37,359 - INFO - 📊 EXECUTION AUDIT [CF_SL_MODIFIED]: trade_id=None, candidate_id=cand_NSE_NIFTYBANK_INDEX_VWAPRECLAIM_57604.70_20260903_103506_VWAP_Reclaim_v1.0, payload={'price': 57581.25, 'old_sl': 57678.850000000006, 'new_sl': 57655.8, 'old_tp': None, 'new_tp': 57289.7, 'reason': 'TRAILING_SL'}
2026-09-03 10:36:37,400 - INFO - 🟡 UPDATE (TRAILING_SL) [CFVWAP_Reclaim_v1.0|06_VWAP_Reclaim_v1.0]: NSE:NIFTYBANK-INDEX @ 57581.25 | SL→57655.80 TP→57289.70
2026-09-03 10:36:38,053 - INFO - Retrieved live premium from Fyers API: LTP=23.05 for NSE:NIFTY2690823700PE
2026-09-03 10:36:39,100 - INFO - Retrieved live premium from Fyers API: LTP=351.35 for NSE:BANKNIFTY26SEP57000PE
2026-09-03 10:36:40,095 - INFO - Retrieved live premium from Fyers API: LTP=352.5 for NSE:BANKNIFTY26SEP57000PE
2026-09-03 10:36:41,105 - INFO - Retrieved live premium from Fyers API: LTP=325.95 for NSE:BANKNIFTY26SEP56900PE
2026-09-03 10:36:42,086 - INFO - Retrieved live premium from Fyers API: LTP=300.0 for NSE:BANKNIFTY26SEP56800PE
2026-09-03 10:36:43,114 - INFO - Retrieved live premium from Fyers API: LTP=325.95 for NSE:BANKNIFTY26SEP56900PE
2026-09-03 10:36:47,229 - INFO - 📊 Saved 22 snapshots for NSE:NIFTYBANK-INDEX  (oi range: 57,840–1,978,770)
2026-09-03 10:36:48,354 - INFO - 📡 Fetching NSE:NIFTY50-INDEX @ 23969  expiry=26908  strikes=ATM±5
2026-09-03 10:37:05,026 - INFO - ⏱️ [Real-time Exit Loop] Checking open positions @ 10:37:05...
2026-09-03 10:37:06,134 - INFO - 📊 EXECUTION AUDIT [CF_SL_MODIFIED]: trade_id=None, candidate_id=cand_NSE_NIFTYBANK_INDEX_BREAKOUT_57023.95_20260903_094500_Structural_v3.3_ExitMgmt, payload={'price': 57573.0, 'old_sl': 57675.75, 'new_sl': 57667.5, 'old_tp': None, 'new_tp': 57272.853571428575, 'reason': 'TRAILING_SL'}
2026-09-03 10:37:06,181 - INFO - 🟡 UPDATE (TRAILING_SL) [CFStructural_v3.3_ExitMgmt|ctural_v3.3_ExitMgmt]: NSE:NIFTYBANK-INDEX @ 57573.00 | SL→57667.50 TP→57272.85
2026-09-03 10:37:06,181 - INFO - 📊 EXECUTION AUDIT [CF_SL_MODIFIED]: trade_id=None, candidate_id=cand_NSE_NIFTY50_INDEX_TRENDLINE_RETEST_24005.50_202609030955_Geometry_v1.0_Score35, payload={'price': 23968.3, 'old_sl': 23987.55, 'new_sl': 23984.6, 'old_tp': None, 'new_tp': 23966.300000000003, 'reason': 'TRAILING_SL'}
2026-09-03 10:37:06,223 - INFO - 🟡 UPDATE (TRAILING_SL) [CFGeometry_v1.0_Score35|eometry_v1.0_Score35]: NSE:NIFTY50-INDEX @ 23968.30 | SL→23984.60 TP→23966.30
2026-09-03 10:37:06,223 - INFO - 📊 EXECUTION AUDIT [CF_SL_MODIFIED]: trade_id=None, candidate_id=cand_NSE_NIFTY50_INDEX_TRENDLINE_RETEST_24005.50_202609030955_Geometry_v1.0_Score50, payload={'price': 23968.3, 'old_sl': 23987.55, 'new_sl': 23984.6, 'old_tp': None, 'new_tp': 23966.300000000003, 'reason': 'TRAILING_SL'}
2026-09-03 10:37:06,264 - INFO - 🟡 UPDATE (TRAILING_SL) [CFGeometry_v1.0_Score50|eometry_v1.0_Score50]: NSE:NIFTY50-INDEX @ 23968.30 | SL→23984.60 TP→23966.30
2026-09-03 10:37:06,264 - INFO - 📊 EXECUTION AUDIT [CF_SL_MODIFIED]: trade_id=None, candidate_id=cand_NSE_NIFTY50_INDEX_BREAKOUT_23851.90_20260903_100000_Structural_v3.3_ExitMgmt, payload={'price': 23968.3, 'old_sl': 23994.125, 'new_sl': 23991.175, 'old_tp': None, 'new_tp': 23887.335714285713, 'reason': 'TRAILING_SL'}
2026-09-03 10:37:06,300 - INFO - 🟡 UPDATE (TRAILING_SL) [CFStructural_v3.3_ExitMgmt|ctural_v3.3_ExitMgmt]: NSE:NIFTY50-INDEX @ 23968.30 | SL→23991.17 TP→23887.34
2026-09-03 10:37:06,300 - INFO - 📊 EXECUTION AUDIT [CF_SL_MODIFIED]: trade_id=None, candidate_id=cand_NSE_NIFTY50_INDEX_VWAPRECLAIM_23984.70_20260903_103005_VWAP_Reclaim_v1.0, payload={'price': 23968.3, 'old_sl': 23990.1, 'new_sl': 23987.149999999998, 'old_tp': None, 'new_tp': 23901.4, 'reason': 'TRAILING_SL'}
2026-09-03 10:37:06,341 - INFO - 🟡 UPDATE (TRAILING_SL) [CFVWAP_Reclaim_v1.0|05_VWAP_Reclaim_v1.0]: NSE:NIFTY50-INDEX @ 23968.30 | SL→23987.15 TP→23901.40
2026-09-03 10:37:06,341 - INFO - 📊 EXECUTION AUDIT [CF_SL_MODIFIED]: trade_id=None, candidate_id=cand_NSE_NIFTY50_INDEX_BREAKOUT_23851.90_20260903_103000_Structural_v3.2_RVOL1.0, payload={'price': 23968.3, 'old_sl': 23978.876785714285, 'new_sl': 23975.926785714284, 'old_tp': None, 'new_tp': 23901.58214285714, 'reason': 'TRAILING_SL'}
2026-09-03 10:37:06,383 - INFO - 🟡 UPDATE (TRAILING_SL) [CFStructural_v3.2_RVOL1.0|uctural_v3.2_RVOL1.0]: NSE:NIFTY50-INDEX @ 23968.30 | SL→23975.93 TP→23901.58
2026-09-03 10:37:06,383 - INFO - 📊 EXECUTION AUDIT [CF_SL_MODIFIED]: trade_id=None, candidate_id=cand_NSE_NIFTY50_INDEX_BREAKOUT_23851.90_20260903_103000_Structural_v3.2_RVOL0.8, payload={'price': 23968.3, 'old_sl': 23978.876785714285, 'new_sl': 23975.926785714284, 'old_tp': None, 'new_tp': 23901.58214285714, 'reason': 'TRAILING_SL'}
2026-09-03 10:37:06,423 - INFO - 🟡 UPDATE (TRAILING_SL) [CFStructural_v3.2_RVOL0.8|uctural_v3.2_RVOL0.8]: NSE:NIFTY50-INDEX @ 23968.30 | SL→23975.93 TP→23901.58
2026-09-03 10:37:06,424 - INFO - 📊 EXECUTION AUDIT [CF_EXITED]: trade_id=None, candidate_id=cand_NSE_NIFTYBANK_INDEX_BREAKOUT_57753.60_20260903_103000_Structural_v3.2_RVOL1.0, payload={'exit_price': 57573.0, 'exit_reason': 'TRAILING_SL', 'pnl_r': -0.023599330679129803, 'duration_minutes': 1.9837653166666667, 'bars_held': 0}
2026-09-03 10:37:06,465 - INFO - 🔴 EXIT (TRAILING_SL) [CFStructural_v3.2_RVOL1.0|uctural_v3.2_RVOL1.0]: NSE:NIFTYBANK-INDEX @ 57573.00 | PnL -0.02R | MFE 0.15R | Capture -15% | 0bars HoldEff -0.024R/bar
2026-09-03 10:37:06,465 - INFO - 📊 EXECUTION AUDIT [CF_EXITED]: trade_id=None, candidate_id=cand_NSE_NIFTYBANK_INDEX_BREAKOUT_57753.60_20260903_103000_Structural_v3.2_RVOL0.8, payload={'exit_price': 57573.0, 'exit_reason': 'TRAILING_SL', 'pnl_r': -0.023599330679129803, 'duration_minutes': 1.9837653166666667, 'bars_held': 0}
2026-09-03 10:37:06,510 - INFO - 🔴 EXIT (TRAILING_SL) [CFStructural_v3.2_RVOL0.8|uctural_v3.2_RVOL0.8]: NSE:NIFTYBANK-INDEX @ 57573.00 | PnL -0.02R | MFE 0.15R | Capture -15% | 0bars HoldEff -0.024R/bar
2026-09-03 10:37:06,510 - INFO - 📊 EXECUTION AUDIT [CF_EXITED]: trade_id=None, candidate_id=cand_NSE_NIFTYBANK_INDEX_BREAKOUT_57753.60_20260903_103000_Structural_v3.3_ExitMgmt, payload={'exit_price': 57573.0, 'exit_reason': 'INITIAL_SL', 'pnl_r': -0.023599330679129803, 'duration_minutes': 1.9837653166666667, 'bars_held': 0}
2026-09-03 10:37:06,558 - INFO - 🔴 EXIT (INITIAL_SL) [CFStructural_v3.3_ExitMgmt|ctural_v3.3_ExitMgmt]: NSE:NIFTYBANK-INDEX @ 57573.00 | PnL -0.02R | MFE 0.15R | Capture -15% | 0bars HoldEff -0.024R/bar
2026-09-03 10:37:06,558 - INFO - 📊 EXECUTION AUDIT [CF_SL_MODIFIED]: trade_id=None, candidate_id=cand_NSE_NIFTYBANK_INDEX_VWAPRECLAIM_57604.70_20260903_103506_VWAP_Reclaim_v1.0, payload={'price': 57573.0, 'old_sl': 57655.8, 'new_sl': 57647.55, 'old_tp': None, 'new_tp': 57289.7, 'reason': 'TRAILING_SL'}
2026-09-03 10:37:06,601 - INFO - 🟡 UPDATE (TRAILING_SL) [CFVWAP_Reclaim_v1.0|06_VWAP_Reclaim_v1.0]: NSE:NIFTYBANK-INDEX @ 57573.00 | SL→57647.55 TP→57289.70
2026-09-03 10:37:07,129 - INFO - Retrieved live premium from Fyers API: LTP=23.65 for NSE:NIFTY2690823700PE
2026-09-03 10:37:08,169 - INFO - Retrieved live premium from Fyers API: LTP=353.75 for NSE:BANKNIFTY26SEP57000PE
2026-09-03 10:37:09,160 - INFO - Retrieved live premium from Fyers API: LTP=352.65 for NSE:BANKNIFTY26SEP57000PE
2026-09-03 10:37:10,158 - INFO - Retrieved live premium from Fyers API: LTP=325.95 for NSE:BANKNIFTY26SEP56900PE
2026-09-03 10:37:11,160 - INFO - Retrieved live premium from Fyers API: LTP=301.0 for NSE:BANKNIFTY26SEP56800PE
2026-09-03 10:37:12,162 - INFO - Retrieved live premium from Fyers API: LTP=325.95 for NSE:BANKNIFTY26SEP56900PE
2026-09-03 10:37:18,052 - INFO - 📊 Saved 22 snapshots for NSE:NIFTY50-INDEX  (oi range: 356,460–12,315,680)
2026-09-03 10:37:20,171 - INFO - 📡 Fetching NSE:NIFTYBANK-INDEX @ 57572  expiry=26SEP  strikes=ATM±5
2026-09-03 10:37:35,776 - INFO - ⏱️ [Real-time Exit Loop] Checking open positions @ 10:37:35...
2026-09-03 10:37:36,889 - INFO - 📊 EXECUTION AUDIT [CF_EXITED]: trade_id=None, candidate_id=cand_NSE_NIFTYBANK_INDEX_GAP_AND_GO_57652.65_20260903_093940_GapRegime_v2.0, payload={'exit_price': 57566.25, 'exit_reason': 'TRAILING_SL', 'pnl_r': -0.06209926383281889, 'duration_minutes': 57.9259622, 'bars_held': 10}
2026-09-03 10:37:36,941 - INFO - 🔴 EXIT (TRAILING_SL) [CFGapRegime_v2.0|93940_GapRegime_v2.0]: NSE:NIFTYBANK-INDEX @ 57566.25 | PnL -0.06R | MFE 0.50R | Capture -12% | 10bars HoldEff -0.006R/bar
2026-09-03 10:37:36,941 - INFO - 📊 EXECUTION AUDIT [CF_SL_MODIFIED]: trade_id=None, candidate_id=cand_NSE_NIFTYBANK_INDEX_BREAKOUT_57023.95_20260903_094500_Structural_v3.3_ExitMgmt, payload={'price': 57566.25, 'old_sl': 57667.5, 'new_sl': 57660.75, 'old_tp': None, 'new_tp': 57272.853571428575, 'reason': 'TRAILING_SL'}
2026-09-03 10:37:36,983 - INFO - 🟡 UPDATE (TRAILING_SL) [CFStructural_v3.3_ExitMgmt|ctural_v3.3_ExitMgmt]: NSE:NIFTYBANK-INDEX @ 57566.25 | SL→57660.75 TP→57272.85
2026-09-03 10:37:36,983 - INFO - 📊 EXECUTION AUDIT [CF_TP_EXPANDED]: trade_id=None, candidate_id=cand_NSE_NIFTY50_INDEX_TRENDLINE_RETEST_24005.50_202609030955_Geometry_v1.0_Score35, payload={'price': 23965.2, 'old_sl': 23984.6, 'new_sl': 23981.5, 'old_tp': 23966.300000000003, 'new_tp': 23950.000000000004, 'reason': 'TP_EXPANSION'}
2026-09-03 10:37:37,024 - INFO - 🟡 UPDATE (TP_EXPANSION) [CFGeometry_v1.0_Score35|eometry_v1.0_Score35]: NSE:NIFTY50-INDEX @ 23965.20 | SL→23981.50 TP→23950.00
2026-09-03 10:37:37,024 - INFO - 📊 EXECUTION AUDIT [CF_TP_EXPANDED]: trade_id=None, candidate_id=cand_NSE_NIFTY50_INDEX_TRENDLINE_RETEST_24005.50_202609030955_Geometry_v1.0_Score50, payload={'price': 23965.2, 'old_sl': 23984.6, 'new_sl': 23981.5, 'old_tp': 23966.300000000003, 'new_tp': 23950.000000000004, 'reason': 'TP_EXPANSION'}
2026-09-03 10:37:37,065 - INFO - 🟡 UPDATE (TP_EXPANSION) [CFGeometry_v1.0_Score50|eometry_v1.0_Score50]: NSE:NIFTY50-INDEX @ 23965.20 | SL→23981.50 TP→23950.00
2026-09-03 10:37:37,065 - INFO - 📊 EXECUTION AUDIT [CF_SL_MODIFIED]: trade_id=None, candidate_id=cand_NSE_NIFTY50_INDEX_BREAKOUT_23851.90_20260903_100000_Structural_v3.3_ExitMgmt, payload={'price': 23965.2, 'old_sl': 23991.175, 'new_sl': 23988.075, 'old_tp': None, 'new_tp': 23887.335714285713, 'reason': 'TRAILING_SL'}
2026-09-03 10:37:37,110 - INFO - 🟡 UPDATE (TRAILING_SL) [CFStructural_v3.3_ExitMgmt|ctural_v3.3_ExitMgmt]: NSE:NIFTY50-INDEX @ 23965.20 | SL→23988.08 TP→23887.34
2026-09-03 10:37:37,110 - INFO - 📊 EXECUTION AUDIT [CF_SL_MODIFIED]: trade_id=None, candidate_id=cand_NSE_NIFTY50_INDEX_VWAPRECLAIM_23984.70_20260903_103005_VWAP_Reclaim_v1.0, payload={'price': 23965.2, 'old_sl': 23987.149999999998, 'new_sl': 23984.05, 'old_tp': None, 'new_tp': 23901.4, 'reason': 'TRAILING_SL'}
2026-09-03 10:37:37,155 - INFO - 🟡 UPDATE (TRAILING_SL) [CFVWAP_Reclaim_v1.0|05_VWAP_Reclaim_v1.0]: NSE:NIFTY50-INDEX @ 23965.20 | SL→23984.05 TP→23901.40
2026-09-03 10:37:37,155 - INFO - 📊 EXECUTION AUDIT [CF_SL_MODIFIED]: trade_id=None, candidate_id=cand_NSE_NIFTY50_INDEX_BREAKOUT_23851.90_20260903_103000_Structural_v3.2_RVOL1.0, payload={'price': 23965.2, 'old_sl': 23975.926785714284, 'new_sl': 23972.826785714286, 'old_tp': None, 'new_tp': 23901.58214285714, 'reason': 'TRAILING_SL'}
2026-09-03 10:37:37,195 - INFO - 🟡 UPDATE (TRAILING_SL) [CFStructural_v3.2_RVOL1.0|uctural_v3.2_RVOL1.0]: NSE:NIFTY50-INDEX @ 23965.20 | SL→23972.83 TP→23901.58
2026-09-03 10:37:37,195 - INFO - 📊 EXECUTION AUDIT [CF_SL_MODIFIED]: trade_id=None, candidate_id=cand_NSE_NIFTY50_INDEX_BREAKOUT_23851.90_20260903_103000_Structural_v3.2_RVOL0.8, payload={'price': 23965.2, 'old_sl': 23975.926785714284, 'new_sl': 23972.826785714286, 'old_tp': None, 'new_tp': 23901.58214285714, 'reason': 'TRAILING_SL'}
2026-09-03 10:37:37,240 - INFO - 🟡 UPDATE (TRAILING_SL) [CFStructural_v3.2_RVOL0.8|uctural_v3.2_RVOL0.8]: NSE:NIFTY50-INDEX @ 23965.20 | SL→23972.83 TP→23901.58
2026-09-03 10:37:37,240 - INFO - 📊 EXECUTION AUDIT [CF_SL_MODIFIED]: trade_id=None, candidate_id=cand_NSE_NIFTYBANK_INDEX_VWAPRECLAIM_57604.70_20260903_103506_VWAP_Reclaim_v1.0, payload={'price': 57566.25, 'old_sl': 57647.55, 'new_sl': 57640.8, 'old_tp': None, 'new_tp': 57289.7, 'reason': 'TRAILING_SL'}
2026-09-03 10:37:37,283 - INFO - 🟡 UPDATE (TRAILING_SL) [CFVWAP_Reclaim_v1.0|06_VWAP_Reclaim_v1.0]: NSE:NIFTYBANK-INDEX @ 57566.25 | SL→57640.80 TP→57289.70
2026-09-03 10:37:37,973 - INFO - Retrieved live premium from Fyers API: LTP=353.6 for NSE:BANKNIFTY26SEP57000PE
2026-09-03 10:37:38,979 - INFO - Retrieved live premium from Fyers API: LTP=354.85 for NSE:BANKNIFTY26SEP57000PE
2026-09-03 10:37:39,960 - INFO - Retrieved live premium from Fyers API: LTP=327.0 for NSE:BANKNIFTY26SEP56900PE
2026-09-03 10:37:40,984 - INFO - Retrieved live premium from Fyers API: LTP=301.65 for NSE:BANKNIFTY26SEP56800PE
2026-09-03 10:37:41,990 - INFO - Retrieved live premium from Fyers API: LTP=327.0 for NSE:BANKNIFTY26SEP56900PE
2026-09-03 10:37:49,888 - INFO - 📊 Saved 22 snapshots for NSE:NIFTYBANK-INDEX  (oi range: 57,780–1,974,720)
2026-09-03 10:37:50,999 - INFO - 📡 Fetching NSE:NIFTY50-INDEX @ 23967  expiry=26908  strikes=ATM±5
2026-09-03 10:38:05,549 - INFO - ⏱️ [Real-time Exit Loop] Checking open positions @ 10:38:05...
2026-09-03 10:38:07,681 - INFO - Retrieved live premium from Fyers API: LTP=353.7 for NSE:BANKNIFTY26SEP57000PE
2026-09-03 10:38:08,675 - INFO - Retrieved live premium from Fyers API: LTP=355.0 for NSE:BANKNIFTY26SEP57000PE
2026-09-03 10:38:09,677 - INFO - Retrieved live premium from Fyers API: LTP=327.9 for NSE:BANKNIFTY26SEP56900PE
2026-09-03 10:38:10,690 - INFO - Retrieved live premium from Fyers API: LTP=301.6 for NSE:BANKNIFTY26SEP56800PE
2026-09-03 10:38:11,669 - INFO - Retrieved live premium from Fyers API: LTP=327.9 for NSE:BANKNIFTY26SEP56900PE
2026-09-03 10:38:20,697 - INFO - 📊 Saved 22 snapshots for NSE:NIFTY50-INDEX  (oi range: 357,695–12,106,705)
2026-09-03 10:38:22,832 - INFO - 📡 Fetching NSE:NIFTYBANK-INDEX @ 57580  expiry=26SEP  strikes=ATM±5
2026-09-03 10:38:35,193 - INFO - ⏱️ [Real-time Exit Loop] Checking open positions @ 10:38:35...
2026-09-03 10:38:37,308 - INFO - Retrieved live premium from Fyers API: LTP=350.4 for NSE:BANKNIFTY26SEP57000PE
2026-09-03 10:38:38,322 - INFO - Retrieved live premium from Fyers API: LTP=350.3 for NSE:BANKNIFTY26SEP57000PE
2026-09-03 10:38:39,322 - INFO - Retrieved live premium from Fyers API: LTP=323.05 for NSE:BANKNIFTY26SEP56900PE
2026-09-03 10:38:40,332 - INFO - Retrieved live premium from Fyers API: LTP=301.0 for NSE:BANKNIFTY26SEP56800PE
2026-09-03 10:38:41,322 - INFO - Retrieved live premium from Fyers API: LTP=323.05 for NSE:BANKNIFTY26SEP56900PE
2026-09-03 10:38:52,612 - INFO - 📊 Saved 22 snapshots for NSE:NIFTYBANK-INDEX  (oi range: 57,750–1,967,460)
2026-09-03 10:38:53,708 - INFO - 📡 Fetching NSE:NIFTY50-INDEX @ 23972  expiry=26908  strikes=ATM±5
2026-09-03 10:39:05,857 - INFO - ⏱️ [Real-time Exit Loop] Checking open positions @ 10:39:05...
2026-09-03 10:39:06,973 - INFO - 📊 EXECUTION AUDIT [CF_EXITED]: trade_id=None, candidate_id=cand_NSE_NIFTY50_INDEX_BREAKOUT_23851.90_20260903_103000_Structural_v3.2_RVOL1.0, payload={'exit_price': 23972.95, 'exit_reason': 'TRAILING_SL', 'pnl_r': 0.05641025641025641, 'duration_minutes': 3.9976158666666666, 'bars_held': 0}
2026-09-03 10:39:07,021 - INFO - 🔴 EXIT (TRAILING_SL) [CFStructural_v3.2_RVOL1.0|uctural_v3.2_RVOL1.0]: NSE:NIFTY50-INDEX @ 23972.95 | PnL +0.06R | MFE 1.66R | Capture 3% | 0bars HoldEff +0.056R/bar
2026-09-03 10:39:07,021 - INFO - 📊 EXECUTION AUDIT [CF_EXITED]: trade_id=None, candidate_id=cand_NSE_NIFTY50_INDEX_BREAKOUT_23851.90_20260903_103000_Structural_v3.2_RVOL0.8, payload={'exit_price': 23972.95, 'exit_reason': 'TRAILING_SL', 'pnl_r': 0.05641025641025641, 'duration_minutes': 3.9976158666666666, 'bars_held': 0}
2026-09-03 10:39:07,061 - INFO - 🔴 EXIT (TRAILING_SL) [CFStructural_v3.2_RVOL0.8|uctural_v3.2_RVOL0.8]: NSE:NIFTY50-INDEX @ 23972.95 | PnL +0.06R | MFE 1.66R | Capture 3% | 0bars HoldEff +0.056R/bar
2026-09-03 10:39:07,965 - INFO - Retrieved live premium from Fyers API: LTP=350.1 for NSE:BANKNIFTY26SEP57000PE
2026-09-03 10:39:09,006 - INFO - Retrieved live premium from Fyers API: LTP=350.1 for NSE:BANKNIFTY26SEP57000PE
2026-09-03 10:39:10,001 - INFO - Retrieved live premium from Fyers API: LTP=322.3 for NSE:BANKNIFTY26SEP56900PE
2026-09-03 10:39:11,003 - INFO - Retrieved live premium from Fyers API: LTP=296.3 for NSE:BANKNIFTY26SEP56800PE
2026-09-03 10:39:11,999 - INFO - Retrieved live premium from Fyers API: LTP=322.3 for NSE:BANKNIFTY26SEP56900PE
2026-09-03 10:39:23,461 - INFO - 📊 Saved 22 snapshots for NSE:NIFTY50-INDEX  (oi range: 360,035–12,389,130)
2026-09-03 10:39:25,582 - INFO - 📡 Fetching NSE:NIFTYBANK-INDEX @ 57587  expiry=26SEP  strikes=ATM±5
2026-09-03 10:39:35,420 - INFO - ⏱️ [Real-time Exit Loop] Checking open positions @ 10:39:35...
2026-09-03 10:39:37,576 - INFO - Retrieved live premium from Fyers API: LTP=348.85 for NSE:BANKNIFTY26SEP57000PE
2026-09-03 10:39:38,524 - INFO - Retrieved live premium from Fyers API: LTP=348.85 for NSE:BANKNIFTY26SEP57000PE
2026-09-03 10:39:39,556 - INFO - Retrieved live premium from Fyers API: LTP=323.55 for NSE:BANKNIFTY26SEP56900PE
2026-09-03 10:39:40,542 - INFO - Retrieved live premium from Fyers API: LTP=297.1 for NSE:BANKNIFTY26SEP56800PE
2026-09-03 10:39:41,572 - INFO - Retrieved live premium from Fyers API: LTP=323.55 for NSE:BANKNIFTY26SEP56900PE
2026-09-03 10:39:55,232 - INFO - 📊 Saved 22 snapshots for NSE:NIFTYBANK-INDEX  (oi range: 57,690–1,967,190)
2026-09-03 10:39:56,340 - INFO - 📡 Fetching NSE:NIFTY50-INDEX @ 23974  expiry=26908  strikes=ATM±5
2026-09-03 10:40:05,964 - INFO - 🔔 [New Candle Closed] Running entry pipeline for candle 10:40 at 10:40:05...
2026-09-03 10:40:05,964 - INFO - --- 10:40:05 Market Pulse ---
2026-09-03 10:40:12,083 - INFO - Retrieved live premium from Fyers API: LTP=348.1 for NSE:BANKNIFTY26SEP57000PE
2026-09-03 10:40:13,089 - INFO - Retrieved live premium from Fyers API: LTP=349.0 for NSE:BANKNIFTY26SEP57000PE
2026-09-03 10:40:14,131 - INFO - Retrieved live premium from Fyers API: LTP=322.0 for NSE:BANKNIFTY26SEP56900PE
2026-09-03 10:40:15,117 - INFO - Retrieved live premium from Fyers API: LTP=297.05 for NSE:BANKNIFTY26SEP56800PE
2026-09-03 10:40:16,109 - INFO - Retrieved live premium from Fyers API: LTP=322.0 for NSE:BANKNIFTY26SEP56900PE
2026-09-03 10:40:21,496 - INFO - Resolved active expiry from DB: 26908 (2026-09-08)
2026-09-03 10:40:21,497 - INFO - 👻 [Structural_v3.2_RVOL1.0] CF BREAKOUT NSE:NIFTY50-INDEX BUY PUT | Rejected: ['LOW_RVOL', 'BIAS_MISMATCH', 'LOW_EFFICIENCY']
2026-09-03 10:40:21,497 - INFO - 📊 EXECUTION AUDIT [SIGNAL_GENERATED]: trade_id=None, candidate_id=cand_NSE_NIFTY50_INDEX_BREAKOUT_23851.90_20260903_103500_Structural_v3.2_RVOL1.0, payload={'symbol': 'NSE:NIFTY50-INDEX', 'signal': 'BUY PUT', 'strategy': 'BREAKOUT', 'price': 23974.2, 'stop_loss': 23981.54107142857, 'take_profit': 23900.789285714287, 'tp1': 23963.188392857144, 'rr_ratio': 10.0, 'timestamp': '2026-09-03T10:35:00+05:30', 'accepted': False, 'rejection_reasons': ['LOW_RVOL', 'BIAS_MISMATCH', 'LOW_EFFICIENCY'], 'features': {'date': '2026-09-03', 'strategy_name': 'Structural_v3', 'strategy_version': 'v3.2', 'feature_version': 'v1.1', 'market_regime': 'STRONG_TREND_UP_NORMAL', 'day_type': 'NORMAL_DAY', 'session_type': 'MID', 'daily_bias': 'NEUTRAL', 'hourly_bias': 'NEUTRAL', 'trend_strength': 0.0, 'rvol': 0.71, 'rvol_threshold': 1.0, 'atr': 14.68, 'distance_from_supply': 404.4, 'distance_from_demand': 166.65, 'nearest_supply_strength': 100.9, 'nearest_demand_strength': 70.9, 'distance_to_liquidity_pool': 166.65000000000146, 'liquidity_score': 7.1, 'indicator_snapshot': {'rvol_tod': 0.71, 'is_compressed': True, 'bos_count': 0}, 'move_efficiency': 0.5701, 'wickiness': 0.4614, 'fft_score': 0.0, 'setup_type': 'BREAKOUT', 'candidate_id': 'cand_NSE_NIFTY50_INDEX_BREAKOUT_23851.90_20260903_103500', 'ema20': 23972.37, 'ema50': 23934.85, 'move_efficiency_h1': 0.3917, 'ema_bullish': True, 'rsi14': 46.04, 'rsi2': 0.0, 'distance_to_vwap': -0.0007, 'atr_percentile': 0.2969, 'dist_prev_high': 0.0025, 'dist_prev_low': 0.0079, 'adx': 42.42, 'adx_slope': -3.6755, 'gap_pct': 0.0035, 'regime_primary': 'STRONG_TREND_UP', 'regime_vol_state': 'NORMAL'}, 'candidate_id': 'cand_NSE_NIFTY50_INDEX_BREAKOUT_23851.90_20260903_103500_Structural_v3.2_RVOL1.0', 'experiment_name': 'Structural_v3.2_RVOL1.0', 'strategy_id': 'structural', 'version': 'v3.2'}
2026-09-03 10:40:21,523 - INFO - Resolved active expiry from DB: 26908 (2026-09-08)
2026-09-03 10:40:21,540 - INFO - Resolved index signal into option contract: OptionContract(symbol='NSE:NIFTY2690823950PE', strike=23950.0, expiry='26908', option_type='PE', premium=82.15, delta=0.5, bid=81.95, ask=82.2, volume=40662115, resolved_at=datetime.datetime(2026, 9, 3, 10, 40, 21, 540896))
2026-09-03 10:40:21,541 - INFO - ⚡ Option strike selection resolved index signal to contract NSE:NIFTY2690823950PE @ premium 82.15 (type: PE, strike: 23950.0)
2026-09-03 10:40:21,541 - INFO - 📊 EXECUTION AUDIT [STRIKE_SELECTED]: trade_id=None, candidate_id=cand_NSE_NIFTY50_INDEX_BREAKOUT_23851.90_20260903_103500_Structural_v3.2_RVOL1.0, payload={'symbol': 'NSE:NIFTY2690823950PE', 'strike': 23950.0, 'expiry': '26908', 'type': 'PE'}
2026-09-03 10:40:21,554 - INFO - 📊 EXECUTION AUDIT [PREMIUM_RETRIEVED]: trade_id=None, candidate_id=cand_NSE_NIFTY50_INDEX_BREAKOUT_23851.90_20260903_103500_Structural_v3.2_RVOL1.0, payload={'premium': 82.15, 'bid': 81.95, 'ask': 82.2}
2026-09-03 10:40:21,567 - INFO - 📊 EXECUTION AUDIT [CF_SUBMITTED]: trade_id=None, candidate_id=cand_NSE_NIFTY50_INDEX_BREAKOUT_23851.90_20260903_103500_Structural_v3.2_RVOL1.0, payload={'price': 23974.2, 'sl': 23981.54107142857, 'tp': 23900.789285714287}
2026-09-03 10:40:21,580 - INFO - 📊 EXECUTION AUDIT [CF_FILLED]: trade_id=None, candidate_id=cand_NSE_NIFTY50_INDEX_BREAKOUT_23851.90_20260903_103500_Structural_v3.2_RVOL1.0, payload={'price': 23974.2, 'sl': 23981.54107142857, 'tp': 23900.789285714287}
2026-09-03 10:40:21,594 - INFO - 💰 Position size [BREAKOUT|STRONG_TREND_UP_NORMAL|conf=70]: frac=0.006 → ₹5,000 (risk/unit=0.03%)
2026-09-03 10:40:21,623 - INFO - 🟢 ENTRY [CF|Structural_v3.2_RVOL1.0|uctural_v3.2_RVOL1.0]: NSE:NIFTY50-INDEX BUY PUT @ 23974.20 | SL: 23981.54 TP: 23900.79
2026-09-03 10:40:21,624 - INFO - 👻 [Structural_v3.2_RVOL0.8] CF BREAKOUT NSE:NIFTY50-INDEX BUY PUT | Rejected: ['LOW_RVOL', 'BIAS_MISMATCH', 'LOW_EFFICIENCY']
2026-09-03 10:40:21,624 - INFO - 📊 EXECUTION AUDIT [SIGNAL_GENERATED]: trade_id=None, candidate_id=cand_NSE_NIFTY50_INDEX_BREAKOUT_23851.90_20260903_103500_Structural_v3.2_RVOL0.8, payload={'symbol': 'NSE:NIFTY50-INDEX', 'signal': 'BUY PUT', 'strategy': 'BREAKOUT', 'price': 23974.2, 'stop_loss': 23981.54107142857, 'take_profit': 23900.789285714287, 'tp1': 23963.188392857144, 'rr_ratio': 10.0, 'timestamp': '2026-09-03T10:35:00+05:30', 'accepted': False, 'rejection_reasons': ['LOW_RVOL', 'BIAS_MISMATCH', 'LOW_EFFICIENCY'], 'features': {'date': '2026-09-03', 'strategy_name': 'Structural_v3', 'strategy_version': 'v3.2', 'feature_version': 'v1.1', 'market_regime': 'STRONG_TREND_UP_NORMAL', 'day_type': 'NORMAL_DAY', 'session_type': 'MID', 'daily_bias': 'NEUTRAL', 'hourly_bias': 'NEUTRAL', 'trend_strength': 0.0, 'rvol': 0.71, 'rvol_threshold': 0.8, 'atr': 14.68, 'distance_from_supply': 404.4, 'distance_from_demand': 166.65, 'nearest_supply_strength': 100.9, 'nearest_demand_strength': 70.9, 'distance_to_liquidity_pool': 166.65000000000146, 'liquidity_score': 7.1, 'indicator_snapshot': {'rvol_tod': 0.71, 'is_compressed': True, 'bos_count': 0}, 'move_efficiency': 0.5701, 'wickiness': 0.4614, 'fft_score': 0.0, 'setup_type': 'BREAKOUT', 'candidate_id': 'cand_NSE_NIFTY50_INDEX_BREAKOUT_23851.90_20260903_103500', 'ema20': 23972.37, 'ema50': 23934.85, 'move_efficiency_h1': 0.3917, 'ema_bullish': True, 'rsi14': 46.04, 'rsi2': 0.0, 'distance_to_vwap': -0.0007, 'atr_percentile': 0.2969, 'dist_prev_high': 0.0025, 'dist_prev_low': 0.0079, 'adx': 42.42, 'adx_slope': -3.6755, 'gap_pct': 0.0035, 'regime_primary': 'STRONG_TREND_UP', 'regime_vol_state': 'NORMAL'}, 'candidate_id': 'cand_NSE_NIFTY50_INDEX_BREAKOUT_23851.90_20260903_103500_Structural_v3.2_RVOL0.8', 'experiment_name': 'Structural_v3.2_RVOL0.8', 'strategy_id': 'structural', 'version': 'v3.2'}
2026-09-03 10:40:21,655 - INFO - Resolved active expiry from DB: 26908 (2026-09-08)
2026-09-03 10:40:21,672 - INFO - Resolved index signal into option contract: OptionContract(symbol='NSE:NIFTY2690823950PE', strike=23950.0, expiry='26908', option_type='PE', premium=82.15, delta=0.5, bid=81.95, ask=82.2, volume=40662115, resolved_at=datetime.datetime(2026, 9, 3, 10, 40, 21, 671980))
2026-09-03 10:40:21,672 - INFO - ⚡ Option strike selection resolved index signal to contract NSE:NIFTY2690823950PE @ premium 82.15 (type: PE, strike: 23950.0)
2026-09-03 10:40:21,672 - INFO - 📊 EXECUTION AUDIT [STRIKE_SELECTED]: trade_id=None, candidate_id=cand_NSE_NIFTY50_INDEX_BREAKOUT_23851.90_20260903_103500_Structural_v3.2_RVOL0.8, payload={'symbol': 'NSE:NIFTY2690823950PE', 'strike': 23950.0, 'expiry': '26908', 'type': 'PE'}
2026-09-03 10:40:21,686 - INFO - 📊 EXECUTION AUDIT [PREMIUM_RETRIEVED]: trade_id=None, candidate_id=cand_NSE_NIFTY50_INDEX_BREAKOUT_23851.90_20260903_103500_Structural_v3.2_RVOL0.8, payload={'premium': 82.15, 'bid': 81.95, 'ask': 82.2}
2026-09-03 10:40:21,699 - INFO - 📊 EXECUTION AUDIT [CF_SUBMITTED]: trade_id=None, candidate_id=cand_NSE_NIFTY50_INDEX_BREAKOUT_23851.90_20260903_103500_Structural_v3.2_RVOL0.8, payload={'price': 23974.2, 'sl': 23981.54107142857, 'tp': 23900.789285714287}
2026-09-03 10:40:21,712 - INFO - 📊 EXECUTION AUDIT [CF_FILLED]: trade_id=None, candidate_id=cand_NSE_NIFTY50_INDEX_BREAKOUT_23851.90_20260903_103500_Structural_v3.2_RVOL0.8, payload={'price': 23974.2, 'sl': 23981.54107142857, 'tp': 23900.789285714287}
2026-09-03 10:40:21,728 - INFO - 💰 Position size [BREAKOUT|STRONG_TREND_UP_NORMAL|conf=70]: frac=0.006 → ₹5,000 (risk/unit=0.03%)
2026-09-03 10:40:21,761 - INFO - 🟢 ENTRY [CF|Structural_v3.2_RVOL0.8|uctural_v3.2_RVOL0.8]: NSE:NIFTY50-INDEX BUY PUT @ 23974.20 | SL: 23981.54 TP: 23900.79
2026-09-03 10:40:23,714 - INFO - Resolved active expiry from DB: 26SEP (2026-09-29)
2026-09-03 10:40:23,717 - INFO - 🧭 [IronCondor_v1.0] Regime router: NSE:NIFTYBANK-INDEX combo blocked from REAL capital (regime=GAP_UP_NORMAL) — routed to CF
2026-09-03 10:40:23,732 - INFO - Resolved active expiry from DB: 26SEP (2026-09-29)
2026-09-03 10:40:23,801 - INFO - Resolved IRON_CONDOR for NSE:NIFTYBANK-INDEX: [('PE', 'SELL', 57500.0), ('PE', 'BUY', 57300.0), ('CE', 'SELL', 57700.0), ('CE', 'BUY', 57900.0)] net_premium=-177.45 max_loss=22.55
2026-09-03 10:40:23,834 - INFO - 🟢 CF COMBO ENTRY [IronCondor_v1.0|4005_IronCondor_v1.0]: NSE:NIFTYBANK-INDEX IRON_CONDOR | Net premium: -177.45 | Max loss: 22.55
2026-09-03 10:40:23,834 - INFO - 👻 [Butterfly_v1.0] CF COMBO BUTTERFLY_SPREAD NSE:NIFTYBANK-INDEX BUTTERFLY_SPREAD | Rejected: ['COOLDOWN_AFTER_LOSS']
2026-09-03 10:40:23,851 - INFO - Resolved active expiry from DB: 26SEP (2026-09-29)
2026-09-03 10:40:23,919 - INFO - Resolved BUTTERFLY_SPREAD for NSE:NIFTYBANK-INDEX: [('CE', 'BUY', 57400.0), ('CE', 'SELL', 57600.0), ('CE', 'SELL', 57600.0), ('CE', 'BUY', 57800.0)] net_premium=10.00 max_loss=10.00
2026-09-03 10:40:23,945 - INFO - 🟢 CF COMBO ENTRY [Butterfly_v1.0|04005_Butterfly_v1.0]: NSE:NIFTYBANK-INDEX BUTTERFLY_SPREAD | Net premium: 10.00 | Max loss: 10.00
2026-09-03 10:40:23,945 - INFO - 🧭 [IronButterfly_v1.0] Regime router: NSE:NIFTYBANK-INDEX combo blocked from REAL capital (regime=GAP_UP_NORMAL) — routed to CF
2026-09-03 10:40:23,960 - INFO - Resolved active expiry from DB: 26SEP (2026-09-29)
2026-09-03 10:40:24,033 - INFO - Resolved IRON_BUTTERFLY for NSE:NIFTYBANK-INDEX: [('PE', 'SELL', 57600.0), ('CE', 'SELL', 57600.0), ('PE', 'BUY', 57200.0), ('CE', 'BUY', 58000.0)] net_premium=-360.20 max_loss=39.80
2026-09-03 10:40:24,064 - INFO - 🟢 CF COMBO ENTRY [IronButterfly_v1.0|5_IronButterfly_v1.0]: NSE:NIFTYBANK-INDEX IRON_BUTTERFLY | Net premium: -360.20 | Max loss: 39.80
2026-09-03 10:40:24,064 - INFO - 🧭 [ExpiryAwareTheta_v1.0] Regime router: NSE:NIFTYBANK-INDEX combo blocked from REAL capital (regime=GAP_UP_NORMAL) — routed to CF
2026-09-03 10:40:24,078 - INFO - Resolved active expiry from DB: 26SEP (2026-09-29)
2026-09-03 10:40:24,150 - INFO - Resolved IRON_CONDOR for NSE:NIFTYBANK-INDEX: [('PE', 'SELL', 57500.0), ('PE', 'BUY', 57300.0), ('CE', 'SELL', 57700.0), ('CE', 'BUY', 57900.0)] net_premium=-177.45 max_loss=22.55
2026-09-03 10:40:24,180 - INFO - 🟢 CF COMBO ENTRY [ExpiryAwareTheta_v1.0|xpiryAwareTheta_v1.0]: NSE:NIFTYBANK-INDEX IRON_CONDOR | Net premium: -177.45 | Max loss: 22.55
2026-09-03 10:40:26,892 - INFO - 📊 Saved 22 snapshots for NSE:NIFTY50-INDEX  (oi range: 360,945–12,598,820)
2026-09-03 10:40:29,012 - INFO - 📡 Fetching NSE:NIFTYBANK-INDEX @ 57593  expiry=26SEP  strikes=ATM±5
2026-09-03 10:40:35,183 - INFO - ⏱️ [Real-time Exit Loop] Checking open positions @ 10:40:35...
2026-09-03 10:40:36,295 - INFO - 📊 EXECUTION AUDIT [CF_SL_MODIFIED]: trade_id=None, candidate_id=cand_NSE_NIFTY50_INDEX_BREAKOUT_23851.90_20260903_103500_Structural_v3.2_RVOL1.0, payload={'price': 23969.1, 'old_sl': 23981.54107142857, 'new_sl': 23976.44107142857, 'old_tp': None, 'new_tp': 23900.789285714287, 'reason': 'TRAILING_SL'}
2026-09-03 10:40:36,358 - INFO - 🟡 UPDATE (TRAILING_SL) [CFStructural_v3.2_RVOL1.0|uctural_v3.2_RVOL1.0]: NSE:NIFTY50-INDEX @ 23969.10 | SL→23976.44 TP→23900.79
2026-09-03 10:40:36,358 - INFO - 📊 EXECUTION AUDIT [CF_SL_MODIFIED]: trade_id=None, candidate_id=cand_NSE_NIFTY50_INDEX_BREAKOUT_23851.90_20260903_103500_Structural_v3.2_RVOL0.8, payload={'price': 23969.1, 'old_sl': 23981.54107142857, 'new_sl': 23976.44107142857, 'old_tp': None, 'new_tp': 23900.789285714287, 'reason': 'TRAILING_SL'}
2026-09-03 10:40:36,397 - INFO - 🟡 UPDATE (TRAILING_SL) [CFStructural_v3.2_RVOL0.8|uctural_v3.2_RVOL0.8]: NSE:NIFTY50-INDEX @ 23969.10 | SL→23976.44 TP→23900.79
2026-09-03 10:40:37,299 - INFO - Retrieved live premium from Fyers API: LTP=347.85 for NSE:BANKNIFTY26SEP57000PE
2026-09-03 10:40:38,287 - INFO - Retrieved live premium from Fyers API: LTP=347.85 for NSE:BANKNIFTY26SEP57000PE
2026-09-03 10:40:39,292 - INFO - Retrieved live premium from Fyers API: LTP=322.0 for NSE:BANKNIFTY26SEP56900PE
2026-09-03 10:40:40,334 - INFO - Retrieved live premium from Fyers API: LTP=295.55 for NSE:BANKNIFTY26SEP56800PE
2026-09-03 10:40:41,328 - INFO - Retrieved live premium from Fyers API: LTP=322.0 for NSE:BANKNIFTY26SEP56900PE
2026-09-03 10:40:44,824 - INFO - 🔴 CF COMBO EXIT (STOP_R) [Butterfly_v1.0|04005_Butterfly_v1.0]: NSE:NIFTYBANK-INDEX BUTTERFLY_SPREAD | PnL -0.80R | 0min
2026-09-03 10:40:58,677 - INFO - 📊 Saved 22 snapshots for NSE:NIFTYBANK-INDEX  (oi range: 55,830–1,967,160)
2026-09-03 10:40:59,757 - INFO - 📡 Fetching NSE:NIFTY50-INDEX @ 23965  expiry=26908  strikes=ATM±5
2026-09-03 10:41:05,993 - INFO - ⏱️ [Real-time Exit Loop] Checking open positions @ 10:41:05...
2026-09-03 10:41:07,093 - INFO - 📊 EXECUTION AUDIT [CF_SL_MODIFIED]: trade_id=None, candidate_id=cand_NSE_NIFTY50_INDEX_BREAKOUT_23851.90_20260903_103500_Structural_v3.2_RVOL1.0, payload={'price': 23965.95, 'old_sl': 23976.44107142857, 'new_sl': 23973.29107142857, 'old_tp': None, 'new_tp': 23900.789285714287, 'reason': 'TRAILING_SL'}
2026-09-03 10:41:07,150 - INFO - 🟡 UPDATE (TRAILING_SL) [CFStructural_v3.2_RVOL1.0|uctural_v3.2_RVOL1.0]: NSE:NIFTY50-INDEX @ 23965.95 | SL→23973.29 TP→23900.79
2026-09-03 10:41:07,151 - INFO - 📊 EXECUTION AUDIT [CF_SL_MODIFIED]: trade_id=None, candidate_id=cand_NSE_NIFTY50_INDEX_BREAKOUT_23851.90_20260903_103500_Structural_v3.2_RVOL0.8, payload={'price': 23965.95, 'old_sl': 23976.44107142857, 'new_sl': 23973.29107142857, 'old_tp': None, 'new_tp': 23900.789285714287, 'reason': 'TRAILING_SL'}
2026-09-03 10:41:07,189 - INFO - 🟡 UPDATE (TRAILING_SL) [CFStructural_v3.2_RVOL0.8|uctural_v3.2_RVOL0.8]: NSE:NIFTY50-INDEX @ 23965.95 | SL→23973.29 TP→23900.79
2026-09-03 10:41:08,096 - INFO - Retrieved live premium from Fyers API: LTP=348.1 for NSE:BANKNIFTY26SEP57000PE
2026-09-03 10:41:09,124 - INFO - Retrieved live premium from Fyers API: LTP=347.4 for NSE:BANKNIFTY26SEP57000PE
2026-09-03 10:41:10,106 - INFO - Retrieved live premium from Fyers API: LTP=322.0 for NSE:BANKNIFTY26SEP56900PE
2026-09-03 10:41:11,112 - INFO - Retrieved live premium from Fyers API: LTP=295.65 for NSE:BANKNIFTY26SEP56800PE
2026-09-03 10:41:12,121 - INFO - Retrieved live premium from Fyers API: LTP=322.0 for NSE:BANKNIFTY26SEP56900PE
2026-09-03 10:41:29,491 - INFO - 📊 Saved 22 snapshots for NSE:NIFTY50-INDEX  (oi range: 372,905–12,737,660)
2026-09-03 10:41:31,620 - INFO - 📡 Fetching NSE:NIFTYBANK-INDEX @ 57596  expiry=26SEP  strikes=ATM±5
2026-09-03 10:41:35,686 - INFO - ⏱️ [Real-time Exit Loop] Checking open positions @ 10:41:35...
2026-09-03 10:41:37,790 - INFO - Retrieved live premium from Fyers API: LTP=349.95 for NSE:BANKNIFTY26SEP57000PE
2026-09-03 10:41:38,799 - INFO - Retrieved live premium from Fyers API: LTP=349.95 for NSE:BANKNIFTY26SEP57000PE
2026-09-03 10:41:39,803 - INFO - Retrieved live premium from Fyers API: LTP=322.0 for NSE:BANKNIFTY26SEP56900PE
2026-09-03 10:41:40,821 - INFO - Retrieved live premium from Fyers API: LTP=295.65 for NSE:BANKNIFTY26SEP56800PE
2026-09-03 10:41:41,830 - INFO - Retrieved live premium from Fyers API: LTP=322.45 for NSE:BANKNIFTY26SEP56900PE
2026-09-03 10:42:01,413 - INFO - 📊 Saved 22 snapshots for NSE:NIFTYBANK-INDEX  (oi range: 54,240–1,967,760)
2026-09-03 10:42:02,519 - INFO - 📡 Fetching NSE:NIFTY50-INDEX @ 23962  expiry=26908  strikes=ATM±5
2026-09-03 10:42:05,448 - INFO - ⏱️ [Real-time Exit Loop] Checking open positions @ 10:42:05...
2026-09-03 10:42:06,548 - INFO - 📊 EXECUTION AUDIT [CF_SL_MODIFIED]: trade_id=None, candidate_id=cand_NSE_NIFTY50_INDEX_TRENDLINE_RETEST_24005.50_202609030955_Geometry_v1.0_Score35, payload={'price': 23962.6, 'old_sl': 23981.5, 'new_sl': 23978.899999999998, 'old_tp': None, 'new_tp': 23950.000000000004, 'reason': 'TRAILING_SL'}
2026-09-03 10:42:06,605 - INFO - 🟡 UPDATE (TRAILING_SL) [CFGeometry_v1.0_Score35|eometry_v1.0_Score35]: NSE:NIFTY50-INDEX @ 23962.60 | SL→23978.90 TP→23950.00
2026-09-03 10:42:06,605 - INFO - 📊 EXECUTION AUDIT [CF_SL_MODIFIED]: trade_id=None, candidate_id=cand_NSE_NIFTY50_INDEX_TRENDLINE_RETEST_24005.50_202609030955_Geometry_v1.0_Score50, payload={'price': 23962.6, 'old_sl': 23981.5, 'new_sl': 23978.899999999998, 'old_tp': None, 'new_tp': 23950.000000000004, 'reason': 'TRAILING_SL'}
2026-09-03 10:42:06,647 - INFO - 🟡 UPDATE (TRAILING_SL) [CFGeometry_v1.0_Score50|eometry_v1.0_Score50]: NSE:NIFTY50-INDEX @ 23962.60 | SL→23978.90 TP→23950.00
2026-09-03 10:42:06,647 - INFO - 📊 EXECUTION AUDIT [CF_SL_MODIFIED]: trade_id=None, candidate_id=cand_NSE_NIFTY50_INDEX_BREAKOUT_23851.90_20260903_100000_Structural_v3.3_ExitMgmt, payload={'price': 23962.6, 'old_sl': 23988.075, 'new_sl': 23984.62, 'old_tp': None, 'new_tp': 23887.335714285713, 'reason': 'TRAILING_SL'}
2026-09-03 10:42:06,689 - INFO - 🟡 UPDATE (TRAILING_SL) [CFStructural_v3.3_ExitMgmt|ctural_v3.3_ExitMgmt]: NSE:NIFTY50-INDEX @ 23962.60 | SL→23984.62 TP→23887.34
2026-09-03 10:42:06,689 - INFO - 📊 EXECUTION AUDIT [CF_SL_MODIFIED]: trade_id=None, candidate_id=cand_NSE_NIFTY50_INDEX_VWAPRECLAIM_23984.70_20260903_103005_VWAP_Reclaim_v1.0, payload={'price': 23962.6, 'old_sl': 23984.05, 'new_sl': 23981.449999999997, 'old_tp': None, 'new_tp': 23901.4, 'reason': 'TRAILING_SL'}
2026-09-03 10:42:06,730 - INFO - 🟡 UPDATE (TRAILING_SL) [CFVWAP_Reclaim_v1.0|05_VWAP_Reclaim_v1.0]: NSE:NIFTY50-INDEX @ 23962.60 | SL→23981.45 TP→23901.40
2026-09-03 10:42:06,731 - INFO - 📊 EXECUTION AUDIT [CF_SL_MODIFIED]: trade_id=None, candidate_id=cand_NSE_NIFTY50_INDEX_BREAKOUT_23851.90_20260903_103500_Structural_v3.2_RVOL1.0, payload={'price': 23962.6, 'old_sl': 23973.29107142857, 'new_sl': 23969.94107142857, 'old_tp': None, 'new_tp': 23900.789285714287, 'reason': 'TRAILING_SL'}
2026-09-03 10:42:06,773 - INFO - 🟡 UPDATE (TRAILING_SL) [CFStructural_v3.2_RVOL1.0|uctural_v3.2_RVOL1.0]: NSE:NIFTY50-INDEX @ 23962.60 | SL→23969.94 TP→23900.79
2026-09-03 10:42:06,773 - INFO - 📊 EXECUTION AUDIT [CF_SL_MODIFIED]: trade_id=None, candidate_id=cand_NSE_NIFTY50_INDEX_BREAKOUT_23851.90_20260903_103500_Structural_v3.2_RVOL0.8, payload={'price': 23962.6, 'old_sl': 23973.29107142857, 'new_sl': 23969.94107142857, 'old_tp': None, 'new_tp': 23900.789285714287, 'reason': 'TRAILING_SL'}
2026-09-03 10:42:06,816 - INFO - 🟡 UPDATE (TRAILING_SL) [CFStructural_v3.2_RVOL0.8|uctural_v3.2_RVOL0.8]: NSE:NIFTY50-INDEX @ 23962.60 | SL→23969.94 TP→23900.79
2026-09-03 10:42:07,554 - INFO - Retrieved live premium from Fyers API: LTP=350.6 for NSE:BANKNIFTY26SEP57000PE
2026-09-03 10:42:08,553 - INFO - Retrieved live premium from Fyers API: LTP=350.6 for NSE:BANKNIFTY26SEP57000PE
2026-09-03 10:42:09,563 - INFO - Retrieved live premium from Fyers API: LTP=323.6 for NSE:BANKNIFTY26SEP56900PE
2026-09-03 10:42:10,585 - INFO - Retrieved live premium from Fyers API: LTP=299.45 for NSE:BANKNIFTY26SEP56800PE
2026-09-03 10:42:11,563 - INFO - Retrieved live premium from Fyers API: LTP=323.6 for NSE:BANKNIFTY26SEP56900PE
2026-09-03 10:42:32,315 - INFO - 📊 Saved 22 snapshots for NSE:NIFTY50-INDEX  (oi range: 372,190–12,957,425)
2026-09-03 10:42:34,443 - INFO - 📡 Fetching NSE:NIFTYBANK-INDEX @ 57575  expiry=26SEP  strikes=ATM±5
2026-09-03 10:42:35,153 - INFO - ⏱️ [Real-time Exit Loop] Checking open positions @ 10:42:35...
2026-09-03 10:42:36,245 - INFO - 📊 EXECUTION AUDIT [CF_SL_MODIFIED]: trade_id=None, candidate_id=cand_NSE_NIFTY50_INDEX_TRENDLINE_RETEST_24005.50_202609030955_Geometry_v1.0_Score35, payload={'price': 23961.1, 'old_sl': 23978.899999999998, 'new_sl': 23977.399999999998, 'old_tp': None, 'new_tp': 23950.000000000004, 'reason': 'TRAILING_SL'}
2026-09-03 10:42:36,304 - INFO - 🟡 UPDATE (TRAILING_SL) [CFGeometry_v1.0_Score35|eometry_v1.0_Score35]: NSE:NIFTY50-INDEX @ 23961.10 | SL→23977.40 TP→23950.00
2026-09-03 10:42:36,304 - INFO - 📊 EXECUTION AUDIT [CF_SL_MODIFIED]: trade_id=None, candidate_id=cand_NSE_NIFTY50_INDEX_TRENDLINE_RETEST_24005.50_202609030955_Geometry_v1.0_Score50, payload={'price': 23961.1, 'old_sl': 23978.899999999998, 'new_sl': 23977.399999999998, 'old_tp': None, 'new_tp': 23950.000000000004, 'reason': 'TRAILING_SL'}
2026-09-03 10:42:36,349 - INFO - 🟡 UPDATE (TRAILING_SL) [CFGeometry_v1.0_Score50|eometry_v1.0_Score50]: NSE:NIFTY50-INDEX @ 23961.10 | SL→23977.40 TP→23950.00
2026-09-03 10:42:36,350 - INFO - 📊 EXECUTION AUDIT [CF_SL_MODIFIED]: trade_id=None, candidate_id=cand_NSE_NIFTY50_INDEX_BREAKOUT_23851.90_20260903_100000_Structural_v3.3_ExitMgmt, payload={'price': 23961.1, 'old_sl': 23984.62, 'new_sl': 23983.12, 'old_tp': None, 'new_tp': 23887.335714285713, 'reason': 'TRAILING_SL'}
2026-09-03 10:42:36,393 - INFO - 🟡 UPDATE (TRAILING_SL) [CFStructural_v3.3_ExitMgmt|ctural_v3.3_ExitMgmt]: NSE:NIFTY50-INDEX @ 23961.10 | SL→23983.12 TP→23887.34
2026-09-03 10:42:36,393 - INFO - 📊 EXECUTION AUDIT [CF_SL_MODIFIED]: trade_id=None, candidate_id=cand_NSE_NIFTY50_INDEX_VWAPRECLAIM_23984.70_20260903_103005_VWAP_Reclaim_v1.0, payload={'price': 23961.1, 'old_sl': 23981.449999999997, 'new_sl': 23979.949999999997, 'old_tp': None, 'new_tp': 23901.4, 'reason': 'TRAILING_SL'}
2026-09-03 10:42:36,441 - INFO - 🟡 UPDATE (TRAILING_SL) [CFVWAP_Reclaim_v1.0|05_VWAP_Reclaim_v1.0]: NSE:NIFTY50-INDEX @ 23961.10 | SL→23979.95 TP→23901.40
2026-09-03 10:42:36,441 - INFO - 📊 EXECUTION AUDIT [CF_SL_MODIFIED]: trade_id=None, candidate_id=cand_NSE_NIFTY50_INDEX_BREAKOUT_23851.90_20260903_103500_Structural_v3.2_RVOL1.0, payload={'price': 23961.1, 'old_sl': 23969.94107142857, 'new_sl': 23968.44107142857, 'old_tp': None, 'new_tp': 23900.789285714287, 'reason': 'TRAILING_SL'}
2026-09-03 10:42:36,489 - INFO - 🟡 UPDATE (TRAILING_SL) [CFStructural_v3.2_RVOL1.0|uctural_v3.2_RVOL1.0]: NSE:NIFTY50-INDEX @ 23961.10 | SL→23968.44 TP→23900.79
2026-09-03 10:42:36,489 - INFO - 📊 EXECUTION AUDIT [CF_SL_MODIFIED]: trade_id=None, candidate_id=cand_NSE_NIFTY50_INDEX_BREAKOUT_23851.90_20260903_103500_Structural_v3.2_RVOL0.8, payload={'price': 23961.1, 'old_sl': 23969.94107142857, 'new_sl': 23968.44107142857, 'old_tp': None, 'new_tp': 23900.789285714287, 'reason': 'TRAILING_SL'}
2026-09-03 10:42:36,536 - INFO - 🟡 UPDATE (TRAILING_SL) [CFStructural_v3.2_RVOL0.8|uctural_v3.2_RVOL0.8]: NSE:NIFTY50-INDEX @ 23961.10 | SL→23968.44 TP→23900.79
2026-09-03 10:42:37,280 - INFO - Retrieved live premium from Fyers API: LTP=352.15 for NSE:BANKNIFTY26SEP57000PE
2026-09-03 10:42:38,265 - INFO - Retrieved live premium from Fyers API: LTP=352.15 for NSE:BANKNIFTY26SEP57000PE
2026-09-03 10:42:39,288 - INFO - Retrieved live premium from Fyers API: LTP=325.0 for NSE:BANKNIFTY26SEP56900PE
2026-09-03 10:42:40,321 - INFO - Retrieved live premium from Fyers API: LTP=301.05 for NSE:BANKNIFTY26SEP56800PE
2026-09-03 10:42:41,279 - INFO - Retrieved live premium from Fyers API: LTP=325.0 for NSE:BANKNIFTY26SEP56900PE
2026-09-03 10:43:04,120 - INFO - 📊 Saved 22 snapshots for NSE:NIFTYBANK-INDEX  (oi range: 54,180–1,967,520)
2026-09-03 10:43:05,240 - INFO - 📡 Fetching NSE:NIFTY50-INDEX @ 23956  expiry=26908  strikes=ATM±5
2026-09-03 10:43:05,905 - INFO - ⏱️ [Real-time Exit Loop] Checking open positions @ 10:43:05...
2026-09-03 10:43:06,999 - INFO - 📊 EXECUTION AUDIT [CF_SL_MODIFIED]: trade_id=None, candidate_id=cand_NSE_NIFTYBANK_INDEX_BREAKOUT_57023.95_20260903_094500_Structural_v3.3_ExitMgmt, payload={'price': 57563.8, 'old_sl': 57660.75, 'new_sl': 57656.83, 'old_tp': None, 'new_tp': 57272.853571428575, 'reason': 'TRAILING_SL'}
2026-09-03 10:43:07,053 - INFO - 🟡 UPDATE (TRAILING_SL) [CFStructural_v3.3_ExitMgmt|ctural_v3.3_ExitMgmt]: NSE:NIFTYBANK-INDEX @ 57563.80 | SL→57656.83 TP→57272.85
2026-09-03 10:43:07,054 - INFO - 📊 EXECUTION AUDIT [CF_SL_MODIFIED]: trade_id=None, candidate_id=cand_NSE_NIFTY50_INDEX_TRENDLINE_RETEST_24005.50_202609030955_Geometry_v1.0_Score35, payload={'price': 23956.35, 'old_sl': 23977.399999999998, 'new_sl': 23972.649999999998, 'old_tp': None, 'new_tp': 23950.000000000004, 'reason': 'TRAILING_SL'}
2026-09-03 10:43:07,094 - INFO - 🟡 UPDATE (TRAILING_SL) [CFGeometry_v1.0_Score35|eometry_v1.0_Score35]: NSE:NIFTY50-INDEX @ 23956.35 | SL→23972.65 TP→23950.00
2026-09-03 10:43:07,094 - INFO - 📊 EXECUTION AUDIT [CF_SL_MODIFIED]: trade_id=None, candidate_id=cand_NSE_NIFTY50_INDEX_TRENDLINE_RETEST_24005.50_202609030955_Geometry_v1.0_Score50, payload={'price': 23956.35, 'old_sl': 23977.399999999998, 'new_sl': 23972.649999999998, 'old_tp': None, 'new_tp': 23950.000000000004, 'reason': 'TRAILING_SL'}
2026-09-03 10:43:07,134 - INFO - 🟡 UPDATE (TRAILING_SL) [CFGeometry_v1.0_Score50|eometry_v1.0_Score50]: NSE:NIFTY50-INDEX @ 23956.35 | SL→23972.65 TP→23950.00
2026-09-03 10:43:07,134 - INFO - 📊 EXECUTION AUDIT [CF_SL_MODIFIED]: trade_id=None, candidate_id=cand_NSE_NIFTY50_INDEX_BREAKOUT_23851.90_20260903_100000_Structural_v3.3_ExitMgmt, payload={'price': 23956.35, 'old_sl': 23983.12, 'new_sl': 23978.37, 'old_tp': None, 'new_tp': 23887.335714285713, 'reason': 'TRAILING_SL'}
2026-09-03 10:43:07,172 - INFO - 🟡 UPDATE (TRAILING_SL) [CFStructural_v3.3_ExitMgmt|ctural_v3.3_ExitMgmt]: NSE:NIFTY50-INDEX @ 23956.35 | SL→23978.37 TP→23887.34
2026-09-03 10:43:07,172 - INFO - 📊 EXECUTION AUDIT [CF_SL_MODIFIED]: trade_id=None, candidate_id=cand_NSE_NIFTY50_INDEX_VWAPRECLAIM_23984.70_20260903_103005_VWAP_Reclaim_v1.0, payload={'price': 23956.35, 'old_sl': 23979.949999999997, 'new_sl': 23975.199999999997, 'old_tp': None, 'new_tp': 23901.4, 'reason': 'TRAILING_SL'}
2026-09-03 10:43:07,209 - INFO - 🟡 UPDATE (TRAILING_SL) [CFVWAP_Reclaim_v1.0|05_VWAP_Reclaim_v1.0]: NSE:NIFTY50-INDEX @ 23956.35 | SL→23975.20 TP→23901.40
2026-09-03 10:43:07,209 - INFO - 📊 EXECUTION AUDIT [CF_SL_MODIFIED]: trade_id=None, candidate_id=cand_NSE_NIFTYBANK_INDEX_VWAPRECLAIM_57604.70_20260903_103506_VWAP_Reclaim_v1.0, payload={'price': 57563.8, 'old_sl': 57640.8, 'new_sl': 57638.350000000006, 'old_tp': None, 'new_tp': 57289.7, 'reason': 'TRAILING_SL'}
2026-09-03 10:43:07,251 - INFO - 🟡 UPDATE (TRAILING_SL) [CFVWAP_Reclaim_v1.0|06_VWAP_Reclaim_v1.0]: NSE:NIFTYBANK-INDEX @ 57563.80 | SL→57638.35 TP→57289.70
2026-09-03 10:43:07,251 - INFO - 📊 EXECUTION AUDIT [CF_SL_MODIFIED]: trade_id=None, candidate_id=cand_NSE_NIFTY50_INDEX_BREAKOUT_23851.90_20260903_103500_Structural_v3.2_RVOL1.0, payload={'price': 23956.35, 'old_sl': 23968.44107142857, 'new_sl': 23963.69107142857, 'old_tp': None, 'new_tp': 23900.789285714287, 'reason': 'TRAILING_SL'}
2026-09-03 10:43:07,291 - INFO - 🟡 UPDATE (TRAILING_SL) [CFStructural_v3.2_RVOL1.0|uctural_v3.2_RVOL1.0]: NSE:NIFTY50-INDEX @ 23956.35 | SL→23963.69 TP→23900.79
2026-09-03 10:43:07,291 - INFO - 📊 EXECUTION AUDIT [CF_SL_MODIFIED]: trade_id=None, candidate_id=cand_NSE_NIFTY50_INDEX_BREAKOUT_23851.90_20260903_103500_Structural_v3.2_RVOL0.8, payload={'price': 23956.35, 'old_sl': 23968.44107142857, 'new_sl': 23963.69107142857, 'old_tp': None, 'new_tp': 23900.789285714287, 'reason': 'TRAILING_SL'}
2026-09-03 10:43:07,327 - INFO - 🟡 UPDATE (TRAILING_SL) [CFStructural_v3.2_RVOL0.8|uctural_v3.2_RVOL0.8]: NSE:NIFTY50-INDEX @ 23956.35 | SL→23963.69 TP→23900.79
2026-09-03 10:43:08,049 - INFO - Retrieved live premium from Fyers API: LTP=356.0 for NSE:BANKNIFTY26SEP57000PE
2026-09-03 10:43:09,024 - INFO - Retrieved live premium from Fyers API: LTP=356.45 for NSE:BANKNIFTY26SEP57000PE
2026-09-03 10:43:10,032 - INFO - Retrieved live premium from Fyers API: LTP=330.4 for NSE:BANKNIFTY26SEP56900PE
2026-09-03 10:43:11,026 - INFO - Retrieved live premium from Fyers API: LTP=304.0 for NSE:BANKNIFTY26SEP56800PE
2026-09-03 10:43:12,047 - INFO - Retrieved live premium from Fyers API: LTP=329.75 for NSE:BANKNIFTY26SEP56900PE
2026-09-03 10:43:34,899 - INFO - 📊 Saved 22 snapshots for NSE:NIFTY50-INDEX  (oi range: 372,840–13,261,170)
2026-09-03 10:43:35,675 - INFO - ⏱️ [Real-time Exit Loop] Checking open positions @ 10:43:35...
2026-09-03 10:43:36,775 - INFO - 📊 EXECUTION AUDIT [CF_EXITED]: trade_id=None, candidate_id=cand_NSE_NIFTY50_INDEX_BREAKOUT_23851.90_20260903_103500_Structural_v3.2_RVOL1.0, payload={'exit_price': 23964.4, 'exit_reason': 'TRAILING_SL', 'pnl_r': 0.06082725060827251, 'duration_minutes': 3.4951661666666665, 'bars_held': 0}
2026-09-03 10:43:36,830 - INFO - 🔴 EXIT (TRAILING_SL) [CFStructural_v3.2_RVOL1.0|uctural_v3.2_RVOL1.0]: NSE:NIFTY50-INDEX @ 23964.40 | PnL +0.06R | MFE 2.43R | Capture 2% | 0bars HoldEff +0.061R/bar
2026-09-03 10:43:36,830 - INFO - 📊 EXECUTION AUDIT [CF_EXITED]: trade_id=None, candidate_id=cand_NSE_NIFTY50_INDEX_BREAKOUT_23851.90_20260903_103500_Structural_v3.2_RVOL0.8, payload={'exit_price': 23964.4, 'exit_reason': 'TRAILING_SL', 'pnl_r': 0.06082725060827251, 'duration_minutes': 3.4951661666666665, 'bars_held': 0}
2026-09-03 10:43:36,873 - INFO - 🔴 EXIT (TRAILING_SL) [CFStructural_v3.2_RVOL0.8|uctural_v3.2_RVOL0.8]: NSE:NIFTY50-INDEX @ 23964.40 | PnL +0.06R | MFE 2.43R | Capture 2% | 0bars HoldEff +0.061R/bar
2026-09-03 10:43:37,013 - INFO - 📡 Fetching NSE:NIFTYBANK-INDEX @ 57570  expiry=26SEP  strikes=ATM±5
2026-09-03 10:43:37,795 - INFO - Retrieved live premium from Fyers API: LTP=353.65 for NSE:BANKNIFTY26SEP57000PE
2026-09-03 10:43:38,802 - INFO - Retrieved live premium from Fyers API: LTP=353.65 for NSE:BANKNIFTY26SEP57000PE
2026-09-03 10:43:39,800 - INFO - Retrieved live premium from Fyers API: LTP=327.5 for NSE:BANKNIFTY26SEP56900PE
2026-09-03 10:43:40,795 - INFO - Retrieved live premium from Fyers API: LTP=302.85 for NSE:BANKNIFTY26SEP56800PE
2026-09-03 10:43:41,807 - INFO - Retrieved live premium from Fyers API: LTP=327.5 for NSE:BANKNIFTY26SEP56900PE
2026-09-03 10:44:05,429 - INFO - ⏱️ [Real-time Exit Loop] Checking open positions @ 10:44:05...
2026-09-03 10:44:06,721 - INFO - 📊 Saved 22 snapshots for NSE:NIFTYBANK-INDEX  (oi range: 54,180–1,968,060)
2026-09-03 10:44:07,571 - INFO - Retrieved live premium from Fyers API: LTP=351.75 for NSE:BANKNIFTY26SEP57000PE
2026-09-03 10:44:07,839 - INFO - 📡 Fetching NSE:NIFTY50-INDEX @ 23965  expiry=26908  strikes=ATM±5
2026-09-03 10:44:08,574 - INFO - Retrieved live premium from Fyers API: LTP=351.45 for NSE:BANKNIFTY26SEP57000PE
2026-09-03 10:44:09,560 - INFO - Retrieved live premium from Fyers API: LTP=325.1 for NSE:BANKNIFTY26SEP56900PE
2026-09-03 10:44:10,546 - INFO - Retrieved live premium from Fyers API: LTP=301.0 for NSE:BANKNIFTY26SEP56800PE
2026-09-03 10:44:11,562 - INFO - Retrieved live premium from Fyers API: LTP=325.1 for NSE:BANKNIFTY26SEP56900PE
2026-09-03 10:44:35,136 - INFO - ⏱️ [Real-time Exit Loop] Checking open positions @ 10:44:35...
2026-09-03 10:44:37,247 - INFO - Retrieved live premium from Fyers API: LTP=353.85 for NSE:BANKNIFTY26SEP57000PE
2026-09-03 10:44:37,649 - INFO - 📊 Saved 22 snapshots for NSE:NIFTY50-INDEX  (oi range: 371,865–13,517,400)
2026-09-03 10:44:38,263 - INFO - Retrieved live premium from Fyers API: LTP=353.05 for NSE:BANKNIFTY26SEP57000PE
2026-09-03 10:44:39,275 - INFO - Retrieved live premium from Fyers API: LTP=326.6 for NSE:BANKNIFTY26SEP56900PE
2026-09-03 10:44:39,763 - INFO - 📡 Fetching NSE:NIFTYBANK-INDEX @ 57575  expiry=26SEP  strikes=ATM±5
2026-09-03 10:44:40,261 - INFO - Retrieved live premium from Fyers API: LTP=302.3 for NSE:BANKNIFTY26SEP56800PE
2026-09-03 10:44:41,268 - INFO - Retrieved live premium from Fyers API: LTP=326.6 for NSE:BANKNIFTY26SEP56900PE
2026-09-03 10:45:05,889 - INFO - 🔔 [New Candle Closed] Running entry pipeline for candle 10:45 at 10:45:05...
2026-09-03 10:45:05,890 - INFO - --- 10:45:05 Market Pulse ---
2026-09-03 10:45:09,489 - INFO - 📊 Saved 22 snapshots for NSE:NIFTYBANK-INDEX  (oi range: 54,270–1,966,950)
2026-09-03 10:45:10,609 - INFO - 📡 Fetching NSE:NIFTY50-INDEX @ 23966  expiry=26908  strikes=ATM±5
2026-09-03 10:45:11,032 - INFO - 📊 EXECUTION AUDIT [CF_EXITED]: trade_id=None, candidate_id=cand_NSE_NIFTY50_INDEX_TRENDLINE_RETEST_24005.50_202609030955_Geometry_v1.0_Score35, payload={'exit_price': 23975.4, 'exit_reason': 'TRAILING_SL', 'pnl_r': 0.294849023090586, 'duration_minutes': 50.01327353333333, 'bars_held': 10}
2026-09-03 10:45:11,092 - INFO - 🔴 EXIT (TRAILING_SL) [CFGeometry_v1.0_Score35|eometry_v1.0_Score35]: NSE:NIFTY50-INDEX @ 23975.40 | PnL +0.29R | MFE 3.02R | Capture 10% | 10bars HoldEff +0.029R/bar
2026-09-03 10:45:11,092 - INFO - 📊 EXECUTION AUDIT [CF_EXITED]: trade_id=None, candidate_id=cand_NSE_NIFTY50_INDEX_TRENDLINE_RETEST_24005.50_202609030955_Geometry_v1.0_Score50, payload={'exit_price': 23975.4, 'exit_reason': 'TRAILING_SL', 'pnl_r': 0.294849023090586, 'duration_minutes': 50.01327353333333, 'bars_held': 10}
2026-09-03 10:45:11,129 - INFO - 🔴 EXIT (TRAILING_SL) [CFGeometry_v1.0_Score50|eometry_v1.0_Score50]: NSE:NIFTY50-INDEX @ 23975.40 | PnL +0.29R | MFE 3.02R | Capture 10% | 10bars HoldEff +0.029R/bar
2026-09-03 10:45:11,130 - INFO - 📊 EXECUTION AUDIT [CF_EXITED]: trade_id=None, candidate_id=cand_NSE_NIFTY50_INDEX_VWAPRECLAIM_23984.70_20260903_103005_VWAP_Reclaim_v1.0, payload={'exit_price': 23975.4, 'exit_reason': 'TRAILING_SL', 'pnl_r': 0.1559196617336152, 'duration_minutes': 15.003351433333334, 'bars_held': 3}
2026-09-03 10:45:11,174 - INFO - 🔴 EXIT (TRAILING_SL) [CFVWAP_Reclaim_v1.0|05_VWAP_Reclaim_v1.0]: NSE:NIFTY50-INDEX @ 23975.40 | PnL +0.16R | MFE 1.50R | Capture 10% | 3bars HoldEff +0.052R/bar
2026-09-03 10:45:12,041 - INFO - Retrieved live premium from Fyers API: LTP=352.5 for NSE:BANKNIFTY26SEP57000PE
2026-09-03 10:45:13,050 - INFO - Retrieved live premium from Fyers API: LTP=353.55 for NSE:BANKNIFTY26SEP57000PE
2026-09-03 10:45:14,067 - INFO - Retrieved live premium from Fyers API: LTP=326.15 for NSE:BANKNIFTY26SEP56900PE
2026-09-03 10:45:15,045 - INFO - Retrieved live premium from Fyers API: LTP=302.1 for NSE:BANKNIFTY26SEP56800PE
2026-09-03 10:45:16,056 - INFO - Retrieved live premium from Fyers API: LTP=326.15 for NSE:BANKNIFTY26SEP56900PE
2026-09-03 10:45:21,665 - INFO - Resolved active expiry from DB: 26908 (2026-09-08)
2026-09-03 10:45:21,666 - INFO - 👻 [Structural_v3.2_RVOL1.0] CF BREAKOUT NSE:NIFTY50-INDEX BUY PUT | Rejected: ['LOW_RVOL', 'BIAS_MISMATCH']
2026-09-03 10:45:21,666 - INFO - 📊 EXECUTION AUDIT [SIGNAL_GENERATED]: trade_id=None, candidate_id=cand_NSE_NIFTY50_INDEX_BREAKOUT_23851.90_20260903_104000_Structural_v3.2_RVOL1.0, payload={'symbol': 'NSE:NIFTY50-INDEX', 'signal': 'BUY PUT', 'strategy': 'BREAKOUT', 'price': 23967.05, 'stop_loss': 23974.59642857143, 'take_profit': 23891.585714285713, 'tp1': 23955.730357142857, 'rr_ratio': 10.0, 'timestamp': '2026-09-03T10:40:00+05:30', 'accepted': False, 'rejection_reasons': ['LOW_RVOL', 'BIAS_MISMATCH'], 'features': {'date': '2026-09-03', 'strategy_name': 'Structural_v3', 'strategy_version': 'v3.2', 'feature_version': 'v1.1', 'market_regime': 'STRONG_TREND_UP_NORMAL', 'day_type': 'NORMAL_DAY', 'session_type': 'MID', 'daily_bias': 'NEUTRAL', 'hourly_bias': 'NEUTRAL', 'trend_strength': 0.0, 'rvol': 0.77, 'rvol_threshold': 1.0, 'atr': 15.09, 'distance_from_supply': 411.55, 'distance_from_demand': 159.5, 'nearest_supply_strength': 100.9, 'nearest_demand_strength': 70.9, 'distance_to_liquidity_pool': 159.5, 'liquidity_score': 7.7, 'indicator_snapshot': {'rvol_tod': 0.77, 'is_compressed': True, 'bos_count': 0}, 'move_efficiency': 0.6764, 'wickiness': 0.4862, 'fft_score': 0.0, 'setup_type': 'BREAKOUT', 'candidate_id': 'cand_NSE_NIFTY50_INDEX_BREAKOUT_23851.90_20260903_104000', 'ema20': 23971.86, 'ema50': 23936.11, 'move_efficiency_h1': 0.4204, 'ema_bullish': True, 'rsi14': 35.9, 'rsi2': 0.0, 'distance_to_vwap': -0.001, 'atr_percentile': 0.3565, 'dist_prev_high': 0.0022, 'dist_prev_low': 0.0076, 'adx': 39.94, 'adx_slope': -5.6451, 'gap_pct': 0.0035, 'regime_primary': 'STRONG_TREND_UP', 'regime_vol_state': 'NORMAL'}, 'candidate_id': 'cand_NSE_NIFTY50_INDEX_BREAKOUT_23851.90_20260903_104000_Structural_v3.2_RVOL1.0', 'experiment_name': 'Structural_v3.2_RVOL1.0', 'strategy_id': 'structural', 'version': 'v3.2'}
2026-09-03 10:45:21,690 - INFO - Resolved active expiry from DB: 26908 (2026-09-08)
2026-09-03 10:45:21,706 - INFO - Resolved index signal into option contract: OptionContract(symbol='NSE:NIFTY2690823950PE', strike=23950.0, expiry='26908', option_type='PE', premium=89.2, delta=0.5, bid=89.0, ask=89.15, volume=44859620, resolved_at=datetime.datetime(2026, 9, 3, 10, 45, 21, 706395))
2026-09-03 10:45:21,706 - INFO - ⚡ Option strike selection resolved index signal to contract NSE:NIFTY2690823950PE @ premium 89.2 (type: PE, strike: 23950.0)
2026-09-03 10:45:21,706 - INFO - 📊 EXECUTION AUDIT [STRIKE_SELECTED]: trade_id=None, candidate_id=cand_NSE_NIFTY50_INDEX_BREAKOUT_23851.90_20260903_104000_Structural_v3.2_RVOL1.0, payload={'symbol': 'NSE:NIFTY2690823950PE', 'strike': 23950.0, 'expiry': '26908', 'type': 'PE'}
2026-09-03 10:45:21,719 - INFO - 📊 EXECUTION AUDIT [PREMIUM_RETRIEVED]: trade_id=None, candidate_id=cand_NSE_NIFTY50_INDEX_BREAKOUT_23851.90_20260903_104000_Structural_v3.2_RVOL1.0, payload={'premium': 89.2, 'bid': 89.0, 'ask': 89.15}
2026-09-03 10:45:21,731 - INFO - 📊 EXECUTION AUDIT [CF_SUBMITTED]: trade_id=None, candidate_id=cand_NSE_NIFTY50_INDEX_BREAKOUT_23851.90_20260903_104000_Structural_v3.2_RVOL1.0, payload={'price': 23967.05, 'sl': 23974.59642857143, 'tp': 23891.585714285713}
2026-09-03 10:45:21,743 - INFO - 📊 EXECUTION AUDIT [CF_FILLED]: trade_id=None, candidate_id=cand_NSE_NIFTY50_INDEX_BREAKOUT_23851.90_20260903_104000_Structural_v3.2_RVOL1.0, payload={'price': 23967.05, 'sl': 23974.59642857143, 'tp': 23891.585714285713}
2026-09-03 10:45:21,757 - INFO - 💰 Position size [BREAKOUT|STRONG_TREND_UP_NORMAL|conf=70]: frac=0.006 → ₹5,000 (risk/unit=0.03%)
2026-09-03 10:45:21,785 - INFO - 🟢 ENTRY [CF|Structural_v3.2_RVOL1.0|uctural_v3.2_RVOL1.0]: NSE:NIFTY50-INDEX BUY PUT @ 23967.05 | SL: 23974.60 TP: 23891.59
2026-09-03 10:45:21,785 - INFO - 👻 [Structural_v3.2_RVOL0.8] CF BREAKOUT NSE:NIFTY50-INDEX BUY PUT | Rejected: ['LOW_RVOL', 'BIAS_MISMATCH']
2026-09-03 10:45:21,786 - INFO - 📊 EXECUTION AUDIT [SIGNAL_GENERATED]: trade_id=None, candidate_id=cand_NSE_NIFTY50_INDEX_BREAKOUT_23851.90_20260903_104000_Structural_v3.2_RVOL0.8, payload={'symbol': 'NSE:NIFTY50-INDEX', 'signal': 'BUY PUT', 'strategy': 'BREAKOUT', 'price': 23967.05, 'stop_loss': 23974.59642857143, 'take_profit': 23891.585714285713, 'tp1': 23955.730357142857, 'rr_ratio': 10.0, 'timestamp': '2026-09-03T10:40:00+05:30', 'accepted': False, 'rejection_reasons': ['LOW_RVOL', 'BIAS_MISMATCH'], 'features': {'date': '2026-09-03', 'strategy_name': 'Structural_v3', 'strategy_version': 'v3.2', 'feature_version': 'v1.1', 'market_regime': 'STRONG_TREND_UP_NORMAL', 'day_type': 'NORMAL_DAY', 'session_type': 'MID', 'daily_bias': 'NEUTRAL', 'hourly_bias': 'NEUTRAL', 'trend_strength': 0.0, 'rvol': 0.77, 'rvol_threshold': 0.8, 'atr': 15.09, 'distance_from_supply': 411.55, 'distance_from_demand': 159.5, 'nearest_supply_strength': 100.9, 'nearest_demand_strength': 70.9, 'distance_to_liquidity_pool': 159.5, 'liquidity_score': 7.7, 'indicator_snapshot': {'rvol_tod': 0.77, 'is_compressed': True, 'bos_count': 0}, 'move_efficiency': 0.6764, 'wickiness': 0.4862, 'fft_score': 0.0, 'setup_type': 'BREAKOUT', 'candidate_id': 'cand_NSE_NIFTY50_INDEX_BREAKOUT_23851.90_20260903_104000', 'ema20': 23971.86, 'ema50': 23936.11, 'move_efficiency_h1': 0.4204, 'ema_bullish': True, 'rsi14': 35.9, 'rsi2': 0.0, 'distance_to_vwap': -0.001, 'atr_percentile': 0.3565, 'dist_prev_high': 0.0022, 'dist_prev_low': 0.0076, 'adx': 39.94, 'adx_slope': -5.6451, 'gap_pct': 0.0035, 'regime_primary': 'STRONG_TREND_UP', 'regime_vol_state': 'NORMAL'}, 'candidate_id': 'cand_NSE_NIFTY50_INDEX_BREAKOUT_23851.90_20260903_104000_Structural_v3.2_RVOL0.8', 'experiment_name': 'Structural_v3.2_RVOL0.8', 'strategy_id': 'structural', 'version': 'v3.2'}
2026-09-03 10:45:21,813 - INFO - Resolved active expiry from DB: 26908 (2026-09-08)
2026-09-03 10:45:21,830 - INFO - Resolved index signal into option contract: OptionContract(symbol='NSE:NIFTY2690823950PE', strike=23950.0, expiry='26908', option_type='PE', premium=89.2, delta=0.5, bid=89.0, ask=89.15, volume=44859620, resolved_at=datetime.datetime(2026, 9, 3, 10, 45, 21, 830044))
2026-09-03 10:45:21,830 - INFO - ⚡ Option strike selection resolved index signal to contract NSE:NIFTY2690823950PE @ premium 89.2 (type: PE, strike: 23950.0)
2026-09-03 10:45:21,830 - INFO - 📊 EXECUTION AUDIT [STRIKE_SELECTED]: trade_id=None, candidate_id=cand_NSE_NIFTY50_INDEX_BREAKOUT_23851.90_20260903_104000_Structural_v3.2_RVOL0.8, payload={'symbol': 'NSE:NIFTY2690823950PE', 'strike': 23950.0, 'expiry': '26908', 'type': 'PE'}
2026-09-03 10:45:21,845 - INFO - 📊 EXECUTION AUDIT [PREMIUM_RETRIEVED]: trade_id=None, candidate_id=cand_NSE_NIFTY50_INDEX_BREAKOUT_23851.90_20260903_104000_Structural_v3.2_RVOL0.8, payload={'premium': 89.2, 'bid': 89.0, 'ask': 89.15}
2026-09-03 10:45:21,861 - INFO - 📊 EXECUTION AUDIT [CF_SUBMITTED]: trade_id=None, candidate_id=cand_NSE_NIFTY50_INDEX_BREAKOUT_23851.90_20260903_104000_Structural_v3.2_RVOL0.8, payload={'price': 23967.05, 'sl': 23974.59642857143, 'tp': 23891.585714285713}
2026-09-03 10:45:21,874 - INFO - 📊 EXECUTION AUDIT [CF_FILLED]: trade_id=None, candidate_id=cand_NSE_NIFTY50_INDEX_BREAKOUT_23851.90_20260903_104000_Structural_v3.2_RVOL0.8, payload={'price': 23967.05, 'sl': 23974.59642857143, 'tp': 23891.585714285713}
2026-09-03 10:45:21,886 - INFO - 💰 Position size [BREAKOUT|STRONG_TREND_UP_NORMAL|conf=70]: frac=0.006 → ₹5,000 (risk/unit=0.03%)
2026-09-03 10:45:21,915 - INFO - 🟢 ENTRY [CF|Structural_v3.2_RVOL0.8|uctural_v3.2_RVOL0.8]: NSE:NIFTY50-INDEX BUY PUT @ 23967.05 | SL: 23974.60 TP: 23891.59
2026-09-03 10:45:23,736 - INFO - Resolved active expiry from DB: 26SEP (2026-09-29)
2026-09-03 10:45:23,738 - INFO - 👻 [EMA_Pullback_20_50_RVOL0.5] CF PULLBACK NSE:NIFTYBANK-INDEX BUY CALL | Rejected: ['LOW_EFFICIENCY', 'LOW_RR']
2026-09-03 10:45:23,738 - INFO - 📊 EXECUTION AUDIT [SIGNAL_GENERATED]: trade_id=None, candidate_id=cand_NSE_NIFTYBANK_INDEX_EMAPULL_57595.90_20260903_104505_EMA_Pullback_20_50_RVOL0.5, payload={'symbol': 'NSE:NIFTYBANK-INDEX', 'signal': 'BUY CALL', 'strategy': 'PULLBACK', 'price': 57595.9, 'stop_loss': 57370.8, 'take_profit': 57885.65, 'tp1': 57933.55, 'rr_ratio': 1.29, 'timestamp': '2026-09-03T10:45:05.889961+05:30', 'accepted': False, 'rejection_reasons': ['LOW_EFFICIENCY', 'LOW_RR'], 'features': {'atr': 57.95, 'ema20': 57560.04, 'ema50': 57382.39, 'move_efficiency': 0.2957, 'move_efficiency_h1': 0.493, 'wickiness': 0.3401, 'ema_bullish': True, 'rsi14': 43.5, 'rsi2': 26.22, 'distance_to_vwap': -0.0008, 'atr_percentile': 0.6217, 'dist_prev_high': 0.0066, 'dist_prev_low': 0.0136, 'adx': 43.96, 'adx_slope': -4.6176, 'gap_pct': 0.0057, 'regime_primary': 'GAP_UP', 'regime_vol_state': 'NORMAL', 'market_regime': 'GAP_UP_NORMAL'}, 'candidate_id': 'cand_NSE_NIFTYBANK_INDEX_EMAPULL_57595.90_20260903_104505_EMA_Pullback_20_50_RVOL0.5', 'confidence': 0.5, 'diagnostics': {'ema_distance': 0.00062, 'ema20': 57560.04, 'ema50': 57382.39, 'move_efficiency': 0.296, 'rvol': 0.78, 'atr': 57.95, 'atr_percentile': 0.622, 'distance_to_vwap': -0.0008}, 'experiment_name': 'EMA_Pullback_20_50_RVOL0.5', 'strategy_id': 'ema_pullback', 'version': 'v1.0'}
2026-09-03 10:45:23,765 - INFO - Resolved active expiry from DB: 26SEP (2026-09-29)
2026-09-03 10:45:23,779 - INFO - Resolved index signal into option contract: OptionContract(symbol='NSE:BANKNIFTY26SEP57600CE', strike=57600.0, expiry='26SEP', option_type='CE', premium=854.7, delta=0.5, bid=854.45, ask=856.5, volume=663390, resolved_at=datetime.datetime(2026, 9, 3, 10, 45, 23, 779520))
2026-09-03 10:45:23,779 - INFO - ⚡ Option strike selection resolved index signal to contract NSE:BANKNIFTY26SEP57600CE @ premium 854.7 (type: CE, strike: 57600.0)
2026-09-03 10:45:23,779 - INFO - 📊 EXECUTION AUDIT [STRIKE_SELECTED]: trade_id=None, candidate_id=cand_NSE_NIFTYBANK_INDEX_EMAPULL_57595.90_20260903_104505_EMA_Pullback_20_50_RVOL0.5, payload={'symbol': 'NSE:BANKNIFTY26SEP57600CE', 'strike': 57600.0, 'expiry': '26SEP', 'type': 'CE'}
2026-09-03 10:45:23,792 - INFO - 📊 EXECUTION AUDIT [PREMIUM_RETRIEVED]: trade_id=None, candidate_id=cand_NSE_NIFTYBANK_INDEX_EMAPULL_57595.90_20260903_104505_EMA_Pullback_20_50_RVOL0.5, payload={'premium': 854.7, 'bid': 854.45, 'ask': 856.5}
2026-09-03 10:45:23,809 - INFO - 📊 EXECUTION AUDIT [CF_SUBMITTED]: trade_id=None, candidate_id=cand_NSE_NIFTYBANK_INDEX_EMAPULL_57595.90_20260903_104505_EMA_Pullback_20_50_RVOL0.5, payload={'price': 57595.9, 'sl': 57370.8, 'tp': 57885.65}
2026-09-03 10:45:23,823 - INFO - 📊 EXECUTION AUDIT [CF_FILLED]: trade_id=None, candidate_id=cand_NSE_NIFTYBANK_INDEX_EMAPULL_57595.90_20260903_104505_EMA_Pullback_20_50_RVOL0.5, payload={'price': 57595.9, 'sl': 57370.8, 'tp': 57885.65}
2026-09-03 10:45:23,836 - INFO - 💰 Position size [PULLBACK|GAP_UP_NORMAL|conf=0]: frac=0.002 → ₹5,000 (risk/unit=0.39%)
2026-09-03 10:45:23,863 - INFO - 🟢 ENTRY [CF|EMA_Pullback_20_50_RVOL0.5|llback_20_50_RVOL0.5]: NSE:NIFTYBANK-INDEX BUY CALL @ 57595.90 | SL: 57370.80 TP: 57885.65
2026-09-03 10:45:23,863 - INFO - 🧭 [IronCondor_v1.0] Regime router: NSE:NIFTYBANK-INDEX combo blocked from REAL capital (regime=GAP_UP_NORMAL) — routed to CF
2026-09-03 10:45:23,878 - INFO - Resolved active expiry from DB: 26SEP (2026-09-29)
2026-09-03 10:45:23,944 - INFO - Resolved IRON_CONDOR for NSE:NIFTYBANK-INDEX: [('PE', 'SELL', 57500.0), ('PE', 'BUY', 57300.0), ('CE', 'SELL', 57700.0), ('CE', 'BUY', 57900.0)] net_premium=-175.10 max_loss=24.90
2026-09-03 10:45:23,974 - INFO - 🟢 CF COMBO ENTRY [IronCondor_v1.0|4505_IronCondor_v1.0]: NSE:NIFTYBANK-INDEX IRON_CONDOR | Net premium: -175.10 | Max loss: 24.90
2026-09-03 10:45:23,975 - INFO - 👻 [Butterfly_v1.0] CF COMBO BUTTERFLY_SPREAD NSE:NIFTYBANK-INDEX BUTTERFLY_SPREAD | Rejected: ['COOLDOWN_AFTER_LOSS']
2026-09-03 10:45:23,992 - INFO - Resolved active expiry from DB: 26SEP (2026-09-29)
2026-09-03 10:45:24,058 - INFO - Resolved BUTTERFLY_SPREAD for NSE:NIFTYBANK-INDEX: [('CE', 'BUY', 57400.0), ('CE', 'SELL', 57600.0), ('CE', 'SELL', 57600.0), ('CE', 'BUY', 57800.0)] net_premium=11.70 max_loss=11.70
2026-09-03 10:45:24,087 - INFO - 🟢 CF COMBO ENTRY [Butterfly_v1.0|04505_Butterfly_v1.0]: NSE:NIFTYBANK-INDEX BUTTERFLY_SPREAD | Net premium: 11.70 | Max loss: 11.70
2026-09-03 10:45:24,088 - INFO - 🧭 [IronButterfly_v1.0] Regime router: NSE:NIFTYBANK-INDEX combo blocked from REAL capital (regime=GAP_UP_NORMAL) — routed to CF
2026-09-03 10:45:24,103 - INFO - Resolved active expiry from DB: 26SEP (2026-09-29)
2026-09-03 10:45:24,168 - INFO - Resolved IRON_BUTTERFLY for NSE:NIFTYBANK-INDEX: [('PE', 'SELL', 57600.0), ('CE', 'SELL', 57600.0), ('PE', 'BUY', 57200.0), ('CE', 'BUY', 58000.0)] net_premium=-358.50 max_loss=41.50
2026-09-03 10:45:24,195 - INFO - 🟢 CF COMBO ENTRY [IronButterfly_v1.0|5_IronButterfly_v1.0]: NSE:NIFTYBANK-INDEX IRON_BUTTERFLY | Net premium: -358.50 | Max loss: 41.50
2026-09-03 10:45:24,195 - INFO - 🧭 [ExpiryAwareTheta_v1.0] Regime router: NSE:NIFTYBANK-INDEX combo blocked from REAL capital (regime=GAP_UP_NORMAL) — routed to CF
2026-09-03 10:45:24,213 - INFO - Resolved active expiry from DB: 26SEP (2026-09-29)
2026-09-03 10:45:24,281 - INFO - Resolved IRON_CONDOR for NSE:NIFTYBANK-INDEX: [('PE', 'SELL', 57500.0), ('PE', 'BUY', 57300.0), ('CE', 'SELL', 57700.0), ('CE', 'BUY', 57900.0)] net_premium=-175.10 max_loss=24.90
2026-09-03 10:45:24,308 - INFO - 🟢 CF COMBO ENTRY [ExpiryAwareTheta_v1.0|xpiryAwareTheta_v1.0]: NSE:NIFTYBANK-INDEX IRON_CONDOR | Net premium: -175.10 | Max loss: 24.90
2026-09-03 10:45:35,319 - INFO - ⏱️ [Real-time Exit Loop] Checking open positions @ 10:45:35...
2026-09-03 10:45:36,428 - INFO - 📊 EXECUTION AUDIT [CF_SL_MODIFIED]: trade_id=None, candidate_id=cand_NSE_NIFTY50_INDEX_BREAKOUT_23851.90_20260903_104000_Structural_v3.2_RVOL1.0, payload={'price': 23966.25, 'old_sl': 23974.59642857143, 'new_sl': 23973.79642857143, 'old_tp': None, 'new_tp': 23891.585714285713, 'reason': 'TRAILING_SL'}
2026-09-03 10:45:36,475 - INFO - 🟡 UPDATE (TRAILING_SL) [CFStructural_v3.2_RVOL1.0|uctural_v3.2_RVOL1.0]: NSE:NIFTY50-INDEX @ 23966.25 | SL→23973.80 TP→23891.59
2026-09-03 10:45:36,475 - INFO - 📊 EXECUTION AUDIT [CF_SL_MODIFIED]: trade_id=None, candidate_id=cand_NSE_NIFTY50_INDEX_BREAKOUT_23851.90_20260903_104000_Structural_v3.2_RVOL0.8, payload={'price': 23966.25, 'old_sl': 23974.59642857143, 'new_sl': 23973.79642857143, 'old_tp': None, 'new_tp': 23891.585714285713, 'reason': 'TRAILING_SL'}
2026-09-03 10:45:36,514 - INFO - 🟡 UPDATE (TRAILING_SL) [CFStructural_v3.2_RVOL0.8|uctural_v3.2_RVOL0.8]: NSE:NIFTY50-INDEX @ 23966.25 | SL→23973.80 TP→23891.59
2026-09-03 10:45:37,412 - INFO - Retrieved live premium from Fyers API: LTP=353.35 for NSE:BANKNIFTY26SEP57000PE
2026-09-03 10:45:38,447 - INFO - Retrieved live premium from Fyers API: LTP=353.35 for NSE:BANKNIFTY26SEP57000PE
2026-09-03 10:45:39,447 - INFO - Retrieved live premium from Fyers API: LTP=326.15 for NSE:BANKNIFTY26SEP56900PE
2026-09-03 10:45:40,453 - INFO - Retrieved live premium from Fyers API: LTP=300.6 for NSE:BANKNIFTY26SEP56800PE
2026-09-03 10:45:41,311 - INFO - 📊 Saved 22 snapshots for NSE:NIFTY50-INDEX  (oi range: 372,775–13,669,045)
2026-09-03 10:45:41,443 - INFO - Retrieved live premium from Fyers API: LTP=326.15 for NSE:BANKNIFTY26SEP56900PE
2026-09-03 10:45:43,440 - INFO - 📡 Fetching NSE:NIFTYBANK-INDEX @ 57589  expiry=26SEP  strikes=ATM±5
2026-09-03 10:45:45,316 - INFO - 🔴 CF COMBO EXIT (STOP_R) [Butterfly_v1.0|04505_Butterfly_v1.0]: NSE:NIFTYBANK-INDEX BUTTERFLY_SPREAD | PnL -0.74R | 0min
2026-09-03 10:46:05,490 - INFO - ⏱️ [Real-time Exit Loop] Checking open positions @ 10:46:05...
2026-09-03 10:46:07,617 - INFO - Retrieved live premium from Fyers API: LTP=353.85 for NSE:BANKNIFTY26SEP57000PE
2026-09-03 10:46:08,615 - INFO - Retrieved live premium from Fyers API: LTP=353.85 for NSE:BANKNIFTY26SEP57000PE
2026-09-03 10:46:09,612 - INFO - Retrieved live premium from Fyers API: LTP=327.2 for NSE:BANKNIFTY26SEP56900PE
2026-09-03 10:46:10,620 - INFO - Retrieved live premium from Fyers API: LTP=302.4 for NSE:BANKNIFTY26SEP56800PE
2026-09-03 10:46:11,604 - INFO - Retrieved live premium from Fyers API: LTP=327.85 for NSE:BANKNIFTY26SEP56900PE
2026-09-03 10:46:13,077 - INFO - 📊 Saved 22 snapshots for NSE:NIFTYBANK-INDEX  (oi range: 54,210–1,967,460)
2026-09-03 10:46:14,185 - INFO - 📡 Fetching NSE:NIFTY50-INDEX @ 23967  expiry=26908  strikes=ATM±5
2026-09-03 10:46:35,446 - INFO - ⏱️ [Real-time Exit Loop] Checking open positions @ 10:46:35...
2026-09-03 10:46:37,555 - INFO - Retrieved live premium from Fyers API: LTP=356.6 for NSE:BANKNIFTY26SEP57000PE
2026-09-03 10:46:38,558 - INFO - Retrieved live premium from Fyers API: LTP=356.6 for NSE:BANKNIFTY26SEP57000PE
2026-09-03 10:46:39,572 - INFO - Retrieved live premium from Fyers API: LTP=329.6 for NSE:BANKNIFTY26SEP56900PE
2026-09-03 10:46:40,564 - INFO - Retrieved live premium from Fyers API: LTP=304.8 for NSE:BANKNIFTY26SEP56800PE
2026-09-03 10:46:41,547 - INFO - Retrieved live premium from Fyers API: LTP=330.1 for NSE:BANKNIFTY26SEP56900PE
2026-09-03 10:46:43,923 - INFO - 📊 Saved 22 snapshots for NSE:NIFTY50-INDEX  (oi range: 372,905–13,853,515)
2026-09-03 10:46:46,040 - INFO - 📡 Fetching NSE:NIFTYBANK-INDEX @ 57579  expiry=26SEP  strikes=ATM±5
2026-09-03 10:47:05,348 - INFO - ⏱️ [Real-time Exit Loop] Checking open positions @ 10:47:05...
2026-09-03 10:47:07,465 - INFO - Retrieved live premium from Fyers API: LTP=355.0 for NSE:BANKNIFTY26SEP57000PE
2026-09-03 10:47:08,446 - INFO - Retrieved live premium from Fyers API: LTP=355.0 for NSE:BANKNIFTY26SEP57000PE
2026-09-03 10:47:09,453 - INFO - Retrieved live premium from Fyers API: LTP=328.65 for NSE:BANKNIFTY26SEP56900PE
2026-09-03 10:47:10,467 - INFO - Retrieved live premium from Fyers API: LTP=303.85 for NSE:BANKNIFTY26SEP56800PE
2026-09-03 10:47:11,474 - INFO - Retrieved live premium from Fyers API: LTP=328.65 for NSE:BANKNIFTY26SEP56900PE
2026-09-03 10:47:15,738 - INFO - 📊 Saved 22 snapshots for NSE:NIFTYBANK-INDEX  (oi range: 54,180–1,968,900)
2026-09-03 10:47:16,842 - INFO - 📡 Fetching NSE:NIFTY50-INDEX @ 23969  expiry=26908  strikes=ATM±5
2026-09-03 10:47:35,293 - INFO - ⏱️ [Real-time Exit Loop] Checking open positions @ 10:47:35...
2026-09-03 10:47:37,435 - INFO - Retrieved live premium from Fyers API: LTP=355.45 for NSE:BANKNIFTY26SEP57000PE
2026-09-03 10:47:38,412 - INFO - Retrieved live premium from Fyers API: LTP=355.45 for NSE:BANKNIFTY26SEP57000PE
2026-09-03 10:47:39,430 - INFO - Retrieved live premium from Fyers API: LTP=328.4 for NSE:BANKNIFTY26SEP56900PE
2026-09-03 10:47:40,419 - INFO - Retrieved live premium from Fyers API: LTP=304.8 for NSE:BANKNIFTY26SEP56800PE
2026-09-03 10:47:41,423 - INFO - Retrieved live premium from Fyers API: LTP=328.4 for NSE:BANKNIFTY26SEP56900PE
2026-09-03 10:47:46,535 - INFO - 📊 Saved 22 snapshots for NSE:NIFTY50-INDEX  (oi range: 373,815–13,932,750)
2026-09-03 10:47:48,643 - INFO - 📡 Fetching NSE:NIFTYBANK-INDEX @ 57577  expiry=26SEP  strikes=ATM±5
2026-09-03 10:48:05,226 - INFO - ⏱️ [Real-time Exit Loop] Checking open positions @ 10:48:05...
2026-09-03 10:48:07,352 - INFO - Retrieved live premium from Fyers API: LTP=352.0 for NSE:BANKNIFTY26SEP57000PE
2026-09-03 10:48:08,352 - INFO - Retrieved live premium from Fyers API: LTP=351.65 for NSE:BANKNIFTY26SEP57000PE
2026-09-03 10:48:09,367 - INFO - Retrieved live premium from Fyers API: LTP=326.8 for NSE:BANKNIFTY26SEP56900PE
2026-09-03 10:48:10,361 - INFO - Retrieved live premium from Fyers API: LTP=302.1 for NSE:BANKNIFTY26SEP56800PE
2026-09-03 10:48:11,383 - INFO - Retrieved live premium from Fyers API: LTP=326.8 for NSE:BANKNIFTY26SEP56900PE
2026-09-03 10:48:18,386 - INFO - 📊 Saved 22 snapshots for NSE:NIFTYBANK-INDEX  (oi range: 54,180–1,967,550)
2026-09-03 10:48:19,517 - INFO - 📡 Fetching NSE:NIFTY50-INDEX @ 23970  expiry=26908  strikes=ATM±5
2026-09-03 10:48:35,279 - INFO - ⏱️ [Real-time Exit Loop] Checking open positions @ 10:48:35...
2026-09-03 10:48:37,384 - INFO - Retrieved live premium from Fyers API: LTP=350.65 for NSE:BANKNIFTY26SEP57000PE
2026-09-03 10:48:38,389 - INFO - Retrieved live premium from Fyers API: LTP=350.65 for NSE:BANKNIFTY26SEP57000PE
2026-09-03 10:48:39,386 - INFO - Retrieved live premium from Fyers API: LTP=326.8 for NSE:BANKNIFTY26SEP56900PE
2026-09-03 10:48:40,388 - INFO - Retrieved live premium from Fyers API: LTP=302.1 for NSE:BANKNIFTY26SEP56800PE
2026-09-03 10:48:41,390 - INFO - Retrieved live premium from Fyers API: LTP=326.8 for NSE:BANKNIFTY26SEP56900PE
2026-09-03 10:48:49,174 - INFO - 📊 Saved 22 snapshots for NSE:NIFTY50-INDEX  (oi range: 373,490–14,070,485)
2026-09-03 10:48:51,271 - INFO - 📡 Fetching NSE:NIFTYBANK-INDEX @ 57587  expiry=26SEP  strikes=ATM±5
2026-09-03 10:49:05,147 - INFO - ⏱️ [Real-time Exit Loop] Checking open positions @ 10:49:05...
2026-09-03 10:49:07,260 - INFO - Retrieved live premium from Fyers API: LTP=352.75 for NSE:BANKNIFTY26SEP57000PE
2026-09-03 10:49:08,255 - INFO - Retrieved live premium from Fyers API: LTP=352.75 for NSE:BANKNIFTY26SEP57000PE
2026-09-03 10:49:09,265 - INFO - Retrieved live premium from Fyers API: LTP=323.4 for NSE:BANKNIFTY26SEP56900PE
2026-09-03 10:49:10,262 - INFO - Retrieved live premium from Fyers API: LTP=299.6 for NSE:BANKNIFTY26SEP56800PE
2026-09-03 10:49:11,269 - INFO - Retrieved live premium from Fyers API: LTP=323.4 for NSE:BANKNIFTY26SEP56900PE
2026-09-03 10:49:20,657 - INFO - 📊 Saved 22 snapshots for NSE:NIFTYBANK-INDEX  (oi range: 54,180–1,963,590)
2026-09-03 10:49:21,745 - INFO - 📡 Fetching NSE:NIFTY50-INDEX @ 23972  expiry=26908  strikes=ATM±5
2026-09-03 10:49:35,127 - INFO - ⏱️ [Real-time Exit Loop] Checking open positions @ 10:49:35...
2026-09-03 10:49:37,230 - INFO - Retrieved live premium from Fyers API: LTP=354.0 for NSE:BANKNIFTY26SEP57000PE
2026-09-03 10:49:38,236 - INFO - Retrieved live premium from Fyers API: LTP=354.0 for NSE:BANKNIFTY26SEP57000PE
2026-09-03 10:49:39,248 - INFO - Retrieved live premium from Fyers API: LTP=326.1 for NSE:BANKNIFTY26SEP56900PE
2026-09-03 10:49:40,249 - INFO - Retrieved live premium from Fyers API: LTP=301.75 for NSE:BANKNIFTY26SEP56800PE
2026-09-03 10:49:41,247 - INFO - Retrieved live premium from Fyers API: LTP=326.1 for NSE:BANKNIFTY26SEP56900PE
2026-09-03 10:49:51,254 - INFO - 📊 Saved 22 snapshots for NSE:NIFTY50-INDEX  (oi range: 372,775–14,320,345)
2026-09-03 10:49:53,359 - INFO - 📡 Fetching NSE:NIFTYBANK-INDEX @ 57569  expiry=26SEP  strikes=ATM±5
2026-09-03 10:50:05,032 - INFO - 🔔 [New Candle Closed] Running entry pipeline for candle 10:50 at 10:50:05...
2026-09-03 10:50:05,032 - INFO - --- 10:50:05 Market Pulse ---
2026-09-03 10:50:10,170 - INFO - 📊 EXECUTION AUDIT [CF_EXITED]: trade_id=None, candidate_id=cand_NSE_NIFTY50_INDEX_BREAKOUT_23851.90_20260903_104000_Structural_v3.2_RVOL1.0, payload={'exit_price': 23973.79642857143, 'exit_reason': 'TRAILING_SL', 'pnl_r': -0.03757711721817172, 'duration_minutes': 4.985716583333333, 'bars_held': 1}
2026-09-03 10:50:10,230 - INFO - 🔴 EXIT (TRAILING_SL) [CFStructural_v3.2_RVOL1.0|uctural_v3.2_RVOL1.0]: NSE:NIFTY50-INDEX @ 23973.80 | PnL -0.04R | MFE 0.11R | Capture N/A | 1bars HoldEff -0.038R/bar
2026-09-03 10:50:10,230 - INFO - 📊 EXECUTION AUDIT [CF_EXITED]: trade_id=None, candidate_id=cand_NSE_NIFTY50_INDEX_BREAKOUT_23851.90_20260903_104000_Structural_v3.2_RVOL0.8, payload={'exit_price': 23973.79642857143, 'exit_reason': 'TRAILING_SL', 'pnl_r': -0.03757711721817172, 'duration_minutes': 4.985716583333333, 'bars_held': 1}
2026-09-03 10:50:10,272 - INFO - 🔴 EXIT (TRAILING_SL) [CFStructural_v3.2_RVOL0.8|uctural_v3.2_RVOL0.8]: NSE:NIFTY50-INDEX @ 23973.80 | PnL -0.04R | MFE 0.11R | Capture N/A | 1bars HoldEff -0.038R/bar
2026-09-03 10:50:11,169 - INFO - Retrieved live premium from Fyers API: LTP=354.7 for NSE:BANKNIFTY26SEP57000PE
2026-09-03 10:50:12,194 - INFO - Retrieved live premium from Fyers API: LTP=354.7 for NSE:BANKNIFTY26SEP57000PE
2026-09-03 10:50:13,168 - INFO - Retrieved live premium from Fyers API: LTP=327.45 for NSE:BANKNIFTY26SEP56900PE
2026-09-03 10:50:14,162 - INFO - Retrieved live premium from Fyers API: LTP=301.75 for NSE:BANKNIFTY26SEP56800PE
2026-09-03 10:50:15,188 - INFO - Retrieved live premium from Fyers API: LTP=327.45 for NSE:BANKNIFTY26SEP56900PE
2026-09-03 10:50:22,856 - INFO - Resolved active expiry from DB: 26908 (2026-09-08)
2026-09-03 10:50:22,856 - INFO - 👻 [Structural_v3.2_RVOL1.0] CF BREAKOUT NSE:NIFTY50-INDEX BUY PUT | Rejected: ['LOW_RVOL', 'BIAS_MISMATCH', 'LOW_EFFICIENCY']
2026-09-03 10:50:22,856 - INFO - 📊 EXECUTION AUDIT [SIGNAL_GENERATED]: trade_id=None, candidate_id=cand_NSE_NIFTY50_INDEX_BREAKOUT_23851.90_20260903_104500_Structural_v3.2_RVOL1.0, payload={'symbol': 'NSE:NIFTY50-INDEX', 'signal': 'BUY PUT', 'strategy': 'BREAKOUT', 'price': 23971.25, 'stop_loss': 23978.70535714286, 'take_profit': 23896.696428571428, 'tp1': 23960.06696428571, 'rr_ratio': 10.0, 'timestamp': '2026-09-03T10:45:00+05:30', 'accepted': False, 'rejection_reasons': ['LOW_RVOL', 'BIAS_MISMATCH', 'LOW_EFFICIENCY'], 'features': {'date': '2026-09-03', 'strategy_name': 'Structural_v3', 'strategy_version': 'v3.2', 'feature_version': 'v1.1', 'market_regime': 'STRONG_TREND_UP_NORMAL', 'day_type': 'NORMAL_DAY', 'session_type': 'MID', 'daily_bias': 'NEUTRAL', 'hourly_bias': 'NEUTRAL', 'trend_strength': 0.0, 'rvol': 0.95, 'rvol_threshold': 1.0, 'atr': 14.91, 'distance_from_supply': 407.35, 'distance_from_demand': 163.7, 'nearest_supply_strength': 100.9, 'nearest_demand_strength': 70.8, 'distance_to_liquidity_pool': 163.70000000000073, 'liquidity_score': 9.5, 'indicator_snapshot': {'rvol_tod': 0.95, 'is_compressed': True, 'bos_count': 0}, 'move_efficiency': 0.5487, 'wickiness': 0.4869, 'fft_score': 0.0, 'setup_type': 'BREAKOUT', 'candidate_id': 'cand_NSE_NIFTY50_INDEX_BREAKOUT_23851.90_20260903_104500', 'ema20': 23971.8, 'ema50': 23937.49, 'move_efficiency_h1': 0.4271, 'ema_bullish': True, 'rsi14': 30.28, 'rsi2': 37.0, 'distance_to_vwap': -0.0008, 'atr_percentile': 0.3377, 'dist_prev_high': 0.0024, 'dist_prev_low': 0.0078, 'adx': 37.66, 'adx_slope': -6.8646, 'gap_pct': 0.0035, 'regime_primary': 'STRONG_TREND_UP', 'regime_vol_state': 'NORMAL'}, 'candidate_id': 'cand_NSE_NIFTY50_INDEX_BREAKOUT_23851.90_20260903_104500_Structural_v3.2_RVOL1.0', 'experiment_name': 'Structural_v3.2_RVOL1.0', 'strategy_id': 'structural', 'version': 'v3.2'}
2026-09-03 10:50:22,880 - INFO - Resolved active expiry from DB: 26908 (2026-09-08)
2026-09-03 10:50:22,895 - INFO - Resolved index signal into option contract: OptionContract(symbol='NSE:NIFTY2690823950PE', strike=23950.0, expiry='26908', option_type='PE', premium=87.35, delta=0.5, bid=87.25, ask=87.35, volume=47356790, resolved_at=datetime.datetime(2026, 9, 3, 10, 50, 22, 895815))
2026-09-03 10:50:22,896 - INFO - ⚡ Option strike selection resolved index signal to contract NSE:NIFTY2690823950PE @ premium 87.35 (type: PE, strike: 23950.0)
2026-09-03 10:50:22,896 - INFO - 📊 EXECUTION AUDIT [STRIKE_SELECTED]: trade_id=None, candidate_id=cand_NSE_NIFTY50_INDEX_BREAKOUT_23851.90_20260903_104500_Structural_v3.2_RVOL1.0, payload={'symbol': 'NSE:NIFTY2690823950PE', 'strike': 23950.0, 'expiry': '26908', 'type': 'PE'}
2026-09-03 10:50:22,910 - INFO - 📊 EXECUTION AUDIT [PREMIUM_RETRIEVED]: trade_id=None, candidate_id=cand_NSE_NIFTY50_INDEX_BREAKOUT_23851.90_20260903_104500_Structural_v3.2_RVOL1.0, payload={'premium': 87.35, 'bid': 87.25, 'ask': 87.35}
2026-09-03 10:50:22,925 - INFO - 📊 EXECUTION AUDIT [CF_SUBMITTED]: trade_id=None, candidate_id=cand_NSE_NIFTY50_INDEX_BREAKOUT_23851.90_20260903_104500_Structural_v3.2_RVOL1.0, payload={'price': 23971.25, 'sl': 23978.70535714286, 'tp': 23896.696428571428}
2026-09-03 10:50:22,940 - INFO - 📊 EXECUTION AUDIT [CF_FILLED]: trade_id=None, candidate_id=cand_NSE_NIFTY50_INDEX_BREAKOUT_23851.90_20260903_104500_Structural_v3.2_RVOL1.0, payload={'price': 23971.25, 'sl': 23978.70535714286, 'tp': 23896.696428571428}
2026-09-03 10:50:22,956 - INFO - 💰 Position size [BREAKOUT|STRONG_TREND_UP_NORMAL|conf=70]: frac=0.006 → ₹5,000 (risk/unit=0.03%)
2026-09-03 10:50:22,986 - INFO - 🟢 ENTRY [CF|Structural_v3.2_RVOL1.0|uctural_v3.2_RVOL1.0]: NSE:NIFTY50-INDEX BUY PUT @ 23971.25 | SL: 23978.71 TP: 23896.70
2026-09-03 10:50:22,986 - INFO - 👻 [Structural_v3.2_RVOL0.8] CF BREAKOUT NSE:NIFTY50-INDEX BUY PUT | Rejected: ['BIAS_MISMATCH', 'LOW_EFFICIENCY']
2026-09-03 10:50:22,986 - INFO - 📊 EXECUTION AUDIT [SIGNAL_GENERATED]: trade_id=None, candidate_id=cand_NSE_NIFTY50_INDEX_BREAKOUT_23851.90_20260903_104500_Structural_v3.2_RVOL0.8, payload={'symbol': 'NSE:NIFTY50-INDEX', 'signal': 'BUY PUT', 'strategy': 'BREAKOUT', 'price': 23971.25, 'stop_loss': 23978.70535714286, 'take_profit': 23896.696428571428, 'tp1': 23960.06696428571, 'rr_ratio': 10.0, 'timestamp': '2026-09-03T10:45:00+05:30', 'accepted': False, 'rejection_reasons': ['BIAS_MISMATCH', 'LOW_EFFICIENCY'], 'features': {'date': '2026-09-03', 'strategy_name': 'Structural_v3', 'strategy_version': 'v3.2', 'feature_version': 'v1.1', 'market_regime': 'STRONG_TREND_UP_NORMAL', 'day_type': 'NORMAL_DAY', 'session_type': 'MID', 'daily_bias': 'NEUTRAL', 'hourly_bias': 'NEUTRAL', 'trend_strength': 0.0, 'rvol': 0.95, 'rvol_threshold': 0.8, 'atr': 14.91, 'distance_from_supply': 407.35, 'distance_from_demand': 163.7, 'nearest_supply_strength': 100.9, 'nearest_demand_strength': 70.8, 'distance_to_liquidity_pool': 163.70000000000073, 'liquidity_score': 9.5, 'indicator_snapshot': {'rvol_tod': 0.95, 'is_compressed': True, 'bos_count': 0}, 'move_efficiency': 0.5487, 'wickiness': 0.4869, 'fft_score': 0.0, 'setup_type': 'BREAKOUT', 'candidate_id': 'cand_NSE_NIFTY50_INDEX_BREAKOUT_23851.90_20260903_104500', 'ema20': 23971.8, 'ema50': 23937.49, 'move_efficiency_h1': 0.4271, 'ema_bullish': True, 'rsi14': 30.28, 'rsi2': 37.0, 'distance_to_vwap': -0.0008, 'atr_percentile': 0.3377, 'dist_prev_high': 0.0024, 'dist_prev_low': 0.0078, 'adx': 37.66, 'adx_slope': -6.8646, 'gap_pct': 0.0035, 'regime_primary': 'STRONG_TREND_UP', 'regime_vol_state': 'NORMAL'}, 'candidate_id': 'cand_NSE_NIFTY50_INDEX_BREAKOUT_23851.90_20260903_104500_Structural_v3.2_RVOL0.8', 'experiment_name': 'Structural_v3.2_RVOL0.8', 'strategy_id': 'structural', 'version': 'v3.2'}
2026-09-03 10:50:23,014 - INFO - Resolved active expiry from DB: 26908 (2026-09-08)
2026-09-03 10:50:23,029 - INFO - Resolved index signal into option contract: OptionContract(symbol='NSE:NIFTY2690823950PE', strike=23950.0, expiry='26908', option_type='PE', premium=87.35, delta=0.5, bid=87.25, ask=87.35, volume=47356790, resolved_at=datetime.datetime(2026, 9, 3, 10, 50, 23, 29748))
2026-09-03 10:50:23,030 - INFO - ⚡ Option strike selection resolved index signal to contract NSE:NIFTY2690823950PE @ premium 87.35 (type: PE, strike: 23950.0)
2026-09-03 10:50:23,030 - INFO - 📊 EXECUTION AUDIT [STRIKE_SELECTED]: trade_id=None, candidate_id=cand_NSE_NIFTY50_INDEX_BREAKOUT_23851.90_20260903_104500_Structural_v3.2_RVOL0.8, payload={'symbol': 'NSE:NIFTY2690823950PE', 'strike': 23950.0, 'expiry': '26908', 'type': 'PE'}
2026-09-03 10:50:23,043 - INFO - 📊 EXECUTION AUDIT [PREMIUM_RETRIEVED]: trade_id=None, candidate_id=cand_NSE_NIFTY50_INDEX_BREAKOUT_23851.90_20260903_104500_Structural_v3.2_RVOL0.8, payload={'premium': 87.35, 'bid': 87.25, 'ask': 87.35}
2026-09-03 10:50:23,056 - INFO - 📊 EXECUTION AUDIT [CF_SUBMITTED]: trade_id=None, candidate_id=cand_NSE_NIFTY50_INDEX_BREAKOUT_23851.90_20260903_104500_Structural_v3.2_RVOL0.8, payload={'price': 23971.25, 'sl': 23978.70535714286, 'tp': 23896.696428571428}
2026-09-03 10:50:23,068 - INFO - 📊 EXECUTION AUDIT [CF_FILLED]: trade_id=None, candidate_id=cand_NSE_NIFTY50_INDEX_BREAKOUT_23851.90_20260903_104500_Structural_v3.2_RVOL0.8, payload={'price': 23971.25, 'sl': 23978.70535714286, 'tp': 23896.696428571428}
2026-09-03 10:50:23,082 - INFO - 💰 Position size [BREAKOUT|STRONG_TREND_UP_NORMAL|conf=70]: frac=0.006 → ₹5,000 (risk/unit=0.03%)
2026-09-03 10:50:23,110 - INFO - 🟢 ENTRY [CF|Structural_v3.2_RVOL0.8|uctural_v3.2_RVOL0.8]: NSE:NIFTY50-INDEX BUY PUT @ 23971.25 | SL: 23978.71 TP: 23896.70
2026-09-03 10:50:23,110 - INFO - 🧭 [CreditSpread_v1.0_PCRFade] Regime router: NSE:NIFTY50-INDEX combo blocked from REAL capital (regime=STRONG_TREND_UP_NORMAL) — routed to CF
2026-09-03 10:50:23,125 - INFO - Resolved active expiry from DB: 26908 (2026-09-08)
2026-09-03 10:50:23,157 - INFO - Resolved BEAR_CALL_SPREAD for NSE:NIFTY50-INDEX: [('CE', 'SELL', 24000.0), ('CE', 'BUY', 24100.0)] net_premium=-44.15 max_loss=55.85
2026-09-03 10:50:23,185 - INFO - 🟢 CF COMBO ENTRY [CreditSpread_v1.0_PCRFade|tSpread_v1.0_PCRFade]: NSE:NIFTY50-INDEX BEAR_CALL_SPREAD | Net premium: -44.15 | Max loss: 55.85
2026-09-03 10:50:23,185 - INFO - 🧭 [IronCondor_v1.0] Regime router: NSE:NIFTY50-INDEX combo blocked from REAL capital (regime=STRONG_TREND_UP_NORMAL) — routed to CF
2026-09-03 10:50:23,202 - INFO - Resolved active expiry from DB: 26908 (2026-09-08)
2026-09-03 10:50:23,264 - INFO - Resolved IRON_CONDOR for NSE:NIFTY50-INDEX: [('PE', 'SELL', 23900.0), ('PE', 'BUY', 23800.0), ('CE', 'SELL', 24000.0), ('CE', 'BUY', 24100.0)] net_premium=-71.35 max_loss=28.65
2026-09-03 10:50:23,292 - INFO - 🟢 CF COMBO ENTRY [IronCondor_v1.0|5005_IronCondor_v1.0]: NSE:NIFTY50-INDEX IRON_CONDOR | Net premium: -71.35 | Max loss: 28.65
2026-09-03 10:50:23,292 - INFO - 🧭 [ExpiryAwareTheta_v1.0] Regime router: NSE:NIFTY50-INDEX combo blocked from REAL capital (regime=STRONG_TREND_UP_NORMAL) — routed to CF
2026-09-03 10:50:23,307 - INFO - Resolved active expiry from DB: 26908 (2026-09-08)
2026-09-03 10:50:23,375 - INFO - Resolved IRON_CONDOR for NSE:NIFTY50-INDEX: [('PE', 'SELL', 23900.0), ('PE', 'BUY', 23800.0), ('CE', 'SELL', 24000.0), ('CE', 'BUY', 24100.0)] net_premium=-71.35 max_loss=28.65
2026-09-03 10:50:23,403 - INFO - 🟢 CF COMBO ENTRY [ExpiryAwareTheta_v1.0|xpiryAwareTheta_v1.0]: NSE:NIFTY50-INDEX IRON_CONDOR | Net premium: -71.35 | Max loss: 28.65
2026-09-03 10:50:23,506 - INFO - 📊 Saved 22 snapshots for NSE:NIFTYBANK-INDEX  (oi range: 54,180–1,962,930)
2026-09-03 10:50:24,611 - INFO - 📡 Fetching NSE:NIFTY50-INDEX @ 23971  expiry=26908  strikes=ATM±5
2026-09-03 10:50:25,164 - INFO - Resolved active expiry from DB: 26SEP (2026-09-29)
2026-09-03 10:50:25,165 - INFO - 👻 [OIWallReaction_v1.0] CF OI_WALL_FADE NSE:NIFTYBANK-INDEX BUY PUT | Rejected: ['NARRATIVE_BIAS_BULLISH']
2026-09-03 10:50:25,165 - INFO - 📊 EXECUTION AUDIT [SIGNAL_GENERATED]: trade_id=None, candidate_id=cand_NSE_NIFTYBANK_INDEX_OI_WALL_FADE_57571.45_20260903_105005_OIWallReaction_v1.0, payload={'symbol': 'NSE:NIFTYBANK-INDEX', 'candidate_id': 'cand_NSE_NIFTYBANK_INDEX_OI_WALL_FADE_57571.45_20260903_105005_OIWallReaction_v1.0', 'signal': 'BUY PUT', 'price': 57571.45, 'stop_loss': 57599.25, 'take_profit': 57500.0, 'tp1': 57529.75, 'rr_ratio': 2.57, 'strategy': 'OI_WALL_FADE', 'confidence': 1.0, 'accepted': False, 'rejection_reasons': ['NARRATIVE_BIAS_BULLISH'], 'timestamp': datetime.datetime(2026, 9, 3, 10, 50, 5, 32956, tzinfo=zoneinfo.ZoneInfo(key='Asia/Kolkata')), 'diagnostics': {'wall_strike': 57500.0, 'wall_oi': 1917780, 'wall_oi_change': -36420, 'wall_type': 'call'}, 'experiment_name': 'OIWallReaction_v1.0', 'strategy_id': 'oi_wall_reaction', 'version': 'v1.0', 'features': {'regime_primary': 'GAP_UP', 'regime_vol_state': 'NORMAL', 'market_regime': 'GAP_UP_NORMAL'}}
2026-09-03 10:50:25,189 - INFO - Resolved active expiry from DB: 26SEP (2026-09-29)
2026-09-03 10:50:25,203 - INFO - Resolved index signal into option contract: OptionContract(symbol='NSE:BANKNIFTY26SEP57600PE', strike=57600.0, expiry='26SEP', option_type='PE', premium=559.2, delta=0.5, bid=557.7, ask=559.3, volume=818880, resolved_at=datetime.datetime(2026, 9, 3, 10, 50, 25, 203451))
2026-09-03 10:50:25,203 - INFO - ⚡ Option strike selection resolved index signal to contract NSE:BANKNIFTY26SEP57600PE @ premium 559.2 (type: PE, strike: 57600.0)
2026-09-03 10:50:25,203 - INFO - 📊 EXECUTION AUDIT [STRIKE_SELECTED]: trade_id=None, candidate_id=cand_NSE_NIFTYBANK_INDEX_OI_WALL_FADE_57571.45_20260903_105005_OIWallReaction_v1.0, payload={'symbol': 'NSE:BANKNIFTY26SEP57600PE', 'strike': 57600.0, 'expiry': '26SEP', 'type': 'PE'}
2026-09-03 10:50:25,217 - INFO - 📊 EXECUTION AUDIT [PREMIUM_RETRIEVED]: trade_id=None, candidate_id=cand_NSE_NIFTYBANK_INDEX_OI_WALL_FADE_57571.45_20260903_105005_OIWallReaction_v1.0, payload={'premium': 559.2, 'bid': 557.7, 'ask': 559.3}
2026-09-03 10:50:25,229 - INFO - 📊 EXECUTION AUDIT [CF_SUBMITTED]: trade_id=None, candidate_id=cand_NSE_NIFTYBANK_INDEX_OI_WALL_FADE_57571.45_20260903_105005_OIWallReaction_v1.0, payload={'price': 57571.45, 'sl': 57599.25, 'tp': 57500.0}
2026-09-03 10:50:25,242 - INFO - 📊 EXECUTION AUDIT [CF_FILLED]: trade_id=None, candidate_id=cand_NSE_NIFTYBANK_INDEX_OI_WALL_FADE_57571.45_20260903_105005_OIWallReaction_v1.0, payload={'price': 57571.45, 'sl': 57599.25, 'tp': 57500.0}
2026-09-03 10:50:25,255 - INFO - 💰 Position size [OI_WALL_FADE|GAP_UP_NORMAL|conf=1]: frac=0.002 → ₹5,000 (risk/unit=0.05%)
2026-09-03 10:50:25,284 - INFO - 🟢 ENTRY [CF|OIWallReaction_v1.0|_OIWallReaction_v1.0]: NSE:NIFTYBANK-INDEX BUY PUT @ 57571.45 | SL: 57599.25 TP: 57500.00
2026-09-03 10:50:25,284 - INFO - 🧭 [IronCondor_v1.0] Regime router: NSE:NIFTYBANK-INDEX combo blocked from REAL capital (regime=GAP_UP_NORMAL) — routed to CF
2026-09-03 10:50:25,297 - INFO - Resolved active expiry from DB: 26SEP (2026-09-29)
2026-09-03 10:50:25,365 - INFO - Resolved IRON_CONDOR for NSE:NIFTYBANK-INDEX: [('PE', 'SELL', 57500.0), ('PE', 'BUY', 57300.0), ('CE', 'SELL', 57700.0), ('CE', 'BUY', 57900.0)] net_premium=-179.10 max_loss=20.90
2026-09-03 10:50:25,394 - INFO - 🟢 CF COMBO ENTRY [IronCondor_v1.0|5005_IronCondor_v1.0]: NSE:NIFTYBANK-INDEX IRON_CONDOR | Net premium: -179.10 | Max loss: 20.90
2026-09-03 10:50:25,395 - INFO - 👻 [Butterfly_v1.0] CF COMBO BUTTERFLY_SPREAD NSE:NIFTYBANK-INDEX BUTTERFLY_SPREAD | Rejected: ['COOLDOWN_AFTER_LOSS']
2026-09-03 10:50:25,410 - INFO - Resolved active expiry from DB: 26SEP (2026-09-29)
2026-09-03 10:50:25,473 - INFO - Resolved BUTTERFLY_SPREAD for NSE:NIFTYBANK-INDEX: [('CE', 'BUY', 57400.0), ('CE', 'SELL', 57600.0), ('CE', 'SELL', 57600.0), ('CE', 'BUY', 57800.0)] net_premium=11.25 max_loss=11.25
2026-09-03 10:50:25,500 - INFO - 🟢 CF COMBO ENTRY [Butterfly_v1.0|05005_Butterfly_v1.0]: NSE:NIFTYBANK-INDEX BUTTERFLY_SPREAD | Net premium: 11.25 | Max loss: 11.25
2026-09-03 10:50:25,501 - INFO - 🧭 [IronButterfly_v1.0] Regime router: NSE:NIFTYBANK-INDEX combo blocked from REAL capital (regime=GAP_UP_NORMAL) — routed to CF
2026-09-03 10:50:25,517 - INFO - Resolved active expiry from DB: 26SEP (2026-09-29)
2026-09-03 10:50:25,581 - INFO - Resolved IRON_BUTTERFLY for NSE:NIFTYBANK-INDEX: [('PE', 'SELL', 57600.0), ('CE', 'SELL', 57600.0), ('PE', 'BUY', 57200.0), ('CE', 'BUY', 58000.0)] net_premium=-360.75 max_loss=39.25
2026-09-03 10:50:25,608 - INFO - 🟢 CF COMBO ENTRY [IronButterfly_v1.0|5_IronButterfly_v1.0]: NSE:NIFTYBANK-INDEX IRON_BUTTERFLY | Net premium: -360.75 | Max loss: 39.25
2026-09-03 10:50:25,608 - INFO - 🧭 [ExpiryAwareTheta_v1.0] Regime router: NSE:NIFTYBANK-INDEX combo blocked from REAL capital (regime=GAP_UP_NORMAL) — routed to CF
2026-09-03 10:50:25,622 - INFO - Resolved active expiry from DB: 26SEP (2026-09-29)
2026-09-03 10:50:25,684 - INFO - Resolved IRON_CONDOR for NSE:NIFTYBANK-INDEX: [('PE', 'SELL', 57500.0), ('PE', 'BUY', 57300.0), ('CE', 'SELL', 57700.0), ('CE', 'BUY', 57900.0)] net_premium=-179.10 max_loss=20.90
2026-09-03 10:50:25,713 - INFO - 🟢 CF COMBO ENTRY [ExpiryAwareTheta_v1.0|xpiryAwareTheta_v1.0]: NSE:NIFTYBANK-INDEX IRON_CONDOR | Net premium: -179.10 | Max loss: 20.90
2026-09-03 10:50:35,722 - INFO - ⏱️ [Real-time Exit Loop] Checking open positions @ 10:50:35...
2026-09-03 10:50:36,821 - INFO - 📊 EXECUTION AUDIT [CF_SL_MODIFIED]: trade_id=None, candidate_id=cand_NSE_NIFTY50_INDEX_BREAKOUT_23851.90_20260903_104500_Structural_v3.2_RVOL1.0, payload={'price': 23969.45, 'old_sl': 23978.70535714286, 'new_sl': 23976.90535714286, 'old_tp': None, 'new_tp': 23896.696428571428, 'reason': 'TRAILING_SL'}
2026-09-03 10:50:36,869 - INFO - 🟡 UPDATE (TRAILING_SL) [CFStructural_v3.2_RVOL1.0|uctural_v3.2_RVOL1.0]: NSE:NIFTY50-INDEX @ 23969.45 | SL→23976.91 TP→23896.70
2026-09-03 10:50:36,869 - INFO - 📊 EXECUTION AUDIT [CF_SL_MODIFIED]: trade_id=None, candidate_id=cand_NSE_NIFTY50_INDEX_BREAKOUT_23851.90_20260903_104500_Structural_v3.2_RVOL0.8, payload={'price': 23969.45, 'old_sl': 23978.70535714286, 'new_sl': 23976.90535714286, 'old_tp': None, 'new_tp': 23896.696428571428, 'reason': 'TRAILING_SL'}
2026-09-03 10:50:36,906 - INFO - 🟡 UPDATE (TRAILING_SL) [CFStructural_v3.2_RVOL0.8|uctural_v3.2_RVOL0.8]: NSE:NIFTY50-INDEX @ 23969.45 | SL→23976.91 TP→23896.70
2026-09-03 10:50:36,907 - INFO - 📊 EXECUTION AUDIT [CF_SL_MODIFIED]: trade_id=None, candidate_id=cand_NSE_NIFTYBANK_INDEX_OI_WALL_FADE_57571.45_20260903_105005_OIWallReaction_v1.0, payload={'price': 57566.55, 'old_sl': 57599.25, 'new_sl': 57594.350000000006, 'old_tp': None, 'new_tp': 57500.0, 'reason': 'TRAILING_SL'}
2026-09-03 10:50:36,948 - INFO - 🟡 UPDATE (TRAILING_SL) [CFOIWallReaction_v1.0|_OIWallReaction_v1.0]: NSE:NIFTYBANK-INDEX @ 57566.55 | SL→57594.35 TP→57500.00
2026-09-03 10:50:37,844 - INFO - Retrieved live premium from Fyers API: LTP=357.75 for NSE:BANKNIFTY26SEP57000PE
2026-09-03 10:50:38,857 - INFO - Retrieved live premium from Fyers API: LTP=357.75 for NSE:BANKNIFTY26SEP57000PE
2026-09-03 10:50:39,866 - INFO - Retrieved live premium from Fyers API: LTP=330.0 for NSE:BANKNIFTY26SEP56900PE
2026-09-03 10:50:40,863 - INFO - Retrieved live premium from Fyers API: LTP=306.45 for NSE:BANKNIFTY26SEP56800PE
2026-09-03 10:50:41,840 - INFO - Retrieved live premium from Fyers API: LTP=330.0 for NSE:BANKNIFTY26SEP56900PE
2026-09-03 10:50:46,123 - INFO - 🔴 CF COMBO EXIT (STOP_R) [Butterfly_v1.0|05005_Butterfly_v1.0]: NSE:NIFTYBANK-INDEX BUTTERFLY_SPREAD | PnL -0.95R | 1min
2026-09-03 10:50:54,221 - INFO - 📊 Saved 22 snapshots for NSE:NIFTY50-INDEX  (oi range: 373,490–14,435,070)
2026-09-03 10:50:56,312 - INFO - 📡 Fetching NSE:NIFTYBANK-INDEX @ 57567  expiry=26SEP  strikes=ATM±5
2026-09-03 10:51:05,315 - INFO - ⏱️ [Real-time Exit Loop] Checking open positions @ 10:51:05...
2026-09-03 10:51:07,411 - INFO - Retrieved live premium from Fyers API: LTP=357.75 for NSE:BANKNIFTY26SEP57000PE
2026-09-03 10:51:08,428 - INFO - Retrieved live premium from Fyers API: LTP=357.75 for NSE:BANKNIFTY26SEP57000PE
2026-09-03 10:51:09,441 - INFO - Retrieved live premium from Fyers API: LTP=331.05 for NSE:BANKNIFTY26SEP56900PE
2026-09-03 10:51:10,441 - INFO - Retrieved live premium from Fyers API: LTP=306.45 for NSE:BANKNIFTY26SEP56800PE
2026-09-03 10:51:11,446 - INFO - Retrieved live premium from Fyers API: LTP=331.05 for NSE:BANKNIFTY26SEP56900PE
2026-09-03 10:51:25,707 - INFO - 📊 Saved 22 snapshots for NSE:NIFTYBANK-INDEX  (oi range: 54,150–1,960,260)
2026-09-03 10:51:26,798 - INFO - 📡 Fetching NSE:NIFTY50-INDEX @ 23969  expiry=26908  strikes=ATM±5
2026-09-03 10:51:35,837 - INFO - ⏱️ [Real-time Exit Loop] Checking open positions @ 10:51:35...
2026-09-03 10:51:37,943 - INFO - Retrieved live premium from Fyers API: LTP=355.35 for NSE:BANKNIFTY26SEP57000PE
2026-09-03 10:51:38,951 - INFO - Retrieved live premium from Fyers API: LTP=355.35 for NSE:BANKNIFTY26SEP57000PE
2026-09-03 10:51:39,960 - INFO - Retrieved live premium from Fyers API: LTP=327.65 for NSE:BANKNIFTY26SEP56900PE
2026-09-03 10:51:40,965 - INFO - Retrieved live premium from Fyers API: LTP=306.45 for NSE:BANKNIFTY26SEP56800PE
2026-09-03 10:51:41,939 - INFO - Retrieved live premium from Fyers API: LTP=326.55 for NSE:BANKNIFTY26SEP56900PE
2026-09-03 10:51:56,273 - INFO - 📊 Saved 22 snapshots for NSE:NIFTY50-INDEX  (oi range: 375,635–14,507,740)
2026-09-03 10:51:58,390 - INFO - 📡 Fetching NSE:NIFTYBANK-INDEX @ 57577  expiry=26SEP  strikes=ATM±5
2026-09-03 10:52:05,158 - INFO - ⏱️ [Real-time Exit Loop] Checking open positions @ 10:52:05...
2026-09-03 10:52:07,270 - INFO - Retrieved live premium from Fyers API: LTP=354.0 for NSE:BANKNIFTY26SEP57000PE
2026-09-03 10:52:08,279 - INFO - Retrieved live premium from Fyers API: LTP=355.15 for NSE:BANKNIFTY26SEP57000PE
2026-09-03 10:52:09,289 - INFO - Retrieved live premium from Fyers API: LTP=326.9 for NSE:BANKNIFTY26SEP56900PE
2026-09-03 10:52:10,299 - INFO - Retrieved live premium from Fyers API: LTP=306.45 for NSE:BANKNIFTY26SEP56800PE
2026-09-03 10:52:11,302 - INFO - Retrieved live premium from Fyers API: LTP=326.9 for NSE:BANKNIFTY26SEP56900PE
2026-09-03 10:52:28,096 - INFO - 📊 Saved 22 snapshots for NSE:NIFTYBANK-INDEX  (oi range: 54,150–1,960,800)
2026-09-03 10:52:29,212 - INFO - 📡 Fetching NSE:NIFTY50-INDEX @ 23966  expiry=26908  strikes=ATM±5
2026-09-03 10:52:35,967 - INFO - ⏱️ [Real-time Exit Loop] Checking open positions @ 10:52:35...
2026-09-03 10:52:37,072 - INFO - 📊 EXECUTION AUDIT [CF_SL_MODIFIED]: trade_id=None, candidate_id=cand_NSE_NIFTY50_INDEX_BREAKOUT_23851.90_20260903_104500_Structural_v3.2_RVOL1.0, payload={'price': 23966.15, 'old_sl': 23976.90535714286, 'new_sl': 23973.60535714286, 'old_tp': None, 'new_tp': 23896.696428571428, 'reason': 'TRAILING_SL'}
2026-09-03 10:52:37,124 - INFO - 🟡 UPDATE (TRAILING_SL) [CFStructural_v3.2_RVOL1.0|uctural_v3.2_RVOL1.0]: NSE:NIFTY50-INDEX @ 23966.15 | SL→23973.61 TP→23896.70
2026-09-03 10:52:37,124 - INFO - 📊 EXECUTION AUDIT [CF_SL_MODIFIED]: trade_id=None, candidate_id=cand_NSE_NIFTY50_INDEX_BREAKOUT_23851.90_20260903_104500_Structural_v3.2_RVOL0.8, payload={'price': 23966.15, 'old_sl': 23976.90535714286, 'new_sl': 23973.60535714286, 'old_tp': None, 'new_tp': 23896.696428571428, 'reason': 'TRAILING_SL'}
2026-09-03 10:52:37,164 - INFO - 🟡 UPDATE (TRAILING_SL) [CFStructural_v3.2_RVOL0.8|uctural_v3.2_RVOL0.8]: NSE:NIFTY50-INDEX @ 23966.15 | SL→23973.61 TP→23896.70
2026-09-03 10:52:38,089 - INFO - Retrieved live premium from Fyers API: LTP=356.65 for NSE:BANKNIFTY26SEP57000PE
2026-09-03 10:52:39,094 - INFO - Retrieved live premium from Fyers API: LTP=356.65 for NSE:BANKNIFTY26SEP57000PE
2026-09-03 10:52:40,088 - INFO - Retrieved live premium from Fyers API: LTP=330.0 for NSE:BANKNIFTY26SEP56900PE
2026-09-03 10:52:41,090 - INFO - Retrieved live premium from Fyers API: LTP=305.1 for NSE:BANKNIFTY26SEP56800PE
2026-09-03 10:52:42,097 - INFO - Retrieved live premium from Fyers API: LTP=330.0 for NSE:BANKNIFTY26SEP56900PE
2026-09-03 10:52:58,952 - INFO - 📊 Saved 22 snapshots for NSE:NIFTY50-INDEX  (oi range: 375,830–14,516,385)
2026-09-03 10:53:01,075 - INFO - 📡 Fetching NSE:NIFTYBANK-INDEX @ 57573  expiry=26SEP  strikes=ATM±5
2026-09-03 10:53:05,384 - INFO - ⏱️ [Real-time Exit Loop] Checking open positions @ 10:53:05...
2026-09-03 10:53:07,486 - INFO - Retrieved live premium from Fyers API: LTP=356.0 for NSE:BANKNIFTY26SEP57000PE
2026-09-03 10:53:08,505 - INFO - Retrieved live premium from Fyers API: LTP=356.0 for NSE:BANKNIFTY26SEP57000PE
2026-09-03 10:53:09,510 - INFO - Retrieved live premium from Fyers API: LTP=328.9 for NSE:BANKNIFTY26SEP56900PE
2026-09-03 10:53:10,529 - INFO - Retrieved live premium from Fyers API: LTP=305.1 for NSE:BANKNIFTY26SEP56800PE
2026-09-03 10:53:11,516 - INFO - Retrieved live premium from Fyers API: LTP=328.9 for NSE:BANKNIFTY26SEP56900PE
2026-09-03 10:53:30,471 - INFO - 📊 Saved 22 snapshots for NSE:NIFTYBANK-INDEX  (oi range: 54,120–1,960,260)
2026-09-03 10:53:31,568 - INFO - 📡 Fetching NSE:NIFTY50-INDEX @ 23966  expiry=26908  strikes=ATM±5
2026-09-03 10:53:35,973 - INFO - ⏱️ [Real-time Exit Loop] Checking open positions @ 10:53:35...
2026-09-03 10:53:37,070 - INFO - 📊 EXECUTION AUDIT [CF_SL_MODIFIED]: trade_id=None, candidate_id=cand_NSE_NIFTY50_INDEX_BREAKOUT_23851.90_20260903_104500_Structural_v3.2_RVOL1.0, payload={'price': 23964.65, 'old_sl': 23973.60535714286, 'new_sl': 23972.10535714286, 'old_tp': None, 'new_tp': 23896.696428571428, 'reason': 'TRAILING_SL'}
2026-09-03 10:53:37,125 - INFO - 🟡 UPDATE (TRAILING_SL) [CFStructural_v3.2_RVOL1.0|uctural_v3.2_RVOL1.0]: NSE:NIFTY50-INDEX @ 23964.65 | SL→23972.11 TP→23896.70
2026-09-03 10:53:37,125 - INFO - 📊 EXECUTION AUDIT [CF_SL_MODIFIED]: trade_id=None, candidate_id=cand_NSE_NIFTY50_INDEX_BREAKOUT_23851.90_20260903_104500_Structural_v3.2_RVOL0.8, payload={'price': 23964.65, 'old_sl': 23973.60535714286, 'new_sl': 23972.10535714286, 'old_tp': None, 'new_tp': 23896.696428571428, 'reason': 'TRAILING_SL'}
2026-09-03 10:53:37,167 - INFO - 🟡 UPDATE (TRAILING_SL) [CFStructural_v3.2_RVOL0.8|uctural_v3.2_RVOL0.8]: NSE:NIFTY50-INDEX @ 23964.65 | SL→23972.11 TP→23896.70
2026-09-03 10:53:37,167 - INFO - 📊 EXECUTION AUDIT [CF_SL_MODIFIED]: trade_id=None, candidate_id=cand_NSE_NIFTYBANK_INDEX_OI_WALL_FADE_57571.45_20260903_105005_OIWallReaction_v1.0, payload={'price': 57565.05, 'old_sl': 57594.350000000006, 'new_sl': 57592.850000000006, 'old_tp': None, 'new_tp': 57500.0, 'reason': 'TRAILING_SL'}
2026-09-03 10:53:37,206 - INFO - 🟡 UPDATE (TRAILING_SL) [CFOIWallReaction_v1.0|_OIWallReaction_v1.0]: NSE:NIFTYBANK-INDEX @ 57565.05 | SL→57592.85 TP→57500.00
2026-09-03 10:53:38,070 - INFO - Retrieved live premium from Fyers API: LTP=359.3 for NSE:BANKNIFTY26SEP57000PE
2026-09-03 10:53:39,082 - INFO - Retrieved live premium from Fyers API: LTP=359.3 for NSE:BANKNIFTY26SEP57000PE
2026-09-03 10:53:40,082 - INFO - Retrieved live premium from Fyers API: LTP=332.2 for NSE:BANKNIFTY26SEP56900PE
2026-09-03 10:53:41,075 - INFO - Retrieved live premium from Fyers API: LTP=306.5 for NSE:BANKNIFTY26SEP56800PE
2026-09-03 10:53:42,106 - INFO - Retrieved live premium from Fyers API: LTP=332.2 for NSE:BANKNIFTY26SEP56900PE
2026-09-03 10:54:00,952 - INFO - 📊 Saved 22 snapshots for NSE:NIFTY50-INDEX  (oi range: 375,830–14,604,395)
2026-09-03 10:54:03,051 - INFO - 📡 Fetching NSE:NIFTYBANK-INDEX @ 57576  expiry=26SEP  strikes=ATM±5
2026-09-03 10:54:05,312 - INFO - ⏱️ [Real-time Exit Loop] Checking open positions @ 10:54:05...
2026-09-03 10:54:06,412 - INFO - 📊 EXECUTION AUDIT [CF_SL_MODIFIED]: trade_id=None, candidate_id=cand_NSE_NIFTY50_INDEX_BREAKOUT_23851.90_20260903_104500_Structural_v3.2_RVOL1.0, payload={'price': 23963.85, 'old_sl': 23972.10535714286, 'new_sl': 23971.305357142857, 'old_tp': None, 'new_tp': 23896.696428571428, 'reason': 'TRAILING_SL'}
2026-09-03 10:54:06,466 - INFO - 🟡 UPDATE (TRAILING_SL) [CFStructural_v3.2_RVOL1.0|uctural_v3.2_RVOL1.0]: NSE:NIFTY50-INDEX @ 23963.85 | SL→23971.31 TP→23896.70
2026-09-03 10:54:06,466 - INFO - 📊 EXECUTION AUDIT [CF_SL_MODIFIED]: trade_id=None, candidate_id=cand_NSE_NIFTY50_INDEX_BREAKOUT_23851.90_20260903_104500_Structural_v3.2_RVOL0.8, payload={'price': 23963.85, 'old_sl': 23972.10535714286, 'new_sl': 23971.305357142857, 'old_tp': None, 'new_tp': 23896.696428571428, 'reason': 'TRAILING_SL'}
2026-09-03 10:54:06,503 - INFO - 🟡 UPDATE (TRAILING_SL) [CFStructural_v3.2_RVOL0.8|uctural_v3.2_RVOL0.8]: NSE:NIFTY50-INDEX @ 23963.85 | SL→23971.31 TP→23896.70
2026-09-03 10:54:07,430 - INFO - Retrieved live premium from Fyers API: LTP=355.15 for NSE:BANKNIFTY26SEP57000PE
2026-09-03 10:54:08,434 - INFO - Retrieved live premium from Fyers API: LTP=355.3 for NSE:BANKNIFTY26SEP57000PE
2026-09-03 10:54:09,439 - INFO - Retrieved live premium from Fyers API: LTP=328.65 for NSE:BANKNIFTY26SEP56900PE
2026-09-03 10:54:10,453 - INFO - Retrieved live premium from Fyers API: LTP=306.95 for NSE:BANKNIFTY26SEP56800PE
2026-09-03 10:54:11,447 - INFO - Retrieved live premium from Fyers API: LTP=328.65 for NSE:BANKNIFTY26SEP56900PE
2026-09-03 10:54:32,468 - INFO - 📊 Saved 22 snapshots for NSE:NIFTYBANK-INDEX  (oi range: 54,120–1,956,810)
2026-09-03 10:54:33,564 - INFO - 📡 Fetching NSE:NIFTY50-INDEX @ 23966  expiry=26908  strikes=ATM±5
2026-09-03 10:54:35,716 - INFO - ⏱️ [Real-time Exit Loop] Checking open positions @ 10:54:35...
2026-09-03 10:54:37,841 - INFO - Retrieved live premium from Fyers API: LTP=357.25 for NSE:BANKNIFTY26SEP57000PE
2026-09-03 10:54:38,834 - INFO - Retrieved live premium from Fyers API: LTP=357.25 for NSE:BANKNIFTY26SEP57000PE
2026-09-03 10:54:39,833 - INFO - Retrieved live premium from Fyers API: LTP=330.85 for NSE:BANKNIFTY26SEP56900PE
2026-09-03 10:54:40,827 - INFO - Retrieved live premium from Fyers API: LTP=306.95 for NSE:BANKNIFTY26SEP56800PE
2026-09-03 10:54:41,853 - INFO - Retrieved live premium from Fyers API: LTP=330.85 for NSE:BANKNIFTY26SEP56900PE
2026-09-03 10:55:03,373 - INFO - 📊 Saved 22 snapshots for NSE:NIFTY50-INDEX  (oi range: 375,245–14,653,080)
2026-09-03 10:55:05,129 - INFO - 🔔 [New Candle Closed] Running entry pipeline for candle 10:55 at 10:55:05...
2026-09-03 10:55:05,129 - INFO - --- 10:55:05 Market Pulse ---
2026-09-03 10:55:05,514 - INFO - 📡 Fetching NSE:NIFTYBANK-INDEX @ 57568  expiry=26SEP  strikes=ATM±5
2026-09-03 10:55:10,270 - INFO - 📊 EXECUTION AUDIT [CF_EXITED]: trade_id=None, candidate_id=cand_NSE_NIFTY50_INDEX_BREAKOUT_23851.90_20260903_104500_Structural_v3.2_RVOL1.0, payload={'exit_price': 23971.305357142857, 'exit_reason': 'TRAILING_SL', 'pnl_r': 0.08986834573554675, 'duration_minutes': 5.001610233333333, 'bars_held': 1}
2026-09-03 10:55:10,323 - INFO - 🔴 EXIT (TRAILING_SL) [CFStructural_v3.2_RVOL1.0|uctural_v3.2_RVOL1.0]: NSE:NIFTY50-INDEX @ 23971.31 | PnL +0.09R | MFE 1.74R | Capture 5% | 1bars HoldEff +0.090R/bar
2026-09-03 10:55:10,323 - INFO - 📊 EXECUTION AUDIT [CF_EXITED]: trade_id=None, candidate_id=cand_NSE_NIFTY50_INDEX_BREAKOUT_23851.90_20260903_104500_Structural_v3.2_RVOL0.8, payload={'exit_price': 23971.305357142857, 'exit_reason': 'TRAILING_SL', 'pnl_r': 0.08986834573554675, 'duration_minutes': 5.001610233333333, 'bars_held': 1}
2026-09-03 10:55:10,362 - INFO - 🔴 EXIT (TRAILING_SL) [CFStructural_v3.2_RVOL0.8|uctural_v3.2_RVOL0.8]: NSE:NIFTY50-INDEX @ 23971.31 | PnL +0.09R | MFE 1.74R | Capture 5% | 1bars HoldEff +0.090R/bar
2026-09-03 10:55:11,276 - INFO - Retrieved live premium from Fyers API: LTP=360.0 for NSE:BANKNIFTY26SEP57000PE
2026-09-03 10:55:12,284 - INFO - Retrieved live premium from Fyers API: LTP=360.0 for NSE:BANKNIFTY26SEP57000PE
2026-09-03 10:55:13,272 - INFO - Retrieved live premium from Fyers API: LTP=331.35 for NSE:BANKNIFTY26SEP56900PE
2026-09-03 10:55:14,269 - INFO - Retrieved live premium from Fyers API: LTP=308.1 for NSE:BANKNIFTY26SEP56800PE
2026-09-03 10:55:15,291 - INFO - Retrieved live premium from Fyers API: LTP=331.35 for NSE:BANKNIFTY26SEP56900PE
2026-09-03 10:55:21,604 - INFO - Resolved active expiry from DB: 26908 (2026-09-08)
2026-09-03 10:55:21,605 - INFO - 👻 [Structural_v3.2_RVOL1.0] CF BREAKOUT NSE:NIFTY50-INDEX BUY PUT | Rejected: ['LOW_RVOL', 'BIAS_MISMATCH', 'HIGH_WICKINESS']
2026-09-03 10:55:21,605 - INFO - 📊 EXECUTION AUDIT [SIGNAL_GENERATED]: trade_id=None, candidate_id=cand_NSE_NIFTY50_INDEX_BREAKOUT_23851.90_20260903_105000_Structural_v3.2_RVOL1.0, payload={'symbol': 'NSE:NIFTY50-INDEX', 'signal': 'BUY PUT', 'strategy': 'BREAKOUT', 'price': 23958.85, 'stop_loss': 23966.37857142857, 'take_profit': 23883.56428571428, 'tp1': 23947.557142857142, 'rr_ratio': 10.0, 'timestamp': '2026-09-03T10:50:00+05:30', 'accepted': False, 'rejection_reasons': ['LOW_RVOL', 'BIAS_MISMATCH', 'HIGH_WICKINESS'], 'features': {'date': '2026-09-03', 'strategy_name': 'Structural_v3', 'strategy_version': 'v3.2', 'feature_version': 'v1.1', 'market_regime': 'STRONG_TREND_UP_NORMAL', 'day_type': 'NORMAL_DAY', 'session_type': 'MID', 'daily_bias': 'NEUTRAL', 'hourly_bias': 'NEUTRAL', 'trend_strength': 0.0, 'rvol': 0.96, 'rvol_threshold': 1.0, 'atr': 15.06, 'distance_from_supply': 419.75, 'distance_from_demand': 151.3, 'nearest_supply_strength': 100.9, 'nearest_demand_strength': 70.7, 'distance_to_liquidity_pool': 151.29999999999927, 'liquidity_score': 9.6, 'indicator_snapshot': {'rvol_tod': 0.96, 'is_compressed': True, 'bos_count': 0}, 'move_efficiency': 0.6106, 'wickiness': 0.5318, 'fft_score': 0.0, 'setup_type': 'BREAKOUT', 'candidate_id': 'cand_NSE_NIFTY50_INDEX_BREAKOUT_23851.90_20260903_105000', 'ema20': 23970.57, 'ema50': 23938.33, 'move_efficiency_h1': 0.3055, 'ema_bullish': True, 'rsi14': 17.78, 'rsi2': 25.3, 'distance_to_vwap': -0.0012, 'atr_percentile': 0.3534, 'dist_prev_high': 0.0019, 'dist_prev_low': 0.0072, 'adx': 35.18, 'adx_slope': -7.237, 'gap_pct': 0.0035, 'regime_primary': 'STRONG_TREND_UP', 'regime_vol_state': 'NORMAL'}, 'candidate_id': 'cand_NSE_NIFTY50_INDEX_BREAKOUT_23851.90_20260903_105000_Structural_v3.2_RVOL1.0', 'experiment_name': 'Structural_v3.2_RVOL1.0', 'strategy_id': 'structural', 'version': 'v3.2'}
2026-09-03 10:55:21,630 - INFO - Resolved active expiry from DB: 26908 (2026-09-08)
2026-09-03 10:55:21,644 - INFO - Resolved index signal into option contract: OptionContract(symbol='NSE:NIFTY2690823950PE', strike=23950.0, expiry='26908', option_type='PE', premium=93.95, delta=0.5, bid=93.8, ask=93.95, volume=49949445, resolved_at=datetime.datetime(2026, 9, 3, 10, 55, 21, 644626))
2026-09-03 10:55:21,644 - INFO - ⚡ Option strike selection resolved index signal to contract NSE:NIFTY2690823950PE @ premium 93.95 (type: PE, strike: 23950.0)
2026-09-03 10:55:21,644 - INFO - 📊 EXECUTION AUDIT [STRIKE_SELECTED]: trade_id=None, candidate_id=cand_NSE_NIFTY50_INDEX_BREAKOUT_23851.90_20260903_105000_Structural_v3.2_RVOL1.0, payload={'symbol': 'NSE:NIFTY2690823950PE', 'strike': 23950.0, 'expiry': '26908', 'type': 'PE'}
2026-09-03 10:55:21,657 - INFO - 📊 EXECUTION AUDIT [PREMIUM_RETRIEVED]: trade_id=None, candidate_id=cand_NSE_NIFTY50_INDEX_BREAKOUT_23851.90_20260903_105000_Structural_v3.2_RVOL1.0, payload={'premium': 93.95, 'bid': 93.8, 'ask': 93.95}
2026-09-03 10:55:21,669 - INFO - 📊 EXECUTION AUDIT [CF_SUBMITTED]: trade_id=None, candidate_id=cand_NSE_NIFTY50_INDEX_BREAKOUT_23851.90_20260903_105000_Structural_v3.2_RVOL1.0, payload={'price': 23958.85, 'sl': 23966.37857142857, 'tp': 23883.56428571428}
2026-09-03 10:55:21,681 - INFO - 📊 EXECUTION AUDIT [CF_FILLED]: trade_id=None, candidate_id=cand_NSE_NIFTY50_INDEX_BREAKOUT_23851.90_20260903_105000_Structural_v3.2_RVOL1.0, payload={'price': 23958.85, 'sl': 23966.37857142857, 'tp': 23883.56428571428}
2026-09-03 10:55:21,694 - INFO - 💰 Position size [BREAKOUT|STRONG_TREND_UP_NORMAL|conf=70]: frac=0.006 → ₹5,000 (risk/unit=0.03%)
2026-09-03 10:55:21,721 - INFO - 🟢 ENTRY [CF|Structural_v3.2_RVOL1.0|uctural_v3.2_RVOL1.0]: NSE:NIFTY50-INDEX BUY PUT @ 23958.85 | SL: 23966.38 TP: 23883.56
2026-09-03 10:55:21,721 - INFO - 👻 [Structural_v3.2_RVOL0.8] CF BREAKOUT NSE:NIFTY50-INDEX BUY PUT | Rejected: ['BIAS_MISMATCH', 'HIGH_WICKINESS']
2026-09-03 10:55:21,721 - INFO - 📊 EXECUTION AUDIT [SIGNAL_GENERATED]: trade_id=None, candidate_id=cand_NSE_NIFTY50_INDEX_BREAKOUT_23851.90_20260903_105000_Structural_v3.2_RVOL0.8, payload={'symbol': 'NSE:NIFTY50-INDEX', 'signal': 'BUY PUT', 'strategy': 'BREAKOUT', 'price': 23958.85, 'stop_loss': 23966.37857142857, 'take_profit': 23883.56428571428, 'tp1': 23947.557142857142, 'rr_ratio': 10.0, 'timestamp': '2026-09-03T10:50:00+05:30', 'accepted': False, 'rejection_reasons': ['BIAS_MISMATCH', 'HIGH_WICKINESS'], 'features': {'date': '2026-09-03', 'strategy_name': 'Structural_v3', 'strategy_version': 'v3.2', 'feature_version': 'v1.1', 'market_regime': 'STRONG_TREND_UP_NORMAL', 'day_type': 'NORMAL_DAY', 'session_type': 'MID', 'daily_bias': 'NEUTRAL', 'hourly_bias': 'NEUTRAL', 'trend_strength': 0.0, 'rvol': 0.96, 'rvol_threshold': 0.8, 'atr': 15.06, 'distance_from_supply': 419.75, 'distance_from_demand': 151.3, 'nearest_supply_strength': 100.9, 'nearest_demand_strength': 70.7, 'distance_to_liquidity_pool': 151.29999999999927, 'liquidity_score': 9.6, 'indicator_snapshot': {'rvol_tod': 0.96, 'is_compressed': True, 'bos_count': 0}, 'move_efficiency': 0.6106, 'wickiness': 0.5318, 'fft_score': 0.0, 'setup_type': 'BREAKOUT', 'candidate_id': 'cand_NSE_NIFTY50_INDEX_BREAKOUT_23851.90_20260903_105000', 'ema20': 23970.57, 'ema50': 23938.33, 'move_efficiency_h1': 0.3055, 'ema_bullish': True, 'rsi14': 17.78, 'rsi2': 25.3, 'distance_to_vwap': -0.0012, 'atr_percentile': 0.3534, 'dist_prev_high': 0.0019, 'dist_prev_low': 0.0072, 'adx': 35.18, 'adx_slope': -7.237, 'gap_pct': 0.0035, 'regime_primary': 'STRONG_TREND_UP', 'regime_vol_state': 'NORMAL'}, 'candidate_id': 'cand_NSE_NIFTY50_INDEX_BREAKOUT_23851.90_20260903_105000_Structural_v3.2_RVOL0.8', 'experiment_name': 'Structural_v3.2_RVOL0.8', 'strategy_id': 'structural', 'version': 'v3.2'}
2026-09-03 10:55:21,750 - INFO - Resolved active expiry from DB: 26908 (2026-09-08)
2026-09-03 10:55:21,767 - INFO - Resolved index signal into option contract: OptionContract(symbol='NSE:NIFTY2690823950PE', strike=23950.0, expiry='26908', option_type='PE', premium=93.95, delta=0.5, bid=93.8, ask=93.95, volume=49949445, resolved_at=datetime.datetime(2026, 9, 3, 10, 55, 21, 767720))
2026-09-03 10:55:21,767 - INFO - ⚡ Option strike selection resolved index signal to contract NSE:NIFTY2690823950PE @ premium 93.95 (type: PE, strike: 23950.0)
2026-09-03 10:55:21,768 - INFO - 📊 EXECUTION AUDIT [STRIKE_SELECTED]: trade_id=None, candidate_id=cand_NSE_NIFTY50_INDEX_BREAKOUT_23851.90_20260903_105000_Structural_v3.2_RVOL0.8, payload={'symbol': 'NSE:NIFTY2690823950PE', 'strike': 23950.0, 'expiry': '26908', 'type': 'PE'}
2026-09-03 10:55:21,783 - INFO - 📊 EXECUTION AUDIT [PREMIUM_RETRIEVED]: trade_id=None, candidate_id=cand_NSE_NIFTY50_INDEX_BREAKOUT_23851.90_20260903_105000_Structural_v3.2_RVOL0.8, payload={'premium': 93.95, 'bid': 93.8, 'ask': 93.95}
2026-09-03 10:55:21,795 - INFO - 📊 EXECUTION AUDIT [CF_SUBMITTED]: trade_id=None, candidate_id=cand_NSE_NIFTY50_INDEX_BREAKOUT_23851.90_20260903_105000_Structural_v3.2_RVOL0.8, payload={'price': 23958.85, 'sl': 23966.37857142857, 'tp': 23883.56428571428}
2026-09-03 10:55:21,809 - INFO - 📊 EXECUTION AUDIT [CF_FILLED]: trade_id=None, candidate_id=cand_NSE_NIFTY50_INDEX_BREAKOUT_23851.90_20260903_105000_Structural_v3.2_RVOL0.8, payload={'price': 23958.85, 'sl': 23966.37857142857, 'tp': 23883.56428571428}
2026-09-03 10:55:21,823 - INFO - 💰 Position size [BREAKOUT|STRONG_TREND_UP_NORMAL|conf=70]: frac=0.006 → ₹5,000 (risk/unit=0.03%)
2026-09-03 10:55:21,851 - INFO - 🟢 ENTRY [CF|Structural_v3.2_RVOL0.8|uctural_v3.2_RVOL0.8]: NSE:NIFTY50-INDEX BUY PUT @ 23958.85 | SL: 23966.38 TP: 23883.56
2026-09-03 10:55:21,852 - INFO - 👻 [Geometry_v1.0_Score35] CF TRENDLINE_RETEST NSE:NIFTY50-INDEX BUY PUT | Rejected: ['NARRATIVE_BIAS_BULLISH', 'LOW_RR:-0.02']
2026-09-03 10:55:21,852 - INFO - 📊 EXECUTION AUDIT [SIGNAL_GENERATED]: trade_id=None, candidate_id=cand_NSE_NIFTY50_INDEX_TRENDLINE_RETEST_23958.85_202609031055_Geometry_v1.0_Score35, payload={'symbol': 'NSE:NIFTY50-INDEX', 'candidate_id': 'cand_NSE_NIFTY50_INDEX_TRENDLINE_RETEST_23958.85_202609031055_Geometry_v1.0_Score35', 'experiment_name': 'Geometry_v1.0_Score35', 'strategy_id': 'geometry', 'version': 'v1.0', 'signal': 'BUY PUT', 'strategy': 'TRENDLINE_RETEST', 'price': 23958.85, 'stop_loss': 23976.21, 'take_profit': 23959.15, 'tp1': 23932.81, 'rr_ratio': -0.02, 'timestamp': '2026-09-03T10:55:05.129570+05:30', 'zone_band_low': None, 'zone_band_high': None, 'zone_direction': None, 'zone_component_count': 0, 'accepted': False, 'rejection_reasons': ['NARRATIVE_BIAS_BULLISH', 'LOW_RR:-0.02'], 'stop_loss_distance': 17.36, 'atr': 15.06, 'confidence': 0.971, 'diagnostics': {'trendline_id': 'tl_8f7758a1614206b4', 'trendline_confidence': 1.079, 'trendline_r2': 0.99, 'trendline_touches': 33, 'trendline_price_at_now': 23934.02, 'dist_pct': 0.00104, 'narrative_bias': 'REVERSAL', 'bias_confidence': 0.771}, 'features': {'regime_primary': 'STRONG_TREND_UP', 'regime_vol_state': 'NORMAL', 'market_regime': 'STRONG_TREND_UP_NORMAL'}}
2026-09-03 10:55:21,881 - INFO - Resolved active expiry from DB: 26908 (2026-09-08)
2026-09-03 10:55:21,898 - INFO - Resolved index signal into option contract: OptionContract(symbol='NSE:NIFTY2690823950PE', strike=23950.0, expiry='26908', option_type='PE', premium=93.95, delta=0.5, bid=93.8, ask=93.95, volume=49949445, resolved_at=datetime.datetime(2026, 9, 3, 10, 55, 21, 898742))
2026-09-03 10:55:21,899 - INFO - ⚡ Option strike selection resolved index signal to contract NSE:NIFTY2690823950PE @ premium 93.95 (type: PE, strike: 23950.0)
2026-09-03 10:55:21,899 - INFO - 📊 EXECUTION AUDIT [STRIKE_SELECTED]: trade_id=None, candidate_id=cand_NSE_NIFTY50_INDEX_TRENDLINE_RETEST_23958.85_202609031055_Geometry_v1.0_Score35, payload={'symbol': 'NSE:NIFTY2690823950PE', 'strike': 23950.0, 'expiry': '26908', 'type': 'PE'}
2026-09-03 10:55:21,914 - INFO - 📊 EXECUTION AUDIT [PREMIUM_RETRIEVED]: trade_id=None, candidate_id=cand_NSE_NIFTY50_INDEX_TRENDLINE_RETEST_23958.85_202609031055_Geometry_v1.0_Score35, payload={'premium': 93.95, 'bid': 93.8, 'ask': 93.95}
2026-09-03 10:55:21,927 - INFO - 📊 EXECUTION AUDIT [CF_SUBMITTED]: trade_id=None, candidate_id=cand_NSE_NIFTY50_INDEX_TRENDLINE_RETEST_23958.85_202609031055_Geometry_v1.0_Score35, payload={'price': 23958.85, 'sl': 23976.21, 'tp': 23959.15}
2026-09-03 10:55:21,940 - INFO - 📊 EXECUTION AUDIT [CF_FILLED]: trade_id=None, candidate_id=cand_NSE_NIFTY50_INDEX_TRENDLINE_RETEST_23958.85_202609031055_Geometry_v1.0_Score35, payload={'price': 23958.85, 'sl': 23976.21, 'tp': 23959.15}
2026-09-03 10:55:21,955 - INFO - 💰 Position size [TRENDLINE_RETEST|STRONG_TREND_UP_NORMAL|conf=1]: frac=0.004 → ₹5,000 (risk/unit=0.07%)
2026-09-03 10:55:21,983 - INFO - 🟢 ENTRY [CF|Geometry_v1.0_Score35|eometry_v1.0_Score35]: NSE:NIFTY50-INDEX BUY PUT @ 23958.85 | SL: 23976.21 TP: 23959.15
2026-09-03 10:55:21,983 - INFO - 👻 [Geometry_v1.0_Score50] CF TRENDLINE_RETEST NSE:NIFTY50-INDEX BUY PUT | Rejected: ['NARRATIVE_BIAS_BULLISH', 'LOW_RR:-0.02']
2026-09-03 10:55:21,983 - INFO - 📊 EXECUTION AUDIT [SIGNAL_GENERATED]: trade_id=None, candidate_id=cand_NSE_NIFTY50_INDEX_TRENDLINE_RETEST_23958.85_202609031055_Geometry_v1.0_Score50, payload={'symbol': 'NSE:NIFTY50-INDEX', 'candidate_id': 'cand_NSE_NIFTY50_INDEX_TRENDLINE_RETEST_23958.85_202609031055_Geometry_v1.0_Score50', 'experiment_name': 'Geometry_v1.0_Score50', 'strategy_id': 'geometry', 'version': 'v1.0', 'signal': 'BUY PUT', 'strategy': 'TRENDLINE_RETEST', 'price': 23958.85, 'stop_loss': 23976.21, 'take_profit': 23959.15, 'tp1': 23932.81, 'rr_ratio': -0.02, 'timestamp': '2026-09-03T10:55:05.129570+05:30', 'zone_band_low': None, 'zone_band_high': None, 'zone_direction': None, 'zone_component_count': 0, 'accepted': False, 'rejection_reasons': ['NARRATIVE_BIAS_BULLISH', 'LOW_RR:-0.02'], 'stop_loss_distance': 17.36, 'atr': 15.06, 'confidence': 0.971, 'diagnostics': {'trendline_id': 'tl_8f7758a1614206b4', 'trendline_confidence': 1.079, 'trendline_r2': 0.99, 'trendline_touches': 33, 'trendline_price_at_now': 23934.02, 'dist_pct': 0.00104, 'narrative_bias': 'REVERSAL', 'bias_confidence': 0.771}, 'features': {'regime_primary': 'STRONG_TREND_UP', 'regime_vol_state': 'NORMAL', 'market_regime': 'STRONG_TREND_UP_NORMAL'}}
2026-09-03 10:55:22,010 - INFO - Resolved active expiry from DB: 26908 (2026-09-08)
2026-09-03 10:55:22,026 - INFO - Resolved index signal into option contract: OptionContract(symbol='NSE:NIFTY2690823950PE', strike=23950.0, expiry='26908', option_type='PE', premium=93.95, delta=0.5, bid=93.8, ask=93.95, volume=49949445, resolved_at=datetime.datetime(2026, 9, 3, 10, 55, 22, 26503))
2026-09-03 10:55:22,026 - INFO - ⚡ Option strike selection resolved index signal to contract NSE:NIFTY2690823950PE @ premium 93.95 (type: PE, strike: 23950.0)
2026-09-03 10:55:22,026 - INFO - 📊 EXECUTION AUDIT [STRIKE_SELECTED]: trade_id=None, candidate_id=cand_NSE_NIFTY50_INDEX_TRENDLINE_RETEST_23958.85_202609031055_Geometry_v1.0_Score50, payload={'symbol': 'NSE:NIFTY2690823950PE', 'strike': 23950.0, 'expiry': '26908', 'type': 'PE'}
2026-09-03 10:55:22,041 - INFO - 📊 EXECUTION AUDIT [PREMIUM_RETRIEVED]: trade_id=None, candidate_id=cand_NSE_NIFTY50_INDEX_TRENDLINE_RETEST_23958.85_202609031055_Geometry_v1.0_Score50, payload={'premium': 93.95, 'bid': 93.8, 'ask': 93.95}
2026-09-03 10:55:22,055 - INFO - 📊 EXECUTION AUDIT [CF_SUBMITTED]: trade_id=None, candidate_id=cand_NSE_NIFTY50_INDEX_TRENDLINE_RETEST_23958.85_202609031055_Geometry_v1.0_Score50, payload={'price': 23958.85, 'sl': 23976.21, 'tp': 23959.15}
2026-09-03 10:55:22,068 - INFO - 📊 EXECUTION AUDIT [CF_FILLED]: trade_id=None, candidate_id=cand_NSE_NIFTY50_INDEX_TRENDLINE_RETEST_23958.85_202609031055_Geometry_v1.0_Score50, payload={'price': 23958.85, 'sl': 23976.21, 'tp': 23959.15}
2026-09-03 10:55:22,080 - INFO - 💰 Position size [TRENDLINE_RETEST|STRONG_TREND_UP_NORMAL|conf=1]: frac=0.004 → ₹5,000 (risk/unit=0.07%)
2026-09-03 10:55:22,111 - INFO - 🟢 ENTRY [CF|Geometry_v1.0_Score50|eometry_v1.0_Score50]: NSE:NIFTY50-INDEX BUY PUT @ 23958.85 | SL: 23976.21 TP: 23959.15
2026-09-03 10:55:23,961 - INFO - Resolved active expiry from DB: 26SEP (2026-09-29)
2026-09-03 10:55:23,963 - INFO - 🧭 [IronCondor_v1.0] Regime router: NSE:NIFTYBANK-INDEX combo blocked from REAL capital (regime=GAP_UP_NORMAL) — routed to CF
2026-09-03 10:55:23,978 - INFO - Resolved active expiry from DB: 26SEP (2026-09-29)
2026-09-03 10:55:24,039 - INFO - Resolved IRON_CONDOR for NSE:NIFTYBANK-INDEX: [('PE', 'SELL', 57500.0), ('PE', 'BUY', 57300.0), ('CE', 'SELL', 57700.0), ('CE', 'BUY', 57900.0)] net_premium=-177.85 max_loss=22.15
2026-09-03 10:55:24,066 - INFO - 🟢 CF COMBO ENTRY [IronCondor_v1.0|5505_IronCondor_v1.0]: NSE:NIFTYBANK-INDEX IRON_CONDOR | Net premium: -177.85 | Max loss: 22.15
2026-09-03 10:55:24,067 - INFO - 👻 [Butterfly_v1.0] CF COMBO BUTTERFLY_SPREAD NSE:NIFTYBANK-INDEX BUTTERFLY_SPREAD | Rejected: ['COOLDOWN_AFTER_LOSS']
2026-09-03 10:55:24,084 - INFO - Resolved active expiry from DB: 26SEP (2026-09-29)
2026-09-03 10:55:24,150 - INFO - Resolved BUTTERFLY_SPREAD for NSE:NIFTYBANK-INDEX: [('CE', 'BUY', 57400.0), ('CE', 'SELL', 57600.0), ('CE', 'SELL', 57600.0), ('CE', 'BUY', 57800.0)] net_premium=13.90 max_loss=13.90
2026-09-03 10:55:24,179 - INFO - 🟢 CF COMBO ENTRY [Butterfly_v1.0|05505_Butterfly_v1.0]: NSE:NIFTYBANK-INDEX BUTTERFLY_SPREAD | Net premium: 13.90 | Max loss: 13.90
2026-09-03 10:55:24,179 - INFO - 🧭 [IronButterfly_v1.0] Regime router: NSE:NIFTYBANK-INDEX combo blocked from REAL capital (regime=GAP_UP_NORMAL) — routed to CF
2026-09-03 10:55:24,196 - INFO - Resolved active expiry from DB: 26SEP (2026-09-29)
2026-09-03 10:55:24,262 - INFO - Resolved IRON_BUTTERFLY for NSE:NIFTYBANK-INDEX: [('PE', 'SELL', 57600.0), ('CE', 'SELL', 57600.0), ('PE', 'BUY', 57200.0), ('CE', 'BUY', 58000.0)] net_premium=-357.35 max_loss=42.65
2026-09-03 10:55:24,289 - INFO - 🟢 CF COMBO ENTRY [IronButterfly_v1.0|5_IronButterfly_v1.0]: NSE:NIFTYBANK-INDEX IRON_BUTTERFLY | Net premium: -357.35 | Max loss: 42.65
2026-09-03 10:55:24,289 - INFO - 🧭 [ExpiryAwareTheta_v1.0] Regime router: NSE:NIFTYBANK-INDEX combo blocked from REAL capital (regime=GAP_UP_NORMAL) — routed to CF
2026-09-03 10:55:24,304 - INFO - Resolved active expiry from DB: 26SEP (2026-09-29)
2026-09-03 10:55:24,371 - INFO - Resolved IRON_CONDOR for NSE:NIFTYBANK-INDEX: [('PE', 'SELL', 57500.0), ('PE', 'BUY', 57300.0), ('CE', 'SELL', 57700.0), ('CE', 'BUY', 57900.0)] net_premium=-177.85 max_loss=22.15
2026-09-03 10:55:24,402 - INFO - 🟢 CF COMBO ENTRY [ExpiryAwareTheta_v1.0|xpiryAwareTheta_v1.0]: NSE:NIFTYBANK-INDEX IRON_CONDOR | Net premium: -177.85 | Max loss: 22.15
2026-09-03 10:55:35,218 - INFO - 📊 Saved 22 snapshots for NSE:NIFTYBANK-INDEX  (oi range: 53,970–1,959,660)
2026-09-03 10:55:35,410 - INFO - ⏱️ [Real-time Exit Loop] Checking open positions @ 10:55:35...
2026-09-03 10:55:36,305 - INFO - 📡 Fetching NSE:NIFTY50-INDEX @ 23956  expiry=26908  strikes=ATM±5
2026-09-03 10:55:36,515 - INFO - 📊 EXECUTION AUDIT [CF_SL_MODIFIED]: trade_id=None, candidate_id=cand_NSE_NIFTY50_INDEX_BREAKOUT_23851.90_20260903_105000_Structural_v3.2_RVOL1.0, payload={'price': 23956.05, 'old_sl': 23966.37857142857, 'new_sl': 23963.57857142857, 'old_tp': None, 'new_tp': 23883.56428571428, 'reason': 'TRAILING_SL'}
2026-09-03 10:55:36,569 - INFO - 🟡 UPDATE (TRAILING_SL) [CFStructural_v3.2_RVOL1.0|uctural_v3.2_RVOL1.0]: NSE:NIFTY50-INDEX @ 23956.05 | SL→23963.58 TP→23883.56
2026-09-03 10:55:36,569 - INFO - 📊 EXECUTION AUDIT [CF_SL_MODIFIED]: trade_id=None, candidate_id=cand_NSE_NIFTY50_INDEX_BREAKOUT_23851.90_20260903_105000_Structural_v3.2_RVOL0.8, payload={'price': 23956.05, 'old_sl': 23966.37857142857, 'new_sl': 23963.57857142857, 'old_tp': None, 'new_tp': 23883.56428571428, 'reason': 'TRAILING_SL'}
2026-09-03 10:55:36,612 - INFO - 🟡 UPDATE (TRAILING_SL) [CFStructural_v3.2_RVOL0.8|uctural_v3.2_RVOL0.8]: NSE:NIFTY50-INDEX @ 23956.05 | SL→23963.58 TP→23883.56
2026-09-03 10:55:36,612 - INFO - 📊 EXECUTION AUDIT [CF_TP_EXPANDED]: trade_id=None, candidate_id=cand_NSE_NIFTY50_INDEX_TRENDLINE_RETEST_23958.85_202609031055_Geometry_v1.0_Score35, payload={'price': 23956.05, 'old_sl': 23976.21, 'new_sl': 23973.41, 'old_tp': 23959.15, 'new_tp': 23941.79, 'reason': 'TP_EXPANSION'}
2026-09-03 10:55:36,655 - INFO - 🟡 UPDATE (TP_EXPANSION) [CFGeometry_v1.0_Score35|eometry_v1.0_Score35]: NSE:NIFTY50-INDEX @ 23956.05 | SL→23973.41 TP→23941.79
2026-09-03 10:55:36,655 - INFO - 📊 EXECUTION AUDIT [CF_TP_EXPANDED]: trade_id=None, candidate_id=cand_NSE_NIFTY50_INDEX_TRENDLINE_RETEST_23958.85_202609031055_Geometry_v1.0_Score50, payload={'price': 23956.05, 'old_sl': 23976.21, 'new_sl': 23973.41, 'old_tp': 23959.15, 'new_tp': 23941.79, 'reason': 'TP_EXPANSION'}
2026-09-03 10:55:36,695 - INFO - 🟡 UPDATE (TP_EXPANSION) [CFGeometry_v1.0_Score50|eometry_v1.0_Score50]: NSE:NIFTY50-INDEX @ 23956.05 | SL→23973.41 TP→23941.79
2026-09-03 10:55:37,518 - INFO - Retrieved live premium from Fyers API: LTP=357.6 for NSE:BANKNIFTY26SEP57000PE
2026-09-03 10:55:38,533 - INFO - Retrieved live premium from Fyers API: LTP=357.6 for NSE:BANKNIFTY26SEP57000PE
2026-09-03 10:55:39,528 - INFO - Retrieved live premium from Fyers API: LTP=330.9 for NSE:BANKNIFTY26SEP56900PE
2026-09-03 10:55:40,540 - INFO - Retrieved live premium from Fyers API: LTP=308.1 for NSE:BANKNIFTY26SEP56800PE
2026-09-03 10:55:41,534 - INFO - Retrieved live premium from Fyers API: LTP=330.9 for NSE:BANKNIFTY26SEP56900PE
2026-09-03 10:55:46,041 - INFO - 🔴 CF COMBO EXIT (STOP_R) [Butterfly_v1.0|05505_Butterfly_v1.0]: NSE:NIFTYBANK-INDEX BUTTERFLY_SPREAD | PnL -0.88R | 1min
2026-09-03 10:56:05,215 - INFO - ⏱️ [Real-time Exit Loop] Checking open positions @ 10:56:05...
2026-09-03 10:56:05,775 - INFO - 📊 Saved 22 snapshots for NSE:NIFTY50-INDEX  (oi range: 377,715–14,827,280)
2026-09-03 10:56:07,333 - INFO - Retrieved live premium from Fyers API: LTP=353.6 for NSE:BANKNIFTY26SEP57000PE
2026-09-03 10:56:07,894 - INFO - 📡 Fetching NSE:NIFTYBANK-INDEX @ 57591  expiry=26SEP  strikes=ATM±5
2026-09-03 10:56:08,334 - INFO - Retrieved live premium from Fyers API: LTP=354.7 for NSE:BANKNIFTY26SEP57000PE
2026-09-03 10:56:09,351 - INFO - Retrieved live premium from Fyers API: LTP=330.0 for NSE:BANKNIFTY26SEP56900PE
2026-09-03 10:56:10,341 - INFO - Retrieved live premium from Fyers API: LTP=302.35 for NSE:BANKNIFTY26SEP56800PE
2026-09-03 10:56:11,339 - INFO - Retrieved live premium from Fyers API: LTP=330.0 for NSE:BANKNIFTY26SEP56900PE
2026-09-03 10:56:35,862 - INFO - ⏱️ [Real-time Exit Loop] Checking open positions @ 10:56:35...
2026-09-03 10:56:37,604 - INFO - 📊 Saved 22 snapshots for NSE:NIFTYBANK-INDEX  (oi range: 54,060–1,959,840)
2026-09-03 10:56:37,963 - INFO - Retrieved live premium from Fyers API: LTP=356.35 for NSE:BANKNIFTY26SEP57000PE
2026-09-03 10:56:38,717 - INFO - 📡 Fetching NSE:NIFTY50-INDEX @ 23958  expiry=26908  strikes=ATM±5
2026-09-03 10:56:38,978 - INFO - Retrieved live premium from Fyers API: LTP=357.0 for NSE:BANKNIFTY26SEP57000PE
2026-09-03 10:56:39,970 - INFO - Retrieved live premium from Fyers API: LTP=327.6 for NSE:BANKNIFTY26SEP56900PE
2026-09-03 10:56:40,982 - INFO - Retrieved live premium from Fyers API: LTP=302.35 for NSE:BANKNIFTY26SEP56800PE
2026-09-03 10:56:41,981 - INFO - Retrieved live premium from Fyers API: LTP=327.6 for NSE:BANKNIFTY26SEP56900PE
2026-09-03 10:57:05,531 - INFO - ⏱️ [Real-time Exit Loop] Checking open positions @ 10:57:05...
2026-09-03 10:57:06,638 - INFO - 📊 EXECUTION AUDIT [CF_SL_MODIFIED]: trade_id=None, candidate_id=cand_NSE_NIFTYBANK_INDEX_EMAPULL_57595.90_20260903_104505_EMA_Pullback_20_50_RVOL0.5, payload={'price': 57598.0, 'old_sl': 57370.8, 'new_sl': 57372.9, 'old_tp': None, 'new_tp': 57885.65, 'reason': 'TRAILING_SL'}
2026-09-03 10:57:06,686 - INFO - 🟡 UPDATE (TRAILING_SL) [CFEMA_Pullback_20_50_RVOL0.5|llback_20_50_RVOL0.5]: NSE:NIFTYBANK-INDEX @ 57598.00 | SL→57372.90 TP→57885.65
2026-09-03 10:57:06,686 - INFO - 📊 EXECUTION AUDIT [CF_EXITED]: trade_id=None, candidate_id=cand_NSE_NIFTYBANK_INDEX_OI_WALL_FADE_57571.45_20260903_105005_OIWallReaction_v1.0, payload={'exit_price': 57598.0, 'exit_reason': 'TRAILING_SL', 'pnl_r': -0.013409619166815663, 'duration_minutes': 7.00830845, 'bars_held': 1}
2026-09-03 10:57:06,726 - INFO - 🔴 EXIT (TRAILING_SL) [CFOIWallReaction_v1.0|_OIWallReaction_v1.0]: NSE:NIFTYBANK-INDEX @ 57598.00 | PnL -0.01R | MFE 0.23R | Capture -6% | 1bars HoldEff -0.013R/bar
2026-09-03 10:57:06,726 - INFO - 📊 EXECUTION AUDIT [CF_EXITED]: trade_id=None, candidate_id=cand_NSE_NIFTY50_INDEX_BREAKOUT_23851.90_20260903_105000_Structural_v3.2_RVOL1.0, payload={'exit_price': 23967.55, 'exit_reason': 'TRAILING_SL', 'pnl_r': -0.03406067056945187, 'duration_minutes': 2.0066982166666665, 'bars_held': 0}
2026-09-03 10:57:06,767 - INFO - 🔴 EXIT (TRAILING_SL) [CFStructural_v3.2_RVOL1.0|uctural_v3.2_RVOL1.0]: NSE:NIFTY50-INDEX @ 23967.55 | PnL -0.03R | MFE 0.37R | Capture -9% | 0bars HoldEff -0.034R/bar
2026-09-03 10:57:06,767 - INFO - 📊 EXECUTION AUDIT [CF_EXITED]: trade_id=None, candidate_id=cand_NSE_NIFTY50_INDEX_BREAKOUT_23851.90_20260903_105000_Structural_v3.2_RVOL0.8, payload={'exit_price': 23967.55, 'exit_reason': 'TRAILING_SL', 'pnl_r': -0.03406067056945187, 'duration_minutes': 2.0066982166666665, 'bars_held': 0}
2026-09-03 10:57:06,809 - INFO - 🔴 EXIT (TRAILING_SL) [CFStructural_v3.2_RVOL0.8|uctural_v3.2_RVOL0.8]: NSE:NIFTY50-INDEX @ 23967.55 | PnL -0.03R | MFE 0.37R | Capture -9% | 0bars HoldEff -0.034R/bar
2026-09-03 10:57:07,639 - INFO - Retrieved live premium from Fyers API: LTP=352.95 for NSE:BANKNIFTY26SEP57000PE
2026-09-03 10:57:08,158 - INFO - 📊 Saved 22 snapshots for NSE:NIFTY50-INDEX  (oi range: 375,180–14,901,120)
2026-09-03 10:57:08,652 - INFO - Retrieved live premium from Fyers API: LTP=353.0 for NSE:BANKNIFTY26SEP57000PE
2026-09-03 10:57:09,656 - INFO - Retrieved live premium from Fyers API: LTP=327.6 for NSE:BANKNIFTY26SEP56900PE
2026-09-03 10:57:10,289 - INFO - 📡 Fetching NSE:NIFTYBANK-INDEX @ 57593  expiry=26SEP  strikes=ATM±5
2026-09-03 10:57:10,655 - INFO - Retrieved live premium from Fyers API: LTP=298.9 for NSE:BANKNIFTY26SEP56800PE
2026-09-03 10:57:11,644 - INFO - Retrieved live premium from Fyers API: LTP=327.6 for NSE:BANKNIFTY26SEP56900PE
2026-09-03 10:57:35,109 - INFO - ⏱️ [Real-time Exit Loop] Checking open positions @ 10:57:35...
2026-09-03 10:57:37,219 - INFO - Retrieved live premium from Fyers API: LTP=353.5 for NSE:BANKNIFTY26SEP57000PE
2026-09-03 10:57:38,242 - INFO - Retrieved live premium from Fyers API: LTP=353.5 for NSE:BANKNIFTY26SEP57000PE
2026-09-03 10:57:39,250 - INFO - Retrieved live premium from Fyers API: LTP=327.6 for NSE:BANKNIFTY26SEP56900PE
2026-09-03 10:57:40,021 - INFO - 📊 Saved 22 snapshots for NSE:NIFTYBANK-INDEX  (oi range: 53,970–1,960,800)
2026-09-03 10:57:40,242 - INFO - Retrieved live premium from Fyers API: LTP=298.9 for NSE:BANKNIFTY26SEP56800PE
2026-09-03 10:57:41,123 - INFO - 📡 Fetching NSE:NIFTY50-INDEX @ 23962  expiry=26908  strikes=ATM±5
2026-09-03 10:57:41,233 - INFO - Retrieved live premium from Fyers API: LTP=327.6 for NSE:BANKNIFTY26SEP56900PE
2026-09-03 10:58:05,797 - INFO - ⏱️ [Real-time Exit Loop] Checking open positions @ 10:58:05...
2026-09-03 10:58:06,903 - INFO - 📊 EXECUTION AUDIT [CF_SL_MODIFIED]: trade_id=None, candidate_id=cand_NSE_NIFTYBANK_INDEX_EMAPULL_57595.90_20260903_104505_EMA_Pullback_20_50_RVOL0.5, payload={'price': 57598.55, 'old_sl': 57372.9, 'new_sl': 57373.450000000004, 'old_tp': None, 'new_tp': 57885.65, 'reason': 'TRAILING_SL'}
2026-09-03 10:58:06,951 - INFO - 🟡 UPDATE (TRAILING_SL) [CFEMA_Pullback_20_50_RVOL0.5|llback_20_50_RVOL0.5]: NSE:NIFTYBANK-INDEX @ 57598.55 | SL→57373.45 TP→57885.65
2026-09-03 10:58:07,939 - INFO - Retrieved live premium from Fyers API: LTP=351.75 for NSE:BANKNIFTY26SEP57000PE
2026-09-03 10:58:08,934 - INFO - Retrieved live premium from Fyers API: LTP=352.5 for NSE:BANKNIFTY26SEP57000PE
2026-09-03 10:58:09,936 - INFO - Retrieved live premium from Fyers API: LTP=326.75 for NSE:BANKNIFTY26SEP56900PE
2026-09-03 10:58:10,860 - INFO - 📊 Saved 22 snapshots for NSE:NIFTY50-INDEX  (oi range: 373,750–15,072,070)
2026-09-03 10:58:10,945 - INFO - Retrieved live premium from Fyers API: LTP=298.9 for NSE:BANKNIFTY26SEP56800PE
2026-09-03 10:58:11,944 - INFO - Retrieved live premium from Fyers API: LTP=326.75 for NSE:BANKNIFTY26SEP56900PE
2026-09-03 10:58:12,953 - INFO - 📡 Fetching NSE:NIFTYBANK-INDEX @ 57599  expiry=26SEP  strikes=ATM±5
2026-09-03 10:58:35,527 - INFO - ⏱️ [Real-time Exit Loop] Checking open positions @ 10:58:35...
2026-09-03 10:58:36,608 - INFO - 📊 EXECUTION AUDIT [CF_SL_MODIFIED]: trade_id=None, candidate_id=cand_NSE_NIFTYBANK_INDEX_EMAPULL_57595.90_20260903_104505_EMA_Pullback_20_50_RVOL0.5, payload={'price': 57603.55, 'old_sl': 57373.450000000004, 'new_sl': 57378.450000000004, 'old_tp': None, 'new_tp': 57885.65, 'reason': 'TRAILING_SL'}
2026-09-03 10:58:36,656 - INFO - 🟡 UPDATE (TRAILING_SL) [CFEMA_Pullback_20_50_RVOL0.5|llback_20_50_RVOL0.5]: NSE:NIFTYBANK-INDEX @ 57603.55 | SL→57378.45 TP→57885.65
2026-09-03 10:58:37,633 - INFO - Retrieved live premium from Fyers API: LTP=350.9 for NSE:BANKNIFTY26SEP57000PE
2026-09-03 10:58:38,630 - INFO - Retrieved live premium from Fyers API: LTP=350.9 for NSE:BANKNIFTY26SEP57000PE
2026-09-03 10:58:39,632 - INFO - Retrieved live premium from Fyers API: LTP=326.75 for NSE:BANKNIFTY26SEP56900PE
2026-09-03 10:58:40,646 - INFO - Retrieved live premium from Fyers API: LTP=299.7 for NSE:BANKNIFTY26SEP56800PE
2026-09-03 10:58:41,632 - INFO - Retrieved live premium from Fyers API: LTP=326.75 for NSE:BANKNIFTY26SEP56900PE
2026-09-03 10:58:42,432 - INFO - 📊 Saved 22 snapshots for NSE:NIFTYBANK-INDEX  (oi range: 53,940–1,960,740)
2026-09-03 10:58:43,533 - INFO - 📡 Fetching NSE:NIFTY50-INDEX @ 23963  expiry=26908  strikes=ATM±5
2026-09-03 10:59:05,624 - INFO - ⏱️ [Real-time Exit Loop] Checking open positions @ 10:59:05...
2026-09-03 10:59:07,730 - INFO - Retrieved live premium from Fyers API: LTP=353.05 for NSE:BANKNIFTY26SEP57000PE
2026-09-03 10:59:08,729 - INFO - Retrieved live premium from Fyers API: LTP=353.05 for NSE:BANKNIFTY26SEP57000PE
2026-09-03 10:59:09,735 - INFO - Retrieved live premium from Fyers API: LTP=326.75 for NSE:BANKNIFTY26SEP56900PE
2026-09-03 10:59:10,752 - INFO - Retrieved live premium from Fyers API: LTP=300.4 for NSE:BANKNIFTY26SEP56800PE
2026-09-03 10:59:11,735 - INFO - Retrieved live premium from Fyers API: LTP=326.75 for NSE:BANKNIFTY26SEP56900PE
2026-09-03 10:59:12,948 - INFO - 📊 Saved 22 snapshots for NSE:NIFTY50-INDEX  (oi range: 373,880–15,207,270)
2026-09-03 10:59:15,057 - INFO - 📡 Fetching NSE:NIFTYBANK-INDEX @ 57596  expiry=26SEP  strikes=ATM±5
2026-09-03 10:59:35,705 - INFO - ⏱️ [Real-time Exit Loop] Checking open positions @ 10:59:35...
2026-09-03 10:59:37,824 - INFO - Retrieved live premium from Fyers API: LTP=348.05 for NSE:BANKNIFTY26SEP57000PE
2026-09-03 10:59:38,841 - INFO - Retrieved live premium from Fyers API: LTP=348.0 for NSE:BANKNIFTY26SEP57000PE
2026-09-03 10:59:39,857 - INFO - Retrieved live premium from Fyers API: LTP=323.3 for NSE:BANKNIFTY26SEP56900PE
2026-09-03 10:59:40,837 - INFO - Retrieved live premium from Fyers API: LTP=298.0 for NSE:BANKNIFTY26SEP56800PE
2026-09-03 10:59:41,840 - INFO - Retrieved live premium from Fyers API: LTP=323.3 for NSE:BANKNIFTY26SEP56900PE
2026-09-03 10:59:44,745 - INFO - 📊 Saved 22 snapshots for NSE:NIFTYBANK-INDEX  (oi range: 53,880–1,960,620)
2026-09-03 10:59:45,833 - INFO - 📡 Fetching NSE:NIFTY50-INDEX @ 23965  expiry=26908  strikes=ATM±5
2026-09-03 11:00:05,246 - INFO - 🔔 [New Candle Closed] Running entry pipeline for candle 11:00 at 11:00:05...
2026-09-03 11:00:05,247 - INFO - --- 11:00:05 Market Pulse ---
2026-09-03 11:00:11,362 - INFO - Retrieved live premium from Fyers API: LTP=352.95 for NSE:BANKNIFTY26SEP57000PE
2026-09-03 11:00:12,358 - INFO - Retrieved live premium from Fyers API: LTP=352.95 for NSE:BANKNIFTY26SEP57000PE
2026-09-03 11:00:13,373 - INFO - Retrieved live premium from Fyers API: LTP=325.0 for NSE:BANKNIFTY26SEP56900PE
2026-09-03 11:00:14,380 - INFO - Retrieved live premium from Fyers API: LTP=298.0 for NSE:BANKNIFTY26SEP56800PE
2026-09-03 11:00:15,244 - INFO - 📊 Saved 22 snapshots for NSE:NIFTY50-INDEX  (oi range: 375,635–15,362,425)
2026-09-03 11:00:15,381 - INFO - Retrieved live premium from Fyers API: LTP=325.0 for NSE:BANKNIFTY26SEP56900PE
2026-09-03 11:00:17,368 - INFO - 📡 Fetching NSE:NIFTYBANK-INDEX @ 57591  expiry=26SEP  strikes=ATM±5
2026-09-03 11:00:22,094 - INFO - Resolved active expiry from DB: 26908 (2026-09-08)
2026-09-03 11:00:22,096 - INFO - 🧭 [CreditSpread_v1.0_PCRFade] Regime router: NSE:NIFTY50-INDEX combo blocked from REAL capital (regime=STRONG_TREND_UP_NORMAL) — routed to CF
2026-09-03 11:00:22,109 - INFO - Resolved active expiry from DB: 26908 (2026-09-08)
2026-09-03 11:00:22,138 - INFO - Resolved BEAR_CALL_SPREAD for NSE:NIFTY50-INDEX: [('CE', 'SELL', 24000.0), ('CE', 'BUY', 24100.0)] net_premium=-42.95 max_loss=57.05
2026-09-03 11:00:22,166 - INFO - 🟢 CF COMBO ENTRY [CreditSpread_v1.0_PCRFade|tSpread_v1.0_PCRFade]: NSE:NIFTY50-INDEX BEAR_CALL_SPREAD | Net premium: -42.95 | Max loss: 57.05
2026-09-03 11:00:22,166 - INFO - 🧭 [IronCondor_v1.0] Regime router: NSE:NIFTY50-INDEX combo blocked from REAL capital (regime=STRONG_TREND_UP_NORMAL) — routed to CF
2026-09-03 11:00:22,180 - INFO - Resolved active expiry from DB: 26908 (2026-09-08)
2026-09-03 11:00:22,246 - INFO - Resolved IRON_CONDOR for NSE:NIFTY50-INDEX: [('PE', 'SELL', 23900.0), ('PE', 'BUY', 23800.0), ('CE', 'SELL', 24000.0), ('CE', 'BUY', 24100.0)] net_premium=-72.20 max_loss=27.80
2026-09-03 11:00:22,277 - INFO - 🟢 CF COMBO ENTRY [IronCondor_v1.0|0005_IronCondor_v1.0]: NSE:NIFTY50-INDEX IRON_CONDOR | Net premium: -72.20 | Max loss: 27.80
2026-09-03 11:00:22,277 - INFO - 🧭 [IronButterfly_v1.0] Regime router: NSE:NIFTY50-INDEX combo blocked from REAL capital (regime=STRONG_TREND_UP_NORMAL) — routed to CF
2026-09-03 11:00:22,293 - INFO - Resolved active expiry from DB: 26908 (2026-09-08)
2026-09-03 11:00:22,364 - INFO - Resolved IRON_BUTTERFLY for NSE:NIFTY50-INDEX: [('PE', 'SELL', 23950.0), ('CE', 'SELL', 23950.0), ('PE', 'BUY', 23750.0), ('CE', 'BUY', 24150.0)] net_premium=-146.20 max_loss=53.80
2026-09-03 11:00:22,394 - INFO - 🟢 CF COMBO ENTRY [IronButterfly_v1.0|5_IronButterfly_v1.0]: NSE:NIFTY50-INDEX IRON_BUTTERFLY | Net premium: -146.20 | Max loss: 53.80
2026-09-03 11:00:22,394 - INFO - 🧭 [ExpiryAwareTheta_v1.0] Regime router: NSE:NIFTY50-INDEX combo blocked from REAL capital (regime=STRONG_TREND_UP_NORMAL) — routed to CF
2026-09-03 11:00:22,409 - INFO - Resolved active expiry from DB: 26908 (2026-09-08)
2026-09-03 11:00:22,473 - INFO - Resolved IRON_CONDOR for NSE:NIFTY50-INDEX: [('PE', 'SELL', 23900.0), ('PE', 'BUY', 23800.0), ('CE', 'SELL', 24000.0), ('CE', 'BUY', 24100.0)] net_premium=-72.20 max_loss=27.80
2026-09-03 11:00:22,502 - INFO - 🟢 CF COMBO ENTRY [ExpiryAwareTheta_v1.0|xpiryAwareTheta_v1.0]: NSE:NIFTY50-INDEX IRON_CONDOR | Net premium: -72.20 | Max loss: 27.80
2026-09-03 11:00:24,429 - INFO - Resolved active expiry from DB: 26SEP (2026-09-29)
2026-09-03 11:00:24,430 - INFO - 👻 [Structural_v3.2_RVOL1.0] CF BREAKOUT NSE:NIFTYBANK-INDEX BUY PUT | Rejected: ['LOW_RVOL', 'BIAS_MISMATCH', 'LOW_EFFICIENCY', 'HIGH_WICKINESS']
2026-09-03 11:00:24,430 - INFO - 📊 EXECUTION AUDIT [SIGNAL_GENERATED]: trade_id=None, candidate_id=cand_NSE_NIFTYBANK_INDEX_BREAKOUT_57553.05_20260903_105500_Structural_v3.2_RVOL1.0, payload={'symbol': 'NSE:NIFTYBANK-INDEX', 'signal': 'BUY PUT', 'strategy': 'BREAKOUT', 'price': 57593.85, 'stop_loss': 57619.90535714286, 'take_profit': 57333.296428571426, 'tp1': 57554.76696428571, 'rr_ratio': 10.0, 'timestamp': '2026-09-03T10:55:00+05:30', 'accepted': False, 'rejection_reasons': ['LOW_RVOL', 'BIAS_MISMATCH', 'LOW_EFFICIENCY', 'HIGH_WICKINESS'], 'features': {'date': '2026-09-03', 'strategy_name': 'Structural_v3', 'strategy_version': 'v3.2', 'feature_version': 'v1.1', 'market_regime': 'GAP_UP_NORMAL', 'day_type': 'NORMAL_DAY', 'session_type': 'MID', 'daily_bias': 'NEUTRAL', 'hourly_bias': 'NEUTRAL', 'trend_strength': 0.0, 'rvol': 0.71, 'rvol_threshold': 1.0, 'atr': 52.11, 'distance_from_supply': 410.38, 'distance_from_demand': 770.65, 'nearest_supply_strength': 84.0, 'nearest_demand_strength': 69.5, 'distance_to_liquidity_pool': 770.6500000000015, 'liquidity_score': 7.1, 'indicator_snapshot': {'rvol_tod': 0.71, 'is_compressed': False, 'bos_count': 0}, 'move_efficiency': 0.2119, 'wickiness': 0.6883, 'fft_score': 0.0, 'setup_type': 'BREAKOUT', 'candidate_id': 'cand_NSE_NIFTYBANK_INDEX_BREAKOUT_57553.05_20260903_105500', 'ema20': 57564.94, 'ema50': 57404.57, 'move_efficiency_h1': 0.4471, 'ema_bullish': True, 'rsi14': 36.87, 'rsi2': 91.64, 'distance_to_vwap': -0.0007, 'atr_percentile': 0.485, 'dist_prev_high': 0.0065, 'dist_prev_low': 0.0136, 'adx': 39.31, 'adx_slope': -4.6448, 'gap_pct': 0.0057, 'regime_primary': 'GAP_UP', 'regime_vol_state': 'NORMAL'}, 'candidate_id': 'cand_NSE_NIFTYBANK_INDEX_BREAKOUT_57553.05_20260903_105500_Structural_v3.2_RVOL1.0', 'experiment_name': 'Structural_v3.2_RVOL1.0', 'strategy_id': 'structural', 'version': 'v3.2'}
2026-09-03 11:00:24,457 - INFO - Resolved active expiry from DB: 26SEP (2026-09-29)
2026-09-03 11:00:24,472 - INFO - Resolved index signal into option contract: OptionContract(symbol='NSE:BANKNIFTY26SEP57600PE', strike=57600.0, expiry='26SEP', option_type='PE', premium=551.95, delta=0.5, bid=550.25, ask=552.0, volume=869520, resolved_at=datetime.datetime(2026, 9, 3, 11, 0, 24, 472802))
2026-09-03 11:00:24,473 - INFO - ⚡ Option strike selection resolved index signal to contract NSE:BANKNIFTY26SEP57600PE @ premium 551.95 (type: PE, strike: 57600.0)
2026-09-03 11:00:24,473 - INFO - 📊 EXECUTION AUDIT [STRIKE_SELECTED]: trade_id=None, candidate_id=cand_NSE_NIFTYBANK_INDEX_BREAKOUT_57553.05_20260903_105500_Structural_v3.2_RVOL1.0, payload={'symbol': 'NSE:BANKNIFTY26SEP57600PE', 'strike': 57600.0, 'expiry': '26SEP', 'type': 'PE'}
2026-09-03 11:00:24,485 - INFO - 📊 EXECUTION AUDIT [PREMIUM_RETRIEVED]: trade_id=None, candidate_id=cand_NSE_NIFTYBANK_INDEX_BREAKOUT_57553.05_20260903_105500_Structural_v3.2_RVOL1.0, payload={'premium': 551.95, 'bid': 550.25, 'ask': 552.0}
2026-09-03 11:00:24,498 - INFO - 📊 EXECUTION AUDIT [CF_SUBMITTED]: trade_id=None, candidate_id=cand_NSE_NIFTYBANK_INDEX_BREAKOUT_57553.05_20260903_105500_Structural_v3.2_RVOL1.0, payload={'price': 57593.85, 'sl': 57619.90535714286, 'tp': 57333.296428571426}
2026-09-03 11:00:24,510 - INFO - 📊 EXECUTION AUDIT [CF_FILLED]: trade_id=None, candidate_id=cand_NSE_NIFTYBANK_INDEX_BREAKOUT_57553.05_20260903_105500_Structural_v3.2_RVOL1.0, payload={'price': 57593.85, 'sl': 57619.90535714286, 'tp': 57333.296428571426}
2026-09-03 11:00:24,523 - INFO - 💰 Position size [BREAKOUT|GAP_UP_NORMAL|conf=70]: frac=0.003 → ₹5,000 (risk/unit=0.05%)
2026-09-03 11:00:24,554 - INFO - 🟢 ENTRY [CF|Structural_v3.2_RVOL1.0|uctural_v3.2_RVOL1.0]: NSE:NIFTYBANK-INDEX BUY PUT @ 57593.85 | SL: 57619.91 TP: 57333.30
2026-09-03 11:00:24,554 - INFO - 👻 [Structural_v3.2_RVOL0.8] CF BREAKOUT NSE:NIFTYBANK-INDEX BUY PUT | Rejected: ['LOW_RVOL', 'BIAS_MISMATCH', 'LOW_EFFICIENCY', 'HIGH_WICKINESS']
2026-09-03 11:00:24,554 - INFO - 📊 EXECUTION AUDIT [SIGNAL_GENERATED]: trade_id=None, candidate_id=cand_NSE_NIFTYBANK_INDEX_BREAKOUT_57553.05_20260903_105500_Structural_v3.2_RVOL0.8, payload={'symbol': 'NSE:NIFTYBANK-INDEX', 'signal': 'BUY PUT', 'strategy': 'BREAKOUT', 'price': 57593.85, 'stop_loss': 57619.90535714286, 'take_profit': 57333.296428571426, 'tp1': 57554.76696428571, 'rr_ratio': 10.0, 'timestamp': '2026-09-03T10:55:00+05:30', 'accepted': False, 'rejection_reasons': ['LOW_RVOL', 'BIAS_MISMATCH', 'LOW_EFFICIENCY', 'HIGH_WICKINESS'], 'features': {'date': '2026-09-03', 'strategy_name': 'Structural_v3', 'strategy_version': 'v3.2', 'feature_version': 'v1.1', 'market_regime': 'GAP_UP_NORMAL', 'day_type': 'NORMAL_DAY', 'session_type': 'MID', 'daily_bias': 'NEUTRAL', 'hourly_bias': 'NEUTRAL', 'trend_strength': 0.0, 'rvol': 0.71, 'rvol_threshold': 0.8, 'atr': 52.11, 'distance_from_supply': 410.38, 'distance_from_demand': 770.65, 'nearest_supply_strength': 84.0, 'nearest_demand_strength': 69.5, 'distance_to_liquidity_pool': 770.6500000000015, 'liquidity_score': 7.1, 'indicator_snapshot': {'rvol_tod': 0.71, 'is_compressed': False, 'bos_count': 0}, 'move_efficiency': 0.2119, 'wickiness': 0.6883, 'fft_score': 0.0, 'setup_type': 'BREAKOUT', 'candidate_id': 'cand_NSE_NIFTYBANK_INDEX_BREAKOUT_57553.05_20260903_105500', 'ema20': 57564.94, 'ema50': 57404.57, 'move_efficiency_h1': 0.4471, 'ema_bullish': True, 'rsi14': 36.87, 'rsi2': 91.64, 'distance_to_vwap': -0.0007, 'atr_percentile': 0.485, 'dist_prev_high': 0.0065, 'dist_prev_low': 0.0136, 'adx': 39.31, 'adx_slope': -4.6448, 'gap_pct': 0.0057, 'regime_primary': 'GAP_UP', 'regime_vol_state': 'NORMAL'}, 'candidate_id': 'cand_NSE_NIFTYBANK_INDEX_BREAKOUT_57553.05_20260903_105500_Structural_v3.2_RVOL0.8', 'experiment_name': 'Structural_v3.2_RVOL0.8', 'strategy_id': 'structural', 'version': 'v3.2'}
2026-09-03 11:00:24,584 - INFO - Resolved active expiry from DB: 26SEP (2026-09-29)
2026-09-03 11:00:24,602 - INFO - Resolved index signal into option contract: OptionContract(symbol='NSE:BANKNIFTY26SEP57600PE', strike=57600.0, expiry='26SEP', option_type='PE', premium=551.95, delta=0.5, bid=550.25, ask=552.0, volume=869520, resolved_at=datetime.datetime(2026, 9, 3, 11, 0, 24, 602436))
2026-09-03 11:00:24,602 - INFO - ⚡ Option strike selection resolved index signal to contract NSE:BANKNIFTY26SEP57600PE @ premium 551.95 (type: PE, strike: 57600.0)
2026-09-03 11:00:24,602 - INFO - 📊 EXECUTION AUDIT [STRIKE_SELECTED]: trade_id=None, candidate_id=cand_NSE_NIFTYBANK_INDEX_BREAKOUT_57553.05_20260903_105500_Structural_v3.2_RVOL0.8, payload={'symbol': 'NSE:BANKNIFTY26SEP57600PE', 'strike': 57600.0, 'expiry': '26SEP', 'type': 'PE'}
2026-09-03 11:00:24,616 - INFO - 📊 EXECUTION AUDIT [PREMIUM_RETRIEVED]: trade_id=None, candidate_id=cand_NSE_NIFTYBANK_INDEX_BREAKOUT_57553.05_20260903_105500_Structural_v3.2_RVOL0.8, payload={'premium': 551.95, 'bid': 550.25, 'ask': 552.0}
2026-09-03 11:00:24,629 - INFO - 📊 EXECUTION AUDIT [CF_SUBMITTED]: trade_id=None, candidate_id=cand_NSE_NIFTYBANK_INDEX_BREAKOUT_57553.05_20260903_105500_Structural_v3.2_RVOL0.8, payload={'price': 57593.85, 'sl': 57619.90535714286, 'tp': 57333.296428571426}
2026-09-03 11:00:24,641 - INFO - 📊 EXECUTION AUDIT [CF_FILLED]: trade_id=None, candidate_id=cand_NSE_NIFTYBANK_INDEX_BREAKOUT_57553.05_20260903_105500_Structural_v3.2_RVOL0.8, payload={'price': 57593.85, 'sl': 57619.90535714286, 'tp': 57333.296428571426}
2026-09-03 11:00:24,653 - INFO - 💰 Position size [BREAKOUT|GAP_UP_NORMAL|conf=70]: frac=0.003 → ₹5,000 (risk/unit=0.05%)
2026-09-03 11:00:24,679 - INFO - 🟢 ENTRY [CF|Structural_v3.2_RVOL0.8|uctural_v3.2_RVOL0.8]: NSE:NIFTYBANK-INDEX BUY PUT @ 57593.85 | SL: 57619.91 TP: 57333.30
2026-09-03 11:00:24,679 - INFO - 🧭 [IronCondor_v1.0] Regime router: NSE:NIFTYBANK-INDEX combo blocked from REAL capital (regime=GAP_UP_NORMAL) — routed to CF
2026-09-03 11:00:24,693 - INFO - Resolved active expiry from DB: 26SEP (2026-09-29)
2026-09-03 11:00:24,763 - INFO - Resolved IRON_CONDOR for NSE:NIFTYBANK-INDEX: [('PE', 'SELL', 57500.0), ('PE', 'BUY', 57300.0), ('CE', 'SELL', 57700.0), ('CE', 'BUY', 57900.0)] net_premium=-174.35 max_loss=25.65
2026-09-03 11:00:24,790 - INFO - 🟢 CF COMBO ENTRY [IronCondor_v1.0|0005_IronCondor_v1.0]: NSE:NIFTYBANK-INDEX IRON_CONDOR | Net premium: -174.35 | Max loss: 25.65
2026-09-03 11:00:24,790 - INFO - 👻 [Butterfly_v1.0] CF COMBO BUTTERFLY_SPREAD NSE:NIFTYBANK-INDEX BUTTERFLY_SPREAD | Rejected: ['COOLDOWN_AFTER_LOSS']
2026-09-03 11:00:24,805 - INFO - Resolved active expiry from DB: 26SEP (2026-09-29)
2026-09-03 11:00:24,871 - INFO - Resolved BUTTERFLY_SPREAD for NSE:NIFTYBANK-INDEX: [('CE', 'BUY', 57400.0), ('CE', 'SELL', 57600.0), ('CE', 'SELL', 57600.0), ('CE', 'BUY', 57800.0)] net_premium=11.25 max_loss=11.25
2026-09-03 11:00:24,897 - INFO - 🟢 CF COMBO ENTRY [Butterfly_v1.0|10005_Butterfly_v1.0]: NSE:NIFTYBANK-INDEX BUTTERFLY_SPREAD | Net premium: 11.25 | Max loss: 11.25
2026-09-03 11:00:24,897 - INFO - 🧭 [IronButterfly_v1.0] Regime router: NSE:NIFTYBANK-INDEX combo blocked from REAL capital (regime=GAP_UP_NORMAL) — routed to CF
2026-09-03 11:00:24,912 - INFO - Resolved active expiry from DB: 26SEP (2026-09-29)
2026-09-03 11:00:24,985 - INFO - Resolved IRON_BUTTERFLY for NSE:NIFTYBANK-INDEX: [('PE', 'SELL', 57600.0), ('CE', 'SELL', 57600.0), ('PE', 'BUY', 57200.0), ('CE', 'BUY', 58000.0)] net_premium=-353.65 max_loss=46.35
2026-09-03 11:00:25,013 - INFO - 🟢 CF COMBO ENTRY [IronButterfly_v1.0|5_IronButterfly_v1.0]: NSE:NIFTYBANK-INDEX IRON_BUTTERFLY | Net premium: -353.65 | Max loss: 46.35
2026-09-03 11:00:25,013 - INFO - 🧭 [ExpiryAwareTheta_v1.0] Regime router: NSE:NIFTYBANK-INDEX combo blocked from REAL capital (regime=GAP_UP_NORMAL) — routed to CF
2026-09-03 11:00:25,028 - INFO - Resolved active expiry from DB: 26SEP (2026-09-29)
2026-09-03 11:00:25,096 - INFO - Resolved IRON_CONDOR for NSE:NIFTYBANK-INDEX: [('PE', 'SELL', 57500.0), ('PE', 'BUY', 57300.0), ('CE', 'SELL', 57700.0), ('CE', 'BUY', 57900.0)] net_premium=-174.35 max_loss=25.65
2026-09-03 11:00:25,126 - INFO - 🟢 CF COMBO ENTRY [ExpiryAwareTheta_v1.0|xpiryAwareTheta_v1.0]: NSE:NIFTYBANK-INDEX IRON_CONDOR | Net premium: -174.35 | Max loss: 25.65
2026-09-03 11:00:35,131 - INFO - ⏱️ [Real-time Exit Loop] Checking open positions @ 11:00:35...
2026-09-03 11:00:36,242 - INFO - 📊 EXECUTION AUDIT [CF_SL_MODIFIED]: trade_id=None, candidate_id=cand_NSE_NIFTYBANK_INDEX_EMAPULL_57595.90_20260903_104505_EMA_Pullback_20_50_RVOL0.5, payload={'price': 57605.5, 'old_sl': 57378.450000000004, 'new_sl': 57380.4, 'old_tp': None, 'new_tp': 57885.65, 'reason': 'TRAILING_SL'}
2026-09-03 11:00:36,290 - INFO - 🟡 UPDATE (TRAILING_SL) [CFEMA_Pullback_20_50_RVOL0.5|llback_20_50_RVOL0.5]: NSE:NIFTYBANK-INDEX @ 57605.50 | SL→57380.40 TP→57885.65
2026-09-03 11:00:37,252 - INFO - Retrieved live premium from Fyers API: LTP=350.0 for NSE:BANKNIFTY26SEP57000PE
2026-09-03 11:00:38,249 - INFO - Retrieved live premium from Fyers API: LTP=350.0 for NSE:BANKNIFTY26SEP57000PE
2026-09-03 11:00:39,253 - INFO - Retrieved live premium from Fyers API: LTP=324.05 for NSE:BANKNIFTY26SEP56900PE
2026-09-03 11:00:40,260 - INFO - Retrieved live premium from Fyers API: LTP=299.0 for NSE:BANKNIFTY26SEP56800PE
2026-09-03 11:00:41,280 - INFO - Retrieved live premium from Fyers API: LTP=324.05 for NSE:BANKNIFTY26SEP56900PE
2026-09-03 11:00:46,269 - INFO - 🔴 CF COMBO EXIT (STOP_R) [Butterfly_v1.0|10005_Butterfly_v1.0]: NSE:NIFTYBANK-INDEX BUTTERFLY_SPREAD | PnL -0.81R | 0min
2026-09-03 11:00:47,751 - INFO - 📊 Saved 22 snapshots for NSE:NIFTYBANK-INDEX  (oi range: 53,790–1,960,770)
2026-09-03 11:00:48,867 - INFO - 📡 Fetching NSE:NIFTY50-INDEX @ 23965  expiry=26908  strikes=ATM±5
2026-09-03 11:01:05,424 - INFO - ⏱️ [Real-time Exit Loop] Checking open positions @ 11:01:05...
2026-09-03 11:01:07,547 - INFO - Retrieved live premium from Fyers API: LTP=350.0 for NSE:BANKNIFTY26SEP57000PE
2026-09-03 11:01:08,554 - INFO - Retrieved live premium from Fyers API: LTP=350.0 for NSE:BANKNIFTY26SEP57000PE
2026-09-03 11:01:09,558 - INFO - Retrieved live premium from Fyers API: LTP=324.05 for NSE:BANKNIFTY26SEP56900PE
2026-09-03 11:01:10,552 - INFO - Retrieved live premium from Fyers API: LTP=299.0 for NSE:BANKNIFTY26SEP56800PE
2026-09-03 11:01:11,574 - INFO - Retrieved live premium from Fyers API: LTP=324.05 for NSE:BANKNIFTY26SEP56900PE
2026-09-03 11:01:18,611 - INFO - 📊 Saved 22 snapshots for NSE:NIFTY50-INDEX  (oi range: 376,025–15,490,085)
2026-09-03 11:01:20,706 - INFO - 📡 Fetching NSE:NIFTYBANK-INDEX @ 57601  expiry=26SEP  strikes=ATM±5
2026-09-03 11:01:35,598 - INFO - ⏱️ [Real-time Exit Loop] Checking open positions @ 11:01:35...
2026-09-03 11:01:36,690 - INFO - 📊 EXECUTION AUDIT [CF_SL_MODIFIED]: trade_id=None, candidate_id=cand_NSE_NIFTYBANK_INDEX_EMAPULL_57595.90_20260903_104505_EMA_Pullback_20_50_RVOL0.5, payload={'price': 57606.6, 'old_sl': 57380.4, 'new_sl': 57381.5, 'old_tp': None, 'new_tp': 57885.65, 'reason': 'TRAILING_SL'}
2026-09-03 11:01:36,739 - INFO - 🟡 UPDATE (TRAILING_SL) [CFEMA_Pullback_20_50_RVOL0.5|llback_20_50_RVOL0.5]: NSE:NIFTYBANK-INDEX @ 57606.60 | SL→57381.50 TP→57885.65
2026-09-03 11:01:37,690 - INFO - Retrieved live premium from Fyers API: LTP=350.75 for NSE:BANKNIFTY26SEP57000PE
2026-09-03 11:01:38,703 - INFO - Retrieved live premium from Fyers API: LTP=350.5 for NSE:BANKNIFTY26SEP57000PE
2026-09-03 11:01:39,703 - INFO - Retrieved live premium from Fyers API: LTP=325.4 for NSE:BANKNIFTY26SEP56900PE
2026-09-03 11:01:40,717 - INFO - Retrieved live premium from Fyers API: LTP=299.0 for NSE:BANKNIFTY26SEP56800PE
2026-09-03 11:01:41,706 - INFO - Retrieved live premium from Fyers API: LTP=325.4 for NSE:BANKNIFTY26SEP56900PE
2026-09-03 11:01:50,107 - INFO - 📊 Saved 22 snapshots for NSE:NIFTYBANK-INDEX  (oi range: 53,790–1,961,040)
2026-09-03 11:01:51,218 - INFO - 📡 Fetching NSE:NIFTY50-INDEX @ 23963  expiry=26908  strikes=ATM±5
2026-09-03 11:02:05,749 - INFO - ⏱️ [Real-time Exit Loop] Checking open positions @ 11:02:05...
2026-09-03 11:02:07,851 - INFO - Retrieved live premium from Fyers API: LTP=352.0 for NSE:BANKNIFTY26SEP57000PE
2026-09-03 11:02:08,859 - INFO - Retrieved live premium from Fyers API: LTP=352.0 for NSE:BANKNIFTY26SEP57000PE
2026-09-03 11:02:09,878 - INFO - Retrieved live premium from Fyers API: LTP=325.4 for NSE:BANKNIFTY26SEP56900PE
2026-09-03 11:02:10,880 - INFO - Retrieved live premium from Fyers API: LTP=299.0 for NSE:BANKNIFTY26SEP56800PE
2026-09-03 11:02:11,869 - INFO - Retrieved live premium from Fyers API: LTP=325.4 for NSE:BANKNIFTY26SEP56900PE
2026-09-03 11:02:20,766 - INFO - 📊 Saved 22 snapshots for NSE:NIFTY50-INDEX  (oi range: 374,335–15,551,055)
2026-09-03 11:02:22,860 - INFO - 📡 Fetching NSE:NIFTYBANK-INDEX @ 57592  expiry=26SEP  strikes=ATM±5
2026-09-03 11:02:35,861 - INFO - ⏱️ [Real-time Exit Loop] Checking open positions @ 11:02:35...
2026-09-03 11:02:36,994 - INFO - 📊 EXECUTION AUDIT [CF_SL_MODIFIED]: trade_id=None, candidate_id=cand_NSE_NIFTYBANK_INDEX_BREAKOUT_57553.05_20260903_105500_Structural_v3.2_RVOL1.0, payload={'price': 57591.2, 'old_sl': 57619.90535714286, 'new_sl': 57617.25535714286, 'old_tp': None, 'new_tp': 57333.296428571426, 'reason': 'TRAILING_SL'}
2026-09-03 11:02:37,044 - INFO - 🟡 UPDATE (TRAILING_SL) [CFStructural_v3.2_RVOL1.0|uctural_v3.2_RVOL1.0]: NSE:NIFTYBANK-INDEX @ 57591.20 | SL→57617.26 TP→57333.30
2026-09-03 11:02:37,044 - INFO - 📊 EXECUTION AUDIT [CF_SL_MODIFIED]: trade_id=None, candidate_id=cand_NSE_NIFTYBANK_INDEX_BREAKOUT_57553.05_20260903_105500_Structural_v3.2_RVOL0.8, payload={'price': 57591.2, 'old_sl': 57619.90535714286, 'new_sl': 57617.25535714286, 'old_tp': None, 'new_tp': 57333.296428571426, 'reason': 'TRAILING_SL'}
2026-09-03 11:02:37,082 - INFO - 🟡 UPDATE (TRAILING_SL) [CFStructural_v3.2_RVOL0.8|uctural_v3.2_RVOL0.8]: NSE:NIFTYBANK-INDEX @ 57591.20 | SL→57617.26 TP→57333.30
2026-09-03 11:02:37,966 - INFO - Retrieved live premium from Fyers API: LTP=355.05 for NSE:BANKNIFTY26SEP57000PE
2026-09-03 11:02:38,973 - INFO - Retrieved live premium from Fyers API: LTP=355.05 for NSE:BANKNIFTY26SEP57000PE
2026-09-03 11:02:39,973 - INFO - Retrieved live premium from Fyers API: LTP=329.25 for NSE:BANKNIFTY26SEP56900PE
2026-09-03 11:02:40,983 - INFO - Retrieved live premium from Fyers API: LTP=302.0 for NSE:BANKNIFTY26SEP56800PE
2026-09-03 11:02:41,991 - INFO - Retrieved live premium from Fyers API: LTP=329.35 for NSE:BANKNIFTY26SEP56900PE
2026-09-03 11:02:52,434 - INFO - 📊 Saved 22 snapshots for NSE:NIFTYBANK-INDEX  (oi range: 53,760–1,960,350)
2026-09-03 11:02:53,528 - INFO - 📡 Fetching NSE:NIFTY50-INDEX @ 23961  expiry=26908  strikes=ATM±5
2026-09-03 11:03:05,987 - INFO - ⏱️ [Real-time Exit Loop] Checking open positions @ 11:03:05...
2026-09-03 11:03:08,109 - INFO - Retrieved live premium from Fyers API: LTP=355.0 for NSE:BANKNIFTY26SEP57000PE
2026-09-03 11:03:09,122 - INFO - Retrieved live premium from Fyers API: LTP=355.0 for NSE:BANKNIFTY26SEP57000PE
2026-09-03 11:03:10,159 - INFO - Retrieved live premium from Fyers API: LTP=329.35 for NSE:BANKNIFTY26SEP56900PE
2026-09-03 11:03:11,125 - INFO - Retrieved live premium from Fyers API: LTP=304.05 for NSE:BANKNIFTY26SEP56800PE
2026-09-03 11:03:12,113 - INFO - Retrieved live premium from Fyers API: LTP=329.35 for NSE:BANKNIFTY26SEP56900PE
2026-09-03 11:03:23,294 - INFO - 📊 Saved 22 snapshots for NSE:NIFTY50-INDEX  (oi range: 374,790–15,765,880)
2026-09-03 11:03:25,416 - INFO - 📡 Fetching NSE:NIFTYBANK-INDEX @ 57596  expiry=26SEP  strikes=ATM±5
2026-09-03 11:03:35,172 - INFO - ⏱️ [Real-time Exit Loop] Checking open positions @ 11:03:35...
2026-09-03 11:03:37,293 - INFO - Retrieved live premium from Fyers API: LTP=354.0 for NSE:BANKNIFTY26SEP57000PE
2026-09-03 11:03:38,299 - INFO - Retrieved live premium from Fyers API: LTP=355.0 for NSE:BANKNIFTY26SEP57000PE
2026-09-03 11:03:39,310 - INFO - Retrieved live premium from Fyers API: LTP=329.35 for NSE:BANKNIFTY26SEP56900PE
2026-09-03 11:03:40,303 - INFO - Retrieved live premium from Fyers API: LTP=304.05 for NSE:BANKNIFTY26SEP56800PE
2026-09-03 11:03:41,298 - INFO - Retrieved live premium from Fyers API: LTP=329.35 for NSE:BANKNIFTY26SEP56900PE
2026-09-03 11:03:55,196 - INFO - 📊 Saved 22 snapshots for NSE:NIFTYBANK-INDEX  (oi range: 53,670–1,959,420)
2026-09-03 11:03:56,287 - INFO - 📡 Fetching NSE:NIFTY50-INDEX @ 23957  expiry=26908  strikes=ATM±5
2026-09-03 11:04:05,417 - INFO - ⏱️ [Real-time Exit Loop] Checking open positions @ 11:04:05...
2026-09-03 11:04:06,506 - INFO - 📊 EXECUTION AUDIT [CF_SL_MODIFIED]: trade_id=None, candidate_id=cand_NSE_NIFTYBANK_INDEX_BREAKOUT_57553.05_20260903_105500_Structural_v3.2_RVOL1.0, payload={'price': 57584.45, 'old_sl': 57617.25535714286, 'new_sl': 57610.50535714286, 'old_tp': None, 'new_tp': 57333.296428571426, 'reason': 'TRAILING_SL'}
2026-09-03 11:04:06,549 - INFO - 🟡 UPDATE (TRAILING_SL) [CFStructural_v3.2_RVOL1.0|uctural_v3.2_RVOL1.0]: NSE:NIFTYBANK-INDEX @ 57584.45 | SL→57610.51 TP→57333.30
2026-09-03 11:04:06,549 - INFO - 📊 EXECUTION AUDIT [CF_SL_MODIFIED]: trade_id=None, candidate_id=cand_NSE_NIFTYBANK_INDEX_BREAKOUT_57553.05_20260903_105500_Structural_v3.2_RVOL0.8, payload={'price': 57584.45, 'old_sl': 57617.25535714286, 'new_sl': 57610.50535714286, 'old_tp': None, 'new_tp': 57333.296428571426, 'reason': 'TRAILING_SL'}
2026-09-03 11:04:06,587 - INFO - 🟡 UPDATE (TRAILING_SL) [CFStructural_v3.2_RVOL0.8|uctural_v3.2_RVOL0.8]: NSE:NIFTYBANK-INDEX @ 57584.45 | SL→57610.51 TP→57333.30
2026-09-03 11:04:07,523 - INFO - Retrieved live premium from Fyers API: LTP=355.75 for NSE:BANKNIFTY26SEP57000PE
2026-09-03 11:04:08,530 - INFO - Retrieved live premium from Fyers API: LTP=355.75 for NSE:BANKNIFTY26SEP57000PE
2026-09-03 11:04:09,538 - INFO - Retrieved live premium from Fyers API: LTP=328.95 for NSE:BANKNIFTY26SEP56900PE
2026-09-03 11:04:10,527 - INFO - Retrieved live premium from Fyers API: LTP=304.05 for NSE:BANKNIFTY26SEP56800PE
2026-09-03 11:04:11,532 - INFO - Retrieved live premium from Fyers API: LTP=328.95 for NSE:BANKNIFTY26SEP56900PE
2026-09-03 11:04:25,729 - INFO - 📊 Saved 22 snapshots for NSE:NIFTY50-INDEX  (oi range: 373,685–15,816,645)
2026-09-03 11:04:27,841 - INFO - 📡 Fetching NSE:NIFTYBANK-INDEX @ 57581  expiry=26SEP  strikes=ATM±5
2026-09-03 11:04:35,601 - INFO - ⏱️ [Real-time Exit Loop] Checking open positions @ 11:04:35...
2026-09-03 11:04:36,703 - INFO - 📊 EXECUTION AUDIT [CF_SL_MODIFIED]: trade_id=None, candidate_id=cand_NSE_NIFTY50_INDEX_BREAKOUT_23851.90_20260903_100000_Structural_v3.3_ExitMgmt, payload={'price': 23954.9, 'old_sl': 23978.37, 'new_sl': 23977.385000000002, 'old_tp': None, 'new_tp': 23887.335714285713, 'reason': 'TRAILING_SL'}
2026-09-03 11:04:36,758 - INFO - 🟡 UPDATE (TRAILING_SL) [CFStructural_v3.3_ExitMgmt|ctural_v3.3_ExitMgmt]: NSE:NIFTY50-INDEX @ 23954.90 | SL→23977.39 TP→23887.34
2026-09-03 11:04:36,758 - INFO - 📊 EXECUTION AUDIT [CF_SL_MODIFIED]: trade_id=None, candidate_id=cand_NSE_NIFTY50_INDEX_TRENDLINE_RETEST_23958.85_202609031055_Geometry_v1.0_Score35, payload={'price': 23954.9, 'old_sl': 23973.41, 'new_sl': 23972.260000000002, 'old_tp': None, 'new_tp': 23941.79, 'reason': 'TRAILING_SL'}
2026-09-03 11:04:36,796 - INFO - 🟡 UPDATE (TRAILING_SL) [CFGeometry_v1.0_Score35|eometry_v1.0_Score35]: NSE:NIFTY50-INDEX @ 23954.90 | SL→23972.26 TP→23941.79
2026-09-03 11:04:36,796 - INFO - 📊 EXECUTION AUDIT [CF_SL_MODIFIED]: trade_id=None, candidate_id=cand_NSE_NIFTY50_INDEX_TRENDLINE_RETEST_23958.85_202609031055_Geometry_v1.0_Score50, payload={'price': 23954.9, 'old_sl': 23973.41, 'new_sl': 23972.260000000002, 'old_tp': None, 'new_tp': 23941.79, 'reason': 'TRAILING_SL'}
2026-09-03 11:04:36,830 - INFO - 🟡 UPDATE (TRAILING_SL) [CFGeometry_v1.0_Score50|eometry_v1.0_Score50]: NSE:NIFTY50-INDEX @ 23954.90 | SL→23972.26 TP→23941.79
2026-09-03 11:04:37,702 - INFO - Retrieved live premium from Fyers API: LTP=355.7 for NSE:BANKNIFTY26SEP57000PE
2026-09-03 11:04:38,701 - INFO - Retrieved live premium from Fyers API: LTP=355.7 for NSE:BANKNIFTY26SEP57000PE
2026-09-03 11:04:39,715 - INFO - Retrieved live premium from Fyers API: LTP=328.95 for NSE:BANKNIFTY26SEP56900PE
2026-09-03 11:04:40,700 - INFO - Retrieved live premium from Fyers API: LTP=305.0 for NSE:BANKNIFTY26SEP56800PE
2026-09-03 11:04:41,718 - INFO - Retrieved live premium from Fyers API: LTP=328.95 for NSE:BANKNIFTY26SEP56900PE
2026-09-03 11:04:57,284 - INFO - 📊 Saved 22 snapshots for NSE:NIFTYBANK-INDEX  (oi range: 53,670–1,959,150)
2026-09-03 11:04:58,375 - INFO - 📡 Fetching NSE:NIFTY50-INDEX @ 23954  expiry=26908  strikes=ATM±5
2026-09-03 11:05:05,719 - INFO - 🔔 [New Candle Closed] Running entry pipeline for candle 11:05 at 11:05:05...
2026-09-03 11:05:05,719 - INFO - --- 11:05:05 Market Pulse ---
2026-09-03 11:05:10,890 - INFO - 📊 EXECUTION AUDIT [CF_SL_MODIFIED]: trade_id=None, candidate_id=cand_NSE_NIFTY50_INDEX_BREAKOUT_23851.90_20260903_100000_Structural_v3.3_ExitMgmt, payload={'price': 23951.55, 'old_sl': 23977.385000000002, 'new_sl': 23974.035, 'old_tp': None, 'new_tp': 23887.335714285713, 'reason': 'TRAILING_SL'}
2026-09-03 11:05:10,946 - INFO - 🟡 UPDATE (TRAILING_SL) [CFStructural_v3.3_ExitMgmt|ctural_v3.3_ExitMgmt]: NSE:NIFTY50-INDEX @ 23951.55 | SL→23974.03 TP→23887.34
2026-09-03 11:05:10,946 - INFO - 📊 EXECUTION AUDIT [CF_SL_MODIFIED]: trade_id=None, candidate_id=cand_NSE_NIFTY50_INDEX_TRENDLINE_RETEST_23958.85_202609031055_Geometry_v1.0_Score35, payload={'price': 23951.55, 'old_sl': 23972.260000000002, 'new_sl': 23968.91, 'old_tp': None, 'new_tp': 23941.79, 'reason': 'TRAILING_SL'}
2026-09-03 11:05:10,989 - INFO - 🟡 UPDATE (TRAILING_SL) [CFGeometry_v1.0_Score35|eometry_v1.0_Score35]: NSE:NIFTY50-INDEX @ 23951.55 | SL→23968.91 TP→23941.79
2026-09-03 11:05:10,989 - INFO - 📊 EXECUTION AUDIT [CF_SL_MODIFIED]: trade_id=None, candidate_id=cand_NSE_NIFTY50_INDEX_TRENDLINE_RETEST_23958.85_202609031055_Geometry_v1.0_Score50, payload={'price': 23951.55, 'old_sl': 23972.260000000002, 'new_sl': 23968.91, 'old_tp': None, 'new_tp': 23941.79, 'reason': 'TRAILING_SL'}
2026-09-03 11:05:11,032 - INFO - 🟡 UPDATE (TRAILING_SL) [CFGeometry_v1.0_Score50|eometry_v1.0_Score50]: NSE:NIFTY50-INDEX @ 23951.55 | SL→23968.91 TP→23941.79
2026-09-03 11:05:11,033 - INFO - 📊 EXECUTION AUDIT [CF_EXITED]: trade_id=None, candidate_id=cand_NSE_NIFTYBANK_INDEX_BREAKOUT_57553.05_20260903_105500_Structural_v3.2_RVOL1.0, payload={'exit_price': 57610.50535714286, 'exit_reason': 'TRAILING_SL', 'pnl_r': 0.015942028985507162, 'duration_minutes': 5.00786295, 'bars_held': 1}
2026-09-03 11:05:11,074 - INFO - 🔴 EXIT (TRAILING_SL) [CFStructural_v3.2_RVOL1.0|uctural_v3.2_RVOL1.0]: NSE:NIFTYBANK-INDEX @ 57610.51 | PnL +0.02R | MFE 0.57R | Capture 3% | 1bars HoldEff +0.016R/bar
2026-09-03 11:05:11,075 - INFO - 📊 EXECUTION AUDIT [CF_EXITED]: trade_id=None, candidate_id=cand_NSE_NIFTYBANK_INDEX_BREAKOUT_57553.05_20260903_105500_Structural_v3.2_RVOL0.8, payload={'exit_price': 57610.50535714286, 'exit_reason': 'TRAILING_SL', 'pnl_r': 0.015942028985507162, 'duration_minutes': 5.00786295, 'bars_held': 1}
2026-09-03 11:05:11,115 - INFO - 🔴 EXIT (TRAILING_SL) [CFStructural_v3.2_RVOL0.8|uctural_v3.2_RVOL0.8]: NSE:NIFTYBANK-INDEX @ 57610.51 | PnL +0.02R | MFE 0.57R | Capture 3% | 1bars HoldEff +0.016R/bar
2026-09-03 11:05:11,841 - INFO - Retrieved live premium from Fyers API: LTP=359.0 for NSE:BANKNIFTY26SEP57000PE
2026-09-03 11:05:12,836 - INFO - Retrieved live premium from Fyers API: LTP=359.0 for NSE:BANKNIFTY26SEP57000PE
2026-09-03 11:05:13,860 - INFO - Retrieved live premium from Fyers API: LTP=332.0 for NSE:BANKNIFTY26SEP56900PE
2026-09-03 11:05:14,851 - INFO - Retrieved live premium from Fyers API: LTP=305.0 for NSE:BANKNIFTY26SEP56800PE
2026-09-03 11:05:15,857 - INFO - Retrieved live premium from Fyers API: LTP=334.9 for NSE:BANKNIFTY26SEP56900PE
2026-09-03 11:05:22,890 - INFO - Resolved active expiry from DB: 26908 (2026-09-08)
2026-09-03 11:05:22,890 - INFO - 👻 [ORB_60m_IB_RVOL1.2] CF ORB_60M NSE:NIFTY50-INDEX BUY PUT | Rejected: ['LOW_RVOL']
2026-09-03 11:05:22,890 - INFO - 📊 EXECUTION AUDIT [SIGNAL_GENERATED]: trade_id=None, candidate_id=cand_NSE_NIFTY50_INDEX_ORB_60M_23952.70_20260903_110505_ORB_60m_IB_RVOL1.2, payload={'symbol': 'NSE:NIFTY50-INDEX', 'signal': 'BUY PUT', 'strategy': 'ORB_60M', 'price': 23952.7, 'stop_loss': 23960.190000000002, 'take_profit': 23877.8, 'tp1': 23941.464999999997, 'rr_ratio': 10.0, 'timestamp': '2026-09-03T11:05:05.719721+05:30', 'accepted': False, 'rejection_reasons': ['LOW_RVOL'], 'features': {'atr': 14.98, 'ema20': 23968.03, 'ema50': 23939.74, 'move_efficiency': 0.7202, 'move_efficiency_h1': 0.2726, 'wickiness': 0.5614, 'ema_bullish': True, 'rsi14': 20.3, 'rsi2': 20.0, 'distance_to_vwap': -0.0014, 'atr_percentile': 0.3462, 'dist_prev_high': 0.0016, 'dist_prev_low': 0.007, 'adx': 30.5, 'adx_slope': -7.1663, 'gap_pct': 0.0035, 'regime_primary': 'STRONG_TREND_UP', 'regime_vol_state': 'NORMAL', 'market_regime': 'STRONG_TREND_UP_NORMAL'}, 'candidate_id': 'cand_NSE_NIFTY50_INDEX_ORB_60M_23952.70_20260903_110505_ORB_60m_IB_RVOL1.2', 'confidence': 0.5, 'diagnostics': {'orb_high': 24025.4, 'orb_low': 23955.35, 'orb_minutes': 60, 'rvol': 0.93, 'atr': 14.98, 'atr_percentile': 0.346, 'move_efficiency': 0.72}, 'experiment_name': 'ORB_60m_IB_RVOL1.2', 'strategy_id': 'orb', 'version': 'v1.0'}
2026-09-03 11:05:22,916 - INFO - Resolved active expiry from DB: 26908 (2026-09-08)
2026-09-03 11:05:22,931 - INFO - Resolved index signal into option contract: OptionContract(symbol='NSE:NIFTY2690823950PE', strike=23950.0, expiry='26908', option_type='PE', premium=94.05, delta=0.5, bid=93.85, ask=94.05, volume=54554825, resolved_at=datetime.datetime(2026, 9, 3, 11, 5, 22, 931190))
2026-09-03 11:05:22,931 - INFO - ⚡ Option strike selection resolved index signal to contract NSE:NIFTY2690823950PE @ premium 94.05 (type: PE, strike: 23950.0)
2026-09-03 11:05:22,931 - INFO - 📊 EXECUTION AUDIT [STRIKE_SELECTED]: trade_id=None, candidate_id=cand_NSE_NIFTY50_INDEX_ORB_60M_23952.70_20260903_110505_ORB_60m_IB_RVOL1.2, payload={'symbol': 'NSE:NIFTY2690823950PE', 'strike': 23950.0, 'expiry': '26908', 'type': 'PE'}
2026-09-03 11:05:22,944 - INFO - 📊 EXECUTION AUDIT [PREMIUM_RETRIEVED]: trade_id=None, candidate_id=cand_NSE_NIFTY50_INDEX_ORB_60M_23952.70_20260903_110505_ORB_60m_IB_RVOL1.2, payload={'premium': 94.05, 'bid': 93.85, 'ask': 94.05}
2026-09-03 11:05:22,956 - INFO - 📊 EXECUTION AUDIT [CF_SUBMITTED]: trade_id=None, candidate_id=cand_NSE_NIFTY50_INDEX_ORB_60M_23952.70_20260903_110505_ORB_60m_IB_RVOL1.2, payload={'price': 23952.7, 'sl': 23960.190000000002, 'tp': 23877.8}
2026-09-03 11:05:22,969 - INFO - 📊 EXECUTION AUDIT [CF_FILLED]: trade_id=None, candidate_id=cand_NSE_NIFTY50_INDEX_ORB_60M_23952.70_20260903_110505_ORB_60m_IB_RVOL1.2, payload={'price': 23952.7, 'sl': 23960.190000000002, 'tp': 23877.8}
2026-09-03 11:05:22,983 - INFO - 💰 Position size [ORB_60M|STRONG_TREND_UP_NORMAL|conf=0]: frac=0.004 → ₹5,000 (risk/unit=0.03%)
2026-09-03 11:05:23,012 - INFO - 🟢 ENTRY [CF|ORB_60m_IB_RVOL1.2|5_ORB_60m_IB_RVOL1.2]: NSE:NIFTY50-INDEX BUY PUT @ 23952.70 | SL: 23960.19 TP: 23877.80
2026-09-03 11:05:24,963 - INFO - Resolved active expiry from DB: 26SEP (2026-09-29)
2026-09-03 11:05:24,965 - INFO - 👻 [Structural_v3.2_RVOL1.0] CF BREAKOUT NSE:NIFTYBANK-INDEX BUY PUT | Rejected: ['LOW_RVOL', 'BIAS_MISMATCH', 'LOW_EFFICIENCY', 'HIGH_WICKINESS']
2026-09-03 11:05:24,965 - INFO - 📊 EXECUTION AUDIT [SIGNAL_GENERATED]: trade_id=None, candidate_id=cand_NSE_NIFTYBANK_INDEX_BREAKOUT_57553.05_20260903_110000_Structural_v3.2_RVOL1.0, payload={'symbol': 'NSE:NIFTYBANK-INDEX', 'signal': 'BUY PUT', 'strategy': 'BREAKOUT', 'price': 57579.9, 'stop_loss': 57605.15714285715, 'take_profit': 57327.32857142857, 'tp1': 57542.01428571428, 'rr_ratio': 10.0, 'timestamp': '2026-09-03T11:00:00+05:30', 'accepted': False, 'rejection_reasons': ['LOW_RVOL', 'BIAS_MISMATCH', 'LOW_EFFICIENCY', 'HIGH_WICKINESS'], 'features': {'date': '2026-09-03', 'strategy_name': 'Structural_v3', 'strategy_version': 'v3.2', 'feature_version': 'v1.1', 'market_regime': 'GAP_UP_NORMAL', 'day_type': 'NORMAL_DAY', 'session_type': 'MID', 'daily_bias': 'NEUTRAL', 'hourly_bias': 'NEUTRAL', 'trend_strength': 0.0, 'rvol': 0.64, 'rvol_threshold': 1.0, 'atr': 50.51, 'distance_from_supply': 424.33, 'distance_from_demand': 756.7, 'nearest_supply_strength': 84.0, 'nearest_demand_strength': 69.4, 'distance_to_liquidity_pool': 756.7000000000044, 'liquidity_score': 6.4, 'indicator_snapshot': {'rvol_tod': 0.64, 'is_compressed': False, 'bos_count': 0}, 'move_efficiency': 0.4056, 'wickiness': 0.6618, 'fft_score': 0.0, 'setup_type': 'BREAKOUT', 'candidate_id': 'cand_NSE_NIFTYBANK_INDEX_BREAKOUT_57553.05_20260903_110000', 'ema20': 57566.36, 'ema50': 57411.44, 'move_efficiency_h1': 0.4295, 'ema_bullish': True, 'rsi14': 38.27, 'rsi2': 63.86, 'distance_to_vwap': -0.001, 'atr_percentile': 0.453, 'dist_prev_high': 0.0063, 'dist_prev_low': 0.0133, 'adx': 38.15, 'adx_slope': -4.1733, 'gap_pct': 0.0057, 'regime_primary': 'GAP_UP', 'regime_vol_state': 'NORMAL'}, 'candidate_id': 'cand_NSE_NIFTYBANK_INDEX_BREAKOUT_57553.05_20260903_110000_Structural_v3.2_RVOL1.0', 'experiment_name': 'Structural_v3.2_RVOL1.0', 'strategy_id': 'structural', 'version': 'v3.2'}
2026-09-03 11:05:24,992 - INFO - Resolved active expiry from DB: 26SEP (2026-09-29)
2026-09-03 11:05:25,007 - INFO - Resolved index signal into option contract: OptionContract(symbol='NSE:BANKNIFTY26SEP57600PE', strike=57600.0, expiry='26SEP', option_type='PE', premium=560.3, delta=0.5, bid=559.0, ask=559.9, volume=882240, resolved_at=datetime.datetime(2026, 9, 3, 11, 5, 25, 7634))
2026-09-03 11:05:25,007 - INFO - ⚡ Option strike selection resolved index signal to contract NSE:BANKNIFTY26SEP57600PE @ premium 560.3 (type: PE, strike: 57600.0)
2026-09-03 11:05:25,007 - INFO - 📊 EXECUTION AUDIT [STRIKE_SELECTED]: trade_id=None, candidate_id=cand_NSE_NIFTYBANK_INDEX_BREAKOUT_57553.05_20260903_110000_Structural_v3.2_RVOL1.0, payload={'symbol': 'NSE:BANKNIFTY26SEP57600PE', 'strike': 57600.0, 'expiry': '26SEP', 'type': 'PE'}
2026-09-03 11:05:25,020 - INFO - 📊 EXECUTION AUDIT [PREMIUM_RETRIEVED]: trade_id=None, candidate_id=cand_NSE_NIFTYBANK_INDEX_BREAKOUT_57553.05_20260903_110000_Structural_v3.2_RVOL1.0, payload={'premium': 560.3, 'bid': 559.0, 'ask': 559.9}
2026-09-03 11:05:25,033 - INFO - 📊 EXECUTION AUDIT [CF_SUBMITTED]: trade_id=None, candidate_id=cand_NSE_NIFTYBANK_INDEX_BREAKOUT_57553.05_20260903_110000_Structural_v3.2_RVOL1.0, payload={'price': 57579.9, 'sl': 57605.15714285715, 'tp': 57327.32857142857}
2026-09-03 11:05:25,046 - INFO - 📊 EXECUTION AUDIT [CF_FILLED]: trade_id=None, candidate_id=cand_NSE_NIFTYBANK_INDEX_BREAKOUT_57553.05_20260903_110000_Structural_v3.2_RVOL1.0, payload={'price': 57579.9, 'sl': 57605.15714285715, 'tp': 57327.32857142857}
2026-09-03 11:05:25,059 - INFO - 💰 Position size [BREAKOUT|GAP_UP_NORMAL|conf=70]: frac=0.003 → ₹5,000 (risk/unit=0.04%)
2026-09-03 11:05:25,089 - INFO - 🟢 ENTRY [CF|Structural_v3.2_RVOL1.0|uctural_v3.2_RVOL1.0]: NSE:NIFTYBANK-INDEX BUY PUT @ 57579.90 | SL: 57605.16 TP: 57327.33
2026-09-03 11:05:25,090 - INFO - 👻 [Structural_v3.2_RVOL0.8] CF BREAKOUT NSE:NIFTYBANK-INDEX BUY PUT | Rejected: ['LOW_RVOL', 'BIAS_MISMATCH', 'LOW_EFFICIENCY', 'HIGH_WICKINESS']
2026-09-03 11:05:25,090 - INFO - 📊 EXECUTION AUDIT [SIGNAL_GENERATED]: trade_id=None, candidate_id=cand_NSE_NIFTYBANK_INDEX_BREAKOUT_57553.05_20260903_110000_Structural_v3.2_RVOL0.8, payload={'symbol': 'NSE:NIFTYBANK-INDEX', 'signal': 'BUY PUT', 'strategy': 'BREAKOUT', 'price': 57579.9, 'stop_loss': 57605.15714285715, 'take_profit': 57327.32857142857, 'tp1': 57542.01428571428, 'rr_ratio': 10.0, 'timestamp': '2026-09-03T11:00:00+05:30', 'accepted': False, 'rejection_reasons': ['LOW_RVOL', 'BIAS_MISMATCH', 'LOW_EFFICIENCY', 'HIGH_WICKINESS'], 'features': {'date': '2026-09-03', 'strategy_name': 'Structural_v3', 'strategy_version': 'v3.2', 'feature_version': 'v1.1', 'market_regime': 'GAP_UP_NORMAL', 'day_type': 'NORMAL_DAY', 'session_type': 'MID', 'daily_bias': 'NEUTRAL', 'hourly_bias': 'NEUTRAL', 'trend_strength': 0.0, 'rvol': 0.64, 'rvol_threshold': 0.8, 'atr': 50.51, 'distance_from_supply': 424.33, 'distance_from_demand': 756.7, 'nearest_supply_strength': 84.0, 'nearest_demand_strength': 69.4, 'distance_to_liquidity_pool': 756.7000000000044, 'liquidity_score': 6.4, 'indicator_snapshot': {'rvol_tod': 0.64, 'is_compressed': False, 'bos_count': 0}, 'move_efficiency': 0.4056, 'wickiness': 0.6618, 'fft_score': 0.0, 'setup_type': 'BREAKOUT', 'candidate_id': 'cand_NSE_NIFTYBANK_INDEX_BREAKOUT_57553.05_20260903_110000', 'ema20': 57566.36, 'ema50': 57411.44, 'move_efficiency_h1': 0.4295, 'ema_bullish': True, 'rsi14': 38.27, 'rsi2': 63.86, 'distance_to_vwap': -0.001, 'atr_percentile': 0.453, 'dist_prev_high': 0.0063, 'dist_prev_low': 0.0133, 'adx': 38.15, 'adx_slope': -4.1733, 'gap_pct': 0.0057, 'regime_primary': 'GAP_UP', 'regime_vol_state': 'NORMAL'}, 'candidate_id': 'cand_NSE_NIFTYBANK_INDEX_BREAKOUT_57553.05_20260903_110000_Structural_v3.2_RVOL0.8', 'experiment_name': 'Structural_v3.2_RVOL0.8', 'strategy_id': 'structural', 'version': 'v3.2'}
2026-09-03 11:05:25,118 - INFO - Resolved active expiry from DB: 26SEP (2026-09-29)
2026-09-03 11:05:25,133 - INFO - Resolved index signal into option contract: OptionContract(symbol='NSE:BANKNIFTY26SEP57600PE', strike=57600.0, expiry='26SEP', option_type='PE', premium=560.3, delta=0.5, bid=559.0, ask=559.9, volume=882240, resolved_at=datetime.datetime(2026, 9, 3, 11, 5, 25, 133957))
2026-09-03 11:05:25,134 - INFO - ⚡ Option strike selection resolved index signal to contract NSE:BANKNIFTY26SEP57600PE @ premium 560.3 (type: PE, strike: 57600.0)
2026-09-03 11:05:25,134 - INFO - 📊 EXECUTION AUDIT [STRIKE_SELECTED]: trade_id=None, candidate_id=cand_NSE_NIFTYBANK_INDEX_BREAKOUT_57553.05_20260903_110000_Structural_v3.2_RVOL0.8, payload={'symbol': 'NSE:BANKNIFTY26SEP57600PE', 'strike': 57600.0, 'expiry': '26SEP', 'type': 'PE'}
2026-09-03 11:05:25,147 - INFO - 📊 EXECUTION AUDIT [PREMIUM_RETRIEVED]: trade_id=None, candidate_id=cand_NSE_NIFTYBANK_INDEX_BREAKOUT_57553.05_20260903_110000_Structural_v3.2_RVOL0.8, payload={'premium': 560.3, 'bid': 559.0, 'ask': 559.9}
2026-09-03 11:05:25,160 - INFO - 📊 EXECUTION AUDIT [CF_SUBMITTED]: trade_id=None, candidate_id=cand_NSE_NIFTYBANK_INDEX_BREAKOUT_57553.05_20260903_110000_Structural_v3.2_RVOL0.8, payload={'price': 57579.9, 'sl': 57605.15714285715, 'tp': 57327.32857142857}
2026-09-03 11:05:25,173 - INFO - 📊 EXECUTION AUDIT [CF_FILLED]: trade_id=None, candidate_id=cand_NSE_NIFTYBANK_INDEX_BREAKOUT_57553.05_20260903_110000_Structural_v3.2_RVOL0.8, payload={'price': 57579.9, 'sl': 57605.15714285715, 'tp': 57327.32857142857}
2026-09-03 11:05:25,187 - INFO - 💰 Position size [BREAKOUT|GAP_UP_NORMAL|conf=70]: frac=0.003 → ₹5,000 (risk/unit=0.04%)
2026-09-03 11:05:25,218 - INFO - 🟢 ENTRY [CF|Structural_v3.2_RVOL0.8|uctural_v3.2_RVOL0.8]: NSE:NIFTYBANK-INDEX BUY PUT @ 57579.90 | SL: 57605.16 TP: 57327.33
2026-09-03 11:05:25,218 - INFO - 🧭 [IronCondor_v1.0] Regime router: NSE:NIFTYBANK-INDEX combo blocked from REAL capital (regime=GAP_UP_NORMAL) — routed to CF
2026-09-03 11:05:25,233 - INFO - Resolved active expiry from DB: 26SEP (2026-09-29)
2026-09-03 11:05:25,299 - INFO - Resolved IRON_CONDOR for NSE:NIFTYBANK-INDEX: [('PE', 'SELL', 57500.0), ('PE', 'BUY', 57300.0), ('CE', 'SELL', 57700.0), ('CE', 'BUY', 57900.0)] net_premium=-179.05 max_loss=20.95
2026-09-03 11:05:25,326 - INFO - 🟢 CF COMBO ENTRY [IronCondor_v1.0|0505_IronCondor_v1.0]: NSE:NIFTYBANK-INDEX IRON_CONDOR | Net premium: -179.05 | Max loss: 20.95
2026-09-03 11:05:25,327 - INFO - 👻 [Butterfly_v1.0] CF COMBO BUTTERFLY_SPREAD NSE:NIFTYBANK-INDEX BUTTERFLY_SPREAD | Rejected: ['COOLDOWN_AFTER_LOSS']
2026-09-03 11:05:25,343 - INFO - Resolved active expiry from DB: 26SEP (2026-09-29)
2026-09-03 11:05:25,414 - INFO - Resolved BUTTERFLY_SPREAD for NSE:NIFTYBANK-INDEX: [('CE', 'BUY', 57400.0), ('CE', 'SELL', 57600.0), ('CE', 'SELL', 57600.0), ('CE', 'BUY', 57800.0)] net_premium=11.40 max_loss=11.40
2026-09-03 11:05:25,443 - INFO - 🟢 CF COMBO ENTRY [Butterfly_v1.0|10505_Butterfly_v1.0]: NSE:NIFTYBANK-INDEX BUTTERFLY_SPREAD | Net premium: 11.40 | Max loss: 11.40
2026-09-03 11:05:25,443 - INFO - 🧭 [IronButterfly_v1.0] Regime router: NSE:NIFTYBANK-INDEX combo blocked from REAL capital (regime=GAP_UP_NORMAL) — routed to CF
2026-09-03 11:05:25,458 - INFO - Resolved active expiry from DB: 26SEP (2026-09-29)
2026-09-03 11:05:25,524 - INFO - Resolved IRON_BUTTERFLY for NSE:NIFTYBANK-INDEX: [('PE', 'SELL', 57600.0), ('CE', 'SELL', 57600.0), ('PE', 'BUY', 57200.0), ('CE', 'BUY', 58000.0)] net_premium=-359.70 max_loss=40.30
2026-09-03 11:05:25,551 - INFO - 🟢 CF COMBO ENTRY [IronButterfly_v1.0|5_IronButterfly_v1.0]: NSE:NIFTYBANK-INDEX IRON_BUTTERFLY | Net premium: -359.70 | Max loss: 40.30
2026-09-03 11:05:25,551 - INFO - 🧭 [ExpiryAwareTheta_v1.0] Regime router: NSE:NIFTYBANK-INDEX combo blocked from REAL capital (regime=GAP_UP_NORMAL) — routed to CF
2026-09-03 11:05:25,566 - INFO - Resolved active expiry from DB: 26SEP (2026-09-29)
2026-09-03 11:05:25,635 - INFO - Resolved IRON_CONDOR for NSE:NIFTYBANK-INDEX: [('PE', 'SELL', 57500.0), ('PE', 'BUY', 57300.0), ('CE', 'SELL', 57700.0), ('CE', 'BUY', 57900.0)] net_premium=-179.05 max_loss=20.95
2026-09-03 11:05:25,662 - INFO - 🟢 CF COMBO ENTRY [ExpiryAwareTheta_v1.0|xpiryAwareTheta_v1.0]: NSE:NIFTYBANK-INDEX IRON_CONDOR | Net premium: -179.05 | Max loss: 20.95
2026-09-03 11:05:29,469 - INFO - 📊 Saved 22 snapshots for NSE:NIFTY50-INDEX  (oi range: 374,790–15,813,980)
2026-09-03 11:05:31,600 - INFO - 📡 Fetching NSE:NIFTYBANK-INDEX @ 57570  expiry=26SEP  strikes=ATM±5
2026-09-03 11:05:35,670 - INFO - ⏱️ [Real-time Exit Loop] Checking open positions @ 11:05:35...
2026-09-03 11:05:36,784 - INFO - 📊 EXECUTION AUDIT [CF_SL_MODIFIED]: trade_id=None, candidate_id=cand_NSE_NIFTY50_INDEX_BREAKOUT_23851.90_20260903_100000_Structural_v3.3_ExitMgmt, payload={'price': 23947.05, 'old_sl': 23974.035, 'new_sl': 23969.52, 'old_tp': None, 'new_tp': 23887.335714285713, 'reason': 'TRAILING_SL'}
2026-09-03 11:05:36,842 - INFO - 🟡 UPDATE (TRAILING_SL) [CFStructural_v3.3_ExitMgmt|ctural_v3.3_ExitMgmt]: NSE:NIFTY50-INDEX @ 23947.05 | SL→23969.52 TP→23887.34
2026-09-03 11:05:36,843 - INFO - 📊 EXECUTION AUDIT [CF_SL_MODIFIED]: trade_id=None, candidate_id=cand_NSE_NIFTY50_INDEX_TRENDLINE_RETEST_23958.85_202609031055_Geometry_v1.0_Score35, payload={'price': 23947.05, 'old_sl': 23968.91, 'new_sl': 23964.41, 'old_tp': None, 'new_tp': 23941.79, 'reason': 'TRAILING_SL'}
2026-09-03 11:05:36,882 - INFO - 🟡 UPDATE (TRAILING_SL) [CFGeometry_v1.0_Score35|eometry_v1.0_Score35]: NSE:NIFTY50-INDEX @ 23947.05 | SL→23964.41 TP→23941.79
2026-09-03 11:05:36,882 - INFO - 📊 EXECUTION AUDIT [CF_SL_MODIFIED]: trade_id=None, candidate_id=cand_NSE_NIFTY50_INDEX_TRENDLINE_RETEST_23958.85_202609031055_Geometry_v1.0_Score50, payload={'price': 23947.05, 'old_sl': 23968.91, 'new_sl': 23964.41, 'old_tp': None, 'new_tp': 23941.79, 'reason': 'TRAILING_SL'}
2026-09-03 11:05:36,926 - INFO - 🟡 UPDATE (TRAILING_SL) [CFGeometry_v1.0_Score50|eometry_v1.0_Score50]: NSE:NIFTY50-INDEX @ 23947.05 | SL→23964.41 TP→23941.79
2026-09-03 11:05:36,926 - INFO - 📊 EXECUTION AUDIT [CF_SL_MODIFIED]: trade_id=None, candidate_id=cand_NSE_NIFTY50_INDEX_ORB_60M_23952.70_20260903_110505_ORB_60m_IB_RVOL1.2, payload={'price': 23947.05, 'old_sl': 23960.190000000002, 'new_sl': 23954.54, 'old_tp': None, 'new_tp': 23877.8, 'reason': 'TRAILING_SL'}
2026-09-03 11:05:36,971 - INFO - 🟡 UPDATE (TRAILING_SL) [CFORB_60m_IB_RVOL1.2|5_ORB_60m_IB_RVOL1.2]: NSE:NIFTY50-INDEX @ 23947.05 | SL→23954.54 TP→23877.80
2026-09-03 11:05:36,972 - INFO - 📊 EXECUTION AUDIT [CF_SL_MODIFIED]: trade_id=None, candidate_id=cand_NSE_NIFTYBANK_INDEX_BREAKOUT_57553.05_20260903_110000_Structural_v3.2_RVOL1.0, payload={'price': 57577.95, 'old_sl': 57605.15714285715, 'new_sl': 57603.20714285714, 'old_tp': None, 'new_tp': 57327.32857142857, 'reason': 'TRAILING_SL'}
2026-09-03 11:05:37,016 - INFO - 🟡 UPDATE (TRAILING_SL) [CFStructural_v3.2_RVOL1.0|uctural_v3.2_RVOL1.0]: NSE:NIFTYBANK-INDEX @ 57577.95 | SL→57603.21 TP→57327.33
2026-09-03 11:05:37,017 - INFO - 📊 EXECUTION AUDIT [CF_SL_MODIFIED]: trade_id=None, candidate_id=cand_NSE_NIFTYBANK_INDEX_BREAKOUT_57553.05_20260903_110000_Structural_v3.2_RVOL0.8, payload={'price': 57577.95, 'old_sl': 57605.15714285715, 'new_sl': 57603.20714285714, 'old_tp': None, 'new_tp': 57327.32857142857, 'reason': 'TRAILING_SL'}
2026-09-03 11:05:37,059 - INFO - 🟡 UPDATE (TRAILING_SL) [CFStructural_v3.2_RVOL0.8|uctural_v3.2_RVOL0.8]: NSE:NIFTYBANK-INDEX @ 57577.95 | SL→57603.21 TP→57327.33
2026-09-03 11:05:37,806 - INFO - Retrieved live premium from Fyers API: LTP=357.5 for NSE:BANKNIFTY26SEP57000PE
2026-09-03 11:05:38,791 - INFO - Retrieved live premium from Fyers API: LTP=357.5 for NSE:BANKNIFTY26SEP57000PE
2026-09-03 11:05:39,866 - INFO - Retrieved live premium from Fyers API: LTP=331.55 for NSE:BANKNIFTY26SEP56900PE
2026-09-03 11:05:40,812 - INFO - Retrieved live premium from Fyers API: LTP=305.4 for NSE:BANKNIFTY26SEP56800PE
2026-09-03 11:05:41,826 - INFO - Retrieved live premium from Fyers API: LTP=331.3 for NSE:BANKNIFTY26SEP56900PE
2026-09-03 11:05:47,153 - INFO - 🔴 CF COMBO EXIT (STOP_R) [Butterfly_v1.0|10505_Butterfly_v1.0]: NSE:NIFTYBANK-INDEX BUTTERFLY_SPREAD | PnL -0.78R | 0min
2026-09-03 11:06:01,343 - INFO - 📊 Saved 22 snapshots for NSE:NIFTYBANK-INDEX  (oi range: 53,640–1,959,450)
2026-09-03 11:06:02,437 - INFO - 📡 Fetching NSE:NIFTY50-INDEX @ 23946  expiry=26908  strikes=ATM±5
2026-09-03 11:06:05,316 - INFO - ⏱️ [Real-time Exit Loop] Checking open positions @ 11:06:05...
2026-09-03 11:06:06,423 - INFO - 📊 EXECUTION AUDIT [CF_SL_MODIFIED]: trade_id=None, candidate_id=cand_NSE_NIFTYBANK_INDEX_BREAKOUT_57553.05_20260903_110000_Structural_v3.2_RVOL1.0, payload={'price': 57568.3, 'old_sl': 57603.20714285714, 'new_sl': 57593.55714285715, 'old_tp': None, 'new_tp': 57327.32857142857, 'reason': 'TRAILING_SL'}
2026-09-03 11:06:06,485 - INFO - 🟡 UPDATE (TRAILING_SL) [CFStructural_v3.2_RVOL1.0|uctural_v3.2_RVOL1.0]: NSE:NIFTYBANK-INDEX @ 57568.30 | SL→57593.56 TP→57327.33
2026-09-03 11:06:06,485 - INFO - 📊 EXECUTION AUDIT [CF_SL_MODIFIED]: trade_id=None, candidate_id=cand_NSE_NIFTYBANK_INDEX_BREAKOUT_57553.05_20260903_110000_Structural_v3.2_RVOL0.8, payload={'price': 57568.3, 'old_sl': 57603.20714285714, 'new_sl': 57593.55714285715, 'old_tp': None, 'new_tp': 57327.32857142857, 'reason': 'TRAILING_SL'}
2026-09-03 11:06:06,528 - INFO - 🟡 UPDATE (TRAILING_SL) [CFStructural_v3.2_RVOL0.8|uctural_v3.2_RVOL0.8]: NSE:NIFTYBANK-INDEX @ 57568.30 | SL→57593.56 TP→57327.33
2026-09-03 11:06:07,413 - INFO - Retrieved live premium from Fyers API: LTP=358.75 for NSE:BANKNIFTY26SEP57000PE
2026-09-03 11:06:08,465 - INFO - Retrieved live premium from Fyers API: LTP=358.75 for NSE:BANKNIFTY26SEP57000PE
2026-09-03 11:06:09,443 - INFO - Retrieved live premium from Fyers API: LTP=331.3 for NSE:BANKNIFTY26SEP56900PE
2026-09-03 11:06:10,423 - INFO - Retrieved live premium from Fyers API: LTP=305.4 for NSE:BANKNIFTY26SEP56800PE
2026-09-03 11:06:11,456 - INFO - Retrieved live premium from Fyers API: LTP=331.3 for NSE:BANKNIFTY26SEP56900PE
2026-09-03 11:06:32,186 - INFO - 📊 Saved 22 snapshots for NSE:NIFTY50-INDEX  (oi range: 375,635–15,672,280)
2026-09-03 11:06:34,284 - INFO - 📡 Fetching NSE:NIFTYBANK-INDEX @ 57567  expiry=26SEP  strikes=ATM±5
2026-09-03 11:06:35,802 - INFO - ⏱️ [Real-time Exit Loop] Checking open positions @ 11:06:35...
2026-09-03 11:06:36,906 - INFO - 📊 EXECUTION AUDIT [CF_SL_MODIFIED]: trade_id=None, candidate_id=cand_NSE_NIFTYBANK_INDEX_BREAKOUT_57023.95_20260903_094500_Structural_v3.3_ExitMgmt, payload={'price': 57562.65, 'old_sl': 57656.83, 'new_sl': 57638.415, 'old_tp': None, 'new_tp': 57272.853571428575, 'reason': 'TRAILING_SL'}
2026-09-03 11:06:36,963 - INFO - 🟡 UPDATE (TRAILING_SL) [CFStructural_v3.3_ExitMgmt|ctural_v3.3_ExitMgmt]: NSE:NIFTYBANK-INDEX @ 57562.65 | SL→57638.42 TP→57272.85
2026-09-03 11:06:36,964 - INFO - 📊 EXECUTION AUDIT [CF_SL_MODIFIED]: trade_id=None, candidate_id=cand_NSE_NIFTY50_INDEX_BREAKOUT_23851.90_20260903_100000_Structural_v3.3_ExitMgmt, payload={'price': 23947.0, 'old_sl': 23969.52, 'new_sl': 23969.47, 'old_tp': None, 'new_tp': 23887.335714285713, 'reason': 'TRAILING_SL'}
2026-09-03 11:06:37,007 - INFO - 🟡 UPDATE (TRAILING_SL) [CFStructural_v3.3_ExitMgmt|ctural_v3.3_ExitMgmt]: NSE:NIFTY50-INDEX @ 23947.00 | SL→23969.47 TP→23887.34
2026-09-03 11:06:37,007 - INFO - 📊 EXECUTION AUDIT [CF_SL_MODIFIED]: trade_id=None, candidate_id=cand_NSE_NIFTYBANK_INDEX_VWAPRECLAIM_57604.70_20260903_103506_VWAP_Reclaim_v1.0, payload={'price': 57562.65, 'old_sl': 57638.350000000006, 'new_sl': 57637.200000000004, 'old_tp': None, 'new_tp': 57289.7, 'reason': 'TRAILING_SL'}
2026-09-03 11:06:37,048 - INFO - 🟡 UPDATE (TRAILING_SL) [CFVWAP_Reclaim_v1.0|06_VWAP_Reclaim_v1.0]: NSE:NIFTYBANK-INDEX @ 57562.65 | SL→57637.20 TP→57289.70
2026-09-03 11:06:37,048 - INFO - 📊 EXECUTION AUDIT [CF_SL_MODIFIED]: trade_id=None, candidate_id=cand_NSE_NIFTY50_INDEX_TRENDLINE_RETEST_23958.85_202609031055_Geometry_v1.0_Score35, payload={'price': 23947.0, 'old_sl': 23964.41, 'new_sl': 23964.36, 'old_tp': None, 'new_tp': 23941.79, 'reason': 'TRAILING_SL'}
2026-09-03 11:06:37,090 - INFO - 🟡 UPDATE (TRAILING_SL) [CFGeometry_v1.0_Score35|eometry_v1.0_Score35]: NSE:NIFTY50-INDEX @ 23947.00 | SL→23964.36 TP→23941.79
2026-09-03 11:06:37,090 - INFO - 📊 EXECUTION AUDIT [CF_SL_MODIFIED]: trade_id=None, candidate_id=cand_NSE_NIFTY50_INDEX_TRENDLINE_RETEST_23958.85_202609031055_Geometry_v1.0_Score50, payload={'price': 23947.0, 'old_sl': 23964.41, 'new_sl': 23964.36, 'old_tp': None, 'new_tp': 23941.79, 'reason': 'TRAILING_SL'}
2026-09-03 11:06:37,132 - INFO - 🟡 UPDATE (TRAILING_SL) [CFGeometry_v1.0_Score50|eometry_v1.0_Score50]: NSE:NIFTY50-INDEX @ 23947.00 | SL→23964.36 TP→23941.79
2026-09-03 11:06:37,132 - INFO - 📊 EXECUTION AUDIT [CF_SL_MODIFIED]: trade_id=None, candidate_id=cand_NSE_NIFTY50_INDEX_ORB_60M_23952.70_20260903_110505_ORB_60m_IB_RVOL1.2, payload={'price': 23947.0, 'old_sl': 23954.54, 'new_sl': 23954.49, 'old_tp': None, 'new_tp': 23877.8, 'reason': 'TRAILING_SL'}
2026-09-03 11:06:37,176 - INFO - 🟡 UPDATE (TRAILING_SL) [CFORB_60m_IB_RVOL1.2|5_ORB_60m_IB_RVOL1.2]: NSE:NIFTY50-INDEX @ 23947.00 | SL→23954.49 TP→23877.80
2026-09-03 11:06:37,176 - INFO - 📊 EXECUTION AUDIT [CF_SL_MODIFIED]: trade_id=None, candidate_id=cand_NSE_NIFTYBANK_INDEX_BREAKOUT_57553.05_20260903_110000_Structural_v3.2_RVOL1.0, payload={'price': 57562.65, 'old_sl': 57593.55714285715, 'new_sl': 57587.90714285715, 'old_tp': None, 'new_tp': 57327.32857142857, 'reason': 'TRAILING_SL'}
2026-09-03 11:06:37,215 - INFO - 🟡 UPDATE (TRAILING_SL) [CFStructural_v3.2_RVOL1.0|uctural_v3.2_RVOL1.0]: NSE:NIFTYBANK-INDEX @ 57562.65 | SL→57587.91 TP→57327.33
2026-09-03 11:06:37,216 - INFO - 📊 EXECUTION AUDIT [CF_SL_MODIFIED]: trade_id=None, candidate_id=cand_NSE_NIFTYBANK_INDEX_BREAKOUT_57553.05_20260903_110000_Structural_v3.2_RVOL0.8, payload={'price': 57562.65, 'old_sl': 57593.55714285715, 'new_sl': 57587.90714285715, 'old_tp': None, 'new_tp': 57327.32857142857, 'reason': 'TRAILING_SL'}
2026-09-03 11:06:37,256 - INFO - 🟡 UPDATE (TRAILING_SL) [CFStructural_v3.2_RVOL0.8|uctural_v3.2_RVOL0.8]: NSE:NIFTYBANK-INDEX @ 57562.65 | SL→57587.91 TP→57327.33
2026-09-03 11:06:37,923 - INFO - Retrieved live premium from Fyers API: LTP=361.05 for NSE:BANKNIFTY26SEP57000PE
2026-09-03 11:06:38,928 - INFO - Retrieved live premium from Fyers API: LTP=361.6 for NSE:BANKNIFTY26SEP57000PE
2026-09-03 11:06:39,949 - INFO - Retrieved live premium from Fyers API: LTP=334.05 for NSE:BANKNIFTY26SEP56900PE
2026-09-03 11:06:40,959 - INFO - Retrieved live premium from Fyers API: LTP=305.4 for NSE:BANKNIFTY26SEP56800PE
2026-09-03 11:06:41,957 - INFO - Retrieved live premium from Fyers API: LTP=332.75 for NSE:BANKNIFTY26SEP56900PE
2026-09-03 11:07:03,817 - INFO - 📊 Saved 22 snapshots for NSE:NIFTYBANK-INDEX  (oi range: 53,520–1,957,230)
2026-09-03 11:07:04,901 - INFO - 📡 Fetching NSE:NIFTY50-INDEX @ 23950  expiry=26908  strikes=ATM±5
2026-09-03 11:07:05,299 - INFO - ⏱️ [Real-time Exit Loop] Checking open positions @ 11:07:05...
2026-09-03 11:07:07,407 - INFO - Retrieved live premium from Fyers API: LTP=358.05 for NSE:BANKNIFTY26SEP57000PE
2026-09-03 11:07:08,420 - INFO - Retrieved live premium from Fyers API: LTP=358.05 for NSE:BANKNIFTY26SEP57000PE
2026-09-03 11:07:09,412 - INFO - Retrieved live premium from Fyers API: LTP=331.05 for NSE:BANKNIFTY26SEP56900PE
2026-09-03 11:07:10,419 - INFO - Retrieved live premium from Fyers API: LTP=305.4 for NSE:BANKNIFTY26SEP56800PE
2026-09-03 11:07:11,442 - INFO - Retrieved live premium from Fyers API: LTP=331.05 for NSE:BANKNIFTY26SEP56900PE
2026-09-03 11:07:34,315 - INFO - 📊 Saved 22 snapshots for NSE:NIFTY50-INDEX  (oi range: 378,755–15,935,140)
2026-09-03 11:07:35,803 - INFO - ⏱️ [Real-time Exit Loop] Checking open positions @ 11:07:35...
2026-09-03 11:07:36,430 - INFO - 📡 Fetching NSE:NIFTYBANK-INDEX @ 57557  expiry=26SEP  strikes=ATM±5
2026-09-03 11:07:36,897 - INFO - 📊 EXECUTION AUDIT [CF_SL_MODIFIED]: trade_id=None, candidate_id=cand_NSE_NIFTYBANK_INDEX_BREAKOUT_57023.95_20260903_094500_Structural_v3.3_ExitMgmt, payload={'price': 57555.55, 'old_sl': 57638.415, 'new_sl': 57631.315, 'old_tp': None, 'new_tp': 57272.853571428575, 'reason': 'TRAILING_SL'}
2026-09-03 11:07:36,957 - INFO - 🟡 UPDATE (TRAILING_SL) [CFStructural_v3.3_ExitMgmt|ctural_v3.3_ExitMgmt]: NSE:NIFTYBANK-INDEX @ 57555.55 | SL→57631.32 TP→57272.85
2026-09-03 11:07:36,957 - INFO - 📊 EXECUTION AUDIT [CF_SL_MODIFIED]: trade_id=None, candidate_id=cand_NSE_NIFTY50_INDEX_BREAKOUT_23851.90_20260903_100000_Structural_v3.3_ExitMgmt, payload={'price': 23946.15, 'old_sl': 23969.47, 'new_sl': 23968.620000000003, 'old_tp': None, 'new_tp': 23887.335714285713, 'reason': 'TRAILING_SL'}
2026-09-03 11:07:36,999 - INFO - 🟡 UPDATE (TRAILING_SL) [CFStructural_v3.3_ExitMgmt|ctural_v3.3_ExitMgmt]: NSE:NIFTY50-INDEX @ 23946.15 | SL→23968.62 TP→23887.34
2026-09-03 11:07:36,999 - INFO - 📊 EXECUTION AUDIT [CF_SL_MODIFIED]: trade_id=None, candidate_id=cand_NSE_NIFTYBANK_INDEX_VWAPRECLAIM_57604.70_20260903_103506_VWAP_Reclaim_v1.0, payload={'price': 57555.55, 'old_sl': 57637.200000000004, 'new_sl': 57630.100000000006, 'old_tp': None, 'new_tp': 57289.7, 'reason': 'TRAILING_SL'}
2026-09-03 11:07:37,044 - INFO - 🟡 UPDATE (TRAILING_SL) [CFVWAP_Reclaim_v1.0|06_VWAP_Reclaim_v1.0]: NSE:NIFTYBANK-INDEX @ 57555.55 | SL→57630.10 TP→57289.70
2026-09-03 11:07:37,044 - INFO - 📊 EXECUTION AUDIT [CF_SL_MODIFIED]: trade_id=None, candidate_id=cand_NSE_NIFTY50_INDEX_TRENDLINE_RETEST_23958.85_202609031055_Geometry_v1.0_Score35, payload={'price': 23946.15, 'old_sl': 23964.36, 'new_sl': 23963.510000000002, 'old_tp': None, 'new_tp': 23941.79, 'reason': 'TRAILING_SL'}
2026-09-03 11:07:37,090 - INFO - 🟡 UPDATE (TRAILING_SL) [CFGeometry_v1.0_Score35|eometry_v1.0_Score35]: NSE:NIFTY50-INDEX @ 23946.15 | SL→23963.51 TP→23941.79
2026-09-03 11:07:37,090 - INFO - 📊 EXECUTION AUDIT [CF_SL_MODIFIED]: trade_id=None, candidate_id=cand_NSE_NIFTY50_INDEX_TRENDLINE_RETEST_23958.85_202609031055_Geometry_v1.0_Score50, payload={'price': 23946.15, 'old_sl': 23964.36, 'new_sl': 23963.510000000002, 'old_tp': None, 'new_tp': 23941.79, 'reason': 'TRAILING_SL'}
2026-09-03 11:07:37,132 - INFO - 🟡 UPDATE (TRAILING_SL) [CFGeometry_v1.0_Score50|eometry_v1.0_Score50]: NSE:NIFTY50-INDEX @ 23946.15 | SL→23963.51 TP→23941.79
2026-09-03 11:07:37,132 - INFO - 📊 EXECUTION AUDIT [CF_SL_MODIFIED]: trade_id=None, candidate_id=cand_NSE_NIFTY50_INDEX_ORB_60M_23952.70_20260903_110505_ORB_60m_IB_RVOL1.2, payload={'price': 23946.15, 'old_sl': 23954.49, 'new_sl': 23953.640000000003, 'old_tp': None, 'new_tp': 23877.8, 'reason': 'TRAILING_SL'}
2026-09-03 11:07:37,177 - INFO - 🟡 UPDATE (TRAILING_SL) [CFORB_60m_IB_RVOL1.2|5_ORB_60m_IB_RVOL1.2]: NSE:NIFTY50-INDEX @ 23946.15 | SL→23953.64 TP→23877.80
2026-09-03 11:07:37,177 - INFO - 📊 EXECUTION AUDIT [CF_SL_MODIFIED]: trade_id=None, candidate_id=cand_NSE_NIFTYBANK_INDEX_BREAKOUT_57553.05_20260903_110000_Structural_v3.2_RVOL1.0, payload={'price': 57555.55, 'old_sl': 57587.90714285715, 'new_sl': 57580.80714285715, 'old_tp': None, 'new_tp': 57327.32857142857, 'reason': 'TRAILING_SL'}
2026-09-03 11:07:37,225 - INFO - 🟡 UPDATE (TRAILING_SL) [CFStructural_v3.2_RVOL1.0|uctural_v3.2_RVOL1.0]: NSE:NIFTYBANK-INDEX @ 57555.55 | SL→57580.81 TP→57327.33
2026-09-03 11:07:37,226 - INFO - 📊 EXECUTION AUDIT [CF_SL_MODIFIED]: trade_id=None, candidate_id=cand_NSE_NIFTYBANK_INDEX_BREAKOUT_57553.05_20260903_110000_Structural_v3.2_RVOL0.8, payload={'price': 57555.55, 'old_sl': 57587.90714285715, 'new_sl': 57580.80714285715, 'old_tp': None, 'new_tp': 57327.32857142857, 'reason': 'TRAILING_SL'}
2026-09-03 11:07:37,272 - INFO - 🟡 UPDATE (TRAILING_SL) [CFStructural_v3.2_RVOL0.8|uctural_v3.2_RVOL0.8]: NSE:NIFTYBANK-INDEX @ 57555.55 | SL→57580.81 TP→57327.33
2026-09-03 11:07:37,957 - INFO - Retrieved live premium from Fyers API: LTP=363.95 for NSE:BANKNIFTY26SEP57000PE
2026-09-03 11:07:38,952 - INFO - Retrieved live premium from Fyers API: LTP=363.95 for NSE:BANKNIFTY26SEP57000PE
2026-09-03 11:07:39,986 - INFO - Retrieved live premium from Fyers API: LTP=336.0 for NSE:BANKNIFTY26SEP56900PE
2026-09-03 11:07:40,984 - INFO - Retrieved live premium from Fyers API: LTP=311.8 for NSE:BANKNIFTY26SEP56800PE
2026-09-03 11:07:41,973 - INFO - Retrieved live premium from Fyers API: LTP=336.0 for NSE:BANKNIFTY26SEP56900PE
2026-09-03 11:08:05,355 - INFO - ⏱️ [Real-time Exit Loop] Checking open positions @ 11:08:05...
2026-09-03 11:08:06,025 - INFO - 📊 Saved 22 snapshots for NSE:NIFTYBANK-INDEX  (oi range: 53,520–1,953,930)
2026-09-03 11:08:07,142 - INFO - 📡 Fetching NSE:NIFTY50-INDEX @ 23948  expiry=26908  strikes=ATM±5
2026-09-03 11:08:07,496 - INFO - Retrieved live premium from Fyers API: LTP=362.35 for NSE:BANKNIFTY26SEP57000PE
2026-09-03 11:08:08,466 - INFO - Retrieved live premium from Fyers API: LTP=362.35 for NSE:BANKNIFTY26SEP57000PE
2026-09-03 11:08:09,470 - INFO - Retrieved live premium from Fyers API: LTP=336.55 for NSE:BANKNIFTY26SEP56900PE
2026-09-03 11:08:10,489 - INFO - Retrieved live premium from Fyers API: LTP=311.3 for NSE:BANKNIFTY26SEP56800PE
2026-09-03 11:08:11,487 - INFO - Retrieved live premium from Fyers API: LTP=336.55 for NSE:BANKNIFTY26SEP56900PE
2026-09-03 11:08:35,719 - INFO - ⏱️ [Real-time Exit Loop] Checking open positions @ 11:08:35...
2026-09-03 11:08:36,819 - INFO - 📊 EXECUTION AUDIT [CF_SL_MODIFIED]: trade_id=None, candidate_id=cand_NSE_NIFTY50_INDEX_BREAKOUT_23851.90_20260903_100000_Structural_v3.3_ExitMgmt, payload={'price': 23944.2, 'old_sl': 23968.620000000003, 'new_sl': 23966.670000000002, 'old_tp': None, 'new_tp': 23887.335714285713, 'reason': 'TRAILING_SL'}
2026-09-03 11:08:36,865 - INFO - 🟡 UPDATE (TRAILING_SL) [CFStructural_v3.3_ExitMgmt|ctural_v3.3_ExitMgmt]: NSE:NIFTY50-INDEX @ 23944.20 | SL→23966.67 TP→23887.34
2026-09-03 11:08:36,865 - INFO - 📊 EXECUTION AUDIT [CF_SL_MODIFIED]: trade_id=None, candidate_id=cand_NSE_NIFTY50_INDEX_TRENDLINE_RETEST_23958.85_202609031055_Geometry_v1.0_Score35, payload={'price': 23944.2, 'old_sl': 23963.510000000002, 'new_sl': 23961.56, 'old_tp': None, 'new_tp': 23941.79, 'reason': 'TRAILING_SL'}
2026-09-03 11:08:36,902 - INFO - 🟡 UPDATE (TRAILING_SL) [CFGeometry_v1.0_Score35|eometry_v1.0_Score35]: NSE:NIFTY50-INDEX @ 23944.20 | SL→23961.56 TP→23941.79
2026-09-03 11:08:36,903 - INFO - 📊 EXECUTION AUDIT [CF_SL_MODIFIED]: trade_id=None, candidate_id=cand_NSE_NIFTY50_INDEX_TRENDLINE_RETEST_23958.85_202609031055_Geometry_v1.0_Score50, payload={'price': 23944.2, 'old_sl': 23963.510000000002, 'new_sl': 23961.56, 'old_tp': None, 'new_tp': 23941.79, 'reason': 'TRAILING_SL'}
2026-09-03 11:08:36,943 - INFO - 📊 Saved 22 snapshots for NSE:NIFTY50-INDEX  (oi range: 378,755–16,295,955)
2026-09-03 11:08:36,946 - INFO - 🟡 UPDATE (TRAILING_SL) [CFGeometry_v1.0_Score50|eometry_v1.0_Score50]: NSE:NIFTY50-INDEX @ 23944.20 | SL→23961.56 TP→23941.79
2026-09-03 11:08:36,946 - INFO - 📊 EXECUTION AUDIT [CF_SL_MODIFIED]: trade_id=None, candidate_id=cand_NSE_NIFTY50_INDEX_ORB_60M_23952.70_20260903_110505_ORB_60m_IB_RVOL1.2, payload={'price': 23944.2, 'old_sl': 23953.640000000003, 'new_sl': 23951.690000000002, 'old_tp': None, 'new_tp': 23877.8, 'reason': 'TRAILING_SL'}
2026-09-03 11:08:36,987 - INFO - 🟡 UPDATE (TRAILING_SL) [CFORB_60m_IB_RVOL1.2|5_ORB_60m_IB_RVOL1.2]: NSE:NIFTY50-INDEX @ 23944.20 | SL→23951.69 TP→23877.80
2026-09-03 11:08:37,854 - INFO - Retrieved live premium from Fyers API: LTP=362.6 for NSE:BANKNIFTY26SEP57000PE
2026-09-03 11:08:38,838 - INFO - Retrieved live premium from Fyers API: LTP=363.0 for NSE:BANKNIFTY26SEP57000PE
2026-09-03 11:08:39,052 - INFO - 📡 Fetching NSE:NIFTYBANK-INDEX @ 57557  expiry=26SEP  strikes=ATM±5
2026-09-03 11:08:39,841 - INFO - Retrieved live premium from Fyers API: LTP=334.95 for NSE:BANKNIFTY26SEP56900PE
2026-09-03 11:08:40,850 - INFO - Retrieved live premium from Fyers API: LTP=310.75 for NSE:BANKNIFTY26SEP56800PE
2026-09-03 11:08:41,822 - INFO - Retrieved live premium from Fyers API: LTP=334.95 for NSE:BANKNIFTY26SEP56900PE
2026-09-03 11:09:05,072 - INFO - ⏱️ [Real-time Exit Loop] Checking open positions @ 11:09:05...
2026-09-03 11:09:06,173 - INFO - 📊 EXECUTION AUDIT [CF_SL_MODIFIED]: trade_id=None, candidate_id=cand_NSE_NIFTYBANK_INDEX_BREAKOUT_57023.95_20260903_094500_Structural_v3.3_ExitMgmt, payload={'price': 57545.95, 'old_sl': 57631.315, 'new_sl': 57621.715, 'old_tp': None, 'new_tp': 57272.853571428575, 'reason': 'TRAILING_SL'}
2026-09-03 11:09:06,224 - INFO - 🟡 UPDATE (TRAILING_SL) [CFStructural_v3.3_ExitMgmt|ctural_v3.3_ExitMgmt]: NSE:NIFTYBANK-INDEX @ 57545.95 | SL→57621.71 TP→57272.85
2026-09-03 11:09:06,224 - INFO - 📊 EXECUTION AUDIT [CF_SL_MODIFIED]: trade_id=None, candidate_id=cand_NSE_NIFTY50_INDEX_BREAKOUT_23851.90_20260903_100000_Structural_v3.3_ExitMgmt, payload={'price': 23939.45, 'old_sl': 23966.670000000002, 'new_sl': 23961.920000000002, 'old_tp': None, 'new_tp': 23887.335714285713, 'reason': 'TRAILING_SL'}
2026-09-03 11:09:06,258 - INFO - 🟡 UPDATE (TRAILING_SL) [CFStructural_v3.3_ExitMgmt|ctural_v3.3_ExitMgmt]: NSE:NIFTY50-INDEX @ 23939.45 | SL→23961.92 TP→23887.34
2026-09-03 11:09:06,258 - INFO - 📊 EXECUTION AUDIT [CF_SL_MODIFIED]: trade_id=None, candidate_id=cand_NSE_NIFTYBANK_INDEX_VWAPRECLAIM_57604.70_20260903_103506_VWAP_Reclaim_v1.0, payload={'price': 57545.95, 'old_sl': 57630.100000000006, 'new_sl': 57620.5, 'old_tp': None, 'new_tp': 57289.7, 'reason': 'TRAILING_SL'}
2026-09-03 11:09:06,297 - INFO - 🟡 UPDATE (TRAILING_SL) [CFVWAP_Reclaim_v1.0|06_VWAP_Reclaim_v1.0]: NSE:NIFTYBANK-INDEX @ 57545.95 | SL→57620.50 TP→57289.70
2026-09-03 11:09:06,297 - INFO - 📊 EXECUTION AUDIT [CF_TP_EXPANDED]: trade_id=None, candidate_id=cand_NSE_NIFTY50_INDEX_TRENDLINE_RETEST_23958.85_202609031055_Geometry_v1.0_Score35, payload={'price': 23939.45, 'old_sl': 23961.56, 'new_sl': 23956.81, 'old_tp': 23941.79, 'new_tp': 23924.43, 'reason': 'TP_EXPANSION'}
2026-09-03 11:09:06,336 - INFO - 🟡 UPDATE (TP_EXPANSION) [CFGeometry_v1.0_Score35|eometry_v1.0_Score35]: NSE:NIFTY50-INDEX @ 23939.45 | SL→23956.81 TP→23924.43
2026-09-03 11:09:06,336 - INFO - 📊 EXECUTION AUDIT [CF_TP_EXPANDED]: trade_id=None, candidate_id=cand_NSE_NIFTY50_INDEX_TRENDLINE_RETEST_23958.85_202609031055_Geometry_v1.0_Score50, payload={'price': 23939.45, 'old_sl': 23961.56, 'new_sl': 23956.81, 'old_tp': 23941.79, 'new_tp': 23924.43, 'reason': 'TP_EXPANSION'}
2026-09-03 11:09:06,375 - INFO - 🟡 UPDATE (TP_EXPANSION) [CFGeometry_v1.0_Score50|eometry_v1.0_Score50]: NSE:NIFTY50-INDEX @ 23939.45 | SL→23956.81 TP→23924.43
2026-09-03 11:09:06,375 - INFO - 📊 EXECUTION AUDIT [CF_SL_MODIFIED]: trade_id=None, candidate_id=cand_NSE_NIFTY50_INDEX_ORB_60M_23952.70_20260903_110505_ORB_60m_IB_RVOL1.2, payload={'price': 23939.45, 'old_sl': 23951.690000000002, 'new_sl': 23946.940000000002, 'old_tp': None, 'new_tp': 23877.8, 'reason': 'TRAILING_SL'}
2026-09-03 11:09:06,418 - INFO - 🟡 UPDATE (TRAILING_SL) [CFORB_60m_IB_RVOL1.2|5_ORB_60m_IB_RVOL1.2]: NSE:NIFTY50-INDEX @ 23939.45 | SL→23946.94 TP→23877.80
2026-09-03 11:09:06,418 - INFO - 📊 EXECUTION AUDIT [CF_SL_MODIFIED]: trade_id=None, candidate_id=cand_NSE_NIFTYBANK_INDEX_BREAKOUT_57553.05_20260903_110000_Structural_v3.2_RVOL1.0, payload={'price': 57545.95, 'old_sl': 57580.80714285715, 'new_sl': 57571.20714285714, 'old_tp': None, 'new_tp': 57327.32857142857, 'reason': 'TRAILING_SL'}
2026-09-03 11:09:06,466 - INFO - 🟡 UPDATE (TRAILING_SL) [CFStructural_v3.2_RVOL1.0|uctural_v3.2_RVOL1.0]: NSE:NIFTYBANK-INDEX @ 57545.95 | SL→57571.21 TP→57327.33
2026-09-03 11:09:06,466 - INFO - 📊 EXECUTION AUDIT [CF_SL_MODIFIED]: trade_id=None, candidate_id=cand_NSE_NIFTYBANK_INDEX_BREAKOUT_57553.05_20260903_110000_Structural_v3.2_RVOL0.8, payload={'price': 57545.95, 'old_sl': 57580.80714285715, 'new_sl': 57571.20714285714, 'old_tp': None, 'new_tp': 57327.32857142857, 'reason': 'TRAILING_SL'}
2026-09-03 11:09:06,507 - INFO - 🟡 UPDATE (TRAILING_SL) [CFStructural_v3.2_RVOL0.8|uctural_v3.2_RVOL0.8]: NSE:NIFTYBANK-INDEX @ 57545.95 | SL→57571.21 TP→57327.33
2026-09-03 11:09:07,194 - INFO - Retrieved live premium from Fyers API: LTP=366.6 for NSE:BANKNIFTY26SEP57000PE
2026-09-03 11:09:08,233 - INFO - Retrieved live premium from Fyers API: LTP=368.0 for NSE:BANKNIFTY26SEP57000PE
2026-09-03 11:09:08,839 - INFO - 📊 Saved 22 snapshots for NSE:NIFTYBANK-INDEX  (oi range: 53,520–1,946,490)
2026-09-03 11:09:09,210 - INFO - Retrieved live premium from Fyers API: LTP=339.0 for NSE:BANKNIFTY26SEP56900PE
2026-09-03 11:09:09,955 - INFO - 📡 Fetching NSE:NIFTY50-INDEX @ 23938  expiry=26908  strikes=ATM±5
2026-09-03 11:09:10,228 - INFO - Retrieved live premium from Fyers API: LTP=312.65 for NSE:BANKNIFTY26SEP56800PE
2026-09-03 11:09:11,184 - INFO - Retrieved live premium from Fyers API: LTP=339.0 for NSE:BANKNIFTY26SEP56900PE
2026-09-03 11:09:35,512 - INFO - ⏱️ [Real-time Exit Loop] Checking open positions @ 11:09:35...
2026-09-03 11:09:36,634 - INFO - 📊 EXECUTION AUDIT [CF_SL_MODIFIED]: trade_id=None, candidate_id=cand_NSE_NIFTYBANK_INDEX_BREAKOUT_57023.95_20260903_094500_Structural_v3.3_ExitMgmt, payload={'price': 57533.35, 'old_sl': 57621.715, 'new_sl': 57609.115, 'old_tp': None, 'new_tp': 57272.853571428575, 'reason': 'TRAILING_SL'}
2026-09-03 11:09:36,680 - INFO - 🟡 UPDATE (TRAILING_SL) [CFStructural_v3.3_ExitMgmt|ctural_v3.3_ExitMgmt]: NSE:NIFTYBANK-INDEX @ 57533.35 | SL→57609.11 TP→57272.85
2026-09-03 11:09:36,680 - INFO - 📊 EXECUTION AUDIT [CF_SL_MODIFIED]: trade_id=None, candidate_id=cand_NSE_NIFTYBANK_INDEX_VWAPRECLAIM_57604.70_20260903_103506_VWAP_Reclaim_v1.0, payload={'price': 57533.35, 'old_sl': 57620.5, 'new_sl': 57607.9, 'old_tp': None, 'new_tp': 57289.7, 'reason': 'TRAILING_SL'}
2026-09-03 11:09:36,719 - INFO - 🟡 UPDATE (TRAILING_SL) [CFVWAP_Reclaim_v1.0|06_VWAP_Reclaim_v1.0]: NSE:NIFTYBANK-INDEX @ 57533.35 | SL→57607.90 TP→57289.70
2026-09-03 11:09:36,720 - INFO - 📊 EXECUTION AUDIT [CF_SL_MODIFIED]: trade_id=None, candidate_id=cand_NSE_NIFTYBANK_INDEX_BREAKOUT_57553.05_20260903_110000_Structural_v3.2_RVOL1.0, payload={'price': 57533.35, 'old_sl': 57571.20714285714, 'new_sl': 57558.607142857145, 'old_tp': None, 'new_tp': 57327.32857142857, 'reason': 'TRAILING_SL'}
2026-09-03 11:09:36,757 - INFO - 🟡 UPDATE (TRAILING_SL) [CFStructural_v3.2_RVOL1.0|uctural_v3.2_RVOL1.0]: NSE:NIFTYBANK-INDEX @ 57533.35 | SL→57558.61 TP→57327.33
2026-09-03 11:09:36,757 - INFO - 📊 EXECUTION AUDIT [CF_SL_MODIFIED]: trade_id=None, candidate_id=cand_NSE_NIFTYBANK_INDEX_BREAKOUT_57553.05_20260903_110000_Structural_v3.2_RVOL0.8, payload={'price': 57533.35, 'old_sl': 57571.20714285714, 'new_sl': 57558.607142857145, 'old_tp': None, 'new_tp': 57327.32857142857, 'reason': 'TRAILING_SL'}
2026-09-03 11:09:36,799 - INFO - 🟡 UPDATE (TRAILING_SL) [CFStructural_v3.2_RVOL0.8|uctural_v3.2_RVOL0.8]: NSE:NIFTYBANK-INDEX @ 57533.35 | SL→57558.61 TP→57327.33
2026-09-03 11:09:37,641 - INFO - Retrieved live premium from Fyers API: LTP=370.0 for NSE:BANKNIFTY26SEP57000PE
2026-09-03 11:09:38,620 - INFO - Retrieved live premium from Fyers API: LTP=370.0 for NSE:BANKNIFTY26SEP57000PE
2026-09-03 11:09:39,639 - INFO - 📊 Saved 22 snapshots for NSE:NIFTY50-INDEX  (oi range: 386,685–16,304,730)
2026-09-03 11:09:39,649 - INFO - Retrieved live premium from Fyers API: LTP=340.45 for NSE:BANKNIFTY26SEP56900PE
2026-09-03 11:09:40,630 - INFO - Retrieved live premium from Fyers API: LTP=316.2 for NSE:BANKNIFTY26SEP56800PE
2026-09-03 11:09:41,647 - INFO - Retrieved live premium from Fyers API: LTP=340.45 for NSE:BANKNIFTY26SEP56900PE
2026-09-03 11:09:41,748 - INFO - 📡 Fetching NSE:NIFTYBANK-INDEX @ 57530  expiry=26SEP  strikes=ATM±5
2026-09-03 11:10:05,860 - INFO - 🔔 [New Candle Closed] Running entry pipeline for candle 11:10 at 11:10:05...
2026-09-03 11:10:05,861 - INFO - --- 11:10:05 Market Pulse ---
2026-09-03 11:10:10,996 - INFO - 📊 EXECUTION AUDIT [CF_SL_MODIFIED]: trade_id=None, candidate_id=cand_NSE_NIFTYBANK_INDEX_BREAKOUT_57023.95_20260903_094500_Structural_v3.3_ExitMgmt, payload={'price': 57494.65, 'old_sl': 57609.115, 'new_sl': 57570.415, 'old_tp': None, 'new_tp': 57272.853571428575, 'reason': 'TRAILING_SL'}
2026-09-03 11:10:11,056 - INFO - 🟡 UPDATE (TRAILING_SL) [CFStructural_v3.3_ExitMgmt|ctural_v3.3_ExitMgmt]: NSE:NIFTYBANK-INDEX @ 57494.65 | SL→57570.42 TP→57272.85
2026-09-03 11:10:11,056 - INFO - 📊 EXECUTION AUDIT [CF_SL_MODIFIED]: trade_id=None, candidate_id=cand_NSE_NIFTY50_INDEX_BREAKOUT_23851.90_20260903_100000_Structural_v3.3_ExitMgmt, payload={'price': 23930.0, 'old_sl': 23961.920000000002, 'new_sl': 23952.47, 'old_tp': None, 'new_tp': 23887.335714285713, 'reason': 'TRAILING_SL'}
2026-09-03 11:10:11,101 - INFO - 🟡 UPDATE (TRAILING_SL) [CFStructural_v3.3_ExitMgmt|ctural_v3.3_ExitMgmt]: NSE:NIFTY50-INDEX @ 23930.00 | SL→23952.47 TP→23887.34
2026-09-03 11:10:11,102 - INFO - 📊 EXECUTION AUDIT [CF_SL_MODIFIED]: trade_id=None, candidate_id=cand_NSE_NIFTYBANK_INDEX_VWAPRECLAIM_57604.70_20260903_103506_VWAP_Reclaim_v1.0, payload={'price': 57494.65, 'old_sl': 57607.9, 'new_sl': 57569.200000000004, 'old_tp': None, 'new_tp': 57289.7, 'reason': 'TRAILING_SL'}
2026-09-03 11:10:11,138 - INFO - 🟡 UPDATE (TRAILING_SL) [CFVWAP_Reclaim_v1.0|06_VWAP_Reclaim_v1.0]: NSE:NIFTYBANK-INDEX @ 57494.65 | SL→57569.20 TP→57289.70
2026-09-03 11:10:11,138 - INFO - 📊 EXECUTION AUDIT [CF_SL_MODIFIED]: trade_id=None, candidate_id=cand_NSE_NIFTY50_INDEX_TRENDLINE_RETEST_23958.85_202609031055_Geometry_v1.0_Score35, payload={'price': 23930.0, 'old_sl': 23956.81, 'new_sl': 23947.36, 'old_tp': None, 'new_tp': 23924.43, 'reason': 'TRAILING_SL'}
2026-09-03 11:10:11,179 - INFO - 🟡 UPDATE (TRAILING_SL) [CFGeometry_v1.0_Score35|eometry_v1.0_Score35]: NSE:NIFTY50-INDEX @ 23930.00 | SL→23947.36 TP→23924.43
2026-09-03 11:10:11,179 - INFO - 📊 EXECUTION AUDIT [CF_SL_MODIFIED]: trade_id=None, candidate_id=cand_NSE_NIFTY50_INDEX_TRENDLINE_RETEST_23958.85_202609031055_Geometry_v1.0_Score50, payload={'price': 23930.0, 'old_sl': 23956.81, 'new_sl': 23947.36, 'old_tp': None, 'new_tp': 23924.43, 'reason': 'TRAILING_SL'}
2026-09-03 11:10:11,218 - INFO - 🟡 UPDATE (TRAILING_SL) [CFGeometry_v1.0_Score50|eometry_v1.0_Score50]: NSE:NIFTY50-INDEX @ 23930.00 | SL→23947.36 TP→23924.43
2026-09-03 11:10:11,218 - INFO - 📊 EXECUTION AUDIT [CF_EXITED]: trade_id=None, candidate_id=cand_NSE_NIFTY50_INDEX_ORB_60M_23952.70_20260903_110505_ORB_60m_IB_RVOL1.2, payload={'exit_price': 23953.85, 'exit_reason': 'TRAILING_SL', 'pnl_r': 0.1297182349813929, 'duration_minutes': 5.002356333333334, 'bars_held': 1}
2026-09-03 11:10:11,257 - INFO - 🔴 EXIT (TRAILING_SL) [CFORB_60m_IB_RVOL1.2|5_ORB_60m_IB_RVOL1.2]: NSE:NIFTY50-INDEX @ 23953.85 | PnL +0.13R | MFE 3.03R | Capture 4% | 1bars HoldEff +0.130R/bar
2026-09-03 11:10:11,258 - INFO - 📊 EXECUTION AUDIT [CF_EXITED]: trade_id=None, candidate_id=cand_NSE_NIFTYBANK_INDEX_BREAKOUT_57553.05_20260903_110000_Structural_v3.2_RVOL1.0, payload={'exit_price': 57582.7, 'exit_reason': 'TRAILING_SL', 'pnl_r': 0.05777817467404898, 'duration_minutes': 5.002356333333334, 'bars_held': 1}
2026-09-03 11:10:11,299 - INFO - 🔴 EXIT (TRAILING_SL) [CFStructural_v3.2_RVOL1.0|uctural_v3.2_RVOL1.0]: NSE:NIFTYBANK-INDEX @ 57582.70 | PnL +0.06R | MFE 3.38R | Capture 2% | 1bars HoldEff +0.058R/bar
2026-09-03 11:10:11,299 - INFO - 📊 EXECUTION AUDIT [CF_EXITED]: trade_id=None, candidate_id=cand_NSE_NIFTYBANK_INDEX_BREAKOUT_57553.05_20260903_110000_Structural_v3.2_RVOL0.8, payload={'exit_price': 57582.7, 'exit_reason': 'TRAILING_SL', 'pnl_r': 0.05777817467404898, 'duration_minutes': 5.002356333333334, 'bars_held': 1}
2026-09-03 11:10:11,345 - INFO - 🔴 EXIT (TRAILING_SL) [CFStructural_v3.2_RVOL0.8|uctural_v3.2_RVOL0.8]: NSE:NIFTYBANK-INDEX @ 57582.70 | PnL +0.06R | MFE 3.38R | Capture 2% | 1bars HoldEff +0.058R/bar
2026-09-03 11:10:11,459 - INFO - 📊 Saved 22 snapshots for NSE:NIFTYBANK-INDEX  (oi range: 53,460–1,943,160)
2026-09-03 11:10:12,167 - INFO - Retrieved live premium from Fyers API: LTP=351.6 for NSE:BANKNIFTY26SEP56900PE
2026-09-03 11:10:12,569 - INFO - 📡 Fetching NSE:NIFTY50-INDEX @ 23935  expiry=26908  strikes=ATM±5
2026-09-03 11:10:13,172 - INFO - Retrieved live premium from Fyers API: LTP=325.7 for NSE:BANKNIFTY26SEP56800PE
2026-09-03 11:10:14,153 - INFO - Retrieved live premium from Fyers API: LTP=352.0 for NSE:BANKNIFTY26SEP56900PE
2026-09-03 11:10:21,485 - INFO - Resolved active expiry from DB: 26908 (2026-09-08)
2026-09-03 11:10:21,486 - INFO - 🚀 COMBO SIGNAL: NSE:NIFTY50-INDEX BULL_CALL_SPREAD | [VerticalSpread_v1.0]
2026-09-03 11:10:21,499 - INFO - Resolved active expiry from DB: 26908 (2026-09-08)
2026-09-03 11:10:21,530 - INFO - Resolved BULL_CALL_SPREAD for NSE:NIFTY50-INDEX: [('CE', 'BUY', 23950.0), ('CE', 'SELL', 24050.0)] net_premium=46.80 max_loss=46.80
2026-09-03 11:10:21,530 - INFO - 💰 Combo lots [BULL_CALL_SPREAD|STRONG_TREND_UP_NORMAL|conf=1]: budget=₹412 / max_loss=46.80 → 8 lots
2026-09-03 11:10:21,559 - INFO - 🟢 COMBO ENTRY [VerticalSpread_v1.0|_VerticalSpread_v1.0]: NSE:NIFTY50-INDEX BULL_CALL_SPREAD | Net premium: 46.80 | Max loss: 46.80
2026-09-03 11:10:21,559 - INFO - 👻 [OIWallReaction_v1.0] CF OI_WALL_BREAK NSE:NIFTY50-INDEX BUY PUT | Rejected: ['NARRATIVE_BIAS_BULLISH', 'LOW_RR:0.65']
2026-09-03 11:10:21,559 - INFO - 📊 EXECUTION AUDIT [SIGNAL_GENERATED]: trade_id=None, candidate_id=cand_NSE_NIFTY50_INDEX_OI_WALL_BREAK_23928.60_20260903_111005_OIWallReaction_v1.0, payload={'symbol': 'NSE:NIFTY50-INDEX', 'candidate_id': 'cand_NSE_NIFTY50_INDEX_OI_WALL_BREAK_23928.60_20260903_111005_OIWallReaction_v1.0', 'signal': 'BUY PUT', 'price': 23928.6, 'stop_loss': 24002.4015, 'take_profit': 23880.57, 'tp1': 23817.897749999996, 'rr_ratio': 0.65, 'strategy': 'OI_WALL_BREAK', 'confidence': 1.0, 'accepted': False, 'rejection_reasons': ['NARRATIVE_BIAS_BULLISH', 'LOW_RR:0.65'], 'timestamp': datetime.datetime(2026, 9, 3, 11, 10, 5, 861101, tzinfo=zoneinfo.ZoneInfo(key='Asia/Kolkata')), 'diagnostics': {'wall_strike': 24000.0, 'wall_oi': 10538385, 'wall_oi_change': 6251115, 'wall_type': 'put', 'rvol': 1.4}, 'experiment_name': 'OIWallReaction_v1.0', 'strategy_id': 'oi_wall_reaction', 'version': 'v1.0', 'features': {'regime_primary': 'STRONG_TREND_UP', 'regime_vol_state': 'NORMAL', 'market_regime': 'STRONG_TREND_UP_NORMAL'}}
2026-09-03 11:10:21,587 - INFO - Resolved active expiry from DB: 26908 (2026-09-08)
2026-09-03 11:10:21,604 - INFO - Resolved index signal into option contract: OptionContract(symbol='NSE:NIFTY2690823950PE', strike=23950.0, expiry='26908', option_type='PE', premium=102.65, delta=0.5, bid=102.65, ask=102.8, volume=59303010, resolved_at=datetime.datetime(2026, 9, 3, 11, 10, 21, 604144))
2026-09-03 11:10:21,604 - INFO - ⚡ Option strike selection resolved index signal to contract NSE:NIFTY2690823950PE @ premium 102.65 (type: PE, strike: 23950.0)
2026-09-03 11:10:21,604 - INFO - 📊 EXECUTION AUDIT [STRIKE_SELECTED]: trade_id=None, candidate_id=cand_NSE_NIFTY50_INDEX_OI_WALL_BREAK_23928.60_20260903_111005_OIWallReaction_v1.0, payload={'symbol': 'NSE:NIFTY2690823950PE', 'strike': 23950.0, 'expiry': '26908', 'type': 'PE'}
2026-09-03 11:10:21,617 - INFO - 📊 EXECUTION AUDIT [PREMIUM_RETRIEVED]: trade_id=None, candidate_id=cand_NSE_NIFTY50_INDEX_OI_WALL_BREAK_23928.60_20260903_111005_OIWallReaction_v1.0, payload={'premium': 102.65, 'bid': 102.65, 'ask': 102.8}
2026-09-03 11:10:21,630 - INFO - 📊 EXECUTION AUDIT [CF_SUBMITTED]: trade_id=None, candidate_id=cand_NSE_NIFTY50_INDEX_OI_WALL_BREAK_23928.60_20260903_111005_OIWallReaction_v1.0, payload={'price': 23928.6, 'sl': 24002.4015, 'tp': 23880.57}
2026-09-03 11:10:21,643 - INFO - 📊 EXECUTION AUDIT [CF_FILLED]: trade_id=None, candidate_id=cand_NSE_NIFTY50_INDEX_OI_WALL_BREAK_23928.60_20260903_111005_OIWallReaction_v1.0, payload={'price': 23928.6, 'sl': 24002.4015, 'tp': 23880.57}
2026-09-03 11:10:21,656 - INFO - 💰 Position size [OI_WALL_BREAK|STRONG_TREND_UP_NORMAL|conf=1]: frac=0.004 → ₹5,000 (risk/unit=0.31%)
2026-09-03 11:10:21,684 - INFO - 🟢 ENTRY [CF|OIWallReaction_v1.0|_OIWallReaction_v1.0]: NSE:NIFTY50-INDEX BUY PUT @ 23928.60 | SL: 24002.40 TP: 23880.57
2026-09-03 11:10:23,643 - INFO - Resolved active expiry from DB: 26SEP (2026-09-29)
2026-09-03 11:10:23,644 - INFO - 👻 [Structural_v3.2_RVOL1.0] CF BREAKOUT NSE:NIFTYBANK-INDEX BUY PUT | Rejected: ['LOW_RVOL', 'BIAS_MISMATCH']
2026-09-03 11:10:23,645 - INFO - 📊 EXECUTION AUDIT [SIGNAL_GENERATED]: trade_id=None, candidate_id=cand_NSE_NIFTYBANK_INDEX_BREAKOUT_57023.95_20260903_110500_Structural_v3.2_RVOL1.0, payload={'symbol': 'NSE:NIFTYBANK-INDEX', 'signal': 'BUY PUT', 'strategy': 'BREAKOUT', 'price': 57491.5, 'stop_loss': 57518.580357142855, 'take_profit': 57220.69642857143, 'tp1': 57450.87946428572, 'rr_ratio': 10.0, 'timestamp': '2026-09-03T11:05:00+05:30', 'accepted': False, 'rejection_reasons': ['LOW_RVOL', 'BIAS_MISMATCH'], 'features': {'date': '2026-09-03', 'strategy_name': 'Structural_v3', 'strategy_version': 'v3.2', 'feature_version': 'v1.1', 'market_regime': 'GAP_UP_NORMAL', 'day_type': 'NORMAL_DAY', 'session_type': 'MID', 'daily_bias': 'NEUTRAL', 'hourly_bias': 'NEUTRAL', 'trend_strength': 0.0, 'rvol': 0.94, 'rvol_threshold': 1.0, 'atr': 54.16, 'distance_from_supply': 512.73, 'distance_from_demand': 668.3, 'nearest_supply_strength': 84.0, 'nearest_demand_strength': 69.4, 'distance_to_liquidity_pool': 668.3000000000029, 'liquidity_score': 9.399999999999999, 'indicator_snapshot': {'rvol_tod': 0.94, 'is_compressed': False, 'bos_count': 0}, 'move_efficiency': 0.8073, 'wickiness': 0.3703, 'fft_score': 0.0, 'setup_type': 'BREAKOUT', 'candidate_id': 'cand_NSE_NIFTYBANK_INDEX_BREAKOUT_57023.95_20260903_110500', 'ema20': 57559.23, 'ema50': 57414.58, 'move_efficiency_h1': 0.2777, 'ema_bullish': True, 'rsi14': 29.0, 'rsi2': 0.0, 'distance_to_vwap': -0.0025, 'atr_percentile': 0.5489, 'dist_prev_high': 0.0047, 'dist_prev_low': 0.0118, 'adx': 35.52, 'adx_slope': -5.0419, 'gap_pct': 0.0057, 'regime_primary': 'GAP_UP', 'regime_vol_state': 'NORMAL'}, 'candidate_id': 'cand_NSE_NIFTYBANK_INDEX_BREAKOUT_57023.95_20260903_110500_Structural_v3.2_RVOL1.0', 'experiment_name': 'Structural_v3.2_RVOL1.0', 'strategy_id': 'structural', 'version': 'v3.2'}
2026-09-03 11:10:23,672 - INFO - Resolved active expiry from DB: 26SEP (2026-09-29)
2026-09-03 11:10:23,688 - INFO - Resolved index signal into option contract: OptionContract(symbol='NSE:BANKNIFTY26SEP57500PE', strike=57500.0, expiry='26SEP', option_type='PE', premium=555.8, delta=0.5, bid=555.95, ask=556.45, volume=1474890, resolved_at=datetime.datetime(2026, 9, 3, 11, 10, 23, 688231))
2026-09-03 11:10:23,688 - INFO - ⚡ Option strike selection resolved index signal to contract NSE:BANKNIFTY26SEP57500PE @ premium 555.8 (type: PE, strike: 57500.0)
2026-09-03 11:10:23,688 - INFO - 📊 EXECUTION AUDIT [STRIKE_SELECTED]: trade_id=None, candidate_id=cand_NSE_NIFTYBANK_INDEX_BREAKOUT_57023.95_20260903_110500_Structural_v3.2_RVOL1.0, payload={'symbol': 'NSE:BANKNIFTY26SEP57500PE', 'strike': 57500.0, 'expiry': '26SEP', 'type': 'PE'}
2026-09-03 11:10:23,702 - INFO - 📊 EXECUTION AUDIT [PREMIUM_RETRIEVED]: trade_id=None, candidate_id=cand_NSE_NIFTYBANK_INDEX_BREAKOUT_57023.95_20260903_110500_Structural_v3.2_RVOL1.0, payload={'premium': 555.8, 'bid': 555.95, 'ask': 556.45}
2026-09-03 11:10:23,716 - INFO - 📊 EXECUTION AUDIT [CF_SUBMITTED]: trade_id=None, candidate_id=cand_NSE_NIFTYBANK_INDEX_BREAKOUT_57023.95_20260903_110500_Structural_v3.2_RVOL1.0, payload={'price': 57491.5, 'sl': 57518.580357142855, 'tp': 57220.69642857143}
2026-09-03 11:10:23,730 - INFO - 📊 EXECUTION AUDIT [CF_FILLED]: trade_id=None, candidate_id=cand_NSE_NIFTYBANK_INDEX_BREAKOUT_57023.95_20260903_110500_Structural_v3.2_RVOL1.0, payload={'price': 57491.5, 'sl': 57518.580357142855, 'tp': 57220.69642857143}
2026-09-03 11:10:23,744 - INFO - 💰 Position size [BREAKOUT|GAP_UP_NORMAL|conf=70]: frac=0.003 → ₹5,000 (risk/unit=0.05%)
2026-09-03 11:10:23,774 - INFO - 🟢 ENTRY [CF|Structural_v3.2_RVOL1.0|uctural_v3.2_RVOL1.0]: NSE:NIFTYBANK-INDEX BUY PUT @ 57491.50 | SL: 57518.58 TP: 57220.70
2026-09-03 11:10:23,774 - INFO - 👻 [Structural_v3.2_RVOL0.8] CF BREAKOUT NSE:NIFTYBANK-INDEX BUY PUT | Rejected: ['BIAS_MISMATCH']
2026-09-03 11:10:23,774 - INFO - 📊 EXECUTION AUDIT [SIGNAL_GENERATED]: trade_id=None, candidate_id=cand_NSE_NIFTYBANK_INDEX_BREAKOUT_57023.95_20260903_110500_Structural_v3.2_RVOL0.8, payload={'symbol': 'NSE:NIFTYBANK-INDEX', 'signal': 'BUY PUT', 'strategy': 'BREAKOUT', 'price': 57491.5, 'stop_loss': 57518.580357142855, 'take_profit': 57220.69642857143, 'tp1': 57450.87946428572, 'rr_ratio': 10.0, 'timestamp': '2026-09-03T11:05:00+05:30', 'accepted': False, 'rejection_reasons': ['BIAS_MISMATCH'], 'features': {'date': '2026-09-03', 'strategy_name': 'Structural_v3', 'strategy_version': 'v3.2', 'feature_version': 'v1.1', 'market_regime': 'GAP_UP_NORMAL', 'day_type': 'NORMAL_DAY', 'session_type': 'MID', 'daily_bias': 'NEUTRAL', 'hourly_bias': 'NEUTRAL', 'trend_strength': 0.0, 'rvol': 0.94, 'rvol_threshold': 0.8, 'atr': 54.16, 'distance_from_supply': 512.73, 'distance_from_demand': 668.3, 'nearest_supply_strength': 84.0, 'nearest_demand_strength': 69.4, 'distance_to_liquidity_pool': 668.3000000000029, 'liquidity_score': 9.399999999999999, 'indicator_snapshot': {'rvol_tod': 0.94, 'is_compressed': False, 'bos_count': 0}, 'move_efficiency': 0.8073, 'wickiness': 0.3703, 'fft_score': 0.0, 'setup_type': 'BREAKOUT', 'candidate_id': 'cand_NSE_NIFTYBANK_INDEX_BREAKOUT_57023.95_20260903_110500', 'ema20': 57559.23, 'ema50': 57414.58, 'move_efficiency_h1': 0.2777, 'ema_bullish': True, 'rsi14': 29.0, 'rsi2': 0.0, 'distance_to_vwap': -0.0025, 'atr_percentile': 0.5489, 'dist_prev_high': 0.0047, 'dist_prev_low': 0.0118, 'adx': 35.52, 'adx_slope': -5.0419, 'gap_pct': 0.0057, 'regime_primary': 'GAP_UP', 'regime_vol_state': 'NORMAL'}, 'candidate_id': 'cand_NSE_NIFTYBANK_INDEX_BREAKOUT_57023.95_20260903_110500_Structural_v3.2_RVOL0.8', 'experiment_name': 'Structural_v3.2_RVOL0.8', 'strategy_id': 'structural', 'version': 'v3.2'}
2026-09-03 11:10:23,805 - INFO - Resolved active expiry from DB: 26SEP (2026-09-29)
2026-09-03 11:10:23,822 - INFO - Resolved index signal into option contract: OptionContract(symbol='NSE:BANKNIFTY26SEP57500PE', strike=57500.0, expiry='26SEP', option_type='PE', premium=555.8, delta=0.5, bid=555.95, ask=556.45, volume=1474890, resolved_at=datetime.datetime(2026, 9, 3, 11, 10, 23, 822447))
2026-09-03 11:10:23,822 - INFO - ⚡ Option strike selection resolved index signal to contract NSE:BANKNIFTY26SEP57500PE @ premium 555.8 (type: PE, strike: 57500.0)
2026-09-03 11:10:23,822 - INFO - 📊 EXECUTION AUDIT [STRIKE_SELECTED]: trade_id=None, candidate_id=cand_NSE_NIFTYBANK_INDEX_BREAKOUT_57023.95_20260903_110500_Structural_v3.2_RVOL0.8, payload={'symbol': 'NSE:BANKNIFTY26SEP57500PE', 'strike': 57500.0, 'expiry': '26SEP', 'type': 'PE'}
2026-09-03 11:10:23,835 - INFO - 📊 EXECUTION AUDIT [PREMIUM_RETRIEVED]: trade_id=None, candidate_id=cand_NSE_NIFTYBANK_INDEX_BREAKOUT_57023.95_20260903_110500_Structural_v3.2_RVOL0.8, payload={'premium': 555.8, 'bid': 555.95, 'ask': 556.45}
2026-09-03 11:10:23,848 - INFO - 📊 EXECUTION AUDIT [CF_SUBMITTED]: trade_id=None, candidate_id=cand_NSE_NIFTYBANK_INDEX_BREAKOUT_57023.95_20260903_110500_Structural_v3.2_RVOL0.8, payload={'price': 57491.5, 'sl': 57518.580357142855, 'tp': 57220.69642857143}
2026-09-03 11:10:23,862 - INFO - 📊 EXECUTION AUDIT [CF_FILLED]: trade_id=None, candidate_id=cand_NSE_NIFTYBANK_INDEX_BREAKOUT_57023.95_20260903_110500_Structural_v3.2_RVOL0.8, payload={'price': 57491.5, 'sl': 57518.580357142855, 'tp': 57220.69642857143}
2026-09-03 11:10:23,876 - INFO - 💰 Position size [BREAKOUT|GAP_UP_NORMAL|conf=70]: frac=0.003 → ₹5,000 (risk/unit=0.05%)
2026-09-03 11:10:23,905 - INFO - 🟢 ENTRY [CF|Structural_v3.2_RVOL0.8|uctural_v3.2_RVOL0.8]: NSE:NIFTYBANK-INDEX BUY PUT @ 57491.50 | SL: 57518.58 TP: 57220.70
2026-09-03 11:10:23,905 - INFO - 👻 [Butterfly_v1.0] CF COMBO BUTTERFLY_SPREAD NSE:NIFTYBANK-INDEX BUTTERFLY_SPREAD | Rejected: ['HIGH_EFFICIENCY', 'COOLDOWN_AFTER_LOSS']
2026-09-03 11:10:23,920 - INFO - Resolved active expiry from DB: 26SEP (2026-09-29)
2026-09-03 11:10:23,984 - INFO - Resolved BUTTERFLY_SPREAD for NSE:NIFTYBANK-INDEX: [('CE', 'BUY', 57300.0), ('CE', 'SELL', 57500.0), ('CE', 'SELL', 57500.0), ('CE', 'BUY', 57700.0)] net_premium=28.15 max_loss=28.15
2026-09-03 11:10:24,013 - INFO - 🟢 CF COMBO ENTRY [Butterfly_v1.0|11005_Butterfly_v1.0]: NSE:NIFTYBANK-INDEX BUTTERFLY_SPREAD | Net premium: 28.15 | Max loss: 28.15
2026-09-03 11:10:35,017 - INFO - ⏱️ [Real-time Exit Loop] Checking open positions @ 11:10:35...
2026-09-03 11:10:37,107 - INFO - Retrieved live premium from Fyers API: LTP=350.5 for NSE:BANKNIFTY26SEP56900PE
2026-09-03 11:10:38,146 - INFO - Retrieved live premium from Fyers API: LTP=324.5 for NSE:BANKNIFTY26SEP56800PE
2026-09-03 11:10:39,144 - INFO - Retrieved live premium from Fyers API: LTP=350.5 for NSE:BANKNIFTY26SEP56900PE
2026-09-03 11:10:40,540 - INFO - Retrieved live premium from Fyers API: LTP=563.75 for NSE:BANKNIFTY26SEP58100CE
2026-09-03 11:10:41,559 - INFO - Retrieved live premium from Fyers API: LTP=563.75 for NSE:BANKNIFTY26SEP58100CE
2026-09-03 11:10:42,576 - INFO - Retrieved live premium from Fyers API: LTP=563.75 for NSE:BANKNIFTY26SEP58100CE
2026-09-03 11:10:43,613 - INFO - 📊 Saved 22 snapshots for NSE:NIFTY50-INDEX  (oi range: 392,860–16,418,350)
2026-09-03 11:10:45,714 - INFO - 📡 Fetching NSE:NIFTYBANK-INDEX @ 57515  expiry=26SEP  strikes=ATM±5
2026-09-03 11:11:05,745 - INFO - ⏱️ [Real-time Exit Loop] Checking open positions @ 11:11:05...
2026-09-03 11:11:07,850 - INFO - Retrieved live premium from Fyers API: LTP=350.95 for NSE:BANKNIFTY26SEP56900PE
2026-09-03 11:11:08,897 - INFO - Retrieved live premium from Fyers API: LTP=326.2 for NSE:BANKNIFTY26SEP56800PE
2026-09-03 11:11:09,892 - INFO - Retrieved live premium from Fyers API: LTP=350.95 for NSE:BANKNIFTY26SEP56900PE
2026-09-03 11:11:11,267 - INFO - Retrieved live premium from Fyers API: LTP=564.2 for NSE:BANKNIFTY26SEP58100CE
2026-09-03 11:11:12,259 - INFO - Retrieved live premium from Fyers API: LTP=563.4 for NSE:BANKNIFTY26SEP58100CE
2026-09-03 11:11:13,258 - INFO - Retrieved live premium from Fyers API: LTP=562.5 for NSE:BANKNIFTY26SEP58100CE
2026-09-03 11:11:15,496 - INFO - 📊 Saved 22 snapshots for NSE:NIFTYBANK-INDEX  (oi range: 53,100–1,935,660)
2026-09-03 11:11:16,409 - INFO - 🔴 CF COMBO EXIT (STOP_R) [Butterfly_v1.0|11005_Butterfly_v1.0]: NSE:NIFTYBANK-INDEX BUTTERFLY_SPREAD | PnL -0.55R | 1min
2026-09-03 11:11:16,616 - INFO - 📡 Fetching NSE:NIFTY50-INDEX @ 23933  expiry=26908  strikes=ATM±5
2026-09-03 11:11:35,419 - INFO - ⏱️ [Real-time Exit Loop] Checking open positions @ 11:11:35...
2026-09-03 11:11:37,542 - INFO - Retrieved live premium from Fyers API: LTP=350.95 for NSE:BANKNIFTY26SEP56900PE
2026-09-03 11:11:38,536 - INFO - Retrieved live premium from Fyers API: LTP=326.5 for NSE:BANKNIFTY26SEP56800PE
2026-09-03 11:11:39,520 - INFO - Retrieved live premium from Fyers API: LTP=354.9 for NSE:BANKNIFTY26SEP56900PE
2026-09-03 11:11:40,900 - INFO - Retrieved live premium from Fyers API: LTP=559.55 for NSE:BANKNIFTY26SEP58100CE
2026-09-03 11:11:41,899 - INFO - Retrieved live premium from Fyers API: LTP=559.55 for NSE:BANKNIFTY26SEP58100CE
2026-09-03 11:11:42,897 - INFO - Retrieved live premium from Fyers API: LTP=561.35 for NSE:BANKNIFTY26SEP58100CE
2026-09-03 11:11:46,377 - INFO - 📊 Saved 22 snapshots for NSE:NIFTY50-INDEX  (oi range: 395,070–16,647,085)
2026-09-03 11:11:48,496 - INFO - 📡 Fetching NSE:NIFTYBANK-INDEX @ 57503  expiry=26SEP  strikes=ATM±5
2026-09-03 11:12:05,966 - INFO - ⏱️ [Real-time Exit Loop] Checking open positions @ 11:12:05...
2026-09-03 11:12:08,095 - INFO - Retrieved live premium from Fyers API: LTP=350.95 for NSE:BANKNIFTY26SEP56900PE
2026-09-03 11:12:09,082 - INFO - Retrieved live premium from Fyers API: LTP=323.55 for NSE:BANKNIFTY26SEP56800PE
2026-09-03 11:12:10,082 - INFO - Retrieved live premium from Fyers API: LTP=350.95 for NSE:BANKNIFTY26SEP56900PE
2026-09-03 11:12:11,431 - INFO - Retrieved live premium from Fyers API: LTP=564.8 for NSE:BANKNIFTY26SEP58100CE
2026-09-03 11:12:12,482 - INFO - Retrieved live premium from Fyers API: LTP=564.8 for NSE:BANKNIFTY26SEP58100CE
2026-09-03 11:12:13,471 - INFO - Retrieved live premium from Fyers API: LTP=564.8 for NSE:BANKNIFTY26SEP58100CE
2026-09-03 11:12:18,264 - INFO - 📊 Saved 22 snapshots for NSE:NIFTYBANK-INDEX  (oi range: 53,160–1,932,960)
2026-09-03 11:12:19,359 - INFO - 📡 Fetching NSE:NIFTY50-INDEX @ 23937  expiry=26908  strikes=ATM±5
2026-09-03 11:22:38,557 - INFO - 🔔 [New Candle Closed] Running entry pipeline for candle 11:20 at 11:22:38...
2026-09-03 11:22:38,559 - INFO - --- 11:22:38 Market Pulse ---
2026-09-03 11:22:45,698 - INFO - 📊 EXECUTION AUDIT [CF_EXITED]: trade_id=None, candidate_id=cand_NSE_NIFTY50_INDEX_TRENDLINE_RETEST_23958.85_202609031055_Geometry_v1.0_Score35, payload={'exit_price': 23947.36, 'exit_reason': 'TRAILING_SL', 'pnl_r': 0.023948908994145823, 'duration_minutes': 27.55715765, 'bars_held': 4}
2026-09-03 11:22:45,777 - INFO - 🔴 EXIT (TRAILING_SL) [CFGeometry_v1.0_Score35|eometry_v1.0_Score35]: NSE:NIFTY50-INDEX @ 23947.36 | PnL +0.02R | MFE 1.66R | Capture 1% | 4bars HoldEff +0.006R/bar
2026-09-03 11:22:45,777 - INFO - 📊 EXECUTION AUDIT [CF_EXITED]: trade_id=None, candidate_id=cand_NSE_NIFTY50_INDEX_TRENDLINE_RETEST_23958.85_202609031055_Geometry_v1.0_Score50, payload={'exit_price': 23947.36, 'exit_reason': 'TRAILING_SL', 'pnl_r': 0.023948908994145823, 'duration_minutes': 27.55715765, 'bars_held': 4}
2026-09-03 11:22:45,829 - INFO - 🔴 EXIT (TRAILING_SL) [CFGeometry_v1.0_Score50|eometry_v1.0_Score50]: NSE:NIFTY50-INDEX @ 23947.36 | PnL +0.02R | MFE 1.66R | Capture 1% | 4bars HoldEff +0.006R/bar
2026-09-03 11:22:45,830 - INFO - 📊 EXECUTION AUDIT [CF_EXITED]: trade_id=None, candidate_id=cand_NSE_NIFTYBANK_INDEX_BREAKOUT_57023.95_20260903_110500_Structural_v3.2_RVOL1.0, payload={'exit_price': 57525.35, 'exit_reason': 'INITIAL_SL', 'pnl_r': -0.05696828106748144, 'duration_minutes': 12.544965466666667, 'bars_held': 1}
2026-09-03 11:22:45,876 - INFO - 🔴 EXIT (INITIAL_SL) [CFStructural_v3.2_RVOL1.0|uctural_v3.2_RVOL1.0]: NSE:NIFTYBANK-INDEX @ 57525.35 | PnL -0.06R | MFE 0.00R | Capture N/A | 1bars HoldEff -0.057R/bar
2026-09-03 11:22:45,876 - INFO - 📊 EXECUTION AUDIT [CF_EXITED]: trade_id=None, candidate_id=cand_NSE_NIFTYBANK_INDEX_BREAKOUT_57023.95_20260903_110500_Structural_v3.2_RVOL0.8, payload={'exit_price': 57525.35, 'exit_reason': 'INITIAL_SL', 'pnl_r': -0.05696828106748144, 'duration_minutes': 12.544965466666667, 'bars_held': 1}
2026-09-03 11:22:45,918 - INFO - 🔴 EXIT (INITIAL_SL) [CFStructural_v3.2_RVOL0.8|uctural_v3.2_RVOL0.8]: NSE:NIFTYBANK-INDEX @ 57525.35 | PnL -0.06R | MFE 0.00R | Capture N/A | 1bars HoldEff -0.057R/bar
2026-09-03 11:22:46,714 - INFO - Retrieved live premium from Fyers API: LTP=162.0 for NSE:NIFTY2690823900CE
2026-09-03 11:22:47,725 - INFO - Retrieved live premium from Fyers API: LTP=105.45 for NSE:NIFTY2690824000CE
2026-09-03 11:22:48,734 - INFO - Retrieved live premium from Fyers API: LTP=105.6 for NSE:NIFTY2690824000CE
2026-09-03 11:22:49,960 - INFO - Retrieved live premium from Fyers API: LTP=63.6 for NSE:NIFTY2690824100CE
2026-09-03 11:22:50,843 - INFO - Retrieved live premium from Fyers API: LTP=132.1 for NSE:NIFTY2690823950CE
2026-09-03 11:24:56,127 - INFO - Retrieved live premium from Fyers API: LTP=81.8 for NSE:NIFTY2690824050CE
2026-09-03 11:24:56,544 - INFO - Retrieved live premium from Fyers API: LTP=160.15 for NSE:NIFTY2690823900CE
2026-09-03 11:24:57,284 - INFO - 📊 Saved 22 snapshots for NSE:NIFTY50-INDEX  (oi range: 397,410–17,934,865)
2026-09-03 11:24:57,559 - INFO - Retrieved live premium from Fyers API: LTP=104.35 for NSE:NIFTY2690824000CE
2026-09-03 11:24:58,561 - INFO - Retrieved live premium from Fyers API: LTP=160.55 for NSE:NIFTY2690823900CE
2026-09-03 11:24:59,398 - INFO - 📡 Fetching NSE:NIFTYBANK-INDEX @ 57575  expiry=26SEP  strikes=ATM±5
2026-09-03 11:24:59,578 - INFO - Retrieved live premium from Fyers API: LTP=77.75 for NSE:NIFTY2690823900PE
2026-09-03 11:25:00,578 - INFO - Retrieved live premium from Fyers API: LTP=104.45 for NSE:NIFTY2690824000CE
2026-09-03 11:25:01,556 - INFO - Retrieved live premium from Fyers API: LTP=47.15 for NSE:NIFTY2690823800PE
2026-09-03 11:25:02,571 - INFO - Retrieved live premium from Fyers API: LTP=131.3 for NSE:NIFTY2690823950CE
2026-09-03 11:41:28,173 - INFO - Retrieved live premium from Fyers API: LTP=83.9 for NSE:NIFTY2690824050CE
2026-09-03 11:41:29,188 - INFO - Retrieved live premium from Fyers API: LTP=54.35 for NSE:NIFTY2690823850PE
2026-09-03 11:41:30,192 - INFO - Retrieved live premium from Fyers API: LTP=32.25 for NSE:NIFTY2690823750PE
2026-09-03 11:41:31,177 - INFO - Retrieved live premium from Fyers API: LTP=135.0 for NSE:NIFTY2690823950CE
2026-09-03 11:41:32,200 - INFO - Retrieved live premium from Fyers API: LTP=83.8 for NSE:NIFTY2690824050CE
2026-09-03 11:41:33,185 - INFO - Retrieved live premium from Fyers API: LTP=70.0 for NSE:NIFTY2690823900PE
2026-09-03 11:41:34,209 - INFO - Retrieved live premium from Fyers API: LTP=165.9 for NSE:NIFTY2690823900CE
2026-09-03 11:41:35,221 - INFO - Retrieved live premium from Fyers API: LTP=24.85 for NSE:NIFTY2690823700PE
2026-09-03 11:41:36,203 - INFO - Retrieved live premium from Fyers API: LTP=64.0 for NSE:NIFTY2690824100CE
2026-09-03 11:41:37,217 - INFO - Retrieved live premium from Fyers API: LTP=54.35 for NSE:NIFTY2690823850PE
2026-09-03 11:41:38,245 - INFO - Retrieved live premium from Fyers API: LTP=32.3 for NSE:NIFTY2690823750PE
2026-09-03 11:41:39,246 - INFO - Retrieved live premium from Fyers API: LTP=134.9 for NSE:NIFTY2690823950CE
2026-09-03 11:41:40,267 - INFO - Retrieved live premium from Fyers API: LTP=83.85 for NSE:NIFTY2690824050CE
2026-09-03 11:41:41,259 - INFO - Retrieved live premium from Fyers API: LTP=410.0 for NSE:BANKNIFTY26SEP57200PE
2026-09-03 11:41:42,246 - INFO - Retrieved live premium from Fyers API: LTP=353.85 for NSE:BANKNIFTY26SEP57000PE
2026-09-03 11:41:43,271 - INFO - Retrieved live premium from Fyers API: LTP=1101.85 for NSE:BANKNIFTY26SEP57200CE
2026-09-03 11:41:44,262 - INFO - Retrieved live premium from Fyers API: LTP=410.0 for NSE:BANKNIFTY26SEP57200PE
2026-09-03 11:41:45,273 - INFO - Retrieved live premium from Fyers API: LTP=974.45 for NSE:BANKNIFTY26SEP57400CE
2026-09-03 11:41:46,260 - INFO - Retrieved live premium from Fyers API: LTP=353.85 for NSE:BANKNIFTY26SEP57000PE
2026-09-03 11:41:47,284 - INFO - Retrieved live premium from Fyers API: LTP=382.25 for NSE:BANKNIFTY26SEP57100PE
2026-09-03 11:41:48,315 - INFO - Retrieved live premium from Fyers API: LTP=324.4 for NSE:BANKNIFTY26SEP56900PE
2026-09-03 11:41:49,544 - INFO - Retrieved live premium from Fyers API: LTP=1040.0 for NSE:BANKNIFTY26SEP57300CE
2026-09-03 11:41:50,394 - INFO - Retrieved live premium from Fyers API: LTP=908.7 for NSE:BANKNIFTY26SEP57500CE
2026-09-03 11:51:55,085 - INFO - Retrieved live premium from Fyers API: LTP=413.65 for NSE:BANKNIFTY26SEP57200PE
2026-09-03 11:51:55,880 - INFO - Retrieved live premium from Fyers API: LTP=1096.0 for NSE:BANKNIFTY26SEP57200CE
2026-09-03 11:51:56,899 - INFO - Retrieved live premium from Fyers API: LTP=304.8 for NSE:BANKNIFTY26SEP56800PE
2026-09-03 11:51:57,904 - INFO - Retrieved live premium from Fyers API: LTP=848.9 for NSE:BANKNIFTY26SEP57600CE
2026-09-03 11:51:58,918 - INFO - Retrieved live premium from Fyers API: LTP=386.3 for NSE:BANKNIFTY26SEP57100PE
2026-09-03 11:51:59,179 - INFO - 📊 Saved 22 snapshots for NSE:NIFTYBANK-INDEX  (oi range: 52,470–1,929,450)
2026-09-03 11:51:59,920 - INFO - Retrieved live premium from Fyers API: LTP=327.15 for NSE:BANKNIFTY26SEP56900PE
2026-09-03 11:52:00,291 - INFO - 📡 Fetching NSE:NIFTY50-INDEX @ 23959  expiry=26908  strikes=ATM±5
2026-09-03 11:52:00,916 - INFO - Retrieved live premium from Fyers API: LTP=1027.3 for NSE:BANKNIFTY26SEP57300CE
2026-09-03 11:52:01,947 - INFO - Retrieved live premium from Fyers API: LTP=907.85 for NSE:BANKNIFTY26SEP57500CE
2026-09-03 11:52:02,922 - INFO - Retrieved live premium from Fyers API: LTP=104.95 for NSE:NIFTY2690824000CE
2026-09-03 11:52:03,932 - INFO - Retrieved live premium from Fyers API: LTP=62.25 for NSE:NIFTY2690824100CE
2026-09-03 11:52:04,957 - INFO - Retrieved live premium from Fyers API: LTP=71.5 for NSE:NIFTY2690823900PE
2026-09-03 11:52:05,953 - INFO - Retrieved live premium from Fyers API: LTP=43.0 for NSE:NIFTY2690823800PE
2026-09-03 11:52:06,983 - INFO - Retrieved live premium from Fyers API: LTP=105.2 for NSE:NIFTY2690824000CE
2026-09-03 11:52:07,982 - INFO - Retrieved live premium from Fyers API: LTP=62.25 for NSE:NIFTY2690824100CE
2026-09-03 11:52:08,994 - INFO - Retrieved live premium from Fyers API: LTP=198.3 for NSE:NIFTY2690823850CE
2026-09-03 11:52:09,983 - INFO - Retrieved live premium from Fyers API: LTP=132.45 for NSE:NIFTY2690823950CE
2026-09-03 11:52:10,983 - INFO - Retrieved live premium from Fyers API: LTP=132.65 for NSE:NIFTY2690823950CE
2026-09-03 11:52:11,990 - INFO - Retrieved live premium from Fyers API: LTP=82.05 for NSE:NIFTY2690824050CE
2026-09-03 11:52:12,975 - INFO - Retrieved live premium from Fyers API: LTP=90.0 for NSE:NIFTY2690823950PE
2026-09-03 11:52:14,023 - INFO - Retrieved live premium from Fyers API: LTP=132.5 for NSE:NIFTY2690823950CE
2026-09-03 11:52:15,029 - INFO - Retrieved live premium from Fyers API: LTP=32.6 for NSE:NIFTY2690823750PE
2026-09-03 12:02:20,796 - INFO - Retrieved live premium from Fyers API: LTP=43.6 for NSE:NIFTY2690824150CE
2026-09-03 12:02:21,641 - INFO - Retrieved live premium from Fyers API: LTP=77.1 for NSE:NIFTY2690823900PE
2026-09-03 12:02:22,657 - INFO - Retrieved live premium from Fyers API: LTP=46.85 for NSE:NIFTY2690823800PE
2026-09-03 12:02:23,663 - INFO - Retrieved live premium from Fyers API: LTP=99.35 for NSE:NIFTY2690824000CE
2026-09-03 12:02:24,693 - INFO - Retrieved live premium from Fyers API: LTP=58.45 for NSE:NIFTY2690824100CE
2026-09-03 12:02:25,686 - INFO - Retrieved live premium from Fyers API: LTP=842.65 for NSE:BANKNIFTY26SEP57600CE
2026-09-03 12:02:26,671 - INFO - Retrieved live premium from Fyers API: LTP=732.0 for NSE:BANKNIFTY26SEP57800CE
2026-09-03 12:02:27,675 - INFO - Retrieved live premium from Fyers API: LTP=99.3 for NSE:NIFTY2690824000CE
2026-09-03 12:02:28,689 - INFO - Retrieved live premium from Fyers API: LTP=58.35 for NSE:NIFTY2690824100CE
2026-09-03 12:02:29,703 - INFO - Retrieved live premium from Fyers API: LTP=77.55 for NSE:NIFTY2690823900PE
2026-09-03 12:02:30,716 - INFO - Retrieved live premium from Fyers API: LTP=47.3 for NSE:NIFTY2690823800PE
2026-09-03 12:02:31,733 - INFO - Retrieved live premium from Fyers API: LTP=98.9 for NSE:NIFTY2690824000CE
2026-09-03 12:02:32,732 - INFO - Retrieved live premium from Fyers API: LTP=58.05 for NSE:NIFTY2690824100CE
2026-09-03 12:02:33,721 - INFO - Retrieved live premium from Fyers API: LTP=78.15 for NSE:NIFTY2690823900PE
2026-09-03 12:02:34,731 - INFO - Retrieved live premium from Fyers API: LTP=47.95 for NSE:NIFTY2690823800PE
2026-09-03 12:02:35,155 - INFO - 📊 Saved 22 snapshots for NSE:NIFTY50-INDEX  (oi range: 380,120–17,644,445)
2026-09-03 12:02:35,730 - INFO - Retrieved live premium from Fyers API: LTP=98.0 for NSE:NIFTY2690824000CE
2026-09-03 12:02:36,760 - INFO - Retrieved live premium from Fyers API: LTP=57.8 for NSE:NIFTY2690824100CE
2026-09-03 12:02:37,267 - INFO - 📡 Fetching NSE:NIFTYBANK-INDEX @ 57582  expiry=26SEP  strikes=ATM±5
2026-09-03 12:02:37,764 - INFO - Retrieved live premium from Fyers API: LTP=842.95 for NSE:BANKNIFTY26SEP57600CE
2026-09-03 12:02:38,802 - INFO - Retrieved live premium from Fyers API: LTP=729.1 for NSE:BANKNIFTY26SEP57800CE
2026-09-03 12:02:39,780 - INFO - Retrieved live premium from Fyers API: LTP=785.3 for NSE:BANKNIFTY26SEP57700CE
2026-09-03 12:02:40,818 - INFO - Retrieved live premium from Fyers API: LTP=676.5 for NSE:BANKNIFTY26SEP57900CE
2026-09-03 12:02:42,040 - INFO - Retrieved live premium from Fyers API: LTP=785.0 for NSE:BANKNIFTY26SEP57700CE
2026-09-03 12:12:45,621 - INFO - Retrieved live premium from Fyers API: LTP=679.75 for NSE:BANKNIFTY26SEP57900CE
2026-09-03 12:12:46,295 - INFO - Retrieved live premium from Fyers API: LTP=787.25 for NSE:BANKNIFTY26SEP57700CE
2026-09-03 12:12:47,319 - INFO - Retrieved live premium from Fyers API: LTP=679.75 for NSE:BANKNIFTY26SEP57900CE
2026-09-03 12:12:48,328 - INFO - Retrieved live premium from Fyers API: LTP=73.65 for NSE:NIFTY2690824050CE
2026-09-03 12:12:49,367 - INFO - Retrieved live premium from Fyers API: LTP=41.75 for NSE:NIFTY2690824150CE
2026-09-03 12:12:50,319 - INFO - Retrieved live premium from Fyers API: LTP=104.65 for NSE:NIFTY2690823950PE
2026-09-03 12:12:51,347 - INFO - Retrieved live premium from Fyers API: LTP=65.7 for NSE:NIFTY2690823850PE
2026-09-03 12:12:52,366 - INFO - Retrieved live premium from Fyers API: LTP=73.65 for NSE:NIFTY2690824050CE
2026-09-03 12:12:53,368 - INFO - Retrieved live premium from Fyers API: LTP=41.85 for NSE:NIFTY2690824150CE
2026-09-03 12:12:54,373 - INFO - Retrieved live premium from Fyers API: LTP=129.6 for NSE:NIFTY2690824000PE
2026-09-03 12:12:55,353 - INFO - Retrieved live premium from Fyers API: LTP=95.0 for NSE:NIFTY2690824000CE
2026-09-03 12:12:56,386 - INFO - Retrieved live premium from Fyers API: LTP=51.0 for NSE:NIFTY2690823800PE
2026-09-03 12:12:57,408 - INFO - Retrieved live premium from Fyers API: LTP=30.8 for NSE:NIFTY2690824200CE
2026-09-03 12:12:58,400 - INFO - Retrieved live premium from Fyers API: LTP=104.45 for NSE:NIFTY2690823950PE
2026-09-03 12:12:59,394 - INFO - Retrieved live premium from Fyers API: LTP=65.2 for NSE:NIFTY2690823850PE
2026-09-03 12:13:00,402 - INFO - Retrieved live premium from Fyers API: LTP=73.7 for NSE:NIFTY2690824050CE
2026-09-03 12:13:01,432 - INFO - Retrieved live premium from Fyers API: LTP=41.75 for NSE:NIFTY2690824150CE
2026-09-03 12:13:02,435 - INFO - Retrieved live premium from Fyers API: LTP=561.35 for NSE:BANKNIFTY26SEP57600PE
2026-09-03 12:13:03,441 - INFO - Retrieved live premium from Fyers API: LTP=483.8 for NSE:BANKNIFTY26SEP57400PE
2026-09-03 12:13:04,459 - INFO - Retrieved live premium from Fyers API: LTP=733.65 for NSE:BANKNIFTY26SEP57800CE
2026-09-03 12:13:05,450 - INFO - Retrieved live premium from Fyers API: LTP=628.05 for NSE:BANKNIFTY26SEP58000CE
2026-09-03 12:13:06,709 - INFO - Retrieved live premium from Fyers API: LTP=601.3 for NSE:BANKNIFTY26SEP57700PE
2026-09-03 12:23:11,016 - INFO - Retrieved live premium from Fyers API: LTP=765.0 for NSE:BANKNIFTY26SEP57700CE
2026-09-03 12:23:12,399 - INFO - Retrieved live premium from Fyers API: LTP=472.55 for NSE:BANKNIFTY26SEP57300PE
2026-09-03 12:23:12,544 - INFO - Retrieved live premium from Fyers API: LTP=563.0 for NSE:BANKNIFTY26SEP58100CE
2026-09-03 12:23:12,599 - INFO - 🔴 CF COMBO EXIT (TARGET_R) [IronButterfly_v1.0|5_IronButterfly_v1.0]: NSE:NIFTYBANK-INDEX IRON_BUTTERFLY | PnL +0.56R | 78min
2026-09-03 12:23:13,557 - INFO - Retrieved live premium from Fyers API: LTP=582.55 for NSE:BANKNIFTY26SEP57600PE
2026-09-03 12:23:14,542 - INFO - Retrieved live premium from Fyers API: LTP=504.3 for NSE:BANKNIFTY26SEP57400PE
2026-09-03 12:23:14,935 - INFO - 📊 Saved 22 snapshots for NSE:NIFTYBANK-INDEX  (oi range: 52,470–1,939,050)
2026-09-03 12:23:15,558 - INFO - Retrieved live premium from Fyers API: LTP=712.15 for NSE:BANKNIFTY26SEP57800CE
2026-09-03 12:23:16,027 - INFO - 📡 Fetching NSE:NIFTY50-INDEX @ 23910  expiry=26908  strikes=ATM±5
2026-09-03 12:23:16,567 - INFO - Retrieved live premium from Fyers API: LTP=610.8 for NSE:BANKNIFTY26SEP58000CE
2026-09-03 12:23:17,590 - INFO - Retrieved live premium from Fyers API: LTP=582.2 for NSE:BANKNIFTY26SEP57600PE
2026-09-03 12:23:18,569 - INFO - Retrieved live premium from Fyers API: LTP=502.2 for NSE:BANKNIFTY26SEP57400PE
2026-09-03 12:23:19,578 - INFO - Retrieved live premium from Fyers API: LTP=712.15 for NSE:BANKNIFTY26SEP57800CE
2026-09-03 12:23:20,592 - INFO - Retrieved live premium from Fyers API: LTP=612.3 for NSE:BANKNIFTY26SEP58000CE
2026-09-03 12:23:21,594 - INFO - Retrieved live premium from Fyers API: LTP=621.75 for NSE:BANKNIFTY26SEP57700PE
2026-09-03 12:23:22,602 - INFO - Retrieved live premium from Fyers API: LTP=770.85 for NSE:BANKNIFTY26SEP57700CE
2026-09-03 12:23:23,623 - INFO - Retrieved live premium from Fyers API: LTP=467.85 for NSE:BANKNIFTY26SEP57300PE
2026-09-03 12:23:24,627 - INFO - Retrieved live premium from Fyers API: LTP=565.7 for NSE:BANKNIFTY26SEP58100CE
2026-09-03 12:23:25,651 - INFO - Retrieved live premium from Fyers API: LTP=579.05 for NSE:BANKNIFTY26SEP57600PE
2026-09-03 12:23:26,638 - INFO - Retrieved live premium from Fyers API: LTP=500.3 for NSE:BANKNIFTY26SEP57400PE
2026-09-03 12:23:27,678 - INFO - Retrieved live premium from Fyers API: LTP=717.6 for NSE:BANKNIFTY26SEP57800CE
2026-09-03 12:23:28,666 - INFO - Retrieved live premium from Fyers API: LTP=612.55 for NSE:BANKNIFTY26SEP58000CE
2026-09-03 12:23:29,692 - INFO - Retrieved live premium from Fyers API: LTP=70.3 for NSE:NIFTY2690824050CE
2026-09-03 12:23:30,686 - INFO - Retrieved live premium from Fyers API: LTP=39.9 for NSE:NIFTY2690824150CE
2026-09-03 12:23:31,844 - INFO - Retrieved live premium from Fyers API: LTP=114.05 for NSE:NIFTY2690823950PE
2026-09-03 12:23:32,969 - INFO - Retrieved live premium from Fyers API: LTP=72.65 for NSE:NIFTY2690823850PE
2026-09-03 12:36:12,862 - WARNING - No quotes data available for ['NSE:NIFTY2690824050CE'] (code=-1, message=Network connection failure before HTTP response)
2026-09-03 12:36:12,863 - WARNING - ⚠️ Could not refresh leg NSE:NIFTY2690824050CE: Could not resolve a real premium for NSE:NIFTY2690824050CE (DB warehouse miss/stale AND live quote failed) — using last known premium
2026-09-03 12:36:12,995 - INFO - Retrieved live premium from Fyers API: LTP=39.85 for NSE:NIFTY2690824150CE
2026-09-03 12:36:13,984 - INFO - Retrieved live premium from Fyers API: LTP=141.1 for NSE:NIFTY2690824000PE
2026-09-03 12:36:14,879 - INFO - 📊 Saved 22 snapshots for NSE:NIFTY50-INDEX  (oi range: 125,385–20,126,145)
2026-09-03 12:36:14,987 - INFO - Retrieved live premium from Fyers API: LTP=90.4 for NSE:NIFTY2690824000CE
2026-09-03 12:36:15,996 - INFO - Retrieved live premium from Fyers API: LTP=57.3 for NSE:NIFTY2690823800PE
2026-09-03 12:36:16,986 - INFO - 📡 Fetching NSE:NIFTYBANK-INDEX @ 57520  expiry=26SEP  strikes=ATM±5
2026-09-03 12:36:16,999 - INFO - Retrieved live premium from Fyers API: LTP=29.8 for NSE:NIFTY2690824200CE
2026-09-03 12:36:18,017 - INFO - Retrieved live premium from Fyers API: LTP=115.75 for NSE:NIFTY2690823950PE
2026-09-03 12:36:19,005 - INFO - Retrieved live premium from Fyers API: LTP=73.45 for NSE:NIFTY2690823850PE
2026-09-03 12:36:20,026 - INFO - Retrieved live premium from Fyers API: LTP=69.9 for NSE:NIFTY2690824050CE
2026-09-03 12:36:21,056 - INFO - Retrieved live premium from Fyers API: LTP=39.65 for NSE:NIFTY2690824150CE
2026-09-03 12:36:22,043 - INFO - Retrieved live premium from Fyers API: LTP=584.0 for NSE:BANKNIFTY26SEP57600PE
2026-09-03 12:36:23,058 - INFO - Retrieved live premium from Fyers API: LTP=505.0 for NSE:BANKNIFTY26SEP57400PE
2026-09-03 12:36:24,040 - INFO - Retrieved live premium from Fyers API: LTP=713.5 for NSE:BANKNIFTY26SEP57800CE
2026-09-03 12:36:25,067 - INFO - Retrieved live premium from Fyers API: LTP=610.0 for NSE:BANKNIFTY26SEP58000CE
2026-09-03 12:36:26,081 - INFO - Retrieved live premium from Fyers API: LTP=628.95 for NSE:BANKNIFTY26SEP57700PE
2026-09-03 12:36:27,072 - INFO - Retrieved live premium from Fyers API: LTP=767.0 for NSE:BANKNIFTY26SEP57700CE
2026-09-03 12:36:28,079 - INFO - Retrieved live premium from Fyers API: LTP=472.0 for NSE:BANKNIFTY26SEP57300PE
2026-09-03 12:36:29,080 - INFO - Retrieved live premium from Fyers API: LTP=562.0 for NSE:BANKNIFTY26SEP58100CE
2026-09-03 12:36:30,298 - INFO - Retrieved live premium from Fyers API: LTP=587.7 for NSE:BANKNIFTY26SEP57600PE
2026-09-03 12:36:31,182 - INFO - Retrieved live premium from Fyers API: LTP=510.2 for NSE:BANKNIFTY26SEP57400PE
2026-09-03 12:46:36,973 - INFO - Retrieved live premium from Fyers API: LTP=721.5 for NSE:BANKNIFTY26SEP57800CE
2026-09-03 12:46:37,100 - INFO - Retrieved live premium from Fyers API: LTP=618.15 for NSE:BANKNIFTY26SEP58000CE
2026-09-03 12:46:38,102 - INFO - Retrieved live premium from Fyers API: LTP=71.45 for NSE:NIFTY2690824050CE
2026-09-03 12:46:39,105 - INFO - Retrieved live premium from Fyers API: LTP=40.2 for NSE:NIFTY2690824150CE
2026-09-03 12:46:40,127 - INFO - Retrieved live premium from Fyers API: LTP=111.5 for NSE:NIFTY2690823950PE
2026-09-03 12:46:41,134 - INFO - Retrieved live premium from Fyers API: LTP=70.75 for NSE:NIFTY2690823850PE
2026-09-03 12:46:42,129 - INFO - Retrieved live premium from Fyers API: LTP=71.35 for NSE:NIFTY2690824050CE
2026-09-03 12:46:43,134 - INFO - Retrieved live premium from Fyers API: LTP=39.9 for NSE:NIFTY2690824150CE
2026-09-03 12:46:44,139 - INFO - Retrieved live premium from Fyers API: LTP=138.45 for NSE:NIFTY2690824000PE
2026-09-03 12:46:45,161 - INFO - Retrieved live premium from Fyers API: LTP=91.65 for NSE:NIFTY2690824000CE
2026-09-03 12:46:46,150 - INFO - Retrieved live premium from Fyers API: LTP=56.0 for NSE:NIFTY2690823800PE
2026-09-03 12:46:47,157 - INFO - Retrieved live premium from Fyers API: LTP=29.95 for NSE:NIFTY2690824200CE
2026-09-03 12:46:48,183 - INFO - Retrieved live premium from Fyers API: LTP=112.0 for NSE:NIFTY2690823950PE
2026-09-03 12:46:49,183 - INFO - Retrieved live premium from Fyers API: LTP=70.9 for NSE:NIFTY2690823850PE
2026-09-03 12:46:50,191 - INFO - Retrieved live premium from Fyers API: LTP=71.45 for NSE:NIFTY2690824050CE
2026-09-03 12:46:51,189 - INFO - Retrieved live premium from Fyers API: LTP=40.0 for NSE:NIFTY2690824150CE
2026-09-03 12:46:51,292 - INFO - 📊 Saved 22 snapshots for NSE:NIFTYBANK-INDEX  (oi range: 52,260–1,937,340)
2026-09-03 12:46:52,205 - INFO - Retrieved live premium from Fyers API: LTP=576.3 for NSE:BANKNIFTY26SEP57600PE
2026-09-03 12:46:52,397 - INFO - 📡 Fetching NSE:NIFTY50-INDEX @ 23912  expiry=26908  strikes=ATM±5
2026-09-03 12:46:53,215 - INFO - Retrieved live premium from Fyers API: LTP=499.7 for NSE:BANKNIFTY26SEP57400PE
2026-09-03 12:46:54,229 - INFO - Retrieved live premium from Fyers API: LTP=719.0 for NSE:BANKNIFTY26SEP57800CE
2026-09-03 12:46:55,226 - INFO - Retrieved live premium from Fyers API: LTP=616.0 for NSE:BANKNIFTY26SEP58000CE
2026-09-03 12:46:56,232 - INFO - Retrieved live premium from Fyers API: LTP=71.25 for NSE:NIFTY2690824050CE
2026-09-03 12:46:57,241 - INFO - Retrieved live premium from Fyers API: LTP=39.95 for NSE:NIFTY2690824150CE
2026-09-03 12:46:58,338 - INFO - Retrieved live premium from Fyers API: LTP=112.65 for NSE:NIFTY2690823950PE
2026-09-03 12:57:04,074 - INFO - Retrieved live premium from Fyers API: LTP=70.05 for NSE:NIFTY2690823850PE
2026-09-03 12:57:04,717 - INFO - Retrieved live premium from Fyers API: LTP=70.05 for NSE:NIFTY2690824050CE
2026-09-03 12:57:05,707 - INFO - Retrieved live premium from Fyers API: LTP=39.15 for NSE:NIFTY2690824150CE
2026-09-03 12:57:06,685 - INFO - Retrieved live premium from Fyers API: LTP=137.7 for NSE:NIFTY2690824000PE
2026-09-03 12:57:07,697 - INFO - Retrieved live premium from Fyers API: LTP=90.7 for NSE:NIFTY2690824000CE
2026-09-03 12:57:08,717 - INFO - Retrieved live premium from Fyers API: LTP=55.05 for NSE:NIFTY2690823800PE
2026-09-03 12:57:09,729 - INFO - Retrieved live premium from Fyers API: LTP=29.6 for NSE:NIFTY2690824200CE
2026-09-03 12:57:10,721 - INFO - Retrieved live premium from Fyers API: LTP=111.05 for NSE:NIFTY2690823950PE
2026-09-03 12:57:11,732 - INFO - Retrieved live premium from Fyers API: LTP=69.5 for NSE:NIFTY2690823850PE
2026-09-03 12:57:12,735 - INFO - Retrieved live premium from Fyers API: LTP=71.05 for NSE:NIFTY2690824050CE
2026-09-03 12:57:13,739 - INFO - Retrieved live premium from Fyers API: LTP=39.9 for NSE:NIFTY2690824150CE
2026-09-03 12:57:14,760 - INFO - Retrieved live premium from Fyers API: LTP=596.85 for NSE:BANKNIFTY26SEP57600PE
2026-09-03 12:57:15,757 - INFO - Retrieved live premium from Fyers API: LTP=516.05 for NSE:BANKNIFTY26SEP57400PE
2026-09-03 12:57:16,759 - INFO - Retrieved live premium from Fyers API: LTP=702.35 for NSE:BANKNIFTY26SEP57800CE
2026-09-03 12:57:17,748 - INFO - Retrieved live premium from Fyers API: LTP=599.35 for NSE:BANKNIFTY26SEP58000CE
2026-09-03 12:57:18,737 - INFO - Retrieved live premium from Fyers API: LTP=597.85 for NSE:BANKNIFTY26SEP57600PE
2026-09-03 12:57:19,782 - INFO - Retrieved live premium from Fyers API: LTP=516.05 for NSE:BANKNIFTY26SEP57400PE
2026-09-03 12:57:20,771 - INFO - Retrieved live premium from Fyers API: LTP=700.0 for NSE:BANKNIFTY26SEP57800CE
2026-09-03 12:57:21,779 - INFO - Retrieved live premium from Fyers API: LTP=599.2 for NSE:BANKNIFTY26SEP58000CE
2026-09-03 12:57:22,774 - INFO - Retrieved live premium from Fyers API: LTP=556.35 for NSE:BANKNIFTY26SEP57500PE
2026-09-03 12:57:23,812 - INFO - Retrieved live premium from Fyers API: LTP=482.0 for NSE:BANKNIFTY26SEP57300PE
2026-09-03 12:57:25,029 - INFO - Retrieved live premium from Fyers API: LTP=753.95 for NSE:BANKNIFTY26SEP57700CE
2026-09-03 13:07:27,127 - INFO - Retrieved live premium from Fyers API: LTP=640.8 for NSE:BANKNIFTY26SEP57900CE
2026-09-03 13:07:27,260 - INFO - Retrieved live premium from Fyers API: LTP=604.85 for NSE:BANKNIFTY26SEP57600PE
2026-09-03 13:07:28,299 - INFO - Retrieved live premium from Fyers API: LTP=800.0 for NSE:BANKNIFTY26SEP57600CE
2026-09-03 13:07:28,499 - INFO - 📊 Saved 22 snapshots for NSE:NIFTY50-INDEX  (oi range: 133,835–22,253,010)
2026-09-03 13:07:29,299 - INFO - Retrieved live premium from Fyers API: LTP=451.4 for NSE:BANKNIFTY26SEP57200PE
2026-09-03 13:07:30,315 - INFO - Retrieved live premium from Fyers API: LTP=592.95 for NSE:BANKNIFTY26SEP58000CE
2026-09-03 13:07:30,618 - INFO - 📡 Fetching NSE:NIFTYBANK-INDEX @ 57517  expiry=26SEP  strikes=ATM±5
2026-09-03 13:07:31,306 - INFO - Retrieved live premium from Fyers API: LTP=563.2 for NSE:BANKNIFTY26SEP57500PE
2026-09-03 13:07:32,304 - INFO - Retrieved live premium from Fyers API: LTP=485.95 for NSE:BANKNIFTY26SEP57300PE
2026-09-03 13:07:33,320 - INFO - Retrieved live premium from Fyers API: LTP=743.55 for NSE:BANKNIFTY26SEP57700CE
2026-09-03 13:07:34,331 - INFO - Retrieved live premium from Fyers API: LTP=640.8 for NSE:BANKNIFTY26SEP57900CE
2026-09-03 13:07:35,335 - INFO - Retrieved live premium from Fyers API: LTP=562.55 for NSE:BANKNIFTY26SEP57500PE
2026-09-03 13:07:36,352 - INFO - Retrieved live premium from Fyers API: LTP=485.95 for NSE:BANKNIFTY26SEP57300PE
2026-09-03 13:07:37,344 - INFO - Retrieved live premium from Fyers API: LTP=743.55 for NSE:BANKNIFTY26SEP57700CE
2026-09-03 13:07:38,351 - INFO - Retrieved live premium from Fyers API: LTP=640.8 for NSE:BANKNIFTY26SEP57900CE
2026-09-03 13:07:39,369 - INFO - Retrieved live premium from Fyers API: LTP=605.9 for NSE:BANKNIFTY26SEP57600PE
2026-09-03 13:07:40,365 - INFO - Retrieved live premium from Fyers API: LTP=801.25 for NSE:BANKNIFTY26SEP57600CE
2026-09-03 13:07:41,373 - INFO - Retrieved live premium from Fyers API: LTP=451.4 for NSE:BANKNIFTY26SEP57200PE
2026-09-03 13:07:42,397 - INFO - Retrieved live premium from Fyers API: LTP=594.3 for NSE:BANKNIFTY26SEP58000CE
2026-09-03 13:07:43,388 - INFO - Retrieved live premium from Fyers API: LTP=562.35 for NSE:BANKNIFTY26SEP57500PE
2026-09-03 13:07:44,403 - INFO - Retrieved live premium from Fyers API: LTP=485.95 for NSE:BANKNIFTY26SEP57300PE
2026-09-03 13:07:45,410 - INFO - Retrieved live premium from Fyers API: LTP=745.5 for NSE:BANKNIFTY26SEP57700CE
2026-09-03 13:07:46,417 - INFO - Retrieved live premium from Fyers API: LTP=640.9 for NSE:BANKNIFTY26SEP57900CE
2026-09-03 13:07:47,429 - INFO - Retrieved live premium from Fyers API: LTP=562.4 for NSE:BANKNIFTY26SEP57500PE
2026-09-03 13:07:48,660 - INFO - Retrieved live premium from Fyers API: LTP=485.95 for NSE:BANKNIFTY26SEP57300PE
2026-09-03 13:24:12,852 - WARNING - Depth request failed for NSE:BANKNIFTY26SEP57600PE: {'code': -1, 'message': 'Network connection failure before HTTP response', 's': 'error'}
2026-09-03 13:24:12,853 - WARNING - ⚠️  No depth for NSE:BANKNIFTY26SEP57600PE
2026-09-03 13:24:12,961 - INFO - Retrieved live premium from Fyers API: LTP=746.4 for NSE:BANKNIFTY26SEP57700CE
2026-09-03 13:24:13,830 - INFO - Retrieved live premium from Fyers API: LTP=643.2 for NSE:BANKNIFTY26SEP57900CE
2026-09-03 13:24:14,850 - INFO - Retrieved live premium from Fyers API: LTP=598.55 for NSE:BANKNIFTY26SEP57600PE
2026-09-03 13:24:15,851 - INFO - Retrieved live premium from Fyers API: LTP=803.95 for NSE:BANKNIFTY26SEP57600CE
2026-09-03 13:24:16,877 - INFO - Retrieved live premium from Fyers API: LTP=448.15 for NSE:BANKNIFTY26SEP57200PE
2026-09-03 13:24:17,877 - INFO - Retrieved live premium from Fyers API: LTP=595.4 for NSE:BANKNIFTY26SEP58000CE
2026-09-03 13:24:18,877 - INFO - Retrieved live premium from Fyers API: LTP=557.4 for NSE:BANKNIFTY26SEP57500PE
2026-09-03 13:24:19,890 - INFO - Retrieved live premium from Fyers API: LTP=482.9 for NSE:BANKNIFTY26SEP57300PE
2026-09-03 13:24:20,885 - INFO - Retrieved live premium from Fyers API: LTP=748.6 for NSE:BANKNIFTY26SEP57700CE
2026-09-03 13:24:21,887 - INFO - Retrieved live premium from Fyers API: LTP=644.25 for NSE:BANKNIFTY26SEP57900CE
2026-09-03 13:24:22,898 - INFO - Retrieved live premium from Fyers API: LTP=88.6 for NSE:NIFTY2690824000CE
2026-09-03 13:24:23,921 - INFO - Retrieved live premium from Fyers API: LTP=51.8 for NSE:NIFTY2690824100CE
2026-09-03 13:24:24,604 - INFO - 📊 Saved 21 snapshots for NSE:NIFTYBANK-INDEX  (oi range: 52,350–1,936,260)
2026-09-03 13:24:24,922 - INFO - Retrieved live premium from Fyers API: LTP=87.0 for NSE:NIFTY2690823900PE
2026-09-03 13:24:25,715 - INFO - 📡 Fetching NSE:NIFTY50-INDEX @ 23920  expiry=26908  strikes=ATM±5
2026-09-03 13:24:25,928 - INFO - Retrieved live premium from Fyers API: LTP=52.9 for NSE:NIFTY2690823800PE
2026-09-03 13:24:26,924 - INFO - Retrieved live premium from Fyers API: LTP=88.0 for NSE:NIFTY2690824000CE
2026-09-03 13:24:27,966 - INFO - Retrieved live premium from Fyers API: LTP=51.25 for NSE:NIFTY2690824100CE
2026-09-03 13:24:28,951 - INFO - Retrieved live premium from Fyers API: LTP=87.55 for NSE:NIFTY2690823900PE
2026-09-03 13:24:29,947 - INFO - Retrieved live premium from Fyers API: LTP=53.55 for NSE:NIFTY2690823800PE
2026-09-03 13:24:30,955 - INFO - Retrieved live premium from Fyers API: LTP=87.8 for NSE:NIFTY2690824000CE
2026-09-03 13:24:31,976 - INFO - Retrieved live premium from Fyers API: LTP=51.1 for NSE:NIFTY2690824100CE
2026-09-03 13:24:32,975 - INFO - Retrieved live premium from Fyers API: LTP=566.95 for NSE:BANKNIFTY26SEP57500PE
2026-09-03 13:24:34,140 - INFO - Retrieved live premium from Fyers API: LTP=492.75 for NSE:BANKNIFTY26SEP57300PE
2026-09-03 13:24:35,243 - INFO - Retrieved live premium from Fyers API: LTP=738.0 for NSE:BANKNIFTY26SEP57700CE
2026-09-03 13:24:36,267 - INFO - Retrieved live premium from Fyers API: LTP=634.65 for NSE:BANKNIFTY26SEP57900CE
2026-09-03 13:24:36,994 - INFO - Retrieved live premium from Fyers API: LTP=605.6 for NSE:BANKNIFTY26SEP57600PE
2026-09-03 13:24:38,007 - INFO - Retrieved live premium from Fyers API: LTP=797.95 for NSE:BANKNIFTY26SEP57600CE
2026-09-03 13:24:39,022 - INFO - Retrieved live premium from Fyers API: LTP=455.4 for NSE:BANKNIFTY26SEP57200PE
2026-09-03 13:24:40,022 - INFO - Retrieved live premium from Fyers API: LTP=588.45 for NSE:BANKNIFTY26SEP58000CE
2026-09-03 13:24:41,027 - INFO - Retrieved live premium from Fyers API: LTP=562.6 for NSE:BANKNIFTY26SEP57500PE
2026-09-03 13:24:42,049 - INFO - Retrieved live premium from Fyers API: LTP=488.85 for NSE:BANKNIFTY26SEP57300PE
2026-09-03 13:24:43,039 - INFO - Retrieved live premium from Fyers API: LTP=743.75 for NSE:BANKNIFTY26SEP57700CE
2026-09-03 13:24:44,062 - INFO - Retrieved live premium from Fyers API: LTP=638.65 for NSE:BANKNIFTY26SEP57900CE
2026-09-03 13:24:45,078 - INFO - Retrieved live premium from Fyers API: LTP=563.7 for NSE:BANKNIFTY26SEP57500PE
2026-09-03 13:24:46,080 - INFO - Retrieved live premium from Fyers API: LTP=488.85 for NSE:BANKNIFTY26SEP57300PE
2026-09-03 13:24:47,076 - INFO - Retrieved live premium from Fyers API: LTP=740.4 for NSE:BANKNIFTY26SEP57700CE
2026-09-03 13:24:48,101 - INFO - Retrieved live premium from Fyers API: LTP=638.65 for NSE:BANKNIFTY26SEP57900CE
2026-09-03 13:24:49,109 - INFO - Retrieved live premium from Fyers API: LTP=606.45 for NSE:BANKNIFTY26SEP57600PE
2026-09-03 13:24:50,099 - INFO - Retrieved live premium from Fyers API: LTP=795.45 for NSE:BANKNIFTY26SEP57600CE
2026-09-03 13:24:51,132 - INFO - Retrieved live premium from Fyers API: LTP=452.9 for NSE:BANKNIFTY26SEP57200PE
2026-09-03 13:24:52,122 - INFO - Retrieved live premium from Fyers API: LTP=588.05 for NSE:BANKNIFTY26SEP58000CE
2026-09-03 13:24:53,129 - INFO - Retrieved live premium from Fyers API: LTP=566.0 for NSE:BANKNIFTY26SEP57500PE
2026-09-03 13:26:55,888 - WARNING - No quotes data available for ['NSE:BANKNIFTY26SEP57300PE'] (code=-1, message=Network connection failure before HTTP response)
2026-09-03 13:26:55,888 - WARNING - ⚠️ Could not refresh leg NSE:BANKNIFTY26SEP57300PE: Could not resolve a real premium for NSE:BANKNIFTY26SEP57300PE (DB warehouse miss/stale AND live quote failed) — using last known premium
2026-09-03 13:26:56,861 - INFO - Retrieved live premium from Fyers API: LTP=734.95 for NSE:BANKNIFTY26SEP57700CE
2026-09-03 13:26:57,047 - INFO - Retrieved live premium from Fyers API: LTP=631.4 for NSE:BANKNIFTY26SEP57900CE
2026-09-03 13:26:58,049 - INFO - Retrieved live premium from Fyers API: LTP=85.9 for NSE:NIFTY2690824000CE
2026-09-03 13:26:58,099 - INFO - 📊 Saved 22 snapshots for NSE:NIFTY50-INDEX  (oi range: 137,345–22,816,755)
2026-09-03 13:26:59,041 - INFO - Retrieved live premium from Fyers API: LTP=50.1 for NSE:NIFTY2690824100CE
2026-09-03 13:27:00,061 - INFO - Retrieved live premium from Fyers API: LTP=91.4 for NSE:NIFTY2690823900PE
2026-09-03 13:27:00,201 - INFO - 📡 Fetching NSE:NIFTYBANK-INDEX @ 57509  expiry=26SEP  strikes=ATM±5
2026-09-03 13:27:01,072 - INFO - Retrieved live premium from Fyers API: LTP=54.75 for NSE:NIFTY2690823800PE
2026-09-03 13:27:02,082 - INFO - Retrieved live premium from Fyers API: LTP=86.55 for NSE:NIFTY2690824000CE
2026-09-03 13:37:04,848 - INFO - Retrieved live premium from Fyers API: LTP=52.85 for NSE:NIFTY2690824100CE
2026-09-03 13:37:05,556 - INFO - Retrieved live premium from Fyers API: LTP=102.15 for NSE:NIFTY2690823950PE
2026-09-03 13:37:06,570 - INFO - Retrieved live premium from Fyers API: LTP=116.2 for NSE:NIFTY2690823950CE
2026-09-03 13:37:07,604 - INFO - Retrieved live premium from Fyers API: LTP=37.3 for NSE:NIFTY2690823750PE
2026-09-03 13:37:08,617 - INFO - Retrieved live premium from Fyers API: LTP=38.75 for NSE:NIFTY2690824150CE
2026-09-03 13:37:09,603 - INFO - Retrieved live premium from Fyers API: LTP=81.25 for NSE:NIFTY2690823900PE
2026-09-03 13:37:10,607 - INFO - Retrieved live premium from Fyers API: LTP=49.15 for NSE:NIFTY2690823800PE
2026-09-03 13:37:11,611 - INFO - Retrieved live premium from Fyers API: LTP=90.5 for NSE:NIFTY2690824000CE
2026-09-03 13:37:12,625 - INFO - Retrieved live premium from Fyers API: LTP=52.3 for NSE:NIFTY2690824100CE
2026-09-03 13:37:13,607 - INFO - Retrieved live premium from Fyers API: LTP=534.9 for NSE:BANKNIFTY26SEP57500PE
2026-09-03 13:37:14,640 - INFO - Retrieved live premium from Fyers API: LTP=462.4 for NSE:BANKNIFTY26SEP57300PE
2026-09-03 13:37:15,625 - INFO - Retrieved live premium from Fyers API: LTP=763.65 for NSE:BANKNIFTY26SEP57700CE
2026-09-03 13:37:16,652 - INFO - Retrieved live premium from Fyers API: LTP=652.95 for NSE:BANKNIFTY26SEP57900CE
2026-09-03 13:37:17,652 - INFO - Retrieved live premium from Fyers API: LTP=574.65 for NSE:BANKNIFTY26SEP57600PE
2026-09-03 13:37:18,664 - INFO - Retrieved live premium from Fyers API: LTP=819.8 for NSE:BANKNIFTY26SEP57600CE
2026-09-03 13:37:19,689 - INFO - Retrieved live premium from Fyers API: LTP=429.15 for NSE:BANKNIFTY26SEP57200PE
2026-09-03 13:37:20,691 - INFO - Retrieved live premium from Fyers API: LTP=607.45 for NSE:BANKNIFTY26SEP58000CE
2026-09-03 13:37:21,685 - INFO - Retrieved live premium from Fyers API: LTP=533.0 for NSE:BANKNIFTY26SEP57500PE
2026-09-03 13:37:22,670 - INFO - Retrieved live premium from Fyers API: LTP=462.25 for NSE:BANKNIFTY26SEP57300PE
2026-09-03 13:37:23,692 - INFO - Retrieved live premium from Fyers API: LTP=763.55 for NSE:BANKNIFTY26SEP57700CE
2026-09-03 13:37:24,709 - INFO - Retrieved live premium from Fyers API: LTP=657.7 for NSE:BANKNIFTY26SEP57900CE
2026-09-03 13:37:26,007 - INFO - Retrieved live premium from Fyers API: LTP=533.0 for NSE:BANKNIFTY26SEP57500PE
2026-09-03 13:37:26,874 - INFO - Retrieved live premium from Fyers API: LTP=462.25 for NSE:BANKNIFTY26SEP57300PE
2026-09-03 13:47:32,287 - INFO - Retrieved live premium from Fyers API: LTP=758.35 for NSE:BANKNIFTY26SEP57700CE
2026-09-03 13:47:33,017 - INFO - Retrieved live premium from Fyers API: LTP=651.65 for NSE:BANKNIFTY26SEP57900CE
2026-09-03 13:47:34,022 - INFO - Retrieved live premium from Fyers API: LTP=583.0 for NSE:BANKNIFTY26SEP57600PE
2026-09-03 13:47:35,037 - INFO - Retrieved live premium from Fyers API: LTP=813.1 for NSE:BANKNIFTY26SEP57600CE
2026-09-03 13:47:36,035 - INFO - Retrieved live premium from Fyers API: LTP=435.35 for NSE:BANKNIFTY26SEP57200PE
2026-09-03 13:47:36,137 - INFO - 📊 Saved 22 snapshots for NSE:NIFTYBANK-INDEX  (oi range: 51,750–1,937,280)
2026-09-03 13:47:37,060 - INFO - Retrieved live premium from Fyers API: LTP=600.0 for NSE:BANKNIFTY26SEP58000CE
2026-09-03 13:47:37,253 - INFO - 📡 Fetching NSE:NIFTY50-INDEX @ 23900  expiry=26908  strikes=ATM±5
2026-09-03 13:47:38,047 - INFO - Retrieved live premium from Fyers API: LTP=544.45 for NSE:BANKNIFTY26SEP57500PE
2026-09-03 13:47:39,058 - INFO - Retrieved live premium from Fyers API: LTP=465.95 for NSE:BANKNIFTY26SEP57300PE
2026-09-03 13:47:40,061 - INFO - Retrieved live premium from Fyers API: LTP=757.0 for NSE:BANKNIFTY26SEP57700CE
2026-09-03 13:47:41,063 - INFO - Retrieved live premium from Fyers API: LTP=648.4 for NSE:BANKNIFTY26SEP57900CE
2026-09-03 13:47:42,810 - WARNING - ⚡ [OI_Scalping_v1.0] errors: ['INSUFFICIENT_OI_DATA'] (0.0ms)
2026-09-03 13:47:42,822 - INFO - Resolved active expiry from DB: 26908 (2026-09-08)
2026-09-03 13:47:42,822 - INFO - 👻 [VWAP_Reversion_1.5ATR_RVOL1.0] CF REVERSION NSE:NIFTY50-INDEX BUY CALL | Rejected: ['LOW_RVOL', 'LOW_EFFICIENCY', 'LOW_RR']
2026-09-03 13:47:42,822 - INFO - 📊 EXECUTION AUDIT [SIGNAL_GENERATED]: trade_id=None, candidate_id=cand_NSE_NIFTY50_INDEX_VWAPREV_23948.90_20260903_112238_VWAP_Reversion_1.5ATR_RVOL1.0, payload={'symbol': 'NSE:NIFTY50-INDEX', 'signal': 'BUY CALL', 'strategy': 'REVERSION', 'price': 23948.9, 'stop_loss': 23917.749, 'take_profit': 23980.074096325225, 'tp1': 23995.626500000006, 'rr_ratio': 1.0, 'timestamp': '2026-09-03T11:22:38.559029+05:30', 'accepted': False, 'rejection_reasons': ['LOW_RVOL', 'LOW_EFFICIENCY', 'LOW_RR'], 'features': {'atr': 17.34, 'ema20': 23959.59, 'ema50': 23939.21, 'move_efficiency': 0.3388, 'move_efficiency_h1': 0.0422, 'wickiness': 0.3992, 'ema_bullish': True, 'rsi14': 29.32, 'rsi2': 92.83, 'distance_to_vwap': -0.0013, 'atr_percentile': 0.6203, 'dist_prev_high': 0.0014, 'dist_prev_low': 0.0068, 'adx': 28.32, 'adx_slope': -2.175, 'gap_pct': 0.0035, 'regime_primary': 'STRONG_TREND_UP', 'regime_vol_state': 'NORMAL', 'market_regime': 'STRONG_TREND_UP_NORMAL'}, 'candidate_id': 'cand_NSE_NIFTY50_INDEX_VWAPREV_23948.90_20260903_112238_VWAP_Reversion_1.5ATR_RVOL1.0', 'confidence': 0.5, 'diagnostics': {'distance_to_vwap': -0.0013, 'abs_distance': 31.17, 'vwap_price': 23980.07, 'stretch_threshold': 26.01, 'rvol': 0.55, 'atr': 17.34, 'atr_percentile': 0.62, 'move_efficiency': 0.339}, 'experiment_name': 'VWAP_Reversion_1.5ATR_RVOL1.0', 'strategy_id': 'vwap_reversion', 'version': 'v1.0'}
2026-09-03 13:47:42,842 - INFO - Resolved active expiry from DB: 26908 (2026-09-08)
2026-09-03 13:47:42,946 - INFO - Retrieved live premium from Fyers API: LTP=107.1 for NSE:NIFTY2690823950CE
2026-09-03 13:47:42,947 - INFO - Resolved index signal into option contract: OptionContract(symbol='NSE:NIFTY2690823950CE', strike=23950.0, expiry='26908', option_type='CE', premium=107.1, delta=0.5, bid=107.0, ask=107.25, volume=87769955, resolved_at=datetime.datetime(2026, 9, 3, 13, 47, 42, 947444))
2026-09-03 13:47:42,947 - INFO - ⚡ Option strike selection resolved index signal to contract NSE:NIFTY2690823950CE @ premium 107.1 (type: CE, strike: 23950.0)
2026-09-03 13:47:42,947 - INFO - 📊 EXECUTION AUDIT [STRIKE_SELECTED]: trade_id=None, candidate_id=cand_NSE_NIFTY50_INDEX_VWAPREV_23948.90_20260903_112238_VWAP_Reversion_1.5ATR_RVOL1.0, payload={'symbol': 'NSE:NIFTY2690823950CE', 'strike': 23950.0, 'expiry': '26908', 'type': 'CE'}
2026-09-03 13:47:42,964 - INFO - 📊 EXECUTION AUDIT [PREMIUM_RETRIEVED]: trade_id=None, candidate_id=cand_NSE_NIFTY50_INDEX_VWAPREV_23948.90_20260903_112238_VWAP_Reversion_1.5ATR_RVOL1.0, payload={'premium': 107.1, 'bid': 107.0, 'ask': 107.25}
2026-09-03 13:47:42,979 - INFO - 📊 EXECUTION AUDIT [CF_SUBMITTED]: trade_id=None, candidate_id=cand_NSE_NIFTY50_INDEX_VWAPREV_23948.90_20260903_112238_VWAP_Reversion_1.5ATR_RVOL1.0, payload={'price': 23948.9, 'sl': 23917.749, 'tp': 23980.074096325225}
2026-09-03 13:47:42,992 - INFO - 📊 EXECUTION AUDIT [CF_FILLED]: trade_id=None, candidate_id=cand_NSE_NIFTY50_INDEX_VWAPREV_23948.90_20260903_112238_VWAP_Reversion_1.5ATR_RVOL1.0, payload={'price': 23948.9, 'sl': 23917.749, 'tp': 23980.074096325225}
2026-09-03 13:47:43,006 - INFO - 💰 Position size [REVERSION|STRONG_TREND_UP_NORMAL|conf=0]: frac=0.004 → ₹5,000 (risk/unit=0.13%)
2026-09-03 13:47:43,036 - INFO - 🟢 ENTRY [CF|VWAP_Reversion_1.5ATR_RVOL1.0|rsion_1.5ATR_RVOL1.0]: NSE:NIFTY50-INDEX BUY CALL @ 23948.90 | SL: 23917.75 TP: 23980.07
2026-09-03 13:47:43,036 - INFO - 🧭 [CreditSpread_v1.0_PCRFade] Regime router: NSE:NIFTY50-INDEX combo blocked from REAL capital (regime=STRONG_TREND_UP_NORMAL) — routed to CF
2026-09-03 13:47:43,052 - INFO - Resolved active expiry from DB: 26908 (2026-09-08)
2026-09-03 13:47:43,944 - INFO - Retrieved live premium from Fyers API: LTP=83.85 for NSE:NIFTY2690824000CE
2026-09-03 13:47:44,954 - INFO - Retrieved live premium from Fyers API: LTP=48.9 for NSE:NIFTY2690824100CE
2026-09-03 13:47:44,954 - INFO - Resolved BEAR_CALL_SPREAD for NSE:NIFTY50-INDEX: [('CE', 'SELL', 24000.0), ('CE', 'BUY', 24100.0)] net_premium=-34.80 max_loss=65.20
2026-09-03 13:47:45,008 - INFO - 🟢 CF COMBO ENTRY [CreditSpread_v1.0_PCRFade|tSpread_v1.0_PCRFade]: NSE:NIFTY50-INDEX BEAR_CALL_SPREAD | Net premium: -34.80 | Max loss: 65.20
2026-09-03 13:47:45,009 - INFO - 🧭 [IronCondor_v1.0] Regime router: NSE:NIFTY50-INDEX combo blocked from REAL capital (regime=STRONG_TREND_UP_NORMAL) — routed to CF
2026-09-03 13:47:45,028 - INFO - Resolved active expiry from DB: 26908 (2026-09-08)
2026-09-03 13:47:45,965 - INFO - Retrieved live premium from Fyers API: LTP=92.7 for NSE:NIFTY2690823900PE
2026-09-03 13:47:46,959 - INFO - Retrieved live premium from Fyers API: LTP=56.85 for NSE:NIFTY2690823800PE
2026-09-03 13:47:47,973 - INFO - Retrieved live premium from Fyers API: LTP=82.75 for NSE:NIFTY2690824000CE
2026-09-03 13:47:48,988 - INFO - Retrieved live premium from Fyers API: LTP=48.45 for NSE:NIFTY2690824100CE
2026-09-03 13:47:48,988 - INFO - Resolved IRON_CONDOR for NSE:NIFTY50-INDEX: [('PE', 'SELL', 23900.0), ('PE', 'BUY', 23800.0), ('CE', 'SELL', 24000.0), ('CE', 'BUY', 24100.0)] net_premium=-70.00 max_loss=30.00
2026-09-03 13:47:49,043 - INFO - 🟢 CF COMBO ENTRY [IronCondor_v1.0|2238_IronCondor_v1.0]: NSE:NIFTY50-INDEX IRON_CONDOR | Net premium: -70.00 | Max loss: 30.00
2026-09-03 13:47:49,043 - INFO - 🧭 [IronButterfly_v1.0] Regime router: NSE:NIFTY50-INDEX combo blocked from REAL capital (regime=STRONG_TREND_UP_NORMAL) — routed to CF
2026-09-03 13:47:49,064 - INFO - Resolved active expiry from DB: 26908 (2026-09-08)
2026-09-03 13:47:49,996 - INFO - Retrieved live premium from Fyers API: LTP=116.85 for NSE:NIFTY2690823950PE
2026-09-03 13:47:51,003 - INFO - Retrieved live premium from Fyers API: LTP=105.25 for NSE:NIFTY2690823950CE
2026-09-03 13:47:52,016 - INFO - Retrieved live premium from Fyers API: LTP=44.25 for NSE:NIFTY2690823750PE
2026-09-03 13:47:53,192 - INFO - Retrieved live premium from Fyers API: LTP=35.65 for NSE:NIFTY2690824150CE
2026-09-03 13:47:53,193 - INFO - Resolved IRON_BUTTERFLY for NSE:NIFTY50-INDEX: [('PE', 'SELL', 23950.0), ('CE', 'SELL', 23950.0), ('PE', 'BUY', 23750.0), ('CE', 'BUY', 24150.0)] net_premium=-142.25 max_loss=57.75
2026-09-03 13:47:53,247 - INFO - 🟢 CF COMBO ENTRY [IronButterfly_v1.0|8_IronButterfly_v1.0]: NSE:NIFTY50-INDEX IRON_BUTTERFLY | Net premium: -142.25 | Max loss: 57.75
2026-09-03 13:47:53,247 - WARNING - ⚡ [OI_Scalping_v1.0] errors: ['INSUFFICIENT_OI_DATA']
2026-09-03 13:47:53,248 - INFO - 🧭 [ExpiryAwareTheta_v1.0] Regime router: NSE:NIFTY50-INDEX combo blocked from REAL capital (regime=STRONG_TREND_UP_NORMAL) — routed to CF
2026-09-03 13:47:53,268 - INFO - Resolved active expiry from DB: 26908 (2026-09-08)
2026-09-03 13:57:59,878 - INFO - Retrieved live premium from Fyers API: LTP=83.5 for NSE:NIFTY2690823900PE
2026-09-03 13:58:00,198 - INFO - Retrieved live premium from Fyers API: LTP=50.4 for NSE:NIFTY2690823800PE
2026-09-03 13:58:01,068 - INFO - Retrieved live premium from Fyers API: LTP=89.15 for NSE:NIFTY2690824000CE
2026-09-03 13:58:02,048 - INFO - Retrieved live premium from Fyers API: LTP=51.95 for NSE:NIFTY2690824100CE
2026-09-03 13:58:02,049 - INFO - Resolved IRON_CONDOR for NSE:NIFTY50-INDEX: [('PE', 'SELL', 23900.0), ('PE', 'BUY', 23800.0), ('CE', 'SELL', 24000.0), ('CE', 'BUY', 24100.0)] net_premium=-70.25 max_loss=29.75
2026-09-03 13:58:02,104 - INFO - 🟢 CF COMBO ENTRY [ExpiryAwareTheta_v1.0|xpiryAwareTheta_v1.0]: NSE:NIFTY50-INDEX IRON_CONDOR | Net premium: -70.25 | Max loss: 29.75
2026-09-03 13:58:03,844 - WARNING - ⚡ [OI_Scalping_v1.0] errors: ['INSUFFICIENT_OI_DATA'] (0.0ms)
2026-09-03 13:58:03,856 - INFO - Resolved active expiry from DB: 26SEP (2026-09-29)
2026-09-03 13:58:03,857 - INFO - 🚀 SIGNAL: NSE:NIFTYBANK-INDEX BUY CALL | [Structural_v3.2_RVOL1.0]
2026-09-03 13:58:03,857 - INFO -    Entry: 57567.0 | SL: 57487.65 | TP: 57852.75 (RR: 3.6)
2026-09-03 13:58:03,857 - INFO - 📊 EXECUTION AUDIT [SIGNAL_GENERATED]: trade_id=trade_NSE_NIFTYBANK_INDEX_Structural_v3.2_RVOL1.0_1788414758, candidate_id=cand_NSE_NIFTYBANK_INDEX_TRAP_57553.05_20260903_111500_Structural_v3.2_RVOL1.0, payload={'symbol': 'NSE:NIFTYBANK-INDEX', 'signal': 'BUY CALL', 'strategy': 'TRAP', 'price': 57567.0, 'stop_loss': 57487.65, 'take_profit': 57852.75, 'tp1': 57686.024999999994, 'rr_ratio': 3.6, 'timestamp': '2026-09-03T11:15:00+05:30', 'accepted': True, 'rejection_reasons': [], 'features': {'date': '2026-09-03', 'strategy_name': 'Structural_v3', 'strategy_version': 'v3.2', 'feature_version': 'v1.1', 'market_regime': 'GAP_UP_NORMAL', 'day_type': 'NORMAL_DAY', 'session_type': 'MID', 'daily_bias': 'NEUTRAL', 'hourly_bias': 'NEUTRAL', 'trend_strength': 0.0, 'rvol': 1.21, 'rvol_threshold': 1.0, 'atr': 57.15, 'distance_from_supply': 437.23, 'distance_from_demand': 743.8, 'nearest_supply_strength': 83.6, 'nearest_demand_strength': 68.6, 'distance_to_liquidity_pool': 743.8000000000029, 'liquidity_score': 12.1, 'indicator_snapshot': {'rvol_tod': 1.21, 'is_compressed': False, 'bos_count': 0}, 'move_efficiency': 0.1522, 'wickiness': 0.3419, 'fft_score': 1.0, 'setup_type': 'TRAP', 'candidate_id': 'cand_NSE_NIFTYBANK_INDEX_TRAP_57553.05_20260903_111500', 'ema20': 57557.25, 'ema50': 57424.82, 'move_efficiency_h1': 0.0558, 'ema_bullish': True, 'rsi14': 38.59, 'rsi2': 50.0, 'distance_to_vwap': -0.0011, 'atr_percentile': 0.5992, 'dist_prev_high': 0.006, 'dist_prev_low': 0.0131, 'adx': 30.97, 'adx_slope': -7.1814, 'gap_pct': 0.0057, 'regime_primary': 'GAP_UP', 'regime_vol_state': 'NORMAL'}, 'candidate_id': 'cand_NSE_NIFTYBANK_INDEX_TRAP_57553.05_20260903_111500_Structural_v3.2_RVOL1.0', 'experiment_name': 'Structural_v3.2_RVOL1.0', 'strategy_id': 'structural', 'version': 'v3.2'}
2026-09-03 13:58:03,878 - INFO - Resolved active expiry from DB: 26SEP (2026-09-29)
2026-09-03 13:58:04,012 - INFO - Retrieved live premium from Fyers API: LTP=823.2 for NSE:BANKNIFTY26SEP57600CE
2026-09-03 13:58:04,012 - INFO - Resolved index signal into option contract: OptionContract(symbol='NSE:BANKNIFTY26SEP57600CE', strike=57600.0, expiry='26SEP', option_type='CE', premium=823.2, delta=0.5, bid=823.75, ask=825.9, volume=1277370, resolved_at=datetime.datetime(2026, 9, 3, 13, 58, 4, 12876))
2026-09-03 13:58:04,013 - INFO - ⚡ Option strike selection resolved index signal to contract NSE:BANKNIFTY26SEP57600CE @ premium 823.2 (type: CE, strike: 57600.0)
2026-09-03 13:58:04,013 - INFO - 📊 EXECUTION AUDIT [STRIKE_SELECTED]: trade_id=trade_NSE_NIFTYBANK_INDEX_Structural_v3.2_RVOL1.0_1788414758, candidate_id=cand_NSE_NIFTYBANK_INDEX_TRAP_57553.05_20260903_111500_Structural_v3.2_RVOL1.0, payload={'symbol': 'NSE:BANKNIFTY26SEP57600CE', 'strike': 57600.0, 'expiry': '26SEP', 'type': 'CE'}
2026-09-03 13:58:04,031 - INFO - 📊 EXECUTION AUDIT [PREMIUM_RETRIEVED]: trade_id=trade_NSE_NIFTYBANK_INDEX_Structural_v3.2_RVOL1.0_1788414758, candidate_id=cand_NSE_NIFTYBANK_INDEX_TRAP_57553.05_20260903_111500_Structural_v3.2_RVOL1.0, payload={'premium': 823.2, 'bid': 823.75, 'ask': 825.9}
2026-09-03 13:58:04,047 - INFO - 📊 EXECUTION AUDIT [ORDER_SUBMITTED]: trade_id=trade_NSE_NIFTYBANK_INDEX_Structural_v3.2_RVOL1.0_1788414758, candidate_id=cand_NSE_NIFTYBANK_INDEX_TRAP_57553.05_20260903_111500_Structural_v3.2_RVOL1.0, payload={'price': 57567.0, 'sl': 57487.65, 'tp': 57852.75}
2026-09-03 13:58:04,062 - INFO - 📊 EXECUTION AUDIT [ORDER_FILLED]: trade_id=trade_NSE_NIFTYBANK_INDEX_Structural_v3.2_RVOL1.0_1788414758, candidate_id=cand_NSE_NIFTYBANK_INDEX_TRAP_57553.05_20260903_111500_Structural_v3.2_RVOL1.0, payload={'price': 57567.0, 'sl': 57487.65, 'tp': 57852.75}
2026-09-03 13:58:04,076 - INFO - 💰 Position size [TRAP|GAP_UP_NORMAL|conf=70]: frac=0.003 → ₹5,000 (risk/unit=0.14%)
2026-09-03 13:58:04,109 - INFO - 🟢 ENTRY [Structural_v3.2_RVOL1.0|OL1.0_1788414758]: NSE:NIFTYBANK-INDEX BUY CALL @ 57567.00 | SL: 57487.65 TP: 57852.75
2026-09-03 13:58:04,109 - INFO - 🚀 SIGNAL: NSE:NIFTYBANK-INDEX BUY CALL | [Structural_v3.2_RVOL0.8]
2026-09-03 13:58:04,109 - INFO -    Entry: 57567.0 | SL: 57487.65 | TP: 57852.75 (RR: 3.6)
2026-09-03 13:58:04,109 - INFO - 📊 EXECUTION AUDIT [SIGNAL_GENERATED]: trade_id=trade_NSE_NIFTYBANK_INDEX_Structural_v3.2_RVOL0.8_1788414758, candidate_id=cand_NSE_NIFTYBANK_INDEX_TRAP_57553.05_20260903_111500_Structural_v3.2_RVOL0.8, payload={'symbol': 'NSE:NIFTYBANK-INDEX', 'signal': 'BUY CALL', 'strategy': 'TRAP', 'price': 57567.0, 'stop_loss': 57487.65, 'take_profit': 57852.75, 'tp1': 57686.024999999994, 'rr_ratio': 3.6, 'timestamp': '2026-09-03T11:15:00+05:30', 'accepted': True, 'rejection_reasons': [], 'features': {'date': '2026-09-03', 'strategy_name': 'Structural_v3', 'strategy_version': 'v3.2', 'feature_version': 'v1.1', 'market_regime': 'GAP_UP_NORMAL', 'day_type': 'NORMAL_DAY', 'session_type': 'MID', 'daily_bias': 'NEUTRAL', 'hourly_bias': 'NEUTRAL', 'trend_strength': 0.0, 'rvol': 1.21, 'rvol_threshold': 0.8, 'atr': 57.15, 'distance_from_supply': 437.23, 'distance_from_demand': 743.8, 'nearest_supply_strength': 83.6, 'nearest_demand_strength': 68.6, 'distance_to_liquidity_pool': 743.8000000000029, 'liquidity_score': 12.1, 'indicator_snapshot': {'rvol_tod': 1.21, 'is_compressed': False, 'bos_count': 0}, 'move_efficiency': 0.1522, 'wickiness': 0.3419, 'fft_score': 1.0, 'setup_type': 'TRAP', 'candidate_id': 'cand_NSE_NIFTYBANK_INDEX_TRAP_57553.05_20260903_111500', 'ema20': 57557.25, 'ema50': 57424.82, 'move_efficiency_h1': 0.0558, 'ema_bullish': True, 'rsi14': 38.59, 'rsi2': 50.0, 'distance_to_vwap': -0.0011, 'atr_percentile': 0.5992, 'dist_prev_high': 0.006, 'dist_prev_low': 0.0131, 'adx': 30.97, 'adx_slope': -7.1814, 'gap_pct': 0.0057, 'regime_primary': 'GAP_UP', 'regime_vol_state': 'NORMAL'}, 'candidate_id': 'cand_NSE_NIFTYBANK_INDEX_TRAP_57553.05_20260903_111500_Structural_v3.2_RVOL0.8', 'experiment_name': 'Structural_v3.2_RVOL0.8', 'strategy_id': 'structural', 'version': 'v3.2'}
2026-09-03 13:58:04,137 - INFO - Resolved active expiry from DB: 26SEP (2026-09-29)
2026-09-03 13:58:05,016 - INFO - Retrieved live premium from Fyers API: LTP=823.2 for NSE:BANKNIFTY26SEP57600CE
2026-09-03 13:58:05,016 - INFO - Resolved index signal into option contract: OptionContract(symbol='NSE:BANKNIFTY26SEP57600CE', strike=57600.0, expiry='26SEP', option_type='CE', premium=823.2, delta=0.5, bid=823.6, ask=825.9, volume=1277370, resolved_at=datetime.datetime(2026, 9, 3, 13, 58, 5, 16934))
2026-09-03 13:58:05,017 - INFO - ⚡ Option strike selection resolved index signal to contract NSE:BANKNIFTY26SEP57600CE @ premium 823.2 (type: CE, strike: 57600.0)
2026-09-03 13:58:05,017 - INFO - 📊 EXECUTION AUDIT [STRIKE_SELECTED]: trade_id=trade_NSE_NIFTYBANK_INDEX_Structural_v3.2_RVOL0.8_1788414758, candidate_id=cand_NSE_NIFTYBANK_INDEX_TRAP_57553.05_20260903_111500_Structural_v3.2_RVOL0.8, payload={'symbol': 'NSE:BANKNIFTY26SEP57600CE', 'strike': 57600.0, 'expiry': '26SEP', 'type': 'CE'}
2026-09-03 13:58:05,051 - INFO - 📊 EXECUTION AUDIT [PREMIUM_RETRIEVED]: trade_id=trade_NSE_NIFTYBANK_INDEX_Structural_v3.2_RVOL0.8_1788414758, candidate_id=cand_NSE_NIFTYBANK_INDEX_TRAP_57553.05_20260903_111500_Structural_v3.2_RVOL0.8, payload={'premium': 823.2, 'bid': 823.6, 'ask': 825.9}
2026-09-03 13:58:05,073 - INFO - 📊 EXECUTION AUDIT [ORDER_SUBMITTED]: trade_id=trade_NSE_NIFTYBANK_INDEX_Structural_v3.2_RVOL0.8_1788414758, candidate_id=cand_NSE_NIFTYBANK_INDEX_TRAP_57553.05_20260903_111500_Structural_v3.2_RVOL0.8, payload={'price': 57567.0, 'sl': 57487.65, 'tp': 57852.75}
2026-09-03 13:58:05,110 - INFO - 📊 EXECUTION AUDIT [ORDER_FILLED]: trade_id=trade_NSE_NIFTYBANK_INDEX_Structural_v3.2_RVOL0.8_1788414758, candidate_id=cand_NSE_NIFTYBANK_INDEX_TRAP_57553.05_20260903_111500_Structural_v3.2_RVOL0.8, payload={'price': 57567.0, 'sl': 57487.65, 'tp': 57852.75}
2026-09-03 13:58:05,128 - INFO - 💰 Position size [TRAP|GAP_UP_NORMAL|conf=70]: frac=0.003 → ₹5,000 (risk/unit=0.14%)
2026-09-03 13:58:05,181 - INFO - 🟢 ENTRY [Structural_v3.2_RVOL0.8|OL0.8_1788414758]: NSE:NIFTYBANK-INDEX BUY CALL @ 57567.00 | SL: 57487.65 TP: 57852.75
2026-09-03 13:58:05,181 - INFO - 🧭 [Structural_v3.3_ExitMgmt] Regime router: NSE:NIFTYBANK-INDEX blocked from REAL capital (regime=GAP_UP_NORMAL) — routed to CF
2026-09-03 13:58:05,181 - INFO - 👻 [Structural_v3.3_ExitMgmt] CF TRAP NSE:NIFTYBANK-INDEX BUY CALL | Rejected: ['REGIME_MISMATCH']
2026-09-03 13:58:05,182 - INFO - 📊 EXECUTION AUDIT [SIGNAL_GENERATED]: trade_id=None, candidate_id=cand_NSE_NIFTYBANK_INDEX_TRAP_57553.05_20260903_111500_Structural_v3.3_ExitMgmt, payload={'symbol': 'NSE:NIFTYBANK-INDEX', 'signal': 'BUY CALL', 'strategy': 'TRAP', 'price': 57567.0, 'stop_loss': 57487.65, 'take_profit': 57852.75, 'tp1': 57686.024999999994, 'rr_ratio': 3.6, 'timestamp': '2026-09-03T11:15:00+05:30', 'accepted': True, 'rejection_reasons': ['REGIME_MISMATCH'], 'features': {'date': '2026-09-03', 'strategy_name': 'Structural_v3', 'strategy_version': 'v3.2', 'feature_version': 'v1.1', 'market_regime': 'GAP_UP_NORMAL', 'day_type': 'NORMAL_DAY', 'session_type': 'MID', 'daily_bias': 'NEUTRAL', 'hourly_bias': 'NEUTRAL', 'trend_strength': 0.0, 'rvol': 1.21, 'rvol_threshold': 1.0, 'atr': 57.15, 'distance_from_supply': 437.23, 'distance_from_demand': 743.8, 'nearest_supply_strength': 83.6, 'nearest_demand_strength': 68.6, 'distance_to_liquidity_pool': 743.8000000000029, 'liquidity_score': 12.1, 'indicator_snapshot': {'rvol_tod': 1.21, 'is_compressed': False, 'bos_count': 0}, 'move_efficiency': 0.1522, 'wickiness': 0.3419, 'fft_score': 1.0, 'setup_type': 'TRAP', 'candidate_id': 'cand_NSE_NIFTYBANK_INDEX_TRAP_57553.05_20260903_111500', 'ema20': 57557.25, 'ema50': 57424.82, 'move_efficiency_h1': 0.0558, 'ema_bullish': True, 'rsi14': 38.59, 'rsi2': 50.0, 'distance_to_vwap': -0.0011, 'atr_percentile': 0.5992, 'dist_prev_high': 0.006, 'dist_prev_low': 0.0131, 'adx': 30.97, 'adx_slope': -7.1814, 'gap_pct': 0.0057, 'regime_primary': 'GAP_UP', 'regime_vol_state': 'NORMAL'}, 'candidate_id': 'cand_NSE_NIFTYBANK_INDEX_TRAP_57553.05_20260903_111500_Structural_v3.3_ExitMgmt', 'experiment_name': 'Structural_v3.3_ExitMgmt', 'strategy_id': 'structural', 'version': 'v3.2', 'regime_at_decision': 'GAP_UP_NORMAL'}
2026-09-03 13:58:05,215 - INFO - Resolved active expiry from DB: 26SEP (2026-09-29)
2026-09-03 13:58:06,016 - INFO - Retrieved live premium from Fyers API: LTP=823.2 for NSE:BANKNIFTY26SEP57600CE
2026-09-03 13:58:06,017 - INFO - Resolved index signal into option contract: OptionContract(symbol='NSE:BANKNIFTY26SEP57600CE', strike=57600.0, expiry='26SEP', option_type='CE', premium=823.2, delta=0.5, bid=822.9, ask=825.3, volume=1277370, resolved_at=datetime.datetime(2026, 9, 3, 13, 58, 6, 17050))
2026-09-03 13:58:06,017 - INFO - ⚡ Option strike selection resolved index signal to contract NSE:BANKNIFTY26SEP57600CE @ premium 823.2 (type: CE, strike: 57600.0)
2026-09-03 13:58:06,017 - INFO - 📊 EXECUTION AUDIT [STRIKE_SELECTED]: trade_id=None, candidate_id=cand_NSE_NIFTYBANK_INDEX_TRAP_57553.05_20260903_111500_Structural_v3.3_ExitMgmt, payload={'symbol': 'NSE:BANKNIFTY26SEP57600CE', 'strike': 57600.0, 'expiry': '26SEP', 'type': 'CE'}
2026-09-03 13:58:06,051 - INFO - 📊 EXECUTION AUDIT [PREMIUM_RETRIEVED]: trade_id=None, candidate_id=cand_NSE_NIFTYBANK_INDEX_TRAP_57553.05_20260903_111500_Structural_v3.3_ExitMgmt, payload={'premium': 823.2, 'bid': 822.9, 'ask': 825.3}
2026-09-03 13:58:06,074 - INFO - 📊 EXECUTION AUDIT [CF_SUBMITTED]: trade_id=None, candidate_id=cand_NSE_NIFTYBANK_INDEX_TRAP_57553.05_20260903_111500_Structural_v3.3_ExitMgmt, payload={'price': 57567.0, 'sl': 57487.65, 'tp': 57852.75}
2026-09-03 13:58:06,093 - INFO - 📊 EXECUTION AUDIT [CF_FILLED]: trade_id=None, candidate_id=cand_NSE_NIFTYBANK_INDEX_TRAP_57553.05_20260903_111500_Structural_v3.3_ExitMgmt, payload={'price': 57567.0, 'sl': 57487.65, 'tp': 57852.75}
2026-09-03 13:58:06,110 - INFO - 💰 Position size [TRAP|GAP_UP_NORMAL|conf=70]: frac=0.003 → ₹5,000 (risk/unit=0.14%)
2026-09-03 13:58:06,146 - INFO - 🟢 ENTRY [CF|Structural_v3.3_ExitMgmt|ctural_v3.3_ExitMgmt]: NSE:NIFTYBANK-INDEX BUY CALL @ 57567.00 | SL: 57487.65 TP: 57852.75
2026-09-03 13:58:06,146 - INFO - 🧭 [IronCondor_v1.0] Regime router: NSE:NIFTYBANK-INDEX combo blocked from REAL capital (regime=GAP_UP_NORMAL) — routed to CF
2026-09-03 13:58:06,162 - INFO - Resolved active expiry from DB: 26SEP (2026-09-29)
2026-09-03 13:58:06,996 - INFO - Retrieved live premium from Fyers API: LTP=527.0 for NSE:BANKNIFTY26SEP57500PE
2026-09-03 13:58:08,008 - INFO - Retrieved live premium from Fyers API: LTP=453.6 for NSE:BANKNIFTY26SEP57300PE
2026-09-03 13:58:09,038 - INFO - Retrieved live premium from Fyers API: LTP=767.15 for NSE:BANKNIFTY26SEP57700CE
2026-09-03 13:58:10,030 - INFO - Retrieved live premium from Fyers API: LTP=661.4 for NSE:BANKNIFTY26SEP57900CE
2026-09-03 13:58:10,031 - INFO - Resolved IRON_CONDOR for NSE:NIFTYBANK-INDEX: [('PE', 'SELL', 57500.0), ('PE', 'BUY', 57300.0), ('CE', 'SELL', 57700.0), ('CE', 'BUY', 57900.0)] net_premium=-176.75 max_loss=23.25
2026-09-03 13:58:10,087 - INFO - 🟢 CF COMBO ENTRY [IronCondor_v1.0|2238_IronCondor_v1.0]: NSE:NIFTYBANK-INDEX IRON_CONDOR | Net premium: -176.75 | Max loss: 23.25
2026-09-03 13:58:10,087 - INFO - 👻 [Butterfly_v1.0] CF COMBO BUTTERFLY_SPREAD NSE:NIFTYBANK-INDEX BUTTERFLY_SPREAD | Rejected: ['COOLDOWN_AFTER_LOSS']
2026-09-03 13:58:10,108 - INFO - Resolved active expiry from DB: 26SEP (2026-09-29)
2026-09-03 13:58:11,023 - INFO - Retrieved live premium from Fyers API: LTP=946.1 for NSE:BANKNIFTY26SEP57400CE
2026-09-03 13:58:12,044 - INFO - Retrieved live premium from Fyers API: LTP=823.15 for NSE:BANKNIFTY26SEP57600CE
2026-09-03 13:58:13,022 - INFO - Retrieved live premium from Fyers API: LTP=823.15 for NSE:BANKNIFTY26SEP57600CE
2026-09-03 13:58:13,592 - INFO - 📊 Saved 22 snapshots for NSE:NIFTY50-INDEX  (oi range: 136,370–22,955,010)
2026-09-03 13:58:14,024 - INFO - Retrieved live premium from Fyers API: LTP=713.0 for NSE:BANKNIFTY26SEP57800CE
2026-09-03 13:58:14,024 - INFO - Resolved BUTTERFLY_SPREAD for NSE:NIFTYBANK-INDEX: [('CE', 'BUY', 57400.0), ('CE', 'SELL', 57600.0), ('CE', 'SELL', 57600.0), ('CE', 'BUY', 57800.0)] net_premium=13.90 max_loss=13.90
2026-09-03 13:58:14,078 - INFO - 🟢 CF COMBO ENTRY [Butterfly_v1.0|12238_Butterfly_v1.0]: NSE:NIFTYBANK-INDEX BUTTERFLY_SPREAD | Net premium: 13.90 | Max loss: 13.90
2026-09-03 13:58:14,079 - INFO - 👻 [IronButterfly_v1.0] CF COMBO IRON_BUTTERFLY NSE:NIFTYBANK-INDEX IRON_BUTTERFLY | Rejected: ['HIGH_RVOL']
2026-09-03 13:58:14,098 - INFO - Resolved active expiry from DB: 26SEP (2026-09-29)
2026-09-03 13:58:15,044 - INFO - Retrieved live premium from Fyers API: LTP=567.0 for NSE:BANKNIFTY26SEP57600PE
2026-09-03 13:58:15,722 - INFO - 📡 Fetching NSE:NIFTYBANK-INDEX @ 57571  expiry=26SEP  strikes=ATM±5
2026-09-03 13:58:16,051 - INFO - Retrieved live premium from Fyers API: LTP=823.15 for NSE:BANKNIFTY26SEP57600CE
2026-09-03 13:58:17,058 - INFO - Retrieved live premium from Fyers API: LTP=420.9 for NSE:BANKNIFTY26SEP57200PE
2026-09-03 13:58:18,060 - INFO - Retrieved live premium from Fyers API: LTP=609.95 for NSE:BANKNIFTY26SEP58000CE
2026-09-03 13:58:18,062 - INFO - Resolved IRON_BUTTERFLY for NSE:NIFTYBANK-INDEX: [('PE', 'SELL', 57600.0), ('CE', 'SELL', 57600.0), ('PE', 'BUY', 57200.0), ('CE', 'BUY', 58000.0)] net_premium=-358.45 max_loss=41.55
2026-09-03 13:58:18,115 - INFO - 🟢 CF COMBO ENTRY [IronButterfly_v1.0|8_IronButterfly_v1.0]: NSE:NIFTYBANK-INDEX IRON_BUTTERFLY | Net premium: -358.45 | Max loss: 41.55
2026-09-03 13:58:18,115 - WARNING - ⚡ [OI_Scalping_v1.0] errors: ['INSUFFICIENT_OI_DATA']
2026-09-03 13:58:18,116 - INFO - 🧭 [ExpiryAwareTheta_v1.0] Regime router: NSE:NIFTYBANK-INDEX combo blocked from REAL capital (regime=GAP_UP_NORMAL) — routed to CF
2026-09-03 13:58:18,136 - INFO - Resolved active expiry from DB: 26SEP (2026-09-29)
2026-09-03 13:58:19,083 - INFO - Retrieved live premium from Fyers API: LTP=528.25 for NSE:BANKNIFTY26SEP57500PE
2026-09-03 13:58:20,116 - INFO - Retrieved live premium from Fyers API: LTP=455.55 for NSE:BANKNIFTY26SEP57300PE
2026-09-03 13:58:21,382 - INFO - Retrieved live premium from Fyers API: LTP=767.15 for NSE:BANKNIFTY26SEP57700CE
2026-09-03 14:08:26,796 - INFO - Retrieved live premium from Fyers API: LTP=638.95 for NSE:BANKNIFTY26SEP57900CE
2026-09-03 14:08:26,796 - INFO - Resolved IRON_CONDOR for NSE:NIFTYBANK-INDEX: [('PE', 'SELL', 57500.0), ('PE', 'BUY', 57300.0), ('CE', 'SELL', 57700.0), ('CE', 'BUY', 57900.0)] net_premium=-197.60 max_loss=2.40
2026-09-03 14:08:26,830 - INFO - 🟢 CF COMBO ENTRY [ExpiryAwareTheta_v1.0|xpiryAwareTheta_v1.0]: NSE:NIFTYBANK-INDEX IRON_CONDOR | Net premium: -197.60 | Max loss: 2.40
2026-09-03 14:08:35,842 - INFO - 🔔 [New Candle Closed] Running entry pipeline for candle 14:05 at 14:08:35...
2026-09-03 14:08:35,842 - INFO - --- 14:08:35 Market Pulse ---
2026-09-03 14:08:43,057 - INFO - 📊 EXECUTION AUDIT [CF_EXITED]: trade_id=None, candidate_id=cand_NSE_NIFTYBANK_INDEX_BREAKOUT_57023.95_20260903_094500_Structural_v3.3_ExitMgmt, payload={'exit_price': 57589.9, 'exit_reason': 'TRAILING_SL', 'pnl_r': 0.10745691171297929, 'duration_minutes': 257.0114240666667, 'bars_held': 18}
2026-09-03 14:08:43,102 - INFO - 🔴 EXIT (TRAILING_SL) [CFStructural_v3.3_ExitMgmt|ctural_v3.3_ExitMgmt]: NSE:NIFTYBANK-INDEX @ 57589.90 | PnL +0.11R | MFE 4.85R | Capture 2% | 18bars HoldEff +0.006R/bar
2026-09-03 14:08:43,102 - INFO - 📊 EXECUTION AUDIT [CF_SL_MODIFIED]: trade_id=None, candidate_id=cand_NSE_NIFTY50_INDEX_BREAKOUT_23851.90_20260903_100000_Structural_v3.3_ExitMgmt, payload={'price': 23909.85, 'old_sl': 23952.47, 'new_sl': 23935.859999999997, 'old_tp': None, 'new_tp': 23887.335714285713, 'reason': 'TRAILING_SL'}
2026-09-03 14:08:43,143 - INFO - 🟡 UPDATE (TRAILING_SL) [CFStructural_v3.3_ExitMgmt|ctural_v3.3_ExitMgmt]: NSE:NIFTY50-INDEX @ 23909.85 | SL→23935.86 TP→23887.34
2026-09-03 14:08:43,144 - INFO - 📊 EXECUTION AUDIT [CF_EXITED]: trade_id=None, candidate_id=cand_NSE_NIFTYBANK_INDEX_VWAPRECLAIM_57604.70_20260903_103506_VWAP_Reclaim_v1.0, payload={'exit_price': 57589.9, 'exit_reason': 'TRAILING_SL', 'pnl_r': 0.07678899082568812, 'duration_minutes': 213.49737246666666, 'bars_held': 9}
2026-09-03 14:08:43,183 - INFO - 🔴 EXIT (TRAILING_SL) [CFVWAP_Reclaim_v1.0|06_VWAP_Reclaim_v1.0]: NSE:NIFTYBANK-INDEX @ 57589.90 | PnL +0.08R | MFE 1.48R | Capture 5% | 9bars HoldEff +0.009R/bar
2026-09-03 14:08:43,183 - INFO - 📊 EXECUTION AUDIT [CF_SL_MODIFIED]: trade_id=None, candidate_id=cand_NSE_NIFTY50_INDEX_OI_WALL_BREAK_23928.60_20260903_111005_OIWallReaction_v1.0, payload={'price': 23909.85, 'old_sl': 24002.4015, 'new_sl': 23983.6515, 'old_tp': None, 'new_tp': 23880.57, 'reason': 'TRAILING_SL'}
2026-09-03 14:08:43,221 - INFO - 🟡 UPDATE (TRAILING_SL) [CFOIWallReaction_v1.0|_OIWallReaction_v1.0]: NSE:NIFTY50-INDEX @ 23909.85 | SL→23983.65 TP→23880.57
2026-09-03 14:08:43,221 - INFO - 📊 EXECUTION AUDIT [CF_EXITED]: trade_id=None, candidate_id=cand_NSE_NIFTY50_INDEX_VWAPREV_23948.90_20260903_112238_VWAP_Reversion_1.5ATR_RVOL1.0, payload={'exit_price': 23917.749, 'exit_reason': 'INITIAL_SL', 'pnl_r': 0.05687645687645682, 'duration_minutes': 165.95473188333332, 'bars_held': 1}
2026-09-03 14:08:43,261 - INFO - 🔴 EXIT (INITIAL_SL) [CFVWAP_Reversion_1.5ATR_RVOL1.0|rsion_1.5ATR_RVOL1.0]: NSE:NIFTY50-INDEX @ 23917.75 | PnL +0.06R | MFE 0.00R | Capture N/A | 1bars HoldEff +0.057R/bar
2026-09-03 14:08:43,262 - INFO - 📊 EXECUTION AUDIT [CF_EXITED]: trade_id=None, candidate_id=cand_NSE_NIFTYBANK_INDEX_TRAP_57553.05_20260903_111500_Structural_v3.3_ExitMgmt, payload={'exit_price': 57553.05, 'exit_reason': 'STRUCTURE_INVALIDATED', 'pnl_r': -0.030655519205137472, 'duration_minutes': 165.95473188333332, 'bars_held': 1}
2026-09-03 14:08:43,301 - INFO - 🔴 EXIT (STRUCTURE_INVALIDATED) [CFStructural_v3.3_ExitMgmt|ctural_v3.3_ExitMgmt]: NSE:NIFTYBANK-INDEX @ 57553.05 | PnL -0.03R | MFE 0.00R | Capture N/A | 1bars HoldEff -0.031R/bar
2026-09-03 14:08:43,998 - INFO - Retrieved live premium from Fyers API: LTP=141.8 for NSE:NIFTY2690823900CE
2026-09-03 14:08:44,996 - INFO - Retrieved live premium from Fyers API: LTP=89.5 for NSE:NIFTY2690824000CE
2026-09-03 14:08:46,018 - INFO - Retrieved live premium from Fyers API: LTP=89.3 for NSE:NIFTY2690824000CE
2026-09-03 14:08:47,029 - INFO - Retrieved live premium from Fyers API: LTP=52.15 for NSE:NIFTY2690824100CE
2026-09-03 14:08:48,104 - INFO - Retrieved live premium from Fyers API: LTP=113.75 for NSE:NIFTY2690823950CE
2026-09-03 14:23:59,139 - INFO - Retrieved live premium from Fyers API: LTP=67.1 for NSE:NIFTY2690824050CE
2026-09-03 14:23:59,700 - INFO - Retrieved live premium from Fyers API: LTP=139.05 for NSE:NIFTY2690823900CE
2026-09-03 14:24:00,383 - INFO - 📊 Saved 22 snapshots for NSE:NIFTYBANK-INDEX  (oi range: 51,600–1,938,390)
2026-09-03 14:24:00,714 - INFO - Retrieved live premium from Fyers API: LTP=87.5 for NSE:NIFTY2690824000CE
2026-09-03 14:24:01,490 - INFO - 📡 Fetching NSE:NIFTY50-INDEX @ 23913  expiry=26908  strikes=ATM±5
2026-09-03 14:24:01,714 - INFO - Retrieved live premium from Fyers API: LTP=138.8 for NSE:NIFTY2690823900CE
2026-09-03 14:24:02,733 - INFO - Retrieved live premium from Fyers API: LTP=82.05 for NSE:NIFTY2690823900PE
2026-09-03 14:24:03,742 - INFO - Retrieved live premium from Fyers API: LTP=87.15 for NSE:NIFTY2690824000CE
2026-09-03 14:24:05,097 - INFO - Retrieved live premium from Fyers API: LTP=48.85 for NSE:NIFTY2690823800PE
2026-09-03 14:24:05,783 - INFO - Retrieved live premium from Fyers API: LTP=111.25 for NSE:NIFTY2690823950CE
2026-09-03 14:24:06,777 - INFO - Retrieved live premium from Fyers API: LTP=67.1 for NSE:NIFTY2690824050CE
2026-09-03 14:24:07,775 - INFO - Retrieved live premium from Fyers API: LTP=62.95 for NSE:NIFTY2690823850PE
2026-09-03 14:24:08,798 - INFO - Retrieved live premium from Fyers API: LTP=36.9 for NSE:NIFTY2690823750PE
2026-09-03 14:24:09,799 - INFO - Retrieved live premium from Fyers API: LTP=111.2 for NSE:NIFTY2690823950CE
2026-09-03 14:24:10,787 - INFO - Retrieved live premium from Fyers API: LTP=66.95 for NSE:NIFTY2690824050CE
2026-09-03 14:24:11,809 - INFO - Retrieved live premium from Fyers API: LTP=82.45 for NSE:NIFTY2690823900PE
2026-09-03 14:24:12,843 - INFO - Retrieved live premium from Fyers API: LTP=138.4 for NSE:NIFTY2690823900CE
2026-09-03 14:24:13,838 - INFO - Retrieved live premium from Fyers API: LTP=28.1 for NSE:NIFTY2690823700PE
2026-09-03 14:24:14,830 - INFO - Retrieved live premium from Fyers API: LTP=50.5 for NSE:NIFTY2690824100CE
2026-09-03 14:24:15,835 - INFO - Retrieved live premium from Fyers API: LTP=63.4 for NSE:NIFTY2690823850PE
2026-09-03 14:24:16,866 - INFO - Retrieved live premium from Fyers API: LTP=37.05 for NSE:NIFTY2690823750PE
2026-09-03 14:24:17,868 - INFO - Retrieved live premium from Fyers API: LTP=110.6 for NSE:NIFTY2690823950CE
2026-09-03 14:24:18,891 - INFO - Retrieved live premium from Fyers API: LTP=66.85 for NSE:NIFTY2690824050CE
2026-09-03 14:24:20,182 - INFO - Retrieved live premium from Fyers API: LTP=449.4 for NSE:BANKNIFTY26SEP57200PE
2026-09-03 14:24:21,199 - INFO - Retrieved live premium from Fyers API: LTP=386.15 for NSE:BANKNIFTY26SEP57000PE
2026-09-03 14:24:22,064 - INFO - Retrieved live premium from Fyers API: LTP=1024.35 for NSE:BANKNIFTY26SEP57200CE
2026-09-03 14:24:22,889 - INFO - Retrieved live premium from Fyers API: LTP=449.4 for NSE:BANKNIFTY26SEP57200PE
2026-09-03 14:24:23,872 - INFO - Retrieved live premium from Fyers API: LTP=909.0 for NSE:BANKNIFTY26SEP57400CE
2026-09-03 14:24:24,867 - INFO - Retrieved live premium from Fyers API: LTP=386.3 for NSE:BANKNIFTY26SEP57000PE
2026-09-03 14:24:25,891 - INFO - Retrieved live premium from Fyers API: LTP=416.85 for NSE:BANKNIFTY26SEP57100PE
2026-09-03 14:24:26,902 - INFO - Retrieved live premium from Fyers API: LTP=356.8 for NSE:BANKNIFTY26SEP56900PE
2026-09-03 14:24:27,909 - INFO - Retrieved live premium from Fyers API: LTP=969.7 for NSE:BANKNIFTY26SEP57300CE
2026-09-03 14:24:28,942 - INFO - Retrieved live premium from Fyers API: LTP=843.05 for NSE:BANKNIFTY26SEP57500CE
2026-09-03 14:24:29,913 - INFO - Retrieved live premium from Fyers API: LTP=449.4 for NSE:BANKNIFTY26SEP57200PE
2026-09-03 14:24:30,923 - INFO - Retrieved live premium from Fyers API: LTP=1024.35 for NSE:BANKNIFTY26SEP57200CE
2026-09-03 14:24:31,928 - INFO - Retrieved live premium from Fyers API: LTP=330.0 for NSE:BANKNIFTY26SEP56800PE
2026-09-03 14:24:32,344 - INFO - 📊 Saved 22 snapshots for NSE:NIFTY50-INDEX  (oi range: 137,995–22,787,375)
2026-09-03 14:24:32,929 - INFO - Retrieved live premium from Fyers API: LTP=790.5 for NSE:BANKNIFTY26SEP57600CE
2026-09-03 14:24:33,956 - INFO - Retrieved live premium from Fyers API: LTP=416.85 for NSE:BANKNIFTY26SEP57100PE
2026-09-03 14:24:34,470 - INFO - 📡 Fetching NSE:NIFTYBANK-INDEX @ 57511  expiry=26SEP  strikes=ATM±5
2026-09-03 14:24:34,940 - INFO - Retrieved live premium from Fyers API: LTP=356.8 for NSE:BANKNIFTY26SEP56900PE
2026-09-03 14:24:35,958 - INFO - Retrieved live premium from Fyers API: LTP=972.9 for NSE:BANKNIFTY26SEP57300CE
2026-09-03 14:24:36,927 - INFO - Retrieved live premium from Fyers API: LTP=847.2 for NSE:BANKNIFTY26SEP57500CE
2026-09-03 14:24:37,960 - INFO - Retrieved live premium from Fyers API: LTP=790.5 for NSE:BANKNIFTY26SEP57600CE
2026-09-03 14:24:38,962 - INFO - Retrieved live premium from Fyers API: LTP=680.8 for NSE:BANKNIFTY26SEP57800CE
2026-09-03 14:24:39,978 - INFO - Retrieved live premium from Fyers API: LTP=790.15 for NSE:BANKNIFTY26SEP57600CE
2026-09-03 14:27:56,322 - INFO - Retrieved live premium from Fyers API: LTP=681.35 for NSE:BANKNIFTY26SEP57800CE
2026-09-03 14:27:57,020 - INFO - Retrieved live premium from Fyers API: LTP=736.0 for NSE:BANKNIFTY26SEP57700CE
2026-09-03 14:27:58,035 - INFO - Retrieved live premium from Fyers API: LTP=632.0 for NSE:BANKNIFTY26SEP57900CE
2026-09-03 14:27:59,036 - INFO - Retrieved live premium from Fyers API: LTP=738.75 for NSE:BANKNIFTY26SEP57700CE
2026-09-03 14:28:00,053 - INFO - Retrieved live premium from Fyers API: LTP=632.0 for NSE:BANKNIFTY26SEP57900CE
2026-09-03 14:28:01,066 - INFO - Retrieved live premium from Fyers API: LTP=738.75 for NSE:BANKNIFTY26SEP57700CE
2026-09-03 14:28:02,064 - INFO - Retrieved live premium from Fyers API: LTP=631.45 for NSE:BANKNIFTY26SEP57900CE
2026-09-03 14:38:07,313 - INFO - Retrieved live premium from Fyers API: LTP=67.4 for NSE:NIFTY2690824050CE
2026-09-03 14:38:07,946 - INFO - Retrieved live premium from Fyers API: LTP=37.3 for NSE:NIFTY2690824150CE
2026-09-03 14:38:08,946 - INFO - Retrieved live premium from Fyers API: LTP=102.6 for NSE:NIFTY2690823950PE
2026-09-03 14:38:09,930 - INFO - Retrieved live premium from Fyers API: LTP=61.55 for NSE:NIFTY2690823850PE
2026-09-03 14:38:10,971 - INFO - Retrieved live premium from Fyers API: LTP=67.95 for NSE:NIFTY2690824050CE
2026-09-03 14:38:11,973 - INFO - Retrieved live premium from Fyers API: LTP=37.5 for NSE:NIFTY2690824150CE
2026-09-03 14:38:12,958 - INFO - Retrieved live premium from Fyers API: LTP=128.1 for NSE:NIFTY2690824000PE
2026-09-03 14:38:13,953 - INFO - Retrieved live premium from Fyers API: LTP=88.6 for NSE:NIFTY2690824000CE
2026-09-03 14:38:14,998 - INFO - Retrieved live premium from Fyers API: LTP=47.3 for NSE:NIFTY2690823800PE
2026-09-03 14:38:16,001 - INFO - Retrieved live premium from Fyers API: LTP=27.8 for NSE:NIFTY2690824200CE
2026-09-03 14:38:17,007 - INFO - Retrieved live premium from Fyers API: LTP=102.0 for NSE:NIFTY2690823950PE
2026-09-03 14:38:18,011 - INFO - Retrieved live premium from Fyers API: LTP=61.55 for NSE:NIFTY2690823850PE
2026-09-03 14:38:19,015 - INFO - Retrieved live premium from Fyers API: LTP=68.15 for NSE:NIFTY2690824050CE
2026-09-03 14:38:20,026 - INFO - Retrieved live premium from Fyers API: LTP=37.65 for NSE:NIFTY2690824150CE
2026-09-03 14:38:21,009 - INFO - Retrieved live premium from Fyers API: LTP=589.5 for NSE:BANKNIFTY26SEP57600PE
2026-09-03 14:38:22,044 - INFO - Retrieved live premium from Fyers API: LTP=509.5 for NSE:BANKNIFTY26SEP57400PE
2026-09-03 14:38:23,035 - INFO - Retrieved live premium from Fyers API: LTP=692.3 for NSE:BANKNIFTY26SEP57800CE
2026-09-03 14:38:24,049 - INFO - Retrieved live premium from Fyers API: LTP=589.9 for NSE:BANKNIFTY26SEP58000CE
2026-09-03 14:38:24,343 - INFO - 📊 Saved 22 snapshots for NSE:NIFTYBANK-INDEX  (oi range: 51,120–1,943,130)
2026-09-03 14:38:25,051 - INFO - Retrieved live premium from Fyers API: LTP=589.5 for NSE:BANKNIFTY26SEP57600PE
2026-09-03 14:38:25,472 - INFO - 📡 Fetching NSE:NIFTY50-INDEX @ 23913  expiry=26908  strikes=ATM±5
2026-09-03 14:38:26,060 - INFO - Retrieved live premium from Fyers API: LTP=509.5 for NSE:BANKNIFTY26SEP57400PE
2026-09-03 14:38:27,068 - INFO - Retrieved live premium from Fyers API: LTP=692.3 for NSE:BANKNIFTY26SEP57800CE
2026-09-03 14:38:28,391 - INFO - Retrieved live premium from Fyers API: LTP=589.4 for NSE:BANKNIFTY26SEP58000CE
2026-09-03 14:38:29,152 - INFO - Retrieved live premium from Fyers API: LTP=589.5 for NSE:BANKNIFTY26SEP57600PE
2026-09-03 14:48:32,664 - WARNING - Depth request failed for NSE:NIFTY2690823700CE: {'code': -1, 'message': 'Network connection failure before HTTP response', 's': 'error'}
2026-09-03 14:48:32,664 - WARNING - ⚠️  No depth for NSE:NIFTY2690823700CE
2026-09-03 14:48:32,866 - INFO - Retrieved live premium from Fyers API: LTP=511.95 for NSE:BANKNIFTY26SEP57400PE
2026-09-03 14:48:33,559 - INFO - Retrieved live premium from Fyers API: LTP=689.4 for NSE:BANKNIFTY26SEP57800CE
2026-09-03 14:48:34,565 - INFO - Retrieved live premium from Fyers API: LTP=585.0 for NSE:BANKNIFTY26SEP58000CE
2026-09-03 14:48:35,580 - INFO - Retrieved live premium from Fyers API: LTP=638.0 for NSE:BANKNIFTY26SEP57700PE
2026-09-03 14:48:36,553 - INFO - Retrieved live premium from Fyers API: LTP=738.45 for NSE:BANKNIFTY26SEP57700CE
2026-09-03 14:48:37,577 - INFO - Retrieved live premium from Fyers API: LTP=475.5 for NSE:BANKNIFTY26SEP57300PE
2026-09-03 14:48:38,563 - INFO - Retrieved live premium from Fyers API: LTP=539.6 for NSE:BANKNIFTY26SEP58100CE
2026-09-03 14:48:39,569 - INFO - Retrieved live premium from Fyers API: LTP=592.25 for NSE:BANKNIFTY26SEP57600PE
2026-09-03 14:48:40,585 - INFO - Retrieved live premium from Fyers API: LTP=513.75 for NSE:BANKNIFTY26SEP57400PE
2026-09-03 14:48:41,593 - INFO - Retrieved live premium from Fyers API: LTP=684.05 for NSE:BANKNIFTY26SEP57800CE
2026-09-03 14:48:42,603 - INFO - Retrieved live premium from Fyers API: LTP=585.0 for NSE:BANKNIFTY26SEP58000CE
2026-09-03 14:48:43,604 - INFO - Retrieved live premium from Fyers API: LTP=67.7 for NSE:NIFTY2690824050CE
2026-09-03 14:48:44,609 - INFO - Retrieved live premium from Fyers API: LTP=37.25 for NSE:NIFTY2690824150CE
2026-09-03 14:48:45,611 - INFO - Retrieved live premium from Fyers API: LTP=104.5 for NSE:NIFTY2690823950PE
2026-09-03 14:48:46,633 - INFO - Retrieved live premium from Fyers API: LTP=63.55 for NSE:NIFTY2690823850PE
2026-09-03 14:48:47,628 - INFO - Retrieved live premium from Fyers API: LTP=67.75 for NSE:NIFTY2690824050CE
2026-09-03 14:48:48,622 - INFO - Retrieved live premium from Fyers API: LTP=37.35 for NSE:NIFTY2690824150CE
2026-09-03 14:48:49,633 - INFO - Retrieved live premium from Fyers API: LTP=129.65 for NSE:NIFTY2690824000PE
2026-09-03 14:48:50,614 - INFO - Retrieved live premium from Fyers API: LTP=88.45 for NSE:NIFTY2690824000CE
2026-09-03 14:48:51,640 - INFO - Retrieved live premium from Fyers API: LTP=48.4 for NSE:NIFTY2690823800PE
2026-09-03 14:48:52,653 - INFO - Retrieved live premium from Fyers API: LTP=27.8 for NSE:NIFTY2690824200CE
2026-09-03 14:48:53,923 - INFO - Retrieved live premium from Fyers API: LTP=103.3 for NSE:NIFTY2690823950PE
2026-09-03 14:48:54,796 - INFO - Retrieved live premium from Fyers API: LTP=62.9 for NSE:NIFTY2690823850PE
2026-09-03 14:48:55,981 - INFO - Retrieved live premium from Fyers API: LTP=67.95 for NSE:NIFTY2690824050CE
2026-09-03 14:58:59,423 - INFO - Retrieved live premium from Fyers API: LTP=35.55 for NSE:NIFTY2690824150CE
2026-09-03 14:58:59,887 - INFO - Retrieved live premium from Fyers API: LTP=624.0 for NSE:BANKNIFTY26SEP57600PE
2026-09-03 14:59:00,942 - INFO - Retrieved live premium from Fyers API: LTP=539.8 for NSE:BANKNIFTY26SEP57400PE
2026-09-03 14:59:01,951 - INFO - Retrieved live premium from Fyers API: LTP=670.0 for NSE:BANKNIFTY26SEP57800CE
2026-09-03 14:59:01,997 - INFO - 📊 Saved 21 snapshots for NSE:NIFTY50-INDEX  (oi range: 136,370–22,404,590)
2026-09-03 14:59:02,958 - INFO - Retrieved live premium from Fyers API: LTP=570.4 for NSE:BANKNIFTY26SEP58000CE
2026-09-03 14:59:03,977 - INFO - Retrieved live premium from Fyers API: LTP=668.85 for NSE:BANKNIFTY26SEP57700PE
2026-09-03 14:59:04,128 - INFO - 📡 Fetching NSE:NIFTYBANK-INDEX @ 57466  expiry=26SEP  strikes=ATM±5
2026-09-03 14:59:04,964 - INFO - Retrieved live premium from Fyers API: LTP=721.65 for NSE:BANKNIFTY26SEP57700CE
2026-09-03 14:59:05,982 - INFO - Retrieved live premium from Fyers API: LTP=502.75 for NSE:BANKNIFTY26SEP57300PE
2026-09-03 14:59:06,991 - INFO - Retrieved live premium from Fyers API: LTP=526.55 for NSE:BANKNIFTY26SEP58100CE
2026-09-03 14:59:08,018 - INFO - Retrieved live premium from Fyers API: LTP=621.4 for NSE:BANKNIFTY26SEP57600PE
2026-09-03 14:59:09,020 - INFO - Retrieved live premium from Fyers API: LTP=542.5 for NSE:BANKNIFTY26SEP57400PE
2026-09-03 14:59:10,017 - INFO - Retrieved live premium from Fyers API: LTP=668.95 for NSE:BANKNIFTY26SEP57800CE
2026-09-03 14:59:11,020 - INFO - Retrieved live premium from Fyers API: LTP=567.0 for NSE:BANKNIFTY26SEP58000CE
2026-09-03 14:59:12,050 - INFO - Retrieved live premium from Fyers API: LTP=64.35 for NSE:NIFTY2690824050CE
2026-09-03 14:59:13,013 - INFO - Retrieved live premium from Fyers API: LTP=35.75 for NSE:NIFTY2690824150CE
2026-09-03 14:59:14,050 - INFO - Retrieved live premium from Fyers API: LTP=112.2 for NSE:NIFTY2690823950PE
2026-09-03 14:59:15,064 - INFO - Retrieved live premium from Fyers API: LTP=69.45 for NSE:NIFTY2690823850PE
2026-09-03 14:59:16,031 - INFO - Retrieved live premium from Fyers API: LTP=65.8 for NSE:NIFTY2690824050CE
2026-09-03 14:59:17,050 - INFO - Retrieved live premium from Fyers API: LTP=36.3 for NSE:NIFTY2690824150CE
2026-09-03 14:59:18,081 - INFO - Retrieved live premium from Fyers API: LTP=136.85 for NSE:NIFTY2690824000PE
2026-09-03 14:59:19,079 - INFO - Retrieved live premium from Fyers API: LTP=85.05 for NSE:NIFTY2690824000CE
2026-09-03 14:59:20,304 - INFO - Retrieved live premium from Fyers API: LTP=52.8 for NSE:NIFTY2690823800PE
2026-09-03 15:09:27,899 - WARNING - Depth request failed for NSE:BANKNIFTY26SEP57600CE: {'code': -1, 'message': 'Network connection failure before HTTP response', 's': 'error'}
2026-09-03 15:09:27,899 - WARNING - ⚠️  No depth for NSE:BANKNIFTY26SEP57600CE
2026-09-03 15:09:27,974 - INFO - Retrieved live premium from Fyers API: LTP=24.4 for NSE:NIFTY2690824200CE
2026-09-03 15:09:28,173 - INFO - Retrieved live premium from Fyers API: LTP=114.0 for NSE:NIFTY2690823950PE
2026-09-03 15:09:29,157 - INFO - Retrieved live premium from Fyers API: LTP=70.9 for NSE:NIFTY2690823850PE
2026-09-03 15:09:30,164 - INFO - Retrieved live premium from Fyers API: LTP=60.45 for NSE:NIFTY2690824050CE
2026-09-03 15:09:31,197 - INFO - Retrieved live premium from Fyers API: LTP=33.05 for NSE:NIFTY2690824150CE
2026-09-03 15:09:32,192 - INFO - Retrieved live premium from Fyers API: LTP=642.2 for NSE:BANKNIFTY26SEP57600PE
2026-09-03 15:09:33,193 - INFO - Retrieved live premium from Fyers API: LTP=557.25 for NSE:BANKNIFTY26SEP57400PE
2026-09-03 15:09:34,202 - INFO - Retrieved live premium from Fyers API: LTP=639.7 for NSE:BANKNIFTY26SEP57800CE
2026-09-03 15:09:35,219 - INFO - Retrieved live premium from Fyers API: LTP=543.75 for NSE:BANKNIFTY26SEP58000CE
2026-09-03 15:09:36,222 - INFO - Retrieved live premium from Fyers API: LTP=60.25 for NSE:NIFTY2690824050CE
2026-09-03 15:09:37,242 - INFO - Retrieved live premium from Fyers API: LTP=33.15 for NSE:NIFTY2690824150CE
2026-09-03 15:09:38,249 - INFO - Retrieved live premium from Fyers API: LTP=112.9 for NSE:NIFTY2690823950PE
2026-09-03 15:09:39,286 - INFO - Retrieved live premium from Fyers API: LTP=70.25 for NSE:NIFTY2690823850PE
2026-09-03 15:09:40,260 - INFO - Retrieved live premium from Fyers API: LTP=60.85 for NSE:NIFTY2690824050CE
2026-09-03 15:09:41,047 - INFO - 📊 Saved 21 snapshots for NSE:NIFTYBANK-INDEX  (oi range: 50,550–1,942,560)
2026-09-03 15:09:41,273 - INFO - Retrieved live premium from Fyers API: LTP=33.35 for NSE:NIFTY2690824150CE
2026-09-03 15:09:42,188 - INFO - 📡 Fetching NSE:NIFTY50-INDEX @ 23885  expiry=26908  strikes=ATM±5
2026-09-03 15:09:42,293 - INFO - Retrieved live premium from Fyers API: LTP=140.4 for NSE:NIFTY2690824000PE
2026-09-03 15:09:43,288 - INFO - Retrieved live premium from Fyers API: LTP=80.0 for NSE:NIFTY2690824000CE
2026-09-03 15:09:44,294 - INFO - Retrieved live premium from Fyers API: LTP=54.15 for NSE:NIFTY2690823800PE
2026-09-03 15:09:45,283 - INFO - Retrieved live premium from Fyers API: LTP=24.7 for NSE:NIFTY2690824200CE
2026-09-03 15:09:46,304 - INFO - Retrieved live premium from Fyers API: LTP=113.0 for NSE:NIFTY2690823950PE
2026-09-03 15:09:47,269 - INFO - Retrieved live premium from Fyers API: LTP=70.25 for NSE:NIFTY2690823850PE
2026-09-03 15:09:48,334 - INFO - Retrieved live premium from Fyers API: LTP=61.1 for NSE:NIFTY2690824050CE
2026-09-03 15:09:49,582 - INFO - Retrieved live premium from Fyers API: LTP=33.55 for NSE:NIFTY2690824150CE
2026-09-03 15:19:53,102 - INFO - Retrieved live premium from Fyers API: LTP=617.75 for NSE:BANKNIFTY26SEP57600PE
2026-09-03 15:19:53,579 - INFO - Retrieved live premium from Fyers API: LTP=536.45 for NSE:BANKNIFTY26SEP57400PE
2026-09-03 15:19:54,560 - INFO - Retrieved live premium from Fyers API: LTP=656.0 for NSE:BANKNIFTY26SEP57800CE
2026-09-03 15:19:55,603 - INFO - Retrieved live premium from Fyers API: LTP=556.25 for NSE:BANKNIFTY26SEP58000CE
2026-09-03 15:19:56,608 - INFO - Retrieved live premium from Fyers API: LTP=617.85 for NSE:BANKNIFTY26SEP57600PE
2026-09-03 15:19:57,611 - INFO - Retrieved live premium from Fyers API: LTP=536.45 for NSE:BANKNIFTY26SEP57400PE
2026-09-03 15:19:58,607 - INFO - Retrieved live premium from Fyers API: LTP=653.25 for NSE:BANKNIFTY26SEP57800CE
2026-09-03 15:19:59,631 - INFO - Retrieved live premium from Fyers API: LTP=556.25 for NSE:BANKNIFTY26SEP58000CE
2026-09-03 15:20:00,641 - INFO - Retrieved live premium from Fyers API: LTP=573.5 for NSE:BANKNIFTY26SEP57500PE
2026-09-03 15:20:01,656 - INFO - Retrieved live premium from Fyers API: LTP=499.0 for NSE:BANKNIFTY26SEP57300PE
2026-09-03 15:20:02,647 - INFO - Retrieved live premium from Fyers API: LTP=706.05 for NSE:BANKNIFTY26SEP57700CE
2026-09-03 15:20:03,651 - INFO - Retrieved live premium from Fyers API: LTP=603.85 for NSE:BANKNIFTY26SEP57900CE
2026-09-03 15:20:04,676 - INFO - Retrieved live premium from Fyers API: LTP=616.9 for NSE:BANKNIFTY26SEP57600PE
2026-09-03 15:20:05,673 - INFO - Retrieved live premium from Fyers API: LTP=757.85 for NSE:BANKNIFTY26SEP57600CE
2026-09-03 15:20:06,681 - INFO - Retrieved live premium from Fyers API: LTP=463.05 for NSE:BANKNIFTY26SEP57200PE
2026-09-03 15:20:07,673 - INFO - Retrieved live premium from Fyers API: LTP=555.0 for NSE:BANKNIFTY26SEP58000CE
2026-09-03 15:20:08,696 - INFO - Retrieved live premium from Fyers API: LTP=575.4 for NSE:BANKNIFTY26SEP57500PE
2026-09-03 15:20:09,676 - INFO - Retrieved live premium from Fyers API: LTP=499.0 for NSE:BANKNIFTY26SEP57300PE
2026-09-03 15:20:10,697 - INFO - Retrieved live premium from Fyers API: LTP=701.0 for NSE:BANKNIFTY26SEP57700CE
2026-09-03 15:20:11,678 - INFO - Retrieved live premium from Fyers API: LTP=598.2 for NSE:BANKNIFTY26SEP57900CE
2026-09-03 15:20:12,678 - INFO - Retrieved live premium from Fyers API: LTP=579.95 for NSE:BANKNIFTY26SEP57500PE
2026-09-03 15:20:13,866 - INFO - Retrieved live premium from Fyers API: LTP=499.0 for NSE:BANKNIFTY26SEP57300PE
2026-09-03 15:28:55,872 - INFO - 📊 Saved 22 snapshots for NSE:NIFTY50-INDEX  (oi range: 133,965–20,117,175)
2026-09-03 15:28:55,888 - WARNING - No quotes data available for ['NSE:BANKNIFTY26SEP57700CE'] (code=-1, message=Network connection failure before HTTP response)
2026-09-03 15:28:55,888 - WARNING - ⚠️ Could not refresh leg NSE:BANKNIFTY26SEP57700CE: Could not resolve a real premium for NSE:BANKNIFTY26SEP57700CE (DB warehouse miss/stale AND live quote failed) — using last known premium
2026-09-03 15:28:56,050 - INFO - Retrieved live premium from Fyers API: LTP=580.1 for NSE:BANKNIFTY26SEP57900CE
2026-09-03 15:28:56,104 - INFO - 🔴 CF COMBO EXIT (STOP_R) [IronCondor_v1.0|4005_IronCondor_v1.0]: NSE:NIFTYBANK-INDEX IRON_CONDOR | PnL -3.00R | 208min
2026-09-03 15:28:58,071 - INFO - Retrieved live premium from Fyers API: LTP=649.0 for NSE:BANKNIFTY26SEP57600PE
2026-09-03 15:28:58,174 - INFO - 📡 Fetching NSE:NIFTYBANK-INDEX @ 57434  expiry=26SEP  strikes=ATM±5
2026-09-03 15:28:58,202 - INFO - Retrieved live premium from Fyers API: LTP=730.65 for NSE:BANKNIFTY26SEP57600CE
2026-09-03 15:28:59,204 - INFO - Retrieved live premium from Fyers API: LTP=488.0 for NSE:BANKNIFTY26SEP57200PE
2026-09-03 15:29:00,250 - INFO - Retrieved live premium from Fyers API: LTP=534.0 for NSE:BANKNIFTY26SEP58000CE
2026-09-03 15:29:01,280 - INFO - Retrieved live premium from Fyers API: LTP=603.75 for NSE:BANKNIFTY26SEP57500PE
2026-09-03 15:29:02,271 - INFO - Retrieved live premium from Fyers API: LTP=527.6 for NSE:BANKNIFTY26SEP57300PE
2026-09-03 15:29:03,296 - INFO - Retrieved live premium from Fyers API: LTP=678.0 for NSE:BANKNIFTY26SEP57700CE
2026-09-03 15:29:04,280 - INFO - Retrieved live premium from Fyers API: LTP=580.1 for NSE:BANKNIFTY26SEP57900CE
2026-09-03 15:29:05,277 - INFO - Retrieved live premium from Fyers API: LTP=604.05 for NSE:BANKNIFTY26SEP57500PE
2026-09-03 15:29:06,262 - INFO - Retrieved live premium from Fyers API: LTP=528.0 for NSE:BANKNIFTY26SEP57300PE
2026-09-03 15:29:07,331 - INFO - Retrieved live premium from Fyers API: LTP=678.45 for NSE:BANKNIFTY26SEP57700CE
2026-09-03 15:29:08,300 - INFO - Retrieved live premium from Fyers API: LTP=579.2 for NSE:BANKNIFTY26SEP57900CE
2026-09-03 15:29:09,287 - INFO - Retrieved live premium from Fyers API: LTP=651.0 for NSE:BANKNIFTY26SEP57600PE
2026-09-03 15:29:10,328 - INFO - Retrieved live premium from Fyers API: LTP=729.35 for NSE:BANKNIFTY26SEP57600CE
2026-09-03 15:29:11,312 - INFO - Retrieved live premium from Fyers API: LTP=488.15 for NSE:BANKNIFTY26SEP57200PE
2026-09-03 15:29:12,317 - INFO - Retrieved live premium from Fyers API: LTP=532.9 for NSE:BANKNIFTY26SEP58000CE
2026-09-03 15:39:17,689 - INFO - Retrieved live premium from Fyers API: LTP=613.95 for NSE:BANKNIFTY26SEP57500PE
2026-09-03 15:39:18,238 - INFO - Retrieved live premium from Fyers API: LTP=536.35 for NSE:BANKNIFTY26SEP57300PE
2026-09-03 15:39:19,222 - INFO - Retrieved live premium from Fyers API: LTP=666.2 for NSE:BANKNIFTY26SEP57700CE
2026-09-03 15:39:20,211 - INFO - Retrieved live premium from Fyers API: LTP=568.75 for NSE:BANKNIFTY26SEP57900CE
2026-09-03 15:39:21,243 - INFO - Retrieved live premium from Fyers API: LTP=63.6 for NSE:NIFTY2690824000CE
2026-09-03 15:39:22,214 - INFO - Retrieved live premium from Fyers API: LTP=36.2 for NSE:NIFTY2690824100CE
2026-09-03 15:39:23,217 - INFO - Retrieved live premium from Fyers API: LTP=113.35 for NSE:NIFTY2690823900PE
2026-09-03 15:39:24,260 - INFO - Retrieved live premium from Fyers API: LTP=70.8 for NSE:NIFTY2690823800PE
2026-09-03 15:39:25,246 - INFO - Retrieved live premium from Fyers API: LTP=63.6 for NSE:NIFTY2690824000CE
2026-09-03 15:39:26,284 - INFO - Retrieved live premium from Fyers API: LTP=36.25 for NSE:NIFTY2690824100CE
2026-09-03 15:39:27,266 - INFO - Retrieved live premium from Fyers API: LTP=113.0 for NSE:NIFTY2690823900PE
2026-09-03 15:39:28,272 - INFO - Retrieved live premium from Fyers API: LTP=70.4 for NSE:NIFTY2690823800PE
2026-09-03 15:39:29,281 - INFO - Retrieved live premium from Fyers API: LTP=63.3 for NSE:NIFTY2690824000CE
2026-09-03 15:39:30,305 - INFO - Retrieved live premium from Fyers API: LTP=35.9 for NSE:NIFTY2690824100CE
2026-09-03 15:39:31,309 - INFO - Retrieved live premium from Fyers API: LTP=612.4 for NSE:BANKNIFTY26SEP57500PE
2026-09-03 15:39:32,095 - INFO - 📊 Saved 22 snapshots for NSE:NIFTYBANK-INDEX  (oi range: 22,710–1,935,330)
2026-09-03 15:39:32,321 - INFO - Retrieved live premium from Fyers API: LTP=536.35 for NSE:BANKNIFTY26SEP57300PE
2026-09-03 15:39:33,300 - INFO - Retrieved live premium from Fyers API: LTP=669.55 for NSE:BANKNIFTY26SEP57700CE
2026-09-03 15:39:34,330 - INFO - Retrieved live premium from Fyers API: LTP=572.05 for NSE:BANKNIFTY26SEP57900CE
2026-09-03 15:39:35,306 - INFO - Retrieved live premium from Fyers API: LTP=665.05 for NSE:BANKNIFTY26SEP57600PE
2026-09-03 15:39:36,321 - INFO - Retrieved live premium from Fyers API: LTP=722.05 for NSE:BANKNIFTY26SEP57600CE
2026-09-03 15:39:37,397 - INFO - Retrieved live premium from Fyers API: LTP=499.0 for NSE:BANKNIFTY26SEP57200PE
2026-09-03 15:39:38,496 - INFO - Retrieved live premium from Fyers API: LTP=524.9 for NSE:BANKNIFTY26SEP58000CE
2026-09-03 15:39:39,711 - INFO - Retrieved live premium from Fyers API: LTP=612.9 for NSE:BANKNIFTY26SEP57500PE
2026-09-03 15:49:45,387 - INFO - Retrieved live premium from Fyers API: LTP=532.2 for NSE:BANKNIFTY26SEP57300PE
2026-09-03 15:49:46,043 - INFO - Retrieved live premium from Fyers API: LTP=669.45 for NSE:BANKNIFTY26SEP57700CE
2026-09-03 15:49:47,066 - INFO - Retrieved live premium from Fyers API: LTP=572.05 for NSE:BANKNIFTY26SEP57900CE
2026-09-03 15:49:48,125 - INFO - Retrieved live premium from Fyers API: LTP=613.0 for NSE:BANKNIFTY26SEP57500PE
2026-09-03 15:49:49,072 - INFO - Retrieved live premium from Fyers API: LTP=532.2 for NSE:BANKNIFTY26SEP57300PE
2026-09-03 15:49:50,114 - INFO - Retrieved live premium from Fyers API: LTP=669.45 for NSE:BANKNIFTY26SEP57700CE
2026-09-03 15:49:51,106 - INFO - Retrieved live premium from Fyers API: LTP=572.05 for NSE:BANKNIFTY26SEP57900CE
2026-09-03 15:49:52,133 - INFO - Retrieved live premium from Fyers API: LTP=668.6 for NSE:BANKNIFTY26SEP57600PE
2026-09-03 15:49:53,122 - INFO - Retrieved live premium from Fyers API: LTP=717.0 for NSE:BANKNIFTY26SEP57600CE
2026-09-03 15:49:54,146 - INFO - Retrieved live premium from Fyers API: LTP=500.0 for NSE:BANKNIFTY26SEP57200PE
2026-09-03 15:49:55,140 - INFO - Retrieved live premium from Fyers API: LTP=522.2 for NSE:BANKNIFTY26SEP58000CE
2026-09-03 15:49:56,169 - INFO - Retrieved live premium from Fyers API: LTP=613.0 for NSE:BANKNIFTY26SEP57500PE
2026-09-03 15:49:57,164 - INFO - Retrieved live premium from Fyers API: LTP=532.2 for NSE:BANKNIFTY26SEP57300PE
2026-09-03 15:49:58,166 - INFO - Retrieved live premium from Fyers API: LTP=669.45 for NSE:BANKNIFTY26SEP57700CE
2026-09-03 15:49:59,174 - INFO - Retrieved live premium from Fyers API: LTP=572.05 for NSE:BANKNIFTY26SEP57900CE
2026-09-03 15:50:00,188 - INFO - Retrieved live premium from Fyers API: LTP=60.5 for NSE:NIFTY2690824000CE
2026-09-03 15:50:01,166 - INFO - Retrieved live premium from Fyers API: LTP=34.8 for NSE:NIFTY2690824100CE
2026-09-03 15:50:02,177 - INFO - Retrieved live premium from Fyers API: LTP=112.1 for NSE:NIFTY2690823900PE
2026-09-03 15:50:03,205 - INFO - Retrieved live premium from Fyers API: LTP=69.65 for NSE:NIFTY2690823800PE
2026-09-03 15:50:04,200 - INFO - Retrieved live premium from Fyers API: LTP=60.5 for NSE:NIFTY2690824000CE
2026-09-03 15:50:05,241 - INFO - Retrieved live premium from Fyers API: LTP=34.8 for NSE:NIFTY2690824100CE
2026-09-03 15:50:06,483 - INFO - Retrieved live premium from Fyers API: LTP=140.0 for NSE:NIFTY2690823950PE
2026-09-03 15:50:07,503 - INFO - Retrieved live premium from Fyers API: LTP=80.0 for NSE:NIFTY2690823950CE
2026-09-03 16:00:14,513 - INFO - Retrieved live premium from Fyers API: LTP=53.55 for NSE:NIFTY2690823750PE
2026-09-03 16:00:15,340 - INFO - Retrieved live premium from Fyers API: LTP=25.6 for NSE:NIFTY2690824150CE
2026-09-03 16:00:16,358 - INFO - Retrieved live premium from Fyers API: LTP=112.1 for NSE:NIFTY2690823900PE
2026-09-03 16:00:17,361 - INFO - Retrieved live premium from Fyers API: LTP=69.65 for NSE:NIFTY2690823800PE
2026-09-03 16:00:18,374 - INFO - Retrieved live premium from Fyers API: LTP=60.5 for NSE:NIFTY2690824000CE
2026-09-03 16:00:19,379 - INFO - Retrieved live premium from Fyers API: LTP=34.8 for NSE:NIFTY2690824100CE
2026-09-03 16:00:20,382 - INFO - Retrieved live premium from Fyers API: LTP=613.0 for NSE:BANKNIFTY26SEP57500PE
2026-09-03 16:00:21,398 - INFO - Retrieved live premium from Fyers API: LTP=532.2 for NSE:BANKNIFTY26SEP57300PE
2026-09-03 16:00:22,404 - INFO - Retrieved live premium from Fyers API: LTP=669.45 for NSE:BANKNIFTY26SEP57700CE
2026-09-03 16:00:23,410 - INFO - Retrieved live premium from Fyers API: LTP=572.05 for NSE:BANKNIFTY26SEP57900CE
2026-09-03 16:00:24,421 - INFO - Retrieved live premium from Fyers API: LTP=668.6 for NSE:BANKNIFTY26SEP57600PE
2026-09-03 16:00:25,425 - INFO - Retrieved live premium from Fyers API: LTP=717.0 for NSE:BANKNIFTY26SEP57600CE
2026-09-03 16:00:26,443 - INFO - Retrieved live premium from Fyers API: LTP=500.0 for NSE:BANKNIFTY26SEP57200PE
2026-09-03 16:00:27,429 - INFO - Retrieved live premium from Fyers API: LTP=522.2 for NSE:BANKNIFTY26SEP58000CE
2026-09-03 16:00:28,460 - INFO - Retrieved live premium from Fyers API: LTP=613.0 for NSE:BANKNIFTY26SEP57500PE
2026-09-03 16:00:29,442 - INFO - Retrieved live premium from Fyers API: LTP=532.2 for NSE:BANKNIFTY26SEP57300PE
2026-09-03 16:00:30,455 - INFO - Retrieved live premium from Fyers API: LTP=669.45 for NSE:BANKNIFTY26SEP57700CE
2026-09-03 16:00:31,471 - INFO - Retrieved live premium from Fyers API: LTP=572.05 for NSE:BANKNIFTY26SEP57900CE
2026-09-03 16:00:32,478 - INFO - Retrieved live premium from Fyers API: LTP=613.0 for NSE:BANKNIFTY26SEP57500PE
2026-09-03 16:00:33,489 - INFO - Retrieved live premium from Fyers API: LTP=532.2 for NSE:BANKNIFTY26SEP57300PE
2026-09-03 16:00:34,518 - INFO - Retrieved live premium from Fyers API: LTP=669.45 for NSE:BANKNIFTY26SEP57700CE
2026-09-03 16:00:35,857 - INFO - Retrieved live premium from Fyers API: LTP=572.05 for NSE:BANKNIFTY26SEP57900CE
2026-09-03 16:10:39,444 - INFO - Retrieved live premium from Fyers API: LTP=668.6 for NSE:BANKNIFTY26SEP57600PE
2026-09-03 16:10:39,934 - INFO - Retrieved live premium from Fyers API: LTP=717.0 for NSE:BANKNIFTY26SEP57600CE
2026-09-03 16:10:40,932 - INFO - Retrieved live premium from Fyers API: LTP=500.0 for NSE:BANKNIFTY26SEP57200PE
2026-09-03 16:10:41,932 - INFO - Retrieved live premium from Fyers API: LTP=522.2 for NSE:BANKNIFTY26SEP58000CE
2026-09-03 16:10:42,944 - INFO - Retrieved live premium from Fyers API: LTP=613.0 for NSE:BANKNIFTY26SEP57500PE
2026-09-03 16:10:43,929 - INFO - Retrieved live premium from Fyers API: LTP=532.2 for NSE:BANKNIFTY26SEP57300PE
2026-09-03 16:10:44,932 - INFO - Retrieved live premium from Fyers API: LTP=669.45 for NSE:BANKNIFTY26SEP57700CE
2026-09-03 16:10:45,943 - INFO - Retrieved live premium from Fyers API: LTP=572.05 for NSE:BANKNIFTY26SEP57900CE
2026-09-03 16:10:46,943 - INFO - Retrieved live premium from Fyers API: LTP=60.5 for NSE:NIFTY2690824000CE
2026-09-03 16:10:47,948 - INFO - Retrieved live premium from Fyers API: LTP=34.8 for NSE:NIFTY2690824100CE
2026-09-03 16:10:48,976 - INFO - Retrieved live premium from Fyers API: LTP=112.1 for NSE:NIFTY2690823900PE
2026-09-03 16:10:49,975 - INFO - Retrieved live premium from Fyers API: LTP=69.65 for NSE:NIFTY2690823800PE
2026-09-03 16:10:50,987 - INFO - Retrieved live premium from Fyers API: LTP=60.5 for NSE:NIFTY2690824000CE
2026-09-03 16:10:52,001 - INFO - Retrieved live premium from Fyers API: LTP=34.8 for NSE:NIFTY2690824100CE
2026-09-03 16:10:53,000 - INFO - Retrieved live premium from Fyers API: LTP=140.0 for NSE:NIFTY2690823950PE
2026-09-03 16:10:54,007 - INFO - Retrieved live premium from Fyers API: LTP=80.0 for NSE:NIFTY2690823950CE
2026-09-03 16:10:54,971 - INFO - Retrieved live premium from Fyers API: LTP=53.55 for NSE:NIFTY2690823750PE
2026-09-03 16:10:56,092 - INFO - Retrieved live premium from Fyers API: LTP=25.6 for NSE:NIFTY2690824150CE
2026-09-03 16:10:56,995 - INFO - Retrieved live premium from Fyers API: LTP=112.1 for NSE:NIFTY2690823900PE
2026-09-03 16:10:58,041 - INFO - Retrieved live premium from Fyers API: LTP=69.65 for NSE:NIFTY2690823800PE
2026-09-03 16:10:59,015 - INFO - Retrieved live premium from Fyers API: LTP=60.5 for NSE:NIFTY2690824000CE
2026-09-03 16:11:00,219 - INFO - Retrieved live premium from Fyers API: LTP=34.8 for NSE:NIFTY2690824100CE
2026-09-03 16:21:04,609 - INFO - Retrieved live premium from Fyers API: LTP=613.0 for NSE:BANKNIFTY26SEP57500PE
2026-09-03 16:21:04,737 - INFO - Retrieved live premium from Fyers API: LTP=532.2 for NSE:BANKNIFTY26SEP57300PE
2026-09-03 16:21:05,790 - INFO - Retrieved live premium from Fyers API: LTP=669.45 for NSE:BANKNIFTY26SEP57700CE
2026-09-03 16:21:06,798 - INFO - Retrieved live premium from Fyers API: LTP=572.05 for NSE:BANKNIFTY26SEP57900CE
2026-09-03 16:21:07,786 - INFO - Retrieved live premium from Fyers API: LTP=828.7 for NSE:BANKNIFTY26SEP57400CE
2026-09-03 16:21:08,791 - INFO - Retrieved live premium from Fyers API: LTP=717.0 for NSE:BANKNIFTY26SEP57600CE
2026-09-03 16:21:09,799 - INFO - Retrieved live premium from Fyers API: LTP=717.0 for NSE:BANKNIFTY26SEP57600CE
2026-09-03 16:21:10,833 - INFO - Retrieved live premium from Fyers API: LTP=617.25 for NSE:BANKNIFTY26SEP57800CE
2026-09-03 16:21:10,888 - INFO - 🔴 CF COMBO EXIT (STOP_R) [Butterfly_v1.0|12238_Butterfly_v1.0]: NSE:NIFTYBANK-INDEX BUTTERFLY_SPREAD | PnL -1.15R | 166min
2026-09-03 16:21:11,814 - INFO - Retrieved live premium from Fyers API: LTP=668.6 for NSE:BANKNIFTY26SEP57600PE
2026-09-03 16:21:12,803 - INFO - Retrieved live premium from Fyers API: LTP=717.0 for NSE:BANKNIFTY26SEP57600CE
2026-09-03 16:21:13,870 - INFO - Retrieved live premium from Fyers API: LTP=500.0 for NSE:BANKNIFTY26SEP57200PE
2026-09-03 16:21:14,827 - INFO - Retrieved live premium from Fyers API: LTP=522.2 for NSE:BANKNIFTY26SEP58000CE
2026-09-03 16:21:15,849 - INFO - Retrieved live premium from Fyers API: LTP=613.0 for NSE:BANKNIFTY26SEP57500PE
2026-09-03 16:21:16,851 - INFO - Retrieved live premium from Fyers API: LTP=532.2 for NSE:BANKNIFTY26SEP57300PE
2026-09-03 16:21:17,853 - INFO - Retrieved live premium from Fyers API: LTP=669.45 for NSE:BANKNIFTY26SEP57700CE
2026-09-03 16:21:18,848 - INFO - Retrieved live premium from Fyers API: LTP=572.05 for NSE:BANKNIFTY26SEP57900CE
2026-09-03 16:21:18,901 - INFO - 🔴 CF COMBO EXIT (TARGET_R) [ExpiryAwareTheta_v1.0|xpiryAwareTheta_v1.0]: NSE:NIFTYBANK-INDEX IRON_CONDOR | PnL +1.33R | 166min
2026-09-03 16:21:21,093 - WARNING - ⚡ [OI_Scalping_v1.0] errors: ['INSUFFICIENT_OI_DATA'] (0.0ms)
2026-09-03 16:21:21,106 - INFO - Resolved active expiry from DB: 26908 (2026-09-08)
2026-09-03 16:21:21,106 - INFO - 👻 [Structural_v3.2_RVOL1.0] CF BREAKOUT NSE:NIFTY50-INDEX BUY PUT | Rejected: ['BIAS_MISMATCH', 'LOW_EFFICIENCY', 'HIGH_WICKINESS']
2026-09-03 16:21:21,106 - INFO - 📊 EXECUTION AUDIT [SIGNAL_GENERATED]: trade_id=None, candidate_id=cand_NSE_NIFTY50_INDEX_BREAKOUT_23893.00_20260903_140000_Structural_v3.2_RVOL1.0, payload={'symbol': 'NSE:NIFTY50-INDEX', 'signal': 'BUY PUT', 'strategy': 'BREAKOUT', 'price': 23911.65, 'stop_loss': 23920.710714285717, 'take_profit': 23821.042857142857, 'tp1': 23898.05892857143, 'rr_ratio': 10.0, 'timestamp': '2026-09-03T14:00:00+05:30', 'accepted': False, 'rejection_reasons': ['BIAS_MISMATCH', 'LOW_EFFICIENCY', 'HIGH_WICKINESS'], 'features': {'date': '2026-09-03', 'strategy_name': 'Structural_v3', 'strategy_version': 'v3.2', 'feature_version': 'v1.1', 'market_regime': 'RANGE_NORMAL', 'day_type': 'NORMAL_DAY', 'session_type': 'MID', 'daily_bias': 'NEUTRAL', 'hourly_bias': 'NEUTRAL', 'trend_strength': 0.0, 'rvol': 1.02, 'rvol_threshold': 1.0, 'atr': 18.12, 'distance_from_supply': 466.95, 'distance_from_demand': 104.1, 'nearest_supply_strength': 99.5, 'nearest_demand_strength': 84.3, 'distance_to_liquidity_pool': 104.10000000000218, 'liquidity_score': 10.2, 'indicator_snapshot': {'rvol_tod': 1.02, 'is_compressed': True, 'bos_count': 0}, 'move_efficiency': 0.1994, 'wickiness': 0.5988, 'fft_score': 0.0, 'setup_type': 'BREAKOUT', 'candidate_id': 'cand_NSE_NIFTY50_INDEX_BREAKOUT_23893.00_20260903_140000', 'ema20': 23919.3, 'ema50': 23927.3, 'move_efficiency_h1': 0.0987, 'ema_bullish': False, 'rsi14': 44.37, 'rsi2': 65.05, 'distance_to_vwap': -0.0019, 'atr_percentile': 0.704, 'dist_prev_high': -0.0001, 'dist_prev_low': 0.0052, 'adx': 14.7, 'adx_slope': -2.1377, 'gap_pct': 0.0035, 'regime_primary': 'RANGE', 'regime_vol_state': 'NORMAL'}, 'candidate_id': 'cand_NSE_NIFTY50_INDEX_BREAKOUT_23893.00_20260903_140000_Structural_v3.2_RVOL1.0', 'experiment_name': 'Structural_v3.2_RVOL1.0', 'strategy_id': 'structural', 'version': 'v3.2'}
2026-09-03 16:21:21,126 - INFO - Resolved active expiry from DB: 26908 (2026-09-08)
2026-09-03 16:21:21,227 - INFO - Retrieved live premium from Fyers API: LTP=112.1 for NSE:NIFTY2690823900PE
2026-09-03 16:21:21,228 - INFO - Resolved index signal into option contract: OptionContract(symbol='NSE:NIFTY2690823900PE', strike=23900.0, expiry='26908', option_type='PE', premium=112.1, delta=0.5, bid=111.8, ask=112.1, volume=193356345, resolved_at=datetime.datetime(2026, 9, 3, 16, 21, 21, 227977))
2026-09-03 16:21:21,228 - INFO - ⚡ Option strike selection resolved index signal to contract NSE:NIFTY2690823900PE @ premium 112.1 (type: PE, strike: 23900.0)
2026-09-03 16:21:21,228 - INFO - 📊 EXECUTION AUDIT [STRIKE_SELECTED]: trade_id=None, candidate_id=cand_NSE_NIFTY50_INDEX_BREAKOUT_23893.00_20260903_140000_Structural_v3.2_RVOL1.0, payload={'symbol': 'NSE:NIFTY2690823900PE', 'strike': 23900.0, 'expiry': '26908', 'type': 'PE'}
2026-09-03 16:21:21,243 - INFO - 📊 EXECUTION AUDIT [PREMIUM_RETRIEVED]: trade_id=None, candidate_id=cand_NSE_NIFTY50_INDEX_BREAKOUT_23893.00_20260903_140000_Structural_v3.2_RVOL1.0, payload={'premium': 112.1, 'bid': 111.8, 'ask': 112.1}
2026-09-03 16:21:21,259 - INFO - 📊 EXECUTION AUDIT [CF_SUBMITTED]: trade_id=None, candidate_id=cand_NSE_NIFTY50_INDEX_BREAKOUT_23893.00_20260903_140000_Structural_v3.2_RVOL1.0, payload={'price': 23911.65, 'sl': 23920.710714285717, 'tp': 23821.042857142857}
2026-09-03 16:21:21,273 - INFO - 📊 EXECUTION AUDIT [CF_FILLED]: trade_id=None, candidate_id=cand_NSE_NIFTY50_INDEX_BREAKOUT_23893.00_20260903_140000_Structural_v3.2_RVOL1.0, payload={'price': 23911.65, 'sl': 23920.710714285717, 'tp': 23821.042857142857}
2026-09-03 16:21:21,286 - INFO - 💰 Position size [BREAKOUT|RANGE_NORMAL|conf=70]: frac=0.004 → ₹5,000 (risk/unit=0.04%)
2026-09-03 16:21:21,315 - INFO - 🟢 ENTRY [CF|Structural_v3.2_RVOL1.0|uctural_v3.2_RVOL1.0]: NSE:NIFTY50-INDEX BUY PUT @ 23911.65 | SL: 23920.71 TP: 23821.04
2026-09-03 16:21:21,315 - INFO - 👻 [Structural_v3.2_RVOL0.8] CF BREAKOUT NSE:NIFTY50-INDEX BUY PUT | Rejected: ['BIAS_MISMATCH', 'LOW_EFFICIENCY', 'HIGH_WICKINESS']
2026-09-03 16:21:21,315 - INFO - 📊 EXECUTION AUDIT [SIGNAL_GENERATED]: trade_id=None, candidate_id=cand_NSE_NIFTY50_INDEX_BREAKOUT_23893.00_20260903_140000_Structural_v3.2_RVOL0.8, payload={'symbol': 'NSE:NIFTY50-INDEX', 'signal': 'BUY PUT', 'strategy': 'BREAKOUT', 'price': 23911.65, 'stop_loss': 23920.710714285717, 'take_profit': 23821.042857142857, 'tp1': 23898.05892857143, 'rr_ratio': 10.0, 'timestamp': '2026-09-03T14:00:00+05:30', 'accepted': False, 'rejection_reasons': ['BIAS_MISMATCH', 'LOW_EFFICIENCY', 'HIGH_WICKINESS'], 'features': {'date': '2026-09-03', 'strategy_name': 'Structural_v3', 'strategy_version': 'v3.2', 'feature_version': 'v1.1', 'market_regime': 'RANGE_NORMAL', 'day_type': 'NORMAL_DAY', 'session_type': 'MID', 'daily_bias': 'NEUTRAL', 'hourly_bias': 'NEUTRAL', 'trend_strength': 0.0, 'rvol': 1.02, 'rvol_threshold': 0.8, 'atr': 18.12, 'distance_from_supply': 466.95, 'distance_from_demand': 104.1, 'nearest_supply_strength': 99.5, 'nearest_demand_strength': 84.3, 'distance_to_liquidity_pool': 104.10000000000218, 'liquidity_score': 10.2, 'indicator_snapshot': {'rvol_tod': 1.02, 'is_compressed': True, 'bos_count': 0}, 'move_efficiency': 0.1994, 'wickiness': 0.5988, 'fft_score': 0.0, 'setup_type': 'BREAKOUT', 'candidate_id': 'cand_NSE_NIFTY50_INDEX_BREAKOUT_23893.00_20260903_140000', 'ema20': 23919.3, 'ema50': 23927.3, 'move_efficiency_h1': 0.0987, 'ema_bullish': False, 'rsi14': 44.37, 'rsi2': 65.05, 'distance_to_vwap': -0.0019, 'atr_percentile': 0.704, 'dist_prev_high': -0.0001, 'dist_prev_low': 0.0052, 'adx': 14.7, 'adx_slope': -2.1377, 'gap_pct': 0.0035, 'regime_primary': 'RANGE', 'regime_vol_state': 'NORMAL'}, 'candidate_id': 'cand_NSE_NIFTY50_INDEX_BREAKOUT_23893.00_20260903_140000_Structural_v3.2_RVOL0.8', 'experiment_name': 'Structural_v3.2_RVOL0.8', 'strategy_id': 'structural', 'version': 'v3.2'}
2026-09-03 16:21:21,344 - INFO - Resolved active expiry from DB: 26908 (2026-09-08)
2026-09-03 16:21:22,287 - INFO - Retrieved live premium from Fyers API: LTP=112.1 for NSE:NIFTY2690823900PE
2026-09-03 16:21:22,287 - INFO - Resolved index signal into option contract: OptionContract(symbol='NSE:NIFTY2690823900PE', strike=23900.0, expiry='26908', option_type='PE', premium=112.1, delta=0.5, bid=111.8, ask=112.1, volume=193356345, resolved_at=datetime.datetime(2026, 9, 3, 16, 21, 22, 287501))
2026-09-03 16:21:22,287 - INFO - ⚡ Option strike selection resolved index signal to contract NSE:NIFTY2690823900PE @ premium 112.1 (type: PE, strike: 23900.0)
2026-09-03 16:21:22,288 - INFO - 📊 EXECUTION AUDIT [STRIKE_SELECTED]: trade_id=None, candidate_id=cand_NSE_NIFTY50_INDEX_BREAKOUT_23893.00_20260903_140000_Structural_v3.2_RVOL0.8, payload={'symbol': 'NSE:NIFTY2690823900PE', 'strike': 23900.0, 'expiry': '26908', 'type': 'PE'}
2026-09-03 16:21:22,320 - INFO - 📊 EXECUTION AUDIT [PREMIUM_RETRIEVED]: trade_id=None, candidate_id=cand_NSE_NIFTY50_INDEX_BREAKOUT_23893.00_20260903_140000_Structural_v3.2_RVOL0.8, payload={'premium': 112.1, 'bid': 111.8, 'ask': 112.1}
2026-09-03 16:21:22,342 - INFO - 📊 EXECUTION AUDIT [CF_SUBMITTED]: trade_id=None, candidate_id=cand_NSE_NIFTY50_INDEX_BREAKOUT_23893.00_20260903_140000_Structural_v3.2_RVOL0.8, payload={'price': 23911.65, 'sl': 23920.710714285717, 'tp': 23821.042857142857}
2026-09-03 16:21:22,360 - INFO - 📊 EXECUTION AUDIT [CF_FILLED]: trade_id=None, candidate_id=cand_NSE_NIFTY50_INDEX_BREAKOUT_23893.00_20260903_140000_Structural_v3.2_RVOL0.8, payload={'price': 23911.65, 'sl': 23920.710714285717, 'tp': 23821.042857142857}
2026-09-03 16:21:22,376 - INFO - 💰 Position size [BREAKOUT|RANGE_NORMAL|conf=70]: frac=0.004 → ₹5,000 (risk/unit=0.04%)
2026-09-03 16:21:22,410 - INFO - 🟢 ENTRY [CF|Structural_v3.2_RVOL0.8|uctural_v3.2_RVOL0.8]: NSE:NIFTY50-INDEX BUY PUT @ 23911.65 | SL: 23920.71 TP: 23821.04
2026-09-03 16:21:22,411 - INFO - 👻 [EMA_Pullback_20_50_RVOL0.5] CF PULLBACK NSE:NIFTY50-INDEX BUY PUT | Rejected: ['LOW_EFFICIENCY']
2026-09-03 16:21:22,411 - INFO - 📊 EXECUTION AUDIT [SIGNAL_GENERATED]: trade_id=None, candidate_id=cand_NSE_NIFTY50_INDEX_EMAPULL_23911.65_20260903_140835_EMA_Pullback_20_50_RVOL0.5, payload={'symbol': 'NSE:NIFTY50-INDEX', 'signal': 'BUY PUT', 'strategy': 'PULLBACK', 'price': 23911.65, 'stop_loss': 23930.924, 'take_profit': 23821.050000000003, 'tp1': 23882.739000000005, 'rr_ratio': 4.7, 'timestamp': '2026-09-03T14:08:35.842942+05:30', 'accepted': False, 'rejection_reasons': ['LOW_EFFICIENCY'], 'features': {'atr': 18.12, 'ema20': 23919.3, 'ema50': 23927.3, 'move_efficiency': 0.1994, 'move_efficiency_h1': 0.0987, 'wickiness': 0.5988, 'ema_bullish': False, 'rsi14': 44.37, 'rsi2': 65.05, 'distance_to_vwap': -0.0019, 'atr_percentile': 0.704, 'dist_prev_high': -0.0001, 'dist_prev_low': 0.0052, 'adx': 14.7, 'adx_slope': -2.1377, 'gap_pct': 0.0035, 'regime_primary': 'RANGE', 'regime_vol_state': 'NORMAL', 'market_regime': 'RANGE_NORMAL'}, 'candidate_id': 'cand_NSE_NIFTY50_INDEX_EMAPULL_23911.65_20260903_140835_EMA_Pullback_20_50_RVOL0.5', 'confidence': 0.5, 'diagnostics': {'ema_distance': -0.00032, 'ema20': 23919.3, 'ema50': 23927.3, 'move_efficiency': 0.199, 'rvol': 1.02, 'atr': 18.12, 'atr_percentile': 0.704, 'distance_to_vwap': -0.0019}, 'experiment_name': 'EMA_Pullback_20_50_RVOL0.5', 'strategy_id': 'ema_pullback', 'version': 'v1.0'}
2026-09-03 16:21:22,447 - INFO - Resolved active expiry from DB: 26908 (2026-09-08)
2026-09-03 16:21:23,248 - INFO - Retrieved live premium from Fyers API: LTP=112.1 for NSE:NIFTY2690823900PE
2026-09-03 16:21:23,249 - INFO - Resolved index signal into option contract: OptionContract(symbol='NSE:NIFTY2690823900PE', strike=23900.0, expiry='26908', option_type='PE', premium=112.1, delta=0.5, bid=111.8, ask=112.1, volume=193356345, resolved_at=datetime.datetime(2026, 9, 3, 16, 21, 23, 249058))
2026-09-03 16:21:23,249 - INFO - ⚡ Option strike selection resolved index signal to contract NSE:NIFTY2690823900PE @ premium 112.1 (type: PE, strike: 23900.0)
2026-09-03 16:21:23,249 - INFO - 📊 EXECUTION AUDIT [STRIKE_SELECTED]: trade_id=None, candidate_id=cand_NSE_NIFTY50_INDEX_EMAPULL_23911.65_20260903_140835_EMA_Pullback_20_50_RVOL0.5, payload={'symbol': 'NSE:NIFTY2690823900PE', 'strike': 23900.0, 'expiry': '26908', 'type': 'PE'}
2026-09-03 16:21:23,282 - INFO - 📊 EXECUTION AUDIT [PREMIUM_RETRIEVED]: trade_id=None, candidate_id=cand_NSE_NIFTY50_INDEX_EMAPULL_23911.65_20260903_140835_EMA_Pullback_20_50_RVOL0.5, payload={'premium': 112.1, 'bid': 111.8, 'ask': 112.1}
2026-09-03 16:21:23,303 - INFO - 📊 EXECUTION AUDIT [CF_SUBMITTED]: trade_id=None, candidate_id=cand_NSE_NIFTY50_INDEX_EMAPULL_23911.65_20260903_140835_EMA_Pullback_20_50_RVOL0.5, payload={'price': 23911.65, 'sl': 23930.924, 'tp': 23821.050000000003}
2026-09-03 16:21:23,321 - INFO - 📊 EXECUTION AUDIT [CF_FILLED]: trade_id=None, candidate_id=cand_NSE_NIFTY50_INDEX_EMAPULL_23911.65_20260903_140835_EMA_Pullback_20_50_RVOL0.5, payload={'price': 23911.65, 'sl': 23930.924, 'tp': 23821.050000000003}
2026-09-03 16:21:23,339 - INFO - 💰 Position size [PULLBACK|RANGE_NORMAL|conf=0]: frac=0.003 → ₹5,000 (risk/unit=0.08%)
2026-09-03 16:21:23,371 - INFO - 🟢 ENTRY [CF|EMA_Pullback_20_50_RVOL0.5|llback_20_50_RVOL0.5]: NSE:NIFTY50-INDEX BUY PUT @ 23911.65 | SL: 23930.92 TP: 23821.05
2026-09-03 16:21:23,371 - INFO - 🚀 SIGNAL: NSE:NIFTY50-INDEX BUY PUT | [Geometry_v1.0_Score35]
2026-09-03 16:21:23,371 - INFO -    Entry: 23911.65 | SL: 23920.71 | TP: 23870.3 (RR: 4.56)
2026-09-03 16:21:23,371 - INFO - 📊 EXECUTION AUDIT [SIGNAL_GENERATED]: trade_id=trade_NSE_NIFTY50_INDEX_Geometry_v1.0_Score35_1788424715, candidate_id=cand_NSE_NIFTY50_INDEX_CONFLUENCE_BOUNCE_23911.65_202609031408_Geometry_v1.0_Score35, payload={'symbol': 'NSE:NIFTY50-INDEX', 'candidate_id': 'cand_NSE_NIFTY50_INDEX_CONFLUENCE_BOUNCE_23911.65_202609031408_Geometry_v1.0_Score35', 'experiment_name': 'Geometry_v1.0_Score35', 'strategy_id': 'geometry', 'version': 'v1.0', 'signal': 'BUY PUT', 'strategy': 'CONFLUENCE_BOUNCE', 'price': 23911.65, 'stop_loss': 23920.71, 'take_profit': 23870.3, 'tp1': 23898.06, 'rr_ratio': 4.56, 'timestamp': '2026-09-03T14:08:35.842942+05:30', 'zone_band_low': 23910.65, 'zone_band_high': 23914.45, 'zone_direction': 'RESISTANCE', 'zone_component_count': 2, 'accepted': True, 'rejection_reasons': [], 'stop_loss_distance': 9.06, 'atr': 18.12, 'confidence': 0.733, 'diagnostics': {'zone_score': 66.6, 'zone_explanation': 'PDH + RESISTANCE @ 23912.01 (±1.9pts, score=66)', 'dist_to_zone': 0.0, 'narrative_bias': 'CONTINUATION', 'bias_confidence': 0.833, 'zone_engine_confirmed': False}, 'features': {'regime_primary': 'RANGE', 'regime_vol_state': 'NORMAL', 'market_regime': 'RANGE_NORMAL'}}
2026-09-03 16:21:23,403 - INFO - Resolved active expiry from DB: 26908 (2026-09-08)
2026-09-03 16:21:24,295 - INFO - Retrieved live premium from Fyers API: LTP=112.1 for NSE:NIFTY2690823900PE
2026-09-03 16:21:24,296 - INFO - Resolved index signal into option contract: OptionContract(symbol='NSE:NIFTY2690823900PE', strike=23900.0, expiry='26908', option_type='PE', premium=112.1, delta=0.5, bid=111.8, ask=112.1, volume=193356345, resolved_at=datetime.datetime(2026, 9, 3, 16, 21, 24, 296012))
2026-09-03 16:21:24,296 - INFO - ⚡ Option strike selection resolved index signal to contract NSE:NIFTY2690823900PE @ premium 112.1 (type: PE, strike: 23900.0)
2026-09-03 16:21:24,296 - INFO - 📊 EXECUTION AUDIT [STRIKE_SELECTED]: trade_id=trade_NSE_NIFTY50_INDEX_Geometry_v1.0_Score35_1788424715, candidate_id=cand_NSE_NIFTY50_INDEX_CONFLUENCE_BOUNCE_23911.65_202609031408_Geometry_v1.0_Score35, payload={'symbol': 'NSE:NIFTY2690823900PE', 'strike': 23900.0, 'expiry': '26908', 'type': 'PE'}
2026-09-03 16:21:24,327 - INFO - 📊 EXECUTION AUDIT [PREMIUM_RETRIEVED]: trade_id=trade_NSE_NIFTY50_INDEX_Geometry_v1.0_Score35_1788424715, candidate_id=cand_NSE_NIFTY50_INDEX_CONFLUENCE_BOUNCE_23911.65_202609031408_Geometry_v1.0_Score35, payload={'premium': 112.1, 'bid': 111.8, 'ask': 112.1}
2026-09-03 16:21:24,348 - INFO - 📊 EXECUTION AUDIT [ORDER_SUBMITTED]: trade_id=trade_NSE_NIFTY50_INDEX_Geometry_v1.0_Score35_1788424715, candidate_id=cand_NSE_NIFTY50_INDEX_CONFLUENCE_BOUNCE_23911.65_202609031408_Geometry_v1.0_Score35, payload={'price': 23911.65, 'sl': 23920.71, 'tp': 23870.3}
2026-09-03 16:21:24,365 - INFO - 📊 EXECUTION AUDIT [ORDER_FILLED]: trade_id=trade_NSE_NIFTY50_INDEX_Geometry_v1.0_Score35_1788424715, candidate_id=cand_NSE_NIFTY50_INDEX_CONFLUENCE_BOUNCE_23911.65_202609031408_Geometry_v1.0_Score35, payload={'price': 23911.65, 'sl': 23920.71, 'tp': 23870.3}
2026-09-03 16:21:24,381 - INFO - 💰 Position size [CONFLUENCE_BOUNCE|RANGE_NORMAL|conf=1]: frac=0.003 → ₹5,000 (risk/unit=0.04%)
2026-09-03 16:21:24,410 - INFO - 🟢 ENTRY [Geometry_v1.0_Score35|ore35_1788424715]: NSE:NIFTY50-INDEX BUY PUT @ 23911.65 | SL: 23920.71 TP: 23870.30
2026-09-03 16:21:24,411 - INFO - 👻 [Geometry_v1.0_Score35] CF TRENDLINE_RETEST NSE:NIFTY50-INDEX BUY PUT | Rejected: ['LOW_RR:-0.63']
2026-09-03 16:21:24,411 - INFO - 📊 EXECUTION AUDIT [SIGNAL_GENERATED]: trade_id=None, candidate_id=cand_NSE_NIFTY50_INDEX_TRENDLINE_RETEST_23911.65_202609031408_Geometry_v1.0_Score35, payload={'symbol': 'NSE:NIFTY50-INDEX', 'candidate_id': 'cand_NSE_NIFTY50_INDEX_TRENDLINE_RETEST_23911.65_202609031408_Geometry_v1.0_Score35', 'experiment_name': 'Geometry_v1.0_Score35', 'strategy_id': 'geometry', 'version': 'v1.0', 'signal': 'BUY PUT', 'strategy': 'TRENDLINE_RETEST', 'price': 23911.65, 'stop_loss': 23925.37, 'take_profit': 23920.35, 'tp1': 23891.07, 'rr_ratio': -0.63, 'timestamp': '2026-09-03T14:08:35.842942+05:30', 'zone_band_low': None, 'zone_band_high': None, 'zone_direction': None, 'zone_component_count': 0, 'accepted': False, 'rejection_reasons': ['LOW_RR:-0.63'], 'stop_loss_distance': 13.72, 'atr': 18.12, 'confidence': 0.838, 'diagnostics': {'trendline_id': 'tl_f0c9930cea794244', 'trendline_confidence': 0.841, 'trendline_r2': 0.998, 'trendline_touches': 69, 'trendline_price_at_now': 23862.48, 'dist_pct': 0.00206, 'narrative_bias': 'CONTINUATION', 'bias_confidence': 0.833}, 'features': {'regime_primary': 'RANGE', 'regime_vol_state': 'NORMAL', 'market_regime': 'RANGE_NORMAL'}}
2026-09-03 16:21:24,438 - INFO - Resolved active expiry from DB: 26908 (2026-09-08)
2026-09-03 16:21:25,470 - INFO - Retrieved live premium from Fyers API: LTP=112.1 for NSE:NIFTY2690823900PE
2026-09-03 16:21:25,471 - INFO - Resolved index signal into option contract: OptionContract(symbol='NSE:NIFTY2690823900PE', strike=23900.0, expiry='26908', option_type='PE', premium=112.1, delta=0.5, bid=111.8, ask=112.1, volume=193356345, resolved_at=datetime.datetime(2026, 9, 3, 16, 21, 25, 471434))
2026-09-03 16:21:25,471 - INFO - ⚡ Option strike selection resolved index signal to contract NSE:NIFTY2690823900PE @ premium 112.1 (type: PE, strike: 23900.0)
2026-09-03 16:21:25,471 - INFO - 📊 EXECUTION AUDIT [STRIKE_SELECTED]: trade_id=None, candidate_id=cand_NSE_NIFTY50_INDEX_TRENDLINE_RETEST_23911.65_202609031408_Geometry_v1.0_Score35, payload={'symbol': 'NSE:NIFTY2690823900PE', 'strike': 23900.0, 'expiry': '26908', 'type': 'PE'}
2026-09-03 16:21:25,502 - INFO - 📊 EXECUTION AUDIT [PREMIUM_RETRIEVED]: trade_id=None, candidate_id=cand_NSE_NIFTY50_INDEX_TRENDLINE_RETEST_23911.65_202609031408_Geometry_v1.0_Score35, payload={'premium': 112.1, 'bid': 111.8, 'ask': 112.1}
2026-09-03 16:21:25,522 - INFO - 📊 EXECUTION AUDIT [CF_SUBMITTED]: trade_id=None, candidate_id=cand_NSE_NIFTY50_INDEX_TRENDLINE_RETEST_23911.65_202609031408_Geometry_v1.0_Score35, payload={'price': 23911.65, 'sl': 23925.37, 'tp': 23920.35}
2026-09-03 16:21:25,543 - INFO - 📊 EXECUTION AUDIT [CF_FILLED]: trade_id=None, candidate_id=cand_NSE_NIFTY50_INDEX_TRENDLINE_RETEST_23911.65_202609031408_Geometry_v1.0_Score35, payload={'price': 23911.65, 'sl': 23925.37, 'tp': 23920.35}
2026-09-03 16:21:25,560 - INFO - 💰 Position size [TRENDLINE_RETEST|RANGE_NORMAL|conf=1]: frac=0.003 → ₹5,000 (risk/unit=0.06%)
2026-09-03 16:21:25,594 - INFO - 🟢 ENTRY [CF|Geometry_v1.0_Score35|eometry_v1.0_Score35]: NSE:NIFTY50-INDEX BUY PUT @ 23911.65 | SL: 23925.37 TP: 23920.35
2026-09-03 16:21:25,595 - INFO - 🚀 SIGNAL: NSE:NIFTY50-INDEX BUY PUT | [Geometry_v1.0_Score50]
2026-09-03 16:21:25,595 - INFO -    Entry: 23911.65 | SL: 23920.71 | TP: 23870.3 (RR: 4.56)
2026-09-03 16:21:25,595 - INFO - 📊 EXECUTION AUDIT [SIGNAL_GENERATED]: trade_id=trade_NSE_NIFTY50_INDEX_Geometry_v1.0_Score50_1788424715, candidate_id=cand_NSE_NIFTY50_INDEX_CONFLUENCE_BOUNCE_23911.65_202609031408_Geometry_v1.0_Score50, payload={'symbol': 'NSE:NIFTY50-INDEX', 'candidate_id': 'cand_NSE_NIFTY50_INDEX_CONFLUENCE_BOUNCE_23911.65_202609031408_Geometry_v1.0_Score50', 'experiment_name': 'Geometry_v1.0_Score50', 'strategy_id': 'geometry', 'version': 'v1.0', 'signal': 'BUY PUT', 'strategy': 'CONFLUENCE_BOUNCE', 'price': 23911.65, 'stop_loss': 23920.71, 'take_profit': 23870.3, 'tp1': 23898.06, 'rr_ratio': 4.56, 'timestamp': '2026-09-03T14:08:35.842942+05:30', 'zone_band_low': 23910.65, 'zone_band_high': 23914.45, 'zone_direction': 'RESISTANCE', 'zone_component_count': 2, 'accepted': True, 'rejection_reasons': [], 'stop_loss_distance': 9.06, 'atr': 18.12, 'confidence': 0.733, 'diagnostics': {'zone_score': 66.6, 'zone_explanation': 'PDH + RESISTANCE @ 23912.01 (±1.9pts, score=66)', 'dist_to_zone': 0.0, 'narrative_bias': 'CONTINUATION', 'bias_confidence': 0.833, 'zone_engine_confirmed': False}, 'features': {'regime_primary': 'RANGE', 'regime_vol_state': 'NORMAL', 'market_regime': 'RANGE_NORMAL'}}
2026-09-03 16:21:25,625 - INFO - Resolved active expiry from DB: 26908 (2026-09-08)
2026-09-03 16:29:55,927 - WARNING - No quotes data available for ['NSE:NIFTY2690823900PE'] (code=-1, message=Network connection failure before HTTP response)
2026-09-03 16:29:55,927 - ERROR - ❌ Failed to resolve option contract: Could not resolve a real premium for NSE:NIFTY2690823900PE (DB warehouse miss/stale AND live quote failed)
Traceback (most recent call last):
  File "/Users/kashishbaggafeast/Desktop/Bot/src/trading/indian_trader.py", line 1710, in _enter_position
    option_contract = self.option_engine.resolve(sig, entry_price)
  File "/Users/kashishbaggafeast/Desktop/Bot/src/core/options_execution_engine.py", line 339, in resolve
    premium, bid, ask, volume = resolver.resolve_premium(index_symbol, strike, option_type, expiry, option_symbol)
  File "/Users/kashishbaggafeast/Desktop/Bot/src/core/options_execution_engine.py", line 306, in resolve_premium
    raise ValueError(
ValueError: Could not resolve a real premium for NSE:NIFTY2690823900PE (DB warehouse miss/stale AND live quote failed)
2026-09-03 16:29:55,944 - CRITICAL - 🛑 No valid option contract resolved for NSE:NIFTY50-INDEX; SKIPPING real entry (refusing to trade on a fabricated/unknown premium).
2026-09-03 16:29:55,944 - INFO - 📊 EXECUTION AUDIT [ENTRY_ABORTED]: trade_id=trade_NSE_NIFTY50_INDEX_Geometry_v1.0_Score50_1788424715, candidate_id=cand_NSE_NIFTY50_INDEX_CONFLUENCE_BOUNCE_23911.65_202609031408_Geometry_v1.0_Score50, payload={'reason': 'OPTION_UNRESOLVED'}
2026-09-03 16:29:55,974 - INFO - 👻 [Geometry_v1.0_Score50] CF TRENDLINE_RETEST NSE:NIFTY50-INDEX BUY PUT | Rejected: ['LOW_RR:-0.63']
2026-09-03 16:29:55,975 - INFO - 📊 EXECUTION AUDIT [SIGNAL_GENERATED]: trade_id=None, candidate_id=cand_NSE_NIFTY50_INDEX_TRENDLINE_RETEST_23911.65_202609031408_Geometry_v1.0_Score50, payload={'symbol': 'NSE:NIFTY50-INDEX', 'candidate_id': 'cand_NSE_NIFTY50_INDEX_TRENDLINE_RETEST_23911.65_202609031408_Geometry_v1.0_Score50', 'experiment_name': 'Geometry_v1.0_Score50', 'strategy_id': 'geometry', 'version': 'v1.0', 'signal': 'BUY PUT', 'strategy': 'TRENDLINE_RETEST', 'price': 23911.65, 'stop_loss': 23925.37, 'take_profit': 23920.35, 'tp1': 23891.07, 'rr_ratio': -0.63, 'timestamp': '2026-09-03T14:08:35.842942+05:30', 'zone_band_low': None, 'zone_band_high': None, 'zone_direction': None, 'zone_component_count': 0, 'accepted': False, 'rejection_reasons': ['LOW_RR:-0.63'], 'stop_loss_distance': 13.72, 'atr': 18.12, 'confidence': 0.838, 'diagnostics': {'trendline_id': 'tl_f0c9930cea794244', 'trendline_confidence': 0.841, 'trendline_r2': 0.998, 'trendline_touches': 69, 'trendline_price_at_now': 23862.48, 'dist_pct': 0.00206, 'narrative_bias': 'CONTINUATION', 'bias_confidence': 0.833}, 'features': {'regime_primary': 'RANGE', 'regime_vol_state': 'NORMAL', 'market_regime': 'RANGE_NORMAL'}}
2026-09-03 16:29:56,014 - INFO - Resolved active expiry from DB: 26908 (2026-09-08)
2026-09-03 16:29:56,135 - INFO - Retrieved live premium from Fyers API: LTP=112.1 for NSE:NIFTY2690823900PE
2026-09-03 16:29:56,136 - INFO - Resolved index signal into option contract: OptionContract(symbol='NSE:NIFTY2690823900PE', strike=23900.0, expiry='26908', option_type='PE', premium=112.1, delta=0.5, bid=111.8, ask=112.1, volume=193356345, resolved_at=datetime.datetime(2026, 9, 3, 16, 29, 56, 136503))
2026-09-03 16:29:56,136 - INFO - ⚡ Option strike selection resolved index signal to contract NSE:NIFTY2690823900PE @ premium 112.1 (type: PE, strike: 23900.0)
2026-09-03 16:29:56,136 - INFO - 📊 EXECUTION AUDIT [STRIKE_SELECTED]: trade_id=None, candidate_id=cand_NSE_NIFTY50_INDEX_TRENDLINE_RETEST_23911.65_202609031408_Geometry_v1.0_Score50, payload={'symbol': 'NSE:NIFTY2690823900PE', 'strike': 23900.0, 'expiry': '26908', 'type': 'PE'}
2026-09-03 16:29:56,158 - INFO - 📊 EXECUTION AUDIT [PREMIUM_RETRIEVED]: trade_id=None, candidate_id=cand_NSE_NIFTY50_INDEX_TRENDLINE_RETEST_23911.65_202609031408_Geometry_v1.0_Score50, payload={'premium': 112.1, 'bid': 111.8, 'ask': 112.1}
2026-09-03 16:29:56,175 - INFO - 📊 EXECUTION AUDIT [CF_SUBMITTED]: trade_id=None, candidate_id=cand_NSE_NIFTY50_INDEX_TRENDLINE_RETEST_23911.65_202609031408_Geometry_v1.0_Score50, payload={'price': 23911.65, 'sl': 23925.37, 'tp': 23920.35}
2026-09-03 16:29:56,190 - INFO - 📊 EXECUTION AUDIT [CF_FILLED]: trade_id=None, candidate_id=cand_NSE_NIFTY50_INDEX_TRENDLINE_RETEST_23911.65_202609031408_Geometry_v1.0_Score50, payload={'price': 23911.65, 'sl': 23925.37, 'tp': 23920.35}
2026-09-03 16:29:56,205 - INFO - 💰 Position size [TRENDLINE_RETEST|RANGE_NORMAL|conf=1]: frac=0.003 → ₹5,000 (risk/unit=0.06%)
2026-09-03 16:29:56,238 - INFO - 🟢 ENTRY [CF|Geometry_v1.0_Score50|eometry_v1.0_Score50]: NSE:NIFTY50-INDEX BUY PUT @ 23911.65 | SL: 23925.37 TP: 23920.35
2026-09-03 16:29:56,238 - INFO - 👻 [VerticalSpread_v1.0] CF COMBO BEAR_PUT_SPREAD NSE:NIFTY50-INDEX BEAR_PUT_SPREAD | Rejected: ['LOW_EFFICIENCY']
2026-09-03 16:29:56,254 - INFO - Resolved active expiry from DB: 26908 (2026-09-08)
2026-09-03 16:29:57,193 - INFO - Retrieved live premium from Fyers API: LTP=112.1 for NSE:NIFTY2690823900PE
2026-09-03 16:29:58,197 - INFO - Retrieved live premium from Fyers API: LTP=69.65 for NSE:NIFTY2690823800PE
2026-09-03 16:29:58,198 - INFO - Resolved BEAR_PUT_SPREAD for NSE:NIFTY50-INDEX: [('PE', 'BUY', 23900.0), ('PE', 'SELL', 23800.0)] net_premium=42.85 max_loss=42.85
2026-09-03 16:29:58,254 - INFO - 🟢 CF COMBO ENTRY [VerticalSpread_v1.0|_VerticalSpread_v1.0]: NSE:NIFTY50-INDEX BEAR_PUT_SPREAD | Net premium: 42.85 | Max loss: 42.85
2026-09-03 16:29:58,255 - INFO - 🚀 COMBO SIGNAL: NSE:NIFTY50-INDEX BEAR_CALL_SPREAD | [CreditSpread_v1.0_PCRFade]
2026-09-03 16:29:58,274 - INFO - Resolved active expiry from DB: 26908 (2026-09-08)
2026-09-03 16:29:59,146 - INFO - Retrieved live premium from Fyers API: LTP=80.0 for NSE:NIFTY2690823950CE
2026-09-03 16:30:00,203 - INFO - Retrieved live premium from Fyers API: LTP=46.4 for NSE:NIFTY2690824050CE
2026-09-03 16:30:00,203 - INFO - Resolved BEAR_CALL_SPREAD for NSE:NIFTY50-INDEX: [('CE', 'SELL', 23950.0), ('CE', 'BUY', 24050.0)] net_premium=-33.55 max_loss=66.45
2026-09-03 16:30:00,203 - INFO - 💰 Combo lots [BEAR_CALL_SPREAD|RANGE_NORMAL|conf=1|short_vol_group]: budget=₹262 / max_loss=66.45 → 3 lots
2026-09-03 16:30:00,253 - INFO - 🟢 COMBO ENTRY [CreditSpread_v1.0_PCRFade|tSpread_v1.0_PCRFade]: NSE:NIFTY50-INDEX BEAR_CALL_SPREAD | Net premium: -33.55 | Max loss: 66.45
2026-09-03 16:30:00,254 - INFO - 👻 [PCRExtremeReversal_v1.0] CF PCR_EXTREME_REVERSAL NSE:NIFTY50-INDEX BUY PUT | Rejected: ['NARRATIVE_BIAS_BULLISH']
2026-09-03 16:30:00,254 - INFO - 📊 EXECUTION AUDIT [SIGNAL_GENERATED]: trade_id=None, candidate_id=cand_NSE_NIFTY50_INDEX_PCR_EXTREME_REVERSAL_23911.65_20260903_140835_PCRExtremeReversal_v1.0, payload={'symbol': 'NSE:NIFTY50-INDEX', 'candidate_id': 'cand_NSE_NIFTY50_INDEX_PCR_EXTREME_REVERSAL_23911.65_20260903_140835_PCRExtremeReversal_v1.0', 'signal': 'BUY PUT', 'price': 23911.65, 'stop_loss': 23920.710000000003, 'take_profit': 23857.29, 'tp1': 23898.06, 'rr_ratio': 6.0, 'strategy': 'PCR_EXTREME_REVERSAL', 'confidence': 0.666, 'accepted': False, 'rejection_reasons': ['NARRATIVE_BIAS_BULLISH'], 'timestamp': datetime.datetime(2026, 9, 3, 14, 8, 35, 842942, tzinfo=zoneinfo.ZoneInfo(key='Asia/Kolkata')), 'diagnostics': {'pcr': 0.37, 'pcr_bias': 'BEARISH', 'zone_score': 66.6, 'zone_explanation': 'PDH + RESISTANCE @ 23912.01 (±1.9pts, score=66)', 'oi_change_bias': 'CALL_BUILDUP', 'total_call_oi_change': 47027105, 'total_put_oi_change': 16539915}, 'experiment_name': 'PCRExtremeReversal_v1.0', 'strategy_id': 'pcr_extreme_reversal', 'version': 'v1.0', 'features': {'regime_primary': 'RANGE', 'regime_vol_state': 'NORMAL', 'market_regime': 'RANGE_NORMAL'}}
2026-09-03 16:30:00,288 - INFO - Resolved active expiry from DB: 26908 (2026-09-08)
2026-09-03 16:30:01,190 - INFO - Retrieved live premium from Fyers API: LTP=112.1 for NSE:NIFTY2690823900PE
2026-09-03 16:30:01,190 - INFO - Resolved index signal into option contract: OptionContract(symbol='NSE:NIFTY2690823900PE', strike=23900.0, expiry='26908', option_type='PE', premium=112.1, delta=0.5, bid=111.8, ask=112.1, volume=193356345, resolved_at=datetime.datetime(2026, 9, 3, 16, 30, 1, 190504))
2026-09-03 16:30:01,190 - INFO - ⚡ Option strike selection resolved index signal to contract NSE:NIFTY2690823900PE @ premium 112.1 (type: PE, strike: 23900.0)
2026-09-03 16:30:01,190 - INFO - 📊 EXECUTION AUDIT [STRIKE_SELECTED]: trade_id=None, candidate_id=cand_NSE_NIFTY50_INDEX_PCR_EXTREME_REVERSAL_23911.65_20260903_140835_PCRExtremeReversal_v1.0, payload={'symbol': 'NSE:NIFTY2690823900PE', 'strike': 23900.0, 'expiry': '26908', 'type': 'PE'}
2026-09-03 16:30:01,224 - INFO - 📊 EXECUTION AUDIT [PREMIUM_RETRIEVED]: trade_id=None, candidate_id=cand_NSE_NIFTY50_INDEX_PCR_EXTREME_REVERSAL_23911.65_20260903_140835_PCRExtremeReversal_v1.0, payload={'premium': 112.1, 'bid': 111.8, 'ask': 112.1}
2026-09-03 16:30:01,244 - INFO - 📊 EXECUTION AUDIT [CF_SUBMITTED]: trade_id=None, candidate_id=cand_NSE_NIFTY50_INDEX_PCR_EXTREME_REVERSAL_23911.65_20260903_140835_PCRExtremeReversal_v1.0, payload={'price': 23911.65, 'sl': 23920.710000000003, 'tp': 23857.29}
2026-09-03 16:30:01,264 - INFO - 📊 EXECUTION AUDIT [CF_FILLED]: trade_id=None, candidate_id=cand_NSE_NIFTY50_INDEX_PCR_EXTREME_REVERSAL_23911.65_20260903_140835_PCRExtremeReversal_v1.0, payload={'price': 23911.65, 'sl': 23920.710000000003, 'tp': 23857.29}
2026-09-03 16:30:01,282 - INFO - 💰 Position size [PCR_EXTREME_REVERSAL|RANGE_NORMAL|conf=1]: frac=0.003 → ₹5,000 (risk/unit=0.04%)
2026-09-03 16:30:01,317 - INFO - 🟢 ENTRY [CF|PCRExtremeReversal_v1.0|ExtremeReversal_v1.0]: NSE:NIFTY50-INDEX BUY PUT @ 23911.65 | SL: 23920.71 TP: 23857.29
2026-09-03 16:30:01,317 - WARNING - ⚡ [OI_Scalping_v1.0] errors: ['INSUFFICIENT_OI_DATA']
2026-09-03 16:30:03,482 - WARNING - ⚡ [OI_Scalping_v1.0] errors: ['INSUFFICIENT_OI_DATA'] (0.0ms)
2026-09-03 16:30:03,496 - INFO - Resolved active expiry from DB: 26SEP (2026-09-29)
2026-09-03 16:30:03,497 - INFO - 👻 [Geometry_v1.0_Score35] CF CONFLUENCE_BOUNCE NSE:NIFTYBANK-INDEX BUY PUT | Rejected: ['LOW_RR:0.05']
2026-09-03 16:30:03,497 - INFO - 📊 EXECUTION AUDIT [SIGNAL_GENERATED]: trade_id=None, candidate_id=cand_NSE_NIFTYBANK_INDEX_CONFLUENCE_BOUNCE_57551.25_202609031408_Geometry_v1.0_Score35, payload={'symbol': 'NSE:NIFTYBANK-INDEX', 'candidate_id': 'cand_NSE_NIFTYBANK_INDEX_CONFLUENCE_BOUNCE_57551.25_202609031408_Geometry_v1.0_Score35', 'experiment_name': 'Geometry_v1.0_Score35', 'strategy_id': 'geometry', 'version': 'v1.0', 'signal': 'BUY PUT', 'strategy': 'CONFLUENCE_BOUNCE', 'price': 57551.25, 'stop_loss': 57576.38, 'take_profit': 57550.0, 'tp1': 57513.56, 'rr_ratio': 0.05, 'timestamp': '2026-09-03T14:08:35.842942+05:30', 'zone_band_low': 57546.4, 'zone_band_high': 57554.36, 'zone_direction': 'RESISTANCE', 'zone_component_count': 1, 'accepted': False, 'rejection_reasons': ['LOW_RR:0.05'], 'stop_loss_distance': 25.12, 'atr': 50.25, 'confidence': 0.541, 'diagnostics': {'zone_score': 51.8, 'zone_explanation': 'RESISTANCE EMA20 @ 57549.58 (±4.0pts, score=51)', 'dist_to_zone': 0.0, 'narrative_bias': 'CONTINUATION', 'bias_confidence': 0.575, 'zone_engine_confirmed': False}, 'features': {'regime_primary': 'GAP_UP', 'regime_vol_state': 'NORMAL', 'market_regime': 'GAP_UP_NORMAL'}}
2026-09-03 16:30:03,518 - INFO - Resolved active expiry from DB: 26SEP (2026-09-29)
2026-09-03 16:30:03,617 - INFO - Retrieved live premium from Fyers API: LTP=668.6 for NSE:BANKNIFTY26SEP57600PE
2026-09-03 16:30:03,618 - INFO - Resolved index signal into option contract: OptionContract(symbol='NSE:BANKNIFTY26SEP57600PE', strike=57600.0, expiry='26SEP', option_type='PE', premium=668.6, delta=0.5, bid=660.1, ask=667.9, volume=1961220, resolved_at=datetime.datetime(2026, 9, 3, 16, 30, 3, 618180))
2026-09-03 16:30:03,618 - INFO - ⚡ Option strike selection resolved index signal to contract NSE:BANKNIFTY26SEP57600PE @ premium 668.6 (type: PE, strike: 57600.0)
2026-09-03 16:30:03,618 - INFO - 📊 EXECUTION AUDIT [STRIKE_SELECTED]: trade_id=None, candidate_id=cand_NSE_NIFTYBANK_INDEX_CONFLUENCE_BOUNCE_57551.25_202609031408_Geometry_v1.0_Score35, payload={'symbol': 'NSE:BANKNIFTY26SEP57600PE', 'strike': 57600.0, 'expiry': '26SEP', 'type': 'PE'}
2026-09-03 16:30:03,634 - INFO - 📊 EXECUTION AUDIT [PREMIUM_RETRIEVED]: trade_id=None, candidate_id=cand_NSE_NIFTYBANK_INDEX_CONFLUENCE_BOUNCE_57551.25_202609031408_Geometry_v1.0_Score35, payload={'premium': 668.6, 'bid': 660.1, 'ask': 667.9}
2026-09-03 16:30:03,649 - INFO - 📊 EXECUTION AUDIT [CF_SUBMITTED]: trade_id=None, candidate_id=cand_NSE_NIFTYBANK_INDEX_CONFLUENCE_BOUNCE_57551.25_202609031408_Geometry_v1.0_Score35, payload={'price': 57551.25, 'sl': 57576.38, 'tp': 57550.0}
2026-09-03 16:30:03,663 - INFO - 📊 EXECUTION AUDIT [CF_FILLED]: trade_id=None, candidate_id=cand_NSE_NIFTYBANK_INDEX_CONFLUENCE_BOUNCE_57551.25_202609031408_Geometry_v1.0_Score35, payload={'price': 57551.25, 'sl': 57576.38, 'tp': 57550.0}
2026-09-03 16:30:03,678 - INFO - 💰 Position size [CONFLUENCE_BOUNCE|GAP_UP_NORMAL|conf=1]: frac=0.002 → ₹5,000 (risk/unit=0.04%)
2026-09-03 16:30:03,709 - INFO - 🟢 ENTRY [CF|Geometry_v1.0_Score35|eometry_v1.0_Score35]: NSE:NIFTYBANK-INDEX BUY PUT @ 57551.25 | SL: 57576.38 TP: 57550.00
2026-09-03 16:30:03,710 - INFO - 👻 [Geometry_v1.0_Score50] CF CONFLUENCE_BOUNCE NSE:NIFTYBANK-INDEX BUY PUT | Rejected: ['LOW_RR:0.05']
2026-09-03 16:30:03,710 - INFO - 📊 EXECUTION AUDIT [SIGNAL_GENERATED]: trade_id=None, candidate_id=cand_NSE_NIFTYBANK_INDEX_CONFLUENCE_BOUNCE_57551.25_202609031408_Geometry_v1.0_Score50, payload={'symbol': 'NSE:NIFTYBANK-INDEX', 'candidate_id': 'cand_NSE_NIFTYBANK_INDEX_CONFLUENCE_BOUNCE_57551.25_202609031408_Geometry_v1.0_Score50', 'experiment_name': 'Geometry_v1.0_Score50', 'strategy_id': 'geometry', 'version': 'v1.0', 'signal': 'BUY PUT', 'strategy': 'CONFLUENCE_BOUNCE', 'price': 57551.25, 'stop_loss': 57576.38, 'take_profit': 57550.0, 'tp1': 57513.56, 'rr_ratio': 0.05, 'timestamp': '2026-09-03T14:08:35.842942+05:30', 'zone_band_low': 57546.4, 'zone_band_high': 57554.36, 'zone_direction': 'RESISTANCE', 'zone_component_count': 1, 'accepted': False, 'rejection_reasons': ['LOW_RR:0.05'], 'stop_loss_distance': 25.12, 'atr': 50.25, 'confidence': 0.541, 'diagnostics': {'zone_score': 51.8, 'zone_explanation': 'RESISTANCE EMA20 @ 57549.58 (±4.0pts, score=51)', 'dist_to_zone': 0.0, 'narrative_bias': 'CONTINUATION', 'bias_confidence': 0.575, 'zone_engine_confirmed': False}, 'features': {'regime_primary': 'GAP_UP', 'regime_vol_state': 'NORMAL', 'market_regime': 'GAP_UP_NORMAL'}}
2026-09-03 16:30:03,738 - INFO - Resolved active expiry from DB: 26SEP (2026-09-29)
2026-09-03 16:30:04,661 - INFO - Retrieved live premium from Fyers API: LTP=668.6 for NSE:BANKNIFTY26SEP57600PE
2026-09-03 16:30:04,662 - INFO - Resolved index signal into option contract: OptionContract(symbol='NSE:BANKNIFTY26SEP57600PE', strike=57600.0, expiry='26SEP', option_type='PE', premium=668.6, delta=0.5, bid=660.1, ask=667.9, volume=1961220, resolved_at=datetime.datetime(2026, 9, 3, 16, 30, 4, 662413))
2026-09-03 16:30:04,662 - INFO - ⚡ Option strike selection resolved index signal to contract NSE:BANKNIFTY26SEP57600PE @ premium 668.6 (type: PE, strike: 57600.0)
2026-09-03 16:30:04,663 - INFO - 📊 EXECUTION AUDIT [STRIKE_SELECTED]: trade_id=None, candidate_id=cand_NSE_NIFTYBANK_INDEX_CONFLUENCE_BOUNCE_57551.25_202609031408_Geometry_v1.0_Score50, payload={'symbol': 'NSE:BANKNIFTY26SEP57600PE', 'strike': 57600.0, 'expiry': '26SEP', 'type': 'PE'}
2026-09-03 16:30:04,696 - INFO - 📊 EXECUTION AUDIT [PREMIUM_RETRIEVED]: trade_id=None, candidate_id=cand_NSE_NIFTYBANK_INDEX_CONFLUENCE_BOUNCE_57551.25_202609031408_Geometry_v1.0_Score50, payload={'premium': 668.6, 'bid': 660.1, 'ask': 667.9}
2026-09-03 16:30:04,719 - INFO - 📊 EXECUTION AUDIT [CF_SUBMITTED]: trade_id=None, candidate_id=cand_NSE_NIFTYBANK_INDEX_CONFLUENCE_BOUNCE_57551.25_202609031408_Geometry_v1.0_Score50, payload={'price': 57551.25, 'sl': 57576.38, 'tp': 57550.0}
2026-09-03 16:30:04,737 - INFO - 📊 EXECUTION AUDIT [CF_FILLED]: trade_id=None, candidate_id=cand_NSE_NIFTYBANK_INDEX_CONFLUENCE_BOUNCE_57551.25_202609031408_Geometry_v1.0_Score50, payload={'price': 57551.25, 'sl': 57576.38, 'tp': 57550.0}
2026-09-03 16:30:04,753 - INFO - 💰 Position size [CONFLUENCE_BOUNCE|GAP_UP_NORMAL|conf=1]: frac=0.002 → ₹5,000 (risk/unit=0.04%)
2026-09-03 16:30:04,785 - INFO - 🟢 ENTRY [CF|Geometry_v1.0_Score50|eometry_v1.0_Score50]: NSE:NIFTYBANK-INDEX BUY PUT @ 57551.25 | SL: 57576.38 TP: 57550.00
2026-09-03 16:30:04,785 - INFO - 🚀 SIGNAL: NSE:NIFTYBANK-INDEX BUY CALL | [OIWallReaction_v1.0]
2026-09-03 16:30:04,785 - INFO -    Entry: 57551.25 | SL: 57492.4625 | TP: 57702.0 (RR: 2.56)
2026-09-03 16:30:04,785 - INFO - 📊 EXECUTION AUDIT [SIGNAL_GENERATED]: trade_id=trade_NSE_NIFTYBANK_INDEX_OIWallReaction_v1.0_1788424715, candidate_id=cand_NSE_NIFTYBANK_INDEX_OI_WALL_BREAK_57551.25_20260903_140835_OIWallReaction_v1.0, payload={'symbol': 'NSE:NIFTYBANK-INDEX', 'candidate_id': 'cand_NSE_NIFTYBANK_INDEX_OI_WALL_BREAK_57551.25_20260903_140835_OIWallReaction_v1.0', 'signal': 'BUY CALL', 'price': 57551.25, 'stop_loss': 57492.4625, 'take_profit': 57702.0, 'tp1': 57639.431249999994, 'rr_ratio': 2.56, 'strategy': 'OI_WALL_BREAK', 'confidence': 1.0, 'accepted': True, 'rejection_reasons': [], 'timestamp': datetime.datetime(2026, 9, 3, 14, 8, 35, 842942, tzinfo=zoneinfo.ZoneInfo(key='Asia/Kolkata')), 'diagnostics': {'wall_strike': 57500.0, 'wall_oi': 1935330, 'wall_oi_change': -18870, 'wall_type': 'call', 'rvol': 1.84}, 'experiment_name': 'OIWallReaction_v1.0', 'strategy_id': 'oi_wall_reaction', 'version': 'v1.0', 'features': {'regime_primary': 'GAP_UP', 'regime_vol_state': 'NORMAL', 'market_regime': 'GAP_UP_NORMAL'}}
2026-09-03 16:30:04,815 - INFO - Resolved active expiry from DB: 26SEP (2026-09-29)
2026-09-03 16:30:05,669 - INFO - Retrieved live premium from Fyers API: LTP=717.0 for NSE:BANKNIFTY26SEP57600CE
2026-09-03 16:30:05,669 - INFO - Resolved index signal into option contract: OptionContract(symbol='NSE:BANKNIFTY26SEP57600CE', strike=57600.0, expiry='26SEP', option_type='CE', premium=717.0, delta=0.5, bid=717.0, ask=722.0, volume=1519890, resolved_at=datetime.datetime(2026, 9, 3, 16, 30, 5, 669768))
2026-09-03 16:30:05,670 - INFO - ⚡ Option strike selection resolved index signal to contract NSE:BANKNIFTY26SEP57600CE @ premium 717.0 (type: CE, strike: 57600.0)
2026-09-03 16:30:05,670 - INFO - 📊 EXECUTION AUDIT [STRIKE_SELECTED]: trade_id=trade_NSE_NIFTYBANK_INDEX_OIWallReaction_v1.0_1788424715, candidate_id=cand_NSE_NIFTYBANK_INDEX_OI_WALL_BREAK_57551.25_20260903_140835_OIWallReaction_v1.0, payload={'symbol': 'NSE:BANKNIFTY26SEP57600CE', 'strike': 57600.0, 'expiry': '26SEP', 'type': 'CE'}
2026-09-03 16:30:05,703 - INFO - 📊 EXECUTION AUDIT [PREMIUM_RETRIEVED]: trade_id=trade_NSE_NIFTYBANK_INDEX_OIWallReaction_v1.0_1788424715, candidate_id=cand_NSE_NIFTYBANK_INDEX_OI_WALL_BREAK_57551.25_20260903_140835_OIWallReaction_v1.0, payload={'premium': 717.0, 'bid': 717.0, 'ask': 722.0}
2026-09-03 16:30:05,726 - INFO - 📊 EXECUTION AUDIT [ORDER_SUBMITTED]: trade_id=trade_NSE_NIFTYBANK_INDEX_OIWallReaction_v1.0_1788424715, candidate_id=cand_NSE_NIFTYBANK_INDEX_OI_WALL_BREAK_57551.25_20260903_140835_OIWallReaction_v1.0, payload={'price': 57551.25, 'sl': 57492.4625, 'tp': 57702.0}
2026-09-03 16:30:05,745 - INFO - 📊 EXECUTION AUDIT [ORDER_FILLED]: trade_id=trade_NSE_NIFTYBANK_INDEX_OIWallReaction_v1.0_1788424715, candidate_id=cand_NSE_NIFTYBANK_INDEX_OI_WALL_BREAK_57551.25_20260903_140835_OIWallReaction_v1.0, payload={'price': 57551.25, 'sl': 57492.4625, 'tp': 57702.0}
2026-09-03 16:30:05,760 - INFO - 💰 Position size [OI_WALL_BREAK|GAP_UP_NORMAL|conf=1]: frac=0.002 → ₹5,000 (risk/unit=0.10%)
2026-09-03 16:30:05,789 - INFO - 🟢 ENTRY [OIWallReaction_v1.0|_v1.0_1788424715]: NSE:NIFTYBANK-INDEX BUY CALL @ 57551.25 | SL: 57492.46 TP: 57702.00
2026-09-03 16:30:05,789 - INFO - 👻 [IronCondor_v1.0] CF COMBO IRON_CONDOR NSE:NIFTYBANK-INDEX IRON_CONDOR | Rejected: ['HIGH_RVOL', 'LATE_SESSION']
2026-09-03 16:30:05,803 - INFO - Resolved active expiry from DB: 26SEP (2026-09-29)
2026-09-03 16:30:06,649 - INFO - Retrieved live premium from Fyers API: LTP=613.0 for NSE:BANKNIFTY26SEP57500PE
2026-09-03 16:30:07,683 - INFO - Retrieved live premium from Fyers API: LTP=532.2 for NSE:BANKNIFTY26SEP57300PE
2026-09-03 16:30:08,705 - INFO - Retrieved live premium from Fyers API: LTP=669.45 for NSE:BANKNIFTY26SEP57700CE
2026-09-03 16:30:09,679 - INFO - Retrieved live premium from Fyers API: LTP=572.05 for NSE:BANKNIFTY26SEP57900CE
2026-09-03 16:30:09,679 - INFO - Resolved IRON_CONDOR for NSE:NIFTYBANK-INDEX: [('PE', 'SELL', 57500.0), ('PE', 'BUY', 57300.0), ('CE', 'SELL', 57700.0), ('CE', 'BUY', 57900.0)] net_premium=-169.40 max_loss=30.60
2026-09-03 16:30:09,736 - INFO - 🟢 CF COMBO ENTRY [IronCondor_v1.0|0835_IronCondor_v1.0]: NSE:NIFTYBANK-INDEX IRON_CONDOR | Net premium: -169.40 | Max loss: 30.60
2026-09-03 16:30:09,736 - INFO - 👻 [Butterfly_v1.0] CF COMBO BUTTERFLY_SPREAD NSE:NIFTYBANK-INDEX BUTTERFLY_SPREAD | Rejected: ['HIGH_RVOL', 'LATE_SESSION', 'COOLDOWN_AFTER_LOSS']
2026-09-03 16:30:09,760 - INFO - Resolved active expiry from DB: 26SEP (2026-09-29)
2026-09-03 16:30:10,670 - INFO - Retrieved live premium from Fyers API: LTP=828.7 for NSE:BANKNIFTY26SEP57400CE
2026-09-03 16:40:17,862 - INFO - Retrieved live premium from Fyers API: LTP=717.0 for NSE:BANKNIFTY26SEP57600CE
2026-09-03 16:40:18,040 - INFO - Retrieved live premium from Fyers API: LTP=717.0 for NSE:BANKNIFTY26SEP57600CE
2026-09-03 16:40:19,016 - INFO - Retrieved live premium from Fyers API: LTP=617.25 for NSE:BANKNIFTY26SEP57800CE
2026-09-03 16:40:19,017 - INFO - Resolved BUTTERFLY_SPREAD for NSE:NIFTYBANK-INDEX: [('CE', 'BUY', 57400.0), ('CE', 'SELL', 57600.0), ('CE', 'SELL', 57600.0), ('CE', 'BUY', 57800.0)] net_premium=26.50 max_loss=26.50
2026-09-03 16:40:19,072 - INFO - 🟢 CF COMBO ENTRY [Butterfly_v1.0|40835_Butterfly_v1.0]: NSE:NIFTYBANK-INDEX BUTTERFLY_SPREAD | Net premium: 26.50 | Max loss: 26.50
2026-09-03 16:40:19,072 - WARNING - ⚡ [OI_Scalping_v1.0] errors: ['INSUFFICIENT_OI_DATA']
2026-09-03 16:40:19,072 - INFO - 👻 [ExpiryAwareTheta_v1.0] CF COMBO IRON_CONDOR NSE:NIFTYBANK-INDEX IRON_CONDOR | Rejected: ['HIGH_RVOL', 'LATE_SESSION']
2026-09-03 16:40:19,094 - INFO - Resolved active expiry from DB: 26SEP (2026-09-29)
2026-09-03 16:40:20,043 - INFO - Retrieved live premium from Fyers API: LTP=613.0 for NSE:BANKNIFTY26SEP57500PE
2026-09-03 16:40:21,031 - INFO - Retrieved live premium from Fyers API: LTP=532.2 for NSE:BANKNIFTY26SEP57300PE
2026-09-03 16:40:22,010 - INFO - Retrieved live premium from Fyers API: LTP=669.45 for NSE:BANKNIFTY26SEP57700CE
2026-09-03 16:40:23,042 - INFO - Retrieved live premium from Fyers API: LTP=572.05 for NSE:BANKNIFTY26SEP57900CE
2026-09-03 16:40:23,042 - INFO - Resolved IRON_CONDOR for NSE:NIFTYBANK-INDEX: [('PE', 'SELL', 57500.0), ('PE', 'BUY', 57300.0), ('CE', 'SELL', 57700.0), ('CE', 'BUY', 57900.0)] net_premium=-169.40 max_loss=30.60
2026-09-03 16:40:23,100 - INFO - 🟢 CF COMBO ENTRY [ExpiryAwareTheta_v1.0|xpiryAwareTheta_v1.0]: NSE:NIFTYBANK-INDEX IRON_CONDOR | Net premium: -169.40 | Max loss: 30.60
2026-09-03 16:40:35,115 - INFO - 🔔 [New Candle Closed] Running entry pipeline for candle 16:40 at 16:40:35...
2026-09-03 17:01:16,052 - INFO - 🔔 [New Candle Closed] Running entry pipeline for candle 17:00 at 17:01:16...
2026-09-03 17:22:12,792 - INFO - 🔔 [New Candle Closed] Running entry pipeline for candle 17:20 at 17:22:12...
2026-09-03 17:30:59,823 - INFO - 🔔 [New Candle Closed] Running entry pipeline for candle 17:30 at 17:30:59...
2026-09-03 17:51:44,202 - INFO - 🔔 [New Candle Closed] Running entry pipeline for candle 17:50 at 17:51:44...
2026-09-03 18:12:44,456 - INFO - 🔔 [New Candle Closed] Running entry pipeline for candle 18:10 at 18:12:44...
2026-09-03 18:23:06,141 - INFO - 🔔 [New Candle Closed] Running entry pipeline for candle 18:20 at 18:23:06...
2026-09-03 18:32:06,448 - INFO - 🔔 [New Candle Closed] Running entry pipeline for candle 18:30 at 18:32:06...
2026-09-03 18:42:36,784 - INFO - 🔔 [New Candle Closed] Running entry pipeline for candle 18:40 at 18:42:36...
2026-09-03 19:03:14,494 - INFO - 🔔 [New Candle Closed] Running entry pipeline for candle 19:00 at 19:03:14...
2026-09-03 19:12:16,328 - INFO - 🔔 [New Candle Closed] Running entry pipeline for candle 19:10 at 19:12:16...
2026-09-03 19:22:35,031 - INFO - 🔔 [New Candle Closed] Running entry pipeline for candle 19:20 at 19:22:35...
2026-09-03 19:33:06,296 - INFO - 🔔 [New Candle Closed] Running entry pipeline for candle 19:30 at 19:33:06...
2026-09-03 19:43:38,140 - INFO - 🔔 [New Candle Closed] Running entry pipeline for candle 19:40 at 19:43:38...
2026-09-03 20:04:10,353 - INFO - 🔔 [New Candle Closed] Running entry pipeline for candle 20:00 at 20:04:10...
2026-09-03 20:14:40,696 - INFO - 🔔 [New Candle Closed] Running entry pipeline for candle 20:10 at 20:14:40...
